dataset,item_id,smiles,page,bbox,confidence,tool,seconds
uspto,US07314511-20080101-C00002,c1ccc2c(c1)C1=NC/2=N\C2=NC(=N\C3=NC(=N\C4=NC(=N\1)/c1ccccc14)/c1ccccc13)/c1ccccc12,,,,"MolVec 0.9.8 (git b412dd0, Maven Central)",1.030080609023571
uspto,US07314511-20080101-C00004,N#Cc1ccccc1C#N,,,,"MolVec 0.9.8 (git b412dd0, Maven Central)",0.2423881534487009
uspto,US07314511-20080101-C00006,C=Cc1ccc(CC)c(C#N)c1C#N,,,,"MolVec 0.9.8 (git b412dd0, Maven Central)",0.08888626471161842
uspto,US07314511-20080101-C00007,Cc1ccc(Sc2ccc(Sc3ccc(C)cc3)c(C#N)c2C#N)cc1,,,,"MolVec 0.9.8 (git b412dd0, Maven Central)",0.1536886841058731
uspto,US07314511-20080101-C00008,CC(C)c1ccc(Sc2ccc(Sc3ccc(C(C)C)cc3)c(C#N)c2C#N)cc1,,,,"MolVec 0.9.8 (git b412dd0, Maven Central)",0.1609807200729847
uspto,US07314511-20080101-C00009,N#Cc1c(Sc2ccc3ccccc3c2)ccc(Sc2ccc3ccccc3c2)c1C#N,,,,"MolVec 0.9.8 (git b412dd0, Maven Central)",0.16869063302874565
uspto,US07314511-20080101-C00010,N#Cc1c(Sc2ccccc2)ccc(Sc2ccccc2)c1C#N,,,,"MolVec 0.9.8 (git b412dd0, Maven Central)",0.10738310031592846
uspto,US07314511-20080101-C00011,Cc1ccccc1Sc1ccc(Sc2ccccc2C)c(C#N)c1C#N,,,,"MolVec 0.9.8 (git b412dd0, Maven Central)",0.10938568599522114
uspto,US07314511-20080101-C00012,N#Cc1c(Sc2ccccc2Cl)ccc(Sc2ccccc2Cl)c1C#N,,,,"MolVec 0.9.8 (git b412dd0, Maven Central)",0.1466749645769596
uspto,US07314543-20080101-C00003,CC(=O)C=Cc1ccccc1,,,,"MolVec 0.9.8 (git b412dd0, Maven Central)",0.06610606797039509
uspto,US07314576-20080101-C00010,CCCCCCCCC/C=C1/CC(C)OC1=O,,,,"MolVec 0.9.8 (git b412dd0, Maven Central)",0.10357754305005074
uspto,US07314576-20080101-C00011,C[C@H](C/C=C1/C[C@@H](C)OC1=O)CC(C)(C)C,,,,"MolVec 0.9.8 (git b412dd0, Maven Central)",0.1132519394159317
uspto,US07314576-20080101-C00012,CC1C/C(=C/C2CCCCC2)C(=O)O1,,,,"MolVec 0.9.8 (git b412dd0, Maven Central)",0.04715195298194885
uspto,US07314576-20080101-C00013,CCCCC1CCC(=O)O1,,,,"MolVec 0.9.8 (git b412dd0, Maven Central)",0.03389587998390198
uspto,US07314576-20080101-C00014,CCCCCC1CCC(=O)O1,,,,"MolVec 0.9.8 (git b412dd0, Maven Central)",0.032986583188176155
uspto,US07314576-20080101-C00015,CCCCCCC1CCC(=O)O1,,,,"MolVec 0.9.8 (git b412dd0, Maven Central)",0.03765368275344372
uspto,US07314576-20080101-C00016,CCCCCCCC1CCC(=O)O1,,,,"MolVec 0.9.8 (git b412dd0, Maven Central)",0.04916951060295105
uspto,US07314576-20080101-C00017,CCCCCCCCC1CCC(=O)O1,,,,"MolVec 0.9.8 (git b412dd0, Maven Central)",0.040618082508444786
uspto,US07314576-20080101-C00019,CCCCCCCC1CCOC1=O,,,,"MolVec 0.9.8 (git b412dd0, Maven Central)",0.046517325565218925
uspto,US07314576-20080101-C00021,CCC[C@@H]1C[C@H](C)OC1=O,,,,"MolVec 0.9.8 (git b412dd0, Maven Central)",0.03460150398313999
uspto,US07314576-20080101-C00022,CCCC[C@@H]1C[C@H](C)OC1=O,,,,"MolVec 0.9.8 (git b412dd0, Maven Central)",0.039488378912210464
uspto,US07314576-20080101-C00023,CCCCC[C@@H]1C[C@H](C)OC1=O,,,,"MolVec 0.9.8 (git b412dd0, Maven Central)",0.0435178205370903
uspto,US07314576-20080101-C00024,CCCCCC[C@@H]1C[C@H](C)OC1=O,,,,"MolVec 0.9.8 (git b412dd0, Maven Central)",0.04681195877492428
uspto,US07314576-20080101-C00025,CCCCCCC[C@@H]1C[C@H](C)OC1=O,,,,"MolVec 0.9.8 (git b412dd0, Maven Central)",0.05524268001317978
uspto,US07314576-20080101-C00026,CCCCCCCC[C@@H]1C[C@H](C)OC1=O,,,,"MolVec 0.9.8 (git b412dd0, Maven Central)",0.060753967612981796
uspto,US07314576-20080101-C00027,C[C@H](CC[C@@H]1C[C@H](C)OC1=O)CC(C)(C)C,,,,"MolVec 0.9.8 (git b412dd0, Maven Central)",0.0696555245667696
uspto,US07314576-20080101-C00028,C[C@H]1C[C@@H](CC2CCCCC2)C(=O)O1,,,,"MolVec 0.9.8 (git b412dd0, Maven Central)",0.04641221649944782
uspto,US07314576-20080101-C00029,CCCCCC[C@]1(C)CCC(=O)O1,,,,"MolVec 0.9.8 (git b412dd0, Maven Central)",0.0488755963742733
uspto,US07314576-20080101-C00030,CCCCCCCC[C@]1(C)CCC(=O)O1,,,,"MolVec 0.9.8 (git b412dd0, Maven Central)",0.07024328410625458
uspto,US07314576-20080101-C00031,O=C1OC[C@H]2CCCC[C@@H]12,,,,"MolVec 0.9.8 (git b412dd0, Maven Central)",0.04969506710767746
uspto,US07314576-20080101-C00032,CCCCCC1CCCC(=O)O1,,,,"MolVec 0.9.8 (git b412dd0, Maven Central)",0.04623778909444809
uspto,US07314576-20080101-C00033,CCCCCCC1CCCC(=O)O1,,,,"MolVec 0.9.8 (git b412dd0, Maven Central)",0.058917634189128876
uspto,US07314576-20080101-C00034,CCCCCCCC1CCCC(=O)O1,,,,"MolVec 0.9.8 (git b412dd0, Maven Central)",0.04836119897663593
uspto,US07314576-20080101-C00035,CCCCCCC1CCOC1=O.CCCCCCC1COC(=O2CCC2)C1,,,,"MolVec 0.9.8 (git b412dd0, Maven Central)",0.2711215987801552
uspto,US07314633-20080101-C00005,CCOC(=O)CC(C(=O)OCC)=C1CC(C)(C)N(O)C(C)(C)C1,,,,"MolVec 0.9.8 (git b412dd0, Maven Central)",0.14500493556261063
uspto,US07314653-20080101-C00090,C=CC1CCC(c2ccc(C#N)cc2)CC1,,,,"MolVec 0.9.8 (git b412dd0, Maven Central)",0.07130901888012886
uspto,US07314653-20080101-C00094,C=CC1CCC(C2CCC(c3ccc(F)c(F)c3)CC2)CC1,,,,"MolVec 0.9.8 (git b412dd0, Maven Central)",0.08618598058819771
uspto,US07314653-20080101-C00109,C=CC1CCC(C2CCC(CC)CC2)CC1,,,,"MolVec 0.9.8 (git b412dd0, Maven Central)",0.07382528483867645
uspto,US07314653-20080101-C00118,Cc1cc(O)c(C(C)(C)C)cc1Cc1cc(C(C)(C)C)c(O)cc1C,,,,"MolVec 0.9.8 (git b412dd0, Maven Central)",0.1151416003704071
uspto,US07314653-20080101-C00119,Cc1cc(O)c(C(C)(C)C)cc1C(c1cc(C(C)(C)C)c(O)cc1C)C(C)C,,,,"MolVec 0.9.8 (git b412dd0, Maven Central)",0.10581203736364841
uspto,US07314653-20080101-C00122,CC(C)(C)c1cc(C(C)(C)C)c(O)c(C(C)(C)C)c1,,,,"MolVec 0.9.8 (git b412dd0, Maven Central)",0.061507573351264
uspto,US07314653-20080101-C00125,CC(C)(C)c1cc(-c2cc(C(C)(C)C)c(O)c(C(C)(C)C)c2)cc(C(C)(C)C)c1O,,,,"MolVec 0.9.8 (git b412dd0, Maven Central)",0.11266223341226578
uspto,US07314653-20080101-C00126,CC(C)(C)CC(C)(C)c1ccc(O)c(Cn2nc3ccccc3n2)c1,,,,"MolVec 0.9.8 (git b412dd0, Maven Central)",0.1191233228892088
uspto,US07314653-20080101-C00127,Cc1ccc(O)c(-n2nc3ccccc3n2)c1,,,,"MolVec 0.9.8 (git b412dd0, Maven Central)",0.09288075566291809
uspto,US07314653-20080101-C00128,CC(C)(C)c1cc(-n2nc3ccc(Cl)cc3n2)c(O)c(C(C)(C)C)c1,,,,"MolVec 0.9.8 (git b412dd0, Maven Central)",0.11350324749946594
uspto,US07314653-20080101-C00129,CC(C)(C)c1cc(-n2nc3ccccc3n2)c(O)c(C(C)(C)C)c1,,,,"MolVec 0.9.8 (git b412dd0, Maven Central)",0.0972101166844368
uspto,US07314653-20080101-C00130,CC(C)(c1ccccc1)c1cc(-n2nc3ccccc3n2)c(O)c(C(C)(C)c2ccccc2)c1,,,,"MolVec 0.9.8 (git b412dd0, Maven Central)",0.19129644706845284
uspto,US07314653-20080101-C00131,COC(=O)CCc1cc(-n2nc3ccc(Cl)cc3n2)c(O)c(C(C)(C)C)c1,,,,"MolVec 0.9.8 (git b412dd0, Maven Central)",0.1462027207016945
uspto,US07314653-20080101-C00132,CCCCCCCCCCCCOCC(O)COc1ccc(-c2nc(-c3ccc(C)cc3C)nc(-c3ccc(C)cc3C)n2)c(O)c1,,,,"MolVec 0.9.8 (git b412dd0, Maven Central)",0.3049405813217163
uspto,US07314653-20080101-C00136,CCCC1CCC(C2CCC(c3ccc(CC(C)CC)cc3)CC2)CC1,,,,"MolVec 0.9.8 (git b412dd0, Maven Central)",0.10883708111941814
uspto,US07314653-20080101-C00137,CCCCCCCCC(=O)O[C@H]1CC[C@@]2(C)C(=CC[C@H]3[C@@H]4CC[C@H]([C@H](C)CCCC(C)C)[C@@]4(C)CC[C@@H]32)C1,,,,"MolVec 0.9.8 (git b412dd0, Maven Central)",0.30868458934128284
uspto,US07314653-20080101-C00138,CCCCCCO(C)(C)C1:C(F):C:C(C2CCC(C3CCC(CCCCC)CC3)CC2):C:C:1F,,,,"MolVec 0.9.8 (git b412dd0, Maven Central)",0.1424089316278696
uspto,US07314653-20080101-C00141,CCCCCCO(C)(C)C1=C(F)C=C(C2=CC=C(C34CCC3(CCCCC)CC4)C=C2)C=C1F,,,,"MolVec 0.9.8 (git b412dd0, Maven Central)",0.12713654525578022
uspto,US07314654-20080101-C00014,C=CC(=O)OCCOC(=O)c1ccc(OC/C=C/C(=O)Oc2cc3c4cc(OC(=O)/C=C/COc5ccc(C(=O)OCCOC(=O)C=C)cc5OC)c(OC(=O)/C=C/COc5ccc(C(=O)OCCOC(=O)C=C)cc5OC)cc4c4cc(OC(=O)/C=C/COc5ccc(C(=O)OCCOC(=O)C=C)cc5OC)c(OC(=O)/C=C/COc5ccc(C(=O)OCCOC(=O)C=C)cc5OC)cc4c3cc2OC(=O)/C=C/COc2ccc(C(=O)OCCOC(=O)C=C)cc2OC)c(OC)c1,,,,"MolVec 0.9.8 (git b412dd0, Maven Central)",2.5155266877263784
uspto,US07314654-20080101-C00028,C=CC(=O)OCCCCOc1ccc(C(C)=O)cc1,,,,"MolVec 0.9.8 (git b412dd0, Maven Central)",0.09546718560159206
uspto,US07314691-20080101-C00001,CC(C(=O)O)C(C)C(=O)O,,,,"MolVec 0.9.8 (git b412dd0, Maven Central)",0.1486838199198246
uspto,US07314692-20080101-C00032,CC(C)(C)c1cc(C=O)cc(C(C)(C)C)c1O,,,,"MolVec 0.9.8 (git b412dd0, Maven Central)",0.12503382936120033
uspto,US07314692-20080101-C00033,NNc1ccc([N+](=O)[O-])cc1,,,,"MolVec 0.9.8 (git b412dd0, Maven Central)",0.0799280796200037
uspto,US07314692-20080101-C00034,CC(C)(C)c1cc(C=NNc2ccc([N+](=O)[O-])cc2)cc(C(C)(C)C)c1O,,,,"MolVec 0.9.8 (git b412dd0, Maven Central)",0.18072376772761345
uspto,US07314693-20080101-C00039,CCN(CC)c1ccc(C(C)(C)C)cc1,,,,"MolVec 0.9.8 (git b412dd0, Maven Central)",0.07125003077089787
uspto,US07314693-20080101-C00040,CCN(CC)c1cccc(N(CC)CC)c1,,,,"MolVec 0.9.8 (git b412dd0, Maven Central)",0.09465996362268925
uspto,US07314693-20080101-C00041,CNc1ccccc1C,,,,"MolVec 0.9.8 (git b412dd0, Maven Central)",0.06684164889156818
uspto,US07314693-20080101-C00042,CCN(CC)c1c(C)ccc2ccccc12,,,,"MolVec 0.9.8 (git b412dd0, Maven Central)",0.06158247962594032
uspto,US07314693-20080101-C00043,CC(C)N(C)c1ccc2ccccc2c1,,,,"MolVec 0.9.8 (git b412dd0, Maven Central)",0.08729893155395985
uspto,US07314693-20080101-C00045,CCN(CC)c1cc(N(CC)CC)cc(N(CC)CC)c1,,,,"MolVec 0.9.8 (git b412dd0, Maven Central)",0.10635256581008434
uspto,US07314693-20080101-C00046,CCN(Cc1ccccc1)c1cccc(N(CC)Cc2ccccc2)c1,,,,"MolVec 0.9.8 (git b412dd0, Maven Central)",0.12724504061043262
uspto,US07314693-20080101-C00047,CCN(Cc1ccc(C)cc1)c1ccc2ccc3cccc4ccc1c2c34,,,,"MolVec 0.9.8 (git b412dd0, Maven Central)",0.10909033194184303
uspto,US07314693-20080101-C00048,CCN(CC)c1cccc(N(c2ccccc2)c2ccccc2)c1,,,,"MolVec 0.9.8 (git b412dd0, Maven Central)",0.10754199512302876
uspto,US07314693-20080101-C00050,CCN(CC)c1cccc(N(c2cccc(N(CC)CC)c2)c2c3ccccc3cc3ccccc23)c1,,,,"MolVec 0.9.8 (git b412dd0, Maven Central)",0.1891548540443182
uspto,US07314693-20080101-C00051,CCN(CC)c1cccc(N(c2ccc(C)cc2)c2ccc(C)cc2)c1,,,,"MolVec 0.9.8 (git b412dd0, Maven Central)",0.14165845699608326
uspto,US07314693-20080101-C00053,CC1=CC=C(N(C2=CC=C(C)C=C2)C2=CC(N3CC4=CC=CC=C45=C(C=CC=C5)C3)=CC=C2)C=C1,,,,"MolVec 0.9.8 (git b412dd0, Maven Central)",0.1967145875096321
uspto,US07314693-20080101-C00054,CCN(Cc1cccc2ccccc12)c1cccc(N(c2ccc(C)cc2)c2ccc3ccccc3c2)c1,,,,"MolVec 0.9.8 (git b412dd0, Maven Central)",0.18364173732697964
uspto,US07314693-20080101-C00055,CCN(CC)c1ccc(-c2ccc(N(c3ccccc3)c3ccccc3)cc2)cc1,,,,"MolVec 0.9.8 (git b412dd0, Maven Central)",0.1485932134091854
uspto,US07314693-20080101-C00056,CCN(CC)c1cccc(N(c2ccc(C)cc2)c2ccc(-c3ccc(C)cc3)cc2)c1,,,,"MolVec 0.9.8 (git b412dd0, Maven Central)",0.1794504802674055
uspto,US07314693-20080101-C00057,CCN(CC)c1ccc(-c2ccc(N(c3ccc(C)cc3)c3ccc(C)cc3)cc2)cc1,,,,"MolVec 0.9.8 (git b412dd0, Maven Central)",0.1948658488690853
uspto,US07314693-20080101-C00058,CCN(CC)c1ccc(-c2ccc(N(c3ccc(C)cc3)c3ccc(C)cc3)c(C)c2)cc1C,,,,"MolVec 0.9.8 (git b412dd0, Maven Central)",0.21917933225631714
uspto,US07314693-20080101-C00059,CCN(CC)c1ccc2c(c1)C(C)(C)c1cc(N(c3ccc(C)cc3)c3ccc(C)cc3)ccc1-2,,,,"MolVec 0.9.8 (git b412dd0, Maven Central)",0.2185317762196064
uspto,US07314693-20080101-C00060,CCN(CC)c1cc(-c2ccc(N(c3ccc(C)c(C)c3)c3ccc(C)c(C)c3)cc2)ccc1C,,,,"MolVec 0.9.8 (git b412dd0, Maven Central)",0.22317031770944595
uspto,US07314693-20080101-C00061,CCN(CC)c1cccc(N(c2ccc(C)cc2)c2ccc(-c3ccc4ccc5cccc6ccc3c4c56)cc2)c1,,,,"MolVec 0.9.8 (git b412dd0, Maven Central)",0.18953810818493366
uspto,US07314693-20080101-C00062,Cc1ccc(N(c2cccc(N3Cc4cccc5c4C(C=CC5)C3)c2)c2ccc3c(c2)C(C)(C)c2ccccc2-3)cc1,,,,"MolVec 0.9.8 (git b412dd0, Maven Central)",0.22105923108756542
uspto,US07314693-20080101-C00063,CCN(Cc1ccccc1)c1ccc(-c2ccc(N(c3ccc(C)c(C)c3)c3ccc(C)c(C)c3)cc2)cc1,,,,"MolVec 0.9.8 (git b412dd0, Maven Central)",0.2576106898486614
uspto,US07314693-20080101-C00074,CCN(CC)c1cccc(N(c2ccc(Cc3ccc(N(c4cccc(N(CC)CC)c4)c4ccccc4N(C)C)c(Cl)c3)cc2Cl)c2ccccc2N(C)C)c1,,,,"MolVec 0.9.8 (git b412dd0, Maven Central)",0.3877975717186928
uspto,US07314693-20080101-C00076,CCN(CC)c1cccc(N(c2cccc(C)c2)c2cccc(N(c3cccc(C)c3)c3cccc(N(CC)CC)c3)c2)c1,,,,"MolVec 0.9.8 (git b412dd0, Maven Central)",0.26175200939178467
uspto,US07314693-20080101-C00077,CNc1cccc(N(c2cccc(C)c2)c2cc(N(c3cccc(C)c3)c3cccc(C)c3)cc(N(c3cccc(NC)c3)c3cccc(NC)c3)c2)c1,,,,"MolVec 0.9.8 (git b412dd0, Maven Central)",0.521978197619319
uspto,US07314693-20080101-C00078,CCN(CC)c1ccccc1N(c1ccccc1)c1ccc2c(c1)c1cc(N(c3ccccc3)c3ccccc3)ccc1n2CC,,,,"MolVec 0.9.8 (git b412dd0, Maven Central)",0.2808531429618597
uspto,US07314693-20080101-C00079,CCN(Cc1ccccc1)c1cccc(N(c2cccc(C)c2)c2cccc(N(c3cccc(C)c3)c3cccc(N(CC)Cc4ccccc4)c3)c2)c1,,,,"MolVec 0.9.8 (git b412dd0, Maven Central)",0.3030453734099865
uspto,US07314693-20080101-C00080,CCN(CC)c1ccc(C(c2ccccn2)c2ccc(N(CC)CC)cc2C)c(C)c1,,,,"MolVec 0.9.8 (git b412dd0, Maven Central)",0.18605425208806992
uspto,US07314693-20080101-C00081,CCN(CC)c1ccc(C(c2cccs2)c2ccc(N(CC)CC)cc2C)c(C)c1,,,,"MolVec 0.9.8 (git b412dd0, Maven Central)",0.24231322668492794
uspto,US07314693-20080101-C00085,CCN(CC)c1ccc(C(c2ccccc2)(c2ccc(N(CC)CC)cc2)c2ccc(N(c3ccc(C)cc3)c3ccc(C)cc3)cc2)cc1,,,,"MolVec 0.9.8 (git b412dd0, Maven Central)",0.3126387782394886
uspto,US07314693-20080101-C00086,CCN(CC)c1ccc(C(C)(c2ccc(-c3ccc(N(c4ccc(C)cc4)c4ccc(C)cc4)cc3)cc2)c2ccc(N(CC)CC)cc2)cc1,,,,"MolVec 0.9.8 (git b412dd0, Maven Central)",0.32767028734087944
uspto,US07314693-20080101-C00087,CCN(CC)c1ccc(C(c2ccc(C)cc2)(c2ccc(N(CC)CC)cc2)c2ccc(N(c3ccc(C)cc3)c3ccc(-c4ccc(C)cc4)cc3)cc2)cc1,,,,"MolVec 0.9.8 (git b412dd0, Maven Central)",0.4266191963106394
uspto,US07314693-20080101-C00088,CCN(CC)c1ccc(C(CC)(c2ccccc2)c2ccc(N(c3ccc(C)cc3)c3ccc4ccc5cccc6ccc3c4c56)cc2)cc1,,,,"MolVec 0.9.8 (git b412dd0, Maven Central)",0.2778936866670847
uspto,US07314693-20080101-C00091,CCN(Cc1ccccc1)c1ccc(C(C)(c2ccc(N(CC)Cc3ccccc3)cc2)c2ccc(N(c3ccc(C)cc3)c3ccc(C)cc3)cc2)cc1,,,,"MolVec 0.9.8 (git b412dd0, Maven Central)",0.32528373412787914
uspto,US07314693-20080101-C00100,CCN(CC)c1ccc(C(c2ccc(-n3c4ccccc4c4ccccc43)cc2)(c2ccc(-n3c4ccccc4c4ccccc43)cc2)c2ccc(-n3c4ccccc4c4ccccc43)cc2)cc1N(CC)CC,,,,"MolVec 0.9.8 (git b412dd0, Maven Central)",0.4560511354357004
uspto,US07314693-20080101-C00106,CCN(CC)c1ccc(C(=CC=C(c2ccc(N(CC)CC)cc2)c2ccc(N(CC)CC)cc2)c2ccc(N(CC)CC)cc2)cc1,,,,"MolVec 0.9.8 (git b412dd0, Maven Central)",0.3730484638363123
uspto,US07314693-20080101-C00107,CCN(Cc1ccccc1)c1cccc(C(=C(c2ccccc2)c2ccccc2)c2cccc(N(CC)Cc3ccccc3)c2)c1,,,,"MolVec 0.9.8 (git b412dd0, Maven Central)",0.1878989078104496
uspto,US07314693-20080101-C00108,CCN(CCc1ccccc1)c1cccc(C(=CC=C(c2ccccc2)c2ccccc2)c2cccc(N(CC)CCc3ccccc3)c2)c1,,,,"MolVec 0.9.8 (git b412dd0, Maven Central)",0.25747261568903923
uspto,US07314693-20080101-C00111,Cc1ccc(C(CCC(c2ccccc2)c2ccccc2)c2ccc(C)cc2)cc1,,,,"MolVec 0.9.8 (git b412dd0, Maven Central)",0.21174146607518196
uspto,US07314693-20080101-C00118,CCN(CC)c1ccc2c(c1)C(=Cc1ccc(N(c3ccc(C)cc3)c3ccc(C)cc3)cc1)c1ccccc1C=C2,,,,"MolVec 0.9.8 (git b412dd0, Maven Central)",0.21819258481264114
uspto,US07314693-20080101-C00119,CNc1cccc(C(=CC=C(c2ccccc2)c2cccc(C)c2)c2ccccc2)c1,,,,"MolVec 0.9.8 (git b412dd0, Maven Central)",0.22322056256234646
uspto,US07314693-20080101-C00121,CCN(Cc1ccccc1)c1ccc(C=C(c2ccccc2)c2ccccc2)cc1,,,,"MolVec 0.9.8 (git b412dd0, Maven Central)",0.13798128254711628
uspto,US07314693-20080101-C00122,C(=C(c1ccccc1)c1ccccc1)c1ccc(N(Cc2ccccc2)Cc2ccccc2)cc1,,,,"MolVec 0.9.8 (git b412dd0, Maven Central)",0.14057748392224312
uspto,US07314693-20080101-C00123,CCN(CC)c1ccc(CCc2ccc(N(c3ccc(C)cc3)c3ccc(C)cc3)cc2)cc1,,,,"MolVec 0.9.8 (git b412dd0, Maven Central)",0.26148818247020245
uspto,US07314693-20080101-C00126,CCN(CC)c1ccc(CCCCc2ccc(N(c3ccc(C)cc3)c3ccc(C)cc3)cc2)cc1,,,,"MolVec 0.9.8 (git b412dd0, Maven Central)",0.2935341615229845
uspto,US07314693-20080101-C00129,CCN(CC)c1ccc(CCc2ccc(N(c3ccc(-c4ccc(C)cc4)cc3)c3ccc(C)c(C)c3)cc2C)cc1,,,,"MolVec 0.9.8 (git b412dd0, Maven Central)",0.389928275719285
uspto,US07314693-20080101-C00130,COc1ccc(N(c2ccccc2)c2ccc(CCc3ccc(N4CCCC4)cc3)cc2)cc1,,,,"MolVec 0.9.8 (git b412dd0, Maven Central)",0.23588129505515099
uspto,US07314693-20080101-C00131,CCN(CC)c1ccc(CCc2ccc3c(c2)c2cc(Cl)ccc2n3CC)cc1,,,,"MolVec 0.9.8 (git b412dd0, Maven Central)",0.1823076754808426
uspto,US07314693-20080101-C00132,CCN(CC)c1ccc(CCc2ccc(N(CC)Cc3ccccc3)cc2)cc1,,,,"MolVec 0.9.8 (git b412dd0, Maven Central)",0.17754965461790562
uspto,US07314693-20080101-C00137,CCN(CC)c1ccc(C=Cc2ccc(N(c3ccc(C)cc3)c3ccc(C=Cc4ccc(N(CC)CC)cc4)cc3)cc2)cc1,,,,"MolVec 0.9.8 (git b412dd0, Maven Central)",0.358234291896224
uspto,US07314693-20080101-C00139,CCN(CC)c1cccc(/C(=C\c2ccc3c(c2)c2cc(/C=C(/c4ccccc4)c4cccc(N(CC)CC)c4)ccc2n3CC)c2ccccc2)c1,,,,"MolVec 0.9.8 (git b412dd0, Maven Central)",0.42861083894968033
uspto,US07314693-20080101-C00140,CCN(CC)c1ccc(C=Cc2ccc(N(c3ccc(C)cc3)c3ccc(C=Cc4ccccc4)cc3)cc2)c(N(CC)CC)c1,,,,"MolVec 0.9.8 (git b412dd0, Maven Central)",0.3226627968251705
uspto,US07314693-20080101-C00145,CCN(CC)c1ccc(CCc2ccc(N(c3ccc(C)cc3)c3ccc(CCc4ccc(N(CC)CC)cc4)cc3)cc2)cc1,,,,"MolVec 0.9.8 (git b412dd0, Maven Central)",0.37739146687090397
uspto,US07314693-20080101-C00146,CCN(CC)c1ccc(CCc2ccc(N(c3ccc(C)cc3)c3ccc(CCc4ccccc4)cc3)cc2)cc1,,,,"MolVec 0.9.8 (git b412dd0, Maven Central)",0.2697568591684103
uspto,US07314693-20080101-C00147,CCc1ccc(-c2ccc(N(c3ccc(CCc4ccc(N(CC)CC)cc4)c(C)c3)c3ccc(CCc4ccc(N(CC)CC)cc4)c(C)c3)cc2)cc1,,,,"MolVec 0.9.8 (git b412dd0, Maven Central)",0.6007997840642929
uspto,US07314693-20080101-C00148,CNc1ccc(CCCCc2ccc(N(c3ccc(C)cc3)c3ccc(CCCCc4ccc(C)cc4)cc3)cc2)cc1,,,,"MolVec 0.9.8 (git b412dd0, Maven Central)",0.444457883015275
uspto,US07314693-20080101-C00152,CCn1c2ccc(CCc3ccc(C)cc3)cc2c2cc(CCc3ccc(NC)cc3)ccc21,,,,"MolVec 0.9.8 (git b412dd0, Maven Central)",0.3214176446199417
uspto,US07314693-20080101-C00155,CCCCN(CCCC)C1=CC=C(CCC2=CC=C(N3C4=CC=C(CCC5=CC=C(N(CCCC)CCCC)C=C5)C5=C4C4(=CC=C5)=CC(Cl)=CC=C34)C3=C2C=CC=C3)C=C1,,,,"MolVec 0.9.8 (git b412dd0, Maven Central)",0.429700443521142
uspto,US07314693-20080101-C00157,CCN(Cc1ccccc1)c1ccc(CCc2ccc(N(c3ccc(C)cc3)c3ccc(CCc4ccc(N(CC)Cc5ccccc5)cc4)cc3)cc2)cc1,,,,"MolVec 0.9.8 (git b412dd0, Maven Central)",0.3356789592653513
uspto,US07314693-20080101-C00158,CCN(Cc1ccc(C)cc1)c1ccc(CCc2ccc(N(c3ccc(CCc4ccc(N(CC)Cc5ccc(C)cc5)cc4)cc3)c3ccc(-c4ccccc4)cc3)cc2)cc1,,,,"MolVec 0.9.8 (git b412dd0, Maven Central)",0.3702619820833206
uspto,US07314693-20080101-C00159,CCN(CC)c1ccc(C=Cc2ccc(N(c3ccc(C=Cc4ccc(C)cc4)cc3)c3ccc(C=Cc4ccc(NC)cc4)cc3)cc2)cc1,,,,"MolVec 0.9.8 (git b412dd0, Maven Central)",0.4788285121321678
uspto,US07314693-20080101-C00160,CCN(CC)C1=CC=C(C(=CC2=CC=C(N(C3=CC=C(C=C(C4=CC=CC=C4)C4=CC=C(N(CC)CC)C=C4)C=C3)C3=CC=C(/C=C4/C5=CC=C(N(CC)CC)C=C56=C4C=CC=C6)C=C3)C=C2)C2=CC=CC=C2)C=C1,,,,"MolVec 0.9.8 (git b412dd0, Maven Central)",0.6009684205055237
uspto,US07314693-20080101-C00163,CNc1ccc(CCc2ccc(N(c3ccc(CCc4ccc(C)cc4)cc3)c3ccc(CCc4ccc(C)cc4)cc3)cc2)cc1,,,,"MolVec 0.9.8 (git b412dd0, Maven Central)",0.45700311847031116
uspto,US07314693-20080101-C00170,CCN(CC)c1cc(C(C)=CC=Cc2ccc(-n3c4ccccc4c4ccccc43)cc2)ccc1C(C)=CC=Cc1ccc(-n2c3ccccc3c3ccccc32)cc1,,,,"MolVec 0.9.8 (git b412dd0, Maven Central)",0.463752843439579
uspto,US07314693-20080101-C00175,CCN(CC)c1ccc(C=NN(c2ccccc2)c2ccccc2)cc1,,,,"MolVec 0.9.8 (git b412dd0, Maven Central)",0.1624901480972767
uspto,US07314693-20080101-C00176,CCN(CC)c1ccc(N(N=Cc2ccc3c(c2)c2ccccc2n3C)c2ccc(C)cc2)cc1,,,,"MolVec 0.9.8 (git b412dd0, Maven Central)",0.28623147681355476
uspto,US07314693-20080101-C00177,CCN(CC)c1ccc2ccc3c(C=NN(c4ccccc4)c4ccccc4)ccc4ccc1c2c43,,,,"MolVec 0.9.8 (git b412dd0, Maven Central)",0.20335029810667038
uspto,US07314693-20080101-C00178,CCN(CC)c1ccc(C=NN(c2ccccc2)c2cccc3ccccc23)cc1,,,,"MolVec 0.9.8 (git b412dd0, Maven Central)",0.1642628014087677
uspto,US07314693-20080101-C00179,CCN(CC)c1ccc(N(C)N=Cc2ccc3c(c2)c2ccccc2n3CC)cc1,,,,"MolVec 0.9.8 (git b412dd0, Maven Central)",0.23789161071181297
uspto,US07314693-20080101-C00181,CCN(Cc1ccccc1)c1ccc2c(c1)c1cc(C=NN(c3ccccc3)c3ccccc3)ccc1n2C,,,,"MolVec 0.9.8 (git b412dd0, Maven Central)",0.2562983203679323
uspto,US07314693-20080101-C00182,CNc1ccc(-c2nnc(-c3ccc(C)cc3)o2)cc1,,,,"MolVec 0.9.8 (git b412dd0, Maven Central)",0.1235469114035368
uspto,US07314693-20080101-C00183,CCCN(CCC)c1ccc(-c2nc(-c3ccc(N(C)C)cc3)c(-c3ccccc3Cl)o2)cc1,,,,"MolVec 0.9.8 (git b412dd0, Maven Central)",0.23143714852631092
uspto,US07314693-20080101-C00184,CNc1ccc(-c2ccc(-c3ccc(C)cc3)cc2)cc1,,,,"MolVec 0.9.8 (git b412dd0, Maven Central)",0.11059326864778996
uspto,US07314693-20080101-C00185,Cc1ccc(-c2ccc(CN(C)c3ccc(-c4cccc(-c5ccc(N(C)Cc6ccc(-c7ccc(C)cc7)cc6)cc5)c4)cc3)cc2)cc1,,,,"MolVec 0.9.8 (git b412dd0, Maven Central)",0.30060538090765476
uspto,US07314693-20080101-C00265,Cc1ccc(-c2cccs2)s1,,,,"MolVec 0.9.8 (git b412dd0, Maven Central)",0.029908262193202972
uspto,US07314693-20080101-C00267,Cc1ccc2c(c1)CCCN2C,,,,"MolVec 0.9.8 (git b412dd0, Maven Central)",0.042859580367803574
uspto,US07314693-20080101-C00269,CN1CCc2ccccc21,,,,"MolVec 0.9.8 (git b412dd0, Maven Central)",0.03467998467385769
uspto,US07314693-20080101-C00273,CCNNc1ccc(C=Cc2ccc(C=Cc3ccc(C)cc3)cc2)cc1,,,,"MolVec 0.9.8 (git b412dd0, Maven Central)",0.18100598081946373
uspto,US07314693-20080101-C00275,CCNNc1ccc(C=Cc2cc(OC)c(C=Cc3ccc(C)cc3)cc2OC)cc1,,,,"MolVec 0.9.8 (git b412dd0, Maven Central)",0.3094173017889261
uspto,US07314693-20080101-C00278,CCNNc1ccc(C=Cc2ccccc2C=Cc2ccc(C)cc2)cc1,,,,"MolVec 0.9.8 (git b412dd0, Maven Central)",0.17983873933553696
uspto,US07314693-20080101-C00284,CCN(Cc1ccc(-c2ccc(C)cc2)cc1)c1ccc(C=Cc2ccc(C=Cc3ccc(N(CC)Cc4ccc(-c5ccc(C)cc5)cc4)cc3)cc2)cc1,,,,"MolVec 0.9.8 (git b412dd0, Maven Central)",0.25351852364838123
uspto,US07314693-20080101-C00285,CCN(Cc1ccccc1)c1ccc(C=Cc2cccc(C=Cc3ccc(N(CC)Cc4ccccc4)cc3)c2)cc1,,,,"MolVec 0.9.8 (git b412dd0, Maven Central)",0.26495104655623436
uspto,US07314693-20080101-C00286,C(=Cc1ccc(N2CCc3ccccc3C2)cc1)c1ccc(C=Cc2ccc(N3CCc4ccccc4C3)cc2)cc1,,,,"MolVec 0.9.8 (git b412dd0, Maven Central)",0.16818887926638126
uspto,US07314693-20080101-C00289,CCNNc1ccc(CCc2ccc(CCc3ccc(C)cc3)cc2)cc1,,,,"MolVec 0.9.8 (git b412dd0, Maven Central)",0.20893114432692528
uspto,US07314693-20080101-C00290,CCNNc1ccc(CCc2ccc(CCc3ccc(C)c4ccccc34)cc2)c2ccccc12,,,,"MolVec 0.9.8 (git b412dd0, Maven Central)",0.30092813819646835
uspto,US07314693-20080101-C00292,CCNNc1ccc(CCCCc2ccc(CCCCc3ccc(C)cc3)cc2)cc1,,,,"MolVec 0.9.8 (git b412dd0, Maven Central)",0.2430120576173067
uspto,US07314693-20080101-C00295,CNc1cccc(CCc2ccc(CCc3cccc(C)c3)cc2)c1,,,,"MolVec 0.9.8 (git b412dd0, Maven Central)",0.21282287128269672
uspto,US07314693-20080101-C00296,CNc1ccccc1CCc1ccc(CCc2ccccc2C)cc1,,,,"MolVec 0.9.8 (git b412dd0, Maven Central)",0.1591215282678604
uspto,US07314693-20080101-C00301,CCN(Cc1ccccc1)c1ccc(CCc2cccc(CCc3ccc(N(CC)Cc4ccccc4)cc3)c2)cc1,,,,"MolVec 0.9.8 (git b412dd0, Maven Central)",0.2460165899246931
uspto,US07314693-20080101-C00302,c1ccc2c(c1)CCN(c1ccc(CCc3ccc(CCc4ccc(N5CCc6ccccc6C5)cc4)cc3)cc1)C2,,,,"MolVec 0.9.8 (git b412dd0, Maven Central)",0.15725144371390343
uspto,US07314693-20080101-C00315,Cc1ccc(N(c2ccc(-c3ccc(OCCCN4CCCCC4)cc3)cc2)c2ccc3ccc4cccc5ccc2c3c45)cc1,,,,"MolVec 0.9.8 (git b412dd0, Maven Central)",0.23660236224532127
uspto,US07314693-20080101-C00318,CCN(CC)CCc1ccc(-c2ccc(N(c3ccc(C)cc3)c3ccc(C)cc3)cc2)cc1,,,,"MolVec 0.9.8 (git b412dd0, Maven Central)",0.18452356569468975
uspto,US07314693-20080101-C00319,Cc1ccc(N(c2ccc(C)cc2)c2ccc(-c3ccc(CCN4CCCCC4)cc3)cc2)cc1,,,,"MolVec 0.9.8 (git b412dd0, Maven Central)",0.21320811472833157
uspto,US07314693-20080101-C00322,Cc1ccc(N(c2ccc(C)cc2)c2ccc(-c3ccc(CCCCN4CCCC4)cc3)cc2)cc1,,,,"MolVec 0.9.8 (git b412dd0, Maven Central)",0.1947160828858614
uspto,US07314693-20080101-C00323,CCN(CCCc1ccc(-c2ccc(N(c3ccccc3)c3c(C)cc(C)cc3C)cc2)cc1)c1ccccc1,,,,"MolVec 0.9.8 (git b412dd0, Maven Central)",0.18223091959953308
uspto,US07314693-20080101-C00329,Cc1cc(O)cc(C)c1S,,,,"MolVec 0.9.8 (git b412dd0, Maven Central)",0.054990123957395554
uspto,US07314693-20080101-C00332,CC(C)c1cc(S)cc(C(C)C)c1O,,,,"MolVec 0.9.8 (git b412dd0, Maven Central)",0.08396368101239204
uspto,US07314693-20080101-C00333,Cc1cc(S)cc(C)c1O,,,,"MolVec 0.9.8 (git b412dd0, Maven Central)",0.05369156412780285
uspto,US07314693-20080101-C00337,Cc1cc(O)c(C(C)C)cc1S,,,,"MolVec 0.9.8 (git b412dd0, Maven Central)",0.0834166556596756
uspto,US07314693-20080101-C00338,Cc1cc(S)c(C)c(C)c1O,,,,"MolVec 0.9.8 (git b412dd0, Maven Central)",0.06168955750763416
uspto,US07314693-20080101-C00339,Cc1cc(S)c(C)cc1O,,,,"MolVec 0.9.8 (git b412dd0, Maven Central)",0.08188596554100513
uspto,US07314693-20080101-C00347,CCCC(C)(C)c1cc(O)ccc1O,,,,"MolVec 0.9.8 (git b412dd0, Maven Central)",0.07153246365487576
uspto,US07314693-20080101-C00348,CCCC(C)(C)c1cc(O)c(C(C)(C)CCC)cc1O,,,,"MolVec 0.9.8 (git b412dd0, Maven Central)",0.15172011218965054
uspto,US07314693-20080101-C00370,Oc1cc(C2CCCCC2)c(O)cc1C1CCCCC1,,,,"MolVec 0.9.8 (git b412dd0, Maven Central)",0.09524158574640751
uspto,US07314693-20080101-C00371,C=CCCCCc1cc(O)c(CCC=C)cc1O,,,,"MolVec 0.9.8 (git b412dd0, Maven Central)",0.15745481476187706
uspto,US07314693-20080101-C00377,CCCCC(C)C(C)(CC)c1cc(O)ccc1O,,,,"MolVec 0.9.8 (git b412dd0, Maven Central)",0.10168368369340897
uspto,US07314693-20080101-C00380,CC(C)(C)CC(C)(C)c1cc(O)c(Sc2ccc3scnc3c2)cc1O,,,,"MolVec 0.9.8 (git b412dd0, Maven Central)",0.17216399125754833
uspto,US07314693-20080101-C00381,O=C(c1nc2ccccc2o1)c1cc(O)c(C(=O)c2nc3ccccc3o2)cc1O,,,,"MolVec 0.9.8 (git b412dd0, Maven Central)",0.13126990012824535
uspto,US07314693-20080101-C00384,CC(CC1:C:C(O):C(C(C)(C)CCCl):C:C:1O)O(C)Cl,,,,"MolVec 0.9.8 (git b412dd0, Maven Central)",0.13074477389454842
uspto,US07314693-20080101-C00386,CCCC(C)(C)c1cc(O)cc(C(C)(C)CCC)c1O,,,,"MolVec 0.9.8 (git b412dd0, Maven Central)",0.14053475111722946
uspto,US07314693-20080101-C00387,CC(C)(C)c1cc(O)cc(C(C)(C)C)c1O,,,,"MolVec 0.9.8 (git b412dd0, Maven Central)",0.0885430071502924
uspto,US07314693-20080101-C00389,CCC(C)(CC)c1cc(O)c(C(C)(CC)CC)cc1O,,,,"MolVec 0.9.8 (git b412dd0, Maven Central)",0.13647896610200405
uspto,US07314693-20080101-C00394,CCCC(C)C(C)(C)c1cc(O)cc(C(C)(C)CCC(C)C)c1O,,,,"MolVec 0.9.8 (git b412dd0, Maven Central)",0.18477472476661205
uspto,US07314693-20080101-C00395,CCCC(C)C(C)(C)c1cc(O)c(C(C)(C)CCC(C)C)cc1O,,,,"MolVec 0.9.8 (git b412dd0, Maven Central)",0.2024290133267641
uspto,US07314693-20080101-C00399,CC=CCc1cc(O)ccc1O,,,,"MolVec 0.9.8 (git b412dd0, Maven Central)",0.06585394404828548
uspto,US07314693-20080101-C00402,CC(=CCc1cc(O)ccc1O)CC/C=C(\C)CCl,,,,"MolVec 0.9.8 (git b412dd0, Maven Central)",0.14822271279990673
uspto,US07314693-20080101-C00406,Oc1ccc(O)c(C2CCCCC2)c1,,,,"MolVec 0.9.8 (git b412dd0, Maven Central)",0.057443948462605476
uspto,US07314693-20080101-C00407,Cc1cc(O)c(C2CCCCCC2)cc1O,,,,"MolVec 0.9.8 (git b412dd0, Maven Central)",0.07597392052412033
uspto,US07314693-20080101-C00418,Cc1cc(O)c(CC(C)C)cc1O,,,,"MolVec 0.9.8 (git b412dd0, Maven Central)",0.10584189556539059
uspto,US07314693-20080101-C00419,CC(C)(C)CCc1cc(O)ccc1O,,,,"MolVec 0.9.8 (git b412dd0, Maven Central)",0.07496636360883713
uspto,US07314693-20080101-C00423,CC(C)=CC/C=C(/C)c1cc(O)c(C)cc1O,,,,"MolVec 0.9.8 (git b412dd0, Maven Central)",0.12416424416005611
uspto,US07314693-20080101-C00425,Cc1c(O)cc(CCC(C)(C)C)c(O)c1C,,,,"MolVec 0.9.8 (git b412dd0, Maven Central)",0.11015700548887253
uspto,US07314693-20080101-C00426,CSCCCC(C)(C)c1cc(O)ccc1O,,,,"MolVec 0.9.8 (git b412dd0, Maven Central)",0.09879561327397823
uspto,US07314693-20080101-C00427,CC(C)=CCC/C(C)=C\c1cc(O)cc(C)c1O,,,,"MolVec 0.9.8 (git b412dd0, Maven Central)",0.13642194122076035
uspto,US07314693-20080101-C00428,CCCC(C)CC(C)=CCc1cc(O)c(C)c(C)c1O,,,,"MolVec 0.9.8 (git b412dd0, Maven Central)",0.24495478346943855
uspto,US07314693-20080101-C00429,CCCC(C)CC(C)=CCc1c(C)c(O)cc(C)c1O,,,,"MolVec 0.9.8 (git b412dd0, Maven Central)",0.25452256947755814
uspto,US07314693-20080101-C00433,Oc1ccc(O)c(P(c2ccccc2)c2ccccc2)c1,,,,"MolVec 0.9.8 (git b412dd0, Maven Central)",0.07128949649631977
uspto,US07314693-20080101-C00440,CCC(CC)c1cc(O)ccc1O,,,,"MolVec 0.9.8 (git b412dd0, Maven Central)",0.07931062765419483
uspto,US07314693-20080101-C00441,CCc1cc(O)c(CC)cc1O,,,,"MolVec 0.9.8 (git b412dd0, Maven Central)",0.0867032203823328
uspto,US07314693-20080101-C00450,OCc1cc(O)ccc1O,,,,"MolVec 0.9.8 (git b412dd0, Maven Central)",0.05577569082379341
uspto,US07314693-20080101-C00451,CCC(C)C(O)Cc1cc(O)ccc1O,,,,"MolVec 0.9.8 (git b412dd0, Maven Central)",0.13331402279436588
uspto,US07314693-20080101-C00453,CC(C)(O)c1cc(O)ccc1O,,,,"MolVec 0.9.8 (git b412dd0, Maven Central)",0.05923486314713955
uspto,US07314693-20080101-C00455,CCCC(C)CCCCc1c(C)c(O)cc(C)c1O,,,,"MolVec 0.9.8 (git b412dd0, Maven Central)",0.2561337687075138
uspto,US07314693-20080101-C00456,COc1cc(O)c(C)cc1O,,,,"MolVec 0.9.8 (git b412dd0, Maven Central)",0.08431080356240273
uspto,US07314693-20080101-C00457,COc1cc(O)c(CC=C(C)C)cc1O,,,,"MolVec 0.9.8 (git b412dd0, Maven Central)",0.10031733103096485
uspto,US07314693-20080101-C00459,COc1cc(O)c(CC(C)(C)C(C)(C)C)cc1O,,,,"MolVec 0.9.8 (git b412dd0, Maven Central)",0.12339714169502258
uspto,US07314693-20080101-C00460,CC(C)=CCc1cc(O)ccc1O,,,,"MolVec 0.9.8 (git b412dd0, Maven Central)",0.06893158331513405
uspto,US07314693-20080101-C00462,CCCCC(C)c1cc(O)ccc1O,,,,"MolVec 0.9.8 (git b412dd0, Maven Central)",0.07384422421455383
uspto,US07314693-20080101-C00467,Cc1cc(O)c(C(C)(C)CC(C)(C)C)cc1O,,,,"MolVec 0.9.8 (git b412dd0, Maven Central)",0.11113108694553375
uspto,US07314693-20080101-C00468,CC/C(C)=C/Cc1cc(O)c(C)cc1O,,,,"MolVec 0.9.8 (git b412dd0, Maven Central)",0.1481505185365677
uspto,US07314693-20080101-C00469,CCCC(C)C/C(C)=C/Cc1cc(O)c(C)cc1O,,,,"MolVec 0.9.8 (git b412dd0, Maven Central)",0.21107822470366955
uspto,US07314693-20080101-C00476,C=CC=CCc1cc(O)ccc1O,,,,"MolVec 0.9.8 (git b412dd0, Maven Central)",0.08446426875889301
uspto,US07314693-20080101-C00481,CC(C)(C)CC(C)(C)c1cc(O)ccc1O,,,,"MolVec 0.9.8 (git b412dd0, Maven Central)",0.08709917590022087
uspto,US07314693-20080101-C00493,Oc1cc(CN2CCOCC2)c(O)cc1CN1CCOCC1,,,,"MolVec 0.9.8 (git b412dd0, Maven Central)",0.1055333074182272
uspto,US07314693-20080101-C00494,Oc1cc(CN2CCCCC2)c(O)cc1CN1CCCCC1,,,,"MolVec 0.9.8 (git b412dd0, Maven Central)",0.10953975282609463
uspto,US07314693-20080101-C00496,CCC(CC)c1cc(O)c(C(CC)CC)cc1O,,,,"MolVec 0.9.8 (git b412dd0, Maven Central)",0.18719683773815632
uspto,US07314693-20080101-C00497,CC.CCCC(F)C(C)(CC)c1cc(O)c(C(C)(C)CC)cc1O,,,,"MolVec 0.9.8 (git b412dd0, Maven Central)",0.34631238505244255
uspto,US07314693-20080101-C00498,CC(C)=CCc1cc(O)cc(CCC(C)(C)C)c1O,,,,"MolVec 0.9.8 (git b412dd0, Maven Central)",0.12713871710002422
uspto,US07314693-20080101-C00502,Oc1ccc(O)c(C2C=CCC2)c1,,,,"MolVec 0.9.8 (git b412dd0, Maven Central)",0.04606625624001026
uspto,US07314693-20080101-C00503,Oc1ccc(O)c(C2CCCC2)c1,,,,"MolVec 0.9.8 (git b412dd0, Maven Central)",0.047746868804097176
uspto,US07314693-20080101-C00514,Cc1c(O)cc(C(C)(C)CC(C)(C)C)c(O)c1C,,,,"MolVec 0.9.8 (git b412dd0, Maven Central)",0.12470078840851784
uspto,US07314693-20080101-C00515,Cc1cc(O)c(C(C)(C)CC(C)(C)C)c(C)c1O,,,,"MolVec 0.9.8 (git b412dd0, Maven Central)",0.12034077011048794
uspto,US07314693-20080101-C00518,CC(C)=CCc1c(C)c(O)cc(C)c1O,,,,"MolVec 0.9.8 (git b412dd0, Maven Central)",0.10464788042008877
uspto,US07314693-20080101-C00519,CC(C)=CCc1c(O)cc(C)c(O)c1C,,,,"MolVec 0.9.8 (git b412dd0, Maven Central)",0.09806547686457634
uspto,US07314693-20080101-C00520,C=C(C)Cc1c(C)c(O)cc(C)c1O,,,,"MolVec 0.9.8 (git b412dd0, Maven Central)",0.08370482362806797
uspto,US07314693-20080101-C00523,CCC(C)(CC)c1cc(O)ccc1O,,,,"MolVec 0.9.8 (git b412dd0, Maven Central)",0.0891237873584032
uspto,US07314693-20080101-C00527,CCCCc1c(O)ccc(O)c1CO,,,,"MolVec 0.9.8 (git b412dd0, Maven Central)",0.09121992066502571
uspto,US07314693-20080101-C00528,Oc1ccc(O)c(-n2nnc3ccccc32)c1,,,,"MolVec 0.9.8 (git b412dd0, Maven Central)",0.06911856308579445
uspto,US07314693-20080101-C00529,Oc1ccc(O)c(Cc2cc(O)ccc2O)c1,,,,"MolVec 0.9.8 (git b412dd0, Maven Central)",0.06833846122026443
uspto,US07314693-20080101-C00530,COc1cc(O)c(Cc2cc(O)c(OC)cc2O)cc1O,,,,"MolVec 0.9.8 (git b412dd0, Maven Central)",0.11341825127601624
uspto,US07314693-20080101-C00532,Cc1cc(O)c(C2(C)CCCCC2)cc1O,,,,"MolVec 0.9.8 (git b412dd0, Maven Central)",0.09251773543655872
uspto,US07314693-20080101-C00537,CC(CCCN1CCCCC1)c1cc(O)ccc1O,,,,"MolVec 0.9.8 (git b412dd0, Maven Central)",0.10041018016636372
uspto,US07314693-20080101-C00538,Cc1cc(O)c(C2(C)CCCC2(C)C)cc1O,,,,"MolVec 0.9.8 (git b412dd0, Maven Central)",0.1254111658781767
uspto,US07314693-20080101-C00549,Oc1cc(N2CCOCC2)c(O)cc1N1CCOCC1,,,,"MolVec 0.9.8 (git b412dd0, Maven Central)",0.09080746211111546
uspto,US07314693-20080101-C00550,Oc1cc(N2CCCCC2)c(O)cc1N1CCCCC1,,,,"MolVec 0.9.8 (git b412dd0, Maven Central)",0.07689285278320312
uspto,US07314693-20080101-C00554,CCC(Cl)C(C)(C)c1cc(O)c(C(C)(C)OCCCl)cc1O,,,,"MolVec 0.9.8 (git b412dd0, Maven Central)",0.16668102890253067
uspto,US07314693-20080101-C00555,CC1(c2cc(O)c(C3(C)CCC(=O)CC3)cc2O)CCC(=O)CC1,,,,"MolVec 0.9.8 (git b412dd0, Maven Central)",0.19504747539758682
uspto,US07314693-20080101-C00556,CC1=CCC(C(C)(C)c2cc(O)c(C(C)(C)C3CC=C(C)C(=O)C3)cc2O)CC1=O,,,,"MolVec 0.9.8 (git b412dd0, Maven Central)",0.16176576912403107
uspto,US07314693-20080101-C00557,CCCCC(=O)C(C)(C)c1cc(O)c(C(C)(C)CCCC(C)=O)cc1O,,,,"MolVec 0.9.8 (git b412dd0, Maven Central)",0.2278715092688799
uspto,US07314693-20080101-C00571,CC(C)(CCc1ccc2c(c1)OCO2)c1cc(O)c(C(C)(C)CCc2ccc3c(c2)OCO3)cc1O,,,,"MolVec 0.9.8 (git b412dd0, Maven Central)",0.28263959288597107
uspto,US07314693-20080101-C00595,CC1(c2cc(O)c(-c3ccccc3)cc2O)CCc2ccccc2C1,,,,"MolVec 0.9.8 (git b412dd0, Maven Central)",0.15183165855705738
uspto,US07314693-20080101-C00611,CC(C)(CCc1ccc2c(c1)OCO2)c1cc(O)c(-c2ccccc2)cc1O,,,,"MolVec 0.9.8 (git b412dd0, Maven Central)",0.1525671910494566
uspto,US07314693-20080101-C00617,Oc1cc(Sc2ccccc2)c(O)cc1Sc1ccccc1,,,,"MolVec 0.9.8 (git b412dd0, Maven Central)",0.11110503226518631
uspto,US07314693-20080101-C00618,COc1ccc(-c2cc(O)c(-c3ccc(OC)cc3)cc2O)cc1,,,,"MolVec 0.9.8 (git b412dd0, Maven Central)",0.12830843590199947
uspto,US07314693-20080101-C00622,Cc1ccc(-c2cc(O)c(-c3ccc(C)cc3)cc2O)cc1,,,,"MolVec 0.9.8 (git b412dd0, Maven Central)",0.13350760750472546
uspto,US07314693-20080101-C00624,Oc1cc(-c2ccc(-c3ccccc3)cc2)c(O)cc1-c1ccc(-c2ccccc2)cc1,,,,"MolVec 0.9.8 (git b412dd0, Maven Central)",0.2018007356673479
uspto,US07314693-20080101-C00625,O=C1c2ccccc2C(=O)N1c1cc(O)c(N2C(=O)c3ccccc3C2=O)cc1O,,,,"MolVec 0.9.8 (git b412dd0, Maven Central)",0.1645654272288084
uspto,US07314693-20080101-C00626,Cc1ccc(-c2cc(O)c(-c3ccc(C)cc3C)cc2O)c(C)c1,,,,"MolVec 0.9.8 (git b412dd0, Maven Central)",0.13844922184944153
uspto,US07314693-20080101-C00627,Oc1cc(-c2ccc(Oc3ccccc3)cc2)c(O)cc1-c1ccc(Oc2ccccc2)cc1,,,,"MolVec 0.9.8 (git b412dd0, Maven Central)",0.23407894372940063
uspto,US07314693-20080101-C00628,Oc1cc(Sc2cc(O)c(-c3ccc(Cc4ccccc4)cc3)cc2O)c(O)cc1Cc1ccccc1,,,,"MolVec 0.9.8 (git b412dd0, Maven Central)",0.21874060854315758
uspto,US07314693-20080101-C00629,Cc1c(C)c2c(c(C)c1O)CCC(C)(C)O2,,,,"MolVec 0.9.8 (git b412dd0, Maven Central)",0.07987485639750957
uspto,US07314693-20080101-C00631,CCC.CCCCCC1(C)CCc2c(c(C)cc(O)c2Oc2cc(C)c3c(c2)CCC(C)(C(C)(CC)CCCC)O3)O1,,,,"MolVec 0.9.8 (git b412dd0, Maven Central)",0.9643848147243261
uspto,US07314693-20080101-C00633,Cc1c(C)c2c(c(CCc3c(O)c(C)c(C)c4c3CCC(C)(C)O4)c1O)CCC(C)(C)O2,,,,"MolVec 0.9.8 (git b412dd0, Maven Central)",0.2379288487136364
uspto,US07314693-20080101-C00634,CCCCC(C)C1(C)CCc2c(CCc3c(O)c(C)c(C)c4c3CCC3(CC3(C)C(C)CCC)O4)c(O)c(C)c(C)c2O1,,,,"MolVec 0.9.8 (git b412dd0, Maven Central)",0.42682858370244503
uspto,US07314693-20080101-C00635,CCCCC(C)C1(C)CCc2c(c(C)cc(O)c2Oc2c(O)cc(C)c3c2CCC2(CC2(CC)CCCC)O3)O1,,,,"MolVec 0.9.8 (git b412dd0, Maven Central)",0.4676209446042776
uspto,US07314693-20080101-C00637,Cc1c(Oc2c(O)c(C)c(C)c3c2CCC(C)(C)O3)cc2c(c1C)OC(C)(C)CC2,,,,"MolVec 0.9.8 (git b412dd0, Maven Central)",0.19165249168872833
uspto,US07314693-20080101-C00639,CCC.CCCCCC1(C)CCc2c(c(C)c(C)c(O)c2Oc2cc3c(c(C)c2C)OC(C)(C(C)(CC)CCCC)CC3)O1,,,,"MolVec 0.9.8 (git b412dd0, Maven Central)",1.1064189802855253
uspto,US07314693-20080101-C00640,Cc1c(O)c2c(c3c1CCC(C)(C)O3)Cc1c(ccc3c1OC(C)(C)CC3)CC2,,,,"MolVec 0.9.8 (git b412dd0, Maven Central)",0.17263955622911453
uspto,US07314693-20080101-C00641,Cc1cc(O)c(CCc2c(O)cc(C)c3c2CCC(C)(C)O3)c2c1OC(C)(C)CC2,,,,"MolVec 0.9.8 (git b412dd0, Maven Central)",0.19650385528802872
uspto,US07314693-20080101-C00642,Cc1c(C)c2c(c(Cc3c(O)c(C)c(C)c4c3CCC(C)(C)O4)c1O)CCC(C)(C)O2,,,,"MolVec 0.9.8 (git b412dd0, Maven Central)",0.19284595549106598
uspto,US07314693-20080101-C00643,Cc1c(O)c(Cc2c(C)c3c(c(C)c2O)CCC(C)(C)O3)c(C)c2c1CCC(C)(C)O2,,,,"MolVec 0.9.8 (git b412dd0, Maven Central)",0.19528542831540108
uspto,US07314693-20080101-C00644,CC(C=CC1C(C)CCCC1(C)C)=CC=CC1(C)CCc2c(C)c(O)c(C)c(C)c2O1,,,,"MolVec 0.9.8 (git b412dd0, Maven Central)",0.24730351194739342
uspto,US07314693-20080101-C00647,COc1c(C)c(O)c(Cc2c(O)c(C)c(OC)c3c2CCC(C)(C)O3)c2c1OC(C)(C)CC2,,,,"MolVec 0.9.8 (git b412dd0, Maven Central)",0.19945675693452358
uspto,US07314693-20080101-C00648,Cc1c(C)c2c(c(Cc3c(O)c(C)c(C)c4c3CCC(C)(c3ccccc3)O4)c1O)CCC(C)(c1ccccc1)O2,,,,"MolVec 0.9.8 (git b412dd0, Maven Central)",0.2570063918828964
uspto,US07314693-20080101-C00650,CCCCC(C)C1(C)CCc2c(Cc3c(O)c(C)c(C)c4c3CCC(C)O4)c(O)c(C)c(C)c2O1,,,,"MolVec 0.9.8 (git b412dd0, Maven Central)",0.8422448057681322
uspto,US07314693-20080101-C00651,CCCC(C)C1CC12CCc1c(C)c(O)c(Cc3c(C)c4c(c(C)c3O)CCC(C)(C(C)(CCC)CCC)O4)c(C)c1O2,,,,"MolVec 0.9.8 (git b412dd0, Maven Central)",0.5630691256374121
uspto,US07314693-20080101-C00652,CCC1(C)CCc2c(Cc3c(O)c(C)c(C)c4c3CCC(C)(CC)O4)c(O)c(C)c(C)c2O1,,,,"MolVec 0.9.8 (git b412dd0, Maven Central)",0.221824424341321
uspto,US07314693-20080101-C00653,CC(C)=CCCC1(C)C=Cc2cc(O)c(C)cc2O1,,,,"MolVec 0.9.8 (git b412dd0, Maven Central)",0.36386468447744846
uspto,US07314693-20080101-C00654,Cc1c(O)cc2c(c1C)OC(C)(C)C2,,,,"MolVec 0.9.8 (git b412dd0, Maven Central)",0.28175976127386093
uspto,US07314693-20080101-C00655,Cc1cc2c(C)c(O)c(C)c(C)c2o1,,,,"MolVec 0.9.8 (git b412dd0, Maven Central)",0.2933680433779955
uspto,US07314693-20080101-C00656,Cc1c(C)c2c(c(C)c1O)CCC(C)(C)S2,,,,"MolVec 0.9.8 (git b412dd0, Maven Central)",0.12479670159518719
uspto,US07314693-20080101-C00657,Oc1ccc2c(c1)CCCS2,,,,"MolVec 0.9.8 (git b412dd0, Maven Central)",0.04843253828585148
uspto,US07314693-20080101-C00658,Cc1c(C)c2c(c(C)c1O)C(C)(C)CCS2,,,,"MolVec 0.9.8 (git b412dd0, Maven Central)",0.08076687157154083
uspto,US07314693-20080101-C00659,Cc1c(C)c2c(c(C)c1O)CCCS2,,,,"MolVec 0.9.8 (git b412dd0, Maven Central)",0.062182359397411346
uspto,US07314693-20080101-C00660,Cc1c(C)c2c(c(C)c1O)CCC(C)S2,,,,"MolVec 0.9.8 (git b412dd0, Maven Central)",0.0822833739221096
uspto,US07314693-20080101-C00661,Oc1ccc2c(c1Br)CCCS2,,,,"MolVec 0.9.8 (git b412dd0, Maven Central)",0.04736289940774441
uspto,US07314693-20080101-C00662,COC(=O)C1(C)CCc2c(C)c(O)c(C)c(C)c2S1,,,,"MolVec 0.9.8 (git b412dd0, Maven Central)",0.09327985718846321
uspto,US07314693-20080101-C00663,Cc1c(C)c2c(c(C)c1O)CCC(C)(C(=O)O)S2,,,,"MolVec 0.9.8 (git b412dd0, Maven Central)",0.08790876343846321
uspto,US07314693-20080101-C00666,CC(=O)N1CCCc2c1ccc(O)c2Br,,,,"MolVec 0.9.8 (git b412dd0, Maven Central)",0.06322621926665306
uspto,US07314693-20080101-C00667,CC(=O)N1CCCc2c(C)c(O)cc(C)c21,,,,"MolVec 0.9.8 (git b412dd0, Maven Central)",0.06840074993669987
uspto,US07314693-20080101-C00668,CC(=O)N1CCCc2cc(O)c(C)c(C)c21,,,,"MolVec 0.9.8 (git b412dd0, Maven Central)",0.0627845972776413
uspto,US07314693-20080101-C00669,CC(=O)N1CCCc2c(C)c(O)c(C)c(C)c21,,,,"MolVec 0.9.8 (git b412dd0, Maven Central)",0.07577787339687347
uspto,US07314693-20080101-C00670,CN1CCCc2cc(O)c(Br)cc21,,,,"MolVec 0.9.8 (git b412dd0, Maven Central)",0.05051739886403084
uspto,US07314693-20080101-C00671,CN1CC=Cc2cc(O)ccc21,,,,"MolVec 0.9.8 (git b412dd0, Maven Central)",0.049708349630236626
uspto,US07314693-20080101-C00672,CCN1CCCc2cc(O)ccc21,,,,"MolVec 0.9.8 (git b412dd0, Maven Central)",0.048499805852770805
uspto,US07314693-20080101-C00673,Oc1ccc2c(c1)CCCN2,,,,"MolVec 0.9.8 (git b412dd0, Maven Central)",0.06048405542969704
uspto,US07314693-20080101-C00674,Cc1cc(O)c(C)c2c1NCCC2,,,,"MolVec 0.9.8 (git b412dd0, Maven Central)",0.07448208704590797
uspto,US07314693-20080101-C00675,Cc1c(O)cc2c(c1C)NCCC2,,,,"MolVec 0.9.8 (git b412dd0, Maven Central)",0.055204181000590324
uspto,US07314693-20080101-C00676,COc1ccc(C(C)(O)N2CCCc3cc(O)c(OC)cc32)cc1O,,,,"MolVec 0.9.8 (git b412dd0, Maven Central)",0.12687085568904877
uspto,US07314693-20080101-C00677,COc1ccc(CCN2CCCc3cc(O)c(OC)cc32)cc1O,,,,"MolVec 0.9.8 (git b412dd0, Maven Central)",0.13018457032740116
uspto,US07314693-20080101-C00678,CN1CCCc2cc(O)ccc21,,,,"MolVec 0.9.8 (git b412dd0, Maven Central)",0.04822933487594128
uspto,US07314693-20080101-C00679,Cc1c(C)c2c(c(C)c1O)CCCN2,,,,"MolVec 0.9.8 (git b412dd0, Maven Central)",0.0678911954164505
uspto,US07314693-20080101-C00680,CC1=CC(C)(C)Nc2ccc(O)cc21,,,,"MolVec 0.9.8 (git b412dd0, Maven Central)",0.08009088411927223
uspto,US07314693-20080101-C00682,CC1CCc2cc(O)ccc2N1,,,,"MolVec 0.9.8 (git b412dd0, Maven Central)",0.057676250115036964
uspto,US07314693-20080101-C00683,CC1CC(C)(C)Nc2ccc(O)cc21,,,,"MolVec 0.9.8 (git b412dd0, Maven Central)",0.08064178749918938
uspto,US07314693-20080101-C00684,CC(=O)N1CCCc2cc(O)ccc21,,,,"MolVec 0.9.8 (git b412dd0, Maven Central)",0.0522470586001873
uspto,US07314693-20080101-C00686,CCN1CCCc2c(C)c(O)c(C)c(C)c21,,,,"MolVec 0.9.8 (git b412dd0, Maven Central)",0.07095662504434586
uspto,US07314693-20080101-C00688,C=CCc1cc(O)cc2c1N(C)CCC2,,,,"MolVec 0.9.8 (git b412dd0, Maven Central)",0.06508960388600826
uspto,US07314693-20080101-C00689,CC1=CC(C)(C)N(ON2c3ccc(O)cc3C(C)=CC2(C)C)c2ccc(O)cc21,,,,"MolVec 0.9.8 (git b412dd0, Maven Central)",0.18409042432904243
uspto,US07314693-20080101-C00690,CC1CC(C)(C)N(ON2c3ccc(O)cc3C(C)CC2(C)C)c2ccc(O)cc21,,,,"MolVec 0.9.8 (git b412dd0, Maven Central)",0.17001433856785297
uspto,US07314693-20080101-C00691,CCC(N1CCCc2cc(O)ccc21)N1CCCc2cc(O)ccc21,,,,"MolVec 0.9.8 (git b412dd0, Maven Central)",0.1127119679003954
uspto,US07314693-20080101-C00693,Oc1ccc(O)c2c1CC=CC2,,,,"MolVec 0.9.8 (git b412dd0, Maven Central)",0.052319034934043884
uspto,US07314693-20080101-C00694,CC1=C(C)Cc2c(O)ccc(O)c2C1,,,,"MolVec 0.9.8 (git b412dd0, Maven Central)",0.059461671859025955
uspto,US07314693-20080101-C00695,COc1cc(O)c2c(c1O)CC=CC2,,,,"MolVec 0.9.8 (git b412dd0, Maven Central)",0.06983942538499832
uspto,US07314693-20080101-C00696,CC1=CCc2c(O)ccc(O)c2C1,,,,"MolVec 0.9.8 (git b412dd0, Maven Central)",0.0644872821867466
uspto,US07314693-20080101-C00697,CC1C=CCc2c(O)ccc(O)c21,,,,"MolVec 0.9.8 (git b412dd0, Maven Central)",0.04881991818547249
uspto,US07314693-20080101-C00698,CCOC1=CCc2c(O)ccc(O)c2C1,,,,"MolVec 0.9.8 (git b412dd0, Maven Central)",0.06367509998381138
uspto,US07314693-20080101-C00700,CC(O)C1=CCc2c(O)ccc(O)c2C1,,,,"MolVec 0.9.8 (git b412dd0, Maven Central)",0.07706549018621445
uspto,US07314693-20080101-C00701,COc1cc(O)c2c(c1O)CC(C)=C(C)C2,,,,"MolVec 0.9.8 (git b412dd0, Maven Central)",0.07962782680988312
uspto,US07314693-20080101-C00702,COc1c(O)c2c(c(O)c1OC)CC(C)=C(C)C2,,,,"MolVec 0.9.8 (git b412dd0, Maven Central)",0.09515639953315258
uspto,US07314693-20080101-C00703,Cc1cc(O)c2c(c1O)CC=CC2,,,,"MolVec 0.9.8 (git b412dd0, Maven Central)",0.055367203429341316
uspto,US07314693-20080101-C00705,COC1=CCc2c(O)ccc(O)c2C1,,,,"MolVec 0.9.8 (git b412dd0, Maven Central)",0.05646049603819847
uspto,US07314693-20080101-C00706,Oc1ccc(O)c2c1CC=C(Cl)C2,,,,"MolVec 0.9.8 (git b412dd0, Maven Central)",0.049950335174798965
uspto,US07314693-20080101-C00707,CC1=CC(C)c2c(O)ccc(O)c2C1,,,,"MolVec 0.9.8 (git b412dd0, Maven Central)",0.060095202177762985
uspto,US07314693-20080101-C00708,CC1C=CC(C)c2c(O)ccc(O)c21,,,,"MolVec 0.9.8 (git b412dd0, Maven Central)",0.05865710414946079
uspto,US07314693-20080101-C00709,CC1=C(C)Cc2c(O)c(Cl)cc(O)c2C1,,,,"MolVec 0.9.8 (git b412dd0, Maven Central)",0.07510226033627987
uspto,US07314693-20080101-C00710,CC1=C(C)Cc2c(O)c(C)cc(O)c2C1,,,,"MolVec 0.9.8 (git b412dd0, Maven Central)",0.07596741244196892
uspto,US07314693-20080101-C00711,NC1CCc2c(O)ccc(O)c2C1,,,,"MolVec 0.9.8 (git b412dd0, Maven Central)",0.05621812120079994
uspto,US07314693-20080101-C00712,CN(C)C1CCc2c(O)ccc(O)c2C1,,,,"MolVec 0.9.8 (git b412dd0, Maven Central)",0.07727517187595367
uspto,US07314693-20080101-C00713,C=CC1(C)Cc2c(O)ccc(O)c2CC1C(=C)CO,,,,"MolVec 0.9.8 (git b412dd0, Maven Central)",0.09804406389594078
uspto,US07314693-20080101-C00714,C=C(C)C1Cc2c(O)ccc(O)c2CC1C,,,,"MolVec 0.9.8 (git b412dd0, Maven Central)",0.07581093907356262
uspto,US07314693-20080101-C00715,Oc1ccc(O)c2c1CCCC2,,,,"MolVec 0.9.8 (git b412dd0, Maven Central)",0.04088403098285198
uspto,US07314693-20080101-C00716,CNC1CCc2c(O)ccc(O)c2C1,,,,"MolVec 0.9.8 (git b412dd0, Maven Central)",0.07597164250910282
uspto,US07314693-20080101-C00718,CC(C)=CCCC(CO)C1CCC(C)c2c(O)cc(C)c(O)c21,,,,"MolVec 0.9.8 (git b412dd0, Maven Central)",0.17059621587395668
uspto,US07314693-20080101-C00719,CC1CCCc2c(O)ccc(O)c21,,,,"MolVec 0.9.8 (git b412dd0, Maven Central)",0.0457585621625185
uspto,US07314693-20080101-C00720,Cc1cc(O)c2c(c1O)CCCC2,,,,"MolVec 0.9.8 (git b412dd0, Maven Central)",0.05328510142862797
uspto,US07314693-20080101-C00721,Cc1c(C)c(O)c2c(c1O)CCCC2,,,,"MolVec 0.9.8 (git b412dd0, Maven Central)",0.061186326667666435
uspto,US07314693-20080101-C00722,Oc1ccc2c(c1)OCO2,,,,"MolVec 0.9.8 (git b412dd0, Maven Central)",0.030739037320017815
uspto,US07314693-20080101-C00723,COc1cc(O)c(-c2cc3ccccc3o2)c2c1OCO2,,,,"MolVec 0.9.8 (git b412dd0, Maven Central)",0.08923706971108913
uspto,US07314693-20080101-C00724,COc1c2c(cc(O)c1-c1cc3ccccc3o1)OCO2,,,,"MolVec 0.9.8 (git b412dd0, Maven Central)",0.07958944514393806
uspto,US07314693-20080101-C00726,CC(C)=CCc1cc2c(c(CC=C(C)C)c1O)OCO2,,,,"MolVec 0.9.8 (git b412dd0, Maven Central)",0.12293359450995922
uspto,US07314693-20080101-C00727,CC(C)C1(C(C)C)Oc2ccc(O)cc2O1,,,,"MolVec 0.9.8 (git b412dd0, Maven Central)",0.08577337116003036
uspto,US07314693-20080101-C00728,Oc1cc2c(cc1C(c1ccc3c(c1)OCO3)N1CCOCC1)OCO2,,,,"MolVec 0.9.8 (git b412dd0, Maven Central)",0.11640768684446812
uspto,US07314693-20080101-C00729,Oc1cc2c(cc1C(c1ccc3c(c1)OCO3)N1CCCCC1)OCO2,,,,"MolVec 0.9.8 (git b412dd0, Maven Central)",0.12026642635464668
uspto,US07314693-20080101-C00730,Cc1c(C)c2c(c(Br)c1O)OCO2,,,,"MolVec 0.9.8 (git b412dd0, Maven Central)",0.05706961266696453
uspto,US07314693-20080101-C00732,Oc1cc2c(cc1C(c1ccc(Cl)cc1)N1CCCCC1)OCO2,,,,"MolVec 0.9.8 (git b412dd0, Maven Central)",0.10359177738428116
uspto,US07314693-20080101-C00733,CCN(CC)c1ccc(C(c2cc3c(cc2O)OCO3)N2CCOCC2)cc1,,,,"MolVec 0.9.8 (git b412dd0, Maven Central)",0.13867810741066933
uspto,US07314693-20080101-C00734,CNc1ccc(C(c2cc3c(cc2O)OCO3)N2CCCCC2)cc1,,,,"MolVec 0.9.8 (git b412dd0, Maven Central)",0.13463734462857246
uspto,US07314693-20080101-C00735,COc1ccc2c(c1)OCC(c1cc3c(cc1O)OCO3)C2,,,,"MolVec 0.9.8 (git b412dd0, Maven Central)",0.09626010432839394
uspto,US07314693-20080101-C00736,COc1c(O)cc2c(c1OC)OCO2,,,,"MolVec 0.9.8 (git b412dd0, Maven Central)",0.06100521422922611
uspto,US07314693-20080101-C00737,COc1cccc(C(c2cc3c(cc2O)OCO3)N2CCCCC2)c1OC,,,,"MolVec 0.9.8 (git b412dd0, Maven Central)",0.13143343105912209
uspto,US07314693-20080101-C00738,COc1ccc(C(c2cc3c(cc2O)OCO3)N2CCCCC2)cc1OC,,,,"MolVec 0.9.8 (git b412dd0, Maven Central)",0.14242739602923393
uspto,US07314693-20080101-C00739,COc1ccc(C(c2cc3c(cc2O)OCO3)N2CCOCC2)c(OC)c1,,,,"MolVec 0.9.8 (git b412dd0, Maven Central)",0.12686201184988022
uspto,US07314693-20080101-C00740,CC1(C)Oc2ccc(O)cc2O1,,,,"MolVec 0.9.8 (git b412dd0, Maven Central)",0.048533715307712555
uspto,US07314693-20080101-C00741,Cc1cc(O)cc2c1OC(C)O2,,,,"MolVec 0.9.8 (git b412dd0, Maven Central)",0.054481182247400284
uspto,US07314693-20080101-C00742,Cc1cc(O)c(C)c2c1OCO2,,,,"MolVec 0.9.8 (git b412dd0, Maven Central)",0.056312195956707
uspto,US07314693-20080101-C00743,Cc1c(O)cc2c(c1C)OCO2,,,,"MolVec 0.9.8 (git b412dd0, Maven Central)",0.06863618083298206
uspto,US07314693-20080101-C00748,C=CC(C)(C)c1cc2c(cc1O)OCO2,,,,"MolVec 0.9.8 (git b412dd0, Maven Central)",0.07416057027876377
uspto,US07314693-20080101-C00750,CCC1(C)Oc2ccc(O)cc2O1,,,,"MolVec 0.9.8 (git b412dd0, Maven Central)",0.050235556438565254
uspto,US07314693-20080101-C00752,COc1c(O)ccc2c1OCO2,,,,"MolVec 0.9.8 (git b412dd0, Maven Central)",0.04715578816831112
uspto,US07314693-20080101-C00753,COc1cc2c(cc1O)OCO2,,,,"MolVec 0.9.8 (git b412dd0, Maven Central)",0.041138386353850365
uspto,US07314693-20080101-C00754,COc1cc(O)cc2c1OCO2,,,,"MolVec 0.9.8 (git b412dd0, Maven Central)",0.04726281948387623
uspto,US07314693-20080101-C00758,CC(C)=CCc1cc2c(cc1O)OCO2,,,,"MolVec 0.9.8 (git b412dd0, Maven Central)",0.08029190450906754
uspto,US07314693-20080101-C00759,Cc1c(O)cc(NC(Cl)Cl)c2c1OCO2,,,,"MolVec 0.9.8 (git b412dd0, Maven Central)",0.09852935560047626
uspto,US07314693-20080101-C00761,CC1(c2ccccc2)Oc2ccc(O)cc2O1,,,,"MolVec 0.9.8 (git b412dd0, Maven Central)",0.05678239464759827
uspto,US07314693-20080101-C00763,C=CCc1cc2c(cc1O)OCO2,,,,"MolVec 0.9.8 (git b412dd0, Maven Central)",0.06800198927521706
uspto,US07314693-20080101-C00764,CC=Cc1cc2c(cc1O)OCO2,,,,"MolVec 0.9.8 (git b412dd0, Maven Central)",0.06274152547121048
uspto,US07314693-20080101-C00767,Oc1cc2c(cc1Cc1ccc3c(c1)OCO3)OCO2,,,,"MolVec 0.9.8 (git b412dd0, Maven Central)",0.09481744281947613
uspto,US07314693-20080101-C00768,CC(C)(Br)C(Br)Cc1cc2c(cc1O)OCO2,,,,"MolVec 0.9.8 (git b412dd0, Maven Central)",0.09179864823818207
uspto,US07314693-20080101-C00771,COC1c2ccccc2OCC1c1cc2c(cc1O)OCO2,,,,"MolVec 0.9.8 (git b412dd0, Maven Central)",0.0968631561845541
uspto,US07314693-20080101-C00772,CCOC1(C)Oc2ccc(O)cc2O1,,,,"MolVec 0.9.8 (git b412dd0, Maven Central)",0.052199119701981544
uspto,US07314693-20080101-C00773,COc1cc(O)c(C)cc1CCCc1cc2c(cc1O)OCO2,,,,"MolVec 0.9.8 (git b412dd0, Maven Central)",0.12339560873806477
uspto,US07314693-20080101-C00778,C=CCc1c(O)ccc2c1OCO2,,,,"MolVec 0.9.8 (git b412dd0, Maven Central)",0.05991746112704277
uspto,US07314693-20080101-C00780,Oc1cc2c(cc1CCc1cc3c(cc1O)OCO3)OCO2,,,,"MolVec 0.9.8 (git b412dd0, Maven Central)",0.08125530555844307
uspto,US07314693-20080101-C00782,Oc1cc2c(cc1Cc1cc3c(cc1O)OCO3)OCO2,,,,"MolVec 0.9.8 (git b412dd0, Maven Central)",0.09650867246091366
uspto,US07314694-20080101-C00003,Oc1cc(O)c2c(c1)OC(c1ccc(O)c(O)c1)C(O)C2,,,,"MolVec 0.9.8 (git b412dd0, Maven Central)",0.1561257354915142
uspto,US07314698-20080101-C00019,CCOC(=O)C(=O)c1cc(C)c(O)c(C)c1,,,,"MolVec 0.9.8 (git b412dd0, Maven Central)",0.14323975518345833
uspto,US07314698-20080101-C00020,C=Cc1ccc(S(=O)(=O)Oc2c(C)cc(C(=O)C(=O)OCC)cc2C)cc1,,,,"MolVec 0.9.8 (git b412dd0, Maven Central)",0.15233080834150314
uspto,US07314698-20080101-C00070,C=C(COc1c(C)cc(C(=O)C(=O)OCC)cc1C)C(C)=O,,,,"MolVec 0.9.8 (git b412dd0, Maven Central)",0.0867760144174099
uspto,US07314698-20080101-C00073,C=Cc1ccc(COc2c(C)cc(C(=O)C(=O)OCC)cc2C)cc1,,,,"MolVec 0.9.8 (git b412dd0, Maven Central)",0.10548078268766403
uspto,US07314700-20080101-C00001,Cc1cc([SH](C)C)cc(C)c1O,,,,"MolVec 0.9.8 (git b412dd0, Maven Central)",0.07122911512851715
uspto,US07314704-20080101-C00001,CCCCN(CCCC)c1ccc2c(c1)Oc1cc(C)c(Nc3ccccc3)cc1C21OC(=O)c2ccccc21,,,,"MolVec 0.9.8 (git b412dd0, Maven Central)",0.2440957110375166
uspto,US07314705-20080101-C00002,c1ccc2cc3c(cc2c1)-c1nc-3nc2[nH]c(nc3nc(nc4[nH]c(n1)c1cc5ccccc5cc41)-c1cc4ccccc4cc1-3)c1cc3ccccc3cc21,,,,"MolVec 0.9.8 (git b412dd0, Maven Central)",0.5217780340462923
uspto,US07314705-20080101-C00008,C[H]N(CCC(C)C)C1=CC=C2C(=C1)OC1=C(C=C(NC3=CC=CC=C3)C(C)=C1)C21OC(=O)C2=CC=CC=C21,,,,"MolVec 0.9.8 (git b412dd0, Maven Central)",0.20270168595016003
uspto,US07314705-20080101-C00010,CCCN1/C(=C/C=C2\CCCC(/C=C\C3=[N+](CCC)c4ccccc4C3(C)C)=C2Cl)C(C)(C)c2ccccc21,,,,"MolVec 0.9.8 (git b412dd0, Maven Central)",0.21705451421439648
uspto,US07314706-20080101-C00116,C[N+]12CCC(CC1)C2,,,,"MolVec 0.9.8 (git b412dd0, Maven Central)",0.020747223868966103
uspto,US07314706-20080101-C00145,CC(Nc1cccc(C(=O)Nc2cccc(-n3c(S)nnc3S)c2)c1)C(=O)O,,,,"MolVec 0.9.8 (git b412dd0, Maven Central)",0.1391578335314989
uspto,US07314764-20080101-C00001,NCCCNC(=O)c1ccc(S)cc1,,,,"MolVec 0.9.8 (git b412dd0, Maven Central)",0.07012487202882767
uspto,US07314778-20080101-C00003,O=C1C=CC(=O)N1c1ccc(Cc2ccc(N3C(=O)C=CC3=O)cc2)cc1,,,,"MolVec 0.9.8 (git b412dd0, Maven Central)",0.14553108997642994
uspto,US07314778-20080101-C00006,CCc1cc(C)c(N2C(=O)C=CC2=O)c(CC)c1N1C(=O)C=CC1=O,,,,"MolVec 0.9.8 (git b412dd0, Maven Central)",0.16251998022198677
uspto,US07314778-20080101-C00008,CC1(C)CC(C(C)(C)N2C(=O)C=CC2=O)CCC1N1C(=O)C=CC1=O,,,,"MolVec 0.9.8 (git b412dd0, Maven Central)",0.1304300669580698
uspto,US07314778-20080101-C00010,O=C1C=CC(=O)N1Cc1ccc(CN2C(=O)C=CC2=O)cc1,,,,"MolVec 0.9.8 (git b412dd0, Maven Central)",0.1487827729433775
uspto,US07314778-20080101-C00013,CC1CC(C(=O)C2CCC(N3C(=O)C=CC3=O)C(C)C2)CCC1N1C(=O)C=CC1=O,,,,"MolVec 0.9.8 (git b412dd0, Maven Central)",0.16782874427735806
uspto,US07314778-20080101-C00015,O=C1C=CC(=O)N1C1CCC(N2C(=O)C=CC2=O)CC1,,,,"MolVec 0.9.8 (git b412dd0, Maven Central)",0.13223901018500328
uspto,US07314778-20080101-C00016,O=C1C=CC(=O)N1C1CCCC(N2C(=O)C=CC2=O)C1,,,,"MolVec 0.9.8 (git b412dd0, Maven Central)",0.10901767946779728
uspto,US07314778-20080101-C00017,O=C1C=CC(=O)N1C1CCC2CC(N3C(=O)C=CC3=O)CC2C1,,,,"MolVec 0.9.8 (git b412dd0, Maven Central)",0.12954492308199406
uspto,US07314778-20080101-C00019,CSc1cc(C)c(N)c(SC)c1N,,,,"MolVec 0.9.8 (git b412dd0, Maven Central)",0.10437015630304813
uspto,US07314778-20080101-C00022,CCC(C)Nc1ccc(Cc2ccc(NC(C)CC)cc2)cc1,,,,"MolVec 0.9.8 (git b412dd0, Maven Central)",0.11718453653156757
uspto,US07314778-20080101-C00023,CC1CC(CC2CCC(N)C(C)C2)CCC1N,,,,"MolVec 0.9.8 (git b412dd0, Maven Central)",0.08362585119903088
uspto,US07314778-20080101-C00024,CCC(C)NC1CCC(CC2CCC(NC(C)CC)CC2)CC1,,,,"MolVec 0.9.8 (git b412dd0, Maven Central)",0.10413716360926628
uspto,US07314778-20080101-C00025,CC(C)(N)C1CCC(N)C(C)(C)C1,,,,"MolVec 0.9.8 (git b412dd0, Maven Central)",0.13420861586928368
uspto,US07314778-20080101-C00028,Cc1cc(-c2cc(C)c(OC[C@H]3CO3)c(C)c2)cc(C)c1OCC1CO1,,,,"MolVec 0.9.8 (git b412dd0, Maven Central)",0.15529120713472366
uspto,US07314778-20080101-C00029,CC(C)(c1ccc(OCC2CO2)cc1)c1ccc(OC[C@H]2CO2)cc1,,,,"MolVec 0.9.8 (git b412dd0, Maven Central)",0.14405960775911808
uspto,US07314778-20080101-C00030,Oc1ccc(Cc2ccc(O)cc2)cc1,,,,"MolVec 0.9.8 (git b412dd0, Maven Central)",0.08704772032797337
uspto,US07314778-20080101-C00031,C=CCc1cc(C(C)(C)c2ccc(O)c(CC=C)c2)ccc1O,,,,"MolVec 0.9.8 (git b412dd0, Maven Central)",0.1030571348965168
uspto,US07314778-20080101-C00032,C/C=C/c1ccccc1Oc1ccc(C(=O)c2ccc(Oc3ccccc3/C=C/C)cc2)cc1,,,,"MolVec 0.9.8 (git b412dd0, Maven Central)",0.15685846097767353
uspto,US07314862-20080101-C00002,C/C=C1\NC(=O)[C@H]2CSSO3=C(N2)[C@@H](C(C)C)NC(=O)C[C@@H](/C=C/C3)OC(=O)[C@H](C(C)C)NC1=O,,,,"MolVec 0.9.8 (git b412dd0, Maven Central)",0.24661793932318687
uspto,US07314871-20080101-C00053,CCCC(=O)NC(C)C(=O)O,,,,"MolVec 0.9.8 (git b412dd0, Maven Central)",0.06293201260268688
uspto,US07314871-20080101-C00054,CCCC(=O)NC(CC)C(=O)O,,,,"MolVec 0.9.8 (git b412dd0, Maven Central)",0.06717848964035511
uspto,US07314871-20080101-C00055,CCOc1ccccc1C#N,,,,"MolVec 0.9.8 (git b412dd0, Maven Central)",0.042923975735902786
uspto,US07314871-20080101-C00056,CCOc1ccccc1C(=N)N,,,,"MolVec 0.9.8 (git b412dd0, Maven Central)",0.06396961025893688
uspto,US07314871-20080101-C00057,CCCOc1ccccc1C#N,,,,"MolVec 0.9.8 (git b412dd0, Maven Central)",0.045517437160015106
uspto,US07314871-20080101-C00058,CCCOc1ccccc1C(=N)N,,,,"MolVec 0.9.8 (git b412dd0, Maven Central)",0.08627399802207947
uspto,US07314871-20080101-C00059,CCOc1cc(OC)ccc1C#N,,,,"MolVec 0.9.8 (git b412dd0, Maven Central)",0.06408294290304184
uspto,US07314871-20080101-C00060,CCOc1cc(OC)ccc1C(=N)N,,,,"MolVec 0.9.8 (git b412dd0, Maven Central)",0.07884304039180279
uspto,US07314871-20080101-C00062,CCCc1nc(C)c2c(=O)[nH]c(-c3ccccc3OCC)nn12,,,,"MolVec 0.9.8 (git b412dd0, Maven Central)",0.12176883593201637
uspto,US07314871-20080101-C00063,CCCOc1ccccc1-c1nn2c(CCC)nc(C)c2c(=O)[nH]1,,,,"MolVec 0.9.8 (git b412dd0, Maven Central)",0.1549613792449236
uspto,US07314871-20080101-C00064,CCCc1nc(C)c2c(=O)[nH]c(-c3ccc(OC)cc3OCC)nn12,,,,"MolVec 0.9.8 (git b412dd0, Maven Central)",0.19210556708276272
uspto,US07314871-20080101-C00065,CCCc1nc(CC)c2c(=O)[nH]c(-c3ccccc3OCC)nn12,,,,"MolVec 0.9.8 (git b412dd0, Maven Central)",0.14860247261822224
uspto,US07314871-20080101-C00067,CCCc1nc(C)c2c(=O)[nH]c(-c3cc(S(=O)(=O)Cl)ccc3OCC)nn12,,,,"MolVec 0.9.8 (git b412dd0, Maven Central)",0.1359881479293108
uspto,US07314871-20080101-C00068,CCCOc1ccc(S(=O)(=O)Cl)cc1-c1nn2c(CCC)nc(C)c2c(=O)[nH]1,,,,"MolVec 0.9.8 (git b412dd0, Maven Central)",0.18206157349050045
uspto,US07314871-20080101-C00069,CCCc1nc(C)c2c(=O)[nH]c(-c3cc(S(=O)(=O)Cl)c(OC)cc3OCC)nn12,,,,"MolVec 0.9.8 (git b412dd0, Maven Central)",0.20823939330875874
uspto,US07314871-20080101-C00070,CCCc1nc(CC)c2c(=O)[nH]c(-c3cc(S(=O)(=O)Cl)ccc3OCC)nn12,,,,"MolVec 0.9.8 (git b412dd0, Maven Central)",0.15578829310834408
uspto,US07314871-20080101-C00073,Cc1c(C(=O)Cl)no[n+]1[O-],,,,"MolVec 0.9.8 (git b412dd0, Maven Central)",0.057923754677176476
uspto,US07314871-20080101-C00074,Cc1c(C(=O)N2CCN(C(=O)OC(C)(C)C)CC2)no[n+]1[O-],,,,"MolVec 0.9.8 (git b412dd0, Maven Central)",0.12099478393793106
uspto,US07314871-20080101-C00075,Cc1c(C(=O)N2CC[NH2+]CC2)no[n+]1[O-].O=C([O-])C(F)(F)F,,,,"MolVec 0.9.8 (git b412dd0, Maven Central)",0.1360919363796711
uspto,US07314871-20080101-C00076,CCOc1ccc(S(=O)(=O)N2CCN(C)CC2)cc1-c1nn2c(C)nc(C)c2c(=O)[nH]1,,,,"MolVec 0.9.8 (git b412dd0, Maven Central)",0.2449931651353836
uspto,US07314871-20080101-C00077,CCOc1ccc(S(=O)(=O)N2CCN(CCO)CC2)cc1-c1nn2c(C)nc(C)c2c(=O)[nH]1,,,,"MolVec 0.9.8 (git b412dd0, Maven Central)",0.2613626755774021
uspto,US07314871-20080101-C00078,CCOc1ccc(S(=O)(=O)N2CCC(O)CC2)cc1-c1nn2c(C)nc(C)c2c(=O)[nH]1,,,,"MolVec 0.9.8 (git b412dd0, Maven Central)",0.21621153689920902
uspto,US07314871-20080101-C00079,CCOc1ccc(S(=O)(=O)N2CCC(CO)CC2)cc1-c1nn2c(C)nc(C)c2c(=O)[nH]1,,,,"MolVec 0.9.8 (git b412dd0, Maven Central)",0.21281563118100166
uspto,US07314871-20080101-C00080,CCOc1ccc(S(=O)(=O)N2CCC(O)C2)cc1-c1nn2c(C)nc(C)c2c(=O)[nH]1,,,,"MolVec 0.9.8 (git b412dd0, Maven Central)",0.1988053023815155
uspto,US07314871-20080101-C00081,CCOc1ccc(S(=O)(=O)N(CC)CCO)cc1-c1nn2c(C)nc(C)c2c(=O)[nH]1,,,,"MolVec 0.9.8 (git b412dd0, Maven Central)",0.19435451924800873
uspto,US07314871-20080101-C00082,CCOc1ccc(S(=O)(=O)N(CC)CC)cc1-c1nn2c(C)nc(C)c2c(=O)[nH]1,,,,"MolVec 0.9.8 (git b412dd0, Maven Central)",0.19440964609384537
uspto,US07314871-20080101-C00083,CCOc1ccc(S(=O)(=O)N2CCN(c3ncccn3)CC2)cc1-c1nn2c(C)nc(C)c2c(=O)[nH]1,,,,"MolVec 0.9.8 (git b412dd0, Maven Central)",0.23981238901615143
uspto,US07314871-20080101-C00084,CCOc1ccc(S(=O)(=O)N2CCOCC2)cc1-c1nn2c(C)nc(C)c2c(=O)[nH]1,,,,"MolVec 0.9.8 (git b412dd0, Maven Central)",0.19004257023334503
uspto,US07314871-20080101-C00085,CCOc1ccc(S(=O)(=O)N2CCC3(C2)OCCO3)cc1-c1nn2c(C)nc(C)c2c(=O)[nH]1,,,,"MolVec 0.9.8 (git b412dd0, Maven Central)",0.22760094329714775
uspto,US07314871-20080101-C00086,CCOc1ccc(S(=O)(=O)N(CCOC)CCOC)cc1-c1nn2c(C)nc(C)c2c(=O)[nH]1,,,,"MolVec 0.9.8 (git b412dd0, Maven Central)",0.21255035884678364
uspto,US07314871-20080101-C00087,CCOc1ccc(S(=O)(=O)Nc2ccon2)cc1-c1nn2c(C)nc(C)c2c(=O)[nH]1,,,,"MolVec 0.9.8 (git b412dd0, Maven Central)",0.20755162835121155
uspto,US07314871-20080101-C00088,CCOc1ccc(S(=O)(=O)N2CCOC(CNC(=O)OC(C)(C)C)C2)cc1-c1nn2c(C)nc(C)c2c(=O)[nH]1,,,,"MolVec 0.9.8 (git b412dd0, Maven Central)",0.29675458930432796
uspto,US07314871-20080101-C00089,CCOc1ccc(S(=O)(=O)N2CCN(c3ccccc3)CC2)cc1-c1nn2c(C)nc(C)c2c(=O)[nH]1,,,,"MolVec 0.9.8 (git b412dd0, Maven Central)",0.23847625218331814
uspto,US07314871-20080101-C00090,CCOc1ccc(S(=O)(=O)N2CCC(O)(COC)C2)cc1-c1nn2c(C)nc(C)c2c(=O)[nH]1,,,,"MolVec 0.9.8 (git b412dd0, Maven Central)",0.24213825166225433
uspto,US07314871-20080101-C00096,CCCc1nc(C)c2c(=O)[nH]c(-c3cc(S(=O)(=O)NN4CCN(C)CC4)ccc3OCC)nn12,,,,"MolVec 0.9.8 (git b412dd0, Maven Central)",0.288837606087327
uspto,US07314871-20080101-C00097,CCCc1nc(C)c2c(=O)[nH]c(-c3cc(S(=O)(=O)NN4CCN(CCO)CC4)ccc3OCC)nn12,,,,"MolVec 0.9.8 (git b412dd0, Maven Central)",0.28789865039289
uspto,US07314871-20080101-C00098,CCCc1nc(C)c2c(=O)[nH]c(-c3cc(S(=O)(=O)NCCN(CCO)CCO)ccc3OCC)nn12,,,,"MolVec 0.9.8 (git b412dd0, Maven Central)",0.2554597519338131
uspto,US07314871-20080101-C00099,CCCc1nc(C)c2c(=O)[nH]c(-c3cc(S(=O)(=O)N4CCN(CP(=O)(OC)OC)CC4)ccc3OCC)nn12,,,,"MolVec 0.9.8 (git b412dd0, Maven Central)",0.300476411357522
uspto,US07314871-20080101-C00104,CCCc1nc(C)c2c(=O)[nH]c(-c3cc(S(=O)(=O)N4CCN(CCCO)CC4)ccc3OCC)nn12,,,,"MolVec 0.9.8 (git b412dd0, Maven Central)",0.23872876912355423
uspto,US07314871-20080101-C00105,C=CCN(CCO)S(=O)(=O)c1ccc(OCC)c(-c2nn3c(CCC)nc(C)c3c(=O)[nH]2)c1,,,,"MolVec 0.9.8 (git b412dd0, Maven Central)",0.21319716051220894
uspto,US07314871-20080101-C00109,CCCc1nc(C)c2c(=O)[nH]c(-c3cc(S(=O)(=O)NCCN(C)C)ccc3OCC)nn12,,,,"MolVec 0.9.8 (git b412dd0, Maven Central)",0.25064725056290627
uspto,US07314871-20080101-C00110,CCCc1nc(C)c2c(=O)[nH]c(-c3cc(S(=O)(=O)NCCCN4CCOCC4)ccc3OCC)nn12,,,,"MolVec 0.9.8 (git b412dd0, Maven Central)",0.22644712403416634
uspto,US07314871-20080101-C00111,CCCc1nc(C)c2c(=O)[nH]c(-c3cc(S(=O)(=O)NCCCN4CCN(C)CC4)ccc3OCC)nn12,,,,"MolVec 0.9.8 (git b412dd0, Maven Central)",0.2637884058058262
uspto,US07314871-20080101-C00112,CCCc1nc(C)c2c(=O)[nH]c(-c3cc(S(=O)(=O)N4CCN(CCOC)CC4)ccc3OCC)nn12,,,,"MolVec 0.9.8 (git b412dd0, Maven Central)",0.25310745276510715
uspto,US07314871-20080101-C00113,CCCc1nc(C)c2c(=O)[nH]c(-c3cc(S(=O)(=O)N4CCN(CCN(C)C)CC4)ccc3OCC)nn12,,,,"MolVec 0.9.8 (git b412dd0, Maven Central)",0.2594644259661436
uspto,US07314871-20080101-C00114,CCCc1nc(C)c2c(=O)[nH]c(-c3cc(S(=O)(=O)N4CCN(CCCN(C)C)CC4)ccc3OCC)nn12,,,,"MolVec 0.9.8 (git b412dd0, Maven Central)",0.2957115788012743
uspto,US07314871-20080101-C00115,CCCc1nc(C)c2c(=O)[nH]c(-c3cc(S(=O)(=O)N4CCC5(CC4)OCCO5)ccc3OCC)nn12,,,,"MolVec 0.9.8 (git b412dd0, Maven Central)",0.23181748017668724
uspto,US07314871-20080101-C00116,CCCc1nc(C)c2c(=O)[nH]c(-c3cc(S(=O)(=O)N4CCC(C(=O)c5no[n+]([O-])c5C)CC4)ccc3OCC)nn12,,,,"MolVec 0.9.8 (git b412dd0, Maven Central)",0.2659658081829548
uspto,US07314871-20080101-C00117,CCCc1nc(C)c2c(=O)[nH]c(-c3cc(S(=O)(=O)N4CCN(C(C)=O)CC4)ccc3OCC)nn12,,,,"MolVec 0.9.8 (git b412dd0, Maven Central)",0.230108130723238
uspto,US07314871-20080101-C00118,CCCc1nc(C)c2c(=O)[nH]c(-c3cc(S(=O)(=O)N4CCN(C=O)CC4)ccc3OCC)nn12,,,,"MolVec 0.9.8 (git b412dd0, Maven Central)",0.2371903881430626
uspto,US07314871-20080101-C00119,CCCC[n+]1[cH-]/c(=N\S(=O)(=O)c2ccc(OCC)c(-c3nn4c(CCC)nc(C)c4c(=O)[nH]3)c2)on1,,,,"MolVec 0.9.8 (git b412dd0, Maven Central)",0.27823833003640175
uspto,US07314871-20080101-C00120,CCCOc1ccc(S(=O)(=O)N2CCN(C)CC2)cc1-c1nn2c(CCC)nc(C)c2c(=O)[nH]1,,,,"MolVec 0.9.8 (git b412dd0, Maven Central)",0.23583628237247467
uspto,US07314871-20080101-C00123,CCCOc1ccc(S(=O)(=O)N2CCC(CO)CC2)cc1-c1nn2c(CCC)nc(C)c2c(=O)[nH]1,,,,"MolVec 0.9.8 (git b412dd0, Maven Central)",0.23545260913670063
uspto,US07314871-20080101-C00124,CCCOc1ccc(S(=O)(=O)N2CCN(CCO)CC2)cc1-c1nn2c(CCC)nc(C)c2c(=O)[nH]1,,,,"MolVec 0.9.8 (git b412dd0, Maven Central)",0.2838599570095539
uspto,US07314871-20080101-C00125,CCCOc1ccc(S(=O)(=O)NC2CCS(=O)(=O)C2)cc1-c1nn2c(CCC)nc(C)c2c(=O)[nH]1,,,,"MolVec 0.9.8 (git b412dd0, Maven Central)",0.2307515013962984
uspto,US07314871-20080101-C00126,CCCOc1ccc(S(=O)(=O)N(C)CCN(C)C)cc1-c1nn2c(CCC)nc(C)c2c(=O)[nH]1,,,,"MolVec 0.9.8 (git b412dd0, Maven Central)",0.25212010368704796
uspto,US07314871-20080101-C00127,CCCOc1ccc(S(=O)(=O)NCCCN2CCOCC2)cc1-c1nn2c(CCC)nc(C)c2c(=O)[nH]1,,,,"MolVec 0.9.8 (git b412dd0, Maven Central)",0.24528878554701805
uspto,US07314871-20080101-C00128,CCCOc1ccc(S(=O)(=O)N(CCO)CCO)cc1-c1nn2c(CCC)nc(C)c2c(=O)[nH]1,,,,"MolVec 0.9.8 (git b412dd0, Maven Central)",0.22803918458521366
uspto,US07314871-20080101-C00129,CCCOc1ccc(S(=O)(=O)NCc2cccc(O)c2)cc1-c1nn2c(CCC)nc(C)c2c(=O)[nH]1,,,,"MolVec 0.9.8 (git b412dd0, Maven Central)",0.24380770698189735
uspto,US07314871-20080101-C00130,CCCCOc1ccc(S(=O)(=O)N(CC)CCO)cc1-c1nn2c(CCC)nc(C)c2c(=O)[nH]1,,,,"MolVec 0.9.8 (git b412dd0, Maven Central)",0.2441588118672371
uspto,US07314871-20080101-C00131,CCCOc1ccc(S(=O)(=O)NCCCOCC)cc1-c1nn2c(CCC)nc(C)c2c(=O)[nH]1,,,,"MolVec 0.9.8 (git b412dd0, Maven Central)",0.25634535029530525
uspto,US07314871-20080101-C00133,CCCOc1ccc(S(=O)(=O)Nc2ccncc2)cc1-c1nn2c(CCC)nc(C)c2c(=O)[nH]1,,,,"MolVec 0.9.8 (git b412dd0, Maven Central)",0.22113107331097126
uspto,US07314871-20080101-C00134,CCCOc1ccc(S(=O)(=O)N(CC)CC)cc1-c1nn2c(CCC)nc(C)c2c(=O)[nH]1,,,,"MolVec 0.9.8 (git b412dd0, Maven Central)",0.2286570742726326
uspto,US07314871-20080101-C00135,CCCOc1ccc(S(=O)(=O)N2CCC(C(=O)O)CC2)cc1-c1nn2c(CCC)nc(C)c2c(=O)[nH]1,,,,"MolVec 0.9.8 (git b412dd0, Maven Central)",0.24360875971615314
uspto,US07314871-20080101-C00136,CCCOc1ccc(S(=O)(=O)N2CCOCC2)cc1-c1nn2c(CCC)nc(C)c2c(=O)[nH]1,,,,"MolVec 0.9.8 (git b412dd0, Maven Central)",0.2202675212174654
uspto,US07314871-20080101-C00137,CCCOc1ccc(S(=O)(=O)N(C)CCO)cc1-c1nn2c(CCC)nc(C)c2c(=O)[nH]1,,,,"MolVec 0.9.8 (git b412dd0, Maven Central)",0.22395378537476063
uspto,US07314871-20080101-C00138,CCCOc1ccc(S(=O)(=O)N(CCC)CCO)cc1-c1nn2c(CCC)nc(C)c2c(=O)[nH]1,,,,"MolVec 0.9.8 (git b412dd0, Maven Central)",0.23224283196032047
uspto,US07314871-20080101-C00139,CCCOc1ccc(S(=O)(=O)N(C)CCc2ccc(OC)c(OC)c2)cc1-c1nn2c(CCC)nc(C)c2c(=O)[nH]1,,,,"MolVec 0.9.8 (git b412dd0, Maven Central)",0.30244931019842625
uspto,US07314871-20080101-C00140,C=CCN(CCO)S(=O)(=O)c1ccc(OCCC)c(-c2nn3c(CCC)nc(C)c3c(=O)[nH]2)c1,,,,"MolVec 0.9.8 (git b412dd0, Maven Central)",0.23552524484694004
uspto,US07314871-20080101-C00141,C=CCN(C1CCCC1)S(=O)(=O)c1ccc(OCCC)c(-c2nn3c(CCC)nc(C)c3c(=O)[nH]2)c1,,,,"MolVec 0.9.8 (git b412dd0, Maven Central)",0.22132080607116222
uspto,US07314871-20080101-C00142,C=CCN(CC)S(=O)(=O)c1ccc(OCCC)c(-c2nn3c(CCC)nc(C)c3c(=O)[nH]2)c1,,,,"MolVec 0.9.8 (git b412dd0, Maven Central)",0.2344948835670948
uspto,US07314871-20080101-C00143,CCCc1nc(C)c2c(=O)[nH]c(-c3cc(S(=O)(=O)N4CCN(C)CC4)c(OC)cc3OCC)nn12,,,,"MolVec 0.9.8 (git b412dd0, Maven Central)",0.2794170919805765
uspto,US07314871-20080101-C00144,CCCc1nc(C)c2c(=O)[nH]c(-c3cc(S(=O)(=O)N4CCN(CCO)CC4)c(OC)cc3OCC)nn12,,,,"MolVec 0.9.8 (git b412dd0, Maven Central)",0.28283178620040417
uspto,US07314871-20080101-C00145,CCCc1nc(C)c2c(=O)[nH]c(-c3cc(S(=O)(=O)N(CC)CCO)c(OC)cc3OCC)nn12,,,,"MolVec 0.9.8 (git b412dd0, Maven Central)",0.25916863046586514
uspto,US07314871-20080101-C00146,CCCc1nc(C)c2c(=O)[nH]c(-c3cc(S(=O)(=O)Nc4ccc(OCC)cc4)c(OC)cc3OCC)nn12,,,,"MolVec 0.9.8 (git b412dd0, Maven Central)",0.30712337605655193
uspto,US07314871-20080101-C00147,CCCc1nc(CC)c2c(=O)[nH]c(-c3cc(S(=O)(=O)N(CC)CCO)ccc3OCC)nn12,,,,"MolVec 0.9.8 (git b412dd0, Maven Central)",0.23508355021476746
uspto,US07314871-20080101-C00148,CCCc1nc(CC)c2c(=O)[nH]c(-c3cc(S(=O)(=O)NCCOC)ccc3OCC)nn12,,,,"MolVec 0.9.8 (git b412dd0, Maven Central)",0.23357764817774296
uspto,US07314871-20080101-C00149,CCCc1nc(CC)c2c(=O)[nH]c(-c3cc(S(=O)(=O)N(CCOC)CCOC)ccc3OCC)nn12,,,,"MolVec 0.9.8 (git b412dd0, Maven Central)",0.2530405353754759
uspto,US07314871-20080101-C00150,CCCc1nc(CC)c2c(=O)[nH]c(-c3cc(S(=O)(=O)N4CCC(O)CC4)ccc3OCC)nn12,,,,"MolVec 0.9.8 (git b412dd0, Maven Central)",0.2367559466511011
uspto,US07314871-20080101-C00151,CCCc1nc(CC)c2c(=O)[nH]c(-c3cc(S(=O)(=O)N4CCC(CO)CC4)ccc3OCC)nn12,,,,"MolVec 0.9.8 (git b412dd0, Maven Central)",0.23802831023931503
uspto,US07314871-20080101-C00152,CCCc1nc(CC)c2c(=O)[nH]c(-c3cc(S(=O)(=O)N4CCN(CCO)CC4)ccc3OCC)nn12,,,,"MolVec 0.9.8 (git b412dd0, Maven Central)",0.25945277325809
uspto,US07314871-20080101-C00155,CCCc1nc(CC)c2c(=O)[nH]c(-c3cc(S(=O)(=O)NCCCN4CCOCC4)ccc3OCC)nn12,,,,"MolVec 0.9.8 (git b412dd0, Maven Central)",0.2465367130935192
uspto,US07314871-20080101-C00156,CCCc1nc(CC)c2c(=O)[nH]c(-c3cc(S(=O)(=O)N(CCC)CCO)ccc3OCC)nn12,,,,"MolVec 0.9.8 (git b412dd0, Maven Central)",0.2307768054306507
uspto,US07314871-20080101-C00157,CCCc1nc(C)c2c(=O)[nH]c(-c3cc(S(=O)(=O)NC(CO)Cc4ccccc4)ccc3OCC)nn12,,,,"MolVec 0.9.8 (git b412dd0, Maven Central)",0.23842925764620304
uspto,US07314871-20080101-C00161,CCCc1nc(C)c2c(=O)[nH]c(-c3cc(S(=O)(=O)NC(C)[C@H](O)c4ccccc4)ccc3OCC)nn12,,,,"MolVec 0.9.8 (git b412dd0, Maven Central)",0.26763034611940384
uspto,US07314871-20080101-C00162,CCCc1nc(C)c2c(=O)[nH]c(-c3cc(S(=O)(=O)NC(CC)CO)ccc3OCC)nn12,,,,"MolVec 0.9.8 (git b412dd0, Maven Central)",0.2170045878738165
uspto,US07314871-20080101-C00164,CCCc1nc(C)c2c(=O)[nH]c(-c3cc(S(=O)(=O)NC(C)(C)CO)ccc3OCC)nn12,,,,"MolVec 0.9.8 (git b412dd0, Maven Central)",0.26075794361531734
uspto,US07314871-20080101-C00165,CCCc1nc(C)c2c(=O)[nH]c(-c3cc(S(=O)(=O)NCCCCO)ccc3OCC)nn12,,,,"MolVec 0.9.8 (git b412dd0, Maven Central)",0.21935797110199928
uspto,US07314871-20080101-C00166,CCCc1nc(C)c2c(=O)[nH]c(-c3cc(S(=O)(=O)NC4COC(C)(C)OC4c4ccccc4)ccc3OCC)nn12,,,,"MolVec 0.9.8 (git b412dd0, Maven Central)",0.30817640386521816
uspto,US07314871-20080101-C00167,CCCc1nc(C)c2c(=O)[nH]c(-c3cc(S(=O)(=O)NC4CCOC4=O)ccc3OCC)nn12,,,,"MolVec 0.9.8 (git b412dd0, Maven Central)",0.2162808571010828
uspto,US07314871-20080101-C00168,CCCc1nc(C)c2c(=O)[nH]c(-c3cc(S(=O)(=O)NOC)ccc3OCC)nn12,,,,"MolVec 0.9.8 (git b412dd0, Maven Central)",0.2074028830975294
uspto,US07314871-20080101-C00169,CCCc1nc(C)c2c(=O)[nH]c(-c3cc(S(=O)(=O)NCC4CCCO4)ccc3OCC)nn12,,,,"MolVec 0.9.8 (git b412dd0, Maven Central)",0.21451734751462936
uspto,US07314871-20080101-C00170,CCCc1nc(C)c2c(=O)[nH]c(-c3cc(S(=O)(=O)NC(C)CCOCC)ccc3OCC)nn12,,,,"MolVec 0.9.8 (git b412dd0, Maven Central)",0.2687323298305273
uspto,US07314871-20080101-C00171,CCCc1nc(C)c2c(=O)[nH]c(-c3cc(S(=O)(=O)NC(CCCc4ccccc4)C(C)O)ccc3OCC)nn12,,,,"MolVec 0.9.8 (git b412dd0, Maven Central)",0.33473781682550907
uspto,US07314871-20080101-C00172,CCCc1nc(C)c2c(=O)[nH]c(-c3cc(S(=O)(=O)NCC(C)(COC)COC)ccc3OCC)nn12,,,,"MolVec 0.9.8 (git b412dd0, Maven Central)",0.2819812651723623
uspto,US07314871-20080101-C00173,CCCc1nc(C)c2c(=O)[nH]c(-c3cc(S(=O)(=O)NCC(C)(C)CO)ccc3OCC)nn12,,,,"MolVec 0.9.8 (git b412dd0, Maven Central)",0.2860179543495178
uspto,US07314871-20080101-C00174,CCCc1nc(C)c2c(=O)[nH]c(-c3cc(S(=O)(=O)NCCCOCC4COCO4)ccc3OCC)nn12,,,,"MolVec 0.9.8 (git b412dd0, Maven Central)",0.2562990505248308
uspto,US07314871-20080101-C00175,CCCc1nc(C)c2c(=O)[nH]c(-c3cc(S(=O)(=O)NCCCOCCc4ccccc4)ccc3OCC)nn12,,,,"MolVec 0.9.8 (git b412dd0, Maven Central)",0.3217196445912123
uspto,US07314871-20080101-C00176,CCCc1nc(C)c2c(=O)[nH]c(-c3cc(S(=O)(=O)NCCCOCc4ccco4)ccc3OCC)nn12,,,,"MolVec 0.9.8 (git b412dd0, Maven Central)",0.2909230552613735
uspto,US07314871-20080101-C00177,CCCc1nc(C)c2c(=O)[nH]c(-c3cc(S(=O)(=O)NCCCOCc4ccccc4)ccc3OCC)nn12,,,,"MolVec 0.9.8 (git b412dd0, Maven Central)",0.25479510240256786
uspto,US07314871-20080101-C00178,CCCc1nc(C)c2c(=O)[nH]c(-c3cc(S(=O)(=O)NCCCOC(=O)N(C)C)ccc3OCC)nn12,,,,"MolVec 0.9.8 (git b412dd0, Maven Central)",0.32443842478096485
uspto,US07314871-20080101-C00179,CCCc1nc(C)c2c(=O)[nH]c(-c3cc(S(=O)(=O)NCCN4CCCCC4)ccc3OCC)nn12,,,,"MolVec 0.9.8 (git b412dd0, Maven Central)",0.2565689366310835
uspto,US07314871-20080101-C00180,CCCc1nc(C)c2c(=O)[nH]c(-c3cc(S(=O)(=O)NC4CCN(Cc5ccccc5)CC4)ccc3OCC)nn12,,,,"MolVec 0.9.8 (git b412dd0, Maven Central)",0.27515973150730133
uspto,US07314871-20080101-C00181,CCCc1nc(C)c2c(=O)[nH]c(-c3cc(S(=O)(=O)NCCN(C)c4ccccc4)ccc3OCC)nn12,,,,"MolVec 0.9.8 (git b412dd0, Maven Central)",0.2864429522305727
uspto,US07314871-20080101-C00182,CCCc1nc(C)c2c(=O)[nH]c(-c3cc(S(=O)(=O)NCCCN(C)c4ccccc4)ccc3OCC)nn12,,,,"MolVec 0.9.8 (git b412dd0, Maven Central)",0.3035982549190521
uspto,US07314871-20080101-C00183,CCCc1nc(C)c2c(=O)[nH]c(-c3cc(S(=O)(=O)NCCC(CC)N4CCOCC4)ccc3OCC)nn12,,,,"MolVec 0.9.8 (git b412dd0, Maven Central)",0.27944005839526653
uspto,US07314871-20080101-C00184,CCCc1nc(C)c2c(=O)[nH]c(-c3cc(S(=O)(=O)NCCN4CCOCC4)ccc3OCC)nn12,,,,"MolVec 0.9.8 (git b412dd0, Maven Central)",0.2481946274638176
uspto,US07314871-20080101-C00185,CCCc1nc(C)c2c(=O)[nH]c(-c3cc(S(=O)(=O)N(CCO)CCCOC)ccc3OCC)nn12,,,,"MolVec 0.9.8 (git b412dd0, Maven Central)",0.23099799826741219
uspto,US07314871-20080101-C00186,CCCc1nc(C)c2c(=O)[nH]c(-c3cc(S(=O)(=O)N(CCC(C)O)c4ccccc4)ccc3OCC)nn12,,,,"MolVec 0.9.8 (git b412dd0, Maven Central)",0.2623641397804022
uspto,US07314871-20080101-C00187,CCCc1nc(C)c2c(=O)[nH]c(-c3cc(S(=O)(=O)N(CCCO)Cc4ccc(OC)cc4OC)ccc3OCC)nn12,,,,"MolVec 0.9.8 (git b412dd0, Maven Central)",0.38111151568591595
uspto,US07314871-20080101-C00188,CCCC1=NC(C)=C2C(=O)NC(C3=C(OCC)C=CC(S45=O[N+2]4(CC)(CC(CC)(CO)CO)O=5)=C3)=NN12,,,,"MolVec 0.9.8 (git b412dd0, Maven Central)",0.3152031749486923
uspto,US07314871-20080101-C00189,CCCc1nc(C)c2c(=O)[nH]c(-c3cc(S(=O)(=O)N(CCO)CCCOCC)ccc3OCC)nn12,,,,"MolVec 0.9.8 (git b412dd0, Maven Central)",0.2621116638183594
uspto,US07314871-20080101-C00190,CCCc1nc(C)c2c(=O)[nH]c(-c3cc(S(=O)(=O)N(CCCO)Cc4ccccc4OC)ccc3OCC)nn12,,,,"MolVec 0.9.8 (git b412dd0, Maven Central)",0.3595175910741091
uspto,US07314871-20080101-C00191,CCCc1nc(C)c2c(=O)[nH]c(-c3cc(S(=O)(=O)N(CCCO)Cc4ccc(Cl)cc4Cl)ccc3OCC)nn12,,,,"MolVec 0.9.8 (git b412dd0, Maven Central)",0.33935313671827316
uspto,US07314871-20080101-C00192,CCCc1nc(C)c2c(=O)[nH]c(-c3cc(S(=O)(=O)N(CCCO)Cc4ccc(OC)cc4)ccc3OCC)nn12,,,,"MolVec 0.9.8 (git b412dd0, Maven Central)",0.34150122851133347
uspto,US07314871-20080101-C00193,CCCc1nc(C)c2c(=O)[nH]c(-c3cc(S(=O)(=O)N(C)CCCO)ccc3OCC)nn12,,,,"MolVec 0.9.8 (git b412dd0, Maven Central)",0.20323036424815655
uspto,US07314871-20080101-C00194,CCCc1nc(C)c2c(=O)[nH]c(-c3cc(S(=O)(=O)N(CCCOC)CCCOC)ccc3OCC)nn12,,,,"MolVec 0.9.8 (git b412dd0, Maven Central)",0.25964831560850143
uspto,US07314871-20080101-C00195,CCCc1nc(C)c2c(=O)[nH]c(-c3cc(S(=O)(=O)N(CCC)CC4CCOC4)ccc3OCC)nn12,,,,"MolVec 0.9.8 (git b412dd0, Maven Central)",0.23165538161993027
uspto,US07314871-20080101-C00196,CCCc1nc(C)c2c(=O)[nH]c(-c3cc(S(=O)(=O)N(CCCOCC)CC4CCCO4)ccc3OCC)nn12,,,,"MolVec 0.9.8 (git b412dd0, Maven Central)",0.27550939843058586
uspto,US07314871-20080101-C00197,CCCc1nc(C)c2c(=O)[nH]c(-c3cc(S(=O)(=O)N(CCCO)Cc4ccccc4)ccc3OCC)nn12,,,,"MolVec 0.9.8 (git b412dd0, Maven Central)",0.2410565372556448
uspto,US07314871-20080101-C00198,CCCc1nc(C)c2c(=O)[nH]c(-c3cc(S(=O)(=O)N(CC)CCN(CC)CC)ccc3OCC)nn12,,,,"MolVec 0.9.8 (git b412dd0, Maven Central)",0.26859553903341293
uspto,US07314871-20080101-C00199,CCCc1nc(C)c2c(=O)[nH]c(-c3cc(S(=O)(=O)N(Cc4ccc(Cl)cc4)C(C)(C)CO)ccc3OCC)nn12,,,,"MolVec 0.9.8 (git b412dd0, Maven Central)",0.3001343570649624
uspto,US07314871-20080101-C00200,CCCc1nc(C)c2c(=O)[nH]c(-c3cc(S(=O)(=O)N4CCN(Cc5ccccc5)CC4)ccc3OCC)nn12,,,,"MolVec 0.9.8 (git b412dd0, Maven Central)",0.24019513092935085
uspto,US07314871-20080101-C00201,CCCc1nc(C)c2c(=O)[nH]c(-c3cc(S(=O)(=O)N4CCC(N5CCCCC5)CC4)ccc3OCC)nn12,,,,"MolVec 0.9.8 (git b412dd0, Maven Central)",0.2452876679599285
uspto,US07314871-20080101-C00202,CCCc1nc(C)c2c(=O)[nH]c(-c3cc(S(=O)(=O)N(C)C4CCN(C)CC4)ccc3OCC)nn12,,,,"MolVec 0.9.8 (git b412dd0, Maven Central)",0.23729035258293152
uspto,US07314871-20080101-C00203,CCCc1nc(C)c2c(=O)[nH]c(-c3cc(S(=O)(=O)N(C)CCCN(C)C)ccc3OCC)nn12,,,,"MolVec 0.9.8 (git b412dd0, Maven Central)",0.2806172538548708
uspto,US07314871-20080101-C00204,CCCc1nc(C)c2c(=O)[nH]c(-c3cc(S(=O)(=O)N(C)CC(O)CN(C)c4ccccc4)ccc3OCC)nn12,,,,"MolVec 0.9.8 (git b412dd0, Maven Central)",0.32251883670687675
uspto,US07314871-20080101-C00205,CCCc1nc(C)c2c(=O)[nH]c(-c3cc(S(=O)(=O)N(C)CC(O)CN(CC)CC)ccc3OCC)nn12,,,,"MolVec 0.9.8 (git b412dd0, Maven Central)",0.26637252047657967
uspto,US07314871-20080101-C00207,CCCc1nc(C)c2c(=O)[nH]c(-c3cc(S(=O)(=O)N(CCC)CC(O)CN4CCOCC4)ccc3OCC)nn12,,,,"MolVec 0.9.8 (git b412dd0, Maven Central)",0.29343110881745815
uspto,US07314871-20080101-C00208,CCCc1nc(C)c2c(=O)[nH]c(-c3cc(S(=O)(=O)N4CCN(c5ccccc5)c5ccccc5C4)ccc3OCC)nn12,,,,"MolVec 0.9.8 (git b412dd0, Maven Central)",0.282328475266695
uspto,US07314871-20080101-C00209,CCCc1nc(C)c2c(=O)[nH]c(-c3cc(S(=O)(=O)N4CCN(C(C)C)CC4)ccc3OCC)nn12,,,,"MolVec 0.9.8 (git b412dd0, Maven Central)",0.2489914819598198
uspto,US07314871-20080101-C00211,CCCc1nc(C)c2c(=O)[nH]c(-c3cc(S(=O)(=O)N(C)N(C)c4ccccc4)ccc3OCC)nn12,,,,"MolVec 0.9.8 (git b412dd0, Maven Central)",0.25651226937770844
uspto,US07314871-20080101-C00212,CCCc1nc(C)c2c(=O)[nH]c(-c3cc(S(=O)(=O)N(C)CCN(C)CCN(C)C)ccc3OCC)nn12,,,,"MolVec 0.9.8 (git b412dd0, Maven Central)",0.33635266683995724
uspto,US07314871-20080101-C00213,CCCc1nc(C)c2c(=O)[nH]c(-c3cc(S(=O)(=O)N(C)N4CCCCC4)ccc3OCC)nn12,,,,"MolVec 0.9.8 (git b412dd0, Maven Central)",0.22023929469287395
uspto,US07314871-20080101-C00214,CCCc1nc(C)c2c(=O)[nH]c(-c3cc(S(=O)(=O)N4CCCCC4CO)ccc3OCC)nn12,,,,"MolVec 0.9.8 (git b412dd0, Maven Central)",0.22248627617955208
uspto,US07314871-20080101-C00215,CCCc1nc(C)c2c(=O)[nH]c(-c3cc(S(=O)(=O)N4CCCC(O)C4)ccc3OCC)nn12,,,,"MolVec 0.9.8 (git b412dd0, Maven Central)",0.21681291051208973
uspto,US07314871-20080101-C00216,CCCc1nc(C)c2c(=O)[nH]c(-c3cc(S(=O)(=O)N4CCCCC4CCO)ccc3OCC)nn12,,,,"MolVec 0.9.8 (git b412dd0, Maven Central)",0.20130056887865067
uspto,US07314871-20080101-C00217,CCCc1nc(C)c2c(=O)[nH]c(-c3cc(S(=O)(=O)N4CCCC(CO)C4)ccc3OCC)nn12,,,,"MolVec 0.9.8 (git b412dd0, Maven Central)",0.22444080002605915
uspto,US07314871-20080101-C00218,CCCc1nc(C)c2c(=O)[nH]c(-c3cc(S(=O)(=O)N4CCC(O)C4)ccc3OCC)nn12,,,,"MolVec 0.9.8 (git b412dd0, Maven Central)",0.21444259956479073
uspto,US07314871-20080101-C00219,CCCc1nc(C)c2c(=O)[nH]c(-c3cc(S(=O)(=O)N(CCO)CCc4ccccc4)ccc3OCC)nn12,,,,"MolVec 0.9.8 (git b412dd0, Maven Central)",0.2640885766595602
uspto,US07314871-20080101-C00220,CCCc1nc(C)c2c(=O)[nH]c(-c3cc(S(=O)(=O)N(Cc4ccccc4)CC(C)O)ccc3OCC)nn12,,,,"MolVec 0.9.8 (git b412dd0, Maven Central)",0.2554254289716482
uspto,US07314871-20080101-C00221,CCCc1nc(C)c2c(=O)[nH]c(-c3cc(S(=O)(=O)N(CCO)c4ccccc4)ccc3OCC)nn12,,,,"MolVec 0.9.8 (git b412dd0, Maven Central)",0.24313011020421982
uspto,US07314871-20080101-C00222,CCCCN(CC(C)O)S(=O)(=O)c1ccc(OCC)c(-c2nn3c(CCC)nc(C)c3c(=O)[nH]2)c1,,,,"MolVec 0.9.8 (git b412dd0, Maven Central)",0.27387200854718685
uspto,US07314871-20080101-C00223,CCCc1nc(C)c2c(=O)[nH]c(-c3cc(S(=O)(=O)N4CCC(CO)(c5ccccc5)CC4)ccc3OCC)nn12,,,,"MolVec 0.9.8 (git b412dd0, Maven Central)",0.2604407873004675
uspto,US07314871-20080101-C00224,CCCc1nc(C)c2c(=O)[nH]c(-c3cc(S(=O)(=O)N(CCCOC)Cc4cc(OC)c(OC)c(OC)c4)ccc3OCC)nn12,,,,"MolVec 0.9.8 (git b412dd0, Maven Central)",0.3561780732125044
uspto,US07314871-20080101-C00225,CCCc1nc(C)c2c(=O)[nH]c(-c3cc(S(=O)(=O)N(C)CC(O)c4ccccc4)ccc3OCC)nn12,,,,"MolVec 0.9.8 (git b412dd0, Maven Central)",0.2539799325168133
uspto,US07314871-20080101-C00226,CCCc1nc(C)c2c(=O)[nH]c(-c3cc(S(=O)(=O)N(CCO)Cc4ccccc4)ccc3OCC)nn12,,,,"MolVec 0.9.8 (git b412dd0, Maven Central)",0.2523197643458843
uspto,US07314871-20080101-C00227,CCCc1nc(C)c2c(=O)[nH]c(-c3cc(S(=O)(=O)N4CCN(C(=O)COC(C)=O)CC4)ccc3OCC)nn12,,,,"MolVec 0.9.8 (git b412dd0, Maven Central)",0.2785342540591955
uspto,US07314871-20080101-C00229,CCCc1nc(C)c2c(=O)[nH]c(-c3cc(S(=O)(=O)N4CCC(c5ccccn5)C4)ccc3OCC)nn12,,,,"MolVec 0.9.8 (git b412dd0, Maven Central)",0.258983738720417
uspto,US07314871-20080101-C00230,CCCc1nc(C)c2c(=O)[nH]c(-c3cc(S(=O)(=O)N4CCC(=NOC)CC4)ccc3OCC)nn12,,,,"MolVec 0.9.8 (git b412dd0, Maven Central)",0.2442138958722353
uspto,US07314871-20080101-C00231,CCCc1nc(C)c2c(=O)[nH]c(-c3cc(S(=O)(=O)N4CCC(=NO)CC4)ccc3OCC)nn12,,,,"MolVec 0.9.8 (git b412dd0, Maven Central)",0.22050303407013416
uspto,US07314871-20080101-C00232,CCCc1nc(C)c2c(=O)[nH]c(-c3cc(S(=O)(=O)N4CCN(c5ccccc5)CC4)ccc3OCC)nn12,,,,"MolVec 0.9.8 (git b412dd0, Maven Central)",0.2348298877477646
uspto,US07314871-20080101-C00233,CCCc1nc(C)c2c(=O)[nH]c(-c3cc(S(=O)(=O)N(CC)CCN(C)C)ccc3OCC)nn12,,,,"MolVec 0.9.8 (git b412dd0, Maven Central)",0.27568382397294044
uspto,US07314871-20080101-C00234,CCCc1nc(C)c2c(=O)[nH]c(-c3cc(S(=O)(=O)N4CCN(c5ccccn5)CC4)ccc3OCC)nn12,,,,"MolVec 0.9.8 (git b412dd0, Maven Central)",0.24390120804309845
uspto,US07314871-20080101-C00235,CCCc1nc(C)c2c(=O)[nH]c(-c3cc(S(=O)(=O)N(C)CCN(CC)CC)ccc3OCC)nn12,,,,"MolVec 0.9.8 (git b412dd0, Maven Central)",0.2493546362966299
uspto,US07314871-20080101-C00236,CCCc1nc(C)c2c(=O)[nH]c(-c3cc(S(=O)(=O)N(CCN(CC)CC)CCN(CC)CC)ccc3OCC)nn12,,,,"MolVec 0.9.8 (git b412dd0, Maven Central)",0.34760981425642967
uspto,US07314871-20080101-C00237,CCCc1nc(C)c2c(=O)[nH]c(-c3cc(S(=O)(=O)N4CCCN(C)CC4)ccc3OCC)nn12,,,,"MolVec 0.9.8 (git b412dd0, Maven Central)",0.24309567548334599
uspto,US07314871-20080101-C00238,CCCc1nc(C)c2c(=O)[nH]c(-c3cc(S(=O)(=O)N(CCN(CC)CC)c4ccccc4)ccc3OCC)nn12,,,,"MolVec 0.9.8 (git b412dd0, Maven Central)",0.29658704437315464
uspto,US07314871-20080101-C00239,CCCc1nc(C)c2c(=O)[nH]c(-c3cc(S(=O)(=O)NCCN4CCN=C4C)ccc3OCC)nn12,,,,"MolVec 0.9.8 (git b412dd0, Maven Central)",0.24999465234577656
uspto,US07314871-20080101-C00240,CCCc1nc(C)c2c(=O)[nH]c(-c3cc(S(=O)(=O)NCCCOC(C)C)ccc3OCC)nn12,,,,"MolVec 0.9.8 (git b412dd0, Maven Central)",0.28819943964481354
uspto,US07314871-20080101-C00241,CCCc1nc(C)c2c(=O)[nH]c(-c3cc(S(=O)(=O)NCCCCCO)ccc3OCC)nn12,,,,"MolVec 0.9.8 (git b412dd0, Maven Central)",0.231410576030612
uspto,US07314871-20080101-C00242,CCCc1nc(C)c2c(=O)[nH]c(-c3cc(S(=O)(=O)N[C@@H](C)[C@H](O)c4ccccc4)ccc3OCC)nn12,,,,"MolVec 0.9.8 (git b412dd0, Maven Central)",0.3875603508204222
uspto,US07314871-20080101-C00243,CCCc1nc(C)c2c(=O)[nH]c(-c3cc(S(=O)(=O)NC4CCN(C=O)C4)ccc3OCC)nn12,,,,"MolVec 0.9.8 (git b412dd0, Maven Central)",0.28635713644325733
uspto,US07314871-20080101-C00244,CCCc1nc(C)c2c(=O)[nH]c(-c3cc(S(=O)(=O)Nc4ccc(CCO)cc4)ccc3OCC)nn12,,,,"MolVec 0.9.8 (git b412dd0, Maven Central)",0.2963317483663559
uspto,US07314871-20080101-C00245,CCCc1nc(C)c2c(=O)[nH]c(-c3cc(S(=O)(=O)Nc4ccc(CN(CC)CCO)cc4)ccc3OCC)nn12,,,,"MolVec 0.9.8 (git b412dd0, Maven Central)",0.31799000687897205
uspto,US07314871-20080101-C00246,CCCc1nc(C)c2c(=O)[nH]c(-c3cc(S(=O)(=O)Nc4ccc(CN(C)CCO)cc4)ccc3OCC)nn12,,,,"MolVec 0.9.8 (git b412dd0, Maven Central)",0.3216937892138958
uspto,US07314871-20080101-C00247,CCCc1nc(C)c2c(=O)[nH]c(-c3cc(S(=O)(=O)Nc4ccc(CN(CCC)CCO)cc4)ccc3OCC)nn12,,,,"MolVec 0.9.8 (git b412dd0, Maven Central)",0.3014660160988569
uspto,US07314871-20080101-C00248,CCCc1nc(C)c2c(=O)[nH]c(-c3cc(S(=O)(=O)Nc4ccc(CN5CCN(C(=O)OCC)CC5)cc4)ccc3OCC)nn12,,,,"MolVec 0.9.8 (git b412dd0, Maven Central)",0.3534642867743969
uspto,US07314871-20080101-C00249,CCCc1nc(C)c2c(=O)[nH]c(-c3cc(S(=O)(=O)Nc4cccc(CN(C)CCO)c4)ccc3OCC)nn12,,,,"MolVec 0.9.8 (git b412dd0, Maven Central)",0.31667193956673145
uspto,US07314871-20080101-C00250,CCCc1nc(C)c2c(=O)[nH]c(-c3cc(S(=O)(=O)Nc4cccc(CN(CC)CCO)c4)ccc3OCC)nn12,,,,"MolVec 0.9.8 (git b412dd0, Maven Central)",0.3090632036328316
uspto,US07314871-20080101-C00251,CCCc1nc(C)c2c(=O)[nH]c(-c3cc(S(=O)(=O)NCCC(C)OC)ccc3OCC)nn12,,,,"MolVec 0.9.8 (git b412dd0, Maven Central)",0.2728113830089569
uspto,US07314871-20080101-C00252,CCCc1nc(C)c2c(=O)[nH]c(-c3cc(S(=O)(=O)NCCC(C)OCC)ccc3OCC)nn12,,,,"MolVec 0.9.8 (git b412dd0, Maven Central)",0.2852800767868757
uspto,US07314871-20080101-C00253,CCCc1nc(C)c2c(=O)[nH]c(-c3cc(S(=O)(=O)NCCCOCC(C)C)ccc3OCC)nn12,,,,"MolVec 0.9.8 (git b412dd0, Maven Central)",0.3391956780105829
uspto,US07314871-20080101-C00254,CCCc1nc(C)c2c(=O)[nH]c(-c3cc(S(=O)(=O)NCCCn4nccc4C)ccc3OCC)nn12,,,,"MolVec 0.9.8 (git b412dd0, Maven Central)",0.2784352507442236
uspto,US07314871-20080101-C00255,CCCc1nc(C)c2c(=O)[nH]c(-c3cc(S(=O)(=O)NCCC(CC)N(C)C)ccc3OCC)nn12,,,,"MolVec 0.9.8 (git b412dd0, Maven Central)",0.298360712826252
uspto,US07314871-20080101-C00256,CCCc1nc(C)c2c(=O)[nH]c(-c3cc(S(=O)(=O)NCCCN(C)Cc4ccccc4)ccc3OCC)nn12,,,,"MolVec 0.9.8 (git b412dd0, Maven Central)",0.29765433073043823
uspto,US07314871-20080101-C00257,CCCc1nc(C)c2c(=O)[nH]c(-c3cc(S(=O)(=O)NCCN(C)CCO)ccc3OCC)nn12,,,,"MolVec 0.9.8 (git b412dd0, Maven Central)",0.2808747198432684
uspto,US07314871-20080101-C00258,CCCc1nc(C)c2c(=O)[nH]c(-c3cc(S(=O)(=O)NCCCN4CCN(c5ccccc5)CC4)ccc3OCC)nn12,,,,"MolVec 0.9.8 (git b412dd0, Maven Central)",0.2987944558262825
uspto,US07314871-20080101-C00259,CCCc1nc(C)c2c(=O)[nH]c(-c3cc(S(=O)(=O)NCC(C)(C)CN(C)C)ccc3OCC)nn12,,,,"MolVec 0.9.8 (git b412dd0, Maven Central)",0.32962893694639206
uspto,US07314871-20080101-C00260,CCCc1nc(C)c2c(=O)[nH]c(-c3cc(S(=O)(=O)Nc4cccc(CN5CCSCC5)c4)ccc3OCC)nn12,,,,"MolVec 0.9.8 (git b412dd0, Maven Central)",0.2649000957608223
uspto,US07314871-20080101-C00261,CCCc1nc(C)c2c(=O)[nH]c(-c3cc(S(=O)(=O)Nc4cccc(CN5CCOCC5)c4)ccc3OCC)nn12,,,,"MolVec 0.9.8 (git b412dd0, Maven Central)",0.2643204405903816
uspto,US07314871-20080101-C00262,CCCc1nc(C)c2c(=O)[nH]c(-c3cc(S(=O)(=O)Nc4cccc(CN5CCN(C)CC5)c4)ccc3OCC)nn12,,,,"MolVec 0.9.8 (git b412dd0, Maven Central)",0.2879390809684992
uspto,US07314871-20080101-C00263,CCCc1nc(C)c2c(=O)[nH]c(-c3cc(S(=O)(=O)Nc4ccc(Cn5cncn5)cc4)ccc3OCC)nn12,,,,"MolVec 0.9.8 (git b412dd0, Maven Central)",0.3292889278382063
uspto,US07314871-20080101-C00264,CCCc1nc(C)c2c(=O)[nH]c(-c3cc(S(=O)(=O)Nc4cccc(Cn5cncn5)c4)ccc3OCC)nn12,,,,"MolVec 0.9.8 (git b412dd0, Maven Central)",0.2846548408269882
uspto,US07314871-20080101-C00265,CCCc1nc(C)c2c(=O)[nH]c(-c3cc(S(=O)(=O)Nc4cccc(CS(C)(=O)=O)c4)ccc3OCC)nn12,,,,"MolVec 0.9.8 (git b412dd0, Maven Central)",0.27264877408742905
uspto,US07314871-20080101-C00266,CCCc1nc(C)c2c(=O)[nH]c(-c3cc(S(=O)(=O)Nc4cc(CO)ccc4C)ccc3OCC)nn12,,,,"MolVec 0.9.8 (git b412dd0, Maven Central)",0.25384384021162987
uspto,US07314871-20080101-C00268,CCCc1nc(C)c2c(=O)[nH]c(-c3cc(S(=O)(=O)N(C)CCN(C)C)ccc3OCC)nn12,,,,"MolVec 0.9.8 (git b412dd0, Maven Central)",0.2712123282253742
uspto,US07314871-20080101-C00269,CCCc1nc(C)c2c(=O)[nH]c(-c3cc(S(=O)(=O)N(CCCO)Cc4ccc(OCC)cc4)ccc3OCC)nn12,,,,"MolVec 0.9.8 (git b412dd0, Maven Central)",0.28550394997000694
uspto,US07314871-20080101-C00270,CCCCN(CCCO)S(=O)(=O)c1ccc(OCC)c(-c2nn3c(CCC)nc(C)c3c(=O)[nH]2)c1,,,,"MolVec 0.9.8 (git b412dd0, Maven Central)",0.23338215798139572
uspto,US07314871-20080101-C00271,CCCc1nc(C)c2c(=O)[nH]c(-c3cc(S(=O)(=O)N(CCCN(C)C)C(C)C)ccc3OCC)nn12,,,,"MolVec 0.9.8 (git b412dd0, Maven Central)",0.2622643709182739
uspto,US07314871-20080101-C00272,CCCc1nc(C)c2c(=O)[nH]c(-c3cc(S(=O)(=O)N4CCC(N5CCCC5)CC4)ccc3OCC)nn12,,,,"MolVec 0.9.8 (git b412dd0, Maven Central)",0.23088587634265423
uspto,US07314871-20080101-C00273,CCCc1nc(C)c2c(=O)[nH]c(-c3cc(S(=O)(=O)N4CCN(c5ccc(OC)cc5)CC4)ccc3OCC)nn12,,,,"MolVec 0.9.8 (git b412dd0, Maven Central)",0.27524198219180107
uspto,US07314871-20080101-C00274,CCCc1nc(C)c2c(=O)[nH]c(-c3cc(S(=O)(=O)N(CCCCO)Cc4ccccc4)ccc3OCC)nn12,,,,"MolVec 0.9.8 (git b412dd0, Maven Central)",0.2806555926799774
uspto,US07314871-20080101-C00275,CCCCN(CCO)S(=O)(=O)c1ccc(OCC)c(-c2nn3c(CCC)nc(C)c3c(=O)[nH]2)c1,,,,"MolVec 0.9.8 (git b412dd0, Maven Central)",0.2295771948993206
uspto,US07314871-20080101-C00276,CCCc1nc(CC)c2c(=O)[nH]c(-c3cc(S(=O)(=O)NCCN4CCCCC4)ccc3OCC)nn12,,,,"MolVec 0.9.8 (git b412dd0, Maven Central)",0.23350506275892258
uspto,US07314871-20080101-C00277,CCCc1nc(CC)c2c(=O)[nH]c(-c3cc(S(=O)(=O)NCCN4CCCC4)ccc3OCC)nn12,,,,"MolVec 0.9.8 (git b412dd0, Maven Central)",0.22379384003579617
uspto,US07314871-20080101-C00278,CCCc1nc(CC)c2c(=O)[nH]c(-c3cc(S(=O)(=O)NCCCN4CCCC4)ccc3OCC)nn12,,,,"MolVec 0.9.8 (git b412dd0, Maven Central)",0.26528954319655895
uspto,US07314871-20080101-C00279,CCCc1nc(CC)c2c(=O)[nH]c(-c3cc(S(=O)(=O)NCCN(C)c4ccccc4)ccc3OCC)nn12,,,,"MolVec 0.9.8 (git b412dd0, Maven Central)",0.23947789147496223
uspto,US07314871-20080101-C00280,CCCc1nc(CC)c2c(=O)[nH]c(-c3cc(S(=O)(=O)NC(CN(C)C)CN(C)C)ccc3OCC)nn12,,,,"MolVec 0.9.8 (git b412dd0, Maven Central)",0.2830582559108734
uspto,US07314871-20080101-C00281,CCCc1nc(CC)c2c(=O)[nH]c(-c3cc(S(=O)(=O)NCCC(CC)N(C)C)ccc3OCC)nn12,,,,"MolVec 0.9.8 (git b412dd0, Maven Central)",0.30591800436377525
uspto,US07314871-20080101-C00282,CCCc1nc(CC)c2c(=O)[nH]c(-c3cc(S(=O)(=O)NCCCN(C)Cc4ccccc4)ccc3OCC)nn12,,,,"MolVec 0.9.8 (git b412dd0, Maven Central)",0.31421940587460995
uspto,US07314871-20080101-C00283,CCCc1nc(CC)c2c(=O)[nH]c(-c3cc(S(=O)(=O)NCCCN(C)c4ccccc4)ccc3OCC)nn12,,,,"MolVec 0.9.8 (git b412dd0, Maven Central)",0.26052764616906643
uspto,US07314871-20080101-C00284,CCCc1nc(CC)c2c(=O)[nH]c(-c3cc(S(=O)(=O)NCCN(C)CCO)ccc3OCC)nn12,,,,"MolVec 0.9.8 (git b412dd0, Maven Central)",0.2444542720913887
uspto,US07314871-20080101-C00285,CCCc1nc(CC)c2c(=O)[nH]c(-c3cc(S(=O)(=O)NCCC(CC)N4CCOCC4)ccc3OCC)nn12,,,,"MolVec 0.9.8 (git b412dd0, Maven Central)",0.29011630080640316
uspto,US07314871-20080101-C00286,CCCc1nc(CC)c2c(=O)[nH]c(-c3cc(S(=O)(=O)Nc4cccc(CN(C)CCO)c4)ccc3OCC)nn12,,,,"MolVec 0.9.8 (git b412dd0, Maven Central)",0.25296845473349094
uspto,US07314871-20080101-C00287,CCCc1nc(CC)c2c(=O)[nH]c(-c3cc(S(=O)(=O)Nc4cccc(CN(CC)CCO)c4)ccc3OCC)nn12,,,,"MolVec 0.9.8 (git b412dd0, Maven Central)",0.25033449195325375
uspto,US07314871-20080101-C00288,CCCc1nc(CC)c2c(=O)[nH]c(-c3cc(S(=O)(=O)Nc4cccc(CN5CCOCC5)c4)ccc3OCC)nn12,,,,"MolVec 0.9.8 (git b412dd0, Maven Central)",0.23868348821997643
uspto,US07314871-20080101-C00289,CCCc1nc(CC)c2c(=O)[nH]c(-c3cc(S(=O)(=O)NCCN4CCOCC4)ccc3OCC)nn12,,,,"MolVec 0.9.8 (git b412dd0, Maven Central)",0.2465591561049223
uspto,US07314871-20080101-C00290,CCCc1nc(CC)c2c(=O)[nH]c(-c3cc(S(=O)(=O)N(C)CCO)ccc3OCC)nn12,,,,"MolVec 0.9.8 (git b412dd0, Maven Central)",0.19711538963019848
uspto,US07314871-20080101-C00291,CCCc1nc(CC)c2c(=O)[nH]c(-c3cc(S(=O)(=O)N(CCO)CCN(CC)CC)ccc3OCC)nn12,,,,"MolVec 0.9.8 (git b412dd0, Maven Central)",0.26241980865597725
uspto,US07314871-20080101-C00292,CCCc1nc(CC)c2c(=O)[nH]c(-c3cc(S(=O)(=O)N(C)CCN(C)C)ccc3OCC)nn12,,,,"MolVec 0.9.8 (git b412dd0, Maven Central)",0.27346732281148434
uspto,US07314871-20080101-C00293,CCCc1nc(CC)c2c(=O)[nH]c(-c3cc(S(=O)(=O)N(CC)CCN(CC)CC)ccc3OCC)nn12,,,,"MolVec 0.9.8 (git b412dd0, Maven Central)",0.2910237852483988
uspto,US07314871-20080101-C00294,CCCc1nc(CC)c2c(=O)[nH]c(-c3cc(S(=O)(=O)N4CCN(Cc5ccccc5)CC4)ccc3OCC)nn12,,,,"MolVec 0.9.8 (git b412dd0, Maven Central)",0.23896750435233116
uspto,US07314871-20080101-C00295,CCCc1nc(CC)c2c(=O)[nH]c(-c3cc(S(=O)(=O)N4CCC(N5CCCCC5)CC4)ccc3OCC)nn12,,,,"MolVec 0.9.8 (git b412dd0, Maven Central)",0.23581580072641373
uspto,US07314871-20080101-C00296,CCCc1nc(CC)c2c(=O)[nH]c(-c3cc(S(=O)(=O)N(C)C4CCN(C)CC4)ccc3OCC)nn12,,,,"MolVec 0.9.8 (git b412dd0, Maven Central)",0.23653964139521122
uspto,US07314871-20080101-C00297,CCCc1nc(CC)c2c(=O)[nH]c(-c3cc(S(=O)(=O)N(C)CCCN(C)C)ccc3OCC)nn12,,,,"MolVec 0.9.8 (git b412dd0, Maven Central)",0.27630478143692017
uspto,US07314871-20080101-C00298,CCCc1nc(CC)c2c(=O)[nH]c(-c3cc(S(=O)(=O)N(CCCN4CCCC4)C(C)C)ccc3OCC)nn12,,,,"MolVec 0.9.8 (git b412dd0, Maven Central)",0.27337570674717426
uspto,US07314871-20080101-C00299,CCCc1nc(CC)c2c(=O)[nH]c(-c3cc(S(=O)(=O)N(CCCN(C)C)C(C)C)ccc3OCC)nn12,,,,"MolVec 0.9.8 (git b412dd0, Maven Central)",0.26460655964910984
uspto,US07314871-20080101-C00300,CCCc1nc(CC)c2c(=O)[nH]c(-c3cc(S(=O)(=O)N(CCCN(C)C)C4CCCCC4)ccc3OCC)nn12,,,,"MolVec 0.9.8 (git b412dd0, Maven Central)",0.275746988132596
uspto,US07314871-20080101-C00301,CCCc1nc(CC)c2c(=O)[nH]c(-c3cc(S(=O)(=O)N(C)CC(O)CN(C)c4ccccc4)ccc3OCC)nn12,,,,"MolVec 0.9.8 (git b412dd0, Maven Central)",0.3703660983592272
uspto,US07314871-20080101-C00302,CCCc1nc(CC)c2c(=O)[nH]c(-c3cc(S(=O)(=O)N(C)CC(O)CN(CC)CC)ccc3OCC)nn12,,,,"MolVec 0.9.8 (git b412dd0, Maven Central)",0.25925987400114536
uspto,US07314871-20080101-C00303,CCCc1nc(CC)c2c(=O)[nH]c(-c3cc(S(=O)(=O)N(CCN(CC)CC)Cc4ccccc4)ccc3OCC)nn12,,,,"MolVec 0.9.8 (git b412dd0, Maven Central)",0.36288416013121605
uspto,US07314871-20080101-C00304,CCCc1nc(CC)c2c(=O)[nH]c(-c3cc(S(=O)(=O)N(CCC)CC(O)CN4CCOCC4)ccc3OCC)nn12,,,,"MolVec 0.9.8 (git b412dd0, Maven Central)",0.2690254468470812
uspto,US07314871-20080101-C00305,CCCc1nc(CC)c2c(=O)[nH]c(-c3cc(S(=O)(=O)N4CCN(C(C)C)CC4)ccc3OCC)nn12,,,,"MolVec 0.9.8 (git b412dd0, Maven Central)",0.25511218421161175
uspto,US07314871-20080101-C00306,CCCc1nc(CC)c2c(=O)[nH]c(-c3cc(S(=O)(=O)N4CCN(C5CCCC5)CC4)ccc3OCC)nn12,,,,"MolVec 0.9.8 (git b412dd0, Maven Central)",0.2217012606561184
uspto,US07314871-20080101-C00307,CCCc1nc(CC)c2c(=O)[nH]c(-c3cc(S(=O)(=O)N(C)N(C)c4ccccc4)ccc3OCC)nn12,,,,"MolVec 0.9.8 (git b412dd0, Maven Central)",0.25178307481110096
uspto,US07314871-20080101-C00308,CCCc1nc(CC)c2c(=O)[nH]c(-c3cc(S(=O)(=O)N(CCO)CCCN(C)C)ccc3OCC)nn12,,,,"MolVec 0.9.8 (git b412dd0, Maven Central)",0.24738088622689247
uspto,US07314871-20080101-C00309,CCCc1nc(CC)c2c(=O)[nH]c(-c3cc(S(=O)(=O)N(C)CC(O)CN(C)C)ccc3OCC)nn12,,,,"MolVec 0.9.8 (git b412dd0, Maven Central)",0.2518261130899191
uspto,US07314871-20080101-C00310,CCCc1nc(CC)c2c(=O)[nH]c(-c3cc(S(=O)(=O)N(C)N4CCCCC4)ccc3OCC)nn12,,,,"MolVec 0.9.8 (git b412dd0, Maven Central)",0.24645894765853882
uspto,US07314871-20080101-C00311,CCCc1nc(CC)c2c(=O)[nH]c(-c3cc(S(=O)(=O)N4CCC(N5CCCC5)CC4)ccc3OCC)nn12,,,,"MolVec 0.9.8 (git b412dd0, Maven Central)",0.2280207760632038
uspto,US07314871-20080101-C00312,CCCc1nc(CC)c2c(=O)[nH]c(-c3cc(S(=O)(=O)N4CCN(c5ccc(OC)cc5)CC4)ccc3OCC)nn12,,,,"MolVec 0.9.8 (git b412dd0, Maven Central)",0.28849548660218716
uspto,US07314871-20080101-C00313,CCCc1nc(CC)c2c(=O)[nH]c(-c3cc(S(=O)(=O)N(CC)CCN(C)C)ccc3OCC)nn12,,,,"MolVec 0.9.8 (git b412dd0, Maven Central)",0.2747473903000355
uspto,US07314871-20080101-C00314,CCCc1nc(CC)c2c(=O)[nH]c(-c3cc(S(=O)(=O)N4CCN(c5ccccn5)CC4)ccc3OCC)nn12,,,,"MolVec 0.9.8 (git b412dd0, Maven Central)",0.24289813451468945
uspto,US07314871-20080101-C00315,CCCc1nc(CC)c2c(=O)[nH]c(-c3cc(S(=O)(=O)N(C)CCN(CC)CC)ccc3OCC)nn12,,,,"MolVec 0.9.8 (git b412dd0, Maven Central)",0.2527918517589569
uspto,US07314871-20080101-C00316,CCCc1nc(CC)c2c(=O)[nH]c(-c3cc(S(=O)(=O)N4CCCN(C)CC4)ccc3OCC)nn12,,,,"MolVec 0.9.8 (git b412dd0, Maven Central)",0.2501763831824064
uspto,US07314871-20080101-C00317,CCCc1nc(CC)c2c(=O)[nH]c(-c3cc(S(=O)(=O)N(CCN(CC)CC)c4ccccc4)ccc3OCC)nn12,,,,"MolVec 0.9.8 (git b412dd0, Maven Central)",0.3010782264173031
uspto,US07314871-20080101-C00318,CCCc1nc(C)c2c(=O)[nH]c(-c3cc(S(=O)(=O)NCCCOCC)ccc3OCC)nn12,,,,"MolVec 0.9.8 (git b412dd0, Maven Central)",0.19886900298297405
uspto,US07314871-20080101-C00319,CCCc1nc(C)c2c(=O)[nH]c(-c3cc(S(=O)(=O)NCCCc4ccccc4)ccc3OCC)nn12,,,,"MolVec 0.9.8 (git b412dd0, Maven Central)",0.20659366436302662
uspto,US07314871-20080101-C00320,CCCc1nc(C)c2c(=O)[nH]c(-c3cc(S(=O)(=O)Nc4ccc(OCC)cc4)ccc3OCC)nn12,,,,"MolVec 0.9.8 (git b412dd0, Maven Central)",0.2234417125582695
uspto,US07314871-20080101-C00321,CCCc1nc(C)c2c(=O)[nH]c(-c3cc(S(=O)(=O)NCCc4c(Cl)cccc4Cl)ccc3OCC)nn12,,,,"MolVec 0.9.8 (git b412dd0, Maven Central)",0.3483282383531332
uspto,US07314871-20080101-C00322,CCCc1nc(C)c2c(=O)[nH]c(-c3cc(S(=O)(=O)NCCc4ccc(OC)c(OC)c4)ccc3OCC)nn12,,,,"MolVec 0.9.8 (git b412dd0, Maven Central)",0.47694466821849346
uspto,US07314871-20080101-C00323,CCCc1nc(C)c2c(=O)[nH]c(-c3cc(S(=O)(=O)Nc4ccc(OC)cc4)ccc3OCC)nn12,,,,"MolVec 0.9.8 (git b412dd0, Maven Central)",0.4986517187207937
uspto,US07314871-20080101-C00324,CCCc1nc(C)c2c(=O)[nH]c(-c3cc(S(=O)(=O)Nc4ccc(OC)c(OC5CCCC5)c4)ccc3OCC)nn12,,,,"MolVec 0.9.8 (git b412dd0, Maven Central)",0.6030839178711176
uspto,US07314871-20080101-C00325,CCCc1nc(C)c2c(=O)[nH]c(-c3cc(S(=O)(=O)Nc4ccc(OC)c(OC)c4OC)ccc3OCC)nn12,,,,"MolVec 0.9.8 (git b412dd0, Maven Central)",0.4826315939426422
uspto,US07314871-20080101-C00326,CCCc1nc(C)c2c(=O)[nH]c(-c3cc(S(=O)(=O)Nc4ccc(C(=O)OCC)cc4)ccc3OCC)nn12,,,,"MolVec 0.9.8 (git b412dd0, Maven Central)",0.5545083414763212
uspto,US07314871-20080101-C00327,CCCc1nc(C)c2c(=O)[nH]c(-c3cc(S(=O)(=O)Nc4ccc(OC)c(F)c4)ccc3OCC)nn12,,,,"MolVec 0.9.8 (git b412dd0, Maven Central)",0.5038495231419802
uspto,US07314871-20080101-C00328,CCCc1nc(C)c2c(=O)[nH]c(-c3cc(S(=O)(=O)Nc4cc(C)no4)ccc3OCC)nn12,,,,"MolVec 0.9.8 (git b412dd0, Maven Central)",0.5101902298629284
uspto,US07314871-20080101-C00329,CCCc1nc(C)c2c(=O)[nH]c(-c3cc(S(=O)(=O)NC4CCCC4)ccc3OCC)nn12,,,,"MolVec 0.9.8 (git b412dd0, Maven Central)",0.5067140366882086
uspto,US07314871-20080101-C00330,CCCc1nc(C)c2c(=O)[nH]c(-c3cc(S(=O)(=O)Nc4ccc(OC(F)(F)F)cc4)ccc3OCC)nn12,,,,"MolVec 0.9.8 (git b412dd0, Maven Central)",0.626133980229497
uspto,US07314871-20080101-C00331,CCCc1nc(C)c2c(=O)[nH]c(-c3cc(S(=O)(=O)NCCc4ccc(S(N)(=O)=O)cc4)ccc3OCC)nn12,,,,"MolVec 0.9.8 (git b412dd0, Maven Central)",0.563684269785881
uspto,US07314871-20080101-C00332,CCCc1nc(C)c2c(=O)[nH]c(-c3cc(S(=O)(=O)NCc4cccc(O)c4)ccc3OCC)nn12,,,,"MolVec 0.9.8 (git b412dd0, Maven Central)",0.5506695676594973
uspto,US07314871-20080101-C00333,CCCc1nc(C)c2c(=O)[nH]c(-c3cc(S(=O)(=O)N4CCCCC4)ccc3OCC)nn12,,,,"MolVec 0.9.8 (git b412dd0, Maven Central)",0.4095485843718052
uspto,US07314871-20080101-C00334,CCCc1nc(C)c2c(=O)[nH]c(-c3cc(S(=O)(=O)N4CCC(C)CC4)ccc3OCC)nn12,,,,"MolVec 0.9.8 (git b412dd0, Maven Central)",0.5047021247446537
uspto,US07314871-20080101-C00336,CCCc1nc(C)c2c(=O)[nH]c(-c3cc(S(=O)(=O)N(CC(C)C)CC(C)C)ccc3OCC)nn12,,,,"MolVec 0.9.8 (git b412dd0, Maven Central)",0.5702405013144016
uspto,US07314871-20080101-C00337,CCCc1nc(C)c2c(=O)[nH]c(-c3cc(S(=O)(=O)N4CCC(C(=O)OCC)C4)ccc3OCC)nn12,,,,"MolVec 0.9.8 (git b412dd0, Maven Central)",0.508317407220602
uspto,US07314871-20080101-C00338,CCCc1nc(C)c2c(=O)[nH]c(-c3cc(S(=O)(=O)NCc4ccccc4OC)ccc3OCC)nn12,,,,"MolVec 0.9.8 (git b412dd0, Maven Central)",0.4718744922429323
uspto,US07314871-20080101-C00339,CCCc1nc(C)c2c(=O)[nH]c(-c3cc(S(=O)(=O)Nc4cccc5cccnc45)ccc3OCC)nn12,,,,"MolVec 0.9.8 (git b412dd0, Maven Central)",0.5036112926900387
uspto,US07314871-20080101-C00340,CCCc1nc(C)c2c(=O)[nH]c(-c3cc(S(=O)(=O)Nc4ccc(N5CCOCC5)cc4)ccc3OCC)nn12,,,,"MolVec 0.9.8 (git b412dd0, Maven Central)",0.5192212127149105
uspto,US07314871-20080101-C00341,CCCc1nc(C)c2c(=O)[nH]c(-c3cc(S(=O)(=O)N4CCN(c5ccccc5OC)CC4)ccc3OCC)nn12,,,,"MolVec 0.9.8 (git b412dd0, Maven Central)",0.5539250075817108
uspto,US07314871-20080101-C00342,CCCc1nc(C)c2c(=O)[nH]c(-c3cc(S(=O)(=O)N(CC(=O)OCC)Cc4ccccc4)ccc3OCC)nn12,,,,"MolVec 0.9.8 (git b412dd0, Maven Central)",0.5020361840724945
uspto,US07314871-20080101-C00343,CCCc1nc(C)c2c(=O)[nH]c(-c3cc(S(=O)(=O)N4CCSCC4)ccc3OCC)nn12,,,,"MolVec 0.9.8 (git b412dd0, Maven Central)",0.4710775036364794
uspto,US07314871-20080101-C00344,CCCc1nc(C)c2c(=O)[nH]c(-c3cc(S(=O)(=O)N(C)CCc4ccc(OC)c(OC)c4)ccc3OCC)nn12,,,,"MolVec 0.9.8 (git b412dd0, Maven Central)",0.4923522286117077
uspto,US07314871-20080101-C00345,CCCc1nc(C)c2c(=O)[nH]c(-c3cc(S(=O)(=O)N(Cc4ccccc4)Cc4ccccc4S(=O)(=O)O)ccc3OCC)nn12,,,,"MolVec 0.9.8 (git b412dd0, Maven Central)",0.5979949031025171
uspto,US07314871-20080101-C00346,CCCc1nc(C)c2c(=O)[nH]c(-c3cc(S(=O)(=O)NCC(O)c4cccc(OC)c4)ccc3OCC)nn12,,,,"MolVec 0.9.8 (git b412dd0, Maven Central)",0.5699534099549055
uspto,US07314871-20080101-C00347,CCCc1nc(C)c2c(=O)[nH]c(-c3cc(S(=O)(=O)NCCc4ccc5c(c4)OC(F)C(F)(F)O5)ccc3OCC)nn12,,,,"MolVec 0.9.8 (git b412dd0, Maven Central)",0.601722065359354
uspto,US07314871-20080101-C00348,CCCc1nc(C)c2c(=O)[nH]c(-c3cc(S(=O)(=O)NCC(O)c4ccccc4)ccc3OCC)nn12,,,,"MolVec 0.9.8 (git b412dd0, Maven Central)",0.8063071556389332
uspto,US07314871-20080101-C00349,CCCc1nc(C)c2c(=O)[nH]c(-c3cc(S(=O)(=O)N(CCO)CC4COC5(CCCCC5)O4)ccc3OCC)nn12,,,,"MolVec 0.9.8 (git b412dd0, Maven Central)",0.5487631130963564
uspto,US07314871-20080101-C00353,CCCc1nc(C)c2c(=O)[nH]c(-c3cc(S(=O)(=O)N(CCOC)CCOC)ccc3OCC)nn12,,,,"MolVec 0.9.8 (git b412dd0, Maven Central)",0.5439004637300968
uspto,US07314871-20080101-C00354,CCCc1nc(C)c2c(=O)[nH]c(-c3cc(S(=O)(=O)N4CCN(C(=O)OCC)CC4)ccc3OCC)nn12,,,,"MolVec 0.9.8 (git b412dd0, Maven Central)",0.6219917610287666
uspto,US07314871-20080101-C00355,CCCc1nc(C)c2c(=O)[nH]c(-c3cc(S(=O)(=O)N4CCN(C(=O)OC(C)(C)C)CC4)ccc3OCC)nn12,,,,"MolVec 0.9.8 (git b412dd0, Maven Central)",0.5490566734224558
uspto,US07314871-20080101-C00356,CCCC1=NC(C)=C2C(=O)NC(C3=C(OCC)C=CC(S4(=O)=O[N+]4(CCCC4=CC=CC=C4)CCCN4CCOCC4)=C3)=NN12,,,,"MolVec 0.9.8 (git b412dd0, Maven Central)",0.7506069503724575
uspto,US07314871-20080101-C00357,CCCc1nc(C)c2c(=O)[nH]c(-c3cc(S(=O)(=O)NN4CCOCC4)ccc3OCC)nn12,,,,"MolVec 0.9.8 (git b412dd0, Maven Central)",0.5219092294573784
uspto,US07314871-20080101-C00358,CCCc1nc(C)c2c(=O)[nH]c(-c3cc(S(=O)(=O)N4CCC(CO)CC4)ccc3OCC)nn12,,,,"MolVec 0.9.8 (git b412dd0, Maven Central)",0.48305839113891125
uspto,US07314871-20080101-C00359,CCCc1nc(C)c2c(=O)[nH]c(-c3cc(S(=O)(=O)N(CCCN4CCOCC4)CCc4ccccc4)ccc3OCC)nn12,,,,"MolVec 0.9.8 (git b412dd0, Maven Central)",0.5949016511440277
uspto,US07314871-20080101-C00360,CCCc1nc(C)c2c(=O)[nH]c(-c3cc(S(=O)(=O)N(CCCN4CCOCC4)Cc4ccccc4)ccc3OCC)nn12,,,,"MolVec 0.9.8 (git b412dd0, Maven Central)",0.5870031099766493
uspto,US07314871-20080101-C00361,CCCc1nc(C)c2c(=O)[nH]c(-c3cc(S(=O)(=O)N4CCC(C(O)c5ccc(F)cc5)CC4)ccc3OCC)nn12,,,,"MolVec 0.9.8 (git b412dd0, Maven Central)",0.5280375648289919
uspto,US07314871-20080101-C00362,CCCc1nc(C)c2c(=O)[nH]c(-c3cc(S(=O)(=O)NCCc4ccc(O)cc4)ccc3OCC)nn12,,,,"MolVec 0.9.8 (git b412dd0, Maven Central)",0.9377273693680763
uspto,US07314871-20080101-C00363,CCCc1nc(C)c2c(=O)[nH]c(-c3cc(S(=O)(=O)NCCc4ccc(OC)c(O)c4)ccc3OCC)nn12,,,,"MolVec 0.9.8 (git b412dd0, Maven Central)",0.751140533015132
uspto,US07314871-20080101-C00364,CCCc1nc(C)c2c(=O)[nH]c(-c3cc(S(=O)(=O)NCCc4ccc(O)c(OC)c4)ccc3OCC)nn12,,,,"MolVec 0.9.8 (git b412dd0, Maven Central)",0.7796407993882895
uspto,US07314871-20080101-C00365,CCCc1nc(C)c2c(=O)[nH]c(-c3cc(S(=O)(=O)NCCc4cc(OC)c(O)c(OC)c4)ccc3OCC)nn12,,,,"MolVec 0.9.8 (git b412dd0, Maven Central)",0.6828979514539242
uspto,US07314871-20080101-C00366,CCCc1nc(C)c2c(=O)[nH]c(-c3cc(S(=O)(=O)Nc4ccc(OC)c(OCC(C)C)c4)ccc3OCC)nn12,,,,"MolVec 0.9.8 (git b412dd0, Maven Central)",0.7421173881739378
uspto,US07314871-20080101-C00367,CCCc1nc(C)c2c(=O)[nH]c(-c3cc(S(=O)(=O)Nc4ccc(OC)c(OCC(CC)CC)c4)ccc3OCC)nn12,,,,"MolVec 0.9.8 (git b412dd0, Maven Central)",1.0513785891234875
uspto,US07314871-20080101-C00368,CCCc1nc(C)c2c(=O)[nH]c(-c3cc(S(=O)(=O)Nc4ccc(OC)c(OCC5CCC5)c4)ccc3OCC)nn12,,,,"MolVec 0.9.8 (git b412dd0, Maven Central)",0.6417663563042879
uspto,US07314871-20080101-C00369,CCCc1nc(C)c2c(=O)[nH]c(-c3cc(S(=O)(=O)Nc4ccc(OC)c(OCC5CCCCC5)c4)ccc3OCC)nn12,,,,"MolVec 0.9.8 (git b412dd0, Maven Central)",0.6713091600686312
uspto,US07314871-20080101-C00370,CCCc1nc(C)c2c(=O)[nH]c(-c3cc(S(=O)(=O)Nc4ccc(OC)c(OC5CCCCCC5)c4)ccc3OCC)nn12,,,,"MolVec 0.9.8 (git b412dd0, Maven Central)",0.7005818076431751
uspto,US07314871-20080101-C00371,CCCc1nc(C)c2c(=O)[nH]c(-c3cc(S(=O)(=O)Nc4ccc(OC)c(OCCC(C)C)c4)ccc3OCC)nn12,,,,"MolVec 0.9.8 (git b412dd0, Maven Central)",0.8401095774024725
uspto,US07314871-20080101-C00372,CCCc1nc(C)c2c(=O)[nH]c(-c3cc(S(=O)(=O)Nc4ccc(OC)c(OCC5CCCCO5)c4)ccc3OCC)nn12,,,,"MolVec 0.9.8 (git b412dd0, Maven Central)",0.6768883168697357
uspto,US07314871-20080101-C00373,CCCc1nc(C)c2c(=O)[nH]c(-c3cc(S(=O)(=O)Nc4ccc(OC)c(OCCOC)c4)ccc3OCC)nn12,,,,"MolVec 0.9.8 (git b412dd0, Maven Central)",0.6642040088772774
uspto,US07314871-20080101-C00374,CCCc1nc(C)c2c(=O)[nH]c(-c3cc(S(=O)(=O)Nc4ccc(OC)c(OCC5CC5)c4)ccc3OCC)nn12,,,,"MolVec 0.9.8 (git b412dd0, Maven Central)",0.6122887916862965
uspto,US07314871-20080101-C00375,CCCc1nc(C)c2c(=O)[nH]c(-c3cc(S(=O)(=O)Nc4ccc(OC)c(OCC(=O)OC(C)(C)C)c4)ccc3OCC)nn12,,,,"MolVec 0.9.8 (git b412dd0, Maven Central)",0.7862943131476641
uspto,US07314871-20080101-C00376,CCCc1nc(C)c2c(=O)[nH]c(-c3cc(S(=O)(=O)Nc4ccc(OC)c(OCC(=O)OCc5ccccc5)c4)ccc3OCC)nn12,,,,"MolVec 0.9.8 (git b412dd0, Maven Central)",0.751157283782959
uspto,US07314871-20080101-C00377,CCCc1nc(C)c2c(=O)[nH]c(-c3cc(S(=O)(=O)Nc4ccc(OC)c(OCCOC(C)=O)c4)ccc3OCC)nn12,,,,"MolVec 0.9.8 (git b412dd0, Maven Central)",0.7609065677970648
uspto,US07314871-20080101-C00378,CCCc1nc(C)c2c(=O)[nH]c(-c3cc(S(=O)(=O)Nc4ccc(OC)c(OC(C)C)c4)ccc3OCC)nn12,,,,"MolVec 0.9.8 (git b412dd0, Maven Central)",0.5748505555093288
uspto,US07314871-20080101-C00379,CCCCN(CC)C(=O)COc1cc(NS(=O)(=O)c2ccc(OCC)c(-c3nn4c(CCC)nc(C)c4c(=O)[nH]3)c2)ccc1OC,,,,"MolVec 0.9.8 (git b412dd0, Maven Central)",0.8496615365147591
uspto,US07314871-20080101-C00380,CCCc1nc(C)c2c(=O)[nH]c(-c3cc(S(=O)(=O)Nc4ccc(OC)c(OCC(=O)N(CC)CC)c4)ccc3OCC)nn12,,,,"MolVec 0.9.8 (git b412dd0, Maven Central)",0.7434716671705246
uspto,US07314871-20080101-C00381,CCCc1nc(C)c2c(=O)[nH]c(-c3cc(S(=O)(=O)Nc4ccc(OC)c(OCCCC(=O)OCC)c4)ccc3OCC)nn12,,,,"MolVec 0.9.8 (git b412dd0, Maven Central)",0.8690639231353998
uspto,US07314871-20080101-C00382,CCCCCOc1cc(NS(=O)(=O)c2ccc(OCC)c(-c3nn4c(CCC)nc(C)c4c(=O)[nH]3)c2)ccc1OC,,,,"MolVec 0.9.8 (git b412dd0, Maven Central)",0.8780154678970575
uspto,US07314871-20080101-C00383,CCCc1nc(C)c2c(=O)[nH]c(-c3cc(S(=O)(=O)Nc4ccc(OCC(C)c5ccccc5)c(OC)c4)ccc3OCC)nn12,,,,"MolVec 0.9.8 (git b412dd0, Maven Central)",0.8063823599368334
uspto,US07314871-20080101-C00384,CCCc1nc(C)c2c(=O)[nH]c(-c3cc(S(=O)(=O)Nc4ccc(OCC(C)C)c(OC)c4)ccc3OCC)nn12,,,,"MolVec 0.9.8 (git b412dd0, Maven Central)",0.7813763003796339
uspto,US07314871-20080101-C00385,CCCc1nc(C)c2c(=O)[nH]c(-c3cc(S(=O)(=O)Nc4ccc(OCC(CC)CC)c(OC)c4)ccc3OCC)nn12,,,,"MolVec 0.9.8 (git b412dd0, Maven Central)",0.8107822220772505
uspto,US07314871-20080101-C00386,CCCc1nc(C)c2c(=O)[nH]c(-c3cc(S(=O)(=O)Nc4ccc(OCC5CCC5)c(OC)c4)ccc3OCC)nn12,,,,"MolVec 0.9.8 (git b412dd0, Maven Central)",0.6988888271152973
uspto,US07314871-20080101-C00388,CCCc1nc(C)c2c(=O)[nH]c(-c3cc(S(=O)(=O)Nc4ccc(OCc5ccc(OC)cc5)c(OC)c4)ccc3OCC)nn12,,,,"MolVec 0.9.8 (git b412dd0, Maven Central)",0.756661357358098
uspto,US07314871-20080101-C00389,CCCc1nc(C)c2c(=O)[nH]c(-c3cc(S(=O)(=O)Nc4ccc(OCC(N)=O)c(OC)c4)ccc3OCC)nn12,,,,"MolVec 0.9.8 (git b412dd0, Maven Central)",0.729731447994709
uspto,US07314871-20080101-C00390,CCCc1nc(C)c2c(=O)[nH]c(-c3cc(S(=O)(=O)Nc4ccc(OCc5cccc(OC)c5)c(OC)c4)ccc3OCC)nn12,,,,"MolVec 0.9.8 (git b412dd0, Maven Central)",0.8368885964155197
uspto,US07314871-20080101-C00391,CCCc1nc(C)c2c(=O)[nH]c(-c3cc(S(=O)(=O)Nc4ccc(OCCC(C)C)c(OC)c4)ccc3OCC)nn12,,,,"MolVec 0.9.8 (git b412dd0, Maven Central)",0.747750548645854
uspto,US07314871-20080101-C00392,CCCc1nc(C)c2c(=O)[nH]c(-c3cc(S(=O)(=O)Nc4ccc(OCC5CCCCO5)c(OC)c4)ccc3OCC)nn12,,,,"MolVec 0.9.8 (git b412dd0, Maven Central)",0.7330175284296274
uspto,US07314871-20080101-C00393,CCCc1nc(C)c2c(=O)[nH]c(-c3cc(S(=O)(=O)Nc4ccc(OCCOC)c(OC)c4)ccc3OCC)nn12,,,,"MolVec 0.9.8 (git b412dd0, Maven Central)",0.7900471650063992
uspto,US07314871-20080101-C00395,CCCc1nc(C)c2c(=O)[nH]c(-c3cc(S(=O)(=O)Nc4ccc(OCC5CC5)c(OC)c4)ccc3OCC)nn12,,,,"MolVec 0.9.8 (git b412dd0, Maven Central)",0.807821974158287
uspto,US07314871-20080101-C00396,CCCc1nc(C)c2c(=O)[nH]c(-c3cc(S(=O)(=O)Nc4ccc(OC5CCOC5=O)c(OC)c4)ccc3OCC)nn12,,,,"MolVec 0.9.8 (git b412dd0, Maven Central)",0.7660984471440315
uspto,US07314871-20080101-C00397,CCCc1nc(C)c2c(=O)[nH]c(-c3cc(S(=O)(=O)Nc4ccc(OCC(=O)OC(C)(C)C)c(OC)c4)ccc3OCC)nn12,,,,"MolVec 0.9.8 (git b412dd0, Maven Central)",0.933461531996727
uspto,US07314871-20080101-C00398,CCCc1nc(C)c2c(=O)[nH]c(-c3cc(S(=O)(=O)Nc4ccc(OCCOCc5ccccc5)c(OC)c4)ccc3OCC)nn12,,,,"MolVec 0.9.8 (git b412dd0, Maven Central)",0.7897919472306967
uspto,US07314871-20080101-C00399,CCCc1nc(C)c2c(=O)[nH]c(-c3cc(S(=O)(=O)Nc4ccc(OC(C)C)c(OC)c4)ccc3OCC)nn12,,,,"MolVec 0.9.8 (git b412dd0, Maven Central)",0.8507329281419516
uspto,US07314871-20080101-C00400,CCCCN(CC)C(=O)COc1ccc(NS(=O)(=O)c2ccc(OCC)c(-c3nn4c(CCC)nc(C)c4c(=O)[nH]3)c2)cc1OC,,,,"MolVec 0.9.8 (git b412dd0, Maven Central)",0.9620510004460812
uspto,US07314871-20080101-C00401,CCCc1nc(C)c2c(=O)[nH]c(-c3cc(S(=O)(=O)Nc4ccc(OCC(=O)N5CCCC5)c(OC)c4)ccc3OCC)nn12,,,,"MolVec 0.9.8 (git b412dd0, Maven Central)",0.9608231075108051
uspto,US07314871-20080101-C00402,CCCc1nc(C)c2c(=O)[nH]c(-c3cc(S(=O)(=O)Nc4ccc(OCC(=O)[C@]56C[C@H]7C[C@H](C[C@H](C7)C5)C6)c(OC)c4)ccc3OCC)nn12,,,,"MolVec 0.9.8 (git b412dd0, Maven Central)",1.2049830202013254
uspto,US07314871-20080101-C00403,CCCCCOc1ccc(NS(=O)(=O)c2ccc(OCC)c(-c3nn4c(CCC)nc(C)c4c(=O)[nH]3)c2)cc1OC,,,,"MolVec 0.9.8 (git b412dd0, Maven Central)",0.9144507553428411
uspto,US07314871-20080101-C00404,CCCOc1ccc(NS(=O)(=O)c2ccc(OCC)c(-c3nn4c(CCC)nc(C)c4c(=O)[nH]3)c2)cc1OC,,,,"MolVec 0.9.8 (git b412dd0, Maven Central)",0.7814822550863028
uspto,US07314871-20080101-C00405,CCCc1nc(C)c2c(=O)[nH]c(-c3cc(S(=O)(=O)N[C@@H](CO)Cc4ccccc4)ccc3OCC)nn12,,,,"MolVec 0.9.8 (git b412dd0, Maven Central)",0.6984458714723587
uspto,US07314871-20080101-C00409,CCCc1nc(C)c2c(=O)[nH]c(-c3cc(S(=O)(=O)N(CCN)CCO)ccc3OCC)nn12,,,,"MolVec 0.9.8 (git b412dd0, Maven Central)",0.5498467907309532
uspto,US07314871-20080101-C00410,CCCc1nc(C)c2c(=O)[nH]c(-c3cc(S(=O)(=O)NCCN(CC)CC)ccc3OCC)nn12,,,,"MolVec 0.9.8 (git b412dd0, Maven Central)",0.595422375947237
uspto,US07314871-20080101-C00420,CCCc1nc(C)c2n1N=C(c1cc(S(=O)(=O)N3CCN(CC)CC3)ccc1OCC)NC2,,,,"MolVec 0.9.8 (git b412dd0, Maven Central)",0.5858151651918888
uspto,US07314872-20080101-C00022,O=C(NCCNc1ccc(F)cc1)O[C@@H](CC1CCCCC1)C(=O)N1CCOCC1,,,,"MolVec 0.9.8 (git b412dd0, Maven Central)",0.5336204171180725
uspto,US07314872-20080101-C00023,O=C(NCCNc1ccc(F)cc1)[C@@H](CC(=O)N1CCOCC1)CC1CCCCC1,,,,"MolVec 0.9.8 (git b412dd0, Maven Central)",0.577236533164978
uspto,US07314872-20080101-C00024,CC1(C)CN([C@H]2COC[C@@H]2NC(=O)O[C@@H](CC2CCCCC2)C(=O)N2CCOCC2)c2ccc(F)cc21,,,,"MolVec 0.9.8 (git b412dd0, Maven Central)",0.5246705245226622
uspto,US07314872-20080101-C00025,C[C@@H](CN1CCc2cc(F)ccc21)NC(=O)[C@@H](CC(=O)N1CCOCC1)CC1CCCCC1,,,,"MolVec 0.9.8 (git b412dd0, Maven Central)",0.4812612924724817
uspto,US07314872-20080101-C00026,O=C(C[C@@H](CC1CCCCC1)C(=O)N1CCOCC1)NCCNc1ccc(F)cc1,,,,"MolVec 0.9.8 (git b412dd0, Maven Central)",0.531142907217145
uspto,US07314872-20080101-C00027,O=C(N[C@@H](COCc1ccccc1)CN1CCc2cc(F)ccc21)O[C@@H](CC1CCCCC1)C(=O)N1CCOCC1,,,,"MolVec 0.9.8 (git b412dd0, Maven Central)",0.593113224953413
uspto,US07314872-20080101-C00028,O=C(N[C@@H](CO)CN1CCc2cc(F)ccc21)O[C@@H](CC1CCCCC1)C(=O)N1CCOCC1,,,,"MolVec 0.9.8 (git b412dd0, Maven Central)",0.6945693455636501
uspto,US07314872-20080101-C00029,C[C@@H](CN1CCc2cc(F)ccc21)NC(=O)[C@H](CC1CCCCC1)OC(=O)N1CCOCC1,,,,"MolVec 0.9.8 (git b412dd0, Maven Central)",0.5571166966110468
uspto,US07314872-20080101-C00030,O=C(NCCNc1ccc(OC(F)(F)F)cc1)[C@@H](CC(=O)N1CCOCC1)CC1CCCCC1,,,,"MolVec 0.9.8 (git b412dd0, Maven Central)",0.6069850325584412
uspto,US07314872-20080101-C00031,C[C@@H](CNc1ccc(OC(F)(F)F)cc1)NC(=O)[C@@H](CC(=O)N1CCOCC1)CC1CCCCC1,,,,"MolVec 0.9.8 (git b412dd0, Maven Central)",0.5689164455980062
uspto,US07314872-20080101-C00032,C[C@@H](CNc1ccc(OC(F)(F)F)cc1)NC(=O)[C@@H](CC(=O)N1CCOCC1)CC1CCCC1,,,,"MolVec 0.9.8 (git b412dd0, Maven Central)",0.6367773525416851
uspto,US07314872-20080101-C00033,C[C@@H](CNc1ccc(OC(F)(F)F)cc1)NC(=O)[C@H](CC1CCCC1)[C@@H](C)C(=O)N1CCOCC1,,,,"MolVec 0.9.8 (git b412dd0, Maven Central)",0.6009997017681599
uspto,US07314872-20080101-C00034,C[C@@H](CNc1ccc(OC(F)(F)F)cc1)NC(=O)[C@H](CSCc1ccccc1)NC(=O)N1CCOCC1,,,,"MolVec 0.9.8 (git b412dd0, Maven Central)",0.7850329373031855
uspto,US07314872-20080101-C00035,C[C@@H](CNc1ccc(OC(F)(F)F)cc1)NC(=O)[C@H](CS(=O)(=O)Cc1ccccc1)NC(=O)N1CCOCC1,,,,"MolVec 0.9.8 (git b412dd0, Maven Central)",0.6902413349598646
uspto,US07314872-20080101-C00036,COc1ccc(NCCNC(=O)[C@@H](CC(=O)N2CCOCC2)CC2CCCCC2)cc1,,,,"MolVec 0.9.8 (git b412dd0, Maven Central)",0.5856982991099358
uspto,US07314872-20080101-C00037,CCC[C@@H](CNc1ccc(OC(F)(F)F)cc1)NC(=O)[C@@H](CC(=O)N1CCOCC1)CC1CCCCC1,,,,"MolVec 0.9.8 (git b412dd0, Maven Central)",0.5578141082078218
uspto,US07314872-20080101-C00038,C[C@@H](CNc1ccc(OC(F)(F)F)cc1)NC(=O)[C@H](CCC1CCCCC1)CC(=O)N1CCOCC1,,,,"MolVec 0.9.8 (git b412dd0, Maven Central)",0.5468401163816452
uspto,US07314872-20080101-C00039,CC[C@@H](CNc1ccc(OC(F)(F)F)cc1)NC(=O)[C@@H](CC(=O)N1CCOCC1)CC1CCCCC1,,,,"MolVec 0.9.8 (git b412dd0, Maven Central)",0.5957450307905674
uspto,US07314872-20080101-C00040,O=C(N[C@@H](CCc1ccccc1)CNc1ccc(OC(F)(F)F)cc1)[C@@H](CC(=O)N1CCOCC1)CC1CCCCC1,,,,"MolVec 0.9.8 (git b412dd0, Maven Central)",0.5697216987609863
uspto,US07314872-20080101-C00041,CC(C)[C@@H](CNc1ccc(OC(F)(F)F)cc1)NC(=O)[C@@H](CC(=O)N1CCOCC1)CC1CCCCC1,,,,"MolVec 0.9.8 (git b412dd0, Maven Central)",0.48631919734179974
uspto,US07314872-20080101-C00042,C[C@@H](CNc1ccc(OC(F)(F)F)cc1)NC(=O)[C@H](CCC(C)(C)C)CC(=O)N1CCOCC1,,,,"MolVec 0.9.8 (git b412dd0, Maven Central)",0.5297294016927481
uspto,US07314872-20080101-C00066,Cc1cc(NCCNC(=O)[C@H](CCC(C)(C)C)CC(=O)N2CCOCC2)no1,,,,"MolVec 0.9.8 (git b412dd0, Maven Central)",0.44834423065185547
uspto,US07314872-20080101-C00071,C[C@@H](CN1CC(C)(C)c2cc(F)ccc21)NC(=O)[C@@H](CC(=O)N1CCOCC1)CC1CCCCC1,,,,"MolVec 0.9.8 (git b412dd0, Maven Central)",0.5531552154570818
uspto,US07314872-20080101-C00081,COc1ccc(NC[C@@H](NC(=O)[C@@H](CC(=O)N2CCOCC2)c2ccc(F)cc2)C(C)C)cn1,,,,"MolVec 0.9.8 (git b412dd0, Maven Central)",0.4462837614119053
uspto,US07314872-20080101-C00083,C[C@@H](CN1CC(C)(C)c2cc(F)ccc21)NC(=O)[C@@H](CC(=O)N1CCOCC1)c1ccc(C(F)(F)F)cc1,,,,"MolVec 0.9.8 (git b412dd0, Maven Central)",0.5525105576962233
uspto,US07314872-20080101-C00085,CC(C)[C@@H](CN1CC(C)(C)c2cc(F)ccc21)NC(=O)[C@@H](CC(=O)N1CCOCC1)c1ccc(C(F)(F)F)cc1,,,,"MolVec 0.9.8 (git b412dd0, Maven Central)",0.5060985870659351
uspto,US07314872-20080101-C00086,CC1(C)CN(C[C@@H](NC(=O)[C@@H](CC(=O)N2CCOCC2)c2ccc(C(F)(F)F)cc2)C2CC2)c2ccc(F)cc21,,,,"MolVec 0.9.8 (git b412dd0, Maven Central)",0.44153121672570705
uspto,US07314872-20080101-C00087,O=C(NC(CNc1ccc(OC(F)(F)F)cc1)C1CC1)[C@@H](CC(=O)N1CCOCC1)c1ccc(C(F)(F)F)cc1,,,,"MolVec 0.9.8 (git b412dd0, Maven Central)",0.5134170483797789
uspto,US07314872-20080101-C00089,COc1ccc(NC[C@H](C)NC(=O)[C@H](CC2CCCCC2)NC(=O)N2CCOCC2)cc1,,,,"MolVec 0.9.8 (git b412dd0, Maven Central)",0.42922147922217846
uspto,US07314872-20080101-C00090,COc1ccc(NC[C@H](C)NC(=O)[C@H](CC2CCCC2)NC(=O)N2CCOCC2)cc1,,,,"MolVec 0.9.8 (git b412dd0, Maven Central)",0.4628834631294012
uspto,US07314872-20080101-C00093,CC(C)[C@@H](CNc1cccnc1)NC(=O)[C@H](CC1CCCCC1)NC(=O)N1CCOCC1,,,,"MolVec 0.9.8 (git b412dd0, Maven Central)",0.4947182070463896
uspto,US07314872-20080101-C00097,C[C@@H](CN1CC(C)(C)c2cc(F)ccc21)NC(=O)[C@H](CC1CCCCC1)NC(=O)N1CCOCC1,,,,"MolVec 0.9.8 (git b412dd0, Maven Central)",0.5618373081088066
uspto,US07314872-20080101-C00098,CC1(C)CN(CC(NC(=O)[C@H](CC2CCCCC2)NC(=O)N2CCOCC2)C2CC2)c2ccc(F)cc21,,,,"MolVec 0.9.8 (git b412dd0, Maven Central)",0.6309458278119564
uspto,US07314872-20080101-C00099,O=C(NC(CN1CC2(CC2)c2cc(F)ccc21)C1CC1)[C@H](CC1CCCCC1)NC(=O)N1CCOCC1,,,,"MolVec 0.9.8 (git b412dd0, Maven Central)",1.0240135006606579
uspto,US07314872-20080101-C00100,C[C@@H](CNc1ccc(OC(F)(F)F)cc1)NC(=O)O[C@@H](CC1CCCCC1)C(=O)N1CCOCC1,,,,"MolVec 0.9.8 (git b412dd0, Maven Central)",0.5854335967451334
uspto,US07314872-20080101-C00101,C[C@@H](CNc1ccc(OC(F)(F)F)cc1)NC(=O)O[C@@H](CC(C)(C)C)C(=O)N1CCOCC1,,,,"MolVec 0.9.8 (git b412dd0, Maven Central)",0.5547354687005281
uspto,US07314872-20080101-C00102,C[C@@H](CNc1ccc(OC(F)F)cc1)NC(=O)O[C@@H](CC(C)(C)C)C(=O)N1CCOCC1,,,,"MolVec 0.9.8 (git b412dd0, Maven Central)",0.5920532662421465
uspto,US07314872-20080101-C00106,CC(=O)NS(=O)(=O)c1ccc(NC[C@H](C)NC(=O)O[C@@H](CC2CCCCC2)C(=O)N2CCOCC2)cc1,,,,"MolVec 0.9.8 (git b412dd0, Maven Central)",0.5028102323412895
uspto,US07314872-20080101-C00107,C[C@@H](CN1c2ccc(F)cc2CC1(C)C)NC(=O)O[C@@H](CC1CCCCC1)C(=O)N1CCOCC1,,,,"MolVec 0.9.8 (git b412dd0, Maven Central)",0.5379558485001326
uspto,US07314872-20080101-C00108,Cc1cc(NC[C@H](C)NC(=O)O[C@@H](CC2CCCCC2)C(=O)N2CCOCC2)no1,,,,"MolVec 0.9.8 (git b412dd0, Maven Central)",0.5249199401587248
uspto,US07314872-20080101-C00109,CC[C@@H](CN1CC(C)(C)c2cc(F)ccc21)NC(=O)O[C@@H](CC1CCCCC1)C(=O)N1CCOCC1,,,,"MolVec 0.9.8 (git b412dd0, Maven Central)",0.4695344604551792
uspto,US07314872-20080101-C00110,C[C@@H]1CN(C(=O)[C@H](CC2CCCCC2)OC(=O)N[C@@H](C)CN2c3ccc(F)cc3CC2(C)C)C[C@H](C)O1,,,,"MolVec 0.9.8 (git b412dd0, Maven Central)",0.5467581115663052
uspto,US07314872-20080101-C00111,CC(=O)N1CCN(C(=O)[C@H](CC2CCCCC2)OC(=O)N[C@@H](C)CN2c3ccc(F)cc3CC2(C)C)CC1,,,,"MolVec 0.9.8 (git b412dd0, Maven Central)",0.4415159747004509
uspto,US07314872-20080101-C00112,C[C@@H](CN1c2ccc(F)cc2CC1(C)C)NC(=O)O[C@@H](CC1CCCCC1)C(=O)N1CCN(S(C)(=O)=O)CC1,,,,"MolVec 0.9.8 (git b412dd0, Maven Central)",0.5030548889189959
uspto,US07314872-20080101-C00113,C[C@@H](CN1c2ccc(F)cc2CC1(C)C)NC(=O)O[C@@H](CC1CCCCC1)C(=O)N1CCSCC1,,,,"MolVec 0.9.8 (git b412dd0, Maven Central)",0.7620546370744705
uspto,US07314872-20080101-C00114,C[C@@H]1CN(C(=O)[C@H](CC2CCCCC2)OC(=O)N[C@@H](C)CN2CC(C)(C)c3cc(F)ccc32)C[C@H](C)O1,,,,"MolVec 0.9.8 (git b412dd0, Maven Central)",0.4653832595795393
uspto,US07314872-20080101-C00115,CC(=O)N1CCN(C(=O)[C@H](CC2CCCCC2)OC(=O)N[C@@H](C)CN2CC(C)(C)c3cc(F)ccc32)CC1,,,,"MolVec 0.9.8 (git b412dd0, Maven Central)",0.5534037631005049
uspto,US07314872-20080101-C00116,C[C@@H](CN1CC(C)(C)c2cc(F)ccc21)NC(=O)O[C@@H](CC1CCCCC1)C(=O)N1CCN(S(C)(=O)=O)CC1,,,,"MolVec 0.9.8 (git b412dd0, Maven Central)",0.5123669803142548
uspto,US07314872-20080101-C00117,C[C@@H](CN1CC(C)(C)c2cc(F)ccc21)NC(=O)O[C@@H](CC1CCCCC1)C(=O)N1CCSCC1,,,,"MolVec 0.9.8 (git b412dd0, Maven Central)",0.4843131769448519
uspto,US07314872-20080101-C00118,C[C@@H](CN1CC2(CC2)c2cc(F)ccc21)NC(=O)O[C@@H](CC1CCCCC1)C(=O)N1CCOCC1,,,,"MolVec 0.9.8 (git b412dd0, Maven Central)",0.5251656621694565
uspto,US07314872-20080101-C00119,C[C@@H](CN1CC(C)(C)c2cc(F)ccc21)NC(=O)O[C@@H](CC1CCCCC1)C(=O)N1CCCCC1,,,,"MolVec 0.9.8 (git b412dd0, Maven Central)",0.5489033348858356
uspto,US07314872-20080101-C00120,C[C@@H](CN1CC(C)(C)c2cc(F)ccc21)NC(=O)O[C@@H](CC1CCCCC1)C(=O)N1CCCC1,,,,"MolVec 0.9.8 (git b412dd0, Maven Central)",0.44292874448001385
uspto,US07314872-20080101-C00121,C[C@@H](CN1CC(C)(C)c2cc(F)ccc21)NC(=O)O[C@@H](CC1CCCCC1)C(=O)N(C)C,,,,"MolVec 0.9.8 (git b412dd0, Maven Central)",0.7595769390463829
uspto,US07314872-20080101-C00122,C[C@@H](CN1CC(C)(C)c2cc(F)ccc21)NC(=O)O[C@@H](CC1CCCCC1)C(=O)N1CCS(=O)(=O)CC1,,,,"MolVec 0.9.8 (git b412dd0, Maven Central)",0.5187177006155252
uspto,US07314872-20080101-C00123,COCCN(C)C(=O)[C@H](CC1CCCCC1)OC(=O)N[C@@H](C)CN1CC(C)(C)c2cc(F)ccc21,,,,"MolVec 0.9.8 (git b412dd0, Maven Central)",0.5542250238358974
uspto,US07314872-20080101-C00124,C[C@@H](CN1CC(C)(C)c2cc(F)ccc21)NC(=O)O[C@@H](CC1CCCCC1)C(=O)N1CCC1,,,,"MolVec 0.9.8 (git b412dd0, Maven Central)",0.47543863393366337
uspto,US07314872-20080101-C00125,CC1(C)CN(CC(NC(=O)O[C@@H](CC2CCCCC2)C(=O)N2CCOCC2)C2CC2)c2ccc(F)cc21,,,,"MolVec 0.9.8 (git b412dd0, Maven Central)",0.6570531073957682
uspto,US07314872-20080101-C00126,CC(C)[C@@H](CN1CC(C)(C)c2cc(F)ccc21)NC(=O)O[C@@H](C(=O)N1CCOCC1)c1ccccc1,,,,"MolVec 0.9.8 (git b412dd0, Maven Central)",0.7491842564195395
uspto,US07314872-20080101-C00128,CC(C)[C@@H](CN1CC(C)(C)c2cc(F)ccc21)NC(=O)O[C@H](C(=O)N1CCOCC1)C1CCCCC1,,,,"MolVec 0.9.8 (git b412dd0, Maven Central)",0.16906329058110714
uspto,US07314874-20080101-C00292,NS(=O)(=O)c1ccccc1-c1ccc(C(=O)Nc2ccccc2C(=O)Nc2ccc(Br)cn2)cc1,,,,"MolVec 0.9.8 (git b412dd0, Maven Central)",0.20491343922913074
uspto,US07314874-20080101-C00293,NS(=O)(=O)c1ccccc1-c1ccc(C(=O)Nc2ccccc2C(=O)Nc2ccc(Cl)cn2)cc1,,,,"MolVec 0.9.8 (git b412dd0, Maven Central)",0.17886597104370594
uspto,US07314874-20080101-C00294,CS(=O)(=O)c1ccccc1-c1ccc(C(=O)Nc2ccccc2C(=O)Nc2ccc(Br)cn2)cc1,,,,"MolVec 0.9.8 (git b412dd0, Maven Central)",0.19214901328086853
uspto,US07314874-20080101-C00295,CS(=O)(=O)c1ccccc1-c1ccc(C(=O)Nc2ccccc2C(=O)Nc2ccc(Cl)cn2)cc1,,,,"MolVec 0.9.8 (git b412dd0, Maven Central)",0.18179887533187866
uspto,US07314874-20080101-C00296,CC(O)(O)c1cc(Br)ccc1NC(=O)c1ccccc1NC(=O)c1ccc(-c2ccccc2S(C)(=O)=O)cc1,,,,"MolVec 0.9.8 (git b412dd0, Maven Central)",0.1994711495935917
uspto,US07314874-20080101-C00297,CC(O)(O)c1cc(Cl)cnc1NC(=O)c1ccccc1NC(=O)c1ccc(-c2ccccc2S(C)(=O)=O)cc1,,,,"MolVec 0.9.8 (git b412dd0, Maven Central)",0.20807895809412003
uspto,US07314874-20080101-C00298,NS(=O)(=O)c1ccccc1-c1ccc(C(=O)Nc2ncccc2C(=O)Nc2ccc(Br)cn2)cc1,,,,"MolVec 0.9.8 (git b412dd0, Maven Central)",0.20478996820747852
uspto,US07314874-20080101-C00299,NS(=O)(=O)c1ccccc1-c1ccc(C(=O)Nc2ncccc2C(=O)Nc2ccc(Cl)cn2)cc1,,,,"MolVec 0.9.8 (git b412dd0, Maven Central)",0.20136389695107937
uspto,US07314874-20080101-C00300,NS(=O)(=O)c1ccccc1-c1ccc(C(=O)Nc2cccnc2C(=O)Nc2ccc(Br)cn2)cc1,,,,"MolVec 0.9.8 (git b412dd0, Maven Central)",0.20442485250532627
uspto,US07314874-20080101-C00301,NS(=O)(=O)c1ccccc1-c1ccc(C(=O)Nc2cccnc2C(=O)Nc2ccc(Cl)cn2)cc1,,,,"MolVec 0.9.8 (git b412dd0, Maven Central)",0.17938623577356339
uspto,US07314874-20080101-C00303,CS(=O)(=O)c1ccccc1-c1ccc(C(=O)Nc2ccccc2C(=O)Nc2ccc(Br)cc2[N+](=O)[O-])cc1,,,,"MolVec 0.9.8 (git b412dd0, Maven Central)",0.20662914961576462
uspto,US07314874-20080101-C00307,NS(=O)(=O)c1ccccc1-c1ccc(C(=O)Nc2cc([N+](=O)[O-])ccc2C(=O)Nc2ccc(Br)cn2)cc1,,,,"MolVec 0.9.8 (git b412dd0, Maven Central)",0.2423224225640297
uspto,US07314874-20080101-C00309,Nc1ccc(C(=O)Nc2ccc(Br)cn2)c(NC(=O)c2ccc(-c3ccccc3S(N)(=O)=O)cc2)c1,,,,"MolVec 0.9.8 (git b412dd0, Maven Central)",0.19580778665840626
uspto,US07314874-20080101-C00310,Nc1ccc(C(=O)Nc2ccc(Cl)cn2)c(NC(=O)c2ccc(-c3ccccc3S(N)(=O)=O)cc2)c1,,,,"MolVec 0.9.8 (git b412dd0, Maven Central)",0.20606261678040028
uspto,US07314874-20080101-C00311,CS(=O)(=O)Nc1ccc(C(=O)Nc2ccc(Br)cn2)c(NC(=O)c2ccc(-c3ccccc3S(N)(=O)=O)cc2)c1,,,,"MolVec 0.9.8 (git b412dd0, Maven Central)",0.2436146680265665
uspto,US07314874-20080101-C00312,CS(=O)(=O)Nc1ccc(C(=O)Nc2ccc(Cl)cn2)c(NC(=O)c2ccc(-c3ccccc3S(N)(=O)=O)cc2)c1,,,,"MolVec 0.9.8 (git b412dd0, Maven Central)",0.242456816136837
uspto,US07314874-20080101-C00313,Nc1ccc(NC(=O)c2ccc(-c3ccccc3S(N)(=O)=O)cc2)c(C(=O)Nc2ccc(Br)cn2)c1,,,,"MolVec 0.9.8 (git b412dd0, Maven Central)",0.20403135381639004
uspto,US07314874-20080101-C00314,Nc1ccc(NC(=O)c2ccc(-c3ccccc3S(N)(=O)=O)cc2)c(C(=O)Nc2ccc(Cl)cn2)c1,,,,"MolVec 0.9.8 (git b412dd0, Maven Central)",0.2247566543519497
uspto,US07314874-20080101-C00315,N=C(N)c1ccc(C(=O)Nc2ccccc2C(=O)Nc2ccc(Br)cn2)cc1,,,,"MolVec 0.9.8 (git b412dd0, Maven Central)",0.1737796999514103
uspto,US07314874-20080101-C00324,O=C(Nc1ccccc1C(=O)Nc1ccc(Br)cn1)c1ccc(C2=NCCN2)cc1,,,,"MolVec 0.9.8 (git b412dd0, Maven Central)",0.17561115324497223
uspto,US07314874-20080101-C00327,O=C(Nc1ccccc1C(=O)Nc1ccc(Cl)cn1)c1ccc(C2=NCCN2)cc1,,,,"MolVec 0.9.8 (git b412dd0, Maven Central)",0.3519594129174948
uspto,US07314874-20080101-C00328,O=C(Nc1ccccc1C(=O)Nc1ccc(Br)cn1)c1ccc(-c2nnn[nH]2)cc1,,,,"MolVec 0.9.8 (git b412dd0, Maven Central)",0.17843529395759106
uspto,US07314874-20080101-C00332,NS(=O)(=O)c1ccccc1-c1ccc(C(=O)Nc2cc(F)c(F)cc2C(=O)Nc2ccc(Br)cn2)cc1,,,,"MolVec 0.9.8 (git b412dd0, Maven Central)",0.20906482823193073
uspto,US07314874-20080101-C00343,COc1cc(C(=O)Nc2ccc(Br)cn2)c(NC(=O)c2ccc(C3=NCCN3C)cc2)c(OC)c1OC,,,,"MolVec 0.9.8 (git b412dd0, Maven Central)",0.3237341083586216
uspto,US07314874-20080101-C00346,N=C(N)c1ccccc1-c1ccc(C(=O)Nc2ccccc2C(=O)Nc2ccc(Cl)cn2)cc1,,,,"MolVec 0.9.8 (git b412dd0, Maven Central)",0.22341196425259113
uspto,US07314874-20080101-C00347,CN(C)C(=N)c1ccccc1-c1ccc(C(=O)Nc2ccccc2C(=O)Nc2ccc(Cl)cn2)cc1,,,,"MolVec 0.9.8 (git b412dd0, Maven Central)",0.24044818431138992
uspto,US07314874-20080101-C00348,N=C(NO)c1ccccc1-c1ccc(C(=O)Nc2ccccc2C(=O)Nc2ccc(Cl)cn2)cc1,,,,"MolVec 0.9.8 (git b412dd0, Maven Central)",0.2263032030314207
uspto,US07314874-20080101-C00349,NC(=O)c1ccccc1-c1ccc(C(=O)Nc2ccccc2C(=O)Nc2ccc(Cl)cn2)cc1,,,,"MolVec 0.9.8 (git b412dd0, Maven Central)",0.2046551313251257
uspto,US07314874-20080101-C00350,NCc1ccccc1-c1ccc(C(=O)Nc2ccccc2C(=O)Nc2ccc(Cl)cn2)cc1,,,,"MolVec 0.9.8 (git b412dd0, Maven Central)",0.18430545553565025
uspto,US07314874-20080101-C00351,NCc1ccc(C(=O)Nc2ccccc2C(=O)Nc2ccc(Cl)cn2)cc1,,,,"MolVec 0.9.8 (git b412dd0, Maven Central)",0.16305776685476303
uspto,US07314874-20080101-C00352,O=C(Nc1ccccc1C(=O)Nc1ccc(Cl)cn1)c1ccc(CNC2=NCCN2)cc1,,,,"MolVec 0.9.8 (git b412dd0, Maven Central)",0.18044240772724152
uspto,US07314874-20080101-C00353,CN1CCN=C1NCc1ccc(C(=O)Nc2ccccc2C(=O)Nc2ccc(Cl)cn2)cc1,,,,"MolVec 0.9.8 (git b412dd0, Maven Central)",0.20371516048908234
uspto,US07314874-20080101-C00354,NS(=O)(=O)c1ccccc1-c1ccc(C(=O)Nc2ccc(F)cc2C(=O)Nc2ccc(Br)cn2)cc1,,,,"MolVec 0.9.8 (git b412dd0, Maven Central)",0.20156088657677174
uspto,US07314874-20080101-C00355,NS(=O)(=O)c1ccccc1-c1ccc(C(=O)Nc2ccc(F)cc2C(=O)Nc2ccc(Cl)cn2)cc1,,,,"MolVec 0.9.8 (git b412dd0, Maven Central)",0.18587178364396095
uspto,US07314874-20080101-C00356,CC(=O)Nc1ccc(NC(=O)c2ccc(-c3ccccc3S(N)(=O)=O)cc2)c(C(=O)Nc2ccc(Br)cn2)c1,,,,"MolVec 0.9.8 (git b412dd0, Maven Central)",0.22205176204442978
uspto,US07314874-20080101-C00357,CN1CCN(c2ccc(NC(=O)c3ccc(-c4ccccc4S(N)(=O)=O)cc3)c(C(=O)Nc3ccc(Br)cn3)c2)CC1,,,,"MolVec 0.9.8 (git b412dd0, Maven Central)",0.2349607702344656
uspto,US07314874-20080101-C00358,NS(=O)(=O)c1ccccc1-c1ccc(C(=O)Nc2ccc(-n3ccnc3)cc2C(=O)Nc2ccc(Cl)cn2)cc1,,,,"MolVec 0.9.8 (git b412dd0, Maven Central)",0.2419319450855255
uspto,US07314874-20080101-C00359,NS(=O)(=O)c1ccccc1-c1ccc(NC(=O)Nc2ccc(F)cc2C(=O)Nc2ccc(Br)cn2)cc1,,,,"MolVec 0.9.8 (git b412dd0, Maven Central)",0.2988852337002754
uspto,US07314874-20080101-C00378,COc1cc(NC(=O)c2ccc(C#N)cc2)c(C(=O)Nc2ccc(Br)cn2)cc1OC,,,,"MolVec 0.9.8 (git b412dd0, Maven Central)",0.1628509946167469
uspto,US07314874-20080101-C00380,COc1cc(NC(=O)c2ccc(C(=N)N)cc2)c(C(=O)Nc2ccc(Br)cn2)cc1OC,,,,"MolVec 0.9.8 (git b412dd0, Maven Central)",0.21356508880853653
uspto,US07314874-20080101-C00381,COc1ccc(NC(=O)c2ccc(C#N)cc2)c(C(=O)Nc2ccc(Cl)cn2)c1,,,,"MolVec 0.9.8 (git b412dd0, Maven Central)",0.16689688712358475
uspto,US07314874-20080101-C00382,COc1ccc(NC(=O)c2ccc(C3=NCCN3C)cc2)c(C(=O)Nc2ccc(Cl)cn2)c1,,,,"MolVec 0.9.8 (git b412dd0, Maven Central)",0.208680996671319
uspto,US07314874-20080101-C00383,COc1ccc(NC(=O)c2ccc(C(=N)N)cc2)c(C(=O)Nc2ccc(Cl)cn2)c1,,,,"MolVec 0.9.8 (git b412dd0, Maven Central)",0.19171616435050964
uspto,US07314874-20080101-C00384,CNC(=N)c1ccc(C(=O)Nc2ccc(OC)cc2C(=O)Nc2ccc(Cl)cn2)cc1,,,,"MolVec 0.9.8 (git b412dd0, Maven Central)",0.18254241347312927
uspto,US07314874-20080101-C00385,COc1ccc(NC(=O)c2ccc(C(=N)N(C)C)cc2)c(C(=O)Nc2ccc(Cl)cn2)c1,,,,"MolVec 0.9.8 (git b412dd0, Maven Central)",0.17705856077373028
uspto,US07314874-20080101-C00386,COc1ccc(NC(=O)c2ccc(C(=N)N3CCCC3)cc2)c(C(=O)Nc2ccc(Cl)cn2)c1,,,,"MolVec 0.9.8 (git b412dd0, Maven Central)",0.18548337928950787
uspto,US07314874-20080101-C00387,COc1ccc(NC(=O)c2ccc(C(=N)N3CCCCC3)cc2)c(C(=O)Nc2ccc(Cl)cn2)c1,,,,"MolVec 0.9.8 (git b412dd0, Maven Central)",0.1915439534932375
uspto,US07314874-20080101-C00388,COc1ccc(NC(=O)c2ccc(C(=N)N3CCOCC3)cc2)c(C(=O)Nc2ccc(Cl)cn2)c1,,,,"MolVec 0.9.8 (git b412dd0, Maven Central)",0.18865987285971642
uspto,US07314874-20080101-C00389,COc1ccc(NC(=O)c2ccc(C(=N)N3CCSCC3)cc2)c(C(=O)Nc2ccc(Cl)cn2)c1,,,,"MolVec 0.9.8 (git b412dd0, Maven Central)",0.181463573127985
uspto,US07314874-20080101-C00390,COc1ccc(NC(=O)c2ccc(/C(N)=N/O)cc2)c(C(=O)Nc2ccc(Cl)cn2)c1,,,,"MolVec 0.9.8 (git b412dd0, Maven Central)",0.2020397875458002
uspto,US07314874-20080101-C00391,COc1ccc(NC(=O)c2ccc(C#N)cc2)c(C(=O)Nc2ccc(Br)cn2)c1,,,,"MolVec 0.9.8 (git b412dd0, Maven Central)",0.1643899455666542
uspto,US07314874-20080101-C00392,COc1ccc(NC(=O)c2ccc(C3=NCCN3C)cc2)c(C(=O)Nc2ccc(Br)cn2)c1,,,,"MolVec 0.9.8 (git b412dd0, Maven Central)",0.18461977131664753
uspto,US07314874-20080101-C00393,COc1ccc(NC(=O)c2ccc(C(=N)N)cc2)c(C(=O)Nc2ccc(Br)cn2)c1,,,,"MolVec 0.9.8 (git b412dd0, Maven Central)",0.19540233723819256
uspto,US07314874-20080101-C00394,CNC(=N)c1ccc(C(=O)Nc2ccc(OC)cc2C(=O)Nc2ccc(Br)cn2)cc1,,,,"MolVec 0.9.8 (git b412dd0, Maven Central)",0.1747487261891365
uspto,US07314874-20080101-C00395,COc1ccc(NC(=O)c2ccc(C(=N)N(C)C)cc2)c(C(=O)Nc2ccc(Br)cn2)c1,,,,"MolVec 0.9.8 (git b412dd0, Maven Central)",0.1793038509786129
uspto,US07314874-20080101-C00396,COc1ccc(NC(=O)c2ccc(C(=N)N3CCCC3)cc2)c(C(=O)Nc2ccc(Br)cn2)c1,,,,"MolVec 0.9.8 (git b412dd0, Maven Central)",0.22194486111402512
uspto,US07314874-20080101-C00397,COc1ccc(NC(=O)c2ccc(C(=N)N3CCCCC3)cc2)c(C(=O)Nc2ccc(Br)cn2)c1,,,,"MolVec 0.9.8 (git b412dd0, Maven Central)",0.17049388960003853
uspto,US07314874-20080101-C00398,COc1ccc(NC(=O)c2ccc(C(=N)N3CCOCC3)cc2)c(C(=O)Nc2ccc(Br)cn2)c1,,,,"MolVec 0.9.8 (git b412dd0, Maven Central)",0.18537539802491665
uspto,US07314874-20080101-C00399,COc1ccc(NC(=O)c2ccc(C(=N)N3CCSCC3)cc2)c(C(=O)Nc2ccc(Br)cn2)c1,,,,"MolVec 0.9.8 (git b412dd0, Maven Central)",0.2075443845242262
uspto,US07314874-20080101-C00400,COc1ccc(NC(=O)c2ccc(/C(N)=N/O)cc2)c(C(=O)Nc2ccc(Br)cn2)c1,,,,"MolVec 0.9.8 (git b412dd0, Maven Central)",0.17792165651917458
uspto,US07314874-20080101-C00401,N#Cc1ccc(C(=O)Nc2ccc(O)cc2C(=O)Nc2ccc(Cl)cn2)cc1,,,,"MolVec 0.9.8 (git b412dd0, Maven Central)",0.1487484946846962
uspto,US07314874-20080101-C00402,CCOC(=O)COc1ccc(NC(=O)c2ccc(C#N)cc2)c(C(=O)Nc2ccc(Cl)cn2)c1,,,,"MolVec 0.9.8 (git b412dd0, Maven Central)",0.18478929065167904
uspto,US07314874-20080101-C00403,COC(=O)COc1ccc(NC(=O)c2ccc(C(=N)N(C)C)cc2)c(C(=O)Nc2ccc(Cl)cn2)c1,,,,"MolVec 0.9.8 (git b412dd0, Maven Central)",0.19089560210704803
uspto,US07314874-20080101-C00404,N/C(=N/O)c1ccc(C(=O)Nc2ccc(O)cc2C(=O)Nc2ccc(Cl)cn2)cc1,,,,"MolVec 0.9.8 (git b412dd0, Maven Central)",0.18116125464439392
uspto,US07314874-20080101-C00405,N=C(N)c1ccc(C(=O)Nc2ccc(O)cc2C(=O)Nc2ccc(Cl)cn2)cc1,,,,"MolVec 0.9.8 (git b412dd0, Maven Central)",0.1883626040071249
uspto,US07314874-20080101-C00406,CN(C)C(=N)c1ccc(C(=O)Nc2ccc(OCC(=O)O)cc2C(=O)Nc2ccc(Cl)cn2)cc1,,,,"MolVec 0.9.8 (git b412dd0, Maven Central)",0.21602990292012691
uspto,US07314874-20080101-C00407,COc1ccc(NC(=O)c2ccc(C3=NCCN3C)cc2F)c(C(=O)Nc2ccc(Cl)cn2)c1,,,,"MolVec 0.9.8 (git b412dd0, Maven Central)",0.437966400757432
uspto,US07314874-20080101-C00408,COc1ccc(NC(=O)c2ccc(C(=N)N)cc2F)c(C(=O)Nc2ccc(Cl)cn2)c1,,,,"MolVec 0.9.8 (git b412dd0, Maven Central)",0.4502882491797209
uspto,US07314874-20080101-C00409,CNC(=N)c1ccc(C(=O)Nc2ccc(OC)cc2C(=O)Nc2ccc(Cl)cn2)c(F)c1,,,,"MolVec 0.9.8 (git b412dd0, Maven Central)",0.4120757170021534
uspto,US07314874-20080101-C00411,COc1ccc(NC(=O)c2ccc(C(=N)N3CCC3)cc2F)c(C(=O)Nc2ccc(Cl)cn2)c1,,,,"MolVec 0.9.8 (git b412dd0, Maven Central)",0.42759881541132927
uspto,US07314874-20080101-C00412,COc1ccc(NC(=O)c2ccc(C(=N)N3CCCC3)cc2F)c(C(=O)Nc2ccc(Cl)cn2)c1,,,,"MolVec 0.9.8 (git b412dd0, Maven Central)",0.44946729578077793
uspto,US07314874-20080101-C00413,COc1ccc(NC(=O)c2ccc(C(=N)N3CCCCC3)cc2F)c(C(=O)Nc2ccc(Cl)cn2)c1,,,,"MolVec 0.9.8 (git b412dd0, Maven Central)",0.4406949672847986
uspto,US07314874-20080101-C00415,COC1=CC(C(=O)NC2=CC=C(Cl)C=N2)=C(NC(=O)C2=CC=C(C(=N)N3CCSCC3)C=C2F)C=C1.[H]S(=O)(=O)(COO)O(N)(N)(N)(N)C1NCl1,,,,"MolVec 0.9.8 (git b412dd0, Maven Central)",0.5824535060673952
uspto,US07314874-20080101-C00416,COc1ccc(NC(=O)c2ccc(/C(N)=N/O)cc2F)c(C(=O)Nc2ccc(Cl)cn2)c1,,,,"MolVec 0.9.8 (git b412dd0, Maven Central)",0.4341577310115099
uspto,US07314874-20080101-C00417,CCOC(=O)COc1ccc(NC(=O)c2ccc(C3=NCCN3C)cc2)c(C(=O)Nc2ccc(Cl)cn2)c1,,,,"MolVec 0.9.8 (git b412dd0, Maven Central)",0.4162901062518358
uspto,US07314874-20080101-C00418,CN1CCN=C1c1ccc(C(=O)Nc2ccc(OCC(=O)O)cc2C(=O)Nc2ccc(Cl)cn2)cc1,,,,"MolVec 0.9.8 (git b412dd0, Maven Central)",0.41421190835535526
uspto,US07314874-20080101-C00419,CCOC(=O)COc1ccc(NC(=O)c2ccc(C(=N)N)cc2)c(C(=O)Nc2ccc(Cl)cn2)c1,,,,"MolVec 0.9.8 (git b412dd0, Maven Central)",0.40499432757496834
uspto,US07314874-20080101-C00420,N=C(N)c1ccc(C(=O)Nc2ccc(OCC(=O)O)cc2C(=O)Nc2ccc(Cl)cn2)cc1,,,,"MolVec 0.9.8 (git b412dd0, Maven Central)",0.41475031711161137
uspto,US07314874-20080101-C00421,CCOC(=O)COc1ccc(NC(=O)c2ccc(C(=N)N(C)C)cc2)c(C(=O)Nc2ccc(Cl)cn2)c1,,,,"MolVec 0.9.8 (git b412dd0, Maven Central)",0.4087980445474386
uspto,US07314874-20080101-C00422,CCOC(=O)COc1ccc(NC(=O)c2ccc(C(=N)N3CCC3)cc2)c(C(=O)Nc2ccc(Cl)cn2)c1,,,,"MolVec 0.9.8 (git b412dd0, Maven Central)",0.4133611060678959
uspto,US07314874-20080101-C00423,N=C(c1ccc(C(=O)Nc2ccc(OCC(=O)O)cc2C(=O)Nc2ccc(Cl)cn2)cc1)N1CCC1,,,,"MolVec 0.9.8 (git b412dd0, Maven Central)",0.42362846061587334
uspto,US07314874-20080101-C00424,CCOC(=O)COc1ccc(NC(=O)c2ccc(C(=N)N3CCCC3)cc2)c(C(=O)Nc2ccc(Cl)cn2)c1,,,,"MolVec 0.9.8 (git b412dd0, Maven Central)",0.4315218962728977
uspto,US07314874-20080101-C00425,N=C(c1ccc(C(=O)Nc2ccc(OCC(=O)O)cc2C(=O)Nc2ccc(Cl)cn2)cc1)N1CCCC1,,,,"MolVec 0.9.8 (git b412dd0, Maven Central)",0.45650253258645535
uspto,US07314874-20080101-C00426,CCOC(=O)COc1ccc(NC(=O)c2ccc(C(=N)N3CCCCC3)cc2)c(C(=O)Nc2ccc(Cl)cn2)c1,,,,"MolVec 0.9.8 (git b412dd0, Maven Central)",0.42699989303946495
uspto,US07314874-20080101-C00427,N=C(c1ccc(C(=O)Nc2ccc(OCC(=O)O)cc2C(=O)Nc2ccc(Cl)cn2)cc1)N1CCCCC1,,,,"MolVec 0.9.8 (git b412dd0, Maven Central)",0.4243303891271353
uspto,US07314874-20080101-C00428,CCOC(=O)COc1ccc(NC(=O)c2ccc(C3=NCCN3C)cc2F)c(C(=O)Nc2ccc(Cl)cn2)c1,,,,"MolVec 0.9.8 (git b412dd0, Maven Central)",0.41878045350313187
uspto,US07314874-20080101-C00429,CN1CCN=C1c1ccc(C(=O)Nc2ccc(OCC(=O)O)cc2C(=O)Nc2ccc(Cl)cn2)c(F)c1,,,,"MolVec 0.9.8 (git b412dd0, Maven Central)",0.4168190024793148
uspto,US07314874-20080101-C00430,CCOC(=O)COc1ccc(NC(=O)c2ccc(C(=N)N)cc2F)c(C(=O)Nc2ccc(Cl)cn2)c1,,,,"MolVec 0.9.8 (git b412dd0, Maven Central)",0.4310251921415329
uspto,US07314874-20080101-C00431,N=C(N)c1ccc(C(=O)Nc2ccc(OCC(=O)O)cc2C(=O)Nc2ccc(Cl)cn2)c(F)c1,,,,"MolVec 0.9.8 (git b412dd0, Maven Central)",0.466664744541049
uspto,US07314874-20080101-C00432,CCOC(=O)COc1ccc(NC(=O)c2ccc(C(=N)N(C)C)cc2F)c(C(=O)Nc2ccc(Cl)cn2)c1,,,,"MolVec 0.9.8 (git b412dd0, Maven Central)",0.46960488706827164
uspto,US07314874-20080101-C00433,CN(C)C(=N)c1ccc(C(=O)Nc2ccc(OCC(=O)O)cc2C(=O)Nc2ccc(Cl)cn2)c(F)c1,,,,"MolVec 0.9.8 (git b412dd0, Maven Central)",0.44290400482714176
uspto,US07314874-20080101-C00434,CCOC(=O)COc1ccc(NC(=O)c2ccc(C(=N)N3CCC3)cc2F)c(C(=O)Nc2ccc(Cl)cn2)c1,,,,"MolVec 0.9.8 (git b412dd0, Maven Central)",0.44455407559871674
uspto,US07314874-20080101-C00435,N=C(c1ccc(C(=O)Nc2ccc(OCC(=O)O)cc2C(=O)Nc2ccc(Cl)cn2)c(F)c1)N1CCC1,,,,"MolVec 0.9.8 (git b412dd0, Maven Central)",0.4424871429800987
uspto,US07314874-20080101-C00436,CCOC(=O)COc1ccc(NC(=O)c2ccc(C(=N)N3CCCC3)cc2F)c(C(=O)Nc2ccc(Cl)cn2)c1,,,,"MolVec 0.9.8 (git b412dd0, Maven Central)",0.44764264672994614
uspto,US07314874-20080101-C00437,N=C(c1ccc(C(=O)Nc2ccc(OCC(=O)O)cc2C(=O)Nc2ccc(Cl)cn2)c(F)c1)N1CCCC1,,,,"MolVec 0.9.8 (git b412dd0, Maven Central)",0.4382052291184664
uspto,US07314874-20080101-C00438,CCOC(=O)COc1ccc(NC(=O)c2ccc(C(=N)N3CCCCC3)cc2F)c(C(=O)Nc2ccc(Cl)cn2)c1,,,,"MolVec 0.9.8 (git b412dd0, Maven Central)",0.4774403590708971
uspto,US07314874-20080101-C00439,N=C(c1ccc(C(=O)Nc2ccc(OCC(=O)O)cc2C(=O)Nc2ccc(Cl)cn2)c(F)c1)N1CCCCC1,,,,"MolVec 0.9.8 (git b412dd0, Maven Central)",0.42298820801079273
uspto,US07314874-20080101-C00440,Nc1ccc(Cl)cc1C(=O)Nc1ccc(Br)cn1,,,,"MolVec 0.9.8 (git b412dd0, Maven Central)",0.08889737166464329
uspto,US07314874-20080101-C00441,N#Cc1ccc(C(=O)Nc2ccc(Cl)cc2C(=O)Nc2ccc(Br)cn2)cc1,,,,"MolVec 0.9.8 (git b412dd0, Maven Central)",0.15132743306457996
uspto,US07314874-20080101-C00443,Nc1ccc(Cl)cc1C(=O)Nc1ccc(Cl)cn1,,,,"MolVec 0.9.8 (git b412dd0, Maven Central)",0.09155002795159817
uspto,US07314874-20080101-C00444,N#Cc1ccc(C(=O)Nc2ccc(Cl)cc2C(=O)Nc2ccc(Cl)cn2)c(F)c1,,,,"MolVec 0.9.8 (git b412dd0, Maven Central)",0.15799490362405777
uspto,US07314874-20080101-C00455,CN(C)C(=N)c1ccc(C(=O)Nc2cc([N+](=O)[O-])ccc2C(=O)Nc2ccc(Cl)cn2)cc1,,,,"MolVec 0.9.8 (git b412dd0, Maven Central)",0.18422814458608627
uspto,US07314874-20080101-C00462,NS(=O)(=O)c1ccccc1-c1ccc(C(=O)Nc2cc(F)c(F)cc2C(=O)Nc2ccc(Cl)cn2)cc1,,,,"MolVec 0.9.8 (git b412dd0, Maven Central)",0.22780493646860123
uspto,US07314874-20080101-C00465,N=C(c1ccc(C(=O)Nc2ccccc2C(=O)Nc2ccc(F)cc2)cc1)N1CCCC1,,,,"MolVec 0.9.8 (git b412dd0, Maven Central)",0.1754989717155695
uspto,US07314874-20080101-C00466,CN(C)C(=N)c1ccc(C(=O)Nc2ccccc2C(=O)Nc2ccc(F)cc2)cc1,,,,"MolVec 0.9.8 (git b412dd0, Maven Central)",0.1438146699219942
uspto,US07314874-20080101-C00467,N=C(c1ccc(C(=O)Nc2ccccc2C(=O)Nc2ccc(F)cc2)cc1)N1CCCCC1,,,,"MolVec 0.9.8 (git b412dd0, Maven Central)",0.16923996061086655
uspto,US07314874-20080101-C00473,CNC(=N)c1ccc(C(=O)Nc2c(O)cc(Cl)cc2C(=O)Nc2ccc(Cl)cn2)cc1,,,,"MolVec 0.9.8 (git b412dd0, Maven Central)",0.4169653467833996
uspto,US07314874-20080101-C00490,N=C(c1ccc(CNc2ccc(Cl)cc2C(=O)Nc2ccc(Cl)cn2)cc1)N1CCCC1,,,,"MolVec 0.9.8 (git b412dd0, Maven Central)",0.288447679951787
uspto,US07314874-20080101-C00499,N=C(c1ccc(NCc2ccccc2C(=O)Nc2ccc(Cl)cn2)cc1)N1CCCC1,,,,"MolVec 0.9.8 (git b412dd0, Maven Central)",0.19829828292131424
uspto,US07314874-20080101-C00514,CN1CCN=C1c1ccc(C(=O)Nc2ccsc2C(=O)Nc2ccc(Cl)cn2)cc1,,,,"MolVec 0.9.8 (git b412dd0, Maven Central)",0.17642180062830448
uspto,US07314874-20080101-C00515,CN(C)C(=N)c1ccc(C(=O)Nc2ccsc2C(=O)Nc2ccc(Cl)cn2)cc1,,,,"MolVec 0.9.8 (git b412dd0, Maven Central)",0.17179521173238754
uspto,US07314874-20080101-C00516,N=C(N)c1ccc(C(=O)Nc2ccsc2C(=O)Nc2ccc(Cl)cn2)cc1,,,,"MolVec 0.9.8 (git b412dd0, Maven Central)",0.17282812856137753
uspto,US07314874-20080101-C00517,N=C(c1ccc(C(=O)Nc2ccsc2C(=O)Nc2ccc(Cl)cn2)cc1)N1CCCCC1,,,,"MolVec 0.9.8 (git b412dd0, Maven Central)",0.19377751275897026
uspto,US07314874-20080101-C00518,N=C(c1ccc(C(=O)Nc2ccsc2C(=O)Nc2ccc(Cl)cn2)cc1)N1CCCC1,,,,"MolVec 0.9.8 (git b412dd0, Maven Central)",0.2355421558022499
uspto,US07314874-20080101-C00519,N=C(c1ccc(C(=O)Nc2ccsc2C(=O)Nc2ccc(Cl)cn2)cc1)N1CCOCC1,,,,"MolVec 0.9.8 (git b412dd0, Maven Central)",0.5087654124945402
uspto,US07314874-20080101-C00520,N=C(c1ccc(C(=O)Nc2ccsc2C(=O)Nc2ccc(Cl)cn2)cc1)N1CCSCC1,,,,"MolVec 0.9.8 (git b412dd0, Maven Central)",0.18976378813385963
uspto,US07314874-20080101-C00521,N=C(c1ccc(C(=O)Nc2ccsc2C(=O)Nc2ccc(Cl)cn2)cc1)N1CCCCCC1,,,,"MolVec 0.9.8 (git b412dd0, Maven Central)",0.19307995960116386
uspto,US07314874-20080101-C00522,CC1CCCN1C(=N)c1ccc(C(=O)Nc2ccsc2C(=O)Nc2ccc(Cl)cn2)cc1,,,,"MolVec 0.9.8 (git b412dd0, Maven Central)",0.19812400080263615
uspto,US07314874-20080101-C00523,CNC(=N)c1ccc(C(=O)Nc2ccsc2C(=O)Nc2ccc(Cl)cn2)cc1,,,,"MolVec 0.9.8 (git b412dd0, Maven Central)",0.19232368096709251
uspto,US07314874-20080101-C00524,CN1CCCN=C1c1ccc(C(=O)Nc2ccsc2C(=O)Nc2ccc(Cl)cn2)cc1,,,,"MolVec 0.9.8 (git b412dd0, Maven Central)",0.17785811610519886
uspto,US07314874-20080101-C00525,N=C(NO)c1ccc(C(=O)Nc2ccsc2C(=O)Nc2ccc(Cl)cn2)cc1,,,,"MolVec 0.9.8 (git b412dd0, Maven Central)",0.1973615176975727
uspto,US07314874-20080101-C00526,CN1CCN=C1c1ccc(C(=O)Nc2ccsc2C(=O)Nc2ccc(Br)cn2)cc1,,,,"MolVec 0.9.8 (git b412dd0, Maven Central)",0.17694712802767754
uspto,US07314874-20080101-C00527,N=C(N)c1ccc(C(=O)Nc2ccsc2C(=O)Nc2ccc(Br)cn2)cc1,,,,"MolVec 0.9.8 (git b412dd0, Maven Central)",0.1698950845748186
uspto,US07314874-20080101-C00528,N=C(c1ccc(C(=O)Nc2ccsc2C(=O)Nc2ccc(Br)cn2)cc1)N1CCCC1,,,,"MolVec 0.9.8 (git b412dd0, Maven Central)",0.1822477988898754
uspto,US07314874-20080101-C00529,N=C(c1ccc(C(=O)Nc2ccsc2C(=O)Nc2ccc(Br)cn2)cc1)N1CCCCC1,,,,"MolVec 0.9.8 (git b412dd0, Maven Central)",0.19168889708817005
uspto,US07314874-20080101-C00530,N=C(c1ccc(C(=O)Nc2ccsc2C(=O)Nc2ccc(Br)cn2)cc1)N1CCOCC1,,,,"MolVec 0.9.8 (git b412dd0, Maven Central)",0.20273932814598083
uspto,US07314874-20080101-C00531,N=C(c1ccc(C(=O)Nc2ccsc2C(=O)Nc2ccc(Br)cn2)cc1)N1CCSCC1,,,,"MolVec 0.9.8 (git b412dd0, Maven Central)",0.202322855591774
uspto,US07314874-20080101-C00532,N=C(c1ccc(C(=O)Nc2sccc2C(=O)Nc2ccc(Cl)cn2)cc1)N1CCCC1,,,,"MolVec 0.9.8 (git b412dd0, Maven Central)",0.1898355521261692
uspto,US07314874-20080101-C00533,CN1CCN=C1c1ccc(C(=O)Nc2sccc2C(=O)Nc2ccc(Cl)cn2)cc1,,,,"MolVec 0.9.8 (git b412dd0, Maven Central)",0.18891936354339123
uspto,US07314874-20080101-C00536,NS(=O)(=O)c1ccccc1-c1ccc(C(=O)Nc2ccsc2C(=O)Nc2ccc(Cl)cn2)cc1,,,,"MolVec 0.9.8 (git b412dd0, Maven Central)",0.210611617192626
uspto,US07314874-20080101-C00537,NS(=O)(=O)c1ccccc1-c1ccc(C(=O)Nc2ccsc2C(=O)Nc2ccc(Br)cn2)cc1,,,,"MolVec 0.9.8 (git b412dd0, Maven Central)",0.20969732105731964
uspto,US07314874-20080101-C00541,CN(C)C(=N)c1ccc(C(=O)Nc2c(C(=O)Nc3ccc(Cl)cn3)cnn2C)cc1,,,,"MolVec 0.9.8 (git b412dd0, Maven Central)",0.2092823889106512
uspto,US07314874-20080101-C00545,CN(C)C(=N)c1ccc(C(=O)Nc2c(C(=O)Nc3ncc(Cl)cc3F)cnn2C)cc1,,,,"MolVec 0.9.8 (git b412dd0, Maven Central)",0.2042853720486164
uspto,US07314874-20080101-C00548,CN1CCN(C(=N)c2ccc(C(=O)Nc3c(C(=O)Nc4ccc(Cl)cc4)cnn3C)cc2)CC1,,,,"MolVec 0.9.8 (git b412dd0, Maven Central)",0.20848164521157742
uspto,US07314874-20080101-C00557,N=C(c1ccc(C(=O)Nc2ccc(F)cc2C(=O)Nc2ccc(Cl)cc2)c(F)c1)N1CCCCC1,,,,"MolVec 0.9.8 (git b412dd0, Maven Central)",0.2520825192332268
uspto,US07314874-20080101-C00559,N=C(N)c1cccc(Oc2ccc(F)cc2NC(=O)c2ccc(-c3ccccc3S(N)(=O)=O)cc2)c1,,,,"MolVec 0.9.8 (git b412dd0, Maven Central)",0.20939125679433346
uspto,US07314874-20080101-C00560,N=C(N)c1cccc(Oc2ccc(C(F)(F)F)cc2NC(=O)c2ccc(-c3ccccc3S(N)(=O)=O)cc2)c1,,,,"MolVec 0.9.8 (git b412dd0, Maven Central)",0.21391024254262447
uspto,US07314874-20080101-C00561,CS(=O)(=O)c1ccc(Oc2cccc(C(=N)N)c2)c(NC(=O)c2ccc(-c3ccccc3S(N)(=O)=O)cc2)c1,,,,"MolVec 0.9.8 (git b412dd0, Maven Central)",0.22091835364699364
uspto,US07314874-20080101-C00563,COc1ccc(NC(=O)c2ccc(-c3ccccc3S(N)(=O)=O)cc2)c(Oc2cccc(C(=N)N)c2)c1,,,,"MolVec 0.9.8 (git b412dd0, Maven Central)",0.39092738553881645
uspto,US07314874-20080101-C00564,N=C(N)c1cccc(Oc2cc(O)ccc2NC(=O)c2ccc(-c3ccccc3S(N)(=O)=O)cc2)c1,,,,"MolVec 0.9.8 (git b412dd0, Maven Central)",0.22162123396992683
uspto,US07314874-20080101-C00565,COC(=O)c1ccc(Oc2cccc(C(=N)N)c2)c(NC(=O)c2ccc(-c3ccccc3S(N)(=O)=O)cc2)c1,,,,"MolVec 0.9.8 (git b412dd0, Maven Central)",0.2120376992970705
uspto,US07314874-20080101-C00566,N=C(N)c1cccc(Oc2ccc(C(=O)O)cc2NC(=O)c2ccc(-c3ccccc3S(N)(=O)=O)cc2)c1,,,,"MolVec 0.9.8 (git b412dd0, Maven Central)",0.23204969242215157
uspto,US07314874-20080101-C00567,N=C(N)c1cccc(Nc2ccccc2NC(=O)c2ccc(-c3ccccc3S(N)(=O)=O)cc2)c1,,,,"MolVec 0.9.8 (git b412dd0, Maven Central)",0.18581467121839523
uspto,US07314874-20080101-C00569,Nc1nccc2ccc(Oc3ccc(F)cc3NC(=O)c3ccc(-c4ccccc4S(N)(=O)=O)cc3)cc12,,,,"MolVec 0.9.8 (git b412dd0, Maven Central)",0.20293056592345238
uspto,US07314874-20080101-C00570,Nc1nccc2ccc(Oc3ccc(C(F)(F)F)cc3NC(=O)c3ccc(-c4ccccc4S(N)(=O)=O)cc3)cc12,,,,"MolVec 0.9.8 (git b412dd0, Maven Central)",0.368632972240448
uspto,US07314874-20080101-C00571,CS(=O)(=O)c1ccc(Oc2ccc3ccnc(N)c3c2)c(NC(=O)c2ccc(-c3ccccc3S(N)(=O)=O)cc2)c1,,,,"MolVec 0.9.8 (git b412dd0, Maven Central)",0.2516306955367327
uspto,US07314874-20080101-C00572,N=C(N)c1cccc(Oc2ccc([N+](=O)[O-])cc2C(=O)Nc2ccc(-c3ccccc3S(N)(=O)=O)cc2)c1,,,,"MolVec 0.9.8 (git b412dd0, Maven Central)",0.21496151573956013
uspto,US07314874-20080101-C00573,N=C(N)c1cccc(Oc2ccc(N)cc2C(=O)Nc2ccc(-c3ccccc3S(N)(=O)=O)cc2)c1,,,,"MolVec 0.9.8 (git b412dd0, Maven Central)",0.20814422890543938
uspto,US07314874-20080101-C00574,N=C(N)c1cccc(Oc2ccc(Cl)cc2C(=O)Nc2ccc(-c3ccccc3S(N)(=O)=O)cc2)c1,,,,"MolVec 0.9.8 (git b412dd0, Maven Central)",0.21811700612306595
uspto,US07314874-20080101-C00575,N=C(N)c1cccc(Oc2ccc(Br)cc2C(=O)Nc2ccc(-c3ccccc3S(N)(=O)=O)cc2)c1,,,,"MolVec 0.9.8 (git b412dd0, Maven Central)",0.1962661761790514
uspto,US07314874-20080101-C00577,COC(=O)c1cc2ccccc2cc1Oc1ccccc1NC(=O)c1ccc(-c2ccccc2S(N)(=O)=O)cc1,,,,"MolVec 0.9.8 (git b412dd0, Maven Central)",0.18931907042860985
uspto,US07314874-20080101-C00579,NC(=O)c1cc2ccccc2cc1Oc1ccccc1NC(=O)c1ccc(-c2ccccc2S(N)(=O)=O)cc1,,,,"MolVec 0.9.8 (git b412dd0, Maven Central)",0.23934949189424515
uspto,US07314874-20080101-C00580,COC(=O)c1cc2cc(Br)ccc2cc1Oc1ccccc1NC(=O)c1ccc(-c2ccccc2S(N)(=O)=O)cc1,,,,"MolVec 0.9.8 (git b412dd0, Maven Central)",0.31277457624673843
uspto,US07314874-20080101-C00582,N=C(N)c1cccc(Oc2ccc([N+](=O)[O-])cc2C(=O)Nc2ccc(-c3ccccc3S(N)(=O)=O)cc2F)c1,,,,"MolVec 0.9.8 (git b412dd0, Maven Central)",0.3378101624548435
uspto,US07314874-20080101-C00583,N=C(N)c1cccc(Oc2ccc(N)cc2C(=O)Nc2ccc(-c3ccccc3S(N)(=O)=O)cc2F)c1,,,,"MolVec 0.9.8 (git b412dd0, Maven Central)",0.22279134392738342
uspto,US07314874-20080101-C00585,CS(=O)(=O)Nc1ccc(Oc2cccc(C(=N)N)c2)c(C(=O)Nc2ccc(-c3ccccc3S(N)(=O)=O)cc2)c1,,,,"MolVec 0.9.8 (git b412dd0, Maven Central)",0.2702530585229397
uspto,US07314874-20080101-C00591,NCc1cccc(Oc2ccccc2NC(=O)c2ccc(-c3ccccc3S(N)(=O)=O)cc2)c1,,,,"MolVec 0.9.8 (git b412dd0, Maven Central)",0.15637384913861752
uspto,US07314874-20080101-C00593,N=C(N)c1cccc(C(=O)Nc2ccccc2NC(=O)c2ccc(-c3ccccc3S(N)(=O)=O)cc2)c1,,,,"MolVec 0.9.8 (git b412dd0, Maven Central)",0.21128129214048386
uspto,US07314875-20080101-C00016,Cc1c[nH]c2ccccc12,,,,"MolVec 0.9.8 (git b412dd0, Maven Central)",0.03036847896873951
uspto,US07314875-20080101-C00017,CCc1ccc(O)c(O)c1,,,,"MolVec 0.9.8 (git b412dd0, Maven Central)",0.05300612188875675
uspto,US07314876-20080101-C00016,Cc1c(C(=O)c2ccccc2)cn2nc[nH]c(=O)c12,,,,"MolVec 0.9.8 (git b412dd0, Maven Central)",0.1278697121888399
uspto,US07314876-20080101-C00017,Cc1c(C(=O)c2ccccc2)cn2ncnc(Cl)c12,,,,"MolVec 0.9.8 (git b412dd0, Maven Central)",0.1285050716251135
uspto,US07314876-20080101-C00019,COCCNC(=O)c1ccc(C)c(Nc2ncnn3cc(C(=O)c4ccccc4)c(C)c23)c1,,,,"MolVec 0.9.8 (git b412dd0, Maven Central)",0.2799173444509506
uspto,US07314876-20080101-C00022,Cc1cccc(C(=O)c2cn3ncnc(Cl)c3c2C)n1,,,,"MolVec 0.9.8 (git b412dd0, Maven Central)",0.16923058964312077
uspto,US07314876-20080101-C00024,CCOC(=O)c1cn2ncnc(Cl)c2c1C,,,,"MolVec 0.9.8 (git b412dd0, Maven Central)",0.19159716367721558
uspto,US07314876-20080101-C00025,Cc1ccc(C(=O)O)cc1Nc1ncnn2cc(CO)c(C)c12,,,,"MolVec 0.9.8 (git b412dd0, Maven Central)",0.18089828081429005
uspto,US07314876-20080101-C00026,CNC(=O)c1ccc(C)c(Nc2ncnn3cc(CO)c(C)c23)c1,,,,"MolVec 0.9.8 (git b412dd0, Maven Central)",0.21932652033865452
uspto,US07314876-20080101-C00027,CNC(=O)c1ccc(C)c(Nc2ncnn3cc(C=O)c(C)c23)c1,,,,"MolVec 0.9.8 (git b412dd0, Maven Central)",0.20975037850439548
uspto,US07314876-20080101-C00035,CC.CCCCCCC.CCCCCCC(C)C(CCCC)OCOC.CCCCCCCC,,,,"MolVec 0.9.8 (git b412dd0, Maven Central)",3.2973021250218153
uspto,US07314877-20080101-C00011,CC/C=C/c1ccc(Cl)cc1,,,,"MolVec 0.9.8 (git b412dd0, Maven Central)",0.07742903381586075
uspto,US07314877-20080101-C00013,CCCCc1ccccc1Cl,,,,"MolVec 0.9.8 (git b412dd0, Maven Central)",0.04490467719733715
uspto,US07314879-20080101-C00051,CC(C)CC1(N2CCN(C(=O)[C@@H](Cc3ccc(Cl)cc3)NC(=O)CC3NCc4ccccc43)CC2)CCCC1,,,,"MolVec 0.9.8 (git b412dd0, Maven Central)",0.21189052052795887
uspto,US07314879-20080101-C00061,CCN(CC)CC1(N2CCN(C(=O)[C@@H](Cc3ccc(Cl)cc3)NC(=O)[C@H]3Cc4ccccc4CN3)CC2)CCCC1,,,,"MolVec 0.9.8 (git b412dd0, Maven Central)",0.27621652744710445
uspto,US07314879-20080101-C00104,CC(C)(C)OC(=O)N1Cc2ccccc2C[C@@H]1C(=O)N[C@H](Cc1ccc(Cl)cc1)C(=O)O,,,,"MolVec 0.9.8 (git b412dd0, Maven Central)",0.212888540700078
uspto,US07314879-20080101-C00110,CN1CCc2ccccc2C1CC(=O)[O-],,,,"MolVec 0.9.8 (git b412dd0, Maven Central)",0.2337066177278757
uspto,US07314879-20080101-C00111,CC(C)N1Cc2ccccc2C1CC(=O)O,,,,"MolVec 0.9.8 (git b412dd0, Maven Central)",0.10299155116081238
uspto,US07314879-20080101-C00112,CN1Cc2ccccc2C1CC(=O)O,,,,"MolVec 0.9.8 (git b412dd0, Maven Central)",0.18195213377475739
uspto,US07314879-20080101-C00113,CCCCN1Cc2ccccc2C1CC(=O)O,,,,"MolVec 0.9.8 (git b412dd0, Maven Central)",0.11279606819152832
uspto,US07314879-20080101-C00114,COC(=O)CC1c2ccccc2CN1C,,,,"MolVec 0.9.8 (git b412dd0, Maven Central)",0.10786890424787998
uspto,US07314879-20080101-C00115,CC(C)(C)OC(=O)N1Cc2cc(F)ccc2C[C@@H]1C(=O)O,,,,"MolVec 0.9.8 (git b412dd0, Maven Central)",0.13234527595341206
uspto,US07314879-20080101-C00116,CC(C)(C)OC(=O)N1Cc2ccccc2CC1C(=O)O,,,,"MolVec 0.9.8 (git b412dd0, Maven Central)",0.11518953740596771
uspto,US07314879-20080101-C00117,CCOC(=O)/C=C(\C)c1ccccc1CNC(=O)OC(C)(C)C,,,,"MolVec 0.9.8 (git b412dd0, Maven Central)",0.15336495265364647
uspto,US07314879-20080101-C00118,CCOC(=O)CC1(C)NCc2ccccc21,,,,"MolVec 0.9.8 (git b412dd0, Maven Central)",0.061211587861180305
uspto,US07314879-20080101-C00119,CCOC(=O)CC1(C)c2ccccc2CN1C(=O)OC(C)(C)C,,,,"MolVec 0.9.8 (git b412dd0, Maven Central)",0.09002030827105045
uspto,US07314879-20080101-C00120,CC(C)(C)OC(=O)N1Cc2ccccc2C1(C)CC(=O)O,,,,"MolVec 0.9.8 (git b412dd0, Maven Central)",0.08411071263253689
uspto,US07314879-20080101-C00122,COC(=O)[C@@H](Cc1ccc(Cl)cc1)NC(=O)CC1(C)NCc2ccccc21,,,,"MolVec 0.9.8 (git b412dd0, Maven Central)",0.17887487821280956
uspto,US07314879-20080101-C00131,CN1Cc2ccccc2C1CC(=O)NC(Cc1ccc(Cl)cc1)C(=O)O,,,,"MolVec 0.9.8 (git b412dd0, Maven Central)",0.11135012097656727
uspto,US07314879-20080101-C00132,O=C(NC(Cc1ccc(Cl)cc1)C(=O)O)c1cc2ccccc2cn1,,,,"MolVec 0.9.8 (git b412dd0, Maven Central)",0.16630695201456547
uspto,US07314879-20080101-C00172,CN1CCC(CC2CCCCC2)(N2CCN(Cc3ccccc3)CC2)CC1,,,,"MolVec 0.9.8 (git b412dd0, Maven Central)",0.0978542435914278
uspto,US07314879-20080101-C00184,COC(=O)N1CCCC(CC(C)C)(N2CCNCC2)C1,,,,"MolVec 0.9.8 (git b412dd0, Maven Central)",0.12140770442783833
uspto,US07314879-20080101-C00237,CN1CCC(c2ccccc2)(N2CCN(C(=O)[C@H](N)Cc3ccc(Cl)cc3)CC2)CC1,,,,"MolVec 0.9.8 (git b412dd0, Maven Central)",0.15503685735166073
uspto,US07314879-20080101-C00239,CC(C)CC1(N2CCN(C(=O)[C@H](N)Cc3ccc(Cl)cc3)CC2)CCOCC1,,,,"MolVec 0.9.8 (git b412dd0, Maven Central)",0.14045274257659912
uspto,US07314879-20080101-C00244,CN1CCC2(Cc3ccccc3)C(C1)[N+]21CCN(C(=O)[C@@H](Cc2ccc(Cl)cc2)NC(=O)CC2c3ccccc3CN2C)CC1,,,,"MolVec 0.9.8 (git b412dd0, Maven Central)",0.22844159044325352
uspto,US07314879-20080101-C00274,c1ccc(CC2(N3CCNCC3)CCNCC2)cc1,,,,"MolVec 0.9.8 (git b412dd0, Maven Central)",0.37491835467517376
uspto,US07314880-20080101-C00007,CCNC(=O)c1ccc(C(c2cccc(O)c2)N2C[C@@H](C)N(Cc3ccc(C(=O)O)cc3)C[C@@H]2C)cc1,,,,"MolVec 0.9.8 (git b412dd0, Maven Central)",0.3362774923443794
uspto,US07314880-20080101-C00008,CCNC(=O)c1ccc(C(c2cccc(O)c2)N2C[C@@H](C)N(Cc3cccc(C(=O)O)c3)C[C@@H]2C)cc1,,,,"MolVec 0.9.8 (git b412dd0, Maven Central)",0.3724105227738619
uspto,US07314881-20080101-C00185,Cc1cc(F)ccc1-c1nc(NCCNC(=O)CNC(=O)OC(C)(C)C)nc2c1ccc(=O)n2-c1c(F)cccc1F,,,,"MolVec 0.9.8 (git b412dd0, Maven Central)",0.47320786118507385
uspto,US07314881-20080101-C00234,CNc1nc(-c2ccc(F)cc2C)c2ccc(=O)n(-c3c(F)cccc3F)c2n1,,,,"MolVec 0.9.8 (git b412dd0, Maven Central)",0.2499768640846014
uspto,US07314881-20080101-C00242,Cc1cc(F)ccc1-c1nc(N[C@H]2CCOC2)nc2c1ccc(=O)n2-c1c(F)cccc1F,,,,"MolVec 0.9.8 (git b412dd0, Maven Central)",0.2342441100627184
uspto,US07314882-20080101-C00010,CCOP(=O)(OCC)C(NC(=O)OCc1ccccc1)C(=O)OC,,,,"MolVec 0.9.8 (git b412dd0, Maven Central)",0.34872635267674923
uspto,US07314882-20080101-C00011,Nc1ccc(-c2ccccc2)nc1,,,,"MolVec 0.9.8 (git b412dd0, Maven Central)",0.05459218844771385
uspto,US07314882-20080101-C00012,Nc1ccc(-c2ccccc2)nc1Br,,,,"MolVec 0.9.8 (git b412dd0, Maven Central)",0.06967187486588955
uspto,US07314882-20080101-C00013,CC(C)(C)OC(=O)Nc1ccc(-c2ccccc2)nc1Br,,,,"MolVec 0.9.8 (git b412dd0, Maven Central)",0.08961927331984043
uspto,US07314882-20080101-C00014,CC(C)(C)OC(=O)Nc1ccc(-c2ccccc2)nc1C=O,,,,"MolVec 0.9.8 (git b412dd0, Maven Central)",0.09749130345880985
uspto,US07314882-20080101-C00015,COC(=O)/C(=C/c1nc(-c2ccccc2)ccc1NC(=O)OC(C)(C)C)NC(=O)OCc1ccccc1,,,,"MolVec 0.9.8 (git b412dd0, Maven Central)",0.25195910036563873
uspto,US07314882-20080101-C00016,COC(=O)C(Cc1nc(-c2ccccc2)ccc1NC(=O)OC(C)(C)C)NC(=O)OCc1ccccc1,,,,"MolVec 0.9.8 (git b412dd0, Maven Central)",0.2077529150992632
uspto,US07314882-20080101-C00017,CC(C)(C)OC(=O)Nc1ccc(-c2ccccc2)nc1CO,,,,"MolVec 0.9.8 (git b412dd0, Maven Central)",0.20578407682478428
uspto,US07314882-20080101-C00018,CC(C)(C)OC(=O)Nc1ccc(-c2ccccc2)nc1CBr,,,,"MolVec 0.9.8 (git b412dd0, Maven Central)",0.10073465295135975
uspto,US07314882-20080101-C00019,CCOC(=O)C(Cc1nc(-c2ccccc2)ccc1NC(=O)OC(C)(C)C)N=C(c1ccccc1)c1ccccc1,,,,"MolVec 0.9.8 (git b412dd0, Maven Central)",0.18340079113841057
uspto,US07314882-20080101-C00020,CCOC(=O)C(N)Cc1nc(-c2ccccc2)ccc1NC(=O)OC(C)(C)C,,,,"MolVec 0.9.8 (git b412dd0, Maven Central)",0.1686321645975113
uspto,US07314882-20080101-C00021,CCOC(=O)C(Cc1nc(-c2ccccc2)ccc1NC(=O)OC(C)(C)C)NC(=O)OCc1ccccc1,,,,"MolVec 0.9.8 (git b412dd0, Maven Central)",0.18061650916934013
uspto,US07314882-20080101-C00024,O=C(NC1Cc2nc(-c3ccccc3)ccc2N(Cc2ccccc2)C1=O)OCc1ccccc1,,,,"MolVec 0.9.8 (git b412dd0, Maven Central)",0.18855766765773296
uspto,US07314882-20080101-C00025,NC1Cc2nc(-c3ccccc3)ccc2N(Cc2ccccc2)C1=O,,,,"MolVec 0.9.8 (git b412dd0, Maven Central)",0.11923111788928509
uspto,US07314882-20080101-C00027,O=C1[C@H](NS(=O)(=O)c2ccccc2)Cc2nc(-c3ccccc3)ccc2N1Cc1ccccc1,,,,"MolVec 0.9.8 (git b412dd0, Maven Central)",0.18774551525712013
uspto,US07314882-20080101-C00028,O=C1[C@@H](NS(=O)(=O)c2ccccc2)Cc2nc(-c3ccccc3)ccc2N1Cc1ccccc1,,,,"MolVec 0.9.8 (git b412dd0, Maven Central)",0.16800515912473202
uspto,US07314882-20080101-C00030,O=C1[C@H](NS(=O)(=O)c2cccc(F)c2)Cc2nc(-c3ccccc3)ccc2N1Cc1ccccc1,,,,"MolVec 0.9.8 (git b412dd0, Maven Central)",0.16124477237462997
uspto,US07314882-20080101-C00031,O=C1[C@@H](NS(=O)(=O)c2cccc(F)c2)Cc2nc(-c3ccccc3)ccc2N1Cc1ccccc1,,,,"MolVec 0.9.8 (git b412dd0, Maven Central)",0.1751023717224598
uspto,US07314882-20080101-C00033,O=S(=O)(N[C@@H]1Cc2nc(-c3ccccc3)ccc2N(Cc2ccccc2)C1)c1ccccc1,,,,"MolVec 0.9.8 (git b412dd0, Maven Central)",0.19168123975396156
uspto,US07314882-20080101-C00034,O=S(=O)(N[C@H]1Cc2nc(-c3ccccc3)ccc2N(Cc2ccccc2)C1)c1ccccc1,,,,"MolVec 0.9.8 (git b412dd0, Maven Central)",0.19169644452631474
uspto,US07314882-20080101-C00036,O=S(=O)(N[C@@H]1Cc2nc(-c3ccccc3)ccc2N(Cc2ccccc2)C1)c1cccc(F)c1,,,,"MolVec 0.9.8 (git b412dd0, Maven Central)",0.43151152692735195
uspto,US07314882-20080101-C00037,O=S(=O)(N[C@H]1Cc2nc(-c3ccccc3)ccc2N(Cc2ccccc2)C1)c1cccc(F)c1,,,,"MolVec 0.9.8 (git b412dd0, Maven Central)",0.1791032999753952
uspto,US07314883-20080101-C00027,O=C1Nc2ccccc2C23CCN(Cc4ccccc4)CC2N13,,,,"MolVec 0.9.8 (git b412dd0, Maven Central)",0.10276470333337784
uspto,US07314883-20080101-C00028,O=C1Nc2ccccc2C23CCNCC2N13,,,,"MolVec 0.9.8 (git b412dd0, Maven Central)",0.10102998465299606
uspto,US07314883-20080101-C00029,CC(C)(C)OC(=O)N1CCC(N)(C#N)CC1,,,,"MolVec 0.9.8 (git b412dd0, Maven Central)",0.05251704715192318
uspto,US07314883-20080101-C00030,O=C1NC(c2ccccc2)=NC12CCNCC2,,,,"MolVec 0.9.8 (git b412dd0, Maven Central)",0.09225047565996647
uspto,US07314883-20080101-C00031,CC(C)(C)OC(=O)n1ncc2cc(C=O)ccc21,,,,"MolVec 0.9.8 (git b412dd0, Maven Central)",0.08862030692398548
uspto,US07314883-20080101-C00032,COC(=O)/C(=C/c1ccc2c(cnn2C(=O)OC(C)(C)C)c1)NC(=O)OCc1ccccc1,,,,"MolVec 0.9.8 (git b412dd0, Maven Central)",0.23247027210891247
uspto,US07314883-20080101-C00033,COC(=O)C(N)Cc1ccc2c(cnn2C(=O)OC(C)(C)C)c1,,,,"MolVec 0.9.8 (git b412dd0, Maven Central)",0.15867928229272366
uspto,US07314883-20080101-C00034,COC(=O)C(Cc1ccc2c(cnn2C(=O)OC(C)(C)C)c1)NC(=O)N1CCC(N2Cc3ccccc3NC2=O)CC1,,,,"MolVec 0.9.8 (git b412dd0, Maven Central)",0.2514492906630039
uspto,US07314883-20080101-C00059,O=C(O)C(Cc1ccc2[nH]ncc2c1)NC(=O)N1CCC(N2Cc3ccccc3NC2=O)CC1,,,,"MolVec 0.9.8 (git b412dd0, Maven Central)",0.27010416239500046
uspto,US07314883-20080101-C00073,O=C(N[C@H](Cc1ccc2[nH]ncc2c1)C(=O)N1CCC(N2CCCCC2)CC1)N1CCC(N2Cc3ccccc3NC2=O)CC1,,,,"MolVec 0.9.8 (git b412dd0, Maven Central)",0.31945436634123325
uspto,US07314883-20080101-C00074,O=C(NC(Cc1ccc2[nH]ccc2c1)C(=O)N1CCC(N2CCCCC2)CC1)N1CCC(n2c(=O)[nH]c3ccccc32)CC1,,,,"MolVec 0.9.8 (git b412dd0, Maven Central)",0.5491648074239492
uspto,US07314883-20080101-C00075,O=C(NC(Cc1ccc2[nH]ncc2c1)C(=O)N1CCC(N2CCCCC2)CC1)N1CCC(n2c(=O)[nH]c3ccccc32)CC1,,,,"MolVec 0.9.8 (git b412dd0, Maven Central)",0.2771411258727312
uspto,US07314883-20080101-C00076,O=C(NC(Cc1ccc2[nH]ccc2c1)C(=O)N1CCC(N2CCCCC2)CC1)N1CCC(N2Cc3ccccc3NC2=O)CC1,,,,"MolVec 0.9.8 (git b412dd0, Maven Central)",0.2636322882026434
uspto,US07314883-20080101-C00077,O=C(NC(Cc1ccc2[nH]ncc2c1)C(=O)N1CCC(N2CCCCC2)CC1)N1CCC(N2Cc3ccccc3NC2=O)CC1,,,,"MolVec 0.9.8 (git b412dd0, Maven Central)",0.25440229289233685
uspto,US07314883-20080101-C00078,CC(C)CN1CCN(C(=O)C(Cc2ccc3[nH]ccc3c2)NC(=O)N2CCC(n3c(=O)[nH]c4ccccc43)CC2)CC1,,,,"MolVec 0.9.8 (git b412dd0, Maven Central)",0.26525522395968437
uspto,US07314883-20080101-C00080,CC(C)CN1CCN(C(=O)C(Cc2ccc3[nH]ncc3c2)NC(=O)N2CCC(n3c(=O)[nH]c4ccccc43)CC2)CC1,,,,"MolVec 0.9.8 (git b412dd0, Maven Central)",0.24466019682586193
uspto,US07314883-20080101-C00082,O=C(NC(Cc1ccc2[nH]ncc2c1)C(=O)N1CCC2(CC1)OCCO2)N1CCC(N2Cc3ccccc3NC2=O)CC1,,,,"MolVec 0.9.8 (git b412dd0, Maven Central)",0.3849947936832905
uspto,US07314883-20080101-C00083,Cc1cc(Br)cc(C)c1/N=N/SC(C)(C)C,,,,"MolVec 0.9.8 (git b412dd0, Maven Central)",0.4545391947031021
uspto,US07314883-20080101-C00084,Cc1cc(Br)cc2cn[nH]c12,,,,"MolVec 0.9.8 (git b412dd0, Maven Central)",0.18099063634872437
uspto,US07314883-20080101-C00085,Cc1cc(C=O)cc2cn[nH]c12,,,,"MolVec 0.9.8 (git b412dd0, Maven Central)",0.05089697241783142
uspto,US07314883-20080101-C00086,COC(=O)/C(=C/c1cc(C)c2[nH]ncc2c1)NC(=O)OCc1ccccc1,,,,"MolVec 0.9.8 (git b412dd0, Maven Central)",0.12890678085386753
uspto,US07314883-20080101-C00087,COC(=O)C(N)Cc1cc(C)c2[nH]ncc2c1,,,,"MolVec 0.9.8 (git b412dd0, Maven Central)",0.06502069905400276
uspto,US07314883-20080101-C00088,COC(=O)C(Cc1cc(C)c2[nH]ncc2c1)NC(=O)N1CCC(N2Cc3ccccc3NC2=O)CC1,,,,"MolVec 0.9.8 (git b412dd0, Maven Central)",0.16784686781466007
uspto,US07314883-20080101-C00089,COC(=O)C(Cc1cc(C)c2[nH]ncc2c1)NC(=O)N1CCC2(CC1)NC(=O)Nc1ccccc12,,,,"MolVec 0.9.8 (git b412dd0, Maven Central)",0.16171233728528023
uspto,US07314883-20080101-C00090,COC(=O)C(Cc1cc(C)c2[nH]ncc2c1)NC(=O)N1CCC2(CC1)OC(=O)Nc1ccccc12,,,,"MolVec 0.9.8 (git b412dd0, Maven Central)",0.1914363708347082
uspto,US07314883-20080101-C00091,COC(=O)C(Cc1cc(C)c2[nH]ncc2c1)NC(=O)N1CCC2(CC1)CC(=O)Nc1ccccc12,,,,"MolVec 0.9.8 (git b412dd0, Maven Central)",0.1687655672430992
uspto,US07314883-20080101-C00092,COC(=O)C(Cc1cc(C)c2[nH]ncc2c1)NC(=O)N1CCC2(CC1)N=C(c1ccccc1)NC2=O,,,,"MolVec 0.9.8 (git b412dd0, Maven Central)",0.20258627273142338
uspto,US07314883-20080101-C00093,Cc1cc(CC(NC(=O)N2CCC(N3Cc4ccccc4NC3=O)CC2)C(=O)O)cc2cn[nH]c12,,,,"MolVec 0.9.8 (git b412dd0, Maven Central)",0.1997210569679737
uspto,US07314883-20080101-C00094,Cc1cc(CC(NC(=O)N2CCC3(CC2)NC(=O)Nc2ccccc23)C(=O)O)cc2cn[nH]c12,,,,"MolVec 0.9.8 (git b412dd0, Maven Central)",0.163156870752573
uspto,US07314883-20080101-C00095,Cc1cc(CC(NC(=O)N2CCC3(CC2)OC(=O)Nc2ccccc23)C(=O)O)cc2cn[nH]c12,,,,"MolVec 0.9.8 (git b412dd0, Maven Central)",0.1824764534831047
uspto,US07314883-20080101-C00096,Cc1cc(CC(NC(=O)N2CCC3(CC2)CC(=O)Nc2ccccc23)C(=O)O)cc2cn[nH]c12,,,,"MolVec 0.9.8 (git b412dd0, Maven Central)",0.16075549088418484
uspto,US07314883-20080101-C00097,Cc1cc(CC(NC(=O)N2CCC3(CC2)N=C(c2ccccc2)NC3=O)C(=O)O)cc2cn[nH]c12,,,,"MolVec 0.9.8 (git b412dd0, Maven Central)",0.2050741519778967
uspto,US07314883-20080101-C00098,Cc1cc(CC(NC(=O)N2CCC(N3Cc4ccccc4NC3=O)CC2)C(=O)N2CCC(N3CCCCC3)CC2)cc2cn[nH]c12,,,,"MolVec 0.9.8 (git b412dd0, Maven Central)",0.3769455309957266
uspto,US07314883-20080101-C00099,Cc1cc(CC(NC(=O)N2CCC(N3Cc4ccccc4NC3=O)CC2)C(=O)N2CCCCC2)cc2cn[nH]c12,,,,"MolVec 0.9.8 (git b412dd0, Maven Central)",0.21269097924232483
uspto,US07314883-20080101-C00100,Cc1cc(CC(NC(=O)N2CCC(N3Cc4ccccc4NC3=O)CC2)C(=O)N(C)C)cc2cn[nH]c12,,,,"MolVec 0.9.8 (git b412dd0, Maven Central)",0.19963934645056725
uspto,US07314883-20080101-C00101,Cc1cc(CC(NC(=O)N2CCC(N3Cc4ccccc4NC3=O)CC2)C(=O)N2CCN(C)CC2)cc2cn[nH]c12,,,,"MolVec 0.9.8 (git b412dd0, Maven Central)",0.2634929232299328
uspto,US07314883-20080101-C00102,Cc1cc(CC(NC(=O)N2CCC(N3Cc4ccccc4NC3=O)CC2)C(=O)N2CCCC2)cc2cn[nH]c12,,,,"MolVec 0.9.8 (git b412dd0, Maven Central)",0.28645350970327854
uspto,US07314883-20080101-C00103,Cc1cc(CC(NC(=O)N2CCC(N3Cc4ccccc4NC3=O)CC2)C(=O)N2CCN(c3ccncc3)CC2)cc2cn[nH]c12,,,,"MolVec 0.9.8 (git b412dd0, Maven Central)",0.2909012120217085
uspto,US07314883-20080101-C00104,Cc1cc(CC(NC(=O)N2CCC(N3Cc4ccccc4NC3=O)CC2)C(=O)N2CCN(c3ccccn3)CC2)cc2cn[nH]c12,,,,"MolVec 0.9.8 (git b412dd0, Maven Central)",0.27244649082422256
uspto,US07314883-20080101-C00105,Cc1cc(CC(NC(=O)N2CCC3(CC2)NC(=O)Nc2ccccc23)C(=O)N2CCC(N3CCCCC3)CC2)cc2cn[nH]c12,,,,"MolVec 0.9.8 (git b412dd0, Maven Central)",0.34120697155594826
uspto,US07314883-20080101-C00106,Cc1cc(CC(NC(=O)N2CCC3(CC2)NC(=O)Nc2ccccc23)C(=O)N2CCCCC2)cc2cn[nH]c12,,,,"MolVec 0.9.8 (git b412dd0, Maven Central)",0.5567597765475512
uspto,US07314883-20080101-C00107,Cc1cc(CC(NC(=O)N2CCC3(CC2)OC(=O)Nc2ccccc23)C(=O)N2CCC(N3CCCCC3)CC2)cc2cn[nH]c12,,,,"MolVec 0.9.8 (git b412dd0, Maven Central)",0.3313199635595083
uspto,US07314883-20080101-C00108,Cc1cc(CC(NC(=O)N2CCC3(CC2)OC(=O)Nc2ccccc23)C(=O)N2CCCCC2)cc2cn[nH]c12,,,,"MolVec 0.9.8 (git b412dd0, Maven Central)",0.23067322000861168
uspto,US07314883-20080101-C00109,Cc1cc(CC(NC(=O)N2CCC3(CC2)OC(=O)Nc2ccccc23)C(=O)N(C)C)cc2cn[nH]c12,,,,"MolVec 0.9.8 (git b412dd0, Maven Central)",0.28929899260401726
uspto,US07314883-20080101-C00110,Cc1cc(CC(NC(=O)N2CCC3(CC2)OC(=O)Nc2ccccc23)C(=O)NC2C3CC4CC(C3)CC2C4)cc2cn[nH]c12,,,,"MolVec 0.9.8 (git b412dd0, Maven Central)",0.27153286151587963
uspto,US07314883-20080101-C00112,Cc1cc(CC(NC(=O)N2CCC3(CC2)OC(=O)Nc2ccccc23)C(=O)NCc2ccncc2)cc2cn[nH]c12,,,,"MolVec 0.9.8 (git b412dd0, Maven Central)",0.8205981571227312
uspto,US07314883-20080101-C00113,Cc1cc(CC(NC(=O)N2CCC3(CC2)CC(=O)Nc2ccccc23)C(=O)N2CCC(N3CCCCC3)CC2)cc2cn[nH]c12,,,,"MolVec 0.9.8 (git b412dd0, Maven Central)",0.5592968929558992
uspto,US07314883-20080101-C00114,Cc1cc(CC(NC(=O)N2CCC3(CC2)CC(=O)Nc2ccccc23)C(=O)N2CCCCC2)cc2cn[nH]c12,,,,"MolVec 0.9.8 (git b412dd0, Maven Central)",0.2843133397400379
uspto,US07314883-20080101-C00115,Cc1cc(CC(NC(=O)N2CCC3(CC2)CC(=O)Nc2ccccc23)C(=O)N(C)C)cc2cn[nH]c12,,,,"MolVec 0.9.8 (git b412dd0, Maven Central)",0.2769687566906214
uspto,US07314883-20080101-C00116,Cc1cc(CC(NC(=O)N2CCC3(CC2)N=C(c2ccccc2)NC3=O)C(=O)N2CCC(N3CCCCC3)CC2)cc2cn[nH]c12,,,,"MolVec 0.9.8 (git b412dd0, Maven Central)",0.3037503995001316
uspto,US07314883-20080101-C00117,Cc1cc(CC(NC(=O)N2CCC3(CC2)N=C(c2ccccc2)NC3=O)C(=O)N2CCCCC2)cc2cn[nH]c12,,,,"MolVec 0.9.8 (git b412dd0, Maven Central)",0.32255916483700275
uspto,US07314883-20080101-C00118,Cc1cc(CC(NC(=O)N2CCC3(CC2)N=C(c2ccccc2)NC3=O)C(=O)N(C)C)cc2cn[nH]c12,,,,"MolVec 0.9.8 (git b412dd0, Maven Central)",0.21913153678178787
uspto,US07314883-20080101-C00119,O=C(NC(Cc1ccc2[nH]ncc2c1)C(=O)N1CCC(N2Cc3ccccc3NC2=O)CC1)N1CCC(N2Cc3ccccc3NC2=O)CC1,,,,"MolVec 0.9.8 (git b412dd0, Maven Central)",0.2788386195898056
uspto,US07314883-20080101-C00120,O=C(NC(Cc1ccc2[nH]ncc2c1)C(=O)N1CCN(C(=O)OCc2ccccc2)CC1)N1CCC(N2Cc3ccccc3NC2=O)CC1,,,,"MolVec 0.9.8 (git b412dd0, Maven Central)",0.24699403904378414
uspto,US07314883-20080101-C00121,O=C(NC(Cc1ccc2[nH]ncc2c1)C(=O)N1CCNCC1)N1CCC(N2Cc3ccccc3NC2=O)CC1,,,,"MolVec 0.9.8 (git b412dd0, Maven Central)",0.2187439650297165
uspto,US07314883-20080101-C00122,CCC(C)CN1CCN(C(=O)C(Cc2ccc3[nH]ncc3c2)NC(=O)N2CCC(N3Cc4ccccc4NC3=O)CC2)CC1,,,,"MolVec 0.9.8 (git b412dd0, Maven Central)",0.36018303968012333
uspto,US07314883-20080101-C00133,Cc1cc(CC(NC(=O)N2CCC(N3Cc4ccccc4NC3=O)CC2)C(=O)OC2CCCCC2)cc2cn[nH]c12,,,,"MolVec 0.9.8 (git b412dd0, Maven Central)",0.5215944536030293
uspto,US07314883-20080101-C00134,Cc1cc(CC(NC(=O)N2CCC(N3Cc4ccccc4NC3=O)CC2)C(=O)OC2CCN(Cc3ccccc3)CC2)cc2cn[nH]c12,,,,"MolVec 0.9.8 (git b412dd0, Maven Central)",0.36390962824225426
uspto,US07314883-20080101-C00135,Cc1cc(CC(NC(=O)N2CCC(N3Cc4ccccc4NC3=O)CC2)C(=O)OC2CCN(C)CC2)cc2cn[nH]c12,,,,"MolVec 0.9.8 (git b412dd0, Maven Central)",0.21621250919997692
uspto,US07314883-20080101-C00136,Cc1cc(CC(NC(=O)N2CCC(N3Cc4ccccc4NC3=O)CC2)C(=O)OC2CCC(c3ccccc3)CC2)cc2cn[nH]c12,,,,"MolVec 0.9.8 (git b412dd0, Maven Central)",0.20557160675525665
uspto,US07314883-20080101-C00137,Cc1cc(CC(NC(=O)N2CCC(N3Cc4ccccc4NC3=O)CC2)C(=O)O[C@H](C)c2ccncc2)cc2cn[nH]c12,,,,"MolVec 0.9.8 (git b412dd0, Maven Central)",0.24027950316667557
uspto,US07314883-20080101-C00138,Cc1cc(CC(NC(=O)N2CCC(N3Cc4ccccc4NC3=O)CC2)C(=O)O[C@@H](C)c2ccncc2)cc2cn[nH]c12,,,,"MolVec 0.9.8 (git b412dd0, Maven Central)",0.4934277646243572
uspto,US07314883-20080101-C00139,Cc1cc(Br)cc(Cl)c1/N=N/SC(C)(C)C,,,,"MolVec 0.9.8 (git b412dd0, Maven Central)",0.07452802360057831
uspto,US07314883-20080101-C00140,Clc1cc(Br)cc2cn[nH]c12,,,,"MolVec 0.9.8 (git b412dd0, Maven Central)",0.049598222598433495
uspto,US07314883-20080101-C00141,O=Cc1cc(Cl)c2[nH]ncc2c1,,,,"MolVec 0.9.8 (git b412dd0, Maven Central)",0.05484398454427719
uspto,US07314883-20080101-C00142,COC(=O)/C(=C/c1cc(Cl)c2[nH]ncc2c1)NC(=O)OCc1ccccc1,,,,"MolVec 0.9.8 (git b412dd0, Maven Central)",0.1591402292251587
uspto,US07314883-20080101-C00143,COC(=O)C(N)Cc1cc(Cl)c2[nH]ncc2c1,,,,"MolVec 0.9.8 (git b412dd0, Maven Central)",0.08702872321009636
uspto,US07314883-20080101-C00144,COC(=O)C(Cc1cc(Cl)c2[nH]ncc2c1)NC(=O)N1CCC(N2Cc3ccccc3NC2=O)CC1,,,,"MolVec 0.9.8 (git b412dd0, Maven Central)",0.18719373643398285
uspto,US07314883-20080101-C00145,O=C(NC(Cc1cc(Cl)c2[nH]ncc2c1)C(=O)N1CCC(N2CCCCC2)CC1)N1CCC(N2Cc3ccccc3NC2=O)CC1,,,,"MolVec 0.9.8 (git b412dd0, Maven Central)",0.25906733982264996
uspto,US07314883-20080101-C00146,CCc1cc(Br)cc(C)c1N,,,,"MolVec 0.9.8 (git b412dd0, Maven Central)",0.5158633887767792
uspto,US07314883-20080101-C00147,CCc1cc(Br)cc(C)c1/N=N/SC(C)(C)C,,,,"MolVec 0.9.8 (git b412dd0, Maven Central)",0.5428425930440426
uspto,US07314883-20080101-C00148,CCc1cc(Br)cc2cn[nH]c12,,,,"MolVec 0.9.8 (git b412dd0, Maven Central)",0.10283849388360977
uspto,US07314883-20080101-C00149,CCc1cc(C=O)cc2cn[nH]c12,,,,"MolVec 0.9.8 (git b412dd0, Maven Central)",0.06432035006582737
uspto,US07314883-20080101-C00150,CCc1cc(/C=C(\NC(=O)OCc2ccccc2)C(=O)OC)cc2cn[nH]c12,,,,"MolVec 0.9.8 (git b412dd0, Maven Central)",0.13979279808700085
uspto,US07314883-20080101-C00151,CCc1cc(CC(N)C(=O)OC)cc2cn[nH]c12,,,,"MolVec 0.9.8 (git b412dd0, Maven Central)",0.07685310021042824
uspto,US07314883-20080101-C00152,CCc1cc(CC(NC(=O)N2CCC(N3Cc4ccccc4NC3=O)CC2)C(=O)OC)cc2cn[nH]c12,,,,"MolVec 0.9.8 (git b412dd0, Maven Central)",0.19387838058173656
uspto,US07314883-20080101-C00153,CCc1cc(CC(NC(=O)N2CCC(N3Cc4ccccc4NC3=O)CC2)C(=O)N2CCC(N3CCCCC3)CC2)cc2cn[nH]c12,,,,"MolVec 0.9.8 (git b412dd0, Maven Central)",0.31227519549429417
uspto,US07314883-20080101-C00154,O=[N+]([O-])c1ccc(CO)cc1[N+](=O)[O-],,,,"MolVec 0.9.8 (git b412dd0, Maven Central)",0.13689378090202808
uspto,US07314883-20080101-C00155,O=Cc1ccc([N+](=O)[O-])c([N+](=O)[O-])c1,,,,"MolVec 0.9.8 (git b412dd0, Maven Central)",0.0718337707221508
uspto,US07314883-20080101-C00156,COC(=O)/C(=C/c1ccc([N+](=O)[O-])c([N+](=O)[O-])c1)NC(=O)OCc1ccccc1,,,,"MolVec 0.9.8 (git b412dd0, Maven Central)",0.06631969287991524
uspto,US07314883-20080101-C00157,COC(=O)/C(=C/c1ccc([N+](=O)[O-])c(O)c1)NC(=O)OCc1ccccc1,,,,"MolVec 0.9.8 (git b412dd0, Maven Central)",0.09254383109509945
uspto,US07314883-20080101-C00158,COC(=O)[C@@H](Cc1ccc([N+](=O)[O-])c([N+](=O)[O-])c1)NC(=O)OCc1ccccc1,,,,"MolVec 0.9.8 (git b412dd0, Maven Central)",0.10423280484974384
uspto,US07314883-20080101-C00159,COC(=O)[C@@H](Cc1ccc([N+](=O)[O-])c(O)c1)NC(=O)OCc1ccccc1,,,,"MolVec 0.9.8 (git b412dd0, Maven Central)",0.0742897279560566
uspto,US07314883-20080101-C00160,COC(=O)[C@@H](Cc1ccc(N)c(N)c1)NC(=O)OCc1ccccc1,,,,"MolVec 0.9.8 (git b412dd0, Maven Central)",0.09021573513746262
uspto,US07314883-20080101-C00161,COC(=O)[C@@H](Cc1ccc2[nH]c(C)nc2c1)NC(=O)OCc1ccccc1,,,,"MolVec 0.9.8 (git b412dd0, Maven Central)",0.10044075921177864
uspto,US07314883-20080101-C00168,COC(=O)[C@@H](Cc1ccc2[nH]c(=O)oc2c1)NC(=O)OCc1ccccc1,,,,"MolVec 0.9.8 (git b412dd0, Maven Central)",0.10805455595254898
uspto,US07314883-20080101-C00169,COC(=O)[C@H](N)Cc1ccc2[nH]c(=O)oc2c1,,,,"MolVec 0.9.8 (git b412dd0, Maven Central)",0.0884417723864317
uspto,US07314883-20080101-C00173,COC(=O)[C@@H](Cc1ccc2[nH]nnc2c1)NC(=O)OCc1ccccc1,,,,"MolVec 0.9.8 (git b412dd0, Maven Central)",0.09674402885138988
uspto,US07314883-20080101-C00174,COC(=O)[C@H](N)Cc1ccc2[nH]nnc2c1,,,,"MolVec 0.9.8 (git b412dd0, Maven Central)",0.08371617645025253
uspto,US07314883-20080101-C00177,COC(=O)[C@@H](Cc1ccc2c(c1)CC(=O)N2)NC(=O)OCc1ccccc1,,,,"MolVec 0.9.8 (git b412dd0, Maven Central)",0.1179602611809969
uspto,US07314883-20080101-C00178,COC(=O)[C@H](N)Cc1ccc2c(c1)CC(=O)N2,,,,"MolVec 0.9.8 (git b412dd0, Maven Central)",0.07591028697788715
uspto,US07314883-20080101-C00182,COC(=O)C(Cn1ccc(OCc2ccccc2)cc1=O)N(C(=O)OC(C)(C)C)C(=O)OC(C)(C)C,,,,"MolVec 0.9.8 (git b412dd0, Maven Central)",0.13593580573797226
uspto,US07314883-20080101-C00183,CC(C)(C)OC(=O)N(C(=O)OC(C)(C)C)C(Cn1ccc(OCc2ccccc2)cc1=O)C(=O)N1CCC(N2CCCCC2)CC1,,,,"MolVec 0.9.8 (git b412dd0, Maven Central)",0.37430173344910145
uspto,US07314883-20080101-C00184,O=C(NC(Cn1ccc(OCc2ccccc2)cc1=O)C(=O)N1CCC(N2CCCCC2)CC1)N1CCC(N2Cc3ccccc3NC2=O)CC1,,,,"MolVec 0.9.8 (git b412dd0, Maven Central)",0.5905074030160904
uspto,US07314883-20080101-C00185,O=C(NC(Cn1ccc(O)cc1=O)C(=O)N1CCC(N2CCCCC2)CC1)N1CCC(N2Cc3ccccc3NC2=O)CC1,,,,"MolVec 0.9.8 (git b412dd0, Maven Central)",0.2591225244104862
uspto,US07314883-20080101-C00186,COC(=O)C(CN1CCC(O)CC1)N(C(=O)OC(C)(C)C)C(=O)OC(C)(C)C,,,,"MolVec 0.9.8 (git b412dd0, Maven Central)",0.08748598955571651
uspto,US07314883-20080101-C00187,CC(C)(C)OC(=O)N(C(=O)OC(C)(C)C)C(CN1CCC(O)CC1)C(=O)N1CCC(N2CCCCC2)CC1,,,,"MolVec 0.9.8 (git b412dd0, Maven Central)",0.11478159390389919
uspto,US07314883-20080101-C00188,NC(CN1CCC(O)CC1)C(=O)N1CCC(N2CCCCC2)CC1,,,,"MolVec 0.9.8 (git b412dd0, Maven Central)",0.11051546782255173
uspto,US07314883-20080101-C00189,CC(C)(C)OC(=O)NC(CN1CCC(O)CC1)C(=O)N1CCC(N2CCCCC2)CC1,,,,"MolVec 0.9.8 (git b412dd0, Maven Central)",0.7536680642515421
uspto,US07314883-20080101-C00190,CC(C)(C)OC(=O)NC(CN1CCC(=O)CC1)C(=O)N1CCC(N2CCCCC2)CC1,,,,"MolVec 0.9.8 (git b412dd0, Maven Central)",0.1311799082905054
uspto,US07314883-20080101-C00191,NC(CN1CCC(=O)CC1)C(=O)N1CCC(N2CCCCC2)CC1,,,,"MolVec 0.9.8 (git b412dd0, Maven Central)",0.10645229555666447
uspto,US07314883-20080101-C00192,CC(O)CCN(C)CC(NC(=O)N1CCC(N2Cc3ccccc3NC2=O)CC1)C(=O)N1C=CC(N2CCCCC2)CC1,,,,"MolVec 0.9.8 (git b412dd0, Maven Central)",0.2535932119935751
uspto,US07314883-20080101-C00193,CN(C)/C=C1\CN(C(=O)OC(C)(C)C)CCC1=O,,,,"MolVec 0.9.8 (git b412dd0, Maven Central)",0.08162582479417324
uspto,US07314883-20080101-C00194,CC(C)(C)OC(=O)N1CCc2[nH]ncc2C1,,,,"MolVec 0.9.8 (git b412dd0, Maven Central)",0.06398298032581806
uspto,US07314883-20080101-C00196,COC(=O)C(CN1CCc2[nH]ncc2C1)N(C(=O)OC(C)(C)C)C(=O)OC(C)(C)C,,,,"MolVec 0.9.8 (git b412dd0, Maven Central)",0.08118748851120472
uspto,US07314883-20080101-C00197,COC(=O)C(N)CN1CCc2[nH]ncc2C1,,,,"MolVec 0.9.8 (git b412dd0, Maven Central)",0.10334702394902706
uspto,US07314883-20080101-C00198,CC(C)(C)OC(=O)N1CCC(=O)C(C)(C)C1,,,,"MolVec 0.9.8 (git b412dd0, Maven Central)",0.049906522035598755
uspto,US07314883-20080101-C00199,CN(C)/C=C1\CN(C(=O)OC(C)(C)C)CC(C)(C)C1=O,,,,"MolVec 0.9.8 (git b412dd0, Maven Central)",0.08336617238819599
uspto,US07314883-20080101-C00200,CC(C)(C)OC(=O)N1Cc2cn[nH]c2C(C)(C)C1,,,,"MolVec 0.9.8 (git b412dd0, Maven Central)",0.06757393851876259
uspto,US07314883-20080101-C00201,CC1(C)CNCc2cn[nH]c21,,,,"MolVec 0.9.8 (git b412dd0, Maven Central)",0.05830048397183418
uspto,US07314883-20080101-C00202,COC(=O)C(CN1Cc2cn[nH]c2C(C)(C)C1)N(C(=O)OC(C)(C)C)C(=O)OC(C)(C)C,,,,"MolVec 0.9.8 (git b412dd0, Maven Central)",0.11714013665914536
uspto,US07314883-20080101-C00203,COC(=O)C(N)CN1Cc2cn[nH]c2C(C)(C)C1,,,,"MolVec 0.9.8 (git b412dd0, Maven Central)",0.3947052229195833
uspto,US07314883-20080101-C00204,COC(=O)C(CN1CCc2[nH]ncc2C1)NC(=O)N1CCC(N2Cc3ccccc3NC2=O)CC1,,,,"MolVec 0.9.8 (git b412dd0, Maven Central)",0.22635073773562908
uspto,US07314883-20080101-C00205,O=C(NC(CN1CCc2[nH]ncc2C1)C(=O)N1CCC(N2CCCCC2)CC1)N1CCC(N2Cc3ccccc3NC2=O)CC1,,,,"MolVec 0.9.8 (git b412dd0, Maven Central)",0.36430079862475395
uspto,US07314883-20080101-C00206,COC(=O)C(CN1Cc2cn[nH]c2C(C)(C)C1)NC(=O)N1CCC(N2Cc3ccccc3NC2=O)CC1,,,,"MolVec 0.9.8 (git b412dd0, Maven Central)",0.42315727286040783
uspto,US07314883-20080101-C00207,CC1(C)CN(CC(NC(=O)N2CCC(N3Cc4ccccc4NC3=O)CC2)C(=O)N2CCC(N3CCCCC3)CC2)Cc2cn[nH]c21,,,,"MolVec 0.9.8 (git b412dd0, Maven Central)",0.23499848507344723
uspto,US07314883-20080101-C00209,COC(=O)C(N)Cc1ccc(OC)nc1,,,,"MolVec 0.9.8 (git b412dd0, Maven Central)",0.06389233283698559
uspto,US07314883-20080101-C00210,COC(=O)C(Cc1ccc(OC)nc1)NC(=O)N1CCC(N2Cc3ccccc3NC2=O)CC1,,,,"MolVec 0.9.8 (git b412dd0, Maven Central)",0.2056443691253662
uspto,US07314883-20080101-C00211,COc1ccc(CC(NC(=O)N2CCC(N3Cc4ccccc4NC3=O)CC2)C(=O)N2CCC(N3CCCCC3)CC2)cn1,,,,"MolVec 0.9.8 (git b412dd0, Maven Central)",0.2307387962937355
uspto,US07314883-20080101-C00213,COC(=O)C(N)Cc1cnc(OC)nc1,,,,"MolVec 0.9.8 (git b412dd0, Maven Central)",0.06085548922419548
uspto,US07314883-20080101-C00214,COC(=O)C(Cc1cnc(OC)nc1)NC(=O)N1CCC(N2Cc3ccccc3NC2=O)CC1,,,,"MolVec 0.9.8 (git b412dd0, Maven Central)",0.22247146628797054
uspto,US07314883-20080101-C00215,COc1ncc(CC(NC(=O)N2CCC(N3Cc4ccccc4NC3=O)CC2)C(=O)N2CCC(N3CCCCC3)CC2)cn1,,,,"MolVec 0.9.8 (git b412dd0, Maven Central)",0.2051958292722702
uspto,US07314883-20080101-C00216,Brc1ccc(OCc2ccccc2)nc1,,,,"MolVec 0.9.8 (git b412dd0, Maven Central)",0.07913353107869625
uspto,US07314883-20080101-C00217,O=Cc1ccc(OCc2ccccc2)nc1,,,,"MolVec 0.9.8 (git b412dd0, Maven Central)",0.059560418128967285
uspto,US07314883-20080101-C00218,COC(=O)/C(=C/c1ccc(OCc2ccccc2)nc1)NC(=O)OCc1ccccc1,,,,"MolVec 0.9.8 (git b412dd0, Maven Central)",0.4003422297537327
uspto,US07314883-20080101-C00219,COC(=O)C(Cc1ccc(OCc2ccccc2)nc1)NC(=O)OCc1ccccc1,,,,"MolVec 0.9.8 (git b412dd0, Maven Central)",0.3568962588906288
uspto,US07314883-20080101-C00220,COC(=O)C(N)Cc1ccc(OCc2ccccc2)nc1,,,,"MolVec 0.9.8 (git b412dd0, Maven Central)",0.15585489012300968
uspto,US07314883-20080101-C00221,COC(=O)C(Cc1ccc(OCc2ccccc2)nc1)NC(=O)N1CCC(N2Cc3ccccc3NC2=O)CC1,,,,"MolVec 0.9.8 (git b412dd0, Maven Central)",0.19329154305160046
uspto,US07314883-20080101-C00222,O=C(NC(Cc1ccc(OCc2ccccc2)nc1)C(=O)N1CCC(N2CCCCC2)CC1)N1CCC(N2Cc3ccccc3NC2=O)CC1,,,,"MolVec 0.9.8 (git b412dd0, Maven Central)",0.24254717119038105
uspto,US07314883-20080101-C00223,O=C(NC(Cc1ccc(=O)[nH]c1)C(=O)N1CCC(N2CCCCC2)CC1)N1CCC(N2Cc3ccccc3NC2=O)CC1,,,,"MolVec 0.9.8 (git b412dd0, Maven Central)",0.1894807517528534
uspto,US07314883-20080101-C00224,CCOC(=O)C1CCN(C(=O)OC(C)(C)C)CC1,,,,"MolVec 0.9.8 (git b412dd0, Maven Central)",0.09518416598439217
uspto,US07314883-20080101-C00225,CC(C)(C)OC(=O)N1CCC(Cc2ccccc2[N+](=O)[O-])CC1.CCOC=O,,,,"MolVec 0.9.8 (git b412dd0, Maven Central)",0.1397125143557787
uspto,US07314883-20080101-C00226,CC(C)(C)OC(=O)N1CCC(Cc2ccccc2N)CC1.CCOC=O,,,,"MolVec 0.9.8 (git b412dd0, Maven Central)",0.160456083714962
uspto,US07314883-20080101-C00227,CCOC(=O)C1(Cc2ccccc2N)CCN(NCl)CC1,,,,"MolVec 0.9.8 (git b412dd0, Maven Central)",0.10963873751461506
uspto,US07314883-20080101-C00228,O=CNc1ccccc1CC1CCNCC1,,,,"MolVec 0.9.8 (git b412dd0, Maven Central)",0.07400256022810936
uspto,US07314883-20080101-C00229,N[C@H](Cc1csc2ccccc12)C(=O)N1CCC(N2CCCCC2)CC1,,,,"MolVec 0.9.8 (git b412dd0, Maven Central)",0.11496076546609402
uspto,US07314883-20080101-C00230,O=C(N[C@H](Cc1csc2ccccc12)C(=O)N1CCC(N2CCCCC2)CC1)N1CCC2(CC1)Cc1ccccc1NC2=O,,,,"MolVec 0.9.8 (git b412dd0, Maven Central)",0.3446413669735193
uspto,US07314883-20080101-C00231,O=C1CC2(CCN(C(=O)N[C@H](Cc3csc4ccccc34)C(=O)N3CCC(N4CCCCC4)CC3)CC2)c2ccccc2N1,,,,"MolVec 0.9.8 (git b412dd0, Maven Central)",0.24721800535917282
uspto,US07314883-20080101-C00232,O=C1NCC2(CCN(C(=O)N[C@H](Cc3csc4ccccc34)C(=O)N3CCC(N4CCCCC4)CC3)CC2)c2ccccc21,,,,"MolVec 0.9.8 (git b412dd0, Maven Central)",0.4200884960591793
uspto,US07314883-20080101-C00233,O=C1Nc2ccccc2C2(CCN(C(=O)N[C@H](Cc3csc4ccccc34)C(=O)N3CCC(N4CCCCC4)CC3)CC2)O1,,,,"MolVec 0.9.8 (git b412dd0, Maven Central)",0.45426717586815357
uspto,US07314883-20080101-C00234,O=C(O)/C=C/c1csc2ccccc12,,,,"MolVec 0.9.8 (git b412dd0, Maven Central)",0.4200497083365917
uspto,US07314883-20080101-C00235,O=C(O)CCc1csc2ccccc12,,,,"MolVec 0.9.8 (git b412dd0, Maven Central)",0.057861680164933205
uspto,US07314883-20080101-C00236,O=C(CCC1=CSC2=C1C=CC=C2)N1C(=O)OCC1[H]C1=CC=CC=C1,,,,"MolVec 0.9.8 (git b412dd0, Maven Central)",0.1061775553971529
uspto,US07314883-20080101-C00237,CC(C)(C)OC(=O)C[C@H](CC1=CSC2=C1C=CC=C2)C(=O)N1C(=O)OCC1[H]C1=CC=CC=C1,,,,"MolVec 0.9.8 (git b412dd0, Maven Central)",0.15037518739700317
uspto,US07314883-20080101-C00238,CC(C)(C)OC(=O)C[C@H](Cc1csc2ccccc12)C(=O)O,,,,"MolVec 0.9.8 (git b412dd0, Maven Central)",0.12786581553518772
uspto,US07314883-20080101-C00239,CC(C)(C)OC(=O)C[C@H](Cc1csc2ccccc12)C(=O)N1CCC(N2CCCCC2)CC1,,,,"MolVec 0.9.8 (git b412dd0, Maven Central)",0.1793573871254921
uspto,US07314883-20080101-C00240,O=C(O)C[C@H](Cc1csc2ccccc12)C(=O)N1CCC(N2CCCCC2)CC1,,,,"MolVec 0.9.8 (git b412dd0, Maven Central)",0.16517400927841663
uspto,US07314883-20080101-C00241,O=C1Nc2ccccc2C2(CCN(C(=O)[C@H](Cc3csc4ccccc34)C(=O)N3CCC(N4CCCCC4)CC3)CC2)O1,,,,"MolVec 0.9.8 (git b412dd0, Maven Central)",0.31051723100245
uspto,US07314883-20080101-C00242,COC(=O)/C(=C\c1cc(C)c2[nH]ncc2c1)CC(=O)O,,,,"MolVec 0.9.8 (git b412dd0, Maven Central)",0.2257754299789667
uspto,US07314883-20080101-C00243,COC(=O)C(CC(=O)O)Cc1cc(C)c2[nH]ncc2c1,,,,"MolVec 0.9.8 (git b412dd0, Maven Central)",0.07823465950787067
uspto,US07314883-20080101-C00244,COC(=O)C(CC(=O)N1CCC2(CC1)OC(=O)Nc1ccccc12)Cc1cc(C)c2[nH]ncc2c1,,,,"MolVec 0.9.8 (git b412dd0, Maven Central)",0.28023315593600273
uspto,US07314883-20080101-C00245,COC(=O)C(CC(=O)N1CCC(N2Cc3ccccc3NC2=O)CC1)Cc1cc(C)c2[nH]ncc2c1,,,,"MolVec 0.9.8 (git b412dd0, Maven Central)",0.20710322074592113
uspto,US07314883-20080101-C00246,Cc1cc(CC(CC(=O)N2CCC3(CC2)OC(=O)Nc2ccccc23)C(=O)O)cc2cn[nH]c12,,,,"MolVec 0.9.8 (git b412dd0, Maven Central)",0.2657038141041994
uspto,US07314883-20080101-C00247,Cc1cc(CC(CC(=O)N2CCC3(CC2)OC(=O)Nc2ccccc23)C(=O)N2CCC(N3CCCCC3)CC2)cc2cn[nH]c12,,,,"MolVec 0.9.8 (git b412dd0, Maven Central)",0.2745398748666048
uspto,US07314883-20080101-C00248,Cc1cc(CC(CC(=O)N2CCC(N3Cc4ccccc4NC3=O)CC2)C(=O)N2CCC(N3CCCCC3)CC2)cc2cn[nH]c12,,,,"MolVec 0.9.8 (git b412dd0, Maven Central)",0.2740578129887581
uspto,US07314883-20080101-C00249,Cc1cc(CC(CC(=O)N2CCC(N3Cc4ccccc4NC3=O)CC2)C(=O)N2CCC3(CC2)OCCO3)cc2cn[nH]c12,,,,"MolVec 0.9.8 (git b412dd0, Maven Central)",0.3126987721771002
uspto,US07314883-20080101-C00250,Cc1cc(CC(CC(=O)N2CCC3(CC2)OC(=O)Nc2ccccc23)C(=O)N2CCC3(CC2)OCCO3)cc2cn[nH]c12,,,,"MolVec 0.9.8 (git b412dd0, Maven Central)",0.2830703929066658
uspto,US07314883-20080101-C00251,Cc1cc(CC(CC(=O)N2CCC(N3Cc4ccccc4NC3=O)CC2)C(=O)N(C)C)cc2cn[nH]c12,,,,"MolVec 0.9.8 (git b412dd0, Maven Central)",0.22069537080824375
uspto,US07314883-20080101-C00252,Cc1cc(CC(CC(=O)N2CCC(N3Cc4ccccc4NC3=O)CC2)C(=O)N2CC(C)OC(C)C2)cc2cn[nH]c12,,,,"MolVec 0.9.8 (git b412dd0, Maven Central)",0.2702348195016384
uspto,US07314883-20080101-C00253,Cc1cc(CC(CC(=O)N2CCC(N3Cc4ccccc4NC3=O)CC2)C(=O)N2CCC(C)CC2)cc2cn[nH]c12,,,,"MolVec 0.9.8 (git b412dd0, Maven Central)",0.23331585712730885
uspto,US07314883-20080101-C00254,Cc1cc(CC(CC(=O)N2CCC(N3Cc4ccccc4NC3=O)CC2)C(=O)N2CCOCC2)cc2cn[nH]c12,,,,"MolVec 0.9.8 (git b412dd0, Maven Central)",0.26588734798133373
uspto,US07314883-20080101-C00255,Cc1cc(CC(CC(=O)N2CCC3(CC2)OC(=O)Nc2ccccc23)C(=O)N(C)C)cc2cn[nH]c12,,,,"MolVec 0.9.8 (git b412dd0, Maven Central)",0.20733873173594475
uspto,US07314883-20080101-C00256,Cc1cc(CC(CC(=O)N2CCC3(CC2)OC(=O)Nc2ccccc23)C(=O)N2CCCCC2)cc2cn[nH]c12,,,,"MolVec 0.9.8 (git b412dd0, Maven Central)",0.22450044006109238
uspto,US07314883-20080101-C00257,Cc1cc(CC(CC(=O)N2CCC(N3Cc4ccccc4NC3=O)CC2)C(=O)N2CCCCC2)cc2cn[nH]c12,,,,"MolVec 0.9.8 (git b412dd0, Maven Central)",0.24612982384860516
uspto,US07314883-20080101-C00258,O=C1Nc2ccccc2C2(CCN(C(=O)CC(Cc3ccc4[nH]ncc4c3)C(=O)N3CCC(N4CCCCC4)CC3)CC2)O1,,,,"MolVec 0.9.8 (git b412dd0, Maven Central)",0.2512006275355816
uspto,US07314883-20080101-C00259,O=C1Nc2ccccc2C2(CCN(C(=O)CC(Cc3ccc4[nH]ncc4c3)C(=O)N3CCC4(CC3)OCCO4)CC2)O1,,,,"MolVec 0.9.8 (git b412dd0, Maven Central)",0.23779359087347984
uspto,US07314883-20080101-C00260,O=C(CC(Cc1ccc2[nH]ncc2c1)C(=O)N1CCC2(CC1)OCCO2)N1CCC(N2Cc3ccccc3NC2=O)CC1,,,,"MolVec 0.9.8 (git b412dd0, Maven Central)",0.42391829565167427
uspto,US07314883-20080101-C00261,CN(C)C(=O)C(CC(=O)N1CCC(N2Cc3ccccc3NC2=O)CC1)Cc1ccc2[nH]ncc2c1,,,,"MolVec 0.9.8 (git b412dd0, Maven Central)",0.30366329103708267
uspto,US07314883-20080101-C00262,CC(C)(C)OC(=O)n1ncc2cc(CC(CC(=O)N3CCC(N4Cc5ccccc5NC4=O)CC3)C(=O)N3CCC(N4CCCCC4)CC3)ccc21,,,,"MolVec 0.9.8 (git b412dd0, Maven Central)",0.3052447773516178
uspto,US07314883-20080101-C00263,C#CCNC(=O)C(CC(=O)N1CCC(N2Cc3ccccc3NC2=O)CC1)Cc1cc(C)c2[nH]ncc2c1,,,,"MolVec 0.9.8 (git b412dd0, Maven Central)",0.2571944035589695
uspto,US07314883-20080101-C00264,CC(C)(C)OC(=O)N[C@@H](CC(=O)N1CCC(N2Cc3ccccc3NC2=O)CC1)C(=O)OCc1ccccc1,,,,"MolVec 0.9.8 (git b412dd0, Maven Central)",0.2359730675816536
uspto,US07314883-20080101-C00265,CC(C)(C)OC(=O)N[C@@H](CC(=O)N1CCC(N2Cc3ccccc3NC2=O)CC1)C(=O)O,,,,"MolVec 0.9.8 (git b412dd0, Maven Central)",0.20559613406658173
uspto,US07314883-20080101-C00266,CC(C)(C)OC(=O)N[C@@H](CC(=O)N1CCC(N2Cc3ccccc3NC2=O)CC1)C(=O)N1CCC(N2CCCCC2)CC1,,,,"MolVec 0.9.8 (git b412dd0, Maven Central)",0.28027618303894997
uspto,US07314883-20080101-C00267,N[C@@H](CC(=O)N1CCC(N2Cc3ccccc3NC2=O)CC1)C(=O)N1CCC(N2CCCCC2)CC1,,,,"MolVec 0.9.8 (git b412dd0, Maven Central)",0.16634701564908028
uspto,US07314883-20080101-C00268,O=C(C[C@H](Nc1ccc2[nH]ccc2c1)C(=O)N1CCC(N2CCCCC2)CC1)N1CCC(N2Cc3ccccc3NC2=O)CC1,,,,"MolVec 0.9.8 (git b412dd0, Maven Central)",0.4518478401005268
uspto,US07314883-20080101-C00269,O=C(C[C@H](Nc1cc(Cl)ccc1[N+](=O)[O-])C(=O)N1CCC(N2CCCCC2)CC1)N1CCC(N2Cc3ccccc3NC2=O)CC1,,,,"MolVec 0.9.8 (git b412dd0, Maven Central)",0.3236107565462589
uspto,US07314883-20080101-C00270,O=C(C[C@H](Nc1cc(Cl)ncn1)C(=O)N1CCC(N2CCCCC2)CC1)N1CCC(N2Cc3ccccc3NC2=O)CC1,,,,"MolVec 0.9.8 (git b412dd0, Maven Central)",0.2562339883297682
uspto,US07314883-20080101-C00271,O=C(C[C@H](Nc1nc(Cl)nc2[nH]cnc12)C(=O)N1CCC(N2CCCCC2)CC1)N1CCC(N2Cc3ccccc3NC2=O)CC1,,,,"MolVec 0.9.8 (git b412dd0, Maven Central)",0.28192442655563354
uspto,US07314883-20080101-C00272,Cc1nc(N[C@@H](CC(=O)N2CCC(N3Cc4ccccc4NC3=O)CC2)C(=O)N2CCC(N3CCCCC3)CC2)nc(N)c1[N+](=O)[O-],,,,"MolVec 0.9.8 (git b412dd0, Maven Central)",0.6698936503380537
uspto,US07314883-20080101-C00273,Cc1nc(N[C@@H](CC(=O)N2CCC(N3Cc4ccccc4NC3=O)CC2)C(=O)N2CCC(N3CCCCC3)CC2)nc(N)c1N,,,,"MolVec 0.9.8 (git b412dd0, Maven Central)",0.29982178658246994
uspto,US07314883-20080101-C00274,Cc1nc(N[C@@H](CC(=O)N2CCC(N3Cc4ccccc4NC3=O)CC2)C(=O)N2CCC(N3CCCCC3)CC2)nc2nn[nH]c12,,,,"MolVec 0.9.8 (git b412dd0, Maven Central)",0.2962110862135887
uspto,US07314883-20080101-C00275,O=C(C[C@H](NCc1ccccn1)C(=O)N1CCC(N2CCCCC2)CC1)N1CCC(N2Cc3ccccc3NC2=O)CC1,,,,"MolVec 0.9.8 (git b412dd0, Maven Central)",0.444882033392787
uspto,US07314883-20080101-C00276,O=C(C[C@H](NCc1ccc2[nH]ncc2c1)C(=O)N1CCC(N2CCCCC2)CC1)N1CCC(N2Cc3ccccc3NC2=O)CC1,,,,"MolVec 0.9.8 (git b412dd0, Maven Central)",0.25925611332058907
uspto,US07314883-20080101-C00277,Cc1cccc(CN[C@@H](CC(=O)N2CCC(N3Cc4ccccc4NC3=O)CC2)C(=O)N2CCC(N3CCCCC3)CC2)c1,,,,"MolVec 0.9.8 (git b412dd0, Maven Central)",0.235965920612216
uspto,US07314883-20080101-C00278,O=C(C[C@H](Nc1ccncn1)C(=O)N1CCC(N2CCCCC2)CC1)N1CCC(N2Cc3ccccc3NC2=O)CC1,,,,"MolVec 0.9.8 (git b412dd0, Maven Central)",0.2271795030683279
uspto,US07314883-20080101-C00279,O=C(C[C@H](NC1CCC(O)CC1)C(=O)N1CCC(N2CCCCC2)CC1)N1CCC(N2Cc3ccccc3NC2=O)CC1,,,,"MolVec 0.9.8 (git b412dd0, Maven Central)",0.2320971768349409
uspto,US07314883-20080101-C00280,O=C(C[C@H](NCc1c[nH]cn1)C(=O)N1CCC(N2CCCCC2)CC1)N1CCC(N2Cc3ccccc3NC2=O)CC1,,,,"MolVec 0.9.8 (git b412dd0, Maven Central)",0.22780377976596355
uspto,US07314883-20080101-C00281,COc1ccc(C(=O)N[C@@H](CC(=O)N2CCC(N3Cc4ccccc4NC3=O)CC2)C(=O)N2CCC(N3CCCCC3)CC2)cc1,,,,"MolVec 0.9.8 (git b412dd0, Maven Central)",0.29818932339549065
uspto,US07314883-20080101-C00282,O=C(N[C@@H](CC(=O)N1CCC(N2Cc3ccccc3NC2=O)CC1)C(=O)N1CCC(N2CCCCC2)CC1)c1ccc(O)cc1,,,,"MolVec 0.9.8 (git b412dd0, Maven Central)",0.4614972900599241
uspto,US07314883-20080101-C00283,O=C(N[C@@H](CC(=O)N1CCC(N2Cc3ccccc3NC2=O)CC1)C(=O)N1CCC(N2CCCCC2)CC1)c1cc[nH]n1,,,,"MolVec 0.9.8 (git b412dd0, Maven Central)",0.239226832985878
uspto,US07314883-20080101-C00286,O=C(N[C@@H](CC(=O)N1CCC(N2Cc3ccccc3NC2=O)CC1)C(=O)N1CCC(N2CCCCC2)CC1)C1CC1,,,,"MolVec 0.9.8 (git b412dd0, Maven Central)",0.6324249170720577
uspto,US07314883-20080101-C00385,CCOC(=O)C(CC(=O)OC(C)(C)C)Nc1ccc2[nH]ncc2c1,,,,"MolVec 0.9.8 (git b412dd0, Maven Central)",0.12314319983124733
uspto,US07314883-20080101-C00386,CCOC(=O)C(CC(=O)O)Nc1ccc2[nH]ncc2c1,,,,"MolVec 0.9.8 (git b412dd0, Maven Central)",0.09421059489250183
uspto,US07314883-20080101-C00387,CCOC(=O)C(CC(=O)N1CCC(N2Cc3ccccc3NC2=O)CC1)Nc1ccc2[nH]ncc2c1,,,,"MolVec 0.9.8 (git b412dd0, Maven Central)",0.22088877111673355
uspto,US07314883-20080101-C00388,O=C(O)C(CC(=O)N1CCC(N2Cc3ccccc3NC2=O)CC1)Nc1ccc2[nH]ncc2c1,,,,"MolVec 0.9.8 (git b412dd0, Maven Central)",0.6477919016033411
uspto,US07314883-20080101-C00389,O=C(CC(Nc1ccc2[nH]ncc2c1)C(=O)N1CCC(N2CCCCC2)CC1)N1CCC(N2Cc3ccccc3NC2=O)CC1,,,,"MolVec 0.9.8 (git b412dd0, Maven Central)",0.36227003298699856
uspto,US07314883-20080101-C00390,O=[N+]([O-])c1ccccc1CNC1CCN(Cc2ccccc2)CC1,,,,"MolVec 0.9.8 (git b412dd0, Maven Central)",0.1769209038466215
uspto,US07314883-20080101-C00391,Nc1ccccc1CNC1CCN(Cc2ccccc2)CC1,,,,"MolVec 0.9.8 (git b412dd0, Maven Central)",0.14473210088908672
uspto,US07314883-20080101-C00392,O=S1(=O)Nc2ccccc2CN1C1CCN(Cc2ccccc2)CC1,,,,"MolVec 0.9.8 (git b412dd0, Maven Central)",0.18727341666817665
uspto,US07314883-20080101-C00393,O=S1(=O)Nc2ccccc2CN1C1CCNCC1,,,,"MolVec 0.9.8 (git b412dd0, Maven Central)",0.07955572754144669
uspto,US07314883-20080101-C00394,O=C1Nc2ccc(Br)cc2CN1C1CCNCC1,,,,"MolVec 0.9.8 (git b412dd0, Maven Central)",0.09486477077007294
uspto,US07314883-20080101-C00395,N#Cc1ccc2c(c1)CN(C1CCNCC1)C(=O)N2,,,,"MolVec 0.9.8 (git b412dd0, Maven Central)",0.10576207004487514
uspto,US07314883-20080101-C00396,O=C(Cc1ccccc1[N+](=O)[O-])NC1CCN(Cc2ccccc2)CC1,,,,"MolVec 0.9.8 (git b412dd0, Maven Central)",0.1276753544807434
uspto,US07314883-20080101-C00397,Nc1ccccc1CCNC1CCN(Cc2ccccc2)CC1,,,,"MolVec 0.9.8 (git b412dd0, Maven Central)",0.08739547803997993
uspto,US07314883-20080101-C00398,O=C1Nc2ccccc2CCN1C1CCN(Cc2ccccc2)CC1,,,,"MolVec 0.9.8 (git b412dd0, Maven Central)",0.12917068414390087
uspto,US07314883-20080101-C00399,O=C1Nc2ccccc2CCN1C1CCNCC1,,,,"MolVec 0.9.8 (git b412dd0, Maven Central)",0.10151193290948868
uspto,US07314883-20080101-C00400,O=[N+]([O-])c1ccc(O)cc1CNC1CCN(Cc2ccccc2)CC1,,,,"MolVec 0.9.8 (git b412dd0, Maven Central)",0.15859144367277622
uspto,US07314883-20080101-C00401,Nc1ccc(O)cc1CNC1CCN(Cc2ccccc2)CC1,,,,"MolVec 0.9.8 (git b412dd0, Maven Central)",0.13766863755881786
uspto,US07314883-20080101-C00402,O=C1Nc2ccc(O)cc2CN1C1CCN(Cc2ccccc2)CC1,,,,"MolVec 0.9.8 (git b412dd0, Maven Central)",0.15693124383687973
uspto,US07314883-20080101-C00403,O=C1Nc2ccc(O)cc2CN1C1CCNCC1,,,,"MolVec 0.9.8 (git b412dd0, Maven Central)",0.0966397225856781
uspto,US07314883-20080101-C00404,COc1cccc([N+](=O)[O-])c1C(=O)NC1CCN(Cc2ccccc2)CC1,,,,"MolVec 0.9.8 (git b412dd0, Maven Central)",0.16473083570599556
uspto,US07314883-20080101-C00405,COc1cccc(N)c1CNC1CCN(Cc2ccccc2)CC1,,,,"MolVec 0.9.8 (git b412dd0, Maven Central)",0.13998883217573166
uspto,US07314883-20080101-C00406,COc1cccc2c1NC(=O)N(C1CCN(Cc3ccccc3)CC1)C2,,,,"MolVec 0.9.8 (git b412dd0, Maven Central)",0.16325343400239944
uspto,US07314883-20080101-C00407,COc1cccc2c1NC(=O)N(C1CCNCC1)C2,,,,"MolVec 0.9.8 (git b412dd0, Maven Central)",0.0778646320104599
uspto,US07314883-20080101-C00408,O=C(NC1CCN(Cc2ccccc2)CC1)c1c(Cl)cccc1[N+](=O)[O-],,,,"MolVec 0.9.8 (git b412dd0, Maven Central)",0.15974926203489304
uspto,US07314883-20080101-C00409,Nc1cccc(Cl)c1CNC1CCN(Cc2ccccc2)CC1,,,,"MolVec 0.9.8 (git b412dd0, Maven Central)",0.10726847872138023
uspto,US07314883-20080101-C00410,O=C1Nc2c(Cl)cccc2CN1C1CCN(Cc2ccccc2)CC1,,,,"MolVec 0.9.8 (git b412dd0, Maven Central)",0.13639681413769722
uspto,US07314883-20080101-C00411,O=C1Nc2c(Cl)cccc2CN1C1CCNCC1,,,,"MolVec 0.9.8 (git b412dd0, Maven Central)",0.07290807738900185
uspto,US07314883-20080101-C00412,N#Cc1c[nH]c2ccc(Br)cc12,,,,"MolVec 0.9.8 (git b412dd0, Maven Central)",0.09524029493331909
uspto,US07314883-20080101-C00413,N#Cc1c[nH]c2ccc(C=O)cc12,,,,"MolVec 0.9.8 (git b412dd0, Maven Central)",0.04865884222090244
uspto,US07314883-20080101-C00414,COC(=O)/C(=C/c1ccc2[nH]cc(C#N)c2c1)NC(=O)OCc1ccccc1,,,,"MolVec 0.9.8 (git b412dd0, Maven Central)",0.1459510140120983
uspto,US07314883-20080101-C00415,COC(=O)C(N)Cc1ccc2[nH]cc(C#N)c2c1,,,,"MolVec 0.9.8 (git b412dd0, Maven Central)",0.11020332388579845
uspto,US07314883-20080101-C00416,COC(=O)C(Cc1ccc2[nH]cc(C#N)c2c1)NC(=O)N1CCC(N2Cc3ccccc3NC2=O)CC1,,,,"MolVec 0.9.8 (git b412dd0, Maven Central)",0.24722623638808727
uspto,US07314883-20080101-C00417,N#Cc1c[nH]c2ccc(CC(NC(=O)N3CCC(N4Cc5ccccc5NC4=O)CC3)C(=O)N3CCC(N4CCCCC4)CC3)cc12,,,,"MolVec 0.9.8 (git b412dd0, Maven Central)",0.24640953727066517
uspto,US07314883-20080101-C00418,CCOC(=O)/C(C)=N/Nc1ccc(Br)cc1C,,,,"MolVec 0.9.8 (git b412dd0, Maven Central)",0.08857885003089905
uspto,US07314883-20080101-C00419,CCOC(=O)c1cc2cc(Br)cc(C)c2[nH]1,,,,"MolVec 0.9.8 (git b412dd0, Maven Central)",0.10010305792093277
uspto,US07314883-20080101-C00420,Cc1cc(Br)cc2cc[nH]c12,,,,"MolVec 0.9.8 (git b412dd0, Maven Central)",0.0861845389008522
uspto,US07314883-20080101-C00421,Cc1cc(Br)cc2c(C=O)c[nH]c12,,,,"MolVec 0.9.8 (git b412dd0, Maven Central)",0.054356466978788376
uspto,US07314883-20080101-C00422,Cc1cc(Br)cc2c(C#N)c[nH]c12,,,,"MolVec 0.9.8 (git b412dd0, Maven Central)",0.07119712233543396
uspto,US07314883-20080101-C00423,Cc1cc(C=O)cc2c(C#N)c[nH]c12,,,,"MolVec 0.9.8 (git b412dd0, Maven Central)",0.060998620465397835
uspto,US07314883-20080101-C00424,COC(=O)/C(=C/c1cc(C)c2[nH]cc(C#N)c2c1)NC(=O)OCc1ccccc1,,,,"MolVec 0.9.8 (git b412dd0, Maven Central)",0.14958538860082626
uspto,US07314883-20080101-C00425,COC(=O)C(N)Cc1cc(C)c2[nH]cc(C#N)c2c1,,,,"MolVec 0.9.8 (git b412dd0, Maven Central)",0.15526201203465462
uspto,US07314883-20080101-C00426,Cc1cc(CC(NC(=O)N2CCC(N3Cc4ccccc4NC3=O)CC2)C(=O)N2CCC(N3CCCCC3)CC2)cc2c(C#N)c[nH]c12,,,,"MolVec 0.9.8 (git b412dd0, Maven Central)",0.26889471150934696
uspto,US07314883-20080101-C00427,Cc1cc(Br)cc(C(C)C)c1N,,,,"MolVec 0.9.8 (git b412dd0, Maven Central)",0.049151450395584106
uspto,US07314883-20080101-C00428,Cc1cc(Br)cc(C(C)C)c1/N=N/SC(C)(C)C,,,,"MolVec 0.9.8 (git b412dd0, Maven Central)",0.09415562823414803
uspto,US07314883-20080101-C00429,CC(C)c1cc(Br)cc2cn[nH]c12,,,,"MolVec 0.9.8 (git b412dd0, Maven Central)",0.05265594646334648
uspto,US07314883-20080101-C00430,CC(C)c1cc(C=O)cc2cn[nH]c12,,,,"MolVec 0.9.8 (git b412dd0, Maven Central)",0.05764785408973694
uspto,US07314883-20080101-C00431,COC(=O)/C(=C/c1cc(C(C)C)c2[nH]ncc2c1)NC(=O)OCc1ccccc1,,,,"MolVec 0.9.8 (git b412dd0, Maven Central)",0.14525138773024082
uspto,US07314883-20080101-C00432,COC(=O)C(N)Cc1cc(C(C)C)c2[nH]ncc2c1,,,,"MolVec 0.9.8 (git b412dd0, Maven Central)",0.07859724387526512
uspto,US07314883-20080101-C00433,COC(=O)C(Cc1cc(C(C)C)c2[nH]ncc2c1)NC(=O)N1CCC(N2Cc3ccccc3NC2=O)CC1,,,,"MolVec 0.9.8 (git b412dd0, Maven Central)",0.19912620075047016
uspto,US07314883-20080101-C00434,CC(C)c1cc(CC(NC(=O)N2CCC(N3Cc4ccccc4NC3=O)CC2)C(=O)N2CCC(N3CCCCC3)CC2)cc2cn[nH]c12,,,,"MolVec 0.9.8 (git b412dd0, Maven Central)",0.2902760151773691
uspto,US07314883-20080101-C00435,CCc1cc(Br)cc(CC)c1/N=N/SC(C)(C)C,,,,"MolVec 0.9.8 (git b412dd0, Maven Central)",0.07876321114599705
uspto,US07314883-20080101-C00436,CCc1cc(Br)cc2c(C)n[nH]c12,,,,"MolVec 0.9.8 (git b412dd0, Maven Central)",0.16096536815166473
uspto,US07314883-20080101-C00437,CCc1cc(C=O)cc2c(C)n[nH]c12,,,,"MolVec 0.9.8 (git b412dd0, Maven Central)",0.1007680892944336
uspto,US07314883-20080101-C00438,CCc1cc(/C=C(\NC(=O)OCc2ccccc2)C(=O)OC)cc2c(C)n[nH]c12,,,,"MolVec 0.9.8 (git b412dd0, Maven Central)",0.15677019767463207
uspto,US07314883-20080101-C00439,CCc1cc(CC(N)C(=O)OC)cc2c(C)n[nH]c12,,,,"MolVec 0.9.8 (git b412dd0, Maven Central)",0.1588771641254425
uspto,US07314883-20080101-C00440,CCc1cc(CC(NC(=O)N2CCC(N3Cc4ccccc4NC3=O)CC2)C(=O)N2CCC(N3CCCCC3)CC2)cc2c(C)n[nH]c12,,,,"MolVec 0.9.8 (git b412dd0, Maven Central)",0.2894777078181505
uspto,US07314883-20080101-C00441,Cc1cc(CC(NC(=O)N2CCC(N3Cc4ccccc4NS3(=O)=O)CC2)C(=O)N2CCC(N3CCCCC3)CC2)cc2cn[nH]c12,,,,"MolVec 0.9.8 (git b412dd0, Maven Central)",0.26611621864140034
uspto,US07314883-20080101-C00442,CCc1cc(CC(NC(=O)N2CCC(N3Cc4ccccc4NS3(=O)=O)CC2)C(=O)N2CCC(N3CCCCC3)CC2)cc2c(C)n[nH]c12,,,,"MolVec 0.9.8 (git b412dd0, Maven Central)",0.2846996393054724
uspto,US07314883-20080101-C00443,COC(=O)C(Cc1cc(C)c2[nH]ncc2c1)NC(=O)N1CCC(N2Cc3cc(C#N)ccc3NC2=O)CC1,,,,"MolVec 0.9.8 (git b412dd0, Maven Central)",0.25589647702872753
uspto,US07314883-20080101-C00444,Cc1cc(CC(NC(=O)N2CCC(N3Cc4cc(C#N)ccc4NC3=O)CC2)C(=O)N2CCC(N3CCCCC3)CC2)cc2cn[nH]c12,,,,"MolVec 0.9.8 (git b412dd0, Maven Central)",0.3061476331204176
uspto,US07314883-20080101-C00445,Cc1cc(CC(NC(=O)N2CCC(N3CCc4ccccc4NC3=O)CC2)C(=O)N2CCC(N3CCCCC3)CC2)cc2cn[nH]c12,,,,"MolVec 0.9.8 (git b412dd0, Maven Central)",0.36575175635516644
uspto,US07314883-20080101-C00446,Cc1cc(CC(NC(=O)N2CCC(N3Cc4cc(O)ccc4NC3=O)CC2)C(=O)N2CCC(N3CCCCC3)CC2)cc2cn[nH]c12,,,,"MolVec 0.9.8 (git b412dd0, Maven Central)",0.32635332085192204
uspto,US07314883-20080101-C00447,COc1cccc2c1NC(=O)N(C1CCN(C(=O)NC(Cc3cc(C)c4[nH]ncc4c3)C(=O)N3CCC(N4CCCCC4)CC3)CC1)C2,,,,"MolVec 0.9.8 (git b412dd0, Maven Central)",0.3319242484867573
uspto,US07314883-20080101-C00448,Cc1cc(CC(NC(=O)N2CCC(N3Cc4cccc(Cl)c4NC3=O)CC2)C(=O)N2CCC(N3CCCCC3)CC2)cc2cn[nH]c12,,,,"MolVec 0.9.8 (git b412dd0, Maven Central)",0.25619326159358025
uspto,US07314883-20080101-C00449,CCc1cc(CC(NC(=O)N2CCC34c5ccccc5NC(=O)N3C4C2)C(=O)N2CCC(N3CCCCC3)CC2)cc2c(C)n[nH]c12,,,,"MolVec 0.9.8 (git b412dd0, Maven Central)",0.2805896569043398
uspto,US07314883-20080101-C00450,CCc1cc(CC(NC(=O)N2CCC3(CC2)OC(=O)Nc2ccccc23)C(=O)N2CCC(N3CCCCC3)CC2)cc2c(C)n[nH]c12,,,,"MolVec 0.9.8 (git b412dd0, Maven Central)",0.2758813966065645
uspto,US07314883-20080101-C00451,CC(C)(C)OC(=O)Nc1ccccc1F,,,,"MolVec 0.9.8 (git b412dd0, Maven Central)",0.149377616122365
uspto,US07314883-20080101-C00452,CC(C)(C)OC(=O)Nc1c(F)cccc1C(=O)O,,,,"MolVec 0.9.8 (git b412dd0, Maven Central)",0.06846697442233562
uspto,US07314883-20080101-C00453,CC(C)(C)OC(=O)Nc1c(F)cccc1C(=O)NC1CCN(Cc2ccccc2)CC1,,,,"MolVec 0.9.8 (git b412dd0, Maven Central)",0.09912660345435143
uspto,US07314883-20080101-C00454,Nc1c(F)cccc1C(=O)NC1CCN(Cc2ccccc2)CC1,,,,"MolVec 0.9.8 (git b412dd0, Maven Central)",0.09412793256342411
uspto,US07314883-20080101-C00455,Nc1c(F)cccc1CNC1CCN(Cc2ccccc2)CC1,,,,"MolVec 0.9.8 (git b412dd0, Maven Central)",0.08096723817288876
uspto,US07314883-20080101-C00456,O=C1Nc2c(F)cccc2CN1C1CCN(Cc2ccccc2)CC1,,,,"MolVec 0.9.8 (git b412dd0, Maven Central)",0.10112982429563999
uspto,US07314883-20080101-C00457,O=C1Nc2c(F)cccc2CN1C1CCNCC1,,,,"MolVec 0.9.8 (git b412dd0, Maven Central)",0.13133353553712368
uspto,US07314883-20080101-C00458,O=c1[nH]c2c(F)cccc2c(=O)n1C1CCN(Cc2ccccc2)CC1,,,,"MolVec 0.9.8 (git b412dd0, Maven Central)",0.09016432613134384
uspto,US07314883-20080101-C00459,O=c1[nH]c2c(F)cccc2c(=O)n1C1CCNCC1,,,,"MolVec 0.9.8 (git b412dd0, Maven Central)",0.10870406404137611
uspto,US07314883-20080101-C00460,O=C1Nc2c(F)cccc2C23CCN(Cc4ccccc4)CC2N13,,,,"MolVec 0.9.8 (git b412dd0, Maven Central)",0.08557577058672905
uspto,US07314883-20080101-C00461,O=C1Nc2c(F)cccc2C2(CCNCC2)N1,,,,"MolVec 0.9.8 (git b412dd0, Maven Central)",0.06913638673722744
uspto,US07314883-20080101-C00462,CCc1cc(CC(NC(=O)N2CCC(N3Cc4ccccc4NC3=O)CC2)C(=O)N2CCc3[nH]ncc3C2)cc2cn[nH]c12,,,,"MolVec 0.9.8 (git b412dd0, Maven Central)",0.2730183582752943
uspto,US07314883-20080101-C00463,CCc1cc(CC(NC(=O)N2CCC(N3Cc4ccccc4NC3=O)CC2)C(=O)N2Cc3cn[nH]c3C(C)(C)C2)cc2cn[nH]c12,,,,"MolVec 0.9.8 (git b412dd0, Maven Central)",0.31436612829566
uspto,US07314883-20080101-C00464,COC(=O)C(Cc1cc(C)c2[nH]ncc2c1)NC(=O)N1CCC(N2Cc3cccc(F)c3NC2=O)CC1,,,,"MolVec 0.9.8 (git b412dd0, Maven Central)",0.21157989278435707
uspto,US07314883-20080101-C00465,Cc1cc(CC(NC(=O)N2CCC(N3Cc4cccc(F)c4NC3=O)CC2)C(=O)N2CCC(N3CCCCC3)CC2)cc2cn[nH]c12,,,,"MolVec 0.9.8 (git b412dd0, Maven Central)",0.275639483705163
uspto,US07314883-20080101-C00466,Cc1cc(CC(NC(=O)N2CCC(N3Cc4cccc(F)c4NC3=O)CC2)C(=O)N2CCN(c3ccccc3)CC2)cc2cn[nH]c12,,,,"MolVec 0.9.8 (git b412dd0, Maven Central)",0.3144162595272064
uspto,US07314883-20080101-C00467,Cc1cc(CC(NC(=O)N2CCC(N3Cc4cccc(F)c4NC3=O)CC2)C(=O)N2CCN(c3ccc(F)cc3)CC2)cc2cn[nH]c12,,,,"MolVec 0.9.8 (git b412dd0, Maven Central)",0.46073832362890244
uspto,US07314883-20080101-C00468,Cc1cc(CC(NC(=O)N2CCC(N3Cc4cccc(F)c4NC3=O)CC2)C(=O)N2CCN(c3ccccc3F)CC2)cc2cn[nH]c12,,,,"MolVec 0.9.8 (git b412dd0, Maven Central)",0.3241462241858244
uspto,US07314883-20080101-C00469,Cc1ccccc1N1CCN(C(=O)C(Cc2cc(C)c3[nH]ncc3c2)NC(=O)N2CCC(N3Cc4cccc(F)c4NC3=O)CC2)CC1,,,,"MolVec 0.9.8 (git b412dd0, Maven Central)",0.27547260373830795
uspto,US07314883-20080101-C00470,CCc1cc(CC(NC(=O)N2CCC(N3Cc4cccc(F)c4NC3=O)CC2)C(=O)OC)cc2c(C)n[nH]c12,,,,"MolVec 0.9.8 (git b412dd0, Maven Central)",0.23799914307892323
uspto,US07314883-20080101-C00471,CCc1cc(CC(NC(=O)N2CCC(N3Cc4cccc(F)c4NC3=O)CC2)C(=O)N2CCC(N3CCCCC3)CC2)cc2c(C)n[nH]c12,,,,"MolVec 0.9.8 (git b412dd0, Maven Central)",0.31069174967706203
uspto,US07314883-20080101-C00472,O=C(N[C@H](Cc1ccc2[nH]c(=O)oc2c1)C(=O)N1CCC(N2CCCCC2)CC1)N1CCC(N2Cc3cccc(F)c3NC2=O)CC1,,,,"MolVec 0.9.8 (git b412dd0, Maven Central)",0.3181614223867655
uspto,US07314883-20080101-C00473,Cc1cc(CC(NC(=O)N2CCNC(=O)Nc3c(F)cccc3CC2)C(=O)N2CCC(N3CCCCC3)CC2)cc2cn[nH]c12,,,,"MolVec 0.9.8 (git b412dd0, Maven Central)",0.3032680042088032
uspto,US07314883-20080101-C00474,Cc1cc(CC(NC(=O)N2CCC(n3c(=O)[nH]c4c(F)cccc4c3=O)CC2)C(=O)N2CCC(N3CCCCC3)CC2)cc2cn[nH]c12,,,,"MolVec 0.9.8 (git b412dd0, Maven Central)",0.281375914812088
uspto,US07314883-20080101-C00475,COC(=O)[C@H](N)Cc1ccc2[nH]c(C(F)(F)F)nc2c1,,,,"MolVec 0.9.8 (git b412dd0, Maven Central)",0.10085990466177464
uspto,US07314883-20080101-C00478,O=C(N[C@H](Cc1ccc2[nH]c(C(F)(F)F)nc2c1)C(=O)N1CCC(N2CCCCC2)CC1)N1CCC(N2Cc3ccccc3NC2=O)CC1,,,,"MolVec 0.9.8 (git b412dd0, Maven Central)",0.45539783127605915
uspto,US07314883-20080101-C00479,CN(C)C(=O)[C@@H](Cc1ccc2[nH]c(C(F)(F)F)nc2c1)NC(=O)N1CCC(N2Cc3ccccc3NC2=O)CC1,,,,"MolVec 0.9.8 (git b412dd0, Maven Central)",0.3200331311672926
uspto,US07314883-20080101-C00480,COC(=O)[C@@H](Cc1ccc2[nH]c(=O)[nH]c2c1)NC(=O)OCc1ccccc1,,,,"MolVec 0.9.8 (git b412dd0, Maven Central)",0.14643937721848488
uspto,US07314883-20080101-C00481,COC(=O)[C@H](N)Cc1ccc2[nH]c(=O)[nH]c2c1,,,,"MolVec 0.9.8 (git b412dd0, Maven Central)",0.09266753122210503
uspto,US07314883-20080101-C00482,COC(=O)[C@@H](Cc1ccc2[nH]c(=O)[nH]c2c1)NC(=O)N1CCC(N2Cc3ccccc3NC2=O)CC1,,,,"MolVec 0.9.8 (git b412dd0, Maven Central)",0.2922006417065859
uspto,US07314883-20080101-C00483,O=C(O)[C@@H](Cc1ccc2[nH]c(=O)[nH]c2c1)NC(=O)N1CCC(N2Cc3ccccc3NC2=O)CC1,,,,"MolVec 0.9.8 (git b412dd0, Maven Central)",0.2638130560517311
uspto,US07314883-20080101-C00484,O=C(N[C@H](Cc1ccc2[nH]c(=O)[nH]c2c1)C(=O)N1CCC(N2CCCCC2)CC1)N1CCC(N2Cc3ccccc3NC2=O)CC1,,,,"MolVec 0.9.8 (git b412dd0, Maven Central)",0.38220962323248386
uspto,US07314883-20080101-C00485,CN(C)C(=O)[C@@H](Cc1ccc2[nH]c(=O)[nH]c2c1)NC(=O)N1CCC(N2Cc3ccccc3NC2=O)CC1,,,,"MolVec 0.9.8 (git b412dd0, Maven Central)",0.2753632441163063
uspto,US07314883-20080101-C00486,COC(=O)[C@@H](Cc1ccc2[nH]c(=O)[nH]c2c1)NC(=O)N1CCC2(CC1)NC(=O)Nc1ccccc12,,,,"MolVec 0.9.8 (git b412dd0, Maven Central)",0.19915404543280602
uspto,US07314883-20080101-C00487,O=C1NCCN(C(=O)N[C@H](Cc2ccc3[nH]c(=O)[nH]c3c2)C(=O)O)CCc2ccccc2N1,,,,"MolVec 0.9.8 (git b412dd0, Maven Central)",0.21575826033949852
uspto,US07314883-20080101-C00488,O=C1Nc2ccccc2C2(CCN(C(=O)N[C@H](Cc3ccc4[nH]c(=O)[nH]c4c3)C(=O)N3CCC(N4CCCCC4)CC3)CC2)N1,,,,"MolVec 0.9.8 (git b412dd0, Maven Central)",0.377602756023407
uspto,US07314883-20080101-C00489,CC(=O)Nc1ccc(C(=O)O)cc1C,,,,"MolVec 0.9.8 (git b412dd0, Maven Central)",0.07368266768753529
uspto,US07314883-20080101-C00490,CC(=O)Nc1c(C)cc(C(=O)O)cc1[N+](=O)[O-],,,,"MolVec 0.9.8 (git b412dd0, Maven Central)",0.06728062033653259
uspto,US07314883-20080101-C00491,Cc1cc(C(=O)O)cc([N+](=O)[O-])c1N,,,,"MolVec 0.9.8 (git b412dd0, Maven Central)",0.06392347253859043
uspto,US07314883-20080101-C00492,Cc1cc(C(=O)O)cc([N+](=O)[O-])c1[N+](=O)[O-],,,,"MolVec 0.9.8 (git b412dd0, Maven Central)",0.06790642067790031
uspto,US07314883-20080101-C00493,Cc1cc(CO)cc([N+](=O)[O-])c1[N+](=O)[O-],,,,"MolVec 0.9.8 (git b412dd0, Maven Central)",0.05521378852427006
uspto,US07314883-20080101-C00494,Cc1cc(C=O)cc([N+](=O)[O-])c1[N+](=O)[O-],,,,"MolVec 0.9.8 (git b412dd0, Maven Central)",0.06876313872635365
uspto,US07314883-20080101-C00495,COC(=O)/C(=C/c1cc(C)c([N+](=O)[O-])c([N+](=O)[O-])c1)NC(=O)OCc1ccccc1,,,,"MolVec 0.9.8 (git b412dd0, Maven Central)",0.16980820894241333
uspto,US07314883-20080101-C00496,COC(=O)[C@@H](Cc1cc(C)c([N+](=O)[O-])c([N+](=O)[O-])c1)NC(=O)OCc1ccccc1,,,,"MolVec 0.9.8 (git b412dd0, Maven Central)",0.15395762585103512
uspto,US07314883-20080101-C00497,COC(=O)[C@@H](Cc1cc(C)c(N)c(N)c1)NC(=O)OCc1ccccc1,,,,"MolVec 0.9.8 (git b412dd0, Maven Central)",0.3739578854292631
uspto,US07314883-20080101-C00498,COC(=O)[C@@H](Cc1cc(C)c2[nH]nnc2c1)NC(=O)OCc1ccccc1,,,,"MolVec 0.9.8 (git b412dd0, Maven Central)",0.15007750317454338
uspto,US07314883-20080101-C00499,COC(=O)[C@H](N)Cc1cc(C)c2[nH]nnc2c1,,,,"MolVec 0.9.8 (git b412dd0, Maven Central)",0.08875659294426441
uspto,US07314883-20080101-C00500,COC(=O)[C@@H](Cc1cc(C)c2[nH]nnc2c1)NC(=O)N1CCC(N2Cc3ccccc3NC2=O)CC1,,,,"MolVec 0.9.8 (git b412dd0, Maven Central)",0.2329581193625927
uspto,US07314883-20080101-C00501,Cc1cc(C[C@@H](NC(=O)N2CCC(n3c(=O)[nH]c4ccccc4c3=O)CC2)C(=O)O)cc2nn[nH]c12,,,,"MolVec 0.9.8 (git b412dd0, Maven Central)",0.22119895555078983
uspto,US07314883-20080101-C00502,Cc1cc(C[C@@H](NC(=O)N2CCC(n3c(=O)[nH]c4ccccc4c3=O)CC2)C(=O)N2CCC(N3CCCCC3)CC2)cc2nn[nH]c12,,,,"MolVec 0.9.8 (git b412dd0, Maven Central)",0.38819510862231255
uspto,US07314883-20080101-C00503,COC(=O)[C@@H](Cc1cc(Cl)c2[nH]c(=O)oc2c1)NC(=O)OCc1ccccc1,,,,"MolVec 0.9.8 (git b412dd0, Maven Central)",0.12049450166523457
uspto,US07314883-20080101-C00504,COC(=O)[C@@H](Cc1cc2oc(=O)[nH]c2cc1Cl)NC(=O)OCc1ccccc1,,,,"MolVec 0.9.8 (git b412dd0, Maven Central)",0.10833463072776794
uspto,US07314883-20080101-C00505,COC(=O)[C@@H](Cc1cc(Br)c2[nH]c(=O)oc2c1)NC(=O)OCc1ccccc1,,,,"MolVec 0.9.8 (git b412dd0, Maven Central)",0.09970294497907162
uspto,US07314883-20080101-C00506,COC(=O)[C@@H](Cc1cc2oc(=O)[nH]c2cc1Br)NC(=O)OCc1ccccc1,,,,"MolVec 0.9.8 (git b412dd0, Maven Central)",0.07294427789747715
uspto,US07314883-20080101-C00507,COC(=O)[C@@H](Cc1cc(I)c2[nH]c(=O)oc2c1)NC(=O)OCc1ccccc1,,,,"MolVec 0.9.8 (git b412dd0, Maven Central)",0.07761916890740395
uspto,US07314883-20080101-C00508,COC(=O)[C@H](N)Cc1cc2oc(=O)[nH]c2cc1Br,,,,"MolVec 0.9.8 (git b412dd0, Maven Central)",0.07834245078265667
uspto,US07314883-20080101-C00509,COC(=O)[C@H](N)Cc1cc(Br)c2[nH]c(=O)oc2c1,,,,"MolVec 0.9.8 (git b412dd0, Maven Central)",0.07516988180577755
uspto,US07314883-20080101-C00510,COC(=O)[C@H](N)Cc1cc2oc(=O)[nH]c2cc1Cl,,,,"MolVec 0.9.8 (git b412dd0, Maven Central)",0.06842121295630932
uspto,US07314883-20080101-C00511,COC(=O)[C@H](N)Cc1cc(Cl)c2[nH]c(=O)oc2c1,,,,"MolVec 0.9.8 (git b412dd0, Maven Central)",0.07305904291570187
uspto,US07314883-20080101-C00512,COC(=O)[C@H](N)Cc1cc(I)c2[nH]c(=O)oc2c1,,,,"MolVec 0.9.8 (git b412dd0, Maven Central)",0.07480324432253838
uspto,US07314883-20080101-C00513,COC(=O)C(Cc1ccc2[nH]c(=O)oc2c1)NC(=O)N1CCC2(CC1)OC(=O)Nc1ccccc12,,,,"MolVec 0.9.8 (git b412dd0, Maven Central)",0.17241527885198593
uspto,US07314883-20080101-C00514,COC(=O)C(Cc1ccc2[nH]c(=O)oc2c1)NC(=O)N1CCC2(CC1)NC(=O)Nc1ccccc12,,,,"MolVec 0.9.8 (git b412dd0, Maven Central)",0.17457285709679127
uspto,US07314883-20080101-C00520,C[C@@](Cc1ccc2[nH]c(=O)oc2c1)(NC(=O)N1CCC2(CC1)OC(=O)Nc1ccccc12)C(=O)O,,,,"MolVec 0.9.8 (git b412dd0, Maven Central)",0.1762990728020668
uspto,US07314883-20080101-C00521,C[C@@](Cc1ccc2[nH]c(=O)oc2c1)(NC(=O)N1CCC2(CC1)NC(=O)Nc1ccccc12)C(=O)O,,,,"MolVec 0.9.8 (git b412dd0, Maven Central)",0.1726227756589651
uspto,US07314883-20080101-C00529,O=C1Nc2ccccc2C2(CCN(C(=O)N[C@H](Cc3ccc4[nH]c(=O)oc4c3)C(=O)N3CCC(N4CCCCC4)CC3)CC2)O1,,,,"MolVec 0.9.8 (git b412dd0, Maven Central)",0.2867771331220865
uspto,US07314883-20080101-C00530,O=C1Nc2ccccc2C2(CCN(C(=O)N[C@H](Cc3ccc4[nH]c(=O)oc4c3)C(=O)N3CCN(C4CCCCC4)CC3)CC2)O1,,,,"MolVec 0.9.8 (git b412dd0, Maven Central)",0.2902855072170496
uspto,US07314883-20080101-C00531,CC(C)N1CCN(C(=O)[C@@H](Cc2ccc3[nH]c(=O)oc3c2)NC(=O)N2CCC3(CC2)OC(=O)Nc2ccccc23)CC1,,,,"MolVec 0.9.8 (git b412dd0, Maven Central)",0.2767957504838705
uspto,US07314883-20080101-C00532,O=C1Nc2ccccc2C2(CCN(C(=O)N[C@H](Cc3ccc4[nH]c(=O)oc4c3)C(=O)N3CCC(N4CCCCC4)CC3)CC2)N1,,,,"MolVec 0.9.8 (git b412dd0, Maven Central)",0.2858655881136656
uspto,US07314883-20080101-C00533,O=C1Nc2ccccc2C2(CCN(C(=O)N[C@H](Cc3ccc4[nH]c(=O)oc4c3)C(=O)N3CCN(C4CCCCC4)CC3)CC2)N1,,,,"MolVec 0.9.8 (git b412dd0, Maven Central)",0.3035782855004072
uspto,US07314883-20080101-C00534,CC(C)N1CCN(C(=O)[C@@H](Cc2ccc3[nH]c(=O)oc3c2)NC(=O)N2CCC3(CC2)NC(=O)Nc2ccccc23)CC1,,,,"MolVec 0.9.8 (git b412dd0, Maven Central)",0.2711025718599558
uspto,US07314883-20080101-C00540,Cc1cc(CC(CC(=O)N2CCC3(CC2)OC(=O)Nc2ccccc23)C(=O)N[C@H](CO)Cc2ccccc2)cc2cn[nH]c12,,,,"MolVec 0.9.8 (git b412dd0, Maven Central)",0.31009674072265625
uspto,US07314883-20080101-C00541,Cc1cc(CC(CC(=O)N2CCC(N3Cc4ccccc4NC3=O)CC2)C(=O)N[C@H](CO)Cc2ccccc2)cc2cn[nH]c12,,,,"MolVec 0.9.8 (git b412dd0, Maven Central)",0.26339653320610523
uspto,US07314883-20080101-C00542,Cc1cc(CC(CC(=O)N2CCC(N3Cc4ccccc4NC3=O)CC2)C(=O)NNC(=O)Cc2ccccc2)cc2cn[nH]c12,,,,"MolVec 0.9.8 (git b412dd0, Maven Central)",0.29982858151197433
uspto,US07314883-20080101-C00543,Cc1cc(CC(CC(=O)N2CCC(N3Cc4cccc(F)c4NC3=O)CC2)C(=O)N2CCC(N3CCCCC3)CC2)cc2cn[nH]c12,,,,"MolVec 0.9.8 (git b412dd0, Maven Central)",0.29267410933971405
uspto,US07314883-20080101-C00544,Cc1cc(CC(CC(=O)N2CCC3(CC2)NC(=O)Nc2ccccc23)C(=O)N2CCC(N3CCCCC3)CC2)cc2cn[nH]c12,,,,"MolVec 0.9.8 (git b412dd0, Maven Central)",0.27682157047092915
uspto,US07314883-20080101-C00545,O=Cc1ccc2[nH]c(=O)oc2c1,,,,"MolVec 0.9.8 (git b412dd0, Maven Central)",0.050496071577072144
uspto,US07314883-20080101-C00546,COC(=O)C/C(=C\c1ccc2[nH]c(=O)oc2c1)C(=O)O,,,,"MolVec 0.9.8 (git b412dd0, Maven Central)",0.1101322416216135
uspto,US07314883-20080101-C00547,COC(=O)CC(Cc1ccc2[nH]c(=O)oc2c1)C(=O)O,,,,"MolVec 0.9.8 (git b412dd0, Maven Central)",0.08196057565510273
uspto,US07314883-20080101-C00548,COC(=O)C(CC(=O)N1CCC(N2Cc3ccccc3NC2=O)CC1)Cc1ccc2[nH]c(=O)oc2c1,,,,"MolVec 0.9.8 (git b412dd0, Maven Central)",0.20427465066313744
uspto,US07314883-20080101-C00549,COC(=O)C(CC(=O)N1CCC2(CC1)NC(=O)Nc1ccccc12)Cc1ccc2[nH]c(=O)oc2c1,,,,"MolVec 0.9.8 (git b412dd0, Maven Central)",0.2015566248446703
uspto,US07314883-20080101-C00550,O=C1Nc2ccccc2C2(CCN(C(=O)CC(Cc3ccc4[nH]c(=O)oc4c3)C(=O)O)CC2)N1,,,,"MolVec 0.9.8 (git b412dd0, Maven Central)",0.19701895862817764
uspto,US07314883-20080101-C00551,O=C(O)C(CC(=O)N1CCC(N2Cc3ccccc3NC2=O)CC1)Cc1ccc2[nH]c(=O)oc2c1,,,,"MolVec 0.9.8 (git b412dd0, Maven Central)",0.17768470384180546
uspto,US07314883-20080101-C00552,O=C(CC(Cc1ccc2[nH]c(=O)oc2c1)C(=O)N1CCN(C2CCCCC2)CC1)N1CCC(N2Cc3ccccc3NC2=O)CC1,,,,"MolVec 0.9.8 (git b412dd0, Maven Central)",0.27614788338541985
uspto,US07314883-20080101-C00553,O=C(CC(Cc1ccc2[nH]c(=O)oc2c1)C(=O)N1CCC(N2CCCCC2)CC1)N1CCC(N2Cc3ccccc3NC2=O)CC1,,,,"MolVec 0.9.8 (git b412dd0, Maven Central)",0.28293476067483425
uspto,US07314883-20080101-C00554,O=C1Nc2ccccc2C2(CCN(C(=O)CC(Cc3ccc4[nH]c(=O)oc4c3)C(=O)N3CCC(N4CCCCC4)CC3)CC2)N1,,,,"MolVec 0.9.8 (git b412dd0, Maven Central)",0.28701441176235676
uspto,US07314883-20080101-C00555,O=C1Nc2ccccc2C2(CCN(C(=O)CC(Cc3ccc4[nH]c(=O)oc4c3)C(=O)N3CCN(C4CCCCC4)CC3)CC2)N1,,,,"MolVec 0.9.8 (git b412dd0, Maven Central)",0.4028800502419472
uspto,US07314883-20080101-C00556,Cc1cc(CC(NC(=O)N2CCC(N3Cc4ccccc4NC3=O)CC2)C(=O)N2CCN(C3CCCCC3)CC2)cc2cn[nH]c12,,,,"MolVec 0.9.8 (git b412dd0, Maven Central)",0.2542618978768587
uspto,US07314883-20080101-C00557,Cc1cc(CC(NC(=O)N2CCC(N3Cc4ccccc4NC3=O)CC2)C(=O)N2CCN(C3CCC(F)CC3)CC2)cc2cn[nH]c12,,,,"MolVec 0.9.8 (git b412dd0, Maven Central)",0.24884061329066753
uspto,US07314883-20080101-C00558,Cc1cc(CC(NC(=O)N2CCC(N3Cc4ccccc4NC3=O)CC2)C(=O)OC(C)(C)C)cc2cn[nH]c12,,,,"MolVec 0.9.8 (git b412dd0, Maven Central)",0.17159448005259037
uspto,US07314883-20080101-C00559,Cc1cc(CC(NC(=O)N2CCC(N3Cc4ccccc4NC3=O)CC2)C(=O)OC2(C)CCCCC2)cc2cn[nH]c12,,,,"MolVec 0.9.8 (git b412dd0, Maven Central)",0.19051140174269676
uspto,US07314883-20080101-C00560,Cc1cc(CC(NC(=O)N2CCC(N3Cc4ccccc4NC3=O)CC2)C(=O)OC2CN3CCC2CC3)cc2cn[nH]c12,,,,"MolVec 0.9.8 (git b412dd0, Maven Central)",0.24636082723736763
uspto,US07314883-20080101-C00561,Cc1cc(CC(NC(=O)N2CCC(N3Cc4ccccc4NC3=O)CC2)C(=O)OC2CCNCC2)cc2cn[nH]c12,,,,"MolVec 0.9.8 (git b412dd0, Maven Central)",0.2021656073629856
uspto,US07314883-20080101-C00562,Cc1cc(CC(NC(=O)N2CCC(N3Cc4ccccc4NC3=O)CC2)C(=O)OC2CCN(C(=O)OC(C)(C)C)CC2)cc2cn[nH]c12,,,,"MolVec 0.9.8 (git b412dd0, Maven Central)",0.1931063998490572
uspto,US07314883-20080101-C00563,Cc1cc(CC(NC(=O)N2CCC(N3Cc4ccccc4NC3=O)CC2)C(=O)OC2CCN(c3ccncc3)CC2)cc2cn[nH]c12,,,,"MolVec 0.9.8 (git b412dd0, Maven Central)",0.26006255112588406
uspto,US07314883-20080101-C00564,CCN(CC)CC(C)OC(=O)C(Cc1cc(C)c2[nH]ncc2c1)NC(=O)N1CCC(N2Cc3ccccc3NC2=O)CC1,,,,"MolVec 0.9.8 (git b412dd0, Maven Central)",0.18867259100079536
uspto,US07314883-20080101-C00565,Cc1cc(CC(NC(=O)N2CCC(N3Cc4ccccc4NC3=O)CC2)C(=O)OC(C)(C)Cc2ccccc2)cc2cn[nH]c12,,,,"MolVec 0.9.8 (git b412dd0, Maven Central)",0.26538246870040894
uspto,US07314883-20080101-C00566,Cc1cc(CC(NC(=O)N2CCC(N3Cc4ccccc4NC3=O)CC2)C(=O)OC(C)(C)CCc2ccccc2)cc2cn[nH]c12,,,,"MolVec 0.9.8 (git b412dd0, Maven Central)",0.22005588002502918
uspto,US07314883-20080101-C00567,CCOC(=O)[C@H](Cc1cc(C)c2[nH]ncc2c1)NC(=O)N1CCC(N2Cc3ccccc3NC2=O)CC1,,,,"MolVec 0.9.8 (git b412dd0, Maven Central)",0.18121811002492905
uspto,US07314883-20080101-C00568,Cc1cc(CC(NC(=O)N2CCC3(CC2)NC(=O)Nc2ccccc23)C(=O)NCc2ccncc2)cc2cn[nH]c12,,,,"MolVec 0.9.8 (git b412dd0, Maven Central)",0.22784214466810226
uspto,US07314883-20080101-C00569,Cc1cc(CC(NC(=O)N2CCC3(CC2)NC(=O)Nc2ccccc23)C(=O)N2CCN(c3ccncc3)CC2)cc2cn[nH]c12,,,,"MolVec 0.9.8 (git b412dd0, Maven Central)",0.27764542400836945
uspto,US07314883-20080101-C00570,CCN(CCN(C)C)C(=O)C(Cc1cc(C)c2[nH]ncc2c1)NC(=O)N1CCC2(CC1)NC(=O)Nc1ccccc12,,,,"MolVec 0.9.8 (git b412dd0, Maven Central)",0.20983567833900452
uspto,US07314883-20080101-C00572,Cc1cc(CC(NC(=O)N2CCC3(CC2)OC(=O)Nc2ccccc23)C(=O)N2CCN(c3ccccn3)CC2)cc2cn[nH]c12,,,,"MolVec 0.9.8 (git b412dd0, Maven Central)",0.26985761150717735
uspto,US07314883-20080101-C00573,Cc1cc(C[C@@H](NC(=O)N2CCC(N3Cc4ccccc4NC3=O)CC2)C(=O)N2CCC(N3CCCCC3)CC2)cc2cn[nH]c12,,,,"MolVec 0.9.8 (git b412dd0, Maven Central)",0.25183470360934734
uspto,US07314883-20080101-C00574,Cc1cc(C[C@@H](NC(=O)N2CCC3(CC2)NC(=O)Nc2ccccc23)C(=O)N2CCC(N3CCCCC3)CC2)cc2cn[nH]c12,,,,"MolVec 0.9.8 (git b412dd0, Maven Central)",0.2749273404479027
uspto,US07314883-20080101-C00575,O=C(NC(Cc1cc(Br)c2[nH]ncc2c1)C(=O)N1CCC(N2CCCCC2)CC1)N1CCC(N2Cc3ccccc3NC2=O)CC1,,,,"MolVec 0.9.8 (git b412dd0, Maven Central)",0.26686510629951954
uspto,US07314883-20080101-C00576,O=C(NC(Cc1ccc2[nH]c(=O)oc2c1)C(=O)N1CCN(c2ccncc2)CC1)N1CCC(N2Cc3ccccc3NC2=O)CC1,,,,"MolVec 0.9.8 (git b412dd0, Maven Central)",0.2699526771903038
uspto,US07314883-20080101-C00577,O=C(NC(Cc1ccc2[nH]c(=O)oc2c1)C(=O)N1CCCCC1)N1CCC(N2Cc3ccccc3NC2=O)CC1,,,,"MolVec 0.9.8 (git b412dd0, Maven Central)",0.22434210032224655
uspto,US07314883-20080101-C00578,CN1CCN(C(=O)C(Cc2ccc3[nH]c(=O)oc3c2)NC(=O)N2CCC(N3Cc4ccccc4NC3=O)CC2)CC1,,,,"MolVec 0.9.8 (git b412dd0, Maven Central)",0.2302801813930273
uspto,US07314883-20080101-C00579,Cc1cc(CC(NC(=O)N2CCC(N3Cc4ccccc4NC3=O)CC2)C(=O)N2CCC(N3CCCCC3)CC2)cc2oc(=O)[nH]c12,,,,"MolVec 0.9.8 (git b412dd0, Maven Central)",0.2714062053710222
uspto,US07314883-20080101-C00580,Cc1cc(CC(NC(=O)N2CCC(N3Cc4ccccc4NC3=O)CC2)C(=O)N2CCCCC2)cc2oc(=O)[nH]c12,,,,"MolVec 0.9.8 (git b412dd0, Maven Central)",0.27457465045154095
uspto,US07314883-20080101-C00581,O=C(NC(Cc1cc(Cl)c2[nH]c(=O)oc2c1)C(=O)N1CCCCC1)N1CCC(N2Cc3ccccc3NC2=O)CC1,,,,"MolVec 0.9.8 (git b412dd0, Maven Central)",0.22030294314026833
uspto,US07314883-20080101-C00582,Cc1cc(CC(NC(=O)N2CCC(N3Cc4ccccc4NC3=O)CC2)C(=O)N(C)C)cc2oc(=O)[nH]c12,,,,"MolVec 0.9.8 (git b412dd0, Maven Central)",0.22471960447728634
uspto,US07314883-20080101-C00583,CN(C)C(=O)C(Cc1cc(Cl)c2[nH]c(=O)oc2c1)NC(=O)N1CCC(N2Cc3ccccc3NC2=O)CC1,,,,"MolVec 0.9.8 (git b412dd0, Maven Central)",0.23355000466108322
uspto,US07314883-20080101-C00584,Cc1cc(CC(NC(=O)N2CCC(N3Cc4ccccc4NC3=O)CC2)C(=O)N2CCN(c3ccncc3)CC2)cc2oc(=O)[nH]c12,,,,"MolVec 0.9.8 (git b412dd0, Maven Central)",0.2850539181381464
uspto,US07314883-20080101-C00585,O=C(NC(Cc1cc(Cl)c2[nH]c(=O)oc2c1)C(=O)N1CCN(c2ccncc2)CC1)N1CCC(N2Cc3ccccc3NC2=O)CC1,,,,"MolVec 0.9.8 (git b412dd0, Maven Central)",0.27368173748254776
uspto,US07314883-20080101-C00586,CCc1cc(CC(NC(=O)N2CCC(N3Cc4ccccc4NC3=O)CC2)C(=O)N2CCC(N3CCCCC3)CC2)cc2oc(=O)[nH]c12,,,,"MolVec 0.9.8 (git b412dd0, Maven Central)",0.30120945163071156
uspto,US07314883-20080101-C00587,Cc1cc(CC(NC(=O)N2CCC(N3Cc4ccccc4NC3=O)CC2)C(=O)N2CCC(N3CCCCC3)CC2)cc2[nH]c(=O)[nH]c12,,,,"MolVec 0.9.8 (git b412dd0, Maven Central)",0.26298570819199085
uspto,US07314883-20080101-C00588,O=C(NC(Cc1cc(Cl)c2[nH]c(=O)[nH]c2c1)C(=O)N1CCC(N2CCCCC2)CC1)N1CCC(N2Cc3ccccc3NC2=O)CC1,,,,"MolVec 0.9.8 (git b412dd0, Maven Central)",0.282159885391593
uspto,US07314883-20080101-C00589,CCc1cc(CC(NC(=O)N2CCC(N3Cc4ccccc4NC3=O)CC2)C(=O)N2CCC(N3CCCCC3)CC2)cc2[nH]c(=O)[nH]c12,,,,"MolVec 0.9.8 (git b412dd0, Maven Central)",0.3167319055646658
uspto,US07314883-20080101-C00590,Cn1c(=O)[nH]c2ccc(CC(NC(=O)N3CCC(N4Cc5ccccc5NC4=O)CC3)C(=O)N3CCC(N4CCCCC4)CC3)cc21,,,,"MolVec 0.9.8 (git b412dd0, Maven Central)",0.33889043889939785
uspto,US07314883-20080101-C00591,Cc1cc(CC(NC(=O)N2CCC(N3Cc4ccccc4NC3=O)CC2)C(=O)N2CCC(N3CCCCC3)CC2)cc2c1[nH]c(=O)n2C,,,,"MolVec 0.9.8 (git b412dd0, Maven Central)",0.2686228062957525
uspto,US07314883-20080101-C00592,Cn1c(=O)[nH]c2c(Cl)cc(CC(NC(=O)N3CCC(N4Cc5ccccc5NC4=O)CC3)C(=O)N3CCC(N4CCCCC4)CC3)cc21,,,,"MolVec 0.9.8 (git b412dd0, Maven Central)",0.30349777080118656
uspto,US07314883-20080101-C00593,CCc1cc(CC(NC(=O)N2CCC(N3Cc4ccccc4NC3=O)CC2)C(=O)N2CCC(N3CCCCC3)CC2)cc2c1[nH]c(=O)n2C,,,,"MolVec 0.9.8 (git b412dd0, Maven Central)",0.2732602395117283
uspto,US07314885-20080101-C00014,CN(C)C(=O)c1cc(-c2cnoc2-c2cccc(F)c2F)c[nH]1,,,,"MolVec 0.9.8 (git b412dd0, Maven Central)",0.2101834248751402
uspto,US07314885-20080101-C00015,O=C(c1cc(-c2cnoc2-c2cccc(F)c2F)c[nH]1)N1CCC1,,,,"MolVec 0.9.8 (git b412dd0, Maven Central)",0.2395230494439602
uspto,US07314885-20080101-C00016,O=C(NCCCn1ccnc1)c1cc(-c2cnoc2-c2cccc(F)c2F)c[nH]1,,,,"MolVec 0.9.8 (git b412dd0, Maven Central)",0.27746543288230896
uspto,US07314885-20080101-C00017,O=C(NC[C@@H]1CCCO1)c1cc(-c2cnoc2-c2cccc(F)c2F)c[nH]1,,,,"MolVec 0.9.8 (git b412dd0, Maven Central)",0.23252634331583977
uspto,US07314885-20080101-C00018,NC(=O)c1cc(-c2conc2-c2cccc(F)c2F)c[nH]1,,,,"MolVec 0.9.8 (git b412dd0, Maven Central)",0.12539741024374962
uspto,US07314885-20080101-C00019,O=C(c1cc(-c2conc2-c2cccc(F)c2F)c[nH]1)N1CCCC1,,,,"MolVec 0.9.8 (git b412dd0, Maven Central)",0.13904858753085136
uspto,US07314885-20080101-C00020,O=C(NCCCn1ccnc1)c1cc(-c2conc2-c2cccc(F)c2F)c[nH]1,,,,"MolVec 0.9.8 (git b412dd0, Maven Central)",0.19743345864117146
uspto,US07314885-20080101-C00021,O=C(NCC1CCCC1)c1cc(-c2conc2-c2cccc(F)c2F)c[nH]1,,,,"MolVec 0.9.8 (git b412dd0, Maven Central)",0.16967191733419895
uspto,US07314885-20080101-C00022,CCNC(=O)c1cc(-n2cncc2-c2cccc(F)c2F)c[nH]1,,,,"MolVec 0.9.8 (git b412dd0, Maven Central)",0.23443383537232876
uspto,US07314885-20080101-C00023,O=C(NC[C@@H]1CCCO1)c1cc(-n2cncc2-c2cccc(F)c2F)c[nH]1,,,,"MolVec 0.9.8 (git b412dd0, Maven Central)",0.21425607986748219
uspto,US07314885-20080101-C00024,O=C(Nc1nc2ccccc2[nH]1)c1cc(-n2cncc2-c2cccc(F)c2F)c[nH]1,,,,"MolVec 0.9.8 (git b412dd0, Maven Central)",0.25197850354015827
uspto,US07314885-20080101-C00025,O=C(NCc1nc2ccccc2[nH]1)c1cc(-n2cncc2-c2cccc(F)c2F)c[nH]1,,,,"MolVec 0.9.8 (git b412dd0, Maven Central)",0.25670227222144604
uspto,US07314885-20080101-C00026,O=C(Nc1ccccc1)c1cc(-c2cncn2-c2cccc(F)c2F)c[nH]1,,,,"MolVec 0.9.8 (git b412dd0, Maven Central)",0.17029431648552418
uspto,US07314885-20080101-C00027,O=C(c1cc(-c2cncn2-c2cccc(F)c2F)c[nH]1)N1CCCC1,,,,"MolVec 0.9.8 (git b412dd0, Maven Central)",0.15862969122827053
uspto,US07314885-20080101-C00028,O=C(NCC1CCCC1)c1cc(-c2cncn2-c2cccc(F)c2F)c[nH]1,,,,"MolVec 0.9.8 (git b412dd0, Maven Central)",0.16168120130896568
uspto,US07314885-20080101-C00029,O=C(NC[C@@H]1CCCO1)c1cc(-c2cncn2-c2cccc(F)c2F)c[nH]1,,,,"MolVec 0.9.8 (git b412dd0, Maven Central)",0.18478688225150108
uspto,US07314885-20080101-C00030,O=C(Nc1ccccc1)c1cc(-c2nncn2-c2cccc(F)c2F)c[nH]1,,,,"MolVec 0.9.8 (git b412dd0, Maven Central)",0.16264253295958042
uspto,US07314885-20080101-C00031,O=C(c1cc(-c2nncn2-c2cccc(F)c2F)c[nH]1)N1CCCC1,,,,"MolVec 0.9.8 (git b412dd0, Maven Central)",0.13617690280079842
uspto,US07314885-20080101-C00032,O=C(NCC1CCCC1)c1cc(-c2nncn2-c2cccc(F)c2F)c[nH]1,,,,"MolVec 0.9.8 (git b412dd0, Maven Central)",0.18167506530880928
uspto,US07314885-20080101-C00038,O=C(Nc1ncc[nH]1)c1cc(-n2nnnc2-c2cccc(F)c2F)c[nH]1,,,,"MolVec 0.9.8 (git b412dd0, Maven Central)",0.19735459797084332
uspto,US07314885-20080101-C00039,O=C(c1cc(-n2nnnc2-c2ccc(F)c(F)c2F)c[nH]1)N1CCCC1,,,,"MolVec 0.9.8 (git b412dd0, Maven Central)",0.1577052641659975
uspto,US07314885-20080101-C00040,O=C(NCC1CCCC1)c1cc(-n2nnnc2-c2c(F)cccc2Cl)c[nH]1,,,,"MolVec 0.9.8 (git b412dd0, Maven Central)",0.15251295641064644
uspto,US07314885-20080101-C00041,O=C(NCC1CCCO1)c1cc(-n2nnnc2-c2ccccc2F)c[nH]1,,,,"MolVec 0.9.8 (git b412dd0, Maven Central)",0.14806494861841202
uspto,US07314885-20080101-C00042,O=C1N=NC(c2c[nH]c(C(=O)Nc3ncc[nH]3)c2)=C1c1cccc(F)c1F,,,,"MolVec 0.9.8 (git b412dd0, Maven Central)",0.21662595868110657
uspto,US07314885-20080101-C00043,O=C1N=NC(c2c[nH]c(C(=O)N3CCCC3)c2)=C1c1cccc(Cl)c1Cl,,,,"MolVec 0.9.8 (git b412dd0, Maven Central)",0.15264453925192356
uspto,US07314885-20080101-C00044,O=C1N=NC(c2c[nH]c(C(=O)NCC3CCCC3)c2)=C1c1cccc(F)c1Cl,,,,"MolVec 0.9.8 (git b412dd0, Maven Central)",0.18108438700437546
uspto,US07314885-20080101-C00045,O=C1N=NC(c2c[nH]c(C(=O)NCC3CCCO3)c2)=C1c1cccc(F)c1Cl,,,,"MolVec 0.9.8 (git b412dd0, Maven Central)",0.16554743237793446
uspto,US07314885-20080101-C00048,O=C(NC[C@@H]1CCCO1)c1cc(-c2n[nH]c(=O)n2-c2cccc(F)c2F)c[nH]1,,,,"MolVec 0.9.8 (git b412dd0, Maven Central)",0.14143644087016582
uspto,US07314885-20080101-C00049,Nc1nnc(-c2c[nH]c(C(=O)NC[C@@H]3CCCO3)c2)n1-c1cccc(F)c1F,,,,"MolVec 0.9.8 (git b412dd0, Maven Central)",0.1854933500289917
uspto,US07314885-20080101-C00050,O=C(c1cc(-c2nncn2-c2cccc(F)c2F)c[nH]1)N1CC=CC1,,,,"MolVec 0.9.8 (git b412dd0, Maven Central)",0.22095764987170696
uspto,US07314885-20080101-C00051,O=C(c1cc(-n2nnnc2-c2cccc(F)c2F)c[nH]1)N1CC=CC1,,,,"MolVec 0.9.8 (git b412dd0, Maven Central)",0.14345763251185417
uspto,US07314885-20080101-C00052,O=C(NC[C@@H]1CCCO1)c1cc(-c2nncn2-c2cccc(Cl)c2Cl)c[nH]1,,,,"MolVec 0.9.8 (git b412dd0, Maven Central)",0.24324337020516396
uspto,US07314885-20080101-C00053,O=C(c1cc(-c2nncn2-c2cccc(Cl)c2Cl)c[nH]1)N1CC=CC1,,,,"MolVec 0.9.8 (git b412dd0, Maven Central)",0.24272208847105503
uspto,US07314885-20080101-C00054,O=C(NCCCn1ccnc1)c1cc(-c2nncn2-c2cccc(Cl)c2Cl)c[nH]1,,,,"MolVec 0.9.8 (git b412dd0, Maven Central)",0.31226819939911366
uspto,US07314885-20080101-C00057,O=C(NCCCn1ccnc1)c1cc(-n2cnnc2-c2cccc(F)c2F)c[nH]1,,,,"MolVec 0.9.8 (git b412dd0, Maven Central)",0.26450105756521225
uspto,US07314885-20080101-C00058,O=C(NC[C@@H]1CCCO1)c1cc(-n2cnnc2-c2cccc(F)c2F)c[nH]1,,,,"MolVec 0.9.8 (git b412dd0, Maven Central)",0.17492526024580002
uspto,US07314885-20080101-C00060,O=C(c1cc(-c2[nH]nnc2-c2cccc(F)c2F)c[nH]1)N1CCCC1,,,,"MolVec 0.9.8 (git b412dd0, Maven Central)",0.18255383148789406
uspto,US07314886-20080101-C00009,CCc1cc(-c2ccc(F)cc2)cc2c3c([nH]c12)C(CC)(CCO)OCC3,,,,"MolVec 0.9.8 (git b412dd0, Maven Central)",0.2281171828508377
uspto,US07314886-20080101-C00011,CCc1cc(-c2ccc3c(c2)OCO3)cc2c3c([nH]c12)C(CC)(CCO)OCC3,,,,"MolVec 0.9.8 (git b412dd0, Maven Central)",0.18868910148739815
uspto,US07314886-20080101-C00035,CCc1cccc2c3c([nH]c12)C(CC)(CC(=O)NC)OCC3,,,,"MolVec 0.9.8 (git b412dd0, Maven Central)",0.14123078621923923
uspto,US07314886-20080101-C00054,CCc1cc(-c2cc3ccccc3s2)cc2c3c([nH]c12)C(CC)(CCO)OCC3,,,,"MolVec 0.9.8 (git b412dd0, Maven Central)",0.20528079010546207
uspto,US07314886-20080101-C00055,CCc1cc(-c2ccc(C)cc2)cc2c3c([nH]c12)C(CC)(CCO)OCC3,,,,"MolVec 0.9.8 (git b412dd0, Maven Central)",0.16658911108970642
uspto,US07314887-20080101-C00033,Cc1ccc(N2C(=O)/C(=N\Nc3cccc(-c4cccc(C(=O)O)c4)c3O)c3ccccc32)cc1C,,,,"MolVec 0.9.8 (git b412dd0, Maven Central)",0.27373666130006313
uspto,US07314887-20080101-C00034,CCCc1ccc(N2C(=O)/C(=N\Nc3cccc(-c4cccc(C(=O)O)c4)c3O)c3ccccc32)cc1,,,,"MolVec 0.9.8 (git b412dd0, Maven Central)",0.2587132230401039
uspto,US07314887-20080101-C00035,CCc1ccc(N2C(=O)/C(=N\Nc3cccc(-c4cccc(C(=O)O)c4)c3O)c3ccccc32)cc1,,,,"MolVec 0.9.8 (git b412dd0, Maven Central)",0.24639358930289745
uspto,US07314887-20080101-C00036,O=C(O)c1cccc(-c2cccc(N/N=C3\C(=O)N(c4ccc(OC(F)(F)F)cc4)c4ccccc43)c2O)c1,,,,"MolVec 0.9.8 (git b412dd0, Maven Central)",0.24608719162642956
uspto,US07314887-20080101-C00037,COc1ccc(N2C(=O)/C(=N\Nc3cccc(-c4cccc(C(=O)O)c4)c3O)c3ccccc32)cc1F,,,,"MolVec 0.9.8 (git b412dd0, Maven Central)",0.3519876357167959
uspto,US07314887-20080101-C00038,Cc1ccc(N2C(=O)/C(=N\Nc3cccc(-c4ccc(C(=O)O)cc4)c3O)c3ccccc32)cc1C,,,,"MolVec 0.9.8 (git b412dd0, Maven Central)",0.39390372671186924
uspto,US07314887-20080101-C00039,CCCc1ccc(N2C(=O)/C(=N\Nc3cccc(-c4ccc(C(=O)O)cc4)c3O)c3ccccc32)cc1,,,,"MolVec 0.9.8 (git b412dd0, Maven Central)",0.29832700826227665
uspto,US07314887-20080101-C00040,CCc1ccc(N2C(=O)/C(=N\Nc3cccc(-c4ccc(C(=O)O)cc4)c3O)c3ccccc32)cc1,,,,"MolVec 0.9.8 (git b412dd0, Maven Central)",0.31843675673007965
uspto,US07314887-20080101-C00042,O=C(O)c1cccc(-c2cccc(N/N=C3\C(=O)N(c4ccc(C(F)(F)F)cc4)c4ccccc43)c2O)c1,,,,"MolVec 0.9.8 (git b412dd0, Maven Central)",0.2793095838278532
uspto,US07314887-20080101-C00043,O=C(O)c1cccc(-c2cccc(N/N=C3\C(=O)N(Cc4ccccc4)c4ccc(Cl)cc43)c2O)c1,,,,"MolVec 0.9.8 (git b412dd0, Maven Central)",0.3099305350333452
uspto,US07314887-20080101-C00044,Cc1ccc2c(c1)/C(=N/Nc1cccc(-c3cccc(C(=O)O)c3)c1O)C(=O)N2Cc1ccccc1,,,,"MolVec 0.9.8 (git b412dd0, Maven Central)",0.29320304095745087
uspto,US07314887-20080101-C00045,O=C(O)c1cccc(-c2cccc(N/N=C3\C(=O)N(Cc4ccccc4)c4ccccc43)c2O)c1,,,,"MolVec 0.9.8 (git b412dd0, Maven Central)",0.2594710439443588
uspto,US07314887-20080101-C00046,O=C(O)c1ccc(-c2cccc(N/N=C3\C(=O)N(c4ccc(C(F)(F)F)cc4)c4ccccc43)c2O)cc1,,,,"MolVec 0.9.8 (git b412dd0, Maven Central)",0.32139427214860916
uspto,US07314887-20080101-C00047,O=C(O)c1cccc(-c2cccc(N/N=C3\C(=O)N(c4ccc(Cl)c(Cl)c4)c4ccccc43)c2O)c1,,,,"MolVec 0.9.8 (git b412dd0, Maven Central)",0.30284885689616203
uspto,US07314887-20080101-C00048,Cc1ccc(N2C(=O)/C(=N\Nc3cccc(-c4cccc(C(=O)O)c4)c3O)c3ccccc32)cc1C(F)(F)F,,,,"MolVec 0.9.8 (git b412dd0, Maven Central)",0.3040042407810688
uspto,US07314887-20080101-C00049,O=C(O)c1cccc(-c2cccc(N/N=C3\C(=O)N(c4ccc(C(F)(F)F)c(F)c4)c4ccccc43)c2O)c1,,,,"MolVec 0.9.8 (git b412dd0, Maven Central)",0.2925852369517088
uspto,US07314887-20080101-C00050,O=C(O)c1cccc(-c2cccc(N/N=C3\C(=O)N(c4cc(C(F)(F)F)cc(C(F)(F)F)c4)c4ccccc43)c2O)c1,,,,"MolVec 0.9.8 (git b412dd0, Maven Central)",0.2955259922891855
uspto,US07314887-20080101-C00051,Cc1ccc(N2C(=O)/C(=N\Nc3cccc(-c4cccc(C(=O)O)c4)c3O)SC2=S)cc1C,,,,"MolVec 0.9.8 (git b412dd0, Maven Central)",0.24903786554932594
uspto,US07314887-20080101-C00052,CC(C)c1ccc(N2C(=O)/C(=N\Nc3cccc(-c4cccc(C(=O)O)c4)c3O)c3ccccc32)cc1,,,,"MolVec 0.9.8 (git b412dd0, Maven Central)",0.24546245113015175
uspto,US07314887-20080101-C00053,O=C(O)c1cccc(-c2cccc(N/N=C3\C(=O)N(c4ccc(C(F)(F)F)cc4F)c4ccccc43)c2O)c1,,,,"MolVec 0.9.8 (git b412dd0, Maven Central)",0.31128445267677307
uspto,US07314887-20080101-C00054,Cc1ccc(N2C(=O)/C(=N\Nc3cccc(-c4cccc(C(=O)O)c4)c3O)c3ccccc32)c(F)c1,,,,"MolVec 0.9.8 (git b412dd0, Maven Central)",0.27600548788905144
uspto,US07314887-20080101-C00055,O=C(O)c1cccc(-c2cccc(N/N=C3\C(=O)N(c4ccc(Cl)c(C(F)(F)F)c4)c4ccccc43)c2O)c1,,,,"MolVec 0.9.8 (git b412dd0, Maven Central)",0.29707553796470165
uspto,US07314887-20080101-C00056,CCCCc1ccc(N2C(=O)/C(=N\Nc3cccc(-c4cccc(C(=O)O)c4)c3O)c3ccccc32)cc1,,,,"MolVec 0.9.8 (git b412dd0, Maven Central)",0.283660639077425
uspto,US07314887-20080101-C00057,O=C(O)c1cccc(-c2cccc(N/N=C3\C(=O)N(c4cccc(F)c4)c4ccccc43)c2O)c1,,,,"MolVec 0.9.8 (git b412dd0, Maven Central)",0.27146503515541553
uspto,US07314887-20080101-C00058,Cc1cccc(N2C(=O)/C(=N\Nc3cccc(-c4cccc(C(=O)O)c4)c3O)c3ccccc32)c1,,,,"MolVec 0.9.8 (git b412dd0, Maven Central)",0.27628382481634617
uspto,US07314887-20080101-C00059,O=C(O)c1cccc(-c2cccc(N/N=C3\C(=O)N(c4ccc(F)cc4)c4ccccc43)c2O)c1,,,,"MolVec 0.9.8 (git b412dd0, Maven Central)",0.2461344301700592
uspto,US07314887-20080101-C00060,COc1ccc2c(c1)/C(=N/Nc1cccc(-c3cccc(C(=O)O)c3)c1O)C(=O)N2Cc1ccccc1,,,,"MolVec 0.9.8 (git b412dd0, Maven Central)",0.3341069743037224
uspto,US07314887-20080101-C00061,O=C(O)c1cccc(-c2cccc(N/N=C3\C(=O)N(c4cccc(C(F)(F)F)c4)c4ccccc43)c2O)c1,,,,"MolVec 0.9.8 (git b412dd0, Maven Central)",0.2726160790771246
uspto,US07314887-20080101-C00062,CC(C)c1ccc(N2C(=O)/C(=N\Nc3cccc(-c4cccc(C(=O)O)c4)c3O)c3cc(Cl)ccc32)cc1,,,,"MolVec 0.9.8 (git b412dd0, Maven Central)",0.3150619864463806
uspto,US07314887-20080101-C00063,CC(C)c1ccc(N2C(=O)/C(=N\Nc3cccc(-c4cccc(C(=O)O)c4)c3O)c3ccc(Cl)cc32)cc1,,,,"MolVec 0.9.8 (git b412dd0, Maven Central)",0.32629122771322727
uspto,US07314887-20080101-C00064,CC(C)c1ccc(N2C(=O)/C(=N\Nc3cccc(-c4cccc(C(=O)O)c4)c3O)c3cc(F)ccc32)cc1,,,,"MolVec 0.9.8 (git b412dd0, Maven Central)",0.34714955277740955
uspto,US07314887-20080101-C00065,COc1ccc2c(c1)/C(=N/Nc1cccc(-c3cccc(C(=O)O)c3)c1O)C(=O)N2c1ccc(C(C)C)cc1,,,,"MolVec 0.9.8 (git b412dd0, Maven Central)",0.34479577280581
uspto,US07314887-20080101-C00066,Cc1ccc(N2C(=O)/C(=N\Nc3cccc(-c4cccc(C(=O)O)c4)c3O)c3cc(F)ccc32)cc1C,,,,"MolVec 0.9.8 (git b412dd0, Maven Central)",0.3661472275853157
uspto,US07314887-20080101-C00067,O=C(O)c1cccc(-c2cccc(N/N=C3\C(=O)N(c4ccc(F)c(C(F)(F)F)c4)c4ccccc43)c2O)c1,,,,"MolVec 0.9.8 (git b412dd0, Maven Central)",0.3053433261811733
uspto,US07314887-20080101-C00068,O=C(O)c1cccc(-c2cccc(N/N=C3\C(=O)N(c4cc(Cl)cc(Cl)c4)c4ccccc43)c2O)c1,,,,"MolVec 0.9.8 (git b412dd0, Maven Central)",0.29518828727304935
uspto,US07314887-20080101-C00069,CCCc1ccc(N2C(=O)/C(=N\Nc3cccc(-c4cccc(C(=O)O)c4)c3O)c3ccc(Cl)cc32)cc1,,,,"MolVec 0.9.8 (git b412dd0, Maven Central)",0.30871731601655483
uspto,US07314887-20080101-C00070,O=C(O)c1cccc(-c2cccc(N/N=C3\C(=O)N(c4ccc(C(O)C(F)(F)F)cc4)c4ccccc43)c2O)c1,,,,"MolVec 0.9.8 (git b412dd0, Maven Central)",0.23304102011024952
uspto,US07314887-20080101-C00071,COC(c1ccc(N2C(=O)/C(=N\Nc3cccc(-c4cccc(C(=O)O)c4)c3O)c3ccccc32)cc1)C(F)(F)F,,,,"MolVec 0.9.8 (git b412dd0, Maven Central)",0.2609990853816271
uspto,US07314887-20080101-C00072,O=C(O)c1cccc(-c2cccc(N/N=C3\C(=O)N(c4ccc(CC(F)(F)F)cc4)c4ccccc43)c2O)c1,,,,"MolVec 0.9.8 (git b412dd0, Maven Central)",0.21725009568035603
uspto,US07314887-20080101-C00073,Cc1ccc(N2C(=O)/C(=N\Nc3cccc(-c4cccc(C(=O)O)c4)c3O)c3c2ccc(C)c3C)cc1C,,,,"MolVec 0.9.8 (git b412dd0, Maven Central)",0.24331055209040642
uspto,US07314887-20080101-C00074,Cc1ccc(N2C(=O)/C(=N\Nc3cccc(-c4cccc(C(=O)O)c4)c3O)c3c2ccc(F)c3C)cc1C,,,,"MolVec 0.9.8 (git b412dd0, Maven Central)",0.2344222217798233
uspto,US07314887-20080101-C00075,Cc1ccc(N2C(=O)/C(=N\Nc3cccc(-c4cccc(C(=O)O)c4)c3O)c3cc(F)c(C)cc32)cc1C,,,,"MolVec 0.9.8 (git b412dd0, Maven Central)",0.2630621213465929
uspto,US07314887-20080101-C00076,Cc1ccc(N2C(=O)/C(=N\Nc3ccc(/C=C4\SC(=O)NC4=O)cc3O)c3ccc(C(F)(F)F)cc32)cc1C,,,,"MolVec 0.9.8 (git b412dd0, Maven Central)",0.27900041453540325
uspto,US07314887-20080101-C00077,Cc1ccc(N2C(=O)/C(=N\Nc3ccc(/C=C4\SC(=O)NC4=O)cc3O)c3ccccc32)cc1C,,,,"MolVec 0.9.8 (git b412dd0, Maven Central)",0.2272369209676981
uspto,US07314887-20080101-C00078,Cc1ccc(N2C(=O)/C(=N\Nc3cccc(-c4cccc(C(=O)O)c4)c3O)c3c(F)cc(C(F)(F)F)cc32)cc1C,,,,"MolVec 0.9.8 (git b412dd0, Maven Central)",0.26828661374747753
uspto,US07314887-20080101-C00079,Cc1ccc(N2C(=O)/C(=N\Nc3cccc(-c4cccc(C(=O)O)c4)c3O)c3c(Cl)cc(C(F)(F)F)cc32)cc1C,,,,"MolVec 0.9.8 (git b412dd0, Maven Central)",0.4369195569306612
uspto,US07314887-20080101-C00080,Cc1ccc(N2C(=O)/C(=N\Nc3ccc(/C=C4\SC(=O)NC4=O)cc3O)c3c(F)cc(C(F)(F)F)cc32)cc1C,,,,"MolVec 0.9.8 (git b412dd0, Maven Central)",0.27404601871967316
uspto,US07314887-20080101-C00081,Cc1ccc(N2C(=O)/C(=N\Nc3ccc(/C=C4\SC(=O)NC4=O)cc3O)c3c(Cl)cc(C(F)(F)F)cc32)cc1C,,,,"MolVec 0.9.8 (git b412dd0, Maven Central)",0.2596419155597687
uspto,US07314887-20080101-C00082,Cc1ccc(N2C(=O)/C(=N\Nc3ccc(/C=C/C(=O)O)cc3O)c3ccc(C(F)(F)F)cc32)cc1C,,,,"MolVec 0.9.8 (git b412dd0, Maven Central)",0.21931754238903522
uspto,US07314887-20080101-C00083,Cc1ccc(N2C(=O)/C(=N\Nc3ccc(/C=C4\SC(=S)NC4=O)cc3O)c3ccc(C(F)(F)F)cc32)cc1C,,,,"MolVec 0.9.8 (git b412dd0, Maven Central)",0.30151931568980217
uspto,US07314887-20080101-C00084,Cc1ccc(N2C(=O)/C(=N\Nc3ccc(/C=C4\SC(=S)NC4=O)cc3O)c3c(F)cc(C(F)(F)F)cc32)cc1C,,,,"MolVec 0.9.8 (git b412dd0, Maven Central)",0.2511814031749964
uspto,US07314887-20080101-C00085,Cc1ccc(N2C(=O)/C(=N\Nc3cccc(/C=C4\SC(=O)NC4=O)c3O)c3ccc(C(F)(F)F)cc32)cc1C,,,,"MolVec 0.9.8 (git b412dd0, Maven Central)",0.28409826941788197
uspto,US07314887-20080101-C00086,CCCc1ccc(N2C(=O)/C(=N\Nc3cccc(-c4cccc(C(=O)O)c4)c3O)c3cc(Cl)ccc32)cc1,,,,"MolVec 0.9.8 (git b412dd0, Maven Central)",0.3210047949105501
uspto,US07314887-20080101-C00087,CSc1ccc(N2C(=O)/C(=N\Nc3cccc(-c4cccc(C(=O)O)c4)c3O)c3ccccc32)cc1,,,,"MolVec 0.9.8 (git b412dd0, Maven Central)",0.2602068390697241
uspto,US07314887-20080101-C00088,COCc1ccc(N2C(=O)/C(=N\Nc3cccc(-c4cccc(C(=O)O)c4)c3O)c3ccccc32)cc1,,,,"MolVec 0.9.8 (git b412dd0, Maven Central)",0.2747517805546522
uspto,US07314887-20080101-C00089,C[C@](O)(c1ccc(N2C(=O)/C(=N\Nc3cccc(-c4cccc(C(=O)O)c4)c3O)c3ccccc32)cc1)C(F)(F)F,,,,"MolVec 0.9.8 (git b412dd0, Maven Central)",0.364191509783268
uspto,US07314887-20080101-C00090,Cc1ccc(N2C(=O)/C(=N\Nc3cccc(-c4cccc(C(=O)O)c4)c3O)c3cc(F)ccc32)cc1C(F)(F)F,,,,"MolVec 0.9.8 (git b412dd0, Maven Central)",0.3584128301590681
uspto,US07314887-20080101-C00091,CO[C@@](C)(c1ccc(N2C(=O)/C(=N\Nc3cccc(-c4cccc(C(=O)O)c4)c3O)c3ccccc32)cc1)C(F)(F)F,,,,"MolVec 0.9.8 (git b412dd0, Maven Central)",0.3579688388854265
uspto,US07314887-20080101-C00092,Cc1ccc(N2C(=O)/C(=N\Nc3cccc(-c4cccc(C(=O)O)c4)c3O)c3ccc(F)cc32)cc1C,,,,"MolVec 0.9.8 (git b412dd0, Maven Central)",0.3439846280962229
uspto,US07314887-20080101-C00093,CC(C)c1ccc(N2C(=O)/C(=N\Nc3cccc(-c4cccc(C(=O)O)c4)c3O)c3ccc(F)cc32)cc1,,,,"MolVec 0.9.8 (git b412dd0, Maven Central)",0.31847730837762356
uspto,US07314887-20080101-C00094,Cc1ccc(N2C(=O)/C(=N\Nc3cccc(-c4cccc(C(=O)O)c4)c3O)c3cc(C(F)(F)F)ccc32)cc1C,,,,"MolVec 0.9.8 (git b412dd0, Maven Central)",0.31309970654547215
uspto,US07314887-20080101-C00095,CCCc1ccc(N2C(=O)/C(=N\Nc3cccc(-c4cccc(C(=O)O)c4)c3O)c3ccc(F)cc32)cc1,,,,"MolVec 0.9.8 (git b412dd0, Maven Central)",0.30533020198345184
uspto,US07314887-20080101-C00096,CCCc1ccc(N2C(=O)/C(=N\Nc3cccc(-c4cccc(C(=O)O)c4)c3O)c3cc(C(F)(F)F)ccc32)cc1,,,,"MolVec 0.9.8 (git b412dd0, Maven Central)",0.28855836391448975
uspto,US07314887-20080101-C00097,CC(C)c1ccc(N2C(=O)/C(=N\Nc3cccc(-c4cccc(C(=O)O)c4)c3O)c3c2ccc(F)c3F)cc1,,,,"MolVec 0.9.8 (git b412dd0, Maven Central)",0.29986523278057575
uspto,US07314887-20080101-C00098,O=C(O)c1cccc(-c2cccc(N/N=C3\C(=O)N(C4CCNCC4)c4ccccc43)c2O)c1,,,,"MolVec 0.9.8 (git b412dd0, Maven Central)",0.19961171597242355
uspto,US07314887-20080101-C00099,Cc1ccc(N2C(=O)/C(=N\Nc3cccc(-c4cccc(C(=O)O)c4)c3O)c3cc(F)ccc32)c(F)c1,,,,"MolVec 0.9.8 (git b412dd0, Maven Central)",0.4289676360785961
uspto,US07314887-20080101-C00100,CN1C(=O)/C(=N\Nc2cccc(-c3cccc(C(=O)O)c3)c2O)c2ccccc21,,,,"MolVec 0.9.8 (git b412dd0, Maven Central)",0.20168935507535934
uspto,US07314887-20080101-C00101,O=C(O)c1cccc(-c2cccc(N/N=C3\C(=O)N(C4CCCC4)c4ccccc43)c2O)c1,,,,"MolVec 0.9.8 (git b412dd0, Maven Central)",0.1962816473096609
uspto,US07314887-20080101-C00102,Cc1ccc2c(c1)N(c1ccc(C)c(C)c1)C(=O)/C2=N\Nc1cccc(-c2cccc(C(=O)O)c2)c1O,,,,"MolVec 0.9.8 (git b412dd0, Maven Central)",0.33349938318133354
uspto,US07314887-20080101-C00103,O=C(O)c1cccc(-c2cccc(N/N=C3\C(=O)N(c4ccccc4)c4ccccc43)c2O)c1,,,,"MolVec 0.9.8 (git b412dd0, Maven Central)",0.5551013182848692
uspto,US07314887-20080101-C00104,O=C(O)c1cccc(-c2cccc(N/N=C3\C(=O)N(c4ccccc4)c4cc(F)ccc43)c2O)c1,,,,"MolVec 0.9.8 (git b412dd0, Maven Central)",0.2800240311771631
uspto,US07314887-20080101-C00105,Cc1ccc(N2C(=O)/C(=N\Nc3cccc(-c4cccc(C(=O)O)c4)c3O)c3ccc(C(C)C)cc32)cc1C,,,,"MolVec 0.9.8 (git b412dd0, Maven Central)",0.3689083568751812
uspto,US07314887-20080101-C00106,Cc1ccc(N2C(=O)/C(=N\Nc3cccc(-c4cccc(C(=O)O)c4)c3O)c3c(C(C)C)cccc32)cc1C,,,,"MolVec 0.9.8 (git b412dd0, Maven Central)",0.2688305675983429
uspto,US07314887-20080101-C00107,Cc1ccc(N2C(=O)/C(=N\Nc3cccc(-c4ccc(F)c(C(=O)O)c4)c3O)c3ccc(C(F)(F)F)cc32)cc1C,,,,"MolVec 0.9.8 (git b412dd0, Maven Central)",0.34851814061403275
uspto,US07314887-20080101-C00108,Cc1ccc(N2C(=O)/C(=N\Nc3cc(Cl)cc(-c4ccc(F)c(C(=O)O)c4)c3O)c3ccc(C(F)(F)F)cc32)cc1C,,,,"MolVec 0.9.8 (git b412dd0, Maven Central)",0.3465025778859854
uspto,US07314887-20080101-C00109,Cc1ccc(N2C(=O)/C(=N\Nc3cccc(-c4cc(C(=O)O)ccc4F)c3O)c3ccc(C(F)(F)F)cc32)cc1C,,,,"MolVec 0.9.8 (git b412dd0, Maven Central)",0.32213764637708664
uspto,US07314887-20080101-C00110,Cc1ccc(N2C(=O)/C(=N\Nc3cccc(-c4cccc(C(=O)O)c4)c3O)c3c2ccc(F)c3F)cc1C,,,,"MolVec 0.9.8 (git b412dd0, Maven Central)",0.340733390301466
uspto,US07314887-20080101-C00111,Cc1ccc(N2C(=O)/C(=N\Nc3cccc(-c4ccc(C(=O)O)c(C)c4)c3O)c3ccc(C(F)(F)F)cc32)cc1C,,,,"MolVec 0.9.8 (git b412dd0, Maven Central)",0.7602242361754179
uspto,US07314887-20080101-C00112,Cc1ccc(N2C(=O)/C(=N\Nc3cccc(-c4ccc(C(=O)O)cc4F)c3O)c3ccc(C(F)(F)F)cc32)cc1C,,,,"MolVec 0.9.8 (git b412dd0, Maven Central)",0.36265407130122185
uspto,US07314887-20080101-C00113,Cc1ccc(N2C(=O)/C(=N\Nc3cccc(-c4ccc(F)c(C(=O)O)c4)c3O)c3c(F)cc(C(F)(F)F)cc32)cc1C,,,,"MolVec 0.9.8 (git b412dd0, Maven Central)",0.4341277554631233
uspto,US07314887-20080101-C00114,Cc1ccc(N2C(=O)/C(=N\Nc3cc(Cl)cc(-c4ccc(F)c(C(=O)O)c4)c3O)c3c(F)cc(C(F)(F)F)cc32)cc1C,,,,"MolVec 0.9.8 (git b412dd0, Maven Central)",0.4370376877486706
uspto,US07314887-20080101-C00115,COC(=O)c1ccc2c(c1)N(c1cc(C)cc(C)c1)C(=O)/C2=N\Nc1cccc(-c2cccc(C(=O)O)c2)c1O,,,,"MolVec 0.9.8 (git b412dd0, Maven Central)",0.2828310951590538
uspto,US07314887-20080101-C00116,COC(=O)c1ccc2c(c1)N(c1cc(C)cc(C)c1)C(=O)/C2=N\Nc1cccc(-c2ccc(F)c(C(=O)O)c2)c1O,,,,"MolVec 0.9.8 (git b412dd0, Maven Central)",0.4549354128539562
uspto,US07314887-20080101-C00117,COC(=O)c1ccc2c(c1)N(c1ccc(C)c(C)c1)C(=O)/C2=N\Nc1cccc(-c2ccc(F)c(C(=O)O)c2)c1O,,,,"MolVec 0.9.8 (git b412dd0, Maven Central)",0.2837067414075136
uspto,US07314887-20080101-C00118,COC(=O)c1ccc2c(c1)N(c1cc(C)cc(C)c1)C(=O)/C2=N\Nc1cc(Cl)cc(-c2ccc(F)c(C(=O)O)c2)c1O,,,,"MolVec 0.9.8 (git b412dd0, Maven Central)",0.28564120829105377
uspto,US07314887-20080101-C00119,N#Cc1sccc1N1C(=O)/C(=N\Nc2cccc(-c3cccc(C(=O)O)c3)c2O)c2ccccc21,,,,"MolVec 0.9.8 (git b412dd0, Maven Central)",0.25242652744054794
uspto,US07314887-20080101-C00120,O=C(O)c1cccc(-c2cccc(N/N=C3\C(=O)N(c4ccsc4)c4ccccc43)c2O)c1,,,,"MolVec 0.9.8 (git b412dd0, Maven Central)",0.22236287221312523
uspto,US07314887-20080101-C00121,COC(=O)c1ccc2c(c1)N(c1ccc(C)c(C)c1)C(=O)/C2=N\Nc1cccc(-c2cccc(C(=O)O)c2)c1O,,,,"MolVec 0.9.8 (git b412dd0, Maven Central)",0.26731162518262863
uspto,US07314887-20080101-C00122,N#Cc1ccc2c(c1)N(c1ccc(Cl)c(C(F)(F)F)c1)C(=O)/C2=N\Nc1cccc(-c2cccc(C(=O)O)c2)c1O,,,,"MolVec 0.9.8 (git b412dd0, Maven Central)",0.3048755656927824
uspto,US07314887-20080101-C00123,CC(C)c1ccc(N2C(=O)/C(=N\Nc3cc(Cl)cc(-c4ccc(F)c(C(=O)O)c4)c3O)c3ccc(C#N)cc32)cc1,,,,"MolVec 0.9.8 (git b412dd0, Maven Central)",0.2819398958235979
uspto,US07314887-20080101-C00124,CC(C)c1ccc(N2C(=O)/C(=N\Nc3cccc(-c4ccc(F)c(C(=O)O)c4)c3O)c3ccc(C#N)cc32)cc1,,,,"MolVec 0.9.8 (git b412dd0, Maven Central)",0.4126217756420374
uspto,US07314887-20080101-C00125,Cc1ccc(N2C(=O)/C(=N\Nc3cccc(-c4cccc(C(O)C(F)(F)F)c4)c3O)c3ccc(C(F)(F)F)cc32)cc1C,,,,"MolVec 0.9.8 (git b412dd0, Maven Central)",0.25352222844958305
uspto,US07314887-20080101-C00126,CC(C)c1ccc(N2C(=O)/C(=N\Nc3cccc(-c4cccc(C(=O)O)c4)c3O)c3ccc(C#N)cc32)cc1,,,,"MolVec 0.9.8 (git b412dd0, Maven Central)",0.2731432691216469
uspto,US07314887-20080101-C00127,Cc1ccc(N2C(=O)/C(=N\Nc3cccc(-c4cccc(C(=O)O)c4)c3O)c3cc([N+](=O)[O-])ccc32)cc1C,,,,"MolVec 0.9.8 (git b412dd0, Maven Central)",0.2928327787667513
uspto,US07314887-20080101-C00128,Cc1ccc(N2C(=O)/C(=N\Nc3cccc(-c4cccc(C(=O)O)c4)c3O)c3ccc(S(C)(=O)=O)cc32)cc1C,,,,"MolVec 0.9.8 (git b412dd0, Maven Central)",0.28293779864907265
uspto,US07314887-20080101-C00129,Cc1ccc(N2C(=O)/C(=N\Nc3cccc(-c4cccc(C(=O)O)c4)c3O)c3ccc(C#N)cc32)cc1C,,,,"MolVec 0.9.8 (git b412dd0, Maven Central)",0.2632843479514122
uspto,US07314887-20080101-C00130,N#Cc1cncc(N2C(=O)/C(=N\Nc3cccc(-c4cccc(C(=O)O)c4)c3O)c3ccccc32)c1,,,,"MolVec 0.9.8 (git b412dd0, Maven Central)",0.26846875064074993
uspto,US07314887-20080101-C00131,O=C(O)c1cccc(-c2cccc(N/N=C3\C(=O)N(c4ccoc4)c4ccccc43)c2O)c1,,,,"MolVec 0.9.8 (git b412dd0, Maven Central)",0.23417889326810837
uspto,US07314887-20080101-C00132,O=C(O)c1cccc(-c2cccc(N/N=C3\C(=O)N(c4ccc5c(c4)OCO5)c4ccccc43)c2O)c1,,,,"MolVec 0.9.8 (git b412dd0, Maven Central)",0.22769814729690552
uspto,US07314887-20080101-C00133,Cc1ccsc1N1C(=O)/C(=N\Nc2cccc(-c3cccc(C(=O)O)c3)c2O)c2ccccc21,,,,"MolVec 0.9.8 (git b412dd0, Maven Central)",0.2217335756868124
uspto,US07314887-20080101-C00134,O=C(O)c1cccc(-c2cccc(N/N=C3\C(=O)N(c4cccs4)c4ccccc43)c2O)c1,,,,"MolVec 0.9.8 (git b412dd0, Maven Central)",0.24806230328977108
uspto,US07314887-20080101-C00135,CC(C)c1ccc(N2C(=O)/C(=N\Nc3cccc(-c4cccc(C(=O)O)c4)c3O)c3ccc(C(F)(F)F)cc32)cc1,,,,"MolVec 0.9.8 (git b412dd0, Maven Central)",0.3077680729329586
uspto,US07314887-20080101-C00136,CCCc1ccc(N2C(=O)/C(=N\Nc3cccc(-c4cccc(C(=O)O)c4)c3O)c3ccc(C(F)(F)F)cc32)cc1,,,,"MolVec 0.9.8 (git b412dd0, Maven Central)",0.3199524190276861
uspto,US07314887-20080101-C00137,CCc1ccc(N2C(=O)/C(=N\Nc3cccc(-c4cccc(C(=O)O)c4)c3O)c3cc(F)cc(F)c32)cc1,,,,"MolVec 0.9.8 (git b412dd0, Maven Central)",0.30957777611911297
uspto,US07314887-20080101-C00138,Cc1ccc(N2C(=O)/C(=N\Nc3cccc(-c4cccc(C(=O)O)c4)c3O)c3cc(F)cc(F)c32)cc1C,,,,"MolVec 0.9.8 (git b412dd0, Maven Central)",0.2776216920465231
uspto,US07314887-20080101-C00139,CCCc1ccc(N2C(=O)/C(=N\Nc3cccc(-c4cccc(C(=O)O)c4)c3O)c3cc(F)cc(F)c32)cc1,,,,"MolVec 0.9.8 (git b412dd0, Maven Central)",0.6424844972789288
uspto,US07314887-20080101-C00140,CC(C)c1ccc(N2C(=O)/C(=N/Nc3cccc(-c4cccc(C(=O)O)c4)c3O)c3cc(F)cc(F)c32)cc1,,,,"MolVec 0.9.8 (git b412dd0, Maven Central)",0.2625715211033821
uspto,US07314887-20080101-C00141,Cc1ccc(N2C(=O)/C(=N\Nc3cccc(-c4cccc(C(=O)O)c4)c3O)c3ccc(C(F)(F)F)cc32)cc1C,,,,"MolVec 0.9.8 (git b412dd0, Maven Central)",0.296698484569788
uspto,US07314887-20080101-C00142,CCc1ccc2c(c1)N(c1ccc(C)c(C)c1)C(=O)/C2=N\Nc1cccc(-c2cccc(C(=O)O)c2)c1O,,,,"MolVec 0.9.8 (git b412dd0, Maven Central)",0.26165610924363136
uspto,US07314887-20080101-C00143,COc1ccc2c(c1)N(c1ccc(C)c(C)c1)C(=O)/C2=N\Nc1cccc(-c2cccc(C(=O)O)c2)c1O,,,,"MolVec 0.9.8 (git b412dd0, Maven Central)",0.24955484084784985
uspto,US07314887-20080101-C00144,Cc1ccc(N2C(=O)/C(=N\Nc3cccc(-c4cccc(C(=O)O)c4)c3O)c3cc(Cl)c(C(F)(F)F)cc32)cc1C,,,,"MolVec 0.9.8 (git b412dd0, Maven Central)",0.3315363638103008
uspto,US07314887-20080101-C00145,Cc1ccc(N2C(=O)/C(=N\Nc3cccc(-c4cccc(C(=O)O)c4)c3O)c3ccc(C)c(C)c32)cc1C,,,,"MolVec 0.9.8 (git b412dd0, Maven Central)",0.24381143599748611
uspto,US07314887-20080101-C00146,Cc1ccc(N2C(=O)/C(=N\Nc3cccc(-c4ccc(C(C)(C)C(=O)O)cc4)c3O)c3ccc(C(F)(F)F)cc32)cc1C,,,,"MolVec 0.9.8 (git b412dd0, Maven Central)",0.33906388469040394
uspto,US07314887-20080101-C00147,Cc1ccc(N2C(=O)/C(=N\Nc3cccc(-c4ccc([C@@H](C)C(=O)O)cc4)c3O)c3ccc(C(F)(F)F)cc32)cc1C,,,,"MolVec 0.9.8 (git b412dd0, Maven Central)",0.4707472696900368
uspto,US07314887-20080101-C00148,Cc1cc(N/N=C2\C(=O)N(c3ccc(C)c(C)c3)c3cc(C(F)(F)F)ccc32)c(O)c(-c2ccc(C(C)C(=O)O)cc2)c1,,,,"MolVec 0.9.8 (git b412dd0, Maven Central)",0.3450330086052418
uspto,US07314887-20080101-C00149,Cc1ccc(N2C(=O)/C(=N\Nc3cc(F)cc(-c4ccc(C(C)C(=O)O)cc4)c3O)c3ccc(C(F)(F)F)cc32)cc1C,,,,"MolVec 0.9.8 (git b412dd0, Maven Central)",0.39943903125822544
uspto,US07314887-20080101-C00150,Cc1ccc(N2C(=O)/C(=N\Nc3ccc(/C=C4\SC(=O)NC4=O)cc3O)c3cc(F)cc(F)c32)cc1C,,,,"MolVec 0.9.8 (git b412dd0, Maven Central)",0.23900830745697021
uspto,US07314887-20080101-C00151,CCc1ccc(N2C(=O)/C(=N\Nc3ccc(/C=C4\SC(=O)NC4=O)cc3O)c3cc(F)cc(F)c32)cc1,,,,"MolVec 0.9.8 (git b412dd0, Maven Central)",0.28349283151328564
uspto,US07314887-20080101-C00152,CCCc1ccc(N2C(=O)/C(=N\Nc3ccc(/C=C4\SC(=O)NC4=O)cc3O)c3cc(F)cc(F)c32)cc1,,,,"MolVec 0.9.8 (git b412dd0, Maven Central)",0.2779513020068407
uspto,US07314887-20080101-C00153,CC(C)c1ccc(N2C(=O)/C(=N\Nc3ccc(/C=C4\SC(=O)NC4=O)cc3O)c3ccc(C(F)(F)F)cc32)cc1,,,,"MolVec 0.9.8 (git b412dd0, Maven Central)",0.38408387266099453
uspto,US07314887-20080101-C00154,CC(C)c1ccc(N2C(=O)/C(=N\Nc3ccc(/C=C4\SC(=O)NC4=O)cc3O)c3cc(F)cc(F)c32)cc1,,,,"MolVec 0.9.8 (git b412dd0, Maven Central)",0.2942396569997072
uspto,US07314887-20080101-C00155,Cc1ccc(N2C(=O)/C(=N\Nc3cc(F)cc(-c4cccc(C(=O)O)c4)c3O)c3ccc(C(F)(F)F)cc32)cc1C,,,,"MolVec 0.9.8 (git b412dd0, Maven Central)",0.6267992537468672
uspto,US07314887-20080101-C00156,Cc1ccc(N2C(=O)/C(=N\Nc3cc(Cl)cc(-c4cccc(C(=O)O)c4)c3O)c3ccc(C(F)(F)F)cc32)cc1C,,,,"MolVec 0.9.8 (git b412dd0, Maven Central)",0.3462262097746134
uspto,US07314887-20080101-C00157,Cc1cc(N/N=C2\C(=O)N(c3ccc(C)c(C)c3)c3cc(C(F)(F)F)ccc32)c(O)c(-c2cccc(C(=O)O)c2)c1,,,,"MolVec 0.9.8 (git b412dd0, Maven Central)",0.42343391850590706
uspto,US07314887-20080101-C00158,O=C(O)c1cccc(-c2cccc(N/N=C3\C(=O)N(c4ccc(C(F)(F)F)cc4)c4cc(C(F)(F)F)ccc43)c2O)c1,,,,"MolVec 0.9.8 (git b412dd0, Maven Central)",0.4123051818460226
uspto,US07314887-20080101-C00159,CCc1ccc(N2C(=O)/C(=N\Nc3cccc(-c4cccc(C(=O)O)c4)c3O)c3ccc(C(F)(F)F)cc32)cc1C,,,,"MolVec 0.9.8 (git b412dd0, Maven Central)",0.3062328491359949
uspto,US07314887-20080101-C00160,O=C(O)c1cccc(-c2cccc(N/N=C3\C(=O)N(c4ccc(Cl)c(C(F)(F)F)c4)c4cc(C(F)(F)F)ccc43)c2O)c1,,,,"MolVec 0.9.8 (git b412dd0, Maven Central)",0.34755194932222366
uspto,US07314887-20080101-C00161,Cc1cc(C)cc(N2C(=O)/C(=N\Nc3cc(F)cc(-c4cccc(C(=O)O)c4)c3O)c3ccc(C(F)(F)F)cc32)c1,,,,"MolVec 0.9.8 (git b412dd0, Maven Central)",0.3352300673723221
uspto,US07314887-20080101-C00162,Cc1ccc(N2C(=O)/C(=N\Nc3cc(F)cc(-c4ccc(F)c(C(=O)O)c4)c3O)c3ccc(C(F)(F)F)cc32)cc1C,,,,"MolVec 0.9.8 (git b412dd0, Maven Central)",0.3123698551207781
uspto,US07314887-20080101-C00163,Cc1cc(C)cc(N2C(=O)/C(=N\Nc3cc(F)cc(-c4ccc(F)c(C(=O)O)c4)c3O)c3ccc(C(F)(F)F)cc32)c1,,,,"MolVec 0.9.8 (git b412dd0, Maven Central)",0.32930423878133297
uspto,US07314887-20080101-C00164,O=C(O)c1cc(-c2cc(F)cc(N/N=C3\C(=O)N(c4ccc(C(F)(F)F)cc4)c4cc(C(F)(F)F)ccc43)c2O)ccc1F,,,,"MolVec 0.9.8 (git b412dd0, Maven Central)",0.3680727705359459
uspto,US07314887-20080101-C00165,Cc1cc(N2C(=O)/C(=N\Nc3cccc(-c4cccc(C(=O)O)c4)c3O)c3ccc(C(F)(F)F)cc32)cc(C)c1F,,,,"MolVec 0.9.8 (git b412dd0, Maven Central)",0.32737937942147255
uspto,US07314887-20080101-C00166,COc1ccc(N2C(=O)/C(=N\Nc3cccc(-c4cccc(C(=O)O)c4)c3O)c3ccc(C(F)(F)F)cc32)cc1,,,,"MolVec 0.9.8 (git b412dd0, Maven Central)",0.32734441198408604
uspto,US07314887-20080101-C00167,O=C(O)c1cccc(-c2cccc(N/N=C3\C(=O)N(c4ccc(F)cc4)c4cc(C(F)(F)F)ccc43)c2O)c1,,,,"MolVec 0.9.8 (git b412dd0, Maven Central)",0.3044931907206774
uspto,US07314887-20080101-C00168,COc1cc(OC)cc(N2C(=O)/C(=N\Nc3cccc(-c4cccc(C(=O)O)c4)c3O)c3ccc(C(F)(F)F)cc32)c1,,,,"MolVec 0.9.8 (git b412dd0, Maven Central)",0.32262676768004894
uspto,US07314887-20080101-C00169,COc1ccc(N2C(=O)/C(=N\Nc3cccc(-c4cccc(C(=O)O)c4)c3O)c3ccc(C(F)(F)F)cc32)cc1OC,,,,"MolVec 0.9.8 (git b412dd0, Maven Central)",0.34491494484245777
uspto,US07314887-20080101-C00170,O=C(O)c1cccc(-c2cccc(N/N=C3\C(=O)N(c4cc(F)cc(F)c4)c4cc(C(F)(F)F)ccc43)c2O)c1,,,,"MolVec 0.9.8 (git b412dd0, Maven Central)",0.4138286132365465
uspto,US07314887-20080101-C00171,Cc1cc(N2C(=O)/C(=N\Nc3cc(F)cc(-c4cccc(C(=O)O)c4)c3O)c3ccc(C(F)(F)F)cc32)cc(C)c1F,,,,"MolVec 0.9.8 (git b412dd0, Maven Central)",0.320916511118412
uspto,US07314887-20080101-C00172,Cc1cc(N2C(=O)/C(=N\Nc3cc(F)cc(-c4ccc(F)c(C(=O)O)c4)c3O)c3ccc(C(F)(F)F)cc32)cc(C)c1F,,,,"MolVec 0.9.8 (git b412dd0, Maven Central)",0.42285950295627117
uspto,US07314887-20080101-C00173,COc1c(C)cc(N2C(=O)/C(=N\Nc3cccc(-c4cccc(C(=O)O)c4)c3O)c3ccc(C(F)(F)F)cc32)cc1C,,,,"MolVec 0.9.8 (git b412dd0, Maven Central)",0.32552602887153625
uspto,US07314887-20080101-C00174,Cc1cc(N2C(=O)/C(=N\Nc3cccc(-c4cccc(C(=O)O)c4)c3O)c3ccc(C(F)(F)F)cc32)cc(C)c1O,,,,"MolVec 0.9.8 (git b412dd0, Maven Central)",0.3508440013974905
uspto,US07314887-20080101-C00175,O=C(O)c1cccc(-c2cccc(N/N=C3\C(=O)N(c4ccc(C5CCCCC5)cc4)c4ccccc43)c2O)c1,,,,"MolVec 0.9.8 (git b412dd0, Maven Central)",0.2895746696740389
uspto,US07314887-20080101-C00176,O=C(O)c1cccc(-c2cccc(N/N=C3\C(=O)N(c4ccccn4)c4ccccc43)c2O)c1,,,,"MolVec 0.9.8 (git b412dd0, Maven Central)",0.28870079293847084
uspto,US07314887-20080101-C00177,O=C(O)c1cccc(-c2cccc(N/N=C3\C(=O)N(c4cccnc4)c4ccccc43)c2O)c1,,,,"MolVec 0.9.8 (git b412dd0, Maven Central)",0.27551704831421375
uspto,US07314887-20080101-C00178,CCc1ccc(N2C(=O)/C(=N\Nc3cccc(-c4cccc(C(=O)O)c4)c3O)c3ccc(C(F)(F)F)cc32)cc1,,,,"MolVec 0.9.8 (git b412dd0, Maven Central)",0.302529264241457
uspto,US07314887-20080101-C00179,CCc1ccc(N2C(=O)/C(=N\Nc3cccc(-c4cccc(C(=O)O)c4)c3O)c3c(F)cc(C(F)(F)F)cc32)cc1,,,,"MolVec 0.9.8 (git b412dd0, Maven Central)",0.3396990392357111
uspto,US07314887-20080101-C00180,CCc1ccc(N2C(=O)/C(=N\Nc3cccc(-c4cccc(C(=O)O)c4)c3O)c3cc(C(=O)OC)ccc32)cc1,,,,"MolVec 0.9.8 (git b412dd0, Maven Central)",0.3289411813020706
uspto,US07314887-20080101-C00181,Cc1ccc(N2C(=O)/C(=N\Nc3cccc(-c4cccc(C(=O)O)c4)c3O)c3ccc(C(F)(F)F)cc32)cc1Cl,,,,"MolVec 0.9.8 (git b412dd0, Maven Central)",0.34522285126149654
uspto,US07314887-20080101-C00182,Cc1cc(C)cc(N2C(=O)/C(=N\Nc3ccc(/C=C4\SC(=O)NC4=O)cc3O)c3ccc(C(F)(F)F)cc32)c1,,,,"MolVec 0.9.8 (git b412dd0, Maven Central)",0.3816814199090004
uspto,US07314887-20080101-C00183,O=C(O)c1cccc(-c2cccc(N/N=C3\C(=O)N(c4ccc(CCCC(F)(F)F)cc4)c4ccccc43)c2O)c1,,,,"MolVec 0.9.8 (git b412dd0, Maven Central)",0.30397183634340763
uspto,US07314887-20080101-C00184,Cc1cc(C)cc(N2C(=O)/C(=N\Nc3cccc(-c4cccc(C(=O)O)c4)c3O)c3c(F)cc(C(F)(F)F)cc32)c1,,,,"MolVec 0.9.8 (git b412dd0, Maven Central)",0.3625521883368492
uspto,US07314887-20080101-C00186,Cc1ccc(N2C(=O)/C(=N\Nc3cccc(-c4ccc(C(=O)O)cc4)c3O)c3ccc(C(F)(F)F)cc32)cc1C,,,,"MolVec 0.9.8 (git b412dd0, Maven Central)",0.2557524014264345
uspto,US07314887-20080101-C00187,Cc1ccc(N2C(=O)/C(=N\Nc3cccc(-c4cccc(C(=O)O)c4)c3O)c3ccc(Br)cc32)cc1C,,,,"MolVec 0.9.8 (git b412dd0, Maven Central)",0.24322897009551525
uspto,US07314887-20080101-C00188,Cc1ccc(N2C(=O)/C(=N\Nc3cccc(-c4ccc(C(=O)O)c(F)c4)c3O)c3ccc(C(F)(F)F)cc32)cc1C,,,,"MolVec 0.9.8 (git b412dd0, Maven Central)",0.2803232725709677
uspto,US07314887-20080101-C00189,O=C(O)c1cccc(-c2cccc(N/N=C3\C(=O)N(c4cc(C(F)(F)F)cc(C(F)(F)F)c4)c4cc(C(F)(F)F)ccc43)c2O)c1,,,,"MolVec 0.9.8 (git b412dd0, Maven Central)",0.2597951255738735
uspto,US07314887-20080101-C00190,O=C(O)c1cccc(-c2cccc(N/N=C3\C(=O)N(c4ccc(Cl)c(Cl)c4)c4cc(C(F)(F)F)ccc43)c2O)c1,,,,"MolVec 0.9.8 (git b412dd0, Maven Central)",0.24456747062504292
uspto,US07314887-20080101-C00191,O=C(O)c1cccc(-c2cccc(N/N=C3\C(=O)N(c4cc(Cl)cc(Cl)c4)c4cc(C(F)(F)F)ccc43)c2O)c1,,,,"MolVec 0.9.8 (git b412dd0, Maven Central)",0.2530863359570503
uspto,US07314887-20080101-C00192,C/C(=C\c1ccc(N/N=C2\C(=O)N(c3cc(C)cc(C)c3)c3cc(C(F)(F)F)ccc32)c(O)c1)C(=O)O,,,,"MolVec 0.9.8 (git b412dd0, Maven Central)",0.38565910048782825
uspto,US07314887-20080101-C00193,C/C(=C\c1ccc(N/N=C2\C(=O)N(c3ccc(C)c(C)c3)c3cc(C(F)(F)F)ccc32)c(O)c1)C(=O)O,,,,"MolVec 0.9.8 (git b412dd0, Maven Central)",0.2998658288270235
uspto,US07314887-20080101-C00194,O=C1Nc2c(cccc2-c2ccccc2)/C1=N/Nc1cccc(-c2cccc(C(=O)O)c2)c1O,,,,"MolVec 0.9.8 (git b412dd0, Maven Central)",0.2442374173551798
uspto,US07314887-20080101-C00195,Cc1ccc(N2C(=O)/C(=N\Nc3cccc(-c4cccc(C(=O)O)c4)c3O)c3ccc(OC(F)(F)F)cc32)cc1C,,,,"MolVec 0.9.8 (git b412dd0, Maven Central)",0.2818506881594658
uspto,US07314887-20080101-C00196,CC1=CC=C(N2C(=O)/C(=N\NC3=CC=CC(C4=CC(C(=O)O)=CC=C4)=C3O)C3=C2C=C(OCC(F)(F)(F)F)C=C3)C=C1C,,,,"MolVec 0.9.8 (git b412dd0, Maven Central)",0.3526120278984308
uspto,US07314887-20080101-C00197,Cc1ccc2c(c1)/C(=N/Nc1cccc(-c3cccc(C(=O)O)c3)c1O)C(=O)N2c1ccc(C)c(C)c1,,,,"MolVec 0.9.8 (git b412dd0, Maven Central)",0.3554849773645401
uspto,US07314887-20080101-C00198,Cc1ccc2c(c1)/C(=N/Nc1cccc(-c3cccc(C(=O)O)c3)c1O)C(=O)N2c1ccc(C(C)C)cc1,,,,"MolVec 0.9.8 (git b412dd0, Maven Central)",0.3339134193956852
uspto,US07314887-20080101-C00199,Cc1ccc(N2C(=O)/C(=N\Nc3cccc(-c4cccc(C(=O)O)c4)c3O)c3ccc(-c4ccccc4)cc32)cc1C,,,,"MolVec 0.9.8 (git b412dd0, Maven Central)",0.3594265580177307
uspto,US07314887-20080101-C00200,O=C(O)c1cccc(-c2cccc(N/N=C3\C(=O)N(c4cccc(C(F)(F)F)c4)c4cc(C(F)(F)F)ccc43)c2O)c1,,,,"MolVec 0.9.8 (git b412dd0, Maven Central)",0.38798120245337486
uspto,US07314887-20080101-C00201,O=C(O)c1cccc(-c2cccc(N/N=C3\C(=O)N(c4ccc(OC(F)(F)F)cc4)c4ccc(OC(F)(F)F)cc43)c2O)c1,,,,"MolVec 0.9.8 (git b412dd0, Maven Central)",0.3554132804274559
uspto,US07314887-20080101-C00202,Cc1cc(C)cc(N2C(=O)/C(=N\Nc3cccc(-c4cccc(C(=O)O)c4)c3O)c3ccc(C(F)(F)F)cc32)c1,,,,"MolVec 0.9.8 (git b412dd0, Maven Central)",0.4013107642531395
uspto,US07314887-20080101-C00203,Cc1cc(C)c2c(c1)N(c1cccc(C(F)(F)F)c1)C(=O)/C2=N\Nc1cccc(-c2cccc(C(=O)O)c2)c1O,,,,"MolVec 0.9.8 (git b412dd0, Maven Central)",0.3231517802923918
uspto,US07314887-20080101-C00204,Cc1cc2c(cc1C)N(c1cccc(C(F)(F)F)c1)C(=O)/C2=N\Nc1cccc(-c2cccc(C(=O)O)c2)c1O,,,,"MolVec 0.9.8 (git b412dd0, Maven Central)",0.33168336749076843
uspto,US07314887-20080101-C00205,Cc1cc(C)cc(N2C(=O)/C(=N\Nc3cc(Cl)cc(-c4ccc(F)c(C(=O)O)c4)c3O)c3ccc(C(F)(F)F)cc32)c1,,,,"MolVec 0.9.8 (git b412dd0, Maven Central)",0.39267755672335625
uspto,US07314887-20080101-C00206,Cc1cc(C)cc(N2C(=O)/C(=N\Nc3cccc(-c4ccc(F)c(C(=O)O)c4)c3O)c3ccc(C(F)(F)F)cc32)c1,,,,"MolVec 0.9.8 (git b412dd0, Maven Central)",0.38655050471425056
uspto,US07314887-20080101-C00207,Cc1ccc(N2C(=O)/C(=N\Nc3cccc(-c4cccc(C(=O)O)c4)c3O)c3ccc(Cl)cc32)cc1C,,,,"MolVec 0.9.8 (git b412dd0, Maven Central)",0.32727088034152985
uspto,US07314887-20080101-C00208,CCCc1ccc(N2C(=O)/C(=N\Nc3cccc(-c4cccc(C(=O)O)c4)c3O)c3cc(F)ccc32)cc1,,,,"MolVec 0.9.8 (git b412dd0, Maven Central)",0.32429248094558716
uspto,US07314887-20080101-C00209,Cc1ccc(N2C(=O)/C(=N\Nc3cccc(-c4cccc(C(=O)O)c4)c3O)c3cc(C#N)ccc32)cc1C,,,,"MolVec 0.9.8 (git b412dd0, Maven Central)",0.36424950137734413
uspto,US07314887-20080101-C00210,Cc1cc(C)cc(N2C(=O)/C(=N\Nc3cccc(-c4cccc(C(=O)O)c4)c3O)c3ccc(Cl)cc32)c1,,,,"MolVec 0.9.8 (git b412dd0, Maven Central)",0.34852958284318447
uspto,US07314887-20080101-C00211,Cc1ccc(N2C(=O)/C(=N\Nc3cccc(-c4ccc(F)c(C(=O)O)c4)c3O)c3ccc(C(F)(F)F)cc32)cc1F,,,,"MolVec 0.9.8 (git b412dd0, Maven Central)",0.39738828502595425
uspto,US07314887-20080101-C00212,Cc1cc(N2C(=O)/C(=N\Nc3cccc(-c4cccc(C(=O)O)c4)c3O)c3ccc(C(F)(F)F)cc32)cc(C)c1Cl,,,,"MolVec 0.9.8 (git b412dd0, Maven Central)",0.34219047985970974
uspto,US07314887-20080101-C00213,Cc1cc(C)cc(N2C(=O)/C(=N\Nc3cccc(-c4ccc(F)c(C(=O)O)c4)c3O)c3c(F)cc(C(F)(F)F)cc32)c1,,,,"MolVec 0.9.8 (git b412dd0, Maven Central)",0.48378731310367584
uspto,US07314887-20080101-C00214,O=C(O)c1cccc(-c2cccc(N/N=C3\C(=O)N(c4ccc5c(c4)OCO5)c4cc(C(F)(F)F)ccc43)c2O)c1,,,,"MolVec 0.9.8 (git b412dd0, Maven Central)",0.37791416607797146
uspto,US07314887-20080101-C00215,O=C(O)c1cc(-c2cccc(N/N=C3\C(=O)N(c4ccc5c(c4)OCO5)c4cc(C(F)(F)F)ccc43)c2O)ccc1F,,,,"MolVec 0.9.8 (git b412dd0, Maven Central)",0.3351599667221308
uspto,US07314887-20080101-C00216,Cc1cc(C)cc(N2C(=O)/C(=N\Nc3cccc(-c4ccc(O)c(C(=O)O)c4)c3O)c3ccc(C(F)(F)F)cc32)c1,,,,"MolVec 0.9.8 (git b412dd0, Maven Central)",0.3380566444247961
uspto,US07314887-20080101-C00217,COC(=O)c1cccc(N2C(=O)/C(=N\Nc3cccc(-c4cccc(C(=O)O)c4)c3O)c3ccc(C(F)(F)F)cc32)c1,,,,"MolVec 0.9.8 (git b412dd0, Maven Central)",0.2949049975723028
uspto,US07314887-20080101-C00218,COC(=O)c1cccc(N2C(=O)/C(=N\Nc3cccc(-c4cccc(C(=O)O)c4)c3O)c3ccccc32)c1,,,,"MolVec 0.9.8 (git b412dd0, Maven Central)",0.2233541514724493
uspto,US07314887-20080101-C00219,Cc1ccc(N2C(=O)/C(=N\Nc3cccc(-c4cccc(C(=O)O)c4)c3O)c3cccnc32)cc1C,,,,"MolVec 0.9.8 (git b412dd0, Maven Central)",0.29250852949917316
uspto,US07314887-20080101-C00220,Cc1cc(C)cc(N2C(=O)/C(=N\Nc3cccc(-c4cccc(C(C)(C)C(=O)O)c4)c3O)c3ccc(C(F)(F)F)cc32)c1,,,,"MolVec 0.9.8 (git b412dd0, Maven Central)",0.33072563260793686
uspto,US07314887-20080101-C00221,CN1C(=O)C(=NNc2cccc(-c3cccc(C(=O)O)c3)c2O)C(=O)N(C)C1=O,,,,"MolVec 0.9.8 (git b412dd0, Maven Central)",0.2430818285793066
uspto,US07314887-20080101-C00222,O=C(O)c1cccc(-c2cccc(N/N=C3\C(=O)N(Cc4ccc(C(F)(F)F)cc4)C(=O)c4ccccc43)c2O)c1,,,,"MolVec 0.9.8 (git b412dd0, Maven Central)",0.3054690267890692
uspto,US07314887-20080101-C00223,Cc1ccc(CN2C(=O)/C(=N\Nc3cccc(-c4cccc(C(=O)O)c4)c3O)c3ccccc3C2=O)cc1,,,,"MolVec 0.9.8 (git b412dd0, Maven Central)",0.30702349729835987
uspto,US07314887-20080101-C00224,O=C(O)c1cccc(-c2cccc(N/N=C3\C(=O)N(Cc4ccccc4)C(=O)c4ccccc43)c2O)c1,,,,"MolVec 0.9.8 (git b412dd0, Maven Central)",0.2989859152585268
uspto,US07314887-20080101-C00225,O=C(O)c1cccc(-c2cccc(N/N=C3\C(=O)N(c4ccc(C(F)(F)F)cc4)C(=O)c4ccccc43)c2O)c1,,,,"MolVec 0.9.8 (git b412dd0, Maven Central)",0.28222595527768135
uspto,US07314887-20080101-C00226,O=C(O)c1cccc(-c2cccc(N/N=C3\C(=O)N(c4cccc(C(F)(F)F)c4)C(=O)c4ccccc43)c2O)c1,,,,"MolVec 0.9.8 (git b412dd0, Maven Central)",0.24686162918806076
uspto,US07314887-20080101-C00227,Cc1cc(C)cc(N2C(=O)/C(=N\Nc3cccc(-c4cccc(C(=O)O)c4)c3O)c3ccccc3C2=O)c1,,,,"MolVec 0.9.8 (git b412dd0, Maven Central)",0.2806361373513937
uspto,US07314887-20080101-C00228,O=C(O)c1cccc(-c2cccc(N/N=C3\C(=O)N(c4ccccc4)C(=O)c4ccccc43)c2O)c1,,,,"MolVec 0.9.8 (git b412dd0, Maven Central)",0.27627489157021046
uspto,US07314887-20080101-C00229,Cc1ccc(N2C(=O)/C(=N\Nc3cccc(-c4cccc(C(=O)O)c4)c3O)c3ccccc3C2=O)cc1C,,,,"MolVec 0.9.8 (git b412dd0, Maven Central)",0.2388569712638855
uspto,US07314887-20080101-C00230,Cc1ccc(N2C(=O)/C(=N\Nc3cccc(-c4cccc(C(=O)O)c4)c3F)c3ccc(C(F)(F)F)cc32)cc1C,,,,"MolVec 0.9.8 (git b412dd0, Maven Central)",0.3530431091785431
uspto,US07314887-20080101-C00231,Cc1ccc(N2C(=O)/C(=N\Nc3cccc(/C=C\C(=O)O)c3O)c3ccc(C(F)(F)F)cc32)cc1C,,,,"MolVec 0.9.8 (git b412dd0, Maven Central)",0.24476640671491623
uspto,US07314887-20080101-C00232,Cc1ccc(N2C(=O)/C(=N\Nc3cccc(/C=C\C(=O)O)c3O)c3c(F)cc(C(F)(F)F)cc32)cc1C,,,,"MolVec 0.9.8 (git b412dd0, Maven Central)",0.2519075311720371
uspto,US07314887-20080101-C00233,Cc1ccc(N2C(=O)/C(=N\Nc3cccc(/C=C4\SC(=O)NC4=O)c3O)c3c(F)cc(C(F)(F)F)cc32)cc1C,,,,"MolVec 0.9.8 (git b412dd0, Maven Central)",0.34647380001842976
uspto,US07314887-20080101-C00234,Cc1ccc(N2C(=O)/C(=N\Nc3ccc(/P=C(\Cl)C(=O)O)cc3O)c3ccc(C(F)(F)F)cc32)cc1C,,,,"MolVec 0.9.8 (git b412dd0, Maven Central)",0.33621362783014774
uspto,US07314887-20080101-C00235,CC/C(=C\c1ccc(N/N=C2\C(=O)N(c3ccc(C)c(C)c3)c3cc(C(F)(F)F)ccc32)c(O)c1)C(=O)O,,,,"MolVec 0.9.8 (git b412dd0, Maven Central)",0.31206975132226944
uspto,US07314887-20080101-C00236,Cc1cc(C)cc(N2C(=O)/C(=N\Nc3ccc(/C=C4\C(=O)NC(=O)N4C)cc3O)c3ccc(C(F)(F)F)cc32)c1,,,,"MolVec 0.9.8 (git b412dd0, Maven Central)",0.3140084110200405
uspto,US07314887-20080101-C00237,Cc1cc(C)cc(N2C(=O)/C(=N\Nc3ccc(/C=C4/NC(=O)NC4=O)cc3O)c3ccc(C(F)(F)F)cc32)c1,,,,"MolVec 0.9.8 (git b412dd0, Maven Central)",0.32561581023037434
uspto,US07314887-20080101-C00238,Cc1ccc(N2C(=O)/C(=N\Nc3ccc(/C=C(\F)C(=O)O)cc3O)c3ccc(C(F)(F)F)cc32)cc1C,,,,"MolVec 0.9.8 (git b412dd0, Maven Central)",0.3049812577664852
uspto,US07314887-20080101-C00239,COC(Cc1ccc(N/N=C2\C(=O)N(c3cc(C)cc(C)c3)c3cc(C(F)(F)F)ccc32)c(O)c1)C(=O)O,,,,"MolVec 0.9.8 (git b412dd0, Maven Central)",0.2512422874569893
uspto,US07314887-20080101-C00240,Cc1cc(C)cc(N2C(=O)/C(=N\Nc3cccc(CCCC(=O)O)c3O)c3ccc(C(F)(F)F)cc32)c1,,,,"MolVec 0.9.8 (git b412dd0, Maven Central)",0.27202488854527473
uspto,US07314887-20080101-C00241,Cc1cc(C)cc(N2C(=O)/C(=N\Nc3c(O)cccc3OCCC(=O)O)c3ccc(C(F)(F)F)cc32)c1,,,,"MolVec 0.9.8 (git b412dd0, Maven Central)",0.24656882509589195
uspto,US07314887-20080101-C00242,Cc1cc(C)cc(N2C(=O)/C(=N\Nc3ccc(CCCC(=O)O)cc3O)c3ccc(C(F)(F)F)cc32)c1,,,,"MolVec 0.9.8 (git b412dd0, Maven Central)",0.2707079704850912
uspto,US07314888-20080101-C00091,C1CCC1.CC(=O)NC1CSSCC(C(N)=O)NC(=O)CNC(=O)CNC(=O)C(C23C4:C2C43C2CCC2)NC(=O)C(CO(C)C)NC(=O)C(CC(O)=C23=C4C2=C43)NC(=O)C(CO(C)(C)C2CCC2)NC(=O)C(CCC(=O)N=N)NC(=O)CNC1=O.IN1CCC1.[N-]=[N+]=[N+]1CCC1,,,,"MolVec 0.9.8 (git b412dd0, Maven Central)",1.8357345592230558
uspto,US07314888-20080101-C00092,BC1CC[N+2]1(B)(B)B.B[N+2]1(B)(B)CC([C@H](C)C2NC(=O)C(CC(C)C#N)NC(=O)C(CC(=O)O)NC(=O)C(CC(C)O(C)C3CCC3)NC(=O)C3CCC(=O)ON3C(=O)CNC(=O)C(NC(C)=O)CSSCC(C(N)=O)NC(=O)CNC(=O)C(CC(N)=O)NC2=O)C1.B[N+2]1(B)(B)CCC1.BrN1CCC1,,,,"MolVec 0.9.8 (git b412dd0, Maven Central)",2.1556857340037823
uspto,US07314888-20080101-C00093,C1CCC1.C1CCC1.C=C(O)CC1NC(=O)C(CO(C)C)NC(=O)C(CC(N)=O)NC(=O)CNC(=O)C(NC(C)=O)CSSCC(C(N)=O)NC(=O)CNC(=O)C(CC(=O)O)NC(=O)C(NC)NC(=O)C(CC(C)CC)NC1=O.IN1CCC1,,,,"MolVec 0.9.8 (git b412dd0, Maven Central)",1.936265291646123
uspto,US07314888-20080101-C00096,C#C12CC34C5=C36(C)(C)=CC(C)CC(C(C(CC)CCCCCOC3CCCCCCCC(CCC(CO)CCCC(C)CCCC)CCCCC(CC)CCCC3)CC546)C34C5C36C37C1C32C5467.C1CCC1.C1CCC1.C1CCC1.C1CCC1.CC.CC.CC.CC.CC.CC.CC1CCC2345C6789C%10%11C[C@H](C)C%12%13%14%15%16CC%12C%12C%17%18%19=C%20C2%21%22%23=C%12%132%24%25C%21%12%13C36%21%26C7236%27=C%17%14%24(=C%18%15)C%20%12%19%22%253C=%23=648%21C1%10%1359%26C%11%27C%16.CCC.CCC.CCC.CCCC.CCCC.CCCC(C)OCCCCCC123CC45=C(C4)C54C5(C)CC5CC56789C%10%11C5%12%13C415%14C%12614%15C%10%1376%12C7%10C%13%16%17%18=C%11861%19(C)C7%13168C%16C5%17147(C)(C2C367)C%10%14%189%128%15%19.CCCOCCCCCC12CC3C4C(C)C345678C34C59%10%11=C365%12=C4736%13C47C%14%15%16(C)C%17%18%19=C4%149%20%21%22C%1749CC(C14)C9%181C2%1038%20(C)C71%19%1556%21C%16%11%12%13%22.CCN.CN[NH+]=[N-].CO,,,,"MolVec 0.9.8 (git b412dd0, Maven Central)",71.81482577137649
uspto,US07314888-20080101-C00097,C1CCC1.C1CCC1.C1CCC1.C1CCC1.CC(=O)NC1CSSCC(C(N)=O)NC(=O)C(CC(=O)C2=C#C2)NC(=O)CNC(=O)C(CO(C)(C)C)NC(=O)C(C)NC(=O)C(C[SH](C)C2CCC2)NC(=O)C(CO(C)C)NC(=O)C(C/C(N)=C/O)NC(=O)CNC1=O,,,,"MolVec 0.9.8 (git b412dd0, Maven Central)",1.623465672135353
uspto,US07314888-20080101-C00098,C.C1CCC1.C1CCC1.C1CCC1.C1CCC1.CC.CC.CC.CC.CC.CC1C(C)C234567=C89C2%10%11%12C2%13%14C%103%15C823%10C28%16%17C(CC%13)C2C2=C8%13%18%19%20=C(C2%16%13)C%182C%198%13%16%18=CC8%19C48%21(C15)C%131C%15%11864C%143%125C12%10%17%16%20C%1995%214%187.CCC.CCC.CCC12CC3C4C567(C)C8CC38459%10=C634=C=975C3C367C89C%11C%12C1%13(C2)C12C83%14%15C96(C)C%11%121%13%14C2745%15%10.CCCC1C23CC4C5C6C4(C)CCCC47C8C49%10C74C7%11%12=C9%13%14%15%16C9C%13%17%18%19C%13%20C2C%132%21C%13(CC12%17C9%13%20%18%14C7%19%15C84%10%11%16C%12CC)C563%21.CCCCC12C3C4(C)C1C342.CCCCC12C3C45CC314C25.CCCCC12C3C45CC314C25.CCCCCC(CCCCCC(C(C)COCC)C(CC)COCC)CCC(O)CCCC(CCCC(C)CC)CCCC(C)CCC(C)OCCCC1C2[C@]34C15[C@]31CCC3C678C9%10C%11%12%13=C(C396(C)C)C%107%11369%14C7(C4183)C61348%10=C6%11C%15C%16(C)(C61C31C4C2518)C=%129C=%13%157%11%16%10%14.CO,,,,"MolVec 0.9.8 (git b412dd0, Maven Central)",40.057285372167826
uspto,US07314888-20080101-C00102,C=C123CC1[C@H](CCCC2C)C3.CC.CC12CC3C4C3C3(C1)C4[C@@H]3C2.CCC.CCC.CCC[C@]12C3CC4(C)CC5C4C31C52,,,,"MolVec 0.9.8 (git b412dd0, Maven Central)",1.0195279438048601
uspto,US07314888-20080101-C00103,C=C.C=C(C)C.C=CC12CCC1[C@@H]2C.CCC.CCC.CC[O-],,,,"MolVec 0.9.8 (git b412dd0, Maven Central)",0.5747692510485649
uspto,US07314888-20080101-C00104,CC.CCCC.CCCC.CCCCC(C)CCC,,,,"MolVec 0.9.8 (git b412dd0, Maven Central)",0.58766876347363
uspto,US07314888-20080101-C00125,CC(C)COc1ccc(C(=O)c2ccc(OCC(C)C)c(CCC(=O)O)c2)c(O)c1,,,,"MolVec 0.9.8 (git b412dd0, Maven Central)",0.35253855772316456
uspto,US07314888-20080101-C00127,CC(C)COc1cc(OCC(C)C)cc(C(=O)c2ccc(OCC(C)C)c(CCC(=O)O)c2)c1,,,,"MolVec 0.9.8 (git b412dd0, Maven Central)",0.24243052303791046
uspto,US07314889-20080101-C00006,CN(CCOc1ccc(C[C@H](OCC(F)(F)F)C(=O)O)cc1)c1nc2ccccc2o1,,,,"MolVec 0.9.8 (git b412dd0, Maven Central)",0.2129373960196972
uspto,US07314889-20080101-C00009,Cc1ccccc1Nc1nc2ccc(CC(=O)Nc3ccc(C(C)CCC(=O)O)cc3)cc2o1,,,,"MolVec 0.9.8 (git b412dd0, Maven Central)",0.5611818116158247
uspto,US07314889-20080101-C00011,O=C(NCCC1CCNCC1)c1cccc(C(=O)NCC(NS(=O)(=O)BO)C(=O)O)c1,,,,"MolVec 0.9.8 (git b412dd0, Maven Central)",0.2689698562026024
uspto,US07314889-20080101-C00013,CCOC(=O)C(O)Cc1ccc(OCCC2CCNCC2)cc1,,,,"MolVec 0.9.8 (git b412dd0, Maven Central)",0.16894417256116867
uspto,US07314889-20080101-C00016,CCO[C@@H](Cc1ccc(OCCc2ccc(S(C)(=O)(O)O)cc2)cc1)C(=O)O,,,,"MolVec 0.9.8 (git b412dd0, Maven Central)",0.2731882594525814
uspto,US07314889-20080101-C00018,CCOC(=O)CCCOc1cccc(OCc2ccc3ccccc3n2)c1,,,,"MolVec 0.9.8 (git b412dd0, Maven Central)",0.21712682582437992
uspto,US07314889-20080101-C00019,CCO[C@@H](Cc1ccc(OCCc2ccc(OS(C)(=O)=O)cc2)cc1)C(=O)O,,,,"MolVec 0.9.8 (git b412dd0, Maven Central)",0.4024710189551115
uspto,US07314889-20080101-C00021,CCOC(Cc1ccc(OC/C=C(\c2ccccc2)c2ccccc2Cl)cc1)C(=O)O,,,,"MolVec 0.9.8 (git b412dd0, Maven Central)",0.22626220621168613
uspto,US07314889-20080101-C00035,CS(=O)(=O)OCCCc1ccc(OS(C)(=O)=O)cc1,,,,"MolVec 0.9.8 (git b412dd0, Maven Central)",0.10684733837842941
uspto,US07314889-20080101-C00036,CS(=O)(=O)OCCCc1cccc(OS(C)(=O)=O)c1,,,,"MolVec 0.9.8 (git b412dd0, Maven Central)",0.094640351831913
uspto,US07314889-20080101-C00037,Cc1ccc(S(=O)(=O)OCCCc2ccc(OS(=O)(=O)c3ccc(C)cc3)cc2)cc1,,,,"MolVec 0.9.8 (git b412dd0, Maven Central)",0.18123729526996613
uspto,US07314889-20080101-C00038,O=[N+]([O-])c1ccc(OCCBr)cc1,,,,"MolVec 0.9.8 (git b412dd0, Maven Central)",0.11966378800570965
uspto,US07314889-20080101-C00039,CCOC(=O)C(Cc1ccc(N)cc1)OCC,,,,"MolVec 0.9.8 (git b412dd0, Maven Central)",0.12197806313633919
uspto,US07314889-20080101-C00040,CCOC(Cc1ccc(N)cc1)C(=O)OC,,,,"MolVec 0.9.8 (git b412dd0, Maven Central)",0.11557781510055065
uspto,US07314889-20080101-C00041,CCOC(=O)C(Cc1cccc(N)c1)OCC,,,,"MolVec 0.9.8 (git b412dd0, Maven Central)",0.06318674050271511
uspto,US07314889-20080101-C00042,CCOC(=O)C(Cc1ccc([N+](=O)[O-])cc1)OC(C)C,,,,"MolVec 0.9.8 (git b412dd0, Maven Central)",0.06943042576313019
uspto,US07314889-20080101-C00043,CCOC(=O)C(Cc1ccc(N)cc1)OC(C)C,,,,"MolVec 0.9.8 (git b412dd0, Maven Central)",0.09137166477739811
uspto,US07314889-20080101-C00044,CS(=O)(=O)Oc1ccc(C=O)cc1,,,,"MolVec 0.9.8 (git b412dd0, Maven Central)",0.08229308016598225
uspto,US07314889-20080101-C00045,OCCc1ccc(O)cc1,,,,"MolVec 0.9.8 (git b412dd0, Maven Central)",0.08854058384895325
uspto,US07314889-20080101-C00046,CS(=O)(=O)OCCc1ccc(OS(C)(=O)=O)cc1,,,,"MolVec 0.9.8 (git b412dd0, Maven Central)",0.1012557353824377
uspto,US07314889-20080101-C00047,COC(=O)Cc1ccc(OS(C)(=O)=O)cc1,,,,"MolVec 0.9.8 (git b412dd0, Maven Central)",0.09834722802042961
uspto,US07314889-20080101-C00048,CS(=O)(=O)Oc1ccc(CC(=O)O)cc1,,,,"MolVec 0.9.8 (git b412dd0, Maven Central)",0.09116742014884949
uspto,US07314889-20080101-C00049,COC(=O)/C=C/c1ccc([N+](=O)[O-])cc1,,,,"MolVec 0.9.8 (git b412dd0, Maven Central)",0.0524918157607317
uspto,US07314889-20080101-C00050,COC(=O)CCc1ccc(N)cc1,,,,"MolVec 0.9.8 (git b412dd0, Maven Central)",0.060393037274479866
uspto,US07314889-20080101-C00051,Nc1ccc(CCCO)cc1,,,,"MolVec 0.9.8 (git b412dd0, Maven Central)",0.05752884782850742
uspto,US07314889-20080101-C00052,CC(C)(C)OC(=O)Nc1ccc(CCCO)cc1,,,,"MolVec 0.9.8 (git b412dd0, Maven Central)",0.10669507645070553
uspto,US07314889-20080101-C00053,CC(C)(C)OC(=O)N(c1ccc(CCCOS(C)(=O)=O)cc1)S(C)(=O)=O,,,,"MolVec 0.9.8 (git b412dd0, Maven Central)",0.1458605695515871
uspto,US07314889-20080101-C00054,COC(=O)/C=C/c1ccc(O)cc1,,,,"MolVec 0.9.8 (git b412dd0, Maven Central)",0.052441589534282684
uspto,US07314889-20080101-C00055,OC/C=C/c1ccc(O)cc1,,,,"MolVec 0.9.8 (git b412dd0, Maven Central)",0.0608974564820528
uspto,US07314889-20080101-C00056,CS(=O)(=O)Oc1ccc(/C=C/CCl)cc1,,,,"MolVec 0.9.8 (git b412dd0, Maven Central)",0.05377870611846447
uspto,US07314889-20080101-C00057,CS(=O)(=O)Oc1ccc(/C=C/C(=O)O)cc1,,,,"MolVec 0.9.8 (git b412dd0, Maven Central)",0.07097680866718292
uspto,US07314889-20080101-C00058,CS(=O)(=O)Oc1ccc(CCC(=O)O)cc1,,,,"MolVec 0.9.8 (git b412dd0, Maven Central)",0.060438940301537514
uspto,US07314889-20080101-C00060,C=C/C=C\C1=C2#CC=CC=C2CN(C2=CC=C(CC(OCC)C(=O)OCC)C=C2)C1,,,,"MolVec 0.9.8 (git b412dd0, Maven Central)",0.10229485481977463
uspto,US07314889-20080101-C00061,C=C/C=C\C1=C2#CC=CC=C2CN(C2=CC=C(CC(OCC)C(=O)O)C=C2)C1,,,,"MolVec 0.9.8 (git b412dd0, Maven Central)",0.09985378943383694
uspto,US07314889-20080101-C00063,C/C=C\C=C1\CN(c2ccc(C[C@H](OCC)C(=O)O)cc2)Cc2ccccc21,,,,"MolVec 0.9.8 (git b412dd0, Maven Central)",0.1409806776791811
uspto,US07314889-20080101-C00064,C/C=C\C=C1\CN(c2ccc(C[C@@H](OCC)C(=O)O)cc2)Cc2ccccc21,,,,"MolVec 0.9.8 (git b412dd0, Maven Central)",0.14070019125938416
uspto,US07314889-20080101-C00065,C/C=C\C=C1\CN(c2ccc(C[C@H](OCC)C(=O)OCC)cc2)Cc2ccccc21,,,,"MolVec 0.9.8 (git b412dd0, Maven Central)",0.11487995646893978
uspto,US07314889-20080101-C00066,C/C=C\C=C1\CN(c2ccc(C[C@@H](OCC)C(=O)OCC)cc2)Cc2ccccc21,,,,"MolVec 0.9.8 (git b412dd0, Maven Central)",0.10622081719338894
uspto,US07314889-20080101-C00070,CCOC(=O)[C@H](Cc1ccc(N)cc1)OC,,,,"MolVec 0.9.8 (git b412dd0, Maven Central)",0.1624207552522421
uspto,US07314889-20080101-C00072,CCOC(=O)[C@H](Cc1ccc(NCCCc2ccc(OS(C)(=O)=O)cc2)cc1)OC,,,,"MolVec 0.9.8 (git b412dd0, Maven Central)",0.1671003233641386
uspto,US07314889-20080101-C00073,CCOC(=O)C(Cc1ccc(NCCCc2ccc(OS(C)(=O)=O)cc2)cc1)OCC,,,,"MolVec 0.9.8 (git b412dd0, Maven Central)",0.1838087346404791
uspto,US07314889-20080101-C00074,CCOC(=O)[C@H](Cc1ccc(NCCCc2ccc(OS(C)(=O)=O)cc2)cc1)OCC,,,,"MolVec 0.9.8 (git b412dd0, Maven Central)",0.16198024526238441
uspto,US07314889-20080101-C00075,CCOC(=O)C(Cc1ccc(NC(=O)OCCCc2ccc(OS(C)(=O)=O)cc2)cc1)OCC,,,,"MolVec 0.9.8 (git b412dd0, Maven Central)",0.15780865959823132
uspto,US07314889-20080101-C00076,CCOC(=O)C(Cc1ccc(NCCCc2cccc(OS(C)(=O)=O)c2)cc1)OCC,,,,"MolVec 0.9.8 (git b412dd0, Maven Central)",0.2008736953139305
uspto,US07314889-20080101-C00077,CCOC(=O)C(Cc1ccc(NCCCc2ccc(OS(=O)(=O)c3ccc(C)cc3)cc2)cc1)OCC,,,,"MolVec 0.9.8 (git b412dd0, Maven Central)",1.0349439475685358
uspto,US07314889-20080101-C00078,CCOC(=O)C(Cc1cccc(NCCCc2ccc(OS(C)(=O)=O)cc2)c1)OCC,,,,"MolVec 0.9.8 (git b412dd0, Maven Central)",0.16331077553331852
uspto,US07314889-20080101-C00079,CCOC(=O)C(Cc1ccc(NCCCc2ccc(OS(C)(=O)=O)cc2)cc1)OC(C)C,,,,"MolVec 0.9.8 (git b412dd0, Maven Central)",0.8239773903042078
uspto,US07314889-20080101-C00080,CCOC(=O)C(Cc1ccc(NCCc2ccc(OS(C)(=O)=O)cc2)cc1)OCC,,,,"MolVec 0.9.8 (git b412dd0, Maven Central)",0.2517918162047863
uspto,US07314889-20080101-C00081,CCOC(=O)[C@H](Cc1ccc(NCCc2ccc(OS(C)(=O)=O)cc2)cc1)OCC,,,,"MolVec 0.9.8 (git b412dd0, Maven Central)",0.17132662795484066
uspto,US07314889-20080101-C00082,CCOC(=O)C(Cc1ccc(NC/C=C/c2ccc(OS(C)(=O)=O)cc2)cc1)OCC,,,,"MolVec 0.9.8 (git b412dd0, Maven Central)",0.14721009321510792
uspto,US07314889-20080101-C00083,CCOC(=O)[C@@H](Cc1ccc(NC/C=C/c2ccc(OS(C)(=O)=O)cc2)cc1)OCC,,,,"MolVec 0.9.8 (git b412dd0, Maven Central)",0.12246960215270519
uspto,US07314889-20080101-C00084,CCOC(Cc1ccc(NCc2ccc(OS(C)(=O)=O)cc2)cc1)C(=O)OC,,,,"MolVec 0.9.8 (git b412dd0, Maven Central)",0.2657373882830143
uspto,US07314889-20080101-C00085,CO[C@@H](Cc1ccc(NCCCc2ccc(OS(C)(=O)=O)cc2)cc1)C(=O)O,,,,"MolVec 0.9.8 (git b412dd0, Maven Central)",0.1667118053883314
uspto,US07314889-20080101-C00086,CCOC(Cc1ccc(NCCCc2ccc(OS(C)(=O)=O)cc2)cc1)C(=O)O,,,,"MolVec 0.9.8 (git b412dd0, Maven Central)",0.12256035022437572
uspto,US07314889-20080101-C00087,CCOC(Cc1ccc(NC(=O)OCCCc2ccc(OS(C)(=O)=O)cc2)cc1)C(=O)O,,,,"MolVec 0.9.8 (git b412dd0, Maven Central)",0.1407665591686964
uspto,US07314889-20080101-C00088,CCO[C@@H](Cc1ccc(NCCCc2ccc(OS(C)(=O)=O)cc2)cc1)C(=O)O,,,,"MolVec 0.9.8 (git b412dd0, Maven Central)",0.26259807124733925
uspto,US07314889-20080101-C00089,CCOC(Cc1ccc(NCCCc2cccc(OS(C)(=O)=O)c2)cc1)C(=O)O,,,,"MolVec 0.9.8 (git b412dd0, Maven Central)",0.13698908872902393
uspto,US07314889-20080101-C00090,CCOC(Cc1ccc(NCCCc2ccc(OS(=O)(=O)c3ccc(C)cc3)cc2)cc1)C(=O)O,,,,"MolVec 0.9.8 (git b412dd0, Maven Central)",0.15164631977677345
uspto,US07314889-20080101-C00091,CCOC(Cc1cccc(NCCCc2ccc(OS(C)(=O)=O)cc2)c1)C(=O)O,,,,"MolVec 0.9.8 (git b412dd0, Maven Central)",0.1748127080500126
uspto,US07314889-20080101-C00092,CC(C)OC(Cc1ccc(NCCCc2ccc(OS(C)(=O)=O)cc2)cc1)C(=O)O,,,,"MolVec 0.9.8 (git b412dd0, Maven Central)",0.13921731896698475
uspto,US07314889-20080101-C00094,CCOC(Cc1ccc(NCCc2ccc(OS(C)(=O)=O)cc2)cc1)C(=O)O,,,,"MolVec 0.9.8 (git b412dd0, Maven Central)",0.14802256040275097
uspto,US07314889-20080101-C00095,CCO[C@@H](Cc1ccc(NCCc2ccc(OS(C)(=O)=O)cc2)cc1)C(=O)O,,,,"MolVec 0.9.8 (git b412dd0, Maven Central)",0.1279552560299635
uspto,US07314889-20080101-C00096,CCO[C@H](Cc1ccc(NC/C=C/c2ccc(OS(C)(=O)=O)cc2)cc1)C(=O)O,,,,"MolVec 0.9.8 (git b412dd0, Maven Central)",0.148750938475132
uspto,US07314889-20080101-C00097,CCOC(=O)C(Cc1ccc(NC(=O)Cc2ccc(OS(C)(=O)=O)cc2)cc1)OCC,,,,"MolVec 0.9.8 (git b412dd0, Maven Central)",0.13604740053415298
uspto,US07314889-20080101-C00098,CCOC(Cc1ccc(NC/C=C/c2ccc(OS(C)(=O)=O)cc2)cc1)C(=O)O,,,,"MolVec 0.9.8 (git b412dd0, Maven Central)",0.17208696901798248
uspto,US07314889-20080101-C00099,CCOC(Cc1ccc(NC(=O)Cc2ccc(OS(C)(=O)=O)cc2)cc1)C(=O)O,,,,"MolVec 0.9.8 (git b412dd0, Maven Central)",0.12678383477032185
uspto,US07314889-20080101-C00100,CCOC(=O)C(Cc1ccc(NCCCc2ccc(N(C(=O)OC(C)(C)C)S(C)(=O)=O)cc2)cc1)OCC,,,,"MolVec 0.9.8 (git b412dd0, Maven Central)",0.21623474173247814
uspto,US07314889-20080101-C00101,CCOC(Cc1ccc(NCCCc2ccc(N(C(=O)OC(C)(C)C)S(C)(=O)=O)cc2)cc1)C(=O)O,,,,"MolVec 0.9.8 (git b412dd0, Maven Central)",0.19006145186722279
uspto,US07314889-20080101-C00102,CCOC(=O)C(Cc1ccc(NC(=O)/C=C/c2ccc(OS(C)(=O)=O)cc2)cc1)OCC,,,,"MolVec 0.9.8 (git b412dd0, Maven Central)",0.18323788046836853
uspto,US07314889-20080101-C00103,CCOC(Cc1ccc(NC(=O)/C=C/c2ccc(OS(C)(=O)=O)cc2)cc1)C(=O)O,,,,"MolVec 0.9.8 (git b412dd0, Maven Central)",0.12271380983293056
uspto,US07314889-20080101-C00104,CCOC(=O)C(Cc1ccc(NC(=O)CCc2ccc(OS(C)(=O)=O)cc2)cc1)OCC,,,,"MolVec 0.9.8 (git b412dd0, Maven Central)",0.13522028736770153
uspto,US07314889-20080101-C00105,CCOC(Cc1ccc(NC(=O)CCc2ccc(OS(C)(=O)=O)cc2)cc1)C(=O)O,,,,"MolVec 0.9.8 (git b412dd0, Maven Central)",0.17255044914782047
uspto,US07314889-20080101-C00113,CCOC(=O)[C@H](Cc1ccc(NC/C=C/c2ccc(OS(C)(=O)=O)cc2)cc1)OC,,,,"MolVec 0.9.8 (git b412dd0, Maven Central)",0.16544758342206478
uspto,US07314889-20080101-C00114,CO[C@@H](Cc1ccc(NC/C=C/c2ccc(OS(C)(=O)=O)cc2)cc1)C(=O)O,,,,"MolVec 0.9.8 (git b412dd0, Maven Central)",0.1521866600960493
uspto,US07314889-20080101-C00115,CCOC(=O)[C@H](Cc1ccc(NCCCc2cccc(CS(C)(=O)=O)c2)cc1)OC,,,,"MolVec 0.9.8 (git b412dd0, Maven Central)",0.1229008212685585
uspto,US07314889-20080101-C00116,CO[C@@H](Cc1ccc(NCCCc2cccc(OS(C)(=O)=O)c2)cc1)C(=O)O,,,,"MolVec 0.9.8 (git b412dd0, Maven Central)",0.1593230850994587
uspto,US07314889-20080101-C00118,CCOC(=O)[C@H](Cc1ccc(N(C/C=C/c2ccc(OS(C)(=O)=O)cc2)C(=O)c2ccccc2)cc1)OCC,,,,"MolVec 0.9.8 (git b412dd0, Maven Central)",0.21925843693315983
uspto,US07314889-20080101-C00119,CCO[C@@H](Cc1ccc(N(C/C=C/c2ccc(OS(C)(=O)=O)cc2)C(=O)c2ccccc2)cc1)C(=O)O,,,,"MolVec 0.9.8 (git b412dd0, Maven Central)",0.2554105557501316
uspto,US07314889-20080101-C00121,COC(=O)[C@H](Cc1ccc(N(C/C=C/c2ccc(OS(C)(=O)=O)cc2)C(=O)c2ccccc2)cc1)OC,,,,"MolVec 0.9.8 (git b412dd0, Maven Central)",0.18271568976342678
uspto,US07314889-20080101-C00122,CO[C@@H](Cc1ccc(N(C/C=C/c2ccc(OS(C)(=O)=O)cc2)C(=O)c2ccccc2)cc1)C(=O)O,,,,"MolVec 0.9.8 (git b412dd0, Maven Central)",0.2020067311823368
uspto,US07314890-20080101-C00004,CCCC1([C@@H](O)C/C=C/CN(CCCCCCC(=O)O)S(C)(=O)=O)CCC1,,,,"MolVec 0.9.8 (git b412dd0, Maven Central)",0.27564288303256035
uspto,US07314897-20080101-C00007,Cc1ccc(C2C(=O)Oc3c2cc(C(C)(C)C)cc3C(C)(C)C)cc1C,,,,"MolVec 0.9.8 (git b412dd0, Maven Central)",0.3324844166636467
uspto,US07314897-20080101-C00013,CCCCC1(CC)COP(Oc2c(C(C)(C)C)cc(CC)cc2C(C)(C)C)OC1,,,,"MolVec 0.9.8 (git b412dd0, Maven Central)",0.5222634114325047
uspto,US07314933-20080101-C00026,FC(F)(F)c1ccc(Nc2cc(Cl)ncn2)cc1,,,,"MolVec 0.9.8 (git b412dd0, Maven Central)",0.07369613274931908
uspto,US07314933-20080101-C00028,FC(F)(F)c1ccc(Nc2cc(-c3cccc4cccnc34)ncn2)cc1,,,,"MolVec 0.9.8 (git b412dd0, Maven Central)",0.16020595282316208
uspto,US07314933-20080101-C00029,FC(F)(F)c1ccc(Nc2cc(-c3ccc4ncccc4c3)ncn2)cc1,,,,"MolVec 0.9.8 (git b412dd0, Maven Central)",0.09535947814583778
uspto,US07314933-20080101-C00030,FC(F)(F)c1ccc(Nc2cc(-c3ccc4[nH]ccc4c3)ncn2)cc1,,,,"MolVec 0.9.8 (git b412dd0, Maven Central)",0.10099368914961815
uspto,US07314933-20080101-C00031,FC(F)(F)c1ccc(Nc2cc(-c3cccc4ncccc34)ncn2)cc1,,,,"MolVec 0.9.8 (git b412dd0, Maven Central)",0.1782031301409006
uspto,US07314933-20080101-C00032,FC(F)(F)c1ccc(Nc2cc(-c3ccc4c(c3)OCCCO4)ncn2)cc1,,,,"MolVec 0.9.8 (git b412dd0, Maven Central)",0.10545175522565842
uspto,US07314933-20080101-C00033,FC(F)(F)c1ccc(Nc2cc(-c3ccc4c(c3)CCO4)ncn2)cc1,,,,"MolVec 0.9.8 (git b412dd0, Maven Central)",0.13039467111229897
uspto,US07314933-20080101-C00034,FC(F)(F)c1ccc(Nc2cc(-c3cccc4cnccc34)ncn2)cc1,,,,"MolVec 0.9.8 (git b412dd0, Maven Central)",0.17952873557806015
uspto,US07314933-20080101-C00037,FC(F)(F)c1ccc(Nc2cc(-c3ccc4cccnc4c3)ncn2)cc1,,,,"MolVec 0.9.8 (git b412dd0, Maven Central)",0.16316074691712856
uspto,US07314933-20080101-C00039,FC(F)(F)c1ccc(Oc2cc(Cl)ncn2)cc1,,,,"MolVec 0.9.8 (git b412dd0, Maven Central)",0.12177163362503052
uspto,US07314934-20080101-C00018,CSc1nc(Cl)c(C=O)c(Nc2c(F)cccc2F)n1,,,,"MolVec 0.9.8 (git b412dd0, Maven Central)",0.1829831339418888
uspto,US07314934-20080101-C00019,CSc1nc(Cl)c(C=O)c(Nc2ccccc2Cl)n1,,,,"MolVec 0.9.8 (git b412dd0, Maven Central)",0.08799446001648903
uspto,US07314934-20080101-C00020,CSc1nc(Cl)c(C=O)c(Nc2ccccc2F)n1,,,,"MolVec 0.9.8 (git b412dd0, Maven Central)",0.1329128835350275
uspto,US07314934-20080101-C00021,CCC(CC)Nc1nc(SC)nc(Cl)c1C=O,,,,"MolVec 0.9.8 (git b412dd0, Maven Central)",0.11386524885892868
uspto,US07314934-20080101-C00022,CSc1nc(Cl)c(C=O)c(NC(C)C)n1,,,,"MolVec 0.9.8 (git b412dd0, Maven Central)",0.11280696094036102
uspto,US07314934-20080101-C00023,CSc1nc(Cl)c(C=O)c(NC2CC2)n1,,,,"MolVec 0.9.8 (git b412dd0, Maven Central)",0.07801418006420135
uspto,US07314934-20080101-C00024,CCC(C)Nc1nc(SC)nc(Cl)c1C=O,,,,"MolVec 0.9.8 (git b412dd0, Maven Central)",0.14388317242264748
uspto,US07314934-20080101-C00025,CSc1nc(Cl)c(C=O)c(NCC2CC2)n1,,,,"MolVec 0.9.8 (git b412dd0, Maven Central)",0.08713487349450588
uspto,US07314934-20080101-C00026,CSc1nc(N)c(C=O)c(Cl)n1,,,,"MolVec 0.9.8 (git b412dd0, Maven Central)",0.060617027804255486
uspto,US07314934-20080101-C00027,CSc1nc(Nc2ccccc2)c(C=O)c(-c2ccccc2)n1,,,,"MolVec 0.9.8 (git b412dd0, Maven Central)",0.11276277527213097
uspto,US07314934-20080101-C00028,CSc1nc(Nc2c(F)cccc2F)c(C=O)c(-c2ccc(F)cc2C)n1,,,,"MolVec 0.9.8 (git b412dd0, Maven Central)",0.24216949753463268
uspto,US07314934-20080101-C00029,CCC(CC)Nc1nc(SC)nc(-c2ccc(F)cc2C)c1C=O,,,,"MolVec 0.9.8 (git b412dd0, Maven Central)",0.13062847405672073
uspto,US07314934-20080101-C00030,CCC(CC)Nc1nc(SC)nc(-c2ccccc2Cl)c1C=O,,,,"MolVec 0.9.8 (git b412dd0, Maven Central)",0.09444576315581799
uspto,US07314934-20080101-C00031,CSc1nc(Nc2ccccc2Cl)c(C=O)c(-c2ccccc2Cl)n1,,,,"MolVec 0.9.8 (git b412dd0, Maven Central)",0.1226461622864008
uspto,US07314934-20080101-C00032,CSc1nc(Nc2ccccc2Cl)c(C=O)c(-c2ccccc2F)n1,,,,"MolVec 0.9.8 (git b412dd0, Maven Central)",0.1183040551841259
uspto,US07314934-20080101-C00034,CSc1nc(NC(C)C)c(C=O)c(-c2ccccc2F)n1,,,,"MolVec 0.9.8 (git b412dd0, Maven Central)",0.13529843650758266
uspto,US07314934-20080101-C00035,CSc1nc(NC2CC2)c(C=O)c(-c2ccccc2F)n1,,,,"MolVec 0.9.8 (git b412dd0, Maven Central)",0.08881636150181293
uspto,US07314934-20080101-C00036,CSc1nc(NCC2CC2)c(C=O)c(-c2ccccc2F)n1,,,,"MolVec 0.9.8 (git b412dd0, Maven Central)",0.1016828678548336
uspto,US07314934-20080101-C00037,CSc1nc(Nc2c(F)cccc2F)c(C=O)c(-c2ccccc2F)n1,,,,"MolVec 0.9.8 (git b412dd0, Maven Central)",0.1537929531186819
uspto,US07314934-20080101-C00038,CSc1nc(Nc2ccccc2F)c(C=O)c(-c2ccccc2F)n1,,,,"MolVec 0.9.8 (git b412dd0, Maven Central)",0.1073157824575901
uspto,US07314934-20080101-C00039,CC[C@H](C)Nc1nc(SC)nc(-c2ccccc2F)c1C=O,,,,"MolVec 0.9.8 (git b412dd0, Maven Central)",0.17078307271003723
uspto,US07314934-20080101-C00040,CSc1nc(NC(C)C)c(C=O)c(-c2ccc(F)cc2C)n1,,,,"MolVec 0.9.8 (git b412dd0, Maven Central)",0.13946506939828396
uspto,US07314934-20080101-C00041,CSc1nc(NC2CC2)c(C=O)c(-c2ccc(F)cc2C)n1,,,,"MolVec 0.9.8 (git b412dd0, Maven Central)",0.5365962889045477
uspto,US07314934-20080101-C00042,CSc1nc(NCC2CC2)c(C=O)c(-c2ccc(F)cc2C)n1,,,,"MolVec 0.9.8 (git b412dd0, Maven Central)",0.10871157795190811
uspto,US07314934-20080101-C00043,CSc1nc(Nc2ccccc2F)c(C=O)c(-c2ccc(F)cc2C)n1,,,,"MolVec 0.9.8 (git b412dd0, Maven Central)",0.1344185583293438
uspto,US07314934-20080101-C00044,CCC(C)Nc1nc(SC)nc(-c2ccc(F)cc2C)c1C=O,,,,"MolVec 0.9.8 (git b412dd0, Maven Central)",0.11545135267078876
uspto,US07314934-20080101-C00045,CSc1nc(-c2ccccc2)c2ccc(=O)n(-c3ccccc3)c2n1,,,,"MolVec 0.9.8 (git b412dd0, Maven Central)",0.13840125128626823
uspto,US07314934-20080101-C00046,CCOC(=O)/C=C/c1c(Nc2c(F)cccc2F)nc(SC)nc1-c1ccc(F)cc1C,,,,"MolVec 0.9.8 (git b412dd0, Maven Central)",0.20467634312808514
uspto,US07314934-20080101-C00047,CSc1nc(-c2ccc(F)cc2C)c2ccc(=O)n(-c3c(F)cccc3F)c2n1,,,,"MolVec 0.9.8 (git b412dd0, Maven Central)",0.22080088034272194
uspto,US07314934-20080101-C00048,CSc1nc(-c2ccccc2F)c2ccc(=O)n(-c3ccccc3F)c2n1,,,,"MolVec 0.9.8 (git b412dd0, Maven Central)",0.145658940076828
uspto,US07314934-20080101-C00049,CSc1nc(-c2ccccc2F)c2ccc(=O)n(-c3ccccc3Cl)c2n1,,,,"MolVec 0.9.8 (git b412dd0, Maven Central)",0.11735771223902702
uspto,US07314934-20080101-C00050,CSc1nc(-c2ccccc2Cl)c2ccc(=O)n(-c3ccccc3Cl)c2n1,,,,"MolVec 0.9.8 (git b412dd0, Maven Central)",0.22983245737850666
uspto,US07314934-20080101-C00051,CSc1nc(-c2ccccc2F)c2ccc(=O)n(CC3CC3)c2n1,,,,"MolVec 0.9.8 (git b412dd0, Maven Central)",0.46584590524435043
uspto,US07314934-20080101-C00052,CSc1nc(-c2ccccc2F)c2ccc(=O)n(C3CC3)c2n1,,,,"MolVec 0.9.8 (git b412dd0, Maven Central)",0.09872104413807392
uspto,US07314934-20080101-C00053,CC[C@H](C)n1c(=O)ccc2c(-c3ccccc3F)nc(SC)nc21,,,,"MolVec 0.9.8 (git b412dd0, Maven Central)",0.14201882481575012
uspto,US07314934-20080101-C00054,CSc1nc(-c2ccccc2F)c2ccc(=O)n(C(C)C)c2n1,,,,"MolVec 0.9.8 (git b412dd0, Maven Central)",0.12437430024147034
uspto,US07314934-20080101-C00055,CSc1nc(-c2ccc(F)cc2C)c2ccc(=O)n(CC3CC3)c2n1,,,,"MolVec 0.9.8 (git b412dd0, Maven Central)",0.12998510152101517
uspto,US07314934-20080101-C00056,CSc1nc(-c2ccc(F)cc2C)c2ccc(=O)n(C3CC3)c2n1,,,,"MolVec 0.9.8 (git b412dd0, Maven Central)",0.19248886033892632
uspto,US07314934-20080101-C00057,CC[C@H](C)n1c(=O)ccc2c(-c3ccc(F)cc3C)nc(SC)nc21,,,,"MolVec 0.9.8 (git b412dd0, Maven Central)",0.13981135189533234
uspto,US07314934-20080101-C00058,CSc1nc(-c2ccc(F)cc2C)c2ccc(=O)n(C(C)C)c2n1,,,,"MolVec 0.9.8 (git b412dd0, Maven Central)",0.17079138942062855
uspto,US07314934-20080101-C00059,CSc1nc(-c2ccccc2F)c2ccc(=O)n(-c3c(F)cccc3F)c2n1,,,,"MolVec 0.9.8 (git b412dd0, Maven Central)",0.1268010400235653
uspto,US07314934-20080101-C00060,CCC(CC)n1c(=O)ccc2c(-c3ccccc3Cl)nc(SC)nc21,,,,"MolVec 0.9.8 (git b412dd0, Maven Central)",0.17466541565954685
uspto,US07314934-20080101-C00061,CSc1nc(-c2ccc(F)cc2C)c2ccc(=O)n(-c3ccccc3F)c2n1,,,,"MolVec 0.9.8 (git b412dd0, Maven Central)",0.17090268805623055
uspto,US07314934-20080101-C00062,CS(=O)(=O)c1nc(-c2ccccc2)c2ccc(=O)n(-c3ccccc3)c2n1,,,,"MolVec 0.9.8 (git b412dd0, Maven Central)",0.14199718087911606
uspto,US07314934-20080101-C00063,CS(=O)(=O)c1nc(-c2ccccc2Cl)c2ccc(=O)n(-c3ccccc3Cl)c2n1,,,,"MolVec 0.9.8 (git b412dd0, Maven Central)",0.1603690478950739
uspto,US07314934-20080101-C00064,Cc1cc(F)ccc1-c1nc(S(C)(=O)=O)nc2c1ccc(=O)n2-c1c(F)cccc1F,,,,"MolVec 0.9.8 (git b412dd0, Maven Central)",0.14697375521063805
uspto,US07314934-20080101-C00065,CS(=O)(=O)c1nc(-c2ccccc2F)c2ccc(=O)n(-c3ccccc3F)c2n1,,,,"MolVec 0.9.8 (git b412dd0, Maven Central)",0.13003885000944138
uspto,US07314934-20080101-C00066,CS(=O)(=O)c1nc(-c2ccccc2F)c2ccc(=O)n(CC3CC3)c2n1,,,,"MolVec 0.9.8 (git b412dd0, Maven Central)",0.11825059726834297
uspto,US07314934-20080101-C00067,CC[C@H](C)n1c(=O)ccc2c(-c3ccccc3F)nc(S(C)(=O)=O)nc21,,,,"MolVec 0.9.8 (git b412dd0, Maven Central)",0.14300580322742462
uspto,US07314934-20080101-C00068,CC(C)n1c(=O)ccc2c(-c3ccccc3F)nc(S(C)(=O)=O)nc21,,,,"MolVec 0.9.8 (git b412dd0, Maven Central)",0.10941206850111485
uspto,US07314934-20080101-C00069,Cc1cc(F)ccc1-c1nc(S(C)(=O)=O)nc2c1ccc(=O)n2CC1CC1,,,,"MolVec 0.9.8 (git b412dd0, Maven Central)",0.1395824234932661
uspto,US07314934-20080101-C00070,Cc1cc(F)ccc1-c1nc(S(C)(=O)=O)nc2c1ccc(=O)n2C1CC1,,,,"MolVec 0.9.8 (git b412dd0, Maven Central)",0.16400958225131035
uspto,US07314934-20080101-C00071,CC[C@H](C)n1c(=O)ccc2c(-c3ccc(F)cc3C)nc(S(C)(=O)=O)nc21,,,,"MolVec 0.9.8 (git b412dd0, Maven Central)",0.16415764205157757
uspto,US07314934-20080101-C00072,Cc1cc(F)ccc1-c1nc(S(C)(=O)=O)nc2c1ccc(=O)n2C(C)C,,,,"MolVec 0.9.8 (git b412dd0, Maven Central)",0.1333825271576643
uspto,US07314934-20080101-C00073,CS(=O)(=O)c1nc(-c2ccccc2F)c2ccc(=O)n(-c3c(F)cccc3F)c2n1,,,,"MolVec 0.9.8 (git b412dd0, Maven Central)",0.1701178438961506
uspto,US07314934-20080101-C00074,CCC(CC)n1c(=O)ccc2c(-c3ccccc3Cl)nc(S(C)(=O)=O)nc21,,,,"MolVec 0.9.8 (git b412dd0, Maven Central)",0.12488954328000546
uspto,US07314934-20080101-C00075,Cc1cc(F)ccc1-c1nc(S(C)(=O)=O)nc2c1ccc(=O)n2-c1ccccc1F,,,,"MolVec 0.9.8 (git b412dd0, Maven Central)",0.15835479460656643
uspto,US07314934-20080101-C00076,CCN(CC)CCNc1nc(-c2ccccc2)c2ccc(=O)n(-c3ccccc3)c2n1,,,,"MolVec 0.9.8 (git b412dd0, Maven Central)",0.25483847223222256
uspto,US07314934-20080101-C00077,CCN(CC)CCNc1nc(-c2ccc(F)cc2C)c2ccc(=O)n(-c3c(F)cccc3F)c2n1,,,,"MolVec 0.9.8 (git b412dd0, Maven Central)",0.23530413582921028
uspto,US07314934-20080101-C00078,CCN(CC)CCNc1nc(-c2ccccc2Cl)c2ccc(=O)n(-c3ccccc3Cl)c2n1,,,,"MolVec 0.9.8 (git b412dd0, Maven Central)",0.18766497634351254
uspto,US07314934-20080101-C00079,CCN(CC)CCNc1nc(-c2ccccc2F)c2ccc(=O)n(-c3ccccc3Cl)c2n1,,,,"MolVec 0.9.8 (git b412dd0, Maven Central)",0.23313740082085133
uspto,US07314934-20080101-C00080,Cc1cc(F)ccc1-c1nc(NC(CO)CO)nc2c1ccc(=O)n2-c1c(F)cccc1F,,,,"MolVec 0.9.8 (git b412dd0, Maven Central)",0.19086924754083157
uspto,US07314934-20080101-C00081,O=c1ccc2c(-c3ccccc3Cl)nc(NC(CO)CO)nc2n1-c1ccccc1Cl,,,,"MolVec 0.9.8 (git b412dd0, Maven Central)",0.19962052442133427
uspto,US07314934-20080101-C00082,CCC(CC)n1c(=O)ccc2c(-c3ccccc3F)nc(NC(CO)CO)nc21,,,,"MolVec 0.9.8 (git b412dd0, Maven Central)",0.15265199542045593
uspto,US07314934-20080101-C00083,CCC(CC)n1c(=O)ccc2c(-c3ccccc3Cl)nc(NC(CO)CO)nc21,,,,"MolVec 0.9.8 (git b412dd0, Maven Central)",0.4509381577372551
uspto,US07314934-20080101-C00084,CC(C)n1c(=O)ccc2c(-c3ccccc3F)nc(NC(CO)CO)nc21,,,,"MolVec 0.9.8 (git b412dd0, Maven Central)",0.1357237845659256
uspto,US07314934-20080101-C00085,Cc1cc(F)ccc1-c1nc(NC(CO)CO)nc2c1ccc(=O)n2C1CC1,,,,"MolVec 0.9.8 (git b412dd0, Maven Central)",0.20577676966786385
uspto,US07314934-20080101-C00086,O=c1ccc2c(-c3ccccc3F)nc(NC(CO)CO)nc2n1CC1CC1,,,,"MolVec 0.9.8 (git b412dd0, Maven Central)",0.2107759192585945
uspto,US07314934-20080101-C00087,CC[C@H](C)n1c(=O)ccc2c(-c3ccc(F)cc3C)nc(NC(CO)CO)nc21,,,,"MolVec 0.9.8 (git b412dd0, Maven Central)",0.23404911532998085
uspto,US07314934-20080101-C00088,Cc1cc(F)ccc1-c1nc(NC(CO)CO)nc2c1ccc(=O)n2-c1ccccc1F,,,,"MolVec 0.9.8 (git b412dd0, Maven Central)",0.18288110382854939
uspto,US07314934-20080101-C00089,O=c1ccc2c(-c3ccccc3F)nc(NC(CO)CO)nc2n1-c1ccccc1F,,,,"MolVec 0.9.8 (git b412dd0, Maven Central)",0.1990586519241333
uspto,US07314934-20080101-C00090,O=c1ccc2c(-c3ccccc3F)nc(NC(CO)CO)nc2n1-c1c(F)cccc1F,,,,"MolVec 0.9.8 (git b412dd0, Maven Central)",0.18694021925330162
uspto,US07314934-20080101-C00091,Cc1cc(F)ccc1-c1nc(NC(CO)CO)nc2c1ccc(=O)n2CC1CC1,,,,"MolVec 0.9.8 (git b412dd0, Maven Central)",0.17522195540368557
uspto,US07314934-20080101-C00092,Cc1cc(F)ccc1-c1nc(NC(CO)CO)nc2c1ccc(=O)n2C(C)C,,,,"MolVec 0.9.8 (git b412dd0, Maven Central)",0.1922378744930029
uspto,US07314934-20080101-C00093,CN(C)CCNc1nc(-c2ccccc2Cl)c2ccc(=O)n(-c3ccccc3Cl)c2n1,,,,"MolVec 0.9.8 (git b412dd0, Maven Central)",0.17459467239677906
uspto,US07314934-20080101-C00094,O=c1ccc2c(-c3ccccc3Cl)nc(NC3CCNCC3)nc2n1-c1ccccc1Cl,,,,"MolVec 0.9.8 (git b412dd0, Maven Central)",0.17473460920155048
uspto,US07314934-20080101-C00095,CN1CCC(Nc2nc(-c3ccccc3Cl)c3ccc(=O)n(-c4ccccc4Cl)c3n2)CC1,,,,"MolVec 0.9.8 (git b412dd0, Maven Central)",0.24254842661321163
uspto,US07314934-20080101-C00096,CC(CO)(CO)Nc1nc(-c2ccccc2Cl)c2ccc(=O)n(-c3ccccc3Cl)c2n1,,,,"MolVec 0.9.8 (git b412dd0, Maven Central)",0.20590649731457233
uspto,US07314934-20080101-C00097,O=c1ccc2c(-c3ccccc3Cl)nc(NCCO)nc2n1-c1ccccc1Cl,,,,"MolVec 0.9.8 (git b412dd0, Maven Central)",0.165714954957366
uspto,US07314934-20080101-C00098,NCCNc1nc(-c2ccccc2Cl)c2ccc(=O)n(-c3ccccc3Cl)c2n1,,,,"MolVec 0.9.8 (git b412dd0, Maven Central)",0.21800455264747143
uspto,US07314934-20080101-C00099,CCOC(=O)CNc1nc(-c2ccccc2Cl)c2ccc(=O)n(-c3ccccc3Cl)c2n1,,,,"MolVec 0.9.8 (git b412dd0, Maven Central)",0.21288376860320568
uspto,US07314934-20080101-C00100,O=C(O)CNc1nc(-c2ccccc2Cl)c2ccc(=O)n(-c3ccccc3Cl)c2n1,,,,"MolVec 0.9.8 (git b412dd0, Maven Central)",0.20792687684297562
uspto,US07314934-20080101-C00101,CCC(CC)n1c(=O)ccc2c(-c3ccccc3Cl)nc(NCCN(CC)CC)nc21,,,,"MolVec 0.9.8 (git b412dd0, Maven Central)",0.1886695008724928
uspto,US07314934-20080101-C00102,CCC(CC)n1c(=O)ccc2c(-c3ccccc3Cl)nc(NCCN)nc21,,,,"MolVec 0.9.8 (git b412dd0, Maven Central)",0.13461051508784294
uspto,US07314934-20080101-C00103,CCC(CC)n1c(=O)ccc2c(-c3ccccc3Cl)nc(NCCO)nc21,,,,"MolVec 0.9.8 (git b412dd0, Maven Central)",0.6472662836313248
uspto,US07314934-20080101-C00104,CCC(CC)n1c(=O)ccc2c(-c3ccccc3Cl)nc(N[C@H](C)CO)nc21,,,,"MolVec 0.9.8 (git b412dd0, Maven Central)",0.16625856049358845
uspto,US07314934-20080101-C00105,CCC(CC)n1c(=O)ccc2c(-c3ccccc3Cl)nc(NC3CCN(C)CC3)nc21,,,,"MolVec 0.9.8 (git b412dd0, Maven Central)",0.1524545643478632
uspto,US07314934-20080101-C00106,CCOC(=O)CNc1nc(-c2ccccc2Cl)c2ccc(=O)n(C(CC)CC)c2n1,,,,"MolVec 0.9.8 (git b412dd0, Maven Central)",0.19445069879293442
uspto,US07314934-20080101-C00107,Cc1cc(F)ccc1-c1nc(NCCO)nc2c1ccc(=O)n2-c1c(F)cccc1F,,,,"MolVec 0.9.8 (git b412dd0, Maven Central)",0.18453177623450756
uspto,US07314934-20080101-C00108,Cc1cc(F)ccc1-c1nc(NC2CCN(C)CC2)nc2c1ccc(=O)n2-c1c(F)cccc1F,,,,"MolVec 0.9.8 (git b412dd0, Maven Central)",0.22569630667567253
uspto,US07314934-20080101-C00109,CS(=O)(=O)Nc1nc(-c2ccccc2)c2ccc(=O)n(-c3ccccc3)c2n1,,,,"MolVec 0.9.8 (git b412dd0, Maven Central)",0.16590248048305511
uspto,US07314934-20080101-C00110,CS(=O)(=O)Nc1nc(-c2ccccc2F)c2ccc(=O)n(-c3ccccc3F)c2n1,,,,"MolVec 0.9.8 (git b412dd0, Maven Central)",0.6922768801450729
uspto,US07314934-20080101-C00111,CC(C)n1c(=O)ccc2c(-c3ccccc3F)nc(NS(C)(=O)=O)nc21,,,,"MolVec 0.9.8 (git b412dd0, Maven Central)",0.12845897674560547
uspto,US07314934-20080101-C00112,CS(=O)(=O)Nc1nc(-c2ccccc2F)c2ccc(=O)n(-c3c(F)cccc3F)c2n1,,,,"MolVec 0.9.8 (git b412dd0, Maven Central)",0.14719831757247448
uspto,US07314934-20080101-C00113,Cc1cc(F)ccc1-c1nc(NS(C)(=O)=O)nc2c1ccc(=O)n2-c1c(F)cccc1F,,,,"MolVec 0.9.8 (git b412dd0, Maven Central)",0.6345203127712011
uspto,US07314934-20080101-C00114,COc1nc(-c2ccc(F)cc2C)c2ccc(=O)n(-c3c(F)cccc3F)c2n1,,,,"MolVec 0.9.8 (git b412dd0, Maven Central)",0.13734189420938492
uspto,US07314934-20080101-C00115,CCOc1nc(-c2ccc(F)cc2C)c2ccc(=O)n(-c3c(F)cccc3F)c2n1,,,,"MolVec 0.9.8 (git b412dd0, Maven Central)",0.1487210262566805
uspto,US07314934-20080101-C00116,CCCCOc1nc(-c2ccc(F)cc2C)c2ccc(=O)n(-c3c(F)cccc3F)c2n1,,,,"MolVec 0.9.8 (git b412dd0, Maven Central)",0.27094741538167
uspto,US07314934-20080101-C00117,COc1nc(-c2ccccc2F)c2ccc(=O)n(-c3ccccc3Cl)c2n1,,,,"MolVec 0.9.8 (git b412dd0, Maven Central)",0.12029301933944225
uspto,US07314934-20080101-C00118,COc1nc(-c2ccccc2Cl)c2ccc(=O)n(-c3ccccc3Cl)c2n1,,,,"MolVec 0.9.8 (git b412dd0, Maven Central)",0.13031507469713688
uspto,US07314934-20080101-C00119,COc1nc(-c2ccccc2F)c2ccc(=O)n(-c3c(F)cccc3F)c2n1,,,,"MolVec 0.9.8 (git b412dd0, Maven Central)",0.9157797396183014
uspto,US07314934-20080101-C00120,CCC(CC)n1c(=O)ccc2c(-c3ccc(F)cc3C)nc(OC)nc21,,,,"MolVec 0.9.8 (git b412dd0, Maven Central)",0.2032120879739523
uspto,US07314934-20080101-C00121,O=c1ccc2c(-c3ccccc3Cl)nc(OCCO)nc2n1-c1ccccc1Cl,,,,"MolVec 0.9.8 (git b412dd0, Maven Central)",0.16102882847189903
uspto,US07314934-20080101-C00123,CSc1nc(-c2ccccc2F)c2ccc(=O)[nH]c2n1,,,,"MolVec 0.9.8 (git b412dd0, Maven Central)",0.14656846597790718
uspto,US07314934-20080101-C00124,CSc1nc(-c2ccccc2F)c2ccc(=O)n(C)c2n1,,,,"MolVec 0.9.8 (git b412dd0, Maven Central)",0.09033168852329254
uspto,US07314934-20080101-C00125,CCn1c(=O)ccc2c(-c3ccccc3F)nc(SC)nc21,,,,"MolVec 0.9.8 (git b412dd0, Maven Central)",0.12059284374117851
uspto,US07314934-20080101-C00126,CSc1nc(Nc2ccccc2Cl)c(C=O)c(Oc2ccccc2)n1,,,,"MolVec 0.9.8 (git b412dd0, Maven Central)",0.1240363847464323
uspto,US07314934-20080101-C00127,CSc1nc(Oc2ccccc2)c2ccc(=O)n(-c3ccccc3Cl)c2n1,,,,"MolVec 0.9.8 (git b412dd0, Maven Central)",0.20005369558930397
uspto,US07314934-20080101-C00128,Nc1nc(-c2ccccc2F)c2ccc(=O)n(-c3c(F)cccc3F)c2n1,,,,"MolVec 0.9.8 (git b412dd0, Maven Central)",0.14363776706159115
uspto,US07314934-20080101-C00129,CSc1nc(-c2ccc(F)cc2C)c2c(n1)N(c1c(F)cccc1F)C(=O)CC2,,,,"MolVec 0.9.8 (git b412dd0, Maven Central)",0.13803740590810776
uspto,US07314934-20080101-C00130,CCN(CC)CCNc1nc(-c2ccc(F)cc2C)c2c(n1)N(c1c(F)cccc1F)C(=O)CC2,,,,"MolVec 0.9.8 (git b412dd0, Maven Central)",0.2877726163715124
uspto,US07314934-20080101-C00131,Cc1cc(F)ccc1-c1nc(NCCO)nc2c1ccc(=O)n2C(C)C,,,,"MolVec 0.9.8 (git b412dd0, Maven Central)",0.17151476442813873
uspto,US07314934-20080101-C00132,Cc1cc(F)ccc1-c1nc(N(C)S(C)(=O)=O)nc2c1ccc(=O)n2-c1c(F)cccc1F,,,,"MolVec 0.9.8 (git b412dd0, Maven Central)",0.25483605451881886
uspto,US07314934-20080101-C00133,Cc1cc(F)ccc1-c1nc(N(C)S(C)(=O)=O)nc2c1ccc(=O)n2C(C)C,,,,"MolVec 0.9.8 (git b412dd0, Maven Central)",0.1210536677390337
uspto,US07314934-20080101-C00134,Cc1cc(F)ccc1-c1nc(O)nc2c1ccc(=O)n2-c1c(F)cccc1F,,,,"MolVec 0.9.8 (git b412dd0, Maven Central)",0.16010139882564545
uspto,US07314934-20080101-C00135,CSc1nc(-c2ccc(F)cc2C)c2ccc(=O)n(-c3ccccc3C)c2n1,,,,"MolVec 0.9.8 (git b412dd0, Maven Central)",0.17816930823028088
uspto,US07314934-20080101-C00136,CSc1nc(-c2ccc(F)cc2C)c2ccc(=O)n(-c3c(C)cccc3C)c2n1,,,,"MolVec 0.9.8 (git b412dd0, Maven Central)",0.215410765260458
uspto,US07314934-20080101-C00137,Cc1cc(F)ccc1-c1nc(S(C)(=O)=O)nc2c1ccc(=O)n2-c1ccccc1C,,,,"MolVec 0.9.8 (git b412dd0, Maven Central)",0.9857066068798304
uspto,US07314934-20080101-C00138,Cc1cc(F)ccc1-c1nc(S(C)(=O)=O)nc2c1ccc(=O)n2-c1c(C)cccc1C,,,,"MolVec 0.9.8 (git b412dd0, Maven Central)",0.806799465790391
uspto,US07314934-20080101-C00139,Cc1cc(F)ccc1-c1nc(NCCO)nc2c1ccc(=O)n2-c1c(C)cccc1C,,,,"MolVec 0.9.8 (git b412dd0, Maven Central)",0.3589785732328892
uspto,US07314934-20080101-C00140,Cc1cc(F)ccc1-c1nc(NC(CO)CO)nc2c1ccc(=O)n2-c1c(C)cccc1C,,,,"MolVec 0.9.8 (git b412dd0, Maven Central)",0.2396970335394144
uspto,US07314934-20080101-C00141,Cc1cc(F)ccc1-c1nc(NC(CO)CO)nc2c1ccc(=O)n2-c1ccccc1C,,,,"MolVec 0.9.8 (git b412dd0, Maven Central)",0.3244533985853195
uspto,US07314934-20080101-C00142,Cc1cc(F)ccc1-c1nc(NCCO)nc2c1ccc(=O)n2-c1ccccc1C,,,,"MolVec 0.9.8 (git b412dd0, Maven Central)",0.20009545981884003
uspto,US07314934-20080101-C00143,CSCCCOc1nc(-c2ccc(F)cc2C)c2ccc(=O)n(-c3c(F)cccc3F)c2n1,,,,"MolVec 0.9.8 (git b412dd0, Maven Central)",0.20760212652385235
uspto,US07314934-20080101-C00144,Cc1cc(F)ccc1-c1nc(OCCCS(C)(=O)=O)nc2c1ccc(=O)n2-c1c(F)cccc1F,,,,"MolVec 0.9.8 (git b412dd0, Maven Central)",0.21657675132155418
uspto,US07314934-20080101-C00145,Cc1cc(F)ccc1-c1nc(OC(CO)CO)nc2c1ccc(=O)n2-c1c(F)cccc1F,,,,"MolVec 0.9.8 (git b412dd0, Maven Central)",0.18530530482530594
uspto,US07314934-20080101-C00146,Cc1cc(F)ccc1-c1nc(OCCNC(=O)OC(C)(C)C)nc2c1ccc(=O)n2-c1c(F)cccc1F,,,,"MolVec 0.9.8 (git b412dd0, Maven Central)",0.2725839726626873
uspto,US07314934-20080101-C00147,Cc1cc(F)ccc1-c1nc(OCCN)nc2c1ccc(=O)n2-c1c(F)cccc1F,,,,"MolVec 0.9.8 (git b412dd0, Maven Central)",0.20573946088552475
uspto,US07314934-20080101-C00148,CC(=O)NCCOc1nc(-c2ccc(F)cc2C)c2ccc(=O)n(-c3c(F)cccc3F)c2n1,,,,"MolVec 0.9.8 (git b412dd0, Maven Central)",0.19375369139015675
uspto,US07314934-20080101-C00149,Cc1cc(F)ccc1-c1nc(OCC(CO)CO)nc2c1ccc(=O)n2-c1c(F)cccc1F,,,,"MolVec 0.9.8 (git b412dd0, Maven Central)",0.197767473757267
uspto,US07314934-20080101-C00150,Cc1cc(F)ccc1-c1nc(OCCNS(C)(=O)=O)nc2c1ccc(=O)n2-c1c(F)cccc1F,,,,"MolVec 0.9.8 (git b412dd0, Maven Central)",0.19638065807521343
uspto,US07314934-20080101-C00151,Cc1cc(F)ccc1-c1nc(OCCN(C)S(C)(=O)=O)nc2c1ccc(=O)n2-c1c(F)cccc1F,,,,"MolVec 0.9.8 (git b412dd0, Maven Central)",0.2051059566438198
uspto,US07314934-20080101-C00152,Cc1cc(F)ccc1-c1nc(NCCO)nc2c1ccc(=O)n2-c1ccccc1F,,,,"MolVec 0.9.8 (git b412dd0, Maven Central)",0.6711802203208208
uspto,US07314934-20080101-C00153,Cc1cc(F)ccc1-c1nc(N[C@@H](C)CO)nc2c1ccc(=O)n2-c1c(F)cccc1F,,,,"MolVec 0.9.8 (git b412dd0, Maven Central)",0.24932963587343693
uspto,US07314934-20080101-C00154,Cc1cc(F)ccc1-c1nc(N[C@H](C)CO)nc2c1ccc(=O)n2-c1c(F)cccc1F,,,,"MolVec 0.9.8 (git b412dd0, Maven Central)",0.5355147421360016
uspto,US07314934-20080101-C00155,Cc1cc(F)ccc1-c1nc(NC(C)(C)CO)nc2c1ccc(=O)n2-c1c(F)cccc1F,,,,"MolVec 0.9.8 (git b412dd0, Maven Central)",0.2033504955470562
uspto,US07314934-20080101-C00156,CCNc1nc(-c2ccc(F)cc2C)c2ccc(=O)n(-c3ccccc3F)c2n1,,,,"MolVec 0.9.8 (git b412dd0, Maven Central)",0.2289970926940441
uspto,US07314934-20080101-C00157,Cc1cc(F)ccc1-c1nc(N[C@@H](C)CO)nc2c1ccc(=O)n2-c1ccccc1F,,,,"MolVec 0.9.8 (git b412dd0, Maven Central)",0.2832530792802572
uspto,US07314934-20080101-C00158,Cc1cc(F)ccc1-c1nc(N[C@H](C)CO)nc2c1ccc(=O)n2-c1ccccc1F,,,,"MolVec 0.9.8 (git b412dd0, Maven Central)",0.34148257225751877
uspto,US07314934-20080101-C00159,Cc1cc(F)ccc1-c1nc(NC(C)(C)CO)nc2c1ccc(=O)n2-c1ccccc1F,,,,"MolVec 0.9.8 (git b412dd0, Maven Central)",0.22560910321772099
uspto,US07314934-20080101-C00160,Cc1cc(F)ccc1-c1nc(O)nc2c1ccc(=O)n2-c1ccccc1F,,,,"MolVec 0.9.8 (git b412dd0, Maven Central)",0.15881938859820366
uspto,US07314934-20080101-C00161,Cc1cc(F)ccc1-c1nc(NC2CCCCC2)nc2c1ccc(=O)n2-c1ccccc1F,,,,"MolVec 0.9.8 (git b412dd0, Maven Central)",0.19652467966079712
uspto,US07314934-20080101-C00162,Cc1cc(F)ccc1-c1nc(NC2CCOCC2)nc2c1ccc(=O)n2-c1ccccc1F,,,,"MolVec 0.9.8 (git b412dd0, Maven Central)",0.24482026509940624
uspto,US07314934-20080101-C00163,CCNc1nc(-c2ccc(F)cc2C)c2ccc(=O)n(-c3c(F)cccc3F)c2n1,,,,"MolVec 0.9.8 (git b412dd0, Maven Central)",0.3331461399793625
uspto,US07314934-20080101-C00164,Cc1cc(F)ccc1-c1nc(NC2CCCCC2)nc2c1ccc(=O)n2-c1c(F)cccc1F,,,,"MolVec 0.9.8 (git b412dd0, Maven Central)",0.19983938336372375
uspto,US07314934-20080101-C00165,Cc1cc(F)ccc1-c1nc(NC2CCOCC2)nc2c1ccc(=O)n2-c1c(F)cccc1F,,,,"MolVec 0.9.8 (git b412dd0, Maven Central)",0.28743658401072025
uspto,US07314934-20080101-C00166,Cc1cc(F)ccc1-c1nc(NCC(F)(F)F)nc2c1ccc(=O)n2-c1ccccc1F,,,,"MolVec 0.9.8 (git b412dd0, Maven Central)",0.18369226716458797
uspto,US07314934-20080101-C00167,Cc1cc(F)ccc1-c1nc(N[C@H]2CC[C@H](O)CC2)nc2c1ccc(=O)n2-c1ccccc1F,,,,"MolVec 0.9.8 (git b412dd0, Maven Central)",0.24250769428908825
uspto,US07314934-20080101-C00168,Cc1cc(F)ccc1-c1nc(NC(C)(CO)CO)nc2c1ccc(=O)n2-c1ccccc1F,,,,"MolVec 0.9.8 (git b412dd0, Maven Central)",0.20008117519319057
uspto,US07314934-20080101-C00169,Cc1cc(F)ccc1-c1nc(NCC(F)(F)F)nc2c1ccc(=O)n2-c1c(F)cccc1F,,,,"MolVec 0.9.8 (git b412dd0, Maven Central)",0.2886884845793247
uspto,US07314934-20080101-C00170,Cc1cc(F)ccc1-c1nc(NC(C)(CO)CO)nc2c1ccc(=O)n2-c1c(F)cccc1F,,,,"MolVec 0.9.8 (git b412dd0, Maven Central)",0.22135701589286327
uspto,US07314934-20080101-C00171,Cc1cc(F)ccc1-c1nc(N[C@H]2CC[C@H](O)CC2)nc2c1ccc(=O)n2-c1c(F)cccc1F,,,,"MolVec 0.9.8 (git b412dd0, Maven Central)",0.23224993236362934
uspto,US07314934-20080101-C00172,CCOc1nc(-c2ccc(F)cc2C)c2ccc(=O)n(-c3ccccc3F)c2n1,,,,"MolVec 0.9.8 (git b412dd0, Maven Central)",0.21988185681402683
uspto,US07314934-20080101-C00173,Cc1cc(F)ccc1-c1nc(NCCN)nc2c1ccc(=O)n2-c1c(F)cccc1F,,,,"MolVec 0.9.8 (git b412dd0, Maven Central)",0.48584118112921715
uspto,US07314934-20080101-C00174,CCNC(=O)NCCNc1nc(-c2ccc(F)cc2C)c2ccc(=O)n(-c3c(F)cccc3F)c2n1,,,,"MolVec 0.9.8 (git b412dd0, Maven Central)",0.9828456249088049
uspto,US07314934-20080101-C00177,Cc1cc(F)ccc1-c1nc(NCCNC(=O)Nc2cccc(F)c2)nc2c1ccc(=O)n2-c1c(F)cccc1F,,,,"MolVec 0.9.8 (git b412dd0, Maven Central)",1.0102880634367466
uspto,US07314934-20080101-C00178,CNC(=O)NCCNc1nc(-c2ccc(F)cc2C)c2ccc(=O)n(-c3c(F)cccc3F)c2n1,,,,"MolVec 0.9.8 (git b412dd0, Maven Central)",0.3696853965520859
uspto,US07314934-20080101-C00179,Cc1cc(F)ccc1-c1nc(NCCNC(=O)c2ccccc2)nc2c1ccc(=O)n2-c1c(F)cccc1F,,,,"MolVec 0.9.8 (git b412dd0, Maven Central)",0.27292728796601295
uspto,US07314934-20080101-C00180,CCOC(=O)NCCNc1nc(-c2ccc(F)cc2C)c2ccc(=O)n(-c3c(F)cccc3F)c2n1,,,,"MolVec 0.9.8 (git b412dd0, Maven Central)",0.25385136902332306
uspto,US07314934-20080101-C00181,CCC(=O)NCCNc1nc(-c2ccc(F)cc2C)c2ccc(=O)n(-c3c(F)cccc3F)c2n1,,,,"MolVec 0.9.8 (git b412dd0, Maven Central)",0.2862776182591915
uspto,US07314934-20080101-C00182,Cc1cc(F)ccc1-c1nc(NCCNC(=O)C(C)(C)C)nc2c1ccc(=O)n2-c1c(F)cccc1F,,,,"MolVec 0.9.8 (git b412dd0, Maven Central)",0.2923125270754099
uspto,US07314934-20080101-C00183,Cc1cc(F)ccc1-c1nc(NCCNC(=O)OC(C)(C)C)nc2c1ccc(=O)n2-c1c(F)cccc1F,,,,"MolVec 0.9.8 (git b412dd0, Maven Central)",0.2817163374274969
uspto,US07314934-20080101-C00184,Cc1cc(F)ccc1-c1nc(Nc2c[nH]c(=O)[nH]c2=O)nc2c1ccc(=O)n2-c1c(F)cccc1F,,,,"MolVec 0.9.8 (git b412dd0, Maven Central)",0.2960602343082428
uspto,US07314934-20080101-C00186,Cc1cc(F)ccc1-c1nc(NCCNC(=O)CN)nc2c1ccc(=O)n2-c1c(F)cccc1F,,,,"MolVec 0.9.8 (git b412dd0, Maven Central)",0.2585518751293421
uspto,US07314934-20080101-C00187,Cc1cc(F)ccc1-c1nc(NCC(C)(C)O)nc2c1ccc(=O)n2-c1c(F)cccc1F,,,,"MolVec 0.9.8 (git b412dd0, Maven Central)",0.24347476661205292
uspto,US07314934-20080101-C00188,Cc1cc(F)ccc1-c1nc(NC[C@H](C)O)nc2c1ccc(=O)n2-c1c(F)cccc1F,,,,"MolVec 0.9.8 (git b412dd0, Maven Central)",0.30990349501371384
uspto,US07314934-20080101-C00189,Cc1cc(F)ccc1-c1nc(NC[C@@H](C)O)nc2c1ccc(=O)n2-c1c(F)cccc1F,,,,"MolVec 0.9.8 (git b412dd0, Maven Central)",0.3131677322089672
uspto,US07314934-20080101-C00190,Cc1cc(F)ccc1-c1nc(NC[C@H](O)c2ccccc2)nc2c1ccc(=O)n2-c1c(F)cccc1F,,,,"MolVec 0.9.8 (git b412dd0, Maven Central)",0.33137272857129574
uspto,US07314934-20080101-C00191,Cc1cc(F)ccc1-c1nc(NC(CO)(CO)CO)nc2c1ccc(=O)n2-c1c(F)cccc1F,,,,"MolVec 0.9.8 (git b412dd0, Maven Central)",0.20689347945153713
uspto,US07314934-20080101-C00192,Cc1cc(F)ccc1-c1nc(NCC(C)(C)O)nc2c1ccc(=O)n2-c1ccccc1F,,,,"MolVec 0.9.8 (git b412dd0, Maven Central)",0.24992952682077885
uspto,US07314934-20080101-C00193,Cc1cc(F)ccc1-c1nc(NC[C@H](C)O)nc2c1ccc(=O)n2-c1ccccc1F,,,,"MolVec 0.9.8 (git b412dd0, Maven Central)",0.2342725209891796
uspto,US07314934-20080101-C00194,Cc1cc(F)ccc1-c1nc(NC[C@@H](C)O)nc2c1ccc(=O)n2-c1ccccc1F,,,,"MolVec 0.9.8 (git b412dd0, Maven Central)",0.26791817136108875
uspto,US07314934-20080101-C00196,CSc1nc(NC2CCCCC2)c(C=O)c(-c2ccc(F)cc2C)n1,,,,"MolVec 0.9.8 (git b412dd0, Maven Central)",0.18451686576008797
uspto,US07314934-20080101-C00197,CSc1nc(-c2ccc(F)cc2C)c2ccc(=O)n(C3CCCCC3)c2n1,,,,"MolVec 0.9.8 (git b412dd0, Maven Central)",0.136094082146883
uspto,US07314934-20080101-C00198,CCOc1nc(-c2ccc(F)cc2C)c2ccc(=O)n(C3CCCCC3)c2n1,,,,"MolVec 0.9.8 (git b412dd0, Maven Central)",0.6280352771282196
uspto,US07314934-20080101-C00199,Cc1cc(F)ccc1-c1nc(S(C)(=O)=O)nc2c1ccc(=O)n2C1CCCCC1,,,,"MolVec 0.9.8 (git b412dd0, Maven Central)",0.14242913201451302
uspto,US07314934-20080101-C00200,Cc1cc(F)ccc1-c1nc(NCC(C)(C)O)nc2c1ccc(=O)n2C1CCCCC1,,,,"MolVec 0.9.8 (git b412dd0, Maven Central)",0.2657944690436125
uspto,US07314934-20080101-C00201,Cc1cc(F)ccc1-c1nc(NC[C@H](C)O)nc2c1ccc(=O)n2C1CCCCC1,,,,"MolVec 0.9.8 (git b412dd0, Maven Central)",0.27578957565128803
uspto,US07314934-20080101-C00202,Cc1cc(F)ccc1-c1nc(NC[C@@H](C)O)nc2c1ccc(=O)n2C1CCCCC1,,,,"MolVec 0.9.8 (git b412dd0, Maven Central)",0.2921170238405466
uspto,US07314934-20080101-C00203,Cc1cc(F)ccc1-c1nc(NC(CO)CO)nc2c1ccc(=O)n2C1CCCCC1,,,,"MolVec 0.9.8 (git b412dd0, Maven Central)",0.1938746515661478
uspto,US07314934-20080101-C00204,Cc1cc(F)ccc1-c1nc(NCCCl)nc2c1ccc(=O)n2-c1c(F)cccc1F,,,,"MolVec 0.9.8 (git b412dd0, Maven Central)",0.20131999254226685
uspto,US07314934-20080101-C00205,Cc1cc(F)ccc1-c1nc(NCCNS(C)(=O)=O)nc2c1ccc(=O)n2-c1c(F)cccc1F,,,,"MolVec 0.9.8 (git b412dd0, Maven Central)",0.2798580005764961
uspto,US07314934-20080101-C00206,COC(=O)CNc1nc(-c2ccc(F)cc2C)c2ccc(=O)n(-c3c(F)cccc3F)c2n1,,,,"MolVec 0.9.8 (git b412dd0, Maven Central)",0.19208342023193836
uspto,US07314934-20080101-C00207,Cc1cc(F)ccc1-c1nc(NCC(=O)O)nc2c1ccc(=O)n2-c1c(F)cccc1F,,,,"MolVec 0.9.8 (git b412dd0, Maven Central)",0.1775723621249199
uspto,US07314934-20080101-C00208,CCNC(=O)CNc1nc(-c2ccc(F)cc2C)c2ccc(=O)n(-c3c(F)cccc3F)c2n1,,,,"MolVec 0.9.8 (git b412dd0, Maven Central)",0.21484376676380634
uspto,US07314934-20080101-C00209,Cc1cc(F)ccc1-c1nc(NCC(=O)N2CCOCC2)nc2c1ccc(=O)n2-c1c(F)cccc1F,,,,"MolVec 0.9.8 (git b412dd0, Maven Central)",0.24471156485378742
uspto,US07314934-20080101-C00210,Cc1cc(F)ccc1-c1nc(N[C@H](C)CO)nc2c1ccc(=O)n2-c1ccccc1C,,,,"MolVec 0.9.8 (git b412dd0, Maven Central)",0.8516156394034624
uspto,US07314934-20080101-C00211,Cc1cc(F)ccc1-c1nc(N[C@H]2CC[C@H](O)CC2)nc2c1ccc(=O)n2-c1ccccc1C,,,,"MolVec 0.9.8 (git b412dd0, Maven Central)",0.21468139998614788
uspto,US07314934-20080101-C00212,Cc1cc(F)ccc1-c1nc(N[C@@H](C)CO)nc2c1ccc(=O)n2-c1ccccc1C,,,,"MolVec 0.9.8 (git b412dd0, Maven Central)",0.2322616595774889
uspto,US07314934-20080101-C00213,Cc1cc(F)ccc1-c1nc(NC(C)(C)CO)nc2c1ccc(=O)n2-c1ccccc1C,,,,"MolVec 0.9.8 (git b412dd0, Maven Central)",0.2599861826747656
uspto,US07314934-20080101-C00214,CCNc1nc(-c2ccc(F)cc2C)c2ccc(=O)n(-c3ccccc3C)c2n1,,,,"MolVec 0.9.8 (git b412dd0, Maven Central)",0.18541169725358486
uspto,US07314934-20080101-C00215,Cc1cc(F)ccc1-c1nc(NC2CCCCC2)nc2c1ccc(=O)n2-c1ccccc1C,,,,"MolVec 0.9.8 (git b412dd0, Maven Central)",0.21877089329063892
uspto,US07314934-20080101-C00216,Cc1cc(F)ccc1-c1nc(NC2CCOCC2)nc2c1ccc(=O)n2-c1ccccc1C,,,,"MolVec 0.9.8 (git b412dd0, Maven Central)",0.33414946869015694
uspto,US07314934-20080101-C00217,Cc1cc(F)ccc1-c1nc(NCC(F)(F)F)nc2c1ccc(=O)n2-c1ccccc1C,,,,"MolVec 0.9.8 (git b412dd0, Maven Central)",0.18743141181766987
uspto,US07314934-20080101-C00218,Cc1cc(F)ccc1-c1nc(NC(C)(CO)CO)nc2c1ccc(=O)n2-c1ccccc1C,,,,"MolVec 0.9.8 (git b412dd0, Maven Central)",0.24822602421045303
uspto,US07314934-20080101-C00219,Cc1cc(F)ccc1-c1nc(NCC(=O)N(C)C)nc2c1ccc(=O)n2-c1c(F)cccc1F,,,,"MolVec 0.9.8 (git b412dd0, Maven Central)",0.22505547292530537
uspto,US07314934-20080101-C00220,Cc1cc(F)ccc1-c1nc(NCC(=O)N2CCCC2)nc2c1ccc(=O)n2-c1c(F)cccc1F,,,,"MolVec 0.9.8 (git b412dd0, Maven Central)",0.21315581910312176
uspto,US07314934-20080101-C00221,COCCNC(=O)CNc1nc(-c2ccc(F)cc2C)c2ccc(=O)n(-c3c(F)cccc3F)c2n1,,,,"MolVec 0.9.8 (git b412dd0, Maven Central)",0.7842475790530443
uspto,US07314934-20080101-C00222,Cc1cc(F)ccc1-c1nc(NCCC#N)nc2c1ccc(=O)n2-c1c(F)cccc1F,,,,"MolVec 0.9.8 (git b412dd0, Maven Central)",0.1902058832347393
uspto,US07314934-20080101-C00223,Cc1cc(F)ccc1-c1nc(N2CCOCC2)nc2c1ccc(=O)n2-c1ccccc1C,,,,"MolVec 0.9.8 (git b412dd0, Maven Central)",0.5633259657770395
uspto,US07314934-20080101-C00224,Cc1cc(F)ccc1-c1nc(N[C@H]2CCCC[C@@H]2O)nc2c1ccc(=O)n2-c1c(F)cccc1F,,,,"MolVec 0.9.8 (git b412dd0, Maven Central)",0.21996482275426388
uspto,US07314934-20080101-C00225,Cc1cc(F)ccc1-c1nc(NCC(=O)NCCO)nc2c1ccc(=O)n2-c1c(F)cccc1F,,,,"MolVec 0.9.8 (git b412dd0, Maven Central)",0.2780060600489378
uspto,US07314934-20080101-C00226,Cc1cc(F)ccc1-c1nc(NCCc2nnn[nH]2)nc2c1ccc(=O)n2-c1c(F)cccc1F,,,,"MolVec 0.9.8 (git b412dd0, Maven Central)",0.2210029922425747
uspto,US07314934-20080101-C00227,Cc1cc(F)ccc1-c1nc(NCC(=O)NC2CC2)nc2c1ccc(=O)n2-c1c(F)cccc1F,,,,"MolVec 0.9.8 (git b412dd0, Maven Central)",0.32977261021733284
uspto,US07314934-20080101-C00228,Cc1cc(F)ccc1-c1nc(NCc2nnn[nH]2)nc2c1ccc(=O)n2-c1c(F)cccc1F,,,,"MolVec 0.9.8 (git b412dd0, Maven Central)",0.19816257804632187
uspto,US07314934-20080101-C00229,Cc1cc(F)ccc1-c1nc(N[C@H]2CCC[C@@H]2O)nc2c1ccc(=O)n2-c1c(F)cccc1F,,,,"MolVec 0.9.8 (git b412dd0, Maven Central)",0.18994345143437386
uspto,US07314934-20080101-C00230,CSCCCNc1nc(-c2ccc(F)cc2C)c2ccc(=O)n(-c3c(F)cccc3F)c2n1,,,,"MolVec 0.9.8 (git b412dd0, Maven Central)",0.20858111791312695
uspto,US07314934-20080101-C00231,Cc1cc(F)ccc1-c1nc(NCCCS(C)(=O)=O)nc2c1ccc(=O)n2-c1c(F)cccc1F,,,,"MolVec 0.9.8 (git b412dd0, Maven Central)",0.2381228506565094
uspto,US07314934-20080101-C00232,Cc1cc(F)ccc1-c1nc(NCC(=O)N2CCNC(=O)C2)nc2c1ccc(=O)n2-c1c(F)cccc1F,,,,"MolVec 0.9.8 (git b412dd0, Maven Central)",0.2924485430121422
uspto,US07314934-20080101-C00233,Cc1nnc(CNc2nc(-c3ccc(F)cc3C)c3ccc(=O)n(-c4c(F)cccc4F)c3n2)[nH]1,,,,"MolVec 0.9.8 (git b412dd0, Maven Central)",0.7798192743211985
uspto,US07314934-20080101-C00234,Cc1cc(F)ccc1-c1nc(NC[C@H]2CCS(=O)(=O)C2)nc2c1ccc(=O)n2-c1c(F)cccc1F,,,,"MolVec 0.9.8 (git b412dd0, Maven Central)",0.21852833963930607
uspto,US07314934-20080101-C00235,Cc1cc(CNc2nc(-c3ccc(F)cc3C)c3ccc(=O)n(-c4c(F)cccc4F)c3n2)on1,,,,"MolVec 0.9.8 (git b412dd0, Maven Central)",0.22914724424481392
uspto,US07314934-20080101-C00236,Cc1cc(F)ccc1-c1nc(N[C@@H]2CS(=O)(=O)C[C@H]2O)nc2c1ccc(=O)n2-c1c(F)cccc1F,,,,"MolVec 0.9.8 (git b412dd0, Maven Central)",0.2864965870976448
uspto,US07314934-20080101-C00237,Cc1cc(F)ccc1-c1nc(Nc2ccnc(=O)[nH]2)nc2c1ccc(=O)n2-c1c(F)cccc1F,,,,"MolVec 0.9.8 (git b412dd0, Maven Central)",0.23320775851607323
uspto,US07314934-20080101-C00238,Cc1cc(F)ccc1-c1nc(NCc2ncc[nH]2)nc2c1ccc(=O)n2-c1c(F)cccc1F,,,,"MolVec 0.9.8 (git b412dd0, Maven Central)",0.21761749312281609
uspto,US07314934-20080101-C00239,Cc1cc(F)ccc1-c1nc(Nc2nc[nH]n2)nc2c1ccc(=O)n2-c1c(F)cccc1F,,,,"MolVec 0.9.8 (git b412dd0, Maven Central)",0.21173022501170635
uspto,US07314934-20080101-C00240,Cc1cc(F)ccc1-c1nc(Nc2nnn[nH]2)nc2c1ccc(=O)n2-c1c(F)cccc1F,,,,"MolVec 0.9.8 (git b412dd0, Maven Central)",0.1877470538020134
uspto,US07314934-20080101-C00241,COCCNc1nc(-c2ccc(F)cc2C)c2ccc(=O)n(-c3c(F)cccc3F)c2n1,,,,"MolVec 0.9.8 (git b412dd0, Maven Central)",0.17947347462177277
uspto,US07314934-20080101-C00242,Cc1cc(F)ccc1-c1nc(N[C@H]2CCOC2)nc2c1ccc(=O)n2-c1c(F)cccc1F,,,,"MolVec 0.9.8 (git b412dd0, Maven Central)",0.19365589693188667
uspto,US07314934-20080101-C00243,Cc1cc(F)ccc1-c1nc(N(C)CCO)nc2c1ccc(=O)n2-c1c(F)cccc1F,,,,"MolVec 0.9.8 (git b412dd0, Maven Central)",0.18909097276628017
uspto,US07314934-20080101-C00244,Cc1cc(F)ccc1-c1nc(NCCc2c[nH]cn2)nc2c1ccc(=O)n2-c1c(F)cccc1F,,,,"MolVec 0.9.8 (git b412dd0, Maven Central)",0.2807390559464693
uspto,US07314934-20080101-C00245,Cc1cc(F)ccc1-c1nc(NCC(N)=O)nc2c1ccc(=O)n2-c1c(F)cccc1F,,,,"MolVec 0.9.8 (git b412dd0, Maven Central)",0.20862080715596676
uspto,US07314934-20080101-C00246,Cc1cc(F)ccc1-c1nc(NC(=O)C2CC2)nc2c1ccc(=O)n2-c1c(F)cccc1F,,,,"MolVec 0.9.8 (git b412dd0, Maven Central)",0.20005426742136478
uspto,US07314934-20080101-C00247,Cc1cc(F)ccc1-c1nc(N(C(=O)C2CC2)C(=O)C2CC2)nc2c1ccc(=O)n2-c1c(F)cccc1F,,,,"MolVec 0.9.8 (git b412dd0, Maven Central)",0.6872576531022787
uspto,US07314934-20080101-C00248,Cc1cc(F)ccc1-c1nc(NCC(=O)N2CCSCC2)nc2c1ccc(=O)n2-c1c(F)cccc1F,,,,"MolVec 0.9.8 (git b412dd0, Maven Central)",0.7225942183285952
uspto,US07314934-20080101-C00249,Cc1cc(F)ccc1-c1nc(N)nc2c1ccc(=O)n2-c1c(F)cccc1F,,,,"MolVec 0.9.8 (git b412dd0, Maven Central)",0.35256107710301876
uspto,US07314934-20080101-C00250,Cc1cc(F)ccc1-c1nc(NCC(=O)N2CC(O)C2)nc2c1ccc(=O)n2-c1c(F)cccc1F,,,,"MolVec 0.9.8 (git b412dd0, Maven Central)",0.2432383168488741
uspto,US07314934-20080101-C00251,Cc1cc(F)ccc1-c1nc(NC[C@@H](C)O)nc2c1ccc(=O)n2-c1ccccc1C,,,,"MolVec 0.9.8 (git b412dd0, Maven Central)",0.20882706344127655
uspto,US07314934-20080101-C00252,Cc1cc(F)ccc1-c1nc(NCC(C)(C)O)nc2c1ccc(=O)n2-c1ccccc1C,,,,"MolVec 0.9.8 (git b412dd0, Maven Central)",0.17701192386448383
uspto,US07314934-20080101-C00253,Cc1cc(F)ccc1-c1nc(N[C@@H]2CCC[C@@H]2C(N)=O)nc2c1ccc(=O)n2-c1c(F)cccc1F,,,,"MolVec 0.9.8 (git b412dd0, Maven Central)",0.20978961326181889
uspto,US07314934-20080101-C00254,Cc1cc(F)ccc1-c1nc(NC[C@H](C)O)nc2c1ccc(=O)n2-c1ccccc1C,,,,"MolVec 0.9.8 (git b412dd0, Maven Central)",0.4448383841663599
uspto,US07314934-20080101-C00255,CNc1nc(-c2ccc(F)cc2C)c2ccc(=O)n(-c3c(F)cccc3F)c2n1,,,,"MolVec 0.9.8 (git b412dd0, Maven Central)",0.2168725486844778
uspto,US07314934-20080101-C00256,Cc1cc(F)ccc1-c1nc(NCC(=O)N2CCS(=O)(=O)CC2)nc2c1ccc(=O)n2-c1c(F)cccc1F,,,,"MolVec 0.9.8 (git b412dd0, Maven Central)",0.38516905158758163
uspto,US07314934-20080101-C00257,Cc1cc(F)ccc1-c1nc(NCCCN2CCCC2=O)nc2c1ccc(=O)n2-c1c(F)cccc1F,,,,"MolVec 0.9.8 (git b412dd0, Maven Central)",0.22740491665899754
uspto,US07314934-20080101-C00258,Cc1cc(F)ccc1-c1nc(NCCC(N)NO)nc2c1ccc(=O)n2-c1c(F)cccc1F,,,,"MolVec 0.9.8 (git b412dd0, Maven Central)",0.23621537536382675
uspto,US07314934-20080101-C00259,Cc1cc(F)ccc1-c1nc(NCCc2noc(=O)[nH]2)nc2c1ccc(=O)n2-c1c(F)cccc1F,,,,"MolVec 0.9.8 (git b412dd0, Maven Central)",0.26692900620400906
uspto,US07314936-20080101-C00052,Cc1nc2c(-c3cc4cc(CO)ccc4n3C(=O)OC(C)(C)C)cc(N(C(=O)OC(C)(C)C)C(=O)OC(C)(C)C)nc2n1C(=O)OC(C)(C)C,,,,"MolVec 0.9.8 (git b412dd0, Maven Central)",0.1959480606019497
uspto,US07314936-20080101-C00070,CCN(C[C@H](NCc1ccc2[nH]c(-c3cc(N)nc4[nH]c(C)nc34)cc2c1)C(=O)OC)c1ccccc1,,,,"MolVec 0.9.8 (git b412dd0, Maven Central)",0.19353442639112473
uspto,US07314936-20080101-C00257,Cc1nc2c(-c3cc4ccc(CN(C)C5CCC6OC(C)(C)OCC6C5)cc4[nH]3)ccnc2[nH]1,,,,"MolVec 0.9.8 (git b412dd0, Maven Central)",0.19424422085285187
uspto,US07314936-20080101-C00271,Cc1nc2c(-c3cc4ccc(CN(C)C5CCC6OC(C)(C)OCC6C5)cc4[nH]3)cc(N)nc2[nH]1,,,,"MolVec 0.9.8 (git b412dd0, Maven Central)",0.20728052593767643
uspto,US07314936-20080101-C00361,Cc1nc2c(-c3cc4cc(CNC(C)C)ccc4[nH]3)ccnc2[nH]1,,,,"MolVec 0.9.8 (git b412dd0, Maven Central)",0.1649199239909649
uspto,US07314936-20080101-C00412,CCOc1nc2c(Cl)cc(N)nc2[nH]1,,,,"MolVec 0.9.8 (git b412dd0, Maven Central)",0.5086679365485907
uspto,US07314936-20080101-C00413,Nc1cc(I)c2nc(C(F)(F)F)[nH]c2n1,,,,"MolVec 0.9.8 (git b412dd0, Maven Central)",0.16557576693594456
uspto,US07314936-20080101-C00422,Cc1nc2c(-c3cc4cc(C#N)ccc4[nH]3)cc(N)nc2[nH]1,,,,"MolVec 0.9.8 (git b412dd0, Maven Central)",0.14713647589087486
uspto,US07314936-20080101-C00455,CCN(CCN)c1ccccc1,,,,"MolVec 0.9.8 (git b412dd0, Maven Central)",0.16558381170034409
uspto,US07314936-20080101-C00457,CCN(CC(N)COC)c1ccccc1,,,,"MolVec 0.9.8 (git b412dd0, Maven Central)",0.15645158104598522
uspto,US07314936-20080101-C00458,COC[C@H](N)COc1ccccc1,,,,"MolVec 0.9.8 (git b412dd0, Maven Central)",0.18519134260714054
uspto,US07314936-20080101-C00464,CNC1CC(C)(C)C(=O)C(C)(C)C1,,,,"MolVec 0.9.8 (git b412dd0, Maven Central)",0.08773164451122284
uspto,US07314936-20080101-C00465,CNCC1CCC2(CC1)OCCO2,,,,"MolVec 0.9.8 (git b412dd0, Maven Central)",0.0809000562876463
uspto,US07314936-20080101-C00471,CNC1CC2CCC(C1)C(=O)C2,,,,"MolVec 0.9.8 (git b412dd0, Maven Central)",0.13204371370375156
uspto,US07314936-20080101-C00472,CNC1CCC(=C(F)F)CC1,,,,"MolVec 0.9.8 (git b412dd0, Maven Central)",0.7204807568341494
uspto,US07314936-20080101-C00476,CN[C@@H](COC)Cc1ccccc1,,,,"MolVec 0.9.8 (git b412dd0, Maven Central)",0.15272226929664612
uspto,US07314936-20080101-C00477,CN[C@H](COC)CC1CCCCC1,,,,"MolVec 0.9.8 (git b412dd0, Maven Central)",0.12314960360527039
uspto,US07314936-20080101-C00478,CN[C@@H](COC)CC(C)C,,,,"MolVec 0.9.8 (git b412dd0, Maven Central)",0.08671392500400543
uspto,US07314936-20080101-C00479,CNC1CCC(C2(C)OCC(C)(C)CO2)CC1,,,,"MolVec 0.9.8 (git b412dd0, Maven Central)",0.6107362098991871
uspto,US07314936-20080101-C00481,CNCC(COC)COC,,,,"MolVec 0.9.8 (git b412dd0, Maven Central)",0.15799678675830364
uspto,US07314936-20080101-C00485,CN[C@H]1CC[C@@H](OC)CC1,,,,"MolVec 0.9.8 (git b412dd0, Maven Central)",0.08545317128300667
uspto,US07314936-20080101-C00504,CCN(C[C@H](NCc1ccc2[nH]c(-c3cc(N)nc4[nH]c(C)nc34)cc2c1)C(N)=O)c1ccccc1,,,,"MolVec 0.9.8 (git b412dd0, Maven Central)",0.211725614964962
uspto,US07314936-20080101-C00510,Cc1nc2c(-c3cc4cc(CN[C@@H](Cc5c[nH]c6ccccc56)C(N)=O)ccc4[nH]3)cc(N)nc2[nH]1,,,,"MolVec 0.9.8 (git b412dd0, Maven Central)",0.2189535442739725
uspto,US07314936-20080101-C00651,Cc1nc2c(-c3cc4c(CCN(C)C)cccc4[nH]3)cc(N)nc2[nH]1,,,,"MolVec 0.9.8 (git b412dd0, Maven Central)",0.22012542374432087
uspto,US07314936-20080101-C00662,Cc1nc2c(-c3cc4cc(CN5C(=O)c6ccccc6C5=O)ccc4[nH]3)cc(N)nc2[nH]1,,,,"MolVec 0.9.8 (git b412dd0, Maven Central)",0.27605041675269604
uspto,US07314936-20080101-C00663,Cc1nc2c(-c3cc4cc(COc5ccc(C(F)(F)F)cc5)ccc4[nH]3)cc(N)nc2[nH]1,,,,"MolVec 0.9.8 (git b412dd0, Maven Central)",1.1008737683296204
uspto,US07314936-20080101-C00671,Cc1nc2c(-c3cc4cc(CO)ccc4[nH]3)cc(N)nc2[nH]1,,,,"MolVec 0.9.8 (git b412dd0, Maven Central)",0.8380221761763096
uspto,US07314936-20080101-C00700,CCO(N)C(=O)C1=CC(Cl)=C2NC(=O)NC2=N1,,,,"MolVec 0.9.8 (git b412dd0, Maven Central)",0.11580334231257439
uspto,US07314936-20080101-C00702,CCOC(=O)Nc1cc(Cl)c2nc(N)[nH]c2n1,,,,"MolVec 0.9.8 (git b412dd0, Maven Central)",0.19399674236774445
uspto,US07314936-20080101-C00705,Cc1nc2c(I)cc(F)nc2[nH]1,,,,"MolVec 0.9.8 (git b412dd0, Maven Central)",0.41087936982512474
uspto,US07314936-20080101-C00735,COC[C@H](CC1CCCCC1)N(C)Cc1ccc2[nH]c(-c3ccnc4[nH]c(C)nc34)cc2c1,,,,"MolVec 0.9.8 (git b412dd0, Maven Central)",0.19225118309259415
uspto,US07314936-20080101-C00791,Cc1nc2c(-c3cc4cc(CN[C@@H](CO)C(C)C)ccc4[nH]3)ccnc2[nH]1,,,,"MolVec 0.9.8 (git b412dd0, Maven Central)",0.16701399721205235
uspto,US07314936-20080101-C00834,Cc1nc2[nH]c(=O)cc(I)c2[nH]1,,,,"MolVec 0.9.8 (git b412dd0, Maven Central)",0.6110063474625349
uspto,US07314936-20080101-C00835,CCC.Cc1nc2c(-c3cc4cc(CN(C)Cc5ccccc5)ccc4[nH]3)cc(=O)[nH]c2[nH]1,,,,"MolVec 0.9.8 (git b412dd0, Maven Central)",0.3316066041588783
uspto,US07314936-20080101-C00894,CCN(C[C@H](NCc1ccc2[nH]c(-c3cc(N)nc4[nH]c(C)nc34)cc2c1)C(=O)OC)c1ccccc1,,,,"MolVec 0.9.8 (git b412dd0, Maven Central)",0.6738809291273355
uspto,US07314936-20080101-C00909,Cc1nc2c(-c3cc4cc(CN5CCS(=O)CC5)ccc4[nH]3)cc(N)cc2[nH]1,,,,"MolVec 0.9.8 (git b412dd0, Maven Central)",0.16305814869701862
uspto,US07314936-20080101-C01022,Cc1nc2c(-c3cc4cc(CN5C[C@@H](O)[C@@H](O)C5)ccc4[nH]3)cc(N)nc2[nH]1,,,,"MolVec 0.9.8 (git b412dd0, Maven Central)",0.3256158195436001
uspto,US07314936-20080101-C01028,Cc1nc2c(-c3cc4cc(CN(C)CC5CCC(=O)CC5)ccc4[nH]3)cc(N)nc2[nH]1,,,,"MolVec 0.9.8 (git b412dd0, Maven Central)",0.16903262957930565
uspto,US07314936-20080101-C01075,Cc1nc2c(-c3cc4cc(CN(C)C5CCC5)ccc4[nH]3)ccnc2[nH]1,,,,"MolVec 0.9.8 (git b412dd0, Maven Central)",0.13803714700043201
uspto,US07314936-20080101-C01084,COC[C@@H]1CCCN1Cc1ccc2[nH]c(-c3ccnc4[nH]c(C)nc34)cc2c1,,,,"MolVec 0.9.8 (git b412dd0, Maven Central)",0.17778082750737667
uspto,US07314936-20080101-C01108,CCN(C)Cc1ccc2[nH]c(-c3cc(N)nc4[nH]c(C)nc34)cc2c1,,,,"MolVec 0.9.8 (git b412dd0, Maven Central)",0.16073570027947426
uspto,US07314936-20080101-C01117,Cc1nc2c(-c3cc4cc(CCN5CCOCC5)ccc4[nH]3)ccnc2[nH]1,,,,"MolVec 0.9.8 (git b412dd0, Maven Central)",0.15740947052836418
uspto,US07314936-20080101-C01119,Cc1nc2c(-c3cc4cc(/C=C/CN5CCOCC5)ccc4[nH]3)ccnc2[nH]1,,,,"MolVec 0.9.8 (git b412dd0, Maven Central)",0.18137840367853642
uspto,US07314936-20080101-C01121,Cc1nc2c(-c3cc4ccc(/C=C/CN5CCOCC5)cc4[nH]3)ccnc2[nH]1,,,,"MolVec 0.9.8 (git b412dd0, Maven Central)",0.14690516330301762
uspto,US07314936-20080101-C01123,Cc1nc2c(-c3cc4ccc(CCN5CCOCC5)cc4[nH]3)ccnc2[nH]1,,,,"MolVec 0.9.8 (git b412dd0, Maven Central)",0.13907389715313911
uspto,US07314936-20080101-C01130,Cc1nc2c(-c3cc4c(CN(C)C5CCC6(CC5)COC(C)(C)OC6)cccc4[nH]3)ccnc2[nH]1,,,,"MolVec 0.9.8 (git b412dd0, Maven Central)",0.2634924780577421
uspto,US07314936-20080101-C01132,Cc1nc2c(-c3cc4cc(CN5CCC5)ccc4[nH]3)ccnc2[nH]1,,,,"MolVec 0.9.8 (git b412dd0, Maven Central)",0.12696523033082485
uspto,US07314936-20080101-C01134,Cc1nc2c(-c3cc4ccc(CN(C)C5CCCC5)cc4[nH]3)cc(N)nc2[nH]1,,,,"MolVec 0.9.8 (git b412dd0, Maven Central)",0.16277412325143814
uspto,US07314936-20080101-C01135,Cc1nc2c(-c3cc4ccc(CN(C)C5CCCC5)cc4[nH]3)ccnc2[nH]1,,,,"MolVec 0.9.8 (git b412dd0, Maven Central)",0.18328115157783031
uspto,US07314936-20080101-C01140,Cc1nc2c(-c3cc4ccc(CN5CCC5)cc4[nH]3)ccnc2[nH]1,,,,"MolVec 0.9.8 (git b412dd0, Maven Central)",0.1387964803725481
uspto,US07314936-20080101-C01148,Cc1nc2c(-c3cc4c(CN(C)C5CCC6(CC5)OCC(C)(C)CO6)cccc4[nH]3)cc(N)nc2[nH]1,,,,"MolVec 0.9.8 (git b412dd0, Maven Central)",0.31511409021914005
uspto,US07314936-20080101-C01152,Cc1nc2c(-c3cc4cc(CNC5CC5)ccc4[nH]3)ccnc2[nH]1,,,,"MolVec 0.9.8 (git b412dd0, Maven Central)",0.15424223989248276
uspto,US07314936-20080101-C01153,Cc1nc2c(-c3cc4cc(CNC5CCC5)ccc4[nH]3)ccnc2[nH]1,,,,"MolVec 0.9.8 (git b412dd0, Maven Central)",0.1704632118344307
uspto,US07314936-20080101-C01154,Cc1nc2c(-c3cc4cc(CNC5CCCC5)ccc4[nH]3)ccnc2[nH]1,,,,"MolVec 0.9.8 (git b412dd0, Maven Central)",0.15515767969191074
uspto,US07314936-20080101-C01160,Cc1nc2c(-c3cc4cc(CNCC5C[C@@H](C)CCC5C(C)C)ccc4[nH]3)ccnc2[nH]1,,,,"MolVec 0.9.8 (git b412dd0, Maven Central)",0.194487314671278
uspto,US07314936-20080101-C01169,Cc1nc2c(-c3cc4cc(C(=O)O)ccc4[nH]3)cc(N)nc2[nH]1,,,,"MolVec 0.9.8 (git b412dd0, Maven Central)",0.1879564430564642
uspto,US07314936-20080101-C01170,Cc1nc2c(-c3cc4cc(CN(C)C5CCCCC5)ccc4[nH]3)cc(F)nc2[nH]1,,,,"MolVec 0.9.8 (git b412dd0, Maven Central)",0.187503008171916
uspto,US07314936-20080101-C01204,C#CCN(C)C(=O)c1ccc2cc(-c3ccnc4[nH]c(C)nc34)[nH]c2c1,,,,"MolVec 0.9.8 (git b412dd0, Maven Central)",0.22984005510807037
uspto,US07314936-20080101-C01205,C=CCNC(=O)c1ccc2cc(-c3ccnc4[nH]c(C)nc34)[nH]c2c1,,,,"MolVec 0.9.8 (git b412dd0, Maven Central)",0.31971762143075466
uspto,US07314936-20080101-C01207,Cc1nc2c(-c3cc4ccc(C(=O)NC(C)(C)C)cc4[nH]3)ccnc2[nH]1,,,,"MolVec 0.9.8 (git b412dd0, Maven Central)",0.16775369830429554
uspto,US07314936-20080101-C01208,C=CCN(C)C(=O)c1ccc2cc(-c3ccnc4[nH]c(C)nc34)[nH]c2c1,,,,"MolVec 0.9.8 (git b412dd0, Maven Central)",0.14876962453126907
uspto,US07314936-20080101-C01210,Cc1nc2c(-c3cc4ccc(C(=O)NC(CO)C(C)(C)C)cc4[nH]3)ccnc2[nH]1,,,,"MolVec 0.9.8 (git b412dd0, Maven Central)",0.1358228474855423
uspto,US07314936-20080101-C01211,Cc1nc2c(-c3cc4ccc(C(=O)N(C)C(C)C)cc4[nH]3)ccnc2[nH]1,,,,"MolVec 0.9.8 (git b412dd0, Maven Central)",0.2418382167816162
uspto,US07314936-20080101-C01212,Cc1nc2c(-c3cc4ccc(C(=O)NCCCOC(C)C)cc4[nH]3)ccnc2[nH]1,,,,"MolVec 0.9.8 (git b412dd0, Maven Central)",0.19911827147006989
uspto,US07314936-20080101-C01215,CC[C@@H](C)NC(=O)c1ccc2cc(-c3ccnc4[nH]c(C)nc34)[nH]c2c1,,,,"MolVec 0.9.8 (git b412dd0, Maven Central)",0.17438414506614208
uspto,US07314936-20080101-C01216,CC[C@H](C)NC(=O)c1ccc2cc(-c3ccnc4[nH]c(C)nc34)[nH]c2c1,,,,"MolVec 0.9.8 (git b412dd0, Maven Central)",0.16593621671199799
uspto,US07314936-20080101-C01217,Cc1nc2c(-c3cc4ccc(C(=O)N5CC=CC5)cc4[nH]3)ccnc2[nH]1,,,,"MolVec 0.9.8 (git b412dd0, Maven Central)",0.1654665172100067
uspto,US07314936-20080101-C01218,Cc1nc2c(-c3cc4ccc(C(=O)N[C@@H](CO)CC(C)C)cc4[nH]3)ccnc2[nH]1,,,,"MolVec 0.9.8 (git b412dd0, Maven Central)",0.13865254446864128
uspto,US07314937-20080101-C00013,CC(=O)N1CCc2ccc(OCCCN3CCCCC3)cc2C1,,,,"MolVec 0.9.8 (git b412dd0, Maven Central)",0.12427266500890255
uspto,US07314937-20080101-C00035,CN(C)CCCOc1ccc2c(c1)CCNC2,,,,"MolVec 0.9.8 (git b412dd0, Maven Central)",0.1481456235051155
uspto,US07314937-20080101-C00036,CC1CCCCN1CCCOc1ccc2c(c1)CCNC2,,,,"MolVec 0.9.8 (git b412dd0, Maven Central)",0.10850376449525356
uspto,US07314937-20080101-C00055,CC(C)(C)OC(=O)N1CCc2cccc(O)c2C1,,,,"MolVec 0.9.8 (git b412dd0, Maven Central)",0.0999754536896944
uspto,US07314937-20080101-C00065,CCN1CCc2cc(O)ccc2C1=O,,,,"MolVec 0.9.8 (git b412dd0, Maven Central)",0.12236668542027473
uspto,US07314937-20080101-C00089,CN(C)CCCOc1ccc2c(c1)CCCC2=O,,,,"MolVec 0.9.8 (git b412dd0, Maven Central)",0.08855201862752438
uspto,US07314937-20080101-C00090,CC(COc1ccc2c(c1)CCCC2=O)CN(C)C,,,,"MolVec 0.9.8 (git b412dd0, Maven Central)",0.17417827621102333
uspto,US07314937-20080101-C00091,CN1CCCC(COc2ccc3c(c2)CCCC3=O)C1,,,,"MolVec 0.9.8 (git b412dd0, Maven Central)",0.15836762450635433
uspto,US07314937-20080101-C00092,CCC(=O)c1ccc(OCC(C)CN(C)C)cc1,,,,"MolVec 0.9.8 (git b412dd0, Maven Central)",0.18351393565535545
uspto,US07314937-20080101-C00093,CCCC(=O)c1ccc(OCC(C)CN(C)C)cc1,,,,"MolVec 0.9.8 (git b412dd0, Maven Central)",0.10650171153247356
uspto,US07314937-20080101-C00094,O=C1CCCc2cc(OCCCN3CCCCC3)ccc21,,,,"MolVec 0.9.8 (git b412dd0, Maven Central)",0.09250362403690815
uspto,US07314937-20080101-C00095,O=C1CCCc2cc(OCCN3CCCCC3)ccc21,,,,"MolVec 0.9.8 (git b412dd0, Maven Central)",0.07187527604401112
uspto,US07314937-20080101-C00096,CCC(=O)c1ccc(OCCCN2CCCCC2)cc1,,,,"MolVec 0.9.8 (git b412dd0, Maven Central)",0.40019642375409603
uspto,US07314937-20080101-C00097,CCC(=O)c1ccc(OCCN2CCCCC2)cc1,,,,"MolVec 0.9.8 (git b412dd0, Maven Central)",0.06724462285637856
uspto,US07314937-20080101-C00098,CCCC(=O)c1ccc(OCCCN(C)C)cc1,,,,"MolVec 0.9.8 (git b412dd0, Maven Central)",0.10505105368793011
uspto,US07314937-20080101-C00099,CCCC(=O)c1ccc(OCCN2CCCCC2)cc1,,,,"MolVec 0.9.8 (git b412dd0, Maven Central)",0.10437774285674095
uspto,US07314937-20080101-C00113,CC1CCCCN1CCN,,,,"MolVec 0.9.8 (git b412dd0, Maven Central)",0.06141236796975136
uspto,US07314937-20080101-C00115,Cc1cccc(N(C)CCN)c1,,,,"MolVec 0.9.8 (git b412dd0, Maven Central)",0.09278124384582043
uspto,US07314937-20080101-C00123,C[H]N([H]C)CCCC(C)N,,,,"MolVec 0.9.8 (git b412dd0, Maven Central)",0.06887159310281277
uspto,US07314937-20080101-C00131,NCCCN1CCCCCC1,,,,"MolVec 0.9.8 (git b412dd0, Maven Central)",0.12314249388873577
uspto,US07314937-20080101-C00139,O=S(=O)(Cl)c1ccccc1,,,,"MolVec 0.9.8 (git b412dd0, Maven Central)",0.5300058424472809
uspto,US07314937-20080101-C00144,O=C(Oc1ccccc1)c1ccc(OCCN2CCCCC2)cc1,,,,"MolVec 0.9.8 (git b412dd0, Maven Central)",0.10537116229534149
uspto,US07314937-20080101-C00147,CCN(CC)CCCOc1ccc([C@H](C)N(CCN(C)C)S(C)(=O)=O)cc1,,,,"MolVec 0.9.8 (git b412dd0, Maven Central)",0.2630011606961489
uspto,US07314937-20080101-C00148,CN(C)CCCOc1ccc(CO)cc1,,,,"MolVec 0.9.8 (git b412dd0, Maven Central)",0.12694306299090385
uspto,US07314937-20080101-C00150,CCN(CC)CCCOc1ccc(CNCCN(C)C)cc1,,,,"MolVec 0.9.8 (git b412dd0, Maven Central)",0.1478363312780857
uspto,US07314937-20080101-C00151,CC(N[C@@H](C)c1ccc(OCCCN(C)C)cc1)c1ccccc1,,,,"MolVec 0.9.8 (git b412dd0, Maven Central)",0.20702067390084267
uspto,US07314937-20080101-C00152,C[C@@H](c1ccc(OCCCN(C)C)cc1)N1CC[C@H](N(C)C)C1,,,,"MolVec 0.9.8 (git b412dd0, Maven Central)",0.34656044840812683
uspto,US07314937-20080101-C00153,CCN(CCN[C@@H](C)c1ccc(OCCCN(C)C)cc1)c1cccc(C)c1,,,,"MolVec 0.9.8 (git b412dd0, Maven Central)",0.3609062749892473
uspto,US07314937-20080101-C00154,C[C@H](NCCCN1CCCC[C@H]1C)c1ccc(OCCCN(C)C)cc1,,,,"MolVec 0.9.8 (git b412dd0, Maven Central)",0.21145177260041237
uspto,US07314937-20080101-C00155,CCN(CC)CCCOc1ccc(COCCN(C)C)cc1,,,,"MolVec 0.9.8 (git b412dd0, Maven Central)",0.1704406887292862
uspto,US07314937-20080101-C00158,CCN(CC)CCCOc1ccc([C@H](C)NCCNC)cc1,,,,"MolVec 0.9.8 (git b412dd0, Maven Central)",0.22099818475544453
uspto,US07314937-20080101-C00159,CCN(CC)CCCOc1ccc(C(C)NCCN2CCCCC2)cc1,,,,"MolVec 0.9.8 (git b412dd0, Maven Central)",0.17270970530807972
uspto,US07314937-20080101-C00160,CCN(CC)CCCOc1ccc([C@@H]2CN(C)C[C@H](C)N2)cc1,,,,"MolVec 0.9.8 (git b412dd0, Maven Central)",0.33710690028965473
uspto,US07314937-20080101-C00161,CCN(CC)CCCOc1ccc([C@H](C)NC2CN(CC)N(CC)C2)cc1,,,,"MolVec 0.9.8 (git b412dd0, Maven Central)",0.34522110782563686
uspto,US07314937-20080101-C00162,CCN(CC)CCCOc1ccc([C@H](C)NCCCN2CCN(C)CC2)cc1,,,,"MolVec 0.9.8 (git b412dd0, Maven Central)",0.3133259993046522
uspto,US07314937-20080101-C00163,CCN(CC)CCCOc1ccc([C@H](C)NCc2nc3ccccc3[nH]2)cc1,,,,"MolVec 0.9.8 (git b412dd0, Maven Central)",0.26716492511332035
uspto,US07314937-20080101-C00164,CCN(CC)CCCOc1ccc([C@H](C)NCCN2CCNC2=O)cc1,,,,"MolVec 0.9.8 (git b412dd0, Maven Central)",0.6620614137500525
uspto,US07314937-20080101-C00165,CCN(CC)CCCOc1ccc([C@H](C)NCC[C@H]2CCCN2C)cc1,,,,"MolVec 0.9.8 (git b412dd0, Maven Central)",0.2662697210907936
uspto,US07314937-20080101-C00166,CCN(CC)CCCOc1ccc([C@H](C)NCCCn2ccnc2)cc1,,,,"MolVec 0.9.8 (git b412dd0, Maven Central)",0.3649333380162716
uspto,US07314937-20080101-C00167,CCN(CC)CCCOc1ccc([C@H](C)NCCCN(C)C)cc1,,,,"MolVec 0.9.8 (git b412dd0, Maven Central)",0.3935597874224186
uspto,US07314937-20080101-C00168,CCN(CC)CCCOc1ccc([C@H](C)NCCCN2CCCC2=O)cc1,,,,"MolVec 0.9.8 (git b412dd0, Maven Central)",0.28016405180096626
uspto,US07314937-20080101-C00169,CCN(CC)CCCOc1ccc(C(C)NC[C@H]2CCCN2)cc1,,,,"MolVec 0.9.8 (git b412dd0, Maven Central)",0.2914700135588646
uspto,US07314937-20080101-C00171,CCN(CC)CCCOc1ccc([C@H](C)N(CCN(C)C)S(=O)(=O)c2ccccc2)cc1,,,,"MolVec 0.9.8 (git b412dd0, Maven Central)",1.015362011268735
uspto,US07314937-20080101-C00172,CCN(CC)CCCOc1ccc([C@H](C)N(CCN(C)C)S(=O)(=O)CC(F)(F)F)cc1,,,,"MolVec 0.9.8 (git b412dd0, Maven Central)",0.3544736932963133
uspto,US07314937-20080101-C00173,CCN(CC)CCCOc1ccc([C@H](C)N(CCN(C)C)C(=O)O[C@@H]2C[C@H](C)CC[C@H]2C(C)C)cc1,,,,"MolVec 0.9.8 (git b412dd0, Maven Central)",0.35502529703080654
uspto,US07314937-20080101-C00174,CCN(CC)CCCOc1ccc([C@H](C)N(CCN(C)C)S(=O)(=O)c2cccs2)cc1,,,,"MolVec 0.9.8 (git b412dd0, Maven Central)",0.2643891144543886
uspto,US07314937-20080101-C00175,C[C@H](NCCN1CCOCC1)c1ccc(OCCCN2CCCCC2)cc1,,,,"MolVec 0.9.8 (git b412dd0, Maven Central)",0.25098721869289875
uspto,US07314937-20080101-C00177,C[C@H](NCc1ccccn1)c1ccc(OCCCN2CCCCC2)cc1,,,,"MolVec 0.9.8 (git b412dd0, Maven Central)",0.15113896504044533
uspto,US07314937-20080101-C00178,C[C@H](NCc1ccncc1)c1ccc(OCCCN2CCCCC2)cc1,,,,"MolVec 0.9.8 (git b412dd0, Maven Central)",0.17219441942870617
uspto,US07314937-20080101-C00179,CC(NCCO)c1ccc(OCCCN2CCCCC2)cc1,,,,"MolVec 0.9.8 (git b412dd0, Maven Central)",0.2613388877362013
uspto,US07314937-20080101-C00180,CCN(CC)CCCOc1ccc(CN)cc1,,,,"MolVec 0.9.8 (git b412dd0, Maven Central)",0.12050393968820572
uspto,US07314937-20080101-C00182,CN1CCN(CCOc2ccc(C(=O)N3CCC(=[N+](C)C)C3)cc2)CC1,,,,"MolVec 0.9.8 (git b412dd0, Maven Central)",0.9781796466559172
uspto,US07314937-20080101-C00183,CN1CCN(CCOc2ccc(C(=O)N3CC[C@@H](N(C)C)C3)cc2)CC1,,,,"MolVec 0.9.8 (git b412dd0, Maven Central)",0.2746242340654135
uspto,US07314937-20080101-C00184,CN1CCN(CCOc2ccc(C(=O)N3CCC[C@H]3CN3CCCC3)cc2)CC1,,,,"MolVec 0.9.8 (git b412dd0, Maven Central)",0.1871809009462595
uspto,US07314937-20080101-C00185,CN(C)C[C@@H]1CCCCN1C(=O)c1ccc(OCCN2CCN(C)CC2)cc1,,,,"MolVec 0.9.8 (git b412dd0, Maven Central)",0.1658689547330141
uspto,US07314937-20080101-C00187,c1cc(OCCCN2CCCCC2)ccc1CNCCN1CCCC1,,,,"MolVec 0.9.8 (git b412dd0, Maven Central)",0.2039317637681961
uspto,US07314937-20080101-C00188,CCN(CC)CCCOc1ccc(CNCCNC)cc1,,,,"MolVec 0.9.8 (git b412dd0, Maven Central)",0.19698931090533733
uspto,US07314937-20080101-C00189,CCN(CC)CCCOc1ccc(CN/C=C2\CCCN2CC)cc1,,,,"MolVec 0.9.8 (git b412dd0, Maven Central)",0.2105928733944893
uspto,US07314937-20080101-C00190,CCN(CC)CCCOc1ccc(CNCCN2CCCCC2)cc1,,,,"MolVec 0.9.8 (git b412dd0, Maven Central)",0.14048082567751408
uspto,US07314937-20080101-C00191,CCN(CC)CCCOc1ccc(CN[C@@H](C)CN(C)C)cc1,,,,"MolVec 0.9.8 (git b412dd0, Maven Central)",0.2408920545130968
uspto,US07314937-20080101-C00192,CCN(CC)CCCOc1ccc(CNC2CN(CC)N(CC)C2)cc1,,,,"MolVec 0.9.8 (git b412dd0, Maven Central)",0.13906002789735794
uspto,US07314937-20080101-C00193,CCN(CC)CCCOc1ccc(CNCCCN2CCN(C)CC2)cc1,,,,"MolVec 0.9.8 (git b412dd0, Maven Central)",0.2628864757716656
uspto,US07314937-20080101-C00194,CCN(CC)CCCOc1ccc(CNCCN2CCNC2=O)cc1,,,,"MolVec 0.9.8 (git b412dd0, Maven Central)",0.2522928323596716
uspto,US07314937-20080101-C00195,CCN(CC)CCCOc1ccc(CNC/C=C2\CCCN2C)cc1,,,,"MolVec 0.9.8 (git b412dd0, Maven Central)",0.3000364564359188
uspto,US07314937-20080101-C00196,c1cn(CCCNCc2ccc(OCCCN3CCCCC3)cc2)cn1,,,,"MolVec 0.9.8 (git b412dd0, Maven Central)",0.20536094158887863
uspto,US07314937-20080101-C00197,CN(C)CCCNCc1ccc(OCCCN2CCCCC2)cc1,,,,"MolVec 0.9.8 (git b412dd0, Maven Central)",0.18509853072464466
uspto,US07314937-20080101-C00198,O=C1CCCN1CCCNCc1ccc(OCCCN2CCCCC2)cc1,,,,"MolVec 0.9.8 (git b412dd0, Maven Central)",0.1890199687331915
uspto,US07314937-20080101-C00199,c1cc(OCCCN2CCCCC2)ccc1CNCCCN1CCOCC1,,,,"MolVec 0.9.8 (git b412dd0, Maven Central)",0.2165832407772541
uspto,US07314937-20080101-C00200,CCN(CC)CCCOc1ccc(CNCCCN2CCCC[C@@H]2C)cc1,,,,"MolVec 0.9.8 (git b412dd0, Maven Central)",0.16544269025325775
uspto,US07314937-20080101-C00201,c1cc(OCCCN2CCCCC2)ccc1CNCCCN1CCCC1,,,,"MolVec 0.9.8 (git b412dd0, Maven Central)",0.17293942905962467
uspto,US07314937-20080101-C00202,CCN(CC)CCCOc1ccc(CN(C)CCN(C)C)cc1,,,,"MolVec 0.9.8 (git b412dd0, Maven Central)",0.2788052409887314
uspto,US07314937-20080101-C00205,CNCCNCc1ccc(OCCCN2CCCCC2)cc1,,,,"MolVec 0.9.8 (git b412dd0, Maven Central)",0.11436273530125618
uspto,US07314937-20080101-C00206,CCN1CCC/C1=C/NCc1ccc(OCCCN2CCCCC2)cc1,,,,"MolVec 0.9.8 (git b412dd0, Maven Central)",0.17189246974885464
uspto,US07314937-20080101-C00207,c1cc(OCCCN2CCCCC2)ccc1CNCCN1CCCCC1,,,,"MolVec 0.9.8 (git b412dd0, Maven Central)",0.0832412987947464
uspto,US07314937-20080101-C00208,C[C@@H](CN(C)C)NCc1ccc(OCCCN2CCCCC2)cc1,,,,"MolVec 0.9.8 (git b412dd0, Maven Central)",0.11949648149311543
uspto,US07314937-20080101-C00209,O=C1NCCN1CCNCc1ccc(OCCCN2CCCCC2)cc1,,,,"MolVec 0.9.8 (git b412dd0, Maven Central)",0.1553675439208746
uspto,US07314937-20080101-C00210,CN1CCC/C1=C/CNCc1ccc(OCCCN2CCCCC2)cc1,,,,"MolVec 0.9.8 (git b412dd0, Maven Central)",0.18112007714807987
uspto,US07314937-20080101-C00211,CCN(CC)CCCOc1ccc(CNCCCn2ccnc2)cc1,,,,"MolVec 0.9.8 (git b412dd0, Maven Central)",0.2765930537134409
uspto,US07314937-20080101-C00212,CCN(CC)CCCOc1ccc(CNCCCN(C)C)cc1,,,,"MolVec 0.9.8 (git b412dd0, Maven Central)",0.24300124496221542
uspto,US07314937-20080101-C00213,CCN(CC)CCCOc1ccc(CNCCCN2CCCC2=O)cc1,,,,"MolVec 0.9.8 (git b412dd0, Maven Central)",0.352447347715497
uspto,US07314937-20080101-C00214,CCN(CC)CCCOc1ccc(CNCCCN2CCOCC2)cc1,,,,"MolVec 0.9.8 (git b412dd0, Maven Central)",0.2103272620588541
uspto,US07314937-20080101-C00215,CCN(CC)CCCOc1ccc(CNCCCN2CCCC2)cc1,,,,"MolVec 0.9.8 (git b412dd0, Maven Central)",0.24973057210445404
uspto,US07314937-20080101-C00216,C[C@H]1CCCCN1CCCNCc1ccc(OCCCN2CCCCC2)cc1,,,,"MolVec 0.9.8 (git b412dd0, Maven Central)",0.3038934078067541
uspto,US07314937-20080101-C00225,CN(C)CCCOc1ccc2c(c1)CCC[C@H]2NCCN(C)C,,,,"MolVec 0.9.8 (git b412dd0, Maven Central)",0.1893930435180664
uspto,US07314937-20080101-C00226,C[C@@H](COc1ccc2c(c1)CCC[C@H]2NCCN(C)C)CN(C)C,,,,"MolVec 0.9.8 (git b412dd0, Maven Central)",0.26017122715711594
uspto,US07314937-20080101-C00227,CN(C)CCN[C@@H]1CCCc2cc(OC[C@H]3CCCNC3)ccc21,,,,"MolVec 0.9.8 (git b412dd0, Maven Central)",0.2656293772161007
uspto,US07314937-20080101-C00228,CC[C@@H](NCCN(C)C)c1ccc(OC[C@H](C)CN(C)C)cc1,,,,"MolVec 0.9.8 (git b412dd0, Maven Central)",0.24413929134607315
uspto,US07314937-20080101-C00229,CCC[C@@H](NCCN(C)C)c1ccc(OC[C@H](C)CN(C)C)cc1,,,,"MolVec 0.9.8 (git b412dd0, Maven Central)",0.22455601952970028
uspto,US07314937-20080101-C00230,CN(C)CCN[C@@H]1CCCc2cc(OCCCN3CCCCC3)ccc21,,,,"MolVec 0.9.8 (git b412dd0, Maven Central)",0.22232872433960438
uspto,US07314937-20080101-C00231,CN(C)CCN[C@@H]1CCCc2cc(OCCN3CCCCC3)ccc21,,,,"MolVec 0.9.8 (git b412dd0, Maven Central)",0.1879967264831066
uspto,US07314937-20080101-C00232,CC[C@@H](NCCN(C)C)c1ccc(OCCCN2CCCCC2)cc1,,,,"MolVec 0.9.8 (git b412dd0, Maven Central)",0.2638970632106066
uspto,US07314937-20080101-C00233,CC[C@@H](NCCN(C)C)c1ccc(OCCN2CCCCC2)cc1,,,,"MolVec 0.9.8 (git b412dd0, Maven Central)",0.4101095162332058
uspto,US07314937-20080101-C00234,CCC[C@@H](NCCN(C)C)c1ccc(OCCCN(C)C)cc1,,,,"MolVec 0.9.8 (git b412dd0, Maven Central)",0.9901038631796837
uspto,US07314937-20080101-C00236,CCC[C@@H](NCCN(C)C)c1ccc(OCCN2CCCCC2)cc1,,,,"MolVec 0.9.8 (git b412dd0, Maven Central)",0.6200653072446585
uspto,US07314937-20080101-C00237,C[C@H](NCCN1CCOCC1)c1ccc(OCCCN(C)C)cc1,,,,"MolVec 0.9.8 (git b412dd0, Maven Central)",0.17069904692471027
uspto,US07314937-20080101-C00239,CCNC(C)c1ccc(OCCCN(C)C)cc1,,,,"MolVec 0.9.8 (git b412dd0, Maven Central)",0.24237195029854774
uspto,US07314937-20080101-C00240,C[C@H](NC1CCN(Cc2ccccc2)CC1)c1ccc(OCCCN(C)C)cc1,,,,"MolVec 0.9.8 (git b412dd0, Maven Central)",0.21770835295319557
uspto,US07314937-20080101-C00242,C[C@H](NCCCN1CCCCCC1)c1ccc(OCCCN(C)C)cc1,,,,"MolVec 0.9.8 (git b412dd0, Maven Central)",0.1914743036031723
uspto,US07314937-20080101-C00243,CN1CCCN(Cc2ccc(OCCCN3CCCCC3)cc2)CC1,,,,"MolVec 0.9.8 (git b412dd0, Maven Central)",0.1383145973086357
uspto,US07314937-20080101-C00245,CCN(CC)CCCOc1ccc(CN2CCN(C)CC2)cc1,,,,"MolVec 0.9.8 (git b412dd0, Maven Central)",1.1072600986808538
uspto,US07314937-20080101-C00246,CN1CCN(Cc2ccc(OCCCN3CCCCC3)cc2)CC1,,,,"MolVec 0.9.8 (git b412dd0, Maven Central)",0.4477067645639181
uspto,US07314937-20080101-C00247,O=C1CCN(Cc2ccc(OCCCN3CCCCC3)cc2)CCN1,,,,"MolVec 0.9.8 (git b412dd0, Maven Central)",0.16710658743977547
uspto,US07314937-20080101-C00248,CCN(CC)CCCOc1ccc(CN2CCNC(=O)CC2)cc1,,,,"MolVec 0.9.8 (git b412dd0, Maven Central)",0.21343273483216763
uspto,US07314937-20080101-C00249,CCN1CC(NCc2ccc(OCCCN3CCCCC3)cc2)CN1CC,,,,"MolVec 0.9.8 (git b412dd0, Maven Central)",0.25787908397614956
uspto,US07314937-20080101-C00250,CN1CCN(CCCNCc2ccc(OCCCN3CCCCC3)cc2)CC1,,,,"MolVec 0.9.8 (git b412dd0, Maven Central)",0.2668125070631504
uspto,US07314937-20080101-C00251,CN(C)CCN(C)Cc1ccc(OCCCN2CCCCC2)cc1,,,,"MolVec 0.9.8 (git b412dd0, Maven Central)",0.2053720559924841
uspto,US07314937-20080101-C00252,CC(O)c1ccc(OCCCN2CCCCC2)cc1,,,,"MolVec 0.9.8 (git b412dd0, Maven Central)",0.1338212788105011
uspto,US07314937-20080101-C00253,CC(C)(C)OC(=O)N1CCCN(Cc2ccc(OCCCN3CCCCC3)cc2)CC1,,,,"MolVec 0.9.8 (git b412dd0, Maven Central)",0.2024944256991148
uspto,US07314937-20080101-C00254,CCN(CC)CCCOc1ccc(CN2CCCN(C(=O)OC(C)(C)C)CC2)cc1,,,,"MolVec 0.9.8 (git b412dd0, Maven Central)",0.21935453079640865
uspto,US07314937-20080101-C00256,c1ccc(CN2CCCN(Cc3ccc(OCCCN4CCCCC4)cc3)CC2)cc1,,,,"MolVec 0.9.8 (git b412dd0, Maven Central)",0.2936296798288822
uspto,US07314937-20080101-C00257,CCN(CC)CCCOc1ccc(CNC(=O)[C@@H]2CCCN2C)cc1,,,,"MolVec 0.9.8 (git b412dd0, Maven Central)",0.2319745123386383
uspto,US07314937-20080101-C00258,CCN(CC)CCCOc1ccc(CNC(=O)CCN2CCCCC2)cc1,,,,"MolVec 0.9.8 (git b412dd0, Maven Central)",0.2212077733129263
uspto,US07314937-20080101-C00259,CCN(CC)CCCOc1ccc(CNC(=O)CCCN(C)C)cc1,,,,"MolVec 0.9.8 (git b412dd0, Maven Central)",0.19339121133089066
uspto,US07314937-20080101-C00260,CCN(CC)CCCOc1ccc(CNC(=O)c2ccccc2N(C)C)cc1,,,,"MolVec 0.9.8 (git b412dd0, Maven Central)",0.23393029905855656
uspto,US07314937-20080101-C00261,CCCN(CCC)C(C)C(=O)NCc1ccc(OCCCN(CC)CC)cc1,,,,"MolVec 0.9.8 (git b412dd0, Maven Central)",0.2787405773997307
uspto,US07314937-20080101-C00262,CCN(CC)CCCOc1ccc(CNC(=O)CN(C)C)cc1,,,,"MolVec 0.9.8 (git b412dd0, Maven Central)",0.6959386374801397
uspto,US07314937-20080101-C00263,CCN(CC)CCCOc1ccc(CNC(=O)C(c2ccccc2)=[N+](C)C)cc1,,,,"MolVec 0.9.8 (git b412dd0, Maven Central)",0.18849429488182068
uspto,US07314937-20080101-C00264,CCN(CC)CCCOc1ccc(CNC(=O)c2cnc3ccccc3n2)cc1,,,,"MolVec 0.9.8 (git b412dd0, Maven Central)",1.1179377045482397
uspto,US07314937-20080101-C00265,CCN(CC)CCCOc1ccc(CNC(=O)c2ccccc2SC)cc1,,,,"MolVec 0.9.8 (git b412dd0, Maven Central)",0.22712000273168087
uspto,US07314937-20080101-C00266,CCN(CC)CCCOc1ccc(CNC(=O)c2ccc(C(F)(F)F)cc2C(F)(F)F)cc1,,,,"MolVec 0.9.8 (git b412dd0, Maven Central)",0.2687361612915993
uspto,US07314937-20080101-C00271,O=C(c1ccc(OCCN2CCOCC2)cc1)N1CCC[C@H]1CN1CCCC1,,,,"MolVec 0.9.8 (git b412dd0, Maven Central)",0.9298052564263344
uspto,US07314937-20080101-C00273,O=C(c1ccc(OCCN2CCCCCC2)cc1)N1CCC[C@H]1CN1CCCC1,,,,"MolVec 0.9.8 (git b412dd0, Maven Central)",0.1812303364276886
uspto,US07314937-20080101-C00274,O=C(c1ccc(OCCN2CCCC2)cc1)N1CCC[C@H]1CN1CCCC1,,,,"MolVec 0.9.8 (git b412dd0, Maven Central)",0.18872132152318954
uspto,US07314937-20080101-C00276,CCCC(C)c1ccc(OCCCN2CCCCC2)cc1,,,,"MolVec 0.9.8 (git b412dd0, Maven Central)",0.22070044465363026
uspto,US07314937-20080101-C00277,c1cc(OCCCN2CCCCC2)ccc1CN1CCC[C@H]1CN1CCCC1,,,,"MolVec 0.9.8 (git b412dd0, Maven Central)",0.27852319553494453
uspto,US07314937-20080101-C00278,OCc1ccc(OCCCN2CCCCC2)cc1,,,,"MolVec 0.9.8 (git b412dd0, Maven Central)",0.12453344464302063
uspto,US07314937-20080101-C00285,CC1CCC(C)N1CCOc1ccc(C(=O)N2CCC[C@H]2CN2CCCC2)cc1,,,,"MolVec 0.9.8 (git b412dd0, Maven Central)",0.37578466534614563
uspto,US07314937-20080101-C00291,CCN1CCC[C@H]1CNC(=O)c1ccc(OCCN2CCCCC2)cc1,,,,"MolVec 0.9.8 (git b412dd0, Maven Central)",0.15729466639459133
uspto,US07314937-20080101-C00292,O=C(c1ccc(OCCN2CCCCC2)cc1)N1CCCC/C1=C\N1CCCC1,,,,"MolVec 0.9.8 (git b412dd0, Maven Central)",0.12947180680930614
uspto,US07314937-20080101-C00293,O=C(NCCN1CCCC1)c1ccc(OCCN2CCCCC2)cc1,,,,"MolVec 0.9.8 (git b412dd0, Maven Central)",0.1708228662610054
uspto,US07314937-20080101-C00294,CN1CCCC1CCNC(=O)c1ccc(OCCN2CCCCC2)cc1,,,,"MolVec 0.9.8 (git b412dd0, Maven Central)",0.21154970489442348
uspto,US07314937-20080101-C00295,O=C(NCCN1CCCCC1)c1ccc(OCCN2CCCCC2)cc1,,,,"MolVec 0.9.8 (git b412dd0, Maven Central)",0.14077837020158768
uspto,US07314937-20080101-C00296,O=C(c1ccc(OCCN2CCCCC2)cc1)N1CCC(N2CCCC2)CC1,,,,"MolVec 0.9.8 (git b412dd0, Maven Central)",0.1999346874654293
uspto,US07314937-20080101-C00314,O=C(c1ccc(OCCN2CCCCC2)cc1)N1CCN2CCCC2C1,,,,"MolVec 0.9.8 (git b412dd0, Maven Central)",0.09644302725791931
uspto,US07314937-20080101-C00315,C[C@H](NCCN(C)C)c1ccc(OCC2CCCN2C)cc1,,,,"MolVec 0.9.8 (git b412dd0, Maven Central)",0.19968627579510212
uspto,US07314937-20080101-C00321,CC(NCCN(C)C)c1ccc(O[C@H]2CCN(C)C2)cc1,,,,"MolVec 0.9.8 (git b412dd0, Maven Central)",0.21929499506950378
uspto,US07314937-20080101-C00322,CCN(CC)CCCOc1ccc(C(C)N(CCN(C)C)CC2CC2)cc1,,,,"MolVec 0.9.8 (git b412dd0, Maven Central)",0.18325044587254524
uspto,US07314937-20080101-C00330,C[C@H](NCCN(C)C)c1ccc(OC[C@@H]2CCCN(C)C2)cc1,,,,"MolVec 0.9.8 (git b412dd0, Maven Central)",0.24005653522908688
uspto,US07314937-20080101-C00331,CC(NCCN(C)C)c1ccc(OCC2CCNCC2)cc1,,,,"MolVec 0.9.8 (git b412dd0, Maven Central)",0.5567182973027229
uspto,US07314937-20080101-C00332,CC(NCCN(C)C)c1ccc(OCC2CCN(C)CC2)cc1,,,,"MolVec 0.9.8 (git b412dd0, Maven Central)",0.34954275749623775
uspto,US07314937-20080101-C00333,CN(C)CCNC1CCCc2ccc(OCCCN3CCCCC3)cc21,,,,"MolVec 0.9.8 (git b412dd0, Maven Central)",0.16372552514076233
uspto,US07314937-20080101-C00338,CC(NCCN(C)C)c1ccc(O/C=C2\CCCC(NC(=O)OC(C)(C)C)C2)cc1,,,,"MolVec 0.9.8 (git b412dd0, Maven Central)",0.34044753201305866
uspto,US07314937-20080101-C00339,CCN(CC)CCCOc1ccc([C@H](C)NC(=O)CN(C)C)cc1,,,,"MolVec 0.9.8 (git b412dd0, Maven Central)",0.24977167323231697
uspto,US07314937-20080101-C00340,CC1CCC/C(=C\Oc2ccc([C@H](C)NCCN(C)C)cc2)C1,,,,"MolVec 0.9.8 (git b412dd0, Maven Central)",0.26765134558081627
uspto,US07314937-20080101-C00341,CNC1CCC/C(=C\Oc2ccc([C@H](C)NCCN(C)C)cc2)C1,,,,"MolVec 0.9.8 (git b412dd0, Maven Central)",0.20436645299196243
uspto,US07314937-20080101-C00342,CCN(CC)CCCOc1ccc([C@H](C)NCCN(C)C)cc1,,,,"MolVec 0.9.8 (git b412dd0, Maven Central)",0.21501417644321918
uspto,US07314937-20080101-C00344,c1ccc(OCCCN2CCCCC2)c(CNCCCN2CCCC2)c1,,,,"MolVec 0.9.8 (git b412dd0, Maven Central)",0.24844376370310783
uspto,US07314937-20080101-C00345,CCN1CCCC(Oc2ccc([C@H](C)NCCN(C)C)cc2)C1,,,,"MolVec 0.9.8 (git b412dd0, Maven Central)",0.18786309473216534
uspto,US07314937-20080101-C00351,O=C(c1ccc(OCCCN2CCCC2)cc1)N1CCC[C@H]1CN1CCCC1,,,,"MolVec 0.9.8 (git b412dd0, Maven Central)",0.1908777356147766
uspto,US07314937-20080101-C00352,CCN(CC)CCCOc1ccc(C(=O)N2CCC[C@H]2CN2CCCC2)cc1,,,,"MolVec 0.9.8 (git b412dd0, Maven Central)",0.2723344527184963
uspto,US07314937-20080101-C00354,O=C(c1ccc(OCCCNCc2ccccc2)cc1)N1CCC[C@H]1CN1CCCC1,,,,"MolVec 0.9.8 (git b412dd0, Maven Central)",0.4507410004734993
uspto,US07314937-20080101-C00355,O=C(c1ccc(OCCCNC2CCCC2)cc1)N1CCC[C@H]1CN1CCCC1,,,,"MolVec 0.9.8 (git b412dd0, Maven Central)",0.19165871292352676
uspto,US07314937-20080101-C00356,CCNCCCOc1ccc(C(=O)N2CCC[C@H]2CN2CCCC2)cc1,,,,"MolVec 0.9.8 (git b412dd0, Maven Central)",0.225199893116951
uspto,US07314937-20080101-C00357,O=C(c1ccc(OCCCN2CCSCC2)cc1)N1CCC[C@H]1CN1CCCC1,,,,"MolVec 0.9.8 (git b412dd0, Maven Central)",0.24306421354413033
uspto,US07314937-20080101-C00359,CCCN(CCC)C(C)C(=O)NCc1ccc(OCCCN2CCCCC2)cc1,,,,"MolVec 0.9.8 (git b412dd0, Maven Central)",0.24591732025146484
uspto,US07314937-20080101-C00360,CN(C)c1ccccc1C(=O)NCc1ccc(OCCCN2CCCCC2)cc1,,,,"MolVec 0.9.8 (git b412dd0, Maven Central)",0.19502177648246288
uspto,US07314937-20080101-C00361,CN(C)CC(=O)NCc1ccc(OCCCN2CCCCC2)cc1,,,,"MolVec 0.9.8 (git b412dd0, Maven Central)",0.1870750281959772
uspto,US07314937-20080101-C00362,CN(C)CCCC(=O)NCc1ccc(OCCCN2CCCCC2)cc1,,,,"MolVec 0.9.8 (git b412dd0, Maven Central)",0.18345137499272823
uspto,US07314937-20080101-C00363,CN1CCC/C1=C(/O)NCc1ccc(OCCCN2CCCCC2)cc1,,,,"MolVec 0.9.8 (git b412dd0, Maven Central)",0.19507529214024544
uspto,US07314937-20080101-C00364,N[C@@H](C(=O)NCc1ccc(OCCCN2CCCCC2)cc1)c1ccccc1,,,,"MolVec 0.9.8 (git b412dd0, Maven Central)",0.2682821247726679
uspto,US07314937-20080101-C00365,O=C(NCc1ccc(OCCCN2CCCCC2)cc1)c1cnc2ccccc2n1,,,,"MolVec 0.9.8 (git b412dd0, Maven Central)",0.23208979703485966
uspto,US07314937-20080101-C00366,O=C(NCc1ccc(OCCCN2CCCCC2)cc1)c1cc(C(F)(F)F)cc(C(F)(F)F)c1,,,,"MolVec 0.9.8 (git b412dd0, Maven Central)",0.17492897249758244
uspto,US07314937-20080101-C00367,CCSc1ccccc1C(=O)NCc1ccc(OCCCN2CCCCC2)cc1,,,,"MolVec 0.9.8 (git b412dd0, Maven Central)",0.5146167725324631
uspto,US07314937-20080101-C00368,O=C([C@@H]1CCCN1C(=O)c1ccc(OCCCN2CCCCC2)cc1)N1CCCC1,,,,"MolVec 0.9.8 (git b412dd0, Maven Central)",0.22099322080612183
uspto,US07314937-20080101-C00370,CN1CCN(CCCCOc2ccc(C(=O)N3CCC[C@H]3CN3CCCC3)cc2)CC1,,,,"MolVec 0.9.8 (git b412dd0, Maven Central)",0.9175556004047394
uspto,US07314937-20080101-C00371,O=C(c1ccc(OCCCCN2CCCCC2)cc1)N1CCC[C@H]1CN1CCCC1,,,,"MolVec 0.9.8 (git b412dd0, Maven Central)",0.7927114311605692
uspto,US07314937-20080101-C00372,CCN(CC)CCCCOc1ccc(C(=O)N2CCC[C@H]2CN2CCCC2)cc1,,,,"MolVec 0.9.8 (git b412dd0, Maven Central)",0.5608014836907387
uspto,US07314937-20080101-C00373,O=C(c1ccc(OCCCCN2CCCC2)cc1)N1CCC[C@H]1CN1CCCC1,,,,"MolVec 0.9.8 (git b412dd0, Maven Central)",0.21516667120158672
uspto,US07314937-20080101-C00374,O=C(c1ccc(OCCCCNC2CCCC2)cc1)N1CCC[C@H]1CN1CCCC1,,,,"MolVec 0.9.8 (git b412dd0, Maven Central)",0.2526333052664995
uspto,US07314937-20080101-C00375,CCNCCCCOc1ccc(C(=O)N2CCC[C@H]2CN2CCCC2)cc1,,,,"MolVec 0.9.8 (git b412dd0, Maven Central)",0.2529778555035591
uspto,US07314937-20080101-C00376,O=C(c1cccc(OCCN2CCCC2)c1)N1CCC[C@H]1CN1CCCC1,,,,"MolVec 0.9.8 (git b412dd0, Maven Central)",0.23720086552202702
uspto,US07314937-20080101-C00380,O=C(c1ccccc1OCCCN1CCCCC1)N1CCC[C@H]1CN1CCCC1,,,,"MolVec 0.9.8 (git b412dd0, Maven Central)",0.5089878477156162
uspto,US07314937-20080101-C00384,CC(C)(C)OC(=O)NCCOc1ccc(C(=O)N2CCC[C@H]2CN2CCCC2)cc1,,,,"MolVec 0.9.8 (git b412dd0, Maven Central)",0.2679290995001793
uspto,US07314937-20080101-C00389,O=C(CCCO)NCc1ccc(OCCCN2CCCCC2)cc1,,,,"MolVec 0.9.8 (git b412dd0, Maven Central)",0.13771644234657288
uspto,US07314937-20080101-C00392,O=C(c1cccc(OCCCN2CCCCC2)c1)N1CCC[C@H]1CN1CCCC1,,,,"MolVec 0.9.8 (git b412dd0, Maven Central)",0.19546744041144848
uspto,US07314937-20080101-C00393,CN1CCN(CCCOc2cccc(C(=O)N3CCC[C@H]3CN3CCCC3)c2)CC1,,,,"MolVec 0.9.8 (git b412dd0, Maven Central)",0.22865192964673042
uspto,US07314937-20080101-C00394,O=C(c1cccc(OCCCN2CCCC2)c1)N1CCC[C@H]1CN1CCCC1,,,,"MolVec 0.9.8 (git b412dd0, Maven Central)",0.35244800709187984
uspto,US07314937-20080101-C00395,O=C(c1cccc(OCCCNCc2ccccc2)c1)N1CCC[C@H]1CN1CCCC1,,,,"MolVec 0.9.8 (git b412dd0, Maven Central)",0.2186709512025118
uspto,US07314937-20080101-C00396,CCNCCCOc1cccc(C(=O)N2CCC[C@H]2CN2CCCC2)c1,,,,"MolVec 0.9.8 (git b412dd0, Maven Central)",0.2174126747995615
uspto,US07314937-20080101-C00399,O=S(=O)(NCc1ccc(OCCCN2CCCCC2)cc1)c1ccccc1,,,,"MolVec 0.9.8 (git b412dd0, Maven Central)",0.1523911040276289
uspto,US07314937-20080101-C00400,O=C([C@@H]1CCCN1Cc1ccc(OCCCN2CCCCC2)cc1)N1CCCC1,,,,"MolVec 0.9.8 (git b412dd0, Maven Central)",0.19140123575925827
uspto,US07314937-20080101-C00401,CN1CCN(CCCOc2ccc(CN3CCC[C@H]3C(=O)N3CCCC3)cc2)CC1,,,,"MolVec 0.9.8 (git b412dd0, Maven Central)",0.3384225182235241
uspto,US07314937-20080101-C00403,CN1CCN(CCCOc2ccc(CN3CCC/C3=C\N3CCCC3)cc2)CC1,,,,"MolVec 0.9.8 (git b412dd0, Maven Central)",0.21828209422528744
uspto,US07314937-20080101-C00410,O=C(c1ccc(OCCCN2CCCCC2)cc1)N1CCC/C1=C\N1CCCC1,,,,"MolVec 0.9.8 (git b412dd0, Maven Central)",0.20965396985411644
uspto,US07314937-20080101-C00411,CN1CCN(CCCOc2ccc(C(=O)N3CCC/C3=C\N3CCCC3)cc2)CC1,,,,"MolVec 0.9.8 (git b412dd0, Maven Central)",0.1865437552332878
uspto,US07314937-20080101-C00413,CC(=O)NCc1ccc(OCCCN2CCCCC2)cc1,,,,"MolVec 0.9.8 (git b412dd0, Maven Central)",0.11906285025179386
uspto,US07314937-20080101-C00420,c1cc(OCCCN2CCCCC2)ccc1CN1CCCNCC1,,,,"MolVec 0.9.8 (git b412dd0, Maven Central)",0.1659166943281889
uspto,US07314937-20080101-C00422,NCCOc1ccc(C(=O)N2CCC[C@H]2CN2CCCC2)cc1,,,,"MolVec 0.9.8 (git b412dd0, Maven Central)",0.14011425152420998
uspto,US07314937-20080101-C00423,O=C(c1ccc(OCCN2CCCCC2)cc1)N1CCC[C@H]1CN1CCCCC1,,,,"MolVec 0.9.8 (git b412dd0, Maven Central)",0.1716216802597046
uspto,US07314937-20080101-C00424,c1cc(OCCCN2CCCC2)ccc1CN1CCC[C@H]1CN1CCCC1,,,,"MolVec 0.9.8 (git b412dd0, Maven Central)",0.16198923997581005
uspto,US07314937-20080101-C00436,c1cc(OCCCN2CCCCC2)ccc1CN1CCC[C@H]1CN1CCCCC1,,,,"MolVec 0.9.8 (git b412dd0, Maven Central)",0.1970228161662817
uspto,US07314937-20080101-C00437,c1cc(OCCCN2CCCCC2)ccc1CN1CCC[C@H]1CN1CCOCC1,,,,"MolVec 0.9.8 (git b412dd0, Maven Central)",0.1836607363075018
uspto,US07314937-20080101-C00438,O=C(c1ccc(OCCCN2CCCCC2)cc1)N1CCC[C@H]1CN1CCCCC1,,,,"MolVec 0.9.8 (git b412dd0, Maven Central)",0.1854579970240593
uspto,US07314937-20080101-C00439,O=C(c1ccc(OCCCN2CCCCC2)cc1)N1CCC[C@H]1CN1CCOCC1,,,,"MolVec 0.9.8 (git b412dd0, Maven Central)",0.1876467540860176
uspto,US07314937-20080101-C00440,CN(C)CCNC(=O)c1ccc(OCCCN2CCCCC2)cc1,,,,"MolVec 0.9.8 (git b412dd0, Maven Central)",0.15138545259833336
uspto,US07314937-20080101-C00441,CN(C)CCN(C)C(=O)c1ccc(OCCCN2CCCCC2)cc1,,,,"MolVec 0.9.8 (git b412dd0, Maven Central)",0.155433876439929
uspto,US07314937-20080101-C00442,O=C(NCCCN1CCCC1)c1ccc(OCCCN2CCCCC2)cc1,,,,"MolVec 0.9.8 (git b412dd0, Maven Central)",0.17073031328618526
uspto,US07314937-20080101-C00459,O=C(c1ccc(OCCCCCN2CCCCC2)cc1)N1CCC[C@H]1CN1CCCC1,,,,"MolVec 0.9.8 (git b412dd0, Maven Central)",0.26688199676573277
uspto,US07314937-20080101-C00460,CN1CCN(CCCCCOc2ccc(C(=O)N3CCC[C@H]3CN3CCCC3)cc2)CC1,,,,"MolVec 0.9.8 (git b412dd0, Maven Central)",0.3246338702738285
uspto,US07314937-20080101-C00461,O=C(c1ccc(OCCCCCN2CCCC2)cc1)N1CCC[C@H]1CN1CCCC1,,,,"MolVec 0.9.8 (git b412dd0, Maven Central)",0.5153655353933573
uspto,US07314937-20080101-C00462,CCN(CC)CCCCCOc1ccc(C(=O)N2CCC[C@H]2CN2CCCC2)cc1,,,,"MolVec 0.9.8 (git b412dd0, Maven Central)",0.3184154201298952
uspto,US07314937-20080101-C00463,O=C(c1ccc(OCCCCCNC2CCCC2)cc1)N1CCC[C@H]1CN1CCCC1,,,,"MolVec 0.9.8 (git b412dd0, Maven Central)",0.2552461326122284
uspto,US07314937-20080101-C00464,O=C(c1ccc(OCCCCCNCc2ccccc2)cc1)N1CCC[C@H]1CN1CCCC1,,,,"MolVec 0.9.8 (git b412dd0, Maven Central)",0.260298665612936
uspto,US07314937-20080101-C00465,CCNCCCCCOc1ccc(C(=O)N2CCC[C@H]2CN2CCCC2)cc1,,,,"MolVec 0.9.8 (git b412dd0, Maven Central)",0.23634375259280205
uspto,US07314937-20080101-C00572,CCN1CCc2ccc(OCCCN3CCCCC3)cc2C1,,,,"MolVec 0.9.8 (git b412dd0, Maven Central)",0.1556347142904997
uspto,US07314938-20080101-C00121,CS(=O)(=O)c1cccc(C[C@H](NC(=O)c2c(Cl)cc3c(c2Cl)CCN(C(=O)/C=C/c2ccccc2F)C3)C(=O)O)c1,,,,"MolVec 0.9.8 (git b412dd0, Maven Central)",0.5753396674990654
uspto,US07314938-20080101-C00129,CS(=O)(=O)c1cccc(C[C@H](NC(=O)c2c(Cl)cccc2Cl)C(=O)O)c1,,,,"MolVec 0.9.8 (git b412dd0, Maven Central)",0.13975803554058075
uspto,US07314938-20080101-C00130,N#C/N=C(\NC[C@H](NC(=O)c1c(Cl)cccc1Cl)C(=O)O)N1CCCC1,,,,"MolVec 0.9.8 (git b412dd0, Maven Central)",0.15220691449940205
uspto,US07314938-20080101-C00134,CS(=O)(=O)c1cccc(C[C@H](NC(=O)c2c(Cl)cc(CCCc3ccc4cn[nH]c4c3)cc2Cl)C(=O)O)c1,,,,"MolVec 0.9.8 (git b412dd0, Maven Central)",0.21998874843120575
uspto,US07314938-20080101-C00151,N#C/N=C(\NC[C@H](NC(=O)c1c(Cl)cc2c(c1Cl)CCN(C(=O)c1ccc3cn[nH]c3c1)C2)C(=O)O)N1CCCC1,,,,"MolVec 0.9.8 (git b412dd0, Maven Central)",0.2960367426276207
uspto,US07314938-20080101-C00153,N#C/N=C(/NCCO)NC[C@H](NC(=O)c1c(Cl)cc2c(c1Cl)CCN(C(=O)c1ccc3cn[nH]c3c1)C2)C(=O)O,,,,"MolVec 0.9.8 (git b412dd0, Maven Central)",0.40917014330625534
uspto,US07314938-20080101-C00155,C[C@H](CO)N/C(=N/C#N)NC[C@H](NC(=O)c1c(Cl)cc2c(c1Cl)CCN(C(=O)c1ccc3cn[nH]c3c1)C2)C(=O)O,,,,"MolVec 0.9.8 (git b412dd0, Maven Central)",0.33709922060370445
uspto,US07314938-20080101-C00159,N#C/N=C(\NC[C@H](NC(=O)c1c(Cl)cc2c(c1Cl)CCN(C(=O)c1ccc3cn[nH]c3c1)C2)C(=O)O)Nc1ccc(F)cc1,,,,"MolVec 0.9.8 (git b412dd0, Maven Central)",0.33910701982676983
uspto,US07314938-20080101-C00161,N#C/N=C(\NC[C@H](NC(=O)c1c(Cl)cc2c(c1Cl)CCN(C(=O)c1ccc3cn[nH]c3c1)C2)C(=O)O)N1CC(O)C1,,,,"MolVec 0.9.8 (git b412dd0, Maven Central)",0.35214573703706264
uspto,US07314938-20080101-C00165,N#C/N=C(\NC[C@H](NC(=O)c1c(Cl)cc2c(c1Cl)CCN(C(=O)c1ccc3cn[nH]c3c1)C2)C(=O)O)N1CC[C@@H](O)C1,,,,"MolVec 0.9.8 (git b412dd0, Maven Central)",0.35536205396056175
uspto,US07314938-20080101-C00167,N#C/N=C(\NC[C@H](NC(=O)c1c(Cl)cc2c(c1Cl)CCN(C(=O)c1ccc3cn[nH]c3c1)C2)C(=O)O)N1CCC[C@@H](O)C1,,,,"MolVec 0.9.8 (git b412dd0, Maven Central)",0.34170614182949066
uspto,US07314938-20080101-C00169,CN(C)[C@H]1CCN(/C(=N/C#N)NC[C@H](NC(=O)c2c(Cl)cc3c(c2Cl)CCN(C(=O)c2ccc4cn[nH]c4c2)C3)C(=O)O)C1,,,,"MolVec 0.9.8 (git b412dd0, Maven Central)",0.3444847483187914
uspto,US07314938-20080101-C00171,CN(C)[C@@H]1CCCN(/C(=N/C#N)NC[C@H](NC(=O)c2c(Cl)cc3c(c2Cl)CCN(C(=O)c2ccc4cn[nH]c4c2)C3)C(=O)O)C1,,,,"MolVec 0.9.8 (git b412dd0, Maven Central)",0.5652823485434055
uspto,US07314938-20080101-C00172,CN(C)C1CC(N/C(=N/C#N)NC[C@H](NC(=O)c2c(Cl)cc3c(c2Cl)CCN(C(=O)c2ccc4cn[nH]c4c2)C3)C(=O)O)C1,,,,"MolVec 0.9.8 (git b412dd0, Maven Central)",0.32050468027591705
uspto,US07314938-20080101-C00174,N#C/N=C(\NC[C@H](NC(=O)c1c(Cl)cc2c(c1Cl)CCN(C(=O)c1ccc3cn[nH]c3c1)C2)C(=O)O)N1C[C@@H](O)[C@@H](O)C1,,,,"MolVec 0.9.8 (git b412dd0, Maven Central)",0.3137152958661318
uspto,US07314938-20080101-C00176,N#C/N=C(\NC[C@H](NC(=O)c1c(Cl)cc2c(c1Cl)CCN(C(=O)c1ccc3cn[nH]c3c1)C2)C(=O)O)N1C[C@@H](O)[C@H](O)C1,,,,"MolVec 0.9.8 (git b412dd0, Maven Central)",0.31163245625793934
uspto,US07314938-20080101-C00178,N#C/N=C(\NC[C@H](NC(=O)c1c(Cl)cc2c(c1Cl)CCN(C(=O)c1ccc3cn[nH]c3c1)C2)C(=O)O)N1C[C@@H](O)[C@@H](N)C1,,,,"MolVec 0.9.8 (git b412dd0, Maven Central)",0.34287841618061066
uspto,US07314938-20080101-C00180,N#C/N=C(\NC[C@H](NC(=O)c1c(Cl)cc2c(c1Cl)CCN(C(=O)c1ccc3cn[nH]c3c1)C2)C(=O)O)N1C[C@@H](N)[C@H](O)C1,,,,"MolVec 0.9.8 (git b412dd0, Maven Central)",0.29635223373770714
uspto,US07314938-20080101-C00182,N#C/N=C(\NC[C@H](NC(=O)c1c(Cl)cc2c(c1Cl)CCN(C(=O)c1ccc3cn[nH]c3c1)C2)C(=O)O)N1CC[C@@H](O)[C@@H](O)C1,,,,"MolVec 0.9.8 (git b412dd0, Maven Central)",0.27022446133196354
uspto,US07314938-20080101-C00184,N#C/N=C(\NC[C@H](NC(=O)c1c(Cl)cc2c(c1Cl)CCN(C(=O)c1ccc3cn[nH]c3c1)C2)C(=O)O)N1CC[C@H](O)[C@@H](O)C1,,,,"MolVec 0.9.8 (git b412dd0, Maven Central)",0.30471605621278286
uspto,US07314938-20080101-C00188,N#C/N=C(\NC[C@H](NC(=O)c1c(Cl)cc2c(c1Cl)CCN(C(=O)c1ccc3cn[nH]c3c1)C2)C(=O)O)N1C[C@H](O)C[C@@H](O)C1,,,,"MolVec 0.9.8 (git b412dd0, Maven Central)",0.30410963483154774
uspto,US07314938-20080101-C00189,N#C/N=C(\NC[C@H](NC(=O)c1c(Cl)cc2c(c1Cl)CCN(C(=O)c1ccc3cn[nH]c3c1)C2)C(=O)O)N1C[C@@H](O)C[C@H](O)C1,,,,"MolVec 0.9.8 (git b412dd0, Maven Central)",0.3118700962513685
uspto,US07314938-20080101-C00198,O=C(N[C@@H](CNC(=O)N1CC[C@H](O)C1)C(=O)O)c1c(Cl)cc2c(c1Cl)CCN(C(=O)c1ccc3cn[nH]c3c1)C2,,,,"MolVec 0.9.8 (git b412dd0, Maven Central)",0.3298599272966385
uspto,US07314938-20080101-C00200,O=C(N[C@@H](CNC(=O)N1CCC[C@@H](O)C1)C(=O)O)c1c(Cl)cc2c(c1Cl)CCN(C(=O)c1ccc3cn[nH]c3c1)C2,,,,"MolVec 0.9.8 (git b412dd0, Maven Central)",0.3393455371260643
uspto,US07314938-20080101-C00202,O=C(N[C@@H](CNC(=O)N1C[C@@H](O)[C@@H](O)C1)C(=O)O)c1c(Cl)cc2c(c1Cl)CCN(C(=O)c1ccc3cn[nH]c3c1)C2,,,,"MolVec 0.9.8 (git b412dd0, Maven Central)",0.3457313720136881
uspto,US07314938-20080101-C00204,O=C(N[C@@H](CNC(=O)N1C[C@@H](O)[C@H](O)C1)C(=O)O)c1c(Cl)cc2c(c1Cl)CCN(C(=O)c1ccc3cn[nH]c3c1)C2,,,,"MolVec 0.9.8 (git b412dd0, Maven Central)",0.3542552478611469
uspto,US07314938-20080101-C00206,O=C(N[C@@H](CNC(=O)N1CC[C@@H](O)[C@@H](O)C1)C(=O)O)c1c(Cl)cc2c(c1Cl)CCN(C(=O)c1ccc3cn[nH]c3c1)C2,,,,"MolVec 0.9.8 (git b412dd0, Maven Central)",0.33533743768930435
uspto,US07314938-20080101-C00208,O=C(N[C@@H](CNC(=O)N1CC[C@H](O)[C@@H](O)C1)C(=O)O)c1c(Cl)cc2c(c1Cl)CCN(C(=O)c1ccc3cn[nH]c3c1)C2,,,,"MolVec 0.9.8 (git b412dd0, Maven Central)",0.33189940452575684
uspto,US07314938-20080101-C00210,O=C(N[C@@H](CNC(=O)N1C[C@H](O)C[C@H](O)C1)C(=O)O)c1c(Cl)cc2c(c1Cl)CCN(C(=O)c1ccc3cn[nH]c3c1)C2,,,,"MolVec 0.9.8 (git b412dd0, Maven Central)",0.3898206725716591
uspto,US07314938-20080101-C00212,O=C(N[C@@H](CNC(=O)N1C[C@H](O)C[C@@H](O)C1)C(=O)O)c1c(Cl)cc2c(c1Cl)CCN(C(=O)c1ccc3cn[nH]c3c1)C2,,,,"MolVec 0.9.8 (git b412dd0, Maven Central)",0.787246610969305
uspto,US07314939-20080101-C00006,CSc1ccccc1-c1nc2ccccc2c(Nc2ccncc2)c1F,,,,"MolVec 0.9.8 (git b412dd0, Maven Central)",0.10233628563582897
uspto,US07314939-20080101-C00007,C[S+]([O-])c1ccccc1-c1nc2ccccc2c(Nc2ccncc2)c1F,,,,"MolVec 0.9.8 (git b412dd0, Maven Central)",0.1077253483235836
uspto,US07314939-20080101-C00008,N#Cc1ccccc1-c1nc2ccccc2c(Nc2ccncc2)c1F,,,,"MolVec 0.9.8 (git b412dd0, Maven Central)",0.14517503045499325
uspto,US07314939-20080101-C00009,NC(=O)c1ccccc1-c1nc2ccccc2c(Nc2ccncc2)c1F,,,,"MolVec 0.9.8 (git b412dd0, Maven Central)",0.10804720409214497
uspto,US07314939-20080101-C00010,Fc1ccc(-c2nc3ccccc3c(Nc3ccncc3)c2F)cc1,,,,"MolVec 0.9.8 (git b412dd0, Maven Central)",0.1654589269310236
uspto,US07314939-20080101-C00011,COc1ccc(-c2nc3ccccc3c(Nc3ccncc3)c2F)cc1,,,,"MolVec 0.9.8 (git b412dd0, Maven Central)",0.129157030954957
uspto,US07314939-20080101-C00014,Oc1ccc(-c2nc3ccccc3c(Nc3ccncc3)c2F)cc1,,,,"MolVec 0.9.8 (git b412dd0, Maven Central)",0.1544459369033575
uspto,US07314939-20080101-C00015,COc1cccc(-c2nc3ccccc3c(Nc3ccncc3)c2F)c1,,,,"MolVec 0.9.8 (git b412dd0, Maven Central)",0.15648211166262627
uspto,US07314939-20080101-C00016,Fc1c(-c2c(Cl)cccc2Cl)nc2ccccc2c1Nc1ccncc1,,,,"MolVec 0.9.8 (git b412dd0, Maven Central)",0.1047800462692976
uspto,US07314939-20080101-C00017,Fc1c(-c2ccc(Cl)cc2)nc2ccccc2c1Nc1ccncc1,,,,"MolVec 0.9.8 (git b412dd0, Maven Central)",0.12545783258974552
uspto,US07314939-20080101-C00018,Nc1cccc(-c2nc3ccccc3c(Nc3ccncc3)c2F)c1,,,,"MolVec 0.9.8 (git b412dd0, Maven Central)",0.1647526491433382
uspto,US07314939-20080101-C00019,N#Cc1ccc(-c2nc3ccccc3c(Nc3ccncc3)c2F)cc1,,,,"MolVec 0.9.8 (git b412dd0, Maven Central)",0.11702811904251575
uspto,US07314939-20080101-C00022,Fc1c(C2CC2)nc2ccccc2c1Nc1ccncc1,,,,"MolVec 0.9.8 (git b412dd0, Maven Central)",0.1124341506510973
uspto,US07314939-20080101-C00023,CC(C)(C)c1nc2ccccc2c(Nc2ccncc2)c1F,,,,"MolVec 0.9.8 (git b412dd0, Maven Central)",0.11982093565165997
uspto,US07314939-20080101-C00024,Fc1c(-c2ccc3ccccc3c2)nc2ccccc2c1Nc1ccncc1,,,,"MolVec 0.9.8 (git b412dd0, Maven Central)",0.15330961905419827
uspto,US07314939-20080101-C00025,Fc1c(C2CCCC2)nc2ccccc2c1Nc1ccncc1,,,,"MolVec 0.9.8 (git b412dd0, Maven Central)",0.3780843410640955
uspto,US07314939-20080101-C00026,CSc1ccc(-c2nc3ccccc3c(Nc3ccncc3)c2F)cc1,,,,"MolVec 0.9.8 (git b412dd0, Maven Central)",0.1457251012325287
uspto,US07314939-20080101-C00027,NC(=O)c1ccc(-c2nc3ccccc3c(Nc3ccncc3)c2F)cc1,,,,"MolVec 0.9.8 (git b412dd0, Maven Central)",0.18123172968626022
uspto,US07314939-20080101-C00029,C[S+]([O-])c1ccc(-c2nc3ccccc3c(Nc3ccncc3)c2F)cc1,,,,"MolVec 0.9.8 (git b412dd0, Maven Central)",0.18450041487812996
uspto,US07314939-20080101-C00030,Fc1c(-c2ccncc2)nc2ccccc2c1-n1ccc2cnccc21,,,,"MolVec 0.9.8 (git b412dd0, Maven Central)",0.12085051275789738
uspto,US07314939-20080101-C00031,Nc1cccc(-c2nc3ccccc3c(-n3ccc4cnccc43)c2F)c1,,,,"MolVec 0.9.8 (git b412dd0, Maven Central)",0.17852128855884075
uspto,US07314939-20080101-C00033,Fc1c(-c2ccccc2Br)nc2ccccc2c1Nc1ccncc1,,,,"MolVec 0.9.8 (git b412dd0, Maven Central)",0.11411451548337936
uspto,US07314939-20080101-C00035,Fc1c(-c2ccccc2C(F)(F)F)nc2ccccc2c1Nc1ccncc1,,,,"MolVec 0.9.8 (git b412dd0, Maven Central)",0.1134772077202797
uspto,US07314939-20080101-C00036,Fc1c(-c2ccncc2)nc2ccccc2c1Nc1ccncc1,,,,"MolVec 0.9.8 (git b412dd0, Maven Central)",0.16278007440268993
uspto,US07314939-20080101-C00037,Fc1c(-c2ccccc2Cl)nc2ccccc2c1Nc1ccncc1,,,,"MolVec 0.9.8 (git b412dd0, Maven Central)",0.11968858540058136
uspto,US07314939-20080101-C00038,Cc1ccccc1-c1nc2ccccc2c(Nc2ccncc2)c1F,,,,"MolVec 0.9.8 (git b412dd0, Maven Central)",0.1238015629351139
uspto,US07314939-20080101-C00039,COc1ccccc1-c1nc2ccccc2c(Nc2ccncc2)c1F,,,,"MolVec 0.9.8 (git b412dd0, Maven Central)",0.3690451867878437
uspto,US07314939-20080101-C00040,CNc1ccc2nc(-c3ccccc3F)c(F)c(Nc3ccncc3)c2c1,,,,"MolVec 0.9.8 (git b412dd0, Maven Central)",0.13096858374774456
uspto,US07314939-20080101-C00041,CNc1ccc2nc(-c3ccc4c(c3)OCO4)c(F)c(Nc3ccncc3)c2c1,,,,"MolVec 0.9.8 (git b412dd0, Maven Central)",0.16584706492722034
uspto,US07314939-20080101-C00042,COCCNc1ccc2nc(-c3ccccc3F)c(F)c(Nc3ccncc3)c2c1,,,,"MolVec 0.9.8 (git b412dd0, Maven Central)",0.1536911427974701
uspto,US07314939-20080101-C00043,COCCNc1ccc2nc(-c3ccc4c(c3)OCO4)c(F)c(Nc3ccncc3)c2c1,,,,"MolVec 0.9.8 (git b412dd0, Maven Central)",0.17414811998605728
uspto,US07314939-20080101-C00044,NC(=O)c1cccc(-c2ccc3nc(-c4ccccc4F)c(F)c(Nc4ccncc4)c3c2)c1,,,,"MolVec 0.9.8 (git b412dd0, Maven Central)",0.17980412766337395
uspto,US07314939-20080101-C00048,Fc1c(-c2ccc3c(c2)OCO3)nc2cc(Br)ccc2c1Nc1ccncc1,,,,"MolVec 0.9.8 (git b412dd0, Maven Central)",0.24810483679175377
uspto,US07314939-20080101-C00049,COc1ccc2c(Nc3ccncc3)c(F)c(-c3ccccc3F)nc2c1,,,,"MolVec 0.9.8 (git b412dd0, Maven Central)",0.14227525144815445
uspto,US07314939-20080101-C00050,CNc1ccc2c(Nc3ccncc3)c(F)c(-c3ccc4c(c3)OCO4)nc2c1,,,,"MolVec 0.9.8 (git b412dd0, Maven Central)",0.2308175042271614
uspto,US07314939-20080101-C00051,CNc1ccc2c(Nc3ccncc3)c(F)c(-c3ccccc3F)nc2c1,,,,"MolVec 0.9.8 (git b412dd0, Maven Central)",0.15218940004706383
uspto,US07314939-20080101-C00052,CNCCNc1ccc2c(Nc3ccncc3)c(F)c(-c3ccc4c(c3)OCO4)nc2c1,,,,"MolVec 0.9.8 (git b412dd0, Maven Central)",0.18904542177915573
uspto,US07314939-20080101-C00054,COc1ccc2c(Nc3ccncc3)c(F)c(-c3ccc4c(c3)OCO4)nc2c1,,,,"MolVec 0.9.8 (git b412dd0, Maven Central)",0.15019848570227623
uspto,US07314939-20080101-C00056,Fc1c(-c2ccc(Cl)s2)nc2ccccc2c1Nc1ccncc1,,,,"MolVec 0.9.8 (git b412dd0, Maven Central)",0.11471953615546227
uspto,US07314939-20080101-C00058,Fc1c(-c2ccc(Cl)o2)nc2ccccc2c1Nc1ccncc1,,,,"MolVec 0.9.8 (git b412dd0, Maven Central)",0.17146782204508781
uspto,US07314939-20080101-C00059,Cc1ccc(-c2nc3ccccc3c(Nc3ccncc3)c2F)s1,,,,"MolVec 0.9.8 (git b412dd0, Maven Central)",0.12239465862512589
uspto,US07314939-20080101-C00060,Cc1ccc(-c2nc3ccccc3c(Nc3ccncc3)c2F)o1,,,,"MolVec 0.9.8 (git b412dd0, Maven Central)",0.13479231111705303
uspto,US07314939-20080101-C00061,Cc1csc(-c2nc3ccccc3c(Nc3ccncc3)c2F)c1,,,,"MolVec 0.9.8 (git b412dd0, Maven Central)",0.11077727191150188
uspto,US07314939-20080101-C00062,Fc1c(-c2ccc3c(c2)CCO3)nc2ccccc2c1Nc1ccncc1,,,,"MolVec 0.9.8 (git b412dd0, Maven Central)",0.1639172099530697
uspto,US07314939-20080101-C00066,Fc1c(-c2cccc(Br)c2)nc2ccccc2c1Nc1ccncc1,,,,"MolVec 0.9.8 (git b412dd0, Maven Central)",0.1113068014383316
uspto,US07314939-20080101-C00067,Cc1ccc(-c2nc3ccccc3c(Nc3ccnc(Cl)c3)c2F)o1,,,,"MolVec 0.9.8 (git b412dd0, Maven Central)",0.12106539867818356
uspto,US07314939-20080101-C00068,Fc1c(-c2ccc(Cl)s2)nc2ccccc2c1Nc1ccnc(Cl)c1,,,,"MolVec 0.9.8 (git b412dd0, Maven Central)",0.13798913545906544
uspto,US07314939-20080101-C00069,Fc1cccc(-c2nc3ccccc3c(Nc3ccnc(Cl)c3)c2F)c1,,,,"MolVec 0.9.8 (git b412dd0, Maven Central)",0.12201249226927757
uspto,US07314939-20080101-C00070,Cc1ccc(-c2nc3ccccc3c(N(C)c3ccncc3)c2F)o1,,,,"MolVec 0.9.8 (git b412dd0, Maven Central)",0.10975522734224796
uspto,US07314939-20080101-C00071,CN(c1ccnc(Cl)c1)c1c(F)c(-c2ccc(Cl)s2)nc2ccccc12,,,,"MolVec 0.9.8 (git b412dd0, Maven Central)",0.16041317023336887
uspto,US07314939-20080101-C00075,NB(F)(F)(F)C1=CC2=CC=CC=C2N=C1.NF,,,,"MolVec 0.9.8 (git b412dd0, Maven Central)",0.046728840097784996
uspto,US07314939-20080101-C00079,Fc1ccccc1-c1nc2ccccc2c(Cl)c1F,,,,"MolVec 0.9.8 (git b412dd0, Maven Central)",0.08804926835000515
uspto,US07314939-20080101-C00080,Fc1ccccc1-c1nc2ccccc2c(I)c1F,,,,"MolVec 0.9.8 (git b412dd0, Maven Central)",0.10056690499186516
uspto,US07314939-20080101-C00081,Fc1ccccc1-c1nc2ccccc2c(Nc2cccnc2)c1F,,,,"MolVec 0.9.8 (git b412dd0, Maven Central)",0.16934006102383137
uspto,US07314939-20080101-C00083,Fc1c(-c2ccc3c(c2)OCO3)nc2ccccc2c1Cl,,,,"MolVec 0.9.8 (git b412dd0, Maven Central)",0.0957008246332407
uspto,US07314939-20080101-C00084,Fc1c(-c2ccc3c(c2)OCO3)nc2ccccc2c1I,,,,"MolVec 0.9.8 (git b412dd0, Maven Central)",0.18065552972257137
uspto,US07314940-20080101-C00263,CCCNC1=NC(C2=C(C3=CC=C(F)C=C3)N=C3C[N+2]45=C6C=CC=CC6=CC=C4OC[C@@H]5N32)=CC=N1,,,,"MolVec 0.9.8 (git b412dd0, Maven Central)",0.20571377128362656
uspto,US07314940-20080101-C00265,CCCNc1nccc(-c2c(-c3ccc(F)cc3)nc3n2[C@@H](Cn2ccc4ccccc42)CC3)n1,,,,"MolVec 0.9.8 (git b412dd0, Maven Central)",0.18399767391383648
uspto,US07314940-20080101-C00267,CCNC1=NC(C2=C(C3=CC=C(F)C=C3)N=C3C[N+2]45=C(N=CC=C4)OC[C@H]5N32)=CC=N1,,,,"MolVec 0.9.8 (git b412dd0, Maven Central)",0.2213126476854086
uspto,US07314940-20080101-C00269,Fc1ccc(-c2nc3n(c2-c2ccnc(NC4CCC4)n2)[C@H](COc2ccnc4ccccc24)CC3)cc1,,,,"MolVec 0.9.8 (git b412dd0, Maven Central)",0.1824413761496544
uspto,US07314940-20080101-C00270,CCNc1nccc(-c2c(-c3ccc(F)cc3)nc3n2[C@H](COc2ccc4cccc([N+](=O)[O-])c4n2)CC3)n1,,,,"MolVec 0.9.8 (git b412dd0, Maven Central)",0.1857310589402914
uspto,US07314940-20080101-C00271,Cc1cc(OC[C@@H]2CCc3nc(-c4ccc(F)cc4)c(-c4ccnc(NC5CCC5)n4)n32)c2ccccc2n1,,,,"MolVec 0.9.8 (git b412dd0, Maven Central)",0.18725651688873768
uspto,US07314940-20080101-C00272,Fc1ccc(-c2nc3n(c2-c2ccnc(NC4CCC4)n2)[C@H](CNc2ccccn2)CC3)cc1,,,,"MolVec 0.9.8 (git b412dd0, Maven Central)",0.1572222001850605
uspto,US07314940-20080101-C00273,CCNc1nccc(-c2c(-c3ccc(F)cc3)nc3n2[C@H](Cn2cccc2)CC3)n1,,,,"MolVec 0.9.8 (git b412dd0, Maven Central)",0.14917380921542645
uspto,US07314940-20080101-C00274,Fc1ccc(-c2nc3n(c2-c2ccnc(NC4CCC4)n2)[C@H](/C=C/c2cccs2)CC3)cc1,,,,"MolVec 0.9.8 (git b412dd0, Maven Central)",0.19944261945784092
uspto,US07314940-20080101-C00275,Fc1ccc(-c2nc3n(c2-c2ccnc(NC4CCC4)n2)[C@H](Cn2ccnc2)CC3)cc1,,,,"MolVec 0.9.8 (git b412dd0, Maven Central)",0.13297337293624878
uspto,US07314940-20080101-C00276,Fc1ccc(SC[C@@H]2CCc3nc(-c4ccc(F)cc4)c(-c4ccnc(NC5CCC5)n4)n32)cc1,,,,"MolVec 0.9.8 (git b412dd0, Maven Central)",0.2102607898414135
uspto,US07314940-20080101-C00277,COc1ccc(CSC[C@@H]2CCc3nc(-c4ccc(F)cc4)c(-c4ccnc(NC5CCC5)n4)n32)cc1,,,,"MolVec 0.9.8 (git b412dd0, Maven Central)",0.20882539451122284
uspto,US07314940-20080101-C00278,Fc1ccc(-c2nc3n(c2-c2ccnc(NC4CCC4)n2)[C@H](CC2CCCC2)CC3)cc1,,,,"MolVec 0.9.8 (git b412dd0, Maven Central)",0.1291407085955143
uspto,US07314940-20080101-C00279,CCNc1nccc(-c2c(-c3ccc(F)cc3)nc3n2[C@H](CN2C(=O)CCC2=O)CC3)n1,,,,"MolVec 0.9.8 (git b412dd0, Maven Central)",0.1470475997775793
uspto,US07314940-20080101-C00280,O=C1CCC(=O)N1C[C@@H]1CCc2nc(-c3ccc(F)cc3)c(-c3ccnc(NC4CCC4)n3)n21,,,,"MolVec 0.9.8 (git b412dd0, Maven Central)",0.12624339014291763
uspto,US07314940-20080101-C00281,COc1ccc(COC[C@@H]2CCc3nc(-c4ccc(F)cc4)c(-c4ccnc(NC5CCC5)c4)n32)cc1,,,,"MolVec 0.9.8 (git b412dd0, Maven Central)",0.18286368437111378
uspto,US07314940-20080101-C00282,COc1ccc(COC[C@H]2CCc3nc(-c4ccc(F)cc4)c(-c4ccnc(NC5CCC5)c4)n32)cc1,,,,"MolVec 0.9.8 (git b412dd0, Maven Central)",0.19978704303503036
uspto,US07314941-20080101-C00013,Cc1cc(C)c(C)c(C)c1,,,,"MolVec 0.9.8 (git b412dd0, Maven Central)",0.06556525640189648
uspto,US07314943-20080101-C00093,CC1CCC(=C2SCCCS2)CC1,,,,"MolVec 0.9.8 (git b412dd0, Maven Central)",0.03836487792432308
uspto,US07314943-20080101-C00094,CC1CCC(C(C)O(F)F)CC1,,,,"MolVec 0.9.8 (git b412dd0, Maven Central)",0.05705883912742138
uspto,US07314943-20080101-C00114,Cc1cc(F)c(C(=O)OC(C)(C)C)c(F)c1,,,,"MolVec 0.9.8 (git b412dd0, Maven Central)",0.0626385435461998
uspto,US07314943-20080101-C00117,Cc1cc(F)c(-c2cc(F)c(F)c(F)c2)c(F)c1,,,,"MolVec 0.9.8 (git b412dd0, Maven Central)",0.08916548267006874
uspto,US07314943-20080101-C00161,Cc1ccc(C(=O)O)cc1,,,,"MolVec 0.9.8 (git b412dd0, Maven Central)",0.04069809056818485
uspto,US07314943-20080101-C00176,Cc1ccc(-c2ccc(F)c(F)c2)cc1,,,,"MolVec 0.9.8 (git b412dd0, Maven Central)",0.08529617637395859
uspto,US07314943-20080101-C00178,CC1CCC(C(C2=CC=C(F)C(F)=C2)O(F)F)CC1,,,,"MolVec 0.9.8 (git b412dd0, Maven Central)",0.32462387159466743
uspto,US07314943-20080101-C00183,CC1CCC(C(C2=CC(F)=C(C3=CC(F)=C(F)C(F)=C3)C=C2)O(F)F)CC1,,,,"MolVec 0.9.8 (git b412dd0, Maven Central)",0.17710060626268387
uspto,US07314943-20080101-C00184,CC1CCC(C(C2=CC(F)=C(C3=CC=C(F)C(F)=C3)C=C2)O(F)F)CC1,,,,"MolVec 0.9.8 (git b412dd0, Maven Central)",0.100836968049407
uspto,US07314943-20080101-C00185,CC1CCC(C(C2=CC(F)=C(C3=CC=C(F)C=C3)C=C2)O(F)F)CC1,,,,"MolVec 0.9.8 (git b412dd0, Maven Central)",0.10946179553866386
uspto,US07314943-20080101-C00186,CC1CCC(C(C2=CC=C(C3=CC=C(F)C(F)=C3)C=C2)O(F)F)CC1,,,,"MolVec 0.9.8 (git b412dd0, Maven Central)",0.17328448593616486
uspto,US07314943-20080101-C00187,CC1CCC(C(C2=CC=C(C3=CC(F)=C(F)C(F)=C3)C=C2)O(F)F)CC1,,,,"MolVec 0.9.8 (git b412dd0, Maven Central)",0.11810504831373692
uspto,US07314943-20080101-C00191,CC1=CC(F)=C(C2=CC(F)=C(C(C3=CC(F)=C(F)C(F)=C3)O(F)F)C(F)=C2)C(F)=C1,,,,"MolVec 0.9.8 (git b412dd0, Maven Central)",0.13316987454891205
uspto,US07314943-20080101-C00192,Cc1cc(F)c(C#N)c(F)c1,,,,"MolVec 0.9.8 (git b412dd0, Maven Central)",0.04713842272758484
uspto,US07314945-20080101-C00003,CCCC(=O)OC(=O)CN(C)C(=N)N,,,,"MolVec 0.9.8 (git b412dd0, Maven Central)",0.11640197411179543
uspto,US07314949-20080101-C00028,CCc1cc(C)cc(C)c1C.Cc1ccc(C)c(C)c1,,,,"MolVec 0.9.8 (git b412dd0, Maven Central)",0.10756762512028217
uspto,US07314949-20080101-C00039,CC(C)C(=O)OCC(C)(C)C(OC(=O)c1ccccc1C(=O)OCc1ccccc1)C(C)C,,,,"MolVec 0.9.8 (git b412dd0, Maven Central)",0.2979006599634886
uspto,US07314952-20080101-C00003,OC1(C(F)(F)F)C(F)(C(F)F)C(F)(F)C2C(F)C1(F)(F)C(F)(F)C(F)C2(F)F,,,,"MolVec 0.9.8 (git b412dd0, Maven Central)",0.16570540517568588
uspto,US07314952-20080101-C00004,C1=C2CC3=C4C3C3CC14C[C@H]23,,,,"MolVec 0.9.8 (git b412dd0, Maven Central)",0.10143428295850754
uspto,US07314952-20080101-C00012,C=C(C)C(=O)OC1(C(F)F)C(F)(F)C2C3(F)(F)C(F)C(F)(F)C(F)(C1(F)F)C23(F)F,,,,"MolVec 0.9.8 (git b412dd0, Maven Central)",0.10675729438662529
uspto,US07314957-20080101-C00002,COC(N)(O)c1cccc(C(N)(O)CO)c1,,,,"MolVec 0.9.8 (git b412dd0, Maven Central)",0.12508256919682026
uspto,US07314958-20080101-C00023,CC(C)CC(C)c1ccccc1NC(=O)c1ccccc1Cl,,,,"MolVec 0.9.8 (git b412dd0, Maven Central)",0.12476821616292
uspto,US07314958-20080101-C00024,CC(CC(C)(C)C)c1ccccc1NC(=O)c1ccccc1Br,,,,"MolVec 0.9.8 (git b412dd0, Maven Central)",0.11655418388545513
uspto,US07314958-20080101-C00025,CC(CC(C)(C)C)c1ccccc1NC(=O)c1ccccc1Cl,,,,"MolVec 0.9.8 (git b412dd0, Maven Central)",0.11009922996163368
uspto,US07314958-20080101-C00026,CCC(C)(C)CC(C)c1ccccc1NC(=O)c1ccccc1C(F)(F)F,,,,"MolVec 0.9.8 (git b412dd0, Maven Central)",0.15964186936616898
uspto,US07314958-20080101-C00027,CC(CC(C)(C)C)c1ccccc1NC(=O)c1ccccc1C(F)(F)F,,,,"MolVec 0.9.8 (git b412dd0, Maven Central)",0.12005705572664738
uspto,US07314958-20080101-C00028,CC(CC(C)(C)C)c1ccccc1NC(=O)c1ccccc1I,,,,"MolVec 0.9.8 (git b412dd0, Maven Central)",0.13274457305669785
uspto,US07314960-20080101-C00021,CCC(C)C(=O)C(C)CC,,,,"MolVec 0.9.8 (git b412dd0, Maven Central)",0.026928922161459923
uspto,US07314960-20080101-C00022,CC(C)C(=O)C(C)C(C)C,,,,"MolVec 0.9.8 (git b412dd0, Maven Central)",0.024482810869812965
uspto,US07314960-20080101-C00023,CCCCC1CCCCO1,,,,"MolVec 0.9.8 (git b412dd0, Maven Central)",0.03208397142589092
uspto,US07314960-20080101-C00024,CCCC(=O)C(CC)CC,,,,"MolVec 0.9.8 (git b412dd0, Maven Central)",0.032575156539678574
uspto,US07314960-20080101-C00025,CCCCC(=O)CCCC,,,,"MolVec 0.9.8 (git b412dd0, Maven Central)",0.03067915327847004
uspto,US07314962-20080101-C00011,CCC(C)c1cc(C)ccc1C,,,,"MolVec 0.9.8 (git b412dd0, Maven Central)",0.08614486828446388
uspto,US07315341-20080101-C00019,C=COC(=O)CC,,,,"MolVec 0.9.8 (git b412dd0, Maven Central)",0.050906846299767494
uspto,US07315341-20080101-C00020,[H]C(=C)OC1(=O)CC1,,,,"MolVec 0.9.8 (git b412dd0, Maven Central)",0.05965045653283596
uspto,US07315341-20080101-C00021,C=COCCC.CC,,,,"MolVec 0.9.8 (git b412dd0, Maven Central)",0.03901573643088341
uspto,US07315341-20080101-C00022,C=COC[C@H]1CN1,,,,"MolVec 0.9.8 (git b412dd0, Maven Central)",0.057891255244612694
uspto,US07315341-20080101-C00025,C=Cc1ccc(OCCC)cc1,,,,"MolVec 0.9.8 (git b412dd0, Maven Central)",0.09364135190844536
uspto,US07315341-20080101-C00026,C=Cc1cccc(OCC)c1,,,,"MolVec 0.9.8 (git b412dd0, Maven Central)",0.09624134376645088
uspto,US07315341-20080101-C00027,C=Cc1ccc(OCCC)c(OCCC)c1,,,,"MolVec 0.9.8 (git b412dd0, Maven Central)",0.14303387701511383
uspto,US07315341-20080101-C00028,C=Cc1ccc(OCC)c(OCC)c1,,,,"MolVec 0.9.8 (git b412dd0, Maven Central)",0.17400991171598434
uspto,US07315341-20080101-C00038,CCCC(C)C(=O)OC,,,,"MolVec 0.9.8 (git b412dd0, Maven Central)",0.09854690544307232
uspto,US07315341-20080101-C00040,CCCC(C(=O)OC12CC1C2)C(C)(C)C.C[H]C,,,,"MolVec 0.9.8 (git b412dd0, Maven Central)",0.10819491185247898
uspto,US07315341-20080101-C00045,CCCC(C(=O)NC(C)C)C1(C)CC1,,,,"MolVec 0.9.8 (git b412dd0, Maven Central)",0.13852716237306595
uspto,US07315341-20080101-C00048,CCCC1CC1(=O)OC,,,,"MolVec 0.9.8 (git b412dd0, Maven Central)",0.09816184267401695
uspto,US07315341-20080101-C00052,CCCC1CC1(=O)OC,,,,"MolVec 0.9.8 (git b412dd0, Maven Central)",0.1641462743282318
uspto,US07315341-20080101-C00058,CC.O=C1(OC2CCCCC2)CC1,,,,"MolVec 0.9.8 (git b412dd0, Maven Central)",0.0754934586584568
uspto,US07315341-20080101-C00060,CC.CCC(=O)OC1CCC2CCCCC2C1,,,,"MolVec 0.9.8 (git b412dd0, Maven Central)",0.09556725434958935
uspto,US07315341-20080101-C00062,CCC(C)C(=O)NC1CCCC1,,,,"MolVec 0.9.8 (git b412dd0, Maven Central)",0.07568687573075294
uspto,US07315341-20080101-C00064,CCC(C)C(=O)NC1CC2CC1C1CCCC21,,,,"MolVec 0.9.8 (git b412dd0, Maven Central)",0.1039677131921053
uspto,US07315341-20080101-C00067,CCCCCCC(C)(CCC)C(=O)OCCF,,,,"MolVec 0.9.8 (git b412dd0, Maven Central)",0.09417190216481686
uspto,US07315341-20080101-C00069,CCCCCCCC(CC)O(C)C(=O)OC,,,,"MolVec 0.9.8 (git b412dd0, Maven Central)",0.12306744791567326
uspto,US07315341-20080101-C00087,C[H]C1=CC2=C(SC3=CC=CC=C3C2=O)C([H]C)=C1,,,,"MolVec 0.9.8 (git b412dd0, Maven Central)",0.319831907749176
uspto,US07315341-20080101-C00088,CSc1ccc(C(=O)C(C)(C)N2CCOCC2)cc1,,,,"MolVec 0.9.8 (git b412dd0, Maven Central)",0.09665077924728394
uspto,US07316185-20080108-C00031,CCCCNN1C(=O)C(=C2C=C(C)C3=CCC(N(CC)CC)C=C3O2)C(=O)N(NCCCC)C1=S,,,,"MolVec 0.9.8 (git b412dd0, Maven Central)",0.13728705048561096
uspto,US07316472-20080108-C00028,CCCCCCCC1CC(CCCCC)C1.CCS(N)(=O)(=O)C1=CC=C2N=C(C)SC2=C1,,,,"MolVec 0.9.8 (git b412dd0, Maven Central)",0.11213589832186699
uspto,US07316472-20080108-C00031,CCC(C)(C)c1ccc(OC(C)(O)Nc2ccc3nc(C)sc3c2)c(C(C)(C)CC)c1,,,,"MolVec 0.9.8 (git b412dd0, Maven Central)",0.14901661686599255
uspto,US07316472-20080108-C00045,Cc1nc2ccc(C(=O)O)cc2s1,,,,"MolVec 0.9.8 (git b412dd0, Maven Central)",0.13112213648855686
uspto,US07316472-20080108-C00136,CC1=NC2=CC=C(S(N)(=O)(=O)C3=CC(C(=O)O)=CC(C(=O)O)=C3)C=C2S1,,,,"MolVec 0.9.8 (git b412dd0, Maven Central)",0.11110759899020195
uspto,US07316472-20080108-C00161,CNc1nc(C)nc(NC)n1,,,,"MolVec 0.9.8 (git b412dd0, Maven Central)",0.0528597142547369
uspto,US07316472-20080108-C00164,Cc1cc(C#N)c(C#N)cc1C#N,,,,"MolVec 0.9.8 (git b412dd0, Maven Central)",0.04237607680261135
uspto,US07316472-20080108-C00167,Cc1c(Cl)cc([N+](=O)[O-])cc1Cl,,,,"MolVec 0.9.8 (git b412dd0, Maven Central)",0.08432657644152641
uspto,US07316472-20080108-C00210,CCC(C)(C)C1=CC=C(OCS(N)(=O)(=O)C2=CC=C3N=C(C)SC3=C2)C(C(C)(C)CC)=C1,,,,"MolVec 0.9.8 (git b412dd0, Maven Central)",0.16380803659558296
uspto,US07316472-20080108-C00226,CCC(C)(C)C1:C:C:C(OCS(N)(=O)(=O)C2:C:C:C3:C(:C:2)SC(C)N3):C(C(C)(C)CC):C:1,,,,"MolVec 0.9.8 (git b412dd0, Maven Central)",0.16369912028312683
uspto,US07316472-20080108-C00239,CCCCn1c(N=Nc2c(Nc3c(C)cc(C)cc3C)nc(Nc3c(C)cc(C)cc3C)c(C#N)c2C)nc(C#N)c1C#N,,,,"MolVec 0.9.8 (git b412dd0, Maven Central)",0.4509871769696474
uspto,US07316472-20080108-C00273,C=S(=O)(=O)(CCCS(=O)(=O)NCCCO)C(C)C,,,,"MolVec 0.9.8 (git b412dd0, Maven Central)",0.2854036632925272
uspto,US07316472-20080108-C00316,C=S(=O)(=O)(CCCS(N)(=O)=O)[C@H](C)O,,,,"MolVec 0.9.8 (git b412dd0, Maven Central)",0.12836068496108055
uspto,US07316472-20080108-C00322,CS(C)(C)(C)(=O)(=O)(O)S(=O)(=O)NCCCO,,,,"MolVec 0.9.8 (git b412dd0, Maven Central)",0.06259473413228989
uspto,US07316472-20080108-C00345,CCC(C)NOC(=O)CCCOC(C)=O,,,,"MolVec 0.9.8 (git b412dd0, Maven Central)",0.08996923826634884
uspto,US07316472-20080108-C00348,CCCCC(CC)COC(C)=O,,,,"MolVec 0.9.8 (git b412dd0, Maven Central)",0.08987096883356571
uspto,US07316657-20080108-C00001,COc1cc(CNC(=O)CCCC/C=C/C(C)C)ccc1O,,,,"MolVec 0.9.8 (git b412dd0, Maven Central)",0.10640047490596771
uspto,US07316739-20080108-C00040,Cc1nc(-c2ccccc2)ns1,,,,"MolVec 0.9.8 (git b412dd0, Maven Central)",0.03289110027253628
uspto,US07316739-20080108-C00045,Cc1ccc(C#N)c(Cl)c1,,,,"MolVec 0.9.8 (git b412dd0, Maven Central)",0.04818791709840298
uspto,US07316739-20080108-C00059,CNC1=CCC(O)(S(C)(=O)=O)C=C1,,,,"MolVec 0.9.8 (git b412dd0, Maven Central)",0.21458027884364128
uspto,US07316739-20080108-C00167,CCCCS(=O)(=O)(CC)(NCC)C1=CC2=C(C=C1)N=C(C)O2,,,,"MolVec 0.9.8 (git b412dd0, Maven Central)",0.08441491797566414
uspto,US07316739-20080108-C00281,CCC(C)(C)C1:C:C:C(OCS(N)(=O)(=O)C2:C:C:C3:C(:C:2)SC(C)=N3):C(C(C)(C)CC):C:1,,,,"MolVec 0.9.8 (git b412dd0, Maven Central)",0.16705290228128433
uspto,US07316739-20080108-C00336,CCCCS(=O)(=O)(CC)(NCC)C1=CC(S(C)(N)(=O)=O)=CC=C1OCCOC,,,,"MolVec 0.9.8 (git b412dd0, Maven Central)",0.12288863956928253
uspto,US07316739-20080108-C00404,CCOc1cc(N=Nc2c(NS(=O)(=O)O)cc3ccc(N)cc3c2O)c(OCC)cc1N=Nc1cccc([PH](C)=O)c1,,,,"MolVec 0.9.8 (git b412dd0, Maven Central)",0.3444102369248867
uspto,US07316739-20080108-C00406,CCOc1cc(N=Nc2c(NS(=O)(=O)O)cc3ccc(N)cc3c2O)c(OCC)cc1N=Nc1cccc(NC(=O)O)c1,,,,"MolVec 0.9.8 (git b412dd0, Maven Central)",0.3049189895391464
uspto,US07316739-20080108-C00408,CC.CC.CCCCCO(C)(C)(C)P=O,,,,"MolVec 0.9.8 (git b412dd0, Maven Central)",0.42251442559063435
uspto,US07316739-20080108-C00411,C[H]N(C1=CC=C(/N=C2\C(C#N)=C(O=COC3C(C(C)(C)C)CC(C)CC3C(C)(C)C)C3=NC(C4=CC=C(C(C)(C)C)C=C4)=NN32)C(C)=C1)S(C)(=O)(=O)NCC,,,,"MolVec 0.9.8 (git b412dd0, Maven Central)",0.4630322530865669
uspto,US07316756-20080108-C00014,c1cc2cccc3c4cccc5cccc(c(c1)c23)c54,,,,"MolVec 0.9.8 (git b412dd0, Maven Central)",0.0894911102950573
uspto,US07316756-20080108-C00015,CC(C)(C)c1cc2cc(C(C)(C)C)cc3c4cc(C(C)(C)C)cc5cc(C(C)(C)C)cc(c(c1)c23)c54,,,,"MolVec 0.9.8 (git b412dd0, Maven Central)",0.136011878028512
uspto,US07316756-20080108-C00017,c1ccc2c(c1)cc1c3cccc4c5ccccc5cc(c5cccc2c51)c43,,,,"MolVec 0.9.8 (git b412dd0, Maven Central)",0.12205052375793457
uspto,US07316756-20080108-C00018,c1ccc(-c2c3ccccc3c(-c3ccccc3)c3c(-c4ccccc4)c4ccccc4c(-c4ccccc4)c23)cc1,,,,"MolVec 0.9.8 (git b412dd0, Maven Central)",0.1642244402319193
uspto,US07316756-20080108-C00019,Cn1c2ccccc2c(=O)c2cc3c(cc21)c(=O)c1ccccc1n3C,,,,"MolVec 0.9.8 (git b412dd0, Maven Central)",0.11920403689146042
uspto,US07316756-20080108-C00020,Cn1c2cc(F)ccc2c(=O)c2cc3c(cc21)c(=O)c1ccc(F)cc1n3C,,,,"MolVec 0.9.8 (git b412dd0, Maven Central)",0.12950599752366543
uspto,US07316756-20080108-C00021,O=c1c2ccccc2n(-c2ccccc2)c2cc3c(=O)c4ccccc4n(-c4ccccc4)c3cc12,,,,"MolVec 0.9.8 (git b412dd0, Maven Central)",0.138044573366642
uspto,US07316756-20080108-C00030,CC(C)(C)c1ccc(-c2c3ccc(C(C)(C)C)cc3c(-c3ccc(C(C)(C)C)cc3)c3c(-c4ccc(C(C)(C)C)cc4)c4ccc(C(C)(C)C)cc4c(-c4ccc(C(C)(C)C)cc4)c23)cc1,,,,"MolVec 0.9.8 (git b412dd0, Maven Central)",0.32756403274834156
uspto,US07316756-20080108-C00031,CC(C)(C)c1ccc(-c2c3ccc(C(C)(C)C)cc3c(-c3ccc(-c4ccccc4)cc3)c3c(-c4ccc(C(C)(C)C)cc4)c4ccc(C(C)(C)C)cc4c(-c4ccc(-c5ccccc5)cc4)c23)cc1,,,,"MolVec 0.9.8 (git b412dd0, Maven Central)",0.31157723255455494
uspto,US07316756-20080108-C00032,c1ccc2c(c1)-c1ccc3c4ccc5c6c(ccc(c7ccc-2c1c37)c64)-c1ccccc1-5,,,,"MolVec 0.9.8 (git b412dd0, Maven Central)",0.18053629249334335
uspto,US07316756-20080108-C00033,c1ccc(-c2ccc(-c3ccccc3)c3c2-c2ccc4c5ccc6c7c(ccc(c8ccc-3c2c48)c75)-c2c(-c3ccccc3)ccc(-c3ccccc3)c2-6)cc1,,,,"MolVec 0.9.8 (git b412dd0, Maven Central)",0.27838553488254547
uspto,US07316815-20080108-C00012,CC(Cc1c[nH]cn1)C(=O)O,,,,"MolVec 0.9.8 (git b412dd0, Maven Central)",0.06345241703093052
uspto,US07316815-20080108-C00019,CCC1(C)CC(C(N)C(=O)O)C1,,,,"MolVec 0.9.8 (git b412dd0, Maven Central)",0.050020936876535416
uspto,US07316830-20080108-C00080,BCOc1ccc(C(=O)Oc2ccc(C(=O)OC(C)CCCCCCCC)cc2)cc1,,,,"MolVec 0.9.8 (git b412dd0, Maven Central)",0.18337192758917809
uspto,US07316830-20080108-C00085,CCCC1CCC(C2CCC(C3:C:C(F):C(O(C)(C)O):C(F):C:3)CC2)CC1,,,,"MolVec 0.9.8 (git b412dd0, Maven Central)",0.3824072200804949
uspto,US07316884-20080108-C00056,CC1(Br)OC(C)(C23CC4CC5=C(C5)(C4)(C2)C3)OC1=O,,,,"MolVec 0.9.8 (git b412dd0, Maven Central)",0.3731736820191145
uspto,US07316884-20080108-C00057,C=C1OC(C)(C23CC4CC(CC(C4)C2)C3)OC1=O,,,,"MolVec 0.9.8 (git b412dd0, Maven Central)",0.14418557845056057
uspto,US07316884-20080108-C00058,CC1(Br)OC2CC3CC(CC(C3)OC1=O)C2,,,,"MolVec 0.9.8 (git b412dd0, Maven Central)",0.4473981726914644
uspto,US07316884-20080108-C00059,C=C1OC2(OC1=O)C1CC3CC(C1)CC2C3,,,,"MolVec 0.9.8 (git b412dd0, Maven Central)",0.12489603646099567
uspto,US07316884-20080108-C00060,CC1(Br)OC2(CC3CCC2C3)OC1=O,,,,"MolVec 0.9.8 (git b412dd0, Maven Central)",0.2209971360862255
uspto,US07316884-20080108-C00061,C=C1OC2(CC3CCC2C3)OC1=O,,,,"MolVec 0.9.8 (git b412dd0, Maven Central)",0.2550365533679724
uspto,US07316884-20080108-C00062,CCC(CC(C)(CC(C)(C)C(=O)OC1COC(=O)C1)C(=O)OC1(C)C2CC3CC(C2)CC1C3)(OC12CC3CC(CC(C3)C1)C2)C(=O)OC,,,,"MolVec 0.9.8 (git b412dd0, Maven Central)",0.5969736501574516
uspto,US07316884-20080108-C00065,CCC1(CC(C)(CC(C)(C)C(=O)OC2COC(=O)C2)C(=O)OC2(C)C3CC4CC(C3)CC2C4)OC2(CC3CCC2C3)OC1=O,,,,"MolVec 0.9.8 (git b412dd0, Maven Central)",0.488920871168375
uspto,US07316884-20080108-C00066,CCC1(CC(C)(CC(C)(C)C(=O)OC2COC(=O)C2)C(=O)OC2(C)C3CC4CC(C3)CC2C4)OC2(CCCCC2)OC1=O,,,,"MolVec 0.9.8 (git b412dd0, Maven Central)",0.49457118287682533
uspto,US07316884-20080108-C00067,CCC(C)(CC(C)(C)C(=O)OC1COC(=O)C1)C(=O)O=C1(C)=C234CC(CC1C2)CC3C4,,,,"MolVec 0.9.8 (git b412dd0, Maven Central)",0.2553845476359129
uspto,US07316884-20080108-C00071,C=C(C)C(=O)OC1C2CC3C(=O)OC1C3C2,,,,"MolVec 0.9.8 (git b412dd0, Maven Central)",0.059904882684350014
uspto,US07316884-20080108-C00072,C=CC(=O)OC1C2CC3C(=O)OC1C3C2,,,,"MolVec 0.9.8 (git b412dd0, Maven Central)",0.07611883617937565
uspto,US07316884-20080108-C00078,C=CC(=O)OC1(CC)C(C)CC2CCCC1C2,,,,"MolVec 0.9.8 (git b412dd0, Maven Central)",0.08785098046064377
uspto,US07316884-20080108-C00079,C=C(C)C(=O)OC12CC3CC(CC(O)(C3)C1)C2,,,,"MolVec 0.9.8 (git b412dd0, Maven Central)",0.05782485380768776
uspto,US07316884-20080108-C00080,C=CC(=O)OC12CC3=C4(C3)(CC(O)(C1)C4)C2,,,,"MolVec 0.9.8 (git b412dd0, Maven Central)",0.08603193238377571
uspto,US07316884-20080108-C00082,C=C(C)C(=O)OC1OC(C)(C23CC4CC5=C(C5)(C4)(C2)C3)OC1=O,,,,"MolVec 0.9.8 (git b412dd0, Maven Central)",0.11243612319231033
uspto,US07316884-20080108-C00083,C=C(C)C(=O)OCC(C)OC1COC2CC3=CC(C2)CC(C3)O1,,,,"MolVec 0.9.8 (git b412dd0, Maven Central)",0.08718945272266865
uspto,US07316884-20080108-C00084,C=CC(=O)OCC1COC2(O1)C1CC3=CC(C1)CC2C3,,,,"MolVec 0.9.8 (git b412dd0, Maven Central)",0.1050469558686018
uspto,US07316884-20080108-C00085,C=CC(=O)OCC1OC2(CC3CCC2C3)OC1=O,,,,"MolVec 0.9.8 (git b412dd0, Maven Central)",0.0943684820085764
uspto,US07316884-20080108-C00086,C=C(C)C(=O)OC1OC(C)(CC)OC1=O,,,,"MolVec 0.9.8 (git b412dd0, Maven Central)",0.11228983849287033
uspto,US07316884-20080108-C00087,C=CC(=O)OCC1COC2(CCCCC2)O1,,,,"MolVec 0.9.8 (git b412dd0, Maven Central)",0.05083449371159077
uspto,US07316885-20080108-C00003,C1CC2CC1C1C3CCC(C3)C21,,,,"MolVec 0.9.8 (git b412dd0, Maven Central)",0.07956374064087868
uspto,US07316887-20080108-C00008,c1ccc2oc(-c3cc4c5c(c3)CCCN5CCC4)nc2c1,,,,"MolVec 0.9.8 (git b412dd0, Maven Central)",0.10290879383683205
uspto,US07316887-20080108-C00011,O=c1ccc2ccccc2o1,,,,"MolVec 0.9.8 (git b412dd0, Maven Central)",0.05286441929638386
uspto,US07316890-20080108-C00005,CC1(C)C(/C=C/c2ccc(N3CCCC3)cc2)=[N+](Cc2ccc(C(=O)Oc3cccc4ccccc34)cc2)c2ccccc21,,,,"MolVec 0.9.8 (git b412dd0, Maven Central)",0.2883379440754652
uspto,US07316890-20080108-C00007,CC1(C)C(/C=C/c2ccc(N3CCCC3)cc2)=[N+](Cc2ccc(C(=O)OC3CC4CCC3(C)C4(C)C)cc2)c2ccccc21,,,,"MolVec 0.9.8 (git b412dd0, Maven Central)",0.6571524403989315
uspto,US07316890-20080108-C00009,CC1(C)C(/C=C/c2ccc(N3CCCCC3)cc2)=[N+](Cc2ccc(C(=O)Oc3ccccc3)cc2)c2ccccc21,,,,"MolVec 0.9.8 (git b412dd0, Maven Central)",0.25496846064925194
uspto,US07316890-20080108-C00014,CC1(C)C(/C=C/c2ccc(N3CCCC3)cc2)=C(Cc2ccc(F)cc2)c2ccccc21,,,,"MolVec 0.9.8 (git b412dd0, Maven Central)",0.2131033670157194
uspto,US07316890-20080108-C00015,CC1(C)C(/C=C/c2ccc(N3CCCC3)cc2)=C(Cc2cccc3ccccc23)c2ccccc21,,,,"MolVec 0.9.8 (git b412dd0, Maven Central)",0.24319328926503658
uspto,US07316890-20080108-C00019,CC1(C)C(/C=C/c2ccc(N3CCCCC3)cc2)=[N+](Cc2ccc(C(=O)Oc3ccccc3)cc2)c2ccc3ccccc3c21,,,,"MolVec 0.9.8 (git b412dd0, Maven Central)",0.29028500989079475
uspto,US07316890-20080108-C00020,CC1(C)C(/C=C/c2ccc(N3CCCC3)cc2)=C(Cc2ccc(F)cc2)c2ccc3ccccc3c21,,,,"MolVec 0.9.8 (git b412dd0, Maven Central)",0.2844861838966608
uspto,US07316890-20080108-C00021,CC1(C)C(/C=C/c2ccc(N3CCCC3)cc2)=C(Cc2cccc3ccccc23)c2ccc3ccccc3c21,,,,"MolVec 0.9.8 (git b412dd0, Maven Central)",0.30380060337483883
uspto,US07316890-20080108-C00022,CCN(CC)c1ccc(/C=C/C2=C(CCCCC(=O)OCC(F)(F)C(F)F)c3ccccc3C2(C)C)cc1,,,,"MolVec 0.9.8 (git b412dd0, Maven Central)",0.25111634843051434
uspto,US07316890-20080108-C00023,CC1(C)C(/C=C/c2ccc(N3CCCCC3)cc2)=[N+](Cc2ccc(C(=O)Oc3ccccc3)cc2)c2ccc(Cl)cc21,,,,"MolVec 0.9.8 (git b412dd0, Maven Central)",0.25371131487190723
uspto,US07316931-20080108-C00028,CCC.Nc1nc(I)cc(I)c1I,,,,"MolVec 0.9.8 (git b412dd0, Maven Central)",0.11925187148153782
uspto,US07316931-20080108-C00029,Oc1c(I)cc(I)cc1I,,,,"MolVec 0.9.8 (git b412dd0, Maven Central)",0.10124930553138256
uspto,US07316931-20080108-C00035,O=[N+]([O-])c1cc(Br)c(O)c(Br)c1,,,,"MolVec 0.9.8 (git b412dd0, Maven Central)",0.11699526757001877
uspto,US07316931-20080108-C00037,O=[N+]([O-])c1cc(Br)ccc1O,,,,"MolVec 0.9.8 (git b412dd0, Maven Central)",0.0975715946406126
uspto,US07316931-20080108-C00040,Nc1ccc([N+](=O)[O-])cc1Br,,,,"MolVec 0.9.8 (git b412dd0, Maven Central)",0.11755573190748692
uspto,US07316931-20080108-C00041,CC(=O)Nc1ccc(N)cc1Br.CCC1SCC2NC(=N)NC21,,,,"MolVec 0.9.8 (git b412dd0, Maven Central)",0.15071574784815311
uspto,US07316931-20080108-C00042,CCCBrC1=C(N)C(Br)=CC([N+](=O)[O-])=C1,,,,"MolVec 0.9.8 (git b412dd0, Maven Central)",0.11404051072895527
uspto,US07316931-20080108-C00043,CC(=O)Nc1c(Br)cc(N)cc1Br.CCC1SCC2NC(=N)NC21,,,,"MolVec 0.9.8 (git b412dd0, Maven Central)",0.15556643344461918
uspto,US07316931-20080108-C00044,Nc1c(I)cc([N+](=O)[O-])cc1I,,,,"MolVec 0.9.8 (git b412dd0, Maven Central)",0.11704128421843052
uspto,US07316931-20080108-C00050,CC.CCCC,,,,"MolVec 0.9.8 (git b412dd0, Maven Central)",0.2069205492734909
uspto,US07316931-20080108-C00052,NC(=O)CCC(N)C(=O)O,,,,"MolVec 0.9.8 (git b412dd0, Maven Central)",0.2148841768503189
uspto,US07316999-20080108-C00054,CC(C)(C)OC(=O)NOCCC(N)C(=O)N1CCOCC1,,,,"MolVec 0.9.8 (git b412dd0, Maven Central)",0.11798574961721897
uspto,US07317000-20080108-C00018,CC(C)(C)OC(=O)N1CC(=O)OC(=O)C1,,,,"MolVec 0.9.8 (git b412dd0, Maven Central)",0.12320569343864918
uspto,US07317006-20080108-C00004,CC.CSc1nc(-c2cccc(N)c2)c2c(N)c(C(=O)NC(C)C)sc2n1.O=C(Cl)CO,,,,"MolVec 0.9.8 (git b412dd0, Maven Central)",0.4134993199259043
uspto,US07317006-20080108-C00007,CC.CCOC(=O)c1sc2nc(SC)nc(-c3cccc([N+](=O)[O-])c3)c2c1N,,,,"MolVec 0.9.8 (git b412dd0, Maven Central)",0.3221991043537855
uspto,US07317006-20080108-C00008,CC.CCOC(=O)CSc1nc(SC)nc(-c2cccc([N+](=O)[O-])c2)c1C#N,,,,"MolVec 0.9.8 (git b412dd0, Maven Central)",0.24312961101531982
uspto,US07317006-20080108-C00009,CC.CCOC(=O)CS.CSc1nc(Cl)c(C#N)c(-c2cccc([N+](=O)[O-])c2)n1,,,,"MolVec 0.9.8 (git b412dd0, Maven Central)",0.3166810981929302
uspto,US07317006-20080108-C00010,CC.CSc1nc(-c2cccc([N+](=O)[O-])c2)c(C#N)c(=O)[nH]1,,,,"MolVec 0.9.8 (git b412dd0, Maven Central)",0.2869516797363758
uspto,US07317006-20080108-C00011,CCOC(=O)CC#N.CSC(=N)N.O=Cc1cccc([N+](=O)[O-])c1,,,,"MolVec 0.9.8 (git b412dd0, Maven Central)",0.24636578001081944
uspto,US07317007-20080108-C00018,C=C(N)NC(=O)OC(C)(C)C,,,,"MolVec 0.9.8 (git b412dd0, Maven Central)",0.04134080931544304
uspto,US07317008-20080108-C00027,CC1=C(/C=C/C(C)=C/C=C/C(C)=C/C=C/C=C(C)/C=C/C=C(C)/C=C/C2=C(C)CC(OP(=O)([O-])O)CC2(C)C)C(C)(C)CC(OP(=O)([O-])O)C1,,,,"MolVec 0.9.8 (git b412dd0, Maven Central)",0.36615274101495743
uspto,US07317008-20080108-C00028,CC1=C(/C=C/C(C)=C/C=C/C(C)=C/C=C/C=C(C)/C=C/C=C(C)/C=C/C2=C(C)C(=O)C(OP(=O)([O-])O)CC2(C)C)C(C)(C)CC(OP(=O)([O-])O)C1=O,,,,"MolVec 0.9.8 (git b412dd0, Maven Central)",0.46140297316014767
uspto,US07317008-20080108-C00033,CC1=C(/C=C/C(C)=C/C=C/C(C)=C/C=C/C=C(C)/C=C/C=C(C)/C=C/C2=C(C)C(=O)C(OCC(O)C3OC(=O)C(O)=C3O)CC2(C)C)C(C)(C)CC(OCC(O)C2OC(=O)C(O)=C2O)C1=O,,,,"MolVec 0.9.8 (git b412dd0, Maven Central)",0.5435720290988684
uspto,US07317008-20080108-C00044,CC1=C(/C=C/C(C)=C/C=C/C(C)=C/C=C/C=C(C)/C=C/C=C(C)/C=C/C2=C(C)C(=O)C(OP(=O)([O-])OC[C@H](O)[C@H]3OC(=O)C(O)=C3O)CC2(C)C)C(C)(C)CC(OP(=O)([O-])OC[C@H](O)[C@H]2OC(=O)C(O)=C2O)C1=O,,,,"MolVec 0.9.8 (git b412dd0, Maven Central)",0.6640342604368925
uspto,US07317008-20080108-C00056,CC1=CC(O)CC(C)(C)C1/C=C/C(C)=C/C=C/C(C)=C/C=C/C=C(C)/C=C/C=C(C)/C=C/C1=C(C)CC(O)CC1(C)C,,,,"MolVec 0.9.8 (git b412dd0, Maven Central)",0.2785895764827728
uspto,US07317008-20080108-C00057,CC1=C(/C=C/C(C)=C/C=C/C(C)=C/C=C/C=C(C)/C=C/C=C(C)/C=C/C2=C(C)CC(O)CC2(C)C)C(C)(C)CC(O)C1,,,,"MolVec 0.9.8 (git b412dd0, Maven Central)",0.3065404798835516
uspto,US07317010-20080108-C00052,Cc1cc(C)cc(-c2[nH]c3sc(C(C)(C)C(=O)N4CC5CCC4CC5)cc3c2CCN/C(=N/C=N)N2CCC(c3ccncc3)C2)c1,,,,"MolVec 0.9.8 (git b412dd0, Maven Central)",0.3787022363394499
uspto,US07317010-20080108-C00053,Cc1cc(C)cc(-c2[nH]c3sc(C(C)(C)C(=O)N4CC5CCC4CC5)cc3c2CCNC(=N)N2CCC(c3ccncc3)C2)c1,,,,"MolVec 0.9.8 (git b412dd0, Maven Central)",0.36312003433704376
uspto,US07317010-20080108-C00054,Cc1cc(C)cc(-c2[nH]c3sc(C(C)(C)C(=O)N4C5CCC4CC5)cc3c2[C@@H](C)CN/C(=N/C#N)N2CCC(c3ccncc3)C2)c1,,,,"MolVec 0.9.8 (git b412dd0, Maven Central)",0.28096495755016804
uspto,US07317010-20080108-C00055,Cc1cc(C)cc(-c2[nH]c3sc(C(C)(C)C(=O)N4C5CCC4CC5)cc3c2CCN/C(=N/C#N)N2CCC(c3ccncc3)C2)c1,,,,"MolVec 0.9.8 (git b412dd0, Maven Central)",0.316125700250268
uspto,US07317010-20080108-C00056,Cc1cc(C)cc(-c2[nH]c3sc(C(C)(C)C(=O)N4C5CCC4CC5)cc3c2CCNC(=N)N2CCC(c3ccncc3)C2)c1,,,,"MolVec 0.9.8 (git b412dd0, Maven Central)",0.26713915169239044
uspto,US07317010-20080108-C00058,Cc1cc(C)cc(-c2[nH]c3sc(C(C)(C)C(=O)N4C5CCC4CC5)cc3c2CCN/C(=N/C(=O)OC(C)C)N2CCC(c3ccncc3)C2)c1,,,,"MolVec 0.9.8 (git b412dd0, Maven Central)",0.3271273970603943
uspto,US07317010-20080108-C00059,Cc1cc(C)cc(-c2[nH]c3sc(C(C)(C)C(=O)N4CCCC4)cc3c2[C@H](C)CN/C(=N/C(=O)OC(C)C)N2CCC(c3ccncc3)C2)c1,,,,"MolVec 0.9.8 (git b412dd0, Maven Central)",0.35151492059230804
uspto,US07317010-20080108-C00060,COC(=O)/N=C(/NC[C@@H](C)c1c(-c2cc(C)cc(C)c2)[nH]c2sc(C(C)(C)C(=O)N3CCCC3)cc12)N1CCC(c2ccncc2)C1,,,,"MolVec 0.9.8 (git b412dd0, Maven Central)",0.34556654281914234
uspto,US07317010-20080108-C00061,Cc1cc(C)cc(-c2[nH]c3sc(C(C)(C)C(=O)N(C)C)cc3c2[C@H](C)CN/C(=N/C(=O)OC(C)C)N2CCC(c3ccncc3)C2)c1,,,,"MolVec 0.9.8 (git b412dd0, Maven Central)",0.3325550649315119
uspto,US07317010-20080108-C00062,Cc1cc(C)cc(-c2[nH]c3sc(C(C)(C)C=N)cc3c2[C@H](C)CN/C(=N/C(=O)OC(C)C)N2CCC(c3ccncc3)C2)c1,,,,"MolVec 0.9.8 (git b412dd0, Maven Central)",0.30098009668290615
uspto,US07317010-20080108-C00063,CCOC(=O)C(C)(C)c1cc2c([C@H](C)CN/C(=N/C(=O)OC(C)C)N3CCC(c4ccncc4)C3)c(-c3cc(C)cc(C)c3)[nH]c2s1,,,,"MolVec 0.9.8 (git b412dd0, Maven Central)",0.3342413678765297
uspto,US07317010-20080108-C00064,Cc1cc(C)cc(-c2[nH]c3sc(C(C)(C)C(N)=O)cc3c2[C@H](C)CN/C(=N/C(=O)OC(C)C)N2CCC(c3ccncc3)C2)c1,,,,"MolVec 0.9.8 (git b412dd0, Maven Central)",0.6863754969090223
uspto,US07317010-20080108-C00065,Cc1cc(C)cc(-c2[nH]c3sc(C(C)(C)C(=O)N4C5CCC4CC5)cc3c2[C@H](C)CN/C(=N/C(=O)OC(C)C)N2CCC(c3ccncc3)CC2)c1,,,,"MolVec 0.9.8 (git b412dd0, Maven Central)",0.5105357691645622
uspto,US07317010-20080108-C00066,Cc1cc(C)cc(-c2[nH]c3sc(C(C)(C)C(=O)N4C5CCC4CC5)cc3c2[C@H](C)CN/C(=N/C(=O)OC(C)C)N2CCC(c3ccccn3)C2)c1,,,,"MolVec 0.9.8 (git b412dd0, Maven Central)",0.7445214372128248
uspto,US07317010-20080108-C00067,Cc1cc(C)cc(-c2[nH]c3sc(C(C)(C)C(=O)N4C5CCC4CC5)cc3c2[C@H](C)CN/C(=N/C(=O)OC(C)C)N2CCN(c3ccccn3)CC2)c1,,,,"MolVec 0.9.8 (git b412dd0, Maven Central)",0.5641714110970497
uspto,US07317010-20080108-C00068,Cc1cc(C)cc(-c2[nH]c3sc(C(C)(C)C(=O)N4C5CCC4CC5)cc3c2[C@H](C)CN/C(=N/C(=O)OC(C)C)N2CCN(c3ccncc3)CC2)c1,,,,"MolVec 0.9.8 (git b412dd0, Maven Central)",0.4854455292224884
uspto,US07317010-20080108-C00069,Cc1cc(C)cc(-c2[nH]c3sc(C(C)(C)C(=O)N4C5CCC4CC5)cc3c2[C@H](C)CN/C(=N/C(=O)OC(C)C)N2CCC(C3CCOCC3)CC2)c1,,,,"MolVec 0.9.8 (git b412dd0, Maven Central)",0.5573249198496342
uspto,US07317010-20080108-C00070,Cc1cc(C)cc(-c2[nH]c3sc(C(C)(C)C(=O)N4C5CCC4CC5)cc3c2[C@H](C)CN/C(=N/C(=O)OC(C)C)N2CCN(CC(=O)NC(C)C)CC2)c1,,,,"MolVec 0.9.8 (git b412dd0, Maven Central)",0.5610085278749466
uspto,US07317010-20080108-C00072,Cc1cc(C)cc(-c2[nH]c3sc(C(C)C)cc3c2[C@H](C)C(=O)NCCc2ccncc2)c1.O=CN1CCCC1,,,,"MolVec 0.9.8 (git b412dd0, Maven Central)",0.24629474245011806
uspto,US07317010-20080108-C00073,Cc1cc(C)cc(-c2[nH]c3sc(C(C)C)cc3c2[C@H](C)C(=O)NCCc2cccn2C)c1.O=CN1CCCC1,,,,"MolVec 0.9.8 (git b412dd0, Maven Central)",0.2284816987812519
uspto,US07317010-20080108-C00074,Cc1cc(C)cc(-c2[nH]c3sc(C(C)C)cc3c2[C@H](C)C(=O)NCNCCCN2CCN(C)CC2)c1.O=CN1CCCC1,,,,"MolVec 0.9.8 (git b412dd0, Maven Central)",0.2969615217298269
uspto,US07317010-20080108-C00075,Cc1cc(C)cc(-c2[nH]c3sc(C(C)(C)C(=O)N4CCCC4)cc3c2[C@H](C)CNC(=O)NCCO)c1,,,,"MolVec 0.9.8 (git b412dd0, Maven Central)",0.5530364234000444
uspto,US07317010-20080108-C00076,Cc1cc(C)cc(-c2[nH]c3sc(C(C)(C)C(=O)N4C5CCC4CC5)cc3c2[C@H](C)CNC(=O)N2CCC(c3ccncc3)C2)c1,,,,"MolVec 0.9.8 (git b412dd0, Maven Central)",0.3471700269728899
uspto,US07317010-20080108-C00077,Cc1cc(C)cc(-c2[nH]c3sc(C(C)(C)C(=O)N4C5CCC4CC5)cc3c2[C@H](C)CNC(=O)N2CCC(c3ccncc3)CC2)c1,,,,"MolVec 0.9.8 (git b412dd0, Maven Central)",0.2833604086190462
uspto,US07317010-20080108-C00086,CO/N=C1/NC[C@@H](C)c2c([nH]c3sc(C(C)(C)C(=O)N4C5CCC4CC5)cc23)-c2cc(C)cc(c2)C2C(c3ccncc3)CCN12,,,,"MolVec 0.9.8 (git b412dd0, Maven Central)",0.4536969158798456
uspto,US07317012-20080108-C00010,O=c1cc(-c2ccc(Cl)cc2)c(O)nn1Cc1ccccc1,,,,"MolVec 0.9.8 (git b412dd0, Maven Central)",0.11771491728723049
uspto,US07317012-20080108-C00011,O=c1cc(-c2ccc(Cl)cc2)c(Cl)nn1Cc1ccccc1,,,,"MolVec 0.9.8 (git b412dd0, Maven Central)",0.10091130249202251
uspto,US07317012-20080108-C00012,O=c1cc(-c2ccc(Cl)cc2)c(-c2ccccc2Cl)nn1Cc1ccccc1,,,,"MolVec 0.9.8 (git b412dd0, Maven Central)",0.178845988586545
uspto,US07317012-20080108-C00013,O=c1cc(-c2ccc(Cl)cc2)c(-c2ccccc2Cl)n[nH]1,,,,"MolVec 0.9.8 (git b412dd0, Maven Central)",0.10843113996088505
uspto,US07317012-20080108-C00014,Clc1ccc(-c2cc(Cl)nnc2-c2ccccc2Cl)cc1,,,,"MolVec 0.9.8 (git b412dd0, Maven Central)",0.095844816416502
uspto,US07317012-20080108-C00015,NNc1cc(-c2ccc(Cl)cc2)c(-c2ccccc2Cl)nn1,,,,"MolVec 0.9.8 (git b412dd0, Maven Central)",0.10050300695002079
uspto,US07317012-20080108-C00017,O=c1n(Cc2ccc(C(F)(F)F)cc2)nc2cc(-c3ccc(Cl)cc3)c(-c3ccccc3Cl)nn12,,,,"MolVec 0.9.8 (git b412dd0, Maven Central)",0.20222306065261364
uspto,US07317012-20080108-C00018,O=c1n(Cc2ccc(C(F)(F)F)nc2)nc2cc(-c3ccc(Cl)cc3)c(-c3ccccc3Cl)nn12,,,,"MolVec 0.9.8 (git b412dd0, Maven Central)",0.221809484064579
uspto,US07317012-20080108-C00020,O=c1n(CC(F)(F)F)nc2cc(-c3ccc(Cl)cc3)c(-c3ccccc3Cl)nn12,,,,"MolVec 0.9.8 (git b412dd0, Maven Central)",0.30277019739151
uspto,US07317012-20080108-C00021,O=c1n(CCC(F)(F)F)nc2cc(-c3ccc(Cl)cc3)c(-c3ccccc3Cl)nn12,,,,"MolVec 0.9.8 (git b412dd0, Maven Central)",0.17099794745445251
uspto,US07317012-20080108-C00022,O=c1n(CCCC(F)(F)F)nc2cc(-c3ccc(Cl)cc3)c(-c3ccccc3Cl)nn12,,,,"MolVec 0.9.8 (git b412dd0, Maven Central)",0.17824606969952583
uspto,US07317012-20080108-C00024,O=c1cc(-c2ccc(Cl)cc2)c(=O)[nH][nH]1,,,,"MolVec 0.9.8 (git b412dd0, Maven Central)",0.07248924672603607
uspto,US07317012-20080108-C00025,Clc1ccc(-c2cc(Cl)nnc2Cl)cc1,,,,"MolVec 0.9.8 (git b412dd0, Maven Central)",0.07924341410398483
uspto,US07317012-20080108-C00026,NNc1cc(-c2ccc(Cl)cc2)c(Cl)nn1,,,,"MolVec 0.9.8 (git b412dd0, Maven Central)",0.09480638429522514
uspto,US07317012-20080108-C00027,O=c1[nH]nc2cc(-c3ccc(Cl)cc3)c(Cl)nn12,,,,"MolVec 0.9.8 (git b412dd0, Maven Central)",0.12796655111014843
uspto,US07317012-20080108-C00028,O=c1n(Cc2ccc(C(F)(F)F)nc2)nc2cc(-c3ccc(Cl)cc3)c(Cl)nn12,,,,"MolVec 0.9.8 (git b412dd0, Maven Central)",0.17959658987820148
uspto,US07317012-20080108-C00030,O=c1n(Cc2ccc(C(F)(F)F)nc2)nc2cc(-c3ccc(Cl)cc3)c(-c3ccccc3)nn12,,,,"MolVec 0.9.8 (git b412dd0, Maven Central)",0.4674696996808052
uspto,US07317012-20080108-C00031,O=c1n(Cc2ccc(C(F)(F)F)nc2)nc2cc(-c3ccc(Cl)cc3)c(-c3cccnc3F)nn12,,,,"MolVec 0.9.8 (git b412dd0, Maven Central)",0.23917286470532417
uspto,US07317012-20080108-C00032,O=c1n(Cc2ccc(C(F)(F)F)nc2)nc2cc(-c3ccc(Cl)cc3)c(-c3ccc(Cl)cc3Cl)nn12,,,,"MolVec 0.9.8 (git b412dd0, Maven Central)",0.22314578853547573
uspto,US07317012-20080108-C00033,O=c1n(Cc2ccc(C(F)(F)F)nc2)nc2cc(-c3ccc(Cl)cc3)c(-c3ccccc3F)nn12,,,,"MolVec 0.9.8 (git b412dd0, Maven Central)",0.2099987007677555
uspto,US07317012-20080108-C00035,O=c1n(Cc2ccc(C(F)(F)F)cc2)nc2cc(-c3ccc(Cl)cc3)c(Cl)nn12,,,,"MolVec 0.9.8 (git b412dd0, Maven Central)",0.16990072652697563
uspto,US07317012-20080108-C00036,O=c1n(Cc2ccc(C(F)(F)F)cc2)nc2cc(-c3ccc(Cl)cc3)c(-c3ccc(Cl)cc3)nn12,,,,"MolVec 0.9.8 (git b412dd0, Maven Central)",0.24241994880139828
uspto,US07317012-20080108-C00038,COC(=O)C(=O)C1CCCCC1,,,,"MolVec 0.9.8 (git b412dd0, Maven Central)",0.038183869794011116
uspto,US07317012-20080108-C00041,O=C(O)/C(O)=C/c1ccc(C(F)(F)F)cc1,,,,"MolVec 0.9.8 (git b412dd0, Maven Central)",0.0560497734695673
uspto,US07317013-20080108-C00025,N=C(NCCCCN1CCC(OCCO)CC1)NC(=O)c1nc(Cl)c(N)nc1N,,,,"MolVec 0.9.8 (git b412dd0, Maven Central)",0.15878142043948174
uspto,US07317013-20080108-C00026,N=C(NCCCCC1CCC(OCCC(=O)O)CC1)NC(=O)c1nc(Cl)c(N)nc1N,,,,"MolVec 0.9.8 (git b412dd0, Maven Central)",0.1418644990772009
uspto,US07317013-20080108-C00034,N=C(NCCCCN1CCC(OCCC(N)=O)CC1)NC(=O)c1nc(Cl)c(N)nc1N,,,,"MolVec 0.9.8 (git b412dd0, Maven Central)",0.28890320286154747
uspto,US07317013-20080108-C00035,CS(=O)(=O)N(C1CCC(CCCCNC(=N)NC(=O)c2nc(Cl)c(N)nc2N)CC1)S(C)(=O)=O,,,,"MolVec 0.9.8 (git b412dd0, Maven Central)",0.16595737636089325
uspto,US07317013-20080108-C00042,COC(=O)[C@@H](N)COC1CCN(CCCCNC(=N)NC(=O)c2nc(Cl)c(N)nc2N)CC1,,,,"MolVec 0.9.8 (git b412dd0, Maven Central)",0.15232570096850395
uspto,US07317013-20080108-C00045,C[C@@H]1OC[C@H]([C@@H](O)[C@H](O)[C@@H](O)CNCCOC2CCN(CCCCNC(=N)NC(=O)c3nc(Cl)c(N)nc3N)CC2)O1,,,,"MolVec 0.9.8 (git b412dd0, Maven Central)",0.40588682144880295
uspto,US07317013-20080108-C00053,CN(C)S(=O)(=O)CCCCN1CCC(CCCCNC(=N)NC(=O)c2nc(Cl)c(N)nc2N)CC1,,,,"MolVec 0.9.8 (git b412dd0, Maven Central)",0.14798829704523087
uspto,US07317013-20080108-C00069,CC(C)(C)OC(=O)/N=C(\NCCCN1CCN(CCCCNC(=N)NC(=O)c2nc(Cl)c(N)nc2N)CC1)NC(=O)OC(C)(C)C,,,,"MolVec 0.9.8 (git b412dd0, Maven Central)",0.2328499834984541
uspto,US07317013-20080108-C00070,CC(C)(C)OC(=O)NCCCN1CCC(CCCCNC(=N)NC(=O)c2nc(Cl)c(N)nc2N)CC1,,,,"MolVec 0.9.8 (git b412dd0, Maven Central)",0.12749958597123623
uspto,US07317013-20080108-C00074,CC(C)(C)OC(=O)NC(=C=C(O)OC(C)(C)C)NCCCN1CCC(CCCCNC(=N)NC(=O)c2nc(Cl)c(N)nc2N)CC1,,,,"MolVec 0.9.8 (git b412dd0, Maven Central)",0.20588764920830727
uspto,US07317013-20080108-C00124,CCCOC1CCCN(CCCCNC(=N)NC(=O)c2nc(Cl)c(N)nc2N)C1.C[C@@H]1OC[C@H]([C@@H](O)C[C@@H](O)CN)O1,,,,"MolVec 0.9.8 (git b412dd0, Maven Central)",0.1751914657652378
uspto,US07317014-20080108-C00004,Cn1cnc(-c2ccncc2)c(-c2ccc(F)cc2)c1=O,,,,"MolVec 0.9.8 (git b412dd0, Maven Central)",0.14558619260787964
uspto,US07317014-20080108-C00006,Nc1cccc(-c2cc(=O)[nH]c(=O)n2-c2ccccc2)c1,,,,"MolVec 0.9.8 (git b412dd0, Maven Central)",0.22441881336271763
uspto,US07317014-20080108-C00029,FC(F)(F)c1nc(Cl)c(-c2ccccc2)c(-c2ccccc2)n1,,,,"MolVec 0.9.8 (git b412dd0, Maven Central)",0.07811877131462097
uspto,US07317014-20080108-C00030,Cc1ccc(-c2nc(C(F)(F)F)nc(Cl)c2-c2ccccc2)cc1,,,,"MolVec 0.9.8 (git b412dd0, Maven Central)",0.09370427206158638
uspto,US07317014-20080108-C00031,Fc1ccc(-c2nc(C(F)(F)F)nc(Cl)c2-c2ccccc2)cc1,,,,"MolVec 0.9.8 (git b412dd0, Maven Central)",0.10028231143951416
uspto,US07317014-20080108-C00032,CS(=O)(=O)c1ccc(-c2nc(C(F)(F)F)nc(Cl)c2-c2ccccc2)cc1,,,,"MolVec 0.9.8 (git b412dd0, Maven Central)",0.10736645199358463
uspto,US07317014-20080108-C00033,CS(=O)(=O)c1ccc(-c2nc(C(F)(F)F)nc(Cl)c2-c2ccc(Cl)cc2)cc1,,,,"MolVec 0.9.8 (git b412dd0, Maven Central)",0.12277371250092983
uspto,US07317014-20080108-C00034,CS(=O)(=O)c1ccc(-c2nc(C(F)(F)F)nc(Cl)c2-c2ccc(F)cc2)cc1,,,,"MolVec 0.9.8 (git b412dd0, Maven Central)",0.13834838569164276
uspto,US07317014-20080108-C00035,Clc1nc(Cl)c(-c2ccccc2)c(-c2ccccc2)n1,,,,"MolVec 0.9.8 (git b412dd0, Maven Central)",0.09363064728677273
uspto,US07317014-20080108-C00036,Cc1ccc(-c2nc(Cl)nc(Cl)c2-c2ccccc2)cc1,,,,"MolVec 0.9.8 (git b412dd0, Maven Central)",0.09272374399006367
uspto,US07317014-20080108-C00037,Clc1ccc(-c2nc(Cl)nc(Cl)c2-c2ccccc2)cc1,,,,"MolVec 0.9.8 (git b412dd0, Maven Central)",0.08922872133553028
uspto,US07317014-20080108-C00038,Clc1ccc(-c2c(Cl)nc(Cl)nc2-c2ccccc2)cc1,,,,"MolVec 0.9.8 (git b412dd0, Maven Central)",0.0942210741341114
uspto,US07317014-20080108-C00039,COc1ccc(-c2c(Cl)nc(Cl)nc2-c2ccccc2)cc1,,,,"MolVec 0.9.8 (git b412dd0, Maven Central)",0.09247586689889431
uspto,US07317014-20080108-C00040,CSc1ccc(-c2c(Cl)nc(Cl)nc2-c2ccccc2)cc1,,,,"MolVec 0.9.8 (git b412dd0, Maven Central)",0.08786178380250931
uspto,US07317014-20080108-C00041,CSc1ccc(-c2c(Cl)nc(Cl)nc2-c2ccc(Cl)cc2)cc1,,,,"MolVec 0.9.8 (git b412dd0, Maven Central)",0.0970002431422472
uspto,US07317014-20080108-C00042,Cc1ccc(-c2nc(Cl)nc(Cl)c2-c2ccc(Cl)cc2)cc1,,,,"MolVec 0.9.8 (git b412dd0, Maven Central)",0.10034586489200592
uspto,US07317014-20080108-C00043,[N-]=[NH+]Nc1nc(C(F)(F)F)nc(-c2ccccc2)c1-c1ccccc1,,,,"MolVec 0.9.8 (git b412dd0, Maven Central)",0.09024533070623875
uspto,US07317014-20080108-C00044,CS(=O)(=O)c1ccc(-c2nc(C(F)(F)F)nc(N[NH+]=[N-])c2-c2ccccc2)cc1,,,,"MolVec 0.9.8 (git b412dd0, Maven Central)",0.11025998741388321
uspto,US07317014-20080108-C00045,CS(=O)(=O)c1ccc(-c2nc(C(F)(F)F)nc(N[NH+]=[N-])c2-c2ccc(Cl)cc2)cc1,,,,"MolVec 0.9.8 (git b412dd0, Maven Central)",0.13253267668187618
uspto,US07317014-20080108-C00046,CS(=O)(=O)c1ccc(-c2nc(C(F)(F)F)nc(N[NH+]=[N-])c2-c2ccc(F)cc2)cc1,,,,"MolVec 0.9.8 (git b412dd0, Maven Central)",0.12686052173376083
uspto,US07317014-20080108-C00047,[N-]=[NH+]Nc1nc(N[NH+]=[N-])c(-c2ccccc2)c(-c2ccccc2)n1,,,,"MolVec 0.9.8 (git b412dd0, Maven Central)",0.07762037962675095
uspto,US07317014-20080108-C00048,[N-]=[NH+]Nc1nc(N[NH+]=[N-])c(-c2ccc(Cl)cc2)c(-c2ccccc2)n1,,,,"MolVec 0.9.8 (git b412dd0, Maven Central)",0.08405904471874237
uspto,US07317014-20080108-C00049,NNc1nc(C(F)(F)F)nc(-c2ccccc2)c1-c1ccccc1,,,,"MolVec 0.9.8 (git b412dd0, Maven Central)",0.11079073511064053
uspto,US07317014-20080108-C00050,Cc1ccc(-c2nc(C(F)(F)F)nc(NN)c2-c2ccccc2)cc1,,,,"MolVec 0.9.8 (git b412dd0, Maven Central)",0.09693586826324463
uspto,US07317014-20080108-C00051,NNc1nc(C(F)(F)F)nc(-c2ccc(F)cc2)c1-c1ccccc1,,,,"MolVec 0.9.8 (git b412dd0, Maven Central)",0.09451824799180031
uspto,US07317014-20080108-C00052,CS(=O)(=O)c1ccc(-c2nc(C(F)(F)F)nc(NN)c2-c2ccccc2)cc1,,,,"MolVec 0.9.8 (git b412dd0, Maven Central)",0.11347698047757149
uspto,US07317014-20080108-C00053,CS(=O)(=O)c1ccc(-c2nc(C(F)(F)F)nc(NN)c2-c2ccc(Cl)cc2)cc1,,,,"MolVec 0.9.8 (git b412dd0, Maven Central)",0.15969195775687695
uspto,US07317014-20080108-C00054,CS(=O)(=O)c1ccc(-c2nc(C(F)(F)F)nc(NN)c2-c2ccc(F)cc2)cc1,,,,"MolVec 0.9.8 (git b412dd0, Maven Central)",0.14693991094827652
uspto,US07317014-20080108-C00055,NNc1nc(Cl)nc(-c2ccccc2)c1-c1ccccc1,,,,"MolVec 0.9.8 (git b412dd0, Maven Central)",0.0830787755548954
uspto,US07317014-20080108-C00056,CSc1ccc(-c2c(NN)nc(Cl)nc2-c2ccccc2)cc1,,,,"MolVec 0.9.8 (git b412dd0, Maven Central)",0.10387016832828522
uspto,US07317014-20080108-C00057,NNc1nc(NN)c(-c2ccccc2)c(-c2ccccc2)n1,,,,"MolVec 0.9.8 (git b412dd0, Maven Central)",0.11331824585795403
uspto,US07317014-20080108-C00058,CSc1ccc(-c2c(NN)nc(NN)nc2-c2ccccc2)cc1,,,,"MolVec 0.9.8 (git b412dd0, Maven Central)",0.11558305658400059
uspto,US07317014-20080108-C00059,CC(=O)NNc1nc(C(F)(F)F)nc(-c2ccccc2)c1-c1ccccc1,,,,"MolVec 0.9.8 (git b412dd0, Maven Central)",0.08103481121361256
uspto,US07317014-20080108-C00060,CC(=O)NNc1nc(C(F)(F)F)nc(-c2ccc(C)cc2)c1-c1ccccc1,,,,"MolVec 0.9.8 (git b412dd0, Maven Central)",0.11694335378706455
uspto,US07317014-20080108-C00061,CC(=O)NNc1nc(C(F)(F)F)nc(-c2ccc(F)cc2)c1-c1ccccc1,,,,"MolVec 0.9.8 (git b412dd0, Maven Central)",0.10601730272173882
uspto,US07317014-20080108-C00062,CC(=O)NNc1nc(C(F)(F)F)nc(-c2ccc(S(C)(=O)=O)cc2)c1-c1ccccc1,,,,"MolVec 0.9.8 (git b412dd0, Maven Central)",0.13051076047122478
uspto,US07317014-20080108-C00063,CC(=O)NNc1nc(C(F)(F)F)nc(-c2ccc(S(C)(=O)=O)cc2)c1-c1ccc(Cl)cc1,,,,"MolVec 0.9.8 (git b412dd0, Maven Central)",0.12879270687699318
uspto,US07317014-20080108-C00064,CC(=O)NNc1nc(C(F)(F)F)nc(-c2ccc(S(C)(=O)=O)cc2)c1-c1ccc(F)cc1,,,,"MolVec 0.9.8 (git b412dd0, Maven Central)",0.1526943575590849
uspto,US07317014-20080108-C00065,CS(=O)(=O)c1ccc(-c2nc(C(F)(F)F)nc(NNC(=O)C(F)(F)F)c2-c2ccc(Cl)cc2)cc1,,,,"MolVec 0.9.8 (git b412dd0, Maven Central)",0.12669577449560165
uspto,US07317014-20080108-C00066,O=c1nc(Cl)cc(-c2ccccc2)n1-c1ccccc1,,,,"MolVec 0.9.8 (git b412dd0, Maven Central)",0.08176212571561337
uspto,US07317016-20080108-C00010,NC(=O)c1nn(Cc2ccccc2F)c2ncccc12,,,,"MolVec 0.9.8 (git b412dd0, Maven Central)",0.14100106060504913
uspto,US07317016-20080108-C00011,N#Cc1nn(Cc2ccccc2F)c2ncccc12,,,,"MolVec 0.9.8 (git b412dd0, Maven Central)",0.1833635214716196
uspto,US07317016-20080108-C00012,[H]/N=C(\OC)c1nn(Cc2ccccc2F)c2ncccc12,,,,"MolVec 0.9.8 (git b412dd0, Maven Central)",0.1923855785280466
uspto,US07317016-20080108-C00014,COc1cnc(-c2nn(Cc3ccccc3F)c3ncccc23)nc1N,,,,"MolVec 0.9.8 (git b412dd0, Maven Central)",0.1690579056739807
uspto,US07317016-20080108-C00016,Nc1nc(-c2nn(Cc3ccccc3F)c3ncccc23)ncc1OS(=O)(=O)CCl,,,,"MolVec 0.9.8 (git b412dd0, Maven Central)",0.22235287725925446
uspto,US07317016-20080108-C00017,CS(=O)(=O)Oc1cnc(-c2nn(Cc3ccccc3F)c3ncccc23)nc1N,,,,"MolVec 0.9.8 (git b412dd0, Maven Central)",0.18099058978259563
uspto,US07317016-20080108-C00018,CCS(=O)(=O)Oc1cnc(-c2nn(Cc3ccccc3F)c3ncccc23)nc1N,,,,"MolVec 0.9.8 (git b412dd0, Maven Central)",0.17631327733397484
uspto,US07317016-20080108-C00019,Nc1nc(-c2nn(Cc3ccccc3F)c3ncccc23)ncc1OS(=O)(=O)C1CC1,,,,"MolVec 0.9.8 (git b412dd0, Maven Central)",0.21945828199386597
uspto,US07317016-20080108-C00020,CC(C)S(=O)(=O)Oc1cnc(-c2nn(Cc3ccccc3F)c3ncccc23)nc1N,,,,"MolVec 0.9.8 (git b412dd0, Maven Central)",0.1864143405109644
uspto,US07317016-20080108-C00021,CCCCCS(=O)(=O)Oc1cnc(-c2nn(Cc3ccccc3F)c3ncccc23)nc1N,,,,"MolVec 0.9.8 (git b412dd0, Maven Central)",0.22522582300007343
uspto,US07317016-20080108-C00022,Nc1nc(-c2nn(Cc3ccccc3F)c3ncccc23)ncc1OS(=O)(=O)CCCC(F)(F)F,,,,"MolVec 0.9.8 (git b412dd0, Maven Central)",0.2413343358784914
uspto,US07317016-20080108-C00023,CCCCS(=O)(=O)Oc1cnc(-c2nn(Cc3ccccc3F)c3ncccc23)nc1N,,,,"MolVec 0.9.8 (git b412dd0, Maven Central)",0.2243717983365059
uspto,US07317016-20080108-C00024,CCCS(=O)(=O)Oc1cnc(-c2nn(Cc3ccccc3F)c3ncccc23)nc1N,,,,"MolVec 0.9.8 (git b412dd0, Maven Central)",0.6516525652259588
uspto,US07317016-20080108-C00025,Nc1nc(-c2nn(Cc3ccccc3F)c3ncccc23)ncc1OS(=O)(=O)c1ccccc1,,,,"MolVec 0.9.8 (git b412dd0, Maven Central)",0.21265503577888012
uspto,US07317017-20080108-C00025,CCCn1c(=O)c2c(ncn2Cc2ccccc2)n(CCC)c1=O,,,,"MolVec 0.9.8 (git b412dd0, Maven Central)",0.1145852841436863
uspto,US07317017-20080108-C00026,CCCn1c(=O)c2c(nc(Cl)n2Cc2ccccc2)n(CCC)c1=O,,,,"MolVec 0.9.8 (git b412dd0, Maven Central)",0.13025240041315556
uspto,US07317017-20080108-C00027,CCCn1c(=O)c2c(nc(-c3ccc(O)cc3)n2Cc2ccccc2)n(CCC)c1=O,,,,"MolVec 0.9.8 (git b412dd0, Maven Central)",0.15892894938588142
uspto,US07317017-20080108-C00028,CCCn1c(=O)c2c(nc(-c3ccc(O)cc3)n2C(=O)OC(C)(C)C)n(CCC)c1=O,,,,"MolVec 0.9.8 (git b412dd0, Maven Central)",0.18097593635320663
uspto,US07317017-20080108-C00030,CCCn1c(=O)c2c(nc(-c3ccc(OCC#N)cc3)n2COCc2ccccc2)n(CCC)c1=O,,,,"MolVec 0.9.8 (git b412dd0, Maven Central)",0.17771113477647305
uspto,US07317017-20080108-C00033,CCCn1c(=O)c2[nH]c(-c3cnn(CCCc4ccccc4)c3)nc2n(CCC)c1=O,,,,"MolVec 0.9.8 (git b412dd0, Maven Central)",0.23505624197423458
uspto,US07317017-20080108-C00034,CCCn1c(=O)c2[nH]c(-c3cnn(Cc4ccccc4)c3)nc2n(CCC)c1=O,,,,"MolVec 0.9.8 (git b412dd0, Maven Central)",0.1680489480495453
uspto,US07317017-20080108-C00035,CCCn1c(=O)c2c(nc(-c3cnn(Cc4ccccc4)c3)n2CCO)n(CCC)c1=O,,,,"MolVec 0.9.8 (git b412dd0, Maven Central)",0.2034607008099556
uspto,US07317017-20080108-C00036,COc1ccccc1-c1nc(COc2ccc(C(=O)O)cc2)no1,,,,"MolVec 0.9.8 (git b412dd0, Maven Central)",0.09421711415052414
uspto,US07317017-20080108-C00042,CCCCn1c(=O)cc(N)[nH]c1=O,,,,"MolVec 0.9.8 (git b412dd0, Maven Central)",0.10991702787578106
uspto,US07317017-20080108-C00043,CCCCn1c(=O)[nH]c(N)c(NO)c1=O,,,,"MolVec 0.9.8 (git b412dd0, Maven Central)",0.1266133263707161
uspto,US07317017-20080108-C00044,CCCCn1c(=O)[nH]c(N)c(N)c1=O,,,,"MolVec 0.9.8 (git b412dd0, Maven Central)",0.14594987966120243
uspto,US07317017-20080108-C00045,CCCCn1c(=O)[nH]c2nc(-c3cnn(Cc4ccccc4)c3)[nH]c2c1=O,,,,"MolVec 0.9.8 (git b412dd0, Maven Central)",0.21879000030457973
uspto,US07317017-20080108-C00046,Nc1cc(=O)[nH]c(=O)n1Cc1ccccc1,,,,"MolVec 0.9.8 (git b412dd0, Maven Central)",0.17940033972263336
uspto,US07317017-20080108-C00047,Nc1c(NO)c(=O)[nH]c(=O)n1Cc1ccccc1,,,,"MolVec 0.9.8 (git b412dd0, Maven Central)",0.19792482629418373
uspto,US07317017-20080108-C00048,Nc1c(N)n(Cc2ccccc2)c(=O)[nH]c1=O,,,,"MolVec 0.9.8 (git b412dd0, Maven Central)",0.15700356848537922
uspto,US07317017-20080108-C00049,O=c1[nH]c(=O)n(Cc2ccccc2)c2nc(-c3cnn(Cc4ccccc4)c3)[nH]c12,,,,"MolVec 0.9.8 (git b412dd0, Maven Central)",0.2522879932075739
uspto,US07317017-20080108-C00050,CCCCn1c(=O)cc(/N=C/N(C)C)n(C)c1=O,,,,"MolVec 0.9.8 (git b412dd0, Maven Central)",0.12806379608809948
uspto,US07317017-20080108-C00051,CCCCn1c(=O)cc(N)n(C)c1=O,,,,"MolVec 0.9.8 (git b412dd0, Maven Central)",0.11603490822017193
uspto,US07317017-20080108-C00052,CCCCn1c(=O)c2[nH]c(-c3cnn(Cc4cccc(F)c4)c3)nc2n(C)c1=O,,,,"MolVec 0.9.8 (git b412dd0, Maven Central)",0.16224907152354717
uspto,US07317022-20080108-C00012,CC(C)n1c(=O)n(C(=O)N[C@H]2C[C@H]3CC[C@@H](C2)N3CC(O)CN2CCN(S(C)(=O)=O)CC2)c2ccccc21,,,,"MolVec 0.9.8 (git b412dd0, Maven Central)",0.220325268805027
uspto,US07317022-20080108-C00034,CC(C)n1c(=O)n(C(=O)NC2CCN(CC(O)CN3CCN(S(C)(=O)=O)CC3)[C@H](C)C2)c2ccccc21,,,,"MolVec 0.9.8 (git b412dd0, Maven Central)",0.17416417598724365
uspto,US07317022-20080108-C00035,CC(C)n1c(=O)n(C(=O)NC2CC3CCC(C2)N3CC(O)CN2CCN(C(=O)C3CCCO3)CC2)c2ccccc21,,,,"MolVec 0.9.8 (git b412dd0, Maven Central)",0.16573888435959816
uspto,US07317022-20080108-C00036,CC(=O)N1CCN(CC(O)CN2C3=CC24CC(NC(=O)n2c(=O)n(C(C)C)c5ccccc52)C34)CC1,,,,"MolVec 0.9.8 (git b412dd0, Maven Central)",0.21912795305252075
uspto,US07317022-20080108-C00037,CC(C)n1c(=O)n(C(=O)NC2CC3CCC(C2)N3CC(O)CN(C)C2CCS(=O)(=O)C2)c2ccccc21,,,,"MolVec 0.9.8 (git b412dd0, Maven Central)",0.20079765655100346
uspto,US07317022-20080108-C00038,CC(C)n1c(=O)n(C(=O)NC2CC3CCC(C2)N3C[C@@H](O)CN2CCN(S(C)(=O)=O)CC2)c2ccccc21,,,,"MolVec 0.9.8 (git b412dd0, Maven Central)",0.18214468471705914
uspto,US07317022-20080108-C00039,CC(C)n1c(=O)n(C(=O)NC2CC34C=C(C23)N4C[C@H](O)CN2CCN(S(C)(=O)=O)CC2)c2ccccc21,,,,"MolVec 0.9.8 (git b412dd0, Maven Central)",0.22729532606899738
uspto,US07317022-20080108-C00040,CC(=O)N1CCN(C[C@H](O)CN2C3=CC24CC(NC(=O)n2c(=O)n(C(C)C)c5ccccc52)C34)CC1,,,,"MolVec 0.9.8 (git b412dd0, Maven Central)",0.19878008589148521
uspto,US07317022-20080108-C00041,CC(=O)N1CCN(C[C@@H](O)CN2C3=CC24CC(NC(=O)n2c(=O)n(C(C)C)c5ccccc52)C34)CC1,,,,"MolVec 0.9.8 (git b412dd0, Maven Central)",0.19900433719158173
uspto,US07317022-20080108-C00042,CC=[SH]12CC(NC(=O)n3c(=O)n(C(C)C)c4ccccc43)CC1N2C[C@@H](O)CN1CCN(C(=O)[C@H]2CCCO2)CC1,,,,"MolVec 0.9.8 (git b412dd0, Maven Central)",0.20292947255074978
uspto,US07317022-20080108-C00043,CC(C)n1c(=O)n(C(=O)NC2CC3CC[C@H](C2)N3C[C@@H](O)CN2CCN(C(=O)[C@@H]3CCCO3)CC2)c2ccccc21,,,,"MolVec 0.9.8 (git b412dd0, Maven Central)",0.1858374010771513
uspto,US07317022-20080108-C00044,CC(=O)N(C)C[C@H](O)CN1C2CCC1CC(NC(=O)n1c(=O)n(C(C)C)c3ccccc31)C2,,,,"MolVec 0.9.8 (git b412dd0, Maven Central)",0.24179590307176113
uspto,US07317022-20080108-C00045,CC(C)n1c(=O)n(C(=O)NC2CC3CCC(C2)N3C[C@@H](O)CN(C)S(=O)(=O)c2cn(C)cn2)c2ccccc21,,,,"MolVec 0.9.8 (git b412dd0, Maven Central)",0.23120501451194286
uspto,US07317022-20080108-C00046,CC(C)n1c(=O)n(C(=O)NC2CC3CCC(C2)N3C[C@@H](O)CN(C)C(N)=O)c2ccccc21,,,,"MolVec 0.9.8 (git b412dd0, Maven Central)",0.22957906499505043
uspto,US07317022-20080108-C00047,CC(C)n1c(=O)n(C(=O)NC2CC3CC[C@H](C2)N3CC(O)CN(C)S(=O)(=O)c2cn(C)cn2)c2ccccc21,,,,"MolVec 0.9.8 (git b412dd0, Maven Central)",0.2615595404058695
uspto,US07317022-20080108-C00048,CC(C)n1c(=O)n(C(=O)NC2CC3CCC(C2)N3CC(O)CN(C)C(N)=O)c2ccccc21,,,,"MolVec 0.9.8 (git b412dd0, Maven Central)",0.23124654218554497
uspto,US07317022-20080108-C00049,CC(C)n1c(=O)n(C(=O)NC2CC3CCC(C2)N3CC(O)CN(C)C=O)c2ccccc21,,,,"MolVec 0.9.8 (git b412dd0, Maven Central)",0.21829617768526077
uspto,US07317022-20080108-C00051,CCN(C(C)=O)C1CCN(C(C)(C)C)C1,,,,"MolVec 0.9.8 (git b412dd0, Maven Central)",0.22118951939046383
uspto,US07317022-20080108-C00052,CN(C1CCS(=O)(=O)CC1)C(C)(C)C,,,,"MolVec 0.9.8 (git b412dd0, Maven Central)",0.1657979805022478
uspto,US07317022-20080108-C00053,C.CC.CN(C1CCNC1)S(C)(=O)=O,,,,"MolVec 0.9.8 (git b412dd0, Maven Central)",0.20040414854884148
uspto,US07317022-20080108-C00054,CC.CC(=O)N(C)C1CCN(C)C1,,,,"MolVec 0.9.8 (git b412dd0, Maven Central)",0.28206590563058853
uspto,US07317022-20080108-C00063,CCN1CCC(N2CCCS2(=O)=O)C1,,,,"MolVec 0.9.8 (git b412dd0, Maven Central)",0.21783208474516869
uspto,US07317022-20080108-C00068,CN(C(C)(C)C)S(=O)(=O)c1cn(C)cn1,,,,"MolVec 0.9.8 (git b412dd0, Maven Central)",0.13409926928579807
uspto,US07317023-20080108-C00021,COc1ccc(Oc2ccc(NC[C@H](O)c3ccc(O)c4[nH]c(=O)ccc34)cc2)cc1-c1ccccc1,,,,"MolVec 0.9.8 (git b412dd0, Maven Central)",0.19113503582775593
uspto,US07317023-20080108-C00022,O=c1ccc2c([C@@H](O)CNc3ccc(Oc4cccc(-c5ccccc5)c4)cc3)ccc(O)c2[nH]1,,,,"MolVec 0.9.8 (git b412dd0, Maven Central)",0.2463984563946724
uspto,US07317024-20080108-C00022,O=C(NC1CCN(CCCCC2(C(=O)NCC(F)(F)F)c3ccccc3-c3ccccc32)CC1)c1ccccc1-c1ccc(C(F)(F)F)cc1,,,,"MolVec 0.9.8 (git b412dd0, Maven Central)",0.34287545271217823
uspto,US07317024-20080108-C00030,CC1(C(=O)Nc2nc(-c3ccc(F)c4ccccc34)c[nH]2)CC2c3ccccc3C1c1cccc(C(N)=O)c12,,,,"MolVec 0.9.8 (git b412dd0, Maven Central)",0.22564994730055332
uspto,US07317024-20080108-C00034,CC1(C(=O)Nc2nc(-c3ccc(F)c4ccccc34)cs2)CC2c3ccccc3C1c1cccc(C(N)=O)c12,,,,"MolVec 0.9.8 (git b412dd0, Maven Central)",0.2140301801264286
uspto,US07317024-20080108-C00044,CC1(C(=O)Nc2nc(-c3ccc(F)c4ccccc34)cs2)CC2c3ccccc3C1c1cccc(C#N)c12,,,,"MolVec 0.9.8 (git b412dd0, Maven Central)",0.27234792709350586
uspto,US07317024-20080108-C00045,CC1(C(=O)Nc2nc(-c3ccc(F)c4ccccc34)cs2)CC2c3ccccc3C1c1cccc(CN)c12,,,,"MolVec 0.9.8 (git b412dd0, Maven Central)",0.27445521019399166
uspto,US07317025-20080108-C00012,O=C(/C=C/c1ccccc1)N(c1ccc2c(c1)NCC2)C1CCN(Cc2ccccc2)CC1,,,,"MolVec 0.9.8 (git b412dd0, Maven Central)",0.1668223887681961
uspto,US07317025-20080108-C00013,O=CN1CCc2ccc(N(C(=O)/C=C/c3ccccc3)C3CCN(Cc4ccccc4)CC3)cc21,,,,"MolVec 0.9.8 (git b412dd0, Maven Central)",0.17467362992465496
uspto,US07317025-20080108-C00014,CC(=O)CC(=O)N1CCc2ccc(N(C(=O)/C=C/c3ccccc3)C3CCN(Cc4ccccc4)CC3)cc21,,,,"MolVec 0.9.8 (git b412dd0, Maven Central)",0.19124501757323742
uspto,US07317025-20080108-C00015,CCOC(=O)C(=O)N1CCc2ccc(N(C(=O)/C=C/c3ccccc3)C3CCN(Cc4ccccc4)CC3)cc21,,,,"MolVec 0.9.8 (git b412dd0, Maven Central)",0.18260269239544868
uspto,US07317025-20080108-C00016,CN1CCc2ccc(N(C(=O)/C=C/c3ccccc3)C3CCN(Cc4ccccc4)CC3)cc21,,,,"MolVec 0.9.8 (git b412dd0, Maven Central)",0.28187260404229164
uspto,US07317025-20080108-C00017,CS(=O)(=O)N1CCc2ccc(N(C(=O)/C=C/c3ccccc3)C3CCN(Cc4ccccc4)CC3)cc21,,,,"MolVec 0.9.8 (git b412dd0, Maven Central)",0.17600463144481182
uspto,US07317025-20080108-C00018,O=C(/C=C/c1ccccc1)N(c1ccc2c(c1)N(C(=O)C(F)(F)F)CC2)C1CCN(Cc2ccccc2)CC1,,,,"MolVec 0.9.8 (git b412dd0, Maven Central)",0.19571860320866108
uspto,US07317025-20080108-C00019,CC(=O)N1CCCc2ccc(N(C(=O)/C=C/c3ccccc3)C3CCN(Cc4ccccc4)CC3)cc21,,,,"MolVec 0.9.8 (git b412dd0, Maven Central)",0.15687719359993935
uspto,US07317025-20080108-C00020,O=C1Cc2ccc(N(C(=O)/C=C/c3ccccc3)C3CCN(Cc4ccccc4)CC3)cc2N1,,,,"MolVec 0.9.8 (git b412dd0, Maven Central)",0.2546505555510521
uspto,US07317025-20080108-C00022,CC(=O)N1CCc2ccc(N(C(=O)CCc3ccccc3)C3CCN(Cc4ccccc4)CC3)cc21,,,,"MolVec 0.9.8 (git b412dd0, Maven Central)",0.1868279781192541
uspto,US07317025-20080108-C00023,CC(=O)N1CCc2ccc(N(C(=O)C3CC3c3ccccc3)C3CCN(Cc4ccccc4)CC3)cc21,,,,"MolVec 0.9.8 (git b412dd0, Maven Central)",0.2068699486553669
uspto,US07317025-20080108-C00024,CC(=O)N1CCc2ccc(N(C/C=C/c3ccccc3)C3CCN(Cc4ccccc4)CC3)cc21,,,,"MolVec 0.9.8 (git b412dd0, Maven Central)",0.16685837134718895
uspto,US07317025-20080108-C00025,CC(=O)N1CCc2ccc(N(C3CCN(Cc4ccccc4)CC3)S(=O)(=O)/C=C/c3ccccc3)cc21,,,,"MolVec 0.9.8 (git b412dd0, Maven Central)",0.3330974616110325
uspto,US07317025-20080108-C00026,CC(=O)N1CCc2ccc(N(C(=O)C#Cc3ccccc3)C3CCN(Cc4ccccc4)CC3)cc21,,,,"MolVec 0.9.8 (git b412dd0, Maven Central)",0.18076198175549507
uspto,US07317025-20080108-C00027,CC(=O)N1CCc2ccc(N(C(=O)/C=C\c3ccccc3)C3CCN(Cc4ccccc4)CC3)cc21,,,,"MolVec 0.9.8 (git b412dd0, Maven Central)",0.19937178492546082
uspto,US07317025-20080108-C00028,CC(=O)N1CCc2ccc(N(C(=O)/C=C/C=C/c3ccccc3)C3CCN(Cc4ccccc4)CC3)cc21,,,,"MolVec 0.9.8 (git b412dd0, Maven Central)",0.2093462385237217
uspto,US07317025-20080108-C00029,C=CC(=O)N(c1ccc2c(c1)N(C(C)=O)CC2)C1CCN(Cc2ccccc2)CC1,,,,"MolVec 0.9.8 (git b412dd0, Maven Central)",0.12233862839639187
uspto,US07317025-20080108-C00030,CC(=O)N1CCc2ccc(N(C(=O)/C=C/c3ccsc3)C3CCN(Cc4ccccc4)CC3)cc21,,,,"MolVec 0.9.8 (git b412dd0, Maven Central)",0.26724125631153584
uspto,US07317025-20080108-C00031,CC(=O)N1CCc2ccc(N(C(=O)/C=C/c3ccccn3)C3CCN(Cc4ccccc4)CC3)cc21,,,,"MolVec 0.9.8 (git b412dd0, Maven Central)",0.15752380527555943
uspto,US07317025-20080108-C00032,CC(=O)N1CCc2ccc(N(C(=O)/C=C/c3cccnc3)C3CCN(Cc4ccccc4)CC3)cc21,,,,"MolVec 0.9.8 (git b412dd0, Maven Central)",0.16753682307898998
uspto,US07317025-20080108-C00033,CC(=O)N1CCc2ccc(N(C(=O)/C=C/c3ccncc3)C3CCN(Cc4ccccc4)CC3)cc21,,,,"MolVec 0.9.8 (git b412dd0, Maven Central)",0.192795654758811
uspto,US07317025-20080108-C00035,CC(=O)N1CCc2ccc(N(C(=O)/C=C/c3ncc[nH]3)C3CCN(Cc4ccccc4)CC3)cc21,,,,"MolVec 0.9.8 (git b412dd0, Maven Central)",0.20237436890602112
uspto,US07317025-20080108-C00036,CC(=O)N1CCc2ccc(N(C(=O)/C=C/c3ccc(C(F)(F)F)cc3)C3CCN(Cc4ccccc4)CC3)cc21,,,,"MolVec 0.9.8 (git b412dd0, Maven Central)",0.18043043464422226
uspto,US07317025-20080108-C00037,CC(=O)N1CCc2ccc(N(C(=O)/C=C/c3cccc(C(F)(F)F)c3)C3CCN(Cc4ccccc4)CC3)cc21,,,,"MolVec 0.9.8 (git b412dd0, Maven Central)",0.20330707356333733
uspto,US07317025-20080108-C00038,CC(=O)N1CCc2ccc(N(C(=O)/C=C/c3ccccc3C(F)(F)F)C3CCN(Cc4ccccc4)CC3)cc21,,,,"MolVec 0.9.8 (git b412dd0, Maven Central)",0.21913301572203636
uspto,US07317025-20080108-C00039,CC(=O)N1CCc2ccc(N(C(=O)/C=C/c3cccc(Br)c3)C3CCN(Cc4ccccc4)CC3)cc21,,,,"MolVec 0.9.8 (git b412dd0, Maven Central)",0.45575569570064545
uspto,US07317025-20080108-C00040,CC(=O)N1CCc2ccc(N(C(=O)/C=C/c3cccc(F)c3)C3CCN(Cc4ccccc4)CC3)cc21,,,,"MolVec 0.9.8 (git b412dd0, Maven Central)",0.18670483492314816
uspto,US07317025-20080108-C00041,CC(=O)N1CCc2ccc(N(C(=O)/C=C/c3cccc(Cl)c3)C3CCN(Cc4ccccc4)CC3)cc21,,,,"MolVec 0.9.8 (git b412dd0, Maven Central)",0.18811449594795704
uspto,US07317025-20080108-C00042,CC(=O)N1CCc2ccc(N(C(=O)/C=C/c3cccc(C)c3)C3CCN(Cc4ccccc4)CC3)cc21,,,,"MolVec 0.9.8 (git b412dd0, Maven Central)",0.22438365779817104
uspto,US07317025-20080108-C00043,CC(=O)N1CCc2ccc(N(C(=O)/C=C/c3cccc([N+](=O)[O-])c3)C3CCN(Cc4ccccc4)CC3)cc21,,,,"MolVec 0.9.8 (git b412dd0, Maven Central)",0.19209248386323452
uspto,US07317025-20080108-C00044,CC(=O)N1CCc2ccc(N(C(=O)/C=C/c3cccc(C#N)c3)C3CCN(Cc4ccccc4)CC3)cc21,,,,"MolVec 0.9.8 (git b412dd0, Maven Central)",0.2031945288181305
uspto,US07317025-20080108-C00045,CC(=O)N1CCc2ccc(N(C(=O)/C=C/c3cccc(S(=O)C(F)(F)F)c3)C3CCN(Cc4ccccc4)CC3)cc21,,,,"MolVec 0.9.8 (git b412dd0, Maven Central)",0.19299909844994545
uspto,US07317025-20080108-C00046,CC(=O)N1CCc2ccc(N(C(=O)/C=C/c3cc(F)cc(F)c3)C3CCN(Cc4ccccc4)CC3)cc21,,,,"MolVec 0.9.8 (git b412dd0, Maven Central)",0.2436401415616274
uspto,US07317025-20080108-C00047,CC(=O)N1CCc2ccc(N(C(=O)/C=C/c3cc(C)cc(C)c3)C3CCN(Cc4ccccc4)CC3)cc21,,,,"MolVec 0.9.8 (git b412dd0, Maven Central)",0.21920956298708916
uspto,US07317025-20080108-C00048,CC(=O)N1CCc2ccc(N(C(=O)/C=C/c3cc(Cl)cc(Cl)c3)C3CCN(Cc4ccccc4)CC3)cc21,,,,"MolVec 0.9.8 (git b412dd0, Maven Central)",0.18457419611513615
uspto,US07317025-20080108-C00049,CC(=O)N1CCc2ccc(N(C(=O)/C=C/c3ccccc3)C3CCN(C(=O)c4ccccc4)CC3)cc21,,,,"MolVec 0.9.8 (git b412dd0, Maven Central)",0.17164628952741623
uspto,US07317025-20080108-C00051,CC(=O)N1CCc2ccc(N(C(=O)/C=C/c3ccccc3)C3CCN(CCCc4ccccc4)CC3)cc21,,,,"MolVec 0.9.8 (git b412dd0, Maven Central)",0.19400519132614136
uspto,US07317025-20080108-C00054,CC(=O)N1CCc2ccc(N(C(=O)/C=C/c3ccccc3)C3CCN(CCC4CCCC4)CC3)cc21,,,,"MolVec 0.9.8 (git b412dd0, Maven Central)",0.22842431627213955
uspto,US07317025-20080108-C00055,CC(=O)N1CCc2ccc(N(C(=O)/C=C/c3ccccc3)C3CCCN(Cc4ccccc4)C3)cc21,,,,"MolVec 0.9.8 (git b412dd0, Maven Central)",0.15915489755570889
uspto,US07317025-20080108-C00056,CC(=O)N1CCc2ccc(N(C(=O)/C=C/c3ccccc3)C3CCN(Cc4ccccc4)C3)cc21,,,,"MolVec 0.9.8 (git b412dd0, Maven Central)",0.2335627432912588
uspto,US07317025-20080108-C00057,CC(=O)N1CCc2ccc(N(CCCNCc3ccccc3)C(=O)/C=C/c3ccccc3)cc21,,,,"MolVec 0.9.8 (git b412dd0, Maven Central)",0.17647585086524487
uspto,US07317025-20080108-C00058,C=CCN(CCCN(C(=O)/C=C/c1ccccc1)c1ccc2c(c1)N(C(C)=O)CC2)Cc1ccccc1,,,,"MolVec 0.9.8 (git b412dd0, Maven Central)",0.17731010727584362
uspto,US07317025-20080108-C00059,CC(=O)N1CCc2ccc(N(C(=O)/C=C/c3ccc(Cl)cc3)C3CCN(CCC4CCCCC4)CC3)cc21,,,,"MolVec 0.9.8 (git b412dd0, Maven Central)",0.2053048424422741
uspto,US07317025-20080108-C00060,CC(=O)N1CCc2ccc(N(C(=O)/C=C/c3cccc([N+](=O)[O-])c3)C3CCN(CCC4CCCCC4)CC3)cc21,,,,"MolVec 0.9.8 (git b412dd0, Maven Central)",0.40457627549767494
uspto,US07317025-20080108-C00061,CC(=O)N1CCc2ccc(N(C(=O)/C=C/c3ccc(Cl)cc3)C3CCN(CCC4CCCC4)CC3)cc21,,,,"MolVec 0.9.8 (git b412dd0, Maven Central)",0.5500011872500181
uspto,US07317025-20080108-C00062,CC(=O)N1CCc2ccc(N(C(=O)/C=C/c3cccc([N+](=O)[O-])c3)C3CCN(CCC4CCCC4)CC3)cc21,,,,"MolVec 0.9.8 (git b412dd0, Maven Central)",0.23122566938400269
uspto,US07317025-20080108-C00063,CC(=O)N1CCc2ccc(N(C(=O)/C=C/c3cccc(C#N)c3)C3CCN(CCC4CCCC4)CC3)cc21,,,,"MolVec 0.9.8 (git b412dd0, Maven Central)",0.27572535537183285
uspto,US07317025-20080108-C00064,CC(=O)N1CCc2ccc(N(C(=O)/C=C/c3ccc(Cl)cc3)C3CCN(Cc4ccccc4)CC3)cc21,,,,"MolVec 0.9.8 (git b412dd0, Maven Central)",0.21352016925811768
uspto,US07317025-20080108-C00065,COC(=O)C(c1ccccc1)N1CCC(N(C(=O)/C=C/c2ccccc2)c2ccc3c(c2)N(C(C)=O)CC3)CC1,,,,"MolVec 0.9.8 (git b412dd0, Maven Central)",0.2119994070380926
uspto,US07317025-20080108-C00066,CCNC(=O)C(c1ccccc1)N1CCC(N(C(=O)/C=C/c2ccccc2)c2ccc3c(c2)N(C(C)=O)CC3)CC1,,,,"MolVec 0.9.8 (git b412dd0, Maven Central)",0.20871109515428543
uspto,US07317026-20080108-C00013,CCOCC(O)COCC,,,,"MolVec 0.9.8 (git b412dd0, Maven Central)",0.35958808846771717
uspto,US07317026-20080108-C00035,CCCC(=O)[C@H](CS)NCCN1CCC(C(c2ccccc2)c2ccccc2)CC1,,,,"MolVec 0.9.8 (git b412dd0, Maven Central)",0.11321086250245571
uspto,US07317026-20080108-C00037,CCOC(=O)c1ccc(C(CCN(C)C)c2ccccn2)cc1,,,,"MolVec 0.9.8 (git b412dd0, Maven Central)",0.10950661264359951
uspto,US07317026-20080108-C00040,CCCC(=O)[C@H](CS)Nc1ccc(C(CCN(C)C)c2ccccn2)cc1,,,,"MolVec 0.9.8 (git b412dd0, Maven Central)",0.1403938326984644
uspto,US07317026-20080108-C00041,Cc1ccc(/C(=C\CN2CCCC2)c2cccc(/C=C/C(=O)O)n2)cc1,,,,"MolVec 0.9.8 (git b412dd0, Maven Central)",0.24816160462796688
uspto,US07317026-20080108-C00042,CCO[H](=O)/C=C/C1=NC(/C(=C/CN2CCCC2)C2=CC=C(C)C=C2)=CC=C1,,,,"MolVec 0.9.8 (git b412dd0, Maven Central)",0.2319118119776249
uspto,US07317026-20080108-C00044,CCOC(=O)CCN1CCC(C2c3ccccc3COc3ccccc32)CC1,,,,"MolVec 0.9.8 (git b412dd0, Maven Central)",0.20666038803756237
uspto,US07317026-20080108-C00047,CCCC(=O)[C@H](CS)NCCN1CCC(C2c3ccccc3COc3ccccc32)CC1,,,,"MolVec 0.9.8 (git b412dd0, Maven Central)",0.21884544007480145
uspto,US07317026-20080108-C00048,Cc1ccc(/C(=C\CN2CCCC2)c2cccc(CCC(=O)O)n2)cc1,,,,"MolVec 0.9.8 (git b412dd0, Maven Central)",0.1626010276377201
uspto,US07317026-20080108-C00049,CCO[H](=O)CCC1=NC(/C(=C/CN2CCCC2)C2=CC=C(C)C=C2)=CC=C1,,,,"MolVec 0.9.8 (git b412dd0, Maven Central)",0.15077312290668488
uspto,US07317026-20080108-C00060,CCOC(=O)CN1CCC(C(c2ccccc2)c2ccccc2)CC1,,,,"MolVec 0.9.8 (git b412dd0, Maven Central)",0.1277442593127489
uspto,US07317026-20080108-C00065,CCO[H](=O)/C=C/C1=NC(/C(=C\CN2CCCC2)C2=CC=C(C)C=C2)=CC=C1,,,,"MolVec 0.9.8 (git b412dd0, Maven Central)",0.162286926060915
uspto,US07317026-20080108-C00068,Cc1ccc(/C(=C\CN2CCCC2)c2cccc(C(=O)O)n2)cc1,,,,"MolVec 0.9.8 (git b412dd0, Maven Central)",0.3216086272150278
uspto,US07317026-20080108-C00069,CCO[H](=O)C1=NC(/C(=C/CN2CCCC2)C2=CC=C(C)C=C2)=CC=C1,,,,"MolVec 0.9.8 (git b412dd0, Maven Central)",0.6328590400516987
uspto,US07317026-20080108-C00083,CCCC(=O)[C@H](CS)NCN1CCC(C(c2ccccc2)c2ccccc2)CC1,,,,"MolVec 0.9.8 (git b412dd0, Maven Central)",0.1285102479159832
uspto,US07317026-20080108-C00085,CCOC(=O)CCN1CCC(C(c2ccccc2)c2ccccc2)CC1,,,,"MolVec 0.9.8 (git b412dd0, Maven Central)",0.12558556348085403
uspto,US07317026-20080108-C00087,CC(C)(CN1CCC(=C2c3ccccc3COc3ccccc32)CC1)C(=O)O,,,,"MolVec 0.9.8 (git b412dd0, Maven Central)",0.14334335550665855
uspto,US07317026-20080108-C00088,CC(C)(CC(=O)O)CN1CCC(=C2c3ccccc3COc3ccccc32)CC1,,,,"MolVec 0.9.8 (git b412dd0, Maven Central)",0.2606970202177763
uspto,US07317026-20080108-C00091,CC(C)(CN1CCC(=C2c3ccc(C(F)(F)F)cc3COc3ccccc32)CC1)C(=O)O,,,,"MolVec 0.9.8 (git b412dd0, Maven Central)",0.1363094374537468
uspto,US07317026-20080108-C00092,CC(C)(CN1CCC(=C2c3ccccc3COc3ccc(CCO)cc32)CC1)C(=O)O,,,,"MolVec 0.9.8 (git b412dd0, Maven Central)",0.23429989255964756
uspto,US07317026-20080108-C00093,CCO[H](=O)CN1CCC(=C2C3=CC=CC=C3OCC3=C2C=CC=C3)CC1,,,,"MolVec 0.9.8 (git b412dd0, Maven Central)",0.2624783627688885
uspto,US07317026-20080108-C00100,CC(C)(CCN1CCC(=C2c3ccc(C(F)(F)F)cc3COc3ccccc32)CC1)C(=O)O,,,,"MolVec 0.9.8 (git b412dd0, Maven Central)",0.18792679719626904
uspto,US07317026-20080108-C00101,Cc1ccc2c(c1)COc1ccccc1C2=C1CCN(CC(C)(C)C(=O)O)CC1,,,,"MolVec 0.9.8 (git b412dd0, Maven Central)",0.143904322758317
uspto,US07317026-20080108-C00102,O=C(O)CCN1CCC(=C2c3ccccc3COc3ccc(CCO)cc32)CC1,,,,"MolVec 0.9.8 (git b412dd0, Maven Central)",0.1887673046439886
uspto,US07317026-20080108-C00105,O=C(O)CCN1CCC(=C2c3ccccc3COc3ccccc32)CC1,,,,"MolVec 0.9.8 (git b412dd0, Maven Central)",0.23389026150107384
uspto,US07317026-20080108-C00106,CC(C)(CC(=O)O)N1CCC(=C2c3ccccc3COc3ccccc32)CC1,,,,"MolVec 0.9.8 (git b412dd0, Maven Central)",0.14468236826360226
uspto,US07317026-20080108-C00107,CC(C)(CCC(=O)O)N1CCC(=C2c3ccccc3COc3ccccc32)CC1,,,,"MolVec 0.9.8 (git b412dd0, Maven Central)",0.14143204130232334
uspto,US07317026-20080108-C00110,CC(C)(CN1CCC(=C2c3ccc(Cl)cc3COc3ccccc32)CC1)C(=O)O,,,,"MolVec 0.9.8 (git b412dd0, Maven Central)",0.13091670162975788
uspto,US07317026-20080108-C00112,CC(C)(CN1CCC(=C2c3ccccc3COc3ccc(O)cc32)CC1)C(=O)O,,,,"MolVec 0.9.8 (git b412dd0, Maven Central)",0.21810364536941051
uspto,US07317026-20080108-C00113,O=C(O)CCN1CCC(=C2c3ccccc3COc3ccc(O)cc32)CC1,,,,"MolVec 0.9.8 (git b412dd0, Maven Central)",0.17679351195693016
uspto,US07317026-20080108-C00116,O=C(O)CN1CCC(=C2c3ccccc3COc3ccccc32)CC1,,,,"MolVec 0.9.8 (git b412dd0, Maven Central)",0.14786305837333202
uspto,US07317026-20080108-C00117,O=C(CCN1CCC(OC(c2ccccc2)c2ccccc2)CC1)OC1CCOCC1,,,,"MolVec 0.9.8 (git b412dd0, Maven Central)",0.19731898047029972
uspto,US07317026-20080108-C00120,O=C(O)CN1CCC(OC(c2ccccc2)c2ccccc2)CC1,,,,"MolVec 0.9.8 (git b412dd0, Maven Central)",0.09994637779891491
uspto,US07317026-20080108-C00123,CC(C)(CN1CCC(=C2c3ccc(Cl)cc3COc3ccc(CCO)cc32)CC1)C(=O)O,,,,"MolVec 0.9.8 (git b412dd0, Maven Central)",0.26163374073803425
uspto,US07317026-20080108-C00129,O=C(CN1CCC(OC(c2ccccc2)c2ccccc2)CC1)OC1CCOCC1,,,,"MolVec 0.9.8 (git b412dd0, Maven Central)",0.18288657255470753
uspto,US07317026-20080108-C00130,O=C(CN1CCC(=C(c2ccccc2)c2ccccc2)CC1)NC1CCCC1,,,,"MolVec 0.9.8 (git b412dd0, Maven Central)",0.15010866150259972
uspto,US07317026-20080108-C00135,O=C(O)CCCN1CCC(=C2c3ccccc3COc3ccccc32)CC1,,,,"MolVec 0.9.8 (git b412dd0, Maven Central)",0.15826565958559513
uspto,US07317026-20080108-C00139,CC(C)NC(=O)CN1CCC(=C(c2ccccc2)c2ccccc2)CC1,,,,"MolVec 0.9.8 (git b412dd0, Maven Central)",0.46416729129850864
uspto,US07317028-20080108-C00050,Cc1cccc([N+](=O)[O-])c1,,,,"MolVec 0.9.8 (git b412dd0, Maven Central)",0.3474813178181648
uspto,US07317028-20080108-C00088,CNC(=O)c1ccc(C)cc1,,,,"MolVec 0.9.8 (git b412dd0, Maven Central)",0.4406663440167904
uspto,US07317028-20080108-C00090,CC(=O)Nc1ccc(C)cc1,,,,"MolVec 0.9.8 (git b412dd0, Maven Central)",0.07387363351881504
uspto,US07317028-20080108-C00092,CC(=O)c1ccc(C)cc1,,,,"MolVec 0.9.8 (git b412dd0, Maven Central)",0.031207486987113953
uspto,US07317028-20080108-C00101,Cc1ccc(OC(F)(F)F)cc1,,,,"MolVec 0.9.8 (git b412dd0, Maven Central)",0.025484353303909302
uspto,US07317028-20080108-C00105,Cc1ccc(C(C)(O)O)cc1,,,,"MolVec 0.9.8 (git b412dd0, Maven Central)",0.035356782376766205
uspto,US07317028-20080108-C00107,Cc1ccc(-n2ccnc2)cc1,,,,"MolVec 0.9.8 (git b412dd0, Maven Central)",0.08230993710458279
uspto,US07317028-20080108-C00137,CCN(C)C(=O)c1ccccc1,,,,"MolVec 0.9.8 (git b412dd0, Maven Central)",0.0380256250500679
uspto,US07317028-20080108-C00205,CC(=O)N(C)CC(C)Cc1cccnc1,,,,"MolVec 0.9.8 (git b412dd0, Maven Central)",0.05938615836203098
uspto,US07317028-20080108-C00245,CCN(CC)C(=O)c1cccnc1,,,,"MolVec 0.9.8 (git b412dd0, Maven Central)",0.0483829490840435
uspto,US07317028-20080108-C00248,CCN(CC)C(=O)C(F)(F)F,,,,"MolVec 0.9.8 (git b412dd0, Maven Central)",0.06314590945839882
uspto,US07317028-20080108-C00277,COC(=O)N(C)C[C@H](C)Cc1cccnc1,,,,"MolVec 0.9.8 (git b412dd0, Maven Central)",0.1062751580029726
uspto,US07317028-20080108-C00379,CCOc1cncc(C)c1,,,,"MolVec 0.9.8 (git b412dd0, Maven Central)",0.07389398105442524
uspto,US07317028-20080108-C00470,Cc1cc(-c2ccccc2)no1,,,,"MolVec 0.9.8 (git b412dd0, Maven Central)",0.043424054980278015
uspto,US07317028-20080108-C00516,Cc1cc2ncccc2o1,,,,"MolVec 0.9.8 (git b412dd0, Maven Central)",0.05578658729791641
uspto,US07317028-20080108-C00522,Cc1cc2ccncc2s1,,,,"MolVec 0.9.8 (git b412dd0, Maven Central)",0.05271347984671593
uspto,US07317028-20080108-C00524,Cc1cc2ccncc2[nH]1,,,,"MolVec 0.9.8 (git b412dd0, Maven Central)",0.03857133910059929
uspto,US07317028-20080108-C00526,Cc1cc2ccc(N)cc2o1,,,,"MolVec 0.9.8 (git b412dd0, Maven Central)",0.05132824182510376
uspto,US07317028-20080108-C00528,Cc1cc2ccc(N)cc2s1,,,,"MolVec 0.9.8 (git b412dd0, Maven Central)",0.0351515244692564
uspto,US07317028-20080108-C00530,Cc1cc2ccc(N)cc2[nH]1,,,,"MolVec 0.9.8 (git b412dd0, Maven Central)",0.06732265837490559
uspto,US07317028-20080108-C00532,Nc1ccccc1NC(=O)c1ccc(N2CC(COc3ccccc3)OC2=O)cc1,,,,"MolVec 0.9.8 (git b412dd0, Maven Central)",0.18086907640099525
uspto,US07317028-20080108-C00533,Nc1ccc(OCC2CN(c3ccc(C(=O)Nc4ccccc4N)cc3)C(=O)O2)cc1,,,,"MolVec 0.9.8 (git b412dd0, Maven Central)",0.16654022224247456
uspto,US07317028-20080108-C00534,Nc1ccccc1NC(=O)c1ccc(N2CC(COCc3ccccc3)OC2=O)cc1,,,,"MolVec 0.9.8 (git b412dd0, Maven Central)",0.2063804194331169
uspto,US07317028-20080108-C00535,Nc1ccccc1NC(=O)c1ccc(N2CC(COc3cccnc3)OC2=O)cc1,,,,"MolVec 0.9.8 (git b412dd0, Maven Central)",0.17287965677678585
uspto,US07317028-20080108-C00536,Nc1ccccc1NC(=O)c1ccc(N2CC(COCc3cccnc3)OC2=O)cc1,,,,"MolVec 0.9.8 (git b412dd0, Maven Central)",0.1988955345004797
uspto,US07317028-20080108-C00537,Nc1ccccc1NC(=O)c1ccc(N2CC(COc3cccc([N+](=O)[O-])c3)OC2=O)cc1,,,,"MolVec 0.9.8 (git b412dd0, Maven Central)",0.17404611222445965
uspto,US07317028-20080108-C00538,Nc1ccccc1NC(=O)c1ccc(N2CC(COCc3ccccn3)OC2=O)cc1,,,,"MolVec 0.9.8 (git b412dd0, Maven Central)",0.20971804484724998
uspto,US07317028-20080108-C00539,Nc1ccccc1NC(=O)c1ccc(N2CC(COc3ccccn3)OC2=O)cc1,,,,"MolVec 0.9.8 (git b412dd0, Maven Central)",0.17760411649942398
uspto,US07317028-20080108-C00540,Nc1ccccc1NC(=O)c1ccc(CNc2c(NCc3cccnc3)c(=O)c2=O)cc1,,,,"MolVec 0.9.8 (git b412dd0, Maven Central)",0.1822962798178196
uspto,US07317028-20080108-C00541,Nc1ccccc1NC(=O)c1ccc(CN2CCN(Cc3cccnc3)C2=O)cc1,,,,"MolVec 0.9.8 (git b412dd0, Maven Central)",0.20630869828164577
uspto,US07317028-20080108-C00542,Nc1ccccc1NC(=O)c1ccc(CN2CCCN(Cc3cccnc3)C2=O)cc1,,,,"MolVec 0.9.8 (git b412dd0, Maven Central)",0.16425892896950245
uspto,US07317028-20080108-C00543,Nc1ccccc1NC(=O)c1ccc(N2CCN(COCc3cccnc3)C2=O)cc1,,,,"MolVec 0.9.8 (git b412dd0, Maven Central)",0.1699932236224413
uspto,US07317028-20080108-C00544,Nc1ccccc1NC(=O)c1ccc(CN2CCN(Cc3cccnc3)C2=S)cc1,,,,"MolVec 0.9.8 (git b412dd0, Maven Central)",0.19962553679943085
uspto,US07317028-20080108-C00545,Nc1ccccc1NC(=O)c1ccc(N2CCC(COc3cccnc3)C2=O)cc1,,,,"MolVec 0.9.8 (git b412dd0, Maven Central)",0.16276473551988602
uspto,US07317028-20080108-C00546,Nc1nc(CC2CCN(c3ccc(C(=O)Nc4ccccc4N)cc3)C2=O)cs1,,,,"MolVec 0.9.8 (git b412dd0, Maven Central)",0.6067903023213148
uspto,US07317028-20080108-C00547,Nc1ccccc1NC(=O)c1ccc(NC(=O)N2CCC(Oc3ccccn3)C2)cc1,,,,"MolVec 0.9.8 (git b412dd0, Maven Central)",0.4666393827646971
uspto,US07317028-20080108-C00548,Nc1ccccc1NC(=O)c1ccc(NC(=O)N2CCC(Oc3cccnc3)C2)cc1,,,,"MolVec 0.9.8 (git b412dd0, Maven Central)",0.1587819755077362
uspto,US07317028-20080108-C00549,Nc1ccccc1NC(=O)c1ccc(N2CCC(COCc3cccnc3)C2=O)cc1,,,,"MolVec 0.9.8 (git b412dd0, Maven Central)",0.32008805498480797
uspto,US07317028-20080108-C00550,COc1cncc(COCC2CCN(c3ccc(C(=O)Nc4ccccc4N)cc3)C2=O)c1,,,,"MolVec 0.9.8 (git b412dd0, Maven Central)",0.23210684210062027
uspto,US07317028-20080108-C00551,Nc1ccccc1NC(=O)c1ccc(C(=O)N2CCC(Oc3cccnc3)C2)cc1,,,,"MolVec 0.9.8 (git b412dd0, Maven Central)",0.15413268469274044
uspto,US07317028-20080108-C00552,Nc1ccccc1NC(=O)c1cc2cc(NC(=O)CCc3cccnc3)ccc2o1,,,,"MolVec 0.9.8 (git b412dd0, Maven Central)",0.14737403579056263
uspto,US07317028-20080108-C00553,Nc1ccccc1NC(=O)c1cc2cc(NC(=O)OCc3cccnc3)ccc2o1,,,,"MolVec 0.9.8 (git b412dd0, Maven Central)",0.161228584125638
uspto,US07317028-20080108-C00554,Nc1ccccc1NC(=O)c1cc2cc(NC(=O)COc3cccnc3)ccc2o1,,,,"MolVec 0.9.8 (git b412dd0, Maven Central)",0.16166769713163376
uspto,US07317028-20080108-C00555,Nc1ccccc1NC(=O)c1cc2cc(NC(=O)CCCc3ccccn3)ccc2o1,,,,"MolVec 0.9.8 (git b412dd0, Maven Central)",0.14950745552778244
uspto,US07317028-20080108-C00556,Nc1ccccc1NC(=O)c1cc2cc(NC(=O)CCOc3cccnc3)ccc2o1,,,,"MolVec 0.9.8 (git b412dd0, Maven Central)",0.19010555930435658
uspto,US07317028-20080108-C00557,Nc1ccccc1NC(=O)c1cc2cc(NC(=O)CCCc3cccnc3)ccc2o1,,,,"MolVec 0.9.8 (git b412dd0, Maven Central)",0.14988712407648563
uspto,US07317028-20080108-C00558,Nc1ccccc1NC(=O)c1cc2cc(NC(=O)NCCc3cccnc3)ccc2o1,,,,"MolVec 0.9.8 (git b412dd0, Maven Central)",0.14404543675482273
uspto,US07317028-20080108-C00559,Nc1ccccc1NC(=O)c1cc2cc(NC(=O)OCc3cccnc3)ccc2s1,,,,"MolVec 0.9.8 (git b412dd0, Maven Central)",0.1321149244904518
uspto,US07317028-20080108-C00560,Nc1ccccc1NC(=O)c1cc2cc(NC(=O)COc3cccnc3)ccc2s1,,,,"MolVec 0.9.8 (git b412dd0, Maven Central)",0.3376926425844431
uspto,US07317028-20080108-C00561,Nc1ccccc1NC(=O)c1cc2cc(NC(=O)CCCc3cccnc3)ccc2s1,,,,"MolVec 0.9.8 (git b412dd0, Maven Central)",0.33000892400741577
uspto,US07317028-20080108-C00564,Nc1ccccc1NC(=O)c1cc(NC(=O)CCCOc2cccnc2)cs1,,,,"MolVec 0.9.8 (git b412dd0, Maven Central)",0.15503853373229504
uspto,US07317028-20080108-C00565,Nc1ccccc1NC(=O)c1cc(NC(=O)OCCOc2cccnc2)cs1,,,,"MolVec 0.9.8 (git b412dd0, Maven Central)",0.17951328866183758
uspto,US07317028-20080108-C00566,Nc1ccccc1NC(=O)c1cc(NC(=O)COCc2cccnc2)cs1,,,,"MolVec 0.9.8 (git b412dd0, Maven Central)",0.15914490073919296
uspto,US07317028-20080108-C00567,Nc1ccccc1NC(=O)c1cc(NC(=O)CCOc2cccnc2)cs1,,,,"MolVec 0.9.8 (git b412dd0, Maven Central)",0.13485311344265938
uspto,US07317028-20080108-C00568,CC(OCc1cccnc1)C(=O)Nc1ccc(C(=O)Nc2ccccc2N)cc1,,,,"MolVec 0.9.8 (git b412dd0, Maven Central)",0.16866977512836456
uspto,US07317028-20080108-C00569,CC(Oc1cccnc1)C(=O)Nc1ccc(C(=O)Nc2ccccc2N)cc1,,,,"MolVec 0.9.8 (git b412dd0, Maven Central)",0.17270930483937263
uspto,US07317028-20080108-C00570,CC(Oc1cccnc1)C(=O)NCc1ccc(C(=O)Nc2ccccc2N)cc1,,,,"MolVec 0.9.8 (git b412dd0, Maven Central)",0.1806440968066454
uspto,US07317028-20080108-C00571,CC(OC(=O)NCc1ccc(C(=O)Nc2ccccc2N)cc1)c1cccnc1,,,,"MolVec 0.9.8 (git b412dd0, Maven Central)",0.15396111272275448
uspto,US07317028-20080108-C00572,CC(NC(=O)OCc1cccnc1)c1ccc(C(=O)Nc2ccccc2N)cc1,,,,"MolVec 0.9.8 (git b412dd0, Maven Central)",0.18306738883256912
uspto,US07317028-20080108-C00573,CC(NC(=O)COc1cccnc1)c1ccc(C(=O)Nc2ccccc2N)cc1,,,,"MolVec 0.9.8 (git b412dd0, Maven Central)",0.19666303507983685
uspto,US07317028-20080108-C00574,CC(OCC(=O)Nc1ccc(C(=O)Nc2ccccc2N)cc1)c1cccnc1,,,,"MolVec 0.9.8 (git b412dd0, Maven Central)",0.17401371896266937
uspto,US07317028-20080108-C00575,CC(NC(=O)NCc1cccnc1)c1ccc(C(=O)Nc2ccccc2N)cc1,,,,"MolVec 0.9.8 (git b412dd0, Maven Central)",0.16641807928681374
uspto,US07317028-20080108-C00576,CC(NC(=O)NCc1ccc(C(=O)Nc2ccccc2N)cc1)c1cccnc1,,,,"MolVec 0.9.8 (git b412dd0, Maven Central)",0.185158871114254
uspto,US07317028-20080108-C00577,CC(NC(=O)NCc1ccc(C(=O)Nc2cc(F)ccc2N)cc1)c1cccnc1,,,,"MolVec 0.9.8 (git b412dd0, Maven Central)",0.21137787401676178
uspto,US07317028-20080108-C00578,CC(Nc1cccnc1)C(=O)NCc1ccc(C(=O)Nc2ccccc2N)cc1,,,,"MolVec 0.9.8 (git b412dd0, Maven Central)",0.1568826325237751
uspto,US07317028-20080108-C00579,CC(NC(=O)CNc1cccnc1)c1ccc(C(=O)Nc2ccccc2N)cc1,,,,"MolVec 0.9.8 (git b412dd0, Maven Central)",0.1575166080147028
uspto,US07317028-20080108-C00580,CC(NCc1cccnc1)C(=O)Nc1ccc(C(=O)Nc2ccccc2N)cc1,,,,"MolVec 0.9.8 (git b412dd0, Maven Central)",0.21759680099785328
uspto,US07317028-20080108-C00581,CC(NCC(=O)Nc1ccc(C(=O)Nc2ccccc2N)cc1)c1cccnc1,,,,"MolVec 0.9.8 (git b412dd0, Maven Central)",0.1718836948275566
uspto,US07317030-20080108-C00019,O=C(Nc1ccc(C2=N[C@H](Cc3ccccc3)CO2)cc1)Nc1ccc(S(=O)(=O)N2CCOCC2)cc1,,,,"MolVec 0.9.8 (git b412dd0, Maven Central)",0.1966216042637825
uspto,US07317031-20080108-C00028,CC(O)c1ccc(F)c(C(=O)n2nc(Nc3ccc(S(N)(=O)=O)cc3)nc2N)c1F,,,,"MolVec 0.9.8 (git b412dd0, Maven Central)",0.6053308974951506
uspto,US07317031-20080108-C00034,CC.C[H]NS(=O)(=O)C1=CC=C(NC2=NN(C(=O)C3=C(F)C=CC=C3F)C(N)=N2)C=C1.[H]=S(C)(=O)(=O)(F)[N+](=C)[IH]BO,,,,"MolVec 0.9.8 (git b412dd0, Maven Central)",0.8618119470775127
uspto,US07317032-20080108-C00012,COc1ccc(C(=O)CCCN[NH+]=[N-])cc1,,,,"MolVec 0.9.8 (git b412dd0, Maven Central)",0.07054905220866203
uspto,US07317032-20080108-C00013,COc1ccc(C(=O)C(Br)CCN[NH+]=[N-])cc1,,,,"MolVec 0.9.8 (git b412dd0, Maven Central)",0.06132973171770573
uspto,US07317032-20080108-C00014,COc1ccc(-c2[nH]c(-c3cccs3)nc2CCN[NH+]=[N-])cc1,,,,"MolVec 0.9.8 (git b412dd0, Maven Central)",0.2348664216697216
uspto,US07317032-20080108-C00015,COc1ccc(-c2[nH]c(-c3cccs3)nc2CCN)cc1,,,,"MolVec 0.9.8 (git b412dd0, Maven Central)",0.0865835677832365
uspto,US07317032-20080108-C00016,CCCCN1CCN(S(=O)(=O)NCCc2nc(-c3cccs3)[nH]c2-c2ccc(OC)cc2)CC1,,,,"MolVec 0.9.8 (git b412dd0, Maven Central)",0.1655078437179327
uspto,US07317032-20080108-C00017,CCCCCN1CCC(N(C)C(=O)OC(C)(C)C)C1,,,,"MolVec 0.9.8 (git b412dd0, Maven Central)",0.12122924439609051
uspto,US07317032-20080108-C00018,CCCCCN1CCC(NC)C1,,,,"MolVec 0.9.8 (git b412dd0, Maven Central)",0.04967376030981541
uspto,US07317032-20080108-C00019,CCCCCN1CCC(N(C)S(=O)(=O)NCCc2nc(-c3cccs3)[nH]c2-c2ccc(OC)cc2)C1,,,,"MolVec 0.9.8 (git b412dd0, Maven Central)",0.1912734005600214
uspto,US07317032-20080108-C00020,CC(=O)N[C@@H]1CC(=O)N(Cc2ccc(F)cc2)C1=O,,,,"MolVec 0.9.8 (git b412dd0, Maven Central)",0.23375356011092663
uspto,US07317032-20080108-C00021,CCN[C@]1(N)CCN(Cc2ccc(F)cc2)C1,,,,"MolVec 0.9.8 (git b412dd0, Maven Central)",0.071506068110466
uspto,US07317032-20080108-C00022,CCN([C@@H]1CCN(Cc2ccc(F)cc2)C1)S(=O)(=O)NCCc1nc(-c2cccs2)[nH]c1-c1ccc(OC)cc1,,,,"MolVec 0.9.8 (git b412dd0, Maven Central)",0.2206209935247898
uspto,US07317032-20080108-C00023,CCCCCN1CCN(S(=O)(=O)NCCc2nc(-c3cccs3)[nH]c2-c2ccc(OC)cc2)CC1,,,,"MolVec 0.9.8 (git b412dd0, Maven Central)",0.17672287859022617
uspto,US07317032-20080108-C00024,COc1ccc(-c2[nH]c(-c3cccs3)nc2CCNS(=O)(=O)N2CCN(c3ccccc3Cl)CC2)cc1,,,,"MolVec 0.9.8 (git b412dd0, Maven Central)",0.7883698605000973
uspto,US07317032-20080108-C00025,COc1ccc(-c2[nH]c(-c3cccs3)nc2CCNS(=O)(=O)NC2CCN(Cc3ccccc3)C2)cc1,,,,"MolVec 0.9.8 (git b412dd0, Maven Central)",0.25832898914813995
uspto,US07317032-20080108-C00026,COc1ccc(-c2[nH]c(-c3cccs3)nc2CCNS(=O)(=O)N2CCN(c3ccc(Cl)c(Cl)c3)CC2)cc1,,,,"MolVec 0.9.8 (git b412dd0, Maven Central)",0.44861146435141563
uspto,US07317032-20080108-C00027,COc1ccc(-c2[nH]c(-c3cccs3)nc2CCNS(=O)(=O)N(C)[C@@H]2CCN(Cc3ccccc3)C2)cc1,,,,"MolVec 0.9.8 (git b412dd0, Maven Central)",0.2599144633859396
uspto,US07317032-20080108-C00028,CN([C@@H]1CCN(Cc2ccccc2)C1)S(=O)(=O)NCCc1nc(-c2cccs2)[nH]c1-c1ccc(C(F)(F)F)cc1,,,,"MolVec 0.9.8 (git b412dd0, Maven Central)",0.2679711487144232
uspto,US07317032-20080108-C00029,CCCCCN1CCN(S(=O)(=O)NCCc2nc(-c3cccs3)[nH]c2-c2ccc(C(F)(F)F)cc2)CC1,,,,"MolVec 0.9.8 (git b412dd0, Maven Central)",0.19510379619896412
uspto,US07317032-20080108-C00030,CCCCN1CCN(S(=O)(=O)NCCc2nc(-c3cccs3)[nH]c2-c2ccc(C(F)(F)F)cc2)CC1,,,,"MolVec 0.9.8 (git b412dd0, Maven Central)",0.2737706322222948
uspto,US07317032-20080108-C00031,CCCN1CCC(N(C)S(=O)(=O)NCCc2nc(-c3ccccc3)[nH]c2-c2ccc(OC)cc2)C1,,,,"MolVec 0.9.8 (git b412dd0, Maven Central)",0.21741527318954468
uspto,US07317032-20080108-C00032,CCCCCN1CCC(N(C)S(=O)(=O)NCCc2nc(-c3ccccc3)[nH]c2-c2ccc(OC)cc2)C1,,,,"MolVec 0.9.8 (git b412dd0, Maven Central)",0.21123824454843998
uspto,US07317032-20080108-C00033,CC#CCN1CCC(N(C)S(=O)(=O)NCCc2nc(-c3ccccc3)[nH]c2-c2ccc(OC)cc2)C1,,,,"MolVec 0.9.8 (git b412dd0, Maven Central)",0.21790602058172226
uspto,US07317032-20080108-C00034,COc1ccc(-c2[nH]c(-c3ccccc3)nc2CCNS(=O)(=O)N(C)C2CCN(CCCC(F)(F)F)C2)cc1,,,,"MolVec 0.9.8 (git b412dd0, Maven Central)",0.22122048772871494
uspto,US07317032-20080108-C00035,COc1ccc(-c2[nH]c(-c3ccsc3)nc2CCNS(=O)(=O)N(C)[C@@H]2CCN(Cc3ccccc3)C2)cc1,,,,"MolVec 0.9.8 (git b412dd0, Maven Central)",0.3328230008482933
uspto,US07317032-20080108-C00036,COc1ccc(-c2[nH]c(-c3ccsc3)nc2CCNS(=O)(=O)N(C)C2CCN(Cc3ccc(Cl)c(Cl)c3)C2)cc1,,,,"MolVec 0.9.8 (git b412dd0, Maven Central)",0.34648012183606625
uspto,US07317032-20080108-C00037,COc1ccc(-c2[nH]c(-c3cccs3)nc2CCNS(=O)(=O)N(C)C2CCN(Cc3ccc(Cl)c(Cl)c3)C2)cc1,,,,"MolVec 0.9.8 (git b412dd0, Maven Central)",0.4313063211739063
uspto,US07317032-20080108-C00038,COc1ccc(-c2[nH]c(-c3cccs3)nc2CCNS(=O)(=O)N(C)[C@@H]2CCN(Cc3ccc(Cl)c(Cl)c3)C2)cc1,,,,"MolVec 0.9.8 (git b412dd0, Maven Central)",0.270367631688714
uspto,US07317032-20080108-C00039,CCN([C@@H]1CCN(C(C)c2ccc(F)cc2)C1)S(=O)(=O)NCCc1nc(-c2cccs2)[nH]c1-c1ccc(OC)cc1,,,,"MolVec 0.9.8 (git b412dd0, Maven Central)",0.2899236287921667
uspto,US07317032-20080108-C00040,CCN([C@@H]1CCN(C(C)(C)c2ccccc2)C1)S(=O)(=O)NCCc1nc(-c2cccs2)[nH]c1-c1ccc(OC)cc1,,,,"MolVec 0.9.8 (git b412dd0, Maven Central)",0.3018158543854952
uspto,US07317032-20080108-C00041,CCN([C@@H]1CCN([C@@H](C)c2ccccc2)C1)S(=O)(=O)NCCc1nc(-c2cccs2)[nH]c1-c1ccc(OC)cc1,,,,"MolVec 0.9.8 (git b412dd0, Maven Central)",0.5492563992738724
uspto,US07317032-20080108-C00042,CCN([C@@H]1CCN(c2ccc(F)cc2)C1)S(=O)(=O)NCCc1nc(-c2cccs2)[nH]c1-c1ccc(OC)cc1,,,,"MolVec 0.9.8 (git b412dd0, Maven Central)",0.3420573640614748
uspto,US07317032-20080108-C00043,CCCCc1ccc(NS(=O)(=O)NCCc2nc(-c3ccccc3)[nH]c2-c2ccc(OC)cc2)cc1,,,,"MolVec 0.9.8 (git b412dd0, Maven Central)",0.16221261955797672
uspto,US07317032-20080108-C00044,COc1ccc(-c2[nH]c(-c3ccccc3)nc2CCNS(=O)(=O)NCc2ccccc2)cc1,,,,"MolVec 0.9.8 (git b412dd0, Maven Central)",0.1840795185416937
uspto,US07317032-20080108-C00045,CCCCNS(=O)(=O)NCCc1nc(-c2ccccc2)[nH]c1-c1ccc(OC)cc1,,,,"MolVec 0.9.8 (git b412dd0, Maven Central)",0.1468214076012373
uspto,US07317032-20080108-C00046,CCCCCCNS(=O)(=O)NCCc1nc(-c2ccccc2)[nH]c1-c1ccc(OC)cc1,,,,"MolVec 0.9.8 (git b412dd0, Maven Central)",0.29010001197457314
uspto,US07317032-20080108-C00047,COc1ccc(-c2[nH]c(-c3ccccc3)nc2CCNS(=O)(=O)NCCc2ccccc2)cc1,,,,"MolVec 0.9.8 (git b412dd0, Maven Central)",0.2129329890012741
uspto,US07317032-20080108-C00048,CCCc1ccc(NS(=O)(=O)NCCc2nc(-c3ccccc3)[nH]c2-c2ccc(OC)cc2)cc1,,,,"MolVec 0.9.8 (git b412dd0, Maven Central)",0.1685422919690609
uspto,US07317032-20080108-C00049,COc1ccc(CNS(=O)(=O)NCCc2nc(-c3ccccc3)[nH]c2-c2ccc(OC)cc2)cc1,,,,"MolVec 0.9.8 (git b412dd0, Maven Central)",0.22173922322690487
uspto,US07317032-20080108-C00050,COc1ccc(-c2[nH]c(-c3ccccc3)nc2CCNS(=O)(=O)NCc2ccc(C(F)(F)F)cc2)cc1,,,,"MolVec 0.9.8 (git b412dd0, Maven Central)",0.18665951676666737
uspto,US07317032-20080108-C00051,COc1ccc(-c2[nH]c(-c3ccccc3)nc2CCNS(=O)(=O)NCc2ccc(Cl)cc2)cc1,,,,"MolVec 0.9.8 (git b412dd0, Maven Central)",0.19631805643439293
uspto,US07317032-20080108-C00052,COc1ccc(-c2[nH]c(-c3ccccc3)nc2CCNS(=O)(=O)NCc2ccc(C)cc2)cc1,,,,"MolVec 0.9.8 (git b412dd0, Maven Central)",0.20967601984739304
uspto,US07317032-20080108-C00053,COc1ccc(-c2[nH]c(-c3ccccc3)nc2CCNS(=O)(=O)Nc2ccccc2)cc1,,,,"MolVec 0.9.8 (git b412dd0, Maven Central)",0.2210759837180376
uspto,US07317032-20080108-C00054,CCc1ccc(NS(=O)(=O)NCCc2nc(-c3ccccc3)[nH]c2-c2ccc(OC)cc2)cc1,,,,"MolVec 0.9.8 (git b412dd0, Maven Central)",0.33148821629583836
uspto,US07317032-20080108-C00055,CCCCCc1ccc(NS(=O)(=O)NCCc2nc(-c3ccccc3)[nH]c2-c2ccc(OC)cc2)cc1,,,,"MolVec 0.9.8 (git b412dd0, Maven Central)",0.26035651564598083
uspto,US07317032-20080108-C00056,CCCN1CCN(S(=O)(=O)NCCc2nc(-c3ccccc3)[nH]c2-c2ccc(OC)cc2)CC1,,,,"MolVec 0.9.8 (git b412dd0, Maven Central)",0.29012411274015903
uspto,US07317032-20080108-C00057,COc1ccc(-c2[nH]c(-c3ccccc3)nc2CCNS(=O)(=O)N[C@H](C)c2ccccc2)cc1,,,,"MolVec 0.9.8 (git b412dd0, Maven Central)",0.17121689952909946
uspto,US07317032-20080108-C00058,CCCCN1CCN(S(=O)(=O)NCCc2nc(-c3ccccc3)[nH]c2-c2ccc(OC)cc2)CC1,,,,"MolVec 0.9.8 (git b412dd0, Maven Central)",0.55747090280056
uspto,US07317032-20080108-C00059,COc1ccc(-c2[nH]c(-c3ccccc3)nc2CCNS(=O)(=O)N2CCN(CCN3CCOCC3)CC2)cc1,,,,"MolVec 0.9.8 (git b412dd0, Maven Central)",0.2453952170908451
uspto,US07317032-20080108-C00060,COc1ccc(-c2[nH]c(-c3ccccc3)nc2CCNS(=O)(=O)N[C@H](C)c2ccc(C)cc2)cc1,,,,"MolVec 0.9.8 (git b412dd0, Maven Central)",0.19617393240332603
uspto,US07317032-20080108-C00061,COc1ccc(-c2[nH]c(-c3ccccc3)nc2CCNS(=O)(=O)N[C@@H](C)c2ccc(C)cc2)cc1,,,,"MolVec 0.9.8 (git b412dd0, Maven Central)",0.20301972888410091
uspto,US07317032-20080108-C00062,COc1ccc(-c2[nH]c(-c3ccccc3)nc2CCNS(=O)(=O)N2CCN(c3ccccc3Cl)CC2)cc1,,,,"MolVec 0.9.8 (git b412dd0, Maven Central)",0.1843327283859253
uspto,US07317032-20080108-C00063,COc1ccc(-c2[nH]c(-c3ccccc3)nc2CCNS(=O)(=O)N2CCN(c3ccccc3OC)CC2)cc1,,,,"MolVec 0.9.8 (git b412dd0, Maven Central)",0.18417749553918839
uspto,US07317032-20080108-C00064,COc1ccc(-c2[nH]c(-c3ccccc3)nc2CCNS(=O)(=O)N2CCN(c3ccccc3)CC2)cc1,,,,"MolVec 0.9.8 (git b412dd0, Maven Central)",0.17655099742114544
uspto,US07317032-20080108-C00065,COc1ccc(-c2[nH]c(-c3ccccc3)nc2CCNS(=O)(=O)N2CCN(c3ccc(Cl)cc3)CC2)cc1,,,,"MolVec 0.9.8 (git b412dd0, Maven Central)",0.19225244969129562
uspto,US07317032-20080108-C00067,COc1ccc(-c2nc(-c3ccccc3)[nH]c2CCNS(=O)(=O)NCCN2CCCC2)cc1,,,,"MolVec 0.9.8 (git b412dd0, Maven Central)",0.19265559688210487
uspto,US07317032-20080108-C00068,COc1ccc(-c2nc(-c3ccccc3)[nH]c2CCNS(=O)(=O)N2CCN(Cc3ccc4c(c3)OCO4)CC2)cc1,,,,"MolVec 0.9.8 (git b412dd0, Maven Central)",0.2665144354104996
uspto,US07317032-20080108-C00069,COc1ccc(-c2[nH]c(-c3ccccc3)nc2CCNS(=O)(=O)N2CCN(c3ccc(F)cc3)CC2)cc1,,,,"MolVec 0.9.8 (git b412dd0, Maven Central)",0.18394873477518559
uspto,US07317032-20080108-C00070,COc1ccc(-c2[nH]c(-c3ccccc3)nc2CCNS(=O)(=O)N2CCN(c3ccc([N+](=O)[O-])cc3)CC2)cc1,,,,"MolVec 0.9.8 (git b412dd0, Maven Central)",0.19487234950065613
uspto,US07317032-20080108-C00071,COc1ccc(-c2[nH]c(-c3ccccc3)nc2CCNS(=O)(=O)N(C)C2CCN(C)CC2)cc1,,,,"MolVec 0.9.8 (git b412dd0, Maven Central)",0.43292942829430103
uspto,US07317032-20080108-C00072,COc1ccc(-c2[nH]c(-c3ccccc3)nc2CCNS(=O)(=O)N2CCN(c3cccc(C(F)(F)F)c3)CC2)cc1,,,,"MolVec 0.9.8 (git b412dd0, Maven Central)",0.2098012175410986
uspto,US07317032-20080108-C00073,C=CCN1CCN(S(=O)(=O)NCCc2nc(-c3ccccc3)[nH]c2-c2ccc(OC)cc2)CC1,,,,"MolVec 0.9.8 (git b412dd0, Maven Central)",0.1986213605850935
uspto,US07317032-20080108-C00074,COc1ccc(-c2[nH]c(-c3ccccc3)nc2CCNS(=O)(=O)N2CCN(C(C)C)CC2)cc1,,,,"MolVec 0.9.8 (git b412dd0, Maven Central)",0.1689033918082714
uspto,US07317032-20080108-C00075,COc1ccc(-c2[nH]c(-c3ccccc3)nc2CCNS(=O)(=O)N2CCN(C3CCCC3)CC2)cc1,,,,"MolVec 0.9.8 (git b412dd0, Maven Central)",0.16017517820000648
uspto,US07317032-20080108-C00076,COc1ccc(-c2nc(-c3ccccc3)[nH]c2CCNS(=O)(=O)N2CCN(c3ncccc3C#N)CC2)cc1,,,,"MolVec 0.9.8 (git b412dd0, Maven Central)",0.2239563073962927
uspto,US07317032-20080108-C00077,COCCN1CCN(S(=O)(=O)NCCc2[nH]c(-c3ccccc3)nc2-c2ccc(OC)cc2)CC1,,,,"MolVec 0.9.8 (git b412dd0, Maven Central)",0.183903306722641
uspto,US07317032-20080108-C00078,COc1ccc(-c2nc(-c3ccccc3)[nH]c2CCNS(=O)(=O)NCCCN(C)c2ccccc2)cc1,,,,"MolVec 0.9.8 (git b412dd0, Maven Central)",0.2725048717111349
uspto,US07317032-20080108-C00079,CCCCCN1CCN(S(=O)(=O)NCCc2nc(-c3ccccc3)[nH]c2-c2ccc(OC)cc2)CC1,,,,"MolVec 0.9.8 (git b412dd0, Maven Central)",0.1935686692595482
uspto,US07317032-20080108-C00081,COc1ccc(-c2[nH]c(-c3ccccc3)nc2CCNS(=O)(=O)N2CCN(CCO)CC2)cc1,,,,"MolVec 0.9.8 (git b412dd0, Maven Central)",0.18250945024192333
uspto,US07317032-20080108-C00082,COc1ccc(-c2[nH]c(-c3ccccc3)nc2CCNS(=O)(=O)N2CCC(c3[nH]cnc3C)CC2)cc1,,,,"MolVec 0.9.8 (git b412dd0, Maven Central)",0.175630746409297
uspto,US07317032-20080108-C00083,CCCCCC1(O)CCN(S(=O)(=O)NCCc2nc(-c3ccccc3)[nH]c2-c2ccc(OC)cc2)CC1,,,,"MolVec 0.9.8 (git b412dd0, Maven Central)",0.18665023520588875
uspto,US07317032-20080108-C00084,COc1ccc(-c2[nH]c(-c3ccccc3)nc2CCNS(=O)(=O)N2CCN(C(C)c3ccccc3)CC2)cc1,,,,"MolVec 0.9.8 (git b412dd0, Maven Central)",0.17365410551428795
uspto,US07317032-20080108-C00085,COc1ccc(-c2[nH]c(-c3ccccc3)nc2CCNS(=O)(=O)N2CCN(c3ccncc3)CC2)cc1,,,,"MolVec 0.9.8 (git b412dd0, Maven Central)",0.17816227860748768
uspto,US07317032-20080108-C00086,COc1ccc(-c2[nH]c(-c3ccccc3)nc2CCNS(=O)(=O)N2CCC(N3CCCC3)CC2)cc1,,,,"MolVec 0.9.8 (git b412dd0, Maven Central)",0.16430122032761574
uspto,US07317032-20080108-C00087,COc1ccc(-c2[nH]c(-c3ccccc3)nc2CCNS(=O)(=O)NCCC2CCCN2C)cc1,,,,"MolVec 0.9.8 (git b412dd0, Maven Central)",0.18107428960502148
uspto,US07317032-20080108-C00088,COc1ccc(-c2[nH]c(-c3ccccc3)nc2CCNS(=O)(=O)N2CCN(c3ccc(C(F)(F)F)cn3)CC2)cc1,,,,"MolVec 0.9.8 (git b412dd0, Maven Central)",0.24406770803034306
uspto,US07317032-20080108-C00089,COc1ccc(-c2[nH]c(-c3ccccc3)nc2CCNS(=O)(=O)N2CCN(Cc3ccccc3)CC2)cc1,,,,"MolVec 0.9.8 (git b412dd0, Maven Central)",0.20692422799766064
uspto,US07317032-20080108-C00090,COc1ccc(-c2[nH]c(-c3ccccc3)nc2CCNS(=O)(=O)N2CCC3(CC2)C(=O)NCN3c2ccccc2)cc1,,,,"MolVec 0.9.8 (git b412dd0, Maven Central)",0.5098678357899189
uspto,US07317032-20080108-C00091,COc1ccc(-c2[nH]c(-c3ccccc3)nc2CCNS(=O)(=O)NC2CCN(Cc3ccccc3)CC2)cc1,,,,"MolVec 0.9.8 (git b412dd0, Maven Central)",0.20490805059671402
uspto,US07317032-20080108-C00092,COc1ccc(-c2[nH]c(-c3ccccc3)nc2CCNS(=O)(=O)N(CCN(C)C)Cc2ccccc2)cc1,,,,"MolVec 0.9.8 (git b412dd0, Maven Central)",0.19485916756093502
uspto,US07317032-20080108-C00093,CCOc1ccccc1N1CCN(S(=O)(=O)NCCc2nc(-c3ccccc3)[nH]c2-c2ccc(OC)cc2)CC1,,,,"MolVec 0.9.8 (git b412dd0, Maven Central)",0.238262590020895
uspto,US07317032-20080108-C00094,CCN(CC)CCN(Cc1ccc(Cl)cc1)S(=O)(=O)NCCc1nc(-c2ccccc2)[nH]c1-c1ccc(OC)cc1,,,,"MolVec 0.9.8 (git b412dd0, Maven Central)",0.24864821322262287
uspto,US07317032-20080108-C00095,COc1ccc(-c2[nH]c(-c3ccccc3)nc2CCNS(=O)(=O)N2CCN(c3ccccc3)C(C)C2)cc1,,,,"MolVec 0.9.8 (git b412dd0, Maven Central)",0.16831781156361103
uspto,US07317032-20080108-C00096,COc1ccc(-c2[nH]c(-c3ccccc3)nc2CCNS(=O)(=O)N2CCN(c3ccc(OC)cc3)C(C)C2)cc1,,,,"MolVec 0.9.8 (git b412dd0, Maven Central)",0.20547358132898808
uspto,US07317032-20080108-C00097,COc1ccc(-c2[nH]c(-c3ccccc3)nc2CCNS(=O)(=O)N2CCN(c3ccc(C)cc3C)CC2)cc1,,,,"MolVec 0.9.8 (git b412dd0, Maven Central)",0.2274944968521595
uspto,US07317032-20080108-C00098,COc1ccc(-c2[nH]c(-c3ccccc3)nc2CCNS(=O)(=O)N2CCN(c3ccc(Cl)c(Cl)c3)CC2)cc1,,,,"MolVec 0.9.8 (git b412dd0, Maven Central)",0.22102248296141624
uspto,US07317032-20080108-C00099,COc1ccc(-c2[nH]c(-c3ccccc3)nc2CCNS(=O)(=O)N2CCN(c3ccc(C)c(C)c3)CC2)cc1,,,,"MolVec 0.9.8 (git b412dd0, Maven Central)",0.20689190365374088
uspto,US07317032-20080108-C00100,CCN(CCNS(=O)(=O)NCCc1nc(-c2ccccc2)[nH]c1-c1ccc(OC)cc1)c1cccc(C)c1,,,,"MolVec 0.9.8 (git b412dd0, Maven Central)",0.1925199907273054
uspto,US07317032-20080108-C00101,COc1ccc(-c2[nH]c(-c3ccccc3)nc2CCNS(=O)(=O)N2CCN(c3ccc(C)cc3)CC2)cc1,,,,"MolVec 0.9.8 (git b412dd0, Maven Central)",0.20523979887366295
uspto,US07317032-20080108-C00102,CCN(CC)c1ccc(NS(=O)(=O)NCCc2[nH]c(-c3ccccc3)nc2-c2ccc(OC)cc2)c(C)c1,,,,"MolVec 0.9.8 (git b412dd0, Maven Central)",0.2628924287855625
uspto,US07317032-20080108-C00103,CCN(CC)c1ccc(NS(=O)(=O)NCCc2[nH]c(-c3ccccc3)nc2-c2ccc(OC)cc2)cc1,,,,"MolVec 0.9.8 (git b412dd0, Maven Central)",0.23666128888726234
uspto,US07317032-20080108-C00104,COc1ccc(-c2[nH]c(-c3ccccc3)nc2CCNS(=O)(=O)N2CCN(c3c(C)cccc3C)CC2)cc1,,,,"MolVec 0.9.8 (git b412dd0, Maven Central)",0.19713635183870792
uspto,US07317032-20080108-C00105,COc1ccc(-c2[nH]c(-c3ccccc3)nc2CCNS(=O)(=O)N2CCN(c3cc(C)ccc3C)CC2)cc1,,,,"MolVec 0.9.8 (git b412dd0, Maven Central)",0.19921170361340046
uspto,US07317032-20080108-C00106,COc1ccc(-c2[nH]c(-c3ccccc3)nc2CCNS(=O)(=O)N2CCN(c3ccccc3C)CC2)cc1,,,,"MolVec 0.9.8 (git b412dd0, Maven Central)",0.1752607338130474
uspto,US07317032-20080108-C00107,COc1ccc(-c2[nH]c(-c3ccccc3)nc2CCNS(=O)(=O)N2CCN(c3ccccc3F)CC2)cc1,,,,"MolVec 0.9.8 (git b412dd0, Maven Central)",0.1730357427150011
uspto,US07317032-20080108-C00108,COc1ccc(-c2[nH]c(-c3ccccc3)nc2CCNS(=O)(=O)N2CCN(c3ccccc3[N+](=O)[O-])CC2)cc1,,,,"MolVec 0.9.8 (git b412dd0, Maven Central)",0.18973865546286106
uspto,US07317032-20080108-C00109,CCc1ccccc1N1CCN(S(=O)(=O)NCCc2nc(-c3ccccc3)[nH]c2-c2ccc(OC)cc2)CC1,,,,"MolVec 0.9.8 (git b412dd0, Maven Central)",0.17446250095963478
uspto,US07317032-20080108-C00110,COc1ccc(-c2[nH]c(-c3ccccc3)nc2CCNS(=O)(=O)N2CCN(c3cccc(Cl)c3)CC2)cc1,,,,"MolVec 0.9.8 (git b412dd0, Maven Central)",0.17587548680603504
uspto,US07317032-20080108-C00111,COc1ccc(-c2[nH]c(-c3ccccc3)nc2CCNS(=O)(=O)N2CCN(c3cccc(C)c3)CC2)cc1,,,,"MolVec 0.9.8 (git b412dd0, Maven Central)",0.19807248562574387
uspto,US07317032-20080108-C00112,COc1ccc(-c2[nH]c(-c3ccccc3)nc2CCNS(=O)(=O)N2CCN(CCc3ccccc3)CC2)cc1,,,,"MolVec 0.9.8 (git b412dd0, Maven Central)",0.24151784367859364
uspto,US07317032-20080108-C00113,COc1ccc(-c2[nH]c(-c3ccccc3)nc2CCNS(=O)(=O)N2CCN(c3cc(Cl)cc(Cl)c3)CC2)cc1,,,,"MolVec 0.9.8 (git b412dd0, Maven Central)",0.2690843231976032
uspto,US07317032-20080108-C00114,COc1ccc(-c2[nH]c(-c3ccccc3)nc2CCNS(=O)(=O)N2CCN(Cc3ccc(Cl)cc3)CC2)cc1,,,,"MolVec 0.9.8 (git b412dd0, Maven Central)",0.2704176362603903
uspto,US07317032-20080108-C00115,COc1ccc(-c2[nH]c(-c3ccccc3)nc2CCNS(=O)(=O)Nc2cc(C(F)(F)F)ccc2N2CCCC2)cc1,,,,"MolVec 0.9.8 (git b412dd0, Maven Central)",0.22442837245762348
uspto,US07317032-20080108-C00116,COc1ccc(-c2[nH]c(-c3ccccc3)nc2CCNS(=O)(=O)N2CCN(c3cccc(C)c3)C(C)C2)cc1,,,,"MolVec 0.9.8 (git b412dd0, Maven Central)",0.45987359061837196
uspto,US07317032-20080108-C00117,CCCCN(CC)CCNS(=O)(=O)NCCc1nc(-c2ccccc2)[nH]c1-c1ccc(OC)cc1,,,,"MolVec 0.9.8 (git b412dd0, Maven Central)",0.15169290453195572
uspto,US07317032-20080108-C00118,COc1ccc(-c2[nH]c(-c3ccccc3)nc2CCNS(=O)(=O)NCCCCCCN(C)C)cc1,,,,"MolVec 0.9.8 (git b412dd0, Maven Central)",0.20184748247265816
uspto,US07317032-20080108-C00119,COc1ccc(-c2[nH]c(-c3ccccc3)nc2CCNS(=O)(=O)Nc2ccc(N3CCCCC3)cc2)cc1,,,,"MolVec 0.9.8 (git b412dd0, Maven Central)",0.19180255569517612
uspto,US07317032-20080108-C00120,COc1ccc(-c2[nH]c(-c3ccccc3)nc2CCNS(=O)(=O)N2CCN(c3ccc(C(F)(F)F)cc3[N+](=O)[O-])CC2)cc1,,,,"MolVec 0.9.8 (git b412dd0, Maven Central)",0.5029063355177641
uspto,US07317032-20080108-C00121,COc1ccc(-c2[nH]c(-c3ccccc3)nc2CCNS(=O)(=O)NC2CCN(Cc3ccccc3)C2)cc1,,,,"MolVec 0.9.8 (git b412dd0, Maven Central)",0.26642807200551033
uspto,US07317032-20080108-C00122,COc1ccc(-c2[nH]c(-c3ccccc3)nc2CCNS(=O)(=O)N(Cc2ccccc2)C2CCN(Cc3ccccc3)C2)cc1,,,,"MolVec 0.9.8 (git b412dd0, Maven Central)",0.3267738688737154
uspto,US07317032-20080108-C00123,COc1ccc(-c2[nH]c(-c3ccccc3)nc2CCNS(=O)(=O)Nc2ccc(/C=C/c3ccc(N(C)C)cc3)cc2)cc1,,,,"MolVec 0.9.8 (git b412dd0, Maven Central)",0.3230173084884882
uspto,US07317032-20080108-C00124,COc1ccc(-c2[nH]c(-c3ccccc3)nc2CCNS(=O)(=O)N2CCN(C/C=C/c3ccccc3)CC2)cc1,,,,"MolVec 0.9.8 (git b412dd0, Maven Central)",0.19454683922231197
uspto,US07317032-20080108-C00125,COc1ccc(-c2[nH]c(-c3ccccc3)nc2CCNS(=O)(=O)N2CCN(c3ccc(C)cc3)C(C)C2)cc1,,,,"MolVec 0.9.8 (git b412dd0, Maven Central)",0.18756495043635368
uspto,US07317032-20080108-C00126,COc1ccc(-c2[nH]c(-c3ccccc3)nc2CCNS(=O)(=O)N2CCN(Cc3ccc(C(C)(C)C)cc3)CC2)cc1,,,,"MolVec 0.9.8 (git b412dd0, Maven Central)",0.18857799284160137
uspto,US07317032-20080108-C00127,CCN(CC)CCN(Cc1ccccc1)S(=O)(=O)NCCc1nc(-c2ccccc2)[nH]c1-c1ccc(OC)cc1,,,,"MolVec 0.9.8 (git b412dd0, Maven Central)",0.1839359924197197
uspto,US07317032-20080108-C00128,COc1ccc(-c2[nH]c(-c3ccccc3)nc2CCNS(=O)(=O)N(C)[C@@H]2CCN(Cc3ccccc3)C2)cc1,,,,"MolVec 0.9.8 (git b412dd0, Maven Central)",0.36503274738788605
uspto,US07317032-20080108-C00129,CCN(C1CCN(Cc2ccccc2)C1)S(=O)(=O)NCCc1nc(-c2ccccc2)[nH]c1-c1ccc(OC)cc1,,,,"MolVec 0.9.8 (git b412dd0, Maven Central)",0.25027542747557163
uspto,US07317032-20080108-C00130,COc1ccc(-c2[nH]c(-c3ccccc3)nc2CCNS(=O)(=O)N[C@@H]2CCN(Cc3ccccc3)C2)cc1,,,,"MolVec 0.9.8 (git b412dd0, Maven Central)",0.2303534671664238
uspto,US07317032-20080108-C00131,COc1ccc(-c2[nH]c(-c3ccccc3)nc2CCNS(=O)(=O)N[C@H]2CCN(Cc3ccccc3)C2)cc1,,,,"MolVec 0.9.8 (git b412dd0, Maven Central)",0.2698912303894758
uspto,US07317032-20080108-C00132,COc1ccc(-c2[nH]c(-c3ccccc3)nc2CCNS(=O)(=O)N(C)[C@H]2CCN(Cc3ccccc3)C2)cc1,,,,"MolVec 0.9.8 (git b412dd0, Maven Central)",0.26888224482536316
uspto,US07317032-20080108-C00133,COc1ccc(-c2[nH]c(-c3ccccc3)nc2CCNS(=O)(=O)N(C)C2CCN(Cc3ccccc3)C2)cc1,,,,"MolVec 0.9.8 (git b412dd0, Maven Central)",0.22307541593909264
uspto,US07317032-20080108-C00134,CCN([C@@H]1CCN(Cc2ccccc2)C1)S(=O)(=O)NCCc1nc(-c2ccccc2)[nH]c1-c1ccc(OC)cc1,,,,"MolVec 0.9.8 (git b412dd0, Maven Central)",0.25498813576996326
uspto,US07317032-20080108-C00135,CCN([C@H]1CCN(Cc2ccccc2)C1)S(=O)(=O)NCCc1nc(-c2ccccc2)[nH]c1-c1ccc(OC)cc1,,,,"MolVec 0.9.8 (git b412dd0, Maven Central)",0.25388176180422306
uspto,US07317032-20080108-C00136,CCCCCN1CCN(S(=O)(=O)NCCc2nc(-c3ccccc3)[nH]c2-c2ccc(C(F)(F)F)cc2)CC1,,,,"MolVec 0.9.8 (git b412dd0, Maven Central)",0.19218519143760204
uspto,US07317032-20080108-C00137,COc1ccc(-c2[nH]c(-c3ccccc3)nc2CCNS(=O)(=O)N2CC3CC2CN3Cc2ccccc2)cc1,,,,"MolVec 0.9.8 (git b412dd0, Maven Central)",0.22863634303212166
uspto,US07317032-20080108-C00138,CCCCN1CCN(S(=O)(=O)NCCc2nc(-c3ccccc3)[nH]c2-c2ccc(C(F)(F)F)cc2)CC1,,,,"MolVec 0.9.8 (git b412dd0, Maven Central)",0.2317777592688799
uspto,US07317032-20080108-C00139,CN([C@@H]1CCN(Cc2ccccc2)C1)S(=O)(=O)NCCc1nc(-c2ccccc2)[nH]c1-c1ccc(C(F)(F)F)cc1,,,,"MolVec 0.9.8 (git b412dd0, Maven Central)",0.23857786320149899
uspto,US07317032-20080108-C00140,COc1ccc(-c2[nH]c(-c3ccccc3)nc2CCNS(=O)(=O)N(C)C2CCN(Cc3ccc(Cl)c(Cl)c3)C2)cc1,,,,"MolVec 0.9.8 (git b412dd0, Maven Central)",0.2514318488538265
uspto,US07317032-20080108-C00141,COc1ccc(-c2[nH]c(-c3ccccc3)nc2CCNS(=O)(=O)N(C)[C@@H]2CCN(Cc3ccc(Cl)c(Cl)c3)C2)cc1,,,,"MolVec 0.9.8 (git b412dd0, Maven Central)",0.2859634291380644
uspto,US07317032-20080108-C00142,COc1ccc(-c2[nH]c(-c3ccccc3)nc2CCN[NH+]=[N-])cc1,,,,"MolVec 0.9.8 (git b412dd0, Maven Central)",0.14611325040459633
uspto,US07317032-20080108-C00143,COc1ccc(-c2[nH]c(-c3ccccc3)nc2CCN)cc1,,,,"MolVec 0.9.8 (git b412dd0, Maven Central)",0.1481752246618271
uspto,US07317032-20080108-C00144,COc1ccc(-c2[nH]c(-c3ccccc3)nc2CCNS(=O)(=O)NC(=O)OCCc2ccccc2)cc1,,,,"MolVec 0.9.8 (git b412dd0, Maven Central)",0.26347262039780617
uspto,US07317032-20080108-C00145,CCCCCCOC(=O)NS(=O)(=O)NCCc1nc(-c2ccccc2)[nH]c1-c1ccc(OC)cc1,,,,"MolVec 0.9.8 (git b412dd0, Maven Central)",0.18508818745613098
uspto,US07317032-20080108-C00146,CCOC(=O)NS(=O)(=O)NCCc1nc(-c2ccccc2)[nH]c1-c1ccc(OC)cc1,,,,"MolVec 0.9.8 (git b412dd0, Maven Central)",0.153548926115036
uspto,US07317032-20080108-C00147,COc1ccc(-c2[nH]c(-c3ccccc3)nc2CCNS(=O)(=O)NC(=O)OC(C)(C)C)cc1,,,,"MolVec 0.9.8 (git b412dd0, Maven Central)",0.15819473005831242
uspto,US07317032-20080108-C00148,CCCCCc1ccc(OC(=O)NS(=O)(=O)NCCc2nc(-c3ccccc3)[nH]c2-c2ccc(OC)cc2)cc1,,,,"MolVec 0.9.8 (git b412dd0, Maven Central)",0.26215385645627975
uspto,US07317032-20080108-C00149,CCCCCc1ccc(S(=O)(=O)NCCc2nc(-c3cccs3)[nH]c2-c2ccc(OC)cc2)cc1,,,,"MolVec 0.9.8 (git b412dd0, Maven Central)",0.16509681567549706
uspto,US07317032-20080108-C00150,CCCCCc1ccc(S(=O)(=O)NCCc2nc(-c3ccccc3)[nH]c2-c2ccc(OC)cc2)cc1,,,,"MolVec 0.9.8 (git b412dd0, Maven Central)",0.1982974112033844
uspto,US07317032-20080108-C00151,CCCCCc1ccc(S(=O)(=O)NCCc2nc(-c3ccc(OC)cc3)[nH]c2-c2ccc(OC)cc2)cc1,,,,"MolVec 0.9.8 (git b412dd0, Maven Central)",0.21018912456929684
uspto,US07317032-20080108-C00152,COc1ccc(-c2nc(CCNS(=O)(=O)c3ccc(C)cc3)c(-c3ccc(OC)cc3)[nH]2)cc1,,,,"MolVec 0.9.8 (git b412dd0, Maven Central)",0.3499108850955963
uspto,US07317032-20080108-C00153,CCCCCc1ccc(S(=O)(=O)NCCc2nc(-c3ccc(C)cc3)[nH]c2-c2ccc(OC)cc2)cc1,,,,"MolVec 0.9.8 (git b412dd0, Maven Central)",0.21804176084697247
uspto,US07317032-20080108-C00154,CCCCCc1ccc(S(=O)(=O)NCCc2nc(-c3ccc(Cl)cc3)[nH]c2-c2ccc(OC)cc2)cc1,,,,"MolVec 0.9.8 (git b412dd0, Maven Central)",0.20383859612047672
uspto,US07317032-20080108-C00155,CCCCCc1ccc(S(=O)(=O)NCCc2nc(-c3cccc([N+](=O)[O-])c3)[nH]c2-c2ccc(OC)cc2)cc1,,,,"MolVec 0.9.8 (git b412dd0, Maven Central)",0.2185405157506466
uspto,US07317032-20080108-C00156,CCCCCc1ccc(S(=O)(=O)NCCc2nc(-c3csc(C)n3)[nH]c2-c2ccc(OC)cc2)cc1,,,,"MolVec 0.9.8 (git b412dd0, Maven Central)",0.5548197254538536
uspto,US07317032-20080108-C00157,COc1ccc(-c2[nH]c(-c3ccccc3)nc2CCNS(=O)(=O)c2ccc(C)cc2)cc1,,,,"MolVec 0.9.8 (git b412dd0, Maven Central)",0.1626778356730938
uspto,US07317032-20080108-C00158,CCCCCc1ccc(S(=O)(=O)NCCc2nc(-c3ccccc3)[nH]c2-c2ccc(Cl)cc2)cc1,,,,"MolVec 0.9.8 (git b412dd0, Maven Central)",0.26440567895770073
uspto,US07317032-20080108-C00159,CCCCCc1ccc(S(=O)(=O)NCCc2nc(-c3cccnc3)[nH]c2-c2ccc(OC)cc2)cc1,,,,"MolVec 0.9.8 (git b412dd0, Maven Central)",0.2311710100620985
uspto,US07317032-20080108-C00160,CCCCCc1ccc(S(=O)(=O)NCCc2nc(-c3ccncc3)[nH]c2-c2ccc(OC)cc2)cc1,,,,"MolVec 0.9.8 (git b412dd0, Maven Central)",0.19929648004472256
uspto,US07317032-20080108-C00161,CCCCCc1ccc(S(=O)(=O)NCCc2nc(-c3cnccn3)[nH]c2-c2ccc(OC)cc2)cc1,,,,"MolVec 0.9.8 (git b412dd0, Maven Central)",0.1970094796270132
uspto,US07317032-20080108-C00162,Cc1ccc(S(=O)(=O)NCCc2nc(-c3ccccc3)[nH]c2-c2ccc(Cl)cc2)cc1,,,,"MolVec 0.9.8 (git b412dd0, Maven Central)",0.1646774336695671
uspto,US07317032-20080108-C00163,CCCCCc1ccc(S(=O)(=O)NCCc2nc[nH]c2-c2ccc(OC)cc2)cc1,,,,"MolVec 0.9.8 (git b412dd0, Maven Central)",0.1458496619015932
uspto,US07317032-20080108-C00164,CCCCCc1ccc(S(=O)(=O)NCCc2nc(-c3cccs3)[nH]c2-c2ccc(Cl)cc2)cc1,,,,"MolVec 0.9.8 (git b412dd0, Maven Central)",0.17056737281382084
uspto,US07317032-20080108-C00165,CCCCCc1ccc(S(=O)(=O)NCCc2nc(-c3ccccc3)[nH]c2-c2ccccc2)cc1,,,,"MolVec 0.9.8 (git b412dd0, Maven Central)",0.1967441290616989
uspto,US07317032-20080108-C00166,CCCCCc1ccc(S(=O)(=O)NCCc2nc(-c3cccs3)[nH]c2-c2ccc(F)cc2)cc1,,,,"MolVec 0.9.8 (git b412dd0, Maven Central)",0.26417936757206917
uspto,US07317032-20080108-C00167,CCCCCc1ccc(S(=O)(=O)NCCc2nc(C(C)(C)C)[nH]c2-c2ccc(OC)cc2)cc1,,,,"MolVec 0.9.8 (git b412dd0, Maven Central)",0.16490523517131805
uspto,US07317032-20080108-C00168,CCCCCc1ccc(S(=O)(=O)NCCc2nc(C3CC3)[nH]c2-c2ccc(OC)cc2)cc1,,,,"MolVec 0.9.8 (git b412dd0, Maven Central)",0.20022828690707684
uspto,US07317032-20080108-C00169,CCCCCc1ccc(S(=O)(=O)NCCc2nc(-c3ccccc3)[nH]c2-c2cccc(OC)c2)cc1,,,,"MolVec 0.9.8 (git b412dd0, Maven Central)",0.19552572071552277
uspto,US07317032-20080108-C00170,CCCCCc1ccc(S(=O)(=O)NCCc2nc(-c3ccccc3)[nH]c2-c2cc3ccccc3o2)cc1,,,,"MolVec 0.9.8 (git b412dd0, Maven Central)",0.22994986921548843
uspto,US07317032-20080108-C00171,CCCCCc1ccc(S(=O)(=O)NCCc2nc(-c3ccccc3Br)[nH]c2-c2ccc(OC)cc2)cc1,,,,"MolVec 0.9.8 (git b412dd0, Maven Central)",0.17924286052584648
uspto,US07317032-20080108-C00172,COc1ccc(-c2[nH]c(-c3ccccc3)nc2CCNS(=O)(=O)c2ccc(NC(C)=O)cc2)cc1,,,,"MolVec 0.9.8 (git b412dd0, Maven Central)",0.18019249849021435
uspto,US07317032-20080108-C00173,COc1ccc(-c2[nH]c(-c3ccccc3)nc2CCNS(=O)(=O)c2ccc(Cl)cc2)cc1,,,,"MolVec 0.9.8 (git b412dd0, Maven Central)",0.20080375485122204
uspto,US07317032-20080108-C00174,COc1ccc(-c2[nH]c(-c3ccccc3)nc2CCNS(=O)(=O)c2ccccc2Cl)cc1,,,,"MolVec 0.9.8 (git b412dd0, Maven Central)",0.1511064488440752
uspto,US07317032-20080108-C00175,COc1ccc(-c2[nH]c(-c3ccccc3)nc2CCNS(=O)(=O)c2cccc(Cl)c2)cc1,,,,"MolVec 0.9.8 (git b412dd0, Maven Central)",0.18145949207246304
uspto,US07317032-20080108-C00176,COc1ccc(-c2[nH]c(-c3ccccc3)nc2CCNS(=O)(=O)c2ccc(Cl)c(Cl)c2)cc1,,,,"MolVec 0.9.8 (git b412dd0, Maven Central)",0.17279830016195774
uspto,US07317032-20080108-C00177,CCCCCc1ccc(S(=O)(=O)NCCc2nc(-c3ccccc3)[nH]c2-c2ccc(C(F)(F)F)nc2)cc1,,,,"MolVec 0.9.8 (git b412dd0, Maven Central)",0.21298842690885067
uspto,US07317032-20080108-C00178,CCCCCc1ccc(S(=O)(=O)NCCc2nc(-c3cccs3)[nH]c2-c2ccc(C(F)(F)F)nc2)cc1,,,,"MolVec 0.9.8 (git b412dd0, Maven Central)",0.2136777974665165
uspto,US07317032-20080108-C00179,CCCCCc1ccc(S(=O)(=O)NCCc2nc(-c3ccccc3)[nH]c2-c2ccc(C)nc2)cc1,,,,"MolVec 0.9.8 (git b412dd0, Maven Central)",0.2250001411885023
uspto,US07317032-20080108-C00180,CCCCCc1ccc(S(=O)(=O)NCCc2nc(-c3ccccc3)[nH]c2-c2ccc(S(C)(=O)=O)cc2)cc1,,,,"MolVec 0.9.8 (git b412dd0, Maven Central)",0.21450677514076233
uspto,US07317032-20080108-C00181,CCCCCc1ccc(S(=O)(=O)NCCc2nc(-c3ccccc3)[nH]c2-c2ccc(S(C)=O)cc2)cc1,,,,"MolVec 0.9.8 (git b412dd0, Maven Central)",0.19919895380735397
uspto,US07317032-20080108-C00182,CCCCCc1ccc(S(=O)(=O)NCCc2nc(-c3cccs3)[nH]c2-c2cccc(OC)c2)cc1,,,,"MolVec 0.9.8 (git b412dd0, Maven Central)",0.19957643561065197
uspto,US07317032-20080108-C00183,CCCCCc1ccc(S(=O)(=O)NCCc2nc(-c3cccs3)[nH]c2-c2ccc(S(C)(=O)=O)cc2)cc1,,,,"MolVec 0.9.8 (git b412dd0, Maven Central)",0.3440999109297991
uspto,US07317032-20080108-C00184,CCCCCc1ccc(S(=O)(=O)NCCc2nc(-c3ccsc3)[nH]c2-c2ccc(OC)cc2)cc1,,,,"MolVec 0.9.8 (git b412dd0, Maven Central)",0.2370266206562519
uspto,US07317032-20080108-C00185,CCCCCc1ccc(S(=O)(=O)NCCc2nc(-c3ccccc3)[nH]c2-c2ccc(C(F)(F)F)cc2)cc1,,,,"MolVec 0.9.8 (git b412dd0, Maven Central)",0.22666538134217262
uspto,US07317032-20080108-C00186,COc1ccc(-c2[nH]c(-c3ccccc3)nc2CCNS(=O)(=O)c2ccc(C=O)cc2)cc1,,,,"MolVec 0.9.8 (git b412dd0, Maven Central)",0.17755859158933163
uspto,US07317032-20080108-C00190,CCCNCc1ccc(S(=O)(=O)NCCc2nc(-c3ccccc3)[nH]c2-c2ccc(OC)cc2)cc1,,,,"MolVec 0.9.8 (git b412dd0, Maven Central)",0.19774589128792286
uspto,US07317032-20080108-C00199,CCCCCc1ccc(S(=O)(=O)N[C@H]2C[C@@H]2c2nc(-c3ccccc3)[nH]c2-c2ccc(OC)cc2)cc1,,,,"MolVec 0.9.8 (git b412dd0, Maven Central)",0.2167902048677206
uspto,US07317032-20080108-C00201,CCCCCc1ccc(NC(=O)[C@H]2C[C@@H]2c2nc(-c3ccccc3)[nH]c2-c2ccc(OC)cc2)cc1,,,,"MolVec 0.9.8 (git b412dd0, Maven Central)",0.246722511947155
uspto,US07317032-20080108-C00202,COc1ccc(-c2[nH]c(NC(C)=O)nc2CCN[NH+]=[N-])cc1,,,,"MolVec 0.9.8 (git b412dd0, Maven Central)",0.12045332789421082
uspto,US07317032-20080108-C00203,COc1ccc(-c2[nH]c(NC(C)=O)nc2CCN)cc1,,,,"MolVec 0.9.8 (git b412dd0, Maven Central)",0.0998219158500433
uspto,US07317032-20080108-C00204,CCCCCc1ccc(S(=O)(=O)NCCc2nc(NC(C)=O)[nH]c2-c2ccc(OC)cc2)cc1,,,,"MolVec 0.9.8 (git b412dd0, Maven Central)",0.2757258377969265
uspto,US07317032-20080108-C00205,CCCCc1ccc(NC(=O)NCCc2nc(-c3ccccc3)[nH]c2-c2ccc(OC)cc2)cc1,,,,"MolVec 0.9.8 (git b412dd0, Maven Central)",0.1899691466242075
uspto,US07317032-20080108-C00206,COc1ccc(-c2[nH]c(-c3ccccc3)nc2CCNC(=O)Oc2ccc(C)cc2)cc1,,,,"MolVec 0.9.8 (git b412dd0, Maven Central)",0.17744583822786808
uspto,US07317032-20080108-C00207,COc1ccc(-c2[nH]c(-c3ccccc3)nc2CCNC(=S)Nc2ccc(C)cc2)cc1,,,,"MolVec 0.9.8 (git b412dd0, Maven Central)",0.17650383338332176
uspto,US07317032-20080108-C00208,COc1ccc(C(=O)CCCCN2C(=O)c3ccccc3C2=O)cc1,,,,"MolVec 0.9.8 (git b412dd0, Maven Central)",0.3791733346879482
uspto,US07317032-20080108-C00209,COc1ccc(C(=O)C(Br)CCCN2C(=O)c3ccccc3C2=O)cc1,,,,"MolVec 0.9.8 (git b412dd0, Maven Central)",0.13522182777523994
uspto,US07317032-20080108-C00210,COc1ccc(-c2[nH]c(-c3ccccc3)nc2CCCN2C(=O)c3ccccc3C2=O)cc1,,,,"MolVec 0.9.8 (git b412dd0, Maven Central)",0.19928732328116894
uspto,US07317032-20080108-C00211,COc1ccc(-c2[nH]c(-c3ccc(Cl)cc3)nc2CCCN2C(=O)c3ccccc3C2=O)cc1,,,,"MolVec 0.9.8 (git b412dd0, Maven Central)",0.17781671322882175
uspto,US07317032-20080108-C00212,COc1ccc(-c2[nH]c(-c3ccc(C)cc3)nc2CCCN2C(=O)c3ccccc3C2=O)cc1,,,,"MolVec 0.9.8 (git b412dd0, Maven Central)",0.15967114083468914
uspto,US07317032-20080108-C00213,COc1ccc(-c2[nH]c(-c3ccc([N+](=O)[O-])cc3)nc2CCCN2C(=O)c3ccccc3C2=O)cc1,,,,"MolVec 0.9.8 (git b412dd0, Maven Central)",0.19115466251969337
uspto,US07317032-20080108-C00214,COc1ccc(-c2[nH]c(-c3csc(C)n3)nc2CCCN2C(=O)c3ccccc3C2=O)cc1,,,,"MolVec 0.9.8 (git b412dd0, Maven Central)",0.1796577349305153
uspto,US07317032-20080108-C00215,O=C1c2ccccc2C(=O)N1CCCc1nc(-c2ccccc2)[nH]c1-c1ccccc1,,,,"MolVec 0.9.8 (git b412dd0, Maven Central)",0.15703590400516987
uspto,US07317032-20080108-C00216,O=C1c2ccccc2C(=O)N1CCCc1nc(-c2ccccc2)[nH]c1-c1ccc(C(F)(F)F)cc1,,,,"MolVec 0.9.8 (git b412dd0, Maven Central)",0.22735707089304924
uspto,US07317032-20080108-C00217,O=C1c2ccccc2C(=O)N1CCCc1nc(-c2ccccc2)[nH]c1-c1ccc(Cl)cc1,,,,"MolVec 0.9.8 (git b412dd0, Maven Central)",0.311782767996192
uspto,US07317032-20080108-C00218,COc1ccc(-c2[nH]c(-c3cccs3)nc2CCCN2C(=O)c3ccccc3C2=O)cc1,,,,"MolVec 0.9.8 (git b412dd0, Maven Central)",0.16123569011688232
uspto,US07317032-20080108-C00219,COc1ccc(-c2[nH]c(-c3ccccc3)nc2CCCN)cc1,,,,"MolVec 0.9.8 (git b412dd0, Maven Central)",0.10156288929283619
uspto,US07317032-20080108-C00220,CCCCCc1ccc(S(=O)(=O)NCCCc2nc(-c3ccccc3)[nH]c2-c2ccc(OC)cc2)cc1,,,,"MolVec 0.9.8 (git b412dd0, Maven Central)",0.25938786566257477
uspto,US07317032-20080108-C00221,CCCCCc1ccc(S(=O)(=O)NCCCc2nc(-c3ccc(C)cc3)[nH]c2-c2ccc(OC)cc2)cc1,,,,"MolVec 0.9.8 (git b412dd0, Maven Central)",0.2521133068948984
uspto,US07317032-20080108-C00222,CCCCCc1ccc(S(=O)(=O)NCCCc2nc(-c3ccccc3)[nH]c2-c2ccccc2)cc1,,,,"MolVec 0.9.8 (git b412dd0, Maven Central)",0.184640908613801
uspto,US07317032-20080108-C00223,CCCCCc1ccc(S(=O)(=O)NCCCc2nc(-c3ccccc3)[nH]c2-c2ccc(C(F)(F)F)cc2)cc1,,,,"MolVec 0.9.8 (git b412dd0, Maven Central)",0.24877638183534145
uspto,US07317032-20080108-C00224,CCCCCc1ccc(S(=O)(=O)NCCCc2nc(-c3ccccc3)[nH]c2-c2ccc(Cl)cc2)cc1,,,,"MolVec 0.9.8 (git b412dd0, Maven Central)",0.5288568362593651
uspto,US07317032-20080108-C00225,CCCCCc1ccc(S(=O)(=O)NCCCc2nc(-c3cccs3)[nH]c2-c2ccc(OC)cc2)cc1,,,,"MolVec 0.9.8 (git b412dd0, Maven Central)",0.20815818570554256
uspto,US07317032-20080108-C00226,COc1ccc(-c2[nH]c(-c3ccccc3)nc2CCCNS(=O)(=O)c2ccc(NC(C)=O)cc2)cc1,,,,"MolVec 0.9.8 (git b412dd0, Maven Central)",0.20807982794940472
uspto,US07317032-20080108-C00227,COc1ccc(-c2[nH]c(-c3ccccc3)nc2CCCNS(=O)(=O)c2ccc(C(=O)O)cc2)cc1,,,,"MolVec 0.9.8 (git b412dd0, Maven Central)",0.18669581413269043
uspto,US07317032-20080108-C00228,COc1ccc(-c2[nH]c(-c3ccccc3)nc2CCCNS(=O)(=O)c2ccc(C(C)C)cc2)cc1,,,,"MolVec 0.9.8 (git b412dd0, Maven Central)",0.1997112613171339
uspto,US07317032-20080108-C00229,CCCc1ccc(S(=O)(=O)NCCCc2nc(-c3ccccc3)[nH]c2-c2ccc(OC)cc2)cc1,,,,"MolVec 0.9.8 (git b412dd0, Maven Central)",0.3462076373398304
uspto,US07317032-20080108-C00230,O=Cc1ccc(S(=O)(=O)NCCCc2nc(-c3ccccc3)[nH]c2-c2ccccc2)cc1,,,,"MolVec 0.9.8 (git b412dd0, Maven Central)",0.20582881942391396
uspto,US07317032-20080108-C00231,COc1ccc(-c2[nH]c(-c3ccccc3)nc2CCCNS(=O)(=O)c2ccc(CNCCN(C)C)cc2)cc1,,,,"MolVec 0.9.8 (git b412dd0, Maven Central)",0.2275098841637373
uspto,US07317032-20080108-C00232,CCCC[C@@H](O)c1ccc(S(=O)(=O)NCCCc2nc(-c3ccccc3)[nH]c2-c2ccccc2)cc1,,,,"MolVec 0.9.8 (git b412dd0, Maven Central)",0.26165107265114784
uspto,US07317032-20080108-C00233,CCCC(O)c1ccc(S(=O)(=O)NCCCc2nc(-c3ccccc3)[nH]c2-c2ccccc2)cc1,,,,"MolVec 0.9.8 (git b412dd0, Maven Central)",0.17328617721796036
uspto,US07317032-20080108-C00234,CCC(O)c1ccc(S(=O)(=O)NCCCc2nc(-c3ccccc3)[nH]c2-c2ccccc2)cc1,,,,"MolVec 0.9.8 (git b412dd0, Maven Central)",0.2268341090530157
uspto,US07317033-20080108-C00010,Cc1cscc1Nc1nc2cc(F)ccc2[nH]1,,,,"MolVec 0.9.8 (git b412dd0, Maven Central)",0.08900420740246773
uspto,US07317033-20080108-C00012,Cc1cscc1Nc1nc2cc(Cl)c(Cl)cc2[nH]1,,,,"MolVec 0.9.8 (git b412dd0, Maven Central)",0.08809657208621502
uspto,US07317033-20080108-C00013,Cc1cscc1Nc1nc2ccccc2[nH]1,,,,"MolVec 0.9.8 (git b412dd0, Maven Central)",0.14462897926568985
uspto,US07317033-20080108-C00014,Cc1cscc1Nc1nc2c(F)cccc2[nH]1,,,,"MolVec 0.9.8 (git b412dd0, Maven Central)",0.09165757335722446
uspto,US07317033-20080108-C00015,Cc1cscc1Nc1nc2c(F)cc(F)cc2[nH]1,,,,"MolVec 0.9.8 (git b412dd0, Maven Central)",0.12008566223084927
uspto,US07317033-20080108-C00016,Cc1cscc1Nc1nc2c(F)c(F)c(F)c(F)c2[nH]1,,,,"MolVec 0.9.8 (git b412dd0, Maven Central)",0.08777818828821182
uspto,US07317033-20080108-C00017,Cc1cscc1Nc1nc2c(C)cccc2[nH]1,,,,"MolVec 0.9.8 (git b412dd0, Maven Central)",0.07575781084597111
uspto,US07317033-20080108-C00018,Cc1cscc1NC1=NC2CCCCC2N1,,,,"MolVec 0.9.8 (git b412dd0, Maven Central)",0.07636183686554432
uspto,US07317033-20080108-C00019,Cc1cscc1NC1=N[C@@H]2CCCC[C@H]2N1,,,,"MolVec 0.9.8 (git b412dd0, Maven Central)",0.1085420735180378
uspto,US07317033-20080108-C00020,Cc1cscc1NC1=N[C@H]2CCCC[C@@H]2N1,,,,"MolVec 0.9.8 (git b412dd0, Maven Central)",0.10049168393015862
uspto,US07317033-20080108-C00022,Cc1csc(Cl)c1Nc1nc2c(C)cccc2[nH]1,,,,"MolVec 0.9.8 (git b412dd0, Maven Central)",0.0754036009311676
uspto,US07317033-20080108-C00023,Cc1csc(Cl)c1Nc1nc2c(F)c(F)c(F)c(F)c2[nH]1,,,,"MolVec 0.9.8 (git b412dd0, Maven Central)",0.09665833041071892
uspto,US07317033-20080108-C00024,Cc1csc(Cl)c1NC1=NC2CCCCC2N1,,,,"MolVec 0.9.8 (git b412dd0, Maven Central)",0.34037024714052677
uspto,US07317033-20080108-C00026,Cc1csc(Cl)c1NC1=N[C@H]2CCCC[C@@H]2N1,,,,"MolVec 0.9.8 (git b412dd0, Maven Central)",0.33130871318280697
uspto,US07317033-20080108-C00029,Cc1cscc1Nc1nc2c(Cl)cccc2[nH]1,,,,"MolVec 0.9.8 (git b412dd0, Maven Central)",0.09567616321146488
uspto,US07317033-20080108-C00030,Cc1csc(Cl)c1Nc1nc2c(Cl)cccc2[nH]1,,,,"MolVec 0.9.8 (git b412dd0, Maven Central)",0.08184128813445568
uspto,US07317033-20080108-C00031,Cc1csc(Br)c1Nc1nc2c(Cl)cccc2[nH]1,,,,"MolVec 0.9.8 (git b412dd0, Maven Central)",0.36687747202813625
uspto,US07317033-20080108-C00032,Cc1csc(Br)c1Nc1nc2cc(F)ccc2[nH]1,,,,"MolVec 0.9.8 (git b412dd0, Maven Central)",0.4165549948811531
uspto,US07317033-20080108-C00036,COc1ccc2[nH]c(Nc3c(C)csc3Cl)nc2c1,,,,"MolVec 0.9.8 (git b412dd0, Maven Central)",0.10364484414458275
uspto,US07317033-20080108-C00037,COc1ccc2[nH]c(Nc3c(Cl)sc(Cl)c3C)nc2c1,,,,"MolVec 0.9.8 (git b412dd0, Maven Central)",0.39034696482121944
uspto,US07317033-20080108-C00038,COc1cccc2[nH]c(Nc3cscc3C)nc12,,,,"MolVec 0.9.8 (git b412dd0, Maven Central)",0.3435597661882639
uspto,US07317033-20080108-C00039,COc1cccc2[nH]c(Nc3c(C)csc3Cl)nc12,,,,"MolVec 0.9.8 (git b412dd0, Maven Central)",0.09744666889309883
uspto,US07317033-20080108-C00040,Cc1cscc1Nc1nc2c(Cl)cc(C(F)(F)F)cc2[nH]1,,,,"MolVec 0.9.8 (git b412dd0, Maven Central)",0.09210186637938023
uspto,US07317033-20080108-C00041,Cc1csc(Cl)c1Nc1nc2c(Cl)cc(C(F)(F)F)cc2[nH]1,,,,"MolVec 0.9.8 (git b412dd0, Maven Central)",0.13699756562709808
uspto,US07317033-20080108-C00042,Cc1cscc1Nc1nc2c(C(=O)O)cccc2[nH]1,,,,"MolVec 0.9.8 (git b412dd0, Maven Central)",0.1265740729868412
uspto,US07317033-20080108-C00043,Cc1csc(Cl)c1Nc1nc2c(C(=O)O)cccc2[nH]1,,,,"MolVec 0.9.8 (git b412dd0, Maven Central)",0.08566858060657978
uspto,US07317033-20080108-C00044,Cc1cscc1Nc1nc2c(C(=O)N3CCCCC3)cccc2[nH]1,,,,"MolVec 0.9.8 (git b412dd0, Maven Central)",0.14957485534250736
uspto,US07317033-20080108-C00045,Cc1csc(Cl)c1Nc1nc2c(C(=O)N3CCCCC3)cccc2[nH]1,,,,"MolVec 0.9.8 (git b412dd0, Maven Central)",0.14392060413956642
uspto,US07317033-20080108-C00046,Cc1csc(Cl)c1Nc1nc2c(F)cccc2[nH]1,,,,"MolVec 0.9.8 (git b412dd0, Maven Central)",0.1329892762005329
uspto,US07317033-20080108-C00047,Cc1csc(Cl)c1Nc1nc2c(O)cccc2[nH]1,,,,"MolVec 0.9.8 (git b412dd0, Maven Central)",0.07899585925042629
uspto,US07317033-20080108-C00053,Cc1csc(Cl)c1N(C)c1nc2ccccc2[nH]1,,,,"MolVec 0.9.8 (git b412dd0, Maven Central)",0.13471447117626667
uspto,US07317033-20080108-C00055,Cc1csc(Cl)c1Nc1nc2cc(F)c(F)cc2[nH]1,,,,"MolVec 0.9.8 (git b412dd0, Maven Central)",0.19326776266098022
uspto,US07317033-20080108-C00056,Cc1csc(Br)c1Nc1nc2cc(F)c(F)cc2[nH]1,,,,"MolVec 0.9.8 (git b412dd0, Maven Central)",0.10271741822361946
uspto,US07317033-20080108-C00057,NC1CCCCC12OCCO2,,,,"MolVec 0.9.8 (git b412dd0, Maven Central)",0.05452240817248821
uspto,US07317033-20080108-C00058,Cc1cscc1NC(=S)NC1CCCCC12OCCO2,,,,"MolVec 0.9.8 (git b412dd0, Maven Central)",0.129956578835845
uspto,US07317033-20080108-C00060,Cc1cscc1/N=C(\N)NC1CCCCC12OCCO2,,,,"MolVec 0.9.8 (git b412dd0, Maven Central)",0.10670829750597477
uspto,US07317033-20080108-C00061,Cc1csc(Cl)c1/N=C(\N)NC1CCCCC12OCCO2,,,,"MolVec 0.9.8 (git b412dd0, Maven Central)",0.12647657468914986
uspto,US07317033-20080108-C00066,Clc1csc(Cl)c1Nc1nc2ccccc2[nH]1,,,,"MolVec 0.9.8 (git b412dd0, Maven Central)",0.09512001276016235
uspto,US07317033-20080108-C00067,Clc1csc(Br)c1Nc1nc2ccccc2[nH]1,,,,"MolVec 0.9.8 (git b412dd0, Maven Central)",0.11386490799486637
uspto,US07317033-20080108-C00068,Nc1cc(F)ccc1NC(=S)Nc1cscc1Cl,,,,"MolVec 0.9.8 (git b412dd0, Maven Central)",0.07800025679171085
uspto,US07317033-20080108-C00069,Fc1ccc2[nH]c(Nc3cscc3Cl)nc2c1,,,,"MolVec 0.9.8 (git b412dd0, Maven Central)",0.07003149203956127
uspto,US07317033-20080108-C00070,Fc1ccc2[nH]c(Nc3c(Cl)csc3Cl)nc2c1,,,,"MolVec 0.9.8 (git b412dd0, Maven Central)",0.07729353196918964
uspto,US07317033-20080108-C00071,Fc1ccc2[nH]c(Nc3c(Cl)csc3Br)nc2c1,,,,"MolVec 0.9.8 (git b412dd0, Maven Central)",0.34144770354032516
uspto,US07317033-20080108-C00072,Nc1cc(F)c(F)cc1NC(=S)Nc1cscc1Cl,,,,"MolVec 0.9.8 (git b412dd0, Maven Central)",0.1256934516131878
uspto,US07317033-20080108-C00073,Fc1cc2nc(Nc3cscc3Cl)[nH]c2cc1F,,,,"MolVec 0.9.8 (git b412dd0, Maven Central)",0.13466684892773628
uspto,US07317033-20080108-C00075,Fc1cc2nc(Nc3c(Cl)csc3Br)[nH]c2cc1F,,,,"MolVec 0.9.8 (git b412dd0, Maven Central)",0.08092008158564568
uspto,US07317033-20080108-C00076,Cc1cccc2[nH]c(Nc3cscc3Cl)nc12,,,,"MolVec 0.9.8 (git b412dd0, Maven Central)",0.09829793870449066
uspto,US07317033-20080108-C00077,Cc1cccc2[nH]c(Nc3c(Cl)csc3Cl)nc12,,,,"MolVec 0.9.8 (git b412dd0, Maven Central)",0.07795018702745438
uspto,US07317033-20080108-C00078,Clc1cscc1NC1=N[C@H]2CCCC[C@@H]2N1,,,,"MolVec 0.9.8 (git b412dd0, Maven Central)",0.07808413542807102
uspto,US07317033-20080108-C00079,Clc1cscc1NC1=N[C@@H]2CCCC[C@H]2N1,,,,"MolVec 0.9.8 (git b412dd0, Maven Central)",0.09696535393595695
uspto,US07317033-20080108-C00080,Clc1cscc1NC1=N[C@@H]2CCCC[C@@H]2N1,,,,"MolVec 0.9.8 (git b412dd0, Maven Central)",0.45162749104201794
uspto,US07317033-20080108-C00081,Clc1csc(Cl)c1NC1=N[C@@H]2CCCC[C@H]2N1,,,,"MolVec 0.9.8 (git b412dd0, Maven Central)",0.27045268937945366
uspto,US07317033-20080108-C00082,Clc1csc(Cl)c1NC1=N[C@@H]2CCCC[C@@H]2N1,,,,"MolVec 0.9.8 (git b412dd0, Maven Central)",0.09250080771744251
uspto,US07317033-20080108-C00083,Clc1cscc1Nc1nc2c(Cl)cccc2[nH]1,,,,"MolVec 0.9.8 (git b412dd0, Maven Central)",0.10850658640265465
uspto,US07317033-20080108-C00084,Clc1csc(Cl)c1Nc1nc2c(Cl)cccc2[nH]1,,,,"MolVec 0.9.8 (git b412dd0, Maven Central)",0.08391193300485611
uspto,US07317036-20080108-C00001,C=[SH](=O)c1cccc2c3c(n(Cc4ccc(Cl)cc4)c12)[C@@](CC)(CC(=O)O)CCC3,,,,"MolVec 0.9.8 (git b412dd0, Maven Central)",0.19064256362617016
uspto,US07317036-20080108-C00005,c1ccc2c3c([nH]c2c1)CCC3,,,,"MolVec 0.9.8 (git b412dd0, Maven Central)",0.12217080034315586
uspto,US07317036-20080108-C00006,c1ccc2c3c([nH]c2c1)CCCC3,,,,"MolVec 0.9.8 (git b412dd0, Maven Central)",0.12082150764763355
uspto,US07317036-20080108-C00015,CCOC(=O)CC1CCc2c1[nH]c1ccc(F)cc21,,,,"MolVec 0.9.8 (git b412dd0, Maven Central)",0.06455346941947937
uspto,US07317036-20080108-C00016,O=C(O)CC1CCc2c1[nH]c1ccc(F)cc21,,,,"MolVec 0.9.8 (git b412dd0, Maven Central)",0.10663332231342793
uspto,US07317036-20080108-C00017,O=C(O)CC1CCc2c1[nH]c1c(Br)cc(F)cc21,,,,"MolVec 0.9.8 (git b412dd0, Maven Central)",0.08472215943038464
uspto,US07317036-20080108-C00018,O=C(O)CC1CCc2c1n(Cc1ccc(Cl)cc1)c1c(Br)cc(F)cc21,,,,"MolVec 0.9.8 (git b412dd0, Maven Central)",0.2408271711319685
uspto,US07317036-20080108-C00019,O=C(O)C[C@H]1CCc2c1n(Cc1ccc(Cl)cc1)c1c(Br)cc(F)cc21,,,,"MolVec 0.9.8 (git b412dd0, Maven Central)",0.1102503277361393
uspto,US07317036-20080108-C00020,CC(c1ccc(Cl)cc1)n1c2c(c3cc(F)cc(S(C)(=O)=O)c31)CCC2CC(=O)O,,,,"MolVec 0.9.8 (git b412dd0, Maven Central)",0.12435832247138023
uspto,US07317036-20080108-C00021,CS(=O)(=O)c1cc(F)cc2c3c(n(Cc4ccc(Cl)cc4)c12)C(CC(=O)O)CCC3,,,,"MolVec 0.9.8 (git b412dd0, Maven Central)",0.13557022996246815
uspto,US07317036-20080108-C00022,CCOC(=O)CC1CCCc2c1[nH]c1c(Br)cc(F)cc21,,,,"MolVec 0.9.8 (git b412dd0, Maven Central)",0.10267066769301891
uspto,US07317036-20080108-C00023,CCOC(=O)CC1CCCc2c1n(Cc1ccc(Cl)cc1)c1c(Br)cc(F)cc21,,,,"MolVec 0.9.8 (git b412dd0, Maven Central)",0.11986340768635273
uspto,US07317036-20080108-C00024,CS(=O)(=O)c1cc(F)cc2c3c(n(Cc4ccc(Cl)cc4)c12)[C@@H](CC(=O)O)CC3=O,,,,"MolVec 0.9.8 (git b412dd0, Maven Central)",0.14279965311288834
uspto,US07317036-20080108-C00025,COC(=O)C[C@H]1CC(=O)c2c1n(Cc1ccc(Cl)cc1)c1c(Br)cc(F)cc21,,,,"MolVec 0.9.8 (git b412dd0, Maven Central)",0.13749168440699577
uspto,US07317038-20080108-C00025,CC(=O)c1cc2c(=O)c3cc(O)c(O)cc3oc2c(C(C)=O)c1-c1coc2cc(O)c(O)c(C(=O)O)c2c1=O,,,,"MolVec 0.9.8 (git b412dd0, Maven Central)",0.43077000230550766
uspto,US07317038-20080108-C00026,CC(=O)c1cc2c(=O)c3c(C(=O)O)c(O)c(O)cc3oc2c(C(C)=O)c1-c1coc2cc(O)c(O)c(C(=O)O)c2c1=O.P,,,,"MolVec 0.9.8 (git b412dd0, Maven Central)",0.5317886974662542
uspto,US07317038-20080108-C00028,C/C=C/C(=O)c1cc2c(=O)c3c(C(=O)O)cc(O)cc3oc2c(C(C)=O)c1-c1coc2cc(O)c(O)c(C(=O)O)c2c1=O,,,,"MolVec 0.9.8 (git b412dd0, Maven Central)",0.4478376917541027
uspto,US07317038-20080108-C00029,COCc1c(-c2cc3c(=O)c4c(C(=O)O)c(O)c(O)cc4oc3c(C(C)=O)c2C)oc2cc(O)c(O)c(C(=O)O)c2c1=O,,,,"MolVec 0.9.8 (git b412dd0, Maven Central)",0.5759901683777571
uspto,US07317038-20080108-C00032,CC(=O)c1cc2c(=O)c3c(C(=O)O)c(O)c(O)cc3oc2c(C(C)=O)c1-c1coc2cc(O)cc(C(=O)O)c2c1=O,,,,"MolVec 0.9.8 (git b412dd0, Maven Central)",0.6187625620514154
uspto,US07317038-20080108-C00033,CC(=O)c1cc2c(=O)c3c(C(=O)O)c(O)c(O)cc3oc2c(C(C)=O)c1-c1coc2cc(O)c(O)cc2c1=O,,,,"MolVec 0.9.8 (git b412dd0, Maven Central)",0.4937142264097929
uspto,US07317038-20080108-C00034,CC(=O)c1cc2c(=O)c3c(C(=O)O)cc(O)cc3oc2c(C(C)=O)c1-c1coc2cc(O)c(O)cc2c1=O,,,,"MolVec 0.9.8 (git b412dd0, Maven Central)",0.41430683620274067
uspto,US07317038-20080108-C00035,CC(=O)c1c(-c2coc3cc(O)c(O)cc3c2=O)c(C(=O)[C@@H]2CC3C[C@H]32)cc2c(=O)c3cc(O)c(O)cc3oc12,,,,"MolVec 0.9.8 (git b412dd0, Maven Central)",0.41800544410943985
uspto,US07317038-20080108-C00036,CCC(=O)c1cc2c(=O)c3c(C(=O)O)c(O)c(O)cc3oc2c(C(C)=O)c1-c1cc(C(C)=O)c(O)c(C(=O)c2cc(O)c(O)cc2O)c1,,,,"MolVec 0.9.8 (git b412dd0, Maven Central)",0.8898544106632471
uspto,US07317038-20080108-C00037,CC(=O)c1c(C)c(-c2cc(=O)c3c(C(=O)O)cc(O)cc3o2)cc2c(=O)c3c(C(=O)O)c(O)c(O)cc3oc12,,,,"MolVec 0.9.8 (git b412dd0, Maven Central)",0.4382593631744385
uspto,US07317038-20080108-C00038,C/C=C\OCc1c(-c2cc3c(=O)c4cc(O)c(O)cc4oc3c(C(C)=O)c2C)oc2cc(O)c(O)c(C(=O)O)c2c1=O,,,,"MolVec 0.9.8 (git b412dd0, Maven Central)",0.7157666143029928
uspto,US07317038-20080108-C00040,CC(=O)c1c(C)c(C(=O)C2(O)COc3cc(O)c(O)cc3C2=O)cc2c(=O)c3c(C(=O)O)c(O)c(O)cc3oc12,,,,"MolVec 0.9.8 (git b412dd0, Maven Central)",0.4470831695944071
uspto,US07317038-20080108-C00041,COC(=O)c1cc(O)cc2oc(-c3cc4c(=O)c5c(C(=O)O)c(O)c(O)cc5oc4c(C(C)=O)c3C)cc(=O)c12,,,,"MolVec 0.9.8 (git b412dd0, Maven Central)",0.4041241705417633
uspto,US07317038-20080108-C00042,C.CC(=O)c1cc(-c2c(C(C)=O)cc3c(=O)c4cc(O)c(O)cc4oc3c2C(C)=O)cc(C(=O)c2cc(O)c(O)cc2O)c1O,,,,"MolVec 0.9.8 (git b412dd0, Maven Central)",1.011095441877842
uspto,US07317038-20080108-C00043,C.CC(=O)c1c(C)c(-c2oc3cc(O)c(O)c(C(=O)O)c3c(=O)c2Cc2c(C)oc3c(c2=O)COc2cc(O)c(O)cc2-3)cc2c(=O)c3c(C(=O)O)c(O)c(O)cc3oc12,,,,"MolVec 0.9.8 (git b412dd0, Maven Central)",1.3938012439757586
uspto,US07317038-20080108-C00044,CC(=O)c1c(C)c(-c2cc(=O)c3c(C(=O)O)c(O)c(O)cc3o2)cc2c(=O)c3c(C(=O)O)c(O)c(O)cc3oc12,,,,"MolVec 0.9.8 (git b412dd0, Maven Central)",0.427320783957839
uspto,US07317050-20080108-C00002,CC(C(=O)c1ccccc1)N1C(=O)c2ccccc2C1=O,,,,"MolVec 0.9.8 (git b412dd0, Maven Central)",0.06197120063006878
uspto,US07317058-20080108-C00007,Cc1cc(N2C(=O)c3ccccc3C2=O)ccc1Oc1ccccc1,,,,"MolVec 0.9.8 (git b412dd0, Maven Central)",0.14294655248522758
uspto,US07317058-20080108-C00030,CCCCCN(CCCCC)c1ccc(/C=C/C2=CC(=C/C=C/C3=C(C#N)C(=C(C#N)C#N)OC3(C)C)/CC(C)(C)C2)cc1,,,,"MolVec 0.9.8 (git b412dd0, Maven Central)",0.22629150561988354
uspto,US07317063-20080108-C00009,CC(C)N1CN(C(C)C)CC(CO)([N+](=O)[O-])C1,,,,"MolVec 0.9.8 (git b412dd0, Maven Central)",0.3120749332010746
uspto,US07317066-20080108-C00005,CC1=C(O(C)(C)C)C=CC(OO(C)C2=CC=C(C(C)(C)(C)=O)C=C2)=C1,,,,"MolVec 0.9.8 (git b412dd0, Maven Central)",0.09207338653504848
uspto,US07317066-20080108-C00008,Cc1ccc(-c2ccc3cc(C)ccc3c2)cc1,,,,"MolVec 0.9.8 (git b412dd0, Maven Central)",0.13349271938204765
uspto,US07317066-20080108-C00036,COc1ccc2cc(C(=O)O)ccc2c1,,,,"MolVec 0.9.8 (git b412dd0, Maven Central)",0.050593581050634384
uspto,US07317066-20080108-C00037,COc1ccc(-c2ccc(C(=O)O)cc2)cc1,,,,"MolVec 0.9.8 (git b412dd0, Maven Central)",0.055641988292336464
uspto,US07317066-20080108-C00040,CC(=O)Oc1ccc2cc(OC(C)=O)ccc2c1,,,,"MolVec 0.9.8 (git b412dd0, Maven Central)",0.04275902733206749
uspto,US07317066-20080108-C00041,CC(=O)Oc1ccc(-c2ccc(OC(C)=O)cc2)cc1,,,,"MolVec 0.9.8 (git b412dd0, Maven Central)",0.0899886954575777
uspto,US07317066-20080108-C00043,CC(=O)Oc1ccc2cc(-c3ccc4cc(OC(C)=O)ccc4c3)ccc2c1,,,,"MolVec 0.9.8 (git b412dd0, Maven Central)",0.16636666283011436
uspto,US07317067-20080108-C00036,COc1ccc(-c2ccccc2-c2ccccc2-c2ccc(OC(C)=O)c(C)c2)cc1,,,,"MolVec 0.9.8 (git b412dd0, Maven Central)",0.22510633803904057
uspto,US07317070-20080108-C00006,CCOC(=O)CCC1NC(=O)OC1=O,,,,"MolVec 0.9.8 (git b412dd0, Maven Central)",0.13416177034378052
uspto,US07317070-20080108-C00008,C.C1C2CC12.CC(/C=C\O)C(C)(C)C.N,,,,"MolVec 0.9.8 (git b412dd0, Maven Central)",0.22044473141431808
uspto,US07317101-20080108-C00005,CC(=O)Cc1csc(N)n1,,,,"MolVec 0.9.8 (git b412dd0, Maven Central)",0.04354814440011978
uspto,US07317101-20080108-C00033,N[C@@H]1C(=O)N2C(C(=O)O)=C(C=O)CS[C@H]12,,,,"MolVec 0.9.8 (git b412dd0, Maven Central)",0.13483322225511074
uspto,US07317101-20080108-C00064,CNC(=O)Nc1ccccc1,,,,"MolVec 0.9.8 (git b412dd0, Maven Central)",0.059705039486289024
uspto,US07317101-20080108-C00071,C/N=C(/NC)N1CCOCC1,,,,"MolVec 0.9.8 (git b412dd0, Maven Central)",0.06769205443561077
uspto,US07317101-20080108-C00084,C/N=C(/NC)N1CCNCC1,,,,"MolVec 0.9.8 (git b412dd0, Maven Central)",0.08366482704877853
uspto,US07317101-20080108-C00092,C/N=C(/NC)N1CCN(C=O)CC1,,,,"MolVec 0.9.8 (git b412dd0, Maven Central)",0.06365022994577885
uspto,US07317101-20080108-C00093,CNC(=O)[CH-][n+]1ccccc1,,,,"MolVec 0.9.8 (git b412dd0, Maven Central)",0.06358998827636242
uspto,US07317101-20080108-C00094,CNC(=O)c1nn(C)c(=S)[nH]1,,,,"MolVec 0.9.8 (git b412dd0, Maven Central)",0.06221529468894005
uspto,US07317101-20080108-C00098,CNc1nc2ccccc2s1,,,,"MolVec 0.9.8 (git b412dd0, Maven Central)",0.0662782322615385
uspto,US07317101-20080108-C00103,CNC(=O)c1cccnc1,,,,"MolVec 0.9.8 (git b412dd0, Maven Central)",0.03942258656024933
uspto,US07317101-20080108-C00106,CNc1nccc(C(F)(F)F)n1,,,,"MolVec 0.9.8 (git b412dd0, Maven Central)",0.03929464891552925
uspto,US07317101-20080108-C00107,CNc1cc(=O)[nH]c(=O)[nH]1,,,,"MolVec 0.9.8 (git b412dd0, Maven Central)",0.05098865181207657
uspto,US07317101-20080108-C00109,CN(C)C(=N)N1CCN(C=O)CC1,,,,"MolVec 0.9.8 (git b412dd0, Maven Central)",0.05313453637063503
uspto,US07317101-20080108-C00161,CNC(=N)N1CCN(C=O)CC1,,,,"MolVec 0.9.8 (git b412dd0, Maven Central)",0.11043084785342216
uspto,US07317101-20080108-C00162,CCC.CN=C(NC)NC,,,,"MolVec 0.9.8 (git b412dd0, Maven Central)",0.1875519845634699
uspto,US07317101-20080108-C00164,CNC(=N)c1ccc(O)c(O)c1,,,,"MolVec 0.9.8 (git b412dd0, Maven Central)",0.05610059201717377
uspto,US07317101-20080108-C00167,CNC(=N)N1CC[N+](C)(C)CC1,,,,"MolVec 0.9.8 (git b412dd0, Maven Central)",0.0498698353767395
uspto,US07317101-20080108-C00168,CNC(=N)N1CCN(C)CC1,,,,"MolVec 0.9.8 (git b412dd0, Maven Central)",0.06750689074397087
uspto,US07317101-20080108-C00170,CCC.CNC(=N)NC,,,,"MolVec 0.9.8 (git b412dd0, Maven Central)",0.1678101010620594
uspto,US07317101-20080108-C00171,CCNC(=N)N(C)C.CN(C)C,,,,"MolVec 0.9.8 (git b412dd0, Maven Central)",0.3186999727040529
uspto,US07317101-20080108-C00172,CNC(=N)NN=Cc1ccc(O)c(O)c1,,,,"MolVec 0.9.8 (git b412dd0, Maven Central)",0.18145520612597466
uspto,US07317101-20080108-C00178,CC.CC/N=C(\NC)SC,,,,"MolVec 0.9.8 (git b412dd0, Maven Central)",0.04716767556965351
uspto,US07317101-20080108-C00179,CCC.CNC(=S)NC,,,,"MolVec 0.9.8 (git b412dd0, Maven Central)",0.1687198393046856
uspto,US07317101-20080108-C00182,CNC(=S)N1CCN(C)CC1,,,,"MolVec 0.9.8 (git b412dd0, Maven Central)",0.0545850545167923
uspto,US07317101-20080108-C00185,CC/N=C(\NN)N1CCCC1,,,,"MolVec 0.9.8 (git b412dd0, Maven Central)",0.05758562311530113
uspto,US07317101-20080108-C00186,C/N=C(\NN)N1CCOCC1,,,,"MolVec 0.9.8 (git b412dd0, Maven Central)",0.09232654049992561
uspto,US07317101-20080108-C00188,CN1CCN(C(=N)NN)CC1,,,,"MolVec 0.9.8 (git b412dd0, Maven Central)",0.06554005481302738
uspto,US07317101-20080108-C00190,C/N=C(\NN)N1CCN(C=O)CC1,,,,"MolVec 0.9.8 (git b412dd0, Maven Central)",0.06105701997876167
uspto,US07317101-20080108-C00191,C/N=C(\NN)N1CCNCC1,,,,"MolVec 0.9.8 (git b412dd0, Maven Central)",0.051487887278199196
uspto,US07317101-20080108-C00192,N=C(NN)NCC(F)(F)F,,,,"MolVec 0.9.8 (git b412dd0, Maven Central)",0.052627209573984146
uspto,US07317101-20080108-C00195,CCNC(=N)N(C)N,,,,"MolVec 0.9.8 (git b412dd0, Maven Central)",0.30444148927927017
uspto,US07317101-20080108-C00199,CN(N)C(=N)N1CCNCC1,,,,"MolVec 0.9.8 (git b412dd0, Maven Central)",0.06989667750895023
uspto,US07317106-20080108-C00009,O=S(=O)([N-]S(=O)(=O)C(F)(F)F)C(F)(F)F,,,,"MolVec 0.9.8 (git b412dd0, Maven Central)",0.040505675598978996
uspto,US07317110-20080108-C00002,CC(C)(C)c1cc(-c2ccc(N)cc2)cc(C(C)(C)C)c1Oc1ccc(N)cc1,,,,"MolVec 0.9.8 (git b412dd0, Maven Central)",0.159484026953578
uspto,US07317110-20080108-C00012,O=C1OC(=O)c2cc(-c3ccc4c(c3)C(=O)OC4=O)ccc21,,,,"MolVec 0.9.8 (git b412dd0, Maven Central)",0.10351855866611004
uspto,US07317110-20080108-C00013,O=c1oc(=O)c2cc3c(=O)oc(=O)c3cc12,,,,"MolVec 0.9.8 (git b412dd0, Maven Central)",0.1556310411542654
uspto,US07317110-20080108-C00014,O=C(c1ccc2c(c1)C(=O)OC2=O)c1ccc2c(c1)C(=O)OC2=O,,,,"MolVec 0.9.8 (git b412dd0, Maven Central)",0.11529030650854111
uspto,US07317110-20080108-C00015,O=C1OC(=O)c2cc(Oc3ccc4c(c3)C(=O)OC4=O)ccc21,,,,"MolVec 0.9.8 (git b412dd0, Maven Central)",0.18721442110836506
uspto,US07317110-20080108-C00016,O=C1OC(=O)c2cc(C(c3ccc4c(c3)C(=O)OC4=O)(C(F)(F)F)C(F)(F)F)ccc21,,,,"MolVec 0.9.8 (git b412dd0, Maven Central)",0.14587931521236897
uspto,US07317110-20080108-C00017,O=C1OC(=O)c2cc(S(=O)(=O)c3ccc4c(c3)C(=O)OC4=O)ccc21,,,,"MolVec 0.9.8 (git b412dd0, Maven Central)",0.13775443471968174
uspto,US07317111-20080108-C00002,CCCC,,,,"MolVec 0.9.8 (git b412dd0, Maven Central)",0.09383523464202881
uspto,US07317111-20080108-C00003,CCCC,,,,"MolVec 0.9.8 (git b412dd0, Maven Central)",0.06863859482109547
uspto,US07317113-20080108-C00011,CC(=O)O[C@H]1C(=O)[C@@]2(C)C([C@H](C)[C@]34OC(=O)O[C@H]3C(O)C(C)=C1C4(C)C)[C@]1(OC(C)=O)CO[C@@H]1C[C@@H]2OC(=O)OC(C)(C)C,,,,"MolVec 0.9.8 (git b412dd0, Maven Central)",0.19262940995395184
uspto,US07317114-20080108-C00002,COc1ccc(C[C@H]2C(=O)OC[C@@H]2Cc2ccc3c(c2)OCO3)cc1OC,,,,"MolVec 0.9.8 (git b412dd0, Maven Central)",0.3290603216737509
uspto,US07317116-20080108-C00004,CCOCc1ccc(C=O)o1,,,,"MolVec 0.9.8 (git b412dd0, Maven Central)",0.04306230880320072
uspto,US07317123-20080108-C00016,CC(NCC[C@@H]1C[C@H](CC(=O)OC(C)(C)C)OC(C)(C)O1)c1ccccc1,,,,"MolVec 0.9.8 (git b412dd0, Maven Central)",0.11414239183068275
uspto,US07317123-20080108-C00017,CC(C)C(=O)C(C(=O)Nc1ccccc1)C(C(=O)c1ccc(F)cc1)c1ccccc1,,,,"MolVec 0.9.8 (git b412dd0, Maven Central)",0.1849437654018402
uspto,US07317124-20080108-C00012,C1CCC2=NCCCN2CC1,,,,"MolVec 0.9.8 (git b412dd0, Maven Central)",0.0313783660531044
uspto,US07317124-20080108-C00013,Cc1cc(S(F)(F)(F)(F)F)c(C(=O)[O-])cc1C(=O)O,,,,"MolVec 0.9.8 (git b412dd0, Maven Central)",0.11329604312777519
uspto,US07317124-20080108-C00014,Nc1ccc(S(F)(F)(F)(F)F)cc1,,,,"MolVec 0.9.8 (git b412dd0, Maven Central)",0.04402284324169159
uspto,US07317124-20080108-C00015,Nc1ccc(S(F)(F)(F)(F)F)cc1Br,,,,"MolVec 0.9.8 (git b412dd0, Maven Central)",0.0631980299949646
uspto,US07317124-20080108-C00016,Cc1cc(S(F)(F)(F)(F)F)ccc1N,,,,"MolVec 0.9.8 (git b412dd0, Maven Central)",0.060263851657509804
uspto,US07317124-20080108-C00017,Cc1cc(S(F)(F)(F)(F)F)ccc1Br,,,,"MolVec 0.9.8 (git b412dd0, Maven Central)",0.06156156398355961
uspto,US07317124-20080108-C00018,Cc1cc(S(F)(F)(F)(F)F)ccc1C#N,,,,"MolVec 0.9.8 (git b412dd0, Maven Central)",0.038313647732138634
uspto,US07317124-20080108-C00019,Cc1cc(S(F)(F)(F)(F)F)ccc1C(=O)O,,,,"MolVec 0.9.8 (git b412dd0, Maven Central)",0.10956944152712822
uspto,US07317124-20080108-C00020,COC(=O)c1cc(N)c(Cl)c(S(F)(F)(F)(F)F)c1,,,,"MolVec 0.9.8 (git b412dd0, Maven Central)",0.07346591725945473
uspto,US07317124-20080108-C00021,COC(=O)c1cc(N)cc(S(F)(F)(F)(F)F)c1Cl,,,,"MolVec 0.9.8 (git b412dd0, Maven Central)",0.0739412009716034
uspto,US07317124-20080108-C00022,O=C(O)c1cccc(S(F)(F)(F)(F)F)c1,,,,"MolVec 0.9.8 (git b412dd0, Maven Central)",0.06802563183009624
uspto,US07317124-20080108-C00023,O=C(O)c1cc([N+](=O)[O-])cc(S(F)(F)(F)(F)F)c1,,,,"MolVec 0.9.8 (git b412dd0, Maven Central)",0.06797991506755352
uspto,US07317124-20080108-C00024,COC(=O)c1cc([N+](=O)[O-])cc(S(F)(F)(F)(F)F)c1,,,,"MolVec 0.9.8 (git b412dd0, Maven Central)",0.07490849494934082
uspto,US07317124-20080108-C00025,COC(=O)c1cc(N)cc(S(F)(F)(F)(F)F)c1,,,,"MolVec 0.9.8 (git b412dd0, Maven Central)",0.07602830603718758
uspto,US07317124-20080108-C00028,O=C1c2ccccc2C(=O)N1c1cccc(S(F)(F)(F)(F)F)c1,,,,"MolVec 0.9.8 (git b412dd0, Maven Central)",0.09168692119419575
uspto,US07317124-20080108-C00029,Nc1ccc(N2C(=O)c3ccccc3C2=O)cc1S(F)(F)(F)(F)F,,,,"MolVec 0.9.8 (git b412dd0, Maven Central)",0.11140754073858261
uspto,US07317124-20080108-C00030,O=C1c2ccccc2C(=O)N1c1ccc(NO)c(S(F)(F)(F)(F)F)c1,,,,"MolVec 0.9.8 (git b412dd0, Maven Central)",0.13668225519359112
uspto,US07317124-20080108-C00031,N#Cc1ccc(N2C(=O)c3ccccc3C2=O)cc1S(F)(F)(F)(F)F,,,,"MolVec 0.9.8 (git b412dd0, Maven Central)",0.1050868034362793
uspto,US07317124-20080108-C00035,COc1c(Br)cc(S(F)(F)(F)(F)F)c(C(=O)[O-])c1Br,,,,"MolVec 0.9.8 (git b412dd0, Maven Central)",0.3013453148305416
uspto,US07317124-20080108-C00036,Oc1ccc(S(F)(F)(F)(F)F)cc1,,,,"MolVec 0.9.8 (git b412dd0, Maven Central)",0.08394913002848625
uspto,US07317124-20080108-C00037,COc1ccc(S(F)(F)(F)(F)F)cc1,,,,"MolVec 0.9.8 (git b412dd0, Maven Central)",0.049389394000172615
uspto,US07317124-20080108-C00038,Oc1c(Br)cc(S(F)(F)(F)(F)F)cc1Br,,,,"MolVec 0.9.8 (git b412dd0, Maven Central)",0.057938506826758385
uspto,US07317124-20080108-C00039,COc1c(Br)cc(S(F)(F)(F)(F)F)cc1Br,,,,"MolVec 0.9.8 (git b412dd0, Maven Central)",0.2038904931396246
uspto,US07317124-20080108-C00041,COc1ccc(S(F)(F)(F)(F)F)cc1Cl,,,,"MolVec 0.9.8 (git b412dd0, Maven Central)",0.24957899563014507
uspto,US07317124-20080108-C00042,Oc1c(Cl)cc(S(F)(F)(F)(F)F)cc1Br,,,,"MolVec 0.9.8 (git b412dd0, Maven Central)",0.06002555228769779
uspto,US07317124-20080108-C00043,COc1c(Cl)cc(S(F)(F)(F)(F)F)cc1Br,,,,"MolVec 0.9.8 (git b412dd0, Maven Central)",0.061309121549129486
uspto,US07317124-20080108-C00044,Nc1cc(S(F)(F)(F)(F)F)c([N+](=O)[O-])cc1Cl,,,,"MolVec 0.9.8 (git b412dd0, Maven Central)",0.12794973514974117
uspto,US07317125-20080108-C00035,CC(C)N(NC(=O)c1ccccc1)C(=O)CSc1ccccc1Br,,,,"MolVec 0.9.8 (git b412dd0, Maven Central)",0.23661267198622227
uspto,US07317125-20080108-C00037,COCCOc1ccc(C(=O)NN(C(=O)COc2ccc(F)cc2Br)C(C)C)cc1,,,,"MolVec 0.9.8 (git b412dd0, Maven Central)",0.0971524678170681
uspto,US07317125-20080108-C00038,CC(C)N(NC(=O)c1cccs1)C(=O)COc1ccc(F)cc1Br,,,,"MolVec 0.9.8 (git b412dd0, Maven Central)",0.09346309676766396
uspto,US07317125-20080108-C00039,CC(C)N(NC(=O)c1ccsc1)C(=O)COc1ccc(F)cc1Br,,,,"MolVec 0.9.8 (git b412dd0, Maven Central)",0.13395319692790508
uspto,US07317125-20080108-C00040,CC(C)N(NC(=O)C1CCSCC1)C(=O)COc1ccc(F)cc1Br,,,,"MolVec 0.9.8 (git b412dd0, Maven Central)",0.09721122868359089
uspto,US07317125-20080108-C00042,Cc1ccc(OCC(=O)N(NC(=O)c2ccccc2)C(C)C)c(Br)c1,,,,"MolVec 0.9.8 (git b412dd0, Maven Central)",0.12119394168257713
uspto,US07317125-20080108-C00044,CC(C)N(NC(=O)c1ccccc1)C(=O)COc1cc(F)c(F)cc1Br,,,,"MolVec 0.9.8 (git b412dd0, Maven Central)",0.6581519674509764
uspto,US07317125-20080108-C00046,CC(C)N(NC(=O)c1ccccc1)C(=O)COc1c(F)cc(F)cc1Br,,,,"MolVec 0.9.8 (git b412dd0, Maven Central)",0.363014655187726
uspto,US07317125-20080108-C00048,CC(C)N(NC(=O)c1ccccc1)C(=O)COc1ccc(C#N)cc1Br,,,,"MolVec 0.9.8 (git b412dd0, Maven Central)",0.12601962871849537
uspto,US07317125-20080108-C00049,CC(C)N(NC(=O)c1ccccc1)C(=O)COc1ccc(F)cc1-c1ccc(F)cc1,,,,"MolVec 0.9.8 (git b412dd0, Maven Central)",0.16300654038786888
uspto,US07317125-20080108-C00050,CC(C)N(NC(=O)c1ccccc1)C(=O)COc1ccc(F)cc1-c1ccccc1Cl,,,,"MolVec 0.9.8 (git b412dd0, Maven Central)",0.12950502336025238
uspto,US07317125-20080108-C00051,Cc1ccccc1-c1cc(F)ccc1OCC(=O)N(NC(=O)c1ccccc1)C(C)C,,,,"MolVec 0.9.8 (git b412dd0, Maven Central)",0.1499749980866909
uspto,US07317125-20080108-C00052,COc1ccccc1-c1cc(F)ccc1OCC(=O)N(NC(=O)c1ccccc1)C(C)C,,,,"MolVec 0.9.8 (git b412dd0, Maven Central)",0.17420392110943794
uspto,US07317125-20080108-C00053,CC(C)N(NC(=O)c1ccccc1)C(=O)COc1ccc(F)cc1-c1ccccc1F,,,,"MolVec 0.9.8 (git b412dd0, Maven Central)",0.15550748445093632
uspto,US07317125-20080108-C00054,COc1ccc(-c2cc(F)ccc2OCC(=O)N(NC(=O)c2ccccc2)C(C)C)cc1,,,,"MolVec 0.9.8 (git b412dd0, Maven Central)",0.15048882365226746
uspto,US07317125-20080108-C00055,CC(C)N(NC(=O)c1ccccc1)C(=O)COc1ccc(F)cc1-c1ccc(Cl)cc1,,,,"MolVec 0.9.8 (git b412dd0, Maven Central)",0.1948248203843832
uspto,US07317125-20080108-C00056,COc1cccc(-c2cc(F)ccc2OCC(=O)N(NC(=O)c2ccccc2)C(C)C)c1,,,,"MolVec 0.9.8 (git b412dd0, Maven Central)",0.15764576569199562
uspto,US07317125-20080108-C00057,CC(C)N(NC(=O)c1ccccc1)C(=O)COc1ccc(F)cc1-c1cccc(F)c1,,,,"MolVec 0.9.8 (git b412dd0, Maven Central)",0.13484335877001286
uspto,US07317125-20080108-C00058,CC(C)N(NC(=O)c1ccccc1)C(=O)COc1ccc(F)cc1-c1cccc(Cl)c1,,,,"MolVec 0.9.8 (git b412dd0, Maven Central)",0.14415363036096096
uspto,US07317125-20080108-C00059,CC(C)N(NC(=O)c1ccccc1)C(=O)COc1ccc(F)cc1-c1ccccc1,,,,"MolVec 0.9.8 (git b412dd0, Maven Central)",0.12748991698026657
uspto,US07317125-20080108-C00060,CC(C)c1cccc(-c2cc(F)ccc2OCC(=O)N(NC(=O)c2ccccc2)C(C)C)c1,,,,"MolVec 0.9.8 (git b412dd0, Maven Central)",0.19310041889548302
uspto,US07317125-20080108-C00061,CSc1ccccc1-c1cc(F)ccc1OCC(=O)N(NC(=O)c1ccccc1)C(C)C,,,,"MolVec 0.9.8 (git b412dd0, Maven Central)",0.32849813997745514
uspto,US07317125-20080108-C00062,CC(C)N(NC(=O)c1ccccc1)C(=O)COc1ccc(F)cc1-c1ccccc1[N+](=O)[O-],,,,"MolVec 0.9.8 (git b412dd0, Maven Central)",0.5292558688670397
uspto,US07317125-20080108-C00063,CC(C)Oc1ccccc1-c1cc(F)ccc1OCC(=O)N(NC(=O)c1ccccc1)C(C)C,,,,"MolVec 0.9.8 (git b412dd0, Maven Central)",0.18978705257177353
uspto,US07317125-20080108-C00064,CCc1ccccc1-c1cc(F)ccc1OCC(=O)N(NC(=O)c1ccccc1)C(C)C,,,,"MolVec 0.9.8 (git b412dd0, Maven Central)",0.3589528687298298
uspto,US07317125-20080108-C00065,CCCOc1ccccc1-c1cc(F)ccc1OCC(=O)N(NC(=O)c1ccccc1)C(C)C,,,,"MolVec 0.9.8 (git b412dd0, Maven Central)",0.27888484485447407
uspto,US07317125-20080108-C00066,COC(=O)c1ccccc1-c1cc(F)ccc1OCC(=O)N(NC(=O)c1ccccc1)C(C)C,,,,"MolVec 0.9.8 (git b412dd0, Maven Central)",0.16729951091110706
uspto,US07317125-20080108-C00067,Cc1cccc(-c2cc(F)ccc2OCC(=O)N(NC(=O)c2ccccc2)C(C)C)c1C,,,,"MolVec 0.9.8 (git b412dd0, Maven Central)",0.141998291015625
uspto,US07317125-20080108-C00069,CCOc1ccccc1-c1cc(F)ccc1OCC(=O)N(NC(=O)c1ccccc1)C(C)C,,,,"MolVec 0.9.8 (git b412dd0, Maven Central)",0.15432952158153057
uspto,US07317125-20080108-C00070,CC(C)c1ccccc1-c1cc(F)ccc1OCC(=O)N(NC(=O)c1ccccc1)C(C)C,,,,"MolVec 0.9.8 (git b412dd0, Maven Central)",0.14150101132690907
uspto,US07317125-20080108-C00071,CC(C)N(NC(=O)c1ccccc1)C(=O)COc1ccc(F)cc1-c1ccccc1S(C)(=O)=O,,,,"MolVec 0.9.8 (git b412dd0, Maven Central)",0.14817205630242825
uspto,US07317125-20080108-C00072,CC(C)N(NC(=O)c1ccccc1)C(=O)COc1ccc(F)cc1-c1ccc(F)cc1F,,,,"MolVec 0.9.8 (git b412dd0, Maven Central)",0.16039254888892174
uspto,US07317125-20080108-C00073,Cc1cc(F)ccc1-c1cc(F)ccc1OCC(=O)N(NC(=O)c1ccccc1)C(C)C,,,,"MolVec 0.9.8 (git b412dd0, Maven Central)",0.15840338170528412
uspto,US07317125-20080108-C00074,CCc1ccccc1-c1cc(C)ccc1OCC(=O)N(NC(=O)c1ccccc1)C(C)C,,,,"MolVec 0.9.8 (git b412dd0, Maven Central)",0.12970640510320663
uspto,US07317125-20080108-C00075,CCc1ccccc1-c1cc(F)c(F)cc1OCC(=O)N(NC(=O)c1ccccc1)C(C)C,,,,"MolVec 0.9.8 (git b412dd0, Maven Central)",0.1518118679523468
uspto,US07317125-20080108-C00076,CCc1ccccc1-c1cc(F)cc(F)c1OCC(=O)N(NC(=O)c1ccccc1)C(C)C,,,,"MolVec 0.9.8 (git b412dd0, Maven Central)",0.1490637082606554
uspto,US07317125-20080108-C00077,CCc1ccccc1-c1cc(C#N)ccc1OCC(=O)N(NC(=O)c1ccccc1)C(C)C,,,,"MolVec 0.9.8 (git b412dd0, Maven Central)",0.14277970045804977
uspto,US07317125-20080108-C00078,CCc1ccccc1-c1cc(F)ccc1OCC(=O)N(NC(=O)c1ccc(OCCOC)cc1)C(C)C,,,,"MolVec 0.9.8 (git b412dd0, Maven Central)",0.22759396024048328
uspto,US07317125-20080108-C00079,Cc1ccc(OCC(=O)N(NC(=O)c2ccccc2)C(C)C)c(-c2ccccc2OC(F)(F)F)c1,,,,"MolVec 0.9.8 (git b412dd0, Maven Central)",0.18150895275175571
uspto,US07317125-20080108-C00080,CC(C)N(NC(=O)c1ccccc1)C(=O)COc1cc(F)c(F)cc1-c1ccccc1OC(F)(F)F,,,,"MolVec 0.9.8 (git b412dd0, Maven Central)",0.18447633646428585
uspto,US07317125-20080108-C00081,CC(C)N(NC(=O)c1ccccc1)C(=O)COc1c(F)cc(F)cc1-c1ccccc1OC(F)(F)F,,,,"MolVec 0.9.8 (git b412dd0, Maven Central)",0.1545222718268633
uspto,US07317125-20080108-C00082,CC(C)N(NC(=O)C1CCOCC1)C(=O)COc1ccc(F)cc1-c1ccccc1OC(F)(F)F,,,,"MolVec 0.9.8 (git b412dd0, Maven Central)",0.15431690588593483
uspto,US07317125-20080108-C00083,Cc1ccoc1C(=O)NN(C(=O)COc1ccc(F)cc1-c1ccccc1OC(F)(F)F)C(C)C,,,,"MolVec 0.9.8 (git b412dd0, Maven Central)",0.15675080008804798
uspto,US07317125-20080108-C00084,CC(C)N(NC(=O)c1ccco1)C(=O)COc1ccc(F)cc1-c1ccccc1OC(F)(F)F,,,,"MolVec 0.9.8 (git b412dd0, Maven Central)",0.1535784862935543
uspto,US07317125-20080108-C00085,CC(C)N(NC(=O)c1ccoc1)C(=O)COc1ccc(F)cc1-c1ccccc1OC(F)(F)F,,,,"MolVec 0.9.8 (git b412dd0, Maven Central)",0.22196807898581028
uspto,US07317125-20080108-C00087,COCCOc1ccc(C(=O)NN(C(=O)COc2ccc(F)cc2-c2ccccc2OC(F)(F)F)C(C)C)cc1,,,,"MolVec 0.9.8 (git b412dd0, Maven Central)",0.15633188374340534
uspto,US07317125-20080108-C00088,CC(C)N(NC(=O)c1cccs1)C(=O)COc1ccc(F)cc1-c1ccccc1OC(F)(F)F,,,,"MolVec 0.9.8 (git b412dd0, Maven Central)",0.18309978768229485
uspto,US07317125-20080108-C00089,CC(C)N(NC(=O)C1CCSCC1)C(=O)COc1ccc(F)cc1-c1ccccc1OC(F)(F)F,,,,"MolVec 0.9.8 (git b412dd0, Maven Central)",0.15098444372415543
uspto,US07317125-20080108-C00090,CC(C)N(NC(=O)c1ccsc1)C(=O)COc1ccc(F)cc1-c1ccccc1OC(F)(F)F,,,,"MolVec 0.9.8 (git b412dd0, Maven Central)",0.1806645803153515
uspto,US07317125-20080108-C00091,CCc1ccccc1-c1cc(F)ccc1OCC(=O)N(NC(=O)c1ccsc1)C(C)C,,,,"MolVec 0.9.8 (git b412dd0, Maven Central)",0.14783522486686707
uspto,US07317125-20080108-C00092,CC(C)N(NC(=O)c1ccccc1)C(=O)COc1ccccc1C1CCCC1,,,,"MolVec 0.9.8 (git b412dd0, Maven Central)",0.10466324910521507
uspto,US07317125-20080108-C00093,CCC(C)c1ccccc1OCC(=O)N(NC(=O)c1ccccc1)C(C)C,,,,"MolVec 0.9.8 (git b412dd0, Maven Central)",0.13632097281515598
uspto,US07317125-20080108-C00094,CCCc1ccccc1OCC(=O)N(NC(=O)c1ccccc1)C(C)C,,,,"MolVec 0.9.8 (git b412dd0, Maven Central)",0.10318466648459435
uspto,US07317125-20080108-C00095,CC(C)N(NC(=O)c1ccccc1)C(=O)COc1ccccc1Cc1ccccc1,,,,"MolVec 0.9.8 (git b412dd0, Maven Central)",0.12686071172356606
uspto,US07317125-20080108-C00096,CC(C)N(NC(=O)c1ccccc1)C(=O)CSc1ccccc1-c1cccc(F)c1,,,,"MolVec 0.9.8 (git b412dd0, Maven Central)",0.13690891489386559
uspto,US07317125-20080108-C00097,Cc1cccc(-c2ccccc2SCC(=O)N(NC(=O)c2ccccc2)C(C)C)c1C,,,,"MolVec 0.9.8 (git b412dd0, Maven Central)",0.1451687291264534
uspto,US07317125-20080108-C00098,COc1cccc(-c2ccccc2SCC(=O)N(NC(=O)c2ccccc2)C(C)C)c1,,,,"MolVec 0.9.8 (git b412dd0, Maven Central)",0.1291162557899952
uspto,US07317125-20080108-C00099,CC(C)N(NC(=O)c1ccccc1)C(=O)CSc1ccccc1-c1ccc(F)cc1,,,,"MolVec 0.9.8 (git b412dd0, Maven Central)",0.1604022365063429
uspto,US07317125-20080108-C00100,CC(C)N(NC(=O)c1ccccc1)C(=O)CSc1ccccc1-c1cccc(C(F)(F)F)c1,,,,"MolVec 0.9.8 (git b412dd0, Maven Central)",0.14746759459376335
uspto,US07317125-20080108-C00101,COc1ccccc1-c1ccccc1SCC(=O)N(NC(=O)c1ccccc1)C(C)C,,,,"MolVec 0.9.8 (git b412dd0, Maven Central)",0.1364075280725956
uspto,US07317125-20080108-C00102,CC(C)N(NC(=O)c1ccccc1)C(=O)CSc1ccccc1-c1ccccc1F,,,,"MolVec 0.9.8 (git b412dd0, Maven Central)",0.12309856712818146
uspto,US07317125-20080108-C00103,COc1ccc(-c2ccccc2SCC(=O)N(NC(=O)c2ccccc2)C(C)C)cc1,,,,"MolVec 0.9.8 (git b412dd0, Maven Central)",0.1624472811818123
uspto,US07317125-20080108-C00104,CC(C)N(NC(=O)c1ccccc1)C(=O)CSc1ccccc1-c1ccccc1,,,,"MolVec 0.9.8 (git b412dd0, Maven Central)",0.11778763495385647
uspto,US07317125-20080108-C00105,CC(C)CNc1ccc(C(=O)NN(C(=O)COc2ccc(F)cc2-c2ccccc2OC(F)(F)F)C(C)C)cc1,,,,"MolVec 0.9.8 (git b412dd0, Maven Central)",0.16997051611542702
uspto,US07317126-20080108-C00003,COc1ccc2[nH]c(S(=O)Cc3ncc(C)c(OC)c3C)nc2c1,,,,"MolVec 0.9.8 (git b412dd0, Maven Central)",0.19742679968476295
uspto,US07317131-20080108-C00009,NCCPc1ccccc1,,,,"MolVec 0.9.8 (git b412dd0, Maven Central)",0.02126009576022625
uspto,US07317131-20080108-C00010,C[C@@H](N)CPc1ccccc1,,,,"MolVec 0.9.8 (git b412dd0, Maven Central)",0.02873172052204609
uspto,US07317131-20080108-C00011,CCCCCC[C@@H](N)CPc1ccccc1,,,,"MolVec 0.9.8 (git b412dd0, Maven Central)",0.031964393332600594
uspto,US07317131-20080108-C00013,c1ccc(Pc2ccc3ccccc3c2-c2c(Pc3ccccc3)ccc3ccccc23)cc1,,,,"MolVec 0.9.8 (git b412dd0, Maven Central)",0.08978129923343658
uspto,US07317131-20080108-C00014,CC1(C)O[C@@H](CPc2ccccc2)[C@H](CPc2ccccc2)O1,,,,"MolVec 0.9.8 (git b412dd0, Maven Central)",0.05070518143475056
uspto,US07317131-20080108-C00015,c1ccc(PCCCCPc2ccccc2)cc1,,,,"MolVec 0.9.8 (git b412dd0, Maven Central)",0.10176251828670502
uspto,US07317131-20080108-C00016,NCCCPc1ccccc1,,,,"MolVec 0.9.8 (git b412dd0, Maven Central)",0.15423497557640076
uspto,US07317131-20080108-C00017,CC(C)[C@@H]1COC(c2ccccc2Pc2ccccc2)=N1,,,,"MolVec 0.9.8 (git b412dd0, Maven Central)",0.0701842550188303
uspto,US07317131-20080108-C00019,CC(C)CC/N=C/c1ccccc1Pc1ccccc1,,,,"MolVec 0.9.8 (git b412dd0, Maven Central)",0.05765265412628651
uspto,US07317131-20080108-C00020,CC1(C)[C@@H]2CC[C@H](C/N=C/c3ccccc3Pc3ccccc3)[C@H]1C2,,,,"MolVec 0.9.8 (git b412dd0, Maven Central)",0.08550169132649899
uspto,US07317432-20080108-C00001,O=C(c1cc2ccccc2oc1=O)c1cc2ccccc2oc1=O,,,,"MolVec 0.9.8 (git b412dd0, Maven Central)",0.15954085439443588
uspto,US07317498-20080108-C00003,C=C(C(=O)OCCO)c1ccc(C(=O)Oc2ccc(C(N)(O)[C@@H](C)c3cccc4ccccc34)cc2)cc1,,,,"MolVec 0.9.8 (git b412dd0, Maven Central)",0.21323728002607822
uspto,US07318843-20080115-C00021,COCC(O)CN(CCO)CCO,,,,"MolVec 0.9.8 (git b412dd0, Maven Central)",0.10501362569630146
uspto,US07318899-20080115-C00004,O=C(O)CN(CCN(CC(=O)O)CC(=O)N(CCO)CCO)CCN(CC(=O)O)CC(=O)N(CCO)CCO,,,,"MolVec 0.9.8 (git b412dd0, Maven Central)",0.19609653763473034
uspto,US07318899-20080115-C00005,O=C(O)CN(CCN(CC(=O)O)CC(=O)O)CCN(CC(=O)O)CC(=O)Nc1ccc(Cc2ccc(NC(=O)CN(CCN(CCN(CC(=O)O)CC(=O)O)CC(=O)O)CC(=O)O)cc2)cc1,,,,"MolVec 0.9.8 (git b412dd0, Maven Central)",0.4253833442926407
uspto,US07318899-20080115-C00006,COCCN(CCOC)C(=O)CN(CCN(CCN(CC(=O)O)CC(=O)N(CCOC)CCOC)CC(=O)O)CC(=O)O,,,,"MolVec 0.9.8 (git b412dd0, Maven Central)",0.1862767618149519
uspto,US07318899-20080115-C00007,O=C(O)CN(CCN(CC(=O)O)CC(=O)NCC(O)C(O)C(O)C(O)CO)CCN(CC(=O)O)CC(=O)NCC(O)C(O)C(O)C(O)CO,,,,"MolVec 0.9.8 (git b412dd0, Maven Central)",0.2893632557243109
uspto,US07318899-20080115-C00008,C=Cc1ccc(NC(=O)CN(CCN(CC(=O)O)CC(=O)O)CC(=O)O)cc1,,,,"MolVec 0.9.8 (git b412dd0, Maven Central)",0.1236486230045557
uspto,US07318899-20080115-C00009,CCC(C)C(C)C(C)C(C)C(C)(c1ccc(NC(=O)CN(CCN(CC(=O)O)CC(=O)O)CC(=O)O)cc1)C(C)C(C)C(C)C(C)CC,,,,"MolVec 0.9.8 (git b412dd0, Maven Central)",0.23069465905427933
uspto,US07318926-20080115-C00001,OCC1O[C@H](O[C@@H]2C(O)[C@H](O)CC(CO)[C@@H]2O)C(O)[C@@H](O)[C@H]1O,,,,"MolVec 0.9.8 (git b412dd0, Maven Central)",0.23182200640439987
uspto,US07318932-20080115-C00025,O=C(ON1C(=O)CCC1=O)ON1C(=O)CCC1=O,,,,"MolVec 0.9.8 (git b412dd0, Maven Central)",0.11199763976037502
uspto,US07318946-20080115-C00005,CCCCCCCCCc1ccc(OCCOO)cc1,,,,"MolVec 0.9.8 (git b412dd0, Maven Central)",0.1366654522716999
uspto,US07318965-20080115-C00139,Cc1ccc(-c2c3c(c(-c4cccc(-c5ccccc5)c4)c4ccccc24)-c2ccc4c5ccc6c7c(ccc(c8ccc-3c2c48)c75)-c2c-6c(-c3ccc4ccccc4c3)c3ccccc3c2-c2ccccc2-c2ccccc2)cc1,,,,"MolVec 0.9.8 (git b412dd0, Maven Central)",0.4777695760130882
uspto,US07318966-20080115-C00013,CC(=O)c1ccc(-c2ccccc2-c2ccccc2-c2ccc(C(C)=O)cc2)cc1,,,,"MolVec 0.9.8 (git b412dd0, Maven Central)",0.14112096466124058
uspto,US07318966-20080115-C00031,c1ccc2c(c1)Oc1ccccc1C21c2ccccc2-c2ccccc21,,,,"MolVec 0.9.8 (git b412dd0, Maven Central)",0.24677072279155254
uspto,US07318966-20080115-C00032,CCc1cc(CC)c2c(c1)C1(c3ccccc3S2)c2ccccc2-c2ccccc21,,,,"MolVec 0.9.8 (git b412dd0, Maven Central)",0.24535799957811832
uspto,US07318966-20080115-C00033,CC(=O)c1ccc2c(c1)C1(c3ccccc3O2)c2ccccc2-c2ccc(C(C)=O)cc21,,,,"MolVec 0.9.8 (git b412dd0, Maven Central)",3.408261513337493
uspto,US07318966-20080115-C00034,c1ccc2c(c1)-c1ccc(-c3ccc4ccc5ccccc5c4n3)cc1C21c2ccccc2-c2ccc(-c3ccc4ccc5ccccc5c4n3)cc21,,,,"MolVec 0.9.8 (git b412dd0, Maven Central)",0.35601023584604263
uspto,US07318966-20080115-C00036,CC(=O)c1ccc2c(c1)C1(c3cc(-c4ccc5ccc6ccccc6c5n4)ccc3-2)c2cc(-c3ccc4ccc5ccccc5c4n3)ccc2-c2ccc(-c3ccc4ccc5ccccc5c4n3)cc21,,,,"MolVec 0.9.8 (git b412dd0, Maven Central)",0.5366961807012558
uspto,US07318966-20080115-C00039,CCc1ccccc1.c1cc(-c2ccc3ccc4cccnc4c3n2)cc(-c2ccccc2-c2ccccc2-c2cccc(-c3ccc4ccc5cccnc5c4n3)c2)c1,,,,"MolVec 0.9.8 (git b412dd0, Maven Central)",0.25098936446011066
uspto,US07318966-20080115-C00040,CC1(C)CCC(C)(C)c2ccc(-c3ccc(-c4ccc5ccc6cccnc6c5n4)cc3)cc2-c2cc(-c3ccc(-c4ccc5ccc6cccnc6c5n4)cc3)ccc21,,,,"MolVec 0.9.8 (git b412dd0, Maven Central)",0.5364791247993708
uspto,US07318966-20080115-C00044,c1ccc2c(c1)-c1ccc(-c3ccc4ccc5cccnc5c4n3)cc1C21c2ccccc2-c2ccc(-c3ccc4ccc5cccnc5c4n3)cc21,,,,"MolVec 0.9.8 (git b412dd0, Maven Central)",0.3422047682106495
uspto,US07318966-20080115-C00045,C(=C(c1ccccc1)c1ccccc1)c1ccc(-c2ccc(C=C(c3ccccc3)c3ccccc3)cc2)cc1,,,,"MolVec 0.9.8 (git b412dd0, Maven Central)",0.21951579488813877
uspto,US07318966-20080115-C00048,c1ccc2c(c1)ccc1ccc(-c3cc(-c4ccc5ccc6ccccc6c5n4)cc(-c4ccc5ccc6ccccc6c5n4)c3)nc12,,,,"MolVec 0.9.8 (git b412dd0, Maven Central)",0.3500420078635216
uspto,US07318966-20080115-C00049,c1ccc(-n2c(-c3cccc(-c4nc5c6ccccc6c6ccccc6c5n4-c4ccccc4)c3)nc3c4ccccc4c4ccccc4c32)cc1,,,,"MolVec 0.9.8 (git b412dd0, Maven Central)",0.3411888312548399
uspto,US07318966-20080115-C00050,Cc1ccccc1-c1oc(-c2ccccc2C)c2ccccc12,,,,"MolVec 0.9.8 (git b412dd0, Maven Central)",0.1814491432160139
uspto,US07319022-20080115-C00005,C=CCN(C)c1ccc(N=Nc2ccc(C=Cc3ccc([N+](=O)[O-])cc3)cc2)cc1,,,,"MolVec 0.9.8 (git b412dd0, Maven Central)",0.12476576305925846
uspto,US07319022-20080115-C00007,O=[N+]([O-])c1ccc(-c2ccc(N=Nc3ccccc3)cc2)cc1,,,,"MolVec 0.9.8 (git b412dd0, Maven Central)",0.07487721927464008
uspto,US07319022-20080115-C00008,O=[N+]([O-])c1ccc(-c2ccc(N=Nc3ccc(N(CCO)CCO)cc3)cc2)cc1,,,,"MolVec 0.9.8 (git b412dd0, Maven Central)",0.12774768844246864
uspto,US07319022-20080115-C00009,CCN(CC)c1ccc(N=Nc2ccc([N+](=O)[O-])cc2[N+](=O)[O-])cc1,,,,"MolVec 0.9.8 (git b412dd0, Maven Central)",0.08127826265990734
uspto,US07319022-20080115-C00011,CCN(CC)c1ccc(N=Nc2c(Br)cc([N+](=O)[O-])cc2[N+](=O)[O-])cc1,,,,"MolVec 0.9.8 (git b412dd0, Maven Central)",0.09874071180820465
uspto,US07319022-20080115-C00013,CCN(CC)c1ccc(N=Nc2c(C#N)cc([N+](=O)[O-])cc2[N+](=O)[O-])cc1,,,,"MolVec 0.9.8 (git b412dd0, Maven Central)",0.10221556760370731
uspto,US07319022-20080115-C00019,CCN(CC)c1cc(NC(C)=O)c(N=Nc2c(C#N)cc([N+](=O)[O-])cc2C#N)cc1OC,,,,"MolVec 0.9.8 (git b412dd0, Maven Central)",0.13538271747529507
uspto,US07319022-20080115-C00020,COc1cc(N=Nc2c(C#N)cc([N+](=O)[O-])cc2C#N)c(NC(C)=O)cc1N(CCO)CCC(=O)O,,,,"MolVec 0.9.8 (git b412dd0, Maven Central)",0.1704100389033556
uspto,US07319022-20080115-C00021,C=OC.CNC1=CC=C(N=NC2=C(C#N)C=C([N+](=O)[O-])C=C2C#N)C2=C1C=CC=C2,,,,"MolVec 0.9.8 (git b412dd0, Maven Central)",0.19421088509261608
uspto,US07319022-20080115-C00023,CN(C)c1ccc(N=Nc2snc3ccc([N+](=O)[O-])cc23)cc1,,,,"MolVec 0.9.8 (git b412dd0, Maven Central)",0.09765942394733429
uspto,US07319022-20080115-C00025,CC(=O)c1cc([N+](=O)[O-])c(N=Nc2ccc(N(C)C)cc2)s1,,,,"MolVec 0.9.8 (git b412dd0, Maven Central)",0.12777947448194027
uspto,US07319022-20080115-C00027,COc1cc(N=Nc2sc(C(C)=O)cc2[N+](=O)[O-])c(NC(C)=O)cc1N(CCO)CCO,,,,"MolVec 0.9.8 (git b412dd0, Maven Central)",0.145343367010355
uspto,US07319022-20080115-C00029,CN(C)c1ccc(N=Nc2ccc([N+](=O)[O-])cc2)s1,,,,"MolVec 0.9.8 (git b412dd0, Maven Central)",0.07167132198810577
uspto,US07319022-20080115-C00030,O=[N+]([O-])c1ccc(N=Nc2ccc(N(CCO)CCO)s2)cc1,,,,"MolVec 0.9.8 (git b412dd0, Maven Central)",0.1440580990165472
uspto,US07319022-20080115-C00031,CCN(CC)c1ccc(N=Nc2sc([N+](=O)[O-])cc2[N+](=O)[O-])c(C)c1,,,,"MolVec 0.9.8 (git b412dd0, Maven Central)",0.1093318909406662
uspto,US07319022-20080115-C00032,Cc1cc(N(CCO)CCO)ccc1N=Nc1sc([N+](=O)[O-])cc1[N+](=O)[O-],,,,"MolVec 0.9.8 (git b412dd0, Maven Central)",0.11321019381284714
uspto,US07319022-20080115-C00037,CCN(CC)c1ccc(N=Nc2c(C#N)cc([N+](=O)[O-])cc2C#N)c(C=O)c1,,,,"MolVec 0.9.8 (git b412dd0, Maven Central)",0.1244263295084238
uspto,US07319022-20080115-C00038,COc1cc(N(CCO)CCO)ccc1N=Nc1c(C#N)cc([N+](=O)[O-])cc1C#N,,,,"MolVec 0.9.8 (git b412dd0, Maven Central)",0.12307285331189632
uspto,US07319022-20080115-C00041,CCN(CC)c1cc(OC)c(N=Nc2c(C#N)cc([N+](=O)[O-])cc2C#N)cc1OC,,,,"MolVec 0.9.8 (git b412dd0, Maven Central)",0.11791327595710754
uspto,US07319022-20080115-C00042,COc1cc(N(CCO)CCO)c(OC)cc1N=Nc1c(C#N)cc([N+](=O)[O-])cc1C#N,,,,"MolVec 0.9.8 (git b412dd0, Maven Central)",0.15337033197283745
uspto,US07319084-20080115-C00064,CC(=N\C1C(=O)c2ccccc2C1=O)/C(C)=N/N1C(=O)c2ccccc2C1=O,,,,"MolVec 0.9.8 (git b412dd0, Maven Central)",0.1431120652705431
uspto,US07319084-20080115-C00065,Cc1cccc(C)c1/N=C(/NNc1ccccc1)C(F)(F)F,,,,"MolVec 0.9.8 (git b412dd0, Maven Central)",0.12591414898633957
uspto,US07319084-20080115-C00079,CC(=O)/C(C)=N/n1c(-c2ccccc2)ccc1-c1ccccc1,,,,"MolVec 0.9.8 (git b412dd0, Maven Central)",0.19642819091677666
uspto,US07319084-20080115-C00086,CCOC(=O)C(CC(=O)c1ccccc1)C(=O)c1cccc2ccccc12,,,,"MolVec 0.9.8 (git b412dd0, Maven Central)",0.11487206071615219
uspto,US07319084-20080115-C00088,CCOC(=O)c1cc(-c2ccccc2)n(N)c1-c1cccc2ccccc12,,,,"MolVec 0.9.8 (git b412dd0, Maven Central)",0.18862738274037838
uspto,US07319084-20080115-C00089,CCOC(=O)c1cc(-c2ccccc2)n(/N=C(C)/C(C)=N/n2c(-c3ccccc3)ccc2-c2ccccc2)c1-c1cccc2ccccc12,,,,"MolVec 0.9.8 (git b412dd0, Maven Central)",0.47588856145739555
uspto,US07319084-20080115-C00090,Nc1c(-c2ccc(C(F)(F)F)cc2)cccc1-c1ccc(C(F)(F)F)cc1,,,,"MolVec 0.9.8 (git b412dd0, Maven Central)",0.18332038819789886
uspto,US07319084-20080115-C00091,CC(=O)Nc1c(-c2ccc(C(F)(F)F)cc2)cccc1-c1ccc(C(F)(F)F)cc1,,,,"MolVec 0.9.8 (git b412dd0, Maven Central)",0.15416949056088924
uspto,US07319084-20080115-C00092,C/C(Cl)=N\c1c(-c2ccc(C(F)(F)F)cc2)cccc1-c1ccc(C(F)(F)F)cc1,,,,"MolVec 0.9.8 (git b412dd0, Maven Central)",0.13610672391951084
uspto,US07319084-20080115-C00094,c1ccc(-c2cccc(-c3ccccc3)c2/N=C2\SCCS\C2=N/c2c(-c3ccccc3)cccc2-c2ccccc2)cc1,,,,"MolVec 0.9.8 (git b412dd0, Maven Central)",0.12402512691915035
uspto,US07319084-20080115-C00096,Cc1cc(-c2ccccc2)c(/N=C2\SCCS\C2=N/c2c(-c3ccccc3)cc(C)cc2-c2ccccc2)c(-c2ccccc2)c1,,,,"MolVec 0.9.8 (git b412dd0, Maven Central)",0.13897975906729698
uspto,US07319090-20080115-C00001,CC(Cc1cccc2[nH]ccc12)C(=O)O,,,,"MolVec 0.9.8 (git b412dd0, Maven Central)",0.12104301154613495
uspto,US07319097-20080115-C00097,Cc1ccc(-c2ccccc2)cc1,,,,"MolVec 0.9.8 (git b412dd0, Maven Central)",0.023949110880494118
uspto,US07319097-20080115-C00100,Cc1cccc2nonc12,,,,"MolVec 0.9.8 (git b412dd0, Maven Central)",0.03566119074821472
uspto,US07319097-20080115-C00121,Cc1ccc([N+](=O)[O-])cc1,,,,"MolVec 0.9.8 (git b412dd0, Maven Central)",0.029797393828630447
uspto,US07319097-20080115-C00180,Cc1ccc(S(C)(=O)=O)cc1,,,,"MolVec 0.9.8 (git b412dd0, Maven Central)",0.03907343000173569
uspto,US07319097-20080115-C00229,CNS(=O)(=O)c1ccccc1,,,,"MolVec 0.9.8 (git b412dd0, Maven Central)",0.06091960519552231
uspto,US07319097-20080115-C00255,CCc1ccccc1C(N)=O,,,,"MolVec 0.9.8 (git b412dd0, Maven Central)",0.041999537497758865
uspto,US07319097-20080115-C00257,CCc1cccc(F)c1OC,,,,"MolVec 0.9.8 (git b412dd0, Maven Central)",0.027277104556560516
uspto,US07319097-20080115-C00259,CN1CCc2ccccc2C1,,,,"MolVec 0.9.8 (git b412dd0, Maven Central)",0.04285777173936367
uspto,US07319097-20080115-C00261,CN1CCCc2ccccc21,,,,"MolVec 0.9.8 (git b412dd0, Maven Central)",0.05358520708978176
uspto,US07319100-20080115-C00040,CCC(CC)n1cc(Cl)nc(N2CCc3cc(Cl)cc(Cl)c32)c1=O,,,,"MolVec 0.9.8 (git b412dd0, Maven Central)",0.13585828430950642
uspto,US07319100-20080115-C00041,CCC(CCOC)n1cc(Cl)nc(N2CCc3cc(Cl)cc(Cl)c32)c1=O,,,,"MolVec 0.9.8 (git b412dd0, Maven Central)",0.13305814377963543
uspto,US07319100-20080115-C00042,CCC(CC)n1cc(Cl)nc(N2CCc3cc(OC)cc(C)c32)c1=O,,,,"MolVec 0.9.8 (git b412dd0, Maven Central)",0.1286996752023697
uspto,US07319100-20080115-C00043,CCC(CC)n1cc(Cl)nc(N2CCc3cc(OC)cc(Br)c32)c1=O,,,,"MolVec 0.9.8 (git b412dd0, Maven Central)",0.13009029999375343
uspto,US07319100-20080115-C00046,CCC(C)n1cc(Cl)nc(N2CCc3cc(OC)cc(Cl)c32)c1=O,,,,"MolVec 0.9.8 (git b412dd0, Maven Central)",0.13595103658735752
uspto,US07319100-20080115-C00047,CCC(C)n1cc(Cl)nc(N2CCc3cc(OC)cc(Br)c32)c1=O,,,,"MolVec 0.9.8 (git b412dd0, Maven Central)",0.1429773773998022
uspto,US07319100-20080115-C00048,CCC(C)n1cc(Cl)nc(N2CCc3cc(OC)cc(C)c32)c1=O,,,,"MolVec 0.9.8 (git b412dd0, Maven Central)",0.1262433584779501
uspto,US07319100-20080115-C00049,CCC(C)n1cc(Cl)nc(N2CCc3cc(Cl)cc(Cl)c32)c1=O,,,,"MolVec 0.9.8 (git b412dd0, Maven Central)",0.12751390412449837
uspto,US07319100-20080115-C00050,CCC(CC)n1cc(Br)nc(N2CCc3cc(OC)cc(Br)c32)c1=O,,,,"MolVec 0.9.8 (git b412dd0, Maven Central)",0.13110769540071487
uspto,US07319100-20080115-C00051,CCC(CC)n1cc(Br)nc(N2CCc3cc(OC)cc(C)c32)c1=O,,,,"MolVec 0.9.8 (git b412dd0, Maven Central)",0.12669194303452969
uspto,US07319100-20080115-C00053,CC[C@H](C1CC1)n1cc(Cl)nc(N2CCc3cc(OC)cc(Cl)c32)c1=O,,,,"MolVec 0.9.8 (git b412dd0, Maven Central)",0.16548850014805794
uspto,US07319100-20080115-C00054,CC[C@H](C1CC1)n1cc(Cl)nc(N2CCc3cc(OC)cc(Br)c32)c1=O,,,,"MolVec 0.9.8 (git b412dd0, Maven Central)",0.1485894564539194
uspto,US07319100-20080115-C00055,CC[C@H](C1CC1)n1cc(Cl)nc(N2CCc3cc(OC)cc(C)c32)c1=O,,,,"MolVec 0.9.8 (git b412dd0, Maven Central)",0.14567526802420616
uspto,US07319100-20080115-C00056,CC[C@H](C1CC1)n1cc(Cl)nc(N2CCc3cc(Cl)cc(Cl)c32)c1=O,,,,"MolVec 0.9.8 (git b412dd0, Maven Central)",0.14248747378587723
uspto,US07319100-20080115-C00057,CC[C@H](C1CC1)n1cc(Cl)nc(N2CCc3cc(Br)cc(Br)c32)c1=O,,,,"MolVec 0.9.8 (git b412dd0, Maven Central)",0.14424739964306355
uspto,US07319100-20080115-C00058,CC[C@H](C1CC1)n1cc(Cl)nc(N2CCc3cc(OC)c(F)c(Cl)c32)c1=O,,,,"MolVec 0.9.8 (git b412dd0, Maven Central)",0.15339289978146553
uspto,US07319100-20080115-C00059,CC[C@@H](C1CC1)n1cc(Cl)nc(N2CCc3cc(OC)cc(Cl)c32)c1=O,,,,"MolVec 0.9.8 (git b412dd0, Maven Central)",0.14398375153541565
uspto,US07319100-20080115-C00060,CC[C@@H](C1CC1)n1cc(Cl)nc(N2CCc3cc(OC)cc(Br)c32)c1=O,,,,"MolVec 0.9.8 (git b412dd0, Maven Central)",0.15097189135849476
uspto,US07319100-20080115-C00061,CC[C@@H](C1CC1)n1cc(Cl)nc(N2CCc3cc(OC)cc(C)c32)c1=O,,,,"MolVec 0.9.8 (git b412dd0, Maven Central)",0.15639564394950867
uspto,US07319100-20080115-C00062,CC[C@@H](C1CC1)n1cc(Cl)nc(N2CCc3cc(Cl)cc(Cl)c32)c1=O,,,,"MolVec 0.9.8 (git b412dd0, Maven Central)",0.14355464279651642
uspto,US07319100-20080115-C00063,CC[C@@H](C1CC1)n1cc(Cl)nc(N2CCc3cc(Br)cc(Br)c32)c1=O,,,,"MolVec 0.9.8 (git b412dd0, Maven Central)",0.15646678023040295
uspto,US07319100-20080115-C00064,CC[C@@H](C1CC1)n1cc(Cl)nc(N2CCc3cc(OC)c(F)c(Cl)c32)c1=O,,,,"MolVec 0.9.8 (git b412dd0, Maven Central)",0.1524315718561411
uspto,US07319100-20080115-C00065,COC[C@@H](C)n1cc(Cl)nc(N2CCc3cc(Cl)cc(Cl)c32)c1=O,,,,"MolVec 0.9.8 (git b412dd0, Maven Central)",0.13235833309590816
uspto,US07319100-20080115-C00066,COC[C@@H](C)n1cc(Cl)nc(N2CCc3cc(Br)cc(Br)c32)c1=O,,,,"MolVec 0.9.8 (git b412dd0, Maven Central)",0.1413823664188385
uspto,US07319100-20080115-C00067,CCC(COC)n1cc(Cl)nc(N2CCc3cc(OC)c(F)c(Cl)c32)c1=O,,,,"MolVec 0.9.8 (git b412dd0, Maven Central)",0.1294254418462515
uspto,US07319100-20080115-C00069,CC[C@H](COC)n1cc(Cl)nc(N2CCc3cc(Cl)cc(Cl)c32)c1=O,,,,"MolVec 0.9.8 (git b412dd0, Maven Central)",0.1465096678584814
uspto,US07319100-20080115-C00070,CC[C@H](COC)n1cc(Br)nc(N2CCc3cc(OC)cc(Br)c32)c1=O,,,,"MolVec 0.9.8 (git b412dd0, Maven Central)",0.13753356225788593
uspto,US07319100-20080115-C00071,CC[C@H](COC)n1cc(Br)nc(N2CCc3cc(OC)cc(C)c32)c1=O,,,,"MolVec 0.9.8 (git b412dd0, Maven Central)",0.14790071919560432
uspto,US07319100-20080115-C00072,CC[C@H](COC)n1cc(Br)nc(N2CCc3cc(Cl)cc(Cl)c32)c1=O,,,,"MolVec 0.9.8 (git b412dd0, Maven Central)",0.1288993153721094
uspto,US07319100-20080115-C00073,CC[C@H](COC)n1cc(Br)nc(N2CCc3cc(OC)c(F)c(Cl)c32)c1=O,,,,"MolVec 0.9.8 (git b412dd0, Maven Central)",0.17914197966456413
uspto,US07319100-20080115-C00074,CC[C@@H](COC)n1cc(Cl)nc(N2CCc3cc(OC)cc(Br)c32)c1=O,,,,"MolVec 0.9.8 (git b412dd0, Maven Central)",0.15076559782028198
uspto,US07319100-20080115-C00075,CC[C@@H](COC)n1cc(Cl)nc(N2CCc3cc(Cl)cc(Cl)c32)c1=O,,,,"MolVec 0.9.8 (git b412dd0, Maven Central)",0.1300862766802311
uspto,US07319100-20080115-C00076,CC[C@@H](COC)n1cc(Br)nc(N2CCc3cc(Cl)cc(Cl)c32)c1=O,,,,"MolVec 0.9.8 (git b412dd0, Maven Central)",0.12741653621196747
uspto,US07319100-20080115-C00077,COc1cc(C)c2c(c1)CCN2c1nc(Cl)cn(C(C(C)C)C(C)C)c1=O,,,,"MolVec 0.9.8 (git b412dd0, Maven Central)",0.1532112080603838
uspto,US07319100-20080115-C00078,COc1cc(Br)c2c(c1)CCN2c1nc(Cl)cn(CCSC)c1=O,,,,"MolVec 0.9.8 (git b412dd0, Maven Central)",0.12545055709779263
uspto,US07319100-20080115-C00079,COc1cc(C)c2c(c1)CCN2c1nc(Cl)cn(CCSC)c1=O,,,,"MolVec 0.9.8 (git b412dd0, Maven Central)",0.13574641197919846
uspto,US07319100-20080115-C00080,CSCCn1cc(Cl)nc(N2CCc3cc(Cl)cc(Cl)c32)c1=O,,,,"MolVec 0.9.8 (git b412dd0, Maven Central)",0.128939775750041
uspto,US07319100-20080115-C00081,CCC(CC)n1cc(Cl)nc(N2CCc3cc(OC)cc(Cl)c32)c1=O,,,,"MolVec 0.9.8 (git b412dd0, Maven Central)",0.10831833258271217
uspto,US07319100-20080115-C00082,CCC(C1CCC1)n1c(C)c(Cl)nc(N2CCc3cc(OC)cc(Cl)c32)c1=O,,,,"MolVec 0.9.8 (git b412dd0, Maven Central)",0.13304371945559978
uspto,US07319100-20080115-C00087,CC[C@H](C1CC1)n1cc(Cl)nc(N2CCc3cc(Br)cc(Cl)c32)c1=O,,,,"MolVec 0.9.8 (git b412dd0, Maven Central)",0.14896957203745842
uspto,US07319100-20080115-C00088,CC[C@@H](C1CC1)n1cc(Cl)nc(N2CCc3cc(Br)cc(Cl)c32)c1=O,,,,"MolVec 0.9.8 (git b412dd0, Maven Central)",0.14449981227517128
uspto,US07319100-20080115-C00089,CC[C@H](COC)n1cc(Cl)nc(N2CCc3cc(OC)cc(Cl)c32)c1=O,,,,"MolVec 0.9.8 (git b412dd0, Maven Central)",0.14487657137215137
uspto,US07319100-20080115-C00090,CC[C@H](COC)n1cc(Cl)nc(N2CCc3cc(OC)cc(C)c32)c1=O,,,,"MolVec 0.9.8 (git b412dd0, Maven Central)",0.13075506314635277
uspto,US07319100-20080115-C00092,CC[C@H](COC)n1cc(Br)nc(N2CCc3cc(Br)cc(Cl)c32)c1=O,,,,"MolVec 0.9.8 (git b412dd0, Maven Central)",0.14610454812645912
uspto,US07319100-20080115-C00093,CC[C@@H](COC)n1cc(Cl)nc(N2CCc3cc(Br)cc(Cl)c32)c1=O,,,,"MolVec 0.9.8 (git b412dd0, Maven Central)",0.13164733350276947
uspto,US07319100-20080115-C00094,CC[C@@H](COC)n1cc(Br)nc(N2CCc3cc(OC)cc(C)c32)c1=O,,,,"MolVec 0.9.8 (git b412dd0, Maven Central)",0.12943335436284542
uspto,US07319100-20080115-C00095,CCC(CC)n1cc(Cl)nc(N2CCCc3cc(OC)cc(Br)c32)c1=O,,,,"MolVec 0.9.8 (git b412dd0, Maven Central)",0.11034042946994305
uspto,US07319100-20080115-C00096,CC[C@](C)(C1CC1)n1cc(Cl)nc(N2CCCc3cc(OC)cc(Br)c32)c1=O,,,,"MolVec 0.9.8 (git b412dd0, Maven Central)",0.15011661686003208
uspto,US07319100-20080115-C00097,CC[C@@H](C1CC1)n1cc(Cl)nc(N2CCCc3cc(OC)cc(Br)c32)c1=O,,,,"MolVec 0.9.8 (git b412dd0, Maven Central)",0.12297785468399525
uspto,US07319100-20080115-C00098,COC[C@@H](C)n1cc(Cl)nc(N2CCCc3cc(OC)cc(Br)c32)c1=O,,,,"MolVec 0.9.8 (git b412dd0, Maven Central)",0.12560374476015568
uspto,US07319100-20080115-C00099,CC[C@H](COC)n1cc(Br)nc(N2CCCc3cc(OC)cc(Br)c32)c1=O,,,,"MolVec 0.9.8 (git b412dd0, Maven Central)",0.1121209803968668
uspto,US07319100-20080115-C00100,CC[C@@H](COC)n1cc(Cl)nc(N2CCCc3cc(OC)cc(Br)c32)c1=O,,,,"MolVec 0.9.8 (git b412dd0, Maven Central)",0.14431706815958023
uspto,US07319100-20080115-C00101,CC[C@H](C1CC1)n1cc(Cl)nc(N2CCOc3cc(OC)cc(Br)c32)c1=O,,,,"MolVec 0.9.8 (git b412dd0, Maven Central)",0.12175277993083
uspto,US07319100-20080115-C00102,COc1cc(Br)c2c(c1)OCCN2,,,,"MolVec 0.9.8 (git b412dd0, Maven Central)",0.05131000652909279
uspto,US07319100-20080115-C00103,CCC(C1CCC1)n1cc(Cl)nc(N2CCc3cc(OC)cc(Cl)c32)c1=O,,,,"MolVec 0.9.8 (git b412dd0, Maven Central)",0.1145623866468668
uspto,US07319100-20080115-C00104,CCC(C1CCC1)n1cc(Cl)nc(N2CCOc3cc(OC)cc(Br)c32)c1=O,,,,"MolVec 0.9.8 (git b412dd0, Maven Central)",0.11873861961066723
uspto,US07319100-20080115-C00105,CCC(C1CCC1)n1cc(Cl)nc(N2CCOc3cc(OC)cc(Cl)c32)c1=O,,,,"MolVec 0.9.8 (git b412dd0, Maven Central)",0.1320541836321354
uspto,US07319100-20080115-C00106,CC[C@@H](C1CC1)n1cc(Cl)nc(N2CCOc3cc(OC)cc(Br)c32)c1=O,,,,"MolVec 0.9.8 (git b412dd0, Maven Central)",0.12961101159453392
uspto,US07319100-20080115-C00107,CC[C@H](COC)n1cc(Cl)nc(N2CCOc3cc(OC)cc(Br)c32)c1=O,,,,"MolVec 0.9.8 (git b412dd0, Maven Central)",0.11402689479291439
uspto,US07319100-20080115-C00108,CC[C@@H](COC)n1cc(Cl)nc(N2CCOc3cc(OC)cc(Br)c32)c1=O,,,,"MolVec 0.9.8 (git b412dd0, Maven Central)",0.11328653246164322
uspto,US07319100-20080115-C00109,COC[C@H](C)n1cc(Cl)nc(N2CCOc3cc(OC)cc(Br)c32)c1=O,,,,"MolVec 0.9.8 (git b412dd0, Maven Central)",0.11852468736469746
uspto,US07319100-20080115-C00110,CCC(C1CCC1)n1cc(Cl)nc(N2CCOc3cc(OC)ccc32)c1=O,,,,"MolVec 0.9.8 (git b412dd0, Maven Central)",0.13238177448511124
uspto,US07319100-20080115-C00111,CC[C@H](C1CC1)n1cc(Cl)nc(N2CCOc3cc(OC)ccc32)c1=O,,,,"MolVec 0.9.8 (git b412dd0, Maven Central)",0.1429399773478508
uspto,US07319100-20080115-C00112,CC[C@H](COC)n1cc(Br)nc(N2CCOc3cc(OC)cc(Br)c32)c1=O,,,,"MolVec 0.9.8 (git b412dd0, Maven Central)",0.14687138050794601
uspto,US07319101-20080115-C00012,CC1(C)OC2C(O1)[C@@H](/C=C/CNC(=O)c1cccc3c1OC(c1ccccc1)(c1ccccc1)O3)O[C@H]2n1cnc2c(N)ncnc21,,,,"MolVec 0.9.8 (git b412dd0, Maven Central)",0.3772538583725691
uspto,US07319101-20080115-C00013,Nc1ncnc2c1ncn2[C@@H]1O[C@H](/C=C/CNC(=O)c2cccc(O)c2O)C(O)C1O,,,,"MolVec 0.9.8 (git b412dd0, Maven Central)",0.2679563406854868
uspto,US07319101-20080115-C00016,CC1(C)OC2C(O1)[C@@H](/C=C/CNC(=O)c1cc(Br)cc3c1OC(c1ccccc1)(c1ccccc1)O3)O[C@H]2n1cnc2c(N)ncnc21,,,,"MolVec 0.9.8 (git b412dd0, Maven Central)",0.4320028927177191
uspto,US07319101-20080115-C00017,Nc1ncnc2c1ncn2[C@@H]1O[C@H](/C=C/CNC(=O)c2cc(Br)cc(O)c2O)C(O)C1O,,,,"MolVec 0.9.8 (git b412dd0, Maven Central)",0.28674388863146305
uspto,US07319101-20080115-C00018,COC(=O)c1cc(C#N)cc2c1OC(c1ccccc1)(c1ccccc1)O2,,,,"MolVec 0.9.8 (git b412dd0, Maven Central)",0.13658496364951134
uspto,US07319101-20080115-C00019,N#Cc1cc2c(c(C(=O)O)c1)OC(c1ccccc1)(c1ccccc1)O2,,,,"MolVec 0.9.8 (git b412dd0, Maven Central)",0.11729733273386955
uspto,US07319101-20080115-C00020,CC1(C)OC2C(O1)[C@@H](/C=C/CNC(=O)c1cc(C#N)cc3c1OC(c1ccccc1)(c1ccccc1)O3)O[C@H]2n1cnc2c(N)ncnc21,,,,"MolVec 0.9.8 (git b412dd0, Maven Central)",0.4401427526026964
uspto,US07319101-20080115-C00021,N#Cc1cc(O)c(O)c(C(=O)NC/C=C/[C@H]2O[C@@H](n3cnc4c(N)ncnc43)C(O)C2O)c1,,,,"MolVec 0.9.8 (git b412dd0, Maven Central)",0.3067552912980318
uspto,US07319101-20080115-C00022,O=C(O)c1cc(C(=O)C(F)(F)F)cc2c1OC(c1ccccc1)(c1ccccc1)O2,,,,"MolVec 0.9.8 (git b412dd0, Maven Central)",0.13337475061416626
uspto,US07319101-20080115-C00023,CC1(C)OC2C(O1)[C@@H](/C=C/CNC(=O)c1cc(C(=O)C(F)(F)F)cc3c1OC(c1ccccc1)(c1ccccc1)O3)O[C@H]2n1cnc2c(N)ncnc21,,,,"MolVec 0.9.8 (git b412dd0, Maven Central)",0.45056472159922123
uspto,US07319101-20080115-C00024,Nc1ncnc2c1ncn2[C@@H]1O[C@H](/C=C/CNC(=O)c2cc(C(=O)C(F)(F)F)cc(O)c2O)C(O)C1O,,,,"MolVec 0.9.8 (git b412dd0, Maven Central)",0.3549368567764759
uspto,US07319101-20080115-C00025,O=C(O)c1cc(C(O)c2ccncc2)cc2c1OC(c1ccccc1)(c1ccccc1)O2,,,,"MolVec 0.9.8 (git b412dd0, Maven Central)",0.15914820320904255
uspto,US07319101-20080115-C00026,O=C(c1ccncc1)c1cc2c(c(C(=O)O)c1)OC(c1ccccc1)(c1ccccc1)O2,,,,"MolVec 0.9.8 (git b412dd0, Maven Central)",0.15553545206785202
uspto,US07319101-20080115-C00027,CC1(C)OC2C(O1)[C@@H](/C=C/CNC(=O)c1cc(C(=O)c3ccncc3)cc3c1OC(c1ccccc1)(c1ccccc1)O3)O[C@H]2n1cnc2c(N)ncnc21,,,,"MolVec 0.9.8 (git b412dd0, Maven Central)",0.535913746803999
uspto,US07319101-20080115-C00028,Nc1ncnc2c1ncn2[C@@H]1O[C@H](/C=C/CNC(=O)c2cc(C(=O)c3ccncc3)cc(O)c2O)C(O)C1O,,,,"MolVec 0.9.8 (git b412dd0, Maven Central)",0.368444561958313
uspto,US07319101-20080115-C00029,O=C(O)c1cc(C(=O)C2CCCCC2)cc2c1OC(c1ccccc1)(c1ccccc1)O2,,,,"MolVec 0.9.8 (git b412dd0, Maven Central)",0.18809954449534416
uspto,US07319101-20080115-C00030,CC1(C)OC2C(O1)[C@@H](/C=C/CNC(=O)c1cc(C(=O)C3CCCCC3)cc3c1OC(c1ccccc1)(c1ccccc1)O3)O[C@H]2n1cnc2c(N)ncnc21,,,,"MolVec 0.9.8 (git b412dd0, Maven Central)",0.4699320737272501
uspto,US07319101-20080115-C00031,Nc1ncnc2c1ncn2[C@@H]1O[C@H](/C=C/CNC(=O)c2cc(C(=O)C3CCCCC3)cc(O)c2O)C(O)C1O,,,,"MolVec 0.9.8 (git b412dd0, Maven Central)",0.37870918214321136
uspto,US07319101-20080115-C00035,CC1(C)OC2C(O1)[C@@H](/C=C/CNC(=O)c1cc(Cl)cc3c1OC(c1ccccc1)(c1ccccc1)O3)O[C@H]2n1cnc2c(N)ncnc21,,,,"MolVec 0.9.8 (git b412dd0, Maven Central)",0.41615522652864456
uspto,US07319101-20080115-C00036,Nc1ncnc2c1ncn2[C@@H]1O[C@H](/C=C/CNC(=O)c2cc(Cl)cc(O)c2O)C(O)C1O,,,,"MolVec 0.9.8 (git b412dd0, Maven Central)",0.29261443205177784
uspto,US07319101-20080115-C00037,COC(=O)c1cc(-c2ccc(F)cc2)cc2c1OC(c1ccccc1)(c1ccccc1)O2,,,,"MolVec 0.9.8 (git b412dd0, Maven Central)",0.1534675769507885
uspto,US07319101-20080115-C00038,O=C(O)c1cc(-c2ccc(F)cc2)cc2c1OC(c1ccccc1)(c1ccccc1)O2,,,,"MolVec 0.9.8 (git b412dd0, Maven Central)",0.1522216461598873
uspto,US07319101-20080115-C00039,CC1(C)OC2C(O1)[C@@H](/C=C/CNC(=O)c1cc(-c3ccc(F)cc3)cc3c1OC(c1ccccc1)(c1ccccc1)O3)O[C@H]2n1cnc2c(N)ncnc21,,,,"MolVec 0.9.8 (git b412dd0, Maven Central)",0.5253154020756483
uspto,US07319101-20080115-C00040,Nc1ncnc2c1ncn2[C@@H]1O[C@H](/C=C/CNC(=O)c2cc(-c3ccc(F)cc3)cc(O)c2O)C(O)C1O,,,,"MolVec 0.9.8 (git b412dd0, Maven Central)",0.370109923183918
uspto,US07319101-20080115-C00041,COC(=O)c1cc(-c2ccc(C)cc2)cc2c1OC(c1ccccc1)(c1ccccc1)O2,,,,"MolVec 0.9.8 (git b412dd0, Maven Central)",0.16626806929707527
uspto,US07319101-20080115-C00042,Cc1ccc(-c2cc3c(c(C(=O)O)c2)OC(c2ccccc2)(c2ccccc2)O3)cc1,,,,"MolVec 0.9.8 (git b412dd0, Maven Central)",0.16611154191195965
uspto,US07319101-20080115-C00043,Cc1ccc(-c2cc3c(c(C(=O)NC/C=C/[C@H]4O[C@@H](n5cnc6c(N)ncnc65)C5OC(C)(C)OC54)c2)OC(c2ccccc2)(c2ccccc2)O3)cc1,,,,"MolVec 0.9.8 (git b412dd0, Maven Central)",0.5348655302077532
uspto,US07319101-20080115-C00044,Cc1ccc(-c2cc(O)c(O)c(C(=O)NC/C=C/[C@H]3O[C@@H](n4cnc5c(N)ncnc54)C(O)C3O)c2)cc1,,,,"MolVec 0.9.8 (git b412dd0, Maven Central)",0.3663574270904064
uspto,US07319101-20080115-C00045,COC(=O)c1cc(-c2nccs2)cc2c1OC(c1ccccc1)(c1ccccc1)O2,,,,"MolVec 0.9.8 (git b412dd0, Maven Central)",0.14560699462890625
uspto,US07319101-20080115-C00046,O=C(O)c1cc(-c2nccs2)cc2c1OC(c1ccccc1)(c1ccccc1)O2,,,,"MolVec 0.9.8 (git b412dd0, Maven Central)",0.13555552624166012
uspto,US07319101-20080115-C00047,CC1(C)OC2C(O1)[C@@H](/C=C/CNC(=O)c1cc(-c3nccs3)cc3c1OC(c1ccccc1)(c1ccccc1)O3)O[C@H]2n1cnc2c(N)ncnc21,,,,"MolVec 0.9.8 (git b412dd0, Maven Central)",0.47519143112003803
uspto,US07319101-20080115-C00048,Nc1ncnc2c1ncn2[C@@H]1O[C@H](/C=C/CNC(=O)c2cc(-c3nccs3)cc(O)c2O)C(O)C1O,,,,"MolVec 0.9.8 (git b412dd0, Maven Central)",0.33551650680601597
uspto,US07319101-20080115-C00049,COC(=O)c1cc(-c2nc3ccccc3s2)cc2c1OC(c1ccccc1)(c1ccccc1)O2,,,,"MolVec 0.9.8 (git b412dd0, Maven Central)",0.18927828036248684
uspto,US07319101-20080115-C00050,O=C(O)c1cc(-c2nc3ccccc3s2)cc2c1OC(c1ccccc1)(c1ccccc1)O2,,,,"MolVec 0.9.8 (git b412dd0, Maven Central)",0.181343087926507
uspto,US07319101-20080115-C00051,CC1(C)OC2C(O1)[C@@H](/C=C/CNC(=O)c1cc(-c3nc4ccccc4s3)cc3c1OC(c1ccccc1)(c1ccccc1)O3)O[C@H]2n1cnc2c(N)ncnc21,,,,"MolVec 0.9.8 (git b412dd0, Maven Central)",0.6019300688058138
uspto,US07319101-20080115-C00052,Nc1ncnc2c1ncn2[C@@H]1O[C@H](/C=C/CNC(=O)c2cc(-c3nc4ccccc4s3)cc(O)c2O)C(O)C1O,,,,"MolVec 0.9.8 (git b412dd0, Maven Central)",0.3778020180761814
uspto,US07319101-20080115-C00053,COC(=O)c1cc(-c2ccncc2)cc2c1OC(c1ccccc1)(c1ccccc1)O2,,,,"MolVec 0.9.8 (git b412dd0, Maven Central)",0.15326758660376072
uspto,US07319101-20080115-C00054,O=C(O)c1cc(-c2ccncc2)cc2c1OC(c1ccccc1)(c1ccccc1)O2,,,,"MolVec 0.9.8 (git b412dd0, Maven Central)",0.1465271357446909
uspto,US07319101-20080115-C00055,CC1(C)OC2C(O1)[C@@H](/C=C/CNC(=O)c1cc(-c3ccncc3)cc3c1OC(c1ccccc1)(c1ccccc1)O3)O[C@H]2n1cnc2c(N)ncnc21,,,,"MolVec 0.9.8 (git b412dd0, Maven Central)",0.5474760923534632
uspto,US07319101-20080115-C00056,Nc1ncnc2c1ncn2[C@@H]1O[C@H](/C=C/CNC(=O)c2cc(-c3ccncc3)cc(O)c2O)C(O)C1O,,,,"MolVec 0.9.8 (git b412dd0, Maven Central)",0.3594341166317463
uspto,US07319101-20080115-C00057,COC(=O)c1cc(Cc2ccc(C)cc2)cc2c1OC(c1ccccc1)(c1ccccc1)O2,,,,"MolVec 0.9.8 (git b412dd0, Maven Central)",0.1565223429352045
uspto,US07319101-20080115-C00058,Cc1ccc(Cc2cc3c(c(C(=O)O)c2)OC(c2ccccc2)(c2ccccc2)O3)cc1,,,,"MolVec 0.9.8 (git b412dd0, Maven Central)",0.1516253910958767
uspto,US07319101-20080115-C00059,Cc1ccc(Cc2cc3c(c(C(=O)NC/C=C/[C@H]4O[C@@H](n5cnc6c(N)ncnc65)C5OC(C)(C)OC54)c2)OC(c2ccccc2)(c2ccccc2)O3)cc1,,,,"MolVec 0.9.8 (git b412dd0, Maven Central)",0.4929230324923992
uspto,US07319101-20080115-C00060,Cc1ccc(Cc2cc(O)c(O)c(C(=O)NC/C=C/[C@H]3O[C@@H](n4cnc5c(N)ncnc54)C(O)C3O)c2)cc1,,,,"MolVec 0.9.8 (git b412dd0, Maven Central)",0.37353638000786304
uspto,US07319101-20080115-C00061,CN(C)C(=O)c1cc2c(c(C(=O)O)c1)OC(c1ccccc1)(c1ccccc1)O2,,,,"MolVec 0.9.8 (git b412dd0, Maven Central)",0.13482668437063694
uspto,US07319101-20080115-C00062,CN(C)C(=O)c1cc2c(c(C(=O)NC/C=C/[C@H]3O[C@@H](n4cnc5c(N)ncnc54)C4OC(C)(C)OC43)c1)OC(c1ccccc1)(c1ccccc1)O2,,,,"MolVec 0.9.8 (git b412dd0, Maven Central)",0.4900158680975437
uspto,US07319101-20080115-C00063,CN(C)C(=O)c1cc(O)c(O)c(C(=O)NC/C=C/[C@H]2O[C@@H](n3cnc4c(N)ncnc43)C(O)C2O)c1,,,,"MolVec 0.9.8 (git b412dd0, Maven Central)",0.3308900408446789
uspto,US07319101-20080115-C00064,COC(=O)c1cc(/C=C/C(=O)N(C)C)cc2c1OC(c1ccccc1)(c1ccccc1)O2,,,,"MolVec 0.9.8 (git b412dd0, Maven Central)",0.15589976496994495
uspto,US07319101-20080115-C00065,CN(C)C(=O)/C=C/c1cc2c(c(C(=O)O)c1)OC(c1ccccc1)(c1ccccc1)O2,,,,"MolVec 0.9.8 (git b412dd0, Maven Central)",0.15782549232244492
uspto,US07319101-20080115-C00066,CN(C)C(=O)/C=C/c1cc2c(c(C(=O)NC/C=C/[C@H]3O[C@@H](n4cnc5c(N)ncnc54)C4OC(C)(C)OC43)c1)OC(c1ccccc1)(c1ccccc1)O2,,,,"MolVec 0.9.8 (git b412dd0, Maven Central)",0.5348083544522524
uspto,US07319101-20080115-C00067,CN(C)C(=O)/C=C/c1cc(O)c(O)c(C(=O)NC/C=C/[C@H]2O[C@@H](n3cnc4c(N)ncnc43)C(O)C2O)c1,,,,"MolVec 0.9.8 (git b412dd0, Maven Central)",0.3756780158728361
uspto,US07319101-20080115-C00068,COCOc1ccc(C(F)(F)F)cc1O,,,,"MolVec 0.9.8 (git b412dd0, Maven Central)",0.06033586896955967
uspto,US07319101-20080115-C00069,Oc1cc(C(F)(F)F)cc(Br)c1O,,,,"MolVec 0.9.8 (git b412dd0, Maven Central)",0.05568208545446396
uspto,US07319101-20080115-C00070,FC(F)(F)c1cc(Br)c(OCc2ccccc2)c(OCc2ccccc2)c1,,,,"MolVec 0.9.8 (git b412dd0, Maven Central)",0.09395882859826088
uspto,US07319101-20080115-C00071,COC(=O)c1cc(C(F)(F)F)cc(OCc2ccccc2)c1OCc1ccccc1,,,,"MolVec 0.9.8 (git b412dd0, Maven Central)",0.09662193804979324
uspto,US07319101-20080115-C00072,COC(=O)c1cc(C(F)(F)F)cc(O)c1O,,,,"MolVec 0.9.8 (git b412dd0, Maven Central)",0.06293297186493874
uspto,US07319101-20080115-C00073,COC(=O)c1cc(C(F)(F)F)cc2c1OC(c1ccc(OC)cc1)(c1ccc(OC)cc1)O2,,,,"MolVec 0.9.8 (git b412dd0, Maven Central)",0.15844916738569736
uspto,US07319101-20080115-C00074,COc1ccc(C2(c3ccc(OC)cc3)Oc3cc(C(F)(F)F)cc(C(=O)O)c3O2)cc1,,,,"MolVec 0.9.8 (git b412dd0, Maven Central)",0.1642035599797964
uspto,US07319101-20080115-C00075,COc1ccc(C2(c3ccc(OC)cc3)Oc3cc(C(F)(F)F)cc(C(=O)NC/C=C/[C@H]4O[C@@H](n5cnc6c(N)ncnc65)C5OC(C)(C)OC54)c3O2)cc1,,,,"MolVec 0.9.8 (git b412dd0, Maven Central)",0.45362244732677937
uspto,US07319101-20080115-C00076,Nc1ncnc2c1ncn2[C@@H]1O[C@H](/C=C/CNC(=O)c2cc(C(F)(F)F)cc(O)c2O)C(O)C1O,,,,"MolVec 0.9.8 (git b412dd0, Maven Central)",0.2997450679540634
uspto,US07319101-20080115-C00077,C=C(C)c1ccc(OCOC)c(OC)c1,,,,"MolVec 0.9.8 (git b412dd0, Maven Central)",0.047980181872844696
uspto,US07319101-20080115-C00078,COCOc1ccc(C(C)C)cc1OC,,,,"MolVec 0.9.8 (git b412dd0, Maven Central)",0.04719049669802189
uspto,US07319101-20080115-C00079,COCOc1c(OC)cc(C(C)C)cc1C(=O)OC,,,,"MolVec 0.9.8 (git b412dd0, Maven Central)",0.07907865196466446
uspto,US07319101-20080115-C00080,CC(C)c1cc(O)c(O)c(C(=O)O)c1,,,,"MolVec 0.9.8 (git b412dd0, Maven Central)",0.06578619964420795
uspto,US07319101-20080115-C00081,COC(=O)c1cc(C(C)C)cc(O)c1O,,,,"MolVec 0.9.8 (git b412dd0, Maven Central)",0.062001053243875504
uspto,US07319101-20080115-C00082,COC(=O)c1cc(C(C)C)cc2c1OC(c1ccccc1)(c1ccccc1)O2,,,,"MolVec 0.9.8 (git b412dd0, Maven Central)",0.1322258859872818
uspto,US07319101-20080115-C00083,CC(C)c1cc2c(c(C(=O)O)c1)OC(c1ccccc1)(c1ccccc1)O2,,,,"MolVec 0.9.8 (git b412dd0, Maven Central)",0.11509864404797554
uspto,US07319101-20080115-C00084,CC(C)c1cc2c(c(C(=O)NC/C=C/[C@H]3O[C@@H](n4cnc5c(N)ncnc54)C4OC(C)(C)OC43)c1)OC(c1ccccc1)(c1ccccc1)O2,,,,"MolVec 0.9.8 (git b412dd0, Maven Central)",0.4449469670653343
uspto,US07319101-20080115-C00085,CC(C)c1cc(O)c(O)c(C(=O)NC/C=C/[C@H]2O[C@@H](n3cnc4c(N)ncnc43)C(O)C2O)c1,,,,"MolVec 0.9.8 (git b412dd0, Maven Central)",0.3278614208102226
uspto,US07319101-20080115-C00086,COC(=O)c1cc(S(=O)(=O)c2ccc(C)cc2)cc(OC)c1OC,,,,"MolVec 0.9.8 (git b412dd0, Maven Central)",0.09445111081004143
uspto,US07319101-20080115-C00087,Cc1ccc(S(=O)(=O)c2cc(O)c(O)c(C(=O)O)c2)cc1,,,,"MolVec 0.9.8 (git b412dd0, Maven Central)",0.0888458751142025
uspto,US07319101-20080115-C00088,COC(=O)c1cc(S(=O)(=O)c2ccc(C)cc2)cc(O)c1O,,,,"MolVec 0.9.8 (git b412dd0, Maven Central)",0.08445489779114723
uspto,US07319101-20080115-C00089,COC(=O)c1cc(S(=O)(=O)c2ccc(C)cc2)cc2c1OC(c1ccc(OC)cc1)(c1ccc(OC)cc1)O2,,,,"MolVec 0.9.8 (git b412dd0, Maven Central)",0.20711572282016277
uspto,US07319101-20080115-C00090,COc1ccc(C2(c3ccc(OC)cc3)Oc3cc(S(=O)(=O)c4ccc(C)cc4)cc(C(=O)O)c3O2)cc1,,,,"MolVec 0.9.8 (git b412dd0, Maven Central)",0.20762443915009499
uspto,US07319101-20080115-C00091,COc1ccc(C2(c3ccc(OC)cc3)Oc3cc(S(=O)(=O)c4ccc(C)cc4)cc(C(=O)NC/C=C/[C@H]4O[C@@H](n5cnc6c(N)ncnc65)C5OC(C)(C)OC54)c3O2)cc1,,,,"MolVec 0.9.8 (git b412dd0, Maven Central)",0.5032312478870153
uspto,US07319101-20080115-C00092,Cc1ccc(S(=O)(=O)c2cc(O)c(O)c(C(=O)NC/C=C/[C@H]3O[C@@H](n4cnc5c(N)ncnc54)C(O)C3O)c2)cc1,,,,"MolVec 0.9.8 (git b412dd0, Maven Central)",0.38426139019429684
uspto,US07319101-20080115-C00093,COc1cc(C(O)c2ccc(C)cc2)cc(C2OCCCO2)c1OC,,,,"MolVec 0.9.8 (git b412dd0, Maven Central)",0.0962708331644535
uspto,US07319101-20080115-C00094,COc1cc(C(=O)c2ccc(C)cc2)cc(C(=O)O)c1OC,,,,"MolVec 0.9.8 (git b412dd0, Maven Central)",0.08366400748491287
uspto,US07319101-20080115-C00095,Cc1ccc(C(=O)c2cc(O)c(O)c(C(=O)O)c2)cc1,,,,"MolVec 0.9.8 (git b412dd0, Maven Central)",0.0873101968318224
uspto,US07319101-20080115-C00096,Cc1ccc(C(=O)c2cc(O)c(O)c(C(=O)ON3C(=O)CCC3=O)c2)cc1,,,,"MolVec 0.9.8 (git b412dd0, Maven Central)",0.15397279150784016
uspto,US07319101-20080115-C00097,Cc1ccc(C(=O)c2cc(O)c(O)c(C(=O)NC/C=C/[C@H]3O[C@@H](n4cnc5c(N)ncnc54)C(O)C3O)c2)cc1,,,,"MolVec 0.9.8 (git b412dd0, Maven Central)",0.32564719021320343
uspto,US07319102-20080115-C00019,O=C(c1ccc(F)cc1)c1cc2cnc(NC3CCOCC3)nc2n1-c1c(F)cccc1F,,,,"MolVec 0.9.8 (git b412dd0, Maven Central)",0.5416299551725388
uspto,US07319103-20080115-C00066,C[C@@H]1CC[C@@H](C)N1CCCOc1ccc(-c2c3c(nc4ccnn24)CCCCC3)cc1,,,,"MolVec 0.9.8 (git b412dd0, Maven Central)",0.17353970929980278
uspto,US07319103-20080115-C00071,c1ccc2c(-c3ccc(OCCCN4CCCC4)cc3)c3c(nc2c1)CCCCC3,,,,"MolVec 0.9.8 (git b412dd0, Maven Central)",0.14403621293604374
uspto,US07319104-20080115-C00017,CC(C)(C)OC(=O)C(C)(C)Oc1cccc(CCN)c1,,,,"MolVec 0.9.8 (git b412dd0, Maven Central)",0.07399674132466316
uspto,US07319104-20080115-C00018,CC(C)(C)OC(=O)C(C)(C)Oc1ccc(CCN)cc1,,,,"MolVec 0.9.8 (git b412dd0, Maven Central)",0.08116207830607891
uspto,US07319104-20080115-C00019,CC(C)(C)OC(=O)C(C)(C)Oc1cccc(CCCN)c1,,,,"MolVec 0.9.8 (git b412dd0, Maven Central)",0.08768247067928314
uspto,US07319104-20080115-C00020,CC(C)(C)OC(=O)C(C)(C)Oc1ccc(CCCN)cc1,,,,"MolVec 0.9.8 (git b412dd0, Maven Central)",0.08840423822402954
uspto,US07319104-20080115-C00021,CC(C)c1nc(-c2ccc(C=O)cc2)no1,,,,"MolVec 0.9.8 (git b412dd0, Maven Central)",0.07517603412270546
uspto,US07319104-20080115-C00022,O=Cc1ccc(-c2noc(C3CC3)n2)cc1,,,,"MolVec 0.9.8 (git b412dd0, Maven Central)",0.0886471588164568
uspto,US07319104-20080115-C00023,CC(C)(C)OC(=O)C(C)(C)Oc1cccc(CCCNCc2ccc(-c3noc(C4CC4)n3)cc2)c1,,,,"MolVec 0.9.8 (git b412dd0, Maven Central)",0.19595047272741795
uspto,US07319104-20080115-C00024,CC(C)(C)OC(=O)C(C)(C)Oc1ccc(CCNCc2ccc(-c3noc(C4CC4)n3)cc2)cc1,,,,"MolVec 0.9.8 (git b412dd0, Maven Central)",0.24385913275182247
uspto,US07319104-20080115-C00025,CCOC(=O)C(C)(C)Oc1ccc(CCNCc2ccc(-c3noc(C4CC4)n3)cc2)cc1,,,,"MolVec 0.9.8 (git b412dd0, Maven Central)",0.21673544496297836
uspto,US07319104-20080115-C00026,COC(=O)C(C)(C)Oc1ccc(CCNCc2ccc(-c3noc(C(C)C)n3)cc2)cc1,,,,"MolVec 0.9.8 (git b412dd0, Maven Central)",0.1472949292510748
uspto,US07319104-20080115-C00027,CC(C)(C)OC(=O)C(C)(C)Oc1cccc(CCCNCc2ccc(C(F)(F)F)cc2)c1,,,,"MolVec 0.9.8 (git b412dd0, Maven Central)",0.12521370127797127
uspto,US07319104-20080115-C00028,CC(C)(C)OC(=O)C(C)(C)Oc1ccc(CCNCc2ccc(C(F)(F)F)cc2)cc1,,,,"MolVec 0.9.8 (git b412dd0, Maven Central)",0.14517848379909992
uspto,US07319104-20080115-C00029,Oc1ccc(CCNCc2ccc(C(F)(F)F)cc2)cc1,,,,"MolVec 0.9.8 (git b412dd0, Maven Central)",0.10672613605856895
uspto,US07319104-20080115-C00030,CCOC(=O)C(C)(C)Oc1ccc(CCNCc2ccc(C(F)(F)F)cc2)cc1,,,,"MolVec 0.9.8 (git b412dd0, Maven Central)",0.101427361369133
uspto,US07319104-20080115-C00031,COC(=O)C(C)(C)Oc1ccc(CCNCc2ccc(C(F)(F)F)cc2C(F)(F)F)cc1,,,,"MolVec 0.9.8 (git b412dd0, Maven Central)",0.1456956695765257
uspto,US07319104-20080115-C00032,COC(=O)C(C)(C)Oc1ccc(CCNCc2ccc(C(F)(F)F)cc2)cc1,,,,"MolVec 0.9.8 (git b412dd0, Maven Central)",0.11385167762637138
uspto,US07319104-20080115-C00033,CC(C)(C)OC(=O)C(C)(C)Oc1cccc(CCCNCc2ccc(C(F)(F)F)cc2C(F)(F)F)c1,,,,"MolVec 0.9.8 (git b412dd0, Maven Central)",0.15923871658742428
uspto,US07319104-20080115-C00034,CCOC(=O)C(C)(C)Oc1ccc(CCNCc2ccc(OC(F)(F)F)cc2)cc1,,,,"MolVec 0.9.8 (git b412dd0, Maven Central)",0.12086893990635872
uspto,US07319104-20080115-C00035,CCOC(=O)C(C)(C)Oc1ccc(CCNCc2cccnc2)cc1,,,,"MolVec 0.9.8 (git b412dd0, Maven Central)",0.12559667974710464
uspto,US07319104-20080115-C00036,CCOC(=O)C(C)(C)Oc1ccc(CCNCc2ccncc2)cc1,,,,"MolVec 0.9.8 (git b412dd0, Maven Central)",0.10021901316940784
uspto,US07319104-20080115-C00037,CCOC(=O)C(C)(C)Oc1ccc(CCNCc2ccc(C(F)(F)F)cc2)cc1OC,,,,"MolVec 0.9.8 (git b412dd0, Maven Central)",0.13167976588010788
uspto,US07319104-20080115-C00038,CCOC(=O)C(C)(C)Oc1ccc(CCNCc2ccc(C(F)(F)F)cc2)cc1Br,,,,"MolVec 0.9.8 (git b412dd0, Maven Central)",0.1284161265939474
uspto,US07319104-20080115-C00039,CCc1cnc(N(CCc2ccc(OC(C)(C)C(=O)O)cc2)Cc2ccc(C(F)(F)F)cc2C(F)(F)F)nc1,,,,"MolVec 0.9.8 (git b412dd0, Maven Central)",0.25961259193718433
uspto,US07319104-20080115-C00040,CC(C)(Oc1ccc(CCN(Cc2ccc(C(F)(F)F)cc2C(F)(F)F)c2ncccn2)cc1)C(=O)O,,,,"MolVec 0.9.8 (git b412dd0, Maven Central)",0.2336783017963171
uspto,US07319104-20080115-C00041,CCCc1cnc(N(CCc2ccc(OC(C)(C)C(=O)O)cc2)Cc2ccc(C(F)(F)F)cc2C(F)(F)F)nc1,,,,"MolVec 0.9.8 (git b412dd0, Maven Central)",0.2427463922649622
uspto,US07319104-20080115-C00042,CC(C)(Oc1cccc(CCCN(Cc2ccc(C(F)(F)F)cc2C(F)(F)F)c2ncccn2)c1)C(=O)O,,,,"MolVec 0.9.8 (git b412dd0, Maven Central)",0.19567545130848885
uspto,US07319104-20080115-C00043,CC(C)(Oc1ccc(CCN(Cc2ccc(C(F)(F)F)cc2C(F)(F)F)c2nccc(C(F)(F)F)n2)cc1)C(=O)O,,,,"MolVec 0.9.8 (git b412dd0, Maven Central)",0.23462344147264957
uspto,US07319104-20080115-C00044,CC(C)(Oc1cccc(CCCC(Cc2ccc(-c3noc(C4CC4)n3)cc2)c2ncccn2)c1)C(=O)O,,,,"MolVec 0.9.8 (git b412dd0, Maven Central)",0.1459780652076006
uspto,US07319104-20080115-C00045,CCc1cnc(N(CCc2ccc(OC(C)(C)C(=O)O)cc2)Cc2ccc(OC(F)(F)F)cc2)nc1,,,,"MolVec 0.9.8 (git b412dd0, Maven Central)",0.19384584948420525
uspto,US07319104-20080115-C00046,CCc1cnc(N(CCc2ccc(OC(C)(C)C(=O)O)cc2)Cc2ccc(C(F)(F)F)cc2)nc1,,,,"MolVec 0.9.8 (git b412dd0, Maven Central)",0.18696459382772446
uspto,US07319104-20080115-C00047,CC(C)(Oc1ccc(CCN(Cc2ccc(C(F)(F)F)cc2)c2ncccn2)cc1)C(=O)O,,,,"MolVec 0.9.8 (git b412dd0, Maven Central)",0.17215507850050926
uspto,US07319104-20080115-C00048,CC(C)(Oc1ccc(CCN(Cc2ccc(C(F)(F)F)cc2)c2ncc(Cl)cn2)cc1)C(=O)O,,,,"MolVec 0.9.8 (git b412dd0, Maven Central)",0.19398808293044567
uspto,US07319104-20080115-C00049,CC(C)(Oc1ccc(CCN(Cc2ccc(C(F)(F)F)cc2)c2ncc(Br)cn2)cc1)C(=O)O,,,,"MolVec 0.9.8 (git b412dd0, Maven Central)",0.2101023644208908
uspto,US07319104-20080115-C00051,CCc1cnc(N(CCc2ccc(OC(C)(C)C(=O)O)cc2)Cc2cccnc2)nc1,,,,"MolVec 0.9.8 (git b412dd0, Maven Central)",0.16989467293024063
uspto,US07319104-20080115-C00052,CC(C)c1cnc(N(CCc2ccc(OC(C)(C)C(=O)O)cc2)Cc2cccnc2)nc1,,,,"MolVec 0.9.8 (git b412dd0, Maven Central)",0.18298696912825108
uspto,US07319104-20080115-C00053,CCc1cnc(N(CCc2ccc(OC(C)(C)C(=O)O)cc2)Cc2ccncc2)nc1,,,,"MolVec 0.9.8 (git b412dd0, Maven Central)",0.1706639714539051
uspto,US07319104-20080115-C00054,CCc1cnc(N(CCc2ccc(OC(C)(C)C(=O)O)c(OC)c2)Cc2ccc(C(F)(F)F)cc2)nc1,,,,"MolVec 0.9.8 (git b412dd0, Maven Central)",0.19359448738396168
uspto,US07319104-20080115-C00055,CCc1cnc(N(CCc2ccc(OC(C)(C)C(=O)O)c(Br)c2)Cc2ccc(C(F)(F)F)cc2)nc1,,,,"MolVec 0.9.8 (git b412dd0, Maven Central)",0.1970389187335968
uspto,US07319104-20080115-C00056,CCc1cnc(N(CCc2ccc(OC(C)(C)C(=O)O)c(C#N)c2)Cc2ccc(C(F)(F)F)cc2)nc1,,,,"MolVec 0.9.8 (git b412dd0, Maven Central)",0.20315448567271233
uspto,US07319104-20080115-C00057,CCc1cnc(NCCc2ccc(O)cc2)nc1,,,,"MolVec 0.9.8 (git b412dd0, Maven Central)",0.09160870499908924
uspto,US07319104-20080115-C00058,CCOC(=O)C(C)(C)Oc1ccc(CCNc2ncc(CC)cn2)cc1,,,,"MolVec 0.9.8 (git b412dd0, Maven Central)",0.12342751026153564
uspto,US07319104-20080115-C00060,CCc1cnc(N(CCc2ccc(OC(C)(C)C(=O)O)cc2)Cc2ccc(C(C)(C)C)cc2)nc1,,,,"MolVec 0.9.8 (git b412dd0, Maven Central)",0.1921663749963045
uspto,US07319104-20080115-C00061,CCc1cnc(N(CCc2ccc(OC(C)(C)C(=O)O)cc2)Cc2cccc(OC(F)(F)F)c2)nc1,,,,"MolVec 0.9.8 (git b412dd0, Maven Central)",0.2480412870645523
uspto,US07319104-20080115-C00062,CCc1cnc(N(CCc2ccc(OC(C)(C)C(=O)O)cc2)Cc2ccc(SC(F)(F)F)cc2)nc1,,,,"MolVec 0.9.8 (git b412dd0, Maven Central)",0.23211787454783916
uspto,US07319104-20080115-C00063,CCc1cnc(N(CCc2ccc(OC(C)(C)C(=O)O)cc2)Cc2ccc(S(C)(=O)=O)cc2)nc1,,,,"MolVec 0.9.8 (git b412dd0, Maven Central)",0.1964502204209566
uspto,US07319104-20080115-C00064,CCc1cnc(N(CCc2ccc(OC(C)(C)C(=O)O)cc2)Cc2ccc(SC)cc2)nc1,,,,"MolVec 0.9.8 (git b412dd0, Maven Central)",0.1724675353616476
uspto,US07319104-20080115-C00065,CCc1cnc(N(CCc2ccc(OC(C)(C)C(=O)O)cc2)Cc2ccc(OC)cc2)nc1,,,,"MolVec 0.9.8 (git b412dd0, Maven Central)",0.17507138662040234
uspto,US07319104-20080115-C00066,CCc1cnc(N(CCc2ccc(OC(C)(C)C(=O)O)cc2)Cc2ccoc2)nc1,,,,"MolVec 0.9.8 (git b412dd0, Maven Central)",0.1611384768038988
uspto,US07319104-20080115-C00067,CCc1cnc(N(CCc2ccc(OC(C)(C)C(=O)O)cc2)Cc2cccc(SC(F)(F)F)c2)nc1,,,,"MolVec 0.9.8 (git b412dd0, Maven Central)",0.22830499149858952
uspto,US07319104-20080115-C00068,CCc1cnc(N(CCc2ccc(OC(C)(C)C(=O)O)cc2)Cc2cc(F)cc(F)c2)nc1,,,,"MolVec 0.9.8 (git b412dd0, Maven Central)",0.2084762081503868
uspto,US07319104-20080115-C00069,CCc1cnc(N(CCc2ccc(OC(C)(C)C(=O)O)cc2)Cc2ccc(F)cc2C(F)(F)F)nc1,,,,"MolVec 0.9.8 (git b412dd0, Maven Central)",0.2362467236816883
uspto,US07319104-20080115-C00070,CCc1cnc(N(CCc2ccc(OC(C)(C)C(=O)O)cc2)Cc2cc(C(F)(F)F)cc(C(F)(F)F)c2)nc1,,,,"MolVec 0.9.8 (git b412dd0, Maven Central)",0.24090218916535378
uspto,US07319104-20080115-C00071,CCc1ccc(CN(CCc2ccc(OC(C)(C)C(=O)O)cc2)c2ncc(CC)cn2)cc1,,,,"MolVec 0.9.8 (git b412dd0, Maven Central)",0.17109165713191032
uspto,US07319104-20080115-C00072,CCc1cnc(N(CCc2ccc(OC(C)(C)C(=O)O)cc2)Cc2ccc(C#N)cc2)nc1,,,,"MolVec 0.9.8 (git b412dd0, Maven Central)",0.2014887947589159
uspto,US07319104-20080115-C00073,CCc1cnc(N(CCc2ccc(OC(C)(C)C(=O)O)cc2)Cc2cccc(C)c2)nc1,,,,"MolVec 0.9.8 (git b412dd0, Maven Central)",0.1939733512699604
uspto,US07319104-20080115-C00074,CCc1cnc(N(CCc2ccc(OC(C)(C)C(=O)O)cc2)Cc2ccc(F)cc2Cl)nc1,,,,"MolVec 0.9.8 (git b412dd0, Maven Central)",0.18183792382478714
uspto,US07319104-20080115-C00075,CCc1cnc(N(CCc2ccc(OC(C)(C)C(=O)O)cc2)Cc2ccc(Br)cc2)nc1,,,,"MolVec 0.9.8 (git b412dd0, Maven Central)",0.21128281019628048
uspto,US07319104-20080115-C00076,CCc1cnc(N(CCc2ccc(OC(C)(C)C(=O)O)cc2)Cc2ccccc2C#N)nc1,,,,"MolVec 0.9.8 (git b412dd0, Maven Central)",0.20029069297015667
uspto,US07319104-20080115-C00077,CCc1cnc(N(CCc2ccc(OC(C)(C)C(=O)O)cc2)Cc2ccccc2C)nc1,,,,"MolVec 0.9.8 (git b412dd0, Maven Central)",0.16230137087404728
uspto,US07319104-20080115-C00078,CCc1cnc(N(CCc2ccc(OC(C)(C)C(=O)O)cc2)Cc2ccc(Cl)c(Cl)c2)nc1,,,,"MolVec 0.9.8 (git b412dd0, Maven Central)",0.1896316409111023
uspto,US07319104-20080115-C00079,CCc1cnc(N(CCc2ccc(OC(C)(C)C(=O)O)cc2)Cc2ccccc2-c2ccccc2)nc1,,,,"MolVec 0.9.8 (git b412dd0, Maven Central)",0.19824360497295856
uspto,US07319104-20080115-C00080,CCc1cnc(N(CCc2ccc(OC(C)(C)C(=O)O)cc2)Cc2ccc(Cl)cc2)nc1,,,,"MolVec 0.9.8 (git b412dd0, Maven Central)",0.17934320867061615
uspto,US07319104-20080115-C00081,CCc1cnc(N(CCc2ccc(OC(C)(C)C(=O)O)cc2)Cc2ccccc2)nc1,,,,"MolVec 0.9.8 (git b412dd0, Maven Central)",0.15554158575832844
uspto,US07319104-20080115-C00082,CCc1cnc(N(CCc2ccc(OC(C)(C)C(=O)O)cc2)Cc2ccccc2OC(F)(F)F)nc1,,,,"MolVec 0.9.8 (git b412dd0, Maven Central)",0.22208273969590664
uspto,US07319104-20080115-C00083,CCc1cnc(N(CCc2ccc(OC(C)(C)C(=O)O)cc2)Cc2cccc(C(F)(F)F)c2)nc1,,,,"MolVec 0.9.8 (git b412dd0, Maven Central)",0.22022857330739498
uspto,US07319104-20080115-C00084,CCc1cnc(N(CCc2ccc(OC(C)(C)C(=O)O)cc2)Cc2ccccc2C(F)(F)F)nc1,,,,"MolVec 0.9.8 (git b412dd0, Maven Central)",0.1966268252581358
uspto,US07319104-20080115-C00085,CCc1cnc(N(CCc2ccc(OC(C)(C)C(=O)O)cc2)Cc2ccc(F)cc2)nc1,,,,"MolVec 0.9.8 (git b412dd0, Maven Central)",0.16760905273258686
uspto,US07319104-20080115-C00086,CCc1cnc(N(CCc2ccc(OC(C)(C)C(=O)O)cc2)Cc2cccc(Cl)c2)nc1,,,,"MolVec 0.9.8 (git b412dd0, Maven Central)",0.185333002358675
uspto,US07319104-20080115-C00087,CCc1cnc(N(CCc2ccc(OC(C)(C)C(=O)O)cc2)Cc2cc(Cl)ccc2Cl)nc1,,,,"MolVec 0.9.8 (git b412dd0, Maven Central)",0.17957155406475067
uspto,US07319104-20080115-C00088,CCc1cnc(N(CCc2ccc(OC(C)(C)C(=O)O)cc2)Cc2ccc(C(C)C)cc2)nc1,,,,"MolVec 0.9.8 (git b412dd0, Maven Central)",0.17713027819991112
uspto,US07319104-20080115-C00089,CCc1cnc(N(CCc2ccc(OC(C)(C)C(=O)O)cc2)Cc2ccccc2Cl)nc1,,,,"MolVec 0.9.8 (git b412dd0, Maven Central)",0.16469461284577847
uspto,US07319104-20080115-C00090,CCc1cnc(N(CCc2ccc(OC(C)(C)C(=O)O)cc2)Cc2cc(C)cc(C)c2)nc1,,,,"MolVec 0.9.8 (git b412dd0, Maven Central)",0.18335284292697906
uspto,US07319104-20080115-C00091,CCc1cnc(N(CCc2ccc(OC(C)(C)C(=O)O)cc2)Cc2ccc(OC)c(C)c2)nc1,,,,"MolVec 0.9.8 (git b412dd0, Maven Central)",0.18373706936836243
uspto,US07319104-20080115-C00092,CCc1cnc(N(CCc2ccc(OC(C)(C)C(=O)O)cc2)Cc2ccc(C)cc2)nc1,,,,"MolVec 0.9.8 (git b412dd0, Maven Central)",0.16208451613783836
uspto,US07319104-20080115-C00096,CCc1cnc(N(CCc2ccc(OC(C)C(=O)O)cc2)Cc2ccc(OC(F)(F)F)cc2)nc1,,,,"MolVec 0.9.8 (git b412dd0, Maven Central)",0.22829369641840458
uspto,US07319104-20080115-C00097,CCc1cnc(N(CCc2ccc(O)cc2)Cc2ccc(C(F)(F)F)cc2)nc1,,,,"MolVec 0.9.8 (git b412dd0, Maven Central)",0.15216883458197117
uspto,US07319104-20080115-C00098,CCc1cnc(N(CCc2ccc(OCC(=O)O)cc2)Cc2ccc(C(F)(F)F)cc2)nc1,,,,"MolVec 0.9.8 (git b412dd0, Maven Central)",0.1772689614444971
uspto,US07319104-20080115-C00099,CCc1cnc(N(CCc2ccc(OC(C)C(=O)O)cc2)Cc2ccc(C(F)(F)F)cc2)nc1,,,,"MolVec 0.9.8 (git b412dd0, Maven Central)",0.17280917800962925
uspto,US07319104-20080115-C00100,CCc1cnc(N(CCc2ccc(OC(CC)C(=O)O)cc2)Cc2ccc(C(F)(F)F)cc2)nc1,,,,"MolVec 0.9.8 (git b412dd0, Maven Central)",0.17480676621198654
uspto,US07319104-20080115-C00101,CCc1cnc(N(CCc2ccc(OC(C)(C)C(=O)O)cc2)Cc2ccc(-c3noc(C(C)C)n3)cc2)nc1,,,,"MolVec 0.9.8 (git b412dd0, Maven Central)",0.17707793042063713
uspto,US07319104-20080115-C00102,CCc1cnc(N(CCc2ccc(O)cc2)Cc2ccc(OC(F)(F)F)cc2)nc1,,,,"MolVec 0.9.8 (git b412dd0, Maven Central)",0.14711198024451733
uspto,US07319104-20080115-C00103,CCc1cnc(N(CCc2ccc(OCC(=O)O)cc2)Cc2ccc(OC(F)(F)F)cc2)nc1,,,,"MolVec 0.9.8 (git b412dd0, Maven Central)",0.19878875464200974
uspto,US07319104-20080115-C00104,CCCc1cc(CCN(Cc2ccc(OC(F)(F)F)cc2)c2ncc(CC)cn2)ccc1O,,,,"MolVec 0.9.8 (git b412dd0, Maven Central)",0.15466469153761864
uspto,US07319104-20080115-C00105,CCCc1cc(CCN(Cc2ccc(OC(F)(F)F)cc2)c2ncc(CC)cn2)ccc1OCC(=O)O,,,,"MolVec 0.9.8 (git b412dd0, Maven Central)",0.19294137880206108
uspto,US07319104-20080115-C00106,CCCc1cc(CCN(Cc2ccc(OC(F)(F)F)cc2)c2ncc(CC)cn2)ccc1OCc1nn[nH]n1,,,,"MolVec 0.9.8 (git b412dd0, Maven Central)",0.18610654026269913
uspto,US07319104-20080115-C00107,COc1ccc(C(C)(C)CN)cc1,,,,"MolVec 0.9.8 (git b412dd0, Maven Central)",0.05100216902792454
uspto,US07319104-20080115-C00108,CCc1cnc(N(Cc2ccc(C(F)(F)F)cc2)CC(C)(C)c2ccc(OC(C)(C)C(=O)O)cc2)nc1,,,,"MolVec 0.9.8 (git b412dd0, Maven Central)",0.1803016122430563
uspto,US07319104-20080115-C00109,COc1ccc(C(C)(C)CNCc2ccc(OC(F)(F)F)cc2)cc1,,,,"MolVec 0.9.8 (git b412dd0, Maven Central)",0.10714257881045341
uspto,US07319104-20080115-C00110,CC(C)(Oc1ccc(C(C)(C)CN(Cc2ccc(OC(F)(F)F)cc2)c2ncccn2)cc1)C(=O)O,,,,"MolVec 0.9.8 (git b412dd0, Maven Central)",0.15651104785501957
uspto,US07319104-20080115-C00111,CCc1cnc(N(Cc2ccc(OC(F)(F)F)cc2)CC(C)(C)c2ccc(O)cc2)nc1,,,,"MolVec 0.9.8 (git b412dd0, Maven Central)",0.15406394936144352
uspto,US07319104-20080115-C00112,CCc1cnc(N(Cc2ccc(OC(F)(F)F)cc2)CC(C)(C)c2ccc(OC(C)(C)C(=O)O)cc2)nc1,,,,"MolVec 0.9.8 (git b412dd0, Maven Central)",0.17764827236533165
uspto,US07319104-20080115-C00113,CCc1cnc(N(Cc2ccc(OC(F)(F)F)cc2)CC(C)(C)c2ccc(OCC(=O)O)cc2)nc1,,,,"MolVec 0.9.8 (git b412dd0, Maven Central)",0.18626674078404903
uspto,US07319104-20080115-C00114,CCc1cnc(N(Cc2ccc(OC(F)(F)F)cc2)CC(C)(C)c2ccc(OCC3=NNNN3)cc2)nc1,,,,"MolVec 0.9.8 (git b412dd0, Maven Central)",0.18943857587873936
uspto,US07319104-20080115-C00115,CCc1cnc(N(Cc2ccc(OC(F)(F)F)cc2)CC(C)(C)c2ccc(O)c(Cl)c2)nc1,,,,"MolVec 0.9.8 (git b412dd0, Maven Central)",0.17414016276597977
uspto,US07319104-20080115-C00116,CCc1cnc(N(Cc2ccc(OC(F)(F)F)cc2)CC(C)(C)c2ccc(OCC(=O)O)c(Cl)c2)nc1,,,,"MolVec 0.9.8 (git b412dd0, Maven Central)",0.18543138913810253
uspto,US07319104-20080115-C00117,CCc1cnc(N(Cc2ccc(OC(F)(F)F)cc2)CC(C)(C)c2ccc(OC(C)(C)C(=O)O)c(Cl)c2)nc1,,,,"MolVec 0.9.8 (git b412dd0, Maven Central)",0.18466944433748722
uspto,US07319104-20080115-C00118,CCCc1cc(C(C)(C)CN(Cc2ccc(OC(F)(F)F)cc2)c2ncc(CC)cn2)ccc1O,,,,"MolVec 0.9.8 (git b412dd0, Maven Central)",0.19441860914230347
uspto,US07319104-20080115-C00119,CCCc1cc(C(C)(C)CN(Cc2ccc(OC(F)(F)F)cc2)c2ncc(CC)cn2)ccc1OC(C)(C)C(=O)O,,,,"MolVec 0.9.8 (git b412dd0, Maven Central)",0.22016356326639652
uspto,US07319104-20080115-C00120,CCCc1cc(C(C)(C)CN(Cc2ccc(OC(F)(F)F)cc2)c2ncc(CC)cn2)ccc1OCC(=O)O,,,,"MolVec 0.9.8 (git b412dd0, Maven Central)",0.20647511072456837
uspto,US07319104-20080115-C00121,CCCc1cc(C(C)(C)CN(Cc2ccc(OC(F)(F)F)cc2)c2ncc(CC)cn2)ccc1OCC1=NNNN1,,,,"MolVec 0.9.8 (git b412dd0, Maven Central)",0.21799803338944912
uspto,US07319104-20080115-C00122,CCc1cnc(N(Cc2ccc(OC(F)(F)F)cc2)CC(C)c2ccc(O)cc2)nc1,,,,"MolVec 0.9.8 (git b412dd0, Maven Central)",0.1529560312628746
uspto,US07319104-20080115-C00123,CCc1cnc(N(Cc2ccc(OC(F)(F)F)cc2)CC(C)c2ccc(OC(C)(C)C(=O)O)cc2)nc1,,,,"MolVec 0.9.8 (git b412dd0, Maven Central)",0.18597363866865635
uspto,US07319104-20080115-C00124,CCc1cnc(N(Cc2ccc(OC(F)(F)F)cc2)CC(C)c2ccc(OCC(=O)O)cc2)nc1,,,,"MolVec 0.9.8 (git b412dd0, Maven Central)",0.17927409894764423
uspto,US07319104-20080115-C00125,CCc1cnc(NCCc2ccc(OC)c(C)c2)nc1,,,,"MolVec 0.9.8 (git b412dd0, Maven Central)",0.08946925960481167
uspto,US07319104-20080115-C00126,CCc1cnc(NCCc2ccc(OC)c(F)c2)nc1,,,,"MolVec 0.9.8 (git b412dd0, Maven Central)",0.09273391216993332
uspto,US07319104-20080115-C00127,CCc1cnc(NCCc2cc(C)c(OC)cc2C)nc1,,,,"MolVec 0.9.8 (git b412dd0, Maven Central)",0.11112246662378311
uspto,US07319104-20080115-C00128,CCc1cnc(NCCc2ccc(OC)c(C)c2C)nc1,,,,"MolVec 0.9.8 (git b412dd0, Maven Central)",0.09111307188868523
uspto,US07319104-20080115-C00129,CCc1cnc(NCCc2ccc(OC)c(C(F)(F)F)c2)nc1,,,,"MolVec 0.9.8 (git b412dd0, Maven Central)",0.12413688004016876
uspto,US07319104-20080115-C00130,CCc1cnc(NCCc2ccc(OC)c(Cl)c2)nc1,,,,"MolVec 0.9.8 (git b412dd0, Maven Central)",0.09350278787314892
uspto,US07319104-20080115-C00131,CCc1cnc(NCCc2ccc(OC)c3ccccc23)nc1,,,,"MolVec 0.9.8 (git b412dd0, Maven Central)",0.10153052769601345
uspto,US07319104-20080115-C00132,CCc1cnc(NCCc2ccc(OC)c(Br)c2)nc1,,,,"MolVec 0.9.8 (git b412dd0, Maven Central)",0.09144825115799904
uspto,US07319104-20080115-C00133,COc1ccc(CCNc2ncc(C(C)C)cn2)cc1Br,,,,"MolVec 0.9.8 (git b412dd0, Maven Central)",0.09403702430427074
uspto,US07319104-20080115-C00134,CC(C)c1cnc(Cl)nc1,,,,"MolVec 0.9.8 (git b412dd0, Maven Central)",0.04011263698339462
uspto,US07319104-20080115-C00135,CCc1cnc(NCCCc2ccc(OC)cc2)nc1,,,,"MolVec 0.9.8 (git b412dd0, Maven Central)",0.09017382562160492
uspto,US07319104-20080115-C00136,CCc1cnc(N(CCc2ccc(O)c(C)c2)Cc2ccc(OC(F)(F)F)cc2)nc1,,,,"MolVec 0.9.8 (git b412dd0, Maven Central)",0.20282462239265442
uspto,US07319104-20080115-C00137,CCc1cnc(N(CCc2ccc(O)c(C)c2)Cc2ccc(C(F)(F)F)cc2)nc1,,,,"MolVec 0.9.8 (git b412dd0, Maven Central)",0.1982069481164217
uspto,US07319104-20080115-C00138,CCc1ccc(CN(CCc2ccc(O)c(C)c2)c2ncc(CC)cn2)cc1,,,,"MolVec 0.9.8 (git b412dd0, Maven Central)",0.21888338401913643
uspto,US07319104-20080115-C00139,CCc1cnc(N(CCc2ccc(O)c(F)c2)Cc2ccc(C(F)(F)F)cc2)nc1,,,,"MolVec 0.9.8 (git b412dd0, Maven Central)",0.1909579336643219
uspto,US07319104-20080115-C00140,CCc1cnc(N(CCc2ccc(O)c(Cl)c2)Cc2ccc(OC(F)(F)F)cc2)nc1,,,,"MolVec 0.9.8 (git b412dd0, Maven Central)",0.23375485837459564
uspto,US07319104-20080115-C00141,CCc1cnc(N(CCc2ccc(O)c(Cl)c2)Cc2cccc(OC(F)(F)F)c2)nc1,,,,"MolVec 0.9.8 (git b412dd0, Maven Central)",0.2259922605007887
uspto,US07319104-20080115-C00142,CCc1cnc(N(CCc2ccc(O)c(Br)c2)Cc2ccc(OC(F)(F)F)cc2)nc1,,,,"MolVec 0.9.8 (git b412dd0, Maven Central)",0.21917038410902023
uspto,US07319104-20080115-C00143,CCc1cnc(N(CCc2ccc(O)c(Br)c2)Cc2ccc(C(F)(F)F)cc2)nc1,,,,"MolVec 0.9.8 (git b412dd0, Maven Central)",0.19946580193936825
uspto,US07319104-20080115-C00144,CCc1ccc(CN(CCc2ccc(O)c(Br)c2)c2ncc(CC)cn2)cc1,,,,"MolVec 0.9.8 (git b412dd0, Maven Central)",0.16891095787286758
uspto,US07319104-20080115-C00145,CCc1cnc(N(CCc2ccc(O)c(C(F)(F)F)c2)Cc2ccc(OC(F)(F)F)cc2)nc1,,,,"MolVec 0.9.8 (git b412dd0, Maven Central)",0.2329288236796856
uspto,US07319104-20080115-C00146,CCc1cnc(N(CCc2ccc(O)c(C(F)(F)F)c2)Cc2cccc(OC(F)(F)F)c2)nc1,,,,"MolVec 0.9.8 (git b412dd0, Maven Central)",0.2828264329582453
uspto,US07319104-20080115-C00147,CCc1cnc(N(CCc2cc(C)c(O)cc2C)Cc2cccc(OC(F)(F)F)c2)nc1,,,,"MolVec 0.9.8 (git b412dd0, Maven Central)",0.22195110842585564
uspto,US07319104-20080115-C00148,CCc1cnc(N(CCc2cc(C)c(O)cc2C)Cc2ccc(OC(F)(F)F)cc2)nc1,,,,"MolVec 0.9.8 (git b412dd0, Maven Central)",0.21016203239560127
uspto,US07319104-20080115-C00149,CCc1cnc(N(CCc2ccc(O)c(C)c2C)Cc2ccc(OC(F)(F)F)cc2)nc1,,,,"MolVec 0.9.8 (git b412dd0, Maven Central)",0.22001550532877445
uspto,US07319104-20080115-C00150,CCc1cnc(N(CCc2ccc(O)c(C)c2C)Cc2cccc(OC(F)(F)F)c2)nc1,,,,"MolVec 0.9.8 (git b412dd0, Maven Central)",0.24891293235123158
uspto,US07319104-20080115-C00151,CCc1cnc(N(CCc2ccc(O)c3ccccc23)Cc2cccc(OC(F)(F)F)c2)nc1,,,,"MolVec 0.9.8 (git b412dd0, Maven Central)",0.26072066091001034
uspto,US07319104-20080115-C00152,CCc1cnc(N(CCCc2ccc(O)cc2)Cc2cccc(OC(F)(F)F)c2)nc1,,,,"MolVec 0.9.8 (git b412dd0, Maven Central)",0.13778892159461975
uspto,US07319104-20080115-C00153,CCc1cnc(N(CCc2ccc(OC(C)(C)C(=O)O)c(C)c2)Cc2ccc(OC(F)(F)F)cc2)nc1,,,,"MolVec 0.9.8 (git b412dd0, Maven Central)",0.24312187358736992
uspto,US07319104-20080115-C00154,CCc1cnc(N(CCc2ccc(OC(C)(C)C(=O)O)c(C)c2)Cc2ccc(C(F)(F)F)cc2)nc1,,,,"MolVec 0.9.8 (git b412dd0, Maven Central)",0.26763708144426346
uspto,US07319104-20080115-C00155,CCc1ccc(CN(CCc2ccc(OC(C)(C)C(=O)O)c(C)c2)c2ncc(CC)cn2)cc1,,,,"MolVec 0.9.8 (git b412dd0, Maven Central)",0.2074899971485138
uspto,US07319104-20080115-C00156,CCc1cnc(N(CCc2ccc(OC(C)(C)C(=O)O)c(F)c2)Cc2ccc(C(F)(F)F)cc2)nc1,,,,"MolVec 0.9.8 (git b412dd0, Maven Central)",0.22974733635783195
uspto,US07319104-20080115-C00157,CCc1cnc(N(CCc2ccc(OC(C)(C)C(=O)O)c(Cl)c2)Cc2ccc(OC(F)(F)F)cc2)nc1,,,,"MolVec 0.9.8 (git b412dd0, Maven Central)",0.2625453341752291
uspto,US07319104-20080115-C00158,CCc1cnc(N(CCc2ccc(OC(C)(C)C(=O)O)c(Cl)c2)Cc2cccc(OC(F)(F)F)c2)nc1,,,,"MolVec 0.9.8 (git b412dd0, Maven Central)",0.2623657360672951
uspto,US07319104-20080115-C00159,CCc1ccc(CN(CCc2ccc(OC(C)(C)C(=O)O)c(Br)c2)c2ncc(CC)cn2)cc1,,,,"MolVec 0.9.8 (git b412dd0, Maven Central)",0.20918074622750282
uspto,US07319104-20080115-C00160,CCc1cnc(N(CCc2ccc(OC(C)(C)C(=O)O)c(C(F)(F)F)c2)Cc2ccc(OC(F)(F)F)cc2)nc1,,,,"MolVec 0.9.8 (git b412dd0, Maven Central)",0.27708240412175655
uspto,US07319104-20080115-C00161,CCc1cnc(N(CCc2ccc(OC(C)(C)C(=O)O)c(C(F)(F)F)c2)Cc2cccc(OC(F)(F)F)c2)nc1,,,,"MolVec 0.9.8 (git b412dd0, Maven Central)",0.2982199117541313
uspto,US07319104-20080115-C00162,CCc1cnc(N(CCc2cc(C)c(OC(C)(C)C(=O)O)cc2C)Cc2cccc(OC(F)(F)F)c2)nc1,,,,"MolVec 0.9.8 (git b412dd0, Maven Central)",0.25603083707392216
uspto,US07319104-20080115-C00163,CCc1cnc(N(CCc2cc(C)c(OC(C)(C)C(=O)O)cc2C)Cc2ccc(OC(F)(F)F)cc2)nc1,,,,"MolVec 0.9.8 (git b412dd0, Maven Central)",0.24667048640549183
uspto,US07319104-20080115-C00164,CCc1cnc(N(CCc2ccc(OC(C)(C)C(=O)O)c(C)c2C)Cc2ccc(OC(F)(F)F)cc2)nc1,,,,"MolVec 0.9.8 (git b412dd0, Maven Central)",0.27074551582336426
uspto,US07319104-20080115-C00165,CCc1cnc(N(CCc2ccc(OC(C)(C)C(=O)O)c(C)c2C)Cc2cccc(OC(F)(F)F)c2)nc1,,,,"MolVec 0.9.8 (git b412dd0, Maven Central)",0.24616601131856441
uspto,US07319104-20080115-C00166,CCc1cnc(N(CCc2ccc(OC(C)(C)C(=O)O)c(Br)c2)Cc2ccc(OC(F)(F)F)cc2)nc1,,,,"MolVec 0.9.8 (git b412dd0, Maven Central)",0.24241942912340164
uspto,US07319104-20080115-C00167,CCc1cnc(N(CCc2ccc(OC(C)C(=O)O)c(C)c2)Cc2ccc(OC(F)(F)F)cc2)nc1,,,,"MolVec 0.9.8 (git b412dd0, Maven Central)",0.23046059533953667
uspto,US07319104-20080115-C00168,CCc1cnc(N(CCc2ccc(OC(C)C(=O)O)c(C)c2)Cc2ccc(C(F)(F)F)cc2)nc1,,,,"MolVec 0.9.8 (git b412dd0, Maven Central)",0.22829010523855686
uspto,US07319104-20080115-C00169,CCc1ccc(CN(CCc2ccc(OC(C)C(=O)O)c(C)c2)c2ncc(CC)cn2)cc1,,,,"MolVec 0.9.8 (git b412dd0, Maven Central)",0.20672501251101494
uspto,US07319104-20080115-C00170,CCc1cnc(N(CCc2ccc(OC(C)C(=O)O)c(F)c2)Cc2ccc(C(F)(F)F)cc2)nc1,,,,"MolVec 0.9.8 (git b412dd0, Maven Central)",0.22233375906944275
uspto,US07319104-20080115-C00171,CCc1cnc(N(CCc2ccc(OC(C)C(=O)O)c(Cl)c2)Cc2ccc(OC(F)(F)F)cc2)nc1,,,,"MolVec 0.9.8 (git b412dd0, Maven Central)",0.23949951119720936
uspto,US07319104-20080115-C00172,CCc1cnc(N(CCc2ccc(OC(C)C(=O)O)c(Br)c2)Cc2ccc(OC(F)(F)F)cc2)nc1,,,,"MolVec 0.9.8 (git b412dd0, Maven Central)",0.2502635959535837
uspto,US07319104-20080115-C00173,CCc1ccc(CN(CCc2ccc(OC(C)C(=O)O)c(Br)c2)c2ncc(CC)cn2)cc1,,,,"MolVec 0.9.8 (git b412dd0, Maven Central)",0.20763232186436653
uspto,US07319104-20080115-C00174,CCc1cnc(N(CCc2ccc(OC(C)C(=O)O)c(Br)c2)Cc2ccc(C(F)(F)F)cc2)nc1,,,,"MolVec 0.9.8 (git b412dd0, Maven Central)",0.2605024389922619
uspto,US07319104-20080115-C00175,CCc1cnc(N(CCc2ccc(OCC(=O)O)c(C)c2)Cc2ccc(OC(F)(F)F)cc2)nc1,,,,"MolVec 0.9.8 (git b412dd0, Maven Central)",0.23646391183137894
uspto,US07319104-20080115-C00176,CCc1cnc(N(CCc2ccc(OCC(=O)O)c(F)c2)Cc2ccc(C(F)(F)F)cc2)nc1,,,,"MolVec 0.9.8 (git b412dd0, Maven Central)",0.2650276180356741
uspto,US07319104-20080115-C00177,CCc1cnc(N(CCc2ccc(OCC(=O)O)c(Cl)c2)Cc2ccc(OC(F)(F)F)cc2)nc1,,,,"MolVec 0.9.8 (git b412dd0, Maven Central)",0.2742719426751137
uspto,US07319104-20080115-C00178,CCc1ccc(CN(CCc2ccc(OCC(=O)O)c(C)c2)c2ncc(CC)cn2)cc1,,,,"MolVec 0.9.8 (git b412dd0, Maven Central)",0.21497629955410957
uspto,US07319104-20080115-C00179,CCc1cnc(N(CCc2ccc(OCC(=O)O)c(C)c2)Cc2ccc(C(F)(F)F)cc2)nc1,,,,"MolVec 0.9.8 (git b412dd0, Maven Central)",0.2292744629085064
uspto,US07319104-20080115-C00180,CCc1cnc(N(CCc2ccc(OCC(=O)O)c(Br)c2)Cc2ccc(C(F)(F)F)cc2)nc1,,,,"MolVec 0.9.8 (git b412dd0, Maven Central)",0.2600565366446972
uspto,US07319104-20080115-C00181,CCc1cnc(N(CCc2ccc(OCC(=O)O)c(Br)c2)Cc2ccc(OC(F)(F)F)cc2)nc1,,,,"MolVec 0.9.8 (git b412dd0, Maven Central)",0.2740895804017782
uspto,US07319104-20080115-C00182,CCc1ccc(CN(CCc2ccc(OCC(=O)O)c(Br)c2)c2ncc(CC)cn2)cc1,,,,"MolVec 0.9.8 (git b412dd0, Maven Central)",0.2147956881672144
uspto,US07319104-20080115-C00183,CCc1cnc(N(CCCc2ccc(OCC(=O)O)cc2)Cc2cccc(OC(C)(F)F)c2)nc1,,,,"MolVec 0.9.8 (git b412dd0, Maven Central)",0.15249941125512123
uspto,US07319104-20080115-C00184,CC(C)c1cnc(N(CCc2ccc(OC(C)(C)C(=O)O)c(Br)c2)Cc2ccc(OC(F)(F)F)cc2)nc1,,,,"MolVec 0.9.8 (git b412dd0, Maven Central)",0.28301037289202213
uspto,US07319104-20080115-C00185,CC(C)c1cnc(N(CCc2ccc(OC(C)(C)C(=O)O)c(Br)c2)Cc2cccc(OC(F)(F)F)c2)nc1,,,,"MolVec 0.9.8 (git b412dd0, Maven Central)",0.2748536542057991
uspto,US07319104-20080115-C00186,CC(C)c1cnc(N(CCc2ccc(OC(C)(C)C(=O)O)c(Br)c2)Cc2ccc(SC(F)(F)F)cc2)nc1,,,,"MolVec 0.9.8 (git b412dd0, Maven Central)",0.3111129626631737
uspto,US07319104-20080115-C00187,CC(C)(Oc1ccc(CCN(Cc2ccc(C(F)(F)F)cc2)c2ncc(-c3cccc(C(F)(F)F)c3)cn2)cc1)C(=O)O,,,,"MolVec 0.9.8 (git b412dd0, Maven Central)",0.21657042764127254
uspto,US07319104-20080115-C00192,CCc1cnc(N(CCCc2ccc(OCC(=O)O)cc2)Cc2cccc(OC(F)(F)F)c2)nc1,,,,"MolVec 0.9.8 (git b412dd0, Maven Central)",0.22131838463246822
uspto,US07319104-20080115-C00193,COc1ccc(CCNc2ccccn2)cc1,,,,"MolVec 0.9.8 (git b412dd0, Maven Central)",0.07872068881988525
uspto,US07319104-20080115-C00194,COc1ccc(CCNc2ccc(C)cn2)cc1,,,,"MolVec 0.9.8 (git b412dd0, Maven Central)",0.0955198835581541
uspto,US07319104-20080115-C00195,COc1ccc(CCNc2cc(C)ccn2)cc1,,,,"MolVec 0.9.8 (git b412dd0, Maven Central)",0.08142200484871864
uspto,US07319104-20080115-C00196,COc1ccc(CCNc2cccc(C)n2)cc1,,,,"MolVec 0.9.8 (git b412dd0, Maven Central)",0.11397155560553074
uspto,US07319104-20080115-C00197,CC(C)(Oc1ccc(CCN(Cc2ccc(C(F)(F)F)cc2C(F)(F)F)c2ccccn2)cc1)C(=O)O,,,,"MolVec 0.9.8 (git b412dd0, Maven Central)",0.18073412962257862
uspto,US07319104-20080115-C00198,CC(C)(Oc1ccc(CCN(Cc2ccc(C(F)(F)F)cc2)c2ccccn2)cc1)C(=O)O,,,,"MolVec 0.9.8 (git b412dd0, Maven Central)",0.19071661308407784
uspto,US07319104-20080115-C00199,Cc1ccnc(N(CCc2ccc(OC(C)(C)C(=O)O)cc2)Cc2ccc(C(F)(F)F)cc2C(F)(F)F)c1,,,,"MolVec 0.9.8 (git b412dd0, Maven Central)",0.18885420262813568
uspto,US07319104-20080115-C00200,Cc1ccc(N(CCc2ccc(OC(C)(C)C(=O)O)cc2)Cc2ccc(C(F)(F)F)cc2C(F)(F)F)nc1,,,,"MolVec 0.9.8 (git b412dd0, Maven Central)",0.18957588635385036
uspto,US07319104-20080115-C00201,Cc1cccc(N(CCc2ccc(OC(C)(C)C(=O)O)cc2)Cc2ccc(C(F)(F)F)cc2C(F)(F)F)n1,,,,"MolVec 0.9.8 (git b412dd0, Maven Central)",0.18430124409496784
uspto,US07319104-20080115-C00202,Cc1ccc(N(CCc2ccc(OC(C)(C)C(=O)O)cc2)Cc2ccc(C(F)(F)F)cc2)nc1,,,,"MolVec 0.9.8 (git b412dd0, Maven Central)",0.184085875749588
uspto,US07319104-20080115-C00203,Cc1ccc(N(CCc2ccc(O)cc2)Cc2cccc(OC(F)(F)F)c2)nc1,,,,"MolVec 0.9.8 (git b412dd0, Maven Central)",0.16015619225800037
uspto,US07319104-20080115-C00204,Cc1ccc(N(CCc2ccc(OC(C)(C)C(=O)O)cc2)Cc2cccc(OC(F)(F)F)c2)nc1,,,,"MolVec 0.9.8 (git b412dd0, Maven Central)",0.2097759861499071
uspto,US07319104-20080115-C00205,Cc1ccc(N(CCc2ccc(OCC(=O)O)cc2)Cc2cccc(OC(F)(F)F)c2)nc1,,,,"MolVec 0.9.8 (git b412dd0, Maven Central)",0.1782392617315054
uspto,US07319104-20080115-C00206,CCCc1cc(CCN(Cc2ccc(C(F)(F)F)cc2)c2ccc(C)cn2)ccc1O,,,,"MolVec 0.9.8 (git b412dd0, Maven Central)",0.19393532909452915
uspto,US07319104-20080115-C00207,CCCc1cc(CCN(Cc2ccc(C(F)(F)F)cc2)c2ccc(C)cn2)ccc1OCC(=O)O,,,,"MolVec 0.9.8 (git b412dd0, Maven Central)",0.22564932517707348
uspto,US07319104-20080115-C00208,CCCc1cc(CCN(Cc2ccc(C(F)(F)F)cc2)c2ccc(C)cn2)ccc1OCC1=NNNN1,,,,"MolVec 0.9.8 (git b412dd0, Maven Central)",0.23830940015614033
uspto,US07319104-20080115-C00209,CC(C)(Oc1ccc(CCN(Cc2ccc(C(F)(F)F)cc2)c2ccc(C(F)(F)F)cn2)cc1)C(=O)O,,,,"MolVec 0.9.8 (git b412dd0, Maven Central)",0.2325001060962677
uspto,US07319104-20080115-C00211,CC(C)(Oc1ccc(CCN(Cc2ccc(C(F)(F)F)cc2)c2ccc(Br)cn2)cc1)C(=O)O,,,,"MolVec 0.9.8 (git b412dd0, Maven Central)",0.2125230934470892
uspto,US07319104-20080115-C00213,CC(C)(Oc1ccc(CCN(Cc2ccc(C(F)(F)F)cc2)c2ccc(-c3cccnc3)cn2)cc1)C(=O)O,,,,"MolVec 0.9.8 (git b412dd0, Maven Central)",0.2410766091197729
uspto,US07319104-20080115-C00214,CC(C)(Oc1ccc(CCN(Cc2ccc(C(F)(F)F)cc2)c2ccc(-c3ccco3)cn2)cc1)C(=O)O,,,,"MolVec 0.9.8 (git b412dd0, Maven Central)",0.2269495725631714
uspto,US07319104-20080115-C00215,CC(C)(Oc1ccc(CCN(Cc2ccc(C(F)(F)F)cc2)c2ccc(-c3cccs3)cn2)cc1)C(=O)O,,,,"MolVec 0.9.8 (git b412dd0, Maven Central)",0.2200171183794737
uspto,US07319104-20080115-C00216,COc1ccc(-c2ccc(N(CCc3ccc(OC(C)(C)C(=O)O)cc3)Cc3ccc(C(F)(F)F)cc3)nc2)cc1,,,,"MolVec 0.9.8 (git b412dd0, Maven Central)",0.289788456633687
uspto,US07319104-20080115-C00217,COc1cccc(-c2ccc(N(CCc3ccc(OC(C)(C)C(=O)O)cc3)Cc3ccc(C(F)(F)F)cc3)nc2)c1,,,,"MolVec 0.9.8 (git b412dd0, Maven Central)",0.23859889060258865
uspto,US07319104-20080115-C00218,CC(C)(Oc1ccc(CCN(Cc2ccc(C(F)(F)F)cc2)c2ccc(-c3ccoc3)cn2)cc1)C(=O)O,,,,"MolVec 0.9.8 (git b412dd0, Maven Central)",0.22704318910837173
uspto,US07319104-20080115-C00219,CC(=O)c1ccc(-c2ccc(N(CCc3ccc(OC(C)(C)C(=O)O)cc3)Cc3ccc(C(F)(F)F)cc3)nc2)cc1,,,,"MolVec 0.9.8 (git b412dd0, Maven Central)",0.2609299495816231
uspto,US07319104-20080115-C00220,CC(C)(Oc1ccc(CCN(Cc2ccc(C(F)(F)F)cc2)c2ccc(-c3ccncc3)cn2)cc1)C(=O)O,,,,"MolVec 0.9.8 (git b412dd0, Maven Central)",0.253802090883255
uspto,US07319104-20080115-C00221,CC(=O)c1cccc(-c2ccc(N(CCc3ccc(OC(C)(C)C(=O)O)cc3)Cc3ccc(C(F)(F)F)cc3)nc2)c1,,,,"MolVec 0.9.8 (git b412dd0, Maven Central)",0.2519330866634846
uspto,US07319104-20080115-C00222,Cc1ccc(-c2ccc(N(CCc3ccc(OC(C)(C)C(=O)O)cc3)Cc3ccc(C(F)(F)F)cc3)nc2)cc1,,,,"MolVec 0.9.8 (git b412dd0, Maven Central)",0.2554411366581917
uspto,US07319104-20080115-C00223,CC(C)(Oc1ccc(CCN(Cc2ccc(C(F)(F)F)cc2)c2ccc(-c3ccccc3C(F)(F)F)cn2)cc1)C(=O)O,,,,"MolVec 0.9.8 (git b412dd0, Maven Central)",0.24789314903318882
uspto,US07319104-20080115-C00224,CC(C)(Oc1ccc(CCN(Cc2ccc(C(F)(F)F)cc2)c2ccc(-c3ccccc3Cl)cn2)cc1)C(=O)O,,,,"MolVec 0.9.8 (git b412dd0, Maven Central)",0.2542805355042219
uspto,US07319104-20080115-C00225,COc1ccccc1-c1ccc(N(CCc2ccc(OC(C)(C)C(=O)O)cc2)Cc2ccc(C(F)(F)F)cc2)nc1,,,,"MolVec 0.9.8 (git b412dd0, Maven Central)",0.24012472480535507
uspto,US07319104-20080115-C00226,CC(C)(Oc1ccc(CCN(Cc2ccc(C(F)(F)F)cc2)c2ccc(-c3ccsc3)cn2)cc1)C(=O)O,,,,"MolVec 0.9.8 (git b412dd0, Maven Central)",0.22303244471549988
uspto,US07319104-20080115-C00227,Cc1cccc(-c2ccc(N(CCc3ccc(OC(C)(C)C(=O)O)cc3)Cc3ccc(C(F)(F)F)cc3)nc2)c1,,,,"MolVec 0.9.8 (git b412dd0, Maven Central)",0.231500631198287
uspto,US07319104-20080115-C00228,CC(C)(Oc1ccc(CCN(Cc2ccc(C(F)(F)F)cc2)c2ccc(-c3ccc(Cl)cc3)cn2)cc1)C(=O)O,,,,"MolVec 0.9.8 (git b412dd0, Maven Central)",0.25916505977511406
uspto,US07319104-20080115-C00229,CC(C)(Oc1ccc(CCN(Cc2ccc(C(F)(F)F)cc2)c2ccc(-c3cccc(Cl)c3)cn2)cc1)C(=O)O,,,,"MolVec 0.9.8 (git b412dd0, Maven Central)",0.25955453142523766
uspto,US07319104-20080115-C00230,Cc1ccccc1-c1ccc(N(CCc2ccc(OC(C)(C)C(=O)O)cc2)Cc2ccc(C(F)(F)F)cc2)nc1,,,,"MolVec 0.9.8 (git b412dd0, Maven Central)",0.2475422378629446
uspto,US07319104-20080115-C00231,CC(C)(Oc1ccc(CCN(Cc2ccc(C(F)(F)F)cc2)c2ccc(-c3ccc(C(F)(F)F)cc3)cn2)cc1)C(=O)O,,,,"MolVec 0.9.8 (git b412dd0, Maven Central)",0.2867534011602402
uspto,US07319104-20080115-C00232,CC(C)(Oc1ccc(CCN(Cc2ccc(C(F)(F)F)cc2)c2ccc(-c3cccc(C(F)(F)F)c3)cn2)cc1)C(=O)O,,,,"MolVec 0.9.8 (git b412dd0, Maven Central)",0.2809663414955139
uspto,US07319104-20080115-C00233,CCOC(=O)C(C)(C)Oc1ccc(CCN(Cc2ccc(OC(F)(F)F)cc2)c2ccc(Br)cn2)cc1,,,,"MolVec 0.9.8 (git b412dd0, Maven Central)",0.18029348365962505
uspto,US07319104-20080115-C00234,CCc1ccc(N(CCc2ccc(OC(C)(C)C(=O)O)cc2)Cc2ccc(C(F)(F)F)cc2)nc1,,,,"MolVec 0.9.8 (git b412dd0, Maven Central)",0.20766570791602135
uspto,US07319104-20080115-C00235,CCc1ccc(N(CCc2ccc(OC(C)(C)C(=O)O)cc2)Cc2ccc(OC(F)(F)F)cc2)nc1,,,,"MolVec 0.9.8 (git b412dd0, Maven Central)",0.18202934972941875
uspto,US07319104-20080115-C00236,CCCc1ccc(N(CCc2ccc(OC(C)(C)C(=O)O)cc2)Cc2ccc(OC(F)(F)F)cc2)nc1,,,,"MolVec 0.9.8 (git b412dd0, Maven Central)",0.19212273694574833
uspto,US07319104-20080115-C00237,CC(C)(Oc1ccc(CCN(Cc2ccc(OC(F)(F)F)cc2)c2ccc(CCCO)cn2)cc1)C(=O)O,,,,"MolVec 0.9.8 (git b412dd0, Maven Central)",0.20133031904697418
uspto,US07319104-20080115-C00238,CCOC(=O)C(C)(C)Oc1ccc(CCN(Cc2ccc(C(F)(F)F)cc2)c2ccc(C(C)=O)cn2)cc1,,,,"MolVec 0.9.8 (git b412dd0, Maven Central)",0.18933973088860512
uspto,US07319104-20080115-C00239,CCOC(=O)C(C)(C)Oc1ccc(CCN(Cc2ccc(OC(F)(F)F)cc2)c2ccc(C(C)=O)cn2)cc1,,,,"MolVec 0.9.8 (git b412dd0, Maven Central)",0.187354551628232
uspto,US07319104-20080115-C00240,CC(=O)c1ccc(N(CCc2ccc(OC(C)(C)C(=O)O)cc2)Cc2ccc(C(F)(F)F)cc2)nc1,,,,"MolVec 0.9.8 (git b412dd0, Maven Central)",0.19093194045126438
uspto,US07319104-20080115-C00241,CC(C)c1ccc(N(CCc2ccc(OC(C)(C)C(=O)O)cc2)Cc2ccc(C(F)(F)F)cc2)nc1,,,,"MolVec 0.9.8 (git b412dd0, Maven Central)",0.1843407116830349
uspto,US07319104-20080115-C00243,CC(C)c1ccc(N(CCc2cccc(OC(C)(C)C(=O)O)c2)Cc2ccc(OC(F)(F)F)cc2)nc1,,,,"MolVec 0.9.8 (git b412dd0, Maven Central)",0.1759486123919487
uspto,US07319104-20080115-C00244,CC(C)c1ccc(N(CCc2cccc(OCC(=O)O)c2)Cc2ccc(OC(F)(F)F)cc2)nc1,,,,"MolVec 0.9.8 (git b412dd0, Maven Central)",0.18661641515791416
uspto,US07319104-20080115-C00246,CC(C)Cc1ccc(N(CCc2ccc(OC(C)(C)C(=O)O)cc2)Cc2ccc(OC(F)(F)F)cc2)nc1,,,,"MolVec 0.9.8 (git b412dd0, Maven Central)",0.20659146457910538
uspto,US07319104-20080115-C00247,CCCCc1ccc(N(CCc2ccc(OC(C)(C)C(=O)O)cc2)Cc2ccc(OC(F)(F)F)cc2)nc1,,,,"MolVec 0.9.8 (git b412dd0, Maven Central)",0.19094644859433174
uspto,US07319104-20080115-C00248,CC(C)(Oc1ccc(CCN(Cc2ccc(OC(F)(F)F)cc2)c2ccc(CCC#N)cn2)cc1)C(=O)O,,,,"MolVec 0.9.8 (git b412dd0, Maven Central)",0.20058465749025345
uspto,US07319104-20080115-C00249,CC(C)(Oc1ccc(CCN(Cc2ccc(OC(F)(F)F)cc2)c2ccc(CC(F)(F)F)cn2)cc1)C(=O)O,,,,"MolVec 0.9.8 (git b412dd0, Maven Central)",0.2445721998810768
uspto,US07319104-20080115-C00250,CC(C)(Oc1ccc(CCN(Cc2ccc(OC(F)(F)F)cc2)c2ccc(CO)cn2)cc1)C(=O)O,,,,"MolVec 0.9.8 (git b412dd0, Maven Central)",0.20329809188842773
uspto,US07319104-20080115-C00251,CCOC(=O)C(C)(C)Oc1ccc(CCN(Cc2ccc(C(F)(F)F)cc2)c2ccc([N+](=O)[O-])cn2)cc1,,,,"MolVec 0.9.8 (git b412dd0, Maven Central)",0.18955695070326328
uspto,US07319104-20080115-C00252,CC(C)(Oc1ccc(CCN(Cc2ccc(C(F)(F)F)cc2)c2ccc([N+](=O)[O-])cn2)cc1)C(=O)O,,,,"MolVec 0.9.8 (git b412dd0, Maven Central)",0.19260555133223534
uspto,US07319104-20080115-C00253,CCOC(=O)C(C)(C)Oc1ccc(CCN(Cc2ccc(C(F)(F)F)cc2)c2ccc(N)cn2)cc1,,,,"MolVec 0.9.8 (git b412dd0, Maven Central)",0.18498516641557217
uspto,US07319104-20080115-C00254,CC(C)(Oc1ccc(CCN(Cc2ccc(C(F)(F)F)cc2)c2ccc(NS(C)(=O)=O)cn2)cc1)C(=O)O,,,,"MolVec 0.9.8 (git b412dd0, Maven Central)",0.23867459036409855
uspto,US07319104-20080115-C00255,COC(=O)Nc1ccc(N(CCc2ccc(OC(C)(C)C(=O)O)cc2)Cc2ccc(C(F)(F)F)cc2)nc1,,,,"MolVec 0.9.8 (git b412dd0, Maven Central)",0.23369471170008183
uspto,US07319104-20080115-C00256,CC(C)Nc1ccc(N(CCc2ccc(OC(C)(C)C(=O)O)cc2)Cc2ccc(C(F)(F)F)cc2)nc1,,,,"MolVec 0.9.8 (git b412dd0, Maven Central)",0.22696000896394253
uspto,US07319104-20080115-C00257,C=CCN(Cc1ccc(OC(F)(F)F)cc1)c1ccc(C(C)=O)cn1,,,,"MolVec 0.9.8 (git b412dd0, Maven Central)",0.10898907110095024
uspto,US07319104-20080115-C00258,CC(C)c1ccc(N(CCCc2ccc(O)cc2)Cc2ccc(OC(F)(F)F)cc2)nc1,,,,"MolVec 0.9.8 (git b412dd0, Maven Central)",0.14155607670545578
uspto,US07319104-20080115-C00259,CC(C)c1ccc(N(CCCc2cccc(O)c2)Cc2ccc(OC(F)(F)F)cc2)nc1,,,,"MolVec 0.9.8 (git b412dd0, Maven Central)",0.14163226634263992
uspto,US07319104-20080115-C00260,CC(C)c1ccc(N(CCCc2ccc(OC(C)(C)C(=O)O)cc2)Cc2ccc(OC(F)(F)F)cc2)nc1,,,,"MolVec 0.9.8 (git b412dd0, Maven Central)",0.1653275080025196
uspto,US07319104-20080115-C00261,CC(C)c1ccc(N(CCCc2cccc(OC(C)(C)C(=O)O)c2)Cc2ccc(OC(F)(F)F)cc2)nc1,,,,"MolVec 0.9.8 (git b412dd0, Maven Central)",0.1718966756016016
uspto,US07319104-20080115-C00262,CC(C)c1ccc(N(CCCc2ccc(OCC(=O)O)cc2)Cc2ccc(OC(F)(F)F)cc2)nc1,,,,"MolVec 0.9.8 (git b412dd0, Maven Central)",0.13280979171395302
uspto,US07319104-20080115-C00263,CC(C)c1ccc(N(CCCc2cccc(OCC(=O)O)c2)Cc2ccc(OC(F)(F)F)cc2)nc1,,,,"MolVec 0.9.8 (git b412dd0, Maven Central)",0.15825310535728931
uspto,US07319104-20080115-C00264,C=C(C)c1ccc(N(CCc2ccc(OC(C)(C)C(=O)O)cc2)Cc2ccc(OC(F)(F)F)cc2)nc1,,,,"MolVec 0.9.8 (git b412dd0, Maven Central)",0.21515838615596294
uspto,US07319104-20080115-C00265,CC(C)c1ccc(N(CCc2ccc(OC(C)(C)C(=O)O)c(Br)c2)Cc2ccc(OC(F)(F)F)cc2)nc1,,,,"MolVec 0.9.8 (git b412dd0, Maven Central)",0.20663702674210072
uspto,US07319104-20080115-C00266,Cc1cc(CCN(Cc2ccc(OC(F)(F)F)cc2)c2ccc(C(C)C)cn2)ccc1OCC(=O)O,,,,"MolVec 0.9.8 (git b412dd0, Maven Central)",0.20381845347583294
uspto,US07319104-20080115-C00267,COc1cccnc1N(CCc1ccc(OC(C)(C)C(=O)O)cc1)Cc1ccc(OC(F)(F)F)cc1,,,,"MolVec 0.9.8 (git b412dd0, Maven Central)",0.19310391880571842
uspto,US07319104-20080115-C00268,CC(C)Oc1cccnc1N(CCc1ccc(OC(C)(C)C(=O)O)cc1)Cc1ccc(OC(F)(F)F)cc1,,,,"MolVec 0.9.8 (git b412dd0, Maven Central)",0.19442310370504856
uspto,US07319104-20080115-C00269,CC(C)Nc1ccc(N(CCc2ccc(OC(C)(C)C(=O)O)cc2)Cc2ccc(OC(F)(F)F)cc2)nc1,,,,"MolVec 0.9.8 (git b412dd0, Maven Central)",0.22312506288290024
uspto,US07319104-20080115-C00270,CN(C)c1ccc(N(CCc2ccc(OC(C)(C)C(=O)O)cc2)Cc2ccc(OC(F)(F)F)cc2)nc1,,,,"MolVec 0.9.8 (git b412dd0, Maven Central)",0.21429631486535072
uspto,US07319104-20080115-C00271,COCc1ccc(N(CCc2ccc(OC(C)(C)C(=O)O)cc2)Cc2ccc(OC(F)(F)F)cc2)nc1,,,,"MolVec 0.9.8 (git b412dd0, Maven Central)",0.21569405682384968
uspto,US07319104-20080115-C00272,Cc1ccc(N(Cc2ccc(OC(F)(F)F)cc2)CC(C)(C)c2ccc(OC(C)(C)C(=O)O)cc2)nc1,,,,"MolVec 0.9.8 (git b412dd0, Maven Central)",0.199969120323658
uspto,US07319104-20080115-C00273,CCCc1cc(C(C)(C)CN(Cc2ccc(OC(F)(F)F)cc2)c2ccccn2)ccc1OC(C)(C)C(=O)O,,,,"MolVec 0.9.8 (git b412dd0, Maven Central)",0.23336970433592796
uspto,US07319104-20080115-C00274,CCCc1cc(C(C)(C)CN(Cc2ccc(OC(F)(F)F)cc2)c2ccccn2)ccc1OCC(=O)O,,,,"MolVec 0.9.8 (git b412dd0, Maven Central)",0.2240404263138771
uspto,US07319104-20080115-C00275,CC(C)(Oc1ccc(CCCN(Cc2ccc(OC(F)(F)F)cc2)c2ccc(C(F)(F)F)cn2)cc1)C(=O)O,,,,"MolVec 0.9.8 (git b412dd0, Maven Central)",0.23993108421564102
uspto,US07319104-20080115-C00276,CC(C)c1ccc(N(CCCc2ccc(OC(C)(C)C(=O)O)cc2)Cc2ccc(C(F)(F)F)cc2)nc1,,,,"MolVec 0.9.8 (git b412dd0, Maven Central)",0.18782183527946472
uspto,US07319104-20080115-C00277,CC(C)c1ccc(N(CCCc2ccc(OC(C)(C)C(=O)O)cc2)Cc2cccc(OC(F)(F)F)c2)nc1,,,,"MolVec 0.9.8 (git b412dd0, Maven Central)",0.2309334110468626
uspto,US07319104-20080115-C00278,CC(C)(Oc1ccc(CCN(Cc2ccc(C(F)(F)F)cc2)c2ccc(Cl)nn2)cc1)C(=O)O,,,,"MolVec 0.9.8 (git b412dd0, Maven Central)",0.15819202177226543
uspto,US07319104-20080115-C00279,CC(C)(Oc1ccc(CCN(Cc2ccc(C(F)(F)F)cc2C(F)(F)F)c2ccc(Cl)nn2)cc1)C(=O)O,,,,"MolVec 0.9.8 (git b412dd0, Maven Central)",0.2021558340638876
uspto,US07319104-20080115-C00280,CC(C)(Oc1ccc(CCN(Cc2ccc(C(F)(F)F)cc2)c2cnccn2)cc1)C(=O)O,,,,"MolVec 0.9.8 (git b412dd0, Maven Central)",0.13526983372867107
uspto,US07319104-20080115-C00281,CC(C)(Oc1ccc(CCN(Cc2ccc(C(F)(F)F)cc2)c2nc3ccccc3o2)cc1)C(=O)O,,,,"MolVec 0.9.8 (git b412dd0, Maven Central)",0.24739386327564716
uspto,US07319104-20080115-C00282,CC(C)(Oc1ccc(CCN(Cc2ccc(C(F)(F)F)cc2C(F)(F)F)c2nc3ccccc3o2)cc1)C(=O)O,,,,"MolVec 0.9.8 (git b412dd0, Maven Central)",0.2857068907469511
uspto,US07319104-20080115-C00285,CC(C)(Oc1cccc(CCCN(Cc2ccc(C(F)(F)F)cc2C(F)(F)F)c2nc3ccccc3o2)c1)C(=O)O,,,,"MolVec 0.9.8 (git b412dd0, Maven Central)",0.27916242368519306
uspto,US07319104-20080115-C00286,CC(C)(Oc1ccc(CCN(Cc2ccc(C#N)cc2)c2nc3ccccc3o2)cc1)C(=O)O,,,,"MolVec 0.9.8 (git b412dd0, Maven Central)",0.2531330306082964
uspto,US07319104-20080115-C00287,CC(C)(Oc1ccc(CCN(Cc2ccc(-c3ncon3)cc2)c2nc3ccccc3o2)cc1)C(=O)O,,,,"MolVec 0.9.8 (git b412dd0, Maven Central)",0.2449832633137703
uspto,US07319104-20080115-C00288,Cc1nc(-c2ccc(CN(CCc3ccc(OC(C)(C)C(=O)O)cc3)c3nc4ccccc4o3)cc2)no1,,,,"MolVec 0.9.8 (git b412dd0, Maven Central)",0.267366174608469
uspto,US07319104-20080115-C00289,CC(C)(Oc1ccc(CCN(Cc2ccc(-c3noc(C(F)(F)F)n3)cc2)c2nc3ccccc3o2)cc1)C(=O)O,,,,"MolVec 0.9.8 (git b412dd0, Maven Central)",0.2765672318637371
uspto,US07319104-20080115-C00290,CNc1nc(-c2ccc(CN(CCc3ccc(OC(C)(C)C(=O)O)cc3)c3nc4ccccc4o3)cc2)no1,,,,"MolVec 0.9.8 (git b412dd0, Maven Central)",0.25362829118967056
uspto,US07319104-20080115-C00291,CN(C)c1nc(-c2ccc(CN(CCc3ccc(OC(C)(C)C(=O)O)cc3)c3nc4ccccc4o3)cc2)no1,,,,"MolVec 0.9.8 (git b412dd0, Maven Central)",0.27591365203261375
uspto,US07319104-20080115-C00292,CC(C)(Oc1ccc(C(C)(C)CN(Cc2ccc(OC(F)(F)F)cc2)c2nc3ccccc3o2)cc1)C(=O)O,,,,"MolVec 0.9.8 (git b412dd0, Maven Central)",0.2905216161161661
uspto,US07319104-20080115-C00293,CC(C)(Oc1ccc(CCN(Cc2ccc(C(F)(F)F)cc2)c2nc3ccccc3s2)cc1)C(=O)O,,,,"MolVec 0.9.8 (git b412dd0, Maven Central)",0.2557814046740532
uspto,US07319104-20080115-C00294,COc1ccc2nc(N(CCc3ccc(OC(C)(C)C(=O)O)cc3)Cc3ccc(C(F)(F)F)cc3)sc2c1,,,,"MolVec 0.9.8 (git b412dd0, Maven Central)",0.24339503422379494
uspto,US07319104-20080115-C00295,CC(C)(Oc1ccc(CCN(Cc2ccc(C(F)(F)F)cc2)c2nc3ccc(Cl)cc3s2)cc1)C(=O)O,,,,"MolVec 0.9.8 (git b412dd0, Maven Central)",0.22461330890655518
uspto,US07319104-20080115-C00296,CC(C)(Oc1ccc(CCN(Cc2ccc(C(F)(F)F)cc2C(F)(F)F)c2nc3ccc(Cl)cc3s2)cc1)C(=O)O,,,,"MolVec 0.9.8 (git b412dd0, Maven Central)",0.25723523646593094
uspto,US07319104-20080115-C00298,Brc1ccc(-c2coc(C3CC3)n2)cc1,,,,"MolVec 0.9.8 (git b412dd0, Maven Central)",0.06203152425587177
uspto,US07319104-20080115-C00299,Brc1ccc(-c2cc(C3CC3)on2)cc1,,,,"MolVec 0.9.8 (git b412dd0, Maven Central)",0.08362741582095623
uspto,US07319104-20080115-C00300,Brc1ccc(-c2nc(C3CC3)co2)cc1,,,,"MolVec 0.9.8 (git b412dd0, Maven Central)",0.058444468304514885
uspto,US07319104-20080115-C00301,O=Cc1ccc(-c2coc(C3CC3)n2)cc1,,,,"MolVec 0.9.8 (git b412dd0, Maven Central)",0.08172070048749447
uspto,US07319104-20080115-C00302,O=Cc1ccc(-c2cc(C3CC3)on2)cc1,,,,"MolVec 0.9.8 (git b412dd0, Maven Central)",0.09093477390706539
uspto,US07319104-20080115-C00303,O=Cc1ccc(-c2nc(C3CC3)co2)cc1,,,,"MolVec 0.9.8 (git b412dd0, Maven Central)",0.09804484434425831
uspto,US07319104-20080115-C00304,CC(C)(Oc1ccc(CCN(Cc2ccc(-c3coc(C4CC4)n3)cc2)c2noc(-c3cccc(C(F)(F)F)c3)n2)cc1)C(=O)O,,,,"MolVec 0.9.8 (git b412dd0, Maven Central)",0.23861008696258068
uspto,US07319104-20080115-C00305,CC(C)(Oc1ccc(CCN(Cc2ccc(-c3cc(C4CC4)on3)cc2)c2noc(-c3cccc(C(F)(F)F)c3)n2)cc1)C(=O)O,,,,"MolVec 0.9.8 (git b412dd0, Maven Central)",0.21683494932949543
uspto,US07319104-20080115-C00306,CC(C)(Oc1ccc(CCN(Cc2ccc(-c3nc(C4CC4)co3)cc2)c2noc(-c3cccc(C(F)(F)F)c3)n2)cc1)C(=O)O,,,,"MolVec 0.9.8 (git b412dd0, Maven Central)",0.26571373268961906
uspto,US07319104-20080115-C00307,CCOC(=O)C(C)(C)Oc1ccc(CCN(Cc2ccc(C(F)(F)F)cc2)/C(N)=N/O)cc1,,,,"MolVec 0.9.8 (git b412dd0, Maven Central)",0.15619794093072414
uspto,US07319104-20080115-C00308,CC(C)(C)OC(=O)C(C)(C)Oc1ccc(CCN(Cc2ccc(C(F)(F)F)cc2)/C(N)=N/O)cc1,,,,"MolVec 0.9.8 (git b412dd0, Maven Central)",0.163516066968441
uspto,US07319104-20080115-C00309,CC(C)c1nc(N(CCc2ccc(OC(C)(C)C(=O)O)cc2)Cc2ccc(C(F)(F)F)cc2)no1,,,,"MolVec 0.9.8 (git b412dd0, Maven Central)",0.1993663962930441
uspto,US07319104-20080115-C00310,CC(C)(Oc1ccc(CCN(Cc2ccc(C(F)(F)F)cc2)c2noc(-c3cccc(Cl)c3)n2)cc1)C(=O)O,,,,"MolVec 0.9.8 (git b412dd0, Maven Central)",0.20109711401164532
uspto,US07319104-20080115-C00311,CC(C)(Oc1ccc(CCN(Cc2ccc(C(F)(F)F)cc2)c2noc(-c3ccc(C(F)(F)F)cc3)n2)cc1)C(=O)O,,,,"MolVec 0.9.8 (git b412dd0, Maven Central)",0.2600143663585186
uspto,US07319104-20080115-C00313,CC(C)(Oc1ccc(CCN(Cc2ccc(C(F)(F)F)cc2)c2noc(-c3ccncc3)n2)cc1)C(=O)O,,,,"MolVec 0.9.8 (git b412dd0, Maven Central)",0.2393726445734501
uspto,US07319104-20080115-C00314,CC(C)(Oc1ccc(CCN(Cc2ccc(C(F)(F)F)cc2)c2noc(-c3ccc(C#N)cc3)n2)cc1)C(=O)O,,,,"MolVec 0.9.8 (git b412dd0, Maven Central)",0.30697115138173103
uspto,US07319104-20080115-C00315,CC(C)(Oc1ccc(CCN(Cc2ccc(C(F)(F)F)cc2)c2noc(C3CC3)n2)cc1)C(=O)O,,,,"MolVec 0.9.8 (git b412dd0, Maven Central)",0.19655777141451836
uspto,US07319104-20080115-C00316,CC(C)(Oc1ccc(CCN(Cc2ccc(C(F)(F)F)cc2)c2noc(C(C)(C)C)n2)cc1)C(=O)O,,,,"MolVec 0.9.8 (git b412dd0, Maven Central)",0.19902407191693783
uspto,US07319104-20080115-C00317,CC(C)(Oc1ccc(CCN(Cc2ccc(C(F)(F)F)cc2)c2noc(C3CCC3)n2)cc1)C(=O)O,,,,"MolVec 0.9.8 (git b412dd0, Maven Central)",0.20141195133328438
uspto,US07319104-20080115-C00318,CC(C)(Oc1ccc(CCN(Cc2ccc(C(F)(F)F)cc2)c2noc(C3CCCC3)n2)cc1)C(=O)O,,,,"MolVec 0.9.8 (git b412dd0, Maven Central)",0.22544635273516178
uspto,US07319104-20080115-C00319,CC(C)Cc1nc(N(CCc2ccc(OC(C)(C)C(=O)O)cc2)Cc2ccc(C(F)(F)F)cc2)no1,,,,"MolVec 0.9.8 (git b412dd0, Maven Central)",0.20548273250460625
uspto,US07319104-20080115-C00320,CC(C)(Oc1ccc(CCN(Cc2ccc(C(F)(F)F)cc2)c2noc(-c3cccs3)n2)cc1)C(=O)O,,,,"MolVec 0.9.8 (git b412dd0, Maven Central)",0.21412033587694168
uspto,US07319104-20080115-C00322,CC(C)(Oc1ccc(CCN(Cc2ccc(C(F)(F)F)cc2)c2noc(-c3ccc(Cl)c(Cl)c3)n2)cc1)C(=O)O,,,,"MolVec 0.9.8 (git b412dd0, Maven Central)",0.2570995520800352
uspto,US07319104-20080115-C00323,CC(C)(Oc1ccc(CCN(Cc2ccc(C(F)(F)F)cc2)c2noc(C3CCCCCC3)n2)cc1)C(=O)O,,,,"MolVec 0.9.8 (git b412dd0, Maven Central)",0.215705968439579
uspto,US07319104-20080115-C00324,CC(C)(Oc1ccc(CCN(Cc2ccc(C(F)(F)F)cc2)c2noc(-c3ccsc3)n2)cc1)C(=O)O,,,,"MolVec 0.9.8 (git b412dd0, Maven Central)",0.2144018393009901
uspto,US07319104-20080115-C00325,CC(C)(Oc1ccc(CCN(Cc2ccc(C(F)(F)F)cc2)c2noc(COc3ccccc3)n2)cc1)C(=O)O,,,,"MolVec 0.9.8 (git b412dd0, Maven Central)",0.25247596576809883
uspto,US07319104-20080115-C00326,Cc1ccc(-c2nc(N(CCc3ccc(OC(C)(C)C(=O)O)cc3)Cc3ccc(C(F)(F)F)cc3)no2)cc1,,,,"MolVec 0.9.8 (git b412dd0, Maven Central)",0.2613744828850031
uspto,US07319104-20080115-C00327,Cc1cccc(-c2nc(N(CCc3ccc(OC(C)(C)C(=O)O)cc3)Cc3ccc(C(F)(F)F)cc3)no2)c1,,,,"MolVec 0.9.8 (git b412dd0, Maven Central)",0.24670542404055595
uspto,US07319104-20080115-C00328,CC(C)CCc1nc(N(CCc2ccc(OC(C)(C)C(=O)O)cc2)Cc2ccc(C(F)(F)F)cc2)no1,,,,"MolVec 0.9.8 (git b412dd0, Maven Central)",0.20007188245654106
uspto,US07319104-20080115-C00329,CC(C)(Oc1ccc(CCN(Cc2ccc(C(F)(F)F)cc2)c2noc(CC3CCCC3)n2)cc1)C(=O)O,,,,"MolVec 0.9.8 (git b412dd0, Maven Central)",0.20770849287509918
uspto,US07319104-20080115-C00330,CCCc1nc(N(CCc2ccc(OC(C)(C)C(=O)O)cc2)Cc2ccc(C(F)(F)F)cc2)no1,,,,"MolVec 0.9.8 (git b412dd0, Maven Central)",0.20914043858647346
uspto,US07319104-20080115-C00331,Cc1ccccc1-c1nc(N(CCc2ccc(OC(C)(C)C(=O)O)cc2)Cc2ccc(C(F)(F)F)cc2)no1,,,,"MolVec 0.9.8 (git b412dd0, Maven Central)",0.285542631521821
uspto,US07319104-20080115-C00332,CC(C)(Oc1ccc(CCN(Cc2ccc(C(F)(F)F)cc2)c2noc(C(F)(F)F)n2)cc1)C(=O)O,,,,"MolVec 0.9.8 (git b412dd0, Maven Central)",0.2293829768896103
uspto,US07319104-20080115-C00333,CC(C)(Oc1ccc(CCN(Cc2ccc(C(F)(F)F)cc2)c2noc(CCC(F)(F)F)n2)cc1)C(=O)O,,,,"MolVec 0.9.8 (git b412dd0, Maven Central)",0.22496507316827774
uspto,US07319104-20080115-C00334,CC(C)(Oc1ccc(CCN(Cc2ccc(C(F)(F)F)cc2)c2noc(C3CCOC3)n2)cc1)C(=O)O,,,,"MolVec 0.9.8 (git b412dd0, Maven Central)",0.2188655398786068
uspto,US07319104-20080115-C00335,CC(C)c1nc(N(CCc2ccc(OC(C)(C)C(=O)O)cc2)Cc2ccc(C(F)(F)F)cc2C(F)(F)F)no1,,,,"MolVec 0.9.8 (git b412dd0, Maven Central)",0.2169849555939436
uspto,US07319104-20080115-C00336,CC(C)(Oc1ccc(CCN(Cc2ccc(C(F)(F)F)cc2C(F)(F)F)c2noc(-c3ccc(C(F)(F)F)cc3)n2)cc1)C(=O)O,,,,"MolVec 0.9.8 (git b412dd0, Maven Central)",0.30142940767109394
uspto,US07319104-20080115-C00337,CC(C)(Oc1ccc(CCN(Cc2ccc(OC(F)(F)F)cc2)c2noc(-c3ccc(OC(F)(F)F)cc3)n2)cc1)C(=O)O,,,,"MolVec 0.9.8 (git b412dd0, Maven Central)",0.20000973343849182
uspto,US07319104-20080115-C00338,CC(C)(Oc1ccc(CCN(Cc2ccc(OC(F)(F)F)cc2)c2noc(-c3ccc(C(F)(F)F)cc3)n2)cc1)C(=O)O,,,,"MolVec 0.9.8 (git b412dd0, Maven Central)",0.2418321631848812
uspto,US07319104-20080115-C00339,CC(C)(Oc1ccc(CCN(Cc2ccc(OC(F)(F)F)cc2)c2noc(-c3cccc(C(F)(F)F)c3)n2)cc1)C(=O)O,,,,"MolVec 0.9.8 (git b412dd0, Maven Central)",0.20834549516439438
uspto,US07319104-20080115-C00340,CC(C)c1nc(N(CCc2ccc(OC(C)(C)C(=O)O)cc2)Cc2ccc(OC(F)(F)F)cc2)no1,,,,"MolVec 0.9.8 (git b412dd0, Maven Central)",0.17983156815171242
uspto,US07319104-20080115-C00341,CC(C)c1nc(N(CCc2ccc(OC(C)(C)C(=O)O)cc2)Cc2ccc(SC(F)(F)F)cc2)no1,,,,"MolVec 0.9.8 (git b412dd0, Maven Central)",0.17570938915014267
uspto,US07319104-20080115-C00342,CSc1ccc(CN(CCc2ccc(OC(C)(C)C(=O)O)cc2)c2noc(C(C)C)n2)cc1,,,,"MolVec 0.9.8 (git b412dd0, Maven Central)",0.15772915072739124
uspto,US07319104-20080115-C00343,CC(C)(C)OC(=O)N1CCC(c2nc(N(CCc3ccc(OC(C)(C)C(=O)O)cc3)Cc3ccc(C(F)(F)F)cc3)no2)CC1,,,,"MolVec 0.9.8 (git b412dd0, Maven Central)",0.24707063287496567
uspto,US07319104-20080115-C00344,CC(=O)N1CCC(c2nc(N(CCc3ccc(OC(C)(C)C(=O)O)cc3)Cc3ccc(C(F)(F)F)cc3)no2)CC1,,,,"MolVec 0.9.8 (git b412dd0, Maven Central)",0.193124920129776
uspto,US07319104-20080115-C00345,CNC(=O)N1CCC(c2nc(N(CCc3ccc(OC(C)(C)C(=O)O)cc3)Cc3ccc(C(F)(F)F)cc3)no2)CC1,,,,"MolVec 0.9.8 (git b412dd0, Maven Central)",0.23613299056887627
uspto,US07319104-20080115-C00346,CC(C)(Oc1ccc(CCN(Cc2ccc(C(F)(F)F)cc2)c2noc(C3CCN(Cc4ccccc4)CC3)n2)cc1)C(=O)O,,,,"MolVec 0.9.8 (git b412dd0, Maven Central)",0.2536145467311144
uspto,US07319104-20080115-C00347,COC(=O)N1CCC(c2nc(N(CCc3ccc(OC(C)(C)C(=O)O)cc3)Cc3ccc(C(F)(F)F)cc3)no2)CC1,,,,"MolVec 0.9.8 (git b412dd0, Maven Central)",0.2155285719782114
uspto,US07319104-20080115-C00348,CCN1CCC(c2nc(N(CCc3ccc(OC(C)(C)C(=O)O)cc3)Cc3ccc(C(F)(F)F)cc3)no2)CC1,,,,"MolVec 0.9.8 (git b412dd0, Maven Central)",0.2196081466972828
uspto,US07319104-20080115-C00349,CC(C)(Oc1ccc(CCN(Cc2ccc(C(F)(F)F)cc2)c2noc(C3CCN(C(N)=O)CC3)n2)cc1)C(=O)O,,,,"MolVec 0.9.8 (git b412dd0, Maven Central)",0.21766209602355957
uspto,US07319104-20080115-C00350,CC(C)COC(=O)N1CCC(c2nc(N(CCc3ccc(OC(C)(C)C(=O)O)cc3)Cc3ccc(C(F)(F)F)cc3)no2)CC1,,,,"MolVec 0.9.8 (git b412dd0, Maven Central)",0.24525738507509232
uspto,US07319104-20080115-C00351,CCOC(=O)N1CCC(c2nc(N(CCc3ccc(OC(C)(C)C(=O)O)cc3)Cc3ccc(C(F)(F)F)cc3)no2)CC1,,,,"MolVec 0.9.8 (git b412dd0, Maven Central)",0.25619508512318134
uspto,US07319104-20080115-C00352,CC(C)(Oc1ccc(CCN(Cc2ccc(C(F)(F)F)cc2)c2noc(C3CCN(S(C)(=O)=O)CC3)n2)cc1)C(=O)O,,,,"MolVec 0.9.8 (git b412dd0, Maven Central)",0.1976164784282446
uspto,US07319104-20080115-C00353,CC(C)(Oc1ccc(CCN(Cc2ccc(C(F)(F)F)cc2)c2noc(C3CCN(C(=O)OCc4ccccc4)CC3)n2)cc1)C(=O)O,,,,"MolVec 0.9.8 (git b412dd0, Maven Central)",0.24754914827644825
uspto,US07319104-20080115-C00354,CC(C)(Oc1ccc(CCN(Cc2ccc(C(F)(F)F)cc2)c2noc(CN3CCN(c4ccc(F)cc4)CC3)n2)cc1)C(=O)O,,,,"MolVec 0.9.8 (git b412dd0, Maven Central)",0.18707794323563576
uspto,US07319104-20080115-C00355,CC(C)(Oc1ccc(CCN(Cc2ccc(C(F)(F)F)cc2)c2noc(CN3CCOCC3)n2)cc1)C(=O)O,,,,"MolVec 0.9.8 (git b412dd0, Maven Central)",0.20421092212200165
uspto,US07319104-20080115-C00356,CC(C)c1nc(N(Cc2ccc(C(F)(F)F)cc2)CC(C)(C)c2ccc(OC(C)(C)C(=O)O)cc2)no1,,,,"MolVec 0.9.8 (git b412dd0, Maven Central)",0.20562165416777134
uspto,US07319104-20080115-C00357,Cc1cc(CCN(Cc2ccc(OC(F)(F)F)cc2)c2noc(-c3ccc(C(F)(F)F)cc3)n2)ccc1OC(C)(C)C(=O)O,,,,"MolVec 0.9.8 (git b412dd0, Maven Central)",0.2565956264734268
uspto,US07319104-20080115-C00358,CN(CCc1ccc(OC(C)(C)C(=O)O)cc1)c1noc(-c2cccc(C(F)(F)F)c2)n1,,,,"MolVec 0.9.8 (git b412dd0, Maven Central)",0.1557113490998745
uspto,US07319104-20080115-C00359,Cc1ccccc1-c1nc(N(CCCc2cccc(OC(C)(C)C(=O)O)c2)Cc2ccc(C(F)(F)F)cc2)no1,,,,"MolVec 0.9.8 (git b412dd0, Maven Central)",0.21955124475061893
uspto,US07319104-20080115-C00360,Cc1cccc(-c2nc(N(CCCc3cccc(OC(C)(C)C(=O)O)c3)Cc3ccc(C(F)(F)F)cc3)no2)c1,,,,"MolVec 0.9.8 (git b412dd0, Maven Central)",0.19468928314745426
uspto,US07319104-20080115-C00361,Cc1ccc(-c2nc(N(CCCc3cccc(OC(C)(C)C(=O)O)c3)Cc3ccc(C(F)(F)F)cc3)no2)cc1,,,,"MolVec 0.9.8 (git b412dd0, Maven Central)",0.1564064957201481
uspto,US07319104-20080115-C00362,CC(C)(Oc1cccc(CCCN(Cc2ccc(C(F)(F)F)cc2)c2noc(-c3ccc(C#N)cc3)n2)c1)C(=O)O,,,,"MolVec 0.9.8 (git b412dd0, Maven Central)",0.15752541832625866
uspto,US07319104-20080115-C00363,CC(C)(Oc1cccc(CCCN(Cc2ccc(C(F)(F)F)cc2)c2noc(-c3cccc(C#N)c3)n2)c1)C(=O)O,,,,"MolVec 0.9.8 (git b412dd0, Maven Central)",0.15219776891171932
uspto,US07319104-20080115-C00364,CC(C)(Oc1cccc(CCCN(Cc2ccc(C(F)(F)F)cc2)c2noc(C3CC3)n2)c1)C(=O)O,,,,"MolVec 0.9.8 (git b412dd0, Maven Central)",0.16131030768156052
uspto,US07319104-20080115-C00365,CC(C)(Oc1cccc(CCCN(Cc2ccc(C(F)(F)F)cc2)c2noc(C3CCC3)n2)c1)C(=O)O,,,,"MolVec 0.9.8 (git b412dd0, Maven Central)",0.17338265664875507
uspto,US07319104-20080115-C00366,CC(C)(Oc1cccc(CCCN(Cc2ccc(C(F)(F)F)cc2)c2noc(C3CCCC3)n2)c1)C(=O)O,,,,"MolVec 0.9.8 (git b412dd0, Maven Central)",0.1640035454183817
uspto,US07319104-20080115-C00367,CC(C)(Oc1cccc(CCCN(Cc2ccc(C(F)(F)F)cc2)c2noc(CC3CCCC3)n2)c1)C(=O)O,,,,"MolVec 0.9.8 (git b412dd0, Maven Central)",0.15481631085276604
uspto,US07319104-20080115-C00368,Cc1nc(N(CCCc2cccc(OC(C)(C)C(=O)O)c2)Cc2ccc(C(F)(F)F)cc2)no1,,,,"MolVec 0.9.8 (git b412dd0, Maven Central)",0.15920274890959263
uspto,US07319104-20080115-C00369,CCCc1nc(N(CCCc2cccc(OC(C)(C)C(=O)O)c2)Cc2ccc(C(F)(F)F)cc2)no1,,,,"MolVec 0.9.8 (git b412dd0, Maven Central)",0.15334201604127884
uspto,US07319104-20080115-C00370,CCCCc1nc(N(CCCc2cccc(OC(C)(C)C(=O)O)c2)Cc2ccc(C(F)(F)F)cc2)no1,,,,"MolVec 0.9.8 (git b412dd0, Maven Central)",0.15829365327954292
uspto,US07319104-20080115-C00371,CC(C)c1nc(N(CCCc2cccc(OC(C)(C)C(=O)O)c2)Cc2ccc(C(F)(F)F)cc2)no1,,,,"MolVec 0.9.8 (git b412dd0, Maven Central)",0.18085994943976402
uspto,US07319104-20080115-C00372,CC(C)Cc1nc(N(CCCc2cccc(OC(C)(C)C(=O)O)c2)Cc2ccc(C(F)(F)F)cc2)no1,,,,"MolVec 0.9.8 (git b412dd0, Maven Central)",0.15808527916669846
uspto,US07319104-20080115-C00373,CC(C)(Oc1cccc(CCCN(Cc2ccc(C(F)(F)F)cc2)c2noc(C(C)(C)C)n2)c1)C(=O)O,,,,"MolVec 0.9.8 (git b412dd0, Maven Central)",0.16385944746434689
uspto,US07319104-20080115-C00374,CC(C)(Oc1cccc(CCCN(Cc2ccc(C(F)(F)F)cc2)c2noc(-c3ccco3)n2)c1)C(=O)O,,,,"MolVec 0.9.8 (git b412dd0, Maven Central)",0.1680113822221756
uspto,US07319104-20080115-C00378,Cc1nc(N(CCc2ccc(OC(C)(C)C(=O)O)cc2)Cc2ccc(-c3noc(C4CC4)n3)cc2)no1,,,,"MolVec 0.9.8 (git b412dd0, Maven Central)",0.20216104388237
uspto,US07319104-20080115-C00379,CC(C)(Oc1ccc(CCN(Cc2ccc(-c3noc(C4CC4)n3)cc2)c2noc(C3CC3)n2)cc1)C(=O)O,,,,"MolVec 0.9.8 (git b412dd0, Maven Central)",0.22498636692762375
uspto,US07319104-20080115-C00380,CC(C)(Oc1ccc(CCN(Cc2ccc(-c3noc(C4CC4)n3)cc2)c2noc(-c3cccs3)n2)cc1)C(=O)O,,,,"MolVec 0.9.8 (git b412dd0, Maven Central)",0.22591451555490494
uspto,US07319104-20080115-C00381,CC(C)(Oc1ccc(CCN(Cc2ccc(-c3noc(C4CC4)n3)cc2)c2ncon2)cc1)C(=O)O,,,,"MolVec 0.9.8 (git b412dd0, Maven Central)",0.20516780391335487
uspto,US07319104-20080115-C00382,CCCCc1nc(N(CCc2ccc(OC(C)(C)C(=O)O)cc2)Cc2ccc(-c3noc(C4CC4)n3)cc2)no1,,,,"MolVec 0.9.8 (git b412dd0, Maven Central)",0.22180940955877304
uspto,US07319104-20080115-C00383,CC(C)Cc1nc(N(CCc2ccc(OC(C)(C)C(=O)O)cc2)Cc2ccc(-c3noc(C4CC4)n3)cc2)no1,,,,"MolVec 0.9.8 (git b412dd0, Maven Central)",0.2365963626652956
uspto,US07319104-20080115-C00384,CC(C)CCc1nc(N(CCc2ccc(OC(C)(C)C(=O)O)cc2)Cc2ccc(-c3noc(C4CC4)n3)cc2)no1,,,,"MolVec 0.9.8 (git b412dd0, Maven Central)",0.21560763008892536
uspto,US07319104-20080115-C00385,CC(C)(Oc1ccc(CCN(Cc2ccc(-c3noc(C4CC4)n3)cc2)c2noc(CC3CCCC3)n2)cc1)C(=O)O,,,,"MolVec 0.9.8 (git b412dd0, Maven Central)",0.22971845604479313
uspto,US07319104-20080115-C00387,CC(C)(Oc1ccc(CCN(Cc2ccc(-c3noc(C4CC4)n3)cc2)c2noc(-c3ccc(Cl)cc3)n2)cc1)C(=O)O,,,,"MolVec 0.9.8 (git b412dd0, Maven Central)",0.21655154414474964
uspto,US07319104-20080115-C00388,CC(C)(Oc1ccc(CCN(Cc2ccc(-c3noc(C4CC4)n3)cc2)c2noc(-c3cccc(Cl)c3)n2)cc1)C(=O)O,,,,"MolVec 0.9.8 (git b412dd0, Maven Central)",0.23783412761986256
uspto,US07319104-20080115-C00389,CC(C)(Oc1ccc(CCN(Cc2ccc(-c3noc(C4CC4)n3)cc2)c2noc(-c3ccccc3F)n2)cc1)C(=O)O,,,,"MolVec 0.9.8 (git b412dd0, Maven Central)",0.2471162360161543
uspto,US07319104-20080115-C00390,Cc1ccccc1-c1nc(N(CCc2ccc(OC(C)(C)C(=O)O)cc2)Cc2ccc(-c3noc(C4CC4)n3)cc2)no1,,,,"MolVec 0.9.8 (git b412dd0, Maven Central)",0.24719957076013088
uspto,US07319104-20080115-C00391,CC(C)(Oc1ccc(CCN(Cc2ccc(-c3noc(C4CC4)n3)cc2)c2noc(-c3cccc(C(F)(F)F)c3)n2)cc1)C(=O)O,,,,"MolVec 0.9.8 (git b412dd0, Maven Central)",0.23502736911177635
uspto,US07319104-20080115-C00392,Cc1ccc(-c2nc(N(CCc3ccc(OC(C)(C)C(=O)O)cc3)Cc3ccc(-c4noc(C5CC5)n4)cc3)no2)cc1,,,,"MolVec 0.9.8 (git b412dd0, Maven Central)",0.24306334368884563
uspto,US07319104-20080115-C00393,CC(C)(Oc1ccc(CCN(Cc2ccc(-c3noc(C4CC4)n3)cc2)c2noc(-c3ccc(Cl)c(Cl)c3)n2)cc1)C(=O)O,,,,"MolVec 0.9.8 (git b412dd0, Maven Central)",0.21866945549845695
uspto,US07319104-20080115-C00394,CC(C)(Oc1ccc(CCN(Cc2ccc(-c3noc(C4CC4)n3)cc2)c2noc(-c3ccccn3)n2)cc1)C(=O)O,,,,"MolVec 0.9.8 (git b412dd0, Maven Central)",0.2326854206621647
uspto,US07319104-20080115-C00395,CC(C)(Oc1ccc(CCN(Cc2ccc(-c3noc(C4CC4)n3)cc2)c2noc(-c3ccc(C(F)(F)F)c(F)c3)n2)cc1)C(=O)O,,,,"MolVec 0.9.8 (git b412dd0, Maven Central)",0.22450276091694832
uspto,US07319104-20080115-C00396,Cc1cccc(-c2nc(N(CCc3ccc(OC(C)(C)C(=O)O)cc3)Cc3ccc(-c4noc(C5CC5)n4)cc3)no2)c1,,,,"MolVec 0.9.8 (git b412dd0, Maven Central)",0.2438522595912218
uspto,US07319104-20080115-C00397,CC(C)(Oc1ccc(CCN(Cc2ccc(-c3noc(C4CC4)n3)cc2)c2noc(C3CCCC3)n2)cc1)C(=O)O,,,,"MolVec 0.9.8 (git b412dd0, Maven Central)",0.22222625464200974
uspto,US07319104-20080115-C00398,CC(C)c1nc(-c2ccc(CN(CCc3ccc(OC(C)(C)C(=O)O)cc3)c3noc(-c4ccc(Cl)cc4)n3)cc2)no1,,,,"MolVec 0.9.8 (git b412dd0, Maven Central)",0.22317942045629025
uspto,US07319104-20080115-C00399,CC(C)c1nc(-c2ccc(CN(CCc3ccc(OC(C)(C)C(=O)O)cc3)c3noc(-c4ccc(C(F)(F)F)cc4)n3)cc2)no1,,,,"MolVec 0.9.8 (git b412dd0, Maven Central)",0.21136483177542686
uspto,US07319104-20080115-C00400,CCOC(=O)C(C)(C)Oc1ccc(CCN(Cc2ccc(C(F)(F)F)cc2)C(N)=S)cc1,,,,"MolVec 0.9.8 (git b412dd0, Maven Central)",0.11093064956367016
uspto,US07319104-20080115-C00401,CCOC(=O)C(C)(C)Oc1ccc(CCN(Cc2ccc(C(F)(F)F)cc2C(F)(F)F)C(N)=S)cc1,,,,"MolVec 0.9.8 (git b412dd0, Maven Central)",0.15091490373015404
uspto,US07319104-20080115-C00402,CC(C)(Oc1ccc(CCN(Cc2ccc(C(F)(F)F)cc2)c2nc(-c3cccc(Cl)c3)cs2)cc1)C(=O)O,,,,"MolVec 0.9.8 (git b412dd0, Maven Central)",0.23159899562597275
uspto,US07319104-20080115-C00403,CC(C)(Oc1ccc(CCN(Cc2ccc(C(F)(F)F)cc2)c2nc(C(F)(F)F)cs2)cc1)C(=O)O,,,,"MolVec 0.9.8 (git b412dd0, Maven Central)",0.20189979299902916
uspto,US07319104-20080115-C00404,CC(C)(Oc1ccc(CCN(Cc2ccc(C(F)(F)F)cc2)c2nc(-c3ccccc3Cl)cs2)cc1)C(=O)O,,,,"MolVec 0.9.8 (git b412dd0, Maven Central)",0.23085832595825195
uspto,US07319104-20080115-C00405,CC(C)(Oc1ccc(CCN(Cc2ccc(C(F)(F)F)cc2)c2nc(-c3ccc(F)c(F)c3)cs2)cc1)C(=O)O,,,,"MolVec 0.9.8 (git b412dd0, Maven Central)",0.2401450052857399
uspto,US07319104-20080115-C00406,COc1ccccc1-c1csc(N(CCc2ccc(OC(C)(C)C(=O)O)cc2)Cc2ccc(C(F)(F)F)cc2)n1,,,,"MolVec 0.9.8 (git b412dd0, Maven Central)",0.24457397311925888
uspto,US07319104-20080115-C00407,COc1cccc(-c2csc(N(CCc3ccc(OC(C)(C)C(=O)O)cc3)Cc3ccc(C(F)(F)F)cc3)n2)c1,,,,"MolVec 0.9.8 (git b412dd0, Maven Central)",0.22507756389677525
uspto,US07319104-20080115-C00408,CC(C)(Oc1ccc(CCN(Cc2ccc(C(F)(F)F)cc2)c2nc(-c3ccc(Cl)cc3)cs2)cc1)C(=O)O,,,,"MolVec 0.9.8 (git b412dd0, Maven Central)",0.23498777486383915
uspto,US07319104-20080115-C00409,CC(C)(Oc1ccc(CCN(Cc2ccc(C(F)(F)F)cc2C(F)(F)F)c2nc(C(C)(C)C)cs2)cc1)C(=O)O,,,,"MolVec 0.9.8 (git b412dd0, Maven Central)",0.2324021067470312
uspto,US07319104-20080115-C00410,CC(C)(Oc1ccc(CCN(Cc2ccc(C(F)(F)F)cc2C(F)(F)F)c2nc(C(F)(F)F)cs2)cc1)C(=O)O,,,,"MolVec 0.9.8 (git b412dd0, Maven Central)",0.27738142013549805
uspto,US07319104-20080115-C00411,CC(C)(Oc1ccc(CCN(Cc2ccc(C(F)(F)F)cc2C(F)(F)F)c2nc(-c3ccccc3Cl)cs2)cc1)C(=O)O,,,,"MolVec 0.9.8 (git b412dd0, Maven Central)",0.26538050547242165
uspto,US07319104-20080115-C00412,CC(C)(Oc1ccc(CCN(Cc2ccc(C(F)(F)F)cc2C(F)(F)F)c2nc(-c3ccc(F)c(F)c3)cs2)cc1)C(=O)O,,,,"MolVec 0.9.8 (git b412dd0, Maven Central)",0.30018915608525276
uspto,US07319104-20080115-C00413,CC(C)(Oc1ccc(CCN(Cc2ccc(C(F)(F)F)cc2C(F)(F)F)c2nc(-c3ccc(F)cc3)cs2)cc1)C(=O)O,,,,"MolVec 0.9.8 (git b412dd0, Maven Central)",0.3054883237928152
uspto,US07319104-20080115-C00414,CCN(CC)c1ccc(-c2csc(N(CCc3ccc(OC(C)(C)C(=O)O)cc3)Cc3ccc(C(F)(F)F)cc3)n2)cc1,,,,"MolVec 0.9.8 (git b412dd0, Maven Central)",0.22802815586328506
uspto,US07319104-20080115-C00415,Cc1ccc(-c2csc(N(CCc3ccc(OC(C)(C)C(=O)O)cc3)Cc3ccc(C(F)(F)F)cc3)n2)cc1,,,,"MolVec 0.9.8 (git b412dd0, Maven Central)",0.23616613075137138
uspto,US07319104-20080115-C00416,CC(C)(Oc1ccc(CCN(Cc2ccc(C(F)(F)F)cc2C(F)(F)F)c2nc(-c3cccc(Cl)c3)cs2)cc1)C(=O)O,,,,"MolVec 0.9.8 (git b412dd0, Maven Central)",0.24211839586496353
uspto,US07319104-20080115-C00417,COc1ccccc1-c1csc(N(CCc2ccc(OC(C)(C)C(=O)O)cc2)Cc2ccc(C(F)(F)F)cc2C(F)(F)F)n1,,,,"MolVec 0.9.8 (git b412dd0, Maven Central)",0.26529516838490963
uspto,US07319104-20080115-C00418,Cc1ccc(-c2csc(N(CCc3ccc(OC(C)(C)C(=O)O)cc3)Cc3ccc(C(F)(F)F)cc3C(F)(F)F)n2)cc1,,,,"MolVec 0.9.8 (git b412dd0, Maven Central)",0.2829283643513918
uspto,US07319104-20080115-C00419,COc1cccc(-c2csc(N(CCc3ccc(OC(C)(C)C(=O)O)cc3)Cc3ccc(C(F)(F)F)cc3C(F)(F)F)n2)c1,,,,"MolVec 0.9.8 (git b412dd0, Maven Central)",0.22125922702252865
uspto,US07319104-20080115-C00420,CC(C)(Oc1ccc(CCN(Cc2ccc(C(F)(F)F)cc2C(F)(F)F)c2nc(-c3ccc(Cl)cc3)cs2)cc1)C(=O)O,,,,"MolVec 0.9.8 (git b412dd0, Maven Central)",0.2493376713246107
uspto,US07319104-20080115-C00421,CCCc1ccc(-c2csc(N(CCc3ccc(OC(C)(C)C(=O)O)cc3)Cc3ccc(C(F)(F)F)cc3C(F)(F)F)n2)cc1,,,,"MolVec 0.9.8 (git b412dd0, Maven Central)",0.2216216642409563
uspto,US07319104-20080115-C00422,CC(C)(Oc1ccc(CCN(Cc2ccc(OC(F)(F)F)cc2)c2nc(-c3ccccc3Cl)cs2)cc1)C(=O)O,,,,"MolVec 0.9.8 (git b412dd0, Maven Central)",0.2563044838607311
uspto,US07319107-20080115-C00013,COc1ccccc1-c1n/c(=N\c2ccccc2)sn1-c1ccccc1OC,,,,"MolVec 0.9.8 (git b412dd0, Maven Central)",0.19782423041760921
uspto,US07319108-20080115-C00010,CCCCOc1ccc(-c2nnc(-c3ccc(N4CCC(N(C)C)C4)cc3)o2)cc1,,,,"MolVec 0.9.8 (git b412dd0, Maven Central)",0.18575982749462128
uspto,US07319108-20080115-C00011,CN(C)C1CCN(c2ccc(-c3nnc(CSCCOc4ccccc4)o3)cc2)C1,,,,"MolVec 0.9.8 (git b412dd0, Maven Central)",0.1810737494379282
uspto,US07319108-20080115-C00012,CN(C)C1CCN(c2ccc(-c3nnc(-c4ccc(Oc5ccccc5)cc4)o3)cc2)C1,,,,"MolVec 0.9.8 (git b412dd0, Maven Central)",0.19445679895579815
uspto,US07319108-20080115-C00014,CCCCCCOc1ccc(-c2nnc(-c3ccc(N4CCC(N(C)C)C4)cc3)o2)cc1,,,,"MolVec 0.9.8 (git b412dd0, Maven Central)",0.22498725354671478
uspto,US07319108-20080115-C00016,CN(C)C1CCN(c2ccc(-c3nnc(-c4ccc(OC5C=CCCC5)cc4)o3)cc2)C1,,,,"MolVec 0.9.8 (git b412dd0, Maven Central)",0.18998421728610992
uspto,US07319108-20080115-C00018,CN(C)C1CCN(c2ccc(-c3nnc(Cc4ccc(OC5C=CCCC5)cc4)o3)cc2)C1,,,,"MolVec 0.9.8 (git b412dd0, Maven Central)",0.23888101615011692
uspto,US07319108-20080115-C00019,CN(C)C1CCN(c2ccc(-c3nnc(CCc4ccccc4)o3)cc2)C1,,,,"MolVec 0.9.8 (git b412dd0, Maven Central)",0.1824691779911518
uspto,US07319108-20080115-C00020,CN(C)C1CCN(c2ccc(-c3nnc(CCc4ccc5c(c4)OCO5)o3)cc2)C1,,,,"MolVec 0.9.8 (git b412dd0, Maven Central)",0.205239100381732
uspto,US07319108-20080115-C00021,CN(C)C1CCN(c2ccc(-c3nnc(Cc4noc5ccccc45)o3)cc2)C1,,,,"MolVec 0.9.8 (git b412dd0, Maven Central)",0.19335109740495682
uspto,US07319108-20080115-C00023,COc1ccc(-c2nnc(-c3ccc(N4CCC(N(C)C)C4)cc3)o2)cc1OCc1ccccc1,,,,"MolVec 0.9.8 (git b412dd0, Maven Central)",0.2647586576640606
uspto,US07319108-20080115-C00025,CN(C)C1CCN(c2ccc(-c3nnc(-c4cccc(Oc5ccccc5)c4)o3)cc2)C1,,,,"MolVec 0.9.8 (git b412dd0, Maven Central)",0.1821620687842369
uspto,US07319108-20080115-C00026,CN(C)C1CCN(c2ccc(-c3nnc(Cc4cccc(Oc5ccccc5)c4)o3)cc2)C1,,,,"MolVec 0.9.8 (git b412dd0, Maven Central)",0.24977558851242065
uspto,US07319108-20080115-C00027,CN(C)C1CCN(c2ccc(-c3nnc(-c4ccc(Cc5ccccc5)cc4)o3)cc2)C1,,,,"MolVec 0.9.8 (git b412dd0, Maven Central)",0.20599035546183586
uspto,US07319108-20080115-C00028,CN(C)C1CCN(c2ccc(-c3nnc(-c4ccc(C(=O)c5ccccc5)cc4)o3)cc2)C1,,,,"MolVec 0.9.8 (git b412dd0, Maven Central)",0.1964066382497549
uspto,US07319108-20080115-C00029,CN(C)C1CCN(c2ccc(-c3nnc(-c4ccc(-c5ccc(Cl)cc5)o4)o3)cc2)C1,,,,"MolVec 0.9.8 (git b412dd0, Maven Central)",0.2843367215245962
uspto,US07319108-20080115-C00031,COc1ccc(CCc2nnc(-c3ccc(N4CCC(N(C)C)C4)cc3)o2)cc1OC,,,,"MolVec 0.9.8 (git b412dd0, Maven Central)",0.19327894784510136
uspto,US07319108-20080115-C00032,COc1ccc(-c2ccc(-c3nnc(-c4ccc(N5CCC(N(C)C)C5)cc4)o3)cc2)cc1,,,,"MolVec 0.9.8 (git b412dd0, Maven Central)",0.22153972834348679
uspto,US07319108-20080115-C00033,COc1cccc(OCc2nnc(-c3ccc(N4CCC(N(C)C)C4)cc3)o2)c1,,,,"MolVec 0.9.8 (git b412dd0, Maven Central)",0.19645750895142555
uspto,US07319108-20080115-C00034,CN(C)C1CCN(c2ccc(-c3nnc(COc4ccc(OCc5ccccc5)cc4)o3)cc2)C1,,,,"MolVec 0.9.8 (git b412dd0, Maven Central)",0.25716105476021767
uspto,US07319108-20080115-C00035,CN(C)C1CCN(c2ccc(-c3nnc(-c4cc5cc(OCc6ccccc6)ccc5[nH]4)o3)cc2)C1,,,,"MolVec 0.9.8 (git b412dd0, Maven Central)",0.3017704952508211
uspto,US07319108-20080115-C00036,CN(C)C1CCN(c2ccc(-c3nnc(COc4ccc(OC(F)(F)F)cc4)o3)cc2)C1,,,,"MolVec 0.9.8 (git b412dd0, Maven Central)",0.20702709816396236
uspto,US07319108-20080115-C00037,CN(C)C1CCN(c2ccc(-c3nnc(CCCCc4cccs4)o3)cc2)C1,,,,"MolVec 0.9.8 (git b412dd0, Maven Central)",0.20716449618339539
uspto,US07319108-20080115-C00038,Cc1c(S(=O)(=O)c2ccc(Cl)cc2)csc1-c1nnc(-c2ccc(N3CCC(N(C)C)C3)cc2)o1,,,,"MolVec 0.9.8 (git b412dd0, Maven Central)",0.23905007727444172
uspto,US07319108-20080115-C00039,Cc1oc(-c2ccc(Cl)cc2)cc1-c1nnc(-c2ccc(N3CCC(N(C)C)C3)cc2)o1,,,,"MolVec 0.9.8 (git b412dd0, Maven Central)",0.2549154683947563
uspto,US07319108-20080115-C00040,CCCCCC1CCC(c2nnc(-c3ccc(N4CCC(N(C)C)C4)cc3)o2)CC1,,,,"MolVec 0.9.8 (git b412dd0, Maven Central)",0.22290123999118805
uspto,US07319108-20080115-C00041,COc1cccc(CCc2nnc(-c3ccc(N4CCC(N(C)C)C4)cc3)o2)c1,,,,"MolVec 0.9.8 (git b412dd0, Maven Central)",0.22516021132469177
uspto,US07319108-20080115-C00042,CC(C)c1ccc(OCc2nnc(-c3ccc(N4CCC(N(C)C)C4)cc3)o2)cc1,,,,"MolVec 0.9.8 (git b412dd0, Maven Central)",0.1880361270159483
uspto,US07319108-20080115-C00043,COc1ccc(SCc2nnc(-c3ccc(N4CCC(N(C)C)C4)cc3)o2)cc1OC,,,,"MolVec 0.9.8 (git b412dd0, Maven Central)",0.26937950402498245
uspto,US07319108-20080115-C00044,Cc1nn(Cc2cccc(-c3nnc(-c4ccc(N5CCC(N(C)C)C5)cc4)o3)c2)c(C)c1Br,,,,"MolVec 0.9.8 (git b412dd0, Maven Central)",0.26928460225462914
uspto,US07319108-20080115-C00045,Cc1oc(-c2ccccc2)nc1Cc1nnc(-c2ccc(N3CCC(N(C)C)C3)cc2)o1,,,,"MolVec 0.9.8 (git b412dd0, Maven Central)",0.33443278446793556
uspto,US07319108-20080115-C00046,Cc1nn(Cc2ccc(-c3nnc(-c4ccc(N5CCC(N(C)C)C5)cc4)o3)o2)c(C)c1Br,,,,"MolVec 0.9.8 (git b412dd0, Maven Central)",0.22165189310908318
uspto,US07319108-20080115-C00047,COc1ccc(-c2nnc(-c3ccc(N4CCC(N(C)C)C4)cc3)o2)cc1OC1CCCC1,,,,"MolVec 0.9.8 (git b412dd0, Maven Central)",0.22325586713850498
uspto,US07319108-20080115-C00048,CN(C)C1CCN(c2ccc(-c3nnc(-c4ccc(-c5cccc(C(F)(F)F)c5)o4)o3)cc2)C1,,,,"MolVec 0.9.8 (git b412dd0, Maven Central)",0.22914055548608303
uspto,US07319108-20080115-C00049,Cc1ccc(-c2ccc(-c3nnc(-c4ccc(N5CCC(N(C)C)C5)cc4)o3)o2)c([N+](=O)[O-])c1,,,,"MolVec 0.9.8 (git b412dd0, Maven Central)",0.20116579718887806
uspto,US07319108-20080115-C00050,CN(C)C1CCN(c2ccc(-c3nnc(-c4ccc(-c5cc(C(F)(F)F)ccc5Cl)o4)o3)cc2)C1,,,,"MolVec 0.9.8 (git b412dd0, Maven Central)",0.2231793999671936
uspto,US07319108-20080115-C00051,CN(C)C1CCN(c2ccc(-c3nnc(CCCc4ccc5c(c4)OCCO5)o3)cc2)C1,,,,"MolVec 0.9.8 (git b412dd0, Maven Central)",0.26232266426086426
uspto,US07319108-20080115-C00052,Cc1cc(-c2nnc(-c3ccc(N4CCC(N(C)C)C4)cc3)o2)c(C)n1Cc1cccs1,,,,"MolVec 0.9.8 (git b412dd0, Maven Central)",0.1942478995770216
uspto,US07319108-20080115-C00053,CN(C)C1CCN(c2ccc(-c3nnc(-c4ccc(Cn5cnc6ccccc65)cc4)o3)cc2)C1,,,,"MolVec 0.9.8 (git b412dd0, Maven Central)",0.20850692316889763
uspto,US07319108-20080115-C00054,CSc1ccc(-n2c(-c3ccccc3)cc(-c3nnc(-c4ccc(N5CCC(N(C)C)C5)cc4)o3)c2C)cc1,,,,"MolVec 0.9.8 (git b412dd0, Maven Central)",0.20886125043034554
uspto,US07319108-20080115-C00056,CCc1ccc(-c2ccc(-c3nnc(-c4ccc(N5CCC(N(C)C)C5)cc4)o3)cc2)cc1,,,,"MolVec 0.9.8 (git b412dd0, Maven Central)",0.2084969412535429
uspto,US07319108-20080115-C00057,CN(C)C1CCN(c2ccc(-c3nnc(-c4cn(Cc5ccccc5)c5ccccc45)o3)cc2)C1,,,,"MolVec 0.9.8 (git b412dd0, Maven Central)",0.213318245485425
uspto,US07319108-20080115-C00058,CC(C)Oc1ccc(/C=C/c2nnc(-c3ccc(N4CCC(N(C)C)C4)cc3)o2)cc1,,,,"MolVec 0.9.8 (git b412dd0, Maven Central)",0.18245706893503666
uspto,US07319108-20080115-C00059,Cc1ccc(N2CC(c3nnc(-c4ccc(N5CCC(N(C)C)C5)cc4)o3)CC2=O)cc1,,,,"MolVec 0.9.8 (git b412dd0, Maven Central)",0.19261042028665543
uspto,US07319108-20080115-C00060,Cc1ccc(CSCCc2nnc(-c3ccc(N4CCC(N(C)C)C4)cc3)o2)cc1,,,,"MolVec 0.9.8 (git b412dd0, Maven Central)",0.20414100401103497
uspto,US07319108-20080115-C00061,CN(C)C1CCN(c2ccc(-c3nnc(CCCCc4ccc(F)cc4)o3)cc2)C1,,,,"MolVec 0.9.8 (git b412dd0, Maven Central)",0.2171446457505226
uspto,US07319108-20080115-C00062,CSc1ccc(OCc2nnc(-c3ccc(N4CCC(N(C)C)C4)cc3)o2)cc1,,,,"MolVec 0.9.8 (git b412dd0, Maven Central)",0.18278210423886776
uspto,US07319108-20080115-C00063,CC(C)c1ccc(/C=C/c2nnc(-c3ccc(N4CCC(N(C)C)C4)cc3)o2)cc1,,,,"MolVec 0.9.8 (git b412dd0, Maven Central)",0.1854927223175764
uspto,US07319108-20080115-C00064,CC(Oc1ccc(-c2ccccc2)cc1)c1nnc(-c2ccc(N3CCC(N(C)C)C3)cc2)o1,,,,"MolVec 0.9.8 (git b412dd0, Maven Central)",0.20002759620547295
uspto,US07319108-20080115-C00065,Cc1cccc(C(=O)Nc2cccc(-c3nnc(-c4ccc(N5CCC(N(C)C)C5)cc4)o3)c2)c1,,,,"MolVec 0.9.8 (git b412dd0, Maven Central)",0.22991669364273548
uspto,US07319108-20080115-C00066,CC(Cc1nnc(-c2ccc(N3CCC(N(C)C)C3)cc2)o1)Sc1ccc(Cl)cc1,,,,"MolVec 0.9.8 (git b412dd0, Maven Central)",0.22189084067940712
uspto,US07319108-20080115-C00067,CN(C)C1CCN(c2ccc(-c3nnc(-c4ccc(S(=O)(=O)c5ccccc5)cc4)o3)cc2)C1,,,,"MolVec 0.9.8 (git b412dd0, Maven Central)",0.21712773479521275
uspto,US07319108-20080115-C00068,CN(C)C1CCN(c2ccc(-c3nnc(-c4cccc(NC(=O)Cc5ccccc5)c4)o3)cc2)C1,,,,"MolVec 0.9.8 (git b412dd0, Maven Central)",0.22730456478893757
uspto,US07319108-20080115-C00069,CN(C)C1CCN(c2ccc(-c3nnc(Cn4ccc(-c5ccccc5)n4)o3)cc2)C1,,,,"MolVec 0.9.8 (git b412dd0, Maven Central)",0.3122398555278778
uspto,US07319108-20080115-C00070,Cc1ccc(-c2nc(-c3nnc(-c4ccc(N5CCC(N(C)C)C5)cc4)o3)cs2)cc1,,,,"MolVec 0.9.8 (git b412dd0, Maven Central)",0.1981941405683756
uspto,US07319108-20080115-C00071,CN(C)C1CCN(c2ccc(-c3nnc(-c4ccc(-c5ccc(C#N)cc5)cc4)o3)cc2)C1,,,,"MolVec 0.9.8 (git b412dd0, Maven Central)",0.22015291824936867
uspto,US07319108-20080115-C00072,CN(C)C1CCN(c2ccc(-c3nnc(-c4ccc(C#Cc5ccccc5)o4)o3)cc2)C1,,,,"MolVec 0.9.8 (git b412dd0, Maven Central)",0.4203125946223736
uspto,US07319108-20080115-C00073,CN(C)C1CCN(c2ccc(-c3nnc(-c4ccc(-c5ccc(F)cc5)s4)o3)cc2)C1,,,,"MolVec 0.9.8 (git b412dd0, Maven Central)",0.24484225921332836
uspto,US07319108-20080115-C00074,CN(C)C1CCN(c2ccc(-c3nnc(/C=C/c4ccc(OCCCF)cc4)o3)cc2)C1,,,,"MolVec 0.9.8 (git b412dd0, Maven Central)",0.22378667257726192
uspto,US07319108-20080115-C00075,CN(C)C1CCN(c2ccc(-c3nnc(Cc4ccc(-c5ccc(F)cc5)cc4)o3)cc2)C1,,,,"MolVec 0.9.8 (git b412dd0, Maven Central)",0.2519341893494129
uspto,US07319108-20080115-C00076,CN(C)C1CCN(c2ccc(-c3nnc([C@H]4CC[C@@H](C(=O)c5ccc(F)cc5)CC4)o3)cc2)C1,,,,"MolVec 0.9.8 (git b412dd0, Maven Central)",0.23045696504414082
uspto,US07319108-20080115-C00077,CN(C)C1CCN(c2ccc(-c3nnc(-c4ccc(COc5ccccc5Cl)o4)o3)cc2)C1,,,,"MolVec 0.9.8 (git b412dd0, Maven Central)",0.22525920905172825
uspto,US07319108-20080115-C00079,CN(C)C1CCN(c2ccc(-c3nnc(/C=C/c4cccc(OC(F)(F)F)c4)o3)cc2)C1,,,,"MolVec 0.9.8 (git b412dd0, Maven Central)",0.20392130874097347
uspto,US07319108-20080115-C00080,CN(C)C1CCN(c2ccc(-c3nnc(/C=C/c4ccc(C#N)cc4)o3)cc2)C1,,,,"MolVec 0.9.8 (git b412dd0, Maven Central)",0.20243674144148827
uspto,US07319108-20080115-C00081,C[C@@H](c1ccc(-c2ccccc2)c(F)c1)c1nnc(-c2ccc(N3CCC(N(C)C)C3)cc2)o1,,,,"MolVec 0.9.8 (git b412dd0, Maven Central)",0.2973204869776964
uspto,US07319108-20080115-C00082,CN(C)C1CCN(c2ccc(-c3nnc([C@@H]4CC[C@H](C(=O)c5ccc(F)cc5)C4)o3)cc2)C1,,,,"MolVec 0.9.8 (git b412dd0, Maven Central)",0.2508892435580492
uspto,US07319108-20080115-C00083,CN(C)C1CCN(c2ccc(-c3nnc(CSc4ccc(C(F)(F)F)cc4)o3)cc2)C1,,,,"MolVec 0.9.8 (git b412dd0, Maven Central)",0.19094341807067394
uspto,US07319108-20080115-C00084,CN(C)C1CCN(c2ccc(-c3nnc(Cc4csc(-c5ccc(Cl)cc5)n4)o3)cc2)C1,,,,"MolVec 0.9.8 (git b412dd0, Maven Central)",0.24505398608744144
uspto,US07319108-20080115-C00085,CN(C)C1CCN(c2ccc(-c3nnc(-c4ccc(Cc5ccc(Cl)cc5)o4)o3)cc2)C1,,,,"MolVec 0.9.8 (git b412dd0, Maven Central)",0.21537801064550877
uspto,US07319108-20080115-C00086,CN(C)C1CCN(c2ccc(-c3nnc(CCCCC4CCCCC4)o3)cc2)C1,,,,"MolVec 0.9.8 (git b412dd0, Maven Central)",0.19833091087639332
uspto,US07319108-20080115-C00087,CN(C)C1CCN(c2ccc(-c3nnc(/C=C/c4ccc(OCc5ccccc5)cc4)o3)cc2)C1,,,,"MolVec 0.9.8 (git b412dd0, Maven Central)",0.22622685693204403
uspto,US07319108-20080115-C00088,CCCCOc1ccc(OCc2nnc(-c3ccc(N4CCC(N(C)C)C4)cc3)o2)cc1,,,,"MolVec 0.9.8 (git b412dd0, Maven Central)",0.23749278113245964
uspto,US07319108-20080115-C00089,CN(C)C1CCN(c2ccc(-c3nnc(Cn4ccc(-c5ccc(Cl)cc5)n4)o3)cc2)C1,,,,"MolVec 0.9.8 (git b412dd0, Maven Central)",0.30928589403629303
uspto,US07319108-20080115-C00090,CN(C)C1CCN(c2ccc(-c3nnc(-c4ccc(Oc5ccccc5)c(C(F)(F)F)c4)o3)cc2)C1,,,,"MolVec 0.9.8 (git b412dd0, Maven Central)",0.2166497055441141
uspto,US07319108-20080115-C00091,CN(C)C1CCN(c2ccc(-c3nnc(-c4ccc(-c5ccc(F)cc5)cc4)o3)cc2)C1,,,,"MolVec 0.9.8 (git b412dd0, Maven Central)",0.19354464299976826
uspto,US07319108-20080115-C00092,CN(C)C1CCN(c2ccc(-c3nnc(CCc4ccc(C(F)(F)F)cc4)o3)cc2)C1,,,,"MolVec 0.9.8 (git b412dd0, Maven Central)",0.183513306081295
uspto,US07319108-20080115-C00093,CN(C)C1CCN(c2ccc(-c3nnc(-c4ccc(CSc5ccc(Cl)cc5)o4)o3)cc2)C1,,,,"MolVec 0.9.8 (git b412dd0, Maven Central)",0.2559046112000942
uspto,US07319108-20080115-C00094,CN(C)C1CCN(c2ccc(-c3nnc(-c4cc(-c5ccc(Br)cc5)oc4C(F)(F)F)o3)cc2)C1,,,,"MolVec 0.9.8 (git b412dd0, Maven Central)",0.2990648187696934
uspto,US07319108-20080115-C00095,CN(C)C1CCN(c2ccc(-c3nnc(-c4ccc(-c5ccc(Cl)cc5[N+](=O)[O-])o4)o3)cc2)C1,,,,"MolVec 0.9.8 (git b412dd0, Maven Central)",0.22124097868800163
uspto,US07319108-20080115-C00096,Cc1ccc(-c2ccc(-c3nnc(-c4ccc(N5CCC(N(C)C)C5)cc4)o3)cc2)cc1,,,,"MolVec 0.9.8 (git b412dd0, Maven Central)",0.19212418794631958
uspto,US07319108-20080115-C00097,CC(C)CCOc1ccc(-c2nnc(-c3ccc(N4CCC(N(C)C)C4)cc3)o2)cc1,,,,"MolVec 0.9.8 (git b412dd0, Maven Central)",0.21542566269636154
uspto,US07319108-20080115-C00098,CN(C)C1CCN(c2ccc(-c3nnc(Cc4ccc(-c5ccccc5)cc4)o3)cc2)C1,,,,"MolVec 0.9.8 (git b412dd0, Maven Central)",0.23719187453389168
uspto,US07319108-20080115-C00099,CN(C)C1CCN(c2ccc(-c3nnc(CCc4cccc(OC(F)(F)F)c4)o3)cc2)C1,,,,"MolVec 0.9.8 (git b412dd0, Maven Central)",0.21618572063744068
uspto,US07319108-20080115-C00100,CN(C)C1CCN(c2ccc(-c3nnc(CCc4nc5ccccc5s4)o3)cc2)C1,,,,"MolVec 0.9.8 (git b412dd0, Maven Central)",0.25254547223448753
uspto,US07319108-20080115-C00101,CN(C)C1CCN(c2ccc(-c3nnc(CCc4ccc(-c5ccccc5)o4)o3)cc2)C1,,,,"MolVec 0.9.8 (git b412dd0, Maven Central)",0.27043403685092926
uspto,US07319108-20080115-C00102,CN(C)C1CCN(c2ccc(-c3nnc(CCCCOc4ccccc4)o3)cc2)C1,,,,"MolVec 0.9.8 (git b412dd0, Maven Central)",0.18102157674729824
uspto,US07319108-20080115-C00103,CCCCOc1ccc(-c2nnc(-c3ccc(N4CCC(N(C)C)C4)cc3)s2)cc1,,,,"MolVec 0.9.8 (git b412dd0, Maven Central)",0.19105263240635395
uspto,US07319108-20080115-C00104,CN[C@@H]1CCN(c2ccc(-c3noc(COc4ccc(Cl)cc4)n3)cc2)C1,,,,"MolVec 0.9.8 (git b412dd0, Maven Central)",0.16856591030955315
uspto,US07319108-20080115-C00105,CN[C@@H]1CCC(c2ccc(-c3noc(COCc4ccc(Cl)cc4)n3)cc2)C1,,,,"MolVec 0.9.8 (git b412dd0, Maven Central)",0.1636007260531187
uspto,US07319108-20080115-C00106,CN(C)C1CCN(c2ccc(-c3noc(CNC(=O)c4ccc(Cl)cc4)n3)cc2)C1,,,,"MolVec 0.9.8 (git b412dd0, Maven Central)",0.1770948600023985
uspto,US07319108-20080115-C00107,CN(C)C1CCN(c2ccc(-c3noc(CNC(=O)Cc4ccc(Cl)cc4)n3)cc2)C1,,,,"MolVec 0.9.8 (git b412dd0, Maven Central)",0.21803373657166958
uspto,US07319108-20080115-C00108,CN(C)C1CCN(c2ccc(-c3noc(CNC(=O)COc4ccc(Cl)cc4)n3)cc2)C1,,,,"MolVec 0.9.8 (git b412dd0, Maven Central)",0.2408902682363987
uspto,US07319108-20080115-C00109,CN(C)C1CCN(c2ccc(-c3noc(CNC(=O)c4ccc(Cl)c(F)c4)n3)cc2)C1,,,,"MolVec 0.9.8 (git b412dd0, Maven Central)",0.2674829624593258
uspto,US07319108-20080115-C00110,CN(C)C1CCN(c2ccc(-c3noc(CNC(=O)c4ccccc4)n3)cc2)C1,,,,"MolVec 0.9.8 (git b412dd0, Maven Central)",0.1896839253604412
uspto,US07319108-20080115-C00111,CN(C)C1CCN(c2ccc(-c3noc(CNC(=O)c4ccc(F)cc4Cl)n3)cc2)C1,,,,"MolVec 0.9.8 (git b412dd0, Maven Central)",0.22135667316615582
uspto,US07319108-20080115-C00112,CN(C)C1CCN(c2ccc(-c3noc(CNC(=O)c4ccc(F)cc4)n3)cc2)C1,,,,"MolVec 0.9.8 (git b412dd0, Maven Central)",0.19840616919100285
uspto,US07319108-20080115-C00113,CN(C)C1CCN(c2ccc(-c3noc(CNC(=O)c4ccccn4)n3)cc2)C1,,,,"MolVec 0.9.8 (git b412dd0, Maven Central)",0.18898503109812737
uspto,US07319108-20080115-C00114,CN(C)C1CCN(c2ccc(-c3noc(CNC(=O)c4ccc(Cl)cn4)n3)cc2)C1,,,,"MolVec 0.9.8 (git b412dd0, Maven Central)",0.22614767588675022
uspto,US07319108-20080115-C00115,CN(C)C1CCN(c2ccc(-c3noc(CNC(=O)c4cccnc4)n3)cc2)C1,,,,"MolVec 0.9.8 (git b412dd0, Maven Central)",0.21863017603754997
uspto,US07319108-20080115-C00116,CN(C)C1CCN(c2ccc(-c3noc(CNC(=O)c4ccc(Cl)nc4)n3)cc2)C1,,,,"MolVec 0.9.8 (git b412dd0, Maven Central)",0.25229757092893124
uspto,US07319108-20080115-C00117,CN(C)C1CCN(c2ccc(-c3noc(CNC(=O)c4ccncc4)n3)cc2)C1,,,,"MolVec 0.9.8 (git b412dd0, Maven Central)",0.20400109328329563
uspto,US07319108-20080115-C00118,CC(C)CCC(=O)NCc1nc(-c2ccc(N3CCC(N(C)C)C3)cc2)no1,,,,"MolVec 0.9.8 (git b412dd0, Maven Central)",0.17144682072103024
uspto,US07319108-20080115-C00119,CN(C)C1CCN(c2ccc(-c3noc(CNC(=O)CC4CCCCC4)n3)cc2)C1,,,,"MolVec 0.9.8 (git b412dd0, Maven Central)",0.21160567738115788
uspto,US07319108-20080115-C00120,CN(C)C1CCN(c2ccc(-c3noc(CNCc4ccc(Cl)cc4)n3)cc2)C1,,,,"MolVec 0.9.8 (git b412dd0, Maven Central)",0.1967944446951151
uspto,US07319108-20080115-C00121,COc1ccc(CNCc2nc(-c3ccc(N4CCC(N(C)C)C4)cc3)no2)cc1,,,,"MolVec 0.9.8 (git b412dd0, Maven Central)",0.21303816884756088
uspto,US07319108-20080115-C00122,CN(C)C1CCN(c2ccc(-c3noc(COCc4ccc(F)cc4)n3)cc2)C1,,,,"MolVec 0.9.8 (git b412dd0, Maven Central)",0.1704728677868843
uspto,US07319108-20080115-C00123,COCC1CCCN1C1CCN(c2ccc(-c3nnc(CSCCOc4ccccc4)o3)cc2)C1,,,,"MolVec 0.9.8 (git b412dd0, Maven Central)",0.18642518110573292
uspto,US07319108-20080115-C00124,c1ccc(OCCSCc2nnc(-c3ccc(N4CCC(N5CCOCC5)C4)cc3)o2)cc1,,,,"MolVec 0.9.8 (git b412dd0, Maven Central)",0.18160353414714336
uspto,US07319108-20080115-C00125,CC1CCCN1C1CCN(c2ccc(-c3nnc(CSCCOc4ccccc4)o3)cc2)C1,,,,"MolVec 0.9.8 (git b412dd0, Maven Central)",0.18239524401724339
uspto,US07319108-20080115-C00126,c1ccc(OCCSCc2nnc(-c3ccc(N4CCC(N5CCCCC5)C4)cc3)o2)cc1,,,,"MolVec 0.9.8 (git b412dd0, Maven Central)",0.18739420548081398
uspto,US07319108-20080115-C00127,COC1CCN(C2CCN(c3ccc(-c4nnc(CSCCOc5ccccc5)o4)cc3)C2)CC1,,,,"MolVec 0.9.8 (git b412dd0, Maven Central)",0.18659723363816738
uspto,US07319108-20080115-C00128,CN1CCN(C2CCN(c3ccc(-c4nnc(CSCCOc5ccccc5)o4)cc3)C2)CC1,,,,"MolVec 0.9.8 (git b412dd0, Maven Central)",0.18003632128238678
uspto,US07319108-20080115-C00129,CC(=O)N1CCN(C2CCN(c3ccc(-c4nnc(CSCCOc5ccccc5)o4)cc3)C2)CC1,,,,"MolVec 0.9.8 (git b412dd0, Maven Central)",0.20525969751179218
uspto,US07319108-20080115-C00130,O=C1CCCN1CCCNC1CCN(c2ccc(-c3nnc(CSCCOc4ccccc4)o3)cc2)C1,,,,"MolVec 0.9.8 (git b412dd0, Maven Central)",0.21363084763288498
uspto,US07319108-20080115-C00131,O=C1NN=CC1CCCNC1CCN(c2ccc(-c3nnc(CSCCOc4ccccc4)o3)cc2)C1,,,,"MolVec 0.9.8 (git b412dd0, Maven Central)",0.2173092607408762
uspto,US07319108-20080115-C00132,CC(C)(CO)CNC1CCN(c2ccc(-c3nnc(CSCCOc4ccccc4)o3)cc2)C1,,,,"MolVec 0.9.8 (git b412dd0, Maven Central)",0.19355801679193974
uspto,US07319108-20080115-C00133,c1ccc(OCCSCc2nnc(-c3ccc(N4CCC(NCCCn5ccnc5)C4)cc3)o2)cc1,,,,"MolVec 0.9.8 (git b412dd0, Maven Central)",0.21322210505604744
uspto,US07319108-20080115-C00134,CN(CCO)C1CCN(c2ccc(-c3nnc(CSCCOc4ccccc4)o3)cc2)C1,,,,"MolVec 0.9.8 (git b412dd0, Maven Central)",0.19384681805968285
uspto,US07319108-20080115-C00135,CN(CCC(C)(C)O)C1CCN(c2ccc(-c3nnc(CSCCOc4ccccc4)o3)cc2)C1,,,,"MolVec 0.9.8 (git b412dd0, Maven Central)",0.19997773319482803
uspto,US07319108-20080115-C00136,c1ccc(OCCSCc2nnc(-c3ccc(N4CCC(N5CCC6(CC5)OCCO6)C4)cc3)o2)cc1,,,,"MolVec 0.9.8 (git b412dd0, Maven Central)",0.1998953688889742
uspto,US07319108-20080115-C00137,c1ccc(OCCSCc2nnc(-c3ccc(N4CCC(NC5CCOCC5)C4)cc3)o2)cc1,,,,"MolVec 0.9.8 (git b412dd0, Maven Central)",0.19495394825935364
uspto,US07319108-20080115-C00138,CC(=O)N1CCC(N(C)C2CCN(c3ccc(-c4nnc(CSCCOc5ccccc5)o4)cc3)C2)CC1,,,,"MolVec 0.9.8 (git b412dd0, Maven Central)",0.24160795845091343
uspto,US07319108-20080115-C00139,CC(=O)N(C1CCN(c2ccc(-c3nnc(CSCCOc4ccccc4)o3)cc2)C1)C1CC(F)(F)C1,,,,"MolVec 0.9.8 (git b412dd0, Maven Central)",0.2095318529754877
uspto,US07319108-20080115-C00140,CC(O)CNC1CCN(c2ccc(-c3nnc(CSCCOc4ccccc4)o3)cc2)C1,,,,"MolVec 0.9.8 (git b412dd0, Maven Central)",0.2014671117067337
uspto,US07319108-20080115-C00141,OC1CCC(NC2CCN(c3ccc(-c4nnc(CSCCOc5ccccc5)o4)cc3)C2)CC1,,,,"MolVec 0.9.8 (git b412dd0, Maven Central)",0.2223053239285946
uspto,US07319108-20080115-C00142,c1ccc(OCCSCc2nnc(-c3ccc(N4CCC(N5CCCOCC5)C4)cc3)o2)cc1,,,,"MolVec 0.9.8 (git b412dd0, Maven Central)",0.18091084249317646
uspto,US07319108-20080115-C00143,NC(=O)C1CCN(C2CCN(c3ccc(-c4nnc(CSCCOc5ccccc5)o4)cc3)C2)CC1,,,,"MolVec 0.9.8 (git b412dd0, Maven Central)",0.18752409145236015
uspto,US07319108-20080115-C00144,CC(=O)NC1CCN(C2CCN(c3ccc(-c4nnc(CSCCOc5ccccc5)o4)cc3)C2)C1,,,,"MolVec 0.9.8 (git b412dd0, Maven Central)",0.19614418409764767
uspto,US07319108-20080115-C00145,CN1CCCC(C(=O)N(C)C2CCN(c3ccc(-c4nnc(CSCCOc5ccccc5)o4)cc3)C2)C1,,,,"MolVec 0.9.8 (git b412dd0, Maven Central)",0.21168163791298866
uspto,US07319108-20080115-C00146,CN(C)CC(=O)N(C)C1CCN(c2ccc(-c3nnc(CSCCOc4ccccc4)o3)cc2)C1,,,,"MolVec 0.9.8 (git b412dd0, Maven Central)",0.21063741110265255
uspto,US07319108-20080115-C00147,OCC(O)CNC1CCN(c2ccc(-c3nnc(CSCCOc4ccccc4)o3)cc2)C1,,,,"MolVec 0.9.8 (git b412dd0, Maven Central)",0.20151409693062305
uspto,US07319108-20080115-C00148,c1ccc(OCCSCc2nnc(-c3ccc(N4CCC(NCC5CC5)C4)cc3)o2)cc1,,,,"MolVec 0.9.8 (git b412dd0, Maven Central)",0.17936116643249989
uspto,US07319108-20080115-C00149,COC(=O)C1(CCN(C)C2CCN(c3ccc(-c4nnc(CSCCOc5ccccc5)o4)cc3)C2)CCOCC1,,,,"MolVec 0.9.8 (git b412dd0, Maven Central)",0.23248274624347687
uspto,US07319108-20080115-C00150,c1ccc(OCCSCc2nnc(-c3ccc(N4CCC(NCCCn5cnnc5)C4)cc3)o2)cc1,,,,"MolVec 0.9.8 (git b412dd0, Maven Central)",0.2452816441655159
uspto,US07319108-20080115-C00151,COCCNC1CCN(c2ccc(-c3nnc(CSCCOc4ccccc4)o3)cc2)C1,,,,"MolVec 0.9.8 (git b412dd0, Maven Central)",0.19188580103218555
uspto,US07319108-20080115-C00152,COCCN(C)C1CCN(c2ccc(-c3nnc(CSCCOc4ccccc4)o3)cc2)C1,,,,"MolVec 0.9.8 (git b412dd0, Maven Central)",0.19079267978668213
uspto,US07319108-20080115-C00153,c1ccc(OCCSCc2nnc(-c3ccc(N4CCC(NCC5CCCO5)C4)cc3)o2)cc1,,,,"MolVec 0.9.8 (git b412dd0, Maven Central)",0.19661412201821804
uspto,US07319108-20080115-C00154,OC1CCN(C2CCN(c3ccc(-c4nnc(CSCCOc5ccccc5)o4)cc3)C2)CC1,,,,"MolVec 0.9.8 (git b412dd0, Maven Central)",0.19041644781827927
uspto,US07319108-20080115-C00155,CN(C1CCN(c2ccc(-c3nnc(CSCCOc4ccccc4)o3)cc2)C1)C1CCS(=O)(=O)C1,,,,"MolVec 0.9.8 (git b412dd0, Maven Central)",0.248707614839077
uspto,US07319108-20080115-C00156,CC(C)C(CO)NC1CCN(c2ccc(-c3nnc(CSCCOc4ccccc4)o3)cc2)C1,,,,"MolVec 0.9.8 (git b412dd0, Maven Central)",0.19270486943423748
uspto,US07319109-20080115-C00027,Cc1cc(OCc2c(-c3c(Cl)cccc3Cl)noc2C(C)C)ccc1N(C)Cc1cccc(C(=O)O)c1,,,,"MolVec 0.9.8 (git b412dd0, Maven Central)",0.1800186187028885
uspto,US07319109-20080115-C00028,COC(=O)c1ccc(CN(C)c2ccc(OCc3c(-c4c(Cl)cccc4Cl)noc3C(C)C)cc2C)cc1,,,,"MolVec 0.9.8 (git b412dd0, Maven Central)",0.21630552783608437
uspto,US07319109-20080115-C00029,CC(C)c1onc(-c2c(Cl)cccc2Cl)c1COc1ccc(NCc2cccc(C(=O)O)c2)c(Cl)c1,,,,"MolVec 0.9.8 (git b412dd0, Maven Central)",0.18762937374413013
uspto,US07319109-20080115-C00030,Cc1cc(OCc2c(-c3c(Cl)cccc3Cl)noc2C(C)C)ccc1N(C)Cc1ccc(C(=O)O)o1,,,,"MolVec 0.9.8 (git b412dd0, Maven Central)",0.19277175143361092
uspto,US07319109-20080115-C00031,Cc1cc(OCc2c(-c3c(Cl)cccc3Cl)noc2C(C)C)ccc1N(C)Cc1ccc(C(=O)O)cc1,,,,"MolVec 0.9.8 (git b412dd0, Maven Central)",0.19692543521523476
uspto,US07319109-20080115-C00032,COC(=O)c1ccoc1CN(C)c1ccc(OCc2c(-c3c(Cl)cccc3Cl)noc2C(C)C)cc1C,,,,"MolVec 0.9.8 (git b412dd0, Maven Central)",0.20167296566069126
uspto,US07319109-20080115-C00033,Cc1cc(OCc2c(-c3c(Cl)cccc3Cl)noc2C(C)C)ccc1N(C)Cc1ccc2nonc2c1,,,,"MolVec 0.9.8 (git b412dd0, Maven Central)",0.26143687777221203
uspto,US07319109-20080115-C00034,Cc1cc(OCc2c(-c3c(Cl)cccc3Cl)noc2C(C)C)ccc1N(C)Cc1ccc(-c2csnn2)cc1,,,,"MolVec 0.9.8 (git b412dd0, Maven Central)",0.20087837986648083
uspto,US07319109-20080115-C00035,Cc1cc(OCc2c(-c3c(Cl)cccc3Cl)noc2C(C)C)ccc1N(C)Cc1ccc(C#N)cc1,,,,"MolVec 0.9.8 (git b412dd0, Maven Central)",0.18168611265718937
uspto,US07319109-20080115-C00036,Cc1cc(OCc2c(-c3c(Cl)cccc3Cl)noc2C(C)C)ccc1N(C)Cc1occc1C(=O)O,,,,"MolVec 0.9.8 (git b412dd0, Maven Central)",0.19848018512129784
uspto,US07319109-20080115-C00037,Cc1cc(OCc2c(-c3c(Cl)cccc3Cl)noc2C(C)C)ccc1N(C)Cc1cccc(CO)c1,,,,"MolVec 0.9.8 (git b412dd0, Maven Central)",0.1964383963495493
uspto,US07319109-20080115-C00038,Cc1cc(OCc2c(-c3c(Cl)cccc3Cl)noc2C(C)C)ccc1N(C)Cc1ccc(CO)cc1,,,,"MolVec 0.9.8 (git b412dd0, Maven Central)",0.17576256021857262
uspto,US07319109-20080115-C00039,CCc1onc(Cc2c(Cl)cccc2Cl)c1COc1ccc(N(C)Cc2cccc(C(=O)O)c2)c(C)c1,,,,"MolVec 0.9.8 (git b412dd0, Maven Central)",0.16785870678722858
uspto,US07319109-20080115-C00040,Cc1cc(OCc2c(-c3c(Cl)cc(Cl)cc3Cl)noc2C(C)C)ccc1N(C)Cc1cccc(C(=O)O)c1,,,,"MolVec 0.9.8 (git b412dd0, Maven Central)",0.1893271505832672
uspto,US07319109-20080115-C00041,Cc1cc(OCc2c(Cc3c(Cl)cccc3Cl)noc2C(C)C)ccc1N(C)Cc1cccc(C(=O)O)c1,,,,"MolVec 0.9.8 (git b412dd0, Maven Central)",0.20899739488959312
uspto,US07319109-20080115-C00042,Cc1cc(OCc2c(Cc3ccccc3Cl)noc2C(C)C)ccc1N(C)Cc1cccc(C(=O)O)c1,,,,"MolVec 0.9.8 (git b412dd0, Maven Central)",0.17342253029346466
uspto,US07319109-20080115-C00043,Cc1cc(OCc2c(Cc3c(Cl)cccc3Cl)noc2C2CC2)ccc1N(C)Cc1cccc(C(=O)O)c1,,,,"MolVec 0.9.8 (git b412dd0, Maven Central)",0.20195005647838116
uspto,US07319109-20080115-C00044,Cc1cc(OCc2c(-c3ccccc3OC(F)(F)F)noc2C(C)C)ccc1N(C)Cc1ccc(C(=O)O)o1,,,,"MolVec 0.9.8 (git b412dd0, Maven Central)",0.19752410799264908
uspto,US07319109-20080115-C00045,Cc1cc(OCc2c(-c3ccccc3OC(F)(F)F)noc2C(C)C)ccc1N(C)Cc1ccc(C(=O)O)cc1,,,,"MolVec 0.9.8 (git b412dd0, Maven Central)",0.20999003760516644
uspto,US07319109-20080115-C00046,Cc1cc(OCc2c(-c3ccccc3OC(F)(F)F)noc2C(C)C)ccc1N(C)Cc1cccc(C(=O)O)c1,,,,"MolVec 0.9.8 (git b412dd0, Maven Central)",0.17400184832513332
uspto,US07319109-20080115-C00047,COC(=O)c1ccc(CN(C)c2ccc(OCc3c(-c4ccccc4OC(F)(F)F)noc3C(C)C)cc2C)o1,,,,"MolVec 0.9.8 (git b412dd0, Maven Central)",0.17108850181102753
uspto,US07319109-20080115-C00048,COC(=O)c1ccc(CN(C)c2ccc(OCc3c(-c4ccccc4OC(F)(F)F)noc3C(C)C)cc2C)cc1,,,,"MolVec 0.9.8 (git b412dd0, Maven Central)",0.1946467775851488
uspto,US07319109-20080115-C00049,CC(C)c1onc(-c2c(Cl)cccc2Cl)c1COc1ccc(NC(=O)c2ccc(C(=O)O)cc2)c(Cl)c1,,,,"MolVec 0.9.8 (git b412dd0, Maven Central)",0.22083166986703873
uspto,US07319109-20080115-C00050,COC(=O)c1cccc(C(=O)Nc2ccc(OCc3c(-c4c(Cl)cccc4Cl)noc3C(C)C)cc2Cl)c1,,,,"MolVec 0.9.8 (git b412dd0, Maven Central)",0.19499055109918118
uspto,US07319109-20080115-C00051,COC(=O)c1ccc(C(=O)Nc2ccc(OCc3c(-c4c(Cl)cccc4Cl)noc3C(C)C)cc2Cl)cc1,,,,"MolVec 0.9.8 (git b412dd0, Maven Central)",0.20350450836122036
uspto,US07319109-20080115-C00052,Cc1cc(OCc2c(-c3c(Cl)cccc3Cl)noc2C(C)C)ccc1NC(=O)c1cccc(C(=O)O)c1,,,,"MolVec 0.9.8 (git b412dd0, Maven Central)",0.1881438847631216
uspto,US07319109-20080115-C00053,Cc1cc(OCc2c(-c3c(Cl)cccc3Cl)noc2C(C)C)ccc1NC(=O)c1ccc(C(=O)O)cc1,,,,"MolVec 0.9.8 (git b412dd0, Maven Central)",0.2184026762843132
uspto,US07319109-20080115-C00054,CC(C)c1onc(-c2c(Cl)cccc2Cl)c1COc1ccc(NC(=O)c2cccc(C(=O)O)c2)c(Cl)c1,,,,"MolVec 0.9.8 (git b412dd0, Maven Central)",0.1900733131915331
uspto,US07319109-20080115-C00055,Cc1cc(OCc2c(-c3c(Cl)cccc3Cl)noc2C(C)C)ccc1N(C)C(=O)c1cccc(C(=O)O)c1,,,,"MolVec 0.9.8 (git b412dd0, Maven Central)",0.1862589791417122
uspto,US07319109-20080115-C00056,CC(C)c1onc(-c2c(Cl)cccc2Cl)c1COc1ccc(N(C)C(=O)c2cccc(C(=O)O)c2)c(Cl)c1,,,,"MolVec 0.9.8 (git b412dd0, Maven Central)",0.20163102634251118
uspto,US07319109-20080115-C00057,CC(C)c1onc(-c2c(Cl)cccc2Cl)c1COc1ccc(N(C)C(=O)c2ccc(C(=O)O)cc2)c(Cl)c1,,,,"MolVec 0.9.8 (git b412dd0, Maven Central)",0.20801202952861786
uspto,US07319109-20080115-C00058,Cc1cc(OCc2c(-c3ccccc3OC(F)(F)F)noc2C(C)C)ccc1N(C)C(=O)c1cccc(C(=O)O)c1,,,,"MolVec 0.9.8 (git b412dd0, Maven Central)",0.1737485397607088
uspto,US07319109-20080115-C00059,Cc1cc(OCc2c(-c3ccccc3OC(F)(F)F)noc2C(C)C)ccc1NC(=O)c1cccc(C(=O)O)c1,,,,"MolVec 0.9.8 (git b412dd0, Maven Central)",0.18877064622938633
uspto,US07319109-20080115-C00060,CC(C)c1onc(-c2ccccc2OC(F)(F)F)c1COc1ccc(N(C)C(=O)c2cccc(C(=O)O)c2)c(Cl)c1,,,,"MolVec 0.9.8 (git b412dd0, Maven Central)",0.17867502383887768
uspto,US07319109-20080115-C00061,COC(=O)c1cccc(S(=O)(=O)N(C)c2ccc(OCc3c(-c4c(Cl)cccc4Cl)noc3C(C)C)cc2C)c1,,,,"MolVec 0.9.8 (git b412dd0, Maven Central)",0.18248173967003822
uspto,US07319109-20080115-C00062,COC(=O)c1cccc(S(=O)(=O)Nc2ccc(OCc3c(-c4c(Cl)cccc4Cl)noc3C(C)C)cc2Cl)c1,,,,"MolVec 0.9.8 (git b412dd0, Maven Central)",0.18119869194924831
uspto,US07319109-20080115-C00063,COC(=O)c1cccc(S(=O)(=O)Nc2ccc(OCc3c(-c4c(Cl)cccc4Cl)noc3C(C)C)cc2C)c1,,,,"MolVec 0.9.8 (git b412dd0, Maven Central)",0.2001795582473278
uspto,US07319109-20080115-C00064,COC(=O)c1cccc(S(=O)(=O)Nc2ccc(OCc3c(-c4c(Cl)cccc4Cl)noc3C(C)C)cc2)c1,,,,"MolVec 0.9.8 (git b412dd0, Maven Central)",0.17696436494588852
uspto,US07319109-20080115-C00065,Cc1cc(OCc2c(-c3c(Cl)cccc3Cl)noc2C(C)C)ccc1NS(=O)(=O)c1cccc(C(=O)O)c1,,,,"MolVec 0.9.8 (git b412dd0, Maven Central)",0.186362249776721
uspto,US07319109-20080115-C00066,CC(C)c1onc(-c2c(Cl)cccc2Cl)c1COc1ccc(NS(=O)(=O)c2cccc(C(=O)O)c2)cc1,,,,"MolVec 0.9.8 (git b412dd0, Maven Central)",0.1955144051462412
uspto,US07319109-20080115-C00067,COC(=O)c1cccc(S(=O)(=O)N(C)c2ccc(OCc3c(-c4c(Cl)cccc4Cl)noc3C(C)C)cc2Cl)c1,,,,"MolVec 0.9.8 (git b412dd0, Maven Central)",0.18193940818309784
uspto,US07319109-20080115-C00068,COC(=O)c1cccc(S(=O)(=O)N(C)c2ccc(OCc3c(-c4c(Cl)cccc4Cl)noc3C(C)C)cc2)c1,,,,"MolVec 0.9.8 (git b412dd0, Maven Central)",0.18319891206920147
uspto,US07319109-20080115-C00069,CCN(c1ccc(OCc2c(-c3c(Cl)cccc3Cl)noc2C(C)C)cc1Cl)S(=O)(=O)c1cccc(C(=O)OC)c1,,,,"MolVec 0.9.8 (git b412dd0, Maven Central)",0.1889976542443037
uspto,US07319109-20080115-C00070,CCN(c1ccc(OCc2c(-c3c(Cl)cccc3Cl)noc2C(C)C)cc1C)S(=O)(=O)c1cccc(C(=O)OC)c1,,,,"MolVec 0.9.8 (git b412dd0, Maven Central)",0.17795256525278091
uspto,US07319109-20080115-C00071,CCN(c1ccc(OCc2c(-c3c(Cl)cccc3Cl)noc2C(C)C)cc1)S(=O)(=O)c1cccc(C(=O)OC)c1,,,,"MolVec 0.9.8 (git b412dd0, Maven Central)",0.17794601060450077
uspto,US07319109-20080115-C00072,CC(C)c1onc(-c2c(Cl)cccc2Cl)c1COc1ccc(NS(=O)(=O)c2cccc(C(=O)O)c2)c(Cl)c1,,,,"MolVec 0.9.8 (git b412dd0, Maven Central)",0.19162248820066452
uspto,US07319109-20080115-C00073,CC(C)c1onc(-c2c(Cl)cccc2Cl)c1COc1ccc(N(C)S(=O)(=O)c2cccc(C(=O)O)c2)c(Cl)c1,,,,"MolVec 0.9.8 (git b412dd0, Maven Central)",0.1847213078290224
uspto,US07319109-20080115-C00074,Cc1cc(OCc2c(-c3c(Cl)cccc3Cl)noc2C(C)C)ccc1N(C)S(=O)(=O)c1cccc(C(=O)O)c1,,,,"MolVec 0.9.8 (git b412dd0, Maven Central)",0.18665309995412827
uspto,US07319109-20080115-C00075,CC(C)c1onc(-c2c(Cl)cccc2Cl)c1COc1ccc(N(C)S(=O)(=O)c2cccc(C(=O)O)c2)cc1,,,,"MolVec 0.9.8 (git b412dd0, Maven Central)",0.1742666643112898
uspto,US07319109-20080115-C00076,CCN(c1ccc(OCc2c(-c3c(Cl)cccc3Cl)noc2C(C)C)cc1Cl)S(=O)(=O)c1cccc(C(=O)O)c1,,,,"MolVec 0.9.8 (git b412dd0, Maven Central)",0.18552000261843204
uspto,US07319109-20080115-C00077,CCN(c1ccc(OCc2c(-c3c(Cl)cccc3Cl)noc2C(C)C)cc1C)S(=O)(=O)c1cccc(C(=O)O)c1,,,,"MolVec 0.9.8 (git b412dd0, Maven Central)",0.18485371582210064
uspto,US07319109-20080115-C00078,CCN(c1ccc(OCc2c(-c3c(Cl)cccc3Cl)noc2C(C)C)cc1)S(=O)(=O)c1cccc(C(=O)O)c1,,,,"MolVec 0.9.8 (git b412dd0, Maven Central)",0.1827355083078146
uspto,US07319109-20080115-C00079,COC(=O)c1ccc(S(=O)(=O)Nc2ccc(OCc3c(-c4c(Cl)cccc4Cl)noc3C(C)C)cc2Cl)cc1,,,,"MolVec 0.9.8 (git b412dd0, Maven Central)",0.20793897658586502
uspto,US07319109-20080115-C00080,COC(=O)c1ccc(S(=O)(=O)Nc2ccc(OCc3c(-c4c(Cl)cccc4Cl)noc3C(C)C)cc2C)cc1,,,,"MolVec 0.9.8 (git b412dd0, Maven Central)",0.1990981437265873
uspto,US07319109-20080115-C00081,COC(=O)c1ccc(S(=O)(=O)Nc2ccc(OCc3c(-c4c(Cl)cccc4Cl)noc3C(C)C)cc2)cc1,,,,"MolVec 0.9.8 (git b412dd0, Maven Central)",0.1943293809890747
uspto,US07319109-20080115-C00082,CC(C)c1onc(-c2c(Cl)cccc2Cl)c1COc1ccc(NS(=O)(=O)c2ccc(C(=O)O)cc2)c(Cl)c1,,,,"MolVec 0.9.8 (git b412dd0, Maven Central)",0.22233854234218597
uspto,US07319109-20080115-C00083,Cc1cc(OCc2c(-c3c(Cl)cccc3Cl)noc2C(C)C)ccc1NS(=O)(=O)c1ccc(C(=O)O)cc1,,,,"MolVec 0.9.8 (git b412dd0, Maven Central)",0.20995892025530338
uspto,US07319109-20080115-C00084,CC(C)c1onc(-c2c(Cl)cccc2Cl)c1COc1ccc(NS(=O)(=O)c2ccc(C(=O)O)cc2)cc1,,,,"MolVec 0.9.8 (git b412dd0, Maven Central)",0.209763765335083
uspto,US07319109-20080115-C00085,COC(=O)c1ccc(S(=O)(=O)N(C)c2ccc(OCc3c(-c4c(Cl)cccc4Cl)noc3C(C)C)cc2C)cc1,,,,"MolVec 0.9.8 (git b412dd0, Maven Central)",0.19830982014536858
uspto,US07319109-20080115-C00086,COC(=O)c1ccc(S(=O)(=O)N(C)c2ccc(OCc3c(-c4c(Cl)cccc4Cl)noc3C(C)C)cc2)cc1,,,,"MolVec 0.9.8 (git b412dd0, Maven Central)",0.2068021558225155
uspto,US07319109-20080115-C00087,CCN(c1ccc(OCc2c(-c3c(Cl)cccc3Cl)noc2C(C)C)cc1)S(=O)(=O)c1ccc(C(=O)OC)cc1,,,,"MolVec 0.9.8 (git b412dd0, Maven Central)",0.19836357235908508
uspto,US07319109-20080115-C00088,CC(C)c1onc(-c2c(Cl)cccc2Cl)c1COc1ccc(N(C)S(=O)(=O)c2ccc(C(=O)O)cc2)c(Cl)c1,,,,"MolVec 0.9.8 (git b412dd0, Maven Central)",0.20440112240612507
uspto,US07319109-20080115-C00089,Cc1cc(OCc2c(-c3c(Cl)cccc3Cl)noc2C(C)C)ccc1N(C)S(=O)(=O)c1ccc(C(=O)O)cc1,,,,"MolVec 0.9.8 (git b412dd0, Maven Central)",0.19577724859118462
uspto,US07319109-20080115-C00090,CC(C)c1onc(-c2c(Cl)cccc2Cl)c1COc1ccc(N(C)S(=O)(=O)c2ccc(C(=O)O)cc2)cc1,,,,"MolVec 0.9.8 (git b412dd0, Maven Central)",0.2011251039803028
uspto,US07319109-20080115-C00091,CCN(c1ccc(OCc2c(-c3c(Cl)cccc3Cl)noc2C(C)C)cc1Cl)S(=O)(=O)c1ccc(C(=O)O)cc1,,,,"MolVec 0.9.8 (git b412dd0, Maven Central)",0.20093980617821217
uspto,US07319109-20080115-C00092,CCN(c1ccc(OCc2c(-c3c(Cl)cccc3Cl)noc2C(C)C)cc1C)S(=O)(=O)c1ccc(C(=O)O)cc1,,,,"MolVec 0.9.8 (git b412dd0, Maven Central)",0.19598261825740337
uspto,US07319109-20080115-C00093,CCN(c1ccc(OCc2c(-c3c(Cl)cccc3Cl)noc2C(C)C)cc1)S(=O)(=O)c1ccc(C(=O)O)cc1,,,,"MolVec 0.9.8 (git b412dd0, Maven Central)",0.21296590194106102
uspto,US07319109-20080115-C00094,CC(C)c1onc(-c2ccccc2OC(F)(F)F)c1COc1ccc(NS(=O)(=O)c2cccc(C(=O)O)c2)c(Cl)c1,,,,"MolVec 0.9.8 (git b412dd0, Maven Central)",0.18904174864292145
uspto,US07319109-20080115-C00095,Cc1cc(OCc2c(-c3ccccc3OC(F)(F)F)noc2C(C)C)ccc1NS(=O)(=O)c1cccc(C(=O)O)c1,,,,"MolVec 0.9.8 (git b412dd0, Maven Central)",0.1791658066213131
uspto,US07319109-20080115-C00096,COC(=O)c1cccc(S(=O)(=O)N(C)c2ccc(OCc3c(-c4ccccc4OC(F)(F)F)noc3C(C)C)cc2Cl)c1,,,,"MolVec 0.9.8 (git b412dd0, Maven Central)",0.18033253587782383
uspto,US07319109-20080115-C00097,COC(=O)c1cccc(S(=O)(=O)N(C)c2ccc(OCc3c(-c4ccccc4OC(F)(F)F)noc3C(C)C)cc2C)c1,,,,"MolVec 0.9.8 (git b412dd0, Maven Central)",0.16376331262290478
uspto,US07319109-20080115-C00099,Cc1cc(OCc2c(-c3ccccc3OC(F)(F)F)noc2C(C)C)ccc1N(C)S(=O)(=O)c1cccc(C(=O)O)c1,,,,"MolVec 0.9.8 (git b412dd0, Maven Central)",0.17386852763593197
uspto,US07319109-20080115-C00100,CCc1onc(Cc2c(Cl)cccc2Cl)c1COc1ccc(N(C)S(=O)(=O)c2cccc(C(=O)O)c2)c(C)c1,,,,"MolVec 0.9.8 (git b412dd0, Maven Central)",0.1932958196848631
uspto,US07319109-20080115-C00101,COC(=O)c1ccc(OCc2ccc(OCc3c(-c4c(Cl)cccc4Cl)noc3C(C)C)cc2Cl)cc1,,,,"MolVec 0.9.8 (git b412dd0, Maven Central)",0.18649841658771038
uspto,US07319109-20080115-C00102,COC(=O)c1cccc(OCc2ccc(OCc3c(-c4c(Cl)cccc4Cl)noc3C(C)C)cc2Cl)c1,,,,"MolVec 0.9.8 (git b412dd0, Maven Central)",0.17880968749523163
uspto,US07319109-20080115-C00103,CC(C)c1onc(-c2c(Cl)cccc2Cl)c1COc1ccc(COc2cccc(C(=O)O)c2)c(Cl)c1,,,,"MolVec 0.9.8 (git b412dd0, Maven Central)",0.17002825066447258
uspto,US07319109-20080115-C00104,CC(C)c1onc(-c2c(Cl)cccc2Cl)c1COc1ccc(CSc2cccc(C(=O)O)c2)c(Cl)c1,,,,"MolVec 0.9.8 (git b412dd0, Maven Central)",0.18694276548922062
uspto,US07319109-20080115-C00105,Cc1cc(OCc2c(-c3c(Cl)cccc3Cl)noc2C(C)C)ccc1COc1cccc(C(=O)O)c1,,,,"MolVec 0.9.8 (git b412dd0, Maven Central)",0.18463061936199665
uspto,US07319109-20080115-C00106,Cc1cc(OCc2c(-c3c(Cl)cccc3Cl)noc2C(C)C)ccc1CSc1cccc(C(=O)O)c1,,,,"MolVec 0.9.8 (git b412dd0, Maven Central)",0.17517100647091866
uspto,US07319109-20080115-C00107,CC(C)c1onc(-c2c(Cl)cccc2Cl)c1COc1ccc(COc2ccc(C(=O)O)cc2)c(Cl)c1,,,,"MolVec 0.9.8 (git b412dd0, Maven Central)",0.19327348843216896
uspto,US07319109-20080115-C00108,CC(C)c1onc(-c2c(Cl)cccc2Cl)c1COc1ccc(CSc2ccc(C(=O)O)cc2)c(Cl)c1,,,,"MolVec 0.9.8 (git b412dd0, Maven Central)",0.20652836188673973
uspto,US07319109-20080115-C00109,COC(=O)c1cccc(OCc2ccc(OCc3c(-c4ccccc4OC(F)(F)F)noc3C(C)C)cc2Cl)c1,,,,"MolVec 0.9.8 (git b412dd0, Maven Central)",0.15798500180244446
uspto,US07319109-20080115-C00110,COC(=O)c1cccc(OCc2ccc(OCc3c(-c4ccccc4OC(F)(F)F)noc3C(C)C)cc2C)c1,,,,"MolVec 0.9.8 (git b412dd0, Maven Central)",0.15390965342521667
uspto,US07319109-20080115-C00111,CC(C)c1onc(-c2ccccc2OC(F)(F)F)c1COc1ccc(COc2cccc(C(=O)O)c2)c(Cl)c1,,,,"MolVec 0.9.8 (git b412dd0, Maven Central)",0.17838292382657528
uspto,US07319109-20080115-C00112,Cc1cc(OCc2c(-c3ccccc3OC(F)(F)F)noc2C(C)C)ccc1COc1cccc(C(=O)O)c1,,,,"MolVec 0.9.8 (git b412dd0, Maven Central)",0.17926934361457825
uspto,US07319109-20080115-C00113,CCc1onc(Cc2c(Cl)cccc2Cl)c1COc1ccc(COc2cccc(C(=O)O)c2)c(Cl)c1,,,,"MolVec 0.9.8 (git b412dd0, Maven Central)",0.16836966387927532
uspto,US07319109-20080115-C00114,COC(=O)c1cccc(SCc2ccc(OCc3c(-c4ccccc4OC(F)(F)F)noc3C(C)C)cc2Cl)c1,,,,"MolVec 0.9.8 (git b412dd0, Maven Central)",0.17182966880500317
uspto,US07319109-20080115-C00115,COC(=O)c1cccc(SCc2ccc(OCc3c(-c4ccccc4OC(F)(F)F)noc3C(C)C)cc2C)c1,,,,"MolVec 0.9.8 (git b412dd0, Maven Central)",0.1576829720288515
uspto,US07319109-20080115-C00116,CC(C)c1onc(-c2ccccc2OC(F)(F)F)c1COc1ccc(CSc2cccc(C(=O)O)c2)c(Cl)c1,,,,"MolVec 0.9.8 (git b412dd0, Maven Central)",0.16634290106594563
uspto,US07319109-20080115-C00117,Cc1cc(OCc2c(-c3ccccc3OC(F)(F)F)noc2C(C)C)ccc1CSc1cccc(C(=O)O)c1,,,,"MolVec 0.9.8 (git b412dd0, Maven Central)",0.15941621363162994
uspto,US07319109-20080115-C00118,COC(=O)c1cccc(N(C)Cc2ccc(OCc3c(-c4c(Cl)cccc4Cl)noc3C(C)C)cc2Cl)c1,,,,"MolVec 0.9.8 (git b412dd0, Maven Central)",0.1768581848591566
uspto,US07319109-20080115-C00119,CC(C)c1onc(-c2c(Cl)cccc2Cl)c1COc1ccc(CN(C)c2cccc(C(=O)O)c2)c(Cl)c1,,,,"MolVec 0.9.8 (git b412dd0, Maven Central)",0.1682037878781557
uspto,US07319109-20080115-C00120,CC(C)c1onc(-c2c(Cl)cccc2Cl)c1COc1ccc(CNc2cccc(C(=O)O)c2)c(Cl)c1,,,,"MolVec 0.9.8 (git b412dd0, Maven Central)",0.17316282354295254
uspto,US07319109-20080115-C00121,CCOC(=O)c1cccc(NCc2ccc(OCc3c(-c4ccccc4OC(F)(F)F)noc3C(C)C)cc2Cl)c1,,,,"MolVec 0.9.8 (git b412dd0, Maven Central)",0.17400728352367878
uspto,US07319109-20080115-C00122,CC(C)c1onc(-c2ccccc2OC(F)(F)F)c1COc1ccc(CNc2cccc(C(=O)O)c2)c(Cl)c1,,,,"MolVec 0.9.8 (git b412dd0, Maven Central)",0.1689105313271284
uspto,US07319109-20080115-C00123,CC(C)c1onc(-c2ccccc2OC(F)(F)F)c1COc1ccc(CN(C)c2cccc(C(=O)O)c2)c(Cl)c1,,,,"MolVec 0.9.8 (git b412dd0, Maven Central)",0.16632166504859924
uspto,US07319109-20080115-C00124,COC(=O)c1ccc(COc2ccc(OCc3c(-c4c(Cl)cccc4Cl)noc3C(C)C)cc2C)cc1,,,,"MolVec 0.9.8 (git b412dd0, Maven Central)",0.17593012563884258
uspto,US07319109-20080115-C00125,COC(=O)c1cccc(COc2ccc(OCc3c(-c4c(Cl)cccc4Cl)noc3C(C)C)cc2Cl)c1,,,,"MolVec 0.9.8 (git b412dd0, Maven Central)",0.17240946367383003
uspto,US07319109-20080115-C00126,COC(=O)c1cccc(COc2ccc(OCc3c(-c4c(Cl)cccc4Cl)noc3C(C)C)cc2C)c1,,,,"MolVec 0.9.8 (git b412dd0, Maven Central)",0.15797713212668896
uspto,US07319109-20080115-C00127,CC(C)c1onc(-c2c(Cl)cccc2Cl)c1COc1ccc(OCc2cccc(C(=O)O)c2)c(Cl)c1,,,,"MolVec 0.9.8 (git b412dd0, Maven Central)",0.17266558296978474
uspto,US07319109-20080115-C00128,Cc1cc(OCc2c(-c3c(Cl)cccc3Cl)noc2C(C)C)ccc1OCc1cccc(C(=O)O)c1,,,,"MolVec 0.9.8 (git b412dd0, Maven Central)",0.18384990841150284
uspto,US07319109-20080115-C00129,Cc1cc(OCc2c(-c3c(Cl)cccc3Cl)noc2C(C)C)ccc1OCc1ccc(C(=O)O)cc1,,,,"MolVec 0.9.8 (git b412dd0, Maven Central)",0.20749182999134064
uspto,US07319111-20080115-C00011,Cc1cc(C)c(N2CCCC2)c(C)c1NC(=O)c1cccs1,,,,"MolVec 0.9.8 (git b412dd0, Maven Central)",0.08493272215127945
uspto,US07319111-20080115-C00012,Cc1cccc(C(=O)Nc2c(C)cc(C)c(N3CCCC3)c2C)c1,,,,"MolVec 0.9.8 (git b412dd0, Maven Central)",0.09460048377513885
uspto,US07319111-20080115-C00013,Cc1cc(C)c(N2CCCC2)c(C)c1NC(=O)Cc1ccccc1,,,,"MolVec 0.9.8 (git b412dd0, Maven Central)",0.09301811642944813
uspto,US07319111-20080115-C00014,Cc1cc(C)c(N2CCCC2)c(C)c1NC(=O)c1ccccc1Cl,,,,"MolVec 0.9.8 (git b412dd0, Maven Central)",0.09433370269834995
uspto,US07319111-20080115-C00015,Cc1cc(C)c(N2CCCC2)c(C)c1NC(=O)c1ccccc1OCc1ccccc1,,,,"MolVec 0.9.8 (git b412dd0, Maven Central)",0.14257173612713814
uspto,US07319111-20080115-C00016,Cc1cc(C)c(N2CCCC2)c(C)c1NC(=O)c1ccccc1-c1ccccc1,,,,"MolVec 0.9.8 (git b412dd0, Maven Central)",0.11705355532467365
uspto,US07319111-20080115-C00017,Cc1ccc(C(=O)Nc2c(C)cc(C)c(N3CCCC3)c2C)cc1,,,,"MolVec 0.9.8 (git b412dd0, Maven Central)",0.08433897607028484
uspto,US07319111-20080115-C00018,Cc1cc(C)c(N2CCCC2)c(C)c1NC(=O)C1CCCC1,,,,"MolVec 0.9.8 (git b412dd0, Maven Central)",0.07440626434981823
uspto,US07319111-20080115-C00019,Cc1cc(C)c(N2CCCC2)c(C)c1NS(=O)(=O)c1ccc(Cl)cc1,,,,"MolVec 0.9.8 (git b412dd0, Maven Central)",0.13830571062862873
uspto,US07319111-20080115-C00020,CC(=O)Nc1c(C)cc(C)c(N2CCCC2)c1C,,,,"MolVec 0.9.8 (git b412dd0, Maven Central)",0.08840729109942913
uspto,US07319111-20080115-C00021,Cc1ccccc1C(=O)Nc1c(C)cc(C)c(N2CCCC2)c1C,,,,"MolVec 0.9.8 (git b412dd0, Maven Central)",0.09282254427671432
uspto,US07319111-20080115-C00022,Cc1ccc(NC(=O)c2ccccc2-c2ccccc2)cc1N1CCCC1,,,,"MolVec 0.9.8 (git b412dd0, Maven Central)",0.1151010449975729
uspto,US07319111-20080115-C00023,Cc1ccc(N2CCCC2)cc1NC(=O)c1ccccc1-c1ccccc1,,,,"MolVec 0.9.8 (git b412dd0, Maven Central)",0.1163996085524559
uspto,US07319111-20080115-C00024,O=C(Nc1cccc(N2CCCC2)c1)c1ccccc1-c1ccccc1,,,,"MolVec 0.9.8 (git b412dd0, Maven Central)",0.13537381030619144
uspto,US07319111-20080115-C00025,Cc1cc(C)c(N2CCCC2)c(C)c1NC(=O)c1ccccc1,,,,"MolVec 0.9.8 (git b412dd0, Maven Central)",0.07924096845090389
uspto,US07319111-20080115-C00026,Cc1cc(C)c(N2CCCC2)c(C)c1NC(=O)C(c1ccccc1)c1ccccc1,,,,"MolVec 0.9.8 (git b412dd0, Maven Central)",0.12002022750675678
uspto,US07319111-20080115-C00027,Cc1cc(C)c(N2CCCCC2)c(C)c1NC(=O)c1ccccc1-c1ccccc1,,,,"MolVec 0.9.8 (git b412dd0, Maven Central)",0.1177825815975666
uspto,US07319111-20080115-C00029,Cc1c(NC(=O)c2ccccc2-c2ccccc2)cccc1N1CCCC1,,,,"MolVec 0.9.8 (git b412dd0, Maven Central)",0.11351150088012218
uspto,US07319111-20080115-C00030,Cc1cc(C)c(N2CCCC2)c(C)c1NC(=O)c1ccccc1Br,,,,"MolVec 0.9.8 (git b412dd0, Maven Central)",0.10585816763341427
uspto,US07319111-20080115-C00031,Cc1cc(C)c(N2CCCC2)c(C)c1NC(=O)c1cccc(Cl)c1Cl,,,,"MolVec 0.9.8 (git b412dd0, Maven Central)",0.1039795633405447
uspto,US07319111-20080115-C00032,COc1ccc(Br)c(C(=O)Nc2c(C)cc(C)c(N3CCCC3)c2C)c1,,,,"MolVec 0.9.8 (git b412dd0, Maven Central)",0.13960883393883705
uspto,US07319111-20080115-C00033,Cc1ccc(Br)c(C(=O)Nc2c(C)cc(C)c(N3CCCC3)c2C)c1,,,,"MolVec 0.9.8 (git b412dd0, Maven Central)",0.10407263971865177
uspto,US07319111-20080115-C00035,COC(=O)c1sccc1S(=O)(=O)Nc1c(C)cc(C)c(N2CCCC2)c1C,,,,"MolVec 0.9.8 (git b412dd0, Maven Central)",0.09130379557609558
uspto,US07319111-20080115-C00036,Cc1cc(C)c(N2CCCC2)c(C)c1NS(=O)(=O)c1ccccc1,,,,"MolVec 0.9.8 (git b412dd0, Maven Central)",0.08459181152284145
uspto,US07319111-20080115-C00037,Cc1cc(C)c(N2CCCC2)c(C)c1NS(=O)(=O)c1cc(Cl)ccc1Cl,,,,"MolVec 0.9.8 (git b412dd0, Maven Central)",0.09914009273052216
uspto,US07319111-20080115-C00038,Cc1cc(C)c(N2CCCC2)c(C)c1NS(=O)(=O)c1ccsc1C(=O)O,,,,"MolVec 0.9.8 (git b412dd0, Maven Central)",0.10412311740219593
uspto,US07319111-20080115-C00039,Cc1cc(C)c(N2CCCC2)c(C)c1NS(=O)(=O)c1ccccc1Cl,,,,"MolVec 0.9.8 (git b412dd0, Maven Central)",0.08221915550529957
uspto,US07319111-20080115-C00041,O=C(Nc1ccccc1-c1ccccc1)c1ccc2nccnc2c1,,,,"MolVec 0.9.8 (git b412dd0, Maven Central)",0.09819290786981583
uspto,US07319111-20080115-C00042,Cc1cc(C)c(N2CCCC2)c(C)c1NS(=O)(=O)c1ccccc1Br,,,,"MolVec 0.9.8 (git b412dd0, Maven Central)",0.1358447354286909
uspto,US07319111-20080115-C00043,Cc1ccccc1S(=O)(=O)Nc1c(C)cc(C)c(N2CCCC2)c1C,,,,"MolVec 0.9.8 (git b412dd0, Maven Central)",0.08857870101928711
uspto,US07319111-20080115-C00044,Cc1cccc(S(=O)(=O)Nc2c(C)cc(C)c(N3CCCC3)c2C)c1,,,,"MolVec 0.9.8 (git b412dd0, Maven Central)",0.10721762850880623
uspto,US07319111-20080115-C00046,Cc1cc(C)c(N2CCCC2)c(C)c1NS(=O)(=O)c1ccccc1OC(F)(F)F,,,,"MolVec 0.9.8 (git b412dd0, Maven Central)",0.12091442756354809
uspto,US07319111-20080115-C00048,Cc1cccc(C(=O)Nc2c(C)cc(C)c(N3CCCC3)c2C)c1Br,,,,"MolVec 0.9.8 (git b412dd0, Maven Central)",0.12834338657557964
uspto,US07319111-20080115-C00049,Cc1cc(C)c(N2CCCC2)c(C)c1NC(=O)c1cc(Cl)ccc1Br,,,,"MolVec 0.9.8 (git b412dd0, Maven Central)",0.1104479543864727
uspto,US07319111-20080115-C00050,Cc1cc(C)c(N2CCCC2)c(C)c1NS(=O)(=O)c1ccccc1F,,,,"MolVec 0.9.8 (git b412dd0, Maven Central)",0.14089305140078068
uspto,US07319111-20080115-C00051,COc1ccc(S(=O)(=O)Nc2c(C)cc(C)c(N3CCCC3)c2C)cc1OC,,,,"MolVec 0.9.8 (git b412dd0, Maven Central)",0.10722697712481022
uspto,US07319111-20080115-C00052,Cc1cc(C)c(N2CCCC2)c(C)c1NS(=O)(=O)c1ccccc1C(F)(F)F,,,,"MolVec 0.9.8 (git b412dd0, Maven Central)",0.13013152964413166
uspto,US07319111-20080115-C00053,COC(=O)c1ccccc1C(=O)Nc1c(C)cc(C)c(N2CCCC2)c1C,,,,"MolVec 0.9.8 (git b412dd0, Maven Central)",0.10415391623973846
uspto,US07319111-20080115-C00054,COc1ccccc1C(=O)Nc1c(C)cc(C)c(N2CCCC2)c1C,,,,"MolVec 0.9.8 (git b412dd0, Maven Central)",0.08949404209852219
uspto,US07319111-20080115-C00055,Cc1cc(C)c(N2CCCC2)c(C)c1NC(=O)c1ccc(-c2ccccc2)cc1,,,,"MolVec 0.9.8 (git b412dd0, Maven Central)",0.14618276245892048
uspto,US07319111-20080115-C00056,Cc1cc(C)c(N2CCCC2)c(C)c1NS(=O)(=O)Cc1ccccc1,,,,"MolVec 0.9.8 (git b412dd0, Maven Central)",0.09613806009292603
uspto,US07319111-20080115-C00057,Cc1cc(C)c(N2CCCC2)c(C)c1NS(=O)(=O)c1cc(C(F)(F)F)ccc1Cl,,,,"MolVec 0.9.8 (git b412dd0, Maven Central)",0.10944783501327038
uspto,US07319111-20080115-C00058,COc1ccc(Cl)cc1S(=O)(=O)Nc1c(C)cc(C)c(N2CCCC2)c1C,,,,"MolVec 0.9.8 (git b412dd0, Maven Central)",0.11068188212811947
uspto,US07319111-20080115-C00059,COc1ccc(OC)c(S(=O)(=O)Nc2c(C)cc(C)c(N3CCCC3)c2C)c1,,,,"MolVec 0.9.8 (git b412dd0, Maven Central)",0.1104962769895792
uspto,US07319111-20080115-C00060,COc1cc(C)ccc1S(=O)(=O)Nc1c(C)cc(C)c(N2CCCC2)c1C,,,,"MolVec 0.9.8 (git b412dd0, Maven Central)",0.1131115835160017
uspto,US07319111-20080115-C00061,COc1cccc(C(=O)Nc2c(C)cc(C)c(N3CCCC3)c2C)c1OC,,,,"MolVec 0.9.8 (git b412dd0, Maven Central)",0.12318794801831245
uspto,US07319111-20080115-C00062,COc1cccc(OC)c1C(=O)Nc1c(C)cc(C)c(N2CCCC2)c1C,,,,"MolVec 0.9.8 (git b412dd0, Maven Central)",0.11086351238191128
uspto,US07319111-20080115-C00063,COc1ccc(C)cc1S(=O)(=O)Nc1c(C)cc(C)c(N2CCCC2)c1C,,,,"MolVec 0.9.8 (git b412dd0, Maven Central)",0.14639869891107082
uspto,US07319111-20080115-C00064,Cc1cc(C)c(N2CCCC2)c(C)c1NS(=O)(=O)c1ccc2c(Cl)cccc2c1,,,,"MolVec 0.9.8 (git b412dd0, Maven Central)",0.13341334834694862
uspto,US07319111-20080115-C00065,COc1ccc(S(=O)(=O)Nc2c(C)cc(C)c(N3CCCC3)c2C)cc1,,,,"MolVec 0.9.8 (git b412dd0, Maven Central)",0.11004137061536312
uspto,US07319111-20080115-C00066,Cc1cc(C)c(N2CCCC2)c(C)c1NS(=O)(=O)c1ccc(F)cc1,,,,"MolVec 0.9.8 (git b412dd0, Maven Central)",0.09621076844632626
uspto,US07319111-20080115-C00067,Cc1cc(C)c(N2CCCC2)c(C)c1NS(=O)(=O)c1ccc(Cl)c(Cl)c1,,,,"MolVec 0.9.8 (git b412dd0, Maven Central)",0.12205436266958714
uspto,US07319111-20080115-C00068,Cc1cc(C)c(N2CCCC2)c(C)c1NS(=O)(=O)c1ccc(-c2ccccc2)cc1,,,,"MolVec 0.9.8 (git b412dd0, Maven Central)",0.15674102120101452
uspto,US07319111-20080115-C00069,Cc1cc(C)c(N2CCCC2)c(C)c1NS(=O)(=O)Cc1cccc(Cl)c1,,,,"MolVec 0.9.8 (git b412dd0, Maven Central)",0.09961732849478722
uspto,US07319111-20080115-C00070,Cc1cc(C)c(N2CCCC2)c(C)c1NC(=O)c1cccc(Cl)c1,,,,"MolVec 0.9.8 (git b412dd0, Maven Central)",0.11777938343584538
uspto,US07319111-20080115-C00071,Cc1cc(C)c(N2CCCC2)c(C)c1NC(=O)c1c(Cl)cccc1Cl,,,,"MolVec 0.9.8 (git b412dd0, Maven Central)",0.11971669271588326
uspto,US07319111-20080115-C00072,Cc1cc(C)c(N2CCCC2)c(C)c1NC(=O)c1ccc2ccccc2c1,,,,"MolVec 0.9.8 (git b412dd0, Maven Central)",0.11095082014799118
uspto,US07319111-20080115-C00073,Cc1cc(C)c(N2CCCC2)c(C)c1NC(=O)c1ccccc1C(F)(F)F,,,,"MolVec 0.9.8 (git b412dd0, Maven Central)",0.10007130540907383
uspto,US07319111-20080115-C00074,Cc1cc(C)c(N2CCCC2)c(C)c1NS(=O)(=O)c1cccc(F)c1,,,,"MolVec 0.9.8 (git b412dd0, Maven Central)",0.09844151325523853
uspto,US07319111-20080115-C00075,Cc1cc(C)c(N2CCCC2)c(C)c1NS(=O)(=O)c1ccc(C(C)(C)C)cc1,,,,"MolVec 0.9.8 (git b412dd0, Maven Central)",0.12995541468262672
uspto,US07319111-20080115-C00076,Cc1cc(C)c(N2CCCC2)c(C)c1NC(=O)c1sccc1-c1ccccc1,,,,"MolVec 0.9.8 (git b412dd0, Maven Central)",0.13103081658482552
uspto,US07319111-20080115-C00077,Cc1cc(C)c(N2CCCC2)c(C)c1NC(=O)c1cccc2ccccc12,,,,"MolVec 0.9.8 (git b412dd0, Maven Central)",0.12152560614049435
uspto,US07319111-20080115-C00078,Cc1cc(C)c(N2CCCC2)c(C)c1NS(=O)(=O)/C=C/c1ccccc1,,,,"MolVec 0.9.8 (git b412dd0, Maven Central)",0.10135502368211746
uspto,US07319111-20080115-C00079,Cc1cc(C)c(N2CCCC2)c(C)c1NS(=O)(=O)c1cc(Cl)cc(Cl)c1O,,,,"MolVec 0.9.8 (git b412dd0, Maven Central)",0.17403767816722393
uspto,US07319111-20080115-C00080,Cc1ccc(S(=O)(=O)Nc2c(C)cc(C)c(N3CCCC3)c2C)cc1,,,,"MolVec 0.9.8 (git b412dd0, Maven Central)",0.10241091996431351
uspto,US07319111-20080115-C00081,Cc1cc(C)c(N2CCCC2)c(C)c1NS(=O)(=O)c1ccc(/N=N/c2ccc(N(C)C)cc2)cc1,,,,"MolVec 0.9.8 (git b412dd0, Maven Central)",0.1782003417611122
uspto,US07319111-20080115-C00082,CC(=O)Nc1ccc(S(=O)(=O)Nc2c(C)cc(C)c(N3CCCC3)c2C)cc1,,,,"MolVec 0.9.8 (git b412dd0, Maven Central)",0.11263662949204445
uspto,US07319111-20080115-C00083,Cc1cc(C)c(N2CCCC2)c(C)c1NC(=O)c1sccc1Br,,,,"MolVec 0.9.8 (git b412dd0, Maven Central)",0.08929428271949291
uspto,US07319111-20080115-C00084,Cc1cc(C)c(N2CCCC2)c(C)c1NC(=O)c1ccccc1C(=O)O,,,,"MolVec 0.9.8 (git b412dd0, Maven Central)",0.10723674856126308
uspto,US07319111-20080115-C00085,Cc1cc(C)c(N2CCCC2)c(C)c1NC(=O)c1cccc(Br)c1,,,,"MolVec 0.9.8 (git b412dd0, Maven Central)",0.12366607412695885
uspto,US07319111-20080115-C00086,Cc1nccc(-c2ccc(NC(=O)c3ccccc3-c3ccccc3)cc2)n1,,,,"MolVec 0.9.8 (git b412dd0, Maven Central)",0.15306335501372814
uspto,US07319111-20080115-C00087,Cc1cc2c(NC(=O)c3ccccc3-c3ccccc3)cccc2nn1,,,,"MolVec 0.9.8 (git b412dd0, Maven Central)",0.09898867085576057
uspto,US07319111-20080115-C00088,CSc1nc(C)nc(NC(=O)c2ccccc2-c2ccccc2)n1,,,,"MolVec 0.9.8 (git b412dd0, Maven Central)",0.1291816681623459
uspto,US07319111-20080115-C00089,Cc1cc(C)c(N2CCCCC2)c(C)c1NS(=O)(=O)c1cc(Cl)cc(Cl)c1O,,,,"MolVec 0.9.8 (git b412dd0, Maven Central)",0.11810381896793842
uspto,US07319111-20080115-C00090,Cc1cc(C)c(N2CCCC2)c(C)c1NS(=O)(=O)c1ccc(C(=O)O)cc1,,,,"MolVec 0.9.8 (git b412dd0, Maven Central)",0.1054015439003706
uspto,US07319111-20080115-C00091,Cc1cc(C)c(S(=O)(=O)Nc2c(C)cc(C)c(N3CCCC3)c2C)c(C)c1,,,,"MolVec 0.9.8 (git b412dd0, Maven Central)",0.09237689897418022
uspto,US07319111-20080115-C00092,Cc1cc(C)cc(S(=O)(=O)Nc2c(C)cc(C)c(N3CCCC3)c2C)c1,,,,"MolVec 0.9.8 (git b412dd0, Maven Central)",0.10940597765147686
uspto,US07319111-20080115-C00093,CCCCc1ccc(S(=O)(=O)Nc2c(C)cc(C)c(N3CCCC3)c2C)cc1,,,,"MolVec 0.9.8 (git b412dd0, Maven Central)",0.15070863999426365
uspto,US07319111-20080115-C00094,CCCc1ccc(S(=O)(=O)Nc2c(C)cc(C)c(N3CCCC3)c2C)cc1,,,,"MolVec 0.9.8 (git b412dd0, Maven Central)",0.13811099715530872
uspto,US07319111-20080115-C00095,Cc1ccc(N2CCCC2)cc1NS(=O)(=O)c1cc(Cl)cc(Cl)c1O,,,,"MolVec 0.9.8 (git b412dd0, Maven Central)",0.1485878825187683
uspto,US07319111-20080115-C00096,Cc1c(NS(=O)(=O)c2cc(Cl)cc(Cl)c2O)cccc1N1CCCC1,,,,"MolVec 0.9.8 (git b412dd0, Maven Central)",0.15756123326718807
uspto,US07319111-20080115-C00097,CCc1ccc(S(=O)(=O)Nc2c(C)cc(C)c(N3CCCC3)c2C)cc1,,,,"MolVec 0.9.8 (git b412dd0, Maven Central)",0.09809910133481026
uspto,US07319111-20080115-C00098,Cc1cc(C)c(N2CCCC2)c(C)c1NS(=O)(=O)c1ccc(C(C)C)cc1,,,,"MolVec 0.9.8 (git b412dd0, Maven Central)",0.1166436243802309
uspto,US07319111-20080115-C00100,Cc1ccc(-c2ccccc2C(=O)Nc2c(C)cc(C)c(N3CCCC3)c2C)cc1,,,,"MolVec 0.9.8 (git b412dd0, Maven Central)",0.11757193692028522
uspto,US07319111-20080115-C00101,Cc1cc(C)c(N2CCCC2)c(C)c1NC(=O)c1cccc(-c2ccccc2)c1,,,,"MolVec 0.9.8 (git b412dd0, Maven Central)",0.13569441996514797
uspto,US07319111-20080115-C00102,COc1ccc(Br)cc1S(=O)(=O)Nc1c(C)cc(C)c(N2CCCC2)c1C,,,,"MolVec 0.9.8 (git b412dd0, Maven Central)",0.12939622811973095
uspto,US07319111-20080115-C00104,Cc1cc(C)c(NS(=O)(=O)c2cc(Cl)cc(Cl)c2O)c(C)c1N,,,,"MolVec 0.9.8 (git b412dd0, Maven Central)",0.10917207226157188
uspto,US07319111-20080115-C00105,Cc1cccc(C(=O)Nc2c(C)cc(C)c(N3CCCC3)c2C)c1C,,,,"MolVec 0.9.8 (git b412dd0, Maven Central)",0.09607793763279915
uspto,US07319111-20080115-C00107,CCN(CC)c1c(C)cc(C)c(NS(=O)(=O)c2cc(Cl)cc(Cl)c2O)c1C,,,,"MolVec 0.9.8 (git b412dd0, Maven Central)",0.13582119718194008
uspto,US07319111-20080115-C00109,O=S(=O)(Nc1ccccc1N1CCCC1)c1cc(Cl)cc(Cl)c1O,,,,"MolVec 0.9.8 (git b412dd0, Maven Central)",0.08681866899132729
uspto,US07319111-20080115-C00110,Cc1cc(C)c(N2CCCCC2)c(C)c1NS(=O)(=O)c1ccc(Br)cc1OC(F)(F)F,,,,"MolVec 0.9.8 (git b412dd0, Maven Central)",0.10146324336528778
uspto,US07319111-20080115-C00111,Cc1ccc(NS(=O)(=O)c2cc(Cl)cc(Cl)c2O)cc1N1CCCC1,,,,"MolVec 0.9.8 (git b412dd0, Maven Central)",0.1523382719606161
uspto,US07319111-20080115-C00112,Cc1cc(C)c(N2CCCC2)c(C)c1NC(=O)c1cc(Cl)cc(Cl)c1O,,,,"MolVec 0.9.8 (git b412dd0, Maven Central)",0.12234639562666416
uspto,US07319111-20080115-C00113,Cc1cc(C)c(N2CCCC2)c(C)c1NS(=O)(=O)c1ccccc1C#N,,,,"MolVec 0.9.8 (git b412dd0, Maven Central)",0.0884046945720911
uspto,US07319111-20080115-C00114,Cc1cc(C)c(N2CCCC2)c(C)c1NS(=O)(=O)c1cccc(C#N)c1,,,,"MolVec 0.9.8 (git b412dd0, Maven Central)",0.10350253619253635
uspto,US07319111-20080115-C00115,Cc1cc(C)c(N2CCCC2)c(C)c1NS(=O)(=O)c1ccc(C#N)cc1,,,,"MolVec 0.9.8 (git b412dd0, Maven Central)",0.09690125845372677
uspto,US07319111-20080115-C00116,Cc1ccc(NS(=O)(=O)c2cc(Cl)cc(Cl)c2O)c(N2CCCC2)c1C,,,,"MolVec 0.9.8 (git b412dd0, Maven Central)",0.11798149161040783
uspto,US07319111-20080115-C00117,Cc1cc(NS(=O)(=O)c2cc(Cl)cc(Cl)c2O)c(N2CCCC2)cc1C,,,,"MolVec 0.9.8 (git b412dd0, Maven Central)",0.11615904793143272
uspto,US07319111-20080115-C00118,Cc1cc(C)c(N2CCCC2)c(NS(=O)(=O)c2cc(Cl)cc(Cl)c2O)c1,,,,"MolVec 0.9.8 (git b412dd0, Maven Central)",0.11938794702291489
uspto,US07319111-20080115-C00119,CN(C)CCN(Cc1ccccc1)S(=O)(=O)c1cc(Cl)cc(Cl)c1O,,,,"MolVec 0.9.8 (git b412dd0, Maven Central)",0.09691268391907215
uspto,US07319111-20080115-C00120,N#Cc1c(NS(=O)(=O)c2cc(Cl)cc(Cl)c2O)cccc1N1CCCCC1,,,,"MolVec 0.9.8 (git b412dd0, Maven Central)",0.12745993211865425
uspto,US07319111-20080115-C00121,Cc1cc(C)c(N2Cc3ccccc3C2)c(C)c1NS(=O)(=O)c1cc(Cl)cc(Cl)c1O,,,,"MolVec 0.9.8 (git b412dd0, Maven Central)",0.15155712328851223
uspto,US07319111-20080115-C00122,Cc1cc(C)c(N2CCCC2)c(C)c1NC(=O)c1ccc(OCc2ccccc2)cc1,,,,"MolVec 0.9.8 (git b412dd0, Maven Central)",0.17192614451050758
uspto,US07319111-20080115-C00123,Cc1cc(C)c(N2CCCC2)c(C)c1NC(=O)c1cccc(O)c1,,,,"MolVec 0.9.8 (git b412dd0, Maven Central)",0.11829660087823868
uspto,US07319111-20080115-C00124,Cc1cc(C)c(N2CCCC2)c(C)c1NC(=O)c1ccc(O)cc1,,,,"MolVec 0.9.8 (git b412dd0, Maven Central)",0.09927711822092533
uspto,US07319111-20080115-C00126,Cc1cc(C)c(NS(=O)(=O)c2cc(Cl)cc(Cl)c2O)c(C)c1,,,,"MolVec 0.9.8 (git b412dd0, Maven Central)",0.09952263534069061
uspto,US07319111-20080115-C00127,Cc1cc(C)c(N2CCOCC2)c(C)c1NC(=O)c1ccccc1-c1ccccc1,,,,"MolVec 0.9.8 (git b412dd0, Maven Central)",0.1298658475279808
uspto,US07319111-20080115-C00128,Cc1cc(C)c(N2CCOCC2)c(C)c1NS(=O)(=O)c1ccc(Cl)cc1,,,,"MolVec 0.9.8 (git b412dd0, Maven Central)",0.0912917759269476
uspto,US07319111-20080115-C00129,Cc1cc(C)c(N2CCN(C)CC2)c(C)c1NS(=O)(=O)c1ccc(Cl)cc1,,,,"MolVec 0.9.8 (git b412dd0, Maven Central)",0.09898046404123306
uspto,US07319111-20080115-C00130,Cc1cc(C)c(N2CCN(C)CC2)c(C)c1NC(=O)c1ccccc1-c1ccccc1,,,,"MolVec 0.9.8 (git b412dd0, Maven Central)",0.14994251541793346
uspto,US07319111-20080115-C00131,Cc1cccc(S(=O)(=O)Nc2c(C)cc(C)c(N3CCN(c4ccccc4)CC3)c2C)c1,,,,"MolVec 0.9.8 (git b412dd0, Maven Central)",0.1326932180672884
uspto,US07319111-20080115-C00132,Cc1cc(C)c(N2CCC(C)CC2)c(C)c1NS(=O)(=O)c1ccc(C(C)(C)C)cc1,,,,"MolVec 0.9.8 (git b412dd0, Maven Central)",0.12400181591510773
uspto,US07319111-20080115-C00133,Cc1cc(C)c(N2CCC(C)CC2)c(C)c1NC(=O)c1cccc(Cl)c1,,,,"MolVec 0.9.8 (git b412dd0, Maven Central)",0.10701262950897217
uspto,US07319111-20080115-C00134,Cc1cc(C)c(N2CCN(c3ccccc3)CC2)c(C)c1NS(=O)(=O)c1ccc(C(C)(C)C)cc1,,,,"MolVec 0.9.8 (git b412dd0, Maven Central)",0.1642309855669737
uspto,US07319111-20080115-C00135,Cc1cc(C)c(N2CCN(c3ccccc3)CC2)c(C)c1NS(=O)(=O)c1cc(Cl)cc(Cl)c1O,,,,"MolVec 0.9.8 (git b412dd0, Maven Central)",0.15859430097043514
uspto,US07319111-20080115-C00136,Cc1cc(C)c(N2CCOCC2)c(C)c1NS(=O)(=O)c1cc(Cl)cc(Cl)c1O,,,,"MolVec 0.9.8 (git b412dd0, Maven Central)",0.12017012387514114
uspto,US07319111-20080115-C00138,Cc1cc(C)c(N2CCN(C)CC2)c(C)c1NS(=O)(=O)c1cc(Cl)cc(Cl)c1O,,,,"MolVec 0.9.8 (git b412dd0, Maven Central)",0.1337565779685974
uspto,US07319111-20080115-C00139,Cc1cc(C)c(NS(=O)(=O)c2cc(Cl)cc(Cl)c2O)c(C)c1NCC(C)(C)CN(C)C,,,,"MolVec 0.9.8 (git b412dd0, Maven Central)",0.1585743185132742
uspto,US07319111-20080115-C00140,Cc1cc(C)c(NS(=O)(=O)c2cc(Cl)cc(Cl)c2O)c(C)c1Nc1cccnc1,,,,"MolVec 0.9.8 (git b412dd0, Maven Central)",0.13591487519443035
uspto,US07319111-20080115-C00141,Cc1cc(C)c(NS(=O)(=O)c2cc(Cl)cc(Cl)c2O)c(C)c1Nc1ccccn1,,,,"MolVec 0.9.8 (git b412dd0, Maven Central)",0.13469232246279716
uspto,US07319111-20080115-C00142,COc1ccc(-c2ccccc2)c(C(=O)Nc2c(C)cc(C)c(N3CCCC3)c2C)c1,,,,"MolVec 0.9.8 (git b412dd0, Maven Central)",0.15876944549381733
uspto,US07319111-20080115-C00143,Cc1ccc(-c2ccccc2)c(C(=O)Nc2c(C)cc(C)c(N3CCCC3)c2C)c1,,,,"MolVec 0.9.8 (git b412dd0, Maven Central)",0.12573599629104137
uspto,US07319111-20080115-C00144,Cc1ccccc1-c1ccccc1C(=O)Nc1c(C)cc(C)c(N2CCCC2)c1C,,,,"MolVec 0.9.8 (git b412dd0, Maven Central)",0.11670158430933952
uspto,US07319111-20080115-C00145,Cc1cc(C)c(N2CCCC2)c(C)c1NC(=O)c1cccc(C)c1-c1ccccc1,,,,"MolVec 0.9.8 (git b412dd0, Maven Central)",0.11673562228679657
uspto,US07319111-20080115-C00146,Cc1cccc(-c2ccc(C)cc2C(=O)Nc2c(C)cc(C)c(N3CCCC3)c2C)c1,,,,"MolVec 0.9.8 (git b412dd0, Maven Central)",0.15772701241075993
uspto,US07319111-20080115-C00147,Cc1cc(C)c(N2CCCC2)c(C)c1NC(=O)c1ccccc1-c1ccc(Cl)cc1,,,,"MolVec 0.9.8 (git b412dd0, Maven Central)",0.12423362582921982
uspto,US07319111-20080115-C00148,Cc1cc(C)c(N2Cc3ccccc3C2)c(C)c1NC(=O)c1ccccc1-c1ccc(C(F)(F)F)cc1,,,,"MolVec 0.9.8 (git b412dd0, Maven Central)",0.14206632412970066
uspto,US07319111-20080115-C00149,Cc1cc(C)c(N2CCCC2)c(C)c1NC(=O)c1ccccc1-c1ccc(C(F)(F)F)cc1,,,,"MolVec 0.9.8 (git b412dd0, Maven Central)",0.1263461895287037
uspto,US07319111-20080115-C00150,COc1ccc(-c2cccc(C)c2)c(C(=O)Nc2c(C)cc(C)c(N3CCCC3)c2C)c1,,,,"MolVec 0.9.8 (git b412dd0, Maven Central)",0.17631752230226994
uspto,US07319111-20080115-C00152,COc1ccc(-c2ccccc2)cc1S(=O)(=O)Nc1c(C)cc(C)c(N2CCCC2)c1C,,,,"MolVec 0.9.8 (git b412dd0, Maven Central)",0.14095872081816196
uspto,US07319111-20080115-C00153,COc1ccc(-c2ccccc2C)cc1S(=O)(=O)Nc1c(C)cc(C)c(N2CCCC2)c1C,,,,"MolVec 0.9.8 (git b412dd0, Maven Central)",0.15645292215049267
uspto,US07319111-20080115-C00155,Cc1cc(C)c(N(CCN(C)C)S(=O)(=O)c2cc(Cl)cc(Cl)c2O)c(C)c1N1CCCCC1,,,,"MolVec 0.9.8 (git b412dd0, Maven Central)",0.12908053770661354
uspto,US07319111-20080115-C00156,Cc1cc(C)c(O)c(S(=O)(=O)N(CCN(C)C)c2c(C)cc(C)c(N3CCCCC3)c2C)c1,,,,"MolVec 0.9.8 (git b412dd0, Maven Central)",0.12238855101168156
uspto,US07319111-20080115-C00157,Cc1cc(C)c(N2CCCC2)c(C)c1NS(=O)(=O)c1cc(-c2ccccc2)ccc1O,,,,"MolVec 0.9.8 (git b412dd0, Maven Central)",0.10963121242821217
uspto,US07319111-20080115-C00158,Cc1ccccc1-c1ccc(O)c(S(=O)(=O)Nc2c(C)cc(C)c(N3CCCC3)c2C)c1,,,,"MolVec 0.9.8 (git b412dd0, Maven Central)",0.12419779784977436
uspto,US07319111-20080115-C00159,Cc1ccc(S(=O)(=O)Nc2c(C)cc(C)c(N3CCCC3)c2C)c(O)c1,,,,"MolVec 0.9.8 (git b412dd0, Maven Central)",0.09628566540777683
uspto,US07319111-20080115-C00160,Cc1cc(C)c(N2CCCC2)c(C)c1NS(=O)(=O)c1ccc(O)cc1,,,,"MolVec 0.9.8 (git b412dd0, Maven Central)",0.0918804258108139
uspto,US07319111-20080115-C00162,Cc1cc(C)c(N2CCCC2)c(C)c1NS(=O)(=O)c1ccc(N)cc1,,,,"MolVec 0.9.8 (git b412dd0, Maven Central)",0.09533648937940598
uspto,US07319111-20080115-C00163,Cc1cc(C)c(N2CCCC2)c(C)c1NC(=O)c1ccc(N)cc1,,,,"MolVec 0.9.8 (git b412dd0, Maven Central)",0.11287126503884792
uspto,US07319111-20080115-C00165,Cc1cc(C)c(N2CCCC2)c(C)c1NC(=O)c1cccc(N)c1,,,,"MolVec 0.9.8 (git b412dd0, Maven Central)",0.10095701925456524
uspto,US07319111-20080115-C00166,Cc1cc(C)c(N2CCCC2)c(C)c1NS(=O)(=O)c1ccccc1CN,,,,"MolVec 0.9.8 (git b412dd0, Maven Central)",0.11396330036222935
uspto,US07319111-20080115-C00167,Cc1cc(C)c(N2CCCC2)c(C)c1NS(=O)(=O)c1cccc(CN)c1,,,,"MolVec 0.9.8 (git b412dd0, Maven Central)",0.11191009543836117
uspto,US07319111-20080115-C00168,Cc1cc(C)c(N2CCCC2)c(C)c1NS(=O)(=O)c1ccc(CN)cc1,,,,"MolVec 0.9.8 (git b412dd0, Maven Central)",0.13275663927197456
uspto,US07319111-20080115-C00170,Cc1cc(C)c(N2CCCC2)c(C)c1NC(=O)Nc1ccc(Cl)cc1,,,,"MolVec 0.9.8 (git b412dd0, Maven Central)",0.10522996634244919
uspto,US07319111-20080115-C00171,Cc1cc(C)c(N2CCCC2)c(C)c1NC(=O)NS(=O)(=O)c1ccc(Cl)cc1,,,,"MolVec 0.9.8 (git b412dd0, Maven Central)",0.10817131027579308
uspto,US07319111-20080115-C00172,Cc1cc(C)c(N2CCCC2)c(C)c1NC(=O)Nc1ccccc1-c1ccccc1,,,,"MolVec 0.9.8 (git b412dd0, Maven Central)",0.14257813431322575
uspto,US07319111-20080115-C00173,Cc1cc(C)c(N2CCCCC2)c(C)c1NC(=O)NCCN1CCN(Cc2ccccc2)CC1,,,,"MolVec 0.9.8 (git b412dd0, Maven Central)",0.10715574771165848
uspto,US07319111-20080115-C00174,COc1ccc(CCC2c3cc(OC)c(OC)cc3CCN2CCNC(=O)Nc2c(C)cc(C)c(N3CCCCC3)c2C)cc1OC,,,,"MolVec 0.9.8 (git b412dd0, Maven Central)",0.319851279258728
uspto,US07319111-20080115-C00175,Cc1cc(C)c(N2CCCCC2)c(C)c1NC(=O)Nc1c(C)cc(C)c(N2CCN(C)CC2)c1C,,,,"MolVec 0.9.8 (git b412dd0, Maven Central)",0.131552929058671
uspto,US07319111-20080115-C00176,CN(C)CCN(Cc1ccccc1)C(=O)[C@@H]1CCCN1S(=O)(=O)c1cc(Cl)cc(Cl)c1O,,,,"MolVec 0.9.8 (git b412dd0, Maven Central)",0.1439256388694048
uspto,US07319111-20080115-C00177,CCOC(=O)C[C@H](NS(=O)(=O)c1ccccc1)c1ccc2c(c1)CC(C)N2CC,,,,"MolVec 0.9.8 (git b412dd0, Maven Central)",0.14990735054016113
uspto,US07319111-20080115-C00178,COc1cc2ccc1OCCc1c(c(C)cc(C)c1N1CCCC1)NC(=O)c1ccc3ccn(c3c1)S2(=O)=O,,,,"MolVec 0.9.8 (git b412dd0, Maven Central)",0.15973611362278461
uspto,US07319111-20080115-C00179,COc1ccc(C(=O)N[C@@H](C)C(=O)N(Cc2ccccc2)Cc2cccs2)cc1N1CCCC1,,,,"MolVec 0.9.8 (git b412dd0, Maven Central)",0.3005926478654146
uspto,US07319131-20080115-C00025,CC(C)NCC1([N+](=O)[O-])COCN(C(C)C)C1,,,,"MolVec 0.9.8 (git b412dd0, Maven Central)",0.11713726446032524
uspto,US07319131-20080115-C00030,CC(C)(CNc1ccccc1)[N+](=O)[O-],,,,"MolVec 0.9.8 (git b412dd0, Maven Central)",0.10616551339626312
uspto,US07319131-20080115-C00038,OCCN1CN(CCO)CN(CCO)C1,,,,"MolVec 0.9.8 (git b412dd0, Maven Central)",0.15576575137674809
uspto,US07319132-20080115-C00012,O=C(Cl)CCCCCN1C(=O)C=CC1=O,,,,"MolVec 0.9.8 (git b412dd0, Maven Central)",0.06301814317703247
uspto,US07319147-20080115-C00001,C1=Cc2nc1c(-c1ccccc1)c1ccc([nH]1)c(-c1ccccc1)c1cc(c(-c3ccccc3)c3ccc([nH]3)c2-c2ccccc2)N=C1,,,,"MolVec 0.9.8 (git b412dd0, Maven Central)",0.4517382849007845
uspto,US07319147-20080115-C00008,Cc1c2cc(c(C)c3ccc([nH]3)c(C)c3nc(c(C)c4[nH]c1CC4)CC3)C=N2,,,,"MolVec 0.9.8 (git b412dd0, Maven Central)",0.33168740943074226
uspto,US07319152-20080115-C00035,Cn1c(C#N)ccc1-c1ccc2c(c1)C(C)(C)CC2=O,,,,"MolVec 0.9.8 (git b412dd0, Maven Central)",0.14610056951642036
uspto,US07319152-20080115-C00036,Cn1c(C#N)ccc1-c1ccc2c(c1)CCCC2=O,,,,"MolVec 0.9.8 (git b412dd0, Maven Central)",0.15677603520452976
uspto,US07319155-20080115-C00026,O=[N+]([O-])c1ccc(C2OCc3ccc(CO)cc3CO2)cc1,,,,"MolVec 0.9.8 (git b412dd0, Maven Central)",0.11298773810267448
uspto,US07319155-20080115-C00027,OCc1ccc2c(c1)COC1(CCCCC1)OC2,,,,"MolVec 0.9.8 (git b412dd0, Maven Central)",0.06377152167260647
uspto,US07319155-20080115-C00028,COC1OCc2ccc(CO)cc2CO1,,,,"MolVec 0.9.8 (git b412dd0, Maven Central)",0.06992374733090401
uspto,US07319155-20080115-C00029,OCc1ccc2c(c1)COC(c1ccccc1)OC2,,,,"MolVec 0.9.8 (git b412dd0, Maven Central)",0.08828828856348991
uspto,US07319155-20080115-C00030,CC1(C)OCc2ccc(CO)cc2CO1,,,,"MolVec 0.9.8 (git b412dd0, Maven Central)",0.051914282143116
uspto,US07319155-20080115-C00031,O=[N+]([O-])c1ccc(C2OCc3ccc(CCl)cc3CO2)cc1,,,,"MolVec 0.9.8 (git b412dd0, Maven Central)",0.11164842545986176
uspto,US07319155-20080115-C00032,CS(=O)(=O)OCc1ccc2c(c1)COC(c1ccc([N+](=O)[O-])cc1)OC2,,,,"MolVec 0.9.8 (git b412dd0, Maven Central)",0.13562579825520515
uspto,US07319170-20080115-C00004,CCCc1cc(Oc2ccccc2)ccc1OCCCOc1ccc(S(N)(=O)=O)cc1,,,,"MolVec 0.9.8 (git b412dd0, Maven Central)",0.15046893991529942
uspto,US07319170-20080115-C00006,NS(=O)(=O)c1cccc(O)c1,,,,"MolVec 0.9.8 (git b412dd0, Maven Central)",0.06508637592196465
uspto,US07319170-20080115-C00008,CCCc1cc(Oc2ccccc2)ccc1OCCCOc1cccc(S(N)(=O)=O)c1,,,,"MolVec 0.9.8 (git b412dd0, Maven Central)",0.11726275645196438
uspto,US07319170-20080115-C00009,CCCc1cc(Oc2ccc(F)cc2)ccc1OCCCOc1ccc(S(=O)(=O)NC(=O)NC2CCCCC2)cc1,,,,"MolVec 0.9.8 (git b412dd0, Maven Central)",0.2698970437049866
uspto,US07319170-20080115-C00010,O=C(NC1CCCCC1)NS(=O)(=O)c1ccc(OCCCOc2ccc(Oc3ccc(F)cc3)cc2Cl)cc1,,,,"MolVec 0.9.8 (git b412dd0, Maven Central)",0.24672755599021912
uspto,US07319170-20080115-C00013,O=C(NC1CCCCC1)NS(=O)(=O)c1cccc(OCCCOc2ccc(Oc3ccc(F)cc3)cc2Cl)c1,,,,"MolVec 0.9.8 (git b412dd0, Maven Central)",0.18730275705456734
uspto,US07319170-20080115-C00014,CCCc1cc(Oc2ccc(F)cc2)ccc1OCCCOc1cccc(S(=O)(=O)NC(=O)NC2CCCCC2)c1,,,,"MolVec 0.9.8 (git b412dd0, Maven Central)",0.20015472546219826
uspto,US07319171-20080115-C00001,CN[C@H]1CC[C@@H](c2ccc(Cl)c(Cl)c2)c2ccccc21,,,,"MolVec 0.9.8 (git b412dd0, Maven Central)",0.10675319470465183
uspto,US07320754-20080122-C00004,B=COCCCSCCC(N)C(=O)NCc1ccccc1,,,,"MolVec 0.9.8 (git b412dd0, Maven Central)",0.9488731659948826
uspto,US07320754-20080122-C00005,CCCCNC(=O)C(N)CCSCC(O)COC12C34B5(O)=C6[C@]13C6524,,,,"MolVec 0.9.8 (git b412dd0, Maven Central)",0.714033393189311
uspto,US07320754-20080122-C00006,NC(CCSCCCOC12B:B1:O2)C(=O)NCC1=CC=CC=C1C(F)(F)F,,,,"MolVec 0.9.8 (git b412dd0, Maven Central)",0.6833388600498438
uspto,US07320754-20080122-C00007,NC(CCSCCCOC12#B34#B=15#C#3=2=C54)C(=O)NCC1=CC=CS1,,,,"MolVec 0.9.8 (git b412dd0, Maven Central)",0.6569003239274025
uspto,US07320754-20080122-C00008,CN(C)CCNC(=O)C(N)CCSCC(O)COC12:O34(:O):O1[C@@]23C4,,,,"MolVec 0.9.8 (git b412dd0, Maven Central)",0.6060602869838476
uspto,US07320755-20080122-C00004,O=C(NC(CCS)C(=O)NCc1ccccc1)c1ccccc1,,,,"MolVec 0.9.8 (git b412dd0, Maven Central)",0.10944626852869987
uspto,US07320755-20080122-C00007,CCCCCCNC(=O)C(CCS)NC(=O)c1ccccc1,,,,"MolVec 0.9.8 (git b412dd0, Maven Central)",0.10722131840884686
uspto,US07320755-20080122-C00010,O=C(NC(CCS)C(=O)NCc1cccnc1)c1ccccc1,,,,"MolVec 0.9.8 (git b412dd0, Maven Central)",0.10202411003410816
uspto,US07320755-20080122-C00011,CN1CCN(C(=O)C(CCS)NC(=O)c2ccccc2)CC1,,,,"MolVec 0.9.8 (git b412dd0, Maven Central)",0.08851565048098564
uspto,US07320755-20080122-C00012,O=C(NC(CCS)C(=O)NC(CO)(CO)CO)c1ccccc1,,,,"MolVec 0.9.8 (git b412dd0, Maven Central)",0.10915675945580006
uspto,US07320755-20080122-C00013,O=C(NC(CCS)C(=O)NCc1ccco1)c1ccccc1,,,,"MolVec 0.9.8 (git b412dd0, Maven Central)",0.10489508137106895
uspto,US07320755-20080122-C00014,NC(=O)CNC(=O)CNC(=O)C(CCS)NC(=O)c1ccccc1,,,,"MolVec 0.9.8 (git b412dd0, Maven Central)",0.1311272457242012
uspto,US07320755-20080122-C00015,O=C(NC(CCS)C(=O)NCCOCCO)c1ccccc1,,,,"MolVec 0.9.8 (git b412dd0, Maven Central)",0.10566212609410286
uspto,US07320755-20080122-C00016,CCCCC(=O)NC(CCS)C(=O)NC(CO)(CO)CO,,,,"MolVec 0.9.8 (git b412dd0, Maven Central)",0.08255796320736408
uspto,US07320764-20080122-C00016,COP1OCC2(CO1)COP(OO(Cl)I)OC2,,,,"MolVec 0.9.8 (git b412dd0, Maven Central)",0.12114525400102139
uspto,US07320805-20080122-C00001,CCCCCCCCCCCCCCCC(=O)NCCO,,,,"MolVec 0.9.8 (git b412dd0, Maven Central)",0.05975409038364887
uspto,US07320805-20080122-C00002,CCCC(C)(C)c1ccc2c(c1)OC(C)(C)[C@@H]1CC=C(C)C[C@@H]21,,,,"MolVec 0.9.8 (git b412dd0, Maven Central)",0.14814372174441814
uspto,US07320805-20080122-C00004,CCCCCCC(C)(C)c1ccc([C@@H]2C[C@H](O)CC[C@H]2CCCO)c(O)c1,,,,"MolVec 0.9.8 (git b412dd0, Maven Central)",0.1807448212057352
uspto,US07320805-20080122-C00005,CCCCCCC(C)(C)c1cc(O)c2c(c1)OC(C)(C)[C@@H]1CC=C(CO)C[C@@H]21,,,,"MolVec 0.9.8 (git b412dd0, Maven Central)",0.22278104536235332
uspto,US07320805-20080122-C00007,O=C1CCC/C=C\C/C=C\C/C=C\C/C=C\CCCCN1CCO,,,,"MolVec 0.9.8 (git b412dd0, Maven Central)",0.09492845088243484
uspto,US07320805-20080122-C00008,Cc1c(C(=O)NN2CCCCC2)nn(-c2ccc(Cl)cc2Cl)c1-c1ccc(Cl)cc1,,,,"MolVec 0.9.8 (git b412dd0, Maven Central)",0.15590393356978893
uspto,US07320805-20080122-C00009,Cc1c(C(=O)NN2CCCCC2)nn(-c2ccc(Cl)cc2Cl)c1-c1ccc(I)cc1,,,,"MolVec 0.9.8 (git b412dd0, Maven Central)",0.16719841957092285
uspto,US07320805-20080122-C00010,Cc1c(C(=O)NN2CCOCC2)nn(-c2ccc(Cl)cc2Cl)c1-c1ccc(I)cc1,,,,"MolVec 0.9.8 (git b412dd0, Maven Central)",0.18577563762664795
uspto,US07320831-20080122-C00004,CC(C)(C)CC(C)(C)C(=O)O,,,,"MolVec 0.9.8 (git b412dd0, Maven Central)",0.031011536717414856
uspto,US07320831-20080122-C00005,CC(C)C(C)(C(=O)O)C(C)C,,,,"MolVec 0.9.8 (git b412dd0, Maven Central)",0.027364492416381836
uspto,US07320833-20080122-C00005,[O-]C(CP(c1ccccc1)c1ccccc1)(C(F)(F)F)C(F)(F)F,,,,"MolVec 0.9.8 (git b412dd0, Maven Central)",0.1459435522556305
uspto,US07320833-20080122-C00011,Fc1ccc(-c2ccccn2)c(F)c1C(F)(F)F,,,,"MolVec 0.9.8 (git b412dd0, Maven Central)",0.15568236634135246
uspto,US07320835-20080122-C00011,Fc1ccc(-c2cc(-n3c4ccccc4c4ccccc43)ccn2)c(F)c1,,,,"MolVec 0.9.8 (git b412dd0, Maven Central)",0.15989384800195694
uspto,US07320835-20080122-C00017,Fc1ccc(-c2cc(-n3cccc3)ccn2)c(F)c1,,,,"MolVec 0.9.8 (git b412dd0, Maven Central)",0.07650612480938435
uspto,US07320835-20080122-C00022,COc1ccc2c3ccc(OC)cc3n(-c3ccnc(-c4ccc(F)cc4F)c3)c2c1,,,,"MolVec 0.9.8 (git b412dd0, Maven Central)",0.17434968054294586
uspto,US07320867-20080122-C00009,CO[C@@H]1C(COS(=O)(=O)O)O[C@@H](O[C@H]2C3O[C@@H](C)C(OS(=O)(=O)O)[C@H]2O3)C(NS(=O)(=O)O)C1O,,,,"MolVec 0.9.8 (git b412dd0, Maven Central)",0.35075124353170395
uspto,US07320955-20080122-C00006,O=C(O)CCCOC(=O)OOC(=O)c1ccccc1,,,,"MolVec 0.9.8 (git b412dd0, Maven Central)",0.08167062699794769
uspto,US07320955-20080122-C00011,CCCCCCCCC(C)(C)CCCC(=O)Oc1ccc(S(=O)(=O)O)cc1,,,,"MolVec 0.9.8 (git b412dd0, Maven Central)",0.0826601143926382
uspto,US07320955-20080122-C00020,O=S(=O)(O)c1ccccc1C=Cc1ccc(-c2ccc(C=Cc3ccccc3S(=O)(=O)O)cc2)cc1,,,,"MolVec 0.9.8 (git b412dd0, Maven Central)",0.141097629442811
uspto,US07320961-20080122-C00001,CC(C)c1nc(CN(C)C(=O)N[C@H](C(=O)N[C@@](C)(Cc2ccccc2)C[C@H](O)[C@H](Cc2ccccc2)NC(=O)OCc2cncs2)C(C)C)cs1,,,,"MolVec 0.9.8 (git b412dd0, Maven Central)",0.6464969962835312
uspto,US07320965-20080122-C00002,CCOC(=O)CCNCC(=O)OCC,,,,"MolVec 0.9.8 (git b412dd0, Maven Central)",0.09366922453045845
uspto,US07320965-20080122-C00003,CCCCCCC(=O)N(CCC(=O)OCC)CC(=O)OCC,,,,"MolVec 0.9.8 (git b412dd0, Maven Central)",0.13801073096692562
uspto,US07320965-20080122-C00004,CCOC(=O)CCN(CC(=O)OCC)C(=O)CCCCCN,,,,"MolVec 0.9.8 (git b412dd0, Maven Central)",0.10305551253259182
uspto,US07320965-20080122-C00005,CCOC(=O)CCN(CC(=O)OCC)C(=O)CCCCCNC(=O)O[C@H]1CC[C@@]2(C)C(=CCC3C2CC[C@@]2(C)C3CC[C@@H]2C(C)CCCC(C)C)C1,,,,"MolVec 0.9.8 (git b412dd0, Maven Central)",0.4344181530177593
uspto,US07320965-20080122-C00006,CCOC(=O)C1CN(C(=O)CCCCCNC(=O)O[C@H]2CC[C@@]3(C)C(=CCC4C3CC[C@@]3(C)C4CC[C@@H]3C(C)CCCC(C)C)C2)CC1=O,,,,"MolVec 0.9.8 (git b412dd0, Maven Central)",0.4974083472043276
uspto,US07320965-20080122-C00007,CC(C)CCCC(C)[C@H]1CCC2C3CC=C4C[C@@H](OC(=O)NCCCCCC(=O)N5CC(O)C(CO)C5)CC[C@]4(C)C3CC[C@@]21C,,,,"MolVec 0.9.8 (git b412dd0, Maven Central)",0.43106794357299805
uspto,US07320965-20080122-C00008,COc1ccc(C(CCC2CN(C(=O)CCCCCNC(=O)O[C@H]3CC[C@@]4(C)C(=CCC5C4CC[C@@]4(C)C5CC[C@@H]4C(C)CCCC(C)C)C3)CC2O)(c2ccccc2)c2ccc(OC)cc2)cc1,,,,"MolVec 0.9.8 (git b412dd0, Maven Central)",0.6632631383836269
uspto,US07320965-20080122-C00009,COc1ccc(C(OCC2CN(C(=O)CCCCCNC(=O)OC3CC[C@@]4(C)C(=CCC5C4CC[C@@]4(C)C5CC[C@@H]4C(C)CCCC(C)C)C3)CC2OC(=O)CCC(=O)O)(c2ccccc2)c2ccc(OC)cc2)cc1,,,,"MolVec 0.9.8 (git b412dd0, Maven Central)",0.6568738184869289
uspto,US07320967-20080122-C00001,Nc1c(Cl)nc(-c2ccccc2)nc1Cl,,,,"MolVec 0.9.8 (git b412dd0, Maven Central)",0.07270037569105625
uspto,US07320967-20080122-C00002,O=C(Nc1ncc2c(n1)CC(c1ccccc1Cl)CC2=O)c1ccccc1,,,,"MolVec 0.9.8 (git b412dd0, Maven Central)",0.13284100033342838
uspto,US07320967-20080122-C00006,CCOC(=O)Cc1nnn(-c2ccccc2)n1,,,,"MolVec 0.9.8 (git b412dd0, Maven Central)",0.06452306360006332
uspto,US07320967-20080122-C00007,O=C(O)Cc1nnn(-c2ccccc2)n1,,,,"MolVec 0.9.8 (git b412dd0, Maven Central)",0.0649120882153511
uspto,US07320967-20080122-C00008,COc1cc(C(=O)Cc2nnn(-c3ccccc3)n2)cc(OC)c1OC,,,,"MolVec 0.9.8 (git b412dd0, Maven Central)",0.10654806531965733
uspto,US07320967-20080122-C00009,O=C(O)c1ccc(C(=O)Cc2nnn(-c3ccccc3)n2)cc1,,,,"MolVec 0.9.8 (git b412dd0, Maven Central)",0.0902405995875597
uspto,US07320967-20080122-C00010,O=C(Cc1nnn(-c2ccccc2)n1)c1ccc(OCc2ccccc2)cc1,,,,"MolVec 0.9.8 (git b412dd0, Maven Central)",0.09604567103087902
uspto,US07320967-20080122-C00011,COCC(C(=O)c1ccccc1)c1nnn(-c2ccccc2)n1,,,,"MolVec 0.9.8 (git b412dd0, Maven Central)",0.08768710494041443
uspto,US07320967-20080122-C00016,NC(=O)Cn1nnc(-c2ccccc2)n1,,,,"MolVec 0.9.8 (git b412dd0, Maven Central)",0.0675257220864296
uspto,US07320967-20080122-C00017,COc1ccccc1NC(=O)Cn1nnc(-c2ccc3ccccc3c2)n1,,,,"MolVec 0.9.8 (git b412dd0, Maven Central)",0.13164169527590275
uspto,US07320967-20080122-C00018,COc1ccc(-c2nnn(CC(=O)Nc3ccccc3OC)n2)cc1,,,,"MolVec 0.9.8 (git b412dd0, Maven Central)",0.1257236711680889
uspto,US07320967-20080122-C00019,O=C(Cn1nnc(-c2ccccc2)n1)NCCCO,,,,"MolVec 0.9.8 (git b412dd0, Maven Central)",0.09046271443367004
uspto,US07320967-20080122-C00020,COc1ccccc1NC(=O)C(CO)n1nnc(-c2ccccc2)n1,,,,"MolVec 0.9.8 (git b412dd0, Maven Central)",0.11096422746777534
uspto,US07320967-20080122-C00021,COCC(C(=O)Nc1ccccc1OC)n1nnc(-c2ccccc2)n1,,,,"MolVec 0.9.8 (git b412dd0, Maven Central)",0.12030578404664993
uspto,US07320971-20080122-C00001,C[C@@H]1CC2(N=CCS2)C2(O)O[C@@H]3C[C@]4(C=O)C5CC[C@]6(C)[C@@H]([N+]7=CC(=O)OC7)CC[C@]6(O)[C@@H]5CC[C@H]4C[C@H]3O[C@@H]2O1,,,,"MolVec 0.9.8 (git b412dd0, Maven Central)",0.6521912012249231
uspto,US07320971-20080122-C00004,CC1CC2(NC(=O)CS2)C2(O)OC3CC4(C=O)C(CCC5C4CCC4(C)C(C6=CC(=O)OC6)CCC54O)CC3OC2O1,,,,"MolVec 0.9.8 (git b412dd0, Maven Central)",0.46379347890615463
uspto,US07320972-20080122-C00016,CC(C)OC1O[C@H](CO)[C@@H](O[C@@H]2O[C@H](COC(=O)Nc3ccccc3F)[C@@H](OC(=O)Nc3ccccc3F)[C@H](O)[C@H]2O)[C@H](O)[C@H]1O,,,,"MolVec 0.9.8 (git b412dd0, Maven Central)",0.5020762532949448
uspto,US07320972-20080122-C00018,COc1cc(-c2ccc([C@@H]3[C@@H](CC[C@H](O)c4ccc(F)cc4)C(=O)N3c3ccc(F)cc3)cc2)cc(C)c1O,,,,"MolVec 0.9.8 (git b412dd0, Maven Central)",0.3467028196901083
uspto,US07320972-20080122-C00051,O=C1[C@H](CC[C@H](O)c2ccc(F)cc2)[C@@H](c2ccc(OS(=O)(=O)C(F)(F)F)cc2)N1c1ccc(F)cc1,,,,"MolVec 0.9.8 (git b412dd0, Maven Central)",0.2688347715884447
uspto,US07320972-20080122-C00052,O=C1[C@H](CC[C@H](O)c2ccc(F)cc2)[C@@H](c2ccc(-c3ccc(O)cc3)cc2)N1c1ccc(F)cc1,,,,"MolVec 0.9.8 (git b412dd0, Maven Central)",0.30250568874180317
uspto,US07320972-20080122-C00053,O=C1[C@H](CC[C@H](O)c2ccc(F)cc2)[C@@H](c2ccc(-c3ccccc3)cc2)N1c1ccc(F)cc1,,,,"MolVec 0.9.8 (git b412dd0, Maven Central)",0.25736679695546627
uspto,US07320972-20080122-C00054,O=C1[C@H](CC[C@H](O)c2ccc(F)cc2)[C@@H](c2ccc(-c3cccc(O)c3)cc2)N1c1ccc(F)cc1,,,,"MolVec 0.9.8 (git b412dd0, Maven Central)",0.28814405761659145
uspto,US07320972-20080122-C00055,COc1ccc(-c2ccc([C@@H]3[C@@H](CC[C@H](O)c4ccc(F)cc4)C(=O)N3c3ccc(F)cc3)cc2)cc1,,,,"MolVec 0.9.8 (git b412dd0, Maven Central)",0.28762825578451157
uspto,US07320972-20080122-C00056,O=C1[C@H](CC[C@H](O)c2ccc(F)cc2)[C@@H](c2ccc(O)c(-c3ccccc3)c2)N1c1ccc(F)cc1,,,,"MolVec 0.9.8 (git b412dd0, Maven Central)",0.2610590495169163
uspto,US07320972-20080122-C00057,O=C1[C@H](CC[C@H](O)c2ccc(F)cc2)[C@@H](c2ccc(-c3ccccc3O)cc2)N1c1ccc(F)cc1,,,,"MolVec 0.9.8 (git b412dd0, Maven Central)",0.2878785878419876
uspto,US07320972-20080122-C00058,CS(=O)(=O)c1ccc(-c2ccc([C@@H]3[C@@H](CC[C@H](O)c4ccc(F)cc4)C(=O)N3c3ccc(F)cc3)cc2)cc1,,,,"MolVec 0.9.8 (git b412dd0, Maven Central)",0.3228164669126272
uspto,US07320972-20080122-C00059,COc1cc(-c2ccc([C@@H]3[C@@H](CC[C@H](O)c4ccc(F)cc4)C(=O)N3c3ccc(F)cc3)cc2)cc(OC)c1OC,,,,"MolVec 0.9.8 (git b412dd0, Maven Central)",0.3187029827386141
uspto,US07320972-20080122-C00060,CS(=O)(=O)c1cccc(-c2ccc([C@@H]3[C@@H](CC[C@H](O)c4ccc(F)cc4)C(=O)N3c3ccc(F)cc3)cc2)c1,,,,"MolVec 0.9.8 (git b412dd0, Maven Central)",0.324180668219924
uspto,US07320972-20080122-C00061,COc1cccc(-c2ccc([C@@H]3[C@@H](CC[C@H](O)c4ccc(F)cc4)C(=O)N3c3ccc(F)cc3)cc2)c1OC,,,,"MolVec 0.9.8 (git b412dd0, Maven Central)",0.3075448554009199
uspto,US07320972-20080122-C00062,COc1cccc(-c2ccc([C@@H]3[C@@H](CC[C@H](O)c4ccc(F)cc4)C(=O)N3c3ccc(F)cc3)cc2)c1,,,,"MolVec 0.9.8 (git b412dd0, Maven Central)",0.2902755569666624
uspto,US07320972-20080122-C00063,O=Cc1cccc(-c2ccc([C@@H]3[C@@H](CC[C@H](O)c4ccc(F)cc4)C(=O)N3c3ccc(F)cc3)cc2)c1,,,,"MolVec 0.9.8 (git b412dd0, Maven Central)",0.30299932695925236
uspto,US07320972-20080122-C00064,N#Cc1cccc(-c2ccc([C@@H]3[C@@H](CC[C@H](O)c4ccc(F)cc4)C(=O)N3c3ccc(F)cc3)cc2)c1,,,,"MolVec 0.9.8 (git b412dd0, Maven Central)",0.30658148042857647
uspto,US07320972-20080122-C00065,CN(C)S(=O)(=O)c1ccc(-c2ccc([C@@H]3[C@@H](CC[C@H](O)c4ccc(F)cc4)C(=O)N3c3ccc(F)cc3)cc2)cc1,,,,"MolVec 0.9.8 (git b412dd0, Maven Central)",0.3115499075502157
uspto,US07320972-20080122-C00066,O=C1[C@H](CC[C@H](O)c2ccc(F)cc2)[C@@H](c2ccc(-c3cccc(CO)c3)cc2)N1c1ccc(F)cc1,,,,"MolVec 0.9.8 (git b412dd0, Maven Central)",0.2992226853966713
uspto,US07320972-20080122-C00067,CN(C)c1ccc(-c2ccc([C@@H]3[C@@H](CC[C@H](O)c4ccc(F)cc4)C(=O)N3c3ccc(F)cc3)cc2)cc1,,,,"MolVec 0.9.8 (git b412dd0, Maven Central)",0.3056728467345238
uspto,US07320972-20080122-C00068,O=C1[C@H](CC[C@H](O)c2ccc(F)cc2)[C@@H](c2ccc(-c3ccc(CO)cc3)cc2)N1c1ccc(F)cc1,,,,"MolVec 0.9.8 (git b412dd0, Maven Central)",0.3018128667026758
uspto,US07320972-20080122-C00069,O=C1[C@H](CC[C@H](O)c2ccc(F)cc2)[C@@H](c2ccc(-c3cc(O)ccc3Br)cc2)N1c1ccc(F)cc1,,,,"MolVec 0.9.8 (git b412dd0, Maven Central)",0.30126981623470783
uspto,US07320972-20080122-C00070,O=C(O)[C@@H]1O[C@H](Oc2cccc(-c3ccc([C@@H]4[C@@H](CC[C@H](O)c5ccc(F)cc5)C(=O)N4c4ccc(F)cc4)cc3)c2)[C@@H](O)[C@H](O)[C@H]1O,,,,"MolVec 0.9.8 (git b412dd0, Maven Central)",0.4535702634602785
uspto,US07320972-20080122-C00071,O=C(O)c1cccc(-c2ccc([C@@H]3[C@@H](CC[C@H](O)c4ccc(F)cc4)C(=O)N3c3ccc(F)cc3)cc2)c1,,,,"MolVec 0.9.8 (git b412dd0, Maven Central)",0.317353880032897
uspto,US07320972-20080122-C00072,O=C(O)c1ccc(-c2ccc([C@@H]3[C@@H](CC[C@H](O)c4ccc(F)cc4)C(=O)N3c3ccc(F)cc3)cc2)cc1,,,,"MolVec 0.9.8 (git b412dd0, Maven Central)",0.3113397751003504
uspto,US07320972-20080122-C00073,O=C1[C@H](CC[C@H](O)c2ccc(F)cc2)[C@@H](c2ccc(-c3cccc([N+](=O)O)c3)cc2)N1c1ccc(F)cc1,,,,"MolVec 0.9.8 (git b412dd0, Maven Central)",0.31454052589833736
uspto,US07320972-20080122-C00074,CC(=O)Nc1cccc(-c2ccc([C@@H]3[C@@H](CC[C@H](O)c4ccc(F)cc4)C(=O)N3c3ccc(F)cc3)cc2)c1,,,,"MolVec 0.9.8 (git b412dd0, Maven Central)",0.3209992628544569
uspto,US07320972-20080122-C00075,Nc1ccc(-c2ccc([C@@H]3[C@@H](CC[C@H](O)c4ccc(F)cc4)C(=O)N3c3ccc(F)cc3)cc2)cc1,,,,"MolVec 0.9.8 (git b412dd0, Maven Central)",0.329767232760787
uspto,US07320972-20080122-C00076,O=C1[C@H](CC[C@H](O)c2ccc(F)cc2)[C@@H](c2ccc(-c3cccc(F)c3F)cc2)N1c1ccc(F)cc1,,,,"MolVec 0.9.8 (git b412dd0, Maven Central)",0.28995797224342823
uspto,US07320972-20080122-C00085,O=C(CCCC(=O)N1C(=O)OC[C@@H]1Cc1ccccc1)c1ccc(F)cc1,,,,"MolVec 0.9.8 (git b412dd0, Maven Central)",0.11890591308474541
uspto,US07320972-20080122-C00086,O=C(CCC[C@H](O)c1ccc(F)cc1)N1C(=O)OC[C@@H]1Cc1ccccc1,,,,"MolVec 0.9.8 (git b412dd0, Maven Central)",0.11151750758290291
uspto,US07320972-20080122-C00088,C=CCOc1cc(Br)ccc1/C=N/c1ccccc1,,,,"MolVec 0.9.8 (git b412dd0, Maven Central)",0.08475785329937935
uspto,US07320972-20080122-C00092,O=C1[C@H](CC[C@H](O)c2ccc(F)cc2)[C@@H](c2ccc(-c3cccc(O)c3)cc2O)N1c1ccccc1,,,,"MolVec 0.9.8 (git b412dd0, Maven Central)",0.3429793156683445
uspto,US07320972-20080122-C00093,O=C1[C@H](CC[C@H](O)c2ccc(F)cc2)[C@@H](c2cccc(Br)c2)N1c1ccc(F)cc1,,,,"MolVec 0.9.8 (git b412dd0, Maven Central)",0.19976003281772137
uspto,US07320972-20080122-C00094,O=C1[C@H](CC[C@H](O)c2ccc(F)cc2)[C@@H](c2cccc(-c3cccc(O)c3)c2)N1c1ccc(F)cc1,,,,"MolVec 0.9.8 (git b412dd0, Maven Central)",0.2534641958773136
uspto,US07320972-20080122-C00095,O=C1[C@H](CC[C@H](O)c2ccc(F)cc2)[C@@H](c2cccc(-c3ccc(O)cc3)c2)N1c1ccc(F)cc1,,,,"MolVec 0.9.8 (git b412dd0, Maven Central)",0.232020303606987
uspto,US07320972-20080122-C00096,O=C1[C@H](CC[C@H](O)c2ccc(F)cc2)[C@@H](c2ccc(Br)cc2)N1c1ccccc1,,,,"MolVec 0.9.8 (git b412dd0, Maven Central)",0.2473739329725504
uspto,US07320972-20080122-C00097,O=C1[C@H](CC[C@H](O)c2ccc(F)cc2)[C@@H](c2ccc(Br)cn2)N1c1ccccc1,,,,"MolVec 0.9.8 (git b412dd0, Maven Central)",0.2567011918872595
uspto,US07320972-20080122-C00098,O=C1[C@H](CC[C@H](O)c2ccc(F)cc2)[C@@H](c2ccc(Br)s2)N1c1ccccc1,,,,"MolVec 0.9.8 (git b412dd0, Maven Central)",0.2893141284584999
uspto,US07320972-20080122-C00099,O=C1[C@H](CC[C@H](O)c2ccc(F)cc2)[C@@H](c2ccc(-c3cccc(O)c3)cn2)N1c1ccccc1,,,,"MolVec 0.9.8 (git b412dd0, Maven Central)",0.3195667080581188
uspto,US07320972-20080122-C00100,O=C1[C@H](CC[C@H](O)c2ccc(F)cc2)[C@@H](c2ccc(-c3cccc(O)c3)s2)N1c1ccccc1,,,,"MolVec 0.9.8 (git b412dd0, Maven Central)",0.411618635058403
uspto,US07320972-20080122-C00101,O=C1[C@H](CC[C@H](O)c2ccc(F)cc2)[C@@H](c2ccc(-c3ccc(O)cc3)s2)N1c1ccccc1,,,,"MolVec 0.9.8 (git b412dd0, Maven Central)",0.3251267094165087
uspto,US07320972-20080122-C00105,O=C1[C@H](CC[C@H](O)c2ccc(F)cc2)[C@@H](c2ccc(-c3cccc(P(=O)(O)O)c3)cc2)N1c1ccccc1,,,,"MolVec 0.9.8 (git b412dd0, Maven Central)",0.3853480312973261
uspto,US07320972-20080122-C00106,O=C1[C@H](CC[C@H](O)c2ccc(F)cc2)[C@@H](c2ccc(-c3cccc(O)c3)cc2)N1c1ccccc1,,,,"MolVec 0.9.8 (git b412dd0, Maven Central)",0.3148874454200268
uspto,US07320972-20080122-C00107,O=C1[C@H](CC[C@H](O)c2ccc(F)cc2)[C@@H](c2ccc(-c3cccc(OS(=O)(=O)C(F)(F)F)c3)cc2)N1c1ccccc1,,,,"MolVec 0.9.8 (git b412dd0, Maven Central)",0.4168305639177561
uspto,US07320972-20080122-C00110,O=C1[C@H](CC[C@H](O)c2ccc(F)cc2)[C@@H](c2ccc(-c3cccc(P(=O)(O)O)c3)cc2O)N1c1ccccc1,,,,"MolVec 0.9.8 (git b412dd0, Maven Central)",0.3941931389272213
uspto,US07320972-20080122-C00111,CC(=O)OC[C@H]1O[C@@H](c2cccc(Br)c2)[C@H](OC(C)=O)[C@@H](OC(C)=O)[C@@H]1OC(C)=O,,,,"MolVec 0.9.8 (git b412dd0, Maven Central)",0.17115431278944016
uspto,US07320972-20080122-C00112,CC(=O)OC[C@H]1O[C@@H](c2ccc(Br)cc2)[C@H](OC(C)=O)[C@@H](OC(C)=O)[C@@H]1OC(C)=O,,,,"MolVec 0.9.8 (git b412dd0, Maven Central)",0.16703882068395615
uspto,US07320972-20080122-C00113,O=C1[C@H](CC[C@H](O)c2ccc(F)cc2)[C@@H](c2ccc(-c3cccc([C@@H]4O[C@H](CO)[C@@H](O)[C@H](O)[C@H]4O)c3)cc2)N1c1ccccc1,,,,"MolVec 0.9.8 (git b412dd0, Maven Central)",0.5231608264148235
uspto,US07320972-20080122-C00114,O=C1[C@H](CC[C@H](O)c2ccc(F)cc2)[C@@H](c2ccc(-c3cccc([C@@H]4O[C@H](CO)[C@@H](O)[C@H](O)[C@H]4O)c3)cc2O)N1c1ccccc1,,,,"MolVec 0.9.8 (git b412dd0, Maven Central)",0.5633483789861202
uspto,US07320972-20080122-C00115,O=C1[C@H](CC[C@H](O)c2ccc(F)cc2)[C@@H](c2ccc(-c3ccc([C@@H]4O[C@H](CO)[C@@H](O)[C@H](O)[C@H]4O)cc3)cc2O)N1c1ccccc1,,,,"MolVec 0.9.8 (git b412dd0, Maven Central)",0.44554521702229977
uspto,US07320972-20080122-C00118,CC1(C)O[C@H]2O[C@H]([C@H](O)[C@H](O)c3cccc(Br)c3)[C@H](O)[C@H]2O1,,,,"MolVec 0.9.8 (git b412dd0, Maven Central)",0.13917494378983974
uspto,US07320972-20080122-C00120,O=C1[C@H](CC[C@H](O)c2ccc(F)cc2)[C@@H](c2ccc(-c3cccc([C@H](O)[C@H]4O[C@H](O)[C@H](O)[C@@H](O)[C@@H]4O)c3)cc2)N1c1ccccc1,,,,"MolVec 0.9.8 (git b412dd0, Maven Central)",0.5689316969364882
uspto,US07320972-20080122-C00121,O=C1[C@H](CC[C@H](O)c2ccc(F)cc2)[C@@H](c2ccc(-c3cccc([C@@H](O)[C@H]4O[C@H](O)[C@H](O)[C@@H](O)[C@@H]4O)c3)cc2)N1c1ccccc1,,,,"MolVec 0.9.8 (git b412dd0, Maven Central)",0.5785440504550934
uspto,US07320972-20080122-C00122,[H][C@]1(O)[C@H](O)[C@@]([H])(O)[C@@H](O)O[C@@H]1[C@@]([H])(O)C1=CC(C2=CC(O)=O([C@H]3N(C4=CC=CC=C4)C(=O)[C@]3([H])CC[C@H](O)C3=CC=C(F)C=C3)C=C2)=CC=C1,,,,"MolVec 0.9.8 (git b412dd0, Maven Central)",0.6083236392587423
uspto,US07320972-20080122-C00123,O=C1[C@H](CC[C@H](O)c2ccc(F)cc2)[C@@H](c2ccc(-c3cccc([C@@H](O)[C@H]4O[C@H](O)[C@H](O)[C@@H](O)[C@@H]4O)c3)cc2O)N1c1ccccc1,,,,"MolVec 0.9.8 (git b412dd0, Maven Central)",0.5996432211250067
uspto,US07320972-20080122-C00124,O=C1[C@H](CC[C@H](O)c2ccc(F)cc2)[C@@H](c2ccc(-c3cccc([C@H](O)[C@@H](O)[C@@H](O)[C@H](O)[C@@H](O)CO)c3)cc2O)N1c1ccccc1,,,,"MolVec 0.9.8 (git b412dd0, Maven Central)",0.5582037791609764
uspto,US07320972-20080122-C00125,[H][C@]1(CC[C@H](O)C2=CC=C(F)C=C2)C(=O)N(C2=CC=C(F)C=C2)[C@@H]1O1=CC=C(C2=CC=CC(OC[C@H]3O[C@H](O)[C@H](O)[C@@H](O)[C@@H]3O)=C2)C=C1,,,,"MolVec 0.9.8 (git b412dd0, Maven Central)",0.7402750253677368
uspto,US07320972-20080122-C00126,CO[C@H]1O[C@H](COc2cccc(-c3ccc([C@@H]4[C@@H](CC[C@H](O)c5ccc(F)cc5)C(=O)N4c4ccc(F)cc4)cc3)c2)[C@@H](O)[C@H](O)[C@H]1O,,,,"MolVec 0.9.8 (git b412dd0, Maven Central)",0.45858880691230297
uspto,US07320972-20080122-C00127,[H][C@]1(CC[C@H](O)C2=CC=C(F)C=C2)C(=O)N(C2=CC=C(F)C=C2)[C@@H]1O1=CC=C(C2=CC=CC(OC[C@@H](O)[C@@H](O)[C@H](O)[C@@H](O)CO)=C2)C=C1,,,,"MolVec 0.9.8 (git b412dd0, Maven Central)",0.5006387326866388
uspto,US07320972-20080122-C00131,O=C1[C@H](CC[C@H](O)c2ccc(F)cc2)[C@@H](c2ccc(-c3ccc(P(=O)(O)O)cc3)cc2O)N1c1ccccc1,,,,"MolVec 0.9.8 (git b412dd0, Maven Central)",0.3945659101009369
uspto,US07320972-20080122-C00132,[H][C@]1(CC[C@H](O)C2=CC=C(F)C=C2)C(=O)N(C2=CC=CC=C2)[C@@H]1O1=C(O)C=C(C2=CC=C(S(=O)(=O)O)C=C2)C=C1,,,,"MolVec 0.9.8 (git b412dd0, Maven Central)",0.40734646283090115
uspto,US07320972-20080122-C00134,O=C1[C@H](CC[C@H](O)c2ccccc2F)[C@@H](c2ccc(-c3ccccc3O)cc2O)N1c1ccccc1,,,,"MolVec 0.9.8 (git b412dd0, Maven Central)",0.20251754857599735
uspto,US07320972-20080122-C00161,O=C1C(CCC(O)c2ccc(F)cc2)C(c2ccc(-c3cccc(O)c3)cc2)N1c1ccc(F)cc1,,,,"MolVec 0.9.8 (git b412dd0, Maven Central)",0.2800623681396246
uspto,US07320973-20080122-C00018,Cl[C@@H]1CCCN(CCc2cccnc2)C1,,,,"MolVec 0.9.8 (git b412dd0, Maven Central)",0.07191374897956848
uspto,US07320973-20080122-C00019,Fc1ccc2c(c1)COc1ccccc1N2C[C@H]1CCCN1CCc1cccnc1,,,,"MolVec 0.9.8 (git b412dd0, Maven Central)",0.13355721160769463
uspto,US07320973-20080122-C00021,Cl[C@@H]1CCCN(CCc2cncnc2)C1,,,,"MolVec 0.9.8 (git b412dd0, Maven Central)",0.0688786581158638
uspto,US07320973-20080122-C00022,Clc1ccc2c(c1)N(C[C@H]1CCCN1CCc1cncnc1)c1ccccc1OC2,,,,"MolVec 0.9.8 (git b412dd0, Maven Central)",0.14938177540898323
uspto,US07320973-20080122-C00024,Cl[C@@H]1CCCN(CCc2cnc(N3CCCC3)cn2)C1,,,,"MolVec 0.9.8 (git b412dd0, Maven Central)",0.10750038921833038
uspto,US07320973-20080122-C00025,c1ccc2c(c1)COc1cccnc1N2C[C@H]1CCCN1CCc1cnc(N2CCCC2)cn1,,,,"MolVec 0.9.8 (git b412dd0, Maven Central)",0.1825528759509325
uspto,US07320973-20080122-C00027,COc1ccc(CCN2CCC[C@@H](Cl)C2)nn1,,,,"MolVec 0.9.8 (git b412dd0, Maven Central)",0.085195766761899
uspto,US07320973-20080122-C00028,COc1ccc(CCN2CCC[C@@H]2CN2c3ccc(F)cc3OCc3cccnc32)nn1,,,,"MolVec 0.9.8 (git b412dd0, Maven Central)",0.17865623533725739
uspto,US07320973-20080122-C00030,COc1ccc(CCN2CCC[C@@H](Cl)C2)cc1,,,,"MolVec 0.9.8 (git b412dd0, Maven Central)",0.09491864778101444
uspto,US07320973-20080122-C00031,COc1ccc(CCN2CCC[C@@H]2CN2c3cc(Cl)ccc3COc3cccnc32)cc1,,,,"MolVec 0.9.8 (git b412dd0, Maven Central)",0.1699806284159422
uspto,US07320973-20080122-C00033,CN(C)c1ccc(CCN2CCC[C@@H](Cl)C2)cc1,,,,"MolVec 0.9.8 (git b412dd0, Maven Central)",0.11084947921335697
uspto,US07320973-20080122-C00034,CN(C)c1ccc(CCN2CCC[C@@H]2CN2c3ccccc3OCc3ncc(Cl)cc32)cc1,,,,"MolVec 0.9.8 (git b412dd0, Maven Central)",0.16723039001226425
uspto,US07320973-20080122-C00036,O[C@H]1CCN(CCc2cccnc2)C1,,,,"MolVec 0.9.8 (git b412dd0, Maven Central)",0.08432486094534397
uspto,US07320973-20080122-C00037,Fc1ccc2c(c1)COc1ccccc1N2[C@@H]1CCN(CCc2cccnc2)C1,,,,"MolVec 0.9.8 (git b412dd0, Maven Central)",0.22580553963780403
uspto,US07320973-20080122-C00038,Clc1ccc2c(c1)OCc1ccccc1N2,,,,"MolVec 0.9.8 (git b412dd0, Maven Central)",0.07424474693834782
uspto,US07320973-20080122-C00039,O[C@H]1CCN(CCc2cncnc2)C1,,,,"MolVec 0.9.8 (git b412dd0, Maven Central)",0.08730802498757839
uspto,US07320973-20080122-C00040,Clc1ccc2c(c1)OCc1ccccc1N2[C@@H]1CCN(CCc2cncnc2)C1,,,,"MolVec 0.9.8 (git b412dd0, Maven Central)",0.25886416248977184
uspto,US07320973-20080122-C00042,COc1cnc(CCN2CC[C@H](OS(C)(=O)=O)C2)cn1,,,,"MolVec 0.9.8 (git b412dd0, Maven Central)",0.08916148543357849
uspto,US07320973-20080122-C00043,Fc1ccc2c(c1)COc1cccnc1N2[C@@H]1CCN(CCc2cnccn2)C1,,,,"MolVec 0.9.8 (git b412dd0, Maven Central)",0.23659900203347206
uspto,US07320973-20080122-C00045,COc1cnnc(CCN2CC[C@H](O)C2)c1,,,,"MolVec 0.9.8 (git b412dd0, Maven Central)",0.12431150302290916
uspto,US07320973-20080122-C00046,COc1cnnc(CCN2CC[C@@H](N3c4ccc(F)cc4OCc4cccnc43)C2)c1,,,,"MolVec 0.9.8 (git b412dd0, Maven Central)",0.23554441519081593
uspto,US07320973-20080122-C00048,CS(=O)(=O)O[C@H]1CCN(CCc2ccc3c(c2)OCO3)C1,,,,"MolVec 0.9.8 (git b412dd0, Maven Central)",0.08269321918487549
uspto,US07320973-20080122-C00049,Clc1ccc2c(c1)N([C@@H]1CCN(CCc3ccc4c(c3)OCO4)C1)c1ncccc1OC2,,,,"MolVec 0.9.8 (git b412dd0, Maven Central)",0.2082534357905388
uspto,US07320973-20080122-C00051,CS(=O)(=O)O[C@H]1CCN(CCc2ccc(N3CCCC3)cc2)C1,,,,"MolVec 0.9.8 (git b412dd0, Maven Central)",0.15725697949528694
uspto,US07320973-20080122-C00052,Clc1cnc2c(c1)N([C@@H]1CCN(CCc3ccc(N4CCCC4)cc3)C1)c1ccccc1OC2,,,,"MolVec 0.9.8 (git b412dd0, Maven Central)",0.22705749608576298
uspto,US07320973-20080122-C00054,CS(=O)(=O)OCCc1ccc(N2CCCC2)cc1,,,,"MolVec 0.9.8 (git b412dd0, Maven Central)",0.0438358448445797
uspto,US07320973-20080122-C00055,CN(CCc1ccc(N2CCCC2)cc1)CCN1c2ccccc2COc2cccnc21,,,,"MolVec 0.9.8 (git b412dd0, Maven Central)",0.16167647391557693
uspto,US07320973-20080122-C00056,Fc1cnc2c(c1)Nc1ccccc1OC2,,,,"MolVec 0.9.8 (git b412dd0, Maven Central)",0.0595951359719038
uspto,US07320973-20080122-C00057,COc1cccc(CCOS(C)(=O)=O)c1,,,,"MolVec 0.9.8 (git b412dd0, Maven Central)",0.0517188124358654
uspto,US07320973-20080122-C00058,COc1cccc(CCN(C)CCN2c3ccccc3OCc3ncc(F)cc32)c1,,,,"MolVec 0.9.8 (git b412dd0, Maven Central)",0.13844787329435349
uspto,US07320973-20080122-C00060,CS(=O)(=O)OCCc1ncc(N2CCCC2)cn1,,,,"MolVec 0.9.8 (git b412dd0, Maven Central)",0.048743776977062225
uspto,US07320973-20080122-C00061,CN(CCc1ncc(N2CCCC2)cn1)CCN1c2ccccc2OCc2cccnc21,,,,"MolVec 0.9.8 (git b412dd0, Maven Central)",0.15432865731418133
uspto,US07320973-20080122-C00063,COc1cc(CCOS(C)(=O)=O)ccn1,,,,"MolVec 0.9.8 (git b412dd0, Maven Central)",0.050389258190989494
uspto,US07320973-20080122-C00064,COc1cc(CCN(C)CCN2c3cc(F)ccc3OCc3cccnc32)ccn1,,,,"MolVec 0.9.8 (git b412dd0, Maven Central)",0.13637742958962917
uspto,US07320973-20080122-C00066,COCCc1cnc(OC)cn1,,,,"MolVec 0.9.8 (git b412dd0, Maven Central)",0.0660963524132967
uspto,US07320973-20080122-C00067,COc1cnc(CCN(C)CCN2c3cc(Cl)ccc3COc3ccccc32)cn1,,,,"MolVec 0.9.8 (git b412dd0, Maven Central)",0.1604313924908638
uspto,US07320973-20080122-C00068,Fc1ccc2c(c1)Nc1ccccc1CO2,,,,"MolVec 0.9.8 (git b412dd0, Maven Central)",0.06679880246520042
uspto,US07320973-20080122-C00069,CN(C)c1ccc(CCO)cn1,,,,"MolVec 0.9.8 (git b412dd0, Maven Central)",0.046017080545425415
uspto,US07320973-20080122-C00070,CN(CCc1ccc(N(C)C)nc1)CCN1c2ccccc2COc2ccc(F)cc21,,,,"MolVec 0.9.8 (git b412dd0, Maven Central)",0.17505289614200592
uspto,US07320974-20080122-C00010,C=CCCC[C@@H]1C[C@@H](OC(=O)/C=C(/C)CCC=C)C[C@](O)([C@@H]2CSC(=O)N2)O1,,,,"MolVec 0.9.8 (git b412dd0, Maven Central)",0.29985362850129604
uspto,US07320974-20080122-C00011,C=CCCC[C@@H]1C[C@@H](NC(=O)/C=C(/C)CCC=C)C[C@](O)([C@@H]2CSC(=O)N2)O1,,,,"MolVec 0.9.8 (git b412dd0, Maven Central)",0.28024537302553654
uspto,US07320974-20080122-C00012,CCCCC[C@@H]1C[C@@H](OC(=O)/C=C(/C)CCCC)C[C@](O)([C@@H]2CSC(=O)N2)O1,,,,"MolVec 0.9.8 (git b412dd0, Maven Central)",0.2951035816222429
uspto,US07320974-20080122-C00013,C=CCCC[C@@H]1C[C@@H](OC(=O)C=C(C)C)C[C@](O)([C@@H]2CSC(=O)N2)O1,,,,"MolVec 0.9.8 (git b412dd0, Maven Central)",0.2754762563854456
uspto,US07320974-20080122-C00014,C=CCCC[C@@H]1C[C@@H](OC(=O)c2ccccc2)C[C@](O)([C@@H]2CSC(=O)N2)O1,,,,"MolVec 0.9.8 (git b412dd0, Maven Central)",0.2503472566604614
uspto,US07320974-20080122-C00015,C=CCCC[C@@H]1C[C@@H](OC(=O)c2ccc(OC)cc2)C[C@](O)([C@@H]2CSC(=O)N2)O1,,,,"MolVec 0.9.8 (git b412dd0, Maven Central)",0.2629627175629139
uspto,US07320974-20080122-C00016,C=CCCC[C@@H]1C[C@@H](OC(=O)c2ccc(S(C)(=O)=O)cc2)C[C@](O)([C@@H]2CSC(=O)N2)O1,,,,"MolVec 0.9.8 (git b412dd0, Maven Central)",0.28682481683790684
uspto,US07320974-20080122-C00017,C=CCC/C(C)=C\C(=O)O[C@@H]1C[C@@H](CCc2ccccc2)O[C@@](O)([C@@H]2CSC(=O)N2)C1,,,,"MolVec 0.9.8 (git b412dd0, Maven Central)",0.2831572759896517
uspto,US07320974-20080122-C00018,CC(C)=CC(=O)O[C@@H]1C[C@@H](CCc2ccccc2)O[C@@](O)([C@@H]2CSC(=O)N2)C1,,,,"MolVec 0.9.8 (git b412dd0, Maven Central)",0.27027432434260845
uspto,US07320974-20080122-C00019,O=C1N[C@H]([C@@]2(O)C[C@H](OC(=O)c3ccccc3)C[C@@H](CCc3ccccc3)O2)CS1,,,,"MolVec 0.9.8 (git b412dd0, Maven Central)",0.27431244775652885
uspto,US07320974-20080122-C00020,CC[C@@H]1C[C@@H](OC(=O)c2ccccc2)C[C@](O)([C@@H]2CSC(=O)N2)O1,,,,"MolVec 0.9.8 (git b412dd0, Maven Central)",0.260321406647563
uspto,US07320974-20080122-C00040,C/C1=C/C(=O)O[C@@H]2C[C@@H](CCC/C=C\CC1)O[C@@](O)([C@@H]1COC(=O)N1)C2,,,,"MolVec 0.9.8 (git b412dd0, Maven Central)",0.2759644240140915
uspto,US07320974-20080122-C00041,C/C1=C/C(=O)O[C@@H]2C[C@@H](CC[C@H](C)/C=C\CC1)O[C@@](O)([C@@H]1CCSC(=O)N1)C2,,,,"MolVec 0.9.8 (git b412dd0, Maven Central)",0.3132781535387039
uspto,US07320974-20080122-C00042,C/C1=C/C(=O)O[C@@H]2C[C@@H](CCC/C=C\CC1)O[C@@](O)(c1cn(C)c(=O)[nH]1)C2,,,,"MolVec 0.9.8 (git b412dd0, Maven Central)",0.2632418405264616
uspto,US07320974-20080122-C00043,[H][C@@]1([C@@]2(O)C[C@H]3C[C@@H](CC[C@H](C)/C=C\CC/C([H]C)=C\C(=O)O3)O2)CSC(=O)N1,,,,"MolVec 0.9.8 (git b412dd0, Maven Central)",0.2947421595454216
uspto,US07320974-20080122-C00044,C/C1=C(\C)C(=O)O[C@@H]2C[C@@H](CC[C@H](C)/C=C\CC1)O[C@@](O)([C@@H]1CSC(=O)N1)C2,,,,"MolVec 0.9.8 (git b412dd0, Maven Central)",0.30028240382671356
uspto,US07320974-20080122-C00045,C[C@@H]1/C=C\CCC2=C(CCC2)C(=O)O[C@@H]2C[C@@H](CC1)O[C@@](O)([C@@H]1CSC(=O)N1)C2,,,,"MolVec 0.9.8 (git b412dd0, Maven Central)",0.28963727317750454
uspto,US07320974-20080122-C00046,C[C@@H]1/C=C\CCc2ccccc2C(=O)O[C@@H]2C[C@@H](CC1)O[C@@](O)([C@@H]1CSC(=O)N1)C2,,,,"MolVec 0.9.8 (git b412dd0, Maven Central)",0.29112818092107773
uspto,US07320974-20080122-C00047,O=C1N[C@H]([C@@]2(O)C[C@H]3C[C@@H](CCC/C=C\Cc4cccc(c4)C(=O)O3)O2)CS1,,,,"MolVec 0.9.8 (git b412dd0, Maven Central)",0.27622169628739357
uspto,US07320974-20080122-C00048,[H][C@@]1([C@@]2(O)C[C@H]3C[C@@H](CCC([H]C)/C=C\CC/C(C)=C\C(=O)O3)O2)CSC(=O)N1,,,,"MolVec 0.9.8 (git b412dd0, Maven Central)",0.28065526485443115
uspto,US07320974-20080122-C00049,C/C1=C/C(=O)O[C@@H]2C[C@@H](CCC(C)(C)/C=C\CC1)O[C@@](O)([C@@H]1CSC(=O)N1)C2,,,,"MolVec 0.9.8 (git b412dd0, Maven Central)",0.37789216823875904
uspto,US07320974-20080122-C00050,C/C1=C/C(=O)O[C@@H]2C[C@@H](CC[C@H](C)c3ccccc3CC1)O[C@@](O)([C@@H]1CSC(=O)N1)C2,,,,"MolVec 0.9.8 (git b412dd0, Maven Central)",0.3403226677328348
uspto,US07320974-20080122-C00051,C/C1=C/C(=O)O[C@@H]2C[C@@H](CC[C@H](C)c3sccc3CC1)O[C@@](O)([C@@H]1CSC(=O)N1)C2,,,,"MolVec 0.9.8 (git b412dd0, Maven Central)",0.3352530412375927
uspto,US07320974-20080122-C00052,C/C1=C/C(=O)O[C@@H]2C[C@@H](CCCc3ccncc3CCCC1)O[C@@](O)([C@@H]1CSC(=O)N1)C2,,,,"MolVec 0.9.8 (git b412dd0, Maven Central)",0.31768652610480785
uspto,US07320974-20080122-C00053,CC(=O)N1CCCCC(=O)O[C@@H]2C[C@@H](CCCC1)O[C@@](O)([C@@H]1CSC(=O)N1)C2,,,,"MolVec 0.9.8 (git b412dd0, Maven Central)",0.29488295689225197
uspto,US07320974-20080122-C00054,C[C@H]1CC[C@@H]2C[C@H](C[C@](O)([C@@H]3CSC(=O)N3)O2)OC(=O)CCCCOC1,,,,"MolVec 0.9.8 (git b412dd0, Maven Central)",0.2697365451604128
uspto,US07320974-20080122-C00055,O=C1CCCCCSCCC[C@@H]2C[C@H](C[C@](O)([C@@H]3CSC(=O)N3)O2)O1,,,,"MolVec 0.9.8 (git b412dd0, Maven Central)",0.2636287081986666
uspto,US07320974-20080122-C00059,COc1ccc(C2N[C@H](C(=O)O)CS2)cc1,,,,"MolVec 0.9.8 (git b412dd0, Maven Central)",0.055734783411026
uspto,US07320974-20080122-C00060,COc1ccc(CN[C@@H](CS)C(=O)O)cc1,,,,"MolVec 0.9.8 (git b412dd0, Maven Central)",0.07130472920835018
uspto,US07320974-20080122-C00061,COc1ccc(CN2C(=O)SC[C@H]2C(=O)O)cc1,,,,"MolVec 0.9.8 (git b412dd0, Maven Central)",0.04220559448003769
uspto,US07320974-20080122-C00062,COc1ccc(CN2C(=O)SC[C@H]2C(=O)N(C)OC)cc1,,,,"MolVec 0.9.8 (git b412dd0, Maven Central)",0.056458091363310814
uspto,US07320974-20080122-C00063,COc1ccc(CN2C(=O)SC[C@H]2C(C)=O)cc1,,,,"MolVec 0.9.8 (git b412dd0, Maven Central)",0.05174185894429684
uspto,US07320974-20080122-C00064,C=CCCC[C@@H](O)CC(=O)N1C(=S)SC[C@H]1C(C)C,,,,"MolVec 0.9.8 (git b412dd0, Maven Central)",0.0973606575280428
uspto,US07320974-20080122-C00070,CC[C@@H]1CC(O)CC(O)(C2CSC(=O)N2Cc2ccc(OC)cc2)O1,,,,"MolVec 0.9.8 (git b412dd0, Maven Central)",0.08861562982201576
uspto,US07320974-20080122-C00071,C=CCCC[C@@H]1C[C@H](O)C[C@](OC)([C@@H]2CSC(=O)N2Cc2ccc(OC)cc2)O1,,,,"MolVec 0.9.8 (git b412dd0, Maven Central)",0.10365585051476955
uspto,US07320974-20080122-C00072,C=CCCC[C@@H]1C[C@@H](O)CC(OC)(C2CSC(=O)N2Cc2ccc(OC)cc2)O1,,,,"MolVec 0.9.8 (git b412dd0, Maven Central)",0.1174512542784214
uspto,US07320974-20080122-C00073,C=C[C@@H](C)CC[C@@H]1C[C@H](O)C[C@](OC)([C@@H]2CSC(=O)N2Cc2ccc(OC)cc2)O1,,,,"MolVec 0.9.8 (git b412dd0, Maven Central)",0.12531482800841331
uspto,US07320974-20080122-C00074,COc1ccc(CN2C(=O)SC[C@H]2[C@@]2(OC)C[C@H](O)C[C@@H](CCc3ccccc3)O2)cc1,,,,"MolVec 0.9.8 (git b412dd0, Maven Central)",0.1407253947108984
uspto,US07320974-20080122-C00075,COc1ccc(CN2C(=O)SC[C@H]2[C@@]2(OC)C[C@@H](O)C[C@@H](CCc3ccccc3)O2)cc1,,,,"MolVec 0.9.8 (git b412dd0, Maven Central)",0.1408897526562214
uspto,US07320974-20080122-C00076,CC[C@@H]1C[C@@H](O)CC(OC)(C2CSC(=O)N2Cc2ccc(OC)cc2)O1,,,,"MolVec 0.9.8 (git b412dd0, Maven Central)",0.08411567471921444
uspto,US07320974-20080122-C00077,C=CCCC#CC(=O)OC,,,,"MolVec 0.9.8 (git b412dd0, Maven Central)",0.03453837335109711
uspto,US07320974-20080122-C00078,C=CCC/C(C)=C\C(=O)OC,,,,"MolVec 0.9.8 (git b412dd0, Maven Central)",0.042084017768502235
uspto,US07320974-20080122-C00079,C=CCC/C(C)=C\C(=O)O,,,,"MolVec 0.9.8 (git b412dd0, Maven Central)",0.042886391282081604
uspto,US07320974-20080122-C00080,C=CCCC[C@@H]1C[C@H](OS(=O)(=O)C(F)(F)F)C[C@](OC)([C@@H]2CSC(=O)N2Cc2ccc(OC)cc2)O1,,,,"MolVec 0.9.8 (git b412dd0, Maven Central)",0.10347878374159336
uspto,US07320974-20080122-C00081,C=CCCC[C@@H]1C[C@@H](OC(=O)/C=C(/C)CCC=C)C[C@](OC)([C@@H]2CSC(=O)N2Cc2ccc(OC)cc2)O1,,,,"MolVec 0.9.8 (git b412dd0, Maven Central)",0.14877313561737537
uspto,US07320974-20080122-C00082,C=CCCC[C@@H]1C[C@@H](OC(=O)C=C(C)C)C[C@](OC)([C@@H]2CSC(=O)N2Cc2ccc(OC)cc2)O1,,,,"MolVec 0.9.8 (git b412dd0, Maven Central)",0.14660337567329407
uspto,US07320974-20080122-C00083,C=C/C=C/CC/C(C)=C\C(=O)O[C@@H]1C[C@@H](CCCC=C)O[C@@](OC)([C@@H]2CSC(=O)N2Cc2ccc(OC)cc2)C1,,,,"MolVec 0.9.8 (git b412dd0, Maven Central)",0.18079928681254387
uspto,US07320974-20080122-C00084,C=CCC/C(C)=C\C(=O)O[C@@H]1C[C@@H](CC[C@H](C)C=C)O[C@@](OC)([C@@H]2CSC(=O)N2Cc2ccc(OC)cc2)C1,,,,"MolVec 0.9.8 (git b412dd0, Maven Central)",0.15742074511945248
uspto,US07320974-20080122-C00085,C=CCC/C(C)=C\C(=O)O[C@@H]1C[C@@H](CCc2ccccc2)O[C@@](OC)([C@@H]2CSC(=O)N2Cc2ccc(OC)cc2)C1,,,,"MolVec 0.9.8 (git b412dd0, Maven Central)",0.18938579596579075
uspto,US07320974-20080122-C00086,COc1ccc(CN2C(=O)SC[C@H]2[C@@]2(OC)C[C@H](OC(=O)C=C(C)C)C[C@@H](CCc3ccccc3)O2)cc1,,,,"MolVec 0.9.8 (git b412dd0, Maven Central)",0.17983621172606945
uspto,US07320974-20080122-C00087,C=CCCC[C@@H]1C[C@@H](OC(=O)c2ccccc2)C[C@](OC)([C@@H]2CSC(=O)N2Cc2ccc(OC)cc2)O1,,,,"MolVec 0.9.8 (git b412dd0, Maven Central)",0.142868272960186
uspto,US07320974-20080122-C00088,C=CCCC[C@@H]1C[C@@H](OC(=O)c2ccc(OC)cc2)C[C@](OC)([C@@H]2CSC(=O)N2Cc2ccc(OC)cc2)O1,,,,"MolVec 0.9.8 (git b412dd0, Maven Central)",0.18064650148153305
uspto,US07320974-20080122-C00089,C=CCCC[C@@H]1C[C@@H](OC(=O)c2ccc(S(C)(=O)=O)cc2)C[C@](OC)([C@@H]2CSC(=O)N2Cc2ccc(OC)cc2)O1,,,,"MolVec 0.9.8 (git b412dd0, Maven Central)",0.1842946633696556
uspto,US07320974-20080122-C00090,C=CCCCCC(=O)O[C@@H]1C[C@@H](CCCC=C)O[C@@](OC)([C@@H]2CSC(=O)N2Cc2ccc(OC)cc2)C1,,,,"MolVec 0.9.8 (git b412dd0, Maven Central)",0.1258356086909771
uspto,US07320974-20080122-C00091,C=CCCCCCC(=O)O[C@@H]1C[C@@H](CCCC=C)O[C@@](OC)([C@@H]2CSC(=O)N2Cc2ccc(OC)cc2)C1,,,,"MolVec 0.9.8 (git b412dd0, Maven Central)",0.1461819838732481
uspto,US07320974-20080122-C00092,COc1ccc(CN2C(=O)SC[C@H]2[C@@]2(OC)C[C@H](OC(=O)c3ccccc3)C[C@@H](CCc3ccccc3)O2)cc1,,,,"MolVec 0.9.8 (git b412dd0, Maven Central)",0.1940382681787014
uspto,US07320974-20080122-C00093,CC[C@@H]1C[C@@H](OC(=O)c2ccccc2)C[C@](OC)([C@@H]2CSC(=O)N2Cc2ccc(OC)cc2)O1,,,,"MolVec 0.9.8 (git b412dd0, Maven Central)",0.14330612123012543
uspto,US07320974-20080122-C00099,COc1ccc(CN2C(=O)SC[C@H]2C2(OC)C[C@H]3C[C@@H](CCCCCCC/C(C)=C\C(=O)O3)O2)cc1,,,,"MolVec 0.9.8 (git b412dd0, Maven Central)",0.13712656870484352
uspto,US07320974-20080122-C00100,COc1ccc(CN2C(=O)SC[C@H]2C2(OC)C[C@H]3C[C@@H](CCCCCCCCCC(=O)O3)O2)cc1,,,,"MolVec 0.9.8 (git b412dd0, Maven Central)",0.12250718288123608
uspto,US07320974-20080122-C00101,COc1ccc(CN2C(=O)SC[C@H]2[C@@]2(OC)C[C@H]3C[C@@H](CCCCCCCCCCC(=O)O3)O2)cc1,,,,"MolVec 0.9.8 (git b412dd0, Maven Central)",0.13148239627480507
uspto,US07320974-20080122-C00102,COc1ccc(CN2C(=O)SC[C@H]2[C@@]2(OC)C[C@H]3C[C@@H](CCCCCCCCC/C(C)=C\C(=O)O3)O2)cc1,,,,"MolVec 0.9.8 (git b412dd0, Maven Central)",0.1524178795516491
uspto,US07320974-20080122-C00103,CCCCC[C@@H]1C[C@@H](OC(=O)/C=C(/C)CCCC)C[C@](OC)([C@@H]2CSC(=O)N2Cc2ccc(OC)cc2)O1,,,,"MolVec 0.9.8 (git b412dd0, Maven Central)",0.17329242080450058
uspto,US07320974-20080122-C00114,C=CCCC[C@@H]1C[C@@H](OC(=O)/C=C(/C)CCC=C)C[C@](O)([C@@H]2CSC(=O)N2)O1,,,,"MolVec 0.9.8 (git b412dd0, Maven Central)",0.13520610891282558
uspto,US07320974-20080122-C00115,C=CCCC[C@@H]1C[C@@H](OC(=O)C=C(C)C)CC(O)([C@@H]2CSC(=O)N2)O1,,,,"MolVec 0.9.8 (git b412dd0, Maven Central)",0.1372184008359909
uspto,US07320974-20080122-C00116,C=CCC/C(C)=C\C(=O)O[C@@H]1C[C@@H](CCc2ccccc2)O[C@@](O)([C@@H]2CSC(=O)N2)C1,,,,"MolVec 0.9.8 (git b412dd0, Maven Central)",0.1786123551428318
uspto,US07320974-20080122-C00117,CC(C)=CC(=O)O[C@@H]1C[C@@H](CCc2ccccc2)O[C@@](O)([C@@H]2CSC(=O)N2)C1,,,,"MolVec 0.9.8 (git b412dd0, Maven Central)",0.16536411084234715
uspto,US07320974-20080122-C00118,C=CCCC[C@@H]1C[C@@H](OC(=O)c2ccccc2)C[C@](O)([C@@H]2CSC(=O)N2)O1,,,,"MolVec 0.9.8 (git b412dd0, Maven Central)",0.1309586614370346
uspto,US07320974-20080122-C00119,C=CCCC[C@@H]1C[C@@H](OC(=O)c2ccc(OC)cc2)C[C@](O)([C@@H]2CSC(=O)N2)O1,,,,"MolVec 0.9.8 (git b412dd0, Maven Central)",0.16939007490873337
uspto,US07320974-20080122-C00120,C=CCCC[C@@H]1C[C@@H](OC(=O)c2ccc(S(C)(=O)=O)cc2)C[C@](O)([C@@H]2CSC(=O)N2)O1,,,,"MolVec 0.9.8 (git b412dd0, Maven Central)",0.1680242009460926
uspto,US07320974-20080122-C00121,O=C1N[C@H]([C@@]2(O)C[C@H](OC(=O)c3ccccc3)C[C@@H](CCc3ccccc3)O2)CS1,,,,"MolVec 0.9.8 (git b412dd0, Maven Central)",0.17258573696017265
uspto,US07320974-20080122-C00122,CC[C@@H]1C[C@@H](OC(=O)c2ccccc2)C[C@](O)([C@@H]2CSC(=O)N2)O1,,,,"MolVec 0.9.8 (git b412dd0, Maven Central)",0.12864415906369686
uspto,US07320974-20080122-C00123,CCCCC[C@@H]1C[C@@H](OC(=O)/C=C(/C)CCCC)C[C@](O)([C@@H]2CSC(=O)N2)O1,,,,"MolVec 0.9.8 (git b412dd0, Maven Central)",0.14982114359736443
uspto,US07320974-20080122-C00124,C=CCCC[C@@H]1CC(N[NH+]=[N-])CC(OC)(C2CSC(=O)N2Cc2ccc(OC)cc2)O1,,,,"MolVec 0.9.8 (git b412dd0, Maven Central)",0.11510928720235825
uspto,US07320974-20080122-C00125,C=CCCC[C@@H]1C[C@@H](N)C[C@](OC)(C2CSC(=O)[N+]2=P)O1,,,,"MolVec 0.9.8 (git b412dd0, Maven Central)",0.1263858526945114
uspto,US07320974-20080122-C00126,C=CCCC[C@@H]1C[C@@H](NC(=O)/C=C(/C)CCC=C)C[C@](OC)([C@@H]2CSC(=O)N2Cc2ccc(OC)cc2)O1,,,,"MolVec 0.9.8 (git b412dd0, Maven Central)",0.15140624903142452
uspto,US07320974-20080122-C00128,C=CCCCOC(=O)N[C@@H]1C[C@@H](CCCC=C)O[C@@](OC)([C@@H]2CSC(=O)N2Cc2ccc(OC)cc2)C1,,,,"MolVec 0.9.8 (git b412dd0, Maven Central)",0.13236123882234097
uspto,US07320974-20080122-C00132,C=CCCC[C@@H]1C[C@@H](NC(=O)/C=C(/C)CCC=C)C[C@](O)([C@@H]2CSC(=O)N2)O1,,,,"MolVec 0.9.8 (git b412dd0, Maven Central)",0.15399248339235783
uspto,US07320976-20080122-C00001,Brc1c(N=C2NCCN2)ccc2nccnc12.O=C(O)C(O)C(O)C(=O)O,,,,"MolVec 0.9.8 (git b412dd0, Maven Central)",0.1599213220179081
uspto,US07320977-20080122-C00035,O=c1c(Cl)c(N2CCNCC2)cnn1-c1ccc(Cl)cc1,,,,"MolVec 0.9.8 (git b412dd0, Maven Central)",0.07721187733113766
uspto,US07320977-20080122-C00036,CC(=O)N1CCN(c2cnn(-c3ccc(Cl)cc3)c(=O)c2Cl)CC1,,,,"MolVec 0.9.8 (git b412dd0, Maven Central)",0.08575165830552578
uspto,US07320977-20080122-C00037,CC(=O)N1CCN(c2cnn(-c3ccc(C)cc3)c(=O)c2Cl)CC1,,,,"MolVec 0.9.8 (git b412dd0, Maven Central)",0.09832525067031384
uspto,US07320977-20080122-C00038,O=C(C1CC1)N1CCN(c2cnn(-c3ccc(Cl)cc3)c(=O)c2Cl)CC1,,,,"MolVec 0.9.8 (git b412dd0, Maven Central)",0.08627158030867577
uspto,US07320977-20080122-C00039,CS(=O)(=O)N1CCN(c2cnn(-c3ccc(Cl)cc3)c(=O)c2Cl)CC1,,,,"MolVec 0.9.8 (git b412dd0, Maven Central)",0.09191862307488918
uspto,US07320977-20080122-C00040,O=C1CN(c2cnn(-c3ccc(Cl)cc3)c(=O)c2Cl)CCN1,,,,"MolVec 0.9.8 (git b412dd0, Maven Central)",0.0910602305084467
uspto,US07320977-20080122-C00041,O=c1c(Oc2ccc(-c3ccccc3)cc2)c(Oc2ccc(-c3ccccc3)cc2)cnn1-c1ccc(Cl)cc1,,,,"MolVec 0.9.8 (git b412dd0, Maven Central)",0.20143874175846577
uspto,US07320977-20080122-C00042,O=c1c(Oc2ccc(-c3ccccc3)cc2)c(Cl)cnn1-c1ccc(Cl)cc1,,,,"MolVec 0.9.8 (git b412dd0, Maven Central)",0.10112583823502064
uspto,US07320977-20080122-C00044,O=c1c(Oc2ccc(-c3ccc(F)cc3)cc2)c(Br)cnn1-c1ccc(Cl)cc1,,,,"MolVec 0.9.8 (git b412dd0, Maven Central)",0.10568837076425552
uspto,US07320977-20080122-C00045,COCOc1cc(F)ccc1-c1ccc(Oc2c(Cl)cnn(-c3ccc(Cl)cc3)c2=O)cc1,,,,"MolVec 0.9.8 (git b412dd0, Maven Central)",0.15874384716153145
uspto,US07320977-20080122-C00046,O=c1c(Oc2ccc(-c3ccc(F)cc3F)cc2)c(Cl)cnn1-c1ccc(Cl)cc1,,,,"MolVec 0.9.8 (git b412dd0, Maven Central)",0.1029263399541378
uspto,US07320977-20080122-C00047,[N-]=[NH+]Nc1cnn(-c2ccc(Cl)cc2)c(=O)c1Oc1ccc(-c2ccccc2)cc1,,,,"MolVec 0.9.8 (git b412dd0, Maven Central)",0.11071501858532429
uspto,US07320977-20080122-C00049,[N-]=[NH+]Nc1cnn(-c2ccc(Cl)cc2)c(=O)c1Oc1ccc(-c2ccc(F)cc2)cc1,,,,"MolVec 0.9.8 (git b412dd0, Maven Central)",0.11520787701010704
uspto,US07320977-20080122-C00050,COCOc1cc(F)ccc1-c1ccc(Oc2c(N[NH+]=[N-])cnn(-c3ccc(Cl)cc3)c2=O)cc1,,,,"MolVec 0.9.8 (git b412dd0, Maven Central)",0.1776839066296816
uspto,US07320977-20080122-C00051,[N-]=[NH+]Nc1cnn(-c2ccc(Cl)cc2)c(=O)c1Oc1ccc(-c2ccc(F)cc2F)cc1,,,,"MolVec 0.9.8 (git b412dd0, Maven Central)",0.1319893766194582
uspto,US07320977-20080122-C00052,C[C@@H]1CN(C(=O)OC(C)(C)C)CCN1,,,,"MolVec 0.9.8 (git b412dd0, Maven Central)",0.05918678641319275
uspto,US07320977-20080122-C00054,CC(C)(C)OC(=O)NC1CCNCC1,,,,"MolVec 0.9.8 (git b412dd0, Maven Central)",0.08015654794871807
uspto,US07320977-20080122-C00055,O=c1c(Cl)c(N2CCC3(CC2)OCCO3)cnn1-c1ccc(Cl)cc1,,,,"MolVec 0.9.8 (git b412dd0, Maven Central)",0.10680355131626129
uspto,US07320977-20080122-C00057,O=c1c(Oc2ccc(Br)cc2)c(N2CCN(CCO)CC2)cnn1-c1ccc(Cl)cc1,,,,"MolVec 0.9.8 (git b412dd0, Maven Central)",0.17494339868426323
uspto,US07320977-20080122-C00060,O=c1c(Cl)c(-n2ccnc2)cnn1-c1cccc(C(F)(F)F)c1,,,,"MolVec 0.9.8 (git b412dd0, Maven Central)",0.09906668029725552
uspto,US07320977-20080122-C00061,O=c1c(Cl)c(-n2ccnc2)cnn1-c1ccccc1,,,,"MolVec 0.9.8 (git b412dd0, Maven Central)",0.06826445274055004
uspto,US07320977-20080122-C00062,Cc1ccc(-n2ncc(-n3ccnc3)c(Cl)c2=O)cc1,,,,"MolVec 0.9.8 (git b412dd0, Maven Central)",0.0736455600708723
uspto,US07320977-20080122-C00063,O=c1c(Cl)c(-n2ccnc2)cnn1-c1ccc(Cl)cc1,,,,"MolVec 0.9.8 (git b412dd0, Maven Central)",0.14739728532731533
uspto,US07320977-20080122-C00064,O=c1c(Cl)c(-n2ccnc2)cnn1-c1cccc(Cl)c1,,,,"MolVec 0.9.8 (git b412dd0, Maven Central)",0.13996397517621517
uspto,US07320977-20080122-C00065,CCOC(=O)c1ccc(-n2ncc(-n3ccnc3)c(Cl)c2=O)cc1,,,,"MolVec 0.9.8 (git b412dd0, Maven Central)",0.10096477717161179
uspto,US07320977-20080122-C00066,CC(C)(C)c1ccc(-n2ncc(-n3ccnc3)c(Cl)c2=O)cc1,,,,"MolVec 0.9.8 (git b412dd0, Maven Central)",0.08505506627261639
uspto,US07320977-20080122-C00067,O=c1c(Cl)c(-n2ccnc2)cnn1-c1ccccc1Cl,,,,"MolVec 0.9.8 (git b412dd0, Maven Central)",0.065674914047122
uspto,US07320977-20080122-C00068,O=c1c(Cl)c(-n2ccnc2)cnn1-c1cccc(F)c1,,,,"MolVec 0.9.8 (git b412dd0, Maven Central)",0.07201430387794971
uspto,US07320977-20080122-C00069,O=c1c(Cl)c(-n2ccnc2)cnn1-c1ccc(F)cc1,,,,"MolVec 0.9.8 (git b412dd0, Maven Central)",0.08947657607495785
uspto,US07320977-20080122-C00070,O=c1c(Cl)c(-n2ccnc2)cnn1-c1ccc([N+](=O)[O-])cc1,,,,"MolVec 0.9.8 (git b412dd0, Maven Central)",0.07400932535529137
uspto,US07320977-20080122-C00071,O=c1c(Oc2ccc(Br)cc2)c(-n2ccnc2)cnn1-c1ccc(Cl)cc1,,,,"MolVec 0.9.8 (git b412dd0, Maven Central)",0.13131719268858433
uspto,US07320977-20080122-C00072,Cc1ccc(-n2ncc(-n3ccnc3)c(Oc3ccc(Br)cc3)c2=O)cc1,,,,"MolVec 0.9.8 (git b412dd0, Maven Central)",0.13614850118756294
uspto,US07320977-20080122-C00073,CCOC(=O)c1ccc(-n2ncc(-n3ccnc3)c(Oc3ccc(Br)cc3)c2=O)cc1,,,,"MolVec 0.9.8 (git b412dd0, Maven Central)",0.1588142327964306
uspto,US07320977-20080122-C00074,O=c1c(Oc2ccc(Br)cc2)c(-n2ccnc2)cnn1-c1cccc(C(F)(F)F)c1,,,,"MolVec 0.9.8 (git b412dd0, Maven Central)",0.16612760163843632
uspto,US07320977-20080122-C00075,CC(C)(C)c1ccc(-n2ncc(-n3ccnc3)c(Oc3ccc(Br)cc3)c2=O)cc1,,,,"MolVec 0.9.8 (git b412dd0, Maven Central)",0.1346673872321844
uspto,US07320977-20080122-C00076,O=c1c(Oc2ccc(Br)cc2)c(-n2ccnc2)cnn1-c1ccc(F)cc1,,,,"MolVec 0.9.8 (git b412dd0, Maven Central)",0.1307435091584921
uspto,US07320977-20080122-C00078,CC(C)(C)OC(=O)N1CCN(c2cnn(-c3ccc(Cl)cc3)c(=O)c2Oc2ccc(Br)cc2)CC1,,,,"MolVec 0.9.8 (git b412dd0, Maven Central)",0.21214627474546432
uspto,US07320977-20080122-C00079,O=c1c(Oc2ccc(Br)cc2)c(N2CCNCC2)cnn1-c1ccc(Cl)cc1,,,,"MolVec 0.9.8 (git b412dd0, Maven Central)",0.14308695495128632
uspto,US07320977-20080122-C00080,O=C1CN(c2cnn(-c3ccc(Cl)cc3)c(=O)c2Oc2ccc(Br)cc2)CCN1,,,,"MolVec 0.9.8 (git b412dd0, Maven Central)",0.14519410952925682
uspto,US07320977-20080122-C00081,CC(=O)N1CCN(c2cnn(-c3ccc(Cl)cc3)c(=O)c2Oc2ccc(Br)cc2)CC1,,,,"MolVec 0.9.8 (git b412dd0, Maven Central)",0.18107895739376545
uspto,US07320977-20080122-C00082,O=c1c(Oc2ccc(Br)cc2)c(-n2cc(CO)nn2)cnn1-c1ccc(Cl)cc1,,,,"MolVec 0.9.8 (git b412dd0, Maven Central)",0.1641564890742302
uspto,US07320977-20080122-C00083,CS(=O)(=O)N1CCN(c2cnn(-c3ccc(Cl)cc3)c(=O)c2Oc2ccc(Br)cc2)CC1,,,,"MolVec 0.9.8 (git b412dd0, Maven Central)",0.17758711986243725
uspto,US07320977-20080122-C00084,O=C(C1CC1)N1CCN(c2cnn(-c3ccc(Cl)cc3)c(=O)c2Oc2ccc(Br)cc2)CC1,,,,"MolVec 0.9.8 (git b412dd0, Maven Central)",0.176809661090374
uspto,US07320977-20080122-C00085,CC(=O)N1CCN(c2cnn(-c3ccc(C)cc3)c(=O)c2Oc2ccc(Br)cc2)CC1,,,,"MolVec 0.9.8 (git b412dd0, Maven Central)",0.16128235310316086
uspto,US07320977-20080122-C00086,Cc1ccc(-n2ncc(-n3ccnc3)c(Oc3cccc(Br)c3)c2=O)cc1,,,,"MolVec 0.9.8 (git b412dd0, Maven Central)",0.1266526598483324
uspto,US07320977-20080122-C00087,O=c1c(Oc2cccc(Br)c2)c(-n2ccnc2)cnn1-c1ccc(Cl)cc1,,,,"MolVec 0.9.8 (git b412dd0, Maven Central)",0.13696612417697906
uspto,US07320977-20080122-C00088,O=c1c(Oc2ccc(Br)cc2)c(Oc2ccc(Br)cc2)cnn1-c1ccc(Cl)cc1,,,,"MolVec 0.9.8 (git b412dd0, Maven Central)",0.1534329541027546
uspto,US07320977-20080122-C00089,O=c1c(Oc2ccc(Br)cc2)c(N2CCC3(CC2)OCCO3)cnn1-c1ccc(Cl)cc1,,,,"MolVec 0.9.8 (git b412dd0, Maven Central)",0.17628717422485352
uspto,US07320977-20080122-C00090,O=c1c(Oc2ccc(Br)cc2)c(N2CCC(O)CC2)cnn1-c1ccc(Cl)cc1,,,,"MolVec 0.9.8 (git b412dd0, Maven Central)",0.15510988421738148
uspto,US07320977-20080122-C00093,NC(=O)N1CCN(c2cnn(-c3ccc(Cl)cc3)c(=O)c2Oc2ccc(Br)cc2)CC1,,,,"MolVec 0.9.8 (git b412dd0, Maven Central)",0.18750651367008686
uspto,US07320977-20080122-C00096,O=c1c(Oc2ccc(Br)cc2)c(-n2ccnc2)cnn1-c1ccc([N+](=O)[O-])cc1,,,,"MolVec 0.9.8 (git b412dd0, Maven Central)",0.1467230711132288
uspto,US07320977-20080122-C00097,CS(=O)(=O)N(c1ccccc1-c1ccc(Oc2c(-n3ccnc3)cnn(-c3ccc(Cl)cc3)c2=O)cc1)S(C)(=O)=O,,,,"MolVec 0.9.8 (git b412dd0, Maven Central)",0.22989468090236187
uspto,US07320977-20080122-C00098,Cc1ccc(-n2ncc(N3CCN(C(=O)OC(C)(C)C)CC3)c(Oc3ccc(-c4ccc(OC(=O)C(C)(C)C)cc4)cc3)c2=O)cc1,,,,"MolVec 0.9.8 (git b412dd0, Maven Central)",0.36343647725880146
uspto,US07320977-20080122-C00099,Cc1ccc(-n2ncc(N3CCNCC3)c(Oc3ccc(-c4ccc(OC(=O)C(C)(C)C)cc4)cc3)c2=O)cc1,,,,"MolVec 0.9.8 (git b412dd0, Maven Central)",0.31933832354843616
uspto,US07320977-20080122-C00100,CCN1CCN(c2cnn(-c3ccc(C)cc3)c(=O)c2Oc2ccc(-c3ccc(OC(=O)C(C)(C)C)cc3)cc2)CC1,,,,"MolVec 0.9.8 (git b412dd0, Maven Central)",0.3280847389250994
uspto,US07320977-20080122-C00102,Cc1ccc(-n2ncc(N3CCN(C)CC3)c(Oc3ccc(-c4ccc(O)cc4)cc3)c2=O)cc1,,,,"MolVec 0.9.8 (git b412dd0, Maven Central)",0.22137596271932125
uspto,US07320977-20080122-C00104,CS(=O)(=O)N1CCN(c2cnn(-c3ccc(Cl)cc3)c(=O)c2Oc2ccc(-c3ccc(F)c(CN)c3)cc2)CC1,,,,"MolVec 0.9.8 (git b412dd0, Maven Central)",0.2688956428319216
uspto,US07320977-20080122-C00105,CS(=O)(=O)N1CCN(c2cnn(-c3ccc(Cl)cc3)c(=O)c2Oc2ccc(-c3ccc(F)c(CO)c3)cc2)CC1,,,,"MolVec 0.9.8 (git b412dd0, Maven Central)",0.25669592432677746
uspto,US07320977-20080122-C00106,O=c1c(Oc2ccc(-c3ccncc3)cc2)c(-n2ccnc2)cnn1-c1ccc(Cl)cc1,,,,"MolVec 0.9.8 (git b412dd0, Maven Central)",0.16915381141006947
uspto,US07320977-20080122-C00107,CC(C)(C)OC(=O)N1CCN(c2cnn(-c3ccc(Cl)cc3)c(=O)c2Oc2ccc(-c3ccccc3)cc2)CC1,,,,"MolVec 0.9.8 (git b412dd0, Maven Central)",0.23159724473953247
uspto,US07320977-20080122-C00108,O=c1c(Oc2ccc(-c3ccccc3)cc2)c(N2CCNCC2)cnn1-c1ccc(Cl)cc1,,,,"MolVec 0.9.8 (git b412dd0, Maven Central)",0.1936874333769083
uspto,US07320977-20080122-C00109,O=c1c(Oc2ccc(-c3ccccc3)cc2)c(N2CCC3(CC2)OCCO3)cnn1-c1ccc(Cl)cc1,,,,"MolVec 0.9.8 (git b412dd0, Maven Central)",0.20814614556729794
uspto,US07320977-20080122-C00110,O=C1CCN(c2cnn(-c3ccc(Cl)cc3)c(=O)c2Oc2ccc(-c3ccccc3)cc2)CC1,,,,"MolVec 0.9.8 (git b412dd0, Maven Central)",0.18885549530386925
uspto,US07320977-20080122-C00111,O=c1c(Oc2ccc(-c3ccccc3)cc2)c(N2CCC(O)CC2)cnn1-c1ccc(Cl)cc1,,,,"MolVec 0.9.8 (git b412dd0, Maven Central)",0.19245424680411816
uspto,US07320977-20080122-C00112,O=c1c(Oc2ccc(-c3ccccc3)cc2)c(N2CCC(F)CC2)cnn1-c1ccc(Cl)cc1,,,,"MolVec 0.9.8 (git b412dd0, Maven Central)",0.20160301215946674
uspto,US07320977-20080122-C00113,O=c1c(Oc2ccc(-c3ccccc3)cc2)c(N2CCC(F)(F)CC2)cnn1-c1ccc(Cl)cc1,,,,"MolVec 0.9.8 (git b412dd0, Maven Central)",0.19858729280531406
uspto,US07320977-20080122-C00114,O=c1c(Oc2ccc(-c3ccc(F)cc3)cc2)c(N2CCC(Cl)CC2)cnn1-c1ccc(Cl)cc1,,,,"MolVec 0.9.8 (git b412dd0, Maven Central)",0.20594869554042816
uspto,US07320977-20080122-C00115,CC(NC(=O)OC(C)(C)C)C(=O)N1CCN(c2cnn(-c3ccc(Cl)cc3)c(=O)c2Oc2ccc(-c3ccccc3)cc2)CC1,,,,"MolVec 0.9.8 (git b412dd0, Maven Central)",0.290241627022624
uspto,US07320977-20080122-C00116,CC(N)C(=O)N1CCN(c2cnn(-c3ccc(Cl)cc3)c(=O)c2Oc2ccc(-c3ccccc3)cc2)CC1,,,,"MolVec 0.9.8 (git b412dd0, Maven Central)",0.25828842632472515
uspto,US07320977-20080122-C00117,O=CN1CCN(c2cnn(-c3ccc(C(F)(F)F)cc3)c(=O)c2Oc2ccc(-c3ccc(F)cc3)cc2)CC1,,,,"MolVec 0.9.8 (git b412dd0, Maven Central)",0.20982129499316216
uspto,US07320977-20080122-C00118,O=c1c(Oc2ccc(-c3ccccc3)cc2)c(N2CCN(C3CC3)CC2)cnn1-c1ccc(Cl)cc1,,,,"MolVec 0.9.8 (git b412dd0, Maven Central)",0.1925294417887926
uspto,US07320977-20080122-C00119,O=c1c(Oc2ccc(-c3ccc(F)cc3)cc2)c(N2CC=CCC2)cnn1-c1ccc(Cl)cc1,,,,"MolVec 0.9.8 (git b412dd0, Maven Central)",0.1706390455365181
uspto,US07320977-20080122-C00120,O=c1c(Oc2ccc(-c3ccc(F)cc3)cc2)c(N2CCC(O)C(O)C2)cnn1-c1ccc(Cl)cc1,,,,"MolVec 0.9.8 (git b412dd0, Maven Central)",0.21129965968430042
uspto,US07320977-20080122-C00121,O=c1c(Oc2ccc(-c3ccc(F)cc3)cc2)c(N2CCC(CO)CC2)cnn1-c1ccc(Cl)cc1,,,,"MolVec 0.9.8 (git b412dd0, Maven Central)",0.19674587436020374
uspto,US07320977-20080122-C00122,O=c1c(Oc2ccc(-c3ccccc3)cc2)c(N2CCS(=O)CC2)cnn1-c1ccc(Cl)cc1,,,,"MolVec 0.9.8 (git b412dd0, Maven Central)",0.18094870820641518
uspto,US07320977-20080122-C00123,O=c1c(Oc2ccc(-c3ccccc3)cc2)c(N2CCS(=O)(=O)CC2)cnn1-c1ccc(Cl)cc1,,,,"MolVec 0.9.8 (git b412dd0, Maven Central)",0.18503745086491108
uspto,US07320977-20080122-C00125,O=c1c(Oc2ccc(-c3ccccc3)cc2)c(N2CCOCC2)cnn1-c1ccc(Cl)cc1,,,,"MolVec 0.9.8 (git b412dd0, Maven Central)",0.16035211645066738
uspto,US07320977-20080122-C00126,Cc1ccc(-n2ncc(N3CCSCC3)c(Oc3ccc(-c4ccccc4)cc3)c2=O)cc1,,,,"MolVec 0.9.8 (git b412dd0, Maven Central)",0.16243381053209305
uspto,US07320977-20080122-C00127,Cc1ccc(-n2ncc(N3CCOCC3)c(Oc3ccc(-c4ccccc4)cc3)c2=O)cc1,,,,"MolVec 0.9.8 (git b412dd0, Maven Central)",0.1545715294778347
uspto,US07320977-20080122-C00128,O=c1c(Oc2ccc(-c3ccccc3)cc2)c(N2CCSCC2)cnn1-c1ccc(Cl)cc1,,,,"MolVec 0.9.8 (git b412dd0, Maven Central)",0.1606480684131384
uspto,US07320977-20080122-C00129,CS(=O)(=O)Nc1ccc(-c2ccc(Oc3c(N4CCOCC4)cnn(-c4ccc(Cl)cc4)c3=O)cc2)cc1,,,,"MolVec 0.9.8 (git b412dd0, Maven Central)",0.2396555282175541
uspto,US07320977-20080122-C00130,C[NH+]1CCN(c2cnn(-c3ccc(Cl)cc3)c(=O)c2Oc2ccc(-c3ccccc3)cc2)CC1,,,,"MolVec 0.9.8 (git b412dd0, Maven Central)",0.19829423911869526
uspto,US07320977-20080122-C00131,O=c1c(Oc2ccc(-c3ccc(O)cc3)cc2)c(N2CCOCC2)cnn1-c1ccc(Cl)cc1,,,,"MolVec 0.9.8 (git b412dd0, Maven Central)",0.19147921539843082
uspto,US07320977-20080122-C00132,CN1CCN(c2cnn(-c3ccc(Cl)cc3)c(=O)c2Oc2ccc(-c3ccc(O)cc3)cc2)CC1,,,,"MolVec 0.9.8 (git b412dd0, Maven Central)",0.2108149342238903
uspto,US07320977-20080122-C00133,C[NH+]1CCN(c2cnn(-c3ccc(Cl)cc3)c(=O)c2Oc2ccc(-c3ccc(O)cc3)cc2)CC1,,,,"MolVec 0.9.8 (git b412dd0, Maven Central)",0.2120015285909176
uspto,US07320977-20080122-C00134,CN1CCCN(c2cnn(-c3ccc(Cl)cc3)c(=O)c2Oc2ccc(-c3ccc(O)cc3)cc2)CC1,,,,"MolVec 0.9.8 (git b412dd0, Maven Central)",0.20636866614222527
uspto,US07320977-20080122-C00135,CCN1CCN(c2cnn(-c3ccc(Cl)cc3)c(=O)c2Oc2ccc(-c3ccccc3)cc2)CC1,,,,"MolVec 0.9.8 (git b412dd0, Maven Central)",0.19617371261119843
uspto,US07320977-20080122-C00136,O=c1c(Oc2ccc(-c3ccccc3)cc2)c(N2CC[NH2+]CC2)cnn1-c1ccc(Cl)cc1,,,,"MolVec 0.9.8 (git b412dd0, Maven Central)",0.18283299542963505
uspto,US07320977-20080122-C00137,CN1CCCN(c2cnn(-c3ccc(Cl)cc3)c(=O)c2Oc2ccc(-c3ccccc3)cc2)CC1,,,,"MolVec 0.9.8 (git b412dd0, Maven Central)",0.17594212852418423
uspto,US07320977-20080122-C00138,O=c1c(Oc2ccc(-c3ccccc3)cc2)c(N2CCN(CCO)CC2)cnn1-c1ccc(Cl)cc1,,,,"MolVec 0.9.8 (git b412dd0, Maven Central)",0.1837716791778803
uspto,US07320977-20080122-C00139,O=c1c(Oc2ccc(-c3ccccc3)cc2)c(N2CC[NH+](CCO)CC2)cnn1-c1ccc(Cl)cc1,,,,"MolVec 0.9.8 (git b412dd0, Maven Central)",0.21525206416845322
uspto,US07320977-20080122-C00140,CN1CCCN(c2cnn(-c3ccc(Cl)cc3)c(=O)c2Oc2ccc(-c3ccccc3)cc2)CC1,,,,"MolVec 0.9.8 (git b412dd0, Maven Central)",0.2109627164900303
uspto,US07320977-20080122-C00141,CC[NH+]1CCN(c2cnn(-c3ccc(Cl)cc3)c(=O)c2Oc2ccc(-c3ccccc3)cc2)CC1,,,,"MolVec 0.9.8 (git b412dd0, Maven Central)",0.1924673318862915
uspto,US07320977-20080122-C00142,CC(C)(C)OC(=O)N1CCN(c2cnn(-c3ccc(Cl)cc3)c(=O)c2Oc2ccc(-c3ccc(O)cc3)cc2)CC1,,,,"MolVec 0.9.8 (git b412dd0, Maven Central)",0.2570064440369606
uspto,US07320977-20080122-C00143,O=c1c(Oc2ccc(-c3ccc(O)cc3)cc2)c(N2CCNCC2)cnn1-c1ccc(Cl)cc1,,,,"MolVec 0.9.8 (git b412dd0, Maven Central)",0.19319666177034378
uspto,US07320977-20080122-C00144,CC(=O)N1CCN(c2cnn(-c3ccc(Cl)cc3)c(=O)c2Oc2ccc(-c3ccccc3)cc2)CC1,,,,"MolVec 0.9.8 (git b412dd0, Maven Central)",0.1860887035727501
uspto,US07320977-20080122-C00145,CCN1CCN(c2cnn(-c3ccc(Cl)cc3)c(=O)c2Oc2ccc(-c3ccc(O)cc3)cc2)CC1,,,,"MolVec 0.9.8 (git b412dd0, Maven Central)",0.20889001712203026
uspto,US07320977-20080122-C00146,CC[NH+]1CCN(c2cnn(-c3ccc(Cl)cc3)c(=O)c2Oc2ccc(-c3ccc(O)cc3)cc2)CC1,,,,"MolVec 0.9.8 (git b412dd0, Maven Central)",0.2337462268769741
uspto,US07320977-20080122-C00147,CCOC(=O)C1CCN(c2cnn(-c3ccc(Cl)cc3)c(=O)c2Oc2ccc(-c3ccc(O)cc3)cc2)CC1,,,,"MolVec 0.9.8 (git b412dd0, Maven Central)",0.21399520710110664
uspto,US07320977-20080122-C00148,CS(=O)(=O)N1CCN(c2cnn(-c3ccc(Cl)cc3)c(=O)c2Oc2ccc(-c3ccccc3)cc2)CC1,,,,"MolVec 0.9.8 (git b412dd0, Maven Central)",0.19039596989750862
uspto,US07320977-20080122-C00149,CCOC(=O)N1CCN(c2cnn(-c3ccc(Cl)cc3)c(=O)c2Oc2ccc(-c3ccc(O)cc3)cc2)CC1,,,,"MolVec 0.9.8 (git b412dd0, Maven Central)",0.22049571387469769
uspto,US07320977-20080122-C00150,COCCN1CCN(c2cnn(-c3ccc(Cl)cc3)c(=O)c2Oc2ccc(-c3ccccc3)cc2)CC1,,,,"MolVec 0.9.8 (git b412dd0, Maven Central)",0.18942284025251865
uspto,US07320977-20080122-C00151,C[C@@H]1CNCCN1c1cnn(-c2ccc(Cl)cc2)c(=O)c1Oc1ccc(-c2ccccc2)cc1,,,,"MolVec 0.9.8 (git b412dd0, Maven Central)",0.1930363904684782
uspto,US07320977-20080122-C00152,C[C@@H]1C[NH2+]CCN1c1cnn(-c2ccc(Cl)cc2)c(=O)c1Oc1ccc(-c2ccccc2)cc1,,,,"MolVec 0.9.8 (git b412dd0, Maven Central)",0.18843568488955498
uspto,US07320977-20080122-C00154,C[NH+]1CCN(c2cnn(-c3ccc(C(F)(F)F)cc3)c(=O)c2Oc2ccc(-c3ccccc3)cc2)CC1,,,,"MolVec 0.9.8 (git b412dd0, Maven Central)",0.22482659108936787
uspto,US07320977-20080122-C00155,CC(C)N1CCN(c2cnn(-c3ccc(C(F)(F)F)cc3)c(=O)c2Oc2ccc(-c3ccc(O)cc3)cc2)CC1,,,,"MolVec 0.9.8 (git b412dd0, Maven Central)",0.23205928690731525
uspto,US07320977-20080122-C00156,NC(=O)N1CCN(c2cnn(-c3ccc(Cl)cc3)c(=O)c2Oc2ccc(-c3ccccc3)cc2)CC1,,,,"MolVec 0.9.8 (git b412dd0, Maven Central)",0.1935898382216692
uspto,US07320977-20080122-C00157,O=C(C1CC1)N1CCN(c2cnn(-c3ccc(Cl)cc3)c(=O)c2Oc2ccc(-c3ccccc3)cc2)CC1,,,,"MolVec 0.9.8 (git b412dd0, Maven Central)",0.2034089807420969
uspto,US07320977-20080122-C00158,CCNC(=O)N1CCN(c2cnn(-c3ccc(Cl)cc3)c(=O)c2Oc2ccc(-c3ccccc3)cc2)CC1,,,,"MolVec 0.9.8 (git b412dd0, Maven Central)",0.19073621183633804
uspto,US07320977-20080122-C00159,C=CCN1CCN(c2cnn(-c3ccc(Cl)cc3)c(=O)c2Oc2ccc(-c3ccccc3)cc2)CC1,,,,"MolVec 0.9.8 (git b412dd0, Maven Central)",0.20875421352684498
uspto,US07320977-20080122-C00160,O=c1c(Oc2ccc(-c3ccccc3)cc2)c(N2CCNCC2)cnn1-c1ccc(C(F)(F)F)cc1,,,,"MolVec 0.9.8 (git b412dd0, Maven Central)",0.19206168688833714
uspto,US07320977-20080122-C00161,CC(C)N1CCN(c2cnn(-c3ccc(Cl)cc3)c(=O)c2Oc2ccc(-c3ccc(O)cc3)cc2)CC1,,,,"MolVec 0.9.8 (git b412dd0, Maven Central)",0.22307167015969753
uspto,US07320977-20080122-C00162,O=c1c(Oc2ccc(-c3ccc(O)cc3)cc2)c(N2CCN(CCN3CCCC3)CC2)cnn1-c1ccc(Cl)cc1,,,,"MolVec 0.9.8 (git b412dd0, Maven Central)",0.24391941726207733
uspto,US07320977-20080122-C00163,CCOC(=O)CN1CCN(c2cnn(-c3ccc(Cl)cc3)c(=O)c2Oc2ccc(-c3ccccc3)cc2)CC1,,,,"MolVec 0.9.8 (git b412dd0, Maven Central)",0.20182738825678825
uspto,US07320977-20080122-C00164,CN(C)CCN1CCN(c2cnn(-c3ccc(Cl)cc3)c(=O)c2Oc2ccc(-c3ccccc3)cc2)CC1,,,,"MolVec 0.9.8 (git b412dd0, Maven Central)",0.2161615639925003
uspto,US07320977-20080122-C00165,CC(C)S(=O)(=O)N1CCN(c2cnn(-c3ccc(Cl)cc3)c(=O)c2Oc2ccc(-c3ccccc3)cc2)CC1,,,,"MolVec 0.9.8 (git b412dd0, Maven Central)",0.2165601123124361
uspto,US07320977-20080122-C00166,CNC(=O)N1CCN(c2cnn(-c3ccc(Cl)cc3)c(=O)c2Oc2ccc(-c3ccccc3)cc2)CC1,,,,"MolVec 0.9.8 (git b412dd0, Maven Central)",0.18903817236423492
uspto,US07320977-20080122-C00168,CCOC(=O)c1ccc(-n2ncc(-n3ccnc3)c(Oc3ccc(-c4ccccc4)cc3)c2=O)cc1,,,,"MolVec 0.9.8 (git b412dd0, Maven Central)",0.19548801891505718
uspto,US07320977-20080122-C00169,O=c1c(Oc2ccc(-c3ccccc3)cc2)c(-n2ccnc2)cnn1-c1cccc(F)c1,,,,"MolVec 0.9.8 (git b412dd0, Maven Central)",0.16697292774915695
uspto,US07320977-20080122-C00170,O=c1c(Oc2ccc(-c3ccccc3)cc2)c(-n2ccnc2)cnn1-c1ccc(F)cc1,,,,"MolVec 0.9.8 (git b412dd0, Maven Central)",0.1628873534500599
uspto,US07320977-20080122-C00171,N#Cc1ccc(-c2ccc(Oc3c(-n4ccnc4)cnn(-c4ccccc4)c3=O)cc2)cc1,,,,"MolVec 0.9.8 (git b412dd0, Maven Central)",0.15887154825031757
uspto,US07320977-20080122-C00172,Cc1ccc(-n2ncc(-n3ccnc3)c(Oc3ccc(-c4ccc(C#N)cc4)cc3)c2=O)cc1,,,,"MolVec 0.9.8 (git b412dd0, Maven Central)",0.18085281364619732
uspto,US07320977-20080122-C00173,Cc1ccc(-n2ncc(-n3ccnc3)c(Oc3ccc(-c4ccccc4)cc3)c2=O)cc1,,,,"MolVec 0.9.8 (git b412dd0, Maven Central)",0.14811955764889717
uspto,US07320977-20080122-C00174,O=c1c(Oc2ccc(-n3cccc3)cc2)c(-n2ccnc2)cnn1-c1ccc(Cl)cc1,,,,"MolVec 0.9.8 (git b412dd0, Maven Central)",0.1735681463032961
uspto,US07320977-20080122-C00175,O=c1c(Oc2ccc(-c3ccccc3Cl)cc2)c(-n2ccnc2)cnn1-c1ccc(Cl)cc1,,,,"MolVec 0.9.8 (git b412dd0, Maven Central)",0.17063112743198872
uspto,US07320977-20080122-C00176,N#Cc1ccc(-c2ccc(Oc3c(-n4ccnc4)cnn(-c4ccc(Cl)cc4)c3=O)cc2)cc1,,,,"MolVec 0.9.8 (git b412dd0, Maven Central)",0.1735346745699644
uspto,US07320977-20080122-C00179,CS(=O)(=O)Nc1ccc(-c2ccc(Oc3c(-n4ccnc4)cnn(-c4ccc(Cl)cc4)c3=O)cc2)cc1,,,,"MolVec 0.9.8 (git b412dd0, Maven Central)",0.21587215922772884
uspto,US07320977-20080122-C00182,O=CNc1cccc(-c2ccc(Oc3c(-n4ccnc4)cnn(-c4ccc(Cl)cc4)c3=O)cc2)c1,,,,"MolVec 0.9.8 (git b412dd0, Maven Central)",0.1849813051521778
uspto,US07320977-20080122-C00185,CS(=O)(=O)Nc1cccc(-c2ccc(Oc3c(-n4ccnc4)cnn(-c4ccc(Cl)cc4)c3=O)cc2)c1,,,,"MolVec 0.9.8 (git b412dd0, Maven Central)",0.2078725453466177
uspto,US07320977-20080122-C00188,COCOc1cc(F)ccc1-c1ccc(Oc2c(N3CCN(S(C)(=O)=O)CC3)cnn(-c3ccc(Cl)cc3)c2=O)cc1,,,,"MolVec 0.9.8 (git b412dd0, Maven Central)",0.22639770805835724
uspto,US07320977-20080122-C00189,CC(=O)Nc1cc(-c2ccc(Oc3c(N4CCN(S(C)(=O)=O)CC4)cnn(-c4ccc(Cl)cc4)c3=O)cc2)ccc1F,,,,"MolVec 0.9.8 (git b412dd0, Maven Central)",0.26555568166077137
uspto,US07320977-20080122-C00190,CC(=O)NCc1ccccc1-c1ccc(Oc2c(N3CCN(S(C)(=O)=O)CC3)cnn(-c3ccc(Cl)cc3)c2=O)cc1,,,,"MolVec 0.9.8 (git b412dd0, Maven Central)",0.23275183141231537
uspto,US07320977-20080122-C00191,CS(=O)(=O)N1CCN(c2cnn(-c3ccc(Cl)cc3)c(=O)c2Oc2ccc(-c3ccc(F)cc3F)cc2)CC1,,,,"MolVec 0.9.8 (git b412dd0, Maven Central)",0.21597124263644218
uspto,US07320977-20080122-C00192,COc1ccccc1-c1ccc(Oc2c(N3CCN(S(C)(=O)=O)CC3)cnn(-c3ccc(Cl)cc3)c2=O)cc1,,,,"MolVec 0.9.8 (git b412dd0, Maven Central)",0.21079860627651215
uspto,US07320977-20080122-C00193,CC(=O)NCc1cc(-c2ccc(Oc3c(N4CCN(S(C)(=O)=O)CC4)cnn(-c4ccc(Cl)cc4)c3=O)cc2)ccc1F,,,,"MolVec 0.9.8 (git b412dd0, Maven Central)",0.27343577332794666
uspto,US07320977-20080122-C00194,COc1cc(F)ccc1-c1ccc(Oc2c(N3CCN(S(C)(=O)=O)CC3)cnn(-c3ccc(Cl)cc3)c2=O)cc1,,,,"MolVec 0.9.8 (git b412dd0, Maven Central)",0.22341123595833778
uspto,US07320977-20080122-C00195,CC(=O)NCc1cccc(-c2ccc(Oc3c(N4CCN(S(C)(=O)=O)CC4)cnn(-c4ccc(Cl)cc4)c3=O)cc2)c1,,,,"MolVec 0.9.8 (git b412dd0, Maven Central)",0.2664068918675184
uspto,US07320977-20080122-C00198,Cc1ccc(-n2ncc(N3CCNCC3)c(Oc3ccc(-c4ccc(O)cc4)cc3)c2=O)cc1,,,,"MolVec 0.9.8 (git b412dd0, Maven Central)",0.19436647556722164
uspto,US07320977-20080122-C00199,Cc1ccc(-n2ncc(N3CCNCC3)c(Oc3ccc(-c4ccccc4)cc3)c2=O)cc1,,,,"MolVec 0.9.8 (git b412dd0, Maven Central)",0.1605623234063387
uspto,US07320977-20080122-C00200,Cc1ccc(-n2ncc(N3CCNCC3)c(Oc3ccc(-c4ccc(F)cc4)cc3)c2=O)cc1,,,,"MolVec 0.9.8 (git b412dd0, Maven Central)",0.1957670245319605
uspto,US07320977-20080122-C00201,O=c1c(Oc2ccc(-c3ccccc3O)cc2)c(-n2ccnc2)cnn1-c1ccc(Cl)cc1,,,,"MolVec 0.9.8 (git b412dd0, Maven Central)",0.16234934888780117
uspto,US07321027-20080122-C00051,CCc1ccc(C(=O)NC(C)N(CC)CC)cc1,,,,"MolVec 0.9.8 (git b412dd0, Maven Central)",0.08545250073075294
uspto,US07321033-20080122-C00013,CCC(C)[C@H](N)C(=O)OC[C@H]1O[C@@H](n2c(=O)sc3c(O)nc(N)nc32)[C@H](O)[C@@H]1O,,,,"MolVec 0.9.8 (git b412dd0, Maven Central)",0.20489451475441456
uspto,US07321033-20080122-C00014,CC(C)(C)[C@H](N)C(=O)OC[C@H]1O[C@@H](n2c(=O)sc3c(O)nc(N)nc32)[C@H](O)[C@@H]1O,,,,"MolVec 0.9.8 (git b412dd0, Maven Central)",0.22865156829357147
uspto,US07321033-20080122-C00015,CN[C@H](C(=O)OC[C@H]1O[C@@H](n2c(=O)sc3c(O)nc(N)nc32)[C@H](O)[C@@H]1O)C(C)C,,,,"MolVec 0.9.8 (git b412dd0, Maven Central)",0.24027570895850658
uspto,US07321033-20080122-C00019,CNc1nc(N)nc2c1sc(=O)n2[C@@H]1O[C@H](CO)[C@@H](O)[C@H]1O,,,,"MolVec 0.9.8 (git b412dd0, Maven Central)",0.12357884645462036
uspto,US07321033-20080122-C00020,CN(C)c1nc(N)nc2c1sc(=O)n2[C@@H]1O[C@H](CO)[C@@H](O)[C@H]1O,,,,"MolVec 0.9.8 (git b412dd0, Maven Central)",0.14319880492985249
uspto,US07321033-20080122-C00021,Nc1nc(NC2CC2)c2sc(=O)n([C@@H]3O[C@H](CO)[C@@H](O)[C@H]3O)c2n1,,,,"MolVec 0.9.8 (git b412dd0, Maven Central)",0.1448167823255062
uspto,US07321033-20080122-C00023,Nc1nc(N2CCCC2)c2sc(=O)n([C@@H]3O[C@H](CO)[C@@H](O)[C@H]3O)c2n1,,,,"MolVec 0.9.8 (git b412dd0, Maven Central)",0.13146162778139114
uspto,US07321033-20080122-C00037,CC(C)Oc1nc(N)nc2c1sc(=O)n2[C@@H]1O[C@H](CO)[C@@H](O)[C@H]1O,,,,"MolVec 0.9.8 (git b412dd0, Maven Central)",0.13151413016021252
uspto,US07321033-20080122-C00038,CCOc1nc(N)nc2c1sc(=O)n2[C@@H]1O[C@H](CO)[C@@H](O)[C@H]1O,,,,"MolVec 0.9.8 (git b412dd0, Maven Central)",0.13115583173930645
uspto,US07321033-20080122-C00039,Nc1nc(OCc2ccccc2)c2sc(=O)n([C@@H]3O[C@H](CO)[C@@H](O)[C@H]3O)c2n1,,,,"MolVec 0.9.8 (git b412dd0, Maven Central)",0.1423194482922554
uspto,US07321033-20080122-C00040,COc1ccc(COc2nc(N)nc3c2sc(=O)n3[C@@H]2O[C@H](CO)[C@@H](O)[C@H]2O)cc1,,,,"MolVec 0.9.8 (git b412dd0, Maven Central)",0.17246385104954243
uspto,US07321033-20080122-C00041,C=CCOc1nc(N)nc2c1sc(=O)n2[C@@H]1O[C@H](CO)[C@@H](O)[C@H]1O,,,,"MolVec 0.9.8 (git b412dd0, Maven Central)",0.13199439644813538
uspto,US07321033-20080122-C00042,CC(C)=CCOc1nc(N)nc2c1sc(=O)n2[C@@H]1O[C@H](CO)[C@@H](O)[C@H]1O,,,,"MolVec 0.9.8 (git b412dd0, Maven Central)",0.17168258503079414
uspto,US07321033-20080122-C00043,C#CCOc1nc(N)nc2c1sc(=O)n2[C@@H]1O[C@H](CO)[C@@H](O)[C@H]1O,,,,"MolVec 0.9.8 (git b412dd0, Maven Central)",0.16272726841270924
uspto,US07321033-20080122-C00044,COC(=O)COc1nc(N)nc2c1sc(=O)n2[C@@H]1O[C@H](CO)[C@@H](O)[C@H]1O,,,,"MolVec 0.9.8 (git b412dd0, Maven Central)",0.15981508791446686
uspto,US07321033-20080122-C00045,COC(=O)C(C)Oc1nc(N)nc2c1sc(=O)n2[C@@H]1O[C@H](CO)[C@@H](O)[C@H]1O,,,,"MolVec 0.9.8 (git b412dd0, Maven Central)",0.1739706601947546
uspto,US07321033-20080122-C00047,CCCOc1nc(N)nc2c1sc(=O)n2[C@@H]1O[C@H](CO)[C@@H](O)[C@H]1O,,,,"MolVec 0.9.8 (git b412dd0, Maven Central)",0.15609411895275116
uspto,US07321033-20080122-C00048,CCCCOc1nc(N)nc2c1sc(=O)n2[C@@H]1O[C@H](CO)[C@@H](O)[C@H]1O,,,,"MolVec 0.9.8 (git b412dd0, Maven Central)",0.14979962445795536
uspto,US07321033-20080122-C00049,Nc1nc(OCc2ccc(F)cc2)c2sc(=O)n([C@@H]3O[C@H](CO)[C@@H](O)[C@H]3O)c2n1,,,,"MolVec 0.9.8 (git b412dd0, Maven Central)",0.20030629262328148
uspto,US07321033-20080122-C00050,Nc1nc(OCCCO)c2sc(=O)n([C@@H]3O[C@H](CO)[C@@H](O)[C@H]3O)c2n1,,,,"MolVec 0.9.8 (git b412dd0, Maven Central)",0.16464428789913654
uspto,US07321033-20080122-C00051,Nc1nc(OCCCCO)c2sc(=O)n([C@@H]3O[C@H](CO)[C@@H](O)[C@H]3O)c2n1,,,,"MolVec 0.9.8 (git b412dd0, Maven Central)",0.20006673224270344
uspto,US07321033-20080122-C00052,CCOC(=O)N(CC)COc1nc(N)nc2c1sc(=O)n2[C@@H]1O[C@H](CO)[C@@H](O)[C@H]1O,,,,"MolVec 0.9.8 (git b412dd0, Maven Central)",0.186082411557436
uspto,US07321033-20080122-C00053,CCOC(=O)N(C)COc1nc(N)nc2c1sc(=O)n2[C@@H]1O[C@H](CO)[C@@H](O)[C@H]1O,,,,"MolVec 0.9.8 (git b412dd0, Maven Central)",0.20170712657272816
uspto,US07321033-20080122-C00054,Nc1nc(OCC2CC2)c2sc(=O)n([C@@H]3O[C@H](CO)[C@@H](O)[C@H]3O)c2n1,,,,"MolVec 0.9.8 (git b412dd0, Maven Central)",0.14682779274880886
uspto,US07321033-20080122-C00055,Nc1nc(OC/C=C/c2ccccc2)c2sc(=O)n([C@@H]3O[C@H](CO)[C@@H](O)[C@H]3O)c2n1,,,,"MolVec 0.9.8 (git b412dd0, Maven Central)",0.19732563383877277
uspto,US07321033-20080122-C00056,CC(=O)OC[C@H]1O[C@@H](n2c(=O)sc3c(OCc4oc(=O)oc4C)nc(N)nc32)[C@H](OC(C)=O)[C@@H]1OC(C)=O,,,,"MolVec 0.9.8 (git b412dd0, Maven Central)",0.17370220459997654
uspto,US07321033-20080122-C00057,CCOC(=O)NCOc1nc(N)nc2c1sc(=O)n2[C@@H]1O[C@H](CO)[C@@H](O)[C@H]1O,,,,"MolVec 0.9.8 (git b412dd0, Maven Central)",0.20089970342814922
uspto,US07321033-20080122-C00058,Cc1oc(=O)oc1COc1nc(N)nc2c1sc(=O)n2[C@@H]1O[C@H](CO)[C@@H](O)[C@H]1O,,,,"MolVec 0.9.8 (git b412dd0, Maven Central)",0.17025542631745338
uspto,US07321033-20080122-C00059,CC(C)(C)OC(=O)CCCOc1nc(N)nc2c1sc(=O)n2[C@@H]1O[C@H](CO)[C@@H](O)[C@H]1O,,,,"MolVec 0.9.8 (git b412dd0, Maven Central)",0.21186605282127857
uspto,US07321033-20080122-C00060,CC(=O)OCCCCOc1nc(N)nc2c1sc(=O)n2[C@@H]1O[C@H](CO)[C@@H](O)[C@H]1O,,,,"MolVec 0.9.8 (git b412dd0, Maven Central)",0.16396193578839302
uspto,US07321033-20080122-C00061,CC(=O)OCCCOc1nc(N)nc2c1sc(=O)n2[C@@H]1O[C@H](CO)[C@@H](O)[C@H]1O,,,,"MolVec 0.9.8 (git b412dd0, Maven Central)",0.16463585197925568
uspto,US07321033-20080122-C00064,CC(=O)O[C@@H]1[C@H](OC(C)=O)[C@@H](CO)O[C@H]1n1c(=O)sc2c(O)nc(N)nc21,,,,"MolVec 0.9.8 (git b412dd0, Maven Central)",0.11347708478569984
uspto,US07321033-20080122-C00065,CC(=O)O[C@@H]1[C@H](OC(C)=O)[C@@H](COC(=O)C(C)(C)C)O[C@H]1n1c(=O)sc2c(O)nc(N)nc21,,,,"MolVec 0.9.8 (git b412dd0, Maven Central)",0.1638347003608942
uspto,US07321033-20080122-C00066,CCC(=O)OC[C@H]1O[C@@H](n2c(=O)sc3c(O)nc(N)nc32)[C@H](OC(C)=O)[C@@H]1OC(C)=O,,,,"MolVec 0.9.8 (git b412dd0, Maven Central)",0.22678383253514767
uspto,US07321033-20080122-C00067,CCCC(=O)OC[C@H]1O[C@@H](n2c(=O)sc3c(O)nc(N)nc32)[C@H](OC(=O)CCC)[C@@H]1OC(=O)CCC,,,,"MolVec 0.9.8 (git b412dd0, Maven Central)",0.2364395521581173
uspto,US07321033-20080122-C00069,CC(=O)O[C@@H]1[C@H](OC(C)=O)[C@@H](COC(=O)[C@@H](N)C(C)C)O[C@H]1n1c(=O)sc2c(O)nc(N)nc21,,,,"MolVec 0.9.8 (git b412dd0, Maven Central)",0.19641068018972874
uspto,US07321033-20080122-C00071,CC(C)[C@H](N)C(=O)OC[C@H]1O[C@@H](n2c(=O)sc3c(O)nc(N)nc32)[C@@H]2OC(=O)O[C@@H]21,,,,"MolVec 0.9.8 (git b412dd0, Maven Central)",0.19704319909214973
uspto,US07321033-20080122-C00072,CC(C)[C@H](N)C(=O)N[C@H](C(=O)OC[C@H]1O[C@@H](n2c(=O)sc3c(O)nc(N)nc32)[C@H](O)[C@@H]1O)C(C)C,,,,"MolVec 0.9.8 (git b412dd0, Maven Central)",0.2590498700737953
uspto,US07321033-20080122-C00073,CC(C)[C@H](NC(=O)[C@@H](N)Cc1ccccc1)C(=O)OC[C@H]1O[C@@H](n2c(=O)sc3c(O)nc(N)nc32)[C@H](O)[C@@H]1O,,,,"MolVec 0.9.8 (git b412dd0, Maven Central)",0.2787292394787073
uspto,US07321033-20080122-C00074,CCCCCCC(I)(I)(I)(I)(I)NC(=O)OC[C@H]1O[C@@H](N2C(=O)SC3=C2N=C(N)N=C3O)[C@H](O)[C@@H]1O,,,,"MolVec 0.9.8 (git b412dd0, Maven Central)",0.19080383144319057
uspto,US07321033-20080122-C00075,CC(=O)OC[C@H]1O[C@@H](n2c(=O)sc3c(OS(=O)(=O)c4ccc(C)cc4)nc(N)nc32)[C@H](OC(C)=O)[C@@H]1OC(C)=O,,,,"MolVec 0.9.8 (git b412dd0, Maven Central)",0.2149419952183962
uspto,US07321038-20080122-C00003,C=Cc1ccc(Pc2ccccc2)cc1,,,,"MolVec 0.9.8 (git b412dd0, Maven Central)",0.08449379354715347
uspto,US07321039-20080122-C00017,CN1CC[C@H](OC(=O)C(O)(c2cccs2)c2cccs2)C[C@H]1CO,,,,"MolVec 0.9.8 (git b412dd0, Maven Central)",0.34413789212703705
uspto,US07321040-20080122-C00011,Clc1ccccc1-c1nnc2ccc(Cc3ccccc3)cn12,,,,"MolVec 0.9.8 (git b412dd0, Maven Central)",0.14023892395198345
uspto,US07321040-20080122-C00012,Cc1ccc(C(O)c2ccc3nnc(-c4ccccc4Cl)n3c2)cc1,,,,"MolVec 0.9.8 (git b412dd0, Maven Central)",0.1726563759148121
uspto,US07321040-20080122-C00013,CC(C)c1nnc2ccc(Cc3ccc(F)cc3)cn12,,,,"MolVec 0.9.8 (git b412dd0, Maven Central)",0.11641182005405426
uspto,US07321040-20080122-C00014,CC(C)c1nnc2ccc(Cc3ccccc3)cn12,,,,"MolVec 0.9.8 (git b412dd0, Maven Central)",0.12356442958116531
uspto,US07321040-20080122-C00015,Cc1cccc(C(O)c2ccc3nnc(C(C)C)n3c2)c1,,,,"MolVec 0.9.8 (git b412dd0, Maven Central)",0.14685878157615662
uspto,US07321040-20080122-C00016,Cc1cc(C(O)c2ccc3nnc(C(C)C)n3c2)ccc1F,,,,"MolVec 0.9.8 (git b412dd0, Maven Central)",0.14139952696859837
uspto,US07321040-20080122-C00017,Cc1cccc(Cc2ccc3nnc(C(C)C)n3c2)c1,,,,"MolVec 0.9.8 (git b412dd0, Maven Central)",0.1414020899683237
uspto,US07321040-20080122-C00018,Cc1cccc(C(O)c2ccc3nnc(-c4ccccc4Cl)n3c2)c1,,,,"MolVec 0.9.8 (git b412dd0, Maven Central)",0.1543703582137823
uspto,US07321040-20080122-C00019,Cc1cccc(Cc2ccc3nnc(-c4ccccc4Cl)n3c2)c1,,,,"MolVec 0.9.8 (git b412dd0, Maven Central)",0.1494190189987421
uspto,US07321040-20080122-C00020,Cc1cccc(C(O)c2ccc3nnc(-c4ccccc4)n3c2)c1,,,,"MolVec 0.9.8 (git b412dd0, Maven Central)",0.162083363160491
uspto,US07321040-20080122-C00021,Cc1cccc(Cc2ccc3nnc(-c4ccccc4)n3c2)c1,,,,"MolVec 0.9.8 (git b412dd0, Maven Central)",0.15895593166351318
uspto,US07321040-20080122-C00022,Cc1ccc(Cc2ccc3nnc(-c4ccccc4Cl)n3c2)cc1,,,,"MolVec 0.9.8 (git b412dd0, Maven Central)",0.1782173551619053
uspto,US07321040-20080122-C00023,Cc1ccccc1C(O)c1ccc2nnc(-c3ccccc3Cl)n2c1,,,,"MolVec 0.9.8 (git b412dd0, Maven Central)",0.14542130380868912
uspto,US07321040-20080122-C00024,CC(C)c1nnc2ccc(Sc3ccccc3)cn12,,,,"MolVec 0.9.8 (git b412dd0, Maven Central)",0.09934219717979431
uspto,US07321040-20080122-C00025,CC(C)c1nnc2ccc(Sc3cccc(F)c3)cn12,,,,"MolVec 0.9.8 (git b412dd0, Maven Central)",0.13876279070973396
uspto,US07321040-20080122-C00026,CC(C)c1nnc2ccc(Sc3ccc(Cl)cc3)cn12,,,,"MolVec 0.9.8 (git b412dd0, Maven Central)",0.12586955912411213
uspto,US07321040-20080122-C00031,CCc1nnc2ccc(Sc3ccccc3)cn12,,,,"MolVec 0.9.8 (git b412dd0, Maven Central)",0.10057775489985943
uspto,US07321040-20080122-C00050,CC(C)c1nnc2ccc(Sc3ccccc3CO)cn12,,,,"MolVec 0.9.8 (git b412dd0, Maven Central)",0.12410537898540497
uspto,US07321040-20080122-C00051,CCNC(=O)NCc1ccccc1Sc1ccc2nnc(C(C)C)n2c1,,,,"MolVec 0.9.8 (git b412dd0, Maven Central)",0.2232805322855711
uspto,US07321040-20080122-C00052,CCNC(=O)OCc1ccccc1Sc1ccc2nnc(C(C)C)n2c1,,,,"MolVec 0.9.8 (git b412dd0, Maven Central)",0.22010125406086445
uspto,US07321040-20080122-C00053,CCN(C)C(=O)NCc1ccccc1Sc1ccc2nnc(C(C)C)n2c1,,,,"MolVec 0.9.8 (git b412dd0, Maven Central)",0.23575761169195175
uspto,US07321040-20080122-C00054,CC(=O)NCc1ccccc1Sc1ccc2nnc(C(C)C)n2c1,,,,"MolVec 0.9.8 (git b412dd0, Maven Central)",0.19284335523843765
uspto,US07321040-20080122-C00055,Cc1cc(NC(=O)NCc2ccccc2Sc2ccc3nnc(C(C)C)n3c2)n(C)n1,,,,"MolVec 0.9.8 (git b412dd0, Maven Central)",0.25651482306420803
uspto,US07321040-20080122-C00056,CC(C)C(=O)NCc1ccccc1Sc1ccc2nnc(C(C)C)n2c1,,,,"MolVec 0.9.8 (git b412dd0, Maven Central)",0.22495937533676624
uspto,US07321040-20080122-C00057,CCOC(=O)NCc1ccccc1Sc1ccc2nnc(C(C)C)n2c1,,,,"MolVec 0.9.8 (git b412dd0, Maven Central)",0.22357434406876564
uspto,US07321040-20080122-C00058,C=CCNC(=O)NCc1ccccc1Sc1ccc2nnc(C(C)C)n2c1,,,,"MolVec 0.9.8 (git b412dd0, Maven Central)",0.2543810196220875
uspto,US07321040-20080122-C00059,CC(C)NC(=O)NCc1ccccc1Sc1ccc2nnc(C(C)C)n2c1,,,,"MolVec 0.9.8 (git b412dd0, Maven Central)",0.23610697500407696
uspto,US07321040-20080122-C00060,CNC(=O)NCc1ccccc1Sc1ccc2nnc(C(C)C)n2c1,,,,"MolVec 0.9.8 (git b412dd0, Maven Central)",0.18878727219998837
uspto,US07321040-20080122-C00061,CC(C)c1nnc2ccc(Sc3ccccc3CNC(N)=O)cn12,,,,"MolVec 0.9.8 (git b412dd0, Maven Central)",0.16762381792068481
uspto,US07321040-20080122-C00062,COCC(=O)NCc1ccccc1Sc1ccc2nnc(C(C)C)n2c1,,,,"MolVec 0.9.8 (git b412dd0, Maven Central)",0.19496768712997437
uspto,US07321040-20080122-C00063,CC(C)c1nnc2ccc(Sc3ccccc3CNC(=O)Nc3cc(C(C)(C)C)nn3C)cn12,,,,"MolVec 0.9.8 (git b412dd0, Maven Central)",0.2754279784858227
uspto,US07321040-20080122-C00064,CCCC(=O)NCc1ccccc1Sc1ccc2nnc(C(C)C)n2c1,,,,"MolVec 0.9.8 (git b412dd0, Maven Central)",0.20215248875319958
uspto,US07321040-20080122-C00065,CCC(C)NC(=O)NCc1ccccc1Sc1ccc2nnc(C(C)C)n2c1,,,,"MolVec 0.9.8 (git b412dd0, Maven Central)",0.22014186717569828
uspto,US07321040-20080122-C00066,CC(C)c1nnc2ccc(Sc3ccccc3CNC(=O)Nc3ccccc3)cn12,,,,"MolVec 0.9.8 (git b412dd0, Maven Central)",0.20137915201485157
uspto,US07321040-20080122-C00067,CCOC(=O)OCc1ccccc1Sc1ccc2nnc(C(C)C)n2c1,,,,"MolVec 0.9.8 (git b412dd0, Maven Central)",0.19109727069735527
uspto,US07321040-20080122-C00068,CC(C)c1nnc2ccc(Sc3ccccc3CNC(=O)c3ccccc3)cn12,,,,"MolVec 0.9.8 (git b412dd0, Maven Central)",0.20344528928399086
uspto,US07321040-20080122-C00069,OCc1ccccc1Sc1ccc2nnc(C3CCC3)n2c1,,,,"MolVec 0.9.8 (git b412dd0, Maven Central)",0.12441608682274818
uspto,US07321040-20080122-C00070,CC(C)(C)c1nnc2ccc(Sc3ccccc3CO)cn12,,,,"MolVec 0.9.8 (git b412dd0, Maven Central)",0.1406374741345644
uspto,US07321040-20080122-C00071,CCNC(=O)OCc1ccccc1Sc1ccc2nnc(C(C)(C)C)n2c1,,,,"MolVec 0.9.8 (git b412dd0, Maven Central)",0.2058937530964613
uspto,US07321040-20080122-C00072,CCNC(=O)OCc1ccccc1Sc1ccc2nnc(C3CCC3)n2c1,,,,"MolVec 0.9.8 (git b412dd0, Maven Central)",0.17952028289437294
uspto,US07321040-20080122-C00073,CC(C)c1nnc2ccc(Sc3ccccc3CNC(=O)NCC#N)cn12,,,,"MolVec 0.9.8 (git b412dd0, Maven Central)",0.18464441411197186
uspto,US07321040-20080122-C00075,CCOC(=O)NCc1ccccc1Sc1ccc2nncn2c1,,,,"MolVec 0.9.8 (git b412dd0, Maven Central)",0.1537388302385807
uspto,US07321040-20080122-C00076,Cc1ccccc1Sc1ccc2nnc(C(C)C)n2c1,,,,"MolVec 0.9.8 (git b412dd0, Maven Central)",0.12625648826360703
uspto,US07321040-20080122-C00077,CCNC(=O)OCc1ccccc1[S+]([O-])c1ccc2nnc(C(C)(C)C)n2c1,,,,"MolVec 0.9.8 (git b412dd0, Maven Central)",0.21644183993339539
uspto,US07321040-20080122-C00078,CC(C)c1nnc2ccc(Sc3ccccc3CNC(=O)NCc3ccco3)cn12,,,,"MolVec 0.9.8 (git b412dd0, Maven Central)",0.2118326760828495
uspto,US07321040-20080122-C00079,Cn1nc(C(C)(C)C)cc1NC(=O)NCc1ccccc1Sc1ccc2nncn2c1,,,,"MolVec 0.9.8 (git b412dd0, Maven Central)",0.19987584464251995
uspto,US07321040-20080122-C00080,CC(C)c1nnc2ccc(Sc3ccc(F)cc3CO)cn12,,,,"MolVec 0.9.8 (git b412dd0, Maven Central)",0.14752088487148285
uspto,US07321040-20080122-C00081,CC(C)c1nnc2ccc(Sc3ccccc3CNC(=O)Nc3nc4ccccc4[nH]3)cn12,,,,"MolVec 0.9.8 (git b412dd0, Maven Central)",0.23043962009251118
uspto,US07321040-20080122-C00082,CC(C)c1nnc2ccc(Sc3ccccc3CNC(=O)NCc3ccccc3)cn12,,,,"MolVec 0.9.8 (git b412dd0, Maven Central)",0.2097434662282467
uspto,US07321040-20080122-C00083,COCCCNC(=O)NCc1ccccc1Sc1ccc2nnc(C(C)C)n2c1,,,,"MolVec 0.9.8 (git b412dd0, Maven Central)",0.239113574847579
uspto,US07321040-20080122-C00084,CC(C)c1nnc2ccc(Sc3ccccc3CNC(=O)Nc3cc(C(C)(C)C)on3)cn12,,,,"MolVec 0.9.8 (git b412dd0, Maven Central)",0.2889655139297247
uspto,US07321040-20080122-C00085,CC(C)c1nnc2ccc(Sc3ccccc3CNC(=O)NCC3CCC(C#N)CC3)cn12,,,,"MolVec 0.9.8 (git b412dd0, Maven Central)",0.21766597032546997
uspto,US07321040-20080122-C00086,CC(C)c1nnc2ccc(Sc3ccccc3CNC(=O)NCCc3ccccn3)cn12,,,,"MolVec 0.9.8 (git b412dd0, Maven Central)",0.22684737481176853
uspto,US07321040-20080122-C00087,CC(C)c1nnc2ccc(Sc3ccccc3CNC(=O)Nc3ccn[nH]3)cn12,,,,"MolVec 0.9.8 (git b412dd0, Maven Central)",0.20465528033673763
uspto,US07321040-20080122-C00088,CC(C)c1nnc2ccc(Sc3ccccc3C=O)cn12,,,,"MolVec 0.9.8 (git b412dd0, Maven Central)",0.1248636394739151
uspto,US07321040-20080122-C00089,CC(C)c1nnc2ccc(Sc3ccccc3CNC(=O)NCCc3cnc[nH]3)cn12,,,,"MolVec 0.9.8 (git b412dd0, Maven Central)",0.23441207036376
uspto,US07321040-20080122-C00090,CC(C)c1nnc2ccc(Sc3ccccc3CNC(=O)NC(C)c3ccccc3)cn12,,,,"MolVec 0.9.8 (git b412dd0, Maven Central)",0.22523254342377186
uspto,US07321040-20080122-C00091,CC(C)c1nnc2ccc(Sc3ccccc3C(C)O)cn12,,,,"MolVec 0.9.8 (git b412dd0, Maven Central)",0.14184723980724812
uspto,US07321040-20080122-C00092,CC(O)CNC(=O)NCc1ccccc1Sc1ccc2nnc(C(C)C)n2c1,,,,"MolVec 0.9.8 (git b412dd0, Maven Central)",0.2153764870017767
uspto,US07321040-20080122-C00093,CCOC(=O)/C=C/c1ccccc1Sc1ccc2nnc(C(C)C)n2c1,,,,"MolVec 0.9.8 (git b412dd0, Maven Central)",0.19201776012778282
uspto,US07321040-20080122-C00094,CCNC(=O)OCc1cc(F)ccc1Sc1ccc2nnc(C(C)C)n2c1,,,,"MolVec 0.9.8 (git b412dd0, Maven Central)",0.23710748739540577
uspto,US07321040-20080122-C00095,CC(C)(C)c1nnc2ccc(Sc3ccccc3CNc3cc[nH]n3)cn12,,,,"MolVec 0.9.8 (git b412dd0, Maven Central)",0.19126946851611137
uspto,US07321040-20080122-C00096,CC(C)(C)c1nnc2ccc(Sc3ccccc3CNc3ccon3)cn12,,,,"MolVec 0.9.8 (git b412dd0, Maven Central)",0.18711740337312222
uspto,US07321040-20080122-C00097,CC(C)c1nnc2ccc(Sc3cccc(F)c3CO)cn12,,,,"MolVec 0.9.8 (git b412dd0, Maven Central)",0.13695085793733597
uspto,US07321040-20080122-C00098,CCNC(=O)OCc1c(F)cccc1Sc1ccc2nnc(C(C)C)n2c1,,,,"MolVec 0.9.8 (git b412dd0, Maven Central)",0.20177686773240566
uspto,US07321040-20080122-C00100,CC(C)c1nnc2ccc(Sc3ccccc3/C=C/C(=O)O)cn12,,,,"MolVec 0.9.8 (git b412dd0, Maven Central)",0.15083169005811214
uspto,US07321040-20080122-C00103,CCNC(=O)/C=C/c1ccccc1Sc1ccc2nnc(C(C)C)n2c1,,,,"MolVec 0.9.8 (git b412dd0, Maven Central)",0.18567047640681267
uspto,US07321040-20080122-C00104,CCCC#CC(O)c1ccccc1Sc1ccc2nnc(C(C)C)n2c1,,,,"MolVec 0.9.8 (git b412dd0, Maven Central)",0.21050101518630981
uspto,US07321040-20080122-C00106,CCCC#CC(=O)c1ccccc1Sc1ccc2nnc(C(C)C)n2c1,,,,"MolVec 0.9.8 (git b412dd0, Maven Central)",0.18963872827589512
uspto,US07321040-20080122-C00107,CCCC1C=C(c2ccccc2Sc2ccc3nnc(C(C)C)n3c2)NN1,,,,"MolVec 0.9.8 (git b412dd0, Maven Central)",0.24024171382188797
uspto,US07321040-20080122-C00108,CCc1nnc(NCc2ccccc2Sc2ccc3nnc(C(C)(C)C)n3n2)s1,,,,"MolVec 0.9.8 (git b412dd0, Maven Central)",0.17400963976979256
uspto,US07321040-20080122-C00109,CCCc1cc(-c2ccccc2Sc2ccc3nnc(C(C)C)n3c2)on1,,,,"MolVec 0.9.8 (git b412dd0, Maven Central)",0.23099145106971264
uspto,US07321040-20080122-C00111,CC#CC(O)c1ccccc1Sc1ccc2nnc(C(C)C)n2c1,,,,"MolVec 0.9.8 (git b412dd0, Maven Central)",0.188053322955966
uspto,US07321040-20080122-C00112,C=CCC(O)c1ccccc1Sc1ccc2nnc(C(C)C)n2c1,,,,"MolVec 0.9.8 (git b412dd0, Maven Central)",0.17266671918332577
uspto,US07321040-20080122-C00113,CCC(=O)NCc1ccccc1Sc1ccc2nnc(C(C)C)n2c1,,,,"MolVec 0.9.8 (git b412dd0, Maven Central)",0.18580763041973114
uspto,US07321040-20080122-C00114,CC(C)c1nnc2ccc(Sc3ccccc3/C=C/CN)cn12,,,,"MolVec 0.9.8 (git b412dd0, Maven Central)",0.17176523618400097
uspto,US07321040-20080122-C00115,CC(=O)NC/C=C/c1ccccc1Sc1ccc2nnc(C(C)C)n2c1,,,,"MolVec 0.9.8 (git b412dd0, Maven Central)",0.19350426457822323
uspto,US07321040-20080122-C00116,CC(O)/C=C/c1ccccc1Sc1ccc2nnc(C(C)C)n2c1,,,,"MolVec 0.9.8 (git b412dd0, Maven Central)",0.18015472404658794
uspto,US07321040-20080122-C00117,CCC(O)/C=C/c1ccccc1Sc1ccc2nnc(C(C)C)n2c1,,,,"MolVec 0.9.8 (git b412dd0, Maven Central)",0.1851440593600273
uspto,US07321040-20080122-C00119,CC(C)c1nnc2ccc(Oc3ccc(F)cc3)cn12,,,,"MolVec 0.9.8 (git b412dd0, Maven Central)",0.09405731409788132
uspto,US07321040-20080122-C00122,CCNC(=O)OCc1ccccc1Oc1ccc2nnc(C(C)C)n2c1,,,,"MolVec 0.9.8 (git b412dd0, Maven Central)",0.204950500279665
uspto,US07321044-20080122-C00015,COc1cccc(/C=C/C=O)c1,,,,"MolVec 0.9.8 (git b412dd0, Maven Central)",0.05153217539191246
uspto,US07321044-20080122-C00021,O=C(O)Cc1ccncc1,,,,"MolVec 0.9.8 (git b412dd0, Maven Central)",0.03510016016662121
uspto,US07321044-20080122-C00023,O=C(O)Cc1ccccn1,,,,"MolVec 0.9.8 (git b412dd0, Maven Central)",0.03170887939631939
uspto,US07321044-20080122-C00024,O=C(O)Cc1ccc(F)cc1,,,,"MolVec 0.9.8 (git b412dd0, Maven Central)",0.03535105288028717
uspto,US07321044-20080122-C00070,COc1cccc(/C=C/C=C(\C(=O)O)c2ccccc2)c1,,,,"MolVec 0.9.8 (git b412dd0, Maven Central)",0.08777638711035252
uspto,US07321045-20080122-C00047,NCCCOCCOCCOCCCNC(=O)OCc1ccccc1,,,,"MolVec 0.9.8 (git b412dd0, Maven Central)",0.14948423393070698
uspto,US07321045-20080122-C00061,COC(=O)[C@H](CNC(=O)C1=CC=C2C(=C1)C=NN2CCCNC1=NC=CN1C1(C2=CC=CC=C2)C2=CC=CC=C23=C1C=CC=C3)NC(=O)OCC1=CC=CC=C1,,,,"MolVec 0.9.8 (git b412dd0, Maven Central)",0.45547218807041645
uspto,US07321045-20080122-C00062,O=C(N[C@@H](CNC(=O)C1=CC=C2C(=C1)C=NN2CCCNC1=NC=CN1C1(C2=CC=CC=C2)C2=CC=CC=C23=C1C=CC=C3)C(=O)O)OCC1=CC=CC=C1,,,,"MolVec 0.9.8 (git b412dd0, Maven Central)",0.4577839430421591
uspto,US07321045-20080122-C00063,N[C@@H](CNC(=O)C1=CC=C2C(=C1)C=NN2CCCNC1=NC=CN1C1(C2=CC=CC=C2)C2=CC=CC=C23=C1C=CC=C3)C(=O)O,,,,"MolVec 0.9.8 (git b412dd0, Maven Central)",0.28739338740706444
uspto,US07321045-20080122-C00064,C[C@@H](CNC(=O)c1ccc2c(cnn2CCCNc2ncc[nH]2)c1)C(=O)O,,,,"MolVec 0.9.8 (git b412dd0, Maven Central)",0.2402321845293045
uspto,US07321045-20080122-C00065,CC(C)(C)OC(=O)NCCCCCC(=O)N[C@@H](CNC(=O)c1ccc2c(cnn2CCCNc2ncc[nH]2)c1)C(=O)O,,,,"MolVec 0.9.8 (git b412dd0, Maven Central)",0.39618876576423645
uspto,US07321045-20080122-C00066,CCCCCCC(=O)N[C@@H](CNC(=O)c1ccc2c(cnn2CCCNc2ncc[nH]2)c1)C(=O)O,,,,"MolVec 0.9.8 (git b412dd0, Maven Central)",0.3898082487285137
uspto,US07321045-20080122-C00068,O=C(NC[C@H](NC(=O)c1ccc(N/N=C/c2ccccc2S(=O)(=O)O)nc1)C(=O)O)c1ccc2c(cnn2CCCNc2ncc[nH]2)c1,,,,"MolVec 0.9.8 (git b412dd0, Maven Central)",0.4284824412316084
uspto,US07321045-20080122-C00069,O=C(CCC(NC(=O)c1ccc(N/N=C/c2ccccc2S(=O)(=O)O)nc1)C(=O)NCCCCCC(=O)N[C@@H](CNC(=O)c1ccc2c(cnn2CCCNc2ncc[nH]2)c1)C(=O)O)NCCCC(=O)N[C@@H](CNC(=O)c1ccc2c(cnn2CCCNc2ncc[nH]2)c1)C(=O)O,,,,"MolVec 0.9.8 (git b412dd0, Maven Central)",1.3484009597450495
uspto,US07321045-20080122-C00071,NC(CCC(=O)NCCCC(=O)N[C@@H](CNC(=O)c1ccc2c(cnn2CCCNc2ncc[nH]2)c1)C(=O)O)C(=O)NCCCCCC(=O)N[C@@H](CNC(=O)c1ccc2c(cnn2CCCNc2ncc[nH]2)c1)C(=O)O,,,,"MolVec 0.9.8 (git b412dd0, Maven Central)",0.9376913048326969
uspto,US07321045-20080122-C00072,O=C(CCC(NC(=O)CCC(NC(=O)c1ccc(N/N=C/c2ccccc2S(=O)(=O)O)nc1)C(=O)NC(CCC(=O)NCC(=O)N[C@@H](CNC(=O)c1ccc2c(cnn2CCCNc2ncc[nH]2)c1)C(=O)O)C(=O)NCC(=O)N[C@@H](CNC(=O)c1ccc2c(cnn2CCCNc2ncc[nH]2)c1)C(=O)O)C(=O)NCC(=O)N[C@@H](CNC(=O)c1ccc2c(cnn2CCCNc2ncc[nH]2)c1)C(=O)O)NCC(=O)N[C@@H](CNC(=O)c1ccc2c(cnn2CCCNc2ncc[nH]2)c1)C(=O)O,,,,"MolVec 0.9.8 (git b412dd0, Maven Central)",2.18628285266459
uspto,US07321045-20080122-C00073,NC(CCC(=O)NC(CCC(=O)NCC(=O)N[C@@H](CNC(=O)c1ccc2c(cnn2CCCNc2ncc[nH]2)c1)C(=O)O)C(=O)NCC(=O)N[C@@H](CNC(=O)c1ccc2c(cnn2CCCNc2ncc[nH]2)c1)C(=O)O)C(=O)NC(CCC(=O)NCC(=O)N[C@@H](CNC(=O)c1ccc2c(cnn2CCCNc2ncc[nH]2)c1)C(=O)O)C(=O)NCC(=O)N[C@@H](CNC(=O)c1ccc2c(cnn2CCCNc2ncc[nH]2)c1)C(=O)O,,,,"MolVec 0.9.8 (git b412dd0, Maven Central)",1.7479285188019276
uspto,US07321045-20080122-C00074,O=C(O)CN1CCN(CC(=O)O)CCN(CC(=O)NCCCCCC(=O)N[C@@H](CNC(=O)c2ccc3c(cnn3CCCNc3ncc[nH]3)c2)C(=O)O)CCN(CC(=O)O)CC1,,,,"MolVec 0.9.8 (git b412dd0, Maven Central)",0.5412430316209793
uspto,US07321045-20080122-C00076,O=C(O)CN1CCN(CC(=O)O)CCN(CC(=O)NC(CCC(=O)NCCCCCC(=O)N[C@H](CNC(=O)c2ccc3c(cnn3CCCNc3ncc[nH]3)c2)C(=O)O)C(=O)NCCCCCC(=O)N[C@@H](CNC(=O)c2ccc3c(cnn3CCCNc3ncc[nH]3)c2)C(=O)O)CCN(CC(=O)O)CC1,,,,"MolVec 0.9.8 (git b412dd0, Maven Central)",1.4732300490140915
uspto,US07321045-20080122-C00081,CCOC(=O)CCCOc1cc(C)cc(C)c1,,,,"MolVec 0.9.8 (git b412dd0, Maven Central)",0.061683619394898415
uspto,US07321045-20080122-C00082,Cc1cc(C)cc(OCCCC(=O)O)c1,,,,"MolVec 0.9.8 (git b412dd0, Maven Central)",0.0572455320507288
uspto,US07321045-20080122-C00083,Cc1cc(OCCCC(=O)O)cc(C)c1S(=O)(=O)Cl,,,,"MolVec 0.9.8 (git b412dd0, Maven Central)",0.09289812669157982
uspto,US07321045-20080122-C00085,COC(=O)C(CNC(=O)OC(C)(C)C)NS(=O)(=O)c1c(C)cc(OCCCC(=O)NCCCOCCOCCOCCCNC(=O)OCc2ccccc2)cc1C,,,,"MolVec 0.9.8 (git b412dd0, Maven Central)",0.523473396897316
uspto,US07321045-20080122-C00086,COC(=O)C(CN)NS(=O)(=O)c1c(C)cc(OCCCC(=O)NCCCOCCOCCOCCCNC(=O)OCc2ccccc2)cc1C,,,,"MolVec 0.9.8 (git b412dd0, Maven Central)",0.5148317310959101
uspto,US07321045-20080122-C00088,Cc1cc(OCCCC(=O)NCCCOCCOCCOCCCNC(=O)[C@@H](CS(=O)(=O)O)NC(=O)OC(C)(C)C)cc(C)c1S(=O)(=O)N[C@@H](CNC(=O)c1ccc2c(cnn2CCCNc2ncc[nH]2)c1)C(=O)O,,,,"MolVec 0.9.8 (git b412dd0, Maven Central)",0.7759787980467081
uspto,US07321045-20080122-C00097,O=C(O)CN(CCN(CC(=O)O)CC(=O)O)CCN(CC(=O)O)CC(=O)NCCCCCC(=O)N[C@@H](CNC(=O)c1ccc2c(cnn2CCCNc2ncc[nH]2)c1)C(=O)O,,,,"MolVec 0.9.8 (git b412dd0, Maven Central)",0.5947248563170433
uspto,US07321045-20080122-C00098,CCC(=O)OC[C@H](COP(=O)(O)OCCNC(=O)CCC(=O)NCC(=O)N[C@@H](CNC(=O)c1ccc2c(cnn2CCCNc2ncc[nH]2)c1)C(=O)O)OC(=O)CC,,,,"MolVec 0.9.8 (git b412dd0, Maven Central)",0.9836985468864441
uspto,US07321045-20080122-C00101,Cc1cc(OCCCC(=O)NCCNC(=O)[C@H](CS(=O)(=O)O)NC(=O)CN2CCN(CC(=O)O)CCN(CC(=O)O)CCN(CC(=O)O)CC2)cc(C)c1S(=O)(=O)N[C@@H](CNC(=O)c1ccc2c(cnn2CCCNc2ncc[nH]2)c1)C(=O)O.O=C(O)C(F)(F)F.O=C(O)C(F)(F)F,,,,"MolVec 0.9.8 (git b412dd0, Maven Central)",1.2803774010390043
uspto,US07321045-20080122-C00102,COC(=O)[C@H](CNC(=O)OC(C)(C)C)NS(=O)(=O)c1c(C)cc(OCCCC(=O)NCCNC(=O)OCc2ccccc2)cc1C,,,,"MolVec 0.9.8 (git b412dd0, Maven Central)",0.3631170615553856
uspto,US07321045-20080122-C00103,COC(=O)[C@H](CN)NS(=O)(=O)c1c(C)cc(OCCCC(=O)NCCNC(=O)OCc2ccccc2)cc1C.O=C(O)C(F)(F)F,,,,"MolVec 0.9.8 (git b412dd0, Maven Central)",0.32205670699477196
uspto,US07321045-20080122-C00104,COC(=O)[C@H](CNC(=O)C1=CC2=C(C=C1)N(CCCNC1=NC=CN1S(=O)(=O)(I)C(F)(F)F)N=C2)NS(=O)(=O)C1=C(C)C=C(OCCCC(=O)NCCNC(=O)OCC2=CC=CC=C2)C=C1C,,,,"MolVec 0.9.8 (git b412dd0, Maven Central)",0.5634890235960484
uspto,US07321045-20080122-C00105,Cc1cc(OCCCC(=O)NCCN)cc(C)c1S(=O)(=O)N[C@@H](CNC(=O)c1ccc2c(cnn2CCCNc2ncc[nH]2)c1)C(=O)O,,,,"MolVec 0.9.8 (git b412dd0, Maven Central)",0.4033485222607851
uspto,US07321045-20080122-C00106,Cc1cc(OCCCC(=O)NCCNC(=O)[C@H](CS(=O)(=O)O)NC(=O)OC(C)(C)C)cc(C)c1S(=O)(=O)N[C@@H](CNC(=O)c1ccc2c(cnn2CCCNc2ncc[nH]2)c1)C(=O)O,,,,"MolVec 0.9.8 (git b412dd0, Maven Central)",0.5859363898634911
uspto,US07321045-20080122-C00107,Cc1cc(OCCCC(=O)NCCNC(=O)[C@@H](N)CS(=O)(=O)O)cc(C)c1S(=O)(=O)N[C@@H](CNC(=O)c1ccc2c(cnn2CCCNc2ncc[nH]2)c1)C(=O)O.O=C(O)C(F)(F)F,,,,"MolVec 0.9.8 (git b412dd0, Maven Central)",0.7300667949020863
uspto,US07321045-20080122-C00111,Cc1cc(OCCCC(=O)NCCNC(=O)[C@H](CS(=O)(=O)O)NC(=O)CC[C@H](NC(=O)OC(C)(C)C)C(=O)N[C@@H](CS(=O)(=O)O)C(=O)NCCNC(=O)CCCOc2cc(C)c(S(=O)(=O)N[C@@H](CNC(=O)c3ccc4c(cnn4CCCNc4ncc[nH]4)c3)C(=O)O)c(C)c2)cc(C)c1S(=O)(=O)N[C@@H](CNC(=O)c1ccc2c(cnn2CCCNc2ncc[nH]2)c1)C(=O)O,,,,"MolVec 0.9.8 (git b412dd0, Maven Central)",2.1993587482720613
uspto,US07321045-20080122-C00112,Cc1cc(OCCCC(=O)NCCNC(=O)[C@H](CS(=O)(=O)O)NC(=O)CC[C@H](N)C(=O)N[C@@H](CS(=O)(=O)O)C(=O)NCCNC(=O)CCCOc2cc(C)c(S(=O)(=O)N[C@@H](CNC(=O)c3ccc4c(cnn4CCCNc4ncc[nH]4)c3)C(=O)O)c(C)c2)cc(C)c1S(=O)(=O)N[C@@H](CNC(=O)c1ccc2c(cnn2CCCNc2ncc[nH]2)c1)C(=O)O,,,,"MolVec 0.9.8 (git b412dd0, Maven Central)",1.7190567273646593
uspto,US07321045-20080122-C00122,Cc1cc(OCCCC(=O)NCCNC(=O)[C@@H](CCC(=O)O)NC(=O)[C@H](CCC(=O)O)NC(=O)CN2CCN(CC(=O)O)CCN(CC(=O)O)CCN(CC(=O)O)CC2)cc(C)c1S(=O)(=O)N[C@@H](CNC(=O)c1ccc2c(cnn2CCCNc2ccccn2)c1)C(=O)O,,,,"MolVec 0.9.8 (git b412dd0, Maven Central)",1.566661151126027
uspto,US07321045-20080122-C00124,COC(=O)[C@H](CNC(=O)c1ccc2c(cnn2CCCN(C(=O)OC(C)(C)C)c2ccccn2)c1)NS(=O)(=O)c1c(C)cc(OCCCC(=O)NCCN)cc1C,,,,"MolVec 0.9.8 (git b412dd0, Maven Central)",0.33286834321916103
uspto,US07321045-20080122-C00127,COC(=O)[C@H](CNC(=O)c1ccc2c(cnn2CCCN(C(=O)OC(C)(C)C)c2ccccn2)c1)NS(=O)(=O)c1c(C)cc(OCCCC(=O)NCCNC(=O)[C@@H](CCC(=O)OC(C)(C)C)NC(=O)[C@@H](N)CCC(=O)OC(C)(C)C)cc1C,,,,"MolVec 0.9.8 (git b412dd0, Maven Central)",0.9686252120882273
uspto,US07321045-20080122-C00128,COC(=O)[C@H](CNC(=O)c1ccc2c(cnn2CCCNc2ccccn2)c1)NS(=O)(=O)c1c(C)cc(OCCCC(=O)NCCNC(=O)[C@@H](CCC(=O)OC(C)(C)C)NC(=O)[C@H](CCC(=O)OC(C)(C)C)NC(=O)CN2CCN(CC(=O)OC(C)(C)C)CCN(CC(=O)OC(C)(C)C)CCN(CC(=O)OC(C)(C)C)CC2)cc1C,,,,"MolVec 0.9.8 (git b412dd0, Maven Central)",1.8097431100904942
uspto,US07321045-20080122-C00132,CC(C)(C)OC(=O)CC[C@H](NC(=O)[C@@H]1CC/C(OC(C)(C)C)=O2=CC=CC=C/2COC(=O)N1)C(=O)OC1=C(F)C(F)=CC(F)=C1F,,,,"MolVec 0.9.8 (git b412dd0, Maven Central)",0.24204221367835999
uspto,US07321045-20080122-C00133,Cc1cc(OCCCC(=O)NCCNC(=O)[C@@H](CCC(=O)OC(C)(C)C)NC(=O)[C@H](CCC(=O)OC(C)(C)C)NC(=O)OCc2ccccc2)cc(C)c1S(=O)(=O)N[C@@H](CNC(=O)c1ccc2c(cnn2CCCNc2ncc[nH]2)c1)C(=O)O,,,,"MolVec 0.9.8 (git b412dd0, Maven Central)",1.035373192280531
uspto,US07321045-20080122-C00134,Cc1cc(OCCCC(=O)NCCNC(=O)[C@@H](CCC(=O)OC(C)(C)C)NC(=O)[C@@H](N)CCC(=O)OC(C)(C)C)cc(C)c1S(=O)(=O)N[C@@H](CNC(=O)c1ccc2c(cnn2CCCNc2ncc[nH]2)c1)C(=O)O,,,,"MolVec 0.9.8 (git b412dd0, Maven Central)",0.9932042118161917
uspto,US07321045-20080122-C00135,Cc1cc(OCCCC(=O)NCCNC(=O)[C@@H](CCC(=O)OC(C)(C)C)NC(=O)[C@H](CCC(=O)OC(C)(C)C)NC(=O)CN2CCN(CC(=O)OC(C)(C)C)CCN(CC(=O)OC(C)(C)C)CCN(CC(=O)OC(C)(C)C)CC2)cc(C)c1S(=O)(=O)N[C@@H](CNC(=O)c1ccc2c(cnn2CCCNc2ncc[nH]2)c1)C(=O)O,,,,"MolVec 0.9.8 (git b412dd0, Maven Central)",1.6751472372561693
uspto,US07321045-20080122-C00138,Cc1cc(OCCCC(=O)NCCNC(=O)C(CCC(=O)NCCNC(=O)CCCOc2cc(C)c(S(=O)(=O)N[C@@H](CNC(=O)c3ccc4c(cnn4CCCNc4ncc[nH]4)c3)C(=O)O)c(C)c2)NC(=O)OC(C)(C)C)cc(C)c1S(=O)(=O)NC(CNC(=O)c1ccc2c(cnn2CCCNc2ncc[nH]2)c1)=C(O)O,,,,"MolVec 0.9.8 (git b412dd0, Maven Central)",1.6302020344883204
uspto,US07321045-20080122-C00139,Cc1cc(OCCCC(=O)NCCNC(=O)C(CCC(=O)NCCNC(=O)CCCOc2cc(C)c(S(=O)(=O)N[C@@H](CNC(=O)c3ccc4c(cnn4CCCNc4ncc[nH]4)c3)C(=O)O)c(C)c2)NC(=O)[C@H](CCC(=O)OC(C)(C)C)NC(=O)/C(=C/CC(=O)OC(C)(C)C)NC(=O)OCc2ccccc2)cc(C)c1S(=O)(=O)NC(CNC(=O)c1ccc2c(cnn2CCCNc2ncc[nH]2)c1)=C(O)O,,,,"MolVec 0.9.8 (git b412dd0, Maven Central)",2.243780365213752
uspto,US07321045-20080122-C00140,Cc1cc(OCCCC(=O)NCCNC(=O)C(CCC(=O)NCCNC(=O)CCCOc2cc(C)c(S(=O)(=O)N[C@@H](CNC(=O)c3ccc4c(cnn4CCCNc4ncc[nH]4)c3)C(=O)O)c(C)c2)NC(=O)[C@H](CCC(=O)O)NC(=O)/C(=C/CC(=O)O)NC(=O)CCCCCNC(=O)OC(C)(C)C)cc(C)c1S(=O)(=O)NC(CNC(=O)c1ccc2c(cnn2CCCNc2ncc[nH]2)c1)C(=O)O,,,,"MolVec 0.9.8 (git b412dd0, Maven Central)",2.0491635482758284
uspto,US07321045-20080122-C00141,Cc1cc(OCCCC(=O)NCCNC(=O)C(CCC(=O)NCCNC(=O)CCCOc2cc(C)c(S(=O)(=O)N[C@@H](CNC(=O)c3ccc4c(cnn4CCCNc4ncc[nH]4)c3)C(=O)O)c(C)c2)NC(=O)[C@H](CCC(=O)O)NC(=O)/C(=C/CC(=O)O)NC(=O)CCCCCN)cc(C)c1S(=O)(=O)NC(CNC(=O)c1ccc2c(cnn2CCCNc2ncc[nH]2)c1)C(=O)O,,,,"MolVec 0.9.8 (git b412dd0, Maven Central)",2.0519109461456537
uspto,US07321045-20080122-C00142,CC(C)(C)OC(=O)CN1CCN(CC(=O)Oc2c(F)c(F)cc(F)c2F)CCN(CC(=O)OC(C)(C)C)CCN(CC(=O)OC(C)(C)C)CC1,,,,"MolVec 0.9.8 (git b412dd0, Maven Central)",0.23210753500461578
uspto,US07321045-20080122-C00146,CCOC(=O)c1ccc2c(cnn2CCCNc2ccccn2)c1,,,,"MolVec 0.9.8 (git b412dd0, Maven Central)",0.18062019534409046
uspto,US07321045-20080122-C00147,O=C(O)c1ccc2c(cnn2CCCNc2ncccn2)c1,,,,"MolVec 0.9.8 (git b412dd0, Maven Central)",0.13902913592755795
uspto,US07321045-20080122-C00148,COC(=O)[C@H](CNC(=O)c1ccc2c(cnn2CCCNc2ncccn2)c1)NS(=O)(=O)c1c(C)cc(OCCCC(=O)NCCNC(=O)OCc2ccccc2)cc1C,,,,"MolVec 0.9.8 (git b412dd0, Maven Central)",0.6008234806358814
uspto,US07321045-20080122-C00149,COC(=O)[C@H](CNC(=O)c1ccc2c(cnn2CCCNC2=CCCCN2)c1)NS(=O)(=O)c1c(C)cc(OCCCC(=O)NCCN)cc1C,,,,"MolVec 0.9.8 (git b412dd0, Maven Central)",0.3181330505758524
uspto,US07321045-20080122-C00150,COC(=O)[C@H](CNC(=O)c1ccc2c(cnn2CCCNC2=NCCCN2)c1)NS(=O)(=O)c1c(C)cc(OCCCC(=O)NCCNC(=O)[C@H](CCC(=O)OC(C)(C)C)NC(=O)OCc2ccccc2)cc1C,,,,"MolVec 0.9.8 (git b412dd0, Maven Central)",0.7162673529237509
uspto,US07321045-20080122-C00151,COC(=O)[C@H](CNC(=O)c1ccc2c(cnn2CCCNC2=NCCCN2)c1)NS(=O)(=O)c1c(C)cc(OCCCC(=O)NCCNC(=O)[C@H](N)CCC(=O)OC(C)(C)C)cc1C,,,,"MolVec 0.9.8 (git b412dd0, Maven Central)",0.879753602668643
uspto,US07321045-20080122-C00152,CC(C)(C)OC(=O)CC[C@H](NC(=O)OCc1ccccc1)C(N)=O.COC(=O)[C@H](CNC(=O)c1ccc2c(cnn2CCCNC2=NCCCN2)c1)NS(=O)(=O)c1c(C)cc(OCCCC(=O)NCCNC(=O)CCCC(=O)OC(C)(C)C)cc1C,,,,"MolVec 0.9.8 (git b412dd0, Maven Central)",1.187305100262165
uspto,US07321045-20080122-C00153,COC(=O)[C@H](CNC(=O)c1ccc2c(cnn2CCCNC2=NCCCN2)c1)NS(=O)(=O)c1c(C)cc(OCCCC(=O)NCCNC(=O)[C@@H](CCC(=O)OC(C)(C)C)NC(=O)[C@@H](N)CCC(=O)OC(C)(C)C)cc1C,,,,"MolVec 0.9.8 (git b412dd0, Maven Central)",0.9365083333104849
uspto,US07321045-20080122-C00154,CC(C)(C)OC(=O)CN1CCN2CCN(CCN(CC(=O)OC(C)(C)C)CC1)CC(=O)(OC(C)(C)C)=O=C(OC(C)(C)C)CC[C@@H](C(N)=O)NC(=O)C2.COC(=O)[C@H](CNC(=O)C1=CC2=C(C=C1)N(CCCNC1=NCCCN1)N=C2)NS(=O)(=O)C1=C(C)C=C(OCCCC(=O)NCCNC(=O)CCCC(=O)OC(C)(C)C)C=C1C,,,,"MolVec 0.9.8 (git b412dd0, Maven Central)",1.698214903473854
uspto,US07321045-20080122-C00157,COC(=O)[C@H](CNC(=O)c1ccc2c(CCCNc3ccccn3)nn(C)c2c1)NS(=O)(=O)c1c(C)cc(OCCCC(=O)NCCNC(=O)OCc2ccccc2)cc1C,,,,"MolVec 0.9.8 (git b412dd0, Maven Central)",0.5714340377599001
uspto,US07321045-20080122-C00158,COC(=O)[C@H](CNC(=O)c1ccc2c(CCCNC3=NCCCC3)nn(C)c2c1)NS(=O)(=O)c1c(C)cc(OCCCC(=O)NCCN)cc1C,,,,"MolVec 0.9.8 (git b412dd0, Maven Central)",0.3758515678346157
uspto,US07321045-20080122-C00159,COC(=O)[C@H](CNC(=O)c1ccc2c(CCCNC3=NCCCC3)nn(C)c2c1)NS(=O)(=O)c1c(C)cc(OCCCC(=O)NCCNC(=O)[C@H](CCC(=O)OC(C)(C)C)NC(=O)OCc2ccccc2)cc1C,,,,"MolVec 0.9.8 (git b412dd0, Maven Central)",0.7271354999393225
uspto,US07321045-20080122-C00160,COC(=O)[C@H](CNC(=O)c1ccc2c(CCCNC3=NCCCC3)nn(C)c2c1)NS(=O)(=O)c1c(C)cc(OCCCC(=O)NCCNC(=O)[C@H](CCC(=O)OC(C)(C)C)NC(=O)[C@H](CCC(=O)OC(C)(C)C)NC(=O)OCc2ccccc2)cc1C,,,,"MolVec 0.9.8 (git b412dd0, Maven Central)",0.9849691577255726
uspto,US07321045-20080122-C00161,COC(=O)[C@H](CNC(=O)c1ccc2c(CCCNC3=NCCCC3)nn(C)c2c1)NS(=O)(=O)c1c(C)cc(OCCCC(=O)NCCNC(=O)[C@H](CCC(=O)OC(C)(C)C)NC(=O)[C@H](CCC(=O)OC(C)(C)C)NC(=O)CN2CCN(CC(=O)OC(C)(C)C)CCN(CC(=O)OC(C)(C)C)CCN(CC(=O)OC(C)(C)C)CC2)cc1C,,,,"MolVec 0.9.8 (git b412dd0, Maven Central)",1.3619130048900843
uspto,US07321045-20080122-C00165,CCOC(=O)c1ccc2c(cnn2CCN)c1,,,,"MolVec 0.9.8 (git b412dd0, Maven Central)",0.09895452484488487
uspto,US07321045-20080122-C00169,Cc1cc(OCCCC(=O)NCCN)cc(C)c1S(=O)(=O)N[C@@H](CNC(=O)c1ccc2c(cnn2CCNC2=NCCCC2)c1)C(=O)O,,,,"MolVec 0.9.8 (git b412dd0, Maven Central)",0.27184048295021057
uspto,US07321045-20080122-C00170,Cc1cc(OCCCC(=O)NCCNC(=O)[C@H](CCC(=O)OC(C)(C)C)NC(=O)OCc2ccccc2)cc(C)c1S(=O)(=O)N[C@@H](CNC(=O)c1ccc2c(cnn2CCNC2=NCCCC2)c1)C(=O)O,,,,"MolVec 0.9.8 (git b412dd0, Maven Central)",0.6582441553473473
uspto,US07321045-20080122-C00171,Cc1cc(OCCCC(=O)NCCNC(=O)[C@H](CCC(=O)OC(C)(C)C)NC(=O)[C@H](CCC(=O)OC(C)(C)C)NC(=O)OCc2ccccc2)cc(C)c1S(=O)(=O)N[C@@H](CNC(=O)c1ccc2c(cnn2CCNC2=NCCCC2)c1)C(=O)O,,,,"MolVec 0.9.8 (git b412dd0, Maven Central)",0.8369600791484118
uspto,US07321045-20080122-C00172,COC(=O)[C@H](CNC(=O)c1ccc2c(cnn2CCNC2=NCCCC2)c1)NS(=O)(=O)c1c(C)cc(OCCCC(=O)NCCNC(=O)[C@H](CCC(=O)OC(C)(C)C)NC(=O)[C@H](CCC(=O)OC(C)(C)C)NC(=O)CN2CCN(CC(=O)OC(C)(C)C)CCN(CC(=O)OC(C)(C)C)CCN(CC(=O)OC(C)(C)C)CC2)cc1C,,,,"MolVec 0.9.8 (git b412dd0, Maven Central)",1.2787741050124168
uspto,US07321045-20080122-C00175,CCOC(=O)c1ccc2nn(CCN)cc2c1,,,,"MolVec 0.9.8 (git b412dd0, Maven Central)",0.16137094981968403
uspto,US07321045-20080122-C00179,Cc1cc(OCCCC(=O)NCCN)cc(C)c1S(=O)(=O)N[C@@H](CNC(=O)c1ccc2nn(CCNC3=NCCCC3)cc2c1)C(=O)O,,,,"MolVec 0.9.8 (git b412dd0, Maven Central)",0.28133849799633026
uspto,US07321045-20080122-C00180,Cc1cc(OCCCC(=O)NCCNC(=O)CN2CCN(CC(=O)OC(C)(C)C)CCN(CC(=O)OC(C)(C)C)CCN(CC(=O)OC(C)(C)C)CC2)cc(C)c1S(=O)(=O)N[C@@H](CNC(=O)c1ccc2nn(CCNC3=NCCCC3)cc2c1)C(=O)O,,,,"MolVec 0.9.8 (git b412dd0, Maven Central)",0.8608333505690098
uspto,US07321045-20080122-C00185,COC(=O)[C@H](CNC(=O)c1ccc2c(cnn2CCNC2=NCCCC2)c1)NS(=O)(=O)c1ccc(-c2ccc(S(=O)(=O)NCCN)cc2)cc1,,,,"MolVec 0.9.8 (git b412dd0, Maven Central)",0.49505916610360146
uspto,US07321045-20080122-C00186,COC(=O)[C@H](CNC(=O)c1ccc2c(cnn2CCNC2=NCCCC2)c1)NS(=O)(=O)c1ccc(-c2ccc(S(=O)(=O)NCCNC(=O)[C@H](CCC(=O)OC(C)(C)C)NC(=O)OCc3ccccc3)cc2)cc1,,,,"MolVec 0.9.8 (git b412dd0, Maven Central)",0.7464722990989685
uspto,US07321045-20080122-C00187,COC(=O)[C@H](CNC(=O)c1ccc2c(cnn2CCNC2=NCCCC2)c1)NS(=O)(=O)c1ccc(-c2ccc(S(=O)(=O)NCCNC(=O)[C@H](CCC(=O)OC(C)(C)C)NC(=O)[C@H](CCC(=O)OC(C)(C)C)NC(=O)OCc3ccccc3)cc2)cc1,,,,"MolVec 0.9.8 (git b412dd0, Maven Central)",0.8653785213828087
uspto,US07321045-20080122-C00188,COC(=O)[C@H](CNC(=O)c1ccc2c(cnn2CCNC2=NCCCC2)c1)NS(=O)(=O)c1ccc(-c2ccc(S(=O)(=O)NCCNC(=O)[C@H](CCC(=O)OC(C)(C)C)NC(=O)[C@H](CCC(=O)OC(C)(C)C)NC(=O)CN3CCN(CC(=O)OC(C)(C)C)CCN(CC(=O)OC(C)(C)C)CCN(CC(=O)OC(C)(C)C)CC3)cc2)cc1,,,,"MolVec 0.9.8 (git b412dd0, Maven Central)",1.2936428543180227
uspto,US07321045-20080122-C00191,COC(=O)[C@H](CNC(=O)c1ccc2c(cnn2CCCNc2ncccn2)c1)NS(=O)(=O)c1ccc(-c2ccc(S(=O)(=O)NCCNC(=O)OCc3ccccc3)cc2)cc1,,,,"MolVec 0.9.8 (git b412dd0, Maven Central)",0.5180591158568859
uspto,US07321045-20080122-C00192,COC(=O)[C@H](CNC(=O)c1ccc2c(cnn2CCCNC2=NCCCN2)c1)NS(=O)(=O)c1ccc(-c2ccc(S(=O)(=O)NCCNC(=O)[C@H](CCC(=O)OC(C)(C)C)NC(=O)OCc3ccccc3)cc2)cc1,,,,"MolVec 0.9.8 (git b412dd0, Maven Central)",0.6788087040185928
uspto,US07321045-20080122-C00193,COC(=O)[C@H](CNC(=O)c1ccc2c(cnn2CCCNC2=NCCCN2)c1)NS(=O)(=O)c1ccc(-c2ccc(S(=O)(=O)NCCNC(=O)[C@H](CCC(=O)OC(C)(C)C)NC(=O)[C@H](CCC(=O)OC(C)(C)C)NC(=O)OCc3ccccc3)cc2)cc1,,,,"MolVec 0.9.8 (git b412dd0, Maven Central)",0.856848943978548
uspto,US07321045-20080122-C00194,COC(=O)[C@H](CNC(=O)c1ccc2c(cnn2CCCNC2=NCCCN2)c1)NS(=O)(=O)c1ccc(-c2ccc(S(=O)(=O)NCCNC(=O)[C@H](CCC(=O)OC(C)(C)C)NC(=O)[C@H](CCC(=O)OC(C)(C)C)NC(=O)CN3CCN(CC(=O)OC(C)(C)C)CCN(CC(=O)OC(C)(C)C)CCN(CC(=O)OC(C)(C)C)CC3)cc2)cc1,,,,"MolVec 0.9.8 (git b412dd0, Maven Central)",1.128214292228222
uspto,US07321045-20080122-C00197,COC(=O)c1ccc2c(C=O)nn(C)c2c1,,,,"MolVec 0.9.8 (git b412dd0, Maven Central)",0.09393391758203506
uspto,US07321045-20080122-C00198,COC(=O)c1ccc2c(CNc3nccn3C(c3ccccc3)(c3ccccc3)c3ccccc3)nn(C)c2c1,,,,"MolVec 0.9.8 (git b412dd0, Maven Central)",0.20612032897770405
uspto,US07321045-20080122-C00199,Cn1nc(CNc2nccn2C(c2ccccc2)(c2ccccc2)c2ccccc2)c2ccc(C(=O)O)cc21,,,,"MolVec 0.9.8 (git b412dd0, Maven Central)",0.19985930621623993
uspto,US07321045-20080122-C00200,COC(=O)[C@H](CNC(=O)c1ccc2c(CNc3nccn3C(c3ccccc3)(c3ccccc3)c3ccccc3)nn(C)c2c1)NS(=O)(=O)c1ccc(-c2ccc(S(=O)(=O)NCCNC(=O)OCc3ccccc3)cc2)cc1,,,,"MolVec 0.9.8 (git b412dd0, Maven Central)",0.6925296150147915
uspto,US07321045-20080122-C00201,COC(=O)[C@H](CNC(=O)c1ccc2c(CNc3nccn3C(c3ccccc3)(c3ccccc3)c3ccccc3)nn(C)c2c1)NS(=O)(=O)c1ccc(-c2ccc(S(=O)(=O)NCCN)cc2)cc1,,,,"MolVec 0.9.8 (git b412dd0, Maven Central)",0.6600011587142944
uspto,US07321045-20080122-C00202,COC(=O)[C@H](CNC(=O)c1ccc2c(CNc3nccn3C(c3ccccc3)(c3ccccc3)c3ccccc3)nn(C)c2c1)NS(=O)(=O)c1ccc(-c2ccc(S(=O)(=O)NCCNC(=O)CN3CCN(CC(=O)OC(C)(C)C)CCN(CC(=O)OC(C)(C)C)CCN(CC(=O)OC(C)(C)C)CC3)cc2)cc1,,,,"MolVec 0.9.8 (git b412dd0, Maven Central)",0.9330659974366426
uspto,US07321045-20080122-C00204,Cc1cc(C)c(S(=O)(=O)NC(CNC(=O)c2cc(OCCCNC(=O)c3ccc(N/N=C/c4ccccc4S(=O)(=O)O)nc3)c3c(cnn3CCCNc3ncc[nH]3)c2)C(=O)O)c(C)c1,,,,"MolVec 0.9.8 (git b412dd0, Maven Central)",0.5367619842290878
uspto,US07321045-20080122-C00207,Cc1cc(C)c(S(=O)(=O)NC(CNC(=O)c2cc(OCCCN)c3c(cnn3CCCNc3ncc[nH]3)c2)C(=O)O)c(C)c1,,,,"MolVec 0.9.8 (git b412dd0, Maven Central)",0.2801541592925787
uspto,US07321045-20080122-C00208,Cc1cc(C)c(S(=O)(=O)NC(CNC(=O)c2cc(OCCCNC(=O)CN3CCN(CC(=O)O)CCN(CC(=O)O)CCN(CC(=O)O)CC3)c3c(cnn3CCCNc3ncc[nH]3)c2)C(=O)O)c(C)c1,,,,"MolVec 0.9.8 (git b412dd0, Maven Central)",0.5296082329005003
uspto,US07321046-20080122-C00005,C=C/C=C\[C@H](C)[C@@H]1OC(=O)/C=C\C=C\[C@@H](C)[C@@H](O)C[C@H](O)/C=C\[C@H](C)[C@H](O)[C@@H](C)C[C@@H](C)CC[C@@H](O)[C@@H]1C,,,,"MolVec 0.9.8 (git b412dd0, Maven Central)",0.5956389494240284
uspto,US07321047-20080122-C00005,CCCCCc1cc(OC(=O)Nc2cc([N+](=O)[O-])cc([N+](=O)[O-])c2)c2c(c1)OC(C)(C)C1CCC(C)=CC21,,,,"MolVec 0.9.8 (git b412dd0, Maven Central)",0.1505176667124033
uspto,US07321054-20080122-C00009,Cc1cc(C(=O)c2ccc(O)c(C)c2)ccc1O,,,,"MolVec 0.9.8 (git b412dd0, Maven Central)",0.08893312886357307
uspto,US07321054-20080122-C00010,Oc1ccc(C(c2ccc(O)c(CN3CCOCC3)c2)c2ccc(O)c(CN3CCOCC3)c2)cc1CN1CCOCC1,,,,"MolVec 0.9.8 (git b412dd0, Maven Central)",0.42713445983827114
uspto,US07321054-20080122-C00011,Cc1cc(C(c2ccc(O)c(C)c2)c2ccc(O)c(C)c2)ccc1O,,,,"MolVec 0.9.8 (git b412dd0, Maven Central)",0.20499947108328342
uspto,US07321063-20080122-C00020,Cc1cccc(C(F)(F)F)c1,,,,"MolVec 0.9.8 (git b412dd0, Maven Central)",0.0254240520298481
uspto,US07321063-20080122-C00032,Cc1cccc(C(=O)O)c1,,,,"MolVec 0.9.8 (git b412dd0, Maven Central)",0.029823197051882744
uspto,US07321063-20080122-C00118,CC(=O)OCCN1CCCC1=O,,,,"MolVec 0.9.8 (git b412dd0, Maven Central)",0.036386940628290176
uspto,US07321063-20080122-C00127,CC(=O)NCc1ccccc1,,,,"MolVec 0.9.8 (git b412dd0, Maven Central)",0.040594207122921944
uspto,US07321063-20080122-C00148,CC(=O)[C@@H]1CC(=O)NC(=O)N1,,,,"MolVec 0.9.8 (git b412dd0, Maven Central)",0.05549580603837967
uspto,US07321063-20080122-C00151,CC(=O)C(=O)NC(C)(C)C,,,,"MolVec 0.9.8 (git b412dd0, Maven Central)",0.033888235688209534
uspto,US07321063-20080122-C00193,CC(=O)c1cc(C(C)(C)C)nn1Cc1ccccc1,,,,"MolVec 0.9.8 (git b412dd0, Maven Central)",0.07197055965662003
uspto,US07321063-20080122-C00196,CC(=O)O[C@@H](C)c1ccccc1,,,,"MolVec 0.9.8 (git b412dd0, Maven Central)",0.05153613165020943
uspto,US07321063-20080122-C00199,CC(=O)COc1ccccc1,,,,"MolVec 0.9.8 (git b412dd0, Maven Central)",0.03602130338549614
uspto,US07321063-20080122-C00205,CC(=O)O[C@H](C)c1ccccc1,,,,"MolVec 0.9.8 (git b412dd0, Maven Central)",0.04543759860098362
uspto,US07321063-20080122-C00229,CC(=O)C(NC(N)=O)NC(N)=O,,,,"MolVec 0.9.8 (git b412dd0, Maven Central)",0.07111139968037605
uspto,US07321063-20080122-C00260,CCc1ccc(N(C)C)cc1,,,,"MolVec 0.9.8 (git b412dd0, Maven Central)",0.05070053972303867
uspto,US07321063-20080122-C00316,CC(=O)Nc1ccc(COC(C)=O)cc1,,,,"MolVec 0.9.8 (git b412dd0, Maven Central)",0.06896827928721905
uspto,US07321063-20080122-C00398,COc1ccc(C)cc1OC,,,,"MolVec 0.9.8 (git b412dd0, Maven Central)",0.038480132818222046
uspto,US07321063-20080122-C00453,CC(=O)OCC1=CC=C[N+]([Cl-])=C1,,,,"MolVec 0.9.8 (git b412dd0, Maven Central)",0.04689683951437473
uspto,US07321063-20080122-C00513,CC(=O)OCc1ccncc1,,,,"MolVec 0.9.8 (git b412dd0, Maven Central)",0.03454406559467316
uspto,US07321063-20080122-C00516,CC(=O)OCCc1ccccc1,,,,"MolVec 0.9.8 (git b412dd0, Maven Central)",0.03457551263272762
uspto,US07321063-20080122-C00542,Cc1ccc([N+](=O)[O-])cc1[N+](=O)[O-],,,,"MolVec 0.9.8 (git b412dd0, Maven Central)",0.043989330530166626
uspto,US07321063-20080122-C00548,Cc1ccc(OCc2ccccc2)cc1,,,,"MolVec 0.9.8 (git b412dd0, Maven Central)",0.052504267543554306
uspto,US07321063-20080122-C00554,Cc1ccc2c(c1)OCO2,,,,"MolVec 0.9.8 (git b412dd0, Maven Central)",0.03327539376914501
uspto,US07321063-20080122-C00555,COc1ccc(COC(C)=O)cc1,,,,"MolVec 0.9.8 (git b412dd0, Maven Central)",0.059943921864032745
uspto,US07321063-20080122-C00558,COc1cccc(COC(C)=O)c1,,,,"MolVec 0.9.8 (git b412dd0, Maven Central)",0.05303141288459301
uspto,US07321063-20080122-C00561,COc1ccccc1COC(C)=O,,,,"MolVec 0.9.8 (git b412dd0, Maven Central)",0.04181019775569439
uspto,US07321063-20080122-C00566,Cc1ccc2c(c1)CCO2,,,,"MolVec 0.9.8 (git b412dd0, Maven Central)",0.02940605953335762
uspto,US07321063-20080122-C00576,CC(=O)O[C@@H]1CCN(C(=O)OC(C)(C)C)C1,,,,"MolVec 0.9.8 (git b412dd0, Maven Central)",0.05303621105849743
uspto,US07321063-20080122-C00585,CC(=O)C[C@H]1CNC(=O)C1,,,,"MolVec 0.9.8 (git b412dd0, Maven Central)",0.03759591281414032
uspto,US07321063-20080122-C00615,CC(=O)C1CNCCC1C,,,,"MolVec 0.9.8 (git b412dd0, Maven Central)",0.042897503823041916
uspto,US07321063-20080122-C00633,CC(=O)c1cnc2ccccc2n1,,,,"MolVec 0.9.8 (git b412dd0, Maven Central)",0.04623861610889435
uspto,US07321065-20080122-C00053,CC(C)(C)OC(=O)NCCc1ccc(Oc2ccc(O)cc2)cc1,,,,"MolVec 0.9.8 (git b412dd0, Maven Central)",0.0921397153288126
uspto,US07321065-20080122-C00054,CC(C)(C)OC(=O)NCCc1ccc(Oc2ccc(O)cc2)c(I)c1,,,,"MolVec 0.9.8 (git b412dd0, Maven Central)",0.10655908472836018
uspto,US07321065-20080122-C00055,CC(C)(C)OC(=O)NCCc1cc(I)c(Oc2ccc(O)cc2)c(I)c1,,,,"MolVec 0.9.8 (git b412dd0, Maven Central)",0.11359139531850815
uspto,US07321065-20080122-C00057,CC(C)(C)OC(=O)NCCc1ccc(Oc2ccc(O)c(I)c2)c(I)c1,,,,"MolVec 0.9.8 (git b412dd0, Maven Central)",0.09167089685797691
uspto,US07321065-20080122-C00058,CC(C)(C)OC(=O)NCCc1ccc(Oc2cc(I)c(O)c(I)c2)c(I)c1,,,,"MolVec 0.9.8 (git b412dd0, Maven Central)",0.10524784214794636
uspto,US07321065-20080122-C00059,CC(C)(C)OC(=O)NCCc1cc(I)c(Oc2ccc(O)c(I)c2)c(I)c1,,,,"MolVec 0.9.8 (git b412dd0, Maven Central)",0.1182525996118784
uspto,US07321065-20080122-C00060,CC(C)(C)OC(=O)NCCc1cc(I)c(Oc2cc(I)c(O)c(I)c2)c(I)c1,,,,"MolVec 0.9.8 (git b412dd0, Maven Central)",0.13788448832929134
uspto,US07321065-20080122-C00072,CC(C)(C)OC(=O)NCCc1ccc(OCc2ccccc2)cc1,,,,"MolVec 0.9.8 (git b412dd0, Maven Central)",0.11296207271516323
uspto,US07321065-20080122-C00073,CC(C)(C)OC(=O)NCCc1ccc(OCc2ccccc2)c(I)c1,,,,"MolVec 0.9.8 (git b412dd0, Maven Central)",0.11497872322797775
uspto,US07321065-20080122-C00075,CC(C)(C)OC(=O)NCCc1ccc(OCc2ccc(F)cc2)cc1,,,,"MolVec 0.9.8 (git b412dd0, Maven Central)",0.13036140240728855
uspto,US07321065-20080122-C00076,COc1cccc(COc2ccc(CCNC(=O)OC(C)(C)C)cc2)c1,,,,"MolVec 0.9.8 (git b412dd0, Maven Central)",0.1211447287350893
uspto,US07321065-20080122-C00078,Cc1cc(C)cc(COc2ccc(CCNC(=O)OC(C)(C)C)cc2)c1,,,,"MolVec 0.9.8 (git b412dd0, Maven Central)",0.14436692744493484
uspto,US07321065-20080122-C00086,CN(CCc1ccc(OCc2ccccc2)cc1)C(=O)OC(C)(C)C,,,,"MolVec 0.9.8 (git b412dd0, Maven Central)",0.13017350435256958
uspto,US07321065-20080122-C00087,CN(CCc1ccc(OCc2ccccc2)c(I)c1)C(=O)OC(C)(C)C,,,,"MolVec 0.9.8 (git b412dd0, Maven Central)",0.12319139949977398
uspto,US07321065-20080122-C00088,CCN(CCc1ccc(OCc2ccccc2)cc1)C(=O)OC(C)(C)C,,,,"MolVec 0.9.8 (git b412dd0, Maven Central)",0.1392341200262308
uspto,US07321065-20080122-C00089,CCCN(CCc1ccc(OCc2ccccc2)cc1)C(=O)OC(C)(C)C,,,,"MolVec 0.9.8 (git b412dd0, Maven Central)",0.13192757219076157
uspto,US07321065-20080122-C00090,CCCCN(CCc1ccc(OCc2ccccc2)cc1)C(=O)OC(C)(C)C,,,,"MolVec 0.9.8 (git b412dd0, Maven Central)",0.13744992204010487
uspto,US07321065-20080122-C00091,CC(C)(C)OC(=O)N(CCc1ccc(OCc2ccccc2)cc1)Cc1ccccc1,,,,"MolVec 0.9.8 (git b412dd0, Maven Central)",0.18052850663661957
uspto,US07321065-20080122-C00094,CCNCCc1ccc(OCc2ccccc2)cc1,,,,"MolVec 0.9.8 (git b412dd0, Maven Central)",0.13478696532547474
uspto,US07321065-20080122-C00103,CC(C)(C)OC(=O)NCCc1ccc(OCCCc2ccccc2)cc1,,,,"MolVec 0.9.8 (git b412dd0, Maven Central)",0.13142648711800575
uspto,US07321065-20080122-C00104,CC(C)(C)OC(=O)NCCc1ccc(OCCCCc2ccccc2)cc1,,,,"MolVec 0.9.8 (git b412dd0, Maven Central)",0.10081085562705994
uspto,US07321065-20080122-C00105,CC(C)(C)OC(=O)NCCc1ccc(OCC(=O)c2ccccc2)cc1,,,,"MolVec 0.9.8 (git b412dd0, Maven Central)",0.1199712548404932
uspto,US07321065-20080122-C00106,COc1cc(COc2ccc(CCNC(=O)OC(C)(C)C)cc2)cc(OC)c1,,,,"MolVec 0.9.8 (git b412dd0, Maven Central)",0.1577784325927496
uspto,US07321065-20080122-C00124,CC(C)(C)OC(=O)NCCCOc1ccc(Oc2ccccc2)cc1,,,,"MolVec 0.9.8 (git b412dd0, Maven Central)",0.10035092011094093
uspto,US07321065-20080122-C00125,CC(C)(C)OC(=O)NCCCOc1cccc(Oc2ccccc2)c1,,,,"MolVec 0.9.8 (git b412dd0, Maven Central)",0.09950300864875317
uspto,US07321065-20080122-C00133,COc1cc(Oc2ccccc2)ccc1C(=O)O,,,,"MolVec 0.9.8 (git b412dd0, Maven Central)",0.0898607149720192
uspto,US07321065-20080122-C00134,CC(C)(C)OC(=O)NCCNC(=O)c1ccc(Oc2ccccc2)cc1,,,,"MolVec 0.9.8 (git b412dd0, Maven Central)",0.1129801757633686
uspto,US07321065-20080122-C00135,CC(C)(C)OC(=O)NCCCNC(=O)c1ccc(Oc2ccccc2)cc1,,,,"MolVec 0.9.8 (git b412dd0, Maven Central)",0.10723407752811909
uspto,US07321065-20080122-C00136,CC(C)(C)OC(=O)NCCCCNC(=O)c1ccc(Oc2ccccc2)cc1,,,,"MolVec 0.9.8 (git b412dd0, Maven Central)",0.11655834503471851
uspto,US07321065-20080122-C00137,CC(C)(C)OC(=O)NCCCCCNC(=O)c1ccc(Oc2ccccc2)cc1,,,,"MolVec 0.9.8 (git b412dd0, Maven Central)",0.11964044533669949
uspto,US07321065-20080122-C00138,COc1cc(Oc2ccccc2)ccc1C(=O)NCCNC(=O)OC(C)(C)C,,,,"MolVec 0.9.8 (git b412dd0, Maven Central)",0.11998583935201168
uspto,US07321065-20080122-C00139,COc1cc(Oc2ccccc2)ccc1C(=O)NCCCNC(=O)OC(C)(C)C,,,,"MolVec 0.9.8 (git b412dd0, Maven Central)",0.11264865472912788
uspto,US07321065-20080122-C00140,COc1cc(Oc2ccccc2)ccc1C(=O)NCCCCNC(=O)OC(C)(C)C,,,,"MolVec 0.9.8 (git b412dd0, Maven Central)",0.12733971700072289
uspto,US07321065-20080122-C00141,COc1cc(Oc2ccccc2)ccc1C(=O)NCCCCCNC(=O)OC(C)(C)C,,,,"MolVec 0.9.8 (git b412dd0, Maven Central)",0.12527652829885483
uspto,US07321065-20080122-C00158,O[C@H](c1ccccc1)c1ccc(Oc2ccccc2)cc1,,,,"MolVec 0.9.8 (git b412dd0, Maven Central)",0.13928294740617275
uspto,US07321065-20080122-C00159,O[C@H](c1ccccc1)c1cccc(Oc2ccccc2)c1,,,,"MolVec 0.9.8 (git b412dd0, Maven Central)",0.15348346531391144
uspto,US07321065-20080122-C00160,N#C[C@H](c1ccccc1)c1ccc(Oc2ccccc2)cc1,,,,"MolVec 0.9.8 (git b412dd0, Maven Central)",0.15478447265923023
uspto,US07321065-20080122-C00161,N#C[C@H](c1ccccc1)c1cccc(Oc2ccccc2)c1,,,,"MolVec 0.9.8 (git b412dd0, Maven Central)",0.15718378871679306
uspto,US07321065-20080122-C00165,OCc1ccc(Oc2ccccc2)c2ccccc12,,,,"MolVec 0.9.8 (git b412dd0, Maven Central)",0.096493661403656
uspto,US07321068-20080122-C00001,C1CC2C3CCC(C3)C2C1,,,,"MolVec 0.9.8 (git b412dd0, Maven Central)",0.0243143979460001
uspto,US07322965-20080129-C00003,O=C([C@H](O)CO)N1CC=C(c2c(F)cc(N3C[C@@H](COc4ccon4)OC3=O)cc2F)CC1,,,,"MolVec 0.9.8 (git b412dd0, Maven Central)",0.2559760604053736
uspto,US07323044-20080129-C00005,CCCCCC/C=C/C=C/CCCCCCCC(=O)OCC(COC(=O)CCCCCCC/C=C/C=C/CCCCCC)OC(=O)CCCCCCC/C=C/C=C/CCCCCC,,,,"MolVec 0.9.8 (git b412dd0, Maven Central)",0.22135712206363678
uspto,US07323045-20080129-C00036,Cc1ccc2nc(C)sc2c1,,,,"MolVec 0.9.8 (git b412dd0, Maven Central)",0.03296484239399433
uspto,US07323045-20080129-C00057,Cc1nc2cc([N+](=O)[O-])ccc2s1,,,,"MolVec 0.9.8 (git b412dd0, Maven Central)",0.039611559361219406
uspto,US07323045-20080129-C00062,CC1=NC2=CC=C(S(N)(=O)(=O)C3=CC(C(=O)O)=CC(C(=O)O)=C3)C=C2S1,,,,"MolVec 0.9.8 (git b412dd0, Maven Central)",0.1005342360585928
uspto,US07323101-20080129-C00001,Cc1ccc2c(c1)CN1CN2Cc2cc(C)ccc21,,,,"MolVec 0.9.8 (git b412dd0, Maven Central)",0.05629953555762768
uspto,US07323101-20080129-C00002,c1ccc(C2OC2c2ccccc2)cc1,,,,"MolVec 0.9.8 (git b412dd0, Maven Central)",0.019859885796904564
uspto,US07323101-20080129-C00003,O=C(c1ccccc1)C(O)c1ccccc1,,,,"MolVec 0.9.8 (git b412dd0, Maven Central)",0.029200691729784012
uspto,US07323101-20080129-C00004,OC(Cc1ccccc1)c1ccccc1,,,,"MolVec 0.9.8 (git b412dd0, Maven Central)",0.0395431537181139
uspto,US07323101-20080129-C00005,O=C1CCCCC1c1ccccc1,,,,"MolVec 0.9.8 (git b412dd0, Maven Central)",0.026208719238638878
uspto,US07323101-20080129-C00006,OC(c1c2ccccc2cc2ccccc12)C(F)(F)F,,,,"MolVec 0.9.8 (git b412dd0, Maven Central)",0.06815098412334919
uspto,US07323101-20080129-C00007,O=C1CC(c2ccccc2)Oc2ccccc21,,,,"MolVec 0.9.8 (git b412dd0, Maven Central)",0.046677349135279655
uspto,US07323101-20080129-C00008,CC1c2cccc(O)c2-c2c(O)cccc21,,,,"MolVec 0.9.8 (git b412dd0, Maven Central)",0.061586568132042885
uspto,US07323119-20080129-C00002,CCOP1OCC2(COP(C)OC2)CO1,,,,"MolVec 0.9.8 (git b412dd0, Maven Central)",0.11134128458797932
uspto,US07323225-20080129-C00001,C[H]N([H]C)C1=CC2OC3=CC(=O)C4=C(CC=CC4)C3N=C2C=C1,,,,"MolVec 0.9.8 (git b412dd0, Maven Central)",0.09040473215281963
uspto,US07323286-20080129-C00100,CC1C2CC(CC(O)(C(F)(F)F)C(F)(F)F)C(C2)C1[C@@H](C)C(C)C(C(=O)OC(C)(C)C)C(F)(F)F,,,,"MolVec 0.9.8 (git b412dd0, Maven Central)",0.2121659405529499
uspto,US07323286-20080129-C00101,CC(C)(C(=O)OC1(C)C2CC3CC4CC421C3)C(F)(F)F.CC1CC2CC1CC2CC(O)(C(F)(F)F)C(F)(F)F,,,,"MolVec 0.9.8 (git b412dd0, Maven Central)",0.23976504616439342
uspto,US07323286-20080129-C00103,CCOCOC(CC1CC2CC1C(C)C2C1C(C)C2CC(CC(O)(C(F)(F)F)C(F)(F)F)C1C2)(C(F)(F)F)C(F)(F)F,,,,"MolVec 0.9.8 (git b412dd0, Maven Central)",0.3364805020391941
uspto,US07323286-20080129-C00104,CC1C2CC(CC2CC(O)(C(F)(F)F)C(F)(F)F)C1C1C(C)C2CC1C(C(=O)OC(C)(C)C)(C(F)(F)F)C2,,,,"MolVec 0.9.8 (git b412dd0, Maven Central)",0.37790877744555473
uspto,US07323286-20080129-C00105,CC(C)(C)C#N.CC1CC2CC1CC2(C(=O)OC(C)(C)C)C(F)(F)F,,,,"MolVec 0.9.8 (git b412dd0, Maven Central)",0.18956554308533669
uspto,US07323286-20080129-C00106,CC1CC2CC1CC2(C(=O)OC(C)(C)C)C(F)(F)F.COC(=O)C(C)(C)C(F)(F)F,,,,"MolVec 0.9.8 (git b412dd0, Maven Central)",0.22741354070603848
uspto,US07323286-20080129-C00108,CCC(CC(C)(C(=O)OC12CC3CC(CC(C3)C1)C2)C(F)(F)F)(C(=O)OC1(C)C2CC3CC(C2)CC1C3)C(F)(F)F,,,,"MolVec 0.9.8 (git b412dd0, Maven Central)",0.28963007032871246
uspto,US07323286-20080129-C00122,CC(C)(c1ccc(C(C)(c2cc(CO)c(O)c(CO)c2)c2cc(CO)c(O)c(CO)c2)cc1)c1cc(CO)c(O)c(CO)c1,,,,"MolVec 0.9.8 (git b412dd0, Maven Central)",0.2856417838484049
uspto,US07323286-20080129-C00123,COCc1cc(C(C)(C)c2ccc(C(C)(c3cc(COC)c(O)c(COC)c3)c3cc(COC)c(O)c(COC)c3)cc2)cc(COC)c1O,,,,"MolVec 0.9.8 (git b412dd0, Maven Central)",0.3821052983403206
uspto,US07323286-20080129-C00125,COCc1cc(C(C)(C)c2cc(C(C)(C)c3cc(COC)c(O)c(COC)c3)cc(C(C)(C)c3cc(COC)c(O)c(COC)c3)c2)cc(COC)c1O,,,,"MolVec 0.9.8 (git b412dd0, Maven Central)",0.3653262108564377
uspto,US07323286-20080129-C00126,COCN(COC)C1=NC(N(COC)O(C)C)=NC(N(COC)O(C)C)=N1,,,,"MolVec 0.9.8 (git b412dd0, Maven Central)",0.188760818913579
uspto,US07323286-20080129-C00127,COCN1C(=O)N(COC)C(OC)C1OC,,,,"MolVec 0.9.8 (git b412dd0, Maven Central)",0.06646634638309479
uspto,US07323294-20080129-C00004,Cc1cccc(O)c1,,,,"MolVec 0.9.8 (git b412dd0, Maven Central)",0.0505090095102787
uspto,US07323294-20080129-C00005,Cc1cc(O)cc(O)c1,,,,"MolVec 0.9.8 (git b412dd0, Maven Central)",0.07604685984551907
uspto,US07323444-20080129-C00001,C/C=C1\NC(=O)[C@H](Cc2ccccc2)NC(=O)[C@@H]2NC(=O)[C@H](NC(=O)C(NC(=O)[C@H](NC(=O)[C@H](CC[C@@H](C)N)NC(=O)[C@H]3CCCN3C(=O)[C@H](NC(=O)[C@@H](NC(=O)C(NC(=O)[C@H](NC(=O)CCCC(C)C)C(C)C)[C@@H](C)O)C(C)C)C(C)C)C(C)CC)[C@@H](C)OC(=O)[C@H](C(C)C)N(C)C1=O)C(CC)CC2C.CC,,,,"MolVec 0.9.8 (git b412dd0, Maven Central)",3.679141638800502
uspto,US07323447-20080129-C00035,C=P[C@H]1C[C@@]1(NC(=O)OC(C)(C)C)C(=O)O,,,,"MolVec 0.9.8 (git b412dd0, Maven Central)",0.10584009811282158
uspto,US07323447-20080129-C00037,CCCCCCCO(=O)C1C(C(O)O)[C@H](O[C@@H]2C(P)[C@@H]2CO(Cl)(C[C@H]([C@H](CC)C[C@@H](C)OO)C23CC2(C)C3)C([PH]2=C(O(O)(O)[C@H](CO)C(O)CO)C2)C23C4[C@H]5[C@@H]2[C@@]453)[C@@H]1C(O)(O)CCCCCC,,,,"MolVec 0.9.8 (git b412dd0, Maven Central)",4.196692179888487
uspto,US07323447-20080129-C00040,CC(C)(C)OC(=O)NC1(C(=O)O)CC1,,,,"MolVec 0.9.8 (git b412dd0, Maven Central)",0.0596751794219017
uspto,US07323447-20080129-C00041,COC(=O)C1(Cl(N)(N)N)CCC1,,,,"MolVec 0.9.8 (git b412dd0, Maven Central)",0.039418574422597885
uspto,US07323447-20080129-C00056,CC(C)(C)NS(=O)(=O)C1(Cc2ccccc2)CC1,,,,"MolVec 0.9.8 (git b412dd0, Maven Central)",0.04416259564459324
uspto,US07323447-20080129-C00058,CCCC1(S(N)(=O)=O)CC1,,,,"MolVec 0.9.8 (git b412dd0, Maven Central)",0.05084184557199478
uspto,US07323447-20080129-C00060,C=CCC1(S(=O)(=O)NC(C)(C)C)CC1,,,,"MolVec 0.9.8 (git b412dd0, Maven Central)",0.052073508501052856
uspto,US07323447-20080129-C00063,CC(C)(C)NS(=O)(=O)C1(C2(O)CCCCC2)CC1,,,,"MolVec 0.9.8 (git b412dd0, Maven Central)",0.05648261494934559
uspto,US07323447-20080129-C00066,CC(C)(C)NS(=O)(=O)C1(C(=O)c2ccccc2)CC1,,,,"MolVec 0.9.8 (git b412dd0, Maven Central)",0.059955643489956856
uspto,US07323447-20080129-C00068,CC(C)(C)NS(=O)(=O)C1(C(=O)N=P)CC1,,,,"MolVec 0.9.8 (git b412dd0, Maven Central)",0.08357557095587254
uspto,US07323447-20080129-C00071,CC(C)(C)OC(=O)NS(=O)(=O)CCCCl,,,,"MolVec 0.9.8 (git b412dd0, Maven Central)",0.05648239143192768
uspto,US07323447-20080129-C00074,COCC1(S(=O)(=O)NC(=O)OC(C)(C)C)CC1,,,,"MolVec 0.9.8 (git b412dd0, Maven Central)",0.059401728212833405
uspto,US07323447-20080129-C00077,CC(C)(C)OC(=O)NS(=O)(=O)C1(CC2CC2)CC1,,,,"MolVec 0.9.8 (git b412dd0, Maven Central)",0.06333944573998451
uspto,US07323447-20080129-C00080,CCCNC(=O)C1(S(=O)(=O)NC(=O)OC(C)(C)C)CC1,,,,"MolVec 0.9.8 (git b412dd0, Maven Central)",0.07908115722239017
uspto,US07323447-20080129-C00083,Cc1noc(C)c1NC(=O)C1(S(=O)(=O)NC(=O)OC(C)(C)C)CC1,,,,"MolVec 0.9.8 (git b412dd0, Maven Central)",0.09147840552031994
uspto,US07323447-20080129-C00092,NS(=O)(=O)c1ccc(Br)cc1,,,,"MolVec 0.9.8 (git b412dd0, Maven Central)",0.038841962814331055
uspto,US07323447-20080129-C00098,C=C[C@@H]1C[C@]1(N)C(=O)NS(=O)(=O)N(C)CC,,,,"MolVec 0.9.8 (git b412dd0, Maven Central)",0.08149066381156445
uspto,US07323447-20080129-C00100,COc1ccc2c(Cl)cc(-c3ccccc3)nc2c1,,,,"MolVec 0.9.8 (git b412dd0, Maven Central)",0.14573119208216667
uspto,US07323447-20080129-C00103,CCOC(=O)C/N=C/c1ccccc1,,,,"MolVec 0.9.8 (git b412dd0, Maven Central)",0.0768426489084959
uspto,US07323447-20080129-C00104,C=CC1CC1(NC(=O)OC(C)(C)C)C(=O)OCC,,,,"MolVec 0.9.8 (git b412dd0, Maven Central)",0.07643400318920612
uspto,US07323447-20080129-C00119,C=C[C@@H]1C[C@]1(NC(=O)[C@@H]1C[C@@H](Oc2cc(-c3ccccc3)nc3cc(OC)ccc23)CN1C(=O)[C@@H](O)C(C)(C)C)C(=O)NS(=O)(=O)C1CC1,,,,"MolVec 0.9.8 (git b412dd0, Maven Central)",0.3694881945848465
uspto,US07323447-20080129-C00124,C=C[C@@H]1C[C@]1(NC(=O)[C@@H]1C[C@@H](Oc2cc(-c3ccccc3)nc3cc(OC)ccc23)CN1C(=O)[C@@H](OC(=O)Nc1ccc(OC)cc1)C(C)(C)C)C(=O)NS(=O)(=O)C1CC1,,,,"MolVec 0.9.8 (git b412dd0, Maven Central)",0.5421129893511534
uspto,US07323447-20080129-C00125,C=C[C@@H]1C[C@]1(NC(=O)[C@@H]1C[C@@H](Oc2cc(-c3ccccc3)nc3cc(OC)ccc23)CN1C(=O)C(OC(=O)Nc1ccc(OC)cc1C)C(C)(C)C)C(=O)NS(=O)(=O)C1CC1,,,,"MolVec 0.9.8 (git b412dd0, Maven Central)",0.3247634470462799
uspto,US07323447-20080129-C00126,C=C[C@@H]1C[C@]1(NC(=O)[C@@H]1C[C@@H](Oc2cc(-c3ccccc3)nc3cc(OC)ccc23)CN1C(=O)C(OC(=O)Nc1ccc(N(C)C)cc1)C(C)(C)C)C(=O)NS(=O)(=O)C1CC1,,,,"MolVec 0.9.8 (git b412dd0, Maven Central)",0.3666130229830742
uspto,US07323447-20080129-C00127,CC(C)(C)OC(=O)N1C[C@H](Oc2nccc3ccccc23)C[C@H]1C(=O)O,,,,"MolVec 0.9.8 (git b412dd0, Maven Central)",0.1246300507336855
uspto,US07323447-20080129-C00132,C=C[C@@H]1C[C@]1(NC(=O)[C@@H]1C[C@@H](Oc2nccc3ccccc23)CN1C(=O)OC(C)(C)C)C(=O)NS(=O)(=O)C1CC1,,,,"MolVec 0.9.8 (git b412dd0, Maven Central)",0.3516701851040125
uspto,US07323447-20080129-C00134,C=C[C@@H]1C[C@]1(NC(=O)[C@@H]1C[C@@H](Oc2nccc3ccccc23)CN1C(=O)[C@@H](O)C(C)(C)C)C(=O)NS(=O)(=O)C1CC1,,,,"MolVec 0.9.8 (git b412dd0, Maven Central)",0.3368392251431942
uspto,US07323447-20080129-C00140,C=C[C@@H]1C[C@]1(NC(=O)[C@@H]1C[C@@H](Oc2nccc3cc(OC)ccc23)CN1C(=O)[C@H](O)C(C)C)C(=O)NS(=O)(=O)C1CC1,,,,"MolVec 0.9.8 (git b412dd0, Maven Central)",0.3951328620314598
uspto,US07323447-20080129-C00141,C=C[C@@H]1C[C@]1(NC(=O)[C@@H]1C[C@@H](Oc2nccc3cc(OC)ccc23)CN1C(=O)[C@H](OC(=O)NC1CCCC1)C(C)C)C(=O)NS(=O)(=O)C1CC1,,,,"MolVec 0.9.8 (git b412dd0, Maven Central)",0.4058359432965517
uspto,US07323447-20080129-C00143,C=C[C@@H]1C[C@]1(NC(=O)[C@@H]1C[C@@H](Oc2cc(-c3cccs3)cc(-c3ccccc3)n2)CN1C(=O)[C@@H](OC(=O)NC(C)(C)C)C(C)C)C(=O)NS(=O)(=O)C1CC1,,,,"MolVec 0.9.8 (git b412dd0, Maven Central)",0.5043092388659716
uspto,US07323447-20080129-C00166,Cc1ccc2c(Cl)cc(-c3ccccc3)nc2n1,,,,"MolVec 0.9.8 (git b412dd0, Maven Central)",0.14848374016582966
uspto,US07323447-20080129-C00184,COc1ccccc1-c1ccc2onc(C)c2[n+]1[O-],,,,"MolVec 0.9.8 (git b412dd0, Maven Central)",0.0765337385237217
uspto,US07323447-20080129-C00189,Cc1ccc2c(Cl)cc(C(F)(F)F)nc2n1,,,,"MolVec 0.9.8 (git b412dd0, Maven Central)",0.11122984439134598
uspto,US07323447-20080129-C00191,CCc1cc(Cl)c2onc(C)c2n1,,,,"MolVec 0.9.8 (git b412dd0, Maven Central)",0.13312411308288574
uspto,US07323447-20080129-C00197,COc1cc2nc(C3CC3)nc(O)c2cc1OC,,,,"MolVec 0.9.8 (git b412dd0, Maven Central)",0.29630814865231514
uspto,US07323447-20080129-C00199,CC.COC(=O)[C@@H]1C[C@@H](Oc2nc(C3CC3)nc3cc(OC)c(OC)cc23)CN1C(=O)OC(C)(C)C,,,,"MolVec 0.9.8 (git b412dd0, Maven Central)",0.47209647111594677
uspto,US07323447-20080129-C00201,COc1ccc2nc(C)nc(O)c2c1,,,,"MolVec 0.9.8 (git b412dd0, Maven Central)",0.07668161205947399
uspto,US07323447-20080129-C00203,CC.COC(=O)[C@@H]1C[C@@H](Oc2nc(C)nc3cc(OC)c(OC)cc23)CN1C(=O)OC(C)(C)C,,,,"MolVec 0.9.8 (git b412dd0, Maven Central)",0.4513193406164646
uspto,US07323447-20080129-C00205,COc1cc2nc(C(F)(F)F)nc(O)c2cc1OC,,,,"MolVec 0.9.8 (git b412dd0, Maven Central)",0.06854145415127277
uspto,US07323447-20080129-C00207,CC.COC(=O)[C@@H]1C[C@@H](Oc2nc(C(F)(F)F)nc3cc(OC)c(OC)cc23)CN1C(=O)OC(C)(C)C,,,,"MolVec 0.9.8 (git b412dd0, Maven Central)",0.46908267214894295
uspto,US07323447-20080129-C00208,Clc1nccc2occc12,,,,"MolVec 0.9.8 (git b412dd0, Maven Central)",0.10807561501860619
uspto,US07323447-20080129-C00210,Clc1nccc2sccc12,,,,"MolVec 0.9.8 (git b412dd0, Maven Central)",0.10694503411650658
uspto,US07323447-20080129-C00212,Clc1cnc2ccccc2n1,,,,"MolVec 0.9.8 (git b412dd0, Maven Central)",0.1364570204168558
uspto,US07323447-20080129-C00217,COc1cc2cc[nH]c(=O)c2cc1F,,,,"MolVec 0.9.8 (git b412dd0, Maven Central)",0.04895005747675896
uspto,US07323447-20080129-C00221,COc1c[nH]c(=O)c2cc(F)ccc12,,,,"MolVec 0.9.8 (git b412dd0, Maven Central)",0.053481325507164
uspto,US07323447-20080129-C00224,Clc1nsc2ccccc12,,,,"MolVec 0.9.8 (git b412dd0, Maven Central)",0.10692108236253262
uspto,US07323447-20080129-C00229,Clc1nccc(-c2ccccc2)n1,,,,"MolVec 0.9.8 (git b412dd0, Maven Central)",0.20743445120751858
uspto,US07323447-20080129-C00231,CC.Clc1nccc(-c2ccccn2)n1,,,,"MolVec 0.9.8 (git b412dd0, Maven Central)",0.2179238647222519
uspto,US07323447-20080129-C00235,Clc1nccc(-c2ccco2)n1,,,,"MolVec 0.9.8 (git b412dd0, Maven Central)",0.1939963400363922
uspto,US07323447-20080129-C00237,Clc1nccc(-c2nccs2)n1,,,,"MolVec 0.9.8 (git b412dd0, Maven Central)",0.19439526088535786
uspto,US07323447-20080129-C00246,C=C[C@@H]1C[C@]1(NC[C@@H]1C[C@@H](Oc2cccc3ccccc23)CN1C(=O)OC(C)(C)C)C(=O)OCC,,,,"MolVec 0.9.8 (git b412dd0, Maven Central)",0.44729477912187576
uspto,US07323447-20080129-C00247,C=C[C@@H]1C[C@]1(NC(=O)[C@@H]1C[C@@H](Oc2cc(-c3ccccc3)nc3cc(OC)ccc23)CN1C(=O)[C@@H](O)C(C)(C)C)C(=O)NS(=O)(=O)C1CC1,,,,"MolVec 0.9.8 (git b412dd0, Maven Central)",0.44908249005675316
uspto,US07323447-20080129-C00249,CCC1C[C@]1(NC(=O)[C@@H]1C[C@@H](Oc2cc(-c3ccccc3)nc3cc(OC)ccc23)CN1C(=O)[C@@H](O)C(C)(C)C)C(=O)NS(=O)(=O)C1CC1,,,,"MolVec 0.9.8 (git b412dd0, Maven Central)",0.5109364353120327
uspto,US07323447-20080129-C00250,CCC1C[C@]1(NC(=O)[C@@H]1C[C@@H](Oc2cc(-c3ccccc3)nc3cc(OC)ccc23)C[N+]12C[C@H](C)[C@H](O)C2=O)C(=O)NS(=O)(=O)C1CC1,,,,"MolVec 0.9.8 (git b412dd0, Maven Central)",0.4525323249399662
uspto,US07323447-20080129-C00251,C=C[C@@H]1C[C@]1(NC(=O)[C@@H]1CC(Oc2cc(-c3ccccc3)nc3cc(OC)ccc23)CN1C(=O)[C@@H](O)C(C)(C)C)C(=O)NS(=O)(=O)C1(CC2CC2)CC1,,,,"MolVec 0.9.8 (git b412dd0, Maven Central)",0.596786230802536
uspto,US07323447-20080129-C00254,CC[C@@H]1C[C@]1(NC(=O)[C@@H]1C[C@@H](Oc2cc(-c3ccccc3)nc3cc(OC)ccc23)CN1C(=O)[C@@H](O)C1CCCCC1)C(=O)NS(=O)(=O)C1CC1,,,,"MolVec 0.9.8 (git b412dd0, Maven Central)",0.42316978983581066
uspto,US07323447-20080129-C00257,C=C[C@@H]1C[C@]1(NC(=O)[C@@H]1C[C@@H](Oc2cc(-c3ccccc3)nc3cc(OC)ccc23)CN1C(=O)C(O)c1ccccc1)C(=O)NS(=O)(=O)C1CC1,,,,"MolVec 0.9.8 (git b412dd0, Maven Central)",0.8678155038505793
uspto,US07323447-20080129-C00258,CCC[C@H](NC(=O)[C@@H]1C[C@@H](Oc2cc(-c3ccccc3)nc3cc(OC)ccc23)CN1C(=O)C1(O)CC1)C(=O)NS(=O)(=O)C1CC1,,,,"MolVec 0.9.8 (git b412dd0, Maven Central)",0.44941158778965473
uspto,US07323447-20080129-C00259,CCC.CCC[C@H](NC(=O)[C@@H]1C[C@@H](Oc2cc(-c3ccccc3)nc3cc(OC)ccc23)CN1C(=O)C(O)Cc1c[nH]cn1)C(=O)NS(=O)(=O)C1CC1,,,,"MolVec 0.9.8 (git b412dd0, Maven Central)",1.1205457132309675
uspto,US07323447-20080129-C00260,CCC[C@H](NC(=O)[C@@H]1C[C@@H](Oc2cc(-c3ccccc3)nc3cc(OC)ccc23)CN1C(=O)[C@@H](O)CC(C)C)C(=O)NS(=O)(=O)C1CC1,,,,"MolVec 0.9.8 (git b412dd0, Maven Central)",0.4983769990503788
uspto,US07323447-20080129-C00262,C=C[C@@H]1C[C@]1(NC(=O)[C@@H]1C[C@@H](Oc2cc(-c3ccccc3)nc3cc(OC)ccc23)CN1C(=O)[C@H](O)c1ccccc1)C(=O)NS(=O)(=O)C1CC1,,,,"MolVec 0.9.8 (git b412dd0, Maven Central)",0.7571420092135668
uspto,US07323447-20080129-C00263,C=C[C@@H]1C[C@]1(NC(=O)[C@@H]1C[C@@H](Oc2cc(-c3ccccc3)nc3cc(OC)ccc23)CN1C(=O)C1CC1)C(=O)NS(=O)(=O)C1CC1,,,,"MolVec 0.9.8 (git b412dd0, Maven Central)",0.7114048935472965
uspto,US07323447-20080129-C00264,COc1ccc2c(O[C@@H]3C[C@@H](C(=O)N[C@]4(C(=O)NS(=O)(=O)C5CC5)C[C@H]4C)N(C(=O)[C@@H](O)C(C)(C)C)C3)nc(-c3ccc(OC(F)(F)F)cc3)cc2c1,,,,"MolVec 0.9.8 (git b412dd0, Maven Central)",0.457320861518383
uspto,US07323447-20080129-C00265,C=CC1C[C@]1(NC(=O)[C@@H]1C[C@@H](Oc2nccc3ccccc23)CN1C(=O)[C@@H](O)C(C)(C)C)C(=O)NS(=O)(=O)C1CC1,,,,"MolVec 0.9.8 (git b412dd0, Maven Central)",0.36638184636831284
uspto,US07323447-20080129-C00266,C=CCCCCCC(O)C(=O)N1C[C@H](Oc2nc(-c3ccccc3)cc3cc(OC)ccc23)CC1C(=O)N[C@]1(C(=O)NS(=O)(=O)C2CC2)CC1C=C,,,,"MolVec 0.9.8 (git b412dd0, Maven Central)",0.4731602966785431
uspto,US07323447-20080129-C00267,C=C[C@@H]1CC1(NC(=O)[C@@H]1C[C@@H](Oc2cc(-c3ccccc3)nc3cc(OC)ccc23)CN1C(=O)[C@@H](OC(=O)NC(C)(C)C)C(C)(C)C)C(=O)NS(=O)(=O)C1(CC2CC2)CC1,,,,"MolVec 0.9.8 (git b412dd0, Maven Central)",0.7021036986261606
uspto,US07323447-20080129-C00272,C=CC1CC1(NC(=O)[C@@H]1CC(Oc2cc(-c3ccccc3)nc3cc(OC)ccc23)CN1C(=O)[C@@H](OC(=O)Nc1ccc(N(C)C)cc1)C(C)(C)C)C(=O)NS(=O)(=O)C1CC1,,,,"MolVec 0.9.8 (git b412dd0, Maven Central)",0.7642257511615753
uspto,US07323447-20080129-C00273,C=CC1CC1(NC(=O)[C@@H]1CC(Oc2cc(-c3ccccc3)nc3cc(OC)ccc23)CN1C(=O)[C@@H](OC(=O)Nc1ccc(OC)cc1)C(C)(C)C)C(=O)NS(=O)(=O)C1CC1,,,,"MolVec 0.9.8 (git b412dd0, Maven Central)",0.6906438395380974
uspto,US07323447-20080129-C00274,C=CC1CC1(NC(=O)[C@@H]1CC(Oc2cc(-c3ccccc3)nc3cc(OC)ccc23)CN1C(=O)[C@@H](OC(=O)Nc1ccc(OC)cc1C)C(C)(C)C)C(=O)NS(=O)(=O)C1CC1,,,,"MolVec 0.9.8 (git b412dd0, Maven Central)",0.7370877135545015
uspto,US07323447-20080129-C00275,C=C[C@@H]1C[C@]1(NC(=O)[C@@H]1C[C@@H](Oc2nc(-c3ccc(OC(F)(F)F)cc3)cc3cc(OC)ccc23)CN1C(=O)[C@@H](OC(=O)NC(C)(C)C)C(C)(C)C)C(=O)NS(=O)(=O)C1CC1,,,,"MolVec 0.9.8 (git b412dd0, Maven Central)",0.5194787383079529
uspto,US07323447-20080129-C00277,C=C[C@@H]1C[C@]1(NC(=O)[C@@H]1C[C@@H](Oc2nccc3ccccc23)CN1C(=O)[C@@H](OC(=O)NC(C)(C)C)C(C)(C)C)C(=O)NS(=O)(=O)C1CC1,,,,"MolVec 0.9.8 (git b412dd0, Maven Central)",0.5680641047656536
uspto,US07323447-20080129-C00278,C=C[C@@H]1C[C@]1(NC(=O)[C@@H]1C[C@@H](Oc2nccc3ccccc23)CN1C(=O)[C@@H](OC(=O)NCC)C(C)(C)C)C(=O)NS(=O)(=O)C1CC1,,,,"MolVec 0.9.8 (git b412dd0, Maven Central)",0.5281283333897591
uspto,US07323447-20080129-C00279,C=C[C@@H]1C[C@]1(NC(=O)[C@@H]1C[C@@H](Oc2nccc3ccccc23)CN1C(=O)[C@@H](OC(=O)NC(C)C)C(C)(C)C)C(=O)NS(=O)(=O)C1CC1,,,,"MolVec 0.9.8 (git b412dd0, Maven Central)",0.5604680310934782
uspto,US07323447-20080129-C00282,C=C[C@@H]1C[C@]1(NC(=O)[C@@H]1C[C@@H](Oc2nccc3ccccc23)CN1C(=O)[C@@H](OC(=O)Nc1ccccc1OC)C(C)(C)C)C(=O)NS(=O)(=O)C1CC1,,,,"MolVec 0.9.8 (git b412dd0, Maven Central)",0.5709507931023836
uspto,US07323447-20080129-C00283,C=C[C@@H]1C[C@]1(NC(=O)[C@@H]1C[C@@H](Oc2nccc3ccccc23)CN1C(=O)[C@@H](OC(=O)Nc1ccc(F)cc1)C(C)(C)C)C(=O)NS(=O)(=O)C1CC1,,,,"MolVec 0.9.8 (git b412dd0, Maven Central)",0.5180038046091795
uspto,US07323447-20080129-C00284,C=C[C@@H]1C[C@]1(NC(=O)[C@@H]1C[C@@H](Oc2nccc3ccccc23)CN1C(=O)[C@@H](OC(=O)Nc1ccc(OC)cc1)C(C)(C)C)C(=O)NS(=O)(=O)C1CC1,,,,"MolVec 0.9.8 (git b412dd0, Maven Central)",0.551531532779336
uspto,US07323447-20080129-C00285,C=C[C@@H]1C[C@]1(NC(=O)[C@@H]1C[C@@H](Oc2nccc3ccccc23)CN1C(=O)[C@@H](OC(=O)Nc1ccccc1C(C)C)C(C)(C)C)C(=O)NS(=O)(=O)C1CC1,,,,"MolVec 0.9.8 (git b412dd0, Maven Central)",0.5801658313721418
uspto,US07323447-20080129-C00286,C=C[C@@H]1C[C@]1(NC(=O)[C@@H]1C[C@@H](Oc2nccc3ccccc23)CN1C(=O)[C@@H](OC(=O)Nc1ccc(C(C)(C)C)cc1)C(C)(C)C)C(=O)NS(=O)(=O)C1CC1,,,,"MolVec 0.9.8 (git b412dd0, Maven Central)",0.5464028846472502
uspto,US07323447-20080129-C00294,C=C[C@@H]1C[C@]1(NC(=O)[C@@H]1C[C@@H](Oc2ncnc3ccccc23)CN1C(=O)[C@@H](OC(=O)NC(C)(C)C)C(C)(C)C)C(=O)NS(=O)(=O)C1CC1,,,,"MolVec 0.9.8 (git b412dd0, Maven Central)",0.39719076454639435
uspto,US07323448-20080129-C00021,CCCCC(CN(O)C(N)=O)C(=O)N[C@H](C(=O)NC(C)(C)C)C(C)(C)C,,,,"MolVec 0.9.8 (git b412dd0, Maven Central)",0.15560234896838665
uspto,US07323448-20080129-C00022,CCCCC(CN(O)C=O)C(=O)N[C@@H](C)C(=O)N1CCOCC1,,,,"MolVec 0.9.8 (git b412dd0, Maven Central)",0.1398701723664999
uspto,US07323448-20080129-C00023,CCCCC(CN(O)C=O)C(=O)N[C@@H](C)C(=O)N(C)C,,,,"MolVec 0.9.8 (git b412dd0, Maven Central)",0.09626546315848827
uspto,US07323448-20080129-C00024,CCCCC(CN(O)C=O)C(=O)N[C@H](CO)CC(C)C,,,,"MolVec 0.9.8 (git b412dd0, Maven Central)",0.13812165521085262
uspto,US07323448-20080129-C00025,CCCCC(CN(O)C=O)C(=O)N[C@H](CO)Cc1ccccc1,,,,"MolVec 0.9.8 (git b412dd0, Maven Central)",0.14051043801009655
uspto,US07323448-20080129-C00026,CCCCC(CN(O)C=O)C(=O)N[C@H](C(=O)Nc1ccccn1)C(C)(C)C,,,,"MolVec 0.9.8 (git b412dd0, Maven Central)",0.17664616741240025
uspto,US07323448-20080129-C00027,CCCCC(CN(O)C=O)C(=O)N[C@H](C(=O)N(C)C)C(C)C,,,,"MolVec 0.9.8 (git b412dd0, Maven Central)",0.13301337510347366
uspto,US07323448-20080129-C00028,CCCCC(CN(O)C=O)C(=O)N[C@H]1Cc2ccccc2N(C)C1=O,,,,"MolVec 0.9.8 (git b412dd0, Maven Central)",0.19226312823593616
uspto,US07323448-20080129-C00029,CCCCC(CN(O)C=O)C(=O)N[C@H]1CC(C)CN(C)C1=O,,,,"MolVec 0.9.8 (git b412dd0, Maven Central)",0.13094930350780487
uspto,US07323448-20080129-C00030,CCCCC(CN(O)C=O)C(=O)N[C@@H](CC(C)C)C(=O)N1CCCC1,,,,"MolVec 0.9.8 (git b412dd0, Maven Central)",0.16910618357360363
uspto,US07323448-20080129-C00031,CCCCC(CN(O)C=O)C(=O)N1CCC[C@H]1C(=O)N(C)C,,,,"MolVec 0.9.8 (git b412dd0, Maven Central)",0.12563462369143963
uspto,US07323448-20080129-C00036,CCCC[C@H](CN(O)C=O)C(=O)N[C@@H](C)C(=O)N(C)C,,,,"MolVec 0.9.8 (git b412dd0, Maven Central)",3.63576596416533
uspto,US07323448-20080129-C00037,CN(C)C(=O)[C@@H](NC(=O)C(CC1CCCC1)CN(O)C=O)C(C)(C)C,,,,"MolVec 0.9.8 (git b412dd0, Maven Central)",0.1486570667475462
uspto,US07323448-20080129-C00038,CCCCCC(CN(O)C=O)C(=O)N[C@H](C(=O)N(C)C)C(C)(C)C,,,,"MolVec 0.9.8 (git b412dd0, Maven Central)",0.14232013188302517
uspto,US07323448-20080129-C00039,CCCC(CN(O)C=O)C(=O)N[C@H](C(=O)N(C)C)C(C)(C)C,,,,"MolVec 0.9.8 (git b412dd0, Maven Central)",0.11541913449764252
uspto,US07323448-20080129-C00040,CC(C)CC(CN(O)C=O)C(=O)N[C@H](C(=O)N(C)C)C(C)(C)C,,,,"MolVec 0.9.8 (git b412dd0, Maven Central)",0.12322947755455971
uspto,US07323448-20080129-C00041,CN(C)C(=O)[C@@H](NC(=O)C(CC1CCCCC1)CN(O)C=O)C(C)(C)C,,,,"MolVec 0.9.8 (git b412dd0, Maven Central)",0.14984913915395737
uspto,US07323448-20080129-C00042,CN(C)C(=O)[C@@H](NC(=O)C(CN(O)C=O)C1CCCC1)C(C)(C)C,,,,"MolVec 0.9.8 (git b412dd0, Maven Central)",0.1243872307240963
uspto,US07323448-20080129-C00043,CCCCCCC(CN(O)C=O)C(=O)N[C@H](C(=O)N(C)C)C(C)(C)C,,,,"MolVec 0.9.8 (git b412dd0, Maven Central)",0.15825304202735424
uspto,US07323448-20080129-C00044,CCCCCCC[C@H](CN(O)C=O)C(=O)N[C@H](C(=O)N(C)C)C(C)(C)C,,,,"MolVec 0.9.8 (git b412dd0, Maven Central)",0.16991225630044937
uspto,US07323448-20080129-C00045,CCCCCCCC[C@H](CN(O)C=O)C(=O)N[C@H](C(=O)N(C)C)C(C)(C)C,,,,"MolVec 0.9.8 (git b412dd0, Maven Central)",0.19737681560218334
uspto,US07323448-20080129-C00046,CC(C)CCC(CN(O)C=O)C(=O)N[C@H](C(=O)N(C)C)C(C)(C)C,,,,"MolVec 0.9.8 (git b412dd0, Maven Central)",0.12981371954083443
uspto,US07323448-20080129-C00047,CC(CN(O)C=O)C(=O)N[C@H](C(=O)N(C)C)C(C)(C)C,,,,"MolVec 0.9.8 (git b412dd0, Maven Central)",0.09177052788436413
uspto,US07323448-20080129-C00048,CC(C)C(CN(O)C=O)C(=O)N[C@H](C(=O)N(C)C)C(C)(C)C,,,,"MolVec 0.9.8 (git b412dd0, Maven Central)",0.10926608182489872
uspto,US07323448-20080129-C00049,CN(C)C(=O)[C@@H](NC(=O)C(Cc1ccccc1)CN(O)C=O)C(C)(C)C,,,,"MolVec 0.9.8 (git b412dd0, Maven Central)",0.14237381517887115
uspto,US07323448-20080129-C00050,COc1ccc(CC(CN(O)C=O)C(=O)N[C@H](C(=O)N(C)C)C(C)(C)C)cc1,,,,"MolVec 0.9.8 (git b412dd0, Maven Central)",0.15568054094910622
uspto,US07323448-20080129-C00051,CCCC[C@H](CN(O)C=O)C(=O)N[C@@H](Cc1ccccc1)C(=O)O,,,,"MolVec 0.9.8 (git b412dd0, Maven Central)",0.13251665234565735
uspto,US07323448-20080129-C00052,CCCC[C@H](CN(O)C=O)C(=O)N[C@H](C(=O)O)C(C)(C)C,,,,"MolVec 0.9.8 (git b412dd0, Maven Central)",0.12787295691668987
uspto,US07323448-20080129-C00053,CCCC[C@H](CN(O)C=O)C(=O)N[C@H](C(=O)N1CCC[C@H]1CO)C(C)C,,,,"MolVec 0.9.8 (git b412dd0, Maven Central)",0.15027034282684326
uspto,US07323448-20080129-C00054,CCCC[C@H](CN(O)C=O)C(=O)N[C@H](C(=O)N(C)CCO)C(C)(C)C,,,,"MolVec 0.9.8 (git b412dd0, Maven Central)",0.17169675044715405
uspto,US07323448-20080129-C00055,CCCC[C@H](CN(O)C=O)C(=O)N[C@@H](C(=O)N(C)C)C(C)(C)C,,,,"MolVec 0.9.8 (git b412dd0, Maven Central)",0.11649276874959469
uspto,US07323448-20080129-C00056,CCCC[C@H](CN(O)C=O)C(=O)N[C@H](C(=O)N(C)C)[C@@H](C)CC,,,,"MolVec 0.9.8 (git b412dd0, Maven Central)",0.13343840651214123
uspto,US07323448-20080129-C00057,CCCC[C@H](CN(O)C=O)C(=O)N[C@H](C(=O)N(C)C)C(C)(C)OC,,,,"MolVec 0.9.8 (git b412dd0, Maven Central)",0.13964740000665188
uspto,US07323448-20080129-C00058,CCCC[C@H](CN(O)C=O)C(=O)N[C@H](C(=O)N(C)C)C(C)(C)O,,,,"MolVec 0.9.8 (git b412dd0, Maven Central)",0.14132589846849442
uspto,US07323448-20080129-C00059,CCCC[C@H](CN(O)C=O)C(=O)N[C@@H](Cc1ccc(Cl)cc1)C(=O)N(C)C,,,,"MolVec 0.9.8 (git b412dd0, Maven Central)",0.15633096173405647
uspto,US07323448-20080129-C00060,CCCC[C@H](CN(O)C=O)C(=O)N[C@@H](Cc1ccc(O)cc1)C(=O)N(C)C,,,,"MolVec 0.9.8 (git b412dd0, Maven Central)",0.158245999366045
uspto,US07323448-20080129-C00061,CCCC[C@H](CN(O)C=O)C(=O)N[C@@H](Cc1ccc2ccccc2c1)C(=O)N(C)C,,,,"MolVec 0.9.8 (git b412dd0, Maven Central)",0.16711940616369247
uspto,US07323448-20080129-C00062,CCCC[C@H](CN(O)C=O)C(=O)N[C@@H](CC1CCCCC1)C(=O)N(C)C,,,,"MolVec 0.9.8 (git b412dd0, Maven Central)",0.15045923180878162
uspto,US07323448-20080129-C00063,CCCC[C@H](CN(O)C=O)C(=O)N[C@@H](C(=O)N(C)C)c1ccccc1,,,,"MolVec 0.9.8 (git b412dd0, Maven Central)",0.13777481019496918
uspto,US07323448-20080129-C00064,CCCC[C@H](CN(O)C=O)C(=O)N1Cc2ccccc2C[C@H]1C(=O)N(C)C,,,,"MolVec 0.9.8 (git b412dd0, Maven Central)",0.12214855290949345
uspto,US07323448-20080129-C00065,CCCC[C@H](CN(O)C=O)C(=O)N[C@@H](CCCCN)C(=O)N(C)C,,,,"MolVec 0.9.8 (git b412dd0, Maven Central)",0.16203210689127445
uspto,US07323448-20080129-C00066,CCCC[C@H](CN(O)C=O)C(=O)N[C@@H](CO)C(=O)N(C)C,,,,"MolVec 0.9.8 (git b412dd0, Maven Central)",0.11012820899486542
uspto,US07323448-20080129-C00067,CCCC[C@H](CN(O)C=O)C(=O)N1CCN(C)CC1,,,,"MolVec 0.9.8 (git b412dd0, Maven Central)",0.0939758475869894
uspto,US07323448-20080129-C00068,CCCC[C@H](CN(O)C=O)C(=O)N1CCOCC1,,,,"MolVec 0.9.8 (git b412dd0, Maven Central)",0.0829323660582304
uspto,US07323448-20080129-C00069,CCCC[C@H](CN(O)C=O)C(=O)N1CCC[C@H]1CO,,,,"MolVec 0.9.8 (git b412dd0, Maven Central)",0.09188101254403591
uspto,US07323448-20080129-C00070,CCCC[C@H](CN(O)C=O)C(=O)N[C@H](CO)C(C)(C)C,,,,"MolVec 0.9.8 (git b412dd0, Maven Central)",0.1217545885592699
uspto,US07323448-20080129-C00071,CCCC[C@H](CN(O)C=O)C(=O)N[C@H](COC)C(C)(C)C,,,,"MolVec 0.9.8 (git b412dd0, Maven Central)",0.13449937105178833
uspto,US07323448-20080129-C00072,CCCC[C@H](CN(O)C=O)C(=O)N[C@H](C(=O)N1CCC(Cc2ccccc2)CC1)C(C)(C)C,,,,"MolVec 0.9.8 (git b412dd0, Maven Central)",0.19320278614759445
uspto,US07323448-20080129-C00073,CCCC[C@H](CN(O)C=O)C(=O)N[C@H](C(=O)N(CCc1ccccc1)Cc1ccccc1)C(C)(C)C,,,,"MolVec 0.9.8 (git b412dd0, Maven Central)",0.2054810021072626
uspto,US07323448-20080129-C00074,CCCC[C@H](CN(O)C=O)C(=O)N[C@H](C(=O)N1CCCC1)C(C)(C)C,,,,"MolVec 0.9.8 (git b412dd0, Maven Central)",0.1685283686965704
uspto,US07323448-20080129-C00075,CCCC[C@H](CN(O)C=O)C(=O)N[C@H](C(=O)N1CCOCC1)C(C)(C)C,,,,"MolVec 0.9.8 (git b412dd0, Maven Central)",0.15836245380342007
uspto,US07323448-20080129-C00076,CCCC[C@H](CN(O)C=O)C(=O)N[C@H](C(=O)N1CCN(C)CC1)C(C)(C)C,,,,"MolVec 0.9.8 (git b412dd0, Maven Central)",0.17025161534547806
uspto,US07323448-20080129-C00077,CCCC[C@H](CN(O)C=O)C(=O)NC(C(=O)N1CCC(C)CC1)C(C)(C)C,,,,"MolVec 0.9.8 (git b412dd0, Maven Central)",0.138896768912673
uspto,US07323448-20080129-C00078,CCCC[C@H](CN(O)C=O)C(=O)N[C@H](C(=O)NC1CCCCC1)C(C)(C)C,,,,"MolVec 0.9.8 (git b412dd0, Maven Central)",0.15491469390690327
uspto,US07323448-20080129-C00079,CCCC[C@H](CN(O)C=O)C(=O)N[C@H](C(=O)N1CCC(C(C)=O)CC1)C(C)(C)C,,,,"MolVec 0.9.8 (git b412dd0, Maven Central)",0.17534514144062996
uspto,US07323448-20080129-C00080,CCCC[C@H](CN(O)C=O)C(=O)N[C@H](C(=O)N1CCC(C(=O)OC)CC1)C(C)(C)C,,,,"MolVec 0.9.8 (git b412dd0, Maven Central)",0.20463677309453487
uspto,US07323448-20080129-C00086,CN(C)C(=O)[C@@H](NC(=O)C(CN(O)C=O)CN1CCCCC1)C(C)(C)C,,,,"MolVec 0.9.8 (git b412dd0, Maven Central)",0.14064746722579002
uspto,US07323448-20080129-C00087,CCCC[C@H](CN(O)C=O)C(=O)N[C@H](C(=O)N(C)C)C(C)(C)SC,,,,"MolVec 0.9.8 (git b412dd0, Maven Central)",0.13611878640949726
uspto,US07323448-20080129-C00088,CCCC[C@H](CN(O)C=O)C(=O)N[C@H](C(=O)N(C)C)C(C)(C)SCc1ccccc1,,,,"MolVec 0.9.8 (git b412dd0, Maven Central)",0.18538356199860573
uspto,US07323448-20080129-C00089,CCCC[C@H](CN(O)C=O)C(=O)N[C@H](C(=O)N1CCOCC1)C(C)(C)SCc1ccccc1,,,,"MolVec 0.9.8 (git b412dd0, Maven Central)",0.202731154859066
uspto,US07323448-20080129-C00090,CCCC[C@H](CN(O)C=O)C(=O)NC(C(=O)N1CCC(C)CC1)C(C)(C)SCc1ccccc1,,,,"MolVec 0.9.8 (git b412dd0, Maven Central)",0.19580471701920033
uspto,US07323448-20080129-C00091,C=CC[C@H](CN(O)C=O)C(=O)N[C@H](C(=O)N(C)C)C(C)(C)C,,,,"MolVec 0.9.8 (git b412dd0, Maven Central)",0.11750885285437107
uspto,US07323448-20080129-C00092,C=CCC[C@H](CN(O)C=O)C(=O)N[C@H](C(=O)N(C)C)C(C)(C)C,,,,"MolVec 0.9.8 (git b412dd0, Maven Central)",0.13966281712055206
uspto,US07323448-20080129-C00093,CC#CC[C@H](CN(O)C=O)C(=O)N[C@H](C(=O)N(C)C)C(C)(C)C,,,,"MolVec 0.9.8 (git b412dd0, Maven Central)",0.12514785304665565
uspto,US07323448-20080129-C00097,CC(C)(C)C(NC(=O)[C@@H](Cc1ccccc1)CN(O)C=O)C(=O)NC1CCCCC1,,,,"MolVec 0.9.8 (git b412dd0, Maven Central)",0.19922607205808163
uspto,US07323448-20080129-C00098,NC1CCCCC1.O=CNO,,,,"MolVec 0.9.8 (git b412dd0, Maven Central)",0.23780942521989346
uspto,US07323448-20080129-C00099,NC(=O)[C@@H](Cc1ccccc1)CN(O)C=O.NCc1ccccc1,,,,"MolVec 0.9.8 (git b412dd0, Maven Central)",0.2369996439665556
uspto,US07323448-20080129-C00100,CC(C)(C)NC(=O)CNC(=O)[C@@H](Cc1ccccc1)CN(O)C=O.CC(C)C,,,,"MolVec 0.9.8 (git b412dd0, Maven Central)",0.19759913720190525
uspto,US07323448-20080129-C00101,CC(C)(C)CC(C)(C)NC(=O)CNC(=O)C(Cc1ccccc1)CN(O)C=O.CCCC(C)C,,,,"MolVec 0.9.8 (git b412dd0, Maven Central)",0.21950521133840084
uspto,US07323448-20080129-C00102,O=CN(O)CC(Cc1ccccc1)C(=O)N[C@H](C(=O)NC1CCCCC1)[SH]1CCCCC1,,,,"MolVec 0.9.8 (git b412dd0, Maven Central)",0.27069219946861267
uspto,US07323448-20080129-C00103,O=CN(O)CC(Cc1ccccc1)C(=O)N[C@H](C(=O)NCc1ccccc1)[SH]1CCCCC1,,,,"MolVec 0.9.8 (git b412dd0, Maven Central)",0.2819493506103754
uspto,US07323448-20080129-C00104,CC(C)(C)CC(C)(C)NC(=O)C(NC(=O)C(Cc1ccccc1)CN(O)C=O)C1CCCCC1,,,,"MolVec 0.9.8 (git b412dd0, Maven Central)",0.23577305674552917
uspto,US07323501-20080129-C00001,C=O(C)C1=CC=C(C2C3=C(C=CC=C3)OC2CO)C=C1,,,,"MolVec 0.9.8 (git b412dd0, Maven Central)",0.15090307779610157
uspto,US07323502-20080129-C00035,CCCON1C(C)(C)CC(C)CC1(C)C,,,,"MolVec 0.9.8 (git b412dd0, Maven Central)",0.190900981426239
uspto,US07323518-20080129-C00035,CCCCCCCCC(C)C(COC[C@@H]1CC(CC)CC1CC)OC,,,,"MolVec 0.9.8 (git b412dd0, Maven Central)",0.13119332119822502
uspto,US07323520-20080129-C00007,CC1=C/C(=N/c2ccc(Nc3ccccc3)cc2)CC(C)(C)C1,,,,"MolVec 0.9.8 (git b412dd0, Maven Central)",0.11400056816637516
uspto,US07323533-20080129-C00010,CC(C)(C)c1ccc(-c2ccc(C(C)(C)C)cc2Br)cc1,,,,"MolVec 0.9.8 (git b412dd0, Maven Central)",0.08615409769117832
uspto,US07323533-20080129-C00012,FC(F)(F)c1cccc(Br)c1,,,,"MolVec 0.9.8 (git b412dd0, Maven Central)",0.03012467920780182
uspto,US07323533-20080129-C00013,FC(F)(F)c1cc(Br)cc(C(F)(F)F)c1,,,,"MolVec 0.9.8 (git b412dd0, Maven Central)",0.04078696854412556
uspto,US07323538-20080129-C00011,C=C1c2cc(CCCCC)ccc2-c2ccc(CCCCC)cc21,,,,"MolVec 0.9.8 (git b412dd0, Maven Central)",0.11976698227226734
uspto,US07323538-20080129-C00012,C=C1c2ccccc2-c2ccccc21,,,,"MolVec 0.9.8 (git b412dd0, Maven Central)",0.04459632374346256
uspto,US07323602-20080129-C00003,C[C@]12CCC3C4=C(C=C(O)C=C4)C[C@@H](CCCCCCCCC[S+]([O-])CCCCC(F)(F)(F)(F)F)C3C1CC[C@@H]2O,,,,"MolVec 0.9.8 (git b412dd0, Maven Central)",0.28712392039597034
uspto,US07323603-20080129-C00013,O=Cc1ccc2ccccc2c1,,,,"MolVec 0.9.8 (git b412dd0, Maven Central)",0.03863541968166828
uspto,US07323603-20080129-C00015,O=Cc1cccc2ccccc12,,,,"MolVec 0.9.8 (git b412dd0, Maven Central)",0.04487497918307781
uspto,US07323604-20080129-C00014,C[C@@H](CC=O)c1ccccc1,,,,"MolVec 0.9.8 (git b412dd0, Maven Central)",0.03749379329383373
uspto,US07323604-20080129-C00022,C[C@@H](CC=O)c1ccc(Cl)c(Cl)c1,,,,"MolVec 0.9.8 (git b412dd0, Maven Central)",0.06962486170232296
uspto,US07323604-20080129-C00046,CN1C(=O)[C@H](Cc2c[nH]c3ccccc23)NC1C(C)(C)C,,,,"MolVec 0.9.8 (git b412dd0, Maven Central)",0.09880204498767853
uspto,US07323604-20080129-C00047,CC(C)(C)C1N[C@@H](Cc2cn(Cc3ccccc3)c3ccccc23)C(=O)N1NBO,,,,"MolVec 0.9.8 (git b412dd0, Maven Central)",0.13731271587312222
uspto,US07323604-20080129-C00048,CN1C(=O)[C@H](Cc2ccccc2)N[C@@H]1C12CC3CC(CC(C3)C1)C2,,,,"MolVec 0.9.8 (git b412dd0, Maven Central)",0.11438406445086002
uspto,US07323604-20080129-C00049,CN1C(=O)CN[C@@H]1C(C)(C)C,,,,"MolVec 0.9.8 (git b412dd0, Maven Central)",0.0529768168926239
uspto,US07323604-20080129-C00056,C[C@H](CC=O)C(=O)OCc1ccccc1,,,,"MolVec 0.9.8 (git b412dd0, Maven Central)",0.04494939558207989
uspto,US07323604-20080129-C00058,C[H]C(CC=O)CC(C)C,,,,"MolVec 0.9.8 (git b412dd0, Maven Central)",0.03990122117102146
uspto,US07323604-20080129-C00059,CC(C)C(CC=O)c1ccccc1,,,,"MolVec 0.9.8 (git b412dd0, Maven Central)",0.052020393311977386
uspto,US07323604-20080129-C00060,CC(C)=CCC[C@@H](C)CC=O,,,,"MolVec 0.9.8 (git b412dd0, Maven Central)",0.04509659670293331
uspto,US07323604-20080129-C00061,CC(C)[C@@H](CC=O)c1ccccc1,,,,"MolVec 0.9.8 (git b412dd0, Maven Central)",0.052091483026742935
uspto,US07323604-20080129-C00062,C[C@H](CC=O)c1ccsc1,,,,"MolVec 0.9.8 (git b412dd0, Maven Central)",0.05384397879242897
uspto,US07323604-20080129-C00063,CC[C@@H](CC=O)CC(C)C,,,,"MolVec 0.9.8 (git b412dd0, Maven Central)",0.04512869380414486
uspto,US07323604-20080129-C00066,C[H]C(CC=O)C1CCCCC1,,,,"MolVec 0.9.8 (git b412dd0, Maven Central)",0.0493792649358511
uspto,US07323604-20080129-C00067,O=CC[C@@H](O)c1ccccc1,,,,"MolVec 0.9.8 (git b412dd0, Maven Central)",0.04049740545451641
uspto,US07323604-20080129-C00075,O=C1C=C(c2ccccc2)CC1,,,,"MolVec 0.9.8 (git b412dd0, Maven Central)",0.029349643737077713
uspto,US07323604-20080129-C00077,O=C1CC[C@@H](c2ccccc2)C1,,,,"MolVec 0.9.8 (git b412dd0, Maven Central)",0.02562617138028145
uspto,US07323604-20080129-C00084,CC1=CC(=O)CC(C)(C)C1,,,,"MolVec 0.9.8 (git b412dd0, Maven Central)",0.04408465884625912
uspto,US07323604-20080129-C00085,C[C@H]1CC(=O)CC(C)(C)C1,,,,"MolVec 0.9.8 (git b412dd0, Maven Central)",0.04651092551648617
uspto,US07323604-20080129-C00086,Cc1ccc(C2=CC(=O)CC2)o1,,,,"MolVec 0.9.8 (git b412dd0, Maven Central)",0.0668394286185503
uspto,US07323604-20080129-C00087,Cc1ccc([C@@H]2CCC(=O)C2)o1,,,,"MolVec 0.9.8 (git b412dd0, Maven Central)",0.051121072843670845
uspto,US07323604-20080129-C00088,O=C1C=C(C2SCCCS2)CC1,,,,"MolVec 0.9.8 (git b412dd0, Maven Central)",0.03839023597538471
uspto,US07323604-20080129-C00089,O=C1CCC(C2SCCCS2)C1,,,,"MolVec 0.9.8 (git b412dd0, Maven Central)",0.0628582239151001
uspto,US07323604-20080129-C00092,CC(C)(C)C1=CC(=O)CCC1,,,,"MolVec 0.9.8 (git b412dd0, Maven Central)",0.03480593115091324
uspto,US07323604-20080129-C00093,O=C1CCCCC1,,,,"MolVec 0.9.8 (git b412dd0, Maven Central)",0.03832723945379257
uspto,US07323604-20080129-C00094,O=C1C=C(c2ccccc2)CCC1,,,,"MolVec 0.9.8 (git b412dd0, Maven Central)",0.028901712968945503
uspto,US07323604-20080129-C00095,O=C1CCC[C@@H](c2ccccc2)C1,,,,"MolVec 0.9.8 (git b412dd0, Maven Central)",0.02728760614991188
uspto,US07323604-20080129-C00097,O=C1CCC([H]C2=CC=CC=C2)C1,,,,"MolVec 0.9.8 (git b412dd0, Maven Central)",0.032396912574768066
uspto,US07323608-20080129-C00017,O=C(O)c1cccc(I)c1,,,,"MolVec 0.9.8 (git b412dd0, Maven Central)",0.030533410608768463
uspto,US07323608-20080129-C00021,N#Cc1ccccc1-c1ccccc1,,,,"MolVec 0.9.8 (git b412dd0, Maven Central)",0.04456532001495361
uspto,US07323608-20080129-C00024,Cc1ccc(C)c(C#N)c1,,,,"MolVec 0.9.8 (git b412dd0, Maven Central)",0.028207115828990936
uspto,US07323608-20080129-C00025,N#Cc1cccc(C(F)(F)F)c1,,,,"MolVec 0.9.8 (git b412dd0, Maven Central)",0.030887965112924576
uspto,US07323608-20080129-C00030,N#Cc1ccc(C(=O)c2ccccc2)cc1,,,,"MolVec 0.9.8 (git b412dd0, Maven Central)",0.051463501527905464
uspto,US07323608-20080129-C00031,Cc1cc(C)cc(N2CCCC2=O)c1,,,,"MolVec 0.9.8 (git b412dd0, Maven Central)",0.04886093735694885
uspto,US07323608-20080129-C00040,N#Cc1cccc(Sc2ccccc2)c1,,,,"MolVec 0.9.8 (git b412dd0, Maven Central)",0.04379834048449993
uspto,US07323608-20080129-C00041,Brc1cccc(Sc2ccccc2)c1,,,,"MolVec 0.9.8 (git b412dd0, Maven Central)",0.042609939351677895
uspto,US07323608-20080129-C00042,Cc1cccc(Sc2cccc([N+](=O)[O-])c2)c1,,,,"MolVec 0.9.8 (git b412dd0, Maven Central)",0.062445035204291344
uspto,US07323608-20080129-C00043,Cc1cccc(Sc2ccc(N)cc2)c1,,,,"MolVec 0.9.8 (git b412dd0, Maven Central)",0.0697848591953516
uspto,US07323608-20080129-C00044,COc1cccc(Sc2ccc(Cl)cc2)c1,,,,"MolVec 0.9.8 (git b412dd0, Maven Central)",0.06698590144515038
uspto,US07323608-20080129-C00045,COc1cccc(Sc2ccc(C(C)=O)cc2)c1,,,,"MolVec 0.9.8 (git b412dd0, Maven Central)",0.0890413261950016
uspto,US07323608-20080129-C00046,Cc1cc(C)cc(Sc2ccc(O)cc2)c1,,,,"MolVec 0.9.8 (git b412dd0, Maven Central)",0.07026638463139534
uspto,US07323608-20080129-C00048,COc1ccc(Sc2cccc(C(=O)O)c2)cc1,,,,"MolVec 0.9.8 (git b412dd0, Maven Central)",0.062354160472750664
uspto,US07323608-20080129-C00049,CCOC(=O)c1cccc(Sc2cccc(OC)c2)c1,,,,"MolVec 0.9.8 (git b412dd0, Maven Central)",0.06399200297892094
uspto,US07323608-20080129-C00050,COc1cccc(Sc2cccc(C=O)c2)c1,,,,"MolVec 0.9.8 (git b412dd0, Maven Central)",0.05963795632123947
uspto,US07323608-20080129-C00051,COc1ccc(Sc2cccc(CN)c2)cc1,,,,"MolVec 0.9.8 (git b412dd0, Maven Central)",0.07569520361721516
uspto,US07323608-20080129-C00052,COc1ccc(Sc2ccccc2CO)cc1,,,,"MolVec 0.9.8 (git b412dd0, Maven Central)",0.06598888337612152
uspto,US07323608-20080129-C00054,Cc1cc(C)cc(Sc2ccccc2Cl)c1,,,,"MolVec 0.9.8 (git b412dd0, Maven Central)",0.06847073510289192
uspto,US07323608-20080129-C00055,COC(=O)c1ccccc1Sc1cc(C)cc(C)c1,,,,"MolVec 0.9.8 (git b412dd0, Maven Central)",0.08299006894230843
uspto,US07323608-20080129-C00056,COc1cccc(Sc2ccccc2C(C)C)c1,,,,"MolVec 0.9.8 (git b412dd0, Maven Central)",0.06992368027567863
uspto,US07323608-20080129-C00057,Cc1ccccc1Sc1ccccc1C(C)C,,,,"MolVec 0.9.8 (git b412dd0, Maven Central)",0.06307080388069153
uspto,US07323608-20080129-C00058,COc1ccc(Sc2ccccc2C(C)C)cc1,,,,"MolVec 0.9.8 (git b412dd0, Maven Central)",0.08080432191491127
uspto,US07323608-20080129-C00059,CC(C)c1ccccc1Sc1ccccc1C(C)C,,,,"MolVec 0.9.8 (git b412dd0, Maven Central)",0.0762665905058384
uspto,US07323608-20080129-C00060,CC(=O)Nc1ccc(Sc2cccnc2)cc1,,,,"MolVec 0.9.8 (git b412dd0, Maven Central)",0.06765462458133698
uspto,US07323608-20080129-C00061,COc1ccc(Sc2ccc3[nH]ccc3c2)cc1,,,,"MolVec 0.9.8 (git b412dd0, Maven Central)",0.06591883674263954
uspto,US07323608-20080129-C00063,CCCCSc1cc(C)cc(C)c1,,,,"MolVec 0.9.8 (git b412dd0, Maven Central)",0.06544574722647667
uspto,US07323608-20080129-C00064,COc1ccc(SCc2ccccc2)cc1,,,,"MolVec 0.9.8 (git b412dd0, Maven Central)",0.06332913227379322
uspto,US07323608-20080129-C00065,Cc1cc(C)cc(SCCCCCCO)c1,,,,"MolVec 0.9.8 (git b412dd0, Maven Central)",0.0853669811040163
uspto,US07323608-20080129-C00067,CN[C@H]1CCCC[C@@H]1NC,,,,"MolVec 0.9.8 (git b412dd0, Maven Central)",0.09477667324244976
uspto,US07323608-20080129-C00068,CC/N=C1/CCCC[C@@H]1N,,,,"MolVec 0.9.8 (git b412dd0, Maven Central)",0.09828384406864643
uspto,US07323608-20080129-C00072,c1cnc2c(c1)ccc1cccnc12,,,,"MolVec 0.9.8 (git b412dd0, Maven Central)",0.03678143583238125
uspto,US07323608-20080129-C00073,Ic1cccc(-c2nnc(-c3ccc4ccccc4c3)o2)c1,,,,"MolVec 0.9.8 (git b412dd0, Maven Central)",0.09296835027635098
uspto,US07323608-20080129-C00074,Cc1ccc(I)cc1[N+](=O)[O-],,,,"MolVec 0.9.8 (git b412dd0, Maven Central)",0.04717605747282505
uspto,US07323608-20080129-C00075,C[H]C(=O)C1=CC(I)=CC=C1,,,,"MolVec 0.9.8 (git b412dd0, Maven Central)",0.0364195853471756
uspto,US07323608-20080129-C00076,N#CCc1ccc(I)cc1,,,,"MolVec 0.9.8 (git b412dd0, Maven Central)",0.027675535529851913
uspto,US07323608-20080129-C00077,CCOC(=O)Cc1ccc(I)cc1,,,,"MolVec 0.9.8 (git b412dd0, Maven Central)",0.039352141320705414
uspto,US07323608-20080129-C00078,O=C(O)/C=C/c1cccc(I)c1,,,,"MolVec 0.9.8 (git b412dd0, Maven Central)",0.05108005180954933
uspto,US07323608-20080129-C00079,C=CCNS(=O)(=O)c1ccc(Br)cc1,,,,"MolVec 0.9.8 (git b412dd0, Maven Central)",0.049505673348903656
uspto,US07323608-20080129-C00080,C=CCNS(=O)(=O)c1ccc(I)cc1,,,,"MolVec 0.9.8 (git b412dd0, Maven Central)",0.04702194221317768
uspto,US07323608-20080129-C00081,CC(=O)Nc1ccc(I)cc1F,,,,"MolVec 0.9.8 (git b412dd0, Maven Central)",0.055264050140976906
uspto,US07323608-20080129-C00082,Ic1ccc2[nH]ccc2c1,,,,"MolVec 0.9.8 (git b412dd0, Maven Central)",0.036214904859662056
uspto,US07323608-20080129-C00084,Ic1cnc2ccccc2c1,,,,"MolVec 0.9.8 (git b412dd0, Maven Central)",0.04121536947786808
uspto,US07323608-20080129-C00085,CN(C)CCC(c1ccc(I)cc1)c1ccccn1,,,,"MolVec 0.9.8 (git b412dd0, Maven Central)",0.0652177482843399
uspto,US07323608-20080129-C00087,Ic1ccccc1C1CCCCC1,,,,"MolVec 0.9.8 (git b412dd0, Maven Central)",0.034953294321894646
uspto,US07323608-20080129-C00093,N#Cc1ccccc1-c1ccccc1,,,,"MolVec 0.9.8 (git b412dd0, Maven Central)",0.041686367243528366
uspto,US07323608-20080129-C00094,N#Cc1ccc(CO)cc1,,,,"MolVec 0.9.8 (git b412dd0, Maven Central)",0.03612125664949417
uspto,US07323608-20080129-C00095,CCOC(=O)Cc1ccc(C#N)cc1,,,,"MolVec 0.9.8 (git b412dd0, Maven Central)",0.04412340372800827
uspto,US07323608-20080129-C00096,CN(C)c1ccccc1C#N,,,,"MolVec 0.9.8 (git b412dd0, Maven Central)",0.0495534036308527
uspto,US07323608-20080129-C00098,CC(=O)Nc1ccc(C)cc1C#N,,,,"MolVec 0.9.8 (git b412dd0, Maven Central)",0.057271866127848625
uspto,US07323608-20080129-C00103,Cc1ccc(S(=O)(=O)n2ccc3cc(Br)ccc32)cc1,,,,"MolVec 0.9.8 (git b412dd0, Maven Central)",0.052527593448758125
uspto,US07323608-20080129-C00105,Brc1cnn(Cc2ccccc2)c1,,,,"MolVec 0.9.8 (git b412dd0, Maven Central)",0.039605600759387016
uspto,US07323608-20080129-C00106,N#Cc1cnn(Cc2ccccc2)c1,,,,"MolVec 0.9.8 (git b412dd0, Maven Central)",0.05280454829335213
uspto,USRE039991-20080101-C00014,O=C(O)c1nc(Br)ccc1O,,,,"MolVec 0.9.8 (git b412dd0, Maven Central)",0.0794777013361454
uspto,USRE039991-20080101-C00015,COc1ccc(OCc2ccccc2)c(C(=O)O)n1,,,,"MolVec 0.9.8 (git b412dd0, Maven Central)",0.10993698798120022
uspto,USRE039991-20080101-C00016,O=C(O)c1cncnc1O,,,,"MolVec 0.9.8 (git b412dd0, Maven Central)",0.06272060051560402
uspto,USRE039991-20080101-C00017,Cc1ncc(C(=O)O)c(O)n1,,,,"MolVec 0.9.8 (git b412dd0, Maven Central)",0.07866595685482025
uspto,USRE039991-20080101-C00018,O=C(O)c1nc(Cl)c(Cl)nc1O,,,,"MolVec 0.9.8 (git b412dd0, Maven Central)",0.08029641211032867
uspto,USRE039991-20080101-C00019,COc1nc(O)c(C(=O)O)nc1Cl,,,,"MolVec 0.9.8 (git b412dd0, Maven Central)",0.07606162503361702
uspto,USRE039991-20080101-C00026,Nc1cccc(Oc2cccc(Cl)c2)c1,,,,"MolVec 0.9.8 (git b412dd0, Maven Central)",0.057901836931705475
uspto,USRE039991-20080101-C00027,Nc1cccc(Oc2ccc(C(F)(F)F)cc2)c1,,,,"MolVec 0.9.8 (git b412dd0, Maven Central)",0.06469369307160378
uspto,USRE039991-20080101-C00028,Nc1ccc(Sc2ccc(C(F)(F)F)cc2)cc1,,,,"MolVec 0.9.8 (git b412dd0, Maven Central)",0.06396776810288429
uspto,USRE039991-20080101-C00029,Nc1ccc(Cc2cccc(C(F)(F)F)c2)cc1,,,,"MolVec 0.9.8 (git b412dd0, Maven Central)",0.06748908013105392
uspto,USRE039991-20080101-C00030,Nc1ccc(C(=O)c2cccc(C(F)(F)F)c2)cc1,,,,"MolVec 0.9.8 (git b412dd0, Maven Central)",0.07182678207755089
uspto,USRE039991-20080101-C00031,CCOC(=O)c1cc(Oc2ccc(C(F)(F)F)cc2)ccc1N,,,,"MolVec 0.9.8 (git b412dd0, Maven Central)",0.07408030331134796
uspto,USRE039991-20080101-C00032,N[C@@H]1CC2CC1c1ccccc12,,,,"MolVec 0.9.8 (git b412dd0, Maven Central)",0.05936096049845219
uspto,USRE039991-20080101-C00034,NCCCc1cccnc1,,,,"MolVec 0.9.8 (git b412dd0, Maven Central)",0.04355595074594021
uspto,USRE039991-20080101-C00037,CC1(C)Cc2ccccc2C1N,,,,"MolVec 0.9.8 (git b412dd0, Maven Central)",0.04878820665180683
uspto,USRE039991-20080101-C00050,CN(CCc1ccccc1)C(=O)C1(C)CC(N)CC(C)(C)C1,,,,"MolVec 0.9.8 (git b412dd0, Maven Central)",0.1002229955047369
uspto,USRE039991-20080101-C00051,CC(C)(C)CCOC(=O)C1(C)CC(N)CC(C)(C)C1,,,,"MolVec 0.9.8 (git b412dd0, Maven Central)",0.10109319910407066
uspto,USRE039991-20080101-C00066,NC1CCN(C(=O)c2ccccc2)CC1,,,,"MolVec 0.9.8 (git b412dd0, Maven Central)",0.049148209393024445
uspto,USRE039991-20080101-C00075,CC(=O)O[C@@H]1[C@H](OC(C)=O)[C@H](C)O[C@H](N)[C@H]1OC(C)=O,,,,"MolVec 0.9.8 (git b412dd0, Maven Central)",0.07737679220736027
uspto,USRE039991-20080101-C00076,CC(=O)OC[C@H]1O[C@H](OC(C)=O)[C@H](N)[C@@H](OC(C)=O)[C@@H]1OC(C)=O.[HH],,,,"MolVec 0.9.8 (git b412dd0, Maven Central)",0.08077465929090977
uspto,USRE039991-20080101-C00079,CCCC[C@H]1C(=O)O[C@H](C)[C@H](NC(=O)c2cccc(N)c2O)C(=O)O[C@@H](C)[C@@H]1OC(=O)CC(C)C,,,,"MolVec 0.9.8 (git b412dd0, Maven Central)",0.18660493195056915
uspto,USRE039991-20080101-C00082,O=C(Nc1ccc(C2CCCCC2)cc1)c1ncccc1O,,,,"MolVec 0.9.8 (git b412dd0, Maven Central)",0.08646359294652939
uspto,USRE039991-20080101-C00090,COc1ccnc(C(=O)N[C@@H]2[C@@H](O)[C@H](O)[C@@H](CO)C[C@@H]2O)c1O,,,,"MolVec 0.9.8 (git b412dd0, Maven Central)",0.14482411555945873
uspto,USRE039991-20080101-C00094,CCCCCCCCCNC(=O)c1ncccc1O,,,,"MolVec 0.9.8 (git b412dd0, Maven Central)",0.10377440601587296
uspto,USRE039991-20080101-C00095,O=C(NCC1CCCCC1)c1ncccc1O,,,,"MolVec 0.9.8 (git b412dd0, Maven Central)",0.06123313307762146
uspto,USRE039991-20080101-C00096,O=C(NC1CCCCCCC1)c1ncccc1O,,,,"MolVec 0.9.8 (git b412dd0, Maven Central)",0.07602122612297535
uspto,USRE039991-20080101-C00097,CC1(C)CC(NC(=O)c2ncccc2O)C[C@@](C)(C2CC2)C1,,,,"MolVec 0.9.8 (git b412dd0, Maven Central)",0.2200574390590191
uspto,USRE039991-20080101-C00098,CC1(C)CC(NC(=O)c2ncccc2O)CC(C)(C)C1=O,,,,"MolVec 0.9.8 (git b412dd0, Maven Central)",0.09082372300326824
uspto,USRE039991-20080101-C00099,O=C(N[C@H]1CC2CC1[C@@H]1C3CC3C[C@H]21)c1ncccc1O,,,,"MolVec 0.9.8 (git b412dd0, Maven Central)",0.14137373678386211
uspto,USRE039991-20080101-C00100,C[C@H]1C2CC([C@H]3CC4CC4[C@@H]23)[C@@H]1NC(=O)c1ncccc1O,,,,"MolVec 0.9.8 (git b412dd0, Maven Central)",0.09929882176220417
uspto,USRE039991-20080101-C00101,O=C(NC1CCC(O)CC1)c1ncccc1O,,,,"MolVec 0.9.8 (git b412dd0, Maven Central)",0.08910198323428631
uspto,USRE039991-20080101-C00102,CC(=O)OC1CCC(NC(=O)c2ncccc2O)CC1,,,,"MolVec 0.9.8 (git b412dd0, Maven Central)",0.10037103854119778
uspto,USRE039991-20080101-C00103,CC(C)C(=O)OC1CCC(NC(=O)c2ncccc2O)CC1,,,,"MolVec 0.9.8 (git b412dd0, Maven Central)",0.10177946463227272
uspto,USRE039991-20080101-C00104,O=C(OC1CCC(NC(=O)c2ncccc2O)CC1)c1ccccc1,,,,"MolVec 0.9.8 (git b412dd0, Maven Central)",0.1334694642573595
uspto,USRE039991-20080101-C00105,O=C(Nc1cccc(Cl)c1)c1ncccc1O,,,,"MolVec 0.9.8 (git b412dd0, Maven Central)",0.07909395918250084
uspto,USRE039991-20080101-C00106,O=C(Nc1ccc(Cl)cc1)c1ncccc1O,,,,"MolVec 0.9.8 (git b412dd0, Maven Central)",0.07699815556406975
uspto,USRE039991-20080101-C00107,O=C(Nc1cccc(C(F)(F)F)c1)c1ncccc1O,,,,"MolVec 0.9.8 (git b412dd0, Maven Central)",0.0788328405469656
uspto,USRE039991-20080101-C00108,Cc1cc(C)cc(NC(=O)c2ncccc2O)c1,,,,"MolVec 0.9.8 (git b412dd0, Maven Central)",0.09622498042881489
uspto,USRE039991-20080101-C00109,COc1cc(NC(=O)c2ncccc2O)cc(OC)c1,,,,"MolVec 0.9.8 (git b412dd0, Maven Central)",0.09230202436447144
uspto,USRE039991-20080101-C00110,O=C(Nc1ccc(Oc2ccc(C(F)(F)F)cc2)cc1)c1ncccc1O,,,,"MolVec 0.9.8 (git b412dd0, Maven Central)",0.11595342494547367
uspto,USRE039991-20080101-C00111,O=C(NCc1ccccc1Cl)c1ncccc1O,,,,"MolVec 0.9.8 (git b412dd0, Maven Central)",0.06541364639997482
uspto,USRE039991-20080101-C00112,O=C(NCc1cccc(Cl)c1)c1ncccc1O,,,,"MolVec 0.9.8 (git b412dd0, Maven Central)",0.07254088297486305
uspto,USRE039991-20080101-C00113,O=C(NCc1ccc(Cl)cc1)c1ncccc1O,,,,"MolVec 0.9.8 (git b412dd0, Maven Central)",0.0908571146428585
uspto,USRE039991-20080101-C00114,O=C(NCc1ccc(Cl)c(Cl)c1)c1ncccc1O,,,,"MolVec 0.9.8 (git b412dd0, Maven Central)",0.07681259885430336
uspto,USRE039991-20080101-C00115,Cc1cccc(CNC(=O)c2ncccc2O)c1,,,,"MolVec 0.9.8 (git b412dd0, Maven Central)",0.10076827928423882
uspto,USRE039991-20080101-C00116,Cc1ccc(CNC(=O)c2ncccc2O)cc1,,,,"MolVec 0.9.8 (git b412dd0, Maven Central)",0.07674849778413773
uspto,USRE039991-20080101-C00117,COc1ccccc1CNC(=O)c1ncccc1O,,,,"MolVec 0.9.8 (git b412dd0, Maven Central)",0.08717606030404568
uspto,USRE039991-20080101-C00118,COc1cccc(CNC(=O)c2ncccc2O)c1,,,,"MolVec 0.9.8 (git b412dd0, Maven Central)",0.08889726921916008
uspto,USRE039991-20080101-C00119,COc1ccc(CNC(=O)c2ncccc2O)cc1,,,,"MolVec 0.9.8 (git b412dd0, Maven Central)",0.0918082483112812
uspto,USRE039991-20080101-C00120,COc1cccc(CNC(=O)c2ncccc2O)c1OC,,,,"MolVec 0.9.8 (git b412dd0, Maven Central)",0.11134777776896954
uspto,USRE039991-20080101-C00121,O=C(NCc1cccc2ccccc12)c1ncccc1O,,,,"MolVec 0.9.8 (git b412dd0, Maven Central)",0.09779438748955727
uspto,USRE039991-20080101-C00122,CC(NC(=O)c1ncccc1O)c1ccccc1,,,,"MolVec 0.9.8 (git b412dd0, Maven Central)",0.06795373931527138
uspto,USRE039991-20080101-C00123,CC(NC(=O)c1ncccc1O)c1ccc(Cl)cc1,,,,"MolVec 0.9.8 (git b412dd0, Maven Central)",0.09232019446790218
uspto,USRE039991-20080101-C00124,C[C@@H](NC(=O)c1ncccc1O)c1cccc2ccccc12,,,,"MolVec 0.9.8 (git b412dd0, Maven Central)",0.10621185787022114
uspto,USRE039991-20080101-C00125,C[C@H](NC(=O)c1ncccc1O)c1cccc2ccccc12,,,,"MolVec 0.9.8 (git b412dd0, Maven Central)",0.09660798124969006
uspto,USRE039991-20080101-C00127,O=C(NCCCCc1ccccc1)c1ncccc1O,,,,"MolVec 0.9.8 (git b412dd0, Maven Central)",0.09218782559037209
uspto,USRE039991-20080101-C00128,O=C(Nc1nccs1)c1ncccc1O,,,,"MolVec 0.9.8 (git b412dd0, Maven Central)",0.08302581124007702
uspto,USRE039991-20080101-C00129,Cc1ccnc(C(=O)NC2CC(C)(C)CC(C)(C)C2)c1O,,,,"MolVec 0.9.8 (git b412dd0, Maven Central)",0.0918558407574892
uspto,USRE039991-20080101-C00130,Cc1ccnc(C(=O)N[C@H]2COC(=O)[C@H](Cc3ccccc3)[C@@H](OC(=O)C(C)C)[C@H](C)OC2=O)c1O,,,,"MolVec 0.9.8 (git b412dd0, Maven Central)",0.2166478242725134
uspto,USRE039991-20080101-C00131,Cc1ccnc(C(=O)Nc2ccc(Oc3cccc(C(F)(F)F)c3)cc2)c1O,,,,"MolVec 0.9.8 (git b412dd0, Maven Central)",0.11919423565268517
uspto,USRE039991-20080101-C00132,COc1ccnc(C(=O)NCC#CCCl)c1O,,,,"MolVec 0.9.8 (git b412dd0, Maven Central)",0.11486463434994221
uspto,USRE039991-20080101-C00133,COc1ccnc(C(=O)NCC#Cc2ccccc2)c1O,,,,"MolVec 0.9.8 (git b412dd0, Maven Central)",0.1148493941873312
uspto,USRE039991-20080101-C00134,COc1ccnc(C(=O)NCC2C(C=C(C)C)C2(C)C)c1O,,,,"MolVec 0.9.8 (git b412dd0, Maven Central)",0.13212554715573788
uspto,USRE039991-20080101-C00135,COc1ccnc(C(=O)NC/C=C(\C)CCC=C(C)C)c1O,,,,"MolVec 0.9.8 (git b412dd0, Maven Central)",0.13341106474399567
uspto,USRE039991-20080101-C00136,COc1ccnc(C(=O)NCCCc2cccnc2)c1O,,,,"MolVec 0.9.8 (git b412dd0, Maven Central)",0.09751199744641781
uspto,USRE039991-20080101-C00137,COc1ccnc(C(=O)NCC(C)(C)Sc2ncc(C(F)(F)F)cc2Cl)c1O,,,,"MolVec 0.9.8 (git b412dd0, Maven Central)",0.1198591124266386
uspto,USRE039991-20080101-C00138,COc1ccnc(C(=O)NCC2COCCOCCOCCOCCO2)c1O,,,,"MolVec 0.9.8 (git b412dd0, Maven Central)",0.12279076501727104
uspto,USRE039991-20080101-C00139,COc1ccnc(C(=O)NC(C)c2ccc(Cl)cc2)c1O,,,,"MolVec 0.9.8 (git b412dd0, Maven Central)",0.0987885482609272
uspto,USRE039991-20080101-C00140,COc1ccnc(C(=O)NC(C)c2ccc(C(F)(F)F)cc2)c1O,,,,"MolVec 0.9.8 (git b412dd0, Maven Central)",0.09698073007166386
uspto,USRE039991-20080101-C00141,COc1ccnc(C(=O)NC2CCCC2O)c1O,,,,"MolVec 0.9.8 (git b412dd0, Maven Central)",0.08107808418571949
uspto,USRE039991-20080101-C00142,COc1ccnc(C(=O)NC2CCCC2=O)c1O,,,,"MolVec 0.9.8 (git b412dd0, Maven Central)",0.07246245816349983
uspto,USRE039991-20080101-C00143,COc1ccnc(C(=O)NC2CC(C)(C)CC(C)(C)C2)c1O,,,,"MolVec 0.9.8 (git b412dd0, Maven Central)",0.09782024286687374
uspto,USRE039991-20080101-C00144,CCC1(C)CC(NC(=O)c2nccc(OC)c2O)CC(C)(C)C1,,,,"MolVec 0.9.8 (git b412dd0, Maven Central)",0.09452234022319317
uspto,USRE039991-20080101-C00145,COc1ccnc(C(=O)NC2CC(C)(C)CC(C)(C3CC3)C2)c1O,,,,"MolVec 0.9.8 (git b412dd0, Maven Central)",0.12214878760278225
uspto,USRE039991-20080101-C00146,CCCCC1(C)CC(NC(=O)c2nccc(OC)c2O)CC(C)(C)C1,,,,"MolVec 0.9.8 (git b412dd0, Maven Central)",0.11552961729466915
uspto,USRE039991-20080101-C00147,CCCCC1(C)CCCC(NC(=O)c2nccc(OC)c2O)C1,,,,"MolVec 0.9.8 (git b412dd0, Maven Central)",0.11293665133416653
uspto,USRE039991-20080101-C00148,COc1ccnc(C(=O)NC2CC(C)(C)CC3(C2)CC3(F)F)c1O,,,,"MolVec 0.9.8 (git b412dd0, Maven Central)",0.1144749391824007
uspto,USRE039991-20080101-C00149,COc1ccnc(C(=O)NC2CC(C(F)(F)F)CC(C(F)(F)F)C2)c1O,,,,"MolVec 0.9.8 (git b412dd0, Maven Central)",0.0903694536536932
uspto,USRE039991-20080101-C00150,COc1ccnc(C(=O)NC2CC(C)(C)CC(C)(COCC(Cl)CCl)C2)c1O,,,,"MolVec 0.9.8 (git b412dd0, Maven Central)",0.12540252320468426
uspto,USRE039991-20080101-C00151,COc1ccnc(C(=O)NC2CC(c3ccco3)CC(C)(C)C2)c1O,,,,"MolVec 0.9.8 (git b412dd0, Maven Central)",0.10815666802227497
uspto,USRE039991-20080101-C00152,COc1ccnc(C(=O)N[C@H]2C[C@H](C)C[C@H](c3ccccn3)C2)c1O,,,,"MolVec 0.9.8 (git b412dd0, Maven Central)",0.1367843896150589
uspto,USRE039991-20080101-C00153,COc1ccnc(C(=O)NC2CC(C)(C)CC(C)(C(=O)c3ccccc3)C2)c1O,,,,"MolVec 0.9.8 (git b412dd0, Maven Central)",0.1272025741636753
uspto,USRE039991-20080101-C00154,COc1ccnc(C(=O)NC2CC(C)(C)CC(C)(C(=O)OCCC(C)(C)C)C2)c1O,,,,"MolVec 0.9.8 (git b412dd0, Maven Central)",0.1482295449823141
uspto,USRE039991-20080101-C00155,COc1ccnc(C(=O)N[C@@H]2CC(C)(C)C[C@](C)(C(=O)N(C)CCc3ccccc3)C2)c1O,,,,"MolVec 0.9.8 (git b412dd0, Maven Central)",0.1422845460474491
uspto,USRE039991-20080101-C00156,COc1ccnc(C(=O)N[C@@H]2CC(C)(C)C[C@@](C)(C(=O)N(C)CCc3ccccc3)C2)c1O,,,,"MolVec 0.9.8 (git b412dd0, Maven Central)",0.14779719337821007
uspto,USRE039991-20080101-C00158,COc1ccnc(C(=O)NC2CC(C)(C)C(OC)C(C)(C)C2)c1O,,,,"MolVec 0.9.8 (git b412dd0, Maven Central)",0.10287472978234291
uspto,USRE039991-20080101-C00160,COc1ccnc(C(=O)NC2CC(C)(C)C(OC(=O)CC(C)C)C(C)(C)C2)c1O,,,,"MolVec 0.9.8 (git b412dd0, Maven Central)",0.12339677289128304
uspto,USRE039991-20080101-C00161,COc1ccnc(C(=O)NC2CC(C)(C)C(OC(=O)c3ccccc3)C(C)(C)C2)c1O,,,,"MolVec 0.9.8 (git b412dd0, Maven Central)",0.13029097951948643
uspto,USRE039991-20080101-C00162,COc1ccnc(C(=O)NC2CC(C)(C)C(OC(=O)c3cccc(Cl)n3)C(C)(C)C2)c1O,,,,"MolVec 0.9.8 (git b412dd0, Maven Central)",0.14258020371198654
uspto,USRE039991-20080101-C00163,COc1ccnc(C(=O)N[C@H]2CC[C@H](Oc3ccc(C(F)(F)F)cc3)CC2)c1O,,,,"MolVec 0.9.8 (git b412dd0, Maven Central)",0.12389996834099293
uspto,USRE039991-20080101-C00164,COc1ccnc(C(=O)N[C@H]2CC[C@@H](Oc3ccc(C(F)(F)F)cc3)CC2)c1O,,,,"MolVec 0.9.8 (git b412dd0, Maven Central)",0.14052441902458668
uspto,USRE039991-20080101-C00165,COc1ccnc(C(=O)NC2CC(C)(C)C(Oc3cc(C(F)(F)F)cc(C(F)(F)F)n3)C(C)(C)C2)c1O,,,,"MolVec 0.9.8 (git b412dd0, Maven Central)",0.1487260591238737
uspto,USRE039991-20080101-C00166,COc1ccnc(C(=O)N[C@@H]2CCCC[C@H]2SC)c1O,,,,"MolVec 0.9.8 (git b412dd0, Maven Central)",0.07652264833450317
uspto,USRE039991-20080101-C00167,COc1ccnc(C(=O)NC2CCCC(Sc3ccc(C(F)(F)F)cn3)C2)c1O,,,,"MolVec 0.9.8 (git b412dd0, Maven Central)",0.13117190264165401
uspto,USRE039991-20080101-C00168,COc1ccnc(C(=O)NC2CCC(Sc3ccccc3)CC2)c1O,,,,"MolVec 0.9.8 (git b412dd0, Maven Central)",0.1234471146017313
uspto,USRE039991-20080101-C00169,COc1ccnc(C(=O)NC2CC(C)(C)CC(C)(C(=O)CCCc3ccccc3)C2)c1O,,,,"MolVec 0.9.8 (git b412dd0, Maven Central)",0.14361789636313915
uspto,USRE039991-20080101-C00170,COc1ccnc(C(=O)NC2CC(C)(C)CCCC2C)c1O,,,,"MolVec 0.9.8 (git b412dd0, Maven Central)",0.08148226141929626
uspto,USRE039991-20080101-C00171,COc1ccnc(C(=O)NC2CC(C)(C)C=CC=C2C)c1O,,,,"MolVec 0.9.8 (git b412dd0, Maven Central)",0.08185222744941711
uspto,USRE039991-20080101-C00172,COc1ccnc(C(=O)NC2CC(C)(C)C=CC(C)C2C)c1O,,,,"MolVec 0.9.8 (git b412dd0, Maven Central)",0.08656414225697517
uspto,USRE039991-20080101-C00173,COc1ccnc(C(=O)NC2CC(C)(C)C3OC3[C@H](C)C2C)c1O,,,,"MolVec 0.9.8 (git b412dd0, Maven Central)",0.11024182289838791
uspto,USRE039991-20080101-C00174,COc1ccnc(C(=O)NC2CC(C)(C)C(Cl)C(Cl)[C@H](C)C2C)c1O,,,,"MolVec 0.9.8 (git b412dd0, Maven Central)",0.11273482069373131
uspto,USRE039991-20080101-C00175,COc1ccnc(C(=O)NC2CCCCCCC2)c1O,,,,"MolVec 0.9.8 (git b412dd0, Maven Central)",0.09850622713565826
uspto,USRE039991-20080101-C00176,COc1ccnc(C(=O)NC2CC(C)(C)/C=C\CC(C)(C)C2)c1O,,,,"MolVec 0.9.8 (git b412dd0, Maven Central)",0.09091278910636902
uspto,USRE039991-20080101-C00177,COc1ccnc(C(=O)NC2c3ccccc3CC2(C)C)c1O,,,,"MolVec 0.9.8 (git b412dd0, Maven Central)",0.09884975291788578
uspto,USRE039991-20080101-C00178,COc1ccnc(C(=O)NC2CCc3ccccc3C2=O)c1O,,,,"MolVec 0.9.8 (git b412dd0, Maven Central)",0.09977788850665092
uspto,USRE039991-20080101-C00179,COc1ccnc(C(=O)NC2CCC[C@H]3CC(CCC=C(C)C)=CC[C@@H]23)c1O,,,,"MolVec 0.9.8 (git b412dd0, Maven Central)",0.141337089240551
uspto,USRE039991-20080101-C00180,COc1ccnc(C(=O)NC2CC3CCC2C3)c1O,,,,"MolVec 0.9.8 (git b412dd0, Maven Central)",0.07472586818039417
uspto,USRE039991-20080101-C00181,COc1ccnc(C(=O)NC2C3(C)CCC(C3)C2(C)C)c1O,,,,"MolVec 0.9.8 (git b412dd0, Maven Central)",0.08405965007841587
uspto,USRE039991-20080101-C00182,COc1ccnc(C(=O)N[C@@H]2CC3CC2[C@@H](c2ccccc2)C3)c1O,,,,"MolVec 0.9.8 (git b412dd0, Maven Central)",0.12092521600425243
uspto,USRE039991-20080101-C00183,COc1ccnc(C(=O)N[C@H]2CC3CC2C[C@@H]3c2ccccc2)c1O,,,,"MolVec 0.9.8 (git b412dd0, Maven Central)",0.18830891139805317
uspto,USRE039991-20080101-C00184,COc1ccnc(C(=O)N[C@@H]2CC3CC2c2ccccc23)c1O,,,,"MolVec 0.9.8 (git b412dd0, Maven Central)",0.10728561133146286
uspto,USRE039991-20080101-C00185,COc1ccnc(C(=O)NC2CCC[C@H]3[C@H]4CC[C@H](C4)[C@@H]23)c1O,,,,"MolVec 0.9.8 (git b412dd0, Maven Central)",0.10760768875479698
uspto,USRE039991-20080101-C00186,COc1ccnc(C(=O)N[C@H]2CC[C@H]3C4CCC(CC4)[C@H]3C2=O)c1O,,,,"MolVec 0.9.8 (git b412dd0, Maven Central)",0.13470608741044998
uspto,USRE039991-20080101-C00191,COc1ccnc(C(=O)N[C@@H]2CC3CC2C[C@@H]3COCc2cccc(C(F)(F)F)c2)c1O,,,,"MolVec 0.9.8 (git b412dd0, Maven Central)",0.18641680292785168
uspto,USRE039991-20080101-C00196,COc1ccnc(C(=O)N[C@@H]2CC3CC2[C@@H](C(=O)OCCc2ccccc2)[C@H]3C(=O)OCC(C)C)c1O,,,,"MolVec 0.9.8 (git b412dd0, Maven Central)",0.18604480288922787
uspto,USRE039991-20080101-C00197,COc1ccnc(C(=O)N[C@@H]2CC3CC2[C@H]2COC[C@@H]32)c1O,,,,"MolVec 0.9.8 (git b412dd0, Maven Central)",0.11598553322255611
uspto,USRE039991-20080101-C00198,COc1ccnc(C(=O)N[C@@H]2CC3CC2C2C(=O)N(CC(C)C)C(=O)C32)c1O,,,,"MolVec 0.9.8 (git b412dd0, Maven Central)",0.13716869242489338
uspto,USRE039991-20080101-C00199,COc1ccnc(C(=O)NC2CC3CC(Cl)C2C3)c1O,,,,"MolVec 0.9.8 (git b412dd0, Maven Central)",0.09276691265404224
uspto,USRE039991-20080101-C00201,COc1ccnc(C(=O)NC2CCN(Cc3ccc(C)cc3)CC2)c1O,,,,"MolVec 0.9.8 (git b412dd0, Maven Central)",0.12433964014053345
uspto,USRE039991-20080101-C00203,COc1ccnc(C(=O)NC2CCN(C(=O)c3ccccc3)CC2)c1O,,,,"MolVec 0.9.8 (git b412dd0, Maven Central)",0.1353657878935337
uspto,USRE039991-20080101-C00204,COc1ccnc(C(=O)NC2CCN(C(=O)CCc3ccccc3)CC2)c1O,,,,"MolVec 0.9.8 (git b412dd0, Maven Central)",0.1555410549044609
uspto,USRE039991-20080101-C00205,COc1ccnc(C(=O)NC2COC(C)C2)c1O,,,,"MolVec 0.9.8 (git b412dd0, Maven Central)",0.07765145972371101
uspto,USRE039991-20080101-C00207,COc1ccnc(C(=O)NC2C[C@H](C)O[C@@](C)(Cc3ccccc3)C2)c1O,,,,"MolVec 0.9.8 (git b412dd0, Maven Central)",0.14846887439489365
uspto,USRE039991-20080101-C00208,COc1ccnc(C(=O)NC2C[C@H](C)O[C@](C)(Cc3ccccc3)C2)c1O,,,,"MolVec 0.9.8 (git b412dd0, Maven Central)",0.13198917917907238
uspto,USRE039991-20080101-C00209,CCC1(C)OCC(NC(=O)c2nccc(OC)c2O)CO1,,,,"MolVec 0.9.8 (git b412dd0, Maven Central)",0.09385938756167889
uspto,USRE039991-20080101-C00210,COc1ccnc(C(=O)NC2COC3(CC(C)(C)CC(C)(C)C3)OC2)c1O,,,,"MolVec 0.9.8 (git b412dd0, Maven Central)",0.1052783951163292
uspto,USRE039991-20080101-C00215,COc1ccnc(C(=O)NC2CC3OC2C(C)C(OC(=O)C(C)C)C3C)c1O,,,,"MolVec 0.9.8 (git b412dd0, Maven Central)",0.14087065123021603
uspto,USRE039991-20080101-C00216,COc1ccnc(C(=O)N[C@H]2CC3OC2[C@H](C)[C@H]2OCc4ccccc4[C@@H]32)c1O,,,,"MolVec 0.9.8 (git b412dd0, Maven Central)",0.13824883289635181
uspto,USRE039991-20080101-C00217,COCCCc1ccc2c(c1)OC(C)C(NC(=O)c1nccc(OC)c1O)C2=O,,,,"MolVec 0.9.8 (git b412dd0, Maven Central)",0.13507717661559582
uspto,USRE039991-20080101-C00218,COc1ccnc(C(=O)NC2C(=O)c3ccc(-c4ccco4)cc3OC2C)c1O,,,,"MolVec 0.9.8 (git b412dd0, Maven Central)",0.18342841044068336
uspto,USRE039991-20080101-C00219,COc1ccnc(C(=O)NC2CSC[C@@H](c3ccccc3)C2=O)c1O,,,,"MolVec 0.9.8 (git b412dd0, Maven Central)",0.14401383697986603
uspto,USRE039991-20080101-C00220,COc1ccnc(C(=O)N(C)[C@@H]2C3CSC2CN(Cc2ccccc2)C3)c1O,,,,"MolVec 0.9.8 (git b412dd0, Maven Central)",0.1928645260632038
uspto,USRE039991-20080101-C00224,COc1ccnc(C(=O)NC2O[C@H](CO)[C@H]3OC(C)(C)O[C@@H]23)c1O,,,,"MolVec 0.9.8 (git b412dd0, Maven Central)",0.11332136392593384
uspto,USRE039991-20080101-C00225,COc1ccnc(C(=O)N[C@@H]2OC[C@H](OC(C)=O)[C@H](OC(C)=O)[C@H]2OC(C)=O)c1O,,,,"MolVec 0.9.8 (git b412dd0, Maven Central)",0.10453496500849724
uspto,USRE039991-20080101-C00226,CCCO[C@@H]1[C@@H](OCCC)[C@H](OCCC)CO[C@H]1NC(=O)c1nccc(OC)c1O,,,,"MolVec 0.9.8 (git b412dd0, Maven Central)",0.1252878326922655
uspto,USRE039991-20080101-C00227,COc1ccnc(C(=O)N[C@@H]2OC[C@@H](OCc3ccccc3)[C@H](OCc3ccccc3)[C@H]2OCc2ccccc2)c1O,,,,"MolVec 0.9.8 (git b412dd0, Maven Central)",0.14527425728738308
uspto,USRE039991-20080101-C00228,COc1ccnc(C(=O)N[C@H]2O[C@@H](C)[C@@H](OC(C)=O)[C@@H](OC(C)=O)[C@@H]2OC(C)=O)c1O,,,,"MolVec 0.9.8 (git b412dd0, Maven Central)",0.11907629668712616
uspto,USRE039991-20080101-C00229,COc1ccnc(C(=O)N[C@@H]2[C@@H](O)[C@H](O)[C@@H](CO)O[C@@H]2O)c1O,,,,"MolVec 0.9.8 (git b412dd0, Maven Central)",0.12369086593389511
uspto,USRE039991-20080101-C00230,COc1ccnc(C(=O)N[C@H]2[C@@H](OC(C)=O)O[C@H](COC(C)=O)[C@@H](OC(C)=O)[C@@H]2OC(C)=O)c1O,,,,"MolVec 0.9.8 (git b412dd0, Maven Central)",0.12986021861433983
uspto,USRE039991-20080101-C00232,COc1ccnc(C(=O)N[C@@H](Cc2ccc(OCc3ccccc3)cc2)C(=O)O)c1O,,,,"MolVec 0.9.8 (git b412dd0, Maven Central)",0.10454483143985271
uspto,USRE039991-20080101-C00233,COC(=O)[C@H](Cc1ccc(OCc2ccccc2)cc1)NC(=O)c1nccc(OC)c1O,,,,"MolVec 0.9.8 (git b412dd0, Maven Central)",0.10369440354406834
uspto,USRE039991-20080101-C00234,COc1ccnc(C(=O)N[C@@H](Cc2ccc(OCc3ccccc3)cc2)C(=O)OCc2ccccc2)c1O,,,,"MolVec 0.9.8 (git b412dd0, Maven Central)",0.12419161386787891
uspto,USRE039991-20080101-C00235,COC(=O)C(CO)NC(=O)c1nccc(OC)c1O,,,,"MolVec 0.9.8 (git b412dd0, Maven Central)",0.07625417038798332
uspto,USRE039991-20080101-C00237,COc1ccnc(C(=O)N[C@@H](COCc2ccccc2)C(=O)OC(C)[C@H](OC(=O)C(C)C)[C@@H](Cc2ccccc2)C(=O)OCc2ccccc2)c1O,,,,"MolVec 0.9.8 (git b412dd0, Maven Central)",0.23207513615489006
uspto,USRE039991-20080101-C00238,COC(=O)C(COC(=O)C(C)c1ccccc1)NC(=O)c1nccc(OC)c1O,,,,"MolVec 0.9.8 (git b412dd0, Maven Central)",0.11355634965002537
uspto,USRE039991-20080101-C00239,COC(=O)C(COC(=O)CCc1ccccc1)NC(=O)c1nccc(OC)c1O,,,,"MolVec 0.9.8 (git b412dd0, Maven Central)",0.1153015848249197
uspto,USRE039991-20080101-C00240,COC(=O)C(COC(=O)C(C)Cc1ccccc1)NC(=O)c1nccc(OC)c1O,,,,"MolVec 0.9.8 (git b412dd0, Maven Central)",0.11595838330686092
uspto,USRE039991-20080101-C00241,COC(=O)C(COC(=O)COCc1ccccc1)NC(=O)c1nccc(OC)c1O,,,,"MolVec 0.9.8 (git b412dd0, Maven Central)",0.15933778509497643
uspto,USRE039991-20080101-C00242,COC(=O)C(COC(=O)CC(C)OC(=O)C(C)C)NC(=O)c1nccc(OC)c1O,,,,"MolVec 0.9.8 (git b412dd0, Maven Central)",0.146729975938797
uspto,USRE039991-20080101-C00244,COC(=O)C(COC(=O)C(COC(=O)C(C)C)Cc1ccccc1)NC(=O)c1nccc(OC)c1O,,,,"MolVec 0.9.8 (git b412dd0, Maven Central)",0.16884750872850418
uspto,USRE039991-20080101-C00246,COc1ccnc(C(=O)NC(COC(=O)C(C)Cc2ccccc2)C(=O)OC(C)C)c1O,,,,"MolVec 0.9.8 (git b412dd0, Maven Central)",0.1431310847401619
uspto,USRE039991-20080101-C00247,COc1ccnc(C(=O)NC(COC(=O)CC(C)OC(=O)C(C)C)C(=O)OC(C)C)c1O,,,,"MolVec 0.9.8 (git b412dd0, Maven Central)",0.17171123810112476
uspto,USRE039991-20080101-C00248,COc1ccnc(C(=O)NC(COC(=O)CC(C)OC(=O)CCc2ccccc2)C(=O)OC(C)C)c1O,,,,"MolVec 0.9.8 (git b412dd0, Maven Central)",0.2344999872148037
uspto,USRE039991-20080101-C00250,COc1ccnc(C(=O)NC(COC(=O)C(Cc2ccccc2)C(C)OC(=O)C(C)C)C(=O)OC(C)C)c1O,,,,"MolVec 0.9.8 (git b412dd0, Maven Central)",0.19269979931414127
uspto,USRE039991-20080101-C00251,COc1ccnc(C(=O)NC(COC(=O)C(Cc2ccccc2)C(C)OC(=O)c2ccccc2)C(=O)OC(C)C)c1O,,,,"MolVec 0.9.8 (git b412dd0, Maven Central)",0.19573120959103107
uspto,USRE039991-20080101-C00255,COc1ccnc(C(=O)NC(C(=O)OCC(C)C)C(C)OC(=O)C(C)Cc2ccccc2)c1O,,,,"MolVec 0.9.8 (git b412dd0, Maven Central)",0.1563225518912077
uspto,USRE039991-20080101-C00256,COc1ccnc(C(=O)N[C@H](C(=O)O[C@@H](C)[C@H](OC(=O)C(C)C)[C@@H](Cc2ccccc2)C(=O)OCc2ccccc2)[C@@H](C)OC(C)=O)c1O,,,,"MolVec 0.9.8 (git b412dd0, Maven Central)",0.22314115799963474
uspto,USRE039991-20080101-C00257,COc1ccnc(C(=O)NCCCCCCCCCCC(=O)OCCSc2ccccc2)c1O,,,,"MolVec 0.9.8 (git b412dd0, Maven Central)",0.15712189301848412
uspto,USRE039991-20080101-C00258,COc1ccnc(C(=O)NCCCCCCCCCCC(=O)Oc2cccc(NC(C)=O)c2)c1O,,,,"MolVec 0.9.8 (git b412dd0, Maven Central)",0.1749888900667429
uspto,USRE039991-20080101-C00259,COc1ccnc(C(=O)NCCCCCCCCCCCC(=O)OCCSc2ccccc2)c1O,,,,"MolVec 0.9.8 (git b412dd0, Maven Central)",0.15915636159479618
uspto,USRE039991-20080101-C00260,COc1ccnc(C(=O)NCCCCCCCCCCCC(=O)Oc2cccc(NC(C)=O)c2)c1O,,,,"MolVec 0.9.8 (git b412dd0, Maven Central)",0.23660186491906643
uspto,USRE039991-20080101-C00261,COc1ccnc(C(=O)NCCCCC(=O)Oc2cccnc2Br)c1O,,,,"MolVec 0.9.8 (git b412dd0, Maven Central)",0.13320176117122173
uspto,USRE039991-20080101-C00262,COc1ccnc(C(=O)NCCCCC(=O)Oc2cccc(NC(C)=O)c2)c1O,,,,"MolVec 0.9.8 (git b412dd0, Maven Central)",0.1371241807937622
uspto,USRE039991-20080101-C00263,COc1ccnc(C(=O)NCCCCCCCC(=O)Oc2ccc(C)c(Cl)c2)c1O,,,,"MolVec 0.9.8 (git b412dd0, Maven Central)",0.13583133555948734
uspto,USRE039991-20080101-C00264,COc1ccnc(C(=O)NC(CC2CCCCC2)C(=O)OC2CCNC2)c1O,,,,"MolVec 0.9.8 (git b412dd0, Maven Central)",0.1463008876889944
uspto,USRE039991-20080101-C00265,COc1ccnc(C(=O)NC(C)C(=O)OCCCCCc2ccccc2)c1O,,,,"MolVec 0.9.8 (git b412dd0, Maven Central)",0.1316622719168663
uspto,USRE039991-20080101-C00266,COc1ccnc(C(=O)NCC(=O)OCCCCCc2ccccc2)c1O,,,,"MolVec 0.9.8 (git b412dd0, Maven Central)",0.1255411747843027
uspto,USRE039991-20080101-C00267,COc1ccnc(C(=O)NCC(=O)OC2CCCCC2)c1O,,,,"MolVec 0.9.8 (git b412dd0, Maven Central)",0.10014633275568485
uspto,USRE039991-20080101-C00268,COc1ccnc(C(=O)NC(CC(N)=O)C(=O)OC/C=C(/C)CCC=C(C)C)c1O,,,,"MolVec 0.9.8 (git b412dd0, Maven Central)",0.16516442596912384
uspto,USRE039991-20080101-C00269,COc1ccnc(C(=O)NC(Cc2ccc(OCc3ccccc3)cc2)C(=O)O)c1O,,,,"MolVec 0.9.8 (git b412dd0, Maven Central)",0.1427554078400135
uspto,USRE039991-20080101-C00270,COc1ccnc(C(=O)NC2COC(=O)CC(c3ccccc3)C(=O)OC2)c1O,,,,"MolVec 0.9.8 (git b412dd0, Maven Central)",0.12012231722474098
uspto,USRE039991-20080101-C00271,COc1ccnc(C(=O)NC2COC(=O)C[C@H](NC(=O)OCc3ccccc3)C(=O)OC2)c1O,,,,"MolVec 0.9.8 (git b412dd0, Maven Central)",0.1590764131397009
uspto,USRE039991-20080101-C00272,COc1ccnc(C(=O)NC2COC(=O)[C@H]3CCCC[C@@H]3C(=O)OC2)c1O,,,,"MolVec 0.9.8 (git b412dd0, Maven Central)",0.13110596500337124
uspto,USRE039991-20080101-C00273,COc1ccnc(C(=O)NC2CC(=O)OCC(C)COC2=O)c1O,,,,"MolVec 0.9.8 (git b412dd0, Maven Central)",0.1413696277886629
uspto,USRE039991-20080101-C00274,COc1ccnc(C(=O)N[C@H]2CC(=O)OCC(NC(=O)OC(C)(C)C)COC2=O)c1O,,,,"MolVec 0.9.8 (git b412dd0, Maven Central)",0.16968959383666515
uspto,USRE039991-20080101-C00275,COc1ccnc(C(=O)NC2COC(=O)CC3(CCCCC3)CC(=O)OC2)c1O,,,,"MolVec 0.9.8 (git b412dd0, Maven Central)",0.15901022590696812
uspto,USRE039991-20080101-C00276,COc1ccnc(C(=O)N[C@@H]2C(=O)O[C@@H](C)C[C@@H](C)C(=O)O[C@@H]2C)c1O,,,,"MolVec 0.9.8 (git b412dd0, Maven Central)",0.11488364636898041
uspto,USRE039991-20080101-C00277,COc1ccnc(C(=O)N[C@H]2COC(=O)[C@H](Cc3ccccc3)C[C@H](C)OC2=O)c1O,,,,"MolVec 0.9.8 (git b412dd0, Maven Central)",0.14080346934497356
uspto,USRE039991-20080101-C00278,COc1ccnc(C(=O)N[C@H]2COC(=O)[C@H](Cc3ccccc3)[C@@H](O)[C@H](C)OC2=O)c1O,,,,"MolVec 0.9.8 (git b412dd0, Maven Central)",0.13445387966930866
uspto,USRE039991-20080101-C00279,COc1ccnc(C(=O)N[C@H]2COC(=O)[C@H](Cc3ccccc3)[C@@H](OCC(C)C)[C@H](C)OC2=O)c1O,,,,"MolVec 0.9.8 (git b412dd0, Maven Central)",0.16461325250566006
uspto,USRE039991-20080101-C00280,COc1ccnc(C(=O)N[C@H]2COC(=O)[C@H](Cc3ccccc3)[C@@H](OC(C)=O)[C@H](C)OC2=O)c1O,,,,"MolVec 0.9.8 (git b412dd0, Maven Central)",0.14486549980938435
uspto,USRE039991-20080101-C00281,C=C(C)C(=O)O[C@H]1[C@H](C)OC(=O)[C@@H](NC(=O)c2nccc(OC)c2O)COC(=O)[C@@H]1Cc1ccccc1,,,,"MolVec 0.9.8 (git b412dd0, Maven Central)",0.15802771598100662
uspto,USRE039991-20080101-C00282,COc1ccnc(C(=O)N[C@H]2COC(=O)[C@H](Cc3ccccc3)[C@@H](OC(=O)C3CC3)[C@H](C)OC2=O)c1O,,,,"MolVec 0.9.8 (git b412dd0, Maven Central)",0.16892476752400398
uspto,USRE039991-20080101-C00283,COc1ccnc(C(=O)N[C@H]2COC(=O)[C@H](Cc3ccccc3)[C@@H](OC(=O)C(C)(C)C)[C@H](C)OC2=O)c1O,,,,"MolVec 0.9.8 (git b412dd0, Maven Central)",0.17711933888494968
uspto,USRE039991-20080101-C00284,COc1ccnc(C(=O)N[C@H]2COC(=O)[C@H](Cc3ccccc3)[C@@H](OC(=O)C3CCCC3)[C@H](C)OC2=O)c1O,,,,"MolVec 0.9.8 (git b412dd0, Maven Central)",0.18983924388885498
uspto,USRE039991-20080101-C00286,COc1ccnc(C(=O)N[C@H]2COC(=O)[C@H](Cc3ccccc3)[C@@H](OC(=O)C3C(C)CCCC3C)[C@H](C)OC2=O)c1O,,,,"MolVec 0.9.8 (git b412dd0, Maven Central)",0.2093612141907215
uspto,USRE039991-20080101-C00288,COc1ccnc(C(=O)N[C@H]2COC(=O)[C@H](Cc3ccccc3)[C@@H](OC(=O)Cc3ccccc3)[C@H](C)OC2=O)c1O,,,,"MolVec 0.9.8 (git b412dd0, Maven Central)",0.15744032710790634
uspto,USRE039991-20080101-C00289,COc1ccnc(C(=O)N[C@H]2COC(=O)[C@H](Cc3ccccc3)[C@@H](OC(=O)/C=C(\C)CCC=C(C)C)[C@H](C)OC2=O)c1O,,,,"MolVec 0.9.8 (git b412dd0, Maven Central)",0.2425996959209442
uspto,USRE039991-20080101-C00290,COc1ccnc(C(=O)N[C@H]2COC(=O)[C@H](Cc3ccccc3)[C@@H](OC(C)=O)[C@H](C)OC2=O)c1O,,,,"MolVec 0.9.8 (git b412dd0, Maven Central)",0.22480343841016293
uspto,USRE039991-20080101-C00291,CCC(=O)O[C@H]1[C@H](C)OC(=O)[C@@H](NC(=O)c2nccc(OC)c2O)COC(=O)[C@@H]1Cc1ccccc1,,,,"MolVec 0.9.8 (git b412dd0, Maven Central)",0.2452216986566782
uspto,USRE039991-20080101-C00292,COc1ccnc(C(=O)N[C@H]2COC(=O)[C@H](Cc3ccccc3)[C@@H](OC(=O)NC(C)C)[C@H](C)OC2=O)c1O,,,,"MolVec 0.9.8 (git b412dd0, Maven Central)",0.1811121515929699
uspto,USRE039991-20080101-C00293,COc1ccnc(C(=O)N[C@H]2COC(=O)[C@H](Cc3ccccc3)[C@@H](OC(=O)NC(C)(C)C)[C@H](C)OC2=O)c1O,,,,"MolVec 0.9.8 (git b412dd0, Maven Central)",0.20508190616965294
uspto,USRE039991-20080101-C00294,COc1ccnc(C(=O)N[C@H]2COC(=O)[C@H](Cc3ccccc3)[C@@H](OC(=O)OC(C)C)[C@H](C)OC2=O)c1O,,,,"MolVec 0.9.8 (git b412dd0, Maven Central)",0.17592091672122478
uspto,USRE039991-20080101-C00295,COc1ccnc(C(=O)N[C@H]2COC(=O)[C@H](CC3CCCC3)[C@@H](OC(=O)C(C)C)[C@H](C)OC2=O)c1O,,,,"MolVec 0.9.8 (git b412dd0, Maven Central)",0.2105986326932907
uspto,USRE039991-20080101-C00296,COc1ccnc(C(=O)N[C@H]2COC(=O)[C@H](Oc3ccccc3)[C@@H](OC(=O)C(C)C)[C@H](C)OC2=O)c1O,,,,"MolVec 0.9.8 (git b412dd0, Maven Central)",0.17881795391440392
uspto,USRE039991-20080101-C00297,COc1ccnc(C(=O)Nc2ccc(Cc3cccc(C(F)(F)F)c3)cc2)c1O,,,,"MolVec 0.9.8 (git b412dd0, Maven Central)",0.14677930437028408
uspto,USRE039991-20080101-C00298,COc1ccnc(C(=O)Nc2ccc(C(=O)c3cccc(C(F)(F)F)c3)cc2)c1O,,,,"MolVec 0.9.8 (git b412dd0, Maven Central)",0.1643412485718727
uspto,USRE039991-20080101-C00299,COc1ccnc(C(=O)Nc2ccc(C(=O)c3ccc(C(F)(F)F)cc3)cc2)c1O,,,,"MolVec 0.9.8 (git b412dd0, Maven Central)",0.1576464083045721
uspto,USRE039991-20080101-C00300,COc1ccnc(C(=O)Nc2ccc(/C(=N/O)c3cccc(C(F)(F)F)c3)cc2)c1O,,,,"MolVec 0.9.8 (git b412dd0, Maven Central)",0.1777966320514679
uspto,USRE039991-20080101-C00301,CO/N=C(/c1ccc(NC(=O)c2nccc(OC)c2O)cc1)c1cccc(C(F)(F)F)c1,,,,"MolVec 0.9.8 (git b412dd0, Maven Central)",0.17660849913954735
uspto,USRE039991-20080101-C00302,CO/N=C(/c1ccc(NC(=O)c2nccc(OC)c2O)cc1)c1ccc(C(F)(F)F)cc1,,,,"MolVec 0.9.8 (git b412dd0, Maven Central)",0.16873368062078953
uspto,USRE039991-20080101-C00303,COc1ccnc(C(=O)Nc2ccc(Nc3cccc(C(F)(F)F)c3)cc2)c1O,,,,"MolVec 0.9.8 (git b412dd0, Maven Central)",0.16109491512179375
uspto,USRE039991-20080101-C00304,COc1ccnc(C(=O)Nc2ccccc2Oc2ccc(C)cc2)c1O,,,,"MolVec 0.9.8 (git b412dd0, Maven Central)",0.1347818858921528
uspto,USRE039991-20080101-C00305,COc1ccnc(C(=O)Nc2cccc(Oc3ccccc3C)c2)c1O,,,,"MolVec 0.9.8 (git b412dd0, Maven Central)",0.12611068040132523
uspto,USRE039991-20080101-C00306,COc1ccnc(C(=O)Nc2cccc(Oc3cccc(C)c3)c2)c1O,,,,"MolVec 0.9.8 (git b412dd0, Maven Central)",0.12203332781791687
uspto,USRE039991-20080101-C00307,COc1ccnc(C(=O)Nc2cccc(Oc3ccc(C)cc3)c2)c1O,,,,"MolVec 0.9.8 (git b412dd0, Maven Central)",0.12597211822867393
uspto,USRE039991-20080101-C00308,COc1ccnc(C(=O)Nc2ccc(Oc3ccccc3C)cc2)c1O,,,,"MolVec 0.9.8 (git b412dd0, Maven Central)",0.14722895435988903
uspto,USRE039991-20080101-C00309,COc1ccnc(C(=O)Nc2ccc(Oc3cccc(C)c3)cc2)c1O,,,,"MolVec 0.9.8 (git b412dd0, Maven Central)",0.14109688438475132
uspto,USRE039991-20080101-C00310,COc1ccnc(C(=O)Nc2ccc(Oc3ccc(C)cc3)cc2)c1O,,,,"MolVec 0.9.8 (git b412dd0, Maven Central)",0.1361641027033329
uspto,USRE039991-20080101-C00311,COc1ccnc(C(=O)Nc2ccccc2Oc2ccccc2C#N)c1O,,,,"MolVec 0.9.8 (git b412dd0, Maven Central)",0.13225768879055977
uspto,USRE039991-20080101-C00312,COc1ccnc(C(=O)Nc2ccccc2Oc2ccc(C#N)cc2)c1O,,,,"MolVec 0.9.8 (git b412dd0, Maven Central)",0.14514304138720036
uspto,USRE039991-20080101-C00313,COc1ccnc(C(=O)Nc2ccc(Oc3ccccc3C#N)cc2)c1O,,,,"MolVec 0.9.8 (git b412dd0, Maven Central)",0.14331057108938694
uspto,USRE039991-20080101-C00314,COc1ccnc(C(=O)Nc2ccc(Oc3cccc(C#N)c3)cc2)c1O,,,,"MolVec 0.9.8 (git b412dd0, Maven Central)",0.14517811685800552
uspto,USRE039991-20080101-C00315,COc1ccnc(C(=O)Nc2ccc(Oc3ccc(C#N)cc3)cc2)c1O,,,,"MolVec 0.9.8 (git b412dd0, Maven Central)",0.16011645086109638
uspto,USRE039991-20080101-C00316,COc1ccnc(C(=O)Nc2cccc(Oc3ccc(C(F)(F)F)cc3)c2)c1O,,,,"MolVec 0.9.8 (git b412dd0, Maven Central)",0.14776356145739555
uspto,USRE039991-20080101-C00317,COc1ccnc(C(=O)Nc2ccc(Oc3cccc(C(F)(F)F)c3)cc2)c1O,,,,"MolVec 0.9.8 (git b412dd0, Maven Central)",0.13793506659567356
uspto,USRE039991-20080101-C00319,COCc1cc(Oc2ccc(C(F)(F)F)cc2)ccc1NC(=O)c1nccc(OC)c1O,,,,"MolVec 0.9.8 (git b412dd0, Maven Central)",0.1512512732297182
uspto,USRE039991-20080101-C00320,CCOC(=O)c1cc(Oc2ccc(C(F)(F)F)cc2)ccc1NC(=O)c1nccc(OC)c1O,,,,"MolVec 0.9.8 (git b412dd0, Maven Central)",0.15325747057795525
uspto,USRE039991-20080101-C00321,COc1cccc(Oc2ccccc2NC(=O)c2nccc(OC)c2O)c1,,,,"MolVec 0.9.8 (git b412dd0, Maven Central)",0.13353179208934307
uspto,USRE039991-20080101-C00322,COc1ccc(Oc2ccccc2NC(=O)c2nccc(OC)c2O)cc1,,,,"MolVec 0.9.8 (git b412dd0, Maven Central)",0.1360587403178215
uspto,USRE039991-20080101-C00323,COc1ccccc1Oc1cccc(NC(=O)c2nccc(OC)c2O)c1,,,,"MolVec 0.9.8 (git b412dd0, Maven Central)",0.14746255800127983
uspto,USRE039991-20080101-C00324,COc1cccc(Oc2cccc(NC(=O)c3nccc(OC)c3O)c2)c1,,,,"MolVec 0.9.8 (git b412dd0, Maven Central)",0.13991688191890717
uspto,USRE039991-20080101-C00325,COc1ccc(Oc2cccc(NC(=O)c3nccc(OC)c3O)c2)cc1,,,,"MolVec 0.9.8 (git b412dd0, Maven Central)",0.1309338714927435
uspto,USRE039991-20080101-C00326,COc1ccccc1Oc1ccc(NC(=O)c2nccc(OC)c2O)cc1,,,,"MolVec 0.9.8 (git b412dd0, Maven Central)",0.13480807840824127
uspto,USRE039991-20080101-C00327,COc1cccc(Oc2ccc(NC(=O)c3nccc(OC)c3O)cc2)c1,,,,"MolVec 0.9.8 (git b412dd0, Maven Central)",0.14065188355743885
uspto,USRE039991-20080101-C00328,COc1ccc(Oc2ccc(NC(=O)c3nccc(OC)c3O)cc2)cc1,,,,"MolVec 0.9.8 (git b412dd0, Maven Central)",0.13699644431471825
uspto,USRE039991-20080101-C00329,COc1ccnc(C(=O)Nc2ccc(Oc3ccc(OC(=O)C(C)C)cc3)cc2)c1O,,,,"MolVec 0.9.8 (git b412dd0, Maven Central)",0.1392565630376339
uspto,USRE039991-20080101-C00330,COc1ccnc(C(=O)Nc2ccccc2Oc2cccc(Cl)c2)c1O,,,,"MolVec 0.9.8 (git b412dd0, Maven Central)",0.12018168531358242
uspto,USRE039991-20080101-C00331,COc1ccnc(C(=O)Nc2ccccc2Oc2ccc(Cl)cc2)c1O,,,,"MolVec 0.9.8 (git b412dd0, Maven Central)",0.12640837766230106
uspto,USRE039991-20080101-C00332,COc1ccnc(C(=O)Nc2cccc(Oc3ccccc3Cl)c2)c1O,,,,"MolVec 0.9.8 (git b412dd0, Maven Central)",0.12603073194622993
uspto,USRE039991-20080101-C00333,COc1ccnc(C(=O)Nc2cccc(Oc3ccc(Cl)cc3)c2)c1O,,,,"MolVec 0.9.8 (git b412dd0, Maven Central)",0.1351015865802765
uspto,USRE039991-20080101-C00334,COc1ccnc(C(=O)Nc2ccc(Oc3ccccc3Cl)cc2)c1O,,,,"MolVec 0.9.8 (git b412dd0, Maven Central)",0.1457500122487545
uspto,USRE039991-20080101-C00335,COc1ccnc(C(=O)Nc2ccc(Oc3cccc(Cl)c3)cc2)c1O,,,,"MolVec 0.9.8 (git b412dd0, Maven Central)",0.12620889209210873
uspto,USRE039991-20080101-C00336,COc1ccnc(C(=O)Nc2ccc(Oc3ccc(Cl)cc3)cc2)c1O,,,,"MolVec 0.9.8 (git b412dd0, Maven Central)",0.1395235750824213
uspto,USRE039991-20080101-C00337,COc1ccnc(C(=O)Nc2cccc(Sc3ccc(C(F)(F)F)cc3)c2)c1O,,,,"MolVec 0.9.8 (git b412dd0, Maven Central)",0.1472371704876423
uspto,USRE039991-20080101-C00338,COc1ccnc(C(=O)Nc2ccc(Sc3cccc(C(F)(F)F)c3)cc2)c1O,,,,"MolVec 0.9.8 (git b412dd0, Maven Central)",0.14696002751588821
uspto,USRE039991-20080101-C00339,COc1ccnc(C(=O)Nc2ccc(Sc3ccc(C(F)(F)F)cc3)cc2)c1O,,,,"MolVec 0.9.8 (git b412dd0, Maven Central)",0.1302229817956686
uspto,USRE039991-20080101-C00340,COc1ccnc(C(=O)Nc2ccc(OCc3cccc(C(F)(F)F)c3)cc2)c1O,,,,"MolVec 0.9.8 (git b412dd0, Maven Central)",0.15923632867634296
uspto,USRE039991-20080101-C00341,COc1ccnc(C(=O)Nc2ccc(OCc3ccc(C(F)(F)F)cc3)cc2)c1O,,,,"MolVec 0.9.8 (git b412dd0, Maven Central)",0.1741939838975668
uspto,USRE039991-20080101-C00342,COc1ccnc(C(=O)Nc2ccc(C(=O)Nc3cccc(C(F)(F)F)c3)cc2)c1O,,,,"MolVec 0.9.8 (git b412dd0, Maven Central)",0.1709484364837408
uspto,USRE039991-20080101-C00343,COc1ccnc(C(=O)Nc2cccc(C(=O)Nc3ccc(C(F)(F)F)cc3)c2)c1O,,,,"MolVec 0.9.8 (git b412dd0, Maven Central)",0.14679554477334023
uspto,USRE039991-20080101-C00344,COc1ccnc(C(=O)Nc2ccc(C(=O)Oc3cccc(C(F)(F)F)c3)cc2)c1O,,,,"MolVec 0.9.8 (git b412dd0, Maven Central)",0.18268392980098724
uspto,USRE039991-20080101-C00345,COc1ccnc(C(=O)Nc2ccc(C(=O)Oc3ccc(C(F)(F)F)cc3)cc2)c1O,,,,"MolVec 0.9.8 (git b412dd0, Maven Central)",0.18692831508815289
uspto,USRE039991-20080101-C00346,COc1ccnc(C(=O)Nc2ccc(NC(=O)c3cccc(C(F)(F)F)c3)cc2)c1O,,,,"MolVec 0.9.8 (git b412dd0, Maven Central)",0.17962707579135895
uspto,USRE039991-20080101-C00347,COc1ccnc(C(=O)Nc2cccc(NC(=O)c3ccc(C(F)(F)F)cc3)c2)c1O,,,,"MolVec 0.9.8 (git b412dd0, Maven Central)",0.1411888711154461
uspto,USRE039991-20080101-C00348,COc1ccnc(C(=O)Nc2cc(C)c(OC(=O)C(C)C)c(C)c2)c1O,,,,"MolVec 0.9.8 (git b412dd0, Maven Central)",0.13259093649685383
uspto,USRE039991-20080101-C00349,COc1ccnc(C(=O)Nc2cc(C)c(OC(=O)c3ccccc3)c(C)c2)c1O,,,,"MolVec 0.9.8 (git b412dd0, Maven Central)",0.14583851769566536
uspto,USRE039991-20080101-C00350,COc1ccnc(C(=O)Nc2cc(C)c(OC(=O)c3ccc(C(F)(F)F)cc3)c(C)c2)c1O,,,,"MolVec 0.9.8 (git b412dd0, Maven Central)",0.1772472746670246
uspto,USRE039991-20080101-C00351,COc1ccnc(C(=O)Nc2ccc(OC3CC(C)(C)CC(C)(C)C3)cc2)c1O,,,,"MolVec 0.9.8 (git b412dd0, Maven Central)",0.13166712410748005
uspto,USRE039991-20080101-C00352,COc1ccnc(C(=O)Nc2ccc(OC3CC(C)(C)OC(C)(C)C3)cc2)c1O,,,,"MolVec 0.9.8 (git b412dd0, Maven Central)",0.1632990799844265
uspto,USRE039991-20080101-C00353,COc1ccnc(C(=O)Nc2cccc(OC3CC(C)(C)OC(C)(C)C3)c2)c1O,,,,"MolVec 0.9.8 (git b412dd0, Maven Central)",0.15615181624889374
uspto,USRE039991-20080101-C00354,COc1ccnc(C(=O)Nc2ccc(Oc3cc(C(F)(F)F)ccn3)cc2)c1O,,,,"MolVec 0.9.8 (git b412dd0, Maven Central)",0.14201374351978302
uspto,USRE039991-20080101-C00355,COc1ccnc(C(=O)Nc2ccc(Oc3ccc(C(F)(F)F)cn3)cc2)c1O,,,,"MolVec 0.9.8 (git b412dd0, Maven Central)",0.13629801757633686
uspto,USRE039991-20080101-C00356,COc1ccnc(C(=O)Nc2ccc(Oc3cccc(C(F)(F)F)n3)cc2)c1O,,,,"MolVec 0.9.8 (git b412dd0, Maven Central)",0.1205448117107153
uspto,USRE039991-20080101-C00357,COc1ccnc(C(=O)Nc2ccc(Oc3cc(C(F)(F)F)cc(C(F)(F)F)n3)cc2)c1O,,,,"MolVec 0.9.8 (git b412dd0, Maven Central)",0.14283852837979794
uspto,USRE039991-20080101-C00358,COc1ccnc(C(=O)Nc2ccc(Oc3ccnc(C(F)(F)F)c3)cc2)c1O,,,,"MolVec 0.9.8 (git b412dd0, Maven Central)",0.12206147238612175
uspto,USRE039991-20080101-C00359,COc1ccnc(C(=O)Nc2ccc(Oc3cc(C(F)(F)F)nc(C(F)(F)F)c3)cc2)c1O,,,,"MolVec 0.9.8 (git b412dd0, Maven Central)",0.15808212757110596
uspto,USRE039991-20080101-C00360,COc1ccnc(C(=O)Nc2ccc(Oc3cc(Cl)nc(C(F)(F)F)c3)cc2)c1O,,,,"MolVec 0.9.8 (git b412dd0, Maven Central)",0.14348718523979187
uspto,USRE039991-20080101-C00361,COc1ccnc(C(=O)Nc2ccc(Oc3cc(Oc4ccccc4)ncn3)cc2)c1O,,,,"MolVec 0.9.8 (git b412dd0, Maven Central)",0.14970148727297783
uspto,USRE039991-20080101-C00362,COc1ccnc(C(=O)Nc2cccc(Oc3ccc(C(F)(F)F)cc3)n2)c1O,,,,"MolVec 0.9.8 (git b412dd0, Maven Central)",0.14425884746015072
uspto,USRE039991-20080101-C00363,COc1ccnc(C(=O)Nc2ccc(Oc3ccc(C(F)(F)F)cc3)cn2)c1O,,,,"MolVec 0.9.8 (git b412dd0, Maven Central)",0.12791304104030132
uspto,USRE039991-20080101-C00364,COc1ccnc(C(=O)Nc2ccc(Oc3cccc(C(F)(F)F)c3)nc2)c1O,,,,"MolVec 0.9.8 (git b412dd0, Maven Central)",0.14061898738145828
uspto,USRE039991-20080101-C00365,COc1ccnc(C(=O)Nc2ccc(Oc3ccc(C(F)(F)F)cc3)nc2)c1O,,,,"MolVec 0.9.8 (git b412dd0, Maven Central)",0.1554147321730852
uspto,USRE039991-20080101-C00366,CCCC[C@H]1C(=O)OC(C)[C@H](NC(=O)c2cccc(NC(=O)c3nccc(OC)c3O)c2O)C(=O)O[C@@H](C)[C@@H]1OC(=O)CC(C)C,,,,"MolVec 0.9.8 (git b412dd0, Maven Central)",0.26207135617733
uspto,USRE039991-20080101-C00367,CCOc1ccnc(C(=O)NC2CC(C)(C)CC(C)(C)C2)c1O,,,,"MolVec 0.9.8 (git b412dd0, Maven Central)",0.09632962010800838
uspto,USRE039991-20080101-C00368,CCOc1ccnc(C(=O)N[C@H]2COC(=O)[C@H](Cc3ccccc3)[C@@H](OC(=O)C(C)C)[C@H](C)OC2=O)c1O,,,,"MolVec 0.9.8 (git b412dd0, Maven Central)",0.1615644320845604
uspto,USRE039991-20080101-C00369,CCOc1ccnc(C(=O)Nc2ccc(Oc3cccc(C(F)(F)F)c3)cc2)c1O,,,,"MolVec 0.9.8 (git b412dd0, Maven Central)",0.16106143966317177
uspto,USRE039991-20080101-C00370,CSc1ccnc(C(=O)NC2CC(C)(C)CC(C)(C)C2)c1O,,,,"MolVec 0.9.8 (git b412dd0, Maven Central)",0.08228802494704723
uspto,USRE039991-20080101-C00371,CSc1ccnc(C(=O)N[C@H]2COC(=O)[C@H](Cc3ccccc3)[C@@H](OC(=O)C(C)C)[C@H](C)OC2=O)c1O,,,,"MolVec 0.9.8 (git b412dd0, Maven Central)",0.15263977646827698
uspto,USRE039991-20080101-C00372,CSc1ccnc(C(=O)Nc2ccc(Oc3cccc(C(F)(F)F)c3)cc2)c1O,,,,"MolVec 0.9.8 (git b412dd0, Maven Central)",0.13233859278261662
uspto,USRE039991-20080101-C00373,CC1(C)CC(NC(=O)c2nccc(Cl)c2O)CC(C)(C)C1,,,,"MolVec 0.9.8 (git b412dd0, Maven Central)",0.07926775887608528
uspto,USRE039991-20080101-C00374,COc1ccc(O)c(C(=O)N[C@H]2COC(=O)[C@H](Cc3ccccc3)[C@@H](OC(=O)C(C)C)[C@H](C)OC2=O)n1,,,,"MolVec 0.9.8 (git b412dd0, Maven Central)",0.17495153099298477
uspto,USRE039991-20080101-C00375,COc1ccc(CNC(=O)c2nc(Br)ccc2O)cc1,,,,"MolVec 0.9.8 (git b412dd0, Maven Central)",0.1075774971395731
uspto,USRE039991-20080101-C00376,O=C(NCc1ccccn1)c1nc(Br)ccc1O,,,,"MolVec 0.9.8 (git b412dd0, Maven Central)",0.08354647643864155
uspto,USRE039991-20080101-C00377,O=C(NCc1sccc1Cl)c1nc(Br)ccc1O,,,,"MolVec 0.9.8 (git b412dd0, Maven Central)",0.10868613980710506
uspto,USRE039991-20080101-C00378,O=C(NCC1CCCc2ccccc21)c1nc(Br)ccc1O,,,,"MolVec 0.9.8 (git b412dd0, Maven Central)",0.1036010142415762
uspto,USRE039991-20080101-C00379,COc1ccc(C(C)NC(=O)c2nc(Br)ccc2O)cc1,,,,"MolVec 0.9.8 (git b412dd0, Maven Central)",0.09622140228748322
uspto,USRE039991-20080101-C00380,CC(NC(=O)c1nc(Br)ccc1O)c1ccc(Cl)cc1,,,,"MolVec 0.9.8 (git b412dd0, Maven Central)",0.08889172039926052
uspto,USRE039991-20080101-C00381,CC(NC(=O)c1nc(Br)ccc1O)c1ccc(C(F)(F)F)cc1,,,,"MolVec 0.9.8 (git b412dd0, Maven Central)",0.1045963242650032
uspto,USRE039991-20080101-C00382,CCCCCc1ccc(C(C)NC(=O)c2nc(Br)ccc2O)cc1,,,,"MolVec 0.9.8 (git b412dd0, Maven Central)",0.10536378435790539
uspto,USRE039991-20080101-C00383,CC(NC(=O)c1nc(Br)ccc1O)c1ccc(Oc2ccccc2)cc1,,,,"MolVec 0.9.8 (git b412dd0, Maven Central)",0.09542733989655972
uspto,USRE039991-20080101-C00384,O=C(NC(Cc1ccccc1)c1ccccc1)c1nc(Br)ccc1O,,,,"MolVec 0.9.8 (git b412dd0, Maven Central)",0.09508088231086731
uspto,USRE039991-20080101-C00385,O=C(Nc1ccccc1Oc1cccc(C(F)(F)F)c1)c1nc(Br)ccc1O,,,,"MolVec 0.9.8 (git b412dd0, Maven Central)",0.13265949673950672
uspto,USRE039991-20080101-C00386,O=C(Nc1ccccc1Oc1ccc(C(F)(F)F)cc1)c1nc(Br)ccc1O,,,,"MolVec 0.9.8 (git b412dd0, Maven Central)",0.13940595835447311
uspto,USRE039991-20080101-C00387,O=C(Nc1cccc(Oc2ccccc2C(F)(F)F)c1)c1nc(Br)ccc1O,,,,"MolVec 0.9.8 (git b412dd0, Maven Central)",0.12100053206086159
uspto,USRE039991-20080101-C00388,O=C(Nc1cccc(Oc2cccc(C(F)(F)F)c2)c1)c1nc(Br)ccc1O,,,,"MolVec 0.9.8 (git b412dd0, Maven Central)",0.11590413935482502
uspto,USRE039991-20080101-C00389,O=C(Nc1cccc(Oc2ccc(C(F)(F)F)cc2)c1)c1nc(Br)ccc1O,,,,"MolVec 0.9.8 (git b412dd0, Maven Central)",0.12395615130662918
uspto,USRE039991-20080101-C00390,O=C(Nc1ccc(Oc2ccccc2C(F)(F)F)cc1)c1nc(Br)ccc1O,,,,"MolVec 0.9.8 (git b412dd0, Maven Central)",0.12579796463251114
uspto,USRE039991-20080101-C00391,O=C(Nc1ccc(Oc2cccc(C(F)(F)F)c2)cc1)c1nc(Br)ccc1O,,,,"MolVec 0.9.8 (git b412dd0, Maven Central)",0.1347504872828722
uspto,USRE039991-20080101-C00392,O=C(Nc1ccc(Oc2ccc(C(F)(F)F)cc2)cc1)c1nc(Br)ccc1O,,,,"MolVec 0.9.8 (git b412dd0, Maven Central)",0.11671666614711285
uspto,USRE039991-20080101-C00393,N#Cc1ccc(Oc2cccc(NC(=O)c3nc(Br)ccc3O)c2)cc1,,,,"MolVec 0.9.8 (git b412dd0, Maven Central)",0.11630478128790855
uspto,USRE039991-20080101-C00394,COc1cc(Br)nc(C(=O)N[C@H]2COC(=O)[C@H](Cc3ccccc3)[C@@H](OC(=O)C3CCCCC3)[C@H](C)OC2=O)c1O,,,,"MolVec 0.9.8 (git b412dd0, Maven Central)",0.19849583879113197
uspto,USRE039991-20080101-C00395,CC1(C)CC(NC(=O)c2cnccc2O)CC(C)(C)C1,,,,"MolVec 0.9.8 (git b412dd0, Maven Central)",0.0654456838965416
uspto,USRE039991-20080101-C00396,CC(C)C(=O)O[C@H]1[C@H](C)OC(=O)[C@@H](NC(=O)c2cnccc2O)COC(=O)[C@@H]1Cc1ccccc1,,,,"MolVec 0.9.8 (git b412dd0, Maven Central)",0.15115361101925373
uspto,USRE039991-20080101-C00397,CC(C)(C)C1CCC(NC(=O)c2cnccc2O)CC1,,,,"MolVec 0.9.8 (git b412dd0, Maven Central)",0.08402604423463345
uspto,USRE039991-20080101-C00398,CC1(C)CC(NC(=O)c2ccncc2O)CC(C)(C)C1,,,,"MolVec 0.9.8 (git b412dd0, Maven Central)",0.06763213686645031
uspto,USRE039991-20080101-C00399,O=C(NCc1ccccc1)c1ccncc1O,,,,"MolVec 0.9.8 (git b412dd0, Maven Central)",0.05313302017748356
uspto,USRE039991-20080101-C00400,O=C(NCc1ccc(Cl)cc1)c1ccncc1O,,,,"MolVec 0.9.8 (git b412dd0, Maven Central)",0.07785414531826973
uspto,USRE039991-20080101-C00401,COc1ccc(C(C)NC(=O)c2ccncc2O)cc1,,,,"MolVec 0.9.8 (git b412dd0, Maven Central)",0.09264454431831837
uspto,USRE039991-20080101-C00402,CC(NC(=O)c1ccncc1O)c1ccc(Cl)cc1,,,,"MolVec 0.9.8 (git b412dd0, Maven Central)",0.08405919559299946
uspto,USRE039991-20080101-C00403,CC(NC(=O)c1ccncc1O)c1ccc(C(F)(F)F)cc1,,,,"MolVec 0.9.8 (git b412dd0, Maven Central)",0.07941802218556404
uspto,USRE039991-20080101-C00404,CC(NC(=O)c1ccncc1O)c1ccc(OC(F)(F)F)cc1,,,,"MolVec 0.9.8 (git b412dd0, Maven Central)",0.0785225760191679
uspto,USRE039991-20080101-C00405,CC(NC(=O)c1ccncc1O)c1ccc(Oc2ccccc2)cc1,,,,"MolVec 0.9.8 (git b412dd0, Maven Central)",0.07892281748354435
uspto,USRE039991-20080101-C00406,CC(C)C(=O)O[C@H]1[C@H](C)OC(=O)[C@@H](NC(=O)c2ccncc2O)COC(=O)[C@@H]1Cc1ccccc1,,,,"MolVec 0.9.8 (git b412dd0, Maven Central)",0.15395904891192913
uspto,USRE039991-20080101-C00407,CC(C)(C)CNC(=O)c1cccnc1O,,,,"MolVec 0.9.8 (git b412dd0, Maven Central)",0.05398951470851898
uspto,USRE039991-20080101-C00408,O=C(NC1CCCCC1)c1cccnc1O,,,,"MolVec 0.9.8 (git b412dd0, Maven Central)",0.05511853098869324
uspto,USRE039991-20080101-C00409,COc1cccc(CNC(=O)c2cccnc2O)c1OC,,,,"MolVec 0.9.8 (git b412dd0, Maven Central)",0.08735197596251965
uspto,USRE039991-20080101-C00410,O=C(NCc1ccc(Cl)c(Cl)c1)c1cccnc1O,,,,"MolVec 0.9.8 (git b412dd0, Maven Central)",0.07874986529350281
uspto,USRE039991-20080101-C00411,O=C(NCCc1ccc(Cl)cc1)c1cccnc1O,,,,"MolVec 0.9.8 (git b412dd0, Maven Central)",0.10062927938997746
uspto,USRE039991-20080101-C00412,O=C(NC(Cc1ccccc1)c1ccccc1)c1cccnc1O,,,,"MolVec 0.9.8 (git b412dd0, Maven Central)",0.061322737485170364
uspto,USRE039991-20080101-C00413,O=C(Nc1ccccc1Oc1ccccc1)c1cccnc1O,,,,"MolVec 0.9.8 (git b412dd0, Maven Central)",0.07078481838107109
uspto,USRE039991-20080101-C00414,O=C(Nc1cccc(Oc2ccccc2)c1)c1cccnc1O,,,,"MolVec 0.9.8 (git b412dd0, Maven Central)",0.08391819894313812
uspto,USRE039991-20080101-C00415,O=C(Nc1ccc(Oc2ccccc2)cc1)c1cccnc1O,,,,"MolVec 0.9.8 (git b412dd0, Maven Central)",0.08430789038538933
uspto,USRE039991-20080101-C00416,Cc1ccc(C(=O)NC2CC(C)(C)CC(C)(C)C2)c(O)n1,,,,"MolVec 0.9.8 (git b412dd0, Maven Central)",0.08360297232866287
uspto,USRE039991-20080101-C00417,Cc1ccc(C(=O)N[C@H]2COC(=O)[C@H](Cc3ccccc3)[C@@H](OC(=O)C(C)C)[C@H](C)OC2=O)c(O)n1,,,,"MolVec 0.9.8 (git b412dd0, Maven Central)",0.15455483831465244
uspto,USRE039991-20080101-C00418,CC1(C)CC(NC(=O)c2cc(O)cnc2O)CC(C)(C)C1,,,,"MolVec 0.9.8 (git b412dd0, Maven Central)",0.07923338375985622
uspto,USRE039991-20080101-C00419,CC(C)C(=O)O[C@H]1[C@H](C)OC(=O)[C@@H](NC(=O)c2cc(O)cnc2O)COC(=O)[C@@H]1Cc1ccccc1,,,,"MolVec 0.9.8 (git b412dd0, Maven Central)",0.16579024493694305
uspto,USRE039991-20080101-C00420,Cc1cc(C)c(C(=O)NC2CC(C)(C)CC(C)(C)C2)c(O)n1,,,,"MolVec 0.9.8 (git b412dd0, Maven Central)",0.06755667552351952
uspto,USRE039991-20080101-C00421,Cc1cc(C)c(C(=O)N[C@H]2COC(=O)[C@H](Cc3ccccc3)[C@@H](OC(=O)C(C)C)[C@H](C)OC2=O)c(O)n1,,,,"MolVec 0.9.8 (git b412dd0, Maven Central)",0.16255131177604198
uspto,USRE039991-20080101-C00422,Cc1nc(O)c(C(=O)NC2CC(C)(C)CC(C)(C)C2)cc1Cl,,,,"MolVec 0.9.8 (git b412dd0, Maven Central)",0.0824383869767189
uspto,USRE039991-20080101-C00423,Cc1nc(O)c(C(=O)N[C@H]2COC(=O)[C@H](Cc3ccccc3)[C@@H](OC(=O)C(C)C)[C@H](C)OC2=O)cc1Cl,,,,"MolVec 0.9.8 (git b412dd0, Maven Central)",0.18016266077756882
uspto,USRE039991-20080101-C00424,CC(C)C(=O)O[C@H]1[C@H](C)OC(=O)[C@@H](NC(=O)c2nnccc2O)COC(=O)[C@@H]1Cc1ccccc1,,,,"MolVec 0.9.8 (git b412dd0, Maven Central)",0.14637136831879616
uspto,USRE039991-20080101-C00425,CC1(C)CC(NC(=O)c2nccnc2O)CC(C)(C)C1,,,,"MolVec 0.9.8 (git b412dd0, Maven Central)",0.08952987939119339
uspto,USRE039991-20080101-C00426,CC(C)C(=O)O[C@H]1[C@H](C)OC(=O)[C@@H](NC(=O)c2nccnc2O)COC(=O)[C@@H]1Cc1ccccc1,,,,"MolVec 0.9.8 (git b412dd0, Maven Central)",0.1477525234222412
uspto,USRE039991-20080101-C00427,O=C(Nc1ccc(Oc2cccc(C(F)(F)F)c2)cc1)c1nccnc1O,,,,"MolVec 0.9.8 (git b412dd0, Maven Central)",0.11778194084763527
uspto,USRE039991-20080101-C00428,Cc1cc(C(=O)N[C@H]2COC(=O)[C@H](Cc3ccccc3)[C@@H](OC(=O)C(C)C)[C@H](C)OC2=O)c(O)nc1C,,,,"MolVec 0.9.8 (git b412dd0, Maven Central)",0.16693689860403538
uspto,USRE039991-20080101-C00429,COc1nc(O)c(C(=O)N[C@H]2COC(=O)[C@H](Cc3ccccc3)[C@@H](OC(=O)C(C)C)[C@H](C)OC2=O)nc1Cl,,,,"MolVec 0.9.8 (git b412dd0, Maven Central)",0.17081612721085548
uspto,USRE039991-20080101-C00430,CC(C)C(=O)O[C@H]1[C@H](C)OC(=O)[C@@H](NC(=O)c2nc(Cl)c(Cl)nc2O)COC(=O)[C@@H]1Cc1ccccc1,,,,"MolVec 0.9.8 (git b412dd0, Maven Central)",0.17873681522905827
uspto,USRE039991-20080101-C00431,CC1(C)CC(NC(=O)c2cncnc2O)CC(C)(C)C1,,,,"MolVec 0.9.8 (git b412dd0, Maven Central)",0.08333185128867626
uspto,USRE039991-20080101-C00432,CC(C)C(=O)O[C@H]1[C@H](C)OC(=O)[C@@H](NC(=O)c2cncnc2O)COC(=O)[C@@H]1Cc1ccccc1,,,,"MolVec 0.9.8 (git b412dd0, Maven Central)",0.15564279444515705
uspto,USRE039991-20080101-C00433,Cc1ncc(C(=O)NC2CC(C)(C)CC(C)(C)C2)c(O)n1,,,,"MolVec 0.9.8 (git b412dd0, Maven Central)",0.07084434106945992
uspto,USRE039991-20080101-C00434,Cc1ncc(C(=O)N[C@H]2COC(=O)[C@H](Cc3ccccc3)[C@@H](OC(=O)C(C)C)[C@H](C)OC2=O)c(O)n1,,,,"MolVec 0.9.8 (git b412dd0, Maven Central)",0.15876387432217598
uspto,USRE039991-20080101-C00435,CC1(C)CC(NC(=O)c2nnc(O)nc2O)CC(C)(C)C1,,,,"MolVec 0.9.8 (git b412dd0, Maven Central)",0.09870248474180698
uspto,USRE039991-20080101-C00436,CC(C)C(=O)O[C@H]1[C@H](C)OC(=O)[C@@H](NC(=O)c2nnc(O)nc2O)COC(=O)[C@@H]1Cc1ccccc1,,,,"MolVec 0.9.8 (git b412dd0, Maven Central)",0.17670311219990253
uspto,USRE039991-20080101-C00437,CSc1nnc(C(=O)NC2CC(C)(C)CC(C)(C)C2)c(O)n1,,,,"MolVec 0.9.8 (git b412dd0, Maven Central)",0.09852223843336105
uspto,USRE039991-20080101-C00438,CSc1nnc(C(=O)NC2CCCCCCC2)c(O)n1,,,,"MolVec 0.9.8 (git b412dd0, Maven Central)",0.08090224862098694
uspto,USRE039991-20080101-C00439,CSc1nnc(C(=O)N[C@H]2COC(=O)[C@H](Cc3ccccc3)[C@@H](OC(=O)C(C)C)[C@H](C)OC2=O)c(O)n1,,,,"MolVec 0.9.8 (git b412dd0, Maven Central)",0.19555673748254776
uspto,USRE039991-20080101-C00440,CSc1nnc(C(=O)Nc2ccc(Oc3cccc(C(F)(F)F)c3)cc2)c(O)n1,,,,"MolVec 0.9.8 (git b412dd0, Maven Central)",0.14061610959470272
uspto,USRE039991-20080101-C00441,CC1(C)CC(NC(=O)c2nscc2O)CC(C)(C)C1,,,,"MolVec 0.9.8 (git b412dd0, Maven Central)",0.12971262820065022
uspto,USRE039991-20080101-C00442,CC(C)C(=O)O[C@H]1[C@H](C)OC(=O)[C@@H](NC(=O)c2nscc2O)COC(=O)[C@@H]1Cc1ccccc1,,,,"MolVec 0.9.8 (git b412dd0, Maven Central)",0.22567053698003292
uspto,USRE039991-20080101-C00443,O=C(Nc1ccc(Oc2cccc(C(F)(F)F)c2)cc1)c1nscc1O,,,,"MolVec 0.9.8 (git b412dd0, Maven Central)",0.18088371120393276
uspto,USRE039991-20080101-C00444,CC1(C)CC(NC(=O)c2nsnc2O)CC(C)(C)C1,,,,"MolVec 0.9.8 (git b412dd0, Maven Central)",0.129720076918602
uspto,USRE039991-20080101-C00445,CC(C)C(=O)O[C@H]1[C@H](C)OC(=O)[C@@H](NC(=O)c2nsnc2O)COC(=O)[C@@H]1Cc1ccccc1,,,,"MolVec 0.9.8 (git b412dd0, Maven Central)",0.20830980315804482
uspto,USRE039991-20080101-C00447,O=C(Nc1ccc(Oc2cccc(C(F)(F)F)c2)cc1)c1cscc1O,,,,"MolVec 0.9.8 (git b412dd0, Maven Central)",0.15458435751497746
uspto,USRE039991-20080101-C00448,CC(C)C(=O)O[C@H]1[C@H](C)OC(=O)[C@@H](NC(=O)c2cnn(C)c2O)COC(=O)[C@@H]1Cc1ccccc1,,,,"MolVec 0.9.8 (git b412dd0, Maven Central)",0.15671335346996784
uspto,USRE039991-20080101-C00449,Cn1cc(C(=O)NC2CC(C)(C)CC(C)(C)C2)c(O)n1,,,,"MolVec 0.9.8 (git b412dd0, Maven Central)",0.10559938289225101
uspto,USRE039991-20080101-C00450,CC(C)C(=O)O[C@H]1[C@H](C)OC(=O)[C@@H](NC(=O)c2cn(C)nc2O)COC(=O)[C@@H]1Cc1ccccc1,,,,"MolVec 0.9.8 (git b412dd0, Maven Central)",0.20243674516677856
uspto,USRE039991-20080101-C00451,CC1(C)CC(NC(=O)c2cn(-c3ccccc3)nc2O)CC(C)(C)C1,,,,"MolVec 0.9.8 (git b412dd0, Maven Central)",0.12071995064616203
uspto,USRE039991-20080101-C00452,CC1(C)CC(NC(=O)c2conc2O)CC(C)(C)C1,,,,"MolVec 0.9.8 (git b412dd0, Maven Central)",0.09006544575095177
uspto,USRE039991-20080101-C00453,CC(C)C(=O)O[C@H]1[C@H](C)OC(=O)[C@@H](NC(=O)c2conc2O)COC(=O)[C@@H]1Cc1ccccc1,,,,"MolVec 0.9.8 (git b412dd0, Maven Central)",0.196064792573452
uspto,USRE039991-20080101-C00454,CC(C)C(=O)O[C@H]1[C@H](C)OC(=O)[C@@H](NC(=O)c2nc3ccccc3cc2O)COC(=O)[C@@H]1Cc1ccccc1,,,,"MolVec 0.9.8 (git b412dd0, Maven Central)",0.18245992809534073
uspto,USRE039991-20080101-C00455,CC1(C)CC(NC(=O)c2nc3ccccc3cc2O)CC(C)(C)C1,,,,"MolVec 0.9.8 (git b412dd0, Maven Central)",0.09084586799144745
uspto,USRE039991-20080101-C00456,CC(=O)Oc1cccnc1C(=O)NC1CCC(OC(C)=O)CC1,,,,"MolVec 0.9.8 (git b412dd0, Maven Central)",0.11924249492585659
uspto,USRE039991-20080101-C00458,O=C(Oc1cccnc1C(=O)NC1CCC(O)CC1)c1ccccc1,,,,"MolVec 0.9.8 (git b412dd0, Maven Central)",0.10624955967068672
uspto,USRE039991-20080101-C00460,CC(=O)Oc1cccnc1C(=O)N[C@H]1COC(=O)[C@H](Cc2ccccc2)[C@@H](OC(=O)C(C)C)[C@H](C)OC1=O,,,,"MolVec 0.9.8 (git b412dd0, Maven Central)",0.1846283506602049
uspto,USRE039991-20080101-C00461,COCCC(=O)Oc1cccnc1C(=O)N[C@H]1COC(=O)[C@H](Cc2ccccc2)[C@@H](OC(=O)C(C)C)[C@H](C)OC1=O,,,,"MolVec 0.9.8 (git b412dd0, Maven Central)",0.23195517621934414
uspto,USRE039991-20080101-C00463,Cc1ccnc(C(=O)NC2CC(C)(C)CC(C)(C)C2)c1OC(=O)C(C)C,,,,"MolVec 0.9.8 (git b412dd0, Maven Central)",0.11862315982580185
uspto,USRE039991-20080101-C00464,Cc1ccnc(C(=O)N[C@H]2COC(=O)[C@H](Cc3ccccc3)[C@@H](OC(=O)C(C)C)[C@H](C)OC2=O)c1OC(=O)C(C)C,,,,"MolVec 0.9.8 (git b412dd0, Maven Central)",0.2032568547874689
uspto,USRE039991-20080101-C00465,COc1ccnc(C(=O)NC2CC(C)(C)CC(C)(C3CC3)C2)c1OC(C)=O,,,,"MolVec 0.9.8 (git b412dd0, Maven Central)",0.15426953323185444
uspto,USRE039991-20080101-C00466,COc1ccnc(C(=O)NC2CC(C)(C)CC(C)(C#N)C2)c1OC(C)=O,,,,"MolVec 0.9.8 (git b412dd0, Maven Central)",0.14091340824961662
uspto,USRE039991-20080101-C00467,COc1ccnc(C(=O)NC2CC(C)(C)C(=O)C(C)(C)C2)c1OC(C)=O,,,,"MolVec 0.9.8 (git b412dd0, Maven Central)",0.1479990929365158
uspto,USRE039991-20080101-C00470,COc1ccnc(C(=O)N[C@H]2CC(C)(C)C=C[C@@H](C)[C@@H]2C)c1OC(C)=O,,,,"MolVec 0.9.8 (git b412dd0, Maven Central)",0.11850455217063427
uspto,USRE039991-20080101-C00471,COc1ccnc(C(=O)NC2CC(C)(C)C=CC=C2C)c1OC(C)=O,,,,"MolVec 0.9.8 (git b412dd0, Maven Central)",0.11955354735255241
uspto,USRE039991-20080101-C00472,COc1ccnc(C(=O)NC2CC(C)(C)/C=C\CC(C)(C)C2)c1OC(C)=O,,,,"MolVec 0.9.8 (git b412dd0, Maven Central)",0.1300734207034111
uspto,USRE039991-20080101-C00473,COC(=O)C(COC(=O)C(C)c1ccccc1)NC(=O)c1nccc(OC)c1OC(C)=O,,,,"MolVec 0.9.8 (git b412dd0, Maven Central)",0.1491991002112627
uspto,USRE039991-20080101-C00474,COCCC(=O)Oc1c(OC)ccnc1C(=O)NC(COC(=O)C(C)c1ccccc1)C(=O)OC,,,,"MolVec 0.9.8 (git b412dd0, Maven Central)",0.1571322549134493
uspto,USRE039991-20080101-C00475,COC(=O)C(COC(=O)CCc1ccccc1)NC(=O)c1nccc(OC)c1OC(C)=O,,,,"MolVec 0.9.8 (git b412dd0, Maven Central)",0.1454308796674013
uspto,USRE039991-20080101-C00476,COCCC(=O)Oc1c(OC)ccnc1C(=O)NC(COC(=O)CCc1ccccc1)C(=O)OC,,,,"MolVec 0.9.8 (git b412dd0, Maven Central)",0.16380378417670727
uspto,USRE039991-20080101-C00477,COC(=O)C(COC(=O)COCc1ccccc1)NC(=O)c1nccc(OC)c1OC(C)=O,,,,"MolVec 0.9.8 (git b412dd0, Maven Central)",0.16520658880472183
uspto,USRE039991-20080101-C00478,COC(=O)C(COC(=O)CC(C)OC(=O)C(C)C)NC(=O)c1nccc(OC)c1OC(C)=O,,,,"MolVec 0.9.8 (git b412dd0, Maven Central)",0.1789521798491478
uspto,USRE039991-20080101-C00479,COC(=O)C(COC(=O)C(COC(=O)C(C)C)Cc1ccccc1)NC(=O)c1nccc(OC)c1OC(C)=O,,,,"MolVec 0.9.8 (git b412dd0, Maven Central)",0.1899762712419033
uspto,USRE039991-20080101-C00480,COc1ccnc(C(=O)NC(COC(=O)C(C)Cc2ccccc2)C(=O)OC(C)C)c1OC(C)=O,,,,"MolVec 0.9.8 (git b412dd0, Maven Central)",0.17905057594180107
uspto,USRE039991-20080101-C00481,COc1ccnc(C(=O)NC(COC(=O)C(Cc2ccccc2)C(C)OC(=O)C(C)C)C(=O)OC(C)C)c1OC(C)=O,,,,"MolVec 0.9.8 (git b412dd0, Maven Central)",0.18995064869523048
uspto,USRE039991-20080101-C00482,COc1ccnc(C(=O)NC(COC(=O)CCc2ccccc2)C(=O)OC(C)COC(=O)C(C)C)c1OC(C)=O,,,,"MolVec 0.9.8 (git b412dd0, Maven Central)",0.20043065212666988
uspto,USRE039991-20080101-C00483,COc1ccnc(C(=O)N[C@@H]2O[C@H](COC(C)=O)[C@H](OC(C)=O)[C@H](OC(C)=O)[C@H]2CC(C)=O)c1OC(C)=O,,,,"MolVec 0.9.8 (git b412dd0, Maven Central)",0.19017168693244457
uspto,USRE039991-20080101-C00484,COc1ccnc(C(=O)N[C@@H]2OC[C@@H](OCc3ccccc3)[C@H](OCc3ccccc3)[C@H]2OCc2ccccc2)c1OC(C)=O,,,,"MolVec 0.9.8 (git b412dd0, Maven Central)",0.15885914117097855
uspto,USRE039991-20080101-C00487,C=C1COC(=O)[C@@H](NC(=O)c2nccc(OC)c2OC(C)=O)COC(=O)C1,,,,"MolVec 0.9.8 (git b412dd0, Maven Central)",0.14081206358969212
uspto,USRE039991-20080101-C00488,COc1ccnc(C(=O)N[C@H]2COC(=O)[C@H](Cc3ccccc3)[C@@H](OC(C)=O)[C@H](C)OC2=O)c1OC(C)=O,,,,"MolVec 0.9.8 (git b412dd0, Maven Central)",0.19324296340346336
uspto,USRE039991-20080101-C00489,CCC(=O)Oc1c(OC)ccnc1C(=O)N[C@H]1COC(=O)[C@H](Cc2ccccc2)[C@@H](OC(=O)C(C)C)[C@H](C)OC1=O,,,,"MolVec 0.9.8 (git b412dd0, Maven Central)",0.1879291608929634
uspto,USRE039991-20080101-C00490,CCCC(=O)Oc1c(OC)ccnc1C(=O)N[C@H]1COC(=O)[C@H](Cc2ccccc2)[C@@H](OC(=O)C(C)C)[C@H](C)OC1=O,,,,"MolVec 0.9.8 (git b412dd0, Maven Central)",0.2075560949742794
uspto,USRE039991-20080101-C00491,C/C=C/C(=O)Oc1c(OC)ccnc1C(=O)N[C@H]1COC(=O)[C@H](Cc2ccccc2)[C@@H](OC(=O)C(C)C)[C@H](C)OC1=O,,,,"MolVec 0.9.8 (git b412dd0, Maven Central)",0.21339529752731323
uspto,USRE039991-20080101-C00492,COc1ccnc(C(=O)N[C@H]2COC(=O)[C@H](Cc3ccccc3)[C@@H](OC(=O)C(C)C)[C@H](C)OC2=O)c1OC(=O)C1CC1,,,,"MolVec 0.9.8 (git b412dd0, Maven Central)",0.21681645885109901
uspto,USRE039991-20080101-C00493,COc1ccnc(C(=O)N[C@H]2COC(=O)[C@H](Cc3ccccc3)[C@@H](OC(=O)C(C)C)[C@H](C)OC2=O)c1OC(=O)C(C)C,,,,"MolVec 0.9.8 (git b412dd0, Maven Central)",0.21480263955891132
uspto,USRE039991-20080101-C00494,C=CCCC(=O)Oc1c(OC)ccnc1C(=O)N[C@H]1COC(=O)[C@H](Cc2ccccc2)[C@@H](OC(=O)C(C)C)[C@H](C)OC1=O,,,,"MolVec 0.9.8 (git b412dd0, Maven Central)",0.2094449196010828
uspto,USRE039991-20080101-C00495,COc1ccnc(C(=O)N[C@H]2COC(=O)[C@H](Cc3ccccc3)[C@@H](OC(=O)C(C)C)[C@H](C)OC2=O)c1OC(=O)C1CCC1,,,,"MolVec 0.9.8 (git b412dd0, Maven Central)",0.2169102244079113
uspto,USRE039991-20080101-C00496,COc1ccnc(C(=O)N[C@H]2COC(=O)[C@H](Cc3ccccc3)[C@@H](OC(=O)C(C)C)[C@H](C)OC2=O)c1OC(=O)C(C)(C)C,,,,"MolVec 0.9.8 (git b412dd0, Maven Central)",0.23104377463459969
uspto,USRE039991-20080101-C00497,COc1ccnc(C(=O)N[C@H]2COC(=O)[C@H](Cc3ccccc3)[C@@H](OC(=O)C(C)C)[C@H](C)OC2=O)c1OC(=O)CC(C)C,,,,"MolVec 0.9.8 (git b412dd0, Maven Central)",0.22307126969099045
uspto,USRE039991-20080101-C00498,COc1ccnc(C(=O)N[C@H]2COC(=O)[C@H](Cc3ccccc3)[C@@H](OC(=O)C(C)C)[C@H](C)OC2=O)c1OC(=O)C=C(C)C,,,,"MolVec 0.9.8 (git b412dd0, Maven Central)",0.21322744712233543
uspto,USRE039991-20080101-C00499,CCCC(C)C(=O)Oc1c(OC)ccnc1C(=O)N[C@H]1COC(=O)[C@H](Cc2ccccc2)[C@@H](OC(=O)C(C)C)[C@H](C)OC1=O,,,,"MolVec 0.9.8 (git b412dd0, Maven Central)",0.21524105966091156
uspto,USRE039991-20080101-C00500,CCC(CC)C(=O)Oc1c(OC)ccnc1C(=O)N[C@H]1COC(=O)[C@H](Cc2ccccc2)[C@@H](OC(=O)C(C)C)[C@H](C)OC1=O,,,,"MolVec 0.9.8 (git b412dd0, Maven Central)",0.2098168469965458
uspto,USRE039991-20080101-C00502,COc1ccnc(C(=O)N[C@H]2COC(=O)[C@H](Cc3ccccc3)[C@@H](OC(=O)C(C)C)[C@H](C)OC2=O)c1OC(=O)C1CCCC1,,,,"MolVec 0.9.8 (git b412dd0, Maven Central)",0.2313438095152378
uspto,USRE039991-20080101-C00503,COc1ccnc(C(=O)N[C@H]2COC(=O)[C@H](Cc3ccccc3)[C@@H](OC(=O)C(C)C)[C@H](C)OC2=O)c1OC(=O)C1CCCCC1,,,,"MolVec 0.9.8 (git b412dd0, Maven Central)",0.24878458864986897
uspto,USRE039991-20080101-C00504,CCCCCCC(=O)Oc1c(OC)ccnc1C(=O)N[C@H]1COC(=O)[C@H](Cc2ccccc2)[C@@H](OC(=O)C(C)C)[C@H](C)OC1=O,,,,"MolVec 0.9.8 (git b412dd0, Maven Central)",0.190087066963315
uspto,USRE039991-20080101-C00505,CCCCC(CC)C(=O)Oc1c(OC)ccnc1C(=O)N[C@H]1COC(=O)[C@H](Cc2ccccc2)[C@@H](OC(=O)C(C)C)[C@H](C)OC1=O,,,,"MolVec 0.9.8 (git b412dd0, Maven Central)",0.21194060519337654
uspto,USRE039991-20080101-C00506,COc1ccnc(C(=O)N[C@H]2COC(=O)[C@H](Cc3ccccc3)[C@@H](OC(=O)C(C)C)[C@H](C)OC2=O)c1OC(=O)CCC1CCCC1,,,,"MolVec 0.9.8 (git b412dd0, Maven Central)",0.23846773616969585
uspto,USRE039991-20080101-C00507,CCCCCCCCC(=O)Oc1c(OC)ccnc1C(=O)N[C@H]1COC(=O)[C@H](Cc2ccccc2)[C@@H](OC(=O)C(C)C)[C@H](C)OC1=O,,,,"MolVec 0.9.8 (git b412dd0, Maven Central)",0.2100459411740303
uspto,USRE039991-20080101-C00508,COc1ccnc(C(=O)N[C@H]2COC(=O)[C@H](Cc3ccccc3)[C@@H](OC(=O)C(C)C)[C@H](C)OC2=O)c1OC(=O)CC(C)CC(C)(C)C,,,,"MolVec 0.9.8 (git b412dd0, Maven Central)",0.22042402811348438
uspto,USRE039991-20080101-C00509,CCCCCCCCCCC(=O)Oc1c(OC)ccnc1C(=O)N[C@H]1COC(=O)[C@H](Cc2ccccc2)[C@@H](OC(=O)C(C)C)[C@H](C)OC1=O,,,,"MolVec 0.9.8 (git b412dd0, Maven Central)",0.20614067278802395
uspto,USRE039991-20080101-C00510,C=CCCCCCCCCC(=O)Oc1c(OC)ccnc1C(=O)N[C@H]1COC(=O)[C@H](Cc2ccccc2)[C@@H](OC(=O)C(C)C)[C@H](C)OC1=O,,,,"MolVec 0.9.8 (git b412dd0, Maven Central)",0.20168144442141056
uspto,USRE039991-20080101-C00511,COc1ccnc(C(=O)N[C@H]2COC(=O)[C@H](Cc3ccccc3)[C@@H](OC(=O)C(C)C)[C@H](C)OC2=O)c1OC(=O)CCCl,,,,"MolVec 0.9.8 (git b412dd0, Maven Central)",0.20568709447979927
uspto,USRE039991-20080101-C00512,COc1ccnc(C(=O)N[C@H]2COC(=O)[C@H](Cc3ccccc3)[C@@H](OC(=O)C(C)C)[C@H](C)OC2=O)c1OC(=O)C(C)(C)CCl,,,,"MolVec 0.9.8 (git b412dd0, Maven Central)",0.2161275167018175
uspto,USRE039991-20080101-C00513,COc1ccnc(C(=O)N[C@H]2COC(=O)[C@H](Cc3ccccc3)[C@@H](OC(=O)C(C)C)[C@H](C)OC2=O)c1OC(=O)CCCCl,,,,"MolVec 0.9.8 (git b412dd0, Maven Central)",0.19574305601418018
uspto,USRE039991-20080101-C00514,COc1ccnc(C(=O)N[C@H]2COC(=O)[C@H](Cc3ccccc3)[C@@H](OC(=O)C(C)C)[C@H](C)OC2=O)c1OC(=O)C(Cl)=C(Cl)Cl,,,,"MolVec 0.9.8 (git b412dd0, Maven Central)",0.22364997677505016
uspto,USRE039991-20080101-C00515,COc1ccnc(C(=O)N[C@H]2COC(=O)[C@H](Cc3ccccc3)[C@@H](OC(=O)C(C)C)[C@H](C)OC2=O)c1OC(=O)C(C)Br,,,,"MolVec 0.9.8 (git b412dd0, Maven Central)",0.2299972977489233
uspto,USRE039991-20080101-C00516,COc1ccnc(C(=O)N[C@H]2COC(=O)[C@H](Cc3ccccc3)[C@@H](OC(=O)C(C)C)[C@H](C)OC2=O)c1OC(=O)CCCBr,,,,"MolVec 0.9.8 (git b412dd0, Maven Central)",0.19346973858773708
uspto,USRE039991-20080101-C00517,COc1ccnc(C(=O)N[C@H]2COC(=O)[C@H](Cc3ccccc3)[C@@H](OC(=O)C(C)C)[C@H](C)OC2=O)c1OC(=O)CCCCCBr,,,,"MolVec 0.9.8 (git b412dd0, Maven Central)",0.23313117772340775
uspto,USRE039991-20080101-C00518,COc1ccnc(C(=O)N[C@H]2COC(=O)[C@H](Cc3ccccc3)[C@@H](OC(=O)C(C)C)[C@H](C)OC2=O)c1OC(=O)c1ccccc1C,,,,"MolVec 0.9.8 (git b412dd0, Maven Central)",0.23672729544341564
uspto,USRE039991-20080101-C00519,COc1ccnc(C(=O)N[C@H]2COC(=O)[C@H](Cc3ccccc3)[C@@H](OC(=O)C(C)C)[C@H](C)OC2=O)c1OC(=O)c1cccc(C)c1,,,,"MolVec 0.9.8 (git b412dd0, Maven Central)",0.23415271751582623
uspto,USRE039991-20080101-C00520,COc1ccnc(C(=O)N[C@H]2COC(=O)[C@H](Cc3ccccc3)[C@@H](OC(=O)C(C)C)[C@H](C)OC2=O)c1OC(=O)c1ccc(C)cc1,,,,"MolVec 0.9.8 (git b412dd0, Maven Central)",0.2637874837964773
uspto,USRE039991-20080101-C00521,CCCc1ccc(C(=O)Oc2c(OC)ccnc2C(=O)N[C@H]2COC(=O)[C@H](Cc3ccccc3)[C@@H](OC(=O)C(C)C)[C@H](C)OC2=O)cc1,,,,"MolVec 0.9.8 (git b412dd0, Maven Central)",0.2532007582485676
uspto,USRE039991-20080101-C00522,COc1ccnc(C(=O)N[C@H]2COC(=O)[C@H](Cc3ccccc3)[C@@H](OC(=O)C(C)C)[C@H](C)OC2=O)c1OC(=O)c1cccc(C)c1C,,,,"MolVec 0.9.8 (git b412dd0, Maven Central)",0.2493088971823454
uspto,USRE039991-20080101-C00523,COc1ccnc(C(=O)N[C@H]2COC(=O)[C@H](Cc3ccccc3)[C@@H](OC(=O)C(C)C)[C@H](C)OC2=O)c1OC(=O)c1c(C)cc(C)cc1C,,,,"MolVec 0.9.8 (git b412dd0, Maven Central)",0.26729483157396317
uspto,USRE039991-20080101-C00524,COc1ccc(C(=O)Oc2c(OC)ccnc2C(=O)N[C@H]2COC(=O)[C@H](Cc3ccccc3)[C@@H](OC(=O)C(C)C)[C@H](C)OC2=O)cc1,,,,"MolVec 0.9.8 (git b412dd0, Maven Central)",0.2602333799004555
uspto,USRE039991-20080101-C00525,COc1ccnc(C(=O)N[C@H]2COC(=O)[C@H](Cc3ccccc3)[C@@H](OC(=O)C(C)C)[C@H](C)OC2=O)c1OC(=O)c1ccc(OC(Cl)(Cl)Cl)cc1,,,,"MolVec 0.9.8 (git b412dd0, Maven Central)",0.26473763585090637
uspto,USRE039991-20080101-C00526,COc1ccnc(C(=O)N[C@H]2COC(=O)[C@H](Cc3ccccc3)[C@@H](OC(=O)C(C)C)[C@H](C)OC2=O)c1OC(=O)c1ccccc1F,,,,"MolVec 0.9.8 (git b412dd0, Maven Central)",0.24226283468306065
uspto,USRE039991-20080101-C00527,COc1ccnc(C(=O)N[C@H]2COC(=O)[C@H](Cc3ccccc3)[C@@H](OC(=O)C(C)C)[C@H](C)OC2=O)c1OC(=O)c1ccc(F)cc1,,,,"MolVec 0.9.8 (git b412dd0, Maven Central)",0.25759120285511017
uspto,USRE039991-20080101-C00528,COc1ccnc(C(=O)N[C@H]2COC(=O)[C@H](Cc3ccccc3)[C@@H](OC(=O)C(C)C)[C@H](C)OC2=O)c1OC(=O)c1ccc(F)cc1F,,,,"MolVec 0.9.8 (git b412dd0, Maven Central)",0.2682537864893675
uspto,USRE039991-20080101-C00529,COc1ccnc(C(=O)N[C@H]2COC(=O)[C@H](Cc3ccccc3)[C@@H](OC(=O)C(C)C)[C@H](C)OC2=O)c1OC(=O)c1ccc(F)c(F)c1,,,,"MolVec 0.9.8 (git b412dd0, Maven Central)",0.2644124887883663
uspto,USRE039991-20080101-C00530,COc1ccnc(C(=O)N[C@H]2COC(=O)[C@H](Cc3ccccc3)[C@@H](OC(=O)C(C)C)[C@H](C)OC2=O)c1OC(=O)c1cccc(C(F)(F)F)c1,,,,"MolVec 0.9.8 (git b412dd0, Maven Central)",0.24418878555297852
uspto,USRE039991-20080101-C00531,COc1ccnc(C(=O)N[C@H]2COC(=O)[C@H](Cc3ccccc3)[C@@H](OC(=O)C(C)C)[C@H](C)OC2=O)c1OC(=O)c1ccc(F)cc1C(F)(F)F,,,,"MolVec 0.9.8 (git b412dd0, Maven Central)",0.27863181196153164
uspto,USRE039991-20080101-C00532,COc1ccnc(C(=O)N[C@H]2COC(=O)[C@H](Cc3ccccc3)[C@@H](OC(=O)C(C)C)[C@H](C)OC2=O)c1OC(=O)c1c(F)c(F)c(F)c(F)c1F,,,,"MolVec 0.9.8 (git b412dd0, Maven Central)",0.2680542878806591
uspto,USRE039991-20080101-C00533,COc1ccnc(C(=O)N[C@H]2COC(=O)[C@H](Cc3ccccc3)[C@@H](OC(=O)C(C)C)[C@H](C)OC2=O)c1OC(=O)c1ccc(Cl)cc1Cl,,,,"MolVec 0.9.8 (git b412dd0, Maven Central)",0.2809106111526489
uspto,USRE039991-20080101-C00534,COc1ccnc(C(=O)N[C@H]2COC(=O)[C@H](Cc3ccccc3)[C@@H](OC(=O)C(C)C)[C@H](C)OC2=O)c1OC(=O)c1ccc(Cl)c(Cl)c1,,,,"MolVec 0.9.8 (git b412dd0, Maven Central)",0.2593301013112068
uspto,USRE039991-20080101-C00535,COc1ccnc(C(=O)N[C@H]2COC(=O)[C@H](Cc3ccccc3)[C@@H](OC(=O)C(C)C)[C@H](C)OC2=O)c1OC(=O)c1c(Cl)cccc1Cl,,,,"MolVec 0.9.8 (git b412dd0, Maven Central)",0.24059496819972992
uspto,USRE039991-20080101-C00536,COc1ccnc(C(=O)N[C@H]2COC(=O)[C@H](Cc3ccccc3)[C@@H](OC(=O)C(C)C)[C@H](C)OC2=O)c1OC(=O)c1c(Cl)cc(Cl)cc1Cl,,,,"MolVec 0.9.8 (git b412dd0, Maven Central)",0.27429573982954025
uspto,USRE039991-20080101-C00537,COc1ccnc(C(=O)N[C@H]2COC(=O)[C@H](Cc3ccccc3)[C@@H](OC(=O)C(C)C)[C@H](C)OC2=O)c1OC(=O)c1ccccc1Br,,,,"MolVec 0.9.8 (git b412dd0, Maven Central)",0.23984992317855358
uspto,USRE039991-20080101-C00538,COc1ccnc(C(=O)N[C@H]2COC(=O)[C@H](Cc3ccccc3)[C@@H](OC(=O)C(C)C)[C@H](C)OC2=O)c1OC(=O)Cc1ccccc1,,,,"MolVec 0.9.8 (git b412dd0, Maven Central)",0.19735941849648952
uspto,USRE039991-20080101-C00539,COc1ccnc(C(=O)N[C@H]2COC(=O)[C@H](Cc3ccccc3)[C@@H](OC(=O)C(C)C)[C@H](C)OC2=O)c1OC(=O)C(Cl)c1ccccc1,,,,"MolVec 0.9.8 (git b412dd0, Maven Central)",0.23481175117194653
uspto,USRE039991-20080101-C00540,COc1ccnc(C(=O)N[C@H]2COC(=O)[C@H](Cc3ccccc3)[C@@H](OC(=O)C(C)C)[C@H](C)OC2=O)c1OC(=O)CCc1ccccc1,,,,"MolVec 0.9.8 (git b412dd0, Maven Central)",0.22472610510885715
uspto,USRE039991-20080101-C00541,COc1ccnc(C(=O)N[C@H]2COC(=O)[C@H](Cc3ccccc3)[C@@H](OC(=O)C(C)C)[C@H](C)OC2=O)c1OC(=O)/C=C/c1ccccc1,,,,"MolVec 0.9.8 (git b412dd0, Maven Central)",0.23033041507005692
uspto,USRE039991-20080101-C00542,CCC(C(=O)Oc1c(OC)ccnc1C(=O)N[C@H]1COC(=O)[C@H](Cc2ccccc2)[C@@H](OC(=O)C(C)C)[C@H](C)OC1=O)c1ccccc1,,,,"MolVec 0.9.8 (git b412dd0, Maven Central)",0.2145015150308609
uspto,USRE039991-20080101-C00543,COCC(=O)Oc1c(OC)ccnc1C(=O)N[C@H]1COC(=O)[C@H](Cc2ccccc2)[C@@H](OC(=O)C(C)C)[C@H](C)OC1=O,,,,"MolVec 0.9.8 (git b412dd0, Maven Central)",0.19599438644945621
uspto,USRE039991-20080101-C00544,COc1ccnc(C(=O)N[C@H]2COC(=O)[C@H](Cc3ccccc3)[C@@H](OC(=O)C(C)C)[C@H](C)OC2=O)c1OC(=O)COc1ccccc1,,,,"MolVec 0.9.8 (git b412dd0, Maven Central)",0.21184621006250381
uspto,USRE039991-20080101-C00545,COc1ccnc(C(=O)N[C@H]2COC(=O)[C@H](Cc3ccccc3)[C@@H](OC(=O)C(C)C)[C@H](C)OC2=O)c1OC(=O)CSc1ccccc1,,,,"MolVec 0.9.8 (git b412dd0, Maven Central)",0.2030082643032074
uspto,USRE039991-20080101-C00546,COc1ccnc(C(=O)N[C@H]2COC(=O)[C@H](Cc3ccccc3)[C@@H](OC(=O)C(C)C)[C@H](C)OC2=O)c1OC(=O)COCc1ccccc1,,,,"MolVec 0.9.8 (git b412dd0, Maven Central)",0.236891757696867
uspto,USRE039991-20080101-C00548,COCCC(=O)Oc1c(OC)ccnc1C(=O)N[C@H]1COC(=O)[C@H](Cc2ccccc2)[C@@H](OC(=O)C(C)C)[C@H](C)OC1=O,,,,"MolVec 0.9.8 (git b412dd0, Maven Central)",0.2149765696376562
uspto,USRE039991-20080101-C00549,COc1ccnc(C(=O)N[C@H]2COC(=O)[C@H](Cc3ccccc3)[C@@H](OC(=O)C(C)C)[C@H](C)OC2=O)c1OC(=O)COC(C)=O,,,,"MolVec 0.9.8 (git b412dd0, Maven Central)",0.23094121366739273
uspto,USRE039991-20080101-C00550,COc1ccnc(C(=O)N[C@H]2COC(=O)[C@H](Cc3ccccc3)[C@@H](OC(=O)C(C)C)[C@H](C)OC2=O)c1OC(=O)C(C)(C)OC(C)=O,,,,"MolVec 0.9.8 (git b412dd0, Maven Central)",0.2709054574370384
uspto,USRE039991-20080101-C00551,COc1ccnc(C(=O)N[C@H]2COC(=O)[C@H](Cc3ccccc3)[C@@H](OC(=O)C(C)C)[C@H](C)OC2=O)c1OC(=O)C(C)(C)OC(C)=O,,,,"MolVec 0.9.8 (git b412dd0, Maven Central)",0.24941275268793106
uspto,USRE039991-20080101-C00552,COc1ccnc(C(=O)N[C@H]2COC(=O)[C@H](Cc3ccccc3)[C@@H](OC(=O)C(C)C)[C@H](C)OC2=O)c1OC(=O)C(OC=O)c1ccccc1,,,,"MolVec 0.9.8 (git b412dd0, Maven Central)",0.22828554920852184
uspto,USRE039991-20080101-C00553,COc1ccnc(C(=O)N[C@H]2COC(=O)[C@H](Cc3ccccc3)[C@@H](OC(=O)C(C)C)[C@H](C)OC2=O)c1OC(=O)C(OC(C)=O)c1ccccc1,,,,"MolVec 0.9.8 (git b412dd0, Maven Central)",0.2542854566127062
uspto,USRE039991-20080101-C00554,CCOC(=O)CCC(=O)Oc1c(OC)ccnc1C(=O)N[C@H]1COC(=O)[C@H](Cc2ccccc2)[C@@H](OC(=O)C(C)C)[C@H](C)OC1=O,,,,"MolVec 0.9.8 (git b412dd0, Maven Central)",0.22027496993541718
uspto,USRE039991-20080101-C00555,COC(=O)CCCCCCC(=O)Oc1c(OC)ccnc1C(=O)N[C@H]1COC(=O)[C@H](Cc2ccccc2)[C@@H](OC(=O)C(C)C)[C@H](C)OC1=O,,,,"MolVec 0.9.8 (git b412dd0, Maven Central)",0.22070986963808537
uspto,USRE039991-20080101-C00556,COc1ccnc(C(=O)N[C@H]2COC(=O)[C@H](Cc3ccccc3)[C@@H](OC(=O)C(C)C)[C@H](C)OC2=O)c1OC(=O)c1nc(Cl)ccc1Cl,,,,"MolVec 0.9.8 (git b412dd0, Maven Central)",0.24650954827666283
uspto,USRE039991-20080101-C00557,COc1ccnc(C(=O)N[C@H]2COC(=O)[C@H](Cc3ccccc3)[C@@H](OC(=O)C(C)C)[C@H](C)OC2=O)c1OC(=O)c1ccc(Cl)nc1,,,,"MolVec 0.9.8 (git b412dd0, Maven Central)",0.28048680536448956
uspto,USRE039991-20080101-C00558,COc1ccnc(C(=O)N[C@H]2COC(=O)[C@H](Cc3ccccc3)[C@@H](OC(=O)C(C)C)[C@H](C)OC2=O)c1OC(=O)c1cnc(Cl)c(Cl)c1,,,,"MolVec 0.9.8 (git b412dd0, Maven Central)",0.27363637648522854
uspto,USRE039991-20080101-C00559,COc1ccnc(C(=O)N[C@H]2COC(=O)[C@H](Cc3ccccc3)[C@@H](OC(=O)C(C)C)[C@H](C)OC2=O)c1OC(=O)c1cc(Cl)cnc1Cl,,,,"MolVec 0.9.8 (git b412dd0, Maven Central)",0.26287117041647434
uspto,USRE039991-20080101-C00560,COc1ccnc(C(=O)N[C@H]2COC(=O)[C@H](Cc3ccccc3)[C@@H](OC(=O)C(C)C)[C@H](C)OC2=O)c1OC(=O)c1ccnc(Cl)c1,,,,"MolVec 0.9.8 (git b412dd0, Maven Central)",0.2514483407139778
uspto,USRE039991-20080101-C00561,COc1ccnc(C(=O)N[C@H]2COC(=O)[C@H](Cc3ccccc3)[C@@H](OC(=O)C(C)C)[C@H](C)OC2=O)c1OC(=O)c1ccco1,,,,"MolVec 0.9.8 (git b412dd0, Maven Central)",0.27665031515061855
uspto,USRE039991-20080101-C00562,COc1ccnc(C(=O)N[C@H]2COC(=O)[C@H](Cc3ccccc3)[C@@H](OC(=O)C(C)C)[C@H](C)OC2=O)c1OC(=O)c1cccs1,,,,"MolVec 0.9.8 (git b412dd0, Maven Central)",0.25682810693979263
uspto,USRE039991-20080101-C00563,COc1ccnc(C(=O)N[C@H]2COC(=O)[C@H](Cc3ccccc3)[C@@H](OC(=O)C(C)C)[C@H](C)OC2=O)c1OC(=O)Cc1cccs1,,,,"MolVec 0.9.8 (git b412dd0, Maven Central)",0.2206895351409912
uspto,USRE039991-20080101-C00564,COc1ccnc(C(=O)N[C@H]2COC(=O)[C@H](Cc3ccccc3)[C@@H](OC(=O)C(C)C)[C@H](C)OC2=O)c1OC(=O)c1snnc1C,,,,"MolVec 0.9.8 (git b412dd0, Maven Central)",0.24586342088878155
uspto,USRE039991-20080101-C00565,COc1ccnc(C(=O)N[C@H]2COC(=O)[C@H](Cc3ccccc3)[C@@H](OC(=O)C(C)C)[C@H](C)OC2=O)c1OC(=O)c1c(-c2c(Cl)cccc2Cl)noc1C,,,,"MolVec 0.9.8 (git b412dd0, Maven Central)",0.35489492304623127
uspto,USRE039991-20080101-C00566,COC(=O)Oc1c(OC)ccnc1C(=O)N[C@H]1COC(=O)[C@H](Cc2ccccc2)[C@@H](OC(=O)C(C)C)[C@H](C)OC1=O,,,,"MolVec 0.9.8 (git b412dd0, Maven Central)",0.20546960271894932
uspto,USRE039991-20080101-C00567,CCOC(=O)Oc1c(OC)ccnc1C(=O)N[C@H]1COC(=O)[C@H](Cc2ccccc2)[C@@H](OC(=O)C(C)C)[C@H](C)OC1=O,,,,"MolVec 0.9.8 (git b412dd0, Maven Central)",0.20951124094426632
uspto,USRE039991-20080101-C00568,CCCOC(=O)Oc1c(OC)ccnc1C(=O)N[C@H]1COC(=O)[C@H](Cc2ccccc2)[C@@H](OC(=O)C(C)C)[C@H](C)OC1=O,,,,"MolVec 0.9.8 (git b412dd0, Maven Central)",0.20105227082967758
uspto,USRE039991-20080101-C00569,C=CCOC(=O)Oc1c(OC)ccnc1C(=O)N[C@H]1COC(=O)[C@H](Cc2ccccc2)[C@@H](OC(=O)C(C)C)[C@H](C)OC1=O,,,,"MolVec 0.9.8 (git b412dd0, Maven Central)",0.20088913850486279
uspto,USRE039991-20080101-C00570,CCCCOC(=O)Oc1c(OC)ccnc1C(=O)N[C@H]1COC(=O)[C@H](Cc2ccccc2)[C@@H](OC(=O)C(C)C)[C@H](C)OC1=O,,,,"MolVec 0.9.8 (git b412dd0, Maven Central)",0.21415883675217628
uspto,USRE039991-20080101-C00571,C=CCCOC(=O)Oc1c(OC)ccnc1C(=O)N[C@H]1COC(=O)[C@H](Cc2ccccc2)[C@@H](OC(=O)C(C)C)[C@H](C)OC1=O,,,,"MolVec 0.9.8 (git b412dd0, Maven Central)",0.2032326925545931
uspto,USRE039991-20080101-C00572,CC#CCOC(=O)Oc1c(OC)ccnc1C(=O)N[C@H]1COC(=O)[C@H](Cc2ccccc2)[C@@H](OC(=O)C(C)C)[C@H](C)OC1=O,,,,"MolVec 0.9.8 (git b412dd0, Maven Central)",0.2345958612859249
uspto,USRE039991-20080101-C00573,COc1ccnc(C(=O)N[C@H]2COC(=O)[C@H](Cc3ccccc3)[C@@H](OC(=O)C(C)C)[C@H](C)OC2=O)c1OC(=O)OCC(C)C,,,,"MolVec 0.9.8 (git b412dd0, Maven Central)",0.2212422639131546
uspto,USRE039991-20080101-C00574,COc1ccnc(C(=O)N[C@H]2COC(=O)[C@H](Cc3ccccc3)[C@@H](OC(=O)C(C)C)[C@H](C)OC2=O)c1OC(=O)OCC(C)(C)C,,,,"MolVec 0.9.8 (git b412dd0, Maven Central)",0.22266439907252789
uspto,USRE039991-20080101-C00575,CCCCCCOC(=O)Oc1c(OC)ccnc1C(=O)N[C@H]1COC(=O)[C@H](Cc2ccccc2)[C@@H](OC(=O)C(C)C)[C@H](C)OC1=O,,,,"MolVec 0.9.8 (git b412dd0, Maven Central)",0.23112379387021065
uspto,USRE039991-20080101-C00576,CCCCC(CC)COC(=O)Oc1c(OC)ccnc1C(=O)N[C@H]1COC(=O)[C@H](Cc2ccccc2)[C@@H](OC(=O)C(C)C)[C@H](C)OC1=O,,,,"MolVec 0.9.8 (git b412dd0, Maven Central)",0.25642996095120907
uspto,USRE039991-20080101-C00577,COc1ccnc(C(=O)N[C@H]2COC(=O)[C@H](Cc3ccccc3)[C@@H](OC(=O)C(C)C)[C@H](C)OC2=O)c1OC(=O)O[C@@H]1C[C@H](C)CC[C@H]1C(C)C,,,,"MolVec 0.9.8 (git b412dd0, Maven Central)",0.29507160373032093
uspto,USRE039991-20080101-C00578,COc1ccnc(C(=O)N[C@H]2COC(=O)[C@H](Cc3ccccc3)[C@@H](OC(=O)C(C)C)[C@H](C)OC2=O)c1OC(=O)OCCCl,,,,"MolVec 0.9.8 (git b412dd0, Maven Central)",0.2025208529084921
uspto,USRE039991-20080101-C00579,COc1ccnc(C(=O)N[C@H]2COC(=O)[C@H](Cc3ccccc3)[C@@H](OC(=O)C(C)C)[C@H](C)OC2=O)c1OC(=O)OCCBr,,,,"MolVec 0.9.8 (git b412dd0, Maven Central)",0.21884885802865028
uspto,USRE039991-20080101-C00580,COc1ccnc(C(=O)N[C@H]2COC(=O)[C@H](Cc3ccccc3)[C@@H](OC(=O)C(C)C)[C@H](C)OC2=O)c1OC(=O)OCCCCCl,,,,"MolVec 0.9.8 (git b412dd0, Maven Central)",0.21269057132303715
uspto,USRE039991-20080101-C00581,COc1ccnc(C(=O)N[C@H]2COC(=O)[C@H](Cc3ccccc3)[C@@H](OC(=O)C(C)C)[C@H](C)OC2=O)c1OC(=O)OCC(Cl)(Cl)Cl,,,,"MolVec 0.9.8 (git b412dd0, Maven Central)",0.2440575547516346
uspto,USRE039991-20080101-C00582,COc1ccnc(C(=O)N[C@H]2COC(=O)[C@H](Cc3ccccc3)[C@@H](OC(=O)C(C)C)[C@H](C)OC2=O)c1OC(=O)OCc1ccccc1,,,,"MolVec 0.9.8 (git b412dd0, Maven Central)",0.2352275848388672
uspto,USRE039991-20080101-C00583,COc1ccnc(C(=O)N[C@H]2COC(=O)[C@H](Cc3ccccc3)[C@@H](OC(=O)C(C)C)[C@H](C)OC2=O)c1OC(=O)OCc1ccccc1Cl,,,,"MolVec 0.9.8 (git b412dd0, Maven Central)",0.28625153563916683
uspto,USRE039991-20080101-C00584,COc1ccnc(C(=O)N[C@H]2COC(=O)[C@H](Cc3ccccc3)[C@@H](OC(=O)C(C)C)[C@H](C)OC2=O)c1OC(=O)Oc1ccccc1,,,,"MolVec 0.9.8 (git b412dd0, Maven Central)",0.21695776283740997
uspto,USRE039991-20080101-C00585,COc1ccnc(C(=O)N[C@H]2COC(=O)[C@H](Cc3ccccc3)[C@@H](OC(=O)C(C)C)[C@H](C)OC2=O)c1OC(=O)Oc1ccc(C)cc1,,,,"MolVec 0.9.8 (git b412dd0, Maven Central)",0.23826933652162552
uspto,USRE039991-20080101-C00586,CCCSC(=O)Oc1c(OC)ccnc1C(=O)N[C@H]1COC(=O)[C@H](Cc2ccccc2)[C@@H](OC(=O)C(C)C)[C@H](C)OC1=O,,,,"MolVec 0.9.8 (git b412dd0, Maven Central)",0.2282886989414692
uspto,USRE039991-20080101-C00587,COc1ccnc(C(=O)N[C@H]2COC(=O)[C@H](Cc3ccccc3)[C@@H](OC(=O)C(C)C)[C@H](C)OC2=O)c1OC(=O)N(C)C,,,,"MolVec 0.9.8 (git b412dd0, Maven Central)",0.23156382516026497
uspto,USRE039991-20080101-C00588,CCC(C)C(=O)O[C@H]1[C@H](C)OC(=O)[C@@H](NC(=O)c2nccc(OC)c2OC(C)=O)COC(=O)[C@@H]1Cc1ccccc1,,,,"MolVec 0.9.8 (git b412dd0, Maven Central)",0.20770862326025963
uspto,USRE039991-20080101-C00589,COc1ccnc(C(=O)N[C@H]2COC(=O)[C@H](Cc3ccccc3)[C@@H](OC(=O)CC(C)C)[C@H](C)OC2=O)c1OC(C)=O,,,,"MolVec 0.9.8 (git b412dd0, Maven Central)",0.1963269729167223
uspto,USRE039991-20080101-C00590,COCCC(=O)Oc1c(OC)ccnc1C(=O)N[C@H]1COC(=O)[C@H](Cc2ccccc2)[C@@H](OC(=O)C(C)(C)C)[C@H](C)OC1=O,,,,"MolVec 0.9.8 (git b412dd0, Maven Central)",0.23756035789847374
uspto,USRE039991-20080101-C00591,COCCC(=O)Oc1c(OC)ccnc1C(=O)N[C@H]1COC(=O)[C@H](Cc2ccccc2)[C@@H](OC(=O)CC(C)(C)C)[C@H](C)OC1=O,,,,"MolVec 0.9.8 (git b412dd0, Maven Central)",0.239522285759449
uspto,USRE039991-20080101-C00592,COCCC(=O)Oc1c(OC)ccnc1C(=O)N[C@H]1COC(=O)[C@H](Cc2ccccc2)[C@@H](OC(=O)CCOC)[C@H](C)OC1=O,,,,"MolVec 0.9.8 (git b412dd0, Maven Central)",0.25885980390012264
uspto,USRE039991-20080101-C00593,COCCC(=O)Oc1c(OC)ccnc1C(=O)Nc1ccc(C(=O)c2cccc(C(F)(F)F)c2)cc1,,,,"MolVec 0.9.8 (git b412dd0, Maven Central)",0.17558912746608257
uspto,USRE039991-20080101-C00594,CO/N=C(/c1ccc(NC(=O)c2nccc(OC)c2OC(C)=O)cc1)c1cccc(C(F)(F)F)c1,,,,"MolVec 0.9.8 (git b412dd0, Maven Central)",0.17008741199970245
uspto,USRE039991-20080101-C00595,COCCC(=O)Oc1c(OC)ccnc1C(=O)Nc1ccc(/C(=N/OC)c2cccc(C(F)(F)F)c2)cc1,,,,"MolVec 0.9.8 (git b412dd0, Maven Central)",0.19477766752243042
uspto,USRE039991-20080101-C00597,COc1ccnc(C(=O)Nc2cccc(Sc3ccc(C(F)(F)F)cc3)c2)c1OC(C)=O,,,,"MolVec 0.9.8 (git b412dd0, Maven Central)",0.14344107918441296
uspto,USRE039991-20080101-C00601,COCCC(=O)Oc1c(OC)ccnc1C(=O)Nc1cccc(C(=O)Nc2ccc(C(F)(F)F)cc2)c1,,,,"MolVec 0.9.8 (git b412dd0, Maven Central)",0.17716232500970364
uspto,USRE039991-20080101-C00604,COc1ccnc(C(=O)Nc2ccc(C(=O)Oc3ccc(C(F)(F)F)cc3)cc2)c1OC(C)=O,,,,"MolVec 0.9.8 (git b412dd0, Maven Central)",0.1749104205518961
uspto,USRE039991-20080101-C00605,COCCC(=O)Oc1c(OC)ccnc1C(=O)Nc1cccc(NC(=O)c2ccc(C(F)(F)F)cc2)c1,,,,"MolVec 0.9.8 (git b412dd0, Maven Central)",0.1756209395825863
uspto,USRE040000-20080108-C00003,COc1ccccc1OCCNCC(O)COc1cccc2[nH]c3ccccc3c12,,,,"MolVec 0.9.8 (git b412dd0, Maven Central)",0.21151218190789223
uspto,USRE040033-20080122-C00003,Cc1cc2c(s1)Nc1ccccc1N=C2N1CCN(C)CC1,,,,"MolVec 0.9.8 (git b412dd0, Maven Central)",0.16146310605108738
uspto,USRE040033-20080122-C00005,CC1=CC2=C(NC3=C(C=CC=C3)[N+3]2(C)(=O)N2CCN(C)CC2)S1,,,,"MolVec 0.9.8 (git b412dd0, Maven Central)",0.17631285078823566
uspto,USRE040033-20080122-C00009,CC1=CC2=C(NC3=C(C=CC=C3)[N+]2(=O)([O-])C#N)S1,,,,"MolVec 0.9.8 (git b412dd0, Maven Central)",0.12180178239941597
uspto,USRE040033-20080122-C00013,Cc1cc(C(=O)O)c(N)s1,,,,"MolVec 0.9.8 (git b412dd0, Maven Central)",0.08561274781823158
