dataset,item_id,smiles,page,bbox,confidence,tool,seconds
uob,maybridge-0001-1032051861,Cc1cc(C)c(C=O)[nH]1,,,,"MolVec 0.9.8 (git b412dd0, Maven Central)",0.5606533300597221
uob,maybridge-0001-1049908415,N#Cc1cccc(-n2cccc2C=O)c1,,,,"MolVec 0.9.8 (git b412dd0, Maven Central)",0.4025156660936773
uob,maybridge-0001-110883269,O=Cc1cccn1-c1ccc(Cl)cc1,,,,"MolVec 0.9.8 (git b412dd0, Maven Central)",0.36605921806767583
uob,maybridge-0001-263948097,O=Cc1ccc[nH]1,,,,"MolVec 0.9.8 (git b412dd0, Maven Central)",0.17303603887557983
uob,maybridge-0001-309810939,CCOC(=O)c1[nH]c(C)c(C=O)c1C,,,,"MolVec 0.9.8 (git b412dd0, Maven Central)",0.26902978611178696
uob,maybridge-0001-31314370,COC(=O)c1c(C=O)c(C)n(C)c1C,,,,"MolVec 0.9.8 (git b412dd0, Maven Central)",0.3365484119858593
uob,maybridge-0001-635170404,COC(=O)c1c(C)[nH]c(C)c1C=O,,,,"MolVec 0.9.8 (git b412dd0, Maven Central)",0.25597930583171546
uob,maybridge-0001-715660248,CCOC(=O)c1c(C=O)c(C)n(C2CC2)c1C,,,,"MolVec 0.9.8 (git b412dd0, Maven Central)",0.34790629683993757
uob,maybridge-0001-722986859,COC(=O)c1cc(C=O)cn1C,,,,"MolVec 0.9.8 (git b412dd0, Maven Central)",0.24917952599935234
uob,maybridge-0001-764805251,C#CCCn1cccc1C=O,,,,"MolVec 0.9.8 (git b412dd0, Maven Central)",0.30676322104409337
uob,maybridge-0002-1066441225,Cn1ccc(C=O)n1,,,,"MolVec 0.9.8 (git b412dd0, Maven Central)",0.15069060516543686
uob,maybridge-0002-111144757,Cc1cc(C=O)n(C)n1,,,,"MolVec 0.9.8 (git b412dd0, Maven Central)",0.14066125499084592
uob,maybridge-0002-20741494,Cc1ccc(-n2cccc2C=O)cc1,,,,"MolVec 0.9.8 (git b412dd0, Maven Central)",0.2294432648923248
uob,maybridge-0002-289005593,CCOC(=O)c1c(C=O)c(C)n(-c2ccccc2)c1C,,,,"MolVec 0.9.8 (git b412dd0, Maven Central)",0.42214366514235735
uob,maybridge-0002-449756707,Cn1ncc(C=O)c1N,,,,"MolVec 0.9.8 (git b412dd0, Maven Central)",0.15623618592508137
uob,maybridge-0002-53570695,O=Cc1cccn1-c1ccc(C(F)(F)F)cc1,,,,"MolVec 0.9.8 (git b412dd0, Maven Central)",0.3325124988332391
uob,maybridge-0002-549381716,Cc1cc(C=O)nn1C,,,,"MolVec 0.9.8 (git b412dd0, Maven Central)",0.18859703419730067
uob,maybridge-0002-604042052,Cn1cc(C=O)c(N)n1,,,,"MolVec 0.9.8 (git b412dd0, Maven Central)",0.15641548484563828
uob,maybridge-0002-732429981,O=Cc1cccn1-c1cc(Cl)cc(Cl)c1,,,,"MolVec 0.9.8 (git b412dd0, Maven Central)",0.35087108495645225
uob,maybridge-0003-1070034781,O=Cc1c[nH]nc1-c1cccs1,,,,"MolVec 0.9.8 (git b412dd0, Maven Central)",0.23324399394914508
uob,maybridge-0003-193768864,Cc1nn(C(C)(C)C)c(C)c1C=O,,,,"MolVec 0.9.8 (git b412dd0, Maven Central)",0.19415579619817436
uob,maybridge-0003-197451784,Cc1nn(C)c(C)c1C=O,,,,"MolVec 0.9.8 (git b412dd0, Maven Central)",0.16065723611973226
uob,maybridge-0003-375226068,O=Cc1c[nH]nc1-c1ccccc1,,,,"MolVec 0.9.8 (git b412dd0, Maven Central)",0.24376214784570038
uob,maybridge-0003-625260689,O=Cc1ccnn1-c1ccccc1,,,,"MolVec 0.9.8 (git b412dd0, Maven Central)",0.25273035606369376
uob,maybridge-0003-701940104,Cc1nn(C)c(Cl)c1C=O,,,,"MolVec 0.9.8 (git b412dd0, Maven Central)",0.15741465403698385
uob,maybridge-0003-832932927,O=Cc1[nH]ncc1Br,,,,"MolVec 0.9.8 (git b412dd0, Maven Central)",0.14702781499363482
uob,maybridge-0003-880275113,Cn1cc(Cl)c(C=O)n1,,,,"MolVec 0.9.8 (git b412dd0, Maven Central)",0.1773815769702196
uob,maybridge-0003-888341323,Cn1nc(C=O)cc1-c1ccco1,,,,"MolVec 0.9.8 (git b412dd0, Maven Central)",0.22765492601320148
uob,maybridge-0003-921236533,Cn1nc(-c2ccccc2)cc1C=O,,,,"MolVec 0.9.8 (git b412dd0, Maven Central)",0.23229796718806028
uob,maybridge-0004-269555700,Cn1ncc(C=O)c1-c1ccccc1,,,,"MolVec 0.9.8 (git b412dd0, Maven Central)",0.22238000202924013
uob,maybridge-0004-297286884,Cn1nc(-c2cccs2)cc1C=O,,,,"MolVec 0.9.8 (git b412dd0, Maven Central)",0.21564571792259812
uob,maybridge-0004-363642336,COc1ccc(-c2n[nH]cc2C=O)cc1,,,,"MolVec 0.9.8 (git b412dd0, Maven Central)",0.31314848200418055
uob,maybridge-0004-394368388,Cc1c(C=O)cnn1-c1ccccc1,,,,"MolVec 0.9.8 (git b412dd0, Maven Central)",0.23708589002490044
uob,maybridge-0004-399638852,Cc1ccccc1-n1ncc(C=O)c1C,,,,"MolVec 0.9.8 (git b412dd0, Maven Central)",0.21273572300560772
uob,maybridge-0004-523287202,O=Cc1c[nH]nc1-c1ccc(F)cc1,,,,"MolVec 0.9.8 (git b412dd0, Maven Central)",0.30884345690719783
uob,maybridge-0004-715318232,Cn1nc(C=O)cc1-c1ccccc1,,,,"MolVec 0.9.8 (git b412dd0, Maven Central)",0.2108537880703807
uob,maybridge-0004-781633036,Cn1cc(Br)c(C=O)n1,,,,"MolVec 0.9.8 (git b412dd0, Maven Central)",0.13717978983186185
uob,maybridge-0004-868527528,Cn1ncc(Br)c1C=O,,,,"MolVec 0.9.8 (git b412dd0, Maven Central)",0.13941621803678572
uob,maybridge-0005-356438784,Cc1nn(C(=O)OC(C)(C)C)c(C)c1C=O,,,,"MolVec 0.9.8 (git b412dd0, Maven Central)",0.24423605296760798
uob,maybridge-0005-468725529,O=Cc1c[nH]cn1,,,,"MolVec 0.9.8 (git b412dd0, Maven Central)",0.15184164117090404
uob,maybridge-0005-739915396,CC1C=NC(C=O)=C1,,,,"MolVec 0.9.8 (git b412dd0, Maven Central)",0.13154309592209756
uob,maybridge-0005-758470697,O=Cc1ncc[nH]1,,,,"MolVec 0.9.8 (git b412dd0, Maven Central)",0.11707308585755527
uob,maybridge-0005-802730930,Cc1c(C=O)cnn1-c1ccc(F)cc1,,,,"MolVec 0.9.8 (git b412dd0, Maven Central)",0.301104255951941
uob,maybridge-0005-897566014,O=Cc1c[nH]nc1-c1ccc(C(F)(F)F)cc1,,,,"MolVec 0.9.8 (git b412dd0, Maven Central)",0.4161773750092834
uob,maybridge-0005-92151286,Cn1nc(C(F)(F)F)c(C=O)c1Cl,,,,"MolVec 0.9.8 (git b412dd0, Maven Central)",0.261621851939708
uob,maybridge-0005-921694927,Cc1nn(C)c(N2CCOCC2)c1C=O,,,,"MolVec 0.9.8 (git b412dd0, Maven Central)",0.19239403097890317
uob,maybridge-0005-935459379,COc1ccc(-n2ncc(C=O)c2C)cc1,,,,"MolVec 0.9.8 (git b412dd0, Maven Central)",0.3127975279930979
uob,maybridge-0006-145414490,O=Cc1ccc(B(O)O)o1,,,,"MolVec 0.9.8 (git b412dd0, Maven Central)",0.16880946094170213
uob,maybridge-0006-23562132,CSc1ncc(C=O)n1Cc1ccccc1,,,,"MolVec 0.9.8 (git b412dd0, Maven Central)",0.2682966338470578
uob,maybridge-0006-257490328,Cc1ncc(C=O)n1C,,,,"MolVec 0.9.8 (git b412dd0, Maven Central)",0.13032094505615532
uob,maybridge-0006-428660075,CCCCc1nc(C=O)c(Cl)[nH]1,,,,"MolVec 0.9.8 (git b412dd0, Maven Central)",0.17776661412790418
uob,maybridge-0006-436168193,Cn1cncc1C=O,,,,"MolVec 0.9.8 (git b412dd0, Maven Central)",0.12878370005637407
uob,maybridge-0006-610199923,Cc1nc[nH]c1C=O,,,,"MolVec 0.9.8 (git b412dd0, Maven Central)",0.1312529118731618
uob,maybridge-0006-627835855,CCCCc1nc(C=O)c[nH]1,,,,"MolVec 0.9.8 (git b412dd0, Maven Central)",0.15813644393347204
uob,maybridge-0006-789494731,O=Cc1ccoc1,,,,"MolVec 0.9.8 (git b412dd0, Maven Central)",0.12331441906280816
uob,maybridge-0006-830360115,CCc1nc(C)c(C=O)[nH]1,,,,"MolVec 0.9.8 (git b412dd0, Maven Central)",0.1572449340019375
uob,maybridge-0006-857072465,O=Cc1ccco1,,,,"MolVec 0.9.8 (git b412dd0, Maven Central)",0.14087349199689925
uob,maybridge-0006-92768713,Cc1nc(C=O)c[nH]1,,,,"MolVec 0.9.8 (git b412dd0, Maven Central)",0.13211995898745954
uob,maybridge-0006-979991098,O=Cc1ccc([N+](=O)[O-])o1,,,,"MolVec 0.9.8 (git b412dd0, Maven Central)",0.13240748806856573
uob,maybridge-0007-1000171633,O=Cc1ccc(Br)o1,,,,"MolVec 0.9.8 (git b412dd0, Maven Central)",0.13637525285594165
uob,maybridge-0007-215668734,Cc1cc(C=O)c(-c2ccccc2)o1,,,,"MolVec 0.9.8 (git b412dd0, Maven Central)",0.2946732370182872
uob,maybridge-0007-527646682,Cc1nnc(Sc2ccc(C=O)o2)n1C,,,,"MolVec 0.9.8 (git b412dd0, Maven Central)",0.24075548420660198
uob,maybridge-0007-527759649,O=Cc1ccc(C(F)(F)F)o1,,,,"MolVec 0.9.8 (git b412dd0, Maven Central)",0.21562640089541674
uob,maybridge-0007-65267313,Cc1oc(-c2ccccc2)cc1C=O,,,,"MolVec 0.9.8 (git b412dd0, Maven Central)",0.3445293370168656
uob,maybridge-0007-659329728,O=Cc1ccc(Oc2cccnc2)o1,,,,"MolVec 0.9.8 (git b412dd0, Maven Central)",0.3039574690628797
uob,maybridge-0007-752363562,O=Cc1ccc(Sc2ccccn2)o1,,,,"MolVec 0.9.8 (git b412dd0, Maven Central)",0.255974052939564
uob,maybridge-0007-874528401,O=Cc1ccc(CN2C(=O)c3ccccc3C2=O)o1,,,,"MolVec 0.9.8 (git b412dd0, Maven Central)",0.3870394299738109
uob,maybridge-0007-891936742,NS(=O)(=O)c1ccc(-c2ccc(C=O)o2)cc1,,,,"MolVec 0.9.8 (git b412dd0, Maven Central)",0.3715140908025205
uob,maybridge-0007-914728550,COC(=O)c1cc(C=O)oc1C,,,,"MolVec 0.9.8 (git b412dd0, Maven Central)",0.29584735492244363
uob,maybridge-0007-964024908,COC(=O)c1sccc1-c1ccc(C=O)o1,,,,"MolVec 0.9.8 (git b412dd0, Maven Central)",0.3298348360694945
uob,maybridge-0008-1052247062,CCOC(=O)c1cc(-c2ccc(Cl)cc2)oc1C=O,,,,"MolVec 0.9.8 (git b412dd0, Maven Central)",0.48646349483169615
uob,maybridge-0008-1057253389,O=Cc1ccc(-c2ccc(C(F)(F)F)cc2Cl)o1,,,,"MolVec 0.9.8 (git b412dd0, Maven Central)",0.5256392930168658
uob,maybridge-0008-176979447,CCc1ccc(C=O)s1,,,,"MolVec 0.9.8 (git b412dd0, Maven Central)",0.15084550413303077
uob,maybridge-0008-41142559,O=Cc1ccc(-c2ccc(F)c(C(F)(F)F)c2)o1,,,,"MolVec 0.9.8 (git b412dd0, Maven Central)",0.32539959298446774
uob,maybridge-0008-524880020,O=Cc1ccc(-c2cc(C(F)(F)F)cc(C(F)(F)F)c2)o1,,,,"MolVec 0.9.8 (git b412dd0, Maven Central)",0.5626373300328851
uob,maybridge-0008-678510846,O=Cc1ccc(Cl)s1,,,,"MolVec 0.9.8 (git b412dd0, Maven Central)",0.17365874210372567
uob,maybridge-0008-807557087,O=Cc1ccc(-c2ccc(OC(F)(F)F)cc2)o1,,,,"MolVec 0.9.8 (git b412dd0, Maven Central)",0.3275732761248946
uob,maybridge-0008-845399475,Cc1csc(C=O)c1,,,,"MolVec 0.9.8 (git b412dd0, Maven Central)",0.16475707315839827
uob,maybridge-0008-971236867,O=Cc1ccc(-c2ccccc2OC(F)(F)F)o1,,,,"MolVec 0.9.8 (git b412dd0, Maven Central)",0.3103375758510083
uob,maybridge-0008-973322273,O=Cc1sccc1Cl,,,,"MolVec 0.9.8 (git b412dd0, Maven Central)",0.1595861939713359
uob,maybridge-0008-996095623,Cc1ccc(C=O)s1,,,,"MolVec 0.9.8 (git b412dd0, Maven Central)",0.1367382500320673
uob,maybridge-0009-123030958,O=Cc1ccc(-c2ccccc2)s1,,,,"MolVec 0.9.8 (git b412dd0, Maven Central)",0.3687370871193707
uob,maybridge-0009-172320571,CSc1ccc(C=O)s1,,,,"MolVec 0.9.8 (git b412dd0, Maven Central)",0.17234533419832587
uob,maybridge-0009-200340357,CC(=O)c1ccc(C=O)s1,,,,"MolVec 0.9.8 (git b412dd0, Maven Central)",0.2187389638274908
uob,maybridge-0009-389769516,O=Cc1ccc(-c2ccccn2)s1,,,,"MolVec 0.9.8 (git b412dd0, Maven Central)",0.2602749839425087
uob,maybridge-0009-539949066,O=Cc1ccc(-c2ccco2)s1,,,,"MolVec 0.9.8 (git b412dd0, Maven Central)",0.31040161987766623
uob,maybridge-0009-580355195,O=Cc1ccsc1Br,,,,"MolVec 0.9.8 (git b412dd0, Maven Central)",0.1133592240512371
uob,maybridge-0009-610553642,O=Cc1ccc(Br)s1,,,,"MolVec 0.9.8 (git b412dd0, Maven Central)",0.11340563301928341
uob,maybridge-0009-640640130,O=Cc1ccc(-c2cccs2)s1,,,,"MolVec 0.9.8 (git b412dd0, Maven Central)",0.2272627700585872
uob,maybridge-0009-817477328,O=Cc1ccc(N2CCOCC2)s1,,,,"MolVec 0.9.8 (git b412dd0, Maven Central)",0.24890934606082737
uob,maybridge-0009-905767877,O=Cc1sccc1-n1cccc1,,,,"MolVec 0.9.8 (git b412dd0, Maven Central)",0.25757840811274946
uob,maybridge-0009-952281617,O=Cc1cc(Br)cs1,,,,"MolVec 0.9.8 (git b412dd0, Maven Central)",0.16501822997815907
uob,maybridge-0009-988380419,O=Cc1sccc1Br,,,,"MolVec 0.9.8 (git b412dd0, Maven Central)",0.14277936797589064
uob,maybridge-0010-325438279,Cc1noc(C)c1C=O,,,,"MolVec 0.9.8 (git b412dd0, Maven Central)",0.11774160293862224
uob,maybridge-0010-368121303,O=Cc1cc(-c2cccs2)on1,,,,"MolVec 0.9.8 (git b412dd0, Maven Central)",0.20285706990398467
uob,maybridge-0010-380761131,Cc1nc(-c2ccc(C=O)s2)cs1,,,,"MolVec 0.9.8 (git b412dd0, Maven Central)",0.21084095118567348
uob,maybridge-0010-43973025,Cc1cc(C=O)no1,,,,"MolVec 0.9.8 (git b412dd0, Maven Central)",0.11941145197488368
uob,maybridge-0010-446438857,O=Cc1cc(-c2ccco2)on1,,,,"MolVec 0.9.8 (git b412dd0, Maven Central)",0.20499740284867585
uob,maybridge-0010-448403649,O=Cc1sccc1Oc1ccccc1,,,,"MolVec 0.9.8 (git b412dd0, Maven Central)",0.22545183706097305
uob,maybridge-0010-481945036,Cn1nc(-c2ccc(C=O)s2)cc1C(F)(F)F,,,,"MolVec 0.9.8 (git b412dd0, Maven Central)",0.21908637299202383
uob,maybridge-0010-547693915,O=Cc1ccc(C#Cc2ccccc2)s1,,,,"MolVec 0.9.8 (git b412dd0, Maven Central)",0.38711863197386265
uob,maybridge-0010-577638942,O=Cc1cc(-c2ccccc2)on1,,,,"MolVec 0.9.8 (git b412dd0, Maven Central)",0.31095525389537215
uob,maybridge-0010-698472571,COc1ccc(-c2ccc(C=O)s2)cc1,,,,"MolVec 0.9.8 (git b412dd0, Maven Central)",0.3992489790543914
uob,maybridge-0010-908946081,O=Cc1cc(C#Cc2ccccc2)cs1,,,,"MolVec 0.9.8 (git b412dd0, Maven Central)",0.3392179941292852
uob,maybridge-0011-141286342,O=Cc1csc(-c2ccccc2)n1,,,,"MolVec 0.9.8 (git b412dd0, Maven Central)",0.28192600002512336
uob,maybridge-0011-2114305,Cc1nc(C)c(C=O)s1,,,,"MolVec 0.9.8 (git b412dd0, Maven Central)",0.12277443101629615
uob,maybridge-0011-497934192,Cc1nc(C=O)cs1,,,,"MolVec 0.9.8 (git b412dd0, Maven Central)",0.14580336096696556
uob,maybridge-0011-5588874,Cc1noc(-c2ccccc2)c1C=O,,,,"MolVec 0.9.8 (git b412dd0, Maven Central)",0.277389429975301
uob,maybridge-0011-676508865,Cc1nc(C=O)c(C)o1,,,,"MolVec 0.9.8 (git b412dd0, Maven Central)",0.12939784000627697
uob,maybridge-0011-677447266,O=Cc1csc(-c2cccc(Cl)c2)n1,,,,"MolVec 0.9.8 (git b412dd0, Maven Central)",0.2782869469374418
uob,maybridge-0011-742592288,Cc1nc(-c2ccccc2)c(C=O)s1,,,,"MolVec 0.9.8 (git b412dd0, Maven Central)",0.28377547301352024
uob,maybridge-0011-832137346,Cc1nc(-c2ccccc2)sc1C=O,,,,"MolVec 0.9.8 (git b412dd0, Maven Central)",0.34036569809541106
uob,maybridge-0011-854911220,Cc1oc(-c2ccccc2)nc1C=O,,,,"MolVec 0.9.8 (git b412dd0, Maven Central)",0.26698762900196016
uob,maybridge-0011-946299764,O=Cc1nccs1,,,,"MolVec 0.9.8 (git b412dd0, Maven Central)",0.10539631987921894
uob,maybridge-0011-983421880,Cc1onc(-c2ccccc2)c1C=O,,,,"MolVec 0.9.8 (git b412dd0, Maven Central)",0.32666488480754197
uob,maybridge-0012-1027165240,Cc1nc(C2CCN(C(=O)OC(C)(C)C)CC2)sc1C=O,,,,"MolVec 0.9.8 (git b412dd0, Maven Central)",0.4499892541207373
uob,maybridge-0012-1053729434,CC(C)(C)OC(=O)N1CCC(c2nc(C=O)cs2)CC1,,,,"MolVec 0.9.8 (git b412dd0, Maven Central)",0.4287563201505691
uob,maybridge-0012-110811163,O=Cc1sc(-c2ccccc2)nc1-c1ccccc1,,,,"MolVec 0.9.8 (git b412dd0, Maven Central)",0.4211782931815833
uob,maybridge-0012-135890793,N#Cc1cccc(C=O)c1,,,,"MolVec 0.9.8 (git b412dd0, Maven Central)",0.14173888694494963
uob,maybridge-0012-154509645,Cc1nc(-c2ccc(C(F)(F)F)cc2)sc1C=O,,,,"MolVec 0.9.8 (git b412dd0, Maven Central)",0.4340306699741632
uob,maybridge-0012-322584304,O=Cc1csc(-c2ccc(C(F)(F)F)cc2)n1,,,,"MolVec 0.9.8 (git b412dd0, Maven Central)",0.36195222311653197
uob,maybridge-0012-423484584,O=Cc1ccc(F)c(F)c1,,,,"MolVec 0.9.8 (git b412dd0, Maven Central)",0.15914083691313863
uob,maybridge-0012-473091589,O=Cc1cc(F)cc(F)c1,,,,"MolVec 0.9.8 (git b412dd0, Maven Central)",0.16502249194309115
uob,maybridge-0012-848353251,O=Cc1csnn1,,,,"MolVec 0.9.8 (git b412dd0, Maven Central)",0.11658668494783342
uob,maybridge-0012-900005443,N#Cc1ccc(C=O)cc1,,,,"MolVec 0.9.8 (git b412dd0, Maven Central)",0.1748774191364646
uob,maybridge-0013-146386987,O=Cc1cc(Cl)ccc1O,,,,"MolVec 0.9.8 (git b412dd0, Maven Central)",0.1760707781650126
uob,maybridge-0013-267661299,O=Cc1cccc(BO)c1,,,,"MolVec 0.9.8 (git b412dd0, Maven Central)",0.23040498793125153
uob,maybridge-0013-320882374,O=Cc1ccc(F)c([N+](=O)[O-])c1,,,,"MolVec 0.9.8 (git b412dd0, Maven Central)",0.177596545079723
uob,maybridge-0013-424012161,O=Cc1ccccc1B(O)O,,,,"MolVec 0.9.8 (git b412dd0, Maven Central)",0.1899003980215639
uob,maybridge-0013-492908237,O=Cc1ccc(B(O)O)cc1,,,,"MolVec 0.9.8 (git b412dd0, Maven Central)",0.1898573338985443
uob,maybridge-0013-518145400,O=Cc1cc(C(=O)O)ccc1F,,,,"MolVec 0.9.8 (git b412dd0, Maven Central)",0.2595211670268327
uob,maybridge-0013-594202473,COC(=O)c1ccccc1C=O,,,,"MolVec 0.9.8 (git b412dd0, Maven Central)",0.1856433821376413
uob,maybridge-0013-605710457,Cc1cc(Cl)cc(C=O)c1O,,,,"MolVec 0.9.8 (git b412dd0, Maven Central)",0.15934242494404316
uob,maybridge-0013-821825341,C=CCc1c(O)cccc1C=O,,,,"MolVec 0.9.8 (git b412dd0, Maven Central)",0.2262539309449494
uob,maybridge-0013-822073182,O=Cc1ccc([N+](=O)[O-])cc1,,,,"MolVec 0.9.8 (git b412dd0, Maven Central)",0.15437940903939307
uob,maybridge-0013-856800204,O=Cc1ccc(F)c(C(=O)O)c1,,,,"MolVec 0.9.8 (git b412dd0, Maven Central)",0.27410427993163466
uob,maybridge-0013-898367489,O=Cc1ccc(F)c(Cl)c1,,,,"MolVec 0.9.8 (git b412dd0, Maven Central)",0.1571173071861267
uob,maybridge-0014-1048104985,O=Cc1ccc(-n2cccn2)cc1,,,,"MolVec 0.9.8 (git b412dd0, Maven Central)",0.1801281669177115
uob,maybridge-0014-252210558,O=Cc1ccccc1-n1cccn1,,,,"MolVec 0.9.8 (git b412dd0, Maven Central)",0.16452244785614312
uob,maybridge-0014-296928925,O=Cc1ccc(-n2cncn2)cc1,,,,"MolVec 0.9.8 (git b412dd0, Maven Central)",0.1862056388054043
uob,maybridge-0014-383077642,O=Cc1cccc(-c2ccco2)c1,,,,"MolVec 0.9.8 (git b412dd0, Maven Central)",0.22214827896095812
uob,maybridge-0014-4590482,O=Cc1cccc(-n2cccc2)c1,,,,"MolVec 0.9.8 (git b412dd0, Maven Central)",0.16464059590362012
uob,maybridge-0014-562214752,O=Cc1cccc(-n2cncn2)c1,,,,"MolVec 0.9.8 (git b412dd0, Maven Central)",0.16357442806474864
uob,maybridge-0014-606624606,O=Cc1ccc(-n2ccnc2)cc1,,,,"MolVec 0.9.8 (git b412dd0, Maven Central)",0.18483854900114238
uob,maybridge-0014-650277359,O=Cc1ccccc1-c1ccco1,,,,"MolVec 0.9.8 (git b412dd0, Maven Central)",0.2535505769774318
uob,maybridge-0014-721645441,O=Cc1ccc(-c2ccco2)cc1,,,,"MolVec 0.9.8 (git b412dd0, Maven Central)",0.2892254760954529
uob,maybridge-0014-809766134,O=Cc1ccc(-n2cccc2)cc1,,,,"MolVec 0.9.8 (git b412dd0, Maven Central)",0.20274391490966082
uob,maybridge-0014-930215794,O=Cc1cccc(-n2cccn2)c1,,,,"MolVec 0.9.8 (git b412dd0, Maven Central)",0.18678964115679264
uob,maybridge-0014-968618703,O=Cc1ccccc1-n1cccc1,,,,"MolVec 0.9.8 (git b412dd0, Maven Central)",0.18210050207562745
uob,maybridge-0015-1009552449,COc1ccc(B(O)O)c(C=O)c1,,,,"MolVec 0.9.8 (git b412dd0, Maven Central)",0.1819073420483619
uob,maybridge-0015-237738299,O=Cc1ccccc1-c1cccnc1,,,,"MolVec 0.9.8 (git b412dd0, Maven Central)",0.2348834879230708
uob,maybridge-0015-284082264,O=Cc1ccc(C(F)(F)F)cc1,,,,"MolVec 0.9.8 (git b412dd0, Maven Central)",0.16746232099831104
uob,maybridge-0015-323111643,O=Cc1ccccc1N1CCCC1,,,,"MolVec 0.9.8 (git b412dd0, Maven Central)",0.15900541096925735
uob,maybridge-0015-594693849,O=Cc1cccc(N2CCCC2)c1,,,,"MolVec 0.9.8 (git b412dd0, Maven Central)",0.15963004785589874
uob,maybridge-0015-64069296,O=Cc1cccc(C(F)(F)F)c1,,,,"MolVec 0.9.8 (git b412dd0, Maven Central)",0.2059134680312127
uob,maybridge-0015-894374161,O=Cc1c(Cl)cccc1Cl,,,,"MolVec 0.9.8 (git b412dd0, Maven Central)",0.1800732361152768
uob,maybridge-0015-899867503,O=Cc1ccc(N2CCCC2)cc1,,,,"MolVec 0.9.8 (git b412dd0, Maven Central)",0.2345754629932344
uob,maybridge-0015-937902080,O=Cc1ccc(-c2ccccn2)cc1,,,,"MolVec 0.9.8 (git b412dd0, Maven Central)",0.2772761529777199
uob,maybridge-0015-965114951,O=Cc1cc(Cl)cc(Cl)c1,,,,"MolVec 0.9.8 (git b412dd0, Maven Central)",0.1574055829551071
uob,maybridge-0015-969875430,COc1ccc(C=O)c(B(O)O)c1,,,,"MolVec 0.9.8 (git b412dd0, Maven Central)",0.18915374297648668
uob,maybridge-0015-97806667,COc1ccc(C=O)cc1B(O)O,,,,"MolVec 0.9.8 (git b412dd0, Maven Central)",0.20196475111879408
uob,maybridge-0016-1006457936,O=Cc1cccc(-c2cccnc2)c1,,,,"MolVec 0.9.8 (git b412dd0, Maven Central)",0.23439256590791047
uob,maybridge-0016-117430849,O=Cc1cccc(-c2ccncc2)c1,,,,"MolVec 0.9.8 (git b412dd0, Maven Central)",0.2414404370356351
uob,maybridge-0016-135994828,O=Cc1ccc(-c2ncccn2)cc1,,,,"MolVec 0.9.8 (git b412dd0, Maven Central)",0.18382766493596137
uob,maybridge-0016-136928771,O=Cc1cccc(-c2ncccn2)c1,,,,"MolVec 0.9.8 (git b412dd0, Maven Central)",0.17826475598849356
uob,maybridge-0016-158600225,O=Cc1cccc(-c2cncnc2)c1,,,,"MolVec 0.9.8 (git b412dd0, Maven Central)",0.216994445072487
uob,maybridge-0016-188977971,O=Cc1ccc(-c2ccncc2)cc1,,,,"MolVec 0.9.8 (git b412dd0, Maven Central)",0.27034594817087054
uob,maybridge-0016-204169291,O=Cc1ccc(-c2cccnc2)cc1,,,,"MolVec 0.9.8 (git b412dd0, Maven Central)",0.21311651798896492
uob,maybridge-0016-251054510,O=Cc1cccc(-c2ccccn2)c1,,,,"MolVec 0.9.8 (git b412dd0, Maven Central)",0.28810780006460845
uob,maybridge-0016-292915631,O=Cc1cccc(Cn2ccnc2)c1,,,,"MolVec 0.9.8 (git b412dd0, Maven Central)",0.21540088602341712
uob,maybridge-0016-448917352,CN(C)c1ccc(C=O)c(Cl)c1,,,,"MolVec 0.9.8 (git b412dd0, Maven Central)",0.16544480784796178
uob,maybridge-0016-601260046,O=Cc1ccc(-c2cncnc2)cc1,,,,"MolVec 0.9.8 (git b412dd0, Maven Central)",0.28525821887888014
uob,maybridge-0016-740287392,O=Cc1ccc(Cn2ccnc2)cc1,,,,"MolVec 0.9.8 (git b412dd0, Maven Central)",0.16029434581287205
uob,maybridge-0017-167532150,O=Cc1ccccc1-c1cccs1,,,,"MolVec 0.9.8 (git b412dd0, Maven Central)",0.28223464894108474
uob,maybridge-0017-177726269,O=Cc1cccc(Cn2cccn2)c1,,,,"MolVec 0.9.8 (git b412dd0, Maven Central)",0.22062137979082763
uob,maybridge-0017-214349897,O=Cc1ccc(Cn2cccn2)cc1,,,,"MolVec 0.9.8 (git b412dd0, Maven Central)",0.2743578930385411
uob,maybridge-0017-268849954,Cc1nc(-c2cccc(C=O)c2)no1,,,,"MolVec 0.9.8 (git b412dd0, Maven Central)",0.271279260981828
uob,maybridge-0017-319472828,CCCCO=CC1=CC=C(C=O)C=C1,,,,"MolVec 0.9.8 (git b412dd0, Maven Central)",0.2338023828342557
uob,maybridge-0017-362472555,O=Cc1cccc(Cn2cncn2)c1,,,,"MolVec 0.9.8 (git b412dd0, Maven Central)",0.20982787013053894
uob,maybridge-0017-369715910,O=Cc1ccc(Cn2cncn2)cc1,,,,"MolVec 0.9.8 (git b412dd0, Maven Central)",0.1931367360521108
uob,maybridge-0017-46888424,O=Cc1cccc(-c2ccsc2)c1,,,,"MolVec 0.9.8 (git b412dd0, Maven Central)",0.2267699921503663
uob,maybridge-0017-540408336,Cc1nc(-c2ccc(C=O)cc2)no1,,,,"MolVec 0.9.8 (git b412dd0, Maven Central)",0.24828032101504505
uob,maybridge-0017-634698451,Cc1noc(-c2ccc(C=O)cc2)n1,,,,"MolVec 0.9.8 (git b412dd0, Maven Central)",0.2531344317831099
uob,maybridge-0017-789385626,O=Cc1ccccc1Cn1cncn1,,,,"MolVec 0.9.8 (git b412dd0, Maven Central)",0.23327908106148243
uob,maybridge-0017-966246654,O=Cc1cccc(-c2cccs2)c1,,,,"MolVec 0.9.8 (git b412dd0, Maven Central)",0.25780663592740893
uob,maybridge-0018-1020021179,O=Cc1ccc(-c2ccsc2)cc1,,,,"MolVec 0.9.8 (git b412dd0, Maven Central)",0.22579629393294454
uob,maybridge-0018-140609022,O=Cc1cccc(CN2CCCC2)c1,,,,"MolVec 0.9.8 (git b412dd0, Maven Central)",0.15436586504802108
uob,maybridge-0018-304482408,O=Cc1cccc(N2CCCCC2)c1,,,,"MolVec 0.9.8 (git b412dd0, Maven Central)",0.19649703102186322
uob,maybridge-0018-317333348,O=Cc1ccc(OC(F)(F)F)cc1,,,,"MolVec 0.9.8 (git b412dd0, Maven Central)",0.17291560396552086
uob,maybridge-0018-510488981,O=Cc1ccc(-c2cccs2)cc1,,,,"MolVec 0.9.8 (git b412dd0, Maven Central)",0.27890654699876904
uob,maybridge-0018-545854233,O=Cc1ccc(B2OCCCO2)cc1,,,,"MolVec 0.9.8 (git b412dd0, Maven Central)",0.19769753981381655
uob,maybridge-0018-561940504,NS/C=C(\N)c1ccc(C=O)cc1,,,,"MolVec 0.9.8 (git b412dd0, Maven Central)",0.22086144611239433
uob,maybridge-0018-562424523,O=Cc1ccc(N2CCCCC2)cc1,,,,"MolVec 0.9.8 (git b412dd0, Maven Central)",0.20826019905507565
uob,maybridge-0018-576018089,O=Cc1ccc(CN2CCCC2)cc1,,,,"MolVec 0.9.8 (git b412dd0, Maven Central)",0.18041205615736544
uob,maybridge-0018-719621192,O=Cc1ccc(N2CCCC2=O)cc1,,,,"MolVec 0.9.8 (git b412dd0, Maven Central)",0.22375696804374456
uob,maybridge-0018-784241472,O=Cc1ccc(-c2nccs2)cc1,,,,"MolVec 0.9.8 (git b412dd0, Maven Central)",0.19389850599691272
uob,maybridge-0018-977211378,O=Cc1cccc(-c2nccs2)c1,,,,"MolVec 0.9.8 (git b412dd0, Maven Central)",0.2700424180366099
uob,maybridge-0019-1000186923,O=Cc1cccc(N2CCOCC2)c1,,,,"MolVec 0.9.8 (git b412dd0, Maven Central)",0.21596593293361366
uob,maybridge-0019-176806044,O=Cc1cccc(CBr)c1,,,,"MolVec 0.9.8 (git b412dd0, Maven Central)",0.16137323179282248
uob,maybridge-0019-35864175,O=Cc1ccccc1N1CCOCC1,,,,"MolVec 0.9.8 (git b412dd0, Maven Central)",0.16565967490896583
uob,maybridge-0019-362080673,CN(C)c1ccc(C=O)c(F)c1C#N,,,,"MolVec 0.9.8 (git b412dd0, Maven Central)",0.19507546187378466
uob,maybridge-0019-4737843,O=Cc1ccc(CBr)cc1,,,,"MolVec 0.9.8 (git b412dd0, Maven Central)",0.1513974431436509
uob,maybridge-0019-741509041,O=Cc1ccc(N2CCOCC2)cc1,,,,"MolVec 0.9.8 (git b412dd0, Maven Central)",0.1834428410511464
uob,maybridge-0019-745569813,O=Cc1cc(Cl)c(O)c(Cl)c1,,,,"MolVec 0.9.8 (git b412dd0, Maven Central)",0.1858836580067873
uob,maybridge-0019-74665438,CN(C)CCOc1ccccc1C=O,,,,"MolVec 0.9.8 (git b412dd0, Maven Central)",0.17266810801811516
uob,maybridge-0019-828798206,CN(C)CCOc1ccc(C=O)cc1,,,,"MolVec 0.9.8 (git b412dd0, Maven Central)",0.14622648688964546
uob,maybridge-0019-88396830,O=Cc1ccccc1Oc1ccccn1,,,,"MolVec 0.9.8 (git b412dd0, Maven Central)",0.17952161491848528
uob,maybridge-0019-894531151,O=Cc1cccc(Oc2ccccn2)c1,,,,"MolVec 0.9.8 (git b412dd0, Maven Central)",0.20122277294285595
uob,maybridge-0019-998971625,O=Cc1ccccc1Oc1ccccc1,,,,"MolVec 0.9.8 (git b412dd0, Maven Central)",0.18195582507178187
uob,maybridge-0020-1042204686,Cc1nc(-c2cccc(C=O)c2)cs1,,,,"MolVec 0.9.8 (git b412dd0, Maven Central)",0.17985008214600384
uob,maybridge-0020-127030824,CN1CCN(c2ccc(C=O)cc2)CC1,,,,"MolVec 0.9.8 (git b412dd0, Maven Central)",0.192881679860875
uob,maybridge-0020-366918320,O=Cc1ccc(CN2CCOCC2)cc1,,,,"MolVec 0.9.8 (git b412dd0, Maven Central)",0.17536700796335936
uob,maybridge-0020-395165554,CN1CCN(c2ccccc2C=O)CC1,,,,"MolVec 0.9.8 (git b412dd0, Maven Central)",0.17738419491797686
uob,maybridge-0020-396844892,O=Cc1cccc(CN2CCOCC2)c1,,,,"MolVec 0.9.8 (git b412dd0, Maven Central)",0.18952225986868143
uob,maybridge-0020-464292871,Cc1nc(-c2ccc(C=O)cc2)cs1,,,,"MolVec 0.9.8 (git b412dd0, Maven Central)",0.2627542889676988
uob,maybridge-0020-468303688,COc1ccc(C=O)c(Cl)c1OC,,,,"MolVec 0.9.8 (git b412dd0, Maven Central)",0.22292839107103646
uob,maybridge-0020-481946026,O=Cc1ccc(CN2CCCCC2)cc1,,,,"MolVec 0.9.8 (git b412dd0, Maven Central)",0.15338015696033835
uob,maybridge-0020-572491552,O=Cc1cccc(CN2CCCCC2)c1,,,,"MolVec 0.9.8 (git b412dd0, Maven Central)",0.13838383299298584
uob,maybridge-0020-623036472,O=Cc1ccc(Oc2ccccn2)cc1,,,,"MolVec 0.9.8 (git b412dd0, Maven Central)",0.1934070149436593
uob,maybridge-0020-780733807,O=Cc1ccccc1CN1CCOCC1,,,,"MolVec 0.9.8 (git b412dd0, Maven Central)",0.20557239395566285
uob,maybridge-0020-958271316,C[S@](=O)Nc1cccc(C=O)c1,,,,"MolVec 0.9.8 (git b412dd0, Maven Central)",0.1529527499806136
uob,maybridge-0021-1030826222,O=Cc1ccccc1COc1ccccc1,,,,"MolVec 0.9.8 (git b412dd0, Maven Central)",0.26749297603964806
uob,maybridge-0021-267172506,O=Cc1ccccc1-c1ccccc1C(=O)O,,,,"MolVec 0.9.8 (git b412dd0, Maven Central)",0.2776565339881927
uob,maybridge-0021-323604436,COc1ccc(C=O)cc1OC1CCCC1,,,,"MolVec 0.9.8 (git b412dd0, Maven Central)",0.2662476650439203
uob,maybridge-0021-325003476,C=Cc1ccc(CN2CCN(C)CC2)cc1,,,,"MolVec 0.9.8 (git b412dd0, Maven Central)",0.20392020884901285
uob,maybridge-0021-366654314,O=Cc1ccc(OC2CCOCC2)cc1,,,,"MolVec 0.9.8 (git b412dd0, Maven Central)",0.23487917706370354
uob,maybridge-0021-417599400,O=Cc1cccc(-c2ccccc2C(=O)O)c1,,,,"MolVec 0.9.8 (git b412dd0, Maven Central)",0.3515319819562137
uob,maybridge-0021-492357063,CN1CCCN(c2ccccc2C=O)CC1,,,,"MolVec 0.9.8 (git b412dd0, Maven Central)",0.26192357391119003
uob,maybridge-0021-584934288,CN1CCN(Cc2cccc(C=O)c2)CC1,,,,"MolVec 0.9.8 (git b412dd0, Maven Central)",0.20242614089511335
uob,maybridge-0021-68987840,CN1CCCN(c2ccc(C=O)cc2)CC1,,,,"MolVec 0.9.8 (git b412dd0, Maven Central)",0.25444890814833343
uob,maybridge-0021-739759701,O=Cc1ccccc1OC1CCOCC1,,,,"MolVec 0.9.8 (git b412dd0, Maven Central)",0.2436167940031737
uob,maybridge-0021-772713541,O=Cc1cccc(COc2ccccc2)c1,,,,"MolVec 0.9.8 (git b412dd0, Maven Central)",0.33064260496757925
uob,maybridge-0022-1011218110,O=Cc1ccc(-c2ccccc2C(=O)O)cc1,,,,"MolVec 0.9.8 (git b412dd0, Maven Central)",0.3439818301703781
uob,maybridge-0022-12069088,O=Cc1cccc(OCCN2CCOCC2)c1,,,,"MolVec 0.9.8 (git b412dd0, Maven Central)",0.19395771017298102
uob,maybridge-0022-176610855,COc1cc(Br)cc(C=O)c1O,,,,"MolVec 0.9.8 (git b412dd0, Maven Central)",0.21566700795665383
uob,maybridge-0022-347480004,CC(C)(C)OC(=O)NCc1cccc(C=O)c1,,,,"MolVec 0.9.8 (git b412dd0, Maven Central)",0.22847138694487512
uob,maybridge-0022-353946344,O=Cc1cccc(-c2ccc(C(=O)O)cc2)c1,,,,"MolVec 0.9.8 (git b412dd0, Maven Central)",0.3190944117959589
uob,maybridge-0022-354610863,O=Cc1cccc(-c2cccc(C(=O)O)c2)c1,,,,"MolVec 0.9.8 (git b412dd0, Maven Central)",0.2676306748762727
uob,maybridge-0022-439834137,O=Cc1ccc(-c2cccc(C(=O)O)c2)cc1,,,,"MolVec 0.9.8 (git b412dd0, Maven Central)",0.2911387840285897
uob,maybridge-0022-546187915,O=Cc1ccc(-c2cncc(C(=O)O)c2)cc1,,,,"MolVec 0.9.8 (git b412dd0, Maven Central)",0.32024120911955833
uob,maybridge-0022-591111495,O=Cc1ccc(OCCN2CCOCC2)cc1,,,,"MolVec 0.9.8 (git b412dd0, Maven Central)",0.18235997296869755
uob,maybridge-0022-602054893,CC(C)(C)OC(=O)NCc1ccc(C=O)cc1,,,,"MolVec 0.9.8 (git b412dd0, Maven Central)",0.19662882015109062
uob,maybridge-0022-937409063,O=Cc1ccccc1OCCN1CCOCC1,,,,"MolVec 0.9.8 (git b412dd0, Maven Central)",0.21119692595675588
uob,maybridge-0022-976119145,O=Cc1ccc(-c2ccc(C(=O)O)cc2)cc1,,,,"MolVec 0.9.8 (git b412dd0, Maven Central)",0.3243350500706583
uob,maybridge-0023-166546481,Cc1ccc(Sc2ccc(C=O)cc2[N+](=O)[O-])cc1,,,,"MolVec 0.9.8 (git b412dd0, Maven Central)",0.21941121597774327
uob,maybridge-0023-172899859,O=Cc1cccc(NS(=O)(=O)c2ccccc2)c1,,,,"MolVec 0.9.8 (git b412dd0, Maven Central)",0.2778030950576067
uob,maybridge-0023-343322713,O=Cc1cc([N+](=O)[O-])ccc1N1CCOCC1,,,,"MolVec 0.9.8 (git b412dd0, Maven Central)",0.2368901940062642
uob,maybridge-0023-438222536,CC(C)(C)c1csc(-c2ccc(C=O)cc2)n1,,,,"MolVec 0.9.8 (git b412dd0, Maven Central)",0.32001558504998684
uob,maybridge-0023-519484819,O=Cc1ccc(-c2ccc(C(F)(F)F)cn2)cc1,,,,"MolVec 0.9.8 (git b412dd0, Maven Central)",0.3658361309207976
uob,maybridge-0023-706051556,Cc1ccc(Sc2ccc([N+](=O)[O-])cc2C=O)cc1,,,,"MolVec 0.9.8 (git b412dd0, Maven Central)",0.31634695595130324
uob,maybridge-0023-708274164,O=Cc1ccc(OCc2ccccc2)c(Cl)c1,,,,"MolVec 0.9.8 (git b412dd0, Maven Central)",0.3020571831148118
uob,maybridge-0023-712869484,COc1cc(C=O)ccc1OCc1ccccc1,,,,"MolVec 0.9.8 (git b412dd0, Maven Central)",0.2527318431530148
uob,maybridge-0023-749563100,O=Cc1ccc(OCc2c(F)cccc2Cl)cc1,,,,"MolVec 0.9.8 (git b412dd0, Maven Central)",0.28233116678893566
uob,maybridge-0023-830576397,Cc1ccc(O)cc1C=O,,,,"MolVec 0.9.8 (git b412dd0, Maven Central)",0.18291055504232645
uob,maybridge-0023-870167930,O=Cc1cc(C(F)(F)F)ccc1N1CCOCC1,,,,"MolVec 0.9.8 (git b412dd0, Maven Central)",0.29277264582924545
uob,maybridge-0023-897036367,Cc1ccc(C=O)cc1O,,,,"MolVec 0.9.8 (git b412dd0, Maven Central)",0.18785031395964324
uob,maybridge-0024-12692643,C#CC(C=O)c1ccc(Cl)cc1,,,,"MolVec 0.9.8 (git b412dd0, Maven Central)",0.21360972500406206
uob,maybridge-0024-143363106,O=Cc1ccccc1N1CCN(c2ccc(C(F)(F)F)cn2)CC1,,,,"MolVec 0.9.8 (git b412dd0, Maven Central)",0.33537436509504914
uob,maybridge-0024-389424273,CC(C)(C)OC(=O)N1CCN(c2ccccc2C=O)CC1,,,,"MolVec 0.9.8 (git b412dd0, Maven Central)",0.25063815293833613
uob,maybridge-0024-678882078,CC(C)(C)OC(=O)N1CCN(Cc2cccc(C=O)c2)CC1,,,,"MolVec 0.9.8 (git b412dd0, Maven Central)",0.3847561569418758
uob,maybridge-0024-760712190,O=Cc1ccccn1,,,,"MolVec 0.9.8 (git b412dd0, Maven Central)",0.14164190413430333
uob,maybridge-0024-761654611,O=Cc1cc(Br)ccc1OC1CC2CN(Cc3ccccc3)C1C2Br,,,,"MolVec 0.9.8 (git b412dd0, Maven Central)",0.8560979710891843
uob,maybridge-0024-864514934,CC(C)(C)OC(=O)N1CCN(c2ccc(C=O)cc2)CC1,,,,"MolVec 0.9.8 (git b412dd0, Maven Central)",0.35232163197360933
uob,maybridge-0024-867203624,O=Cc1ccccc1N1CCN(Cc2ccccc2)CC1,,,,"MolVec 0.9.8 (git b412dd0, Maven Central)",0.2900790988933295
uob,maybridge-0024-961701516,CC(C)(C)OC(=O)N1CCN(Cc2ccc(C=O)cc2)CC1,,,,"MolVec 0.9.8 (git b412dd0, Maven Central)",0.49637453188188374
uob,maybridge-0025-104156850,O=Cc1ccncc1,,,,"MolVec 0.9.8 (git b412dd0, Maven Central)",0.16909700399264693
uob,maybridge-0025-11435304,O=Cc1ccnc(Cl)c1,,,,"MolVec 0.9.8 (git b412dd0, Maven Central)",0.2067312141880393
uob,maybridge-0025-131836339,O=Cc1cccnc1N1CCCC1,,,,"MolVec 0.9.8 (git b412dd0, Maven Central)",0.21678032400086522
uob,maybridge-0025-180977208,CCN(CC)c1ccc(C=O)cn1,,,,"MolVec 0.9.8 (git b412dd0, Maven Central)",0.2269471080508083
uob,maybridge-0025-292118070,O=Cc1ccnc(N2CCCC2)c1,,,,"MolVec 0.9.8 (git b412dd0, Maven Central)",0.20366692985408008
uob,maybridge-0025-392308024,O=Cc1ccc(-c2ccccc2)nc1,,,,"MolVec 0.9.8 (git b412dd0, Maven Central)",0.2755262681748718
uob,maybridge-0025-394537414,CSc1nc(C=O)ccc1C#N,,,,"MolVec 0.9.8 (git b412dd0, Maven Central)",0.2065040802117437
uob,maybridge-0025-494531084,O=Cc1cccc(Br)n1,,,,"MolVec 0.9.8 (git b412dd0, Maven Central)",0.12609451985917985
uob,maybridge-0025-502025152,O=Cc1cccc(N2CCCC2)n1,,,,"MolVec 0.9.8 (git b412dd0, Maven Central)",0.16088321106508374
uob,maybridge-0025-811755145,O=Cc1ncccc1F,,,,"MolVec 0.9.8 (git b412dd0, Maven Central)",0.14515619492158294
uob,maybridge-0025-903926702,O=Cc1cccnc1,,,,"MolVec 0.9.8 (git b412dd0, Maven Central)",0.15411936095915735
uob,maybridge-0025-952537317,O=Cc1ccc(N2CCCC2)nc1,,,,"MolVec 0.9.8 (git b412dd0, Maven Central)",0.23165470105595887
uob,maybridge-0026-167969881,O=Cc1ccnc(N2CCCCC2)c1,,,,"MolVec 0.9.8 (git b412dd0, Maven Central)",0.2370054661296308
uob,maybridge-0026-287522378,O=Cc1ccc(N2CCOCC2)nc1,,,,"MolVec 0.9.8 (git b412dd0, Maven Central)",0.17359493602998555
uob,maybridge-0026-298722160,O=Cc1ccc(N2CCCCC2)nc1,,,,"MolVec 0.9.8 (git b412dd0, Maven Central)",0.18196332990191877
uob,maybridge-0026-300647699,O=Cc1ccc(Oc2ccccc2)nc1,,,,"MolVec 0.9.8 (git b412dd0, Maven Central)",0.23087885812856257
uob,maybridge-0026-353001500,O=Cc1cccnc1N1CCOCC1,,,,"MolVec 0.9.8 (git b412dd0, Maven Central)",0.23956712614744902
uob,maybridge-0026-465514910,O=Cc1cccc(N2CCOCC2)n1,,,,"MolVec 0.9.8 (git b412dd0, Maven Central)",0.22844812204129994
uob,maybridge-0026-469882220,O=Cc1cc(Br)cnc1Br,,,,"MolVec 0.9.8 (git b412dd0, Maven Central)",0.1415011310018599
uob,maybridge-0026-504404946,CC(C)(C)C(=O)Nc1ccncc1C=O,,,,"MolVec 0.9.8 (git b412dd0, Maven Central)",0.22746280813589692
uob,maybridge-0026-579206894,O=Cc1ccnc(N2CCOCC2)c1,,,,"MolVec 0.9.8 (git b412dd0, Maven Central)",0.2505926920566708
uob,maybridge-0026-580208341,O=Cc1cccc(N2CCCCC2)n1,,,,"MolVec 0.9.8 (git b412dd0, Maven Central)",0.2167023050133139
uob,maybridge-0026-763085722,O=Cc1ccc(Br)cn1,,,,"MolVec 0.9.8 (git b412dd0, Maven Central)",0.13166167307645082
uob,maybridge-0026-989802847,CC(C)(C)C(=O)Nc1ncccc1C=O,,,,"MolVec 0.9.8 (git b412dd0, Maven Central)",0.212614358169958
uob,maybridge-0027-108506470,O=CC1CCN(C(=O)OCc2ccccc2)CC1,,,,"MolVec 0.9.8 (git b412dd0, Maven Central)",0.3139305750373751
uob,maybridge-0027-112723827,O=CC1=COCCC1,,,,"MolVec 0.9.8 (git b412dd0, Maven Central)",0.15182825992815197
uob,maybridge-0027-172757872,Cc1cncc(N2CCC(C=O)CC2)n1,,,,"MolVec 0.9.8 (git b412dd0, Maven Central)",0.20180010003969073
uob,maybridge-0027-203369770,CC1CCN(CC(C)(C)C=O)CC1,,,,"MolVec 0.9.8 (git b412dd0, Maven Central)",0.1360742338001728
uob,maybridge-0027-390188669,Cn1c(C=O)cc2sccc21,,,,"MolVec 0.9.8 (git b412dd0, Maven Central)",0.19953494612127542
uob,maybridge-0027-596445342,O=Cc1cn2ccsc2n1,,,,"MolVec 0.9.8 (git b412dd0, Maven Central)",0.13194509083405137
uob,maybridge-0027-652497015,CC(C)(C)OC(=O)N1CCN(c2ccc(C=O)cn2)CC1,,,,"MolVec 0.9.8 (git b412dd0, Maven Central)",0.35081091593019664
uob,maybridge-0027-753608034,Cc1nc(-c2ccccc2)ncc1C=O,,,,"MolVec 0.9.8 (git b412dd0, Maven Central)",0.19969164114445448
uob,maybridge-0027-772821686,Cc1csc2sc(C=O)c(C)c12,,,,"MolVec 0.9.8 (git b412dd0, Maven Central)",0.28905754000879824
uob,maybridge-0027-903291824,COC(=O)c1cc2oc(C=O)cc2n1C,,,,"MolVec 0.9.8 (git b412dd0, Maven Central)",0.3318658887874335
uob,maybridge-0028-1022023043,O=Cc1c(-c2ccc(Cl)cc2)[nH]c2ccccc12,,,,"MolVec 0.9.8 (git b412dd0, Maven Central)",0.44559509097598493
uob,maybridge-0028-172062866,O=Cc1cn(Cc2ccccc2)c2ccccc12,,,,"MolVec 0.9.8 (git b412dd0, Maven Central)",0.3045288259163499
uob,maybridge-0028-260669313,O=Cc1c[nH]c2cc(Br)ccc12,,,,"MolVec 0.9.8 (git b412dd0, Maven Central)",0.20743427611887455
uob,maybridge-0028-263757204,O=Cc1c[nH]c2ccc(Br)cc12,,,,"MolVec 0.9.8 (git b412dd0, Maven Central)",0.23921085894107819
uob,maybridge-0028-311851133,O=Cc1c[nH]c2c(C(=O)O)cccc12,,,,"MolVec 0.9.8 (git b412dd0, Maven Central)",0.3622424949426204
uob,maybridge-0028-481660678,O=Cc1c[nH]c2ccc(Cl)cc12,,,,"MolVec 0.9.8 (git b412dd0, Maven Central)",0.2050642380490899
uob,maybridge-0028-600239597,Cc1[nH]c2ccc([N+](=O)[O-])cc2c1C=O,,,,"MolVec 0.9.8 (git b412dd0, Maven Central)",0.25740201584994793
uob,maybridge-0028-691241908,O=Cc1c[nH]c2ccc([N+](=O)[O-])cc12,,,,"MolVec 0.9.8 (git b412dd0, Maven Central)",0.2561768980231136
uob,maybridge-0028-697897375,Cc1[nH]c2ccccc2c1C=O,,,,"MolVec 0.9.8 (git b412dd0, Maven Central)",0.1800177909899503
uob,maybridge-0028-769788358,O=Cc1c(-c2ccccc2)nc2n1CCS2,,,,"MolVec 0.9.8 (git b412dd0, Maven Central)",0.21571876807138324
uob,maybridge-0028-83643773,O=Cc1c[nH]c2cccc(Br)c12,,,,"MolVec 0.9.8 (git b412dd0, Maven Central)",0.27157429698854685
uob,maybridge-0029-208975223,Cn1ccc2cc(C=O)ccc21,,,,"MolVec 0.9.8 (git b412dd0, Maven Central)",0.20123254996724427
uob,maybridge-0029-232168044,Cn1ccc2ccc(C=O)cc21,,,,"MolVec 0.9.8 (git b412dd0, Maven Central)",0.19791619502939284
uob,maybridge-0029-340353611,Cn1ccc2c(C=O)cccc21,,,,"MolVec 0.9.8 (git b412dd0, Maven Central)",0.25037265894934535
uob,maybridge-0029-41024032,COC(=O)c1ccc2c(C=O)cn(C(=O)OC(C)(C)C)c2c1,,,,"MolVec 0.9.8 (git b412dd0, Maven Central)",0.47875236812978983
uob,maybridge-0029-444572425,CCOC(=O)c1[nH]c2cc(Cl)cc(Cl)c2c1C=O,,,,"MolVec 0.9.8 (git b412dd0, Maven Central)",0.4321538829244673
uob,maybridge-0029-493255710,O=Cc1cccc2[nH]ccc12,,,,"MolVec 0.9.8 (git b412dd0, Maven Central)",0.24502882501110435
uob,maybridge-0029-495773016,Cc1ccc(S(=O)(=O)n2cc(C=O)c3ccccc32)cc1,,,,"MolVec 0.9.8 (git b412dd0, Maven Central)",0.34023761097341776
uob,maybridge-0029-645138162,Cn1nc2ccccc2c1C=O,,,,"MolVec 0.9.8 (git b412dd0, Maven Central)",0.22669227910228074
uob,maybridge-0029-757102356,O=Cc1cc2ccccc2n1S(=O)(=O)c1ccccc1,,,,"MolVec 0.9.8 (git b412dd0, Maven Central)",0.3907138230279088
uob,maybridge-0029-778346576,O=Cc1cn(S(=O)(=O)c2ccccc2)c2ccccc12,,,,"MolVec 0.9.8 (git b412dd0, Maven Central)",0.36383471405133605
uob,maybridge-0029-921977932,Cn1nc(C=O)c2ccccc21,,,,"MolVec 0.9.8 (git b412dd0, Maven Central)",0.2873706000391394
uob,maybridge-0030-1026693451,O=Cc1ccc2nccn2c1,,,,"MolVec 0.9.8 (git b412dd0, Maven Central)",0.22353710001334548
uob,maybridge-0030-334026676,O=Cc1ccc2occc2c1,,,,"MolVec 0.9.8 (git b412dd0, Maven Central)",0.22469669301062822
uob,maybridge-0030-462577237,O=Cc1cc2cc(Br)ccc2o1,,,,"MolVec 0.9.8 (git b412dd0, Maven Central)",0.21301375003531575
uob,maybridge-0030-525989349,Cc1nc2ccccn2c1C=O,,,,"MolVec 0.9.8 (git b412dd0, Maven Central)",0.27089784014970064
uob,maybridge-0030-57823781,O=CCc1coc2ccccc12,,,,"MolVec 0.9.8 (git b412dd0, Maven Central)",0.2785784180741757
uob,maybridge-0030-610371724,O=Cc1cc2ccccc2o1,,,,"MolVec 0.9.8 (git b412dd0, Maven Central)",0.22945539699867368
uob,maybridge-0030-650759429,Cn1c(C=O)nc2ccccc21,,,,"MolVec 0.9.8 (git b412dd0, Maven Central)",0.2677635659929365
uob,maybridge-0030-720507308,O=Cc1cn2ccccc2n1,,,,"MolVec 0.9.8 (git b412dd0, Maven Central)",0.23582955193705857
uob,maybridge-0030-722865632,O=Cc1cccc2c1OCC2,,,,"MolVec 0.9.8 (git b412dd0, Maven Central)",0.21553534688428044
uob,maybridge-0030-740091019,O=Cc1ccc2[nH]cnc2c1,,,,"MolVec 0.9.8 (git b412dd0, Maven Central)",0.1770270869601518
uob,maybridge-0030-837708938,Cn1nnc2cc(C=O)ccc21,,,,"MolVec 0.9.8 (git b412dd0, Maven Central)",0.20600504404865205
uob,maybridge-0030-845611576,O=Cc1ccc2c(c1)CCO2,,,,"MolVec 0.9.8 (git b412dd0, Maven Central)",0.16225637402385473
uob,maybridge-0031-1034221006,O=Cc1csc2ccc(Cl)cc12,,,,"MolVec 0.9.8 (git b412dd0, Maven Central)",0.2437969669699669
uob,maybridge-0031-1067587314,Cc1c(C=O)sc2ccccc12,,,,"MolVec 0.9.8 (git b412dd0, Maven Central)",0.2659439139533788
uob,maybridge-0031-161644794,O=Cc1csc2ccc(Br)cc12,,,,"MolVec 0.9.8 (git b412dd0, Maven Central)",0.23680718010291457
uob,maybridge-0031-183661644,Cc1ccc2sc(C=O)cc2c1,,,,"MolVec 0.9.8 (git b412dd0, Maven Central)",0.21875909017398953
uob,maybridge-0031-471594115,O=Cc1c(Br)sc2ccc(Cl)cc12,,,,"MolVec 0.9.8 (git b412dd0, Maven Central)",0.2487711450085044
uob,maybridge-0031-496272859,O=Cc1cc2c(cc1Br)OCO2,,,,"MolVec 0.9.8 (git b412dd0, Maven Central)",0.20335086295381188
uob,maybridge-0031-546732555,O=Cc1ccc2sccc2c1,,,,"MolVec 0.9.8 (git b412dd0, Maven Central)",0.18360407510772347
uob,maybridge-0031-719238041,O=Cc1cc2ccccc2s1,,,,"MolVec 0.9.8 (git b412dd0, Maven Central)",0.25834622886031866
uob,maybridge-0031-888855354,O=Cc1csc2ccccc12,,,,"MolVec 0.9.8 (git b412dd0, Maven Central)",0.24340565991587937
uob,maybridge-0031-949855781,O=Cc1cc(Br)cc2c1OCC2,,,,"MolVec 0.9.8 (git b412dd0, Maven Central)",0.22568686306476593
uob,maybridge-0031-976963945,CC1(C)Cc2cccc(C=O)c2O1,,,,"MolVec 0.9.8 (git b412dd0, Maven Central)",0.2527653800789267
uob,maybridge-0031-996481701,O=Cc1cccc2c1OCO2,,,,"MolVec 0.9.8 (git b412dd0, Maven Central)",0.18001523381099105
uob,maybridge-0032-1055154188,O=Cc1cc2nccnc2s1,,,,"MolVec 0.9.8 (git b412dd0, Maven Central)",0.21385805099271238
uob,maybridge-0032-263948909,CN(C)c1nc2ccccc2cc1C=O,,,,"MolVec 0.9.8 (git b412dd0, Maven Central)",0.2343956797849387
uob,maybridge-0032-266265990,O=Cc1cccc2cccnc12,,,,"MolVec 0.9.8 (git b412dd0, Maven Central)",0.23498533596284688
uob,maybridge-0032-326557089,O=Cc1sc(Br)c2c1OCCO2,,,,"MolVec 0.9.8 (git b412dd0, Maven Central)",0.19030819088220596
uob,maybridge-0032-340359928,O=Cc1ccc2nonc2c1,,,,"MolVec 0.9.8 (git b412dd0, Maven Central)",0.19864209205843508
uob,maybridge-0032-347173160,O=Cc1nc2ccccc2s1,,,,"MolVec 0.9.8 (git b412dd0, Maven Central)",0.19982638792134821
uob,maybridge-0032-395344128,O=Cc1cccc2nsnc12,,,,"MolVec 0.9.8 (git b412dd0, Maven Central)",0.21787355607375503
uob,maybridge-0032-516145029,O=Cc1cc2cccnc2s1,,,,"MolVec 0.9.8 (git b412dd0, Maven Central)",0.23418068699538708
uob,maybridge-0032-793597373,N=C1C=CC(C=O)=CC1=N,,,,"MolVec 0.9.8 (git b412dd0, Maven Central)",0.2142325669992715
uob,maybridge-0032-965423423,O=Cc1ccc2snnc2c1,,,,"MolVec 0.9.8 (git b412dd0, Maven Central)",0.19967245194129646
uob,maybridge-0032-972013081,O=Cc1scc2c1OCCO2,,,,"MolVec 0.9.8 (git b412dd0, Maven Central)",0.19907111185602844
uob,maybridge-0033-157002961,O=Cc1cccc2c1OCCO2,,,,"MolVec 0.9.8 (git b412dd0, Maven Central)",0.19414061307907104
uob,maybridge-0033-179673025,O=Cc1nc(-c2ccccc2Cl)c2cc(Cl)ccc2n1,,,,"MolVec 0.9.8 (git b412dd0, Maven Central)",0.3794492210727185
uob,maybridge-0033-262921028,O=CC1=C(Cl)c2cc(Cl)ccc2SC1,,,,"MolVec 0.9.8 (git b412dd0, Maven Central)",0.2983431101310998
uob,maybridge-0033-571342672,O=Cc1ccc2ncccc2c1,,,,"MolVec 0.9.8 (git b412dd0, Maven Central)",0.2400792760308832
uob,maybridge-0033-761224856,O=Cc1ccc2cccnc2n1,,,,"MolVec 0.9.8 (git b412dd0, Maven Central)",0.21942245005629957
uob,maybridge-0033-771046002,CC1(C)CCc2cc(C=O)ccc2O1,,,,"MolVec 0.9.8 (git b412dd0, Maven Central)",0.26810430618934333
uob,maybridge-0033-781821852,Cc1ccc2cc(C=O)ccc2n1,,,,"MolVec 0.9.8 (git b412dd0, Maven Central)",0.2169423659797758
uob,maybridge-0033-78195468,O=Cc1ccc2c(c1)OCCO2,,,,"MolVec 0.9.8 (git b412dd0, Maven Central)",0.18891645898111165
uob,maybridge-0033-865563773,O=Cc1cc(F)cc2c1OCOC2,,,,"MolVec 0.9.8 (git b412dd0, Maven Central)",0.22506621410138905
uob,maybridge-0033-882430545,O=CC1=Cc2ccccc2OC1,,,,"MolVec 0.9.8 (git b412dd0, Maven Central)",0.17210894008167088
uob,maybridge-0033-95463084,O=Cc1cnc2ccccc2n1,,,,"MolVec 0.9.8 (git b412dd0, Maven Central)",0.16150693502277136
uob,maybridge-0034-247422296,C/C(C=O)=C\N,,,,"MolVec 0.9.8 (git b412dd0, Maven Central)",0.07875801203772426
uob,maybridge-0034-285499597,CN1CCOc2cc(C=O)ccc21,,,,"MolVec 0.9.8 (git b412dd0, Maven Central)",0.20023005595430732
uob,maybridge-0034-33440082,O=Cc1cccc2c1OCCCO2,,,,"MolVec 0.9.8 (git b412dd0, Maven Central)",0.2298037859145552
uob,maybridge-0034-686414387,O=Cc1ccc2oc3ccccc3c2c1,,,,"MolVec 0.9.8 (git b412dd0, Maven Central)",0.26210611197166145
uob,maybridge-0034-705290245,O=Cc1ccc2c(c1)OCCCO2,,,,"MolVec 0.9.8 (git b412dd0, Maven Central)",0.23792228288948536
uob,maybridge-0034-916438308,O=Cc1nc2ccccc2c2ncccc12,,,,"MolVec 0.9.8 (git b412dd0, Maven Central)",0.30837814696133137
uob,maybridge-0035-191312652,[O-]=[S+]C1=C(C2OCCO2)C=CS1,,,,"MolVec 0.9.8 (git b412dd0, Maven Central)",0.23195533896796405
uob,maybridge-0035-205681197,COC(=O)c1cc(C#N)c(S)nc1C(OC)OC,,,,"MolVec 0.9.8 (git b412dd0, Maven Central)",0.2811131039634347
uob,maybridge-0035-217038974,[O-]=[S+]C1=CC=C(C2OCCO2)S1,,,,"MolVec 0.9.8 (git b412dd0, Maven Central)",0.17806150880642235
uob,maybridge-0035-324744504,[O-]=[S+]C1=C(C2OCCO2)C=CS1,,,,"MolVec 0.9.8 (git b412dd0, Maven Central)",0.23743968200869858
uob,maybridge-0035-644366050,COC(OC)c1ccnc(C)n1,,,,"MolVec 0.9.8 (git b412dd0, Maven Central)",0.15581354196183383
uob,maybridge-0035-730025057,NC(=S)c1ccc(C2OCCO2)cc1,,,,"MolVec 0.9.8 (git b412dd0, Maven Central)",0.26031768997199833
uob,maybridge-0035-73346711,Nc1cccc(C2OCCCO2)c1,,,,"MolVec 0.9.8 (git b412dd0, Maven Central)",0.17608524300158024
uob,maybridge-0035-745125897,COC(OC)c1ccc(C#N)c(S)n1,,,,"MolVec 0.9.8 (git b412dd0, Maven Central)",0.27440783893689513
uob,maybridge-0035-812243508,[O-]=[S+]C1=CC=C(C2OCCO2)O1,,,,"MolVec 0.9.8 (git b412dd0, Maven Central)",0.2267838940024376
uob,maybridge-0036-482198196,CCOC(OCC)C(N)=S,,,,"MolVec 0.9.8 (git b412dd0, Maven Central)",0.14547110488638282
uob,maybridge-0036-659036199,CCOC(=O)C(OCC)OCC,,,,"MolVec 0.9.8 (git b412dd0, Maven Central)",0.16235434915870428
uob,maybridge-0036-776357307,CC.CNC(C)OC,,,,"MolVec 0.9.8 (git b412dd0, Maven Central)",0.11300113401375711
uob,maybridge-0036-800569939,COC(OC)C(=O)/C=C/N(C)C,,,,"MolVec 0.9.8 (git b412dd0, Maven Central)",0.16442885901778936
uob,maybridge-0036-883731824,CCOC(OCC)c1cc(Cl)nc(SCc2ccccc2)n1,,,,"MolVec 0.9.8 (git b412dd0, Maven Central)",0.3956824780907482
uob,maybridge-0036-943591615,COC(CN)OC,,,,"MolVec 0.9.8 (git b412dd0, Maven Central)",0.12730497191660106
uob,maybridge-0036-97099060,CC1(C)COC(C2CCNCC2)OC1.O=C(O)C(=O)O,,,,"MolVec 0.9.8 (git b412dd0, Maven Central)",0.3525484479032457
uob,maybridge-0037-1025422801,C#Cc1cccs1,,,,"MolVec 0.9.8 (git b412dd0, Maven Central)",0.1351000510621816
uob,maybridge-0037-12437299,C#Cc1ccc(OCCC)cc1,,,,"MolVec 0.9.8 (git b412dd0, Maven Central)",0.17402683710679412
uob,maybridge-0037-139219285,C#Cc1ccc(-c2cnco2)cc1,,,,"MolVec 0.9.8 (git b412dd0, Maven Central)",0.2557715049479157
uob,maybridge-0037-215604916,C#Cc1ccc(-c2ccccc2)cc1,,,,"MolVec 0.9.8 (git b412dd0, Maven Central)",0.18954417505301535
uob,maybridge-0037-526785039,O=Cc1ccc(C#Cc2ccccc2)s1,,,,"MolVec 0.9.8 (git b412dd0, Maven Central)",0.5387344700284302
uob,maybridge-0037-593037080,C#Cc1ccc(CCCC)cc1,,,,"MolVec 0.9.8 (git b412dd0, Maven Central)",0.15234695794060826
uob,maybridge-0037-603313261,O=Cc1cc(C#Cc2ccccc2)cs1,,,,"MolVec 0.9.8 (git b412dd0, Maven Central)",0.351703398860991
uob,maybridge-0037-646007165,C#Cc1ccc(CCC)cc1,,,,"MolVec 0.9.8 (git b412dd0, Maven Central)",0.1303071731235832
uob,maybridge-0037-66641664,C#Cc1ccc(-c2ccccn2)s1,,,,"MolVec 0.9.8 (git b412dd0, Maven Central)",0.3577680259477347
uob,maybridge-0037-890617298,O=C(O)c1ccc(C#Cc2ccccc2)o1,,,,"MolVec 0.9.8 (git b412dd0, Maven Central)",0.6693913370836526
uob,maybridge-0037-995192589,C#Cc1ccc(OC)cc1,,,,"MolVec 0.9.8 (git b412dd0, Maven Central)",0.16145985596813262
uob,maybridge-0038-103932498,C#CCNC(N)=O,,,,"MolVec 0.9.8 (git b412dd0, Maven Central)",0.12356051220558584
uob,maybridge-0038-237169443,C#Cc1ccc2nccnc2c1,,,,"MolVec 0.9.8 (git b412dd0, Maven Central)",0.1933041550219059
uob,maybridge-0038-252751866,CCCCC#Cc1cncc(C(=O)O)c1,,,,"MolVec 0.9.8 (git b412dd0, Maven Central)",0.30893546901643276
uob,maybridge-0038-49173393,C#CC(=O)OCC,,,,"MolVec 0.9.8 (git b412dd0, Maven Central)",0.09803392901085317
uob,maybridge-0038-73849383,C#CCN1CCS(=O)CC1,,,,"MolVec 0.9.8 (git b412dd0, Maven Central)",0.16034564678557217
uob,maybridge-0038-7388334,O=C(O)c1cncc(C#Cc2ccccc2)c1,,,,"MolVec 0.9.8 (git b412dd0, Maven Central)",0.2581254958640784
uob,maybridge-0038-785865813,C#Cc1ccc(CCCCCC)cc1,,,,"MolVec 0.9.8 (git b412dd0, Maven Central)",0.17591857514344156
uob,maybridge-0038-907975410,N#Cc1cncc(C#Cc2ccccc2)c1,,,,"MolVec 0.9.8 (git b412dd0, Maven Central)",0.27090711891651154
uob,maybridge-0038-964926829,CCCCC#Cc1ccc(C=O)cc1,,,,"MolVec 0.9.8 (git b412dd0, Maven Central)",0.21075512887910008
uob,maybridge-0038-98174404,C#CC(=O)OC,,,,"MolVec 0.9.8 (git b412dd0, Maven Central)",0.09151595598086715
uob,maybridge-0038-999118918,C#CCOc1c(Cl)cccc1Cl,,,,"MolVec 0.9.8 (git b412dd0, Maven Central)",0.20079790917225182
uob,maybridge-0039-1046563186,N=C(N)c1cc(Cl)cc(Cl)c1,,,,"MolVec 0.9.8 (git b412dd0, Maven Central)",0.23271149792708457
uob,maybridge-0039-1071716748,Cc1nc(C(=N)N)cs1,,,,"MolVec 0.9.8 (git b412dd0, Maven Central)",0.1979429661296308
uob,maybridge-0039-12916969,N=C(N)c1ccsc1,,,,"MolVec 0.9.8 (git b412dd0, Maven Central)",0.19880500598810613
uob,maybridge-0039-179999723,N=C(N)c1ccoc1,,,,"MolVec 0.9.8 (git b412dd0, Maven Central)",0.20825597504153848
uob,maybridge-0039-549187902,Cc1cccc(C(=N)N)c1,,,,"MolVec 0.9.8 (git b412dd0, Maven Central)",0.2115953890606761
uob,maybridge-0039-574869421,N=C(N)C1CC1,,,,"MolVec 0.9.8 (git b412dd0, Maven Central)",0.1370352478697896
uob,maybridge-0039-736291733,N=C(N)c1cccs1,,,,"MolVec 0.9.8 (git b412dd0, Maven Central)",0.19599610893055797
uob,maybridge-0039-769726657,Cc1ccc(C(=N)N)cc1,,,,"MolVec 0.9.8 (git b412dd0, Maven Central)",0.2254735459573567
uob,maybridge-0039-833721898,CCOC(=O)/C=C/c1ccc(C(=N)N)cc1,,,,"MolVec 0.9.8 (git b412dd0, Maven Central)",0.3215571269392967
uob,maybridge-0039-856630324,N=C(N)c1ccc(Cl)cc1,,,,"MolVec 0.9.8 (git b412dd0, Maven Central)",0.20763660897500813
uob,maybridge-0040-1028469667,N=C(N)COc1ccccc1,,,,"MolVec 0.9.8 (git b412dd0, Maven Central)",0.22566849808208644
uob,maybridge-0040-1041394377,N=C(N)c1ccccn1,,,,"MolVec 0.9.8 (git b412dd0, Maven Central)",0.20884044095873833
uob,maybridge-0040-1196965,N=C(N)c1ccc(C(F)(F)F)cc1,,,,"MolVec 0.9.8 (git b412dd0, Maven Central)",0.29347456293180585
uob,maybridge-0040-194822866,N=C(N)COc1ccccc1Cl,,,,"MolVec 0.9.8 (git b412dd0, Maven Central)",0.2466917778365314
uob,maybridge-0040-246731426,N=C(N)c1ccncc1,,,,"MolVec 0.9.8 (git b412dd0, Maven Central)",0.17213091510348022
uob,maybridge-0040-428323656,CC(C)(C)c1ccc(OCC(=N)N)cc1,,,,"MolVec 0.9.8 (git b412dd0, Maven Central)",0.29936086013913155
uob,maybridge-0040-522737043,N=C(N)c1cccnc1,,,,"MolVec 0.9.8 (git b412dd0, Maven Central)",0.2139413319528103
uob,maybridge-0040-78101074,N=C(N)c1cc(C(F)(F)F)cc(C(F)(F)F)c1,,,,"MolVec 0.9.8 (git b412dd0, Maven Central)",0.40403354703448713
uob,maybridge-0040-789715446,N=C(N)CSc1ccccc1,,,,"MolVec 0.9.8 (git b412dd0, Maven Central)",0.2206571630667895
uob,maybridge-0040-91071010,NC1=[N+](Cl)c2cccc(Cl)c2C1,,,,"MolVec 0.9.8 (git b412dd0, Maven Central)",0.2609775841701776
uob,maybridge-0041-140481125,CC(C)C(=N)N,,,,"MolVec 0.9.8 (git b412dd0, Maven Central)",0.13012117403559387
uob,maybridge-0041-487015617,N=C(N)c1csc2ccccc12,,,,"MolVec 0.9.8 (git b412dd0, Maven Central)",0.38697583111934364
uob,maybridge-0041-920656176,CC(C)(C)C(=N)N,,,,"MolVec 0.9.8 (git b412dd0, Maven Central)",0.15902958484366536
uob,maybridge-0041-985735884,CC(=N)N,,,,"MolVec 0.9.8 (git b412dd0, Maven Central)",0.11929252906702459
uob,maybridge-0042-423725235,N/C(=N\O)c1ccccc1,,,,"MolVec 0.9.8 (git b412dd0, Maven Central)",0.18649230198934674
uob,maybridge-0042-489982083,Cn1c(SC/C(N)=N/O)nnc1-c1ccc(C(C)(C)C)cc1,,,,"MolVec 0.9.8 (git b412dd0, Maven Central)",0.43190505588427186
uob,maybridge-0042-497438073,N/C(=N\O)c1ccc(Cl)cc1,,,,"MolVec 0.9.8 (git b412dd0, Maven Central)",0.21403369097970426
uob,maybridge-0042-620903501,N/C(CCN(Cc1ccco1)S(=O)(=O)c1ccc(Cl)cc1)=N\O,,,,"MolVec 0.9.8 (git b412dd0, Maven Central)",0.3467908501625061
uob,maybridge-0042-74480719,Cc1cccc(/C(N)=N/O)c1,,,,"MolVec 0.9.8 (git b412dd0, Maven Central)",0.1790883548092097
uob,maybridge-0042-774102620,N/C(=N\O)c1cccc(C(=O)O)c1,,,,"MolVec 0.9.8 (git b412dd0, Maven Central)",0.23879591096192598
uob,maybridge-0042-8207524,N/C(=N\O)c1cc(F)c(F)cc1F,,,,"MolVec 0.9.8 (git b412dd0, Maven Central)",0.2173878240864724
uob,maybridge-0042-869158189,COc1ccc(/C(N)=N/O)cc1,,,,"MolVec 0.9.8 (git b412dd0, Maven Central)",0.18458402017131448
uob,maybridge-0042-90756505,N/C(=N\O)c1cccc(Cl)c1,,,,"MolVec 0.9.8 (git b412dd0, Maven Central)",0.1717905979603529
uob,maybridge-0042-908181538,N/C(=N\O)C1CC1,,,,"MolVec 0.9.8 (git b412dd0, Maven Central)",0.13903224491514266
uob,maybridge-0043-1047359313,Cc1nc(COc2ccc(C(=N)N)cc2)cs1,,,,"MolVec 0.9.8 (git b412dd0, Maven Central)",0.33139087399467826
uob,maybridge-0043-557495036,N/C(Cc1ccccc1)=N\O,,,,"MolVec 0.9.8 (git b412dd0, Maven Central)",0.139530060114339
uob,maybridge-0043-56360413,N/C(Cc1ccc(F)cc1Cl)=N\O,,,,"MolVec 0.9.8 (git b412dd0, Maven Central)",0.2323546300176531
uob,maybridge-0043-586287921,N=C(N)c1ccccc1OC(F)(F)F,,,,"MolVec 0.9.8 (git b412dd0, Maven Central)",0.2462774170562625
uob,maybridge-0043-620617860,N/C(=N\O)c1cccc(Cl)c1Cl,,,,"MolVec 0.9.8 (git b412dd0, Maven Central)",0.2390151470899582
uob,maybridge-0043-782364734,COC(=O)c1ccc(/C(N)=N/O)cc1,,,,"MolVec 0.9.8 (git b412dd0, Maven Central)",0.30959932086989284
uob,maybridge-0043-788610000,N=C(N)c1ccc(C(F)(F)F)cc1,,,,"MolVec 0.9.8 (git b412dd0, Maven Central)",0.24353632400743663
uob,maybridge-0043-824407927,CCCOc1ccc(/C(N)=N/O)cc1,,,,"MolVec 0.9.8 (git b412dd0, Maven Central)",0.2717003000434488
uob,maybridge-0043-891912070,N/C(=N\O)c1c(Cl)cccc1Cl,,,,"MolVec 0.9.8 (git b412dd0, Maven Central)",0.20831010187976062
uob,maybridge-0043-922050263,N=C(N)c1ccc(OC(F)(F)F)cc1,,,,"MolVec 0.9.8 (git b412dd0, Maven Central)",0.29277599113993347
uob,maybridge-0044-231136902,N/C(=N\O)c1cnccc1C(F)(F)F,,,,"MolVec 0.9.8 (git b412dd0, Maven Central)",0.2077781679108739
uob,maybridge-0044-325340749,N=C(N)c1cccnc1,,,,"MolVec 0.9.8 (git b412dd0, Maven Central)",0.21390636381693184
uob,maybridge-0044-585404311,N/C(=N\O)c1ccc2ccccc2c1,,,,"MolVec 0.9.8 (git b412dd0, Maven Central)",0.2535237648990005
uob,maybridge-0044-599687721,N/C(=N\O)c1ccccn1,,,,"MolVec 0.9.8 (git b412dd0, Maven Central)",0.2145731330383569
uob,maybridge-0044-800019073,N/C(C[S+]([O-])c1ccccc1)=N\O,,,,"MolVec 0.9.8 (git b412dd0, Maven Central)",0.22734520584344864
uob,maybridge-0044-80246501,Cc1cccnc1/C(N)=N/O,,,,"MolVec 0.9.8 (git b412dd0, Maven Central)",0.20677086291834712
uob,maybridge-0044-83642658,N=C(N)c1ccncc1,,,,"MolVec 0.9.8 (git b412dd0, Maven Central)",0.1722320169210434
uob,maybridge-0044-853606843,Cc1ccc(S(=O)C/C(N)=N/O)cc1,,,,"MolVec 0.9.8 (git b412dd0, Maven Central)",0.2634561469312757
uob,maybridge-0044-935991192,N/C(COc1ccccc1)=N\O,,,,"MolVec 0.9.8 (git b412dd0, Maven Central)",0.21905367611907423
uob,maybridge-0044-9680666,N/C(CSc1ncccc1C(F)(F)F)=N\O,,,,"MolVec 0.9.8 (git b412dd0, Maven Central)",0.27256389800459146
uob,maybridge-0044-983785475,Cn1c(=O)c(/C(N)=N/O)cn(-c2ccccc2)c1=O,,,,"MolVec 0.9.8 (git b412dd0, Maven Central)",0.3059695439878851
uob,maybridge-0045-200838276,CCCC(=N)N,,,,"MolVec 0.9.8 (git b412dd0, Maven Central)",0.13165699713863432
uob,maybridge-0045-694126897,CC(C)/C(N)=N/O,,,,"MolVec 0.9.8 (git b412dd0, Maven Central)",0.12463593715801835
uob,maybridge-0045-731197154,COc1ccc(C(=N)N)c2ccccc12,,,,"MolVec 0.9.8 (git b412dd0, Maven Central)",0.31937807402573526
uob,maybridge-0046-132210112,CNCc1cc(C)n(C)n1,,,,"MolVec 0.9.8 (git b412dd0, Maven Central)",0.18751201196573675
uob,maybridge-0046-242078694,Cn1cccc1CN,,,,"MolVec 0.9.8 (git b412dd0, Maven Central)",0.1142328989226371
uob,maybridge-0046-243178405,Cn1nc(-c2ccccc2)cc1CN,,,,"MolVec 0.9.8 (git b412dd0, Maven Central)",0.2396850069053471
uob,maybridge-0046-362266081,Cc1cc(CN)n(C)n1,,,,"MolVec 0.9.8 (git b412dd0, Maven Central)",0.15379952313378453
uob,maybridge-0046-390431342,Cc1nn(C)c(C)c1CN,,,,"MolVec 0.9.8 (git b412dd0, Maven Central)",0.149718880886212
uob,maybridge-0046-406943964,Cc1cc(CN)nn1C,,,,"MolVec 0.9.8 (git b412dd0, Maven Central)",0.16321089095436037
uob,maybridge-0046-434419532,Cn1nc(-c2cccs2)cc1CN,,,,"MolVec 0.9.8 (git b412dd0, Maven Central)",0.2671265008393675
uob,maybridge-0046-520302160,Cn1nc(CN)cc1-c1ccccc1,,,,"MolVec 0.9.8 (git b412dd0, Maven Central)",0.32115177484229207
uob,maybridge-0046-626039269,Cc1ccc(CN)n1C,,,,"MolVec 0.9.8 (git b412dd0, Maven Central)",0.12275598011910915
uob,maybridge-0046-639744379,CNCc1cc(-c2ccccc2)nn1C,,,,"MolVec 0.9.8 (git b412dd0, Maven Central)",0.23185897711664438
uob,maybridge-0047-105669466,NCCCC1C=NNC1=O,,,,"MolVec 0.9.8 (git b412dd0, Maven Central)",0.20650694495998323
uob,maybridge-0047-177002733,CC1CCC(C)N1,,,,"MolVec 0.9.8 (git b412dd0, Maven Central)",0.10144111001864076
uob,maybridge-0047-388528606,Cn1cncc1CN,,,,"MolVec 0.9.8 (git b412dd0, Maven Central)",0.12445961800403893
uob,maybridge-0047-501356991,Cc1nn(-c2ccccc2)c(C)c1CN,,,,"MolVec 0.9.8 (git b412dd0, Maven Central)",0.26979070203378797
uob,maybridge-0047-559299154,CNCc1cncn1C,,,,"MolVec 0.9.8 (git b412dd0, Maven Central)",0.13127455697394907
uob,maybridge-0047-667207496,Cn1cnc(CN)c1,,,,"MolVec 0.9.8 (git b412dd0, Maven Central)",0.1478825609665364
uob,maybridge-0047-744595570,Cc1[nH]ncc1CCCN,,,,"MolVec 0.9.8 (git b412dd0, Maven Central)",0.18940958101302385
uob,maybridge-0047-810419856,CC1C=CC(C)N1,,,,"MolVec 0.9.8 (git b412dd0, Maven Central)",0.11582082300446928
uob,maybridge-0047-864102084,Cc1nn(-c2ccccc2)nc1CN,,,,"MolVec 0.9.8 (git b412dd0, Maven Central)",0.2225179080851376
uob,maybridge-0047-978940071,CC(C)(N)CN1CCCC1,,,,"MolVec 0.9.8 (git b412dd0, Maven Central)",0.10634470614604652
uob,maybridge-0048-139482877,NCCN1CCNC1=O,,,,"MolVec 0.9.8 (git b412dd0, Maven Central)",0.1419870329555124
uob,maybridge-0048-295320393,N#CCCNCc1ccco1,,,,"MolVec 0.9.8 (git b412dd0, Maven Central)",0.1273367120884359
uob,maybridge-0048-356601468,NCc1ccoc1,,,,"MolVec 0.9.8 (git b412dd0, Maven Central)",0.1780497799627483
uob,maybridge-0048-500755610,Cc1occc1CN,,,,"MolVec 0.9.8 (git b412dd0, Maven Central)",0.13624443113803864
uob,maybridge-0048-615430194,CC(N)c1ccco1,,,,"MolVec 0.9.8 (git b412dd0, Maven Central)",0.1610523541457951
uob,maybridge-0048-693053227,CC1NC([N+](=O)[O-])C(Br)N1CC(=O)c1ccc(Cl)cc1,,,,"MolVec 0.9.8 (git b412dd0, Maven Central)",0.3898766268976033
uob,maybridge-0048-721504844,NCc1ccc(C(F)(F)F)o1,,,,"MolVec 0.9.8 (git b412dd0, Maven Central)",0.18430715706199408
uob,maybridge-0048-739152891,NCc1ccoc1,,,,"MolVec 0.9.8 (git b412dd0, Maven Central)",0.11297578504309058
uob,maybridge-0048-879443514,Cc1cc(CN)c(C(F)(F)F)o1,,,,"MolVec 0.9.8 (git b412dd0, Maven Central)",0.19804154988378286
uob,maybridge-0048-905921203,NCc1ccco1,,,,"MolVec 0.9.8 (git b412dd0, Maven Central)",0.09706119587644935
uob,maybridge-0048-919816600,Cc1cc(CN)c(C)o1,,,,"MolVec 0.9.8 (git b412dd0, Maven Central)",0.16203177603892982
uob,maybridge-0049-178006866,Cc1ccsc1CN,,,,"MolVec 0.9.8 (git b412dd0, Maven Central)",0.13742876891046762
uob,maybridge-0049-247004755,Cc1cc(CN)c(-c2ccccc2)o1,,,,"MolVec 0.9.8 (git b412dd0, Maven Central)",0.279385605128482
uob,maybridge-0049-274732536,CNCc1ccc(-c2ccco2)s1,,,,"MolVec 0.9.8 (git b412dd0, Maven Central)",0.28505444317124784
uob,maybridge-0049-286276251,O=C1CCCO1,,,,"MolVec 0.9.8 (git b412dd0, Maven Central)",0.17620985000394285
uob,maybridge-0049-295547487,CNCc1ccc(Oc2cccnc2)o1,,,,"MolVec 0.9.8 (git b412dd0, Maven Central)",0.3054485530592501
uob,maybridge-0049-366815543,N#CCCNCC1CCCO1,,,,"MolVec 0.9.8 (git b412dd0, Maven Central)",0.11874658288434148
uob,maybridge-0049-442391989,CNCc1cc(C)oc1-c1ccccc1,,,,"MolVec 0.9.8 (git b412dd0, Maven Central)",0.3052579779177904
uob,maybridge-0049-538128716,CNCc1cc(C)cs1,,,,"MolVec 0.9.8 (git b412dd0, Maven Central)",0.15607991302385926
uob,maybridge-0049-700503719,CN(C)Cc1ccc(CSCCN)o1,,,,"MolVec 0.9.8 (git b412dd0, Maven Central)",0.19421316892839968
uob,maybridge-0049-770142687,NCc1cccs1,,,,"MolVec 0.9.8 (git b412dd0, Maven Central)",0.10296858311630785
uob,maybridge-0049-810120493,Cc1csc(CN)c1,,,,"MolVec 0.9.8 (git b412dd0, Maven Central)",0.13893128000199795
uob,maybridge-0049-907110571,NCc1ccsc1,,,,"MolVec 0.9.8 (git b412dd0, Maven Central)",0.1252269430551678
uob,maybridge-0050-212821144,Cc1cc(CN)no1,,,,"MolVec 0.9.8 (git b412dd0, Maven Central)",0.18768000113777816
uob,maybridge-0050-255212852,NCc1ccc(-c2cccs2)s1,,,,"MolVec 0.9.8 (git b412dd0, Maven Central)",0.22003920911811292
uob,maybridge-0050-327604654,CNCc1cc(C)on1,,,,"MolVec 0.9.8 (git b412dd0, Maven Central)",0.2052906930912286
uob,maybridge-0050-433177818,NCc1ccc(-c2ccccn2)s1,,,,"MolVec 0.9.8 (git b412dd0, Maven Central)",0.2624405580572784
uob,maybridge-0050-538951765,NC1CCS(=O)(=O)C1,,,,"MolVec 0.9.8 (git b412dd0, Maven Central)",0.14080919907428324
uob,maybridge-0050-566189695,NCc1cc(-c2ccccc2)on1,,,,"MolVec 0.9.8 (git b412dd0, Maven Central)",0.2520093929488212
uob,maybridge-0050-672577316,CNCc1ccc(N2CCOCC2)s1,,,,"MolVec 0.9.8 (git b412dd0, Maven Central)",0.2621595950331539
uob,maybridge-0050-711576037,NCc1ccsc1Br,,,,"MolVec 0.9.8 (git b412dd0, Maven Central)",0.1525092818774283
uob,maybridge-0050-867934191,NCCc1cccs1,,,,"MolVec 0.9.8 (git b412dd0, Maven Central)",0.12487162207253277
uob,maybridge-0050-899440332,CN(C)C1(CN)CCSC1,,,,"MolVec 0.9.8 (git b412dd0, Maven Central)",0.16497521894052625
uob,maybridge-0050-973201444,CNCc1ccsc1Br,,,,"MolVec 0.9.8 (git b412dd0, Maven Central)",0.1527463928796351
uob,maybridge-0050-982538828,NCc1cc(-c2ccco2)on1,,,,"MolVec 0.9.8 (git b412dd0, Maven Central)",0.28573647793382406
uob,maybridge-0051-129618643,CNCc1cc(-c2ccco2)on1,,,,"MolVec 0.9.8 (git b412dd0, Maven Central)",0.23673739191144705
uob,maybridge-0051-219038454,CNCc1nc(-c2ccccc2)oc1C,,,,"MolVec 0.9.8 (git b412dd0, Maven Central)",0.4084023330360651
uob,maybridge-0051-242831907,CNCc1cc(-c2ccccc2)on1,,,,"MolVec 0.9.8 (git b412dd0, Maven Central)",0.2609995240345597
uob,maybridge-0051-249689960,CNCc1c(-c2ccccc2)noc1C,,,,"MolVec 0.9.8 (git b412dd0, Maven Central)",0.2717719750944525
uob,maybridge-0051-280285632,CNCc1csc(C)n1,,,,"MolVec 0.9.8 (git b412dd0, Maven Central)",0.1598737051244825
uob,maybridge-0051-40470966,CNCc1nc(C)oc1C,,,,"MolVec 0.9.8 (git b412dd0, Maven Central)",0.17390023497864604
uob,maybridge-0051-475040453,Cc1onc(-c2ccccc2)c1CN,,,,"MolVec 0.9.8 (git b412dd0, Maven Central)",0.2556258209515363
uob,maybridge-0051-560444332,Cc1oc(-c2ccccc2)nc1CN,,,,"MolVec 0.9.8 (git b412dd0, Maven Central)",0.2884593838825822
uob,maybridge-0051-655512475,NCc1cc(-c2cccs2)on1,,,,"MolVec 0.9.8 (git b412dd0, Maven Central)",0.24687181902118027
uob,maybridge-0051-799020677,Cc1nc(CN)c(C)o1,,,,"MolVec 0.9.8 (git b412dd0, Maven Central)",0.1409097530413419
uob,maybridge-0051-83417298,NCc1csc(-c2ccccc2)n1,,,,"MolVec 0.9.8 (git b412dd0, Maven Central)",0.33434271393343806
uob,maybridge-0052-121230171,NCc1csc(-c2cccs2)n1,,,,"MolVec 0.9.8 (git b412dd0, Maven Central)",0.2023978231009096
uob,maybridge-0052-162474237,Cc1nc(-c2ccc(C(F)(F)F)cc2)sc1CN,,,,"MolVec 0.9.8 (git b412dd0, Maven Central)",0.32687697117216885
uob,maybridge-0052-170848108,CNCc1sc(-c2ccccc2)nc1-c1ccccc1,,,,"MolVec 0.9.8 (git b412dd0, Maven Central)",0.39723118185065687
uob,maybridge-0052-302408903,Cc1nc(-c2ccccc2)sc1CN,,,,"MolVec 0.9.8 (git b412dd0, Maven Central)",0.29467837791889906
uob,maybridge-0052-356871514,CNCc1csc(-c2ccc(C(F)(F)F)cc2)n1,,,,"MolVec 0.9.8 (git b412dd0, Maven Central)",0.3911016040947288
uob,maybridge-0052-431977754,NCc1csc(-c2cccc(Cl)c2)n1,,,,"MolVec 0.9.8 (git b412dd0, Maven Central)",0.3504694039002061
uob,maybridge-0052-471276158,NCc1csc(-c2ccc(Cl)cc2)n1,,,,"MolVec 0.9.8 (git b412dd0, Maven Central)",0.3284791149199009
uob,maybridge-0052-503764688,CNCc1csc(-c2cccc(Cl)c2)n1,,,,"MolVec 0.9.8 (git b412dd0, Maven Central)",0.31650276482105255
uob,maybridge-0052-801590898,NCc1csc(-c2ccc(C(F)(F)F)cc2)n1,,,,"MolVec 0.9.8 (git b412dd0, Maven Central)",0.3865810560528189
uob,maybridge-0052-926967404,CNCc1sc(-c2ccccc2)nc1C,,,,"MolVec 0.9.8 (git b412dd0, Maven Central)",0.20267512509599328
uob,maybridge-0053-116954493,NCc1sc(-c2ccccc2)nc1-c1ccccc1,,,,"MolVec 0.9.8 (git b412dd0, Maven Central)",0.35373133001849055
uob,maybridge-0053-241651099,CNCc1ccc(F)cc1,,,,"MolVec 0.9.8 (git b412dd0, Maven Central)",0.14894587802700698
uob,maybridge-0053-355836058,NCc1c(N)cccc1F,,,,"MolVec 0.9.8 (git b412dd0, Maven Central)",0.18446997296996415
uob,maybridge-0053-399581470,CCc1ccc(CNC)cc1,,,,"MolVec 0.9.8 (git b412dd0, Maven Central)",0.1380686149932444
uob,maybridge-0053-531045064,CNCc1csc(C2CCN(C(=O)OC(C)(C)C)CC2)n1,,,,"MolVec 0.9.8 (git b412dd0, Maven Central)",0.3968352449592203
uob,maybridge-0053-562134086,Cc1cccc(CN)c1C,,,,"MolVec 0.9.8 (git b412dd0, Maven Central)",0.16272360808216035
uob,maybridge-0053-589061184,NCc1cccc(F)c1,,,,"MolVec 0.9.8 (git b412dd0, Maven Central)",0.13167720497585833
uob,maybridge-0053-602951772,NCc1ccc(F)cc1,,,,"MolVec 0.9.8 (git b412dd0, Maven Central)",0.13730858592316508
uob,maybridge-0053-621055369,CNCc1ccc(C)cc1,,,,"MolVec 0.9.8 (git b412dd0, Maven Central)",0.15510829002596438
uob,maybridge-0053-694698212,Cc1nc(CCN)cs1,,,,"MolVec 0.9.8 (git b412dd0, Maven Central)",0.17839576210826635
uob,maybridge-0053-970705784,NCc1ccccc1,,,,"MolVec 0.9.8 (git b412dd0, Maven Central)",0.16402344685047865
uob,maybridge-0054-1029436143,CNCc1ccccc1Cl,,,,"MolVec 0.9.8 (git b412dd0, Maven Central)",0.13713235105387866
uob,maybridge-0054-216551042,COc1ccc(OC)c(CN)c1,,,,"MolVec 0.9.8 (git b412dd0, Maven Central)",0.15539809502661228
uob,maybridge-0054-283660318,CNCc1cccc([N+](=O)[O-])c1,,,,"MolVec 0.9.8 (git b412dd0, Maven Central)",0.14687533513642848
uob,maybridge-0054-391066875,COc1cccc(OC)c1CN,,,,"MolVec 0.9.8 (git b412dd0, Maven Central)",0.1930076079443097
uob,maybridge-0054-412747701,CNCc1ccc(OC)cc1,,,,"MolVec 0.9.8 (git b412dd0, Maven Central)",0.12300909194163978
uob,maybridge-0054-435707714,CSc1ccccc1CN,,,,"MolVec 0.9.8 (git b412dd0, Maven Central)",0.14044188801199198
uob,maybridge-0054-551543764,NCc1ccc(-n2cccc2)cc1,,,,"MolVec 0.9.8 (git b412dd0, Maven Central)",0.19700306095182896
uob,maybridge-0054-640855386,Cc1ccc(CN)cc1Cl,,,,"MolVec 0.9.8 (git b412dd0, Maven Central)",0.11769586289301515
uob,maybridge-0054-696225990,CNCc1ccc(Cl)cc1,,,,"MolVec 0.9.8 (git b412dd0, Maven Central)",0.16492750099860132
uob,maybridge-0054-720034752,CNCc1cccc(Cl)c1,,,,"MolVec 0.9.8 (git b412dd0, Maven Central)",0.12471968098543584
uob,maybridge-0054-985950684,NCc1cccc(-n2cccc2)c1,,,,"MolVec 0.9.8 (git b412dd0, Maven Central)",0.18635745393112302
uob,maybridge-0054-997594765,NCc1ccc(F)c(Cl)c1,,,,"MolVec 0.9.8 (git b412dd0, Maven Central)",0.12573835998773575
uob,maybridge-0055-1071613750,NCc1ccccc1-n1cccn1,,,,"MolVec 0.9.8 (git b412dd0, Maven Central)",0.18003056198358536
uob,maybridge-0055-19048826,NCc1ccc(-c2ccco2)cc1,,,,"MolVec 0.9.8 (git b412dd0, Maven Central)",0.2863011290319264
uob,maybridge-0055-212675354,NCc1ccc(C(F)(F)F)cc1,,,,"MolVec 0.9.8 (git b412dd0, Maven Central)",0.22446568892337382
uob,maybridge-0055-223756716,NCc1cccc(-n2cccn2)c1,,,,"MolVec 0.9.8 (git b412dd0, Maven Central)",0.20510191190987825
uob,maybridge-0055-34751446,NCc1cc(Cl)cc(Cl)c1,,,,"MolVec 0.9.8 (git b412dd0, Maven Central)",0.22346811881288886
uob,maybridge-0055-392556255,NCc1cccc(-n2cncn2)c1,,,,"MolVec 0.9.8 (git b412dd0, Maven Central)",0.19068149104714394
uob,maybridge-0055-720854977,NCc1cc(Cl)ccc1Cl,,,,"MolVec 0.9.8 (git b412dd0, Maven Central)",0.16937934700399637
uob,maybridge-0055-788058964,NCc1ccccc1-c1ccco1,,,,"MolVec 0.9.8 (git b412dd0, Maven Central)",0.2743310199584812
uob,maybridge-0055-803333238,NCc1ccc(-n2cccn2)cc1,,,,"MolVec 0.9.8 (git b412dd0, Maven Central)",0.20460994192399085
uob,maybridge-0055-881794236,NCc1cccc(-c2ccco2)c1,,,,"MolVec 0.9.8 (git b412dd0, Maven Central)",0.28801668900996447
uob,maybridge-0055-932370610,NCc1ccc(N2CCCC2)cc1,,,,"MolVec 0.9.8 (git b412dd0, Maven Central)",0.1964308489114046
uob,maybridge-0055-957959891,NCc1ccccc1-n1cccc1,,,,"MolVec 0.9.8 (git b412dd0, Maven Central)",0.20098687196150422
uob,maybridge-0056-1057882567,Cn1ccc(-c2cccc(CN)c2)n1,,,,"MolVec 0.9.8 (git b412dd0, Maven Central)",0.24312390689738095
uob,maybridge-0056-160487463,CNCc1ccccc1-c1ccco1,,,,"MolVec 0.9.8 (git b412dd0, Maven Central)",0.2482481780461967
uob,maybridge-0056-170748531,NCc1ccc(-c2cccs2)cc1,,,,"MolVec 0.9.8 (git b412dd0, Maven Central)",0.26219274406321347
uob,maybridge-0056-1849377,CNCc1ccc(-c2ccco2)cc1,,,,"MolVec 0.9.8 (git b412dd0, Maven Central)",0.26396277896128595
uob,maybridge-0056-365503037,CNCc1ccc(C(F)(F)F)cc1,,,,"MolVec 0.9.8 (git b412dd0, Maven Central)",0.1799319819547236
uob,maybridge-0056-457249037,CNCc1cccc(-n2cncn2)c1,,,,"MolVec 0.9.8 (git b412dd0, Maven Central)",0.1918552969582379
uob,maybridge-0056-492280577,NCc1cccc(N2CCCC2)c1,,,,"MolVec 0.9.8 (git b412dd0, Maven Central)",0.16412618407048285
uob,maybridge-0056-640993275,CNCc1ccc(-n2ccnc2)cc1,,,,"MolVec 0.9.8 (git b412dd0, Maven Central)",0.19872571085579693
uob,maybridge-0056-683275823,CNCc1cccc(-c2ccco2)c1,,,,"MolVec 0.9.8 (git b412dd0, Maven Central)",0.25590023514814675
uob,maybridge-0056-726852523,CNCc1cccc(C(F)(F)F)c1,,,,"MolVec 0.9.8 (git b412dd0, Maven Central)",0.16888603498227894
uob,maybridge-0056-76246723,NCc1ccccc1N1CCCC1,,,,"MolVec 0.9.8 (git b412dd0, Maven Central)",0.19356295396573842
uob,maybridge-0056-904241499,NCc1cccc(Cn2cccn2)c1,,,,"MolVec 0.9.8 (git b412dd0, Maven Central)",0.2505863350816071
uob,maybridge-0057-1012820056,Cc1cc(Cl)cc(Cl)c1CN,,,,"MolVec 0.9.8 (git b412dd0, Maven Central)",0.2368703989777714
uob,maybridge-0057-169385925,NCc1ccc(-c2ccsc2)cc1,,,,"MolVec 0.9.8 (git b412dd0, Maven Central)",0.2586661451496184
uob,maybridge-0057-178255254,CNCc1ccc(N2CCCC2)cc1,,,,"MolVec 0.9.8 (git b412dd0, Maven Central)",0.20900989999063313
uob,maybridge-0057-318853436,NCc1cccc(-c2nccs2)c1,,,,"MolVec 0.9.8 (git b412dd0, Maven Central)",0.24321019905619323
uob,maybridge-0057-322822754,NCc1cccc(N2CCCCC2)c1,,,,"MolVec 0.9.8 (git b412dd0, Maven Central)",0.1702721461188048
uob,maybridge-0057-427260018,NCc1cccc(-c2ccsc2)c1,,,,"MolVec 0.9.8 (git b412dd0, Maven Central)",0.24416037695482373
uob,maybridge-0057-448269613,NCc1cccc(-c2cccs2)c1,,,,"MolVec 0.9.8 (git b412dd0, Maven Central)",0.2554108570329845
uob,maybridge-0057-499013567,CNCc1ccc(Cl)c(Cl)c1,,,,"MolVec 0.9.8 (git b412dd0, Maven Central)",0.20852099102921784
uob,maybridge-0057-582833491,NCc1ccccc1N1CCCCC1,,,,"MolVec 0.9.8 (git b412dd0, Maven Central)",0.186090491944924
uob,maybridge-0057-75577173,CNCc1cccc(N2CCCC2)c1,,,,"MolVec 0.9.8 (git b412dd0, Maven Central)",0.22329305903986096
uob,maybridge-0057-900769145,NCc1ccc(-c2nccs2)cc1,,,,"MolVec 0.9.8 (git b412dd0, Maven Central)",0.22022296814247966
uob,maybridge-0057-910636984,CNCc1ccccc1N1CCCC1,,,,"MolVec 0.9.8 (git b412dd0, Maven Central)",0.21143368701450527
uob,maybridge-0058-178247609,CNCc1ccccc1-c1cccnc1,,,,"MolVec 0.9.8 (git b412dd0, Maven Central)",0.2580922890920192
uob,maybridge-0058-210737919,NCc1cccc(CN2CCCC2)c1,,,,"MolVec 0.9.8 (git b412dd0, Maven Central)",0.14320975495502353
uob,maybridge-0058-223282460,NCc1ccccc1OC(F)(F)F,,,,"MolVec 0.9.8 (git b412dd0, Maven Central)",0.23886350519023836
uob,maybridge-0058-236024754,CNCc1ccc(-c2ccncc2)cc1,,,,"MolVec 0.9.8 (git b412dd0, Maven Central)",0.24200855195522308
uob,maybridge-0058-254470861,CN(C)CCOc1ccc(CN)cc1,,,,"MolVec 0.9.8 (git b412dd0, Maven Central)",0.15757418307475746
uob,maybridge-0058-528638859,NCc1ccc(N2CCCCC2)cc1,,,,"MolVec 0.9.8 (git b412dd0, Maven Central)",0.17577791190706193
uob,maybridge-0058-57955845,CNCc1cccc(-c2cccnc2)c1,,,,"MolVec 0.9.8 (git b412dd0, Maven Central)",0.22050498006865382
uob,maybridge-0058-688847349,NCc1ccccc1N1CCOCC1,,,,"MolVec 0.9.8 (git b412dd0, Maven Central)",0.16600578418001533
uob,maybridge-0058-806066790,NCc1ccc(CN2CCCC2)cc1,,,,"MolVec 0.9.8 (git b412dd0, Maven Central)",0.2064024950377643
uob,maybridge-0058-837626712,NCc1ccc(N2CCOCC2)cc1,,,,"MolVec 0.9.8 (git b412dd0, Maven Central)",0.2065858158748597
uob,maybridge-0058-870159788,CN(C)CCOc1ccccc1CN,,,,"MolVec 0.9.8 (git b412dd0, Maven Central)",0.19876845902763307
uob,maybridge-0058-979167657,NCc1cccc(N2CCOCC2)c1,,,,"MolVec 0.9.8 (git b412dd0, Maven Central)",0.1934427551459521
uob,maybridge-0059-1038028026,CNCc1cccc(-c2ccncc2)c1,,,,"MolVec 0.9.8 (git b412dd0, Maven Central)",0.21394129912368953
uob,maybridge-0059-568407447,CNCc1cccc(Cn2cncn2)c1,,,,"MolVec 0.9.8 (git b412dd0, Maven Central)",0.19749256689101458
uob,maybridge-0059-592430181,CNCc1cccc(Cn2cccn2)c1,,,,"MolVec 0.9.8 (git b412dd0, Maven Central)",0.21851886808872223
uob,maybridge-0059-742285961,CNCc1cccc(-c2cncnc2)c1,,,,"MolVec 0.9.8 (git b412dd0, Maven Central)",0.22479293309152126
uob,maybridge-0059-751455540,CNCc1ccc(Cn2cccn2)cc1,,,,"MolVec 0.9.8 (git b412dd0, Maven Central)",0.22217518999241292
uob,maybridge-0059-753068831,COC(=O)c1cccc(CN)c1,,,,"MolVec 0.9.8 (git b412dd0, Maven Central)",0.2540354351513088
uob,maybridge-0059-761094454,CNCc1ccc([N+](=O)[O-])cc1,,,,"MolVec 0.9.8 (git b412dd0, Maven Central)",0.19185619591735303
uob,maybridge-0059-823648759,CNCc1ccc(-c2ccccn2)cc1,,,,"MolVec 0.9.8 (git b412dd0, Maven Central)",0.27763892197981477
uob,maybridge-0059-921955354,CNCc1ccc(-c2cncnc2)cc1,,,,"MolVec 0.9.8 (git b412dd0, Maven Central)",0.21921345684677362
uob,maybridge-0059-965974064,CNCc1ccccc1Cn1cncn1,,,,"MolVec 0.9.8 (git b412dd0, Maven Central)",0.29516960494220257
uob,maybridge-0059-975517463,CNCc1cccc(-c2noc(C)n2)c1,,,,"MolVec 0.9.8 (git b412dd0, Maven Central)",0.2402429119683802
uob,maybridge-0060-1004992770,CNCc1ccc(-c2nccs2)cc1,,,,"MolVec 0.9.8 (git b412dd0, Maven Central)",0.23361759004183114
uob,maybridge-0060-1005266947,CNCc1ccc(-c2noc(C)n2)cc1,,,,"MolVec 0.9.8 (git b412dd0, Maven Central)",0.2125295209698379
uob,maybridge-0060-1016365091,CNCc1ccc(-c2nc(C)no2)cc1,,,,"MolVec 0.9.8 (git b412dd0, Maven Central)",0.2518669059500098
uob,maybridge-0060-387272536,CNCc1ccc(N2CCCCC2)cc1,,,,"MolVec 0.9.8 (git b412dd0, Maven Central)",0.19923931709490716
uob,maybridge-0060-525163410,CNCc1cccc(-c2nccs2)c1,,,,"MolVec 0.9.8 (git b412dd0, Maven Central)",0.20142843388020992
uob,maybridge-0060-532872105,CNCc1cccc(-c2ccsc2)c1,,,,"MolVec 0.9.8 (git b412dd0, Maven Central)",0.2729293431621045
uob,maybridge-0060-605374826,CNCc1cccc(-c2cccs2)c1,,,,"MolVec 0.9.8 (git b412dd0, Maven Central)",0.2899705858435482
uob,maybridge-0060-749496584,CNCc1ccccc1-c1cccs1,,,,"MolVec 0.9.8 (git b412dd0, Maven Central)",0.2639875989407301
uob,maybridge-0060-846177069,CNCc1cccc(N2CCCCC2)c1,,,,"MolVec 0.9.8 (git b412dd0, Maven Central)",0.2527612291742116
uob,maybridge-0060-85767411,CNCc1cccc(CN2CCCC2)c1,,,,"MolVec 0.9.8 (git b412dd0, Maven Central)",0.2143130791373551
uob,maybridge-0060-875829240,CNCc1ccc(-c2ccsc2)cc1,,,,"MolVec 0.9.8 (git b412dd0, Maven Central)",0.24713844596408308
uob,maybridge-0060-886650665,CNCc1ccc(-c2cccs2)cc1,,,,"MolVec 0.9.8 (git b412dd0, Maven Central)",0.27575064497068524
uob,maybridge-0061-101617794,CNCc1cccc(N2CCOCC2)c1,,,,"MolVec 0.9.8 (git b412dd0, Maven Central)",0.2216391779948026
uob,maybridge-0061-1060783366,NCc1ccccc1OC1CCOCC1,,,,"MolVec 0.9.8 (git b412dd0, Maven Central)",0.2332413219846785
uob,maybridge-0061-225405833,NCc1cccc(CN2CCCCC2)c1,,,,"MolVec 0.9.8 (git b412dd0, Maven Central)",0.22638714988715947
uob,maybridge-0061-235690805,CNCc1ccc(CN2CCCC2)cc1,,,,"MolVec 0.9.8 (git b412dd0, Maven Central)",0.14852725295349956
uob,maybridge-0061-383080953,NCc1ccccc1CN1CCOCC1,,,,"MolVec 0.9.8 (git b412dd0, Maven Central)",0.21459728199988604
uob,maybridge-0061-425726456,CNCc1ccc(N2CCOCC2)cc1,,,,"MolVec 0.9.8 (git b412dd0, Maven Central)",0.24127349187619984
uob,maybridge-0061-472281031,CN1CCN(c2ccccc2CN)CC1,,,,"MolVec 0.9.8 (git b412dd0, Maven Central)",0.23593061394058168
uob,maybridge-0061-511047510,CN1CCN(c2cccc(CN)c2)CC1,,,,"MolVec 0.9.8 (git b412dd0, Maven Central)",0.25250690011307597
uob,maybridge-0061-681757939,CN1CCN(c2ccc(CN)cc2)CC1,,,,"MolVec 0.9.8 (git b412dd0, Maven Central)",0.22435549600049853
uob,maybridge-0061-694862726,NCc1ccc(CN2CCOCC2)cc1,,,,"MolVec 0.9.8 (git b412dd0, Maven Central)",0.2182315499521792
uob,maybridge-0061-932786717,NCc1cccc(CN2CCOCC2)c1,,,,"MolVec 0.9.8 (git b412dd0, Maven Central)",0.2065340899862349
uob,maybridge-0061-979367586,NCc1ccc(CN2CCCCC2)cc1,,,,"MolVec 0.9.8 (git b412dd0, Maven Central)",0.21410496183671057
uob,maybridge-0062-149991118,CNCc1ccc(Oc2ccccn2)cc1,,,,"MolVec 0.9.8 (git b412dd0, Maven Central)",0.1915876460261643
uob,maybridge-0062-152189942,CNCc1ccc(OCCN(C)C)cc1,,,,"MolVec 0.9.8 (git b412dd0, Maven Central)",0.19359092693775892
uob,maybridge-0062-198779763,CC1CCN(Cc2cccc(CN)c2)CC1,,,,"MolVec 0.9.8 (git b412dd0, Maven Central)",0.15333386603742838
uob,maybridge-0062-258959088,CNCc1cccc(CN2CCCCC2)c1,,,,"MolVec 0.9.8 (git b412dd0, Maven Central)",0.15131075005047023
uob,maybridge-0062-353336781,NCc1cccc(COc2ccccc2)c1,,,,"MolVec 0.9.8 (git b412dd0, Maven Central)",0.21423383592627943
uob,maybridge-0062-359703579,CNCc1ccccc1OCCN(C)C,,,,"MolVec 0.9.8 (git b412dd0, Maven Central)",0.22505080001428723
uob,maybridge-0062-462885159,NCc1ccccc1COc1ccccc1,,,,"MolVec 0.9.8 (git b412dd0, Maven Central)",0.2016648838762194
uob,maybridge-0062-580162103,CNCc1cccc(-c2csc(C)n2)c1,,,,"MolVec 0.9.8 (git b412dd0, Maven Central)",0.27699285792186856
uob,maybridge-0062-694667752,CNCc1cccc(Oc2ccccn2)c1,,,,"MolVec 0.9.8 (git b412dd0, Maven Central)",0.2193551438394934
uob,maybridge-0062-771899402,CNCc1ccccc1Oc1ccccc1,,,,"MolVec 0.9.8 (git b412dd0, Maven Central)",0.2246444800402969
uob,maybridge-0062-876732046,CNCc1cccc(Oc2ccccc2)c1,,,,"MolVec 0.9.8 (git b412dd0, Maven Central)",0.20900586782954633
uob,maybridge-0062-886189132,CNCc1ccc(Oc2ccccc2)cc1,,,,"MolVec 0.9.8 (git b412dd0, Maven Central)",0.17235532705672085
uob,maybridge-0063-1006617702,CNCc1cccc(CN2CCOCC2)c1,,,,"MolVec 0.9.8 (git b412dd0, Maven Central)",0.21414080704562366
uob,maybridge-0063-210480381,NCc1ccccc1-c1cccs1,,,,"MolVec 0.9.8 (git b412dd0, Maven Central)",0.2691114330664277
uob,maybridge-0063-222976238,CN1CCCN(c2ccc(CN)cc2)CC1,,,,"MolVec 0.9.8 (git b412dd0, Maven Central)",0.2516358729917556
uob,maybridge-0063-237782574,CN1CCCN(c2ccccc2CN)CC1,,,,"MolVec 0.9.8 (git b412dd0, Maven Central)",0.20824563899077475
uob,maybridge-0063-453246687,CN1CCN(Cc2ccc(CN)cc2)CC1,,,,"MolVec 0.9.8 (git b412dd0, Maven Central)",0.1840676930733025
uob,maybridge-0063-74533764,CNCc1ccccc1CN1CCOCC1,,,,"MolVec 0.9.8 (git b412dd0, Maven Central)",0.20399208716116846
uob,maybridge-0063-801936951,CN1CCN(Cc2ccccc2CN)CC1,,,,"MolVec 0.9.8 (git b412dd0, Maven Central)",0.19404212688095868
uob,maybridge-0063-831740107,CC(C)(C)OC(=O)Nc1ccc(CN)cc1,,,,"MolVec 0.9.8 (git b412dd0, Maven Central)",0.20256424695253372
uob,maybridge-0063-853333590,CNCc1ccccc1COc1ccccc1,,,,"MolVec 0.9.8 (git b412dd0, Maven Central)",0.2307571661658585
uob,maybridge-0063-929800610,NCc1ccc(Cn2cccn2)cc1,,,,"MolVec 0.9.8 (git b412dd0, Maven Central)",0.2579826631117612
uob,maybridge-0064-151896417,CN1CCCN(Cc2ccc(CN)cc2)CC1,,,,"MolVec 0.9.8 (git b412dd0, Maven Central)",0.26883162511512637
uob,maybridge-0064-204219582,CNCc1ccc(CN2CCN(C)CC2)cc1,,,,"MolVec 0.9.8 (git b412dd0, Maven Central)",0.20357168186455965
uob,maybridge-0064-220069769,CC(C)NCc1ccc(N2CCCCC2)cc1,,,,"MolVec 0.9.8 (git b412dd0, Maven Central)",0.28930713701993227
uob,maybridge-0064-220525205,NCc1ccc(Oc2ccccc2)cc1,,,,"MolVec 0.9.8 (git b412dd0, Maven Central)",0.25915858591906726
uob,maybridge-0064-324327332,CCCNCc1ccc(N2CCCCC2)cc1,,,,"MolVec 0.9.8 (git b412dd0, Maven Central)",0.23013149993494153
uob,maybridge-0064-452053707,NCc1cccc(OCCN2CCOCC2)c1,,,,"MolVec 0.9.8 (git b412dd0, Maven Central)",0.17931579216383398
uob,maybridge-0064-505469861,NCc1ccccc1OCCN1CCOCC1,,,,"MolVec 0.9.8 (git b412dd0, Maven Central)",0.22018719208426774
uob,maybridge-0064-55597146,NCc1ccccc1Oc1ccccc1,,,,"MolVec 0.9.8 (git b412dd0, Maven Central)",0.2813127851113677
uob,maybridge-0064-68408342,NCc1c(Cl)cccc1Oc1ccccc1,,,,"MolVec 0.9.8 (git b412dd0, Maven Central)",0.2509024809114635
uob,maybridge-0064-710832710,CNCc1ccc(N2CCCN(C)CC2)cc1,,,,"MolVec 0.9.8 (git b412dd0, Maven Central)",0.253419510088861
uob,maybridge-0064-811832576,c1cc(N2CCCCC2)ccc1CNC1CC1,,,,"MolVec 0.9.8 (git b412dd0, Maven Central)",0.24596077296882868
uob,maybridge-0064-833622069,NCc1ccc(-c2csnn2)cc1,,,,"MolVec 0.9.8 (git b412dd0, Maven Central)",0.2998648639768362
uob,maybridge-0065-1057203743,NCc1ccccc1-c1cccnc1,,,,"MolVec 0.9.8 (git b412dd0, Maven Central)",0.3242576220072806
uob,maybridge-0065-431114461,NCc1ccc(OCCN2CCOCC2)cc1,,,,"MolVec 0.9.8 (git b412dd0, Maven Central)",0.21719767805188894
uob,maybridge-0065-593396984,CNCc1cc(C(F)(F)F)ccc1N1CCOCC1,,,,"MolVec 0.9.8 (git b412dd0, Maven Central)",0.30017771292477846
uob,maybridge-0065-663791141,CNCc1ccc(CN2CCCCC2)cc1,,,,"MolVec 0.9.8 (git b412dd0, Maven Central)",0.16972336499020457
uob,maybridge-0065-761572602,CC(C)(C)OC(=O)N1CCN(c2ccc(CN)cc2)CC1,,,,"MolVec 0.9.8 (git b412dd0, Maven Central)",0.3592664641328156
uob,maybridge-0065-77461313,CNCc1ccc(OCCN2CCOCC2)cc1,,,,"MolVec 0.9.8 (git b412dd0, Maven Central)",0.2212493298575282
uob,maybridge-0065-790739370,CNCc1cccc(OCCN2CCOCC2)c1,,,,"MolVec 0.9.8 (git b412dd0, Maven Central)",0.21936618303880095
uob,maybridge-0065-882853658,NCc1cc(C(F)(F)F)ccc1N1CCOCC1,,,,"MolVec 0.9.8 (git b412dd0, Maven Central)",0.28368838015012443
uob,maybridge-0065-93166127,CC(C)(C)OC(=O)N1CCN(c2ccccc2CN)CC1,,,,"MolVec 0.9.8 (git b412dd0, Maven Central)",0.27129879617132246
uob,maybridge-0066-1034265177,N[C@@H](Cc1ccc([N+](=O)[O-])cc1)C(=O)O,,,,"MolVec 0.9.8 (git b412dd0, Maven Central)",0.34884617081843317
uob,maybridge-0066-114151985,NCCOc1ccccc1,,,,"MolVec 0.9.8 (git b412dd0, Maven Central)",0.1325586570892483
uob,maybridge-0066-208034627,CNCc1ccc(N2CCN(C(=O)OC(C)(C)C)CC2)cc1,,,,"MolVec 0.9.8 (git b412dd0, Maven Central)",0.40742530208081007
uob,maybridge-0066-323151260,COc1ccc(CCNCCC#N)cc1OC,,,,"MolVec 0.9.8 (git b412dd0, Maven Central)",0.2537359509151429
uob,maybridge-0066-579464368,NC(Cc1ccc(B(O)O)cc1)C(=O)O,,,,"MolVec 0.9.8 (git b412dd0, Maven Central)",0.30501248501241207
uob,maybridge-0066-586553919,COc1cc(CC(N)C(=O)O)ccc1O,,,,"MolVec 0.9.8 (git b412dd0, Maven Central)",0.26853735093027353
uob,maybridge-0066-609484049,CNCc1cccc(CN2CCN(C(=O)OC(C)(C)C)CC2)c1,,,,"MolVec 0.9.8 (git b412dd0, Maven Central)",0.42372547509148717
uob,maybridge-0066-848035687,NCC(=O)c1ccc([N+](=O)[O-])cc1,,,,"MolVec 0.9.8 (git b412dd0, Maven Central)",0.22383165499195457
uob,maybridge-0066-881191064,CNCc1ccc(Cn2ccnc2)cc1.O=C(O)C(=O)O,,,,"MolVec 0.9.8 (git b412dd0, Maven Central)",0.28329467098228633
uob,maybridge-0066-967776758,O=[N+]([O-])c1ccc(C(O)CNCc2ccccc2)cc1,,,,"MolVec 0.9.8 (git b412dd0, Maven Central)",0.2733721430413425
uob,maybridge-0067-107419032,CNCc1ccncc1,,,,"MolVec 0.9.8 (git b412dd0, Maven Central)",0.1550265229307115
uob,maybridge-0067-366435948,NCc1ccncc1,,,,"MolVec 0.9.8 (git b412dd0, Maven Central)",0.16015288000926375
uob,maybridge-0067-509828369,NCCSCc1c(Cl)cccc1Cl,,,,"MolVec 0.9.8 (git b412dd0, Maven Central)",0.23414003988727927
uob,maybridge-0067-530666022,NCCSCc1c(F)cccc1Cl,,,,"MolVec 0.9.8 (git b412dd0, Maven Central)",0.24555043200962245
uob,maybridge-0067-540074259,NCCOc1ccccc1Cl,,,,"MolVec 0.9.8 (git b412dd0, Maven Central)",0.16116300714202225
uob,maybridge-0067-588221210,CCCOc1ccc(OC)cc1,,,,"MolVec 0.9.8 (git b412dd0, Maven Central)",0.17904935590922832
uob,maybridge-0067-753080778,COc1ccc(OCCN)cc1,,,,"MolVec 0.9.8 (git b412dd0, Maven Central)",0.16092699184082448
uob,maybridge-0067-808796333,N[C@@H](CC1CCCCC1)C(=O)O,,,,"MolVec 0.9.8 (git b412dd0, Maven Central)",0.20595392980612814
uob,maybridge-0067-918109070,NCCOCc1ccccc1,,,,"MolVec 0.9.8 (git b412dd0, Maven Central)",0.18013144191354513
uob,maybridge-0067-941989862,CCC1CCC(N)CC1,,,,"MolVec 0.9.8 (git b412dd0, Maven Central)",0.12208058405667543
uob,maybridge-0067-975554407,CNCc1cccnc1,,,,"MolVec 0.9.8 (git b412dd0, Maven Central)",0.14102802402339876
uob,maybridge-0067-984200458,NCCNCc1ccccc1,,,,"MolVec 0.9.8 (git b412dd0, Maven Central)",0.13919551693834364
uob,maybridge-0068-1062218047,NCc1cccnc1N1CCCC1,,,,"MolVec 0.9.8 (git b412dd0, Maven Central)",0.2382498059887439
uob,maybridge-0068-345469012,NCc1ccnc(N2CCCCC2)c1,,,,"MolVec 0.9.8 (git b412dd0, Maven Central)",0.21833075280301273
uob,maybridge-0068-428862464,CNCc1cccnc1N1CCCC1,,,,"MolVec 0.9.8 (git b412dd0, Maven Central)",0.2969073639251292
uob,maybridge-0068-46920870,NCc1ccc(-c2ccccc2)nc1,,,,"MolVec 0.9.8 (git b412dd0, Maven Central)",0.1975826679263264
uob,maybridge-0068-530422113,C#CCCNCc1ccncc1,,,,"MolVec 0.9.8 (git b412dd0, Maven Central)",0.23023240291513503
uob,maybridge-0068-533386302,CNCc1cccc(N2CCCC2)n1,,,,"MolVec 0.9.8 (git b412dd0, Maven Central)",0.2183526491280645
uob,maybridge-0068-575557946,CNCc1ccnc(N2CCCC2)c1,,,,"MolVec 0.9.8 (git b412dd0, Maven Central)",0.219698672182858
uob,maybridge-0068-766366464,NCc1cccc(N2CCCC2)n1,,,,"MolVec 0.9.8 (git b412dd0, Maven Central)",0.2320413759443909
uob,maybridge-0068-82446211,NCc1ccnc(N2CCCC2)c1,,,,"MolVec 0.9.8 (git b412dd0, Maven Central)",0.18804387911222875
uob,maybridge-0068-899073733,NCc1cccc(N2CCCCC2)n1,,,,"MolVec 0.9.8 (git b412dd0, Maven Central)",0.21248697396367788
uob,maybridge-0068-980703790,CNCc1ncccc1F,,,,"MolVec 0.9.8 (git b412dd0, Maven Central)",0.1301517018582672
uob,maybridge-0069-1034411978,NCc1cccc(N2CCOCC2)n1,,,,"MolVec 0.9.8 (git b412dd0, Maven Central)",0.2306283509824425
uob,maybridge-0069-203667832,CNCc1cccc(N2CCOCC2)n1,,,,"MolVec 0.9.8 (git b412dd0, Maven Central)",0.20339050702750683
uob,maybridge-0069-322613893,NCc1ccc(-c2cccs2)nc1,,,,"MolVec 0.9.8 (git b412dd0, Maven Central)",0.27482246002182364
uob,maybridge-0069-500954288,CNCc1cccc(Br)n1,,,,"MolVec 0.9.8 (git b412dd0, Maven Central)",0.1749896400142461
uob,maybridge-0069-682750138,NC(c1ccccc1)c1ccccn1,,,,"MolVec 0.9.8 (git b412dd0, Maven Central)",0.31564873293973505
uob,maybridge-0069-740349439,NCc1ccnc(N2CCOCC2)c1,,,,"MolVec 0.9.8 (git b412dd0, Maven Central)",0.2754135960713029
uob,maybridge-0069-835862224,CNCc1ccnc(N2CCCCC2)c1,,,,"MolVec 0.9.8 (git b412dd0, Maven Central)",0.258971287868917
uob,maybridge-0069-892716141,NCc1ccnc(N2CCSCC2)c1,,,,"MolVec 0.9.8 (git b412dd0, Maven Central)",0.22984408400952816
uob,maybridge-0069-970303173,CNCc1ccnc(N2CCOCC2)c1,,,,"MolVec 0.9.8 (git b412dd0, Maven Central)",0.25071899220347404
uob,maybridge-0069-982754212,NCc1ncc(C(F)(F)F)cc1Cl,,,,"MolVec 0.9.8 (git b412dd0, Maven Central)",0.2945762949530035
uob,maybridge-0070-115042521,CC1(C)CC(=O)CC(C)(C)N1,,,,"MolVec 0.9.8 (git b412dd0, Maven Central)",0.21427600597962737
uob,maybridge-0070-166846755,O=C(C1CCCNC1)N1CCCC1,,,,"MolVec 0.9.8 (git b412dd0, Maven Central)",0.213997672079131
uob,maybridge-0070-301853369,CCOC(=O)C1CCNCC1,,,,"MolVec 0.9.8 (git b412dd0, Maven Central)",0.15965693816542625
uob,maybridge-0070-366918320,O=C(O)C1CCCNC1,,,,"MolVec 0.9.8 (git b412dd0, Maven Central)",0.15985009307041764
uob,maybridge-0070-396844892,OCC1CCNCC1,,,,"MolVec 0.9.8 (git b412dd0, Maven Central)",0.1536815520375967
uob,maybridge-0070-444288987,c1cncc(C2CCCCN2)c1,,,,"MolVec 0.9.8 (git b412dd0, Maven Central)",0.2535725131165236
uob,maybridge-0070-636165545,COc1ccccc1C1CCNCC1,,,,"MolVec 0.9.8 (git b412dd0, Maven Central)",0.2938889709766954
uob,maybridge-0070-687536391,O=C(C1CCNCC1)N1CCCC1,,,,"MolVec 0.9.8 (git b412dd0, Maven Central)",0.22654966195113957
uob,maybridge-0070-780733807,CNCCc1ccccn1,,,,"MolVec 0.9.8 (git b412dd0, Maven Central)",0.1876955011393875
uob,maybridge-0070-795363312,CC(C)(C)C1CCNCC1,,,,"MolVec 0.9.8 (git b412dd0, Maven Central)",0.17483739089220762
uob,maybridge-0071-165697485,O=C(c1ccccc1)C1CCNCC1,,,,"MolVec 0.9.8 (git b412dd0, Maven Central)",0.2993715840857476
uob,maybridge-0071-276931898,O=C(C1CCCCN1)N1CCCC1,,,,"MolVec 0.9.8 (git b412dd0, Maven Central)",0.19574180711060762
uob,maybridge-0071-291337919,OC1(c2ccc(Cl)cc2)CCNCC1,,,,"MolVec 0.9.8 (git b412dd0, Maven Central)",0.2935228340793401
uob,maybridge-0071-356402953,c1ccc2c(C3CCNCC3)c[nH]c2c1,,,,"MolVec 0.9.8 (git b412dd0, Maven Central)",0.3729829129297286
uob,maybridge-0071-425195893,O=C(C1CCNCC1)N1CCCCCC1,,,,"MolVec 0.9.8 (git b412dd0, Maven Central)",0.22716924990527332
uob,maybridge-0071-63234755,O=C(C1CCCNC1)N1CCCCCC1,,,,"MolVec 0.9.8 (git b412dd0, Maven Central)",0.28042419091798365
uob,maybridge-0071-700670801,O=C(C1CCNCC1)N1CCCCC1,,,,"MolVec 0.9.8 (git b412dd0, Maven Central)",0.2296250881627202
uob,maybridge-0071-71716389,Cc1ccc(C)n1CC1CCNCC1,,,,"MolVec 0.9.8 (git b412dd0, Maven Central)",0.23201151005923748
uob,maybridge-0071-878165078,OC1CC(c2ccccc2)NC2(CCCC2)C1,,,,"MolVec 0.9.8 (git b412dd0, Maven Central)",0.3405462421942502
uob,maybridge-0071-981626850,CC(C)(C)OC(=O)NCC1CCNCC1,,,,"MolVec 0.9.8 (git b412dd0, Maven Central)",0.20089524518698454
uob,maybridge-0072-372193655,O=C(C1CCCCN1)N1CCCCC1,,,,"MolVec 0.9.8 (git b412dd0, Maven Central)",0.23780354601331055
uob,maybridge-0072-382017992,O=C(C1CCCNC1)N1CCCCC1,,,,"MolVec 0.9.8 (git b412dd0, Maven Central)",0.236845918931067
uob,maybridge-0072-467328836,O=C(C1CCCCN1)N1CCOCC1,,,,"MolVec 0.9.8 (git b412dd0, Maven Central)",0.24033724190667272
uob,maybridge-0072-494170596,O=C(C1CCNCC1)N1CCOCC1,,,,"MolVec 0.9.8 (git b412dd0, Maven Central)",0.28187100193463266
uob,maybridge-0072-531009567,c1ccc2c(c1)nnn2C1CCNCC1,,,,"MolVec 0.9.8 (git b412dd0, Maven Central)",0.3162218309007585
uob,maybridge-0072-699004990,CC1CCN(C(=O)C2CCCCN2)CC1,,,,"MolVec 0.9.8 (git b412dd0, Maven Central)",0.2357293339446187
uob,maybridge-0072-795170324,O=C(c1ccc(F)cc1)C1CCNCC1,,,,"MolVec 0.9.8 (git b412dd0, Maven Central)",0.3760590651072562
uob,maybridge-0072-893374828,CC(=O)Nc1ccc(C(=O)C2CCNCC2)cc1,,,,"MolVec 0.9.8 (git b412dd0, Maven Central)",0.3727501949761063
uob,maybridge-0072-895100960,O=C(c1cccs1)C1CCNCC1,,,,"MolVec 0.9.8 (git b412dd0, Maven Central)",0.3480072340462357
uob,maybridge-0073-146825212,CC1CCN(C(=O)C2CCCNC2)CC1,,,,"MolVec 0.9.8 (git b412dd0, Maven Central)",0.25391281000338495
uob,maybridge-0073-299645146,Fc1ccc2onc(C3CCNCC3)c2c1,,,,"MolVec 0.9.8 (git b412dd0, Maven Central)",0.3127724581863731
uob,maybridge-0073-373410597,CC1CCN(C(=O)C2CCNCC2)CC1,,,,"MolVec 0.9.8 (git b412dd0, Maven Central)",0.2571103791706264
uob,maybridge-0073-417082122,CN1CCN(C(=O)C2CCCNC2)CC1,,,,"MolVec 0.9.8 (git b412dd0, Maven Central)",0.22591749299317598
uob,maybridge-0073-517736351,COc1ccc(C(=O)C2CCNCC2)cc1,,,,"MolVec 0.9.8 (git b412dd0, Maven Central)",0.36660072789527476
uob,maybridge-0073-66491285,O=C(c1ccc(Cl)cc1)C1CCNCC1,,,,"MolVec 0.9.8 (git b412dd0, Maven Central)",0.35715570696629584
uob,maybridge-0073-729613864,CC1(C)COC(C2CCNCC2)OC1.O=C(O)C(=O)O,,,,"MolVec 0.9.8 (git b412dd0, Maven Central)",0.3394250029232353
uob,maybridge-0073-808331944,FC(F)(F)c1ccc2c(c1)nnn2C1CCNCC1,,,,"MolVec 0.9.8 (git b412dd0, Maven Central)",0.4618949731811881
uob,maybridge-0074-140081400,NCC1CCN(Cc2ccccc2)CC1,,,,"MolVec 0.9.8 (git b412dd0, Maven Central)",0.23622853099368513
uob,maybridge-0074-268943347,CCN1CCC(CN)CC1,,,,"MolVec 0.9.8 (git b412dd0, Maven Central)",0.155432331841439
uob,maybridge-0074-394752780,CN1C(C)(C)CC(N)CC1(C)C,,,,"MolVec 0.9.8 (git b412dd0, Maven Central)",0.22139481804333627
uob,maybridge-0074-598971189,CNCC1CCN(c2cncc(C)n2)CC1,,,,"MolVec 0.9.8 (git b412dd0, Maven Central)",0.20607455307617784
uob,maybridge-0074-637098794,CN1CCC(CN)CC1,,,,"MolVec 0.9.8 (git b412dd0, Maven Central)",0.15185678307898343
uob,maybridge-0074-656928714,FC(F)(F)c1cc(NCCC2CCCCN2)cc(C(F)(F)F)c1,,,,"MolVec 0.9.8 (git b412dd0, Maven Central)",0.33044511009939015
uob,maybridge-0074-731335194,CN1CCCCC1CN,,,,"MolVec 0.9.8 (git b412dd0, Maven Central)",0.1619499591179192
uob,maybridge-0074-779289548,CC(C)(C)OC(=O)N1CCC(CN)CC1,,,,"MolVec 0.9.8 (git b412dd0, Maven Central)",0.23117916495539248
uob,maybridge-0074-823808547,Cc1cncc(N2CCC(CN)CC2)n1,,,,"MolVec 0.9.8 (git b412dd0, Maven Central)",0.22435176698490977
uob,maybridge-0075-1065441200,NCC1CCN(C(=O)OCc2ccccc2)CC1,,,,"MolVec 0.9.8 (git b412dd0, Maven Central)",0.36760556511580944
uob,maybridge-0075-1067858078,CNCC1CCN(C(=O)OCc2ccccc2)CC1,,,,"MolVec 0.9.8 (git b412dd0, Maven Central)",0.3703442281112075
uob,maybridge-0075-208039923,c1ccc(N2CCNCC2)nc1,,,,"MolVec 0.9.8 (git b412dd0, Maven Central)",0.16066808300092816
uob,maybridge-0075-313466535,c1cnc(N2CCNCC2)nc1,,,,"MolVec 0.9.8 (git b412dd0, Maven Central)",0.18262044619768858
uob,maybridge-0075-429569171,CC(C)(N)CN1CCCCC1,,,,"MolVec 0.9.8 (git b412dd0, Maven Central)",0.12356372806243598
uob,maybridge-0075-464694745,NCCN1CCC(Cc2ccccc2)CC1,,,,"MolVec 0.9.8 (git b412dd0, Maven Central)",0.28927670093253255
uob,maybridge-0075-599534253,Nc1ccccc1N1CCNCC1,,,,"MolVec 0.9.8 (git b412dd0, Maven Central)",0.1667859370354563
uob,maybridge-0075-616271268,Cc1cncc(N2CCNCC2)n1,,,,"MolVec 0.9.8 (git b412dd0, Maven Central)",0.17152273189276457
uob,maybridge-0075-672167766,CC1CNC(C)CN1,,,,"MolVec 0.9.8 (git b412dd0, Maven Central)",0.12058678502216935
uob,maybridge-0075-781190225,CC1CCN(CC(C)(C)N)CC1,,,,"MolVec 0.9.8 (git b412dd0, Maven Central)",0.13399154599756002
uob,maybridge-0076-1036234941,c1cc2occc2c(N2CCNCC2)n1,,,,"MolVec 0.9.8 (git b412dd0, Maven Central)",0.2715401048772037
uob,maybridge-0076-1039688370,N#Cc1ccc(N2CCNCC2)nc1,,,,"MolVec 0.9.8 (git b412dd0, Maven Central)",0.20777374203316867
uob,maybridge-0076-170926376,Cc1cccc(N2CCNCC2)c1C,,,,"MolVec 0.9.8 (git b412dd0, Maven Central)",0.22810536716133356
uob,maybridge-0076-196487303,CC(C)(C)OC(=O)N1CCNCC1,,,,"MolVec 0.9.8 (git b412dd0, Maven Central)",0.20151306502521038
uob,maybridge-0076-247948576,CCOC(=O)CC1NCCNC1=O,,,,"MolVec 0.9.8 (git b412dd0, Maven Central)",0.1836570028681308
uob,maybridge-0076-323668651,Cc1ccc(C)n1CCN1CCNCC1,,,,"MolVec 0.9.8 (git b412dd0, Maven Central)",0.3271755650639534
uob,maybridge-0076-326159097,O=C(O)C1CNCCN1,,,,"MolVec 0.9.8 (git b412dd0, Maven Central)",0.20740708499215543
uob,maybridge-0076-630081187,Fc1ccc(N2CCNCC2)cc1,,,,"MolVec 0.9.8 (git b412dd0, Maven Central)",0.22587798000313342
uob,maybridge-0076-681429255,Cc1ccc(N2CCNCC2)cc1C,,,,"MolVec 0.9.8 (git b412dd0, Maven Central)",0.1857731700874865
uob,maybridge-0076-686324904,N#Cc1cccnc1N1CCNCC1,,,,"MolVec 0.9.8 (git b412dd0, Maven Central)",0.26894944603554904
uob,maybridge-0076-794776150,N#Cc1ccc(N2CCNCC2)cc1,,,,"MolVec 0.9.8 (git b412dd0, Maven Central)",0.28767769201658666
uob,maybridge-0077-121055644,FC(F)(F)c1cccnc1N1CCNCC1,,,,"MolVec 0.9.8 (git b412dd0, Maven Central)",0.26618604408577085
uob,maybridge-0077-138028968,Clc1cncc(Cl)c1N1CCNCC1,,,,"MolVec 0.9.8 (git b412dd0, Maven Central)",0.2860994900111109
uob,maybridge-0077-185450158,c1ccc(-c2nsc(N3CCNCC3)n2)cc1,,,,"MolVec 0.9.8 (git b412dd0, Maven Central)",0.3819758901372552
uob,maybridge-0077-481901952,Fc1cccc(Cl)c1CN1CCNCC1,,,,"MolVec 0.9.8 (git b412dd0, Maven Central)",0.27250907593406737
uob,maybridge-0077-488452661,Cc1ccc(Cl)cc1N1CCNCC1,,,,"MolVec 0.9.8 (git b412dd0, Maven Central)",0.2259510289877653
uob,maybridge-0077-53992644,Clc1ccc2c(N3CCNCC3)ccnc2c1,,,,"MolVec 0.9.8 (git b412dd0, Maven Central)",0.30639195814728737
uob,maybridge-0077-617782159,COc1cccc(N2CCNCC2)c1,,,,"MolVec 0.9.8 (git b412dd0, Maven Central)",0.2482517419848591
uob,maybridge-0077-719575864,Cc1ccccc1N1CCNCC1,,,,"MolVec 0.9.8 (git b412dd0, Maven Central)",0.22935483395121992
uob,maybridge-0077-726270699,Cc1cc(N2CCNCC2)c2ccccc2n1,,,,"MolVec 0.9.8 (git b412dd0, Maven Central)",0.30149745708331466
uob,maybridge-0077-79793101,FC(F)(F)c1ccc(N2CCNCC2)nc1,,,,"MolVec 0.9.8 (git b412dd0, Maven Central)",0.28004173119552433
uob,maybridge-0077-90967360,FC(F)(F)c1cccc(N2CCNCC2)n1,,,,"MolVec 0.9.8 (git b412dd0, Maven Central)",0.2325846271123737
uob,maybridge-0078-1005572931,NCC1CCCCO1,,,,"MolVec 0.9.8 (git b412dd0, Maven Central)",0.11708238907158375
uob,maybridge-0078-202413218,NCCCN1CCN(Cc2c(F)cccc2Cl)CC1,,,,"MolVec 0.9.8 (git b412dd0, Maven Central)",0.34241392300464213
uob,maybridge-0078-247169784,NCCN1CCN(Cc2ccccc2)CC1,,,,"MolVec 0.9.8 (git b412dd0, Maven Central)",0.29221203993074596
uob,maybridge-0078-270140056,FC(F)(F)c1cnc(N2CCNCC2)c(Cl)c1,,,,"MolVec 0.9.8 (git b412dd0, Maven Central)",0.22868692385964096
uob,maybridge-0078-285412367,Cc1ccc2nc(C(F)(F)F)cc(N3CCNCC3)c2c1,,,,"MolVec 0.9.8 (git b412dd0, Maven Central)",0.3370636978652328
uob,maybridge-0078-567516917,NCC1CCOCC1,,,,"MolVec 0.9.8 (git b412dd0, Maven Central)",0.13517774501815438
uob,maybridge-0078-569571857,Fc1ccc(C(c2ccc(F)cc2)N2CCNCC2)cc1,,,,"MolVec 0.9.8 (git b412dd0, Maven Central)",0.34418573207221925
uob,maybridge-0078-73982164,Oc1ccc(N2CCNCC2)cc1,,,,"MolVec 0.9.8 (git b412dd0, Maven Central)",0.22215246898122132
uob,maybridge-0078-846678309,NS(=O)(=O)c1cc([N+](=O)[O-])c(N2CCNCC2)s1,,,,"MolVec 0.9.8 (git b412dd0, Maven Central)",0.25619170092977583
uob,maybridge-0078-860391106,O=[N+]([O-])c1cc(C(F)(F)F)ccc1N1CCNCC1,,,,"MolVec 0.9.8 (git b412dd0, Maven Central)",0.2672055799048394
uob,maybridge-0079-1040849263,Cc1cncc(N2CCCNCC2)n1,,,,"MolVec 0.9.8 (git b412dd0, Maven Central)",0.1989596679341048
uob,maybridge-0079-11227393,c1ccc(CN2CCCNCC2)cc1,,,,"MolVec 0.9.8 (git b412dd0, Maven Central)",0.24475697986781597
uob,maybridge-0079-155927969,C1CNCCNC1,,,,"MolVec 0.9.8 (git b412dd0, Maven Central)",0.11291247908957303
uob,maybridge-0079-276359478,N#CCCNCCCN1CCOCC1,,,,"MolVec 0.9.8 (git b412dd0, Maven Central)",0.15929299499839544
uob,maybridge-0079-469129546,OCCN1CCCNCC1,,,,"MolVec 0.9.8 (git b412dd0, Maven Central)",0.1712713420856744
uob,maybridge-0079-557255913,O=C1c2ccccc2C(=O)N1CC1CNCCO1,,,,"MolVec 0.9.8 (git b412dd0, Maven Central)",0.2839032900519669
uob,maybridge-0079-692519382,CCOC(=O)C1CSCCN1,,,,"MolVec 0.9.8 (git b412dd0, Maven Central)",0.15047573996707797
uob,maybridge-0079-751833764,CC(C)(CN)CN1CCCCCC1,,,,"MolVec 0.9.8 (git b412dd0, Maven Central)",0.16034497204236686
uob,maybridge-0079-927786612,NCC1CN(Cc2ccccc2)CCO1,,,,"MolVec 0.9.8 (git b412dd0, Maven Central)",0.22744347294792533
uob,maybridge-0079-939714435,CC(C)(N)CN1CCOCC1,,,,"MolVec 0.9.8 (git b412dd0, Maven Central)",0.12653769389726222
uob,maybridge-0079-96133277,NC1CCSCC1,,,,"MolVec 0.9.8 (git b412dd0, Maven Central)",0.1274116018321365
uob,maybridge-0080-244767553,Fc1cccc(Cl)c1CN1CCCNCC1,,,,"MolVec 0.9.8 (git b412dd0, Maven Central)",0.1930747909937054
uob,maybridge-0080-254764860,CC(C)(C)OC(=O)N1CCCNCC1,,,,"MolVec 0.9.8 (git b412dd0, Maven Central)",0.2135060429573059
uob,maybridge-0080-269512110,N#Cc1cccnc1N1CCCNCC1,,,,"MolVec 0.9.8 (git b412dd0, Maven Central)",0.23178735212422907
uob,maybridge-0080-287643576,FC(F)(F)c1cnc(N2CCCNCC2)c(Cl)c1,,,,"MolVec 0.9.8 (git b412dd0, Maven Central)",0.24236201401799917
uob,maybridge-0080-324805973,N#Cc1ccc(N2CCCNCC2)nc1,,,,"MolVec 0.9.8 (git b412dd0, Maven Central)",0.21646933583542705
uob,maybridge-0080-441162773,c1ccc(-c2nsc(N3CCCNCC3)n2)cc1,,,,"MolVec 0.9.8 (git b412dd0, Maven Central)",0.32963424106128514
uob,maybridge-0080-51488685,Fc1ccc(CN2CCCNCC2)cc1,,,,"MolVec 0.9.8 (git b412dd0, Maven Central)",0.1719593859743327
uob,maybridge-0080-516608798,O=C(c1cccs1)N1CCCNCC1,,,,"MolVec 0.9.8 (git b412dd0, Maven Central)",0.21194955008104444
uob,maybridge-0080-536716538,Cc1cc(C)c(CN2CCCNCC2)c(C)c1,,,,"MolVec 0.9.8 (git b412dd0, Maven Central)",0.20117036695592105
uob,maybridge-0080-578245205,FC(F)(F)c1ccnc(N2CCCNCC2)n1,,,,"MolVec 0.9.8 (git b412dd0, Maven Central)",0.20518358587287366
uob,maybridge-0080-641577569,O=[N+]([O-])c1ccc(N2CCCNCC2)nc1,,,,"MolVec 0.9.8 (git b412dd0, Maven Central)",0.2020653891377151
uob,maybridge-0080-794994934,Brc1ccc(CN2CCCNCC2)cc1,,,,"MolVec 0.9.8 (git b412dd0, Maven Central)",0.2254006969742477
uob,maybridge-0081-234710758,NC(Cc1c[nH]c2cc(F)ccc12)C(=O)O,,,,"MolVec 0.9.8 (git b412dd0, Maven Central)",0.41746520809829235
uob,maybridge-0081-354219329,NC(Cc1c[nH]c2ccc(O)cc12)C(=O)O,,,,"MolVec 0.9.8 (git b412dd0, Maven Central)",0.3379176859743893
uob,maybridge-0081-368499956,CNCc1cc2sccc2n1C,,,,"MolVec 0.9.8 (git b412dd0, Maven Central)",0.22051581810228527
uob,maybridge-0081-447386087,Cc1ccc2[nH]cc(CCN)c2c1,,,,"MolVec 0.9.8 (git b412dd0, Maven Central)",0.349313760176301
uob,maybridge-0081-502231410,CC1(C)C2CCC1(C)C(N)C2,,,,"MolVec 0.9.8 (git b412dd0, Maven Central)",0.2610275528859347
uob,maybridge-0081-548606364,NC1Cc2ccccc2C1,,,,"MolVec 0.9.8 (git b412dd0, Maven Central)",0.17831597407348454
uob,maybridge-0081-564798057,Fc1cc(Br)ccc1CN1CCCNCC1,,,,"MolVec 0.9.8 (git b412dd0, Maven Central)",0.19541361299343407
uob,maybridge-0081-61577741,NC(Cc1c[nH]c2ccc(F)cc12)C(=O)O,,,,"MolVec 0.9.8 (git b412dd0, Maven Central)",0.3863077671267092
uob,maybridge-0081-791370687,CCCC,,,,"MolVec 0.9.8 (git b412dd0, Maven Central)",0.20644199289381504
uob,maybridge-0081-938626746,NCc1c[nH]c2ccccc12.O=C(O)C(=O)O,,,,"MolVec 0.9.8 (git b412dd0, Maven Central)",0.3138931409921497
uob,maybridge-0082-1040849263,CNCc1nn(C)c2ccccc12,,,,"MolVec 0.9.8 (git b412dd0, Maven Central)",0.32957126782275736
uob,maybridge-0082-11227393,Cn1nc(CN)c2ccccc21,,,,"MolVec 0.9.8 (git b412dd0, Maven Central)",0.23583465698175132
uob,maybridge-0082-155927969,CNCc1ccc2c(ccn2C)c1,,,,"MolVec 0.9.8 (git b412dd0, Maven Central)",0.19803555100224912
uob,maybridge-0082-276359478,Cn1ccc2cc(CN)ccc21,,,,"MolVec 0.9.8 (git b412dd0, Maven Central)",0.18777315504848957
uob,maybridge-0082-469129546,CNCc1ccc2ccn(C)c2c1,,,,"MolVec 0.9.8 (git b412dd0, Maven Central)",0.2005565739236772
uob,maybridge-0082-472041340,CNCc1nc2ccccc2n1C,,,,"MolVec 0.9.8 (git b412dd0, Maven Central)",0.30194865399971604
uob,maybridge-0082-555751857,CNCc1ccc2[nH]cnc2c1.O=C(O)C(=O)O.O=C(O)C(=O)O,,,,"MolVec 0.9.8 (git b412dd0, Maven Central)",0.38596922904253006
uob,maybridge-0082-692519382,Cn1ccc2c(CN)cccc21,,,,"MolVec 0.9.8 (git b412dd0, Maven Central)",0.19381354795768857
uob,maybridge-0082-751833764,Cn1ccc2ccc(CN)cc21,,,,"MolVec 0.9.8 (git b412dd0, Maven Central)",0.2145106710959226
uob,maybridge-0082-754768586,Cn1c(CN)nc2ccccc21,,,,"MolVec 0.9.8 (git b412dd0, Maven Central)",0.28569465107284486
uob,maybridge-0082-939714435,COC(=O)C(C)(N)Cc1c[nH]c2ccccc12,,,,"MolVec 0.9.8 (git b412dd0, Maven Central)",0.37521485588513315
uob,maybridge-0083-1035464002,NCC1Cc2ccccc2O1,,,,"MolVec 0.9.8 (git b412dd0, Maven Central)",0.23971306905150414
uob,maybridge-0083-182597042,CNCc1c(C)nc2ccccn12,,,,"MolVec 0.9.8 (git b412dd0, Maven Central)",0.23101321491412818
uob,maybridge-0083-316853996,CCOC(=O)c1cn2c(n1)CNCC2,,,,"MolVec 0.9.8 (git b412dd0, Maven Central)",0.26965922792442143
uob,maybridge-0083-422549750,CNCc1ccc2nccn2c1,,,,"MolVec 0.9.8 (git b412dd0, Maven Central)",0.19788768701255322
uob,maybridge-0083-435744422,CN1C2CCC1CC(N)C2,,,,"MolVec 0.9.8 (git b412dd0, Maven Central)",0.22003321419470012
uob,maybridge-0083-473946836,CC1(C)Cc2cccc(CN)c2O1,,,,"MolVec 0.9.8 (git b412dd0, Maven Central)",0.25889319903217256
uob,maybridge-0083-554404333,NCCc1coc2ccccc12,,,,"MolVec 0.9.8 (git b412dd0, Maven Central)",0.28360155900008976
uob,maybridge-0083-808426854,NCc1cc2cc(Br)ccc2o1,,,,"MolVec 0.9.8 (git b412dd0, Maven Central)",0.27367458399385214
uob,maybridge-0083-863441682,NCc1ccc2occc2c1,,,,"MolVec 0.9.8 (git b412dd0, Maven Central)",0.21055784495547414
uob,maybridge-0083-933384530,NCc1ccc2nccn2c1,,,,"MolVec 0.9.8 (git b412dd0, Maven Central)",0.18031443189829588
uob,maybridge-0084-1002707619,CNCc1cccc2c1OC(C)(C)C2,,,,"MolVec 0.9.8 (git b412dd0, Maven Central)",0.2685004211962223
uob,maybridge-0084-177863871,NCc1csc2ccc(Br)cc12,,,,"MolVec 0.9.8 (git b412dd0, Maven Central)",0.21354229608550668
uob,maybridge-0084-18502609,NCc1ccc2c(c1)OCO2,,,,"MolVec 0.9.8 (git b412dd0, Maven Central)",0.1706031218636781
uob,maybridge-0084-247761613,CNCc1cc2ccccc2s1,,,,"MolVec 0.9.8 (git b412dd0, Maven Central)",0.30125618213787675
uob,maybridge-0084-280277242,NCCc1cccc2c1OCC2,,,,"MolVec 0.9.8 (git b412dd0, Maven Central)",0.23191584320738912
uob,maybridge-0084-368750820,NCc1csc2ccc(Cl)cc12,,,,"MolVec 0.9.8 (git b412dd0, Maven Central)",0.2928638178855181
uob,maybridge-0084-432736518,NCc1cc2ccccc2s1,,,,"MolVec 0.9.8 (git b412dd0, Maven Central)",0.2668038019910455
uob,maybridge-0084-453372216,NCc1csc2ccccc12,,,,"MolVec 0.9.8 (git b412dd0, Maven Central)",0.2518575699068606
uob,maybridge-0084-473068394,NCc1ccc2c(c1)CCO2,,,,"MolVec 0.9.8 (git b412dd0, Maven Central)",0.17977171298116446
uob,maybridge-0084-682467678,CNCc1ccc2c(c1)OCO2,,,,"MolVec 0.9.8 (git b412dd0, Maven Central)",0.14567697094753385
uob,maybridge-0084-764862724,NCc1ccc2sccc2c1,,,,"MolVec 0.9.8 (git b412dd0, Maven Central)",0.20579966087825596
uob,maybridge-0085-1017196127,CNCc1scc2c1OCCO2,,,,"MolVec 0.9.8 (git b412dd0, Maven Central)",0.20364950993098319
uob,maybridge-0085-1030815168,NCCSc1cc(C(F)(F)F)nc2ccccc12,,,,"MolVec 0.9.8 (git b412dd0, Maven Central)",0.32013235380873084
uob,maybridge-0085-119382315,CNCc1sc(Br)c2c1OCCO2,,,,"MolVec 0.9.8 (git b412dd0, Maven Central)",0.22455324092879891
uob,maybridge-0085-231380411,COc1ccc(C2NCCc3sccc32)cc1,,,,"MolVec 0.9.8 (git b412dd0, Maven Central)",0.3166275969706476
uob,maybridge-0085-57034753,CNCc1ccc2ncccc2c1,,,,"MolVec 0.9.8 (git b412dd0, Maven Central)",0.2254910720512271
uob,maybridge-0085-582274331,CNCc1cc2cccnc2s1,,,,"MolVec 0.9.8 (git b412dd0, Maven Central)",0.2865047480445355
uob,maybridge-0085-64839275,NCc1cccc2nsnc12,,,,"MolVec 0.9.8 (git b412dd0, Maven Central)",0.28474055882543325
uob,maybridge-0085-653161283,NCc1nc2ccccc2s1,,,,"MolVec 0.9.8 (git b412dd0, Maven Central)",0.2546875400003046
uob,maybridge-0085-725213792,O=C(O)C1Cc2cc(O)ccc2CN1,,,,"MolVec 0.9.8 (git b412dd0, Maven Central)",0.2906177560798824
uob,maybridge-0085-993263229,NCC1OCCc2sccc21,,,,"MolVec 0.9.8 (git b412dd0, Maven Central)",0.1693038227967918
uob,maybridge-0086-1006005922,NCc1ccc2c(c1)OCCCO2,,,,"MolVec 0.9.8 (git b412dd0, Maven Central)",0.19352849200367928
uob,maybridge-0086-1027645503,NCc1cccc2c1OCCO2,,,,"MolVec 0.9.8 (git b412dd0, Maven Central)",0.20405355491675436
uob,maybridge-0086-128498353,NCC1COc2ccccc2O1,,,,"MolVec 0.9.8 (git b412dd0, Maven Central)",0.1458928780630231
uob,maybridge-0086-300665739,NCc1ccc2c(c1)OCCO2,,,,"MolVec 0.9.8 (git b412dd0, Maven Central)",0.1834336780011654
uob,maybridge-0086-306868644,CC(C)NCC1COc2ccccc2O1,,,,"MolVec 0.9.8 (git b412dd0, Maven Central)",0.19904514285735786
uob,maybridge-0086-48293727,NCc1cc(F)cc2c1OCOC2,,,,"MolVec 0.9.8 (git b412dd0, Maven Central)",0.2541674179956317
uob,maybridge-0086-684608860,CN1CCN(C)c2cc(CN)ccc21,,,,"MolVec 0.9.8 (git b412dd0, Maven Central)",0.21030220412649214
uob,maybridge-0086-691303398,NCc1cccc2c1OCCCO2,,,,"MolVec 0.9.8 (git b412dd0, Maven Central)",0.2467472271528095
uob,maybridge-0086-895740908,CC(C)(C)NC(=O)[C@@H]1CC2CCCCC2CN1,,,,"MolVec 0.9.8 (git b412dd0, Maven Central)",0.39633773686364293
uob,maybridge-0087-1002951041,C=CCOC(=O)NCCN,,,,"MolVec 0.9.8 (git b412dd0, Maven Central)",0.15450544306077063
uob,maybridge-0087-192203438,C=CCOC(=O)NCCNC,,,,"MolVec 0.9.8 (git b412dd0, Maven Central)",0.166096261003986
uob,maybridge-0087-362027015,CCOC(=O)CCN,,,,"MolVec 0.9.8 (git b412dd0, Maven Central)",0.16388020105659962
uob,maybridge-0087-652989294,CCC(CC)CN,,,,"MolVec 0.9.8 (git b412dd0, Maven Central)",0.10013045300729573
uob,maybridge-0087-675612649,NCCCCS,,,,"MolVec 0.9.8 (git b412dd0, Maven Central)",0.06772812502458692
uob,maybridge-0087-690148462,CCC(CN)OC,,,,"MolVec 0.9.8 (git b412dd0, Maven Central)",0.1181817480828613
uob,maybridge-0087-712106780,CCC(C)CN,,,,"MolVec 0.9.8 (git b412dd0, Maven Central)",0.07685733307152987
uob,maybridge-0087-781150442,CC(N)C12CC3CC34(CC4C1)C2,,,,"MolVec 0.9.8 (git b412dd0, Maven Central)",0.28307867399416864
uob,maybridge-0087-910361984,NCCSCCO,,,,"MolVec 0.9.8 (git b412dd0, Maven Central)",0.0894952928647399
uob,maybridge-0087-93310593,CC(C)(C)OC(=O)NCCN,,,,"MolVec 0.9.8 (git b412dd0, Maven Central)",0.13980939402244985
uob,maybridge-0088-1010028314,Cn1ncc(C=O)c1N,,,,"MolVec 0.9.8 (git b412dd0, Maven Central)",0.15714773605577648
uob,maybridge-0088-130223995,COC(=O)c1cc(N)cn1C,,,,"MolVec 0.9.8 (git b412dd0, Maven Central)",0.25230640498921275
uob,maybridge-0088-264888029,Cn1nccc1N,,,,"MolVec 0.9.8 (git b412dd0, Maven Central)",0.11283090081997216
uob,maybridge-0088-295092678,Cc1nn(C)c(C)c1N,,,,"MolVec 0.9.8 (git b412dd0, Maven Central)",0.13389912503771484
uob,maybridge-0088-402948878,Cc1cc(N)[nH]n1,,,,"MolVec 0.9.8 (git b412dd0, Maven Central)",0.13889807392843068
uob,maybridge-0088-491967457,Nc1n[nH]cc1C(=O)O,,,,"MolVec 0.9.8 (git b412dd0, Maven Central)",0.18098054407164454
uob,maybridge-0088-760124483,Cn1cc(C=O)c(N)n1,,,,"MolVec 0.9.8 (git b412dd0, Maven Central)",0.16151937609538436
uob,maybridge-0088-783185117,Cc1cc(N)n(C)n1,,,,"MolVec 0.9.8 (git b412dd0, Maven Central)",0.12682177685201168
uob,maybridge-0088-972749721,Nc1cc(O)[nH]n1,,,,"MolVec 0.9.8 (git b412dd0, Maven Central)",0.14238377008587122
uob,maybridge-0088-992206211,Cn1ccc(N)n1,,,,"MolVec 0.9.8 (git b412dd0, Maven Central)",0.13463283493183553
uob,maybridge-0089-1017400257,Nc1cc(-c2cccs2)[nH]n1,,,,"MolVec 0.9.8 (git b412dd0, Maven Central)",0.2279509820509702
uob,maybridge-0089-262305312,Cc1ccc(-c2cc(N)[nH]n2)cc1,,,,"MolVec 0.9.8 (git b412dd0, Maven Central)",0.30090806912630796
uob,maybridge-0089-294515705,Cn1nc(C(C)(C)C)cc1N,,,,"MolVec 0.9.8 (git b412dd0, Maven Central)",0.19656303292140365
uob,maybridge-0089-331152891,CC(C)(C)c1cc(N)[nH]n1,,,,"MolVec 0.9.8 (git b412dd0, Maven Central)",0.1742033341433853
uob,maybridge-0089-437392870,Cn1nc(C2CC2)cc1N,,,,"MolVec 0.9.8 (git b412dd0, Maven Central)",0.2260310489218682
uob,maybridge-0089-536645501,Nc1cc(-c2ccco2)n[nH]1,,,,"MolVec 0.9.8 (git b412dd0, Maven Central)",0.27304044202901423
uob,maybridge-0089-559673522,Nc1cc(-c2ccccc2)[nH]n1,,,,"MolVec 0.9.8 (git b412dd0, Maven Central)",0.24126555700786412
uob,maybridge-0089-56399327,Cc1cc(N)n(C)n1,,,,"MolVec 0.9.8 (git b412dd0, Maven Central)",0.15699518285691738
uob,maybridge-0089-621532520,Cn1nc(-c2ccccc2)cc1N,,,,"MolVec 0.9.8 (git b412dd0, Maven Central)",0.2326712221838534
uob,maybridge-0089-802177581,CCOC(=O)c1cnn(C)c1N,,,,"MolVec 0.9.8 (git b412dd0, Maven Central)",0.22070889314636588
uob,maybridge-0089-883598424,Cn1ncc(C(N)=O)c1N,,,,"MolVec 0.9.8 (git b412dd0, Maven Central)",0.2449519329238683
uob,maybridge-0090-1036206314,Nc1cc(-c2ccccc2)nn1-c1ccccc1,,,,"MolVec 0.9.8 (git b412dd0, Maven Central)",0.38397615402936935
uob,maybridge-0090-1040354805,Cc1nn(C)c(N2CCOCC2)c1N,,,,"MolVec 0.9.8 (git b412dd0, Maven Central)",0.1878062488976866
uob,maybridge-0090-255846400,Cn1ncc(Br)c1N,,,,"MolVec 0.9.8 (git b412dd0, Maven Central)",0.148444116814062
uob,maybridge-0090-370270810,Nc1cc(-c2ccc(Cl)cc2)n[nH]1,,,,"MolVec 0.9.8 (git b412dd0, Maven Central)",0.3386642017867416
uob,maybridge-0090-457556032,Nc1[nH]nc(-c2ccccc2)c1Br,,,,"MolVec 0.9.8 (git b412dd0, Maven Central)",0.2699996258597821
uob,maybridge-0090-73857721,Cn1nc(C(F)(F)F)c(-c2ccccc2)c1N,,,,"MolVec 0.9.8 (git b412dd0, Maven Central)",0.29326874297112226
uob,maybridge-0090-895549112,Cn1nc(-c2ccc(Cl)cc2)cc1N,,,,"MolVec 0.9.8 (git b412dd0, Maven Central)",0.33208238100633025
uob,maybridge-0090-969786836,N#Cc1c(-c2ccc(Cl)cc2)n[nH]c1N,,,,"MolVec 0.9.8 (git b412dd0, Maven Central)",0.3582944779191166
uob,maybridge-0090-973816945,Cn1nc(-c2cccs2)cc1N,,,,"MolVec 0.9.8 (git b412dd0, Maven Central)",0.2815192509442568
uob,maybridge-0091-146386987,CC(C)(C)n1nc(-c2ccc(Cl)cc2)c(C#N)c1N,,,,"MolVec 0.9.8 (git b412dd0, Maven Central)",0.3978302690666169
uob,maybridge-0091-256920395,Cc1csc(N)c1C(N)=O,,,,"MolVec 0.9.8 (git b412dd0, Maven Central)",0.2047675729263574
uob,maybridge-0091-320882374,N#Cc1ccsc1N,,,,"MolVec 0.9.8 (git b412dd0, Maven Central)",0.17857313505373895
uob,maybridge-0091-518145400,N#Cc1cc(-c2ccccc2)oc1N,,,,"MolVec 0.9.8 (git b412dd0, Maven Central)",0.37367376894690096
uob,maybridge-0091-594202473,CC1N=C(CCS)N=C1N,,,,"MolVec 0.9.8 (git b412dd0, Maven Central)",0.15464493678882718
uob,maybridge-0091-605710457,CC(=O)c1sccc1N,,,,"MolVec 0.9.8 (git b412dd0, Maven Central)",0.23604721203446388
uob,maybridge-0091-821825341,CCOC(=O)c1cnn(-c2c([N+](=O)[O-])c(C)nn2C)c1N,,,,"MolVec 0.9.8 (git b412dd0, Maven Central)",0.3466227159369737
uob,maybridge-0091-822073182,CCOC(=O)c1cnn(-c2ccc(F)cc2)c1N,,,,"MolVec 0.9.8 (git b412dd0, Maven Central)",0.37506435392424464
uob,maybridge-0091-856800204,Nc1nnc(S)[nH]1,,,,"MolVec 0.9.8 (git b412dd0, Maven Central)",0.18120031501166523
uob,maybridge-0091-898367489,CCOC(=O)c1cnn(-c2ccc([N+](=O)[O-])cc2)c1N,,,,"MolVec 0.9.8 (git b412dd0, Maven Central)",0.3983851741068065
uob,maybridge-0092-1007127820,COC(=O)c1cscc1N,,,,"MolVec 0.9.8 (git b412dd0, Maven Central)",0.17049591708928347
uob,maybridge-0092-182635151,COC(=O)c1sc(C(C)(C)C)cc1N,,,,"MolVec 0.9.8 (git b412dd0, Maven Central)",0.4445329448208213
uob,maybridge-0092-187152619,CCOC(=O)c1c(N)sc(C)c1C,,,,"MolVec 0.9.8 (git b412dd0, Maven Central)",0.22450946108438075
uob,maybridge-0092-339990049,COC(=O)c1ccsc1N,,,,"MolVec 0.9.8 (git b412dd0, Maven Central)",0.20905475388281047
uob,maybridge-0092-350103751,COC(=O)c1scc(C)c1N,,,,"MolVec 0.9.8 (git b412dd0, Maven Central)",0.1934936640318483
uob,maybridge-0092-435877384,COC(=O)c1sccc1N,,,,"MolVec 0.9.8 (git b412dd0, Maven Central)",0.2144541060552001
uob,maybridge-0092-527558727,COC(=O)c1cscc1N,,,,"MolVec 0.9.8 (git b412dd0, Maven Central)",0.24840427888557315
uob,maybridge-0092-742696904,CC(C)(C)c1cc(N)c(C(N)=O)s1,,,,"MolVec 0.9.8 (git b412dd0, Maven Central)",0.4914812911301851
uob,maybridge-0092-879319175,COC(=O)c1scc(C#N)c1N,,,,"MolVec 0.9.8 (git b412dd0, Maven Central)",0.25038117496296763
uob,maybridge-0092-920531422,CCOC(=O)c1c(C)csc1N,,,,"MolVec 0.9.8 (git b412dd0, Maven Central)",0.23800728796049953
uob,maybridge-0093-1067000271,Cc1csc(N)c1-c1nc2ccccc2s1,,,,"MolVec 0.9.8 (git b412dd0, Maven Central)",0.34574662800878286
uob,maybridge-0093-337426212,CC(C)S(=O)(=O)c1csc(C(=O)O)c1N,,,,"MolVec 0.9.8 (git b412dd0, Maven Central)",0.2772311810404062
uob,maybridge-0093-353902073,CCOC(=O)c1c(-c2ccco2)csc1N,,,,"MolVec 0.9.8 (git b412dd0, Maven Central)",0.3158163551706821
uob,maybridge-0093-45693789,COC(=O)c1scc(S(C)(=O)=O)c1N,,,,"MolVec 0.9.8 (git b412dd0, Maven Central)",0.26073600514791906
uob,maybridge-0093-473719625,COC(=O)c1sc(-c2ccc(F)cc2)cc1N,,,,"MolVec 0.9.8 (git b412dd0, Maven Central)",0.39173223404213786
uob,maybridge-0093-526696883,Nc1cscc1S(=O)(=O)c1ccccc1,,,,"MolVec 0.9.8 (git b412dd0, Maven Central)",0.3119898089207709
uob,maybridge-0093-584771162,N#Cc1sc(-c2ccc(F)cc2)cc1N,,,,"MolVec 0.9.8 (git b412dd0, Maven Central)",0.38487656181678176
uob,maybridge-0093-586779236,COC(=O)c1sc(SC)c(C#N)c1N,,,,"MolVec 0.9.8 (git b412dd0, Maven Central)",0.3153208699077368
uob,maybridge-0093-743205636,COC(=O)c1sc(-c2ccccc2)cc1N,,,,"MolVec 0.9.8 (git b412dd0, Maven Central)",0.5191261940635741
uob,maybridge-0093-914536231,Nc1csc(C(F)(F)F)c1-c1ccccc1,,,,"MolVec 0.9.8 (git b412dd0, Maven Central)",0.32796803303062916
uob,maybridge-0094-1061649174,COC(=O)c1sc(N2CCCCC2)c(C#N)c1N,,,,"MolVec 0.9.8 (git b412dd0, Maven Central)",0.3780686720274389
uob,maybridge-0094-187287741,CCOC(=O)c1c(-c2ccc(OC)cc2)csc1N,,,,"MolVec 0.9.8 (git b412dd0, Maven Central)",0.387744182953611
uob,maybridge-0094-356665438,CCOC(=O)c1c(-c2ccc(Cl)cc2)csc1N,,,,"MolVec 0.9.8 (git b412dd0, Maven Central)",0.3741695820353925
uob,maybridge-0094-421594354,CCOC(=O)c1c(-c2cccs2)csc1N,,,,"MolVec 0.9.8 (git b412dd0, Maven Central)",0.3065509330481291
uob,maybridge-0094-550337178,COC(=O)c1sc(-c2ccc(Cl)cc2)cc1N,,,,"MolVec 0.9.8 (git b412dd0, Maven Central)",0.5444686501286924
uob,maybridge-0094-671131245,COC(=O)c1scc(S(=O)(=O)C(C)C)c1N,,,,"MolVec 0.9.8 (git b412dd0, Maven Central)",0.282580338884145
uob,maybridge-0094-692789046,CC(=O)c1sc(-c2ccc(Cl)cc2)cc1N,,,,"MolVec 0.9.8 (git b412dd0, Maven Central)",0.42136081284843385
uob,maybridge-0094-717543408,CC(C)(C)c1ccc(-c2cc(N)c(C(N)=O)s2)cc1,,,,"MolVec 0.9.8 (git b412dd0, Maven Central)",0.7158445969689637
uob,maybridge-0094-826882130,CCOC(=O)c1c(N)sc(C)c1-c1ccccc1,,,,"MolVec 0.9.8 (git b412dd0, Maven Central)",0.3415728828404099
uob,maybridge-0094-887148720,Nc1c(S(=O)(=O)c2ccccc2)csc1C(=O)O,,,,"MolVec 0.9.8 (git b412dd0, Maven Central)",0.3763818019069731
uob,maybridge-0095-200163973,CCOC(=O)c1c(-c2ccc(-c3ccccc3)cc2)csc1N,,,,"MolVec 0.9.8 (git b412dd0, Maven Central)",0.5304175207857043
uob,maybridge-0095-369278045,Nc1c(C(=O)O)sc(C(F)(F)F)c1-c1ccccc1,,,,"MolVec 0.9.8 (git b412dd0, Maven Central)",0.4755106319207698
uob,maybridge-0095-425127637,COC(=O)c1sc(SC)c(S(=O)(=O)C(C)C)c1N,,,,"MolVec 0.9.8 (git b412dd0, Maven Central)",0.3054736880585551
uob,maybridge-0095-506658264,Cc1cc(N)on1,,,,"MolVec 0.9.8 (git b412dd0, Maven Central)",0.12777633219957352
uob,maybridge-0095-526962569,COC(=O)c1sc(C(F)(F)F)c(-c2ccccc2)c1N,,,,"MolVec 0.9.8 (git b412dd0, Maven Central)",0.4346226160414517
uob,maybridge-0095-545468740,N#Cc1conc1N,,,,"MolVec 0.9.8 (git b412dd0, Maven Central)",0.1491774800233543
uob,maybridge-0095-557156644,CCOC(=O)c1c(-c2ccc(Br)cc2)csc1N,,,,"MolVec 0.9.8 (git b412dd0, Maven Central)",0.3211619521025568
uob,maybridge-0095-564620461,COC(=O)c1sc(-c2ccc(C(C)(C)C)cc2)cc1N,,,,"MolVec 0.9.8 (git b412dd0, Maven Central)",0.4979733871296048
uob,maybridge-0095-567174568,CCOC(=O)c1sc(SC)c(S(C)(=O)=O)c1N,,,,"MolVec 0.9.8 (git b412dd0, Maven Central)",0.3658650640863925
uob,maybridge-0095-625943738,COC(=O)c1scc(S(=O)(=O)Cc2ccco2)c1N,,,,"MolVec 0.9.8 (git b412dd0, Maven Central)",0.39281367883086205
uob,maybridge-0096-120241448,CCOC(=O)c1c(C)nsc1N,,,,"MolVec 0.9.8 (git b412dd0, Maven Central)",0.21180529799312353
uob,maybridge-0096-219361904,Cc1noc(C)c1N,,,,"MolVec 0.9.8 (git b412dd0, Maven Central)",0.11352168512530625
uob,maybridge-0096-266919872,Cc1onc(-c2ccccc2)c1N,,,,"MolVec 0.9.8 (git b412dd0, Maven Central)",0.19916107994504273
uob,maybridge-0096-426812539,CCOC(=O)c1sc(N)nc1C,,,,"MolVec 0.9.8 (git b412dd0, Maven Central)",0.1961242430843413
uob,maybridge-0096-570485418,Cc1noc(N)c1[N+](=O)[O-],,,,"MolVec 0.9.8 (git b412dd0, Maven Central)",0.14219359820708632
uob,maybridge-0096-614976394,Nc1oncc1-c1ccccn1,,,,"MolVec 0.9.8 (git b412dd0, Maven Central)",0.2585494189988822
uob,maybridge-0096-790347487,CCOC(=O)c1csc(N)n1,,,,"MolVec 0.9.8 (git b412dd0, Maven Central)",0.22892927192151546
uob,maybridge-0096-824564764,Cc1onc(N)c1Br,,,,"MolVec 0.9.8 (git b412dd0, Maven Central)",0.13176206802017987
uob,maybridge-0096-902234690,Cc1coc(N)n1,,,,"MolVec 0.9.8 (git b412dd0, Maven Central)",0.11356511292979121
uob,maybridge-0096-929014287,Cc1nc(N)sc1C,,,,"MolVec 0.9.8 (git b412dd0, Maven Central)",0.17414704011753201
uob,maybridge-0096-952483461,Cc1noc(N)c1C,,,,"MolVec 0.9.8 (git b412dd0, Maven Central)",0.1173319430090487
uob,maybridge-0097-141125285,Nc1snnc1-c1ccccc1,,,,"MolVec 0.9.8 (git b412dd0, Maven Central)",0.24903359008021653
uob,maybridge-0097-16390945,Nc1nc(-c2ccc(F)c(F)c2)cs1,,,,"MolVec 0.9.8 (git b412dd0, Maven Central)",0.30499940388835967
uob,maybridge-0097-292482490,Nc1nc(-c2ccc(Br)s2)cs1,,,,"MolVec 0.9.8 (git b412dd0, Maven Central)",0.2882705610245466
uob,maybridge-0097-440254514,Nc1nsc(-c2ccc(Cl)cc2)n1,,,,"MolVec 0.9.8 (git b412dd0, Maven Central)",0.43149999901652336
uob,maybridge-0097-442062614,Nc1nsc(-c2ccccc2)n1,,,,"MolVec 0.9.8 (git b412dd0, Maven Central)",0.28949352190829813
uob,maybridge-0097-450704955,C/C=N\N=C(/C)N,,,,"MolVec 0.9.8 (git b412dd0, Maven Central)",0.09180846298113465
uob,maybridge-0097-733358028,CCOC(=O)c1cnc(NCc2ccccc2)s1,,,,"MolVec 0.9.8 (git b412dd0, Maven Central)",0.43386495602317154
uob,maybridge-0097-854816750,Nc1snnc1-c1ccc(Cl)cc1,,,,"MolVec 0.9.8 (git b412dd0, Maven Central)",0.22394637414254248
uob,maybridge-0097-863510047,CC(C)(C)c1nc(N)sc1Br,,,,"MolVec 0.9.8 (git b412dd0, Maven Central)",0.22843017196282744
uob,maybridge-0097-943411288,Nc1snnc1-c1ccc(C(F)(F)F)cc1,,,,"MolVec 0.9.8 (git b412dd0, Maven Central)",0.3314094569068402
uob,maybridge-0097-996418342,O=C(O)c1cnc(NCc2ccccc2)s1,,,,"MolVec 0.9.8 (git b412dd0, Maven Central)",0.32514601410366595
uob,maybridge-0098-1010280986,CC(C)(C)OC(=O)C(C)(C)Sc1nnc(N)s1,,,,"MolVec 0.9.8 (git b412dd0, Maven Central)",0.24040829599834979
uob,maybridge-0098-128189836,COc1cccc(N)c1,,,,"MolVec 0.9.8 (git b412dd0, Maven Central)",0.12286899192258716
uob,maybridge-0098-247130828,Nc1nnc(Br)s1,,,,"MolVec 0.9.8 (git b412dd0, Maven Central)",0.12397369695827365
uob,maybridge-0098-304323097,Nc1ccc(N)cc1,,,,"MolVec 0.9.8 (git b412dd0, Maven Central)",0.13115134905092418
uob,maybridge-0098-327046756,Cc1nnc(N)s1,,,,"MolVec 0.9.8 (git b412dd0, Maven Central)",0.09830392198637128
uob,maybridge-0098-64806223,Cc1cc(Sc2nnc(N)s2)c2ccccc2n1,,,,"MolVec 0.9.8 (git b412dd0, Maven Central)",0.3685683598741889
uob,maybridge-0098-691911401,Nc1nnc(SCC(=O)Nc2ccc3c(c2)OCO3)s1,,,,"MolVec 0.9.8 (git b412dd0, Maven Central)",0.6685724100098014
uob,maybridge-0098-704366149,Cc1cccc(N)c1N,,,,"MolVec 0.9.8 (git b412dd0, Maven Central)",0.1412736619822681
uob,maybridge-0098-725242437,Cc1ccc(F)cc1N,,,,"MolVec 0.9.8 (git b412dd0, Maven Central)",0.12840691208839417
uob,maybridge-0098-757356783,CNc1nnc(C(F)(F)F)s1,,,,"MolVec 0.9.8 (git b412dd0, Maven Central)",0.14309697691351175
uob,maybridge-0098-877935404,Nc1nnc(Sc2ncccc2[N+](=O)[O-])s1,,,,"MolVec 0.9.8 (git b412dd0, Maven Central)",0.32085812906734645
uob,maybridge-0099-1000095251,CC(=O)c1ccc(N)cc1O,,,,"MolVec 0.9.8 (git b412dd0, Maven Central)",0.1570667780470103
uob,maybridge-0099-106990991,NCc1c(N)cccc1F,,,,"MolVec 0.9.8 (git b412dd0, Maven Central)",0.15287605696357787
uob,maybridge-0099-178801099,CNc1ccc(C#N)cc1N,,,,"MolVec 0.9.8 (git b412dd0, Maven Central)",0.23170204390771687
uob,maybridge-0099-620340275,CNc1cccc(Cl)c1,,,,"MolVec 0.9.8 (git b412dd0, Maven Central)",0.12994722789153457
uob,maybridge-0099-622008451,Cc1ccc(C(=O)O)c(N)c1,,,,"MolVec 0.9.8 (git b412dd0, Maven Central)",0.19652093900367618
uob,maybridge-0099-638714906,N#Cc1c(N)cccc1Cl,,,,"MolVec 0.9.8 (git b412dd0, Maven Central)",0.15144759882241488
uob,maybridge-0099-643979570,Cc1ccc(C(N)=O)c(N)c1,,,,"MolVec 0.9.8 (git b412dd0, Maven Central)",0.17282250709831715
uob,maybridge-0099-656704521,Cc1ccc(C#N)c(N)c1,,,,"MolVec 0.9.8 (git b412dd0, Maven Central)",0.153924296842888
uob,maybridge-0099-672862050,COC(=O)c1cccc(N)c1,,,,"MolVec 0.9.8 (git b412dd0, Maven Central)",0.18665518099442124
uob,maybridge-0099-863651602,N#Cc1ccc(N)c(N)c1,,,,"MolVec 0.9.8 (git b412dd0, Maven Central)",0.16210862598381937
uob,maybridge-0099-91185879,CC(C)(C)c1ccc(N)cc1,,,,"MolVec 0.9.8 (git b412dd0, Maven Central)",0.21705274586565793
uob,maybridge-0099-969894892,CC(C)(C)c1cccc(N)c1,,,,"MolVec 0.9.8 (git b412dd0, Maven Central)",0.18351890612393618
uob,maybridge-0100-133345658,Nc1ccc(-n2cccc2)cc1,,,,"MolVec 0.9.8 (git b412dd0, Maven Central)",0.21503753797151148
uob,maybridge-0100-15565642,Nc1cccc(-c2ccco2)c1,,,,"MolVec 0.9.8 (git b412dd0, Maven Central)",0.20685196784324944
uob,maybridge-0100-159133960,Nc1cccc(F)c1C(=O)O,,,,"MolVec 0.9.8 (git b412dd0, Maven Central)",0.173333709128201
uob,maybridge-0100-406849684,N#Cc1ccc(N)c(Cl)c1,,,,"MolVec 0.9.8 (git b412dd0, Maven Central)",0.16032976214773953
uob,maybridge-0100-51240458,Nc1cccc(-n2cccc2)c1,,,,"MolVec 0.9.8 (git b412dd0, Maven Central)",0.18491343408823013
uob,maybridge-0100-5508107,COc1cc(N)cc(OC)c1,,,,"MolVec 0.9.8 (git b412dd0, Maven Central)",0.1758227669633925
uob,maybridge-0100-565503410,Cc1cc(N)c(N)cc1Cl,,,,"MolVec 0.9.8 (git b412dd0, Maven Central)",0.200868726009503
uob,maybridge-0100-625161180,Nc1ccccc1-n1ccnc1,,,,"MolVec 0.9.8 (git b412dd0, Maven Central)",0.1602546179201454
uob,maybridge-0100-668247712,Nc1ccccc1-c1ccco1,,,,"MolVec 0.9.8 (git b412dd0, Maven Central)",0.24579788092523813
uob,maybridge-0100-712414028,Nc1ccc(F)cc1[N+](=O)[O-],,,,"MolVec 0.9.8 (git b412dd0, Maven Central)",0.1518662648741156
uob,maybridge-0100-816939598,Nc1ccccc1-n1cccn1,,,,"MolVec 0.9.8 (git b412dd0, Maven Central)",0.19311074004508555
uob,maybridge-0100-853908413,Nc1ccc(-c2ccco2)cc1,,,,"MolVec 0.9.8 (git b412dd0, Maven Central)",0.21610338310711086
uob,maybridge-0101-133845522,Nc1ccc(-n2cccn2)cc1,,,,"MolVec 0.9.8 (git b412dd0, Maven Central)",0.18731420510448515
uob,maybridge-0101-176200720,Nc1ccc(-n2cncn2)cc1,,,,"MolVec 0.9.8 (git b412dd0, Maven Central)",0.21130888001061976
uob,maybridge-0101-277501233,Nc1cc(O)cc(O)c1,,,,"MolVec 0.9.8 (git b412dd0, Maven Central)",0.23113558813929558
uob,maybridge-0101-514953900,Nc1ccc(C(F)(F)F)cc1,,,,"MolVec 0.9.8 (git b412dd0, Maven Central)",0.21160151483491063
uob,maybridge-0101-631992304,Nc1cc(F)c(Cl)cc1N,,,,"MolVec 0.9.8 (git b412dd0, Maven Central)",0.20860652695409954
uob,maybridge-0101-765914012,Nc1ccc(-c2cnco2)cc1,,,,"MolVec 0.9.8 (git b412dd0, Maven Central)",0.20951751293614507
uob,maybridge-0101-87364269,Nc1cccc(-c2cnco2)c1,,,,"MolVec 0.9.8 (git b412dd0, Maven Central)",0.229209495941177
uob,maybridge-0101-908861275,Nc1ccccc1C(F)(F)F,,,,"MolVec 0.9.8 (git b412dd0, Maven Central)",0.2253829170949757
uob,maybridge-0101-92596921,Nc1cccc(-n2cncn2)c1,,,,"MolVec 0.9.8 (git b412dd0, Maven Central)",0.2013016368728131
uob,maybridge-0101-929396354,Nc1ccccc1-c1cnco1,,,,"MolVec 0.9.8 (git b412dd0, Maven Central)",0.28883742704056203
uob,maybridge-0101-943529324,Nc1ccccc1N1CCCC1,,,,"MolVec 0.9.8 (git b412dd0, Maven Central)",0.17308781016618013
uob,maybridge-0101-963521188,Nc1cccc(N2CCCC2)c1,,,,"MolVec 0.9.8 (git b412dd0, Maven Central)",0.21483640489168465
uob,maybridge-0102-1047073308,CC(=O)Nc1cc(N)ccc1C,,,,"MolVec 0.9.8 (git b412dd0, Maven Central)",0.18592678802087903
uob,maybridge-0102-1056545257,CNc1ccc(C(C)=O)cc1N,,,,"MolVec 0.9.8 (git b412dd0, Maven Central)",0.18715378199703991
uob,maybridge-0102-1065710465,Nc1ccccc1-c1cccnc1,,,,"MolVec 0.9.8 (git b412dd0, Maven Central)",0.2510993489995599
uob,maybridge-0102-13469027,Nc1cccc(-c2ccncc2)c1,,,,"MolVec 0.9.8 (git b412dd0, Maven Central)",0.2906491798348725
uob,maybridge-0102-179423801,CC(=O)N(C)c1ccc(N)cc1,,,,"MolVec 0.9.8 (git b412dd0, Maven Central)",0.17246462684124708
uob,maybridge-0102-200223080,CC(=O)Nc1ccc(N)cc1C,,,,"MolVec 0.9.8 (git b412dd0, Maven Central)",0.17933309101499617
uob,maybridge-0102-210952982,CCCCc1ccc(N)c(C)c1,,,,"MolVec 0.9.8 (git b412dd0, Maven Central)",0.19197605806402862
uob,maybridge-0102-551040592,COC(=O)c1ccc(N)c(C)c1,,,,"MolVec 0.9.8 (git b412dd0, Maven Central)",0.2294216058216989
uob,maybridge-0102-573539101,CCNc1ccc(C(=O)O)cc1,,,,"MolVec 0.9.8 (git b412dd0, Maven Central)",0.22004237910732627
uob,maybridge-0102-641517505,COC(=O)c1ccc(N)c(N)c1,,,,"MolVec 0.9.8 (git b412dd0, Maven Central)",0.21360887680202723
uob,maybridge-0102-689806343,Nc1cccc(-c2cccnc2)c1,,,,"MolVec 0.9.8 (git b412dd0, Maven Central)",0.2563440480735153
uob,maybridge-0102-896660177,CC(C)(C)c1ccc(N)c(N)c1,,,,"MolVec 0.9.8 (git b412dd0, Maven Central)",0.18438313412480056
uob,maybridge-0103-1068504796,Cn1cnnc1-c1cccc(N)c1,,,,"MolVec 0.9.8 (git b412dd0, Maven Central)",0.2068666371051222
uob,maybridge-0103-179821607,CSc1ccc(Cl)cc1N,,,,"MolVec 0.9.8 (git b412dd0, Maven Central)",0.16975522320717573
uob,maybridge-0103-191328473,Nc1ccc(Cn2cccn2)cc1,,,,"MolVec 0.9.8 (git b412dd0, Maven Central)",0.24216286814771593
uob,maybridge-0103-312917314,Nc1ccc(Cn2ccnc2)cc1,,,,"MolVec 0.9.8 (git b412dd0, Maven Central)",0.37025983701460063
uob,maybridge-0103-323292040,Nc1cccc(Cn2cccn2)c1,,,,"MolVec 0.9.8 (git b412dd0, Maven Central)",0.21548646898008883
uob,maybridge-0103-345529181,Nc1cccc(Cn2cncn2)c1,,,,"MolVec 0.9.8 (git b412dd0, Maven Central)",0.16073105507530272
uob,maybridge-0103-433909381,Nc1cccc(S(N)(=O)=O)c1,,,,"MolVec 0.9.8 (git b412dd0, Maven Central)",0.1612923238426447
uob,maybridge-0103-615420417,Nc1cccc(-c2cncnc2)c1,,,,"MolVec 0.9.8 (git b412dd0, Maven Central)",0.26284545310772955
uob,maybridge-0103-673919124,Nc1cccc(Cn2ccnc2)c1,,,,"MolVec 0.9.8 (git b412dd0, Maven Central)",0.18337905686348677
uob,maybridge-0103-6768367,Nc1cc(F)c([N+](=O)[O-])cc1N,,,,"MolVec 0.9.8 (git b412dd0, Maven Central)",0.22576822899281979
uob,maybridge-0103-696957755,Nc1ccc(-c2cccnc2)cc1,,,,"MolVec 0.9.8 (git b412dd0, Maven Central)",0.21284733316861093
uob,maybridge-0103-913473438,CN1C2=NN=C21C1=CC=C(N)C=C1,,,,"MolVec 0.9.8 (git b412dd0, Maven Central)",0.23702135705389082
uob,maybridge-0104-1047447947,Nc1ccc(Cn2cncn2)cc1,,,,"MolVec 0.9.8 (git b412dd0, Maven Central)",0.17235378385521472
uob,maybridge-0104-185866175,Cc1nc(-c2cccc(N)c2)no1,,,,"MolVec 0.9.8 (git b412dd0, Maven Central)",0.2206644390244037
uob,maybridge-0104-242498640,Nc1ccc(C(F)(F)F)cc1N,,,,"MolVec 0.9.8 (git b412dd0, Maven Central)",0.242613387061283
uob,maybridge-0104-44349052,CNc1ccc(Cl)cc1Cl,,,,"MolVec 0.9.8 (git b412dd0, Maven Central)",0.17954560020007193
uob,maybridge-0104-463767617,CNc1ccc(Cl)c(Cl)c1,,,,"MolVec 0.9.8 (git b412dd0, Maven Central)",0.20719914720393717
uob,maybridge-0104-590513107,Nc1ccccc1-c1cccs1,,,,"MolVec 0.9.8 (git b412dd0, Maven Central)",0.22319732094183564
uob,maybridge-0104-639343763,Nc1cccc(N2CCCCC2)c1,,,,"MolVec 0.9.8 (git b412dd0, Maven Central)",0.23028315207920969
uob,maybridge-0104-668271661,Nc1ccccc1Cn1cncn1,,,,"MolVec 0.9.8 (git b412dd0, Maven Central)",0.21081127203069627
uob,maybridge-0104-686419233,Cc1nc(-c2ccc(N)cc2)no1,,,,"MolVec 0.9.8 (git b412dd0, Maven Central)",0.2128939419053495
uob,maybridge-0104-786786487,Nc1cccc(-c2cccs2)c1,,,,"MolVec 0.9.8 (git b412dd0, Maven Central)",0.19809095095843077
uob,maybridge-0104-861459301,Nc1cccc(-c2ccsc2)c1,,,,"MolVec 0.9.8 (git b412dd0, Maven Central)",0.19268602295778692
uob,maybridge-0104-861652663,Nc1ccc(N2CCCCC2)cc1,,,,"MolVec 0.9.8 (git b412dd0, Maven Central)",0.22475275211036205
uob,maybridge-0105-1057334047,Nc1cccc(OC(F)(F)F)c1,,,,"MolVec 0.9.8 (git b412dd0, Maven Central)",0.1443295639473945
uob,maybridge-0105-108282452,Nc1cc(Cl)cc(Cl)c1O,,,,"MolVec 0.9.8 (git b412dd0, Maven Central)",0.1920646580401808
uob,maybridge-0105-284645643,Nc1ccccc1N1CCOCC1,,,,"MolVec 0.9.8 (git b412dd0, Maven Central)",0.1724087700713426
uob,maybridge-0105-351037816,Nc1ccc(OC(F)(F)F)cc1,,,,"MolVec 0.9.8 (git b412dd0, Maven Central)",0.16756232106126845
uob,maybridge-0105-493166946,Nc1cc(F)ccc1-n1ccnc1,,,,"MolVec 0.9.8 (git b412dd0, Maven Central)",0.2202800230588764
uob,maybridge-0105-553687768,CCCCCCc1ccc(N)cc1,,,,"MolVec 0.9.8 (git b412dd0, Maven Central)",0.17994167911820114
uob,maybridge-0105-618280883,Nc1ccc(CN2CCCC2)cc1,,,,"MolVec 0.9.8 (git b412dd0, Maven Central)",0.1986374577973038
uob,maybridge-0105-680554710,Cc1cc(C(C)(C)C)cc(C)c1N,,,,"MolVec 0.9.8 (git b412dd0, Maven Central)",0.22402932704426348
uob,maybridge-0105-815100247,Nc1ccc(-c2csnn2)cc1,,,,"MolVec 0.9.8 (git b412dd0, Maven Central)",0.24934883997775614
uob,maybridge-0105-880448738,Nc1cccc(CN2CCCC2)c1,,,,"MolVec 0.9.8 (git b412dd0, Maven Central)",0.1531562339514494
uob,maybridge-0105-888425101,Nc1cc(Cl)c(Cl)cc1N,,,,"MolVec 0.9.8 (git b412dd0, Maven Central)",0.1713197510689497
uob,maybridge-0105-9181428,Nc1ccccc1N1CCNCC1,,,,"MolVec 0.9.8 (git b412dd0, Maven Central)",0.22762967692688107
uob,maybridge-0106-125657137,Nc1cccc(C2OCCCO2)c1,,,,"MolVec 0.9.8 (git b412dd0, Maven Central)",0.22981465887278318
uob,maybridge-0106-353593581,Cc1nccc(-c2cccc(N)c2)n1,,,,"MolVec 0.9.8 (git b412dd0, Maven Central)",0.23044032789766788
uob,maybridge-0106-396947729,CC(C)(C)c1ccc(N)c(Cl)c1,,,,"MolVec 0.9.8 (git b412dd0, Maven Central)",0.1907580611295998
uob,maybridge-0106-44759623,Nc1cccc(N2CCOCC2)c1,,,,"MolVec 0.9.8 (git b412dd0, Maven Central)",0.1986018200404942
uob,maybridge-0106-475774867,CN(C)CCOc1ccc(N)cc1,,,,"MolVec 0.9.8 (git b412dd0, Maven Central)",0.15887685492634773
uob,maybridge-0106-6194668,Cc1cc(C(=O)O)cc(Cl)c1N,,,,"MolVec 0.9.8 (git b412dd0, Maven Central)",0.2485547768883407
uob,maybridge-0106-623935478,Nc1ccc(N2CCOCC2)cc1,,,,"MolVec 0.9.8 (git b412dd0, Maven Central)",0.20579837705008686
uob,maybridge-0106-63712868,COc1cc(OC)c(N)c(OC)c1,,,,"MolVec 0.9.8 (git b412dd0, Maven Central)",0.18064069910906255
uob,maybridge-0106-649048583,Nc1ccc(Cc2ccncc2)cc1,,,,"MolVec 0.9.8 (git b412dd0, Maven Central)",0.18659851583652198
uob,maybridge-0106-756914298,CN(C)CCOc1ccccc1N,,,,"MolVec 0.9.8 (git b412dd0, Maven Central)",0.22570610395632684
uob,maybridge-0106-809030947,CCOC(=O)Cc1ccc(N)cc1,,,,"MolVec 0.9.8 (git b412dd0, Maven Central)",0.19824799289926887
uob,maybridge-0106-823642962,COC(=O)c1ccc(N)cc1OC,,,,"MolVec 0.9.8 (git b412dd0, Maven Central)",0.23544605309143662
uob,maybridge-0107-1036306848,Nc1ccc(Br)cc1N,,,,"MolVec 0.9.8 (git b412dd0, Maven Central)",0.18162612384185195
uob,maybridge-0107-202482294,N#Cc1ccc(N)cc1C(F)(F)F,,,,"MolVec 0.9.8 (git b412dd0, Maven Central)",0.23564711306244135
uob,maybridge-0107-253650370,COC(=O)c1ccc(N)cc1,,,,"MolVec 0.9.8 (git b412dd0, Maven Central)",0.2228381249587983
uob,maybridge-0107-271865356,Cc1cc(C)n(-c2ccc(N)cc2)n1,,,,"MolVec 0.9.8 (git b412dd0, Maven Central)",0.25648553506471217
uob,maybridge-0107-42475201,Nc1cccc(Oc2ccccn2)c1,,,,"MolVec 0.9.8 (git b412dd0, Maven Central)",0.20801176293753088
uob,maybridge-0107-502134623,Nc1cccc(CN2CCCCC2)c1,,,,"MolVec 0.9.8 (git b412dd0, Maven Central)",0.1626774799078703
uob,maybridge-0107-770676728,Nc1cc(Cl)c(F)cc1[N+](=O)[O-],,,,"MolVec 0.9.8 (git b412dd0, Maven Central)",0.17187566100619733
uob,maybridge-0107-788733844,Nc1ccc(CN2CCCCC2)cc1,,,,"MolVec 0.9.8 (git b412dd0, Maven Central)",0.21800987608730793
uob,maybridge-0107-850309160,Cc1nc(-c2cccc(N)c2)cs1,,,,"MolVec 0.9.8 (git b412dd0, Maven Central)",0.22510315687395632
uob,maybridge-0107-912715856,Cc1cc(N)ccc1C(C)C,,,,"MolVec 0.9.8 (git b412dd0, Maven Central)",0.2083494858816266
uob,maybridge-0107-949151251,Nc1cccc(B(O)O)c1,,,,"MolVec 0.9.8 (git b412dd0, Maven Central)",0.2769881100393832
uob,maybridge-0107-989033962,Cc1nc(-c2ccc(N)cc2)cs1,,,,"MolVec 0.9.8 (git b412dd0, Maven Central)",0.2048665068577975
uob,maybridge-0108-1013741880,CC(C)(C)OC(=O)c1cccc(N)c1,,,,"MolVec 0.9.8 (git b412dd0, Maven Central)",0.1979406022001058
uob,maybridge-0108-123012509,CCOC(=O)c1ccc(NC)c(N)c1,,,,"MolVec 0.9.8 (git b412dd0, Maven Central)",0.2554869700688869
uob,maybridge-0108-125864901,CN1CCN(c2cccc(N)c2)CC1,,,,"MolVec 0.9.8 (git b412dd0, Maven Central)",0.23173051979392767
uob,maybridge-0108-132556360,Nc1ccccc1OC1CCOCC1,,,,"MolVec 0.9.8 (git b412dd0, Maven Central)",0.16891678399406374
uob,maybridge-0108-141250361,Nc1ccccc1CN1CCOCC1,,,,"MolVec 0.9.8 (git b412dd0, Maven Central)",0.18615302606485784
uob,maybridge-0108-431864259,CN1CCN(c2ccc(N)cc2)CC1,,,,"MolVec 0.9.8 (git b412dd0, Maven Central)",0.22379095409996808
uob,maybridge-0108-448123597,Nc1ccc(CN2CCOCC2)cc1,,,,"MolVec 0.9.8 (git b412dd0, Maven Central)",0.18914057803340256
uob,maybridge-0108-57689004,CNc1ccc(OC(F)(F)F)cc1,,,,"MolVec 0.9.8 (git b412dd0, Maven Central)",0.22853845194913447
uob,maybridge-0108-579143159,Nc1cccc(CN2CCOCC2)c1,,,,"MolVec 0.9.8 (git b412dd0, Maven Central)",0.1931342340540141
uob,maybridge-0108-620494177,Nc1c([N+](=O)[O-])cc(F)c(F)c1F,,,,"MolVec 0.9.8 (git b412dd0, Maven Central)",0.24723981693387032
uob,maybridge-0108-946267284,CNc1ccccc1OC(F)F,,,,"MolVec 0.9.8 (git b412dd0, Maven Central)",0.20993399200960994
uob,maybridge-0108-957264560,CN1CCN(c2ccccc2N)CC1,,,,"MolVec 0.9.8 (git b412dd0, Maven Central)",0.17525135702453554
uob,maybridge-0109-149872913,N#Cc1ccc(N)c(OC(F)(F)F)c1,,,,"MolVec 0.9.8 (git b412dd0, Maven Central)",0.23679297394119203
uob,maybridge-0109-24129417,CSNc1cc(N)ccc1C,,,,"MolVec 0.9.8 (git b412dd0, Maven Central)",0.16186788212507963
uob,maybridge-0109-311167948,CN1CCN(Cc2ccccc2N)CC1,,,,"MolVec 0.9.8 (git b412dd0, Maven Central)",0.17490549106150866
uob,maybridge-0109-34129364,Cc1cc(Br)cc(N)c1N,,,,"MolVec 0.9.8 (git b412dd0, Maven Central)",0.18204091396182775
uob,maybridge-0109-494686281,CCNc1ccc(OC(F)(F)F)cc1,,,,"MolVec 0.9.8 (git b412dd0, Maven Central)",0.16783587192185223
uob,maybridge-0109-6156886,Nc1ccccc1-c1nc2ccccc2[nH]1,,,,"MolVec 0.9.8 (git b412dd0, Maven Central)",0.22328578401356936
uob,maybridge-0109-680518646,COC(=O)c1ccc(C(=O)OC)c(N)c1,,,,"MolVec 0.9.8 (git b412dd0, Maven Central)",0.2847262038849294
uob,maybridge-0109-684534243,Nc1cccc(COc2ccccc2)c1,,,,"MolVec 0.9.8 (git b412dd0, Maven Central)",0.2534143100492656
uob,maybridge-0109-692243577,Nc1ccccc1COc1ccccc1,,,,"MolVec 0.9.8 (git b412dd0, Maven Central)",0.311179872835055
uob,maybridge-0109-721184950,Nc1cccc(C(=O)c2ccccc2)c1,,,,"MolVec 0.9.8 (git b412dd0, Maven Central)",0.26009265799075365
uob,maybridge-0109-851885009,COC(=O)c1cccc(C(=O)O)c1N,,,,"MolVec 0.9.8 (git b412dd0, Maven Central)",0.2231365570332855
uob,maybridge-0109-856400323,Nc1cc(Cl)c(Cl)cc1[N+](=O)[O-],,,,"MolVec 0.9.8 (git b412dd0, Maven Central)",0.1800243128091097
uob,maybridge-0110-1055073702,Cc1c(Br)cc(N)c(N)c1C,,,,"MolVec 0.9.8 (git b412dd0, Maven Central)",0.18893843004480004
uob,maybridge-0110-154332817,CNc1ccc(PF)cc1[N+](=O)[O-],,,,"MolVec 0.9.8 (git b412dd0, Maven Central)",0.20652194693684578
uob,maybridge-0110-17039755,Nc1ccc(-c2cn3c(n2)SCC3)cc1,,,,"MolVec 0.9.8 (git b412dd0, Maven Central)",0.24294024799019098
uob,maybridge-0110-26285040,Nc1ccc(Br)cc1[N+](=O)[O-],,,,"MolVec 0.9.8 (git b412dd0, Maven Central)",0.18024651799350977
uob,maybridge-0110-34181467,Nc1ccc(S(=O)(=O)NCCO)cc1,,,,"MolVec 0.9.8 (git b412dd0, Maven Central)",0.18213609885424376
uob,maybridge-0110-508646933,Nc1ccc(Br)cc1C(=O)O,,,,"MolVec 0.9.8 (git b412dd0, Maven Central)",0.19134462205693126
uob,maybridge-0110-593551860,Nc1cc(C(F)(F)F)cc(Cl)c1N,,,,"MolVec 0.9.8 (git b412dd0, Maven Central)",0.22615296207368374
uob,maybridge-0110-778266064,Cc1ccc(N)cc1OCc1ccccc1,,,,"MolVec 0.9.8 (git b412dd0, Maven Central)",0.23281873599626124
uob,maybridge-0110-784214825,CC(=O)Nc1ccc(C(F)(F)F)cc1N,,,,"MolVec 0.9.8 (git b412dd0, Maven Central)",0.25368005596101284
uob,maybridge-0110-903835678,Nc1c(Br)cccc1C(=O)O,,,,"MolVec 0.9.8 (git b412dd0, Maven Central)",0.2009639439638704
uob,maybridge-0110-983428161,Nc1ccc(Cl)cc1OC(F)(F)F,,,,"MolVec 0.9.8 (git b412dd0, Maven Central)",0.23301684018224478
uob,maybridge-0110-997323035,Nc1ccc(N2CCOCC2)c(Cl)c1,,,,"MolVec 0.9.8 (git b412dd0, Maven Central)",0.2020475910976529
uob,maybridge-0111-1069587735,Cc1cc(I)ccc1N,,,,"MolVec 0.9.8 (git b412dd0, Maven Central)",0.14636310003697872
uob,maybridge-0111-223904859,Cc1cc(Br)c(N)c([N+](=O)[O-])c1,,,,"MolVec 0.9.8 (git b412dd0, Maven Central)",0.17416459415107965
uob,maybridge-0111-369076952,Nc1ccc(C(=O)O)cc1OC(F)(F)F,,,,"MolVec 0.9.8 (git b412dd0, Maven Central)",0.27992690820246935
uob,maybridge-0111-430066354,Nc1ccc(C(F)(F)F)cc1Br,,,,"MolVec 0.9.8 (git b412dd0, Maven Central)",0.19102284801192582
uob,maybridge-0111-470621039,Nc1ccccc1OCCN1CCOCC1,,,,"MolVec 0.9.8 (git b412dd0, Maven Central)",0.19328913395293057
uob,maybridge-0111-480141170,Nc1cccc(OCCN2CCOCC2)c1,,,,"MolVec 0.9.8 (git b412dd0, Maven Central)",0.17016098997555673
uob,maybridge-0111-512233467,Nc1c(Cl)cc(C(F)(F)F)cc1Cl,,,,"MolVec 0.9.8 (git b412dd0, Maven Central)",0.2300436410587281
uob,maybridge-0111-617615078,Nc1ccc(OCCN2CCOCC2)cc1,,,,"MolVec 0.9.8 (git b412dd0, Maven Central)",0.19746352802030742
uob,maybridge-0111-669649663,Nc1cccc(S(=O)(=O)N2CCCC2)c1,,,,"MolVec 0.9.8 (git b412dd0, Maven Central)",0.16880759899504483
uob,maybridge-0111-845943338,Nc1ccc(-n2cnc(Cl)c2Cl)cc1,,,,"MolVec 0.9.8 (git b412dd0, Maven Central)",0.2492515731137246
uob,maybridge-0111-882209092,Nc1ccc(OC(F)(F)F)cc1[N+](=O)[O-],,,,"MolVec 0.9.8 (git b412dd0, Maven Central)",0.15240136603824794
uob,maybridge-0111-891219463,Nc1ccc(CN2CCS(=O)(=O)CC2)cc1,,,,"MolVec 0.9.8 (git b412dd0, Maven Central)",0.21021346794441342
uob,maybridge-0112-1008614252,CCOC(=O)c1cnn(-c2ccc(N)cc2)c1C,,,,"MolVec 0.9.8 (git b412dd0, Maven Central)",0.3748436188325286
uob,maybridge-0112-154956296,Nc1cc(C(F)(F)F)ccc1N1CCOCC1,,,,"MolVec 0.9.8 (git b412dd0, Maven Central)",0.28991034300997853
uob,maybridge-0112-155496172,Nc1ccc(S(=O)(=O)N2CCOCC2)cc1,,,,"MolVec 0.9.8 (git b412dd0, Maven Central)",0.2185753881931305
uob,maybridge-0112-258986885,Nc1ccc([S+]([O-])N2CCCCC2)cc1,,,,"MolVec 0.9.8 (git b412dd0, Maven Central)",0.23669053008779883
uob,maybridge-0112-474135608,Nc1ccc(I)cc1Cl,,,,"MolVec 0.9.8 (git b412dd0, Maven Central)",0.16049957601353526
uob,maybridge-0112-560654361,Nc1cccc(S(=O)(=O)N2CCCCC2)c1,,,,"MolVec 0.9.8 (git b412dd0, Maven Central)",0.19264571997337043
uob,maybridge-0112-6340114,Nc1cccc(S(=O)(=O)N2CCOCC2)c1,,,,"MolVec 0.9.8 (git b412dd0, Maven Central)",0.17418439383618534
uob,maybridge-0112-66871866,Nc1c(Cl)cc(C(F)(F)F)cc1[N+](=O)[O-],,,,"MolVec 0.9.8 (git b412dd0, Maven Central)",0.2749170740135014
uob,maybridge-0112-707136851,Nc1cc(Cl)c(C(F)(F)F)cc1[N+](=O)[O-],,,,"MolVec 0.9.8 (git b412dd0, Maven Central)",0.24405120080336928
uob,maybridge-0112-826173059,Cn1cc(Br)c(-c2cccc(N)c2)n1,,,,"MolVec 0.9.8 (git b412dd0, Maven Central)",0.3351200318429619
uob,maybridge-0112-922016884,Nc1ccc(Br)c(Cl)c1Cl,,,,"MolVec 0.9.8 (git b412dd0, Maven Central)",0.20959446602500975
uob,maybridge-0113-1037016745,C#Cc1ccc(Oc2ccc(C(F)(F)F)cc2N)cc1,,,,"MolVec 0.9.8 (git b412dd0, Maven Central)",0.4679463079664856
uob,maybridge-0113-246101170,CCOC(=O)C1CCN(Cc2cccc(N)c2)CC1,,,,"MolVec 0.9.8 (git b412dd0, Maven Central)",0.34943927684798837
uob,maybridge-0113-423736498,Nc1cc(C(F)(F)F)cc(Br)c1N,,,,"MolVec 0.9.8 (git b412dd0, Maven Central)",0.2731672250665724
uob,maybridge-0113-535628955,Nc1ccc(OC(F)(F)F)cc1Br,,,,"MolVec 0.9.8 (git b412dd0, Maven Central)",0.19005957897752523
uob,maybridge-0113-662442513,CC(C)(C)c1cc(C(C)(C)C)n(-c2ccc(N)cc2)n1,,,,"MolVec 0.9.8 (git b412dd0, Maven Central)",0.43584533501416445
uob,maybridge-0113-718251417,Nc1ccc(Cl)cc1C(=O)NCc1cccs1,,,,"MolVec 0.9.8 (git b412dd0, Maven Central)",0.2697259651031345
uob,maybridge-0113-832109094,Nc1ccc(Br)cc1OC(F)(F)F,,,,"MolVec 0.9.8 (git b412dd0, Maven Central)",0.2457861651200801
uob,maybridge-0113-841705286,CC(C)(C)OC(=O)N1CCN(c2ccccc2N)CC1,,,,"MolVec 0.9.8 (git b412dd0, Maven Central)",0.3257581260986626
uob,maybridge-0113-847728136,Nc1c(Cl)cc(C(F)(F)F)cc1Br,,,,"MolVec 0.9.8 (git b412dd0, Maven Central)",0.3243234260007739
uob,maybridge-0113-995846580,Cc1c(Br)cc(Br)c(N)c1C,,,,"MolVec 0.9.8 (git b412dd0, Maven Central)",0.2308769568335265
uob,maybridge-0114-101088316,Nc1c(Br)cc(C(F)(F)F)cc1[N+](=O)[O-],,,,"MolVec 0.9.8 (git b412dd0, Maven Central)",0.26953965821303427
uob,maybridge-0114-1055122907,CC(C)(C)OC(=O)N1CCN(Cc2cccc(N)c2)CC1,,,,"MolVec 0.9.8 (git b412dd0, Maven Central)",0.3492704329546541
uob,maybridge-0114-325576822,CCOC(=O)CNc1ccc(C)cc1,,,,"MolVec 0.9.8 (git b412dd0, Maven Central)",0.2859215319622308
uob,maybridge-0114-533403235,COc1ccc(NC2CCN(C(=O)OC(C)(C)C)CC2)cc1,,,,"MolVec 0.9.8 (git b412dd0, Maven Central)",0.3279359438456595
uob,maybridge-0114-657585007,CC(C)(C)OC(=O)N1CCC(Oc2ccccc2N)CC1,,,,"MolVec 0.9.8 (git b412dd0, Maven Central)",0.34596489486284554
uob,maybridge-0114-69237736,Nc1ccccc1NC1CCN(Cc2ccccc2)CC1,,,,"MolVec 0.9.8 (git b412dd0, Maven Central)",0.31688555399887264
uob,maybridge-0114-872112621,Nc1c(Br)cc(Br)cc1C(=O)O,,,,"MolVec 0.9.8 (git b412dd0, Maven Central)",0.2201705079060048
uob,maybridge-0114-90223520,Cc1cc(Br)c(N)cc1OCc1ccccc1,,,,"MolVec 0.9.8 (git b412dd0, Maven Central)",0.2439079130999744
uob,maybridge-0115-1027846630,FC(F)(F)c1cc(NCCC2CCCCN2)cc(C(F)(F)F)c1,,,,"MolVec 0.9.8 (git b412dd0, Maven Central)",0.33226591697894037
uob,maybridge-0115-257882293,COc1ccccc1-c1nc(CSc2ccccc2N)no1,,,,"MolVec 0.9.8 (git b412dd0, Maven Central)",0.3321318591479212
uob,maybridge-0115-268176197,CN1CCCN(c2ccc(N)cc2)CC1,,,,"MolVec 0.9.8 (git b412dd0, Maven Central)",0.3085563210770488
uob,maybridge-0115-436555794,CCOC(=O)c1cc(C)c(N)c(I)c1,,,,"MolVec 0.9.8 (git b412dd0, Maven Central)",0.25668461294844747
uob,maybridge-0115-444565781,Cc1cc(S(=O)(=O)Cc2ccc(N)cc2)c(C)cc1Cl,,,,"MolVec 0.9.8 (git b412dd0, Maven Central)",0.3008836049120873
uob,maybridge-0115-599629407,CC(C)(C)OC(=O)NCCNc1ccc(C(F)(F)F)cc1N,,,,"MolVec 0.9.8 (git b412dd0, Maven Central)",0.41217718296684325
uob,maybridge-0115-613737475,Nc1cc(C(F)(F)F)c(C(F)(F)F)cc1Br,,,,"MolVec 0.9.8 (git b412dd0, Maven Central)",0.2816789650823921
uob,maybridge-0115-758911792,Nc1c(Br)cc(Br)cc1C(F)(F)F,,,,"MolVec 0.9.8 (git b412dd0, Maven Central)",0.249556893017143
uob,maybridge-0115-916424230,Cc1ccc2nc(-c3ccc(N)cc3)sc2c1[S@](=O)O,,,,"MolVec 0.9.8 (git b412dd0, Maven Central)",0.308826306136325
uob,maybridge-0115-953623461,Cc1ccc(N)nc1,,,,"MolVec 0.9.8 (git b412dd0, Maven Central)",0.13060843595303595
uob,maybridge-0116-1022850339,COC(=O)c1cccnc1N,,,,"MolVec 0.9.8 (git b412dd0, Maven Central)",0.15581501205451787
uob,maybridge-0116-149163444,Nc1cc(Cl)nc(Cl)c1,,,,"MolVec 0.9.8 (git b412dd0, Maven Central)",0.17644716706126928
uob,maybridge-0116-163299728,Nc1cnccc1C(=O)O,,,,"MolVec 0.9.8 (git b412dd0, Maven Central)",0.2211485430598259
uob,maybridge-0116-170268528,Nc1ccc(Cl)nc1Cl,,,,"MolVec 0.9.8 (git b412dd0, Maven Central)",0.13866971782408655
uob,maybridge-0116-241939391,Nc1cc(Cl)cnc1Cl,,,,"MolVec 0.9.8 (git b412dd0, Maven Central)",0.16403122409246862
uob,maybridge-0116-499620070,Nc1ccc(C(F)(F)F)cn1,,,,"MolVec 0.9.8 (git b412dd0, Maven Central)",0.21452976297587156
uob,maybridge-0116-582657937,Nc1ccnc(Cl)c1,,,,"MolVec 0.9.8 (git b412dd0, Maven Central)",0.15082872798666358
uob,maybridge-0116-649310274,COC(=O)c1ccc(N)nc1,,,,"MolVec 0.9.8 (git b412dd0, Maven Central)",0.17670859186910093
uob,maybridge-0116-698607258,Nc1cnccc1C(F)(F)F,,,,"MolVec 0.9.8 (git b412dd0, Maven Central)",0.16446182108484209
uob,maybridge-0116-830403260,Nc1ccc(CO)cn1,,,,"MolVec 0.9.8 (git b412dd0, Maven Central)",0.12903498602099717
uob,maybridge-0116-90202230,C#C1=CC=C(N)N=C1C,,,,"MolVec 0.9.8 (git b412dd0, Maven Central)",0.17241325904615223
uob,maybridge-0116-954264759,COc1ncccc1N,,,,"MolVec 0.9.8 (git b412dd0, Maven Central)",0.11325902305543423
uob,maybridge-0117-105650205,Nc1cccnc1Oc1ccc(F)cc1F,,,,"MolVec 0.9.8 (git b412dd0, Maven Central)",0.25890462496317923
uob,maybridge-0117-164364481,Nc1ccc(N2CCOCC2)nc1,,,,"MolVec 0.9.8 (git b412dd0, Maven Central)",0.19833828695118427
uob,maybridge-0117-16532891,Nc1ccc(-c2ccccc2)nc1,,,,"MolVec 0.9.8 (git b412dd0, Maven Central)",0.21741233696229756
uob,maybridge-0117-286025532,Cc1cc(Br)cnc1N,,,,"MolVec 0.9.8 (git b412dd0, Maven Central)",0.16666971612721682
uob,maybridge-0117-365507992,Nc1ccc(Oc2ccccc2)nc1,,,,"MolVec 0.9.8 (git b412dd0, Maven Central)",0.1650365369860083
uob,maybridge-0117-518264280,Cc1nc(N)ccc1Br,,,,"MolVec 0.9.8 (git b412dd0, Maven Central)",0.1274197620805353
uob,maybridge-0117-610585630,Nc1ncc(C(F)(F)F)cc1Cl,,,,"MolVec 0.9.8 (git b412dd0, Maven Central)",0.21037772111594677
uob,maybridge-0117-720134008,Cc1cnc(N)c(Br)c1,,,,"MolVec 0.9.8 (git b412dd0, Maven Central)",0.1301427548751235
uob,maybridge-0117-750658917,Nc1ccc(-c2cccs2)nc1,,,,"MolVec 0.9.8 (git b412dd0, Maven Central)",0.26982610998675227
uob,maybridge-0117-760545168,Nc1cccnc1N1CCOCC1,,,,"MolVec 0.9.8 (git b412dd0, Maven Central)",0.1896663240622729
uob,maybridge-0117-876471134,Nc1c(C(F)(F)F)cc(Cl)nc1Cl,,,,"MolVec 0.9.8 (git b412dd0, Maven Central)",0.261969757033512
uob,maybridge-0118-1069035473,COc1cc(N)ncn1,,,,"MolVec 0.9.8 (git b412dd0, Maven Central)",0.15175214898772538
uob,maybridge-0118-400195185,Cc1nc(N)c(Br)cc1Br,,,,"MolVec 0.9.8 (git b412dd0, Maven Central)",0.17214457807131112
uob,maybridge-0118-433787694,COc1cc(OC)nc(N)n1,,,,"MolVec 0.9.8 (git b412dd0, Maven Central)",0.20520893787033856
uob,maybridge-0118-500765886,Cc1nc(Cl)nc(N)c1N,,,,"MolVec 0.9.8 (git b412dd0, Maven Central)",0.18979905196465552
uob,maybridge-0118-54434599,Nc1ccc(Br)nn1,,,,"MolVec 0.9.8 (git b412dd0, Maven Central)",0.15396785410121083
uob,maybridge-0118-547154517,N#Cc1cnc(Cl)nc1N,,,,"MolVec 0.9.8 (git b412dd0, Maven Central)",0.16554068797267973
uob,maybridge-0118-549722698,Cc1ncc(C#N)c(N)n1,,,,"MolVec 0.9.8 (git b412dd0, Maven Central)",0.1587696149945259
uob,maybridge-0118-661022304,Nc1ccc(Sc2cc(Cl)ccc2Cl)nc1,,,,"MolVec 0.9.8 (git b412dd0, Maven Central)",0.1993353171274066
uob,maybridge-0118-801723825,CSc1ncc(C#N)c(N)n1,,,,"MolVec 0.9.8 (git b412dd0, Maven Central)",0.18997341487556696
uob,maybridge-0118-846411868,Nc1ncc(Br)cc1Br,,,,"MolVec 0.9.8 (git b412dd0, Maven Central)",0.1501395849045366
uob,maybridge-0118-941997635,Nc1ccc(Cl)nn1,,,,"MolVec 0.9.8 (git b412dd0, Maven Central)",0.12702243612147868
uob,maybridge-0118-955141148,Nc1ccnc(S)n1,,,,"MolVec 0.9.8 (git b412dd0, Maven Central)",0.15945935412310064
uob,maybridge-0119-132973406,CSc1nc(-c2ccc(C)cc2)nc(N)c1C#N,,,,"MolVec 0.9.8 (git b412dd0, Maven Central)",0.3383824529591948
uob,maybridge-0119-175665774,CCOC(=O)c1cnc(S)nc1N,,,,"MolVec 0.9.8 (git b412dd0, Maven Central)",0.20167695498093963
uob,maybridge-0119-29095669,N#Cc1cnc(Br)nc1N,,,,"MolVec 0.9.8 (git b412dd0, Maven Central)",0.17402489390224218
uob,maybridge-0119-495469240,COc1ccc(-c2cc(C(F)(F)F)nc(N)n2)cc1,,,,"MolVec 0.9.8 (git b412dd0, Maven Central)",0.3025595829822123
uob,maybridge-0119-504065841,CC(C)(C)Sc1cnc(N)nc1N,,,,"MolVec 0.9.8 (git b412dd0, Maven Central)",0.19571843091398478
uob,maybridge-0119-575097047,CCOC(=O)c1cnc(N)nc1C,,,,"MolVec 0.9.8 (git b412dd0, Maven Central)",0.20827383291907609
uob,maybridge-0119-683857827,Nc1nccc(-c2cc(-c3cccc(BF)c3)no2)n1,,,,"MolVec 0.9.8 (git b412dd0, Maven Central)",0.49026760389097035
uob,maybridge-0119-725548355,Nc1nc(-c2ccccc2)cc(C(F)(F)F)n1,,,,"MolVec 0.9.8 (git b412dd0, Maven Central)",0.32589205889962614
uob,maybridge-0119-849758628,CC(C)[S@@H](C)c1cnc(-c2cccnc2)nc1NO,,,,"MolVec 0.9.8 (git b412dd0, Maven Central)",0.2654376190621406
uob,maybridge-0119-950573207,CCSc1nc(N)c(Br)c(O)n1,,,,"MolVec 0.9.8 (git b412dd0, Maven Central)",0.19749380112625659
uob,maybridge-0120-143619142,CCOc1nc(N)nc(NC)n1,,,,"MolVec 0.9.8 (git b412dd0, Maven Central)",0.22341959411278367
uob,maybridge-0120-363235396,Nc1nnc(-c2ccccc2)c(-c2ccccc2)n1,,,,"MolVec 0.9.8 (git b412dd0, Maven Central)",0.303443482844159
uob,maybridge-0120-477906048,Nc1nc(-c2ccc(Br)cc2)cc(C(F)(F)F)n1,,,,"MolVec 0.9.8 (git b412dd0, Maven Central)",0.3307277539279312
uob,maybridge-0120-566441527,Cc1nc(N)nc(O)n1,,,,"MolVec 0.9.8 (git b412dd0, Maven Central)",0.17403318104334176
uob,maybridge-0120-65108651,CSc1nc(N)nc(C(C)C)n1,,,,"MolVec 0.9.8 (git b412dd0, Maven Central)",0.1948374519124627
uob,maybridge-0120-665662295,Nc1cnc(Br)cn1,,,,"MolVec 0.9.8 (git b412dd0, Maven Central)",0.12062809406779706
uob,maybridge-0120-709960176,CSc1nc(C)nc(N)n1,,,,"MolVec 0.9.8 (git b412dd0, Maven Central)",0.22721702605485916
uob,maybridge-0120-812297298,Nc1nccnn1,,,,"MolVec 0.9.8 (git b412dd0, Maven Central)",0.11294147907756269
uob,maybridge-0120-822822140,COc1ccc2cc(-c3cc(C(F)(F)F)nc(N)n3)ccc2c1,,,,"MolVec 0.9.8 (git b412dd0, Maven Central)",0.4346906398423016
uob,maybridge-0120-844494069,CSc1nc(N)nc(C(C)(C)C)n1,,,,"MolVec 0.9.8 (git b412dd0, Maven Central)",0.19687209301628172
uob,maybridge-0120-87673148,Cc1nc(N)nc(S)n1,,,,"MolVec 0.9.8 (git b412dd0, Maven Central)",0.1899339440278709
uob,maybridge-0121-1014419417,Nc1ccc2c(c1)CCC2=O,,,,"MolVec 0.9.8 (git b412dd0, Maven Central)",0.22653163387440145
uob,maybridge-0121-271040750,Cc1cc2cc(N)ccc2[nH]1,,,,"MolVec 0.9.8 (git b412dd0, Maven Central)",0.20113538997247815
uob,maybridge-0121-414007445,Nc1ccc2c(ccn2Cc2ccccc2)c1,,,,"MolVec 0.9.8 (git b412dd0, Maven Central)",0.35021944297477603
uob,maybridge-0121-510017710,Cc1ccc(S(=O)(=O)n2ccc3cc(N)ccc32)cc1,,,,"MolVec 0.9.8 (git b412dd0, Maven Central)",0.38188084308058023
uob,maybridge-0121-541006079,CC1CC2CCCC(c3nc(N)nc(O)n3)(C1)C2,,,,"MolVec 0.9.8 (git b412dd0, Maven Central)",0.37674634577706456
uob,maybridge-0121-605968757,CCSc1nc(N)nc(C(C)C)n1,,,,"MolVec 0.9.8 (git b412dd0, Maven Central)",0.19647351908497512
uob,maybridge-0121-727759191,Cn1ccc2cc(N)ccc21,,,,"MolVec 0.9.8 (git b412dd0, Maven Central)",0.2225916099268943
uob,maybridge-0121-773282943,CSc1nc(N)nc(-c2cccs2)n1,,,,"MolVec 0.9.8 (git b412dd0, Maven Central)",0.29192721704021096
uob,maybridge-0121-830979879,NC(=O)c1c[nH]c2ccc(N)cc12,,,,"MolVec 0.9.8 (git b412dd0, Maven Central)",0.3566580079495907
uob,maybridge-0121-927752342,CSc1nc(N)nc(C23CCC=C(C2)C(C)C3)n1,,,,"MolVec 0.9.8 (git b412dd0, Maven Central)",0.3498354940675199
uob,maybridge-0122-103406911,Nc1ccc2[nH]ncc2c1,,,,"MolVec 0.9.8 (git b412dd0, Maven Central)",0.1907747599761933
uob,maybridge-0122-116493633,Nc1cccc2c1C(=O)NC2=O,,,,"MolVec 0.9.8 (git b412dd0, Maven Central)",0.2629751400090754
uob,maybridge-0122-152023266,CC1(C)Oc2ccc(N)cc2O1,,,,"MolVec 0.9.8 (git b412dd0, Maven Central)",0.16190509614534676
uob,maybridge-0122-207576512,NC(=O)c1cnn2c1NCC=C2c1cccc(PF)c1,,,,"MolVec 0.9.8 (git b412dd0, Maven Central)",0.43733851891011
uob,maybridge-0122-271096461,COC(=O)C1Cc2ccccc2N1,,,,"MolVec 0.9.8 (git b412dd0, Maven Central)",0.27113346895202994
uob,maybridge-0122-322249342,Nc1ccc2occc2c1,,,,"MolVec 0.9.8 (git b412dd0, Maven Central)",0.18656750489026308
uob,maybridge-0122-497128787,Nc1ccc2c(c1)C(=O)OC2,,,,"MolVec 0.9.8 (git b412dd0, Maven Central)",0.21745709283277392
uob,maybridge-0122-502072489,OCC1Cc2ccccc2N1,,,,"MolVec 0.9.8 (git b412dd0, Maven Central)",0.22113978303968906
uob,maybridge-0122-578529170,CSc1nc(N)nc2nc[nH]c12,,,,"MolVec 0.9.8 (git b412dd0, Maven Central)",0.20211314992047846
uob,maybridge-0122-609502226,CC1(C)Cc2cccc(N)c2O1,,,,"MolVec 0.9.8 (git b412dd0, Maven Central)",0.2392447949387133
uob,maybridge-0122-674977805,Nc1ccc2[nH]c(S)nc2c1,,,,"MolVec 0.9.8 (git b412dd0, Maven Central)",0.2247835269663483
uob,maybridge-0122-6946358,Nc1ccc2sccc2c1,,,,"MolVec 0.9.8 (git b412dd0, Maven Central)",0.21340499399229884
uob,maybridge-0123-1048619367,Nc1cccc2nonc12,,,,"MolVec 0.9.8 (git b412dd0, Maven Central)",0.24808702408336103
uob,maybridge-0123-207835622,Nc1nsc2ccc([N+](=O)[O-])cc12,,,,"MolVec 0.9.8 (git b412dd0, Maven Central)",0.25307498686015606
uob,maybridge-0123-292557416,Nc1ccc2ncoc2c1,,,,"MolVec 0.9.8 (git b412dd0, Maven Central)",0.20520614203996956
uob,maybridge-0123-545161507,COc1cccc2onc(N)c12,,,,"MolVec 0.9.8 (git b412dd0, Maven Central)",0.2937773091252893
uob,maybridge-0123-551698804,Nc1ccc2c(c1)CS(=O)(=O)C2,,,,"MolVec 0.9.8 (git b412dd0, Maven Central)",0.19036487699486315
uob,maybridge-0123-552106680,Nc1cc(Cl)c2nonc2c1[N+](=O)[O-],,,,"MolVec 0.9.8 (git b412dd0, Maven Central)",0.353472501039505
uob,maybridge-0123-628802632,Nc1ccc2scnc2c1,,,,"MolVec 0.9.8 (git b412dd0, Maven Central)",0.21252027619630098
uob,maybridge-0123-681598386,Nc1noc2ccccc12,,,,"MolVec 0.9.8 (git b412dd0, Maven Central)",0.20790109504014254
uob,maybridge-0123-891158634,CCOC(=O)c1c(N)sc2c1CCCC2,,,,"MolVec 0.9.8 (git b412dd0, Maven Central)",0.2522193011827767
uob,maybridge-0123-968374406,COC(=O)c1cc2cc(N)ccc2s1,,,,"MolVec 0.9.8 (git b412dd0, Maven Central)",0.2961988199967891
uob,maybridge-0123-97853212,Nc1ccc2c(c1)S(=O)(=O)C=C2,,,,"MolVec 0.9.8 (git b412dd0, Maven Central)",0.22873018798418343
uob,maybridge-0124-1058482436,CN1CCc2c(sc(N)c2C#N)C1,,,,"MolVec 0.9.8 (git b412dd0, Maven Central)",0.2754045999608934
uob,maybridge-0124-274494307,CCOC(=O)c1sc2ncccc2c1N,,,,"MolVec 0.9.8 (git b412dd0, Maven Central)",0.29370982805266976
uob,maybridge-0124-288264864,CSc1nc2ccc(N)cc2s1,,,,"MolVec 0.9.8 (git b412dd0, Maven Central)",0.22005196893587708
uob,maybridge-0124-385286133,Nc1c(C(=O)O)sc2nccnc12,,,,"MolVec 0.9.8 (git b412dd0, Maven Central)",0.3109076591208577
uob,maybridge-0124-497265561,Cc1cc(C)c2c(N)c(C(N)=O)sc2n1,,,,"MolVec 0.9.8 (git b412dd0, Maven Central)",0.3849172489717603
uob,maybridge-0124-59048686,Nc1ccc2nsnc2c1,,,,"MolVec 0.9.8 (git b412dd0, Maven Central)",0.1838559079915285
uob,maybridge-0124-646494645,Nc1ccc2ncsc2c1,,,,"MolVec 0.9.8 (git b412dd0, Maven Central)",0.1805747291073203
uob,maybridge-0124-685331916,CC(=O)c1sc2nc(-c3cccs3)cc(C(F)(F)F)c2c1N,,,,"MolVec 0.9.8 (git b412dd0, Maven Central)",0.6627282500267029
uob,maybridge-0124-780059698,Cc1nc2ccc(N)cc2s1,,,,"MolVec 0.9.8 (git b412dd0, Maven Central)",0.14369692304171622
uob,maybridge-0124-896900684,Nc1c(C(=O)O)sc2ncccc12,,,,"MolVec 0.9.8 (git b412dd0, Maven Central)",0.31843544100411236
uob,maybridge-0124-982610362,Nc1csc2nccnc12,,,,"MolVec 0.9.8 (git b412dd0, Maven Central)",0.21397347282618284
uob,maybridge-0125-1017382906,Nc1ccc2c(c1)CCCC2=O,,,,"MolVec 0.9.8 (git b412dd0, Maven Central)",0.23074948298744857
uob,maybridge-0125-257213741,Nc1ccc2ccccc2n1,,,,"MolVec 0.9.8 (git b412dd0, Maven Central)",0.18520644097588956
uob,maybridge-0125-347741128,Cc1ccc2cc(N)ccc2n1,,,,"MolVec 0.9.8 (git b412dd0, Maven Central)",0.23344006016850471
uob,maybridge-0125-363513951,Nc1cc2ccccc2cn1,,,,"MolVec 0.9.8 (git b412dd0, Maven Central)",0.2141534339170903
uob,maybridge-0125-375425314,Cc1cc2c(N)cccc2nn1,,,,"MolVec 0.9.8 (git b412dd0, Maven Central)",0.19825698505155742
uob,maybridge-0125-412383488,Nc1nc(Br)c2ccccc2c1Cc1ccccc1,,,,"MolVec 0.9.8 (git b412dd0, Maven Central)",0.297673465218395
uob,maybridge-0125-41492278,Cc1nc2ccccc2c(C(=O)O)c1N,,,,"MolVec 0.9.8 (git b412dd0, Maven Central)",0.30478459293954074
uob,maybridge-0125-543284614,Nc1cc2ccccc2c(Br)n1,,,,"MolVec 0.9.8 (git b412dd0, Maven Central)",0.2398115210235119
uob,maybridge-0125-599876698,CCOC(=O)c1c(N)sc2c1CCN(C(=O)OC(C)(C)C)C2,,,,"MolVec 0.9.8 (git b412dd0, Maven Central)",0.48115143878385425
uob,maybridge-0125-635944389,CCOC(=O)c1c(N)sc2c1CCCCC2,,,,"MolVec 0.9.8 (git b412dd0, Maven Central)",0.24504067283123732
uob,maybridge-0126-199069868,OCC1CNc2ccccc2O1,,,,"MolVec 0.9.8 (git b412dd0, Maven Central)",0.21478316118009388
uob,maybridge-0126-213298490,COC(=O)C1CCc2ccccc2N1,,,,"MolVec 0.9.8 (git b412dd0, Maven Central)",0.2615484918933362
uob,maybridge-0126-340274919,N#CC1CNc2ccccc2O1,,,,"MolVec 0.9.8 (git b412dd0, Maven Central)",0.19586182991042733
uob,maybridge-0126-446758296,CCOC(=O)C1=C(N)Oc2ccc(Br)cc2C1C(C#N)C(=O)OCC,,,,"MolVec 0.9.8 (git b412dd0, Maven Central)",0.4606962949037552
uob,maybridge-0126-599037960,Nc1ccc2nccnc2c1,,,,"MolVec 0.9.8 (git b412dd0, Maven Central)",0.19054748304188251
uob,maybridge-0126-655837542,Nc1ccc2c(c1)OCCO2,,,,"MolVec 0.9.8 (git b412dd0, Maven Central)",0.17984782485291362
uob,maybridge-0126-71068270,O=C(O)C1CNc2ccccc2O1,,,,"MolVec 0.9.8 (git b412dd0, Maven Central)",0.20482608093880117
uob,maybridge-0126-718618661,Nc1nc(N)c2nc(CO)cnc2n1,,,,"MolVec 0.9.8 (git b412dd0, Maven Central)",0.2650629209820181
uob,maybridge-0126-766665448,CSc1nc(N)c2ccccc2n1,,,,"MolVec 0.9.8 (git b412dd0, Maven Central)",0.21897153602913022
uob,maybridge-0126-776907754,Cc1cccc2c1NCCC2,,,,"MolVec 0.9.8 (git b412dd0, Maven Central)",0.19049081718549132
uob,maybridge-0126-871550456,O=C(O)c1ccc2c(c1)CCCN2,,,,"MolVec 0.9.8 (git b412dd0, Maven Central)",0.21633306704461575
uob,maybridge-0126-889711397,Nc1ccc2c(c1)COCO2,,,,"MolVec 0.9.8 (git b412dd0, Maven Central)",0.18732608784921467
uob,maybridge-0127-14150246,Nc1ccc2oc3c(c2c1)CCCC3,,,,"MolVec 0.9.8 (git b412dd0, Maven Central)",0.2516864731442183
uob,maybridge-0127-164630678,Nc1ccc(O)c2c1C(=O)c1c(O)ccc(N)c1C2=O,,,,"MolVec 0.9.8 (git b412dd0, Maven Central)",0.33232312207110226
uob,maybridge-0127-29676604,Nc1ccc2c(c1)OCCCO2,,,,"MolVec 0.9.8 (git b412dd0, Maven Central)",0.22206961503252387
uob,maybridge-0127-382046635,NC1=Nc2cccc3cccc(c23)N1,,,,"MolVec 0.9.8 (git b412dd0, Maven Central)",0.22911621280945837
uob,maybridge-0127-532864415,c1cnc2c(c1)OCCN2,,,,"MolVec 0.9.8 (git b412dd0, Maven Central)",0.18330690008588135
uob,maybridge-0127-559279364,Brc1cnc2c(c1)OCCN2,,,,"MolVec 0.9.8 (git b412dd0, Maven Central)",0.1965886710677296
uob,maybridge-0127-818263241,COc1ccc2c(c1)CCc1sc(N)nc1-2,,,,"MolVec 0.9.8 (git b412dd0, Maven Central)",0.3768692931625992
uob,maybridge-0127-878900995,Nc1ccc2c(c1)N1CCN=C1S2,,,,"MolVec 0.9.8 (git b412dd0, Maven Central)",0.3118131209630519
uob,maybridge-0127-961258703,CC1Sc2ccc(Cl)cc2-c2nc(N)ncc21,,,,"MolVec 0.9.8 (git b412dd0, Maven Central)",0.3874427150003612
uob,maybridge-0127-970378449,CC1CC(=O)Nc2ccccc2N1,,,,"MolVec 0.9.8 (git b412dd0, Maven Central)",0.205377517035231
uob,maybridge-0128-166993882,CC(C)(C)OC(=O)Nc1cccs1,,,,"MolVec 0.9.8 (git b412dd0, Maven Central)",0.18146110116504133
uob,maybridge-0128-339751982,Cn1cc(NC(=O)OC(C)(C)C)cc1C(=O)O,,,,"MolVec 0.9.8 (git b412dd0, Maven Central)",0.3023469550535083
uob,maybridge-0128-410163450,Cn1c(S)nnc1CNC(=O)OC(C)(C)C,,,,"MolVec 0.9.8 (git b412dd0, Maven Central)",0.30260261590592563
uob,maybridge-0128-5153287,CC(C)(C)OC(=O)NC1(C(=O)O)CC1,,,,"MolVec 0.9.8 (git b412dd0, Maven Central)",0.20553265511989594
uob,maybridge-0128-569813104,CC(C)(C)OC(=O)Nc1ccsc1,,,,"MolVec 0.9.8 (git b412dd0, Maven Central)",0.23881507315672934
uob,maybridge-0128-688802272,CCO[N+]1=O2=C(C=CC=C2)C=[N+]2[C@@H](/C(O)=O/CC)CC[C@H]21,,,,"MolVec 0.9.8 (git b412dd0, Maven Central)",0.5492696131113917
uob,maybridge-0128-76515673,CC(C)(C)C.O=C(O)NC1=C(/C=C\O)C1,,,,"MolVec 0.9.8 (git b412dd0, Maven Central)",0.17580160894431174
uob,maybridge-0128-842642978,CC(C)(C)OC(=O)NCc1nnc(S)n1C1CC1,,,,"MolVec 0.9.8 (git b412dd0, Maven Central)",0.3430195050314069
uob,maybridge-0128-866832518,CC(C)(C)OC(=O)N1CC(=O)CC1C(=O)O,,,,"MolVec 0.9.8 (git b412dd0, Maven Central)",0.26140463608317077
uob,maybridge-0129-118317891,CC(C)(C)OC(=O)NCc1ccc(CO)cc1,,,,"MolVec 0.9.8 (git b412dd0, Maven Central)",0.2590008471161127
uob,maybridge-0129-147386681,CCOC(=O)c1cnc(NCc2ccccc2)s1,,,,"MolVec 0.9.8 (git b412dd0, Maven Central)",0.3026568389032036
uob,maybridge-0129-206778332,CC(C)(C)OC(=O)Nc1ccc(C(=O)O)cc1,,,,"MolVec 0.9.8 (git b412dd0, Maven Central)",0.29172769701108336
uob,maybridge-0129-426538714,CC(C)(C)OC(=O)NCc1cccc(CO)c1,,,,"MolVec 0.9.8 (git b412dd0, Maven Central)",0.24185337009839714
uob,maybridge-0129-43773604,CC(C)(C)OC(=O)NCc1ccc(C(=O)O)cc1,,,,"MolVec 0.9.8 (git b412dd0, Maven Central)",0.2896642198320478
uob,maybridge-0129-518343436,O=C(O)c1cnc(NCc2ccccc2)s1,,,,"MolVec 0.9.8 (git b412dd0, Maven Central)",0.33835228090174496
uob,maybridge-0129-612211223,CC(C)(C)OC(=O)NCc1ccsc1Br,,,,"MolVec 0.9.8 (git b412dd0, Maven Central)",0.2313245590776205
uob,maybridge-0129-721928833,CC(C)(C)OC(=O)NCc1ccc(C=O)cc1,,,,"MolVec 0.9.8 (git b412dd0, Maven Central)",0.2595689040608704
uob,maybridge-0129-766537648,CC(C)(C)OC(=O)NCc1cccc(C=O)c1,,,,"MolVec 0.9.8 (git b412dd0, Maven Central)",0.25919059105217457
uob,maybridge-0129-820735039,CC(C)(C)OC(=O)NCc1ccc(Br)s1,,,,"MolVec 0.9.8 (git b412dd0, Maven Central)",0.25544386985711753
uob,maybridge-0129-874748187,CC(C)(C)OC(=O)Nc1ccc(CN)cc1,,,,"MolVec 0.9.8 (git b412dd0, Maven Central)",0.20339180203154683
uob,maybridge-0130-11558150,CC(C)(C)OC(=O)NCc1ncccc1F,,,,"MolVec 0.9.8 (git b412dd0, Maven Central)",0.20301135000772774
uob,maybridge-0130-178108697,CC(C)(C)OC(=O)NCCNc1ccc(C(F)(F)F)cc1N,,,,"MolVec 0.9.8 (git b412dd0, Maven Central)",0.462040645070374
uob,maybridge-0130-203248465,NCC1CCN(Cc2ccccc2)CC1,,,,"MolVec 0.9.8 (git b412dd0, Maven Central)",0.2881905420217663
uob,maybridge-0130-341129150,CC(C)(C)OC(=O)N[C@@H](Cc1cccc(F)c1)C(=O)O,,,,"MolVec 0.9.8 (git b412dd0, Maven Central)",0.430821391986683
uob,maybridge-0130-465626203,O=C1CCN(Cc2ccccc2)CC1,,,,"MolVec 0.9.8 (git b412dd0, Maven Central)",0.25000351504422724
uob,maybridge-0130-743627328,OCC1CCN(Cc2ccccc2)CC1,,,,"MolVec 0.9.8 (git b412dd0, Maven Central)",0.21686887205578387
uob,maybridge-0130-79973804,CC(C)(C)OC(=O)N1CCC(=O)CC1,,,,"MolVec 0.9.8 (git b412dd0, Maven Central)",0.20629682601429522
uob,maybridge-0130-801456829,CC(C)(C)OC(=O)NCc1ccccc1Br,,,,"MolVec 0.9.8 (git b412dd0, Maven Central)",0.2208843189291656
uob,maybridge-0130-834747884,CC(C)(C)OC(=O)NC1(C(=O)O)CCCCC1,,,,"MolVec 0.9.8 (git b412dd0, Maven Central)",0.21994289592839777
uob,maybridge-0130-887791412,O=[N+]([O-])c1ccc(C(O)CNCc2ccccc2)cc1,,,,"MolVec 0.9.8 (git b412dd0, Maven Central)",0.32472999719902873
uob,maybridge-0131-208058919,O=C(OCc1ccccc1)N1CCCC(O)C1,,,,"MolVec 0.9.8 (git b412dd0, Maven Central)",0.328288019169122
uob,maybridge-0131-233716581,CC(C)(C)OC(=O)N1CCC(CCCO)CC1,,,,"MolVec 0.9.8 (git b412dd0, Maven Central)",0.29858506307937205
uob,maybridge-0131-326617137,OC1CCCN(Cc2ccccc2)C1,,,,"MolVec 0.9.8 (git b412dd0, Maven Central)",0.2702541882172227
uob,maybridge-0131-405406465,CC(C)(C)OC(=O)N1CCC(C(N)=S)CC1,,,,"MolVec 0.9.8 (git b412dd0, Maven Central)",0.2641328501049429
uob,maybridge-0131-566659251,CC(C)(C)OC(=O)N1CCC(C(N)=O)CC1,,,,"MolVec 0.9.8 (git b412dd0, Maven Central)",0.29161999677307904
uob,maybridge-0131-630385006,O=C(OCc1ccccc1)N1CCC(O)CC1,,,,"MolVec 0.9.8 (git b412dd0, Maven Central)",0.5716473369393498
uob,maybridge-0131-744601223,CC(C)(C)OC(=O)N1CCCC(C(=O)O)C1,,,,"MolVec 0.9.8 (git b412dd0, Maven Central)",0.2957758989650756
uob,maybridge-0131-87864750,CC(C)(C)OC(=O)N1CCC(CN)CC1,,,,"MolVec 0.9.8 (git b412dd0, Maven Central)",0.23370400490239263
uob,maybridge-0132-128137422,O=C(OCc1ccccc1)N1CCC(CO)CC1,,,,"MolVec 0.9.8 (git b412dd0, Maven Central)",0.42241462995298207
uob,maybridge-0132-242840715,O=CC1CCN(C(=O)OCc2ccccc2)CC1,,,,"MolVec 0.9.8 (git b412dd0, Maven Central)",0.3769622661639005
uob,maybridge-0132-433719497,NCC1CCN(C(=O)OCc2ccccc2)CC1,,,,"MolVec 0.9.8 (git b412dd0, Maven Central)",0.36523570818826556
uob,maybridge-0132-443586273,O=C=NC1CCN(C(=O)OCc2ccccc2)CC1,,,,"MolVec 0.9.8 (git b412dd0, Maven Central)",0.39434277289547026
uob,maybridge-0132-696194183,NC(=O)C1CCN(C(=O)OCc2ccccc2)CC1,,,,"MolVec 0.9.8 (git b412dd0, Maven Central)",0.4261659779585898
uob,maybridge-0132-821265827,CCO(=O)CC1CCN(CC2=CC=CC=C2)CC1,,,,"MolVec 0.9.8 (git b412dd0, Maven Central)",0.40060222800821066
uob,maybridge-0132-889461930,O=C(OCc1ccccc1)N1CCCC(CO)C1,,,,"MolVec 0.9.8 (git b412dd0, Maven Central)",0.36371413711458445
uob,maybridge-0133-118073832,O=C(O)C1CCN(C(=O)OCc2ccccc2)CC1,,,,"MolVec 0.9.8 (git b412dd0, Maven Central)",0.41992913489229977
uob,maybridge-0133-224303236,C=C/C(NC1CCN(Cc2ccccc2)CC1)=C(N)\C=C/C,,,,"MolVec 0.9.8 (git b412dd0, Maven Central)",0.46654491405934095
uob,maybridge-0133-706111301,CNCC1CCN(C(=O)OCc2ccccc2)CC1,,,,"MolVec 0.9.8 (git b412dd0, Maven Central)",0.47598933707922697
uob,maybridge-0133-717743957,O=C(O)C1CCCN(C(=O)OCc2ccccc2)C1,,,,"MolVec 0.9.8 (git b412dd0, Maven Central)",0.43290895596146584
uob,maybridge-0133-735561899,O=C(OCc1ccccc1)N1CCC(C(O)Cl)CC1,,,,"MolVec 0.9.8 (git b412dd0, Maven Central)",0.4659333920571953
uob,maybridge-0133-9354310,O=C(Cl)C1CCCN(C(=O)OCc2ccccc2)C1,,,,"MolVec 0.9.8 (git b412dd0, Maven Central)",0.4287836628500372
uob,maybridge-0134-230911240,CC(C)(C)OC(=O)N1CCC(Oc2ccccc2N)CC1,,,,"MolVec 0.9.8 (git b412dd0, Maven Central)",0.3664193730801344
uob,maybridge-0134-30949158,O=C(OCc1ccccc1)N1CCC(Br)CC1,,,,"MolVec 0.9.8 (git b412dd0, Maven Central)",0.3404995780438185
uob,maybridge-0134-351460707,CC(C)(C)OC(=O)N1CCC(c2nc(CO)cs2)CC1,,,,"MolVec 0.9.8 (git b412dd0, Maven Central)",0.2864127929788083
uob,maybridge-0134-428160821,CC(C)(C)OC(=O)N1CCC(c2nc(C=O)cs2)CC1,,,,"MolVec 0.9.8 (git b412dd0, Maven Central)",0.427857224131003
uob,maybridge-0134-434633389,CC(C)(C)OC(=O)NCC1CCN(Cc2ccccc2)CC1,,,,"MolVec 0.9.8 (git b412dd0, Maven Central)",0.40576899400912225
uob,maybridge-0134-860252649,CC(C)(C)OC(=O)N1CCC(C(=O)c2ccc(F)cc2)CC1,,,,"MolVec 0.9.8 (git b412dd0, Maven Central)",0.3821041458286345
uob,maybridge-0134-938533430,COc1ccc(NC2CCN(C(=O)OC(C)(C)C)CC2)cc1,,,,"MolVec 0.9.8 (git b412dd0, Maven Central)",0.42756942892447114
uob,maybridge-0135-116413934,Cc1nc(C2CCN(C(=O)OC(C)(C)C)CC2)sc1C=O,,,,"MolVec 0.9.8 (git b412dd0, Maven Central)",0.28816479886882007
uob,maybridge-0135-276365145,CC(C)(C)OC(=O)N1CCC(c2nc(C(=O)O)cs2)CC1,,,,"MolVec 0.9.8 (git b412dd0, Maven Central)",0.4997107330709696
uob,maybridge-0135-447001906,CNCc1csc(C2CCN(C(=O)OC(C)(C)C)CC2)n1,,,,"MolVec 0.9.8 (git b412dd0, Maven Central)",0.37543029780499637
uob,maybridge-0135-56112675,Cc1nc(C2CCN(C(=O)OC(C)(C)C)CC2)sc1CO,,,,"MolVec 0.9.8 (git b412dd0, Maven Central)",0.42512724082916975
uob,maybridge-0135-756152435,CC(C)(C)OC(=O)N1CCCC(Oc2ccccc2[N+](=O)[O-])C1,,,,"MolVec 0.9.8 (git b412dd0, Maven Central)",0.29901481489650905
uob,maybridge-0135-860901841,O=C(OCc1ccccc1)N1CCC(CBr)CC1,,,,"MolVec 0.9.8 (git b412dd0, Maven Central)",0.37858598306775093
uob,maybridge-0135-918786203,CC(C)(C)OC(=O)N1CCCC(Oc2ccc([N+](=O)[O-])cc2)C1,,,,"MolVec 0.9.8 (git b412dd0, Maven Central)",0.2837110930122435
uob,maybridge-0135-984327762,CC(C)(C)OC(=O)N1CCC(Oc2ccc(C(=O)O)cc2)CC1,,,,"MolVec 0.9.8 (git b412dd0, Maven Central)",0.45256581087596714
uob,maybridge-0136-1044109275,CCOC(=O)c1csc(C2CCN(C(=O)OC(C)(C)C)CC2)n1,,,,"MolVec 0.9.8 (git b412dd0, Maven Central)",0.4783289390616119
uob,maybridge-0136-111226916,CC(C)(C)OC(=O)N1CCC(Oc2ccccc2[N+](=O)[O-])CC1,,,,"MolVec 0.9.8 (git b412dd0, Maven Central)",0.3179306578822434
uob,maybridge-0136-370425983,Cc1sc(C2CCN(C(=O)OC(C)(C)C)CC2)nc1CC(=O)O,,,,"MolVec 0.9.8 (git b412dd0, Maven Central)",0.5153486009221524
uob,maybridge-0136-577476398,CCOC(=O)c1sc(C2CCN(C(=O)OC(C)(C)C)CC2)nc1C,,,,"MolVec 0.9.8 (git b412dd0, Maven Central)",0.39483151608146727
uob,maybridge-0136-630948775,CC(C)(C)OC(=O)NC1CCN(c2ccc(C#N)cc2)CC1,,,,"MolVec 0.9.8 (git b412dd0, Maven Central)",0.3860318099614233
uob,maybridge-0136-64136598,Cc1nc(C2CCN(C(=O)OC(C)(C)C)CC2)sc1C(=O)O,,,,"MolVec 0.9.8 (git b412dd0, Maven Central)",0.41794409207068384
uob,maybridge-0136-7427233,CC(C)(C)OC(=O)N1CCC(Oc2ccc([N+](=O)[O-])cc2)CC1,,,,"MolVec 0.9.8 (git b412dd0, Maven Central)",0.3376319808885455
uob,maybridge-0136-87225683,C[SH](C)C(C)(C)C.O=C1CCN(Cc2ccccc2)CC1CO,,,,"MolVec 0.9.8 (git b412dd0, Maven Central)",0.3133711349219084
uob,maybridge-0136-986387756,C=[N+]([O-])[C@H]1CCCCN1C(=O)OCC1c2ccccc2-c2ccccc21,,,,"MolVec 0.9.8 (git b412dd0, Maven Central)",0.4965042870026082
uob,maybridge-0137-1066170794,C#Cc1ccnc(N2CCN(C(=O)OC(C)(C)C)CC2)c1,,,,"MolVec 0.9.8 (git b412dd0, Maven Central)",0.3412485390435904
uob,maybridge-0137-209715696,O=Cc1ccccc1N1CCN(Cc2ccccc2)CC1,,,,"MolVec 0.9.8 (git b412dd0, Maven Central)",0.2904511180240661
uob,maybridge-0137-239793765,O=C1CN(C(=O)OCc2ccccc2)CCN1,,,,"MolVec 0.9.8 (git b412dd0, Maven Central)",0.3354478469118476
uob,maybridge-0137-365120832,CC(C)(C)OC(=O)N1CCN(CCO)CC1,,,,"MolVec 0.9.8 (git b412dd0, Maven Central)",0.2604047099594027
uob,maybridge-0137-391798521,CC(C)(C)OC(=O)NCC1CCNCC1,,,,"MolVec 0.9.8 (git b412dd0, Maven Central)",0.20131819997914135
uob,maybridge-0137-574116560,CC(C)(C)OC(=O)N1CCNCC1,,,,"MolVec 0.9.8 (git b412dd0, Maven Central)",0.19371214997954667
uob,maybridge-0137-580287811,NCCN1CCN(Cc2ccccc2)CC1,,,,"MolVec 0.9.8 (git b412dd0, Maven Central)",0.338588145095855
uob,maybridge-0137-739805975,CC(C)(C)OC(=O)N1CCN(c2ccccc2N)CC1,,,,"MolVec 0.9.8 (git b412dd0, Maven Central)",0.2745978799648583
uob,maybridge-0137-805385526,CC(C)(C)OC(=O)N1CCN(c2ccc(C#N)cc2)CC1,,,,"MolVec 0.9.8 (git b412dd0, Maven Central)",0.31866432703100145
uob,maybridge-0138-141171384,CC(C)(C)OC(=O)N1CCN(c2ccc(C=O)cn2)CC1,,,,"MolVec 0.9.8 (git b412dd0, Maven Central)",0.2934296380262822
uob,maybridge-0138-212125341,CC(C)(C)OC(=O)N1CCN(c2ccccc2CN)CC1,,,,"MolVec 0.9.8 (git b412dd0, Maven Central)",0.2515357390511781
uob,maybridge-0138-21374268,CC(C)(C)OC(=O)N1CCN(c2ccccc2C=O)CC1,,,,"MolVec 0.9.8 (git b412dd0, Maven Central)",0.25406700395978987
uob,maybridge-0138-255573056,CC(C)(C)OC(=O)N1CCN(c2ccc(CO)cc2)CC1,,,,"MolVec 0.9.8 (git b412dd0, Maven Central)",0.30617115600034595
uob,maybridge-0138-309483739,CC(C)(C)OC(=O)N1CCN(c2ccc(CO)cn2)CC1,,,,"MolVec 0.9.8 (git b412dd0, Maven Central)",0.2918343599885702
uob,maybridge-0138-472428623,CC(C)(C)OC(=O)N1CCN(c2ccc(C=O)cc2)CC1,,,,"MolVec 0.9.8 (git b412dd0, Maven Central)",0.28573049209080637
uob,maybridge-0138-671790656,CC(C)(C)OC(=O)N1CCN(c2ccccc2CO)CC1,,,,"MolVec 0.9.8 (git b412dd0, Maven Central)",0.239218195900321
uob,maybridge-0138-759700636,CC(C)(C)OC(=O)N1CCN(Cc2cccc(N)c2)CC1,,,,"MolVec 0.9.8 (git b412dd0, Maven Central)",0.40439300099387765
uob,maybridge-0138-962620022,CC(C)(C)OC(=O)N1CCN(c2ccc(CN)cc2)CC1,,,,"MolVec 0.9.8 (git b412dd0, Maven Central)",0.3201175758149475
uob,maybridge-0139-176593477,CNCc1ccc(N2CCN(C(=O)OC(C)(C)C)CC2)cc1,,,,"MolVec 0.9.8 (git b412dd0, Maven Central)",0.4454497001133859
uob,maybridge-0139-302762149,CC(C)(C)OC(=O)N1CCN(c2ccccc2C(=O)O)CC1,,,,"MolVec 0.9.8 (git b412dd0, Maven Central)",0.3468141171615571
uob,maybridge-0139-580917607,CC(C)(C)OC(=O)N1CCN(Cc2ccc(CO)cc2)CC1,,,,"MolVec 0.9.8 (git b412dd0, Maven Central)",0.3795920500997454
uob,maybridge-0139-592677007,CC(C)(C)OC(=O)N1CCN(Cc2ccc(C=O)cc2)CC1,,,,"MolVec 0.9.8 (git b412dd0, Maven Central)",0.4778762459754944
uob,maybridge-0139-684695631,CC(C)(C)OC(=O)N1CCN(Cc2cccc(CO)c2)CC1,,,,"MolVec 0.9.8 (git b412dd0, Maven Central)",0.3848184607923031
uob,maybridge-0139-708592450,CC(C)(C)OC(=O)N1CCN(Cc2cccc(C=O)c2)CC1,,,,"MolVec 0.9.8 (git b412dd0, Maven Central)",0.4384004860185087
uob,maybridge-0139-903240647,CC(C)(C)OC(=O)N1CCN(c2ccc(C(=O)O)cc2)CC1,,,,"MolVec 0.9.8 (git b412dd0, Maven Central)",0.4030665159225464
uob,maybridge-0140-142074920,CC(C)(C)OC(=O)N1CCN(Cc2ccc(C(=O)O)cc2)CC1,,,,"MolVec 0.9.8 (git b412dd0, Maven Central)",0.4782135321293026
uob,maybridge-0140-22309971,CNCc1cccc(CN2CCN(C(=O)OC(C)(C)C)CC2)c1,,,,"MolVec 0.9.8 (git b412dd0, Maven Central)",0.472481737844646
uob,maybridge-0140-70748387,CC(C)(C)OC(=O)N1CCN(c2ccc(C(=O)O)cn2)CC1,,,,"MolVec 0.9.8 (git b412dd0, Maven Central)",0.45503828092478216
uob,maybridge-0140-815524112,CC(C)(C)OC(=O)N1CCN(Cc2cccc(C(=O)O)c2)CC1,,,,"MolVec 0.9.8 (git b412dd0, Maven Central)",0.47053729207254946
uob,maybridge-0140-900788794,CC(C)(C)OC(=O)N1CCN(c2cc(C(=O)O)ccn2)CC1,,,,"MolVec 0.9.8 (git b412dd0, Maven Central)",0.470128407003358
uob,maybridge-0140-995676043,COC(=O)c1ccc(N2CCN(C(=O)OC(C)(C)C)CC2)cc1,,,,"MolVec 0.9.8 (git b412dd0, Maven Central)",0.43328510597348213
uob,maybridge-0141-1016733118,CC(C)(C)OC(=O)N1CCN(Cc2ccc(Br)cc2)CC1,,,,"MolVec 0.9.8 (git b412dd0, Maven Central)",0.34177182288840413
uob,maybridge-0141-38188010,COC(=O)c1ccc(CN2CCN(C(=O)OC(C)(C)C)CC2)cc1,,,,"MolVec 0.9.8 (git b412dd0, Maven Central)",0.4813521970063448
uob,maybridge-0141-611291787,CCOC(=O)C1CN(Cc2ccccc2)CCN1Cc1ccccc1,,,,"MolVec 0.9.8 (git b412dd0, Maven Central)",0.448571759974584
uob,maybridge-0141-700302014,N=C(N)N1CCN(Cc2ccccc2)CC1,,,,"MolVec 0.9.8 (git b412dd0, Maven Central)",0.3671400921884924
uob,maybridge-0141-712787784,CC(C)(C)OC(=O)N1CCN(Cc2cccc([N+](=O)[O-])c2)CC1,,,,"MolVec 0.9.8 (git b412dd0, Maven Central)",0.4283079251181334
uob,maybridge-0141-8503415,c1ccc(CN2CCN(c3cccc4[nH]ccc34)CC2)cc1,,,,"MolVec 0.9.8 (git b412dd0, Maven Central)",0.4945155300665647
uob,maybridge-0141-989576621,C=CCC(=O)N1CCN(C(=C)CCC2c3ccccc3-c3ccccc32)CC1,,,,"MolVec 0.9.8 (git b412dd0, Maven Central)",0.7307884860783815
uob,maybridge-0142-1019593949,C=CCOC(=O)N1CCN(C(=O)OCC2c3ccccc3-c3ccccc32)C(C(=O)O)C1,,,,"MolVec 0.9.8 (git b412dd0, Maven Central)",0.7257686939556152
uob,maybridge-0142-144166687,CC(C)(C)OC(=O)N1CCN(c2ccc(B3OC(C)(C)C(C)(C)O3)cc2)CC1,,,,"MolVec 0.9.8 (git b412dd0, Maven Central)",0.4461022079922259
uob,maybridge-0142-179236102,CC(C)(C)OC(=O)N1CCN(c2ccc(B3OC(C)(C)C(C)(C)O3)cn2)CC1,,,,"MolVec 0.9.8 (git b412dd0, Maven Central)",0.4930911760311574
uob,maybridge-0142-282820173,Cc1ccc(N2CCN(C(=O)OC(C)(C)C)CC2)cc1,,,,"MolVec 0.9.8 (git b412dd0, Maven Central)",0.2677136920392513
uob,maybridge-0142-388932028,Cc1ccc(N2CCN(C(=O)OC(C)(C)C)CC2)nc1,,,,"MolVec 0.9.8 (git b412dd0, Maven Central)",0.29926897096447647
uob,maybridge-0142-583585587,CC(C)(C)OC(=O)N1CCN(C(=O)OCC2c3ccccc3-c3ccccc32)CC1C(=O)O,,,,"MolVec 0.9.8 (git b412dd0, Maven Central)",0.6629774370230734
uob,maybridge-0142-847405087,CC(C)(C)OC(=O)N1CCN(Cc2cccc(I)c2)CC1,,,,"MolVec 0.9.8 (git b412dd0, Maven Central)",0.34303714893758297
uob,maybridge-0143-158767443,OCC1CN(Cc2ccccc2)CCO1,,,,"MolVec 0.9.8 (git b412dd0, Maven Central)",0.24133488489314914
uob,maybridge-0143-240625644,O=S1(=O)CCN(Cc2ccccc2)CC1,,,,"MolVec 0.9.8 (git b412dd0, Maven Central)",0.22139370208606124
uob,maybridge-0143-284729297,CC(C)(C)OC(=O)N1CCSCC1C(=O)O,,,,"MolVec 0.9.8 (git b412dd0, Maven Central)",0.24670661916024983
uob,maybridge-0143-50860845,CC(C)(C)OC(=O)N1CCN(C(=O)OCC2c3ccccc3-c3ccccc32)C(C(=O)O)C1,,,,"MolVec 0.9.8 (git b412dd0, Maven Central)",0.7911043029744178
uob,maybridge-0143-638177537,ClCC1CN(Cc2ccccc2)CCO1,,,,"MolVec 0.9.8 (git b412dd0, Maven Central)",0.2461574710905552
uob,maybridge-0143-779286976,O=C(O)C1CN(Cc2ccccc2)CCO1,,,,"MolVec 0.9.8 (git b412dd0, Maven Central)",0.2849059859290719
uob,maybridge-0143-80094580,NCC1CN(Cc2ccccc2)CCO1,,,,"MolVec 0.9.8 (git b412dd0, Maven Central)",0.23491658899001777
uob,maybridge-0143-956182035,c1ccc(CN2CCCNCC2)cc1,,,,"MolVec 0.9.8 (git b412dd0, Maven Central)",0.2124182099942118
uob,maybridge-0144-1050789302,CC(C)(C)OC(=O)N1CCCN(c2cccc(O)c2)CC1,,,,"MolVec 0.9.8 (git b412dd0, Maven Central)",0.4016432960052043
uob,maybridge-0144-1050978266,NCCNCc1ccccc1,,,,"MolVec 0.9.8 (git b412dd0, Maven Central)",0.12856420199386775
uob,maybridge-0144-1056521218,O=Cc1cc(Br)ccc1OC1CC2CN(Cc3ccccc3)C1C2Br,,,,"MolVec 0.9.8 (git b412dd0, Maven Central)",0.44295084988698363
uob,maybridge-0144-230702425,CCOC(=O)c1c(N)sc2c1CCN(C(=O)OC(C)(C)C)C2,,,,"MolVec 0.9.8 (git b412dd0, Maven Central)",0.4072373090311885
uob,maybridge-0144-236307494,CC(C)(C)OC(=O)N1CCC2(CC1)NC(=O)c1cc(Br)ccc1O2,,,,"MolVec 0.9.8 (git b412dd0, Maven Central)",0.36166673293337226
uob,maybridge-0144-339736934,O=C(OCc1ccccc1)N1c2ccccc2CC1CO,,,,"MolVec 0.9.8 (git b412dd0, Maven Central)",0.40564888692460954
uob,maybridge-0144-504993347,CC(C)(C)OC(=O)N1CCCNCC1,,,,"MolVec 0.9.8 (git b412dd0, Maven Central)",0.21409763395786285
uob,maybridge-0144-592937057,CO12CC(=O)CC1N2CC1=CC=CC=C1,,,,"MolVec 0.9.8 (git b412dd0, Maven Central)",0.2416560200508684
uob,maybridge-0144-774585644,CC(C)(C)OC(=O)N1C2CCC1CC(=O)C2,,,,"MolVec 0.9.8 (git b412dd0, Maven Central)",0.22876193188130856
uob,maybridge-0145-230597201,CC(C)(C)OC(=O)NCCN,,,,"MolVec 0.9.8 (git b412dd0, Maven Central)",0.13890222180634737
uob,maybridge-0145-44806706,CC(C)(C)OC(=O)NCCC(N)=S,,,,"MolVec 0.9.8 (git b412dd0, Maven Central)",0.19827838381752372
uob,maybridge-0145-606493118,CC(C)(C)OC(=O)NCC(N)=S,,,,"MolVec 0.9.8 (git b412dd0, Maven Central)",0.19950856314972043
uob,maybridge-0145-608478785,CC(C)(C)OC(=O)NCCC#N,,,,"MolVec 0.9.8 (git b412dd0, Maven Central)",0.16456621186807752
uob,maybridge-0146-1001748758,Cc1cc(C)c(C=O)[nH]1,,,,"MolVec 0.9.8 (git b412dd0, Maven Central)",0.20368262589909136
uob,maybridge-0146-1051842559,COC(=O)c1c(C)[nH]c(C)c1C=O,,,,"MolVec 0.9.8 (git b412dd0, Maven Central)",0.21323790587484837
uob,maybridge-0146-168910552,CC(=O)c1cc[nH]c1,,,,"MolVec 0.9.8 (git b412dd0, Maven Central)",0.15962921013124287
uob,maybridge-0146-198812009,CCOC(=O)c1[nH]c(C)c(CO)c1C,,,,"MolVec 0.9.8 (git b412dd0, Maven Central)",0.2869641790166497
uob,maybridge-0146-322276804,NNC(=O)c1ccc[nH]1,,,,"MolVec 0.9.8 (git b412dd0, Maven Central)",0.13621841208077967
uob,maybridge-0146-334964556,Cc1cc(C(=O)O)c(C)[nH]1,,,,"MolVec 0.9.8 (git b412dd0, Maven Central)",0.20780131104402244
uob,maybridge-0146-358537844,O=Cc1ccc[nH]1,,,,"MolVec 0.9.8 (git b412dd0, Maven Central)",0.10895308596082032
uob,maybridge-0146-548299272,CCOC(=O)c1[nH]c(C)c(C=O)c1C,,,,"MolVec 0.9.8 (git b412dd0, Maven Central)",0.2436737280804664
uob,maybridge-0146-668208385,COC(=O)c1cc(C)[nH]c1C,,,,"MolVec 0.9.8 (git b412dd0, Maven Central)",0.1885444507934153
uob,maybridge-0146-939773242,CC(=O)c1[nH]c(C)cc1C,,,,"MolVec 0.9.8 (git b412dd0, Maven Central)",0.2715758588165045
uob,maybridge-0147-1002661500,O=[N+]([O-])c1ccn[nH]1,,,,"MolVec 0.9.8 (git b412dd0, Maven Central)",0.11045434512197971
uob,maybridge-0147-120689496,Cc1cc(N)[nH]n1,,,,"MolVec 0.9.8 (git b412dd0, Maven Central)",0.13932773703709245
uob,maybridge-0147-129780843,CCOC(=O)c1[nH]c(C)c(C(C)=O)c1C,,,,"MolVec 0.9.8 (git b412dd0, Maven Central)",0.25491898180916905
uob,maybridge-0147-243004862,Cc1[nH]ncc1CCCN,,,,"MolVec 0.9.8 (git b412dd0, Maven Central)",0.18986285314895213
uob,maybridge-0147-299031815,CC(C)(C)c1cc(N)[nH]n1,,,,"MolVec 0.9.8 (git b412dd0, Maven Central)",0.21631044708192348
uob,maybridge-0147-343738979,Nc1cc(O)[nH]n1,,,,"MolVec 0.9.8 (git b412dd0, Maven Central)",0.15165790007449687
uob,maybridge-0147-450443413,CCOC(=O)c1[nH]c(C)c(S(=O)(=O)Cl)c1C,,,,"MolVec 0.9.8 (git b412dd0, Maven Central)",0.2923509001266211
uob,maybridge-0147-515150703,FC(F)(F)c1cc[nH]n1,,,,"MolVec 0.9.8 (git b412dd0, Maven Central)",0.16151560889557004
uob,maybridge-0147-618970318,Nc1n[nH]cc1C(=O)O,,,,"MolVec 0.9.8 (git b412dd0, Maven Central)",0.2407980808056891
uob,maybridge-0147-7425798,Cc1cc(C(=O)O)n[nH]1,,,,"MolVec 0.9.8 (git b412dd0, Maven Central)",0.2658953578211367
uob,maybridge-0147-74295229,CCOC(=O)c1[nH]c(C)c(Br)c1C,,,,"MolVec 0.9.8 (git b412dd0, Maven Central)",0.22319745598360896
uob,maybridge-0147-989277900,Cc1n[nH]c(C)c1C(=O)O,,,,"MolVec 0.9.8 (git b412dd0, Maven Central)",0.18248828896321356
uob,maybridge-0148-1035602821,c1ccc(-c2cc[nH]n2)cc1,,,,"MolVec 0.9.8 (git b412dd0, Maven Central)",0.24647096497938037
uob,maybridge-0148-260208142,CCOC(=O)c1cc(C)n[nH]1,,,,"MolVec 0.9.8 (git b412dd0, Maven Central)",0.1759046739898622
uob,maybridge-0148-321893557,Nc1cc(-c2cccs2)[nH]n1,,,,"MolVec 0.9.8 (git b412dd0, Maven Central)",0.23074498306959867
uob,maybridge-0148-518478623,CC(=O)c1ccn[nH]1,,,,"MolVec 0.9.8 (git b412dd0, Maven Central)",0.1492013919632882
uob,maybridge-0148-615012432,N#Cc1n[nH]cc1Br,,,,"MolVec 0.9.8 (git b412dd0, Maven Central)",0.1507281749509275
uob,maybridge-0148-653792976,OCc1cc(-c2ccco2)[nH]n1,,,,"MolVec 0.9.8 (git b412dd0, Maven Central)",0.23962730914354324
uob,maybridge-0148-667704728,c1ccc(-c2cc[nH]n2)nc1,,,,"MolVec 0.9.8 (git b412dd0, Maven Central)",0.30459385295398533
uob,maybridge-0148-806453072,Nc1cc(-c2ccccc2)[nH]n1,,,,"MolVec 0.9.8 (git b412dd0, Maven Central)",0.2468366459943354
uob,maybridge-0148-874195856,Cc1cc(C(=O)NN)[nH]n1,,,,"MolVec 0.9.8 (git b412dd0, Maven Central)",0.1809678019490093
uob,maybridge-0148-887810912,Nc1cc(-c2ccco2)n[nH]1,,,,"MolVec 0.9.8 (git b412dd0, Maven Central)",0.2522231189068407
uob,maybridge-0148-894050277,Cc1n[nH]cc1Br,,,,"MolVec 0.9.8 (git b412dd0, Maven Central)",0.1187912889290601
uob,maybridge-0148-915543553,CCOC(=O)c1c(C)n[nH]c1C,,,,"MolVec 0.9.8 (git b412dd0, Maven Central)",0.23331681918352842
uob,maybridge-0149-131037747,O=C(O)c1cccc(-c2cc[nH]n2)c1,,,,"MolVec 0.9.8 (git b412dd0, Maven Central)",0.2937118369154632
uob,maybridge-0149-430702738,O=Cc1[nH]ncc1Br,,,,"MolVec 0.9.8 (git b412dd0, Maven Central)",0.1821949330624193
uob,maybridge-0149-464139468,Cc1ccc(-c2cc(N)[nH]n2)cc1,,,,"MolVec 0.9.8 (git b412dd0, Maven Central)",0.3420565689448267
uob,maybridge-0149-509938350,O=C(O)c1cc(-c2ccco2)[nH]n1,,,,"MolVec 0.9.8 (git b412dd0, Maven Central)",0.343804843025282
uob,maybridge-0149-573807673,O=Cc1c[nH]nc1-c1cccs1,,,,"MolVec 0.9.8 (git b412dd0, Maven Central)",0.23777781007811427
uob,maybridge-0149-640470870,Clc1ccc(-c2cc[nH]n2)cc1,,,,"MolVec 0.9.8 (git b412dd0, Maven Central)",0.3049489629920572
uob,maybridge-0149-708761786,O=C(O)c1cc(-c2ccccc2)[nH]n1,,,,"MolVec 0.9.8 (git b412dd0, Maven Central)",0.3293453899677843
uob,maybridge-0149-855937887,OCc1cc(-c2cccs2)[nH]n1,,,,"MolVec 0.9.8 (git b412dd0, Maven Central)",0.2295915859285742
uob,maybridge-0149-873755979,O=Cc1c[nH]nc1-c1ccc(F)cc1,,,,"MolVec 0.9.8 (git b412dd0, Maven Central)",0.3137050620280206
uob,maybridge-0149-87818161,Cc1n[nH]c(C)c1Br,,,,"MolVec 0.9.8 (git b412dd0, Maven Central)",0.12997236708179116
uob,maybridge-0149-887331566,O=Cc1c[nH]nc1-c1ccccc1,,,,"MolVec 0.9.8 (git b412dd0, Maven Central)",0.2782565550878644
uob,maybridge-0150-267834526,Cc1n[nH]c(C)c1-c1ccccc1C(=O)O,,,,"MolVec 0.9.8 (git b412dd0, Maven Central)",0.3285139750223607
uob,maybridge-0150-280485792,O=C(O)c1cc(-c2cccs2)[nH]n1,,,,"MolVec 0.9.8 (git b412dd0, Maven Central)",0.2774508590810001
uob,maybridge-0150-281267569,CSc1cc(-c2ccc(F)cc2)n[nH]1,,,,"MolVec 0.9.8 (git b412dd0, Maven Central)",0.3219110071659088
uob,maybridge-0150-284090190,Nc1cc(-c2ccc(Cl)cc2)n[nH]1,,,,"MolVec 0.9.8 (git b412dd0, Maven Central)",0.3044378710910678
uob,maybridge-0150-348700595,Cc1n[nH]c(C)c1CCBr,,,,"MolVec 0.9.8 (git b412dd0, Maven Central)",0.17606495204381645
uob,maybridge-0150-416707896,O=C(O)c1cc(-c2cccc(O)c2)[nH]n1,,,,"MolVec 0.9.8 (git b412dd0, Maven Central)",0.34462382295168936
uob,maybridge-0150-559868617,CCOC(=O)c1cc(-c2ccco2)[nH]n1,,,,"MolVec 0.9.8 (git b412dd0, Maven Central)",0.3931858208961785
uob,maybridge-0150-57887412,FC(F)(F)c1cc(C(F)(F)F)[nH]n1,,,,"MolVec 0.9.8 (git b412dd0, Maven Central)",0.24743512202985585
uob,maybridge-0150-723770697,CCOC(=O)c1cc(C(C)(C)C)n[nH]1,,,,"MolVec 0.9.8 (git b412dd0, Maven Central)",0.2506121858023107
uob,maybridge-0150-802030069,COc1ccc(-c2n[nH]cc2C=O)cc1,,,,"MolVec 0.9.8 (git b412dd0, Maven Central)",0.3167017640080303
uob,maybridge-0151-101222904,O=Cc1c[nH]cn1,,,,"MolVec 0.9.8 (git b412dd0, Maven Central)",0.16866154200397432
uob,maybridge-0151-1068206116,CSc1ccc([N+](=O)[O-])cc1-c1cc[nH]n1,,,,"MolVec 0.9.8 (git b412dd0, Maven Central)",0.2150683021172881
uob,maybridge-0151-163937856,Cc1nc(C=O)c[nH]1,,,,"MolVec 0.9.8 (git b412dd0, Maven Central)",0.15296391607262194
uob,maybridge-0151-411181785,COc1ccc2cc(-c3ccn[nH]3)ccc2c1,,,,"MolVec 0.9.8 (git b412dd0, Maven Central)",0.4395912808831781
uob,maybridge-0151-461740013,Cc1n[nH]c(C)c1Oc1ccc(Cl)cc1,,,,"MolVec 0.9.8 (git b412dd0, Maven Central)",0.31092605111189187
uob,maybridge-0151-533019777,N#Cc1c(-c2ccc(Cl)cc2)n[nH]c1N,,,,"MolVec 0.9.8 (git b412dd0, Maven Central)",0.340990036027506
uob,maybridge-0151-687677389,O=Cc1c[nH]nc1-c1ccc(NF)cc1,,,,"MolVec 0.9.8 (git b412dd0, Maven Central)",0.3917049509473145
uob,maybridge-0151-780689562,Cc1nc[nH]c1C=O,,,,"MolVec 0.9.8 (git b412dd0, Maven Central)",0.13595325802452862
uob,maybridge-0151-826307195,O=Cc1ncc[nH]1,,,,"MolVec 0.9.8 (git b412dd0, Maven Central)",0.11577903106808662
uob,maybridge-0151-885928056,Nc1[nH]nc(-c2ccccc2)c1Br,,,,"MolVec 0.9.8 (git b412dd0, Maven Central)",0.23529943800531328
uob,maybridge-0151-934026618,CCOC(=O)c1cc(-c2cccs2)[nH]n1,,,,"MolVec 0.9.8 (git b412dd0, Maven Central)",0.30072486214339733
uob,maybridge-0152-1044510284,OCc1ncc[nH]1,,,,"MolVec 0.9.8 (git b412dd0, Maven Central)",0.12012665695510805
uob,maybridge-0152-11370823,CCOC(=O)c1c[nH]c(S)n1,,,,"MolVec 0.9.8 (git b412dd0, Maven Central)",0.19620996597222984
uob,maybridge-0152-337431527,CCc1nc(C)c[nH]1,,,,"MolVec 0.9.8 (git b412dd0, Maven Central)",0.12255518697202206
uob,maybridge-0152-353092046,NC(=S)c1c[nH]cn1,,,,"MolVec 0.9.8 (git b412dd0, Maven Central)",0.16926084295846522
uob,maybridge-0152-407439167,CCCCc1nc(C=O)c[nH]1,,,,"MolVec 0.9.8 (git b412dd0, Maven Central)",0.15451419400051236
uob,maybridge-0152-420347427,O=C(O)c1c[nH]cn1,,,,"MolVec 0.9.8 (git b412dd0, Maven Central)",0.16132128797471523
uob,maybridge-0152-450655379,CCCCc1nc(C=O)c(Cl)[nH]1,,,,"MolVec 0.9.8 (git b412dd0, Maven Central)",0.19817746011540294
uob,maybridge-0152-470605709,OCc1c[nH]cn1,,,,"MolVec 0.9.8 (git b412dd0, Maven Central)",0.1396379938814789
uob,maybridge-0152-622163638,CC(=O)NCCc1c[nH]cn1,,,,"MolVec 0.9.8 (git b412dd0, Maven Central)",0.18404438602738082
uob,maybridge-0152-628991045,Cc1nc(C(N)=S)c[nH]1,,,,"MolVec 0.9.8 (git b412dd0, Maven Central)",0.1689139399677515
uob,maybridge-0152-717811702,CCc1nc(C)c(C=O)[nH]1,,,,"MolVec 0.9.8 (git b412dd0, Maven Central)",0.15161604015156627
uob,maybridge-0152-946331447,CC(=O)c1ncc[nH]1,,,,"MolVec 0.9.8 (git b412dd0, Maven Central)",0.13206301000900567
uob,maybridge-0153-102772916,Cc1cccc2cc[nH]c12,,,,"MolVec 0.9.8 (git b412dd0, Maven Central)",0.29086615797132254
uob,maybridge-0153-342903099,COC(=O)c1cc2occc2[nH]1,,,,"MolVec 0.9.8 (git b412dd0, Maven Central)",0.23701505991630256
uob,maybridge-0153-399286203,CC(C)(C)C1=NNC(=O)C1,,,,"MolVec 0.9.8 (git b412dd0, Maven Central)",0.16344588086940348
uob,maybridge-0153-413667684,Cc1n[nH]c(Br)n1,,,,"MolVec 0.9.8 (git b412dd0, Maven Central)",0.13111408078111708
uob,maybridge-0153-51551230,Cc1nnc(C)[nH]1,,,,"MolVec 0.9.8 (git b412dd0, Maven Central)",0.12241213605739176
uob,maybridge-0153-637545166,CCCCc1nc(CO)c(Cl)[nH]1,,,,"MolVec 0.9.8 (git b412dd0, Maven Central)",0.17761219502426684
uob,maybridge-0153-762299788,O=C(Cl)c1cc2sccc2[nH]1,,,,"MolVec 0.9.8 (git b412dd0, Maven Central)",0.2426807750016451
uob,maybridge-0153-864920914,Cc1nc([N+](=O)[O-])c(Br)[nH]1,,,,"MolVec 0.9.8 (git b412dd0, Maven Central)",0.15147938393056393
uob,maybridge-0153-872645569,O=C(O)c1cc2sccc2[nH]1,,,,"MolVec 0.9.8 (git b412dd0, Maven Central)",0.22328757704235613
uob,maybridge-0153-890420777,CCc1c[nH]c(C)n1,,,,"MolVec 0.9.8 (git b412dd0, Maven Central)",0.12512911297380924
uob,maybridge-0153-946675580,O=C(O)c1c[nH]c(-c2ccccc2)n1,,,,"MolVec 0.9.8 (git b412dd0, Maven Central)",0.3240065861027688
uob,maybridge-0154-119146011,N#Cc1c[nH]c2ccccc12,,,,"MolVec 0.9.8 (git b412dd0, Maven Central)",0.282716428861022
uob,maybridge-0154-28219636,OCc1c[nH]c2ccccc12,,,,"MolVec 0.9.8 (git b412dd0, Maven Central)",0.23664258187636733
uob,maybridge-0154-394406578,O=C(O)c1cccc2cc[nH]c12,,,,"MolVec 0.9.8 (git b412dd0, Maven Central)",0.23597896308638155
uob,maybridge-0154-394709793,O=C(O)Cc1c[nH]c2ccccc12,,,,"MolVec 0.9.8 (git b412dd0, Maven Central)",0.32288000895641744
uob,maybridge-0154-462252465,OCc1cccc2[nH]ccc12,,,,"MolVec 0.9.8 (git b412dd0, Maven Central)",0.24447695910930634
uob,maybridge-0154-474303316,O=C(O)c1cccc2[nH]ccc12,,,,"MolVec 0.9.8 (git b412dd0, Maven Central)",0.24386164895258844
uob,maybridge-0154-624619823,O=C(O)c1c[nH]c2ccccc12,,,,"MolVec 0.9.8 (git b412dd0, Maven Central)",0.307720951968804
uob,maybridge-0154-665471069,Cc1cc2cc(N)ccc2[nH]1,,,,"MolVec 0.9.8 (git b412dd0, Maven Central)",0.20458317594602704
uob,maybridge-0154-719136631,O=[N+]([O-])c1ccc2[nH]ccc2c1,,,,"MolVec 0.9.8 (git b412dd0, Maven Central)",0.21819882793352008
uob,maybridge-0154-803573843,O=Cc1cccc2[nH]ccc12,,,,"MolVec 0.9.8 (git b412dd0, Maven Central)",0.22595236892811954
uob,maybridge-0154-930307871,Cc1[nH]c2ccccc2c1C=O,,,,"MolVec 0.9.8 (git b412dd0, Maven Central)",0.2122980470303446
uob,maybridge-0154-991659677,NNC(=O)c1cccc2cc[nH]c12,,,,"MolVec 0.9.8 (git b412dd0, Maven Central)",0.2953173671849072
uob,maybridge-0155-110968340,COC(=O)c1cc2ccccc2[nH]1,,,,"MolVec 0.9.8 (git b412dd0, Maven Central)",0.32828513300046325
uob,maybridge-0155-163770849,Cc1[nH]c2ccc(C(=O)O)cc2c1C,,,,"MolVec 0.9.8 (git b412dd0, Maven Central)",0.2573950160294771
uob,maybridge-0155-276863674,c1ccc2c(C3CCNCC3)c[nH]c2c1,,,,"MolVec 0.9.8 (git b412dd0, Maven Central)",0.44751359219662845
uob,maybridge-0155-336758691,Brc1cccc2cc[nH]c12,,,,"MolVec 0.9.8 (git b412dd0, Maven Central)",0.1914689210243523
uob,maybridge-0155-409643856,O=Cc1c[nH]c2ccc(Cl)cc12,,,,"MolVec 0.9.8 (git b412dd0, Maven Central)",0.2809970781672746
uob,maybridge-0155-437088973,CC(=O)CCc1c[nH]c2ccccc12,,,,"MolVec 0.9.8 (git b412dd0, Maven Central)",0.27568815485574305
uob,maybridge-0155-471130880,Cc1[nH]c2cc(C(=O)O)ccc2c1C,,,,"MolVec 0.9.8 (git b412dd0, Maven Central)",0.2963856121059507
uob,maybridge-0155-560148281,COC(=O)c1c[nH]c2ccccc12,,,,"MolVec 0.9.8 (git b412dd0, Maven Central)",0.2583971619606018
uob,maybridge-0155-597502451,O=Cc1c[nH]c2ccc([N+](=O)[O-])cc12,,,,"MolVec 0.9.8 (git b412dd0, Maven Central)",0.2591543251182884
uob,maybridge-0155-79368585,Cc1[nH]c2ccc([N+](=O)[O-])cc2c1C=O,,,,"MolVec 0.9.8 (git b412dd0, Maven Central)",0.2605066620744765
uob,maybridge-0155-835815330,O=Cc1c[nH]c2c(C(=O)O)cccc12,,,,"MolVec 0.9.8 (git b412dd0, Maven Central)",0.2537114091683179
uob,maybridge-0155-838309288,COC(=O)c1cccc2cc[nH]c12,,,,"MolVec 0.9.8 (git b412dd0, Maven Central)",0.2892759379465133
uob,maybridge-0156-1064000072,NC(Cc1c[nH]c2ccc(F)cc12)C(=O)O,,,,"MolVec 0.9.8 (git b412dd0, Maven Central)",0.3571134430821985
uob,maybridge-0156-142443494,O=C(O)c1cc2cccc([N+](=O)[O-])c2[nH]1,,,,"MolVec 0.9.8 (git b412dd0, Maven Central)",0.36395562905818224
uob,maybridge-0156-216176267,Cc1ccc2[nH]cc(CCN)c2c1,,,,"MolVec 0.9.8 (git b412dd0, Maven Central)",0.22831060294993222
uob,maybridge-0156-252607602,NC(Cc1c[nH]c2ccc(O)cc12)C(=O)O,,,,"MolVec 0.9.8 (git b412dd0, Maven Central)",0.27637342805974185
uob,maybridge-0156-292668129,COc1ccc2[nH]cc(CCN(C)C)c2c1,,,,"MolVec 0.9.8 (git b412dd0, Maven Central)",0.3464024420827627
uob,maybridge-0156-571266037,O=Cc1c[nH]c2ccc(Br)cc12,,,,"MolVec 0.9.8 (git b412dd0, Maven Central)",0.21675772685557604
uob,maybridge-0156-573658073,NC(Cc1c[nH]c2cc(F)ccc12)C(=O)O,,,,"MolVec 0.9.8 (git b412dd0, Maven Central)",0.32076460798271
uob,maybridge-0156-612214220,COc1ccc2[nH]cc(CN(C)C)c2c1,,,,"MolVec 0.9.8 (git b412dd0, Maven Central)",0.20231884601525962
uob,maybridge-0156-68299287,O=Cc1c[nH]c2cccc(Br)c12,,,,"MolVec 0.9.8 (git b412dd0, Maven Central)",0.2809116770513356
uob,maybridge-0156-704499552,NC(=O)c1c[nH]c2ccc(N)cc12,,,,"MolVec 0.9.8 (git b412dd0, Maven Central)",0.2908849101513624
uob,maybridge-0157-1032051861,CCOC(=O)c1cc2cc(OC(F)(F)F)ccc2[nH]1,,,,"MolVec 0.9.8 (git b412dd0, Maven Central)",0.4339127440471202
uob,maybridge-0157-1033668463,NCc1c[nH]c2ccccc12.O=C(O)C(=O)O,,,,"MolVec 0.9.8 (git b412dd0, Maven Central)",0.36898902989923954
uob,maybridge-0157-172268001,Clc1ccc(-c2cc3ccccc3[nH]2)cc1,,,,"MolVec 0.9.8 (git b412dd0, Maven Central)",0.46245035505853593
uob,maybridge-0157-263948097,O=C(O)c1cc2cc(OCc3ccccc3)ccc2[nH]1,,,,"MolVec 0.9.8 (git b412dd0, Maven Central)",0.6139842420816422
uob,maybridge-0157-278591624,COC(=O)C(C)(N)Cc1c[nH]c2ccccc12,,,,"MolVec 0.9.8 (git b412dd0, Maven Central)",0.3192320300731808
uob,maybridge-0157-416635633,O=Cc1c[nH]c2cc(Br)ccc12,,,,"MolVec 0.9.8 (git b412dd0, Maven Central)",0.23171383095905185
uob,maybridge-0157-557003490,O=Cc1c(-c2ccc(Cl)cc2)[nH]c2ccccc12,,,,"MolVec 0.9.8 (git b412dd0, Maven Central)",0.36872309795580804
uob,maybridge-0157-560591029,CCOC(=O)CSc1c(C)[nH]c2ccccc12,,,,"MolVec 0.9.8 (git b412dd0, Maven Central)",0.3607081980444491
uob,maybridge-0157-666657010,O=C(Cl)c1cc2c(Cl)cc(Cl)cc2[nH]1,,,,"MolVec 0.9.8 (git b412dd0, Maven Central)",0.3707460639998317
uob,maybridge-0157-757918008,O=C(O)c1cc2cc(OC(F)(F)F)ccc2[nH]1,,,,"MolVec 0.9.8 (git b412dd0, Maven Central)",0.41629867721349
uob,maybridge-0157-87318830,O=S(=O)(=O)OC1=CNC2=C1C=CC=C2,,,,"MolVec 0.9.8 (git b412dd0, Maven Central)",0.27719388995319605
uob,maybridge-0158-160552035,O=[N+]([O-])c1ccc2[nH]c(OO)c(-c3ccccc3)c2c1,,,,"MolVec 0.9.8 (git b412dd0, Maven Central)",0.37881574709899724
uob,maybridge-0158-170144560,O=C(O)c1n[nH]c2ccccc12,,,,"MolVec 0.9.8 (git b412dd0, Maven Central)",0.2558674809988588
uob,maybridge-0158-250323063,Brc1ccc2[nH]ncc2c1,,,,"MolVec 0.9.8 (git b412dd0, Maven Central)",0.22332005994394422
uob,maybridge-0158-336614938,CCc1c[nH]c2cc(C(=O)OC)ccc12,,,,"MolVec 0.9.8 (git b412dd0, Maven Central)",0.24366537015885115
uob,maybridge-0158-342982510,c1ccc(CN2CCN(c3cccc4[nH]ccc34)CC2)cc1,,,,"MolVec 0.9.8 (git b412dd0, Maven Central)",0.44975162018090487
uob,maybridge-0158-434044458,CCOC(=O)c1cc2cc(OCc3ccccc3)ccc2[nH]1,,,,"MolVec 0.9.8 (git b412dd0, Maven Central)",0.5495106920134276
uob,maybridge-0158-497065796,CCOC(=O)c1[nH]c2cc(Cl)cc(Cl)c2c1C=O,,,,"MolVec 0.9.8 (git b412dd0, Maven Central)",0.3586510040331632
uob,maybridge-0158-758325746,CN(C)Cc1c[nH]c2ccc(OCc3ccccc3)cc12,,,,"MolVec 0.9.8 (git b412dd0, Maven Central)",0.46040925686247647
uob,maybridge-0158-957251216,Nc1ccc2[nH]ncc2c1,,,,"MolVec 0.9.8 (git b412dd0, Maven Central)",0.20954413595609367
uob,maybridge-0158-975276220,O=[N+]([O-])c1cccc2cn[nH]c12,,,,"MolVec 0.9.8 (git b412dd0, Maven Central)",0.20845934585668147
uob,maybridge-0159-1045965087,COC(=O)c1ccc2[nH]cnc2c1,,,,"MolVec 0.9.8 (git b412dd0, Maven Central)",0.24493280984461308
uob,maybridge-0159-151854548,Nc1ccc2[nH]c(S)nc2c1,,,,"MolVec 0.9.8 (git b412dd0, Maven Central)",0.19349163118749857
uob,maybridge-0159-163867487,COc1ccc2[nH]c(S)nc2c1,,,,"MolVec 0.9.8 (git b412dd0, Maven Central)",0.26709265005774796
uob,maybridge-0159-169427374,Oc1nc2ccccc2[nH]1,,,,"MolVec 0.9.8 (git b412dd0, Maven Central)",0.2375883071217686
uob,maybridge-0159-209581843,Sc1nc2ccccc2[nH]1,,,,"MolVec 0.9.8 (git b412dd0, Maven Central)",0.24081499292515218
uob,maybridge-0159-229497774,Brc1ccc2[nH]cnc2c1,,,,"MolVec 0.9.8 (git b412dd0, Maven Central)",0.18059377186000347
uob,maybridge-0159-473919712,Cc1nc2cc(C(=O)O)ccc2[nH]1,,,,"MolVec 0.9.8 (git b412dd0, Maven Central)",0.24599340301938355
uob,maybridge-0159-55742923,O=C(O)c1nc2ccccc2[nH]1,,,,"MolVec 0.9.8 (git b412dd0, Maven Central)",0.26952764205634594
uob,maybridge-0159-721946579,O=C(O)c1n[nH]c2ccc(Br)cc12,,,,"MolVec 0.9.8 (git b412dd0, Maven Central)",0.24074829113669693
uob,maybridge-0159-779395659,[O-]=[S+]C1=NC2=C(C=CC=C2)N1,,,,"MolVec 0.9.8 (git b412dd0, Maven Central)",0.22438790113665164
uob,maybridge-0159-829607137,Clc1nc2ccccc2[nH]1,,,,"MolVec 0.9.8 (git b412dd0, Maven Central)",0.2361653430853039
uob,maybridge-0159-959983207,Brc1nc2ccccc2[nH]1,,,,"MolVec 0.9.8 (git b412dd0, Maven Central)",0.26874909386970103
uob,maybridge-0160-104723528,FC(F)(F)c1cc(Br)c2nc[nH]c2c1,,,,"MolVec 0.9.8 (git b412dd0, Maven Central)",0.30028609582223
uob,maybridge-0160-1048089496,Sc1nc2cc(Cl)c(Cl)cc2[nH]1,,,,"MolVec 0.9.8 (git b412dd0, Maven Central)",0.31214107386767864
uob,maybridge-0160-326807098,O=Cc1ccc2[nH]cnc2c1,,,,"MolVec 0.9.8 (git b412dd0, Maven Central)",0.16303116595372558
uob,maybridge-0160-360813429,Nc1ccccc1-c1nc2ccccc2[nH]1,,,,"MolVec 0.9.8 (git b412dd0, Maven Central)",0.3215646198950708
uob,maybridge-0160-481549222,OCc1ccc2[nH]cnc2c1,,,,"MolVec 0.9.8 (git b412dd0, Maven Central)",0.21417803294025362
uob,maybridge-0160-537872869,c1ncc2nc[nH]c2n1,,,,"MolVec 0.9.8 (git b412dd0, Maven Central)",0.18540338310413063
uob,maybridge-0160-546429216,FC(F)(F)c1ccc2[nH]c(S)nc2c1,,,,"MolVec 0.9.8 (git b412dd0, Maven Central)",0.312506299931556
uob,maybridge-0160-555611884,O=C(O)c1ccc2[nH]nnc2c1,,,,"MolVec 0.9.8 (git b412dd0, Maven Central)",0.23104950599372387
uob,maybridge-0160-57943738,CNCc1ccc2[nH]cnc2c1.O=C(O)C(=O)O.O=C(O)C(=O)O,,,,"MolVec 0.9.8 (git b412dd0, Maven Central)",0.4352470750454813
uob,maybridge-0160-898486458,OCCCc1nc2cc(CF)ccc2[nH]1,,,,"MolVec 0.9.8 (git b412dd0, Maven Central)",0.3520418570842594
uob,maybridge-0160-920229489,CC(C)(C)OC(=O)c1n[nH]c2nc(F)ccc12,,,,"MolVec 0.9.8 (git b412dd0, Maven Central)",0.3534649130888283
uob,maybridge-0161-246084679,CN(C)c1ncnc2[nH]cnc12,,,,"MolVec 0.9.8 (git b412dd0, Maven Central)",0.2530064240563661
uob,maybridge-0161-327850246,Sc1nc(S)c2nc[nH]c2n1,,,,"MolVec 0.9.8 (git b412dd0, Maven Central)",0.20200377306900918
uob,maybridge-0161-343810503,CCc1n[nH]c2c1C(c1ccccc1)C(C#N)=C(N)O2,,,,"MolVec 0.9.8 (git b412dd0, Maven Central)",0.4343574931845069
uob,maybridge-0161-438117816,C#Cc1c(C)c(CCO)c(=O)n2c1[nH]c1ccccc12,,,,"MolVec 0.9.8 (git b412dd0, Maven Central)",0.37130761286243796
uob,maybridge-0161-500041970,COc1ncnc2[nH]cnc12,,,,"MolVec 0.9.8 (git b412dd0, Maven Central)",0.18575365911237895
uob,maybridge-0161-588735259,Oc1ncnc2[nH]ncc12,,,,"MolVec 0.9.8 (git b412dd0, Maven Central)",0.1737813400104642
uob,maybridge-0161-626229237,O=C(O)c1ccc2[nH]c3c(c2c1)CCCC3,,,,"MolVec 0.9.8 (git b412dd0, Maven Central)",0.28921371418982744
uob,maybridge-0161-674929435,Cc1cc(=O)oc2[nH]nc(C)c12,,,,"MolVec 0.9.8 (git b412dd0, Maven Central)",0.23719787504523993
uob,maybridge-0161-705993546,CSc1nc(N)nc2nc[nH]c12,,,,"MolVec 0.9.8 (git b412dd0, Maven Central)",0.22335677407681942
uob,maybridge-0161-894017624,Brc1ccc2[nH]c3ccccc3c2c1,,,,"MolVec 0.9.8 (git b412dd0, Maven Central)",0.1951917519327253
uob,maybridge-0161-960340356,c1ccc2c(c1)[nH]c1cnccc12,,,,"MolVec 0.9.8 (git b412dd0, Maven Central)",0.33088602498173714
uob,maybridge-0162-1029050392,CSc1ncc(C=O)n1Cc1ccccc1,,,,"MolVec 0.9.8 (git b412dd0, Maven Central)",0.2153532081283629
uob,maybridge-0162-318124214,CCc1c(C)nn(C(=O)OC(C)(C)C)c1C,,,,"MolVec 0.9.8 (git b412dd0, Maven Central)",0.2146448940038681
uob,maybridge-0162-338979714,Cc1nn(C(=O)OC(C)(C)C)c(C)c1C=O,,,,"MolVec 0.9.8 (git b412dd0, Maven Central)",0.22393208486028016
uob,maybridge-0162-432361581,CC(C)(C)c1cc(C(=O)O)n(Cc2ccccc2)n1,,,,"MolVec 0.9.8 (git b412dd0, Maven Central)",0.29967606090940535
uob,maybridge-0162-477117602,OCc1nccn1Cc1ccccc1,,,,"MolVec 0.9.8 (git b412dd0, Maven Central)",0.23086043493822217
uob,maybridge-0162-616251572,O=S1(C2=CC=CC=C2)=O[N+]12C=CC=C2,,,,"MolVec 0.9.8 (git b412dd0, Maven Central)",0.19089507195167243
uob,maybridge-0162-877868049,CSc1ncc(CO)n1Cc1ccccc1,,,,"MolVec 0.9.8 (git b412dd0, Maven Central)",0.23215020610950887
uob,maybridge-0162-950304205,CC(C)(C)c1cc(C(=O)Cl)n(Cc2ccccc2)n1,,,,"MolVec 0.9.8 (git b412dd0, Maven Central)",0.30573013494722545
uob,maybridge-0162-950991623,ClCc1nccn1Cc1ccccc1,,,,"MolVec 0.9.8 (git b412dd0, Maven Central)",0.2500360959675163
uob,maybridge-0163-103004364,O=Cc1cn(Cc2ccccc2)c2ccccc12,,,,"MolVec 0.9.8 (git b412dd0, Maven Central)",0.3748155569192022
uob,maybridge-0163-1053442223,Brc1nc(Br)n(Cc2ccccc2)n1,,,,"MolVec 0.9.8 (git b412dd0, Maven Central)",0.27264033700339496
uob,maybridge-0163-292815497,C=[N+]([O-])c1cnc(SC)n1Cc1ccccc1,,,,"MolVec 0.9.8 (git b412dd0, Maven Central)",0.25432847696356475
uob,maybridge-0163-382358832,COC(=O)c1cc2ccccc2n1C(=O)OC(C)(C)C,,,,"MolVec 0.9.8 (git b412dd0, Maven Central)",0.3549765180796385
uob,maybridge-0163-403177319,Nc1ccc2c(ccn2Cc2ccccc2)c1,,,,"MolVec 0.9.8 (git b412dd0, Maven Central)",0.36988602578639984
uob,maybridge-0163-644500554,Fc1nc(Br)nn1Cc1ccccc1,,,,"MolVec 0.9.8 (git b412dd0, Maven Central)",0.22961963107809424
uob,maybridge-0163-688610918,CC(C)(C)OC(=O)n1c(BO)cc2ccccc21,,,,"MolVec 0.9.8 (git b412dd0, Maven Central)",0.339314040960744
uob,maybridge-0163-732970012,O=Cc1cc2ccccc2n1S(=O)(=O)c1ccccc1,,,,"MolVec 0.9.8 (git b412dd0, Maven Central)",0.39475655811838806
uob,maybridge-0163-900207720,Cc1c(C(=O)O)nnn1Cc1ccccc1,,,,"MolVec 0.9.8 (git b412dd0, Maven Central)",0.2898760628886521
uob,maybridge-0163-96382066,CSc1ncc(C(=O)Cl)n1Cc1ccccc1,,,,"MolVec 0.9.8 (git b412dd0, Maven Central)",0.3046018830500543
uob,maybridge-0164-1010427190,Cc1ccc(S(=O)(=O)n2cc(C=O)c3ccccc32)cc1,,,,"MolVec 0.9.8 (git b412dd0, Maven Central)",0.3054188759997487
uob,maybridge-0164-1042956600,O=Cc1cn(S(=O)(=O)c2ccccc2)c2ccccc12,,,,"MolVec 0.9.8 (git b412dd0, Maven Central)",0.3256553220562637
uob,maybridge-0164-1628169,O=S(=O)(c1ccccc1)n1cc(CO)c2ccccc21,,,,"MolVec 0.9.8 (git b412dd0, Maven Central)",0.3505875919945538
uob,maybridge-0164-300618251,COc1ccc2c(c1)cc(BO)n2C(=O)OC(C)(C)C,,,,"MolVec 0.9.8 (git b412dd0, Maven Central)",0.37131598591804504
uob,maybridge-0164-511035576,O=S1(=O)C2=O(=C(O)C3=CC4=C(C=CC=C4)N31)C=CC=C2,,,,"MolVec 0.9.8 (git b412dd0, Maven Central)",0.42350711999461055
uob,maybridge-0164-872860901,O=S(=O)(c1ccccc1)n1cc(B(O)O)c2ccccc21,,,,"MolVec 0.9.8 (git b412dd0, Maven Central)",0.41810571984387934
uob,maybridge-0164-932051670,O=S(=O)(c1ccccc1)n1c(CO)cc2ccccc21,,,,"MolVec 0.9.8 (git b412dd0, Maven Central)",0.3916619361843914
uob,maybridge-0164-985631614,O=S1(=O)C2=O(BC3=CC4=C(C=CC=C4)N31)C=CC=C2,,,,"MolVec 0.9.8 (git b412dd0, Maven Central)",0.34404613310471177
uob,maybridge-0165-179410317,COC(=O)c1ccc2c(C=O)cn(C(=O)OC(C)(C)C)c2c1,,,,"MolVec 0.9.8 (git b412dd0, Maven Central)",0.4134303289465606
uob,maybridge-0165-284747550,CC(C)(C)OC(=O)n1c(BO)cc2cc(Br)ccc21,,,,"MolVec 0.9.8 (git b412dd0, Maven Central)",0.4461136809550226
uob,maybridge-0165-393332238,O=C(Cl)c1cn(S(=O)(=O)c2ccccc2)c2ccccc12,,,,"MolVec 0.9.8 (git b412dd0, Maven Central)",0.43138340511359274
uob,maybridge-0165-409292138,O=S(=O)(c1ccccc1)n1cc(Br)c2ccccc21,,,,"MolVec 0.9.8 (git b412dd0, Maven Central)",0.3946585711091757
uob,maybridge-0165-622383459,CC(C)(C)OC(=O)n1cc(C(=O)O)c2c(Br)cccc21,,,,"MolVec 0.9.8 (git b412dd0, Maven Central)",0.40235290001146495
uob,maybridge-0165-755311581,O=S(=O)(C1=OC=CC=C1)N1C(CCl)=CC2=C1C=CC=C2,,,,"MolVec 0.9.8 (git b412dd0, Maven Central)",0.415814216947183
uob,maybridge-0165-815295816,Cc1ccc(S(=O)(=O)n2ccc3cc(N)ccc32)cc1,,,,"MolVec 0.9.8 (git b412dd0, Maven Central)",0.3823026770260185
uob,maybridge-0165-889482707,O=C(O)c1cn(S(=O)(=O)c2ccccc2)c2ccccc12,,,,"MolVec 0.9.8 (git b412dd0, Maven Central)",0.4343928520102054
uob,maybridge-0166-1065810709,O=S(=O)(c1ccccc1)n1c(CBr)cc2ccccc21,,,,"MolVec 0.9.8 (git b412dd0, Maven Central)",0.4119872869923711
uob,maybridge-0166-307320677,CC(C)S(C(C)C)(C(C)C)n1ccc2c(B3OC(C)(C)C(C)(C)O3)cccc21,,,,"MolVec 0.9.8 (git b412dd0, Maven Central)",0.4692696430720389
uob,maybridge-0166-310417297,CC(C)[Si](C(C)C)(C(C)C)n1ccc2cc(B3OC(C)(C)C(C)(C)O3)ccc21,,,,"MolVec 0.9.8 (git b412dd0, Maven Central)",0.4984522880986333
uob,maybridge-0166-319130543,CCc1cn(C(=O)OC(C)(C)C)c2cc(C(=O)OC)ccc12,,,,"MolVec 0.9.8 (git b412dd0, Maven Central)",0.4063031389378011
uob,maybridge-0166-439357670,CC(C)S(C(C)C)(C(C)C)n1ccc2cc(Br)ccc21,,,,"MolVec 0.9.8 (git b412dd0, Maven Central)",0.25019864505156875
uob,maybridge-0166-443070334,Cc1ccc(S(=O)(=O)n2cc(/C=C/C(=O)O)c3ccccc32)cc1,,,,"MolVec 0.9.8 (git b412dd0, Maven Central)",0.4356700819917023
uob,maybridge-0166-873157069,CC(C)S(C(C)C)(C(C)C)n1ccc2c(Br)cccc21,,,,"MolVec 0.9.8 (git b412dd0, Maven Central)",0.3319312110543251
uob,maybridge-0166-903010593,CC(C)(C)OC(=O)n1cc(C(=O)O)c2cc(Br)ccc21,,,,"MolVec 0.9.8 (git b412dd0, Maven Central)",0.41311278101056814
uob,maybridge-0167-371393925,CC(C)(C)OC(=O)N1c2ccccc2CC1C(=O)O,,,,"MolVec 0.9.8 (git b412dd0, Maven Central)",0.47234477289021015
uob,maybridge-0167-475177714,O=S(=O)(c1ccccc1)n1ccc2cc(Br)ccc21,,,,"MolVec 0.9.8 (git b412dd0, Maven Central)",0.3632069348823279
uob,maybridge-0167-535740516,COC(=O)C1Cc2ccccc2N1C(=O)OC(C)(C)C,,,,"MolVec 0.9.8 (git b412dd0, Maven Central)",0.38697438896633685
uob,maybridge-0167-675000352,CC(C)(C)OC(=O)N1c2ccccc2CC1CO,,,,"MolVec 0.9.8 (git b412dd0, Maven Central)",0.4324310210067779
uob,maybridge-0167-706209257,CC(C)(C)OC(=O)n1ncc2cc(Br)ccc21,,,,"MolVec 0.9.8 (git b412dd0, Maven Central)",0.3441271148622036
uob,maybridge-0167-88955472,CC(C)(C)OC(=O)n1ncc2cc(B3OC(C)(C)C(C)(C)O3)ccc21,,,,"MolVec 0.9.8 (git b412dd0, Maven Central)",0.5538625828921795
uob,maybridge-0168-1012464461,Cc1nn(C)c(C)c1B1OC(C)(C)C(C)(C)O1,,,,"MolVec 0.9.8 (git b412dd0, Maven Central)",0.23229234502650797
uob,maybridge-0168-103626709,Cc1c(B2OC(C)(C)C(C)(C)O2)cnn1-c1ccccc1,,,,"MolVec 0.9.8 (git b412dd0, Maven Central)",0.3156467848457396
uob,maybridge-0168-121184069,OBc1cccs1,,,,"MolVec 0.9.8 (git b412dd0, Maven Central)",0.12159060081467032
uob,maybridge-0168-157100769,O=Cc1ccc(B(O)O)o1,,,,"MolVec 0.9.8 (git b412dd0, Maven Central)",0.15734147001057863
uob,maybridge-0168-407199559,OBc1ccc(Cl)s1,,,,"MolVec 0.9.8 (git b412dd0, Maven Central)",0.1402645269408822
uob,maybridge-0168-463291814,OB(O)c1ccoc1,,,,"MolVec 0.9.8 (git b412dd0, Maven Central)",0.13872548984363675
uob,maybridge-0168-600478695,Cc1csc(BO)c1,,,,"MolVec 0.9.8 (git b412dd0, Maven Central)",0.16846948093734682
uob,maybridge-0168-662912220,O=C(O)c1ccsc1BO,,,,"MolVec 0.9.8 (git b412dd0, Maven Central)",0.22035986906848848
uob,maybridge-0168-87323748,Cc1ccc(BO)s1,,,,"MolVec 0.9.8 (git b412dd0, Maven Central)",0.1793652179185301
uob,maybridge-0169-1034130261,Cc1onc(-c2ccccc2)c1B(O)O,,,,"MolVec 0.9.8 (git b412dd0, Maven Central)",0.2947273119352758
uob,maybridge-0169-166942656,Cc1nc(-c2ccccc2)sc1B1OC(C)(C)C(C)(C)O1,,,,"MolVec 0.9.8 (git b412dd0, Maven Central)",0.38290249300189316
uob,maybridge-0169-177233857,Cc1nc(-c2ccc(C(F)(F)F)cc2)sc1B1OC(C)(C)C(C)(C)O1,,,,"MolVec 0.9.8 (git b412dd0, Maven Central)",0.531229869928211
uob,maybridge-0169-209721587,OBc1ccc(Br)s1,,,,"MolVec 0.9.8 (git b412dd0, Maven Central)",0.19925546390004456
uob,maybridge-0169-301466034,O=C(O)c1ccc(BO)s1,,,,"MolVec 0.9.8 (git b412dd0, Maven Central)",0.24471545894630253
uob,maybridge-0169-42354286,OB(O)c1ccccc1,,,,"MolVec 0.9.8 (git b412dd0, Maven Central)",0.17106315400451422
uob,maybridge-0169-436566846,Cc1nc(C)c(B2OC(C)(C)C(C)(C)O2)s1,,,,"MolVec 0.9.8 (git b412dd0, Maven Central)",0.23190750600770116
uob,maybridge-0169-750503183,Cc1noc(C)c1B(O)O,,,,"MolVec 0.9.8 (git b412dd0, Maven Central)",0.15608154516667128
uob,maybridge-0169-93741211,Cc1ccccc1B(O)O,,,,"MolVec 0.9.8 (git b412dd0, Maven Central)",0.14720184192992747
uob,maybridge-0169-951583718,OBc1ccc(-c2ccccc2)s1,,,,"MolVec 0.9.8 (git b412dd0, Maven Central)",0.27870996785350144
uob,maybridge-0170-1049328439,O=Cc1ccccc1B(O)O,,,,"MolVec 0.9.8 (git b412dd0, Maven Central)",0.1642014819663018
uob,maybridge-0170-16319166,OB(O)c1ccc(F)cc1,,,,"MolVec 0.9.8 (git b412dd0, Maven Central)",0.14702577097341418
uob,maybridge-0170-17140079,OB(O)c1cccc(O)c1,,,,"MolVec 0.9.8 (git b412dd0, Maven Central)",0.20213621482253075
uob,maybridge-0170-193984768,OB(O)c1ccccc1F,,,,"MolVec 0.9.8 (git b412dd0, Maven Central)",0.1863734999205917
uob,maybridge-0170-198405803,OB(O)c1cccc(F)c1,,,,"MolVec 0.9.8 (git b412dd0, Maven Central)",0.16552350600250065
uob,maybridge-0170-215233855,O=Cc1ccc(B(O)O)cc1,,,,"MolVec 0.9.8 (git b412dd0, Maven Central)",0.1842670280020684
uob,maybridge-0170-242477788,O=Cc1cccc(BO)c1,,,,"MolVec 0.9.8 (git b412dd0, Maven Central)",0.17353801801800728
uob,maybridge-0170-481073719,N#Cc1ccc(B(O)O)cc1,,,,"MolVec 0.9.8 (git b412dd0, Maven Central)",0.1928570109885186
uob,maybridge-0170-519653056,Cc1ccc(B(O)O)cc1C,,,,"MolVec 0.9.8 (git b412dd0, Maven Central)",0.16241569514386356
uob,maybridge-0170-566523864,C=Cc1ccc(B(O)O)cc1,,,,"MolVec 0.9.8 (git b412dd0, Maven Central)",0.15062615904025733
uob,maybridge-0170-577667518,N#Cc1cccc(B(O)O)c1,,,,"MolVec 0.9.8 (git b412dd0, Maven Central)",0.17747982498258352
uob,maybridge-0170-716303005,Cc1ccc(B(O)O)cc1,,,,"MolVec 0.9.8 (git b412dd0, Maven Central)",0.14160612714476883
uob,maybridge-0171-148817082,OB(O)c1ccc(F)c(F)c1,,,,"MolVec 0.9.8 (git b412dd0, Maven Central)",0.1976232989691198
uob,maybridge-0171-326343866,OB(O)c1ccc(F)cc1F,,,,"MolVec 0.9.8 (git b412dd0, Maven Central)",0.16324333800002933
uob,maybridge-0171-427592029,COc1ccc(B(O)O)cc1,,,,"MolVec 0.9.8 (git b412dd0, Maven Central)",0.19547319295816123
uob,maybridge-0171-427870485,OB(O)c1cc(F)ccc1F,,,,"MolVec 0.9.8 (git b412dd0, Maven Central)",0.21584729105234146
uob,maybridge-0171-544556450,OB(O)c1ccccc1Cl,,,,"MolVec 0.9.8 (git b412dd0, Maven Central)",0.2080859150737524
uob,maybridge-0171-580405695,OB(O)c1cccc(Cl)c1,,,,"MolVec 0.9.8 (git b412dd0, Maven Central)",0.20930525101721287
uob,maybridge-0171-585148969,CCc1ccc(B(O)O)cc1,,,,"MolVec 0.9.8 (git b412dd0, Maven Central)",0.15834343107417226
uob,maybridge-0171-611559633,OB(O)c1c(F)cccc1F,,,,"MolVec 0.9.8 (git b412dd0, Maven Central)",0.15129023580811918
uob,maybridge-0171-657858269,Cc1cc(C)cc(B(O)O)c1,,,,"MolVec 0.9.8 (git b412dd0, Maven Central)",0.18342765513807535
uob,maybridge-0171-6815869,OBc1ccc(Cl)cc1,,,,"MolVec 0.9.8 (git b412dd0, Maven Central)",0.1662147839087993
uob,maybridge-0171-995636970,OB(O)c1cccc(F)c1F,,,,"MolVec 0.9.8 (git b412dd0, Maven Central)",0.15757556702010334
uob,maybridge-0172-212053966,CCOc1ccc(B(O)O)cc1,,,,"MolVec 0.9.8 (git b412dd0, Maven Central)",0.17275350098498166
uob,maybridge-0172-35688920,COc1ccc(BO)c(C=O)c1,,,,"MolVec 0.9.8 (git b412dd0, Maven Central)",0.20197773887775838
uob,maybridge-0172-400477676,Cc1cc(C)c(B(O)O)c(C)c1,,,,"MolVec 0.9.8 (git b412dd0, Maven Central)",0.17309312405996025
uob,maybridge-0172-448263066,COC(=O)c1ccc(B(O)O)cc1,,,,"MolVec 0.9.8 (git b412dd0, Maven Central)",0.24218026595190167
uob,maybridge-0172-510400853,CC(=O)c1cccc(B(O)O)c1,,,,"MolVec 0.9.8 (git b412dd0, Maven Central)",0.18698639306239784
uob,maybridge-0172-557050935,CSc1ccc(B(O)O)cc1,,,,"MolVec 0.9.8 (git b412dd0, Maven Central)",0.19950397103093565
uob,maybridge-0172-661735858,COc1ccc(C=O)cc1B(O)O,,,,"MolVec 0.9.8 (git b412dd0, Maven Central)",0.22661257395520806
uob,maybridge-0172-709971191,CC(C)(C)c1ccc(B(O)O)cc1,,,,"MolVec 0.9.8 (git b412dd0, Maven Central)",0.2131327500101179
uob,maybridge-0172-734616994,OB(O)c1ccc(B(O)O)cc1,,,,"MolVec 0.9.8 (git b412dd0, Maven Central)",0.2132506410125643
uob,maybridge-0172-785529701,OB(O)c1cc(F)cc(F)c1,,,,"MolVec 0.9.8 (git b412dd0, Maven Central)",0.19028816907666624
uob,maybridge-0172-871145087,CC(=O)c1ccc(B(O)O)cc1,,,,"MolVec 0.9.8 (git b412dd0, Maven Central)",0.22629343695007265
uob,maybridge-0172-955896825,CSc1cccc(B(O)O)c1,,,,"MolVec 0.9.8 (git b412dd0, Maven Central)",0.17455341084860265
uob,maybridge-0173-1000911966,COc1ccc(B(O)O)c(OC)c1,,,,"MolVec 0.9.8 (git b412dd0, Maven Central)",0.18848272203467786
uob,maybridge-0173-135208475,OB(O)c1cccc(-c2ccccc2)c1,,,,"MolVec 0.9.8 (git b412dd0, Maven Central)",0.24346515792421997
uob,maybridge-0173-211527023,COc1ccc(C=O)c(BO)c1,,,,"MolVec 0.9.8 (git b412dd0, Maven Central)",0.20187853602692485
uob,maybridge-0173-241250584,OB(O)c1cccc(C(F)(F)F)c1,,,,"MolVec 0.9.8 (git b412dd0, Maven Central)",0.1823210660368204
uob,maybridge-0173-386995663,OB(O)c1c(Cl)cccc1Cl,,,,"MolVec 0.9.8 (git b412dd0, Maven Central)",0.19311576802283525
uob,maybridge-0173-474463399,O=Cc1ccc(B2OCCCO2)cc1,,,,"MolVec 0.9.8 (git b412dd0, Maven Central)",0.1966764871031046
uob,maybridge-0173-500978523,CCOC(=O)c1cccc(B(O)O)c1,,,,"MolVec 0.9.8 (git b412dd0, Maven Central)",0.20042250282131135
uob,maybridge-0173-505869336,COc1cccc(OC)c1B(O)O,,,,"MolVec 0.9.8 (git b412dd0, Maven Central)",0.19932070490904152
uob,maybridge-0173-767199000,OB(O)c1ccccc1C(F)(F)F,,,,"MolVec 0.9.8 (git b412dd0, Maven Central)",0.2492988829035312
uob,maybridge-0173-794604063,OB(O)c1ccc(Cl)c(Cl)c1,,,,"MolVec 0.9.8 (git b412dd0, Maven Central)",0.21426801290363073
uob,maybridge-0173-862988584,COc1ccc(OC)c(B(O)O)c1,,,,"MolVec 0.9.8 (git b412dd0, Maven Central)",0.16740105883218348
uob,maybridge-0173-923558510,Nc1cccc([SH](=O)=O)c1,,,,"MolVec 0.9.8 (git b412dd0, Maven Central)",0.2980523849837482
uob,maybridge-0174-197628517,OB(O)c1cccc(OC(F)(F)F)c1,,,,"MolVec 0.9.8 (git b412dd0, Maven Central)",0.17201673099771142
uob,maybridge-0174-214445705,CC(C)OC(=O)c1cccc(B(O)O)c1,,,,"MolVec 0.9.8 (git b412dd0, Maven Central)",0.19144734204746783
uob,maybridge-0174-214794500,OBc1ccc(OC2CCCCO2)cc1,,,,"MolVec 0.9.8 (git b412dd0, Maven Central)",0.19594376790337265
uob,maybridge-0174-260423857,OBc1ccc(N2CCOCC2)cc1,,,,"MolVec 0.9.8 (git b412dd0, Maven Central)",0.24876669701188803
uob,maybridge-0174-32658327,CS(=O)(=O)c1ccc(B(O)O)cc1,,,,"MolVec 0.9.8 (git b412dd0, Maven Central)",0.2126107239164412
uob,maybridge-0174-441342552,OB(O)c1ccc(OC(F)(F)F)cc1,,,,"MolVec 0.9.8 (git b412dd0, Maven Central)",0.18204534705728292
uob,maybridge-0174-485319513,OB(O)c1ccc(-c2cccs2)cc1,,,,"MolVec 0.9.8 (git b412dd0, Maven Central)",0.27014241786673665
uob,maybridge-0174-486587309,OB(O)c1cccc(OCc2ccccc2)c1,,,,"MolVec 0.9.8 (git b412dd0, Maven Central)",0.20916148694232106
uob,maybridge-0174-627454327,OB(O)c1cccc(Br)c1,,,,"MolVec 0.9.8 (git b412dd0, Maven Central)",0.17453695903532207
uob,maybridge-0174-738379370,OB(O)c1ccc(Br)cc1,,,,"MolVec 0.9.8 (git b412dd0, Maven Central)",0.161188110942021
uob,maybridge-0174-985950255,NC(Cc1ccc(B(O)O)cc1)C(=O)O,,,,"MolVec 0.9.8 (git b412dd0, Maven Central)",0.27804342401213944
uob,maybridge-0175-1320082,CC1(C)OB(c2cccc(-n3cccn3)c2)OC1(C)C,,,,"MolVec 0.9.8 (git b412dd0, Maven Central)",0.23878834513016045
uob,maybridge-0175-26987845,OB(O)c1ccc(OCc2ccccc2)c(F)c1,,,,"MolVec 0.9.8 (git b412dd0, Maven Central)",0.30856780195608735
uob,maybridge-0175-287112795,OB(O)c1ccc(OCc2ccccc2)cc1F,,,,"MolVec 0.9.8 (git b412dd0, Maven Central)",0.3034470099955797
uob,maybridge-0175-313160186,CC1(C)OB(c2ccc(N3CCCC3)cc2)OC1(C)C,,,,"MolVec 0.9.8 (git b412dd0, Maven Central)",0.29800971294753253
uob,maybridge-0175-439682122,CC1(C)OB(c2ccc(-c3ccco3)cc2)OC1(C)C,,,,"MolVec 0.9.8 (git b412dd0, Maven Central)",0.3133635059930384
uob,maybridge-0175-593332755,CC1(C)OB(c2cccc(N3CCCC3)c2)OC1(C)C,,,,"MolVec 0.9.8 (git b412dd0, Maven Central)",0.2606532571371645
uob,maybridge-0175-764029995,CCc1cccc(B(O)O)c1,,,,"MolVec 0.9.8 (git b412dd0, Maven Central)",0.16389764100313187
uob,maybridge-0175-772923281,CC1(C)OB(c2ccccc2-c2ccco2)OC1(C)C,,,,"MolVec 0.9.8 (git b412dd0, Maven Central)",0.4120398759841919
uob,maybridge-0175-88261888,Cc1ccc(B(O)O)cc1,,,,"MolVec 0.9.8 (git b412dd0, Maven Central)",0.21066505601629615
uob,maybridge-0175-893720800,CC1(C)OB(c2cccc(-c3ccco3)c2)OC1(C)C,,,,"MolVec 0.9.8 (git b412dd0, Maven Central)",0.2990666211117059
uob,maybridge-0176-1001970030,CC1(C)OB(c2cccc(N3CCCCC3)c2)OC1(C)C,,,,"MolVec 0.9.8 (git b412dd0, Maven Central)",0.2520266359206289
uob,maybridge-0176-1063168715,CC1(C)COB(c2ccccc2CBr)OC1,,,,"MolVec 0.9.8 (git b412dd0, Maven Central)",0.19619066594168544
uob,maybridge-0176-133554977,CC1(C)OB(c2cccc(N3CCOCC3)c2)OC1(C)C,,,,"MolVec 0.9.8 (git b412dd0, Maven Central)",0.2666627778671682
uob,maybridge-0176-343332886,CC1(C)OB(c2ccc(CN3CCCCC3)cc2)OC1(C)C,,,,"MolVec 0.9.8 (git b412dd0, Maven Central)",0.25187040911987424
uob,maybridge-0176-359213278,CC1(C)OB(c2ccc(N3CCCCC3)cc2)OC1(C)C,,,,"MolVec 0.9.8 (git b412dd0, Maven Central)",0.3094985280185938
uob,maybridge-0176-755511793,C[N+](C)(C)Cc1ccc(B(O)O)cc1,,,,"MolVec 0.9.8 (git b412dd0, Maven Central)",0.1976557718589902
uob,maybridge-0176-765839755,CC1(C)OB(c2ccc(CN3CCCC3)cc2)OC1(C)C,,,,"MolVec 0.9.8 (git b412dd0, Maven Central)",0.329937414964661
uob,maybridge-0176-780121955,CC1(C)OB(c2cccc(CN3CCCC3)c2)OC1(C)C,,,,"MolVec 0.9.8 (git b412dd0, Maven Central)",0.24699558387510478
uob,maybridge-0176-797545221,CC1(C)OB(c2cccc(CN3CCCCC3)c2)OC1(C)C,,,,"MolVec 0.9.8 (git b412dd0, Maven Central)",0.23434434994123876
uob,maybridge-0176-904536113,Cc1nc(-c2ccc(B3OC(C)(C)C(C)(C)O3)cc2)cs1,,,,"MolVec 0.9.8 (git b412dd0, Maven Central)",0.3484350380022079
uob,maybridge-0177-319730222,O=B(O)/C=C/C1=CC=CC=C1,,,,"MolVec 0.9.8 (git b412dd0, Maven Central)",0.17037236783653498
uob,maybridge-0177-384816351,OB(O)c1cccnc1,,,,"MolVec 0.9.8 (git b412dd0, Maven Central)",0.16948690195567906
uob,maybridge-0177-460751338,CC(C)(C)OC(=O)N1CCN(c2ccc(B3OC(C)(C)C(C)(C)O3)cc2)CC1,,,,"MolVec 0.9.8 (git b412dd0, Maven Central)",0.5017811148427427
uob,maybridge-0177-760249651,CC1(C)OB(c2cccc(CN3CCOCC3)c2)OC1(C)C,,,,"MolVec 0.9.8 (git b412dd0, Maven Central)",0.30892886710353196
uob,maybridge-0177-791557409,CC1(C)OB(c2ccc(CN3CCOCC3)cc2)OC1(C)C,,,,"MolVec 0.9.8 (git b412dd0, Maven Central)",0.3154206029139459
uob,maybridge-0177-893648000,CC1(C)OB(c2ccccc2CN2CCOCC2)OC1(C)C,,,,"MolVec 0.9.8 (git b412dd0, Maven Central)",0.3595646480098367
uob,maybridge-0177-904889265,CC1(C)OB(c2cc(C(F)(F)F)ccc2N2CCOCC2)OC1(C)C,,,,"MolVec 0.9.8 (git b412dd0, Maven Central)",0.40724991308525205
uob,maybridge-0177-925546193,OB(O)c1ccncc1,,,,"MolVec 0.9.8 (git b412dd0, Maven Central)",0.13995678001083434
uob,maybridge-0178-1012949780,OC(O)c1cncnc1,,,,"MolVec 0.9.8 (git b412dd0, Maven Central)",0.20211757184006274
uob,maybridge-0178-130245227,CC(C)(C)OC(=O)N1CCN(c2ccc(B3OC(C)(C)C(C)(C)O3)cn2)CC1,,,,"MolVec 0.9.8 (git b412dd0, Maven Central)",0.4373137359507382
uob,maybridge-0178-538666577,CC(C)(C)Oc1ncc(B(O)O)c(OC(C)(C)C)n1,,,,"MolVec 0.9.8 (git b412dd0, Maven Central)",0.2783491499722004
uob,maybridge-0178-833474830,COc1ccc(B(O)O)cn1,,,,"MolVec 0.9.8 (git b412dd0, Maven Central)",0.19903458189219236
uob,maybridge-0178-835309902,CC1(C)OB(c2ccc(N3CCOCC3)nc2)OC1(C)C,,,,"MolVec 0.9.8 (git b412dd0, Maven Central)",0.29502138611860573
uob,maybridge-0178-893024220,CC1(C)COB(c2cccnc2)OC1,,,,"MolVec 0.9.8 (git b412dd0, Maven Central)",0.19864448998123407
uob,maybridge-0178-914567895,CC1(C)OB(c2ccc(Cl)nc2)OC1(C)C,,,,"MolVec 0.9.8 (git b412dd0, Maven Central)",0.2409312049858272
uob,maybridge-0178-941417848,OB(O)c1cc(Br)cnc1Br,,,,"MolVec 0.9.8 (git b412dd0, Maven Central)",0.2315131868235767
uob,maybridge-0178-944676287,CC1(C)OB(c2ccc(Br)nc2)OC1(C)C,,,,"MolVec 0.9.8 (git b412dd0, Maven Central)",0.23249194491654634
uob,maybridge-0179-1035926528,CC(C)(C)OC(=O)n1c(BO)cc2ccccc21,,,,"MolVec 0.9.8 (git b412dd0, Maven Central)",0.402744626859203
uob,maybridge-0179-311670207,COc1ccc2c(c1)cc(BO)n2C(=O)OC(C)(C)C,,,,"MolVec 0.9.8 (git b412dd0, Maven Central)",0.5042303120717406
uob,maybridge-0179-53374284,CC(C)(C)OC(=O)n1c(BO)cc2cc(Br)ccc21,,,,"MolVec 0.9.8 (git b412dd0, Maven Central)",0.3771732731256634
uob,maybridge-0179-660727841,O=S(=O)(c1ccccc1)n1cc(B(O)O)c2ccccc21,,,,"MolVec 0.9.8 (git b412dd0, Maven Central)",0.4234918490983546
uob,maybridge-0179-829062970,Cn1ccc2c(B3OC(C)(C)C(C)(C)O3)cccc21,,,,"MolVec 0.9.8 (git b412dd0, Maven Central)",0.353320011170581
uob,maybridge-0179-845858782,O=c1[nH]cc(B(O)O)c(=O)[nH]1,,,,"MolVec 0.9.8 (git b412dd0, Maven Central)",0.2021818880457431
uob,maybridge-0179-864647643,Cn1ccc2cc(B3OC(C)(C)C(C)(C)O3)ccc21,,,,"MolVec 0.9.8 (git b412dd0, Maven Central)",0.2785685029812157
uob,maybridge-0179-983792590,O=S1(=O)C2=O(BC3=CC4=C(C=CC=C4)N31)C=CC=C2,,,,"MolVec 0.9.8 (git b412dd0, Maven Central)",0.40016553713940084
uob,maybridge-0180-1048019238,CC(C)(C)OC(=O)n1ncc2cc(B3OC(C)(C)C(C)(C)O3)ccc21,,,,"MolVec 0.9.8 (git b412dd0, Maven Central)",0.3693598669487983
uob,maybridge-0180-1065529322,Cn1ccc2ccc(B3OC(C)(C)C(C)(C)O3)cc21,,,,"MolVec 0.9.8 (git b412dd0, Maven Central)",0.2528026469517499
uob,maybridge-0180-137533616,OB(O)c1ccc2c(c1)CCO2,,,,"MolVec 0.9.8 (git b412dd0, Maven Central)",0.23619766090996563
uob,maybridge-0180-360406116,CC1(C)OB(c2ccc3occc3c2)OC1(C)C,,,,"MolVec 0.9.8 (git b412dd0, Maven Central)",0.2846396849490702
uob,maybridge-0180-631971373,CC(C)[Si](C(C)C)(C(C)C)n1ccc2cc(B3OC(C)(C)C(C)(C)O3)ccc21,,,,"MolVec 0.9.8 (git b412dd0, Maven Central)",0.4864874391350895
uob,maybridge-0180-683697390,OB(O)c1csc2ccccc12,,,,"MolVec 0.9.8 (git b412dd0, Maven Central)",0.283759837038815
uob,maybridge-0180-727454675,OBc1cc2ccccc2s1,,,,"MolVec 0.9.8 (git b412dd0, Maven Central)",0.3092290440108627
uob,maybridge-0180-953434052,CC(C)S(C(C)C)(C(C)C)n1ccc2c(B3OC(C)(C)C(C)(C)O3)cccc21,,,,"MolVec 0.9.8 (git b412dd0, Maven Central)",0.5023061470128596
uob,maybridge-0180-974271841,OB(O)c1cc(Br)cc2c1OCC2,,,,"MolVec 0.9.8 (git b412dd0, Maven Central)",0.20025882893241942
uob,maybridge-0181-1039011440,CC1(C)OB(c2ccc3sccc3c2)OC1(C)C,,,,"MolVec 0.9.8 (git b412dd0, Maven Central)",0.32519942009821534
uob,maybridge-0181-17041139,OB(O)c1cccc2ccccc12,,,,"MolVec 0.9.8 (git b412dd0, Maven Central)",0.18839312298223376
uob,maybridge-0181-202891458,OB(O)c1cnc2ccccc2c1,,,,"MolVec 0.9.8 (git b412dd0, Maven Central)",0.18929686699993908
uob,maybridge-0181-226375573,OB(O)c1ccc2ccccc2c1,,,,"MolVec 0.9.8 (git b412dd0, Maven Central)",0.22205018787644804
uob,maybridge-0181-307935955,Cc1ccc2sc(BO)cc2c1,,,,"MolVec 0.9.8 (git b412dd0, Maven Central)",0.28659496805630624
uob,maybridge-0181-719151678,COC(=O)c1cc2cc(B3OC(C)(C)C(C)(C)O3)ccc2s1,,,,"MolVec 0.9.8 (git b412dd0, Maven Central)",0.34475360508076847
uob,maybridge-0181-853389824,CC1(C)OB(c2scc3c2OCCO3)OC1(C)C,,,,"MolVec 0.9.8 (git b412dd0, Maven Central)",0.2734470039140433
uob,maybridge-0181-915081774,OBc1cccc2cccnc12,,,,"MolVec 0.9.8 (git b412dd0, Maven Central)",0.24472894193604589
uob,maybridge-0181-926778490,OB(O)c1ccc2cc(OCc3ccccc3)ccc2c1,,,,"MolVec 0.9.8 (git b412dd0, Maven Central)",0.3114956871140748
uob,maybridge-0181-967405898,CC1(C)COB(c2cncc3ccccc23)OC1,,,,"MolVec 0.9.8 (git b412dd0, Maven Central)",0.26928893802687526
uob,maybridge-0182-1057143445,CN1CCOc2cc(B3OC(C)(C)C(C)(C)O3)ccc21,,,,"MolVec 0.9.8 (git b412dd0, Maven Central)",0.30841535492800176
uob,maybridge-0182-342784917,CCCCCCB(O)O,,,,"MolVec 0.9.8 (git b412dd0, Maven Central)",0.109049160964787
uob,maybridge-0182-477374731,OB(O)c1ccc2sc3ccccc3c2c1,,,,"MolVec 0.9.8 (git b412dd0, Maven Central)",0.27341683814302087
uob,maybridge-0182-602269246,OB(O)c1cccc2c1oc1ccccc12,,,,"MolVec 0.9.8 (git b412dd0, Maven Central)",0.31897336803376675
uob,maybridge-0182-610150206,OB(O)c1ccc2c(c1)OCCO2,,,,"MolVec 0.9.8 (git b412dd0, Maven Central)",0.22079386794939637
uob,maybridge-0182-655925757,OB(O)c1cccc2c1sc1ccccc12,,,,"MolVec 0.9.8 (git b412dd0, Maven Central)",0.36640997999347746
uob,maybridge-0182-680716719,OB(O)c1cccc2c1Sc1ccccc1S2,,,,"MolVec 0.9.8 (git b412dd0, Maven Central)",0.24747005407698452
uob,maybridge-0182-892294568,OBc1cccc2c1Oc1ccccc1S2,,,,"MolVec 0.9.8 (git b412dd0, Maven Central)",0.2180321989580989
uob,maybridge-0182-924370721,OB(O)c1ccc2c(c1)OCCCO2,,,,"MolVec 0.9.8 (git b412dd0, Maven Central)",0.2387102539651096
uob,maybridge-0183-1020167955,CN1C([S+]=[O-])=CC=C1C(=O)O,,,,"MolVec 0.9.8 (git b412dd0, Maven Central)",0.24075548211112618
uob,maybridge-0183-1026940131,CC(C)(C)OC(=O)NC1(C(=O)O)CC1,,,,"MolVec 0.9.8 (git b412dd0, Maven Central)",0.21162395901046693
uob,maybridge-0183-234927710,Cc1cc(C(=O)O)c(C)n1C1CC1,,,,"MolVec 0.9.8 (git b412dd0, Maven Central)",0.257412311155349
uob,maybridge-0183-311498010,COC(=O)B1(C)CCC(C(=O)O)C1(C)C,,,,"MolVec 0.9.8 (git b412dd0, Maven Central)",0.25302668008953333
uob,maybridge-0183-319151766,O=C(O)C1CN(C(c2ccccc2)c2ccccc2)C1,,,,"MolVec 0.9.8 (git b412dd0, Maven Central)",0.3567575418855995
uob,maybridge-0183-483054114,Cc1cc(C(=O)O)c(C)[nH]1,,,,"MolVec 0.9.8 (git b412dd0, Maven Central)",0.2152402640786022
uob,maybridge-0183-574952018,Cc1cc(C(=O)O)c(C)n1Cc1cccs1,,,,"MolVec 0.9.8 (git b412dd0, Maven Central)",0.381620978936553
uob,maybridge-0183-619276787,Cc1cc(C(=O)O)c(C)n1C,,,,"MolVec 0.9.8 (git b412dd0, Maven Central)",0.22753953910432756
uob,maybridge-0183-811899395,Cc1cc(C(=O)O)c(C)n1Cc1ccncc1,,,,"MolVec 0.9.8 (git b412dd0, Maven Central)",0.30498778400942683
uob,maybridge-0184-1051958815,Cn1nccc1C(=O)O,,,,"MolVec 0.9.8 (git b412dd0, Maven Central)",0.12998240697197616
uob,maybridge-0184-155356318,Cc1c(C(=O)O)cc(-c2ccccc2)n1CCCN1CCOCC1,,,,"MolVec 0.9.8 (git b412dd0, Maven Central)",0.5197637521196157
uob,maybridge-0184-413984158,Cc1cc(C(=O)O)nn1C,,,,"MolVec 0.9.8 (git b412dd0, Maven Central)",0.24330935697071254
uob,maybridge-0184-455325470,Cc1n[nH]c(C)c1C(=O)O,,,,"MolVec 0.9.8 (git b412dd0, Maven Central)",0.18687843391671777
uob,maybridge-0184-466866186,Cc1cc(C(=O)O)n[nH]1,,,,"MolVec 0.9.8 (git b412dd0, Maven Central)",0.18801955203525722
uob,maybridge-0184-613416985,Cn1ccc(C(=O)O)n1,,,,"MolVec 0.9.8 (git b412dd0, Maven Central)",0.16022867592982948
uob,maybridge-0184-7626934,Cc1c(C(=O)O)cc(-c2ccccc2)n1-c1ccccc1,,,,"MolVec 0.9.8 (git b412dd0, Maven Central)",0.476121025159955
uob,maybridge-0184-810325385,Nc1n[nH]cc1C(=O)O,,,,"MolVec 0.9.8 (git b412dd0, Maven Central)",0.18928841594606638
uob,maybridge-0184-834316788,Cn1cc(NC(=O)OC(C)(C)C)cc1C(=O)O,,,,"MolVec 0.9.8 (git b412dd0, Maven Central)",0.29450175701640546
uob,maybridge-0184-980725853,Cc1cc(C(=O)O)n(C)n1,,,,"MolVec 0.9.8 (git b412dd0, Maven Central)",0.1508192210458219
uob,maybridge-0185-190730326,O=C(O)c1ccnn1-c1ccccc1,,,,"MolVec 0.9.8 (git b412dd0, Maven Central)",0.2656089090742171
uob,maybridge-0185-230345535,O=C(O)c1cc(-c2ccccc2)[nH]n1,,,,"MolVec 0.9.8 (git b412dd0, Maven Central)",0.3027747180312872
uob,maybridge-0185-487672723,CCn1nc(C)cc1C(=O)O,,,,"MolVec 0.9.8 (git b412dd0, Maven Central)",0.18390696495771408
uob,maybridge-0185-586299602,O=C(O)c1cc(-c2ccco2)[nH]n1,,,,"MolVec 0.9.8 (git b412dd0, Maven Central)",0.3313356698490679
uob,maybridge-0185-631735283,Cc1nn(C)c(C)c1C(=O)O,,,,"MolVec 0.9.8 (git b412dd0, Maven Central)",0.21610575099475682
uob,maybridge-0185-719998818,Cn1nc(C(C)(C)C)cc1C(=O)O,,,,"MolVec 0.9.8 (git b412dd0, Maven Central)",0.24149295804090798
uob,maybridge-0185-726553774,Cn1nc(-c2ccco2)cc1C(=O)O,,,,"MolVec 0.9.8 (git b412dd0, Maven Central)",0.31117226486094296
uob,maybridge-0185-742082012,Cc1cc(C(=O)O)n(C(C)(C)C)n1,,,,"MolVec 0.9.8 (git b412dd0, Maven Central)",0.23557230387814343
uob,maybridge-0185-823184915,Cc1nn(C)c(Cl)c1C(=O)O,,,,"MolVec 0.9.8 (git b412dd0, Maven Central)",0.25567841110751033
uob,maybridge-0185-841744502,Cn1nc(C(=O)O)cc1-c1ccco1,,,,"MolVec 0.9.8 (git b412dd0, Maven Central)",0.29658466298133135
uob,maybridge-0186-151595856,Cn1nc(C(=O)O)cc1-c1cccs1,,,,"MolVec 0.9.8 (git b412dd0, Maven Central)",0.27510927408002317
uob,maybridge-0186-184032619,Cn1ncc(C(=O)O)c1-c1ccccc1,,,,"MolVec 0.9.8 (git b412dd0, Maven Central)",0.29306830395944417
uob,maybridge-0186-392837868,Cn1cc(Br)c(C(=O)O)n1,,,,"MolVec 0.9.8 (git b412dd0, Maven Central)",0.1898746150545776
uob,maybridge-0186-423099798,O=C(O)c1cc(-c2cccs2)[nH]n1,,,,"MolVec 0.9.8 (git b412dd0, Maven Central)",0.29369585518725216
uob,maybridge-0186-576681689,C[N+]1=[N+]=C(C(F)(F)F)C(C(=O)O)=C1,,,,"MolVec 0.9.8 (git b412dd0, Maven Central)",0.23876232304610312
uob,maybridge-0186-702423146,Cn1nc(C(=O)O)cc1-c1ccccc1,,,,"MolVec 0.9.8 (git b412dd0, Maven Central)",0.3922996560577303
uob,maybridge-0186-715457207,Cn1nc(-c2cccs2)cc1C(=O)O,,,,"MolVec 0.9.8 (git b412dd0, Maven Central)",0.31059421808458865
uob,maybridge-0186-857086332,Cn1nc(-c2ccccc2)cc1C(=O)O,,,,"MolVec 0.9.8 (git b412dd0, Maven Central)",0.2902851919643581
uob,maybridge-0186-880088001,Cc1c(C(=O)O)cnn1-c1ccccc1,,,,"MolVec 0.9.8 (git b412dd0, Maven Central)",0.27437880588695407
uob,maybridge-0186-977377900,O=C(O)c1cc(-c2cccc(O)c2)[nH]n1,,,,"MolVec 0.9.8 (git b412dd0, Maven Central)",0.3325971451122314
uob,maybridge-0187-229648792,COc1ccc(-n2ncc(C(=O)O)c2C)cc1,,,,"MolVec 0.9.8 (git b412dd0, Maven Central)",0.3637192731257528
uob,maybridge-0187-442873169,CCCc1c(C(=O)O)cnn1-c1ccccc1,,,,"MolVec 0.9.8 (git b412dd0, Maven Central)",0.36840034113265574
uob,maybridge-0187-606187868,Cn1nc(CF)c(C(=O)O)c1Cl,,,,"MolVec 0.9.8 (git b412dd0, Maven Central)",0.27329702000133693
uob,maybridge-0187-608974061,Cc1nn(-c2ccccc2)c(C)c1C(=O)O,,,,"MolVec 0.9.8 (git b412dd0, Maven Central)",0.24579642293974757
uob,maybridge-0187-654731680,Cc1nn(C)c(C(=O)O)c1Br,,,,"MolVec 0.9.8 (git b412dd0, Maven Central)",0.1797661178279668
uob,maybridge-0187-867546033,Cc1ccccc1-n1ncc(C(=O)O)c1C,,,,"MolVec 0.9.8 (git b412dd0, Maven Central)",0.2548673420678824
uob,maybridge-0187-934232824,CCn1nc(C)c(Br)c1C(=O)O,,,,"MolVec 0.9.8 (git b412dd0, Maven Central)",0.21195058710873127
uob,maybridge-0187-934910619,Cc1c(C(=O)O)cnn1-c1ccc(F)cc1,,,,"MolVec 0.9.8 (git b412dd0, Maven Central)",0.3304554889909923
uob,maybridge-0188-1025427586,CCCc1c(C(=O)O)cnn1-c1cc(Cl)cc(Cl)c1,,,,"MolVec 0.9.8 (git b412dd0, Maven Central)",0.3848627789411694
uob,maybridge-0188-244808540,O=C(O)c1cnn(-c2ccc(Cl)cc2)c1C(F)(F)F,,,,"MolVec 0.9.8 (git b412dd0, Maven Central)",0.32698464789427817
uob,maybridge-0188-250095510,O=C(O)c1c[nH]cn1,,,,"MolVec 0.9.8 (git b412dd0, Maven Central)",0.15059427497908473
uob,maybridge-0188-293331136,O=C(O)c1cnn(-c2ccccc2)c1C(F)(F)F,,,,"MolVec 0.9.8 (git b412dd0, Maven Central)",0.30568242096342146
uob,maybridge-0188-372523793,Cc1c(C(=O)O)cnn1-c1ccc(Cl)cc1,,,,"MolVec 0.9.8 (git b412dd0, Maven Central)",0.2988141910172999
uob,maybridge-0188-484626924,O=C(O)c1ncc[nH]1,,,,"MolVec 0.9.8 (git b412dd0, Maven Central)",0.13404072192497551
uob,maybridge-0188-738277107,CC(=O)c1cncn1C,,,,"MolVec 0.9.8 (git b412dd0, Maven Central)",0.1320354249328375
uob,maybridge-0188-96705596,CC(C)(C)c1cc(C(=O)O)n(Cc2ccccc2)n1,,,,"MolVec 0.9.8 (git b412dd0, Maven Central)",0.3112794680055231
uob,maybridge-0188-989000760,CCCc1c(C(=O)O)cnn1-c1ccc(Cl)cc1,,,,"MolVec 0.9.8 (git b412dd0, Maven Central)",0.3078792898450047
uob,maybridge-0189-1065158744,O=C(O)CCn1ccnc1,,,,"MolVec 0.9.8 (git b412dd0, Maven Central)",0.1390522518195212
uob,maybridge-0189-192926406,Cc1c(C(=O)O)nnn1Cc1ccccc1,,,,"MolVec 0.9.8 (git b412dd0, Maven Central)",0.2884848320391029
uob,maybridge-0189-29586677,O=C(O)c1c[nH]c(-c2ccccc2)n1,,,,"MolVec 0.9.8 (git b412dd0, Maven Central)",0.3315540701150894
uob,maybridge-0189-318725260,Cn1c(Br)nc(C(=O)O)c1C(=O)O,,,,"MolVec 0.9.8 (git b412dd0, Maven Central)",0.26096427999436855
uob,maybridge-0189-464889409,Cn1ccnc1C(=O)O,,,,"MolVec 0.9.8 (git b412dd0, Maven Central)",0.1179795591160655
uob,maybridge-0189-676113473,O=C(O)Cn1ccnc1,,,,"MolVec 0.9.8 (git b412dd0, Maven Central)",0.16653594095259905
uob,maybridge-0189-771518421,Cc1nn(-c2ccccc2)nc1C(=O)O,,,,"MolVec 0.9.8 (git b412dd0, Maven Central)",0.2600383860990405
uob,maybridge-0189-809823030,Cn1cnc(C(=O)O)c1,,,,"MolVec 0.9.8 (git b412dd0, Maven Central)",0.21337618911638856
uob,maybridge-0189-834290991,Cc1c(C(=O)O)nnn1-c1cccc(C(F)(F)F)c1,,,,"MolVec 0.9.8 (git b412dd0, Maven Central)",0.337777737993747
uob,maybridge-0189-985470394,CSc1ncc(C(=O)O)n1Cc1ccccc1,,,,"MolVec 0.9.8 (git b412dd0, Maven Central)",0.23830782296136022
uob,maybridge-0190-16207214,O=C(O)c1ccoc1,,,,"MolVec 0.9.8 (git b412dd0, Maven Central)",0.15612003300338984
uob,maybridge-0190-219463229,O=C(O)C1CC(=O)N(Cc2ccco2)C1,,,,"MolVec 0.9.8 (git b412dd0, Maven Central)",0.331910785054788
uob,maybridge-0190-371371626,O=C(O)C1CC(=O)N(Cc2ccc(F)cc2)C1,,,,"MolVec 0.9.8 (git b412dd0, Maven Central)",0.3515604471322149
uob,maybridge-0190-392878545,O=C(O)CCn1cncn1,,,,"MolVec 0.9.8 (git b412dd0, Maven Central)",0.14333882299251854
uob,maybridge-0190-425057245,Cc1cc(C(=O)O)oc1C,,,,"MolVec 0.9.8 (git b412dd0, Maven Central)",0.25894045317545533
uob,maybridge-0190-821020402,Cc1c(C(=O)O)nnn1Cc1ccc(Br)cc1,,,,"MolVec 0.9.8 (git b412dd0, Maven Central)",0.3400075400713831
uob,maybridge-0190-828493079,O=C(O)C1CC(=O)N(Cc2cccs2)C1,,,,"MolVec 0.9.8 (git b412dd0, Maven Central)",0.246366985142231
uob,maybridge-0190-922592012,CC(=O)N1CCCC1C(=O)O,,,,"MolVec 0.9.8 (git b412dd0, Maven Central)",0.17375564109534025
uob,maybridge-0190-944901015,Cc1occc1C(=O)O,,,,"MolVec 0.9.8 (git b412dd0, Maven Central)",0.1880094399675727
uob,maybridge-0190-961398484,CC(C)(C)OC(=O)N1CC(=O)CC1C(=O)O,,,,"MolVec 0.9.8 (git b412dd0, Maven Central)",0.2701850808225572
uob,maybridge-0191-177592753,Cc1ccc(-c2cc(C(=O)O)c(C)o2)cc1,,,,"MolVec 0.9.8 (git b412dd0, Maven Central)",0.31030301889404655
uob,maybridge-0191-190966754,O=C(O)c1ccc(Oc2ccccc2)o1,,,,"MolVec 0.9.8 (git b412dd0, Maven Central)",0.31486444803886116
uob,maybridge-0191-375658044,Cc1cc(C(=O)O)c(C(F)(F)F)o1,,,,"MolVec 0.9.8 (git b412dd0, Maven Central)",0.43790979590266943
uob,maybridge-0191-384627690,O=C(O)c1ccc(Oc2cccnc2)o1,,,,"MolVec 0.9.8 (git b412dd0, Maven Central)",0.37141761905513704
uob,maybridge-0191-442116940,Cc1oc(S(=O)(=O)N(C)C)cc1C(=O)O,,,,"MolVec 0.9.8 (git b412dd0, Maven Central)",0.317354042083025
uob,maybridge-0191-523647092,COc1cccc(-c2ccc(C(=O)O)o2)c1,,,,"MolVec 0.9.8 (git b412dd0, Maven Central)",0.4025980329606682
uob,maybridge-0191-550725354,O=C(O)c1ccc(C#Cc2ccccc2)o1,,,,"MolVec 0.9.8 (git b412dd0, Maven Central)",0.4864996140822768
uob,maybridge-0191-604660103,O=C(O)c1ccc(Br)o1,,,,"MolVec 0.9.8 (git b412dd0, Maven Central)",0.22632147907279432
uob,maybridge-0191-725747440,Cc1oc(-c2ccc(Cl)cc2)cc1C(=O)O,,,,"MolVec 0.9.8 (git b412dd0, Maven Central)",0.4303050232119858
uob,maybridge-0191-886404246,Cc1cc(C(=O)O)c(-c2ccccc2)o1,,,,"MolVec 0.9.8 (git b412dd0, Maven Central)",0.35915694502182305
uob,maybridge-0191-930407079,Cc1oc(-c2ccccc2)cc1C(=O)O,,,,"MolVec 0.9.8 (git b412dd0, Maven Central)",0.3824674629140645
uob,maybridge-0191-977083383,COc1ccc(-c2ccc(C(=O)O)o2)cc1,,,,"MolVec 0.9.8 (git b412dd0, Maven Central)",0.4804071169346571
uob,maybridge-0192-104203990,O=C(O)c1cc(-c2ccc(Cl)cc2)oc1C(F)(F)F,,,,"MolVec 0.9.8 (git b412dd0, Maven Central)",0.4580373950302601
uob,maybridge-0192-109510881,Cc1ccc(C(=O)O)s1,,,,"MolVec 0.9.8 (git b412dd0, Maven Central)",0.18665815005078912
uob,maybridge-0192-271422107,O=C(O)c1ccsc1,,,,"MolVec 0.9.8 (git b412dd0, Maven Central)",0.15909022907726467
uob,maybridge-0192-291690556,Cc1csc(C(=O)O)c1,,,,"MolVec 0.9.8 (git b412dd0, Maven Central)",0.19925550208427012
uob,maybridge-0192-312260521,Cc1oc(S(=O)(=O)N2CCCCC2)cc1C(=O)O,,,,"MolVec 0.9.8 (git b412dd0, Maven Central)",0.2983607829082757
uob,maybridge-0192-578191340,Cc1oc(S(=O)(=O)N2CCOCC2)cc1C(=O)O,,,,"MolVec 0.9.8 (git b412dd0, Maven Central)",0.33472092798911035
uob,maybridge-0192-630631966,COc1cscc1C(=O)O,,,,"MolVec 0.9.8 (git b412dd0, Maven Central)",0.17691357317380607
uob,maybridge-0192-74621171,O=C(O)CCc1ccco1,,,,"MolVec 0.9.8 (git b412dd0, Maven Central)",0.15989263518713415
uob,maybridge-0192-801782703,O=C(O)C1CCCO1,,,,"MolVec 0.9.8 (git b412dd0, Maven Central)",0.1599685971159488
uob,maybridge-0192-819507286,Cc1ccsc1C(=O)O,,,,"MolVec 0.9.8 (git b412dd0, Maven Central)",0.1748768158722669
uob,maybridge-0192-867893244,O=C(O)c1cc(-c2ccc(Br)cc2)oc1C(F)(F)F,,,,"MolVec 0.9.8 (git b412dd0, Maven Central)",0.41522229881957173
uob,maybridge-0193-116493633,O=C(O)c1csc([N+](=O)[O-])c1,,,,"MolVec 0.9.8 (git b412dd0, Maven Central)",0.20713965385220945
uob,maybridge-0193-152023266,O=C(O)c1sccc1-n1cccc1,,,,"MolVec 0.9.8 (git b412dd0, Maven Central)",0.2677479269914329
uob,maybridge-0193-271096461,O=C(O)c1ccc(BO)s1,,,,"MolVec 0.9.8 (git b412dd0, Maven Central)",0.21509328298270702
uob,maybridge-0193-322249342,CSc1ccc(C(=O)O)s1,,,,"MolVec 0.9.8 (git b412dd0, Maven Central)",0.20215254905633628
uob,maybridge-0193-497128787,COc1c(C(=O)O)csc1Cl,,,,"MolVec 0.9.8 (git b412dd0, Maven Central)",0.2438371169846505
uob,maybridge-0193-502072489,O=C(O)c1ccsc1BO,,,,"MolVec 0.9.8 (git b412dd0, Maven Central)",0.24026635591872036
uob,maybridge-0193-507072394,O=C(O)c1ccc(-c2ccccc2)s1,,,,"MolVec 0.9.8 (git b412dd0, Maven Central)",0.3097237029578537
uob,maybridge-0193-578529170,O=C(O)c1sccc1Cl,,,,"MolVec 0.9.8 (git b412dd0, Maven Central)",0.21127452398650348
uob,maybridge-0193-609502226,CC(=O)Nc1ccsc1C(=O)O,,,,"MolVec 0.9.8 (git b412dd0, Maven Central)",0.2590908231213689
uob,maybridge-0193-645992035,CS(=O)(=O)c1ccc(C(=O)O)s1,,,,"MolVec 0.9.8 (git b412dd0, Maven Central)",0.21752302208915353
uob,maybridge-0193-6946358,O=C(O)c1ccc(-c2ccco2)s1,,,,"MolVec 0.9.8 (git b412dd0, Maven Central)",0.2919118870049715
uob,maybridge-0193-854282747,O=C(O)c1ccc(-c2ccccn2)s1,,,,"MolVec 0.9.8 (git b412dd0, Maven Central)",0.2837804320733994
uob,maybridge-0194-1025519084,O=C(O)c1ccc(-c2cccs2)s1,,,,"MolVec 0.9.8 (git b412dd0, Maven Central)",0.2786854668520391
uob,maybridge-0194-1070549927,COc1c(C(=O)O)csc1Br,,,,"MolVec 0.9.8 (git b412dd0, Maven Central)",0.23600933817215264
uob,maybridge-0194-255822080,CC(C)S(=O)(=O)c1csc(C(=O)O)c1N,,,,"MolVec 0.9.8 (git b412dd0, Maven Central)",0.2493094839155674
uob,maybridge-0194-480831615,O=C(O)c1ccc(Br)s1,,,,"MolVec 0.9.8 (git b412dd0, Maven Central)",0.18081882083788514
uob,maybridge-0194-536624017,O=C(O)c1cc(Br)cs1,,,,"MolVec 0.9.8 (git b412dd0, Maven Central)",0.1930947690270841
uob,maybridge-0194-53668528,O=C(O)c1ccsc1Br,,,,"MolVec 0.9.8 (git b412dd0, Maven Central)",0.17940807808190584
uob,maybridge-0194-630811312,O=C(O)c1sccc1Br,,,,"MolVec 0.9.8 (git b412dd0, Maven Central)",0.18428787519223988
uob,maybridge-0194-696085772,Cc1nc(-c2ccc(C(=O)O)s2)cs1,,,,"MolVec 0.9.8 (git b412dd0, Maven Central)",0.2534297998063266
uob,maybridge-0194-895263069,O=C(O)c1ccc(N2CCOCC2)s1,,,,"MolVec 0.9.8 (git b412dd0, Maven Central)",0.28361584013327956
uob,maybridge-0194-967897877,CS(=O)(=O)c1csc(C(=O)O)c1Cl,,,,"MolVec 0.9.8 (git b412dd0, Maven Central)",0.25606943713501096
uob,maybridge-0194-969333779,O=C(O)c1cscc1Sc1ccc(Cl)cc1,,,,"MolVec 0.9.8 (git b412dd0, Maven Central)",0.34581369580700994
uob,maybridge-0195-1040266310,Nc1c(C(=O)O)sc(C(F)(F)F)c1-c1ccccc1,,,,"MolVec 0.9.8 (git b412dd0, Maven Central)",0.45268557593226433
uob,maybridge-0195-251968467,O=C(O)Cc1ccc(C(=O)CCl)s1,,,,"MolVec 0.9.8 (git b412dd0, Maven Central)",0.308679373934865
uob,maybridge-0195-343781191,COc1ccc(-c2c(C(=O)O)sc(SC)c2C#N)cc1,,,,"MolVec 0.9.8 (git b412dd0, Maven Central)",0.40830342401750386
uob,maybridge-0195-372517557,O=C(O)c1ccno1,,,,"MolVec 0.9.8 (git b412dd0, Maven Central)",0.1304988358169794
uob,maybridge-0195-422822274,O=C(O)c1cc(-c2ccccc2)c(C(F)(F)F)s1,,,,"MolVec 0.9.8 (git b412dd0, Maven Central)",0.43930106912739575
uob,maybridge-0195-453507139,O=C(O)CCc1cccs1,,,,"MolVec 0.9.8 (git b412dd0, Maven Central)",0.18572005000896752
uob,maybridge-0195-519805941,Cc1nocc1C(=O)O,,,,"MolVec 0.9.8 (git b412dd0, Maven Central)",0.17746801301836967
uob,maybridge-0195-69090040,Cc1c(S(=O)(=O)c2ccc(Cl)cc2)csc1C(=O)O,,,,"MolVec 0.9.8 (git b412dd0, Maven Central)",0.35414289380423725
uob,maybridge-0195-724741665,O=C(O)c1cscc1S(=O)(=O)c1ccc(Cl)cc1,,,,"MolVec 0.9.8 (git b412dd0, Maven Central)",0.3408927069976926
uob,maybridge-0195-737467535,Nc1c(S(=O)(=O)c2ccccc2)csc1C(=O)O,,,,"MolVec 0.9.8 (git b412dd0, Maven Central)",0.36064901086501777
uob,maybridge-0195-807525082,CSc1sc(C(=O)O)c(-c2ccc(Cl)cc2)c1C#N,,,,"MolVec 0.9.8 (git b412dd0, Maven Central)",0.4074167818762362
uob,maybridge-0196-1024050362,Cc1oncc1C(=O)O,,,,"MolVec 0.9.8 (git b412dd0, Maven Central)",0.16593426885083318
uob,maybridge-0196-1035844019,Cc1onc(-c2ccc(F)cc2)c1C(=O)O,,,,"MolVec 0.9.8 (git b412dd0, Maven Central)",0.3087102461140603
uob,maybridge-0196-169798055,Cc1noc(-c2ccccc2)c1C(=O)O,,,,"MolVec 0.9.8 (git b412dd0, Maven Central)",0.2757117860019207
uob,maybridge-0196-366778621,O=C(O)c1cc(-c2ccco2)on1,,,,"MolVec 0.9.8 (git b412dd0, Maven Central)",0.23698385898023844
uob,maybridge-0196-482500748,Cc1cc(C(=O)O)no1,,,,"MolVec 0.9.8 (git b412dd0, Maven Central)",0.16568658780306578
uob,maybridge-0196-486689474,Cc1cc(-c2onc(C)c2C(=O)O)no1,,,,"MolVec 0.9.8 (git b412dd0, Maven Central)",0.2874730790499598
uob,maybridge-0196-726617057,O=C(O)c1cc(-c2cccs2)on1,,,,"MolVec 0.9.8 (git b412dd0, Maven Central)",0.258667642949149
uob,maybridge-0196-798835496,Cc1noc(C)c1C(=O)O,,,,"MolVec 0.9.8 (git b412dd0, Maven Central)",0.17473897500894964
uob,maybridge-0196-938814830,Cc1nc(-c2cc(C(=O)O)no2)cs1,,,,"MolVec 0.9.8 (git b412dd0, Maven Central)",0.27325716195628047
uob,maybridge-0196-953043795,Cc1onc(-c2ccccc2)c1C(=O)O,,,,"MolVec 0.9.8 (git b412dd0, Maven Central)",0.33432498713955283
uob,maybridge-0196-999825072,O=C(O)c1cc(-c2ccccc2)on1,,,,"MolVec 0.9.8 (git b412dd0, Maven Central)",0.3338302250485867
uob,maybridge-0197-1054598789,Cc1ncoc1C(=O)O,,,,"MolVec 0.9.8 (git b412dd0, Maven Central)",0.1608357261866331
uob,maybridge-0197-286709689,Cc1nc(C(=O)O)c(C)o1,,,,"MolVec 0.9.8 (git b412dd0, Maven Central)",0.24469750910066068
uob,maybridge-0197-327414577,Cc1onc(-c2c(F)cccc2Cl)c1C(=O)O,,,,"MolVec 0.9.8 (git b412dd0, Maven Central)",0.3557702689431608
uob,maybridge-0197-390955178,COc1ccc(-c2ocnc2C(=O)O)cc1,,,,"MolVec 0.9.8 (git b412dd0, Maven Central)",0.339034911012277
uob,maybridge-0197-49874193,Cc1oc(-c2ccccc2)nc1C(=O)O,,,,"MolVec 0.9.8 (git b412dd0, Maven Central)",0.43608008208684623
uob,maybridge-0197-50934919,O=C(O)c1ncoc1-c1ccccc1,,,,"MolVec 0.9.8 (git b412dd0, Maven Central)",0.32997169997543097
uob,maybridge-0197-547578245,Cc1onc(-c2c(Cl)cccc2Cl)c1C(=O)O,,,,"MolVec 0.9.8 (git b412dd0, Maven Central)",0.4150007860735059
uob,maybridge-0197-646115893,COc1ccc(-c2noc(C)c2C(=O)O)cc1,,,,"MolVec 0.9.8 (git b412dd0, Maven Central)",0.4434003431815654
uob,maybridge-0197-761590108,Cc1oc(-c2ccccc2)nc1CC(=O)O,,,,"MolVec 0.9.8 (git b412dd0, Maven Central)",0.3652509469538927
uob,maybridge-0197-886864313,Cc1nnsc1-c1onc(C)c1C(=O)O,,,,"MolVec 0.9.8 (git b412dd0, Maven Central)",0.27624488016590476
uob,maybridge-0198-164960109,Cc1nc(C(=O)O)cs1,,,,"MolVec 0.9.8 (git b412dd0, Maven Central)",0.15140346507541835
uob,maybridge-0198-214981682,Cc1ncsc1C(=O)O,,,,"MolVec 0.9.8 (git b412dd0, Maven Central)",0.14956535887904465
uob,maybridge-0198-234046075,O=C(O)c1csc(-c2cccs2)n1,,,,"MolVec 0.9.8 (git b412dd0, Maven Central)",0.29112414200790226
uob,maybridge-0198-349728731,O=C(O)CCc1nc(-c2ccccc2)c(-c2ccccc2)o1,,,,"MolVec 0.9.8 (git b412dd0, Maven Central)",0.43420595093630254
uob,maybridge-0198-350842091,O=C(O)c1csc(-c2cccnc2)n1,,,,"MolVec 0.9.8 (git b412dd0, Maven Central)",0.23020501201972365
uob,maybridge-0198-358269992,O=C(O)c1cnon1,,,,"MolVec 0.9.8 (git b412dd0, Maven Central)",0.1421244819648564
uob,maybridge-0198-396572833,Cc1ccc(-c2nc(C(=O)O)cs2)cc1,,,,"MolVec 0.9.8 (git b412dd0, Maven Central)",0.3397719629574567
uob,maybridge-0198-673678928,Cc1nc(C)c(C(=O)O)s1,,,,"MolVec 0.9.8 (git b412dd0, Maven Central)",0.16021219012327492
uob,maybridge-0198-691945188,O=C(O)c1csc(-c2ccccc2)n1,,,,"MolVec 0.9.8 (git b412dd0, Maven Central)",0.33532121893949807
uob,maybridge-0198-812309559,O=C(O)c1csc(-c2ccncc2)n1,,,,"MolVec 0.9.8 (git b412dd0, Maven Central)",0.3086453510913998
uob,maybridge-0198-851129650,O=C(O)c1nsc(Cl)c1Cl,,,,"MolVec 0.9.8 (git b412dd0, Maven Central)",0.19999738107435405
uob,maybridge-0199-34044247,Cc1nc(-c2ccccc2)c(C(=O)O)s1,,,,"MolVec 0.9.8 (git b412dd0, Maven Central)",0.3210135188419372
uob,maybridge-0199-434623675,Cc1nc(-c2ccccc2)sc1C(=O)O,,,,"MolVec 0.9.8 (git b412dd0, Maven Central)",0.39149585901759565
uob,maybridge-0199-469031298,Cc1nc(-c2cnccn2)sc1C(=O)O,,,,"MolVec 0.9.8 (git b412dd0, Maven Central)",0.21805610181763768
uob,maybridge-0199-477147341,O=C(O)c1cnc(NCc2ccccc2)s1,,,,"MolVec 0.9.8 (git b412dd0, Maven Central)",0.36204332998022437
uob,maybridge-0199-589256352,O=C(O)c1csc(-c2ccc3c(c2)CCO3)n1,,,,"MolVec 0.9.8 (git b412dd0, Maven Central)",0.3930559139698744
uob,maybridge-0199-602212255,Cc1nc(Br)sc1C(=O)O,,,,"MolVec 0.9.8 (git b412dd0, Maven Central)",0.17466974700801075
uob,maybridge-0199-65132884,Cc1nc(-c2ccc(Cl)cc2)sc1C(=O)O,,,,"MolVec 0.9.8 (git b412dd0, Maven Central)",0.36677339812740684
uob,maybridge-0199-680645122,O=C(O)c1csc(-c2cccc(Cl)c2)n1,,,,"MolVec 0.9.8 (git b412dd0, Maven Central)",0.3559871818870306
uob,maybridge-0199-693681978,Cc1nc(-c2ccc3c(c2)CCO3)sc1C(=O)O,,,,"MolVec 0.9.8 (git b412dd0, Maven Central)",0.3736965770367533
uob,maybridge-0199-816263651,O=C(O)c1csc(-c2ccc(C(F)(F)F)cc2)n1,,,,"MolVec 0.9.8 (git b412dd0, Maven Central)",0.4361761980690062
uob,maybridge-0200-1024995424,Cc1sc(C2CCN(C(=O)OC(C)(C)C)CC2)nc1CC(=O)O,,,,"MolVec 0.9.8 (git b412dd0, Maven Central)",0.45714560709893703
uob,maybridge-0200-1054380842,Cc1nnsc1OO,,,,"MolVec 0.9.8 (git b412dd0, Maven Central)",0.17873676400631666
uob,maybridge-0200-16805186,O=C(O)c1sc(-c2ccccc2)nc1-c1ccccc1,,,,"MolVec 0.9.8 (git b412dd0, Maven Central)",0.3108486710116267
uob,maybridge-0200-283590861,O=C(O)c1csnn1,,,,"MolVec 0.9.8 (git b412dd0, Maven Central)",0.15199422906152904
uob,maybridge-0200-423885403,Cc1nc(CC(=O)O)cs1,,,,"MolVec 0.9.8 (git b412dd0, Maven Central)",0.21997732506133616
uob,maybridge-0200-442966786,Cc1nc(-c2ccc(C(F)(F)F)cc2)sc1C(=O)O,,,,"MolVec 0.9.8 (git b412dd0, Maven Central)",0.48883722606115043
uob,maybridge-0200-455177756,Cc1nc(C2CCN(C(=O)OC(C)(C)C)CC2)sc1C(=O)O,,,,"MolVec 0.9.8 (git b412dd0, Maven Central)",0.3644699470605701
uob,maybridge-0200-47262058,CC(C)(C)OC(=O)N1CCC(c2nc(C(=O)O)cs2)CC1,,,,"MolVec 0.9.8 (git b412dd0, Maven Central)",0.42792066908441484
uob,maybridge-0200-568114041,O=C(O)c1csc(-c2cccc(Cl)c2Cl)n1,,,,"MolVec 0.9.8 (git b412dd0, Maven Central)",0.25700496998615563
uob,maybridge-0200-830444295,Cc1nc(CC(=O)O)c(C)s1,,,,"MolVec 0.9.8 (git b412dd0, Maven Central)",0.1589863789267838
uob,maybridge-0201-441757903,Cc1ccc(C(=O)O)cc1Cl,,,,"MolVec 0.9.8 (git b412dd0, Maven Central)",0.17036894103512168
uob,maybridge-0201-458422809,Cc1cc(Cl)ccc1C(=O)O,,,,"MolVec 0.9.8 (git b412dd0, Maven Central)",0.21424513193778694
uob,maybridge-0201-478498953,O=C(O)C1CSC(c2cccnc2)=N1,,,,"MolVec 0.9.8 (git b412dd0, Maven Central)",0.24996200297027826
uob,maybridge-0201-635635482,C/N=C1\SC(CC(=O)O)C(=O)N1C,,,,"MolVec 0.9.8 (git b412dd0, Maven Central)",0.22515524411574006
uob,maybridge-0201-640066942,O=C(O)c1snnc1-c1ccccc1,,,,"MolVec 0.9.8 (git b412dd0, Maven Central)",0.3066843058913946
uob,maybridge-0201-756670522,O=Cc1cc(C(=O)O)ccc1F,,,,"MolVec 0.9.8 (git b412dd0, Maven Central)",0.25200698617845774
uob,maybridge-0201-809577012,Nc1cccc(F)c1C(=O)O,,,,"MolVec 0.9.8 (git b412dd0, Maven Central)",0.24823164520785213
uob,maybridge-0201-814519556,O=C([O-])CSc1nnc(S)s1,,,,"MolVec 0.9.8 (git b412dd0, Maven Central)",0.2185292940121144
uob,maybridge-0201-820093584,O=Cc1ccc(F)c(C(=O)O)c1,,,,"MolVec 0.9.8 (git b412dd0, Maven Central)",0.23423774912953377
uob,maybridge-0201-919028153,CCNc1ccc(C(=O)O)cc1,,,,"MolVec 0.9.8 (git b412dd0, Maven Central)",0.20047256094403565
uob,maybridge-0201-983617281,Cc1ccc(C(=O)O)c(N)c1,,,,"MolVec 0.9.8 (git b412dd0, Maven Central)",0.21537860413081944
uob,maybridge-0202-310556039,O=C(O)c1ccc(-n2cccc2)cc1,,,,"MolVec 0.9.8 (git b412dd0, Maven Central)",0.23943812493234873
uob,maybridge-0202-317694834,N/C(=N\O)c1cccc(C(=O)O)c1,,,,"MolVec 0.9.8 (git b412dd0, Maven Central)",0.24555408000014722
uob,maybridge-0202-405728036,COc1cc(OC)cc(C(=O)O)c1,,,,"MolVec 0.9.8 (git b412dd0, Maven Central)",0.22064962703734636
uob,maybridge-0202-42680325,O=C(O)c1cccc(-n2cccc2)c1,,,,"MolVec 0.9.8 (git b412dd0, Maven Central)",0.18635492911562324
uob,maybridge-0202-495536514,O=C(O)c1cccc(-c2ccco2)c1,,,,"MolVec 0.9.8 (git b412dd0, Maven Central)",0.24180855695158243
uob,maybridge-0202-551766383,O=C(O)c1ccc(F)c(F)c1F,,,,"MolVec 0.9.8 (git b412dd0, Maven Central)",0.18810244998894632
uob,maybridge-0202-613857599,O=C(O)c1ccc([N+](=O)[O-])cc1F,,,,"MolVec 0.9.8 (git b412dd0, Maven Central)",0.1987933882046491
uob,maybridge-0202-685507786,O=C(O)c1cc(O)ccc1[N+](=O)[O-],,,,"MolVec 0.9.8 (git b412dd0, Maven Central)",0.1958182379603386
uob,maybridge-0202-865517136,O=C(O)c1ccccc1-c1ccco1,,,,"MolVec 0.9.8 (git b412dd0, Maven Central)",0.23073718696832657
uob,maybridge-0202-908776729,O=C(O)c1ccccc1-n1cccc1,,,,"MolVec 0.9.8 (git b412dd0, Maven Central)",0.1860734550282359
uob,maybridge-0202-956848151,Cc1cc(C(=O)O)cc(Cl)c1N,,,,"MolVec 0.9.8 (git b412dd0, Maven Central)",0.23391246609389782
uob,maybridge-0202-980601206,O=C(O)c1ccc(F)c(Cl)c1,,,,"MolVec 0.9.8 (git b412dd0, Maven Central)",0.160515425959602
uob,maybridge-0203-1017526004,O=C(O)c1cccc(-n2cccn2)c1,,,,"MolVec 0.9.8 (git b412dd0, Maven Central)",0.20235383417457342
uob,maybridge-0203-124165833,O=C(O)c1ccccc1-n1cccn1,,,,"MolVec 0.9.8 (git b412dd0, Maven Central)",0.22573213512077928
uob,maybridge-0203-141485373,O=C(O)c1cccc(-c2cc[nH]n2)c1,,,,"MolVec 0.9.8 (git b412dd0, Maven Central)",0.2097265999764204
uob,maybridge-0203-259521061,O=C(O)c1ccc(-n2ccnc2)cc1,,,,"MolVec 0.9.8 (git b412dd0, Maven Central)",0.24308720999397337
uob,maybridge-0203-289503314,O=C(O)c1ccccc1-n1ccnc1,,,,"MolVec 0.9.8 (git b412dd0, Maven Central)",0.20781348505988717
uob,maybridge-0203-396426232,O=C(O)c1cccc(-n2ccnc2)c1,,,,"MolVec 0.9.8 (git b412dd0, Maven Central)",0.19531240919604897
uob,maybridge-0203-498917777,O=C(O)c1cccc(-c2cnco2)c1,,,,"MolVec 0.9.8 (git b412dd0, Maven Central)",0.22251591202802956
uob,maybridge-0203-535376317,O=C(O)c1ccc(-n2cccn2)cc1,,,,"MolVec 0.9.8 (git b412dd0, Maven Central)",0.22374380799010396
uob,maybridge-0203-612793137,O=C(O)c1ccc(-c2cnco2)cc1,,,,"MolVec 0.9.8 (git b412dd0, Maven Central)",0.329399375943467
uob,maybridge-0203-724243465,O=C(O)c1ccc(-n2cncn2)cc1,,,,"MolVec 0.9.8 (git b412dd0, Maven Central)",0.2316020019352436
uob,maybridge-0203-774963140,O=C(O)c1cccc(-n2cncn2)c1,,,,"MolVec 0.9.8 (git b412dd0, Maven Central)",0.20290136407129467
uob,maybridge-0203-941185835,O=C(O)c1ccc(-c2ccco2)cc1,,,,"MolVec 0.9.8 (git b412dd0, Maven Central)",0.2972811399959028
uob,maybridge-0204-1032641497,O=C(O)c1cccc(-c2ccncc2)c1,,,,"MolVec 0.9.8 (git b412dd0, Maven Central)",0.2905557982157916
uob,maybridge-0204-141933690,O=C(O)c1cccc(N2CCCC2)c1,,,,"MolVec 0.9.8 (git b412dd0, Maven Central)",0.20526958699338138
uob,maybridge-0204-229962448,O=C(O)c1cc(Cl)cc(Cl)c1,,,,"MolVec 0.9.8 (git b412dd0, Maven Central)",0.23052059998735785
uob,maybridge-0204-309278222,O=C(O)c1ccc(-c2cccnc2)cc1,,,,"MolVec 0.9.8 (git b412dd0, Maven Central)",0.3046329249627888
uob,maybridge-0204-495078965,O=C(O)c1cccc(-c2cccnc2)c1,,,,"MolVec 0.9.8 (git b412dd0, Maven Central)",0.25711750402115285
uob,maybridge-0204-681756754,O=C(O)c1cc(F)c(F)c(F)c1F,,,,"MolVec 0.9.8 (git b412dd0, Maven Central)",0.18637096020393074
uob,maybridge-0204-68905304,CC(=O)Oc1c(C)cccc1C(=O)O,,,,"MolVec 0.9.8 (git b412dd0, Maven Central)",0.2401235639117658
uob,maybridge-0204-796160901,COC(=O)c1cccc(C(=O)O)c1N,,,,"MolVec 0.9.8 (git b412dd0, Maven Central)",0.245580563088879
uob,maybridge-0204-922907568,O=C(O)c1cccc(-c2ccccn2)c1,,,,"MolVec 0.9.8 (git b412dd0, Maven Central)",0.27515914500690997
uob,maybridge-0204-924381274,O=C(O)c1ccc(-c2ccncc2)cc1,,,,"MolVec 0.9.8 (git b412dd0, Maven Central)",0.31418826105073094
uob,maybridge-0204-963333331,O=C(O)c1ccc(N2CCCC2)cc1,,,,"MolVec 0.9.8 (git b412dd0, Maven Central)",0.2663587180431932
uob,maybridge-0204-982605007,O=C(O)c1ccccc1-c1cccnc1,,,,"MolVec 0.9.8 (git b412dd0, Maven Central)",0.28082807594910264
uob,maybridge-0205-109740051,O=C(O)c1ccccc1Cn1cncn1,,,,"MolVec 0.9.8 (git b412dd0, Maven Central)",0.24832133622840047
uob,maybridge-0205-15359405,O=C(O)c1ccc(Cn2cncn2)cc1,,,,"MolVec 0.9.8 (git b412dd0, Maven Central)",0.2551207810174674
uob,maybridge-0205-173915134,Cc1nc(-c2cccc(C(=O)O)c2)no1,,,,"MolVec 0.9.8 (git b412dd0, Maven Central)",0.2180542079731822
uob,maybridge-0205-347195195,O=C(O)c1ccc(-c2cncnc2)cc1,,,,"MolVec 0.9.8 (git b412dd0, Maven Central)",0.30784516385756433
uob,maybridge-0205-490858104,O=C(O)c1cccc(Cn2cncn2)c1,,,,"MolVec 0.9.8 (git b412dd0, Maven Central)",0.28038568003103137
uob,maybridge-0205-526627807,O=C(O)c1cccc(-c2ncccn2)c1,,,,"MolVec 0.9.8 (git b412dd0, Maven Central)",0.2675945209339261
uob,maybridge-0205-545275685,O=C(O)c1cccc(-c2cncnc2)c1,,,,"MolVec 0.9.8 (git b412dd0, Maven Central)",0.22937178798019886
uob,maybridge-0205-641788020,O=C(O)c1ccc(Cn2cccn2)cc1,,,,"MolVec 0.9.8 (git b412dd0, Maven Central)",0.2927612788043916
uob,maybridge-0205-6496439,O=C(O)c1cccc(Cn2cccn2)c1,,,,"MolVec 0.9.8 (git b412dd0, Maven Central)",0.2377416379749775
uob,maybridge-0205-69029292,NS(=O)(=O)c1ccc(C(=O)O)cc1,,,,"MolVec 0.9.8 (git b412dd0, Maven Central)",0.2622667020186782
uob,maybridge-0205-834889767,Cn1ccc(-c2cccc(C(=O)O)c2)n1,,,,"MolVec 0.9.8 (git b412dd0, Maven Central)",0.23163969698362052
uob,maybridge-0206-174995646,O=C(O)c1cccc(-c2ccsc2)c1,,,,"MolVec 0.9.8 (git b412dd0, Maven Central)",0.2476357608102262
uob,maybridge-0206-265873584,Cc1noc(-c2ccccc2C(=O)O)n1,,,,"MolVec 0.9.8 (git b412dd0, Maven Central)",0.2632811500225216
uob,maybridge-0206-308887349,O=C(O)c1cccc(N2CCCCC2)c1,,,,"MolVec 0.9.8 (git b412dd0, Maven Central)",0.20501632010564208
uob,maybridge-0206-339509330,O=C(O)c1ccc(-c2ccsc2)cc1,,,,"MolVec 0.9.8 (git b412dd0, Maven Central)",0.2667982920538634
uob,maybridge-0206-3564600,O=C(O)c1ccc(CN2CCCC2)cc1,,,,"MolVec 0.9.8 (git b412dd0, Maven Central)",0.22838532598689198
uob,maybridge-0206-390522102,O=C(O)c1ccc(N2CCCCC2)cc1,,,,"MolVec 0.9.8 (git b412dd0, Maven Central)",0.26347670587711036
uob,maybridge-0206-603197777,Cc1noc(-c2ccc(C(=O)O)cc2)n1,,,,"MolVec 0.9.8 (git b412dd0, Maven Central)",0.2744753509759903
uob,maybridge-0206-700599988,O=C(O)c1ccc(-c2cccs2)cc1,,,,"MolVec 0.9.8 (git b412dd0, Maven Central)",0.28970860596746206
uob,maybridge-0206-758077806,O=C(O)c1ccccc1-c1cccs1,,,,"MolVec 0.9.8 (git b412dd0, Maven Central)",0.28341294499114156
uob,maybridge-0206-970374795,O=C(O)c1ccc(-c2nccs2)cc1,,,,"MolVec 0.9.8 (git b412dd0, Maven Central)",0.26677200593985617
uob,maybridge-0206-98149745,Cc1nc(-c2ccc(C(=O)O)cc2)no1,,,,"MolVec 0.9.8 (git b412dd0, Maven Central)",0.3045972620602697
uob,maybridge-0206-991759577,O=C(O)c1ccccc1OC(F)(F)F,,,,"MolVec 0.9.8 (git b412dd0, Maven Central)",0.22613394702784717
uob,maybridge-0207-1028845717,Nc1c(Br)cccc1C(=O)O,,,,"MolVec 0.9.8 (git b412dd0, Maven Central)",0.21437575109302998
uob,maybridge-0207-111620513,O=C(O)c1cccc(Oc2ccccn2)c1,,,,"MolVec 0.9.8 (git b412dd0, Maven Central)",0.2016539741307497
uob,maybridge-0207-156645010,O=C(O)c1ccccc1N1CCOCC1,,,,"MolVec 0.9.8 (git b412dd0, Maven Central)",0.22343332692980766
uob,maybridge-0207-287566782,CC(=O)Nc1cc(Cl)ccc1C(=O)O,,,,"MolVec 0.9.8 (git b412dd0, Maven Central)",0.2181500371079892
uob,maybridge-0207-380588988,O=C(O)c1ccc(-c2csnn2)cc1,,,,"MolVec 0.9.8 (git b412dd0, Maven Central)",0.239029762102291
uob,maybridge-0207-415502671,FC(F)F.O=C(O)c1ccccc1F,,,,"MolVec 0.9.8 (git b412dd0, Maven Central)",0.268668781965971
uob,maybridge-0207-479390220,O=C(O)c1ccc(N2CCOCC2)cc1,,,,"MolVec 0.9.8 (git b412dd0, Maven Central)",0.22844996489584446
uob,maybridge-0207-483924699,O=C(O)c1ccc(Oc2ccccn2)cc1,,,,"MolVec 0.9.8 (git b412dd0, Maven Central)",0.24827178404666483
uob,maybridge-0207-491541740,Cc1ccc(C)n1-c1ccccc1C(=O)O,,,,"MolVec 0.9.8 (git b412dd0, Maven Central)",0.2471902440302074
uob,maybridge-0207-495576569,O=C(O)c1cccc(N2CCOCC2)c1,,,,"MolVec 0.9.8 (git b412dd0, Maven Central)",0.2184019039850682
uob,maybridge-0207-553422313,CN(C)CCOc1ccccc1C(=O)O,,,,"MolVec 0.9.8 (git b412dd0, Maven Central)",0.22765206079930067
uob,maybridge-0207-956868079,Nc1ccc(Br)cc1C(=O)O,,,,"MolVec 0.9.8 (git b412dd0, Maven Central)",0.197553665144369
uob,maybridge-0208-104203990,Cc1cc(C)n(-c2ccc(C(=O)O)cc2)n1,,,,"MolVec 0.9.8 (git b412dd0, Maven Central)",0.24872404290363193
uob,maybridge-0208-109510881,CN1CCN(c2ccccc2C(=O)O)CC1,,,,"MolVec 0.9.8 (git b412dd0, Maven Central)",0.18335876893252134
uob,maybridge-0208-237680151,Nc1ccc(C(=O)O)cc1OC(F)(F)F,,,,"MolVec 0.9.8 (git b412dd0, Maven Central)",0.27804938494227827
uob,maybridge-0208-271422107,Cc1nc(-c2ccc(C(=O)O)cc2)cs1,,,,"MolVec 0.9.8 (git b412dd0, Maven Central)",0.3389920280314982
uob,maybridge-0208-291690556,O=C(O)c1ccc(CN2CCCCC2)cc1,,,,"MolVec 0.9.8 (git b412dd0, Maven Central)",0.2279707370325923
uob,maybridge-0208-312260521,O=C(O)c1ccc(-c2ccccc2F)cc1,,,,"MolVec 0.9.8 (git b412dd0, Maven Central)",0.29453895380720496
uob,maybridge-0208-578191340,Cc1n[nH]c(C)c1-c1ccccc1C(=O)O,,,,"MolVec 0.9.8 (git b412dd0, Maven Central)",0.3035216839052737
uob,maybridge-0208-630631966,CN1CCN(c2cccc(C(=O)O)c2)CC1,,,,"MolVec 0.9.8 (git b412dd0, Maven Central)",0.22084209881722927
uob,maybridge-0208-74621171,O=C(O)c1ccc(C(=O)C(F)(F)F)cc1,,,,"MolVec 0.9.8 (git b412dd0, Maven Central)",0.2828647568821907
uob,maybridge-0208-801782703,Cc1nc(-c2cccc(C(=O)O)c2)cs1,,,,"MolVec 0.9.8 (git b412dd0, Maven Central)",0.25620137504301965
uob,maybridge-0208-819507286,CN1CCN(c2ccc(C(=O)O)cc2)CC1,,,,"MolVec 0.9.8 (git b412dd0, Maven Central)",0.24450295907445252
uob,maybridge-0208-867893244,COc1ccc(C(=O)O)c(Cl)c1OC,,,,"MolVec 0.9.8 (git b412dd0, Maven Central)",0.1704570499714464
uob,maybridge-0209-258986885,O=C(O)c1ccccc1CN1CCOCC1,,,,"MolVec 0.9.8 (git b412dd0, Maven Central)",0.22737682494334877
uob,maybridge-0209-391085634,O=Cc1ccc(-c2ccccc2C(=O)O)cc1,,,,"MolVec 0.9.8 (git b412dd0, Maven Central)",0.3264208300970495
uob,maybridge-0209-452729979,O=C(O)c1ccccc1OC1CCOCC1,,,,"MolVec 0.9.8 (git b412dd0, Maven Central)",0.24147342308424413
uob,maybridge-0209-478833904,O=Cc1cccc(-c2cccc(C(=O)O)c2)c1,,,,"MolVec 0.9.8 (git b412dd0, Maven Central)",0.29044607281684875
uob,maybridge-0209-560654361,O=Cc1ccc(-c2ccc(C(=O)O)cc2)cc1,,,,"MolVec 0.9.8 (git b412dd0, Maven Central)",0.31299589993432164
uob,maybridge-0209-635658112,O=Cc1cccc(-c2ccc(C(=O)O)cc2)c1,,,,"MolVec 0.9.8 (git b412dd0, Maven Central)",0.326456330018118
uob,maybridge-0209-66871866,O=C(O)c1cccc(COc2ccccc2)c1,,,,"MolVec 0.9.8 (git b412dd0, Maven Central)",0.21286652679555118
uob,maybridge-0209-739981547,O=C(O)c1ccc(CN2CCOCC2)cc1,,,,"MolVec 0.9.8 (git b412dd0, Maven Central)",0.2648743719328195
uob,maybridge-0209-945521675,O=Cc1ccc(-c2cccc(C(=O)O)c2)cc1,,,,"MolVec 0.9.8 (git b412dd0, Maven Central)",0.2552593320142478
uob,maybridge-0209-951680626,O=Cc1cccc(-c2ccccc2C(=O)O)c1,,,,"MolVec 0.9.8 (git b412dd0, Maven Central)",0.34508572006598115
uob,maybridge-0209-95170525,O=C(O)c1ccc(OC2CCOCC2)cc1,,,,"MolVec 0.9.8 (git b412dd0, Maven Central)",0.23528274684213102
uob,maybridge-0209-959624246,O=Cc1ccccc1-c1ccccc1C(=O)O,,,,"MolVec 0.9.8 (git b412dd0, Maven Central)",0.2846001791767776
uob,maybridge-0210-1039553507,COc1ccc(C(=O)O)cc1OC1CCCC1,,,,"MolVec 0.9.8 (git b412dd0, Maven Central)",0.2755200199317187
uob,maybridge-0210-193762978,Cc1cccc(NC(=O)C(F)(F)F)c1C(=O)O,,,,"MolVec 0.9.8 (git b412dd0, Maven Central)",0.21866553998552263
uob,maybridge-0210-411370806,CC(C)(C)OC(=O)NCc1ccc(C(=O)O)cc1,,,,"MolVec 0.9.8 (git b412dd0, Maven Central)",0.301097430055961
uob,maybridge-0210-430483158,O=C(O)c1cccc(CN2CCCC2)c1,,,,"MolVec 0.9.8 (git b412dd0, Maven Central)",0.24845355399884284
uob,maybridge-0210-45313479,O=C(O)c1ccccc1I,,,,"MolVec 0.9.8 (git b412dd0, Maven Central)",0.1923037499655038
uob,maybridge-0210-574568038,O=C(O)c1cc([N+](=O)[O-])ccc1N1CCOCC1,,,,"MolVec 0.9.8 (git b412dd0, Maven Central)",0.26490267110057175
uob,maybridge-0210-586421963,O=C(O)c1ccc(Cn2ccnc2)cc1,,,,"MolVec 0.9.8 (git b412dd0, Maven Central)",0.3140409020707011
uob,maybridge-0210-721834003,CS(=O)(=O)c1ccc(C(=O)O)c(Cl)c1,,,,"MolVec 0.9.8 (git b412dd0, Maven Central)",0.26458235387690365
uob,maybridge-0210-878135550,O=C(O)c1cccc(Cn2ccnc2)c1,,,,"MolVec 0.9.8 (git b412dd0, Maven Central)",0.2834450430236757
uob,maybridge-0210-944917038,CC(C)(C)OC(=O)Nc1ccc(C(=O)O)cc1,,,,"MolVec 0.9.8 (git b412dd0, Maven Central)",0.22676565288566053
uob,maybridge-0210-948884664,O=C(O)c1ccccc1C(=O)c1ccc(F)cc1,,,,"MolVec 0.9.8 (git b412dd0, Maven Central)",0.2883156358730048
uob,maybridge-0210-962705495,O=C(O)c1cc(S(=O)(=O)Cl)ccc1O,,,,"MolVec 0.9.8 (git b412dd0, Maven Central)",0.2100544930435717
uob,maybridge-0211-15189613,CCOc1c(Nc2ccc(C(=O)O)cc2)c(=O)c1=O,,,,"MolVec 0.9.8 (git b412dd0, Maven Central)",0.32942779501900077
uob,maybridge-0211-192657183,O=C(O)c1ccc(CN2CCS(=O)(=O)CC2)cc1,,,,"MolVec 0.9.8 (git b412dd0, Maven Central)",0.2740426091477275
uob,maybridge-0211-200872611,O=C(O)c1ccc(Cn2cnc3ccccc32)cc1,,,,"MolVec 0.9.8 (git b412dd0, Maven Central)",0.2969248539302498
uob,maybridge-0211-315463061,O=C(O)c1cc(C(F)(F)F)ccc1N1CCOCC1,,,,"MolVec 0.9.8 (git b412dd0, Maven Central)",0.2850030150730163
uob,maybridge-0211-464773695,CN1CCCN(c2ccc(C(=O)O)cc2)CC1,,,,"MolVec 0.9.8 (git b412dd0, Maven Central)",0.31760963099077344
uob,maybridge-0211-588498571,O=C(O)c1cccc(CN2CCOCC2)c1,,,,"MolVec 0.9.8 (git b412dd0, Maven Central)",0.2465833469759673
uob,maybridge-0211-678173263,O=C(O)c1cccc(CN2CCCCC2)c1,,,,"MolVec 0.9.8 (git b412dd0, Maven Central)",0.25034425081685185
uob,maybridge-0211-749712882,O=C(O)c1ccccc1CS(=O)c1ccccc1,,,,"MolVec 0.9.8 (git b412dd0, Maven Central)",0.2706942930817604
uob,maybridge-0211-975420274,Cc1ccc(C(=O)O)cc1O,,,,"MolVec 0.9.8 (git b412dd0, Maven Central)",0.19334812392480671
uob,maybridge-0211-988163233,O=C(O)c1ccc(-n2ccc(C(F)(F)F)n2)cc1,,,,"MolVec 0.9.8 (git b412dd0, Maven Central)",0.40157393319532275
uob,maybridge-0212-261886723,CC(C)(C)OC(=O)N1CCN(c2ccccc2C(=O)O)CC1,,,,"MolVec 0.9.8 (git b412dd0, Maven Central)",0.32598708709701896
uob,maybridge-0212-288614462,Cc1ccc(Sc2ccc(C(=O)O)cc2[N+](=O)[O-])cc1,,,,"MolVec 0.9.8 (git b412dd0, Maven Central)",0.327376795001328
uob,maybridge-0212-454547143,Cc1nn(Cc2cccc(C(=O)O)c2)c(C)c1Br,,,,"MolVec 0.9.8 (git b412dd0, Maven Central)",0.2839101350400597
uob,maybridge-0212-482309694,CN1CCN(Cc2ccc(C(=O)O)cc2)CC1,,,,"MolVec 0.9.8 (git b412dd0, Maven Central)",0.26728125009685755
uob,maybridge-0212-544304965,CC(C)(C)OC(=O)N1CCN(Cc2ccc(C(=O)O)cc2)CC1,,,,"MolVec 0.9.8 (git b412dd0, Maven Central)",0.43372887605801225
uob,maybridge-0212-620703200,O=C(O)c1cccc(I)c1C(=O)O,,,,"MolVec 0.9.8 (git b412dd0, Maven Central)",0.2097138820681721
uob,maybridge-0212-644363184,CC(C)(C)OC(=O)N1CCN(c2ccc(C(=O)O)cc2)CC1,,,,"MolVec 0.9.8 (git b412dd0, Maven Central)",0.3717339870054275
uob,maybridge-0212-645623790,Cc1c(C)c(C)c(C(=O)c2ccccc2C(=O)O)c(C)c1C,,,,"MolVec 0.9.8 (git b412dd0, Maven Central)",0.3962994539178908
uob,maybridge-0212-903606424,Nc1c(Br)cc(Br)cc1C(=O)O,,,,"MolVec 0.9.8 (git b412dd0, Maven Central)",0.27866436587646604
uob,maybridge-0213-117743545,CC(C)(C)OC(=O)N1CCN(Cc2cccc(C(=O)O)c2)CC1,,,,"MolVec 0.9.8 (git b412dd0, Maven Central)",0.4261431118939072
uob,maybridge-0213-167491046,Cc1ccc(C)c(C(O)C(=O)O)c1,,,,"MolVec 0.9.8 (git b412dd0, Maven Central)",0.19267615699209273
uob,maybridge-0213-258802980,O=C(O)c1ccc(S(=O)c2cc(Cl)ccc2Cl)c([N+](=O)[O-])c1,,,,"MolVec 0.9.8 (git b412dd0, Maven Central)",0.3640804151073098
uob,maybridge-0213-460297456,O=C(O)c1cc(Br)c(C(=O)O)cc1Br,,,,"MolVec 0.9.8 (git b412dd0, Maven Central)",0.33211788604967296
uob,maybridge-0213-517602785,CC(C)(C)OC(=O)N1CCC(Oc2ccc(C(=O)O)cc2)CC1,,,,"MolVec 0.9.8 (git b412dd0, Maven Central)",0.436330578988418
uob,maybridge-0213-564878923,Cc1ccc(S(=O)(=O)c2ccc(C(=O)O)cc2[N+](=O)[O-])cc1,,,,"MolVec 0.9.8 (git b412dd0, Maven Central)",0.38907393300905824
uob,maybridge-0213-628193581,C/C(=N\OCc1cccc(C(=O)O)c1)c1ccc(Cl)c(Cl)c1,,,,"MolVec 0.9.8 (git b412dd0, Maven Central)",0.6655366190243512
uob,maybridge-0213-701394251,O=C(O)Cc1ccc(F)cc1,,,,"MolVec 0.9.8 (git b412dd0, Maven Central)",0.14861522079445422
uob,maybridge-0213-779292729,O=C(O)C(O)c1ccccc1,,,,"MolVec 0.9.8 (git b412dd0, Maven Central)",0.16878659604117274
uob,maybridge-0213-838067384,O=C(O)Cc1cc(F)cc(F)c1,,,,"MolVec 0.9.8 (git b412dd0, Maven Central)",0.16960246302187443
uob,maybridge-0214-1000215599,O=C(O)C(c1ccccc1)(c1ccccc1)c1ccccc1,,,,"MolVec 0.9.8 (git b412dd0, Maven Central)",0.3156355849932879
uob,maybridge-0214-1015953626,COc1ccccc1CCC(=O)O,,,,"MolVec 0.9.8 (git b412dd0, Maven Central)",0.19594045099802315
uob,maybridge-0214-132144011,CC(C)(Oc1ccc(C#N)cc1)C(=O)O,,,,"MolVec 0.9.8 (git b412dd0, Maven Central)",0.2320651349145919
uob,maybridge-0214-223886268,O=C(O)Cc1ccc([N+](=O)[O-])cc1,,,,"MolVec 0.9.8 (git b412dd0, Maven Central)",0.2098974830005318
uob,maybridge-0214-271399097,O=C(O)Cc1ccc(Br)cc1,,,,"MolVec 0.9.8 (git b412dd0, Maven Central)",0.15459833713248372
uob,maybridge-0214-526836226,OC1=O(Cl)C2=C(C=CC=C2)C1O,,,,"MolVec 0.9.8 (git b412dd0, Maven Central)",0.21084803389385343
uob,maybridge-0214-536455230,O=C(O)CSc1ccc(F)cc1,,,,"MolVec 0.9.8 (git b412dd0, Maven Central)",0.1686823288910091
uob,maybridge-0214-601072665,O=C(O)Cc1ccc(OC(F)(F)F)cc1,,,,"MolVec 0.9.8 (git b412dd0, Maven Central)",0.1806510181631893
uob,maybridge-0214-632785953,COc1cc(CC(=O)O)c([N+](=O)[O-])cc1OC,,,,"MolVec 0.9.8 (git b412dd0, Maven Central)",0.28767731902189553
uob,maybridge-0214-658406756,O=C(O)Cc1ccccc1[N+](=O)[O-],,,,"MolVec 0.9.8 (git b412dd0, Maven Central)",0.18100290303118527
uob,maybridge-0214-659265833,O=C(O)Cc1cc(C(F)(F)F)cc(C(F)(F)F)c1,,,,"MolVec 0.9.8 (git b412dd0, Maven Central)",0.33098168508149683
uob,maybridge-0214-819417023,O=C(O)/C=C/c1ccccc1[N+](=O)[O-],,,,"MolVec 0.9.8 (git b412dd0, Maven Central)",0.2014694339595735
uob,maybridge-0215-12030990,N=C(N)N[C@@H](Cc1ccccc1)C(=O)O,,,,"MolVec 0.9.8 (git b412dd0, Maven Central)",0.30295382998883724
uob,maybridge-0215-122298759,FC(F)F.O=C(O)CC(CC(=O)O)c1ccccc1,,,,"MolVec 0.9.8 (git b412dd0, Maven Central)",0.38288627099245787
uob,maybridge-0215-430960729,CC(C)(Oc1ccc(C(C)(C)C)cc1)C(=O)O,,,,"MolVec 0.9.8 (git b412dd0, Maven Central)",0.22614795016124845
uob,maybridge-0215-484902425,O=C(O)COc1ccc(OC(F)(F)F)cc1,,,,"MolVec 0.9.8 (git b412dd0, Maven Central)",0.2132847721222788
uob,maybridge-0215-533762703,N[C@@H](Cc1ccc([N+](=O)[O-])cc1)C(=O)O,,,,"MolVec 0.9.8 (git b412dd0, Maven Central)",0.35359734087251127
uob,maybridge-0215-647304980,O=C(O)/C=C/c1ccc(Cl)c([N+](=O)[O-])c1,,,,"MolVec 0.9.8 (git b412dd0, Maven Central)",0.24541881494224072
uob,maybridge-0215-652302505,O=C(O)CCc1ccc(Cl)cc1Cl,,,,"MolVec 0.9.8 (git b412dd0, Maven Central)",0.24014373612590134
uob,maybridge-0215-682948833,CC(=O)N[C@@H](Cc1ccccc1)C(=O)O,,,,"MolVec 0.9.8 (git b412dd0, Maven Central)",0.332414394011721
uob,maybridge-0215-734377063,CC(Oc1ccc(OC(F)(F)F)cc1)C(=O)O,,,,"MolVec 0.9.8 (git b412dd0, Maven Central)",0.22925611003302038
uob,maybridge-0215-781103923,COc1cc(CC(N)C(=O)O)ccc1O,,,,"MolVec 0.9.8 (git b412dd0, Maven Central)",0.23785070702433586
uob,maybridge-0215-829465317,O=C(O)/C=C/c1ccc(OC(F)(F)F)cc1,,,,"MolVec 0.9.8 (git b412dd0, Maven Central)",0.25851138890720904
uob,maybridge-0215-971046717,NC(Cc1ccc(B(O)O)cc1)C(=O)O,,,,"MolVec 0.9.8 (git b412dd0, Maven Central)",0.30555317900143564
uob,maybridge-0216-1054472384,O=C(O)C1CCC(C(F)(F)F)CC1,,,,"MolVec 0.9.8 (git b412dd0, Maven Central)",0.19056054204702377
uob,maybridge-0216-223752481,O=C(O)CCCc1ccc(Br)cc1,,,,"MolVec 0.9.8 (git b412dd0, Maven Central)",0.19871442089788616
uob,maybridge-0216-250601854,O=C(O)CCOC(C(=O)c1ccccc1)c1ccccc1,,,,"MolVec 0.9.8 (git b412dd0, Maven Central)",0.30971510196104646
uob,maybridge-0216-358677381,CC(C)(C)OC(=O)N[C@@H](Cc1cccc(F)c1)C(=O)O,,,,"MolVec 0.9.8 (git b412dd0, Maven Central)",0.36709434003569186
uob,maybridge-0216-449351703,O=C(O)CCC(=O)c1ccc(Br)cc1,,,,"MolVec 0.9.8 (git b412dd0, Maven Central)",0.22609760891646147
uob,maybridge-0216-478532541,O=C(O)CSCCOc1ccccc1,,,,"MolVec 0.9.8 (git b412dd0, Maven Central)",0.18587300088256598
uob,maybridge-0216-496608975,O=C(O)CCOc1ccc(Cl)cc1,,,,"MolVec 0.9.8 (git b412dd0, Maven Central)",0.15160189499147236
uob,maybridge-0216-514747086,O=C(O)C1CCC(c2ccc(Cl)cc2)CC1,,,,"MolVec 0.9.8 (git b412dd0, Maven Central)",0.2970632479991764
uob,maybridge-0216-618559946,CC1(C(=O)O)CCCCC1,,,,"MolVec 0.9.8 (git b412dd0, Maven Central)",0.1399855490308255
uob,maybridge-0216-763438950,CC(C)(C)OC(=O)NC1(C(=O)O)CCCCC1,,,,"MolVec 0.9.8 (git b412dd0, Maven Central)",0.20981656201183796
uob,maybridge-0216-887232327,Cc1ccc(C(=O)CCC(=O)O)cc1,,,,"MolVec 0.9.8 (git b412dd0, Maven Central)",0.2356740280520171
uob,maybridge-0217-120700705,O=C(O)c1ccnc(Cl)c1,,,,"MolVec 0.9.8 (git b412dd0, Maven Central)",0.15464020799845457
uob,maybridge-0217-179239481,Cc1ccncc1C(=O)O,,,,"MolVec 0.9.8 (git b412dd0, Maven Central)",0.1711035519838333
uob,maybridge-0217-223655705,O=C(O)c1cccc(Cl)n1,,,,"MolVec 0.9.8 (git b412dd0, Maven Central)",0.24454763787798584
uob,maybridge-0217-348572601,O=C(O)c1ccc(Cl)nc1,,,,"MolVec 0.9.8 (git b412dd0, Maven Central)",0.17585208592936397
uob,maybridge-0217-372206807,Cc1cc(C(=O)O)cc(Cl)n1,,,,"MolVec 0.9.8 (git b412dd0, Maven Central)",0.21070586703717709
uob,maybridge-0217-413668315,O=C(O)c1cc(Cl)cnc1O,,,,"MolVec 0.9.8 (git b412dd0, Maven Central)",0.2179186469875276
uob,maybridge-0217-423470562,N[C@@H](CC1CCCCC1)C(=O)O,,,,"MolVec 0.9.8 (git b412dd0, Maven Central)",0.20053958310745656
uob,maybridge-0217-579805548,O=C(O)c1cccnc1,,,,"MolVec 0.9.8 (git b412dd0, Maven Central)",0.14415247808210552
uob,maybridge-0217-628703758,Cc1cc(C(=O)O)cc(O)n1,,,,"MolVec 0.9.8 (git b412dd0, Maven Central)",0.20024313777685165
uob,maybridge-0217-668284578,COC(=O)c1ccc(C(=O)O)nc1,,,,"MolVec 0.9.8 (git b412dd0, Maven Central)",0.24602207890711725
uob,maybridge-0217-913750721,COc1ncccc1C(=O)O,,,,"MolVec 0.9.8 (git b412dd0, Maven Central)",0.21244430704973638
uob,maybridge-0217-973620177,Nc1cnccc1C(=O)O,,,,"MolVec 0.9.8 (git b412dd0, Maven Central)",0.22110674600116909
uob,maybridge-0218-136465959,O=C(O)c1cccnc1N1CCCC1,,,,"MolVec 0.9.8 (git b412dd0, Maven Central)",0.22622443200089037
uob,maybridge-0218-178213629,O=C(O)c1cc(Cl)nc(Cl)c1,,,,"MolVec 0.9.8 (git b412dd0, Maven Central)",0.1789436221588403
uob,maybridge-0218-275203529,O=C(O)c1ccc(-c2ccco2)nc1,,,,"MolVec 0.9.8 (git b412dd0, Maven Central)",0.2964828391559422
uob,maybridge-0218-331854705,COc1cc(C(=O)O)cc(Cl)n1,,,,"MolVec 0.9.8 (git b412dd0, Maven Central)",0.20090928114950657
uob,maybridge-0218-399370298,O=C(O)c1cncc(-c2ccccc2)c1,,,,"MolVec 0.9.8 (git b412dd0, Maven Central)",0.2538818090688437
uob,maybridge-0218-469829542,O=C(O)c1ccc(Br)nc1,,,,"MolVec 0.9.8 (git b412dd0, Maven Central)",0.18946643080562353
uob,maybridge-0218-603493910,O=C(O)c1cncc(-n2cccc2)c1,,,,"MolVec 0.9.8 (git b412dd0, Maven Central)",0.1873045340180397
uob,maybridge-0218-684662425,O=C([O-])c1cncc(Br)c1,,,,"MolVec 0.9.8 (git b412dd0, Maven Central)",0.17338719381950796
uob,maybridge-0218-744321722,CCCSc1ncccc1C(=O)O,,,,"MolVec 0.9.8 (git b412dd0, Maven Central)",0.17719151312485337
uob,maybridge-0218-750498673,O=C(O)c1cnccc1C(F)(F)F,,,,"MolVec 0.9.8 (git b412dd0, Maven Central)",0.17970768292434514
uob,maybridge-0218-772707887,O=C(O)c1ccc(-c2ccccc2)nc1,,,,"MolVec 0.9.8 (git b412dd0, Maven Central)",0.26870574592612684
uob,maybridge-0218-9046145,O=C(O)c1cncc(-c2ccco2)c1,,,,"MolVec 0.9.8 (git b412dd0, Maven Central)",0.23572413506917655
uob,maybridge-0219-1042024145,O=C(O)c1cccc(N2CCCCC2)n1,,,,"MolVec 0.9.8 (git b412dd0, Maven Central)",0.25088721909560263
uob,maybridge-0219-11683780,Cc1nc(C(F)(F)F)ccc1C(=O)O,,,,"MolVec 0.9.8 (git b412dd0, Maven Central)",0.2879986900370568
uob,maybridge-0219-303619168,O=C(O)c1cccnc1N1CCOCC1,,,,"MolVec 0.9.8 (git b412dd0, Maven Central)",0.2244893789757043
uob,maybridge-0219-372771621,O=C(O)c1cncc(-c2cccs2)c1,,,,"MolVec 0.9.8 (git b412dd0, Maven Central)",0.27313362108543515
uob,maybridge-0219-4777479,O=C(O)c1ccnc(N2CCOCC2)c1,,,,"MolVec 0.9.8 (git b412dd0, Maven Central)",0.27034527994692326
uob,maybridge-0219-570386815,O=C(O)c1ncccc1N1CCCCC1,,,,"MolVec 0.9.8 (git b412dd0, Maven Central)",0.3032919098623097
uob,maybridge-0219-58230396,O=C(O)c1ccc(-c2cccs2)nc1,,,,"MolVec 0.9.8 (git b412dd0, Maven Central)",0.3289115100633353
uob,maybridge-0219-594276931,O=C(O)c1ccc(N2CCCCC2)nc1,,,,"MolVec 0.9.8 (git b412dd0, Maven Central)",0.2809101049788296
uob,maybridge-0219-605455715,O=C(O)c1ccnc(N2CCCCC2)c1,,,,"MolVec 0.9.8 (git b412dd0, Maven Central)",0.2128281018231064
uob,maybridge-0219-690245374,CCCCC#Cc1cncc(C(=O)O)c1,,,,"MolVec 0.9.8 (git b412dd0, Maven Central)",0.27784185111522675
uob,maybridge-0219-868295674,O=C(O)c1cccc(N2CCOCC2)n1,,,,"MolVec 0.9.8 (git b412dd0, Maven Central)",0.19883025903254747
uob,maybridge-0219-87886902,O=C(O)c1ccc(N2CCOCC2)nc1,,,,"MolVec 0.9.8 (git b412dd0, Maven Central)",0.2994357340503484
uob,maybridge-0220-124764375,O=C(O)c1ccc(Oc2ccccc2)nc1,,,,"MolVec 0.9.8 (git b412dd0, Maven Central)",0.21703364397399127
uob,maybridge-0220-152533945,O=C(O)c1ccnc(N2CCCC2)c1,,,,"MolVec 0.9.8 (git b412dd0, Maven Central)",0.26668998203240335
uob,maybridge-0220-211921592,O=Cc1ccc(-c2cncc(C(=O)O)c2)cc1,,,,"MolVec 0.9.8 (git b412dd0, Maven Central)",0.3119443110190332
uob,maybridge-0220-326630828,CC(C)(C)C(=O)Nc1ncccc1C(=O)O,,,,"MolVec 0.9.8 (git b412dd0, Maven Central)",0.269927266985178
uob,maybridge-0220-412291412,O=C(O)c1ccc(OCC(F)(F)F)nc1,,,,"MolVec 0.9.8 (git b412dd0, Maven Central)",0.22025205101817846
uob,maybridge-0220-482965229,O=C(O)c1cncc(C#Cc2ccccc2)c1,,,,"MolVec 0.9.8 (git b412dd0, Maven Central)",0.32052964507602155
uob,maybridge-0220-720734721,O=C(O)c1ccnc(N2CCSCC2)c1,,,,"MolVec 0.9.8 (git b412dd0, Maven Central)",0.23086134088225663
uob,maybridge-0220-770555786,CC(C)(C)C(=O)Nc1ccncc1C(=O)O,,,,"MolVec 0.9.8 (git b412dd0, Maven Central)",0.290440398035571
uob,maybridge-0220-89524379,O=C(O)c1cccnc1Sc1ccccc1,,,,"MolVec 0.9.8 (git b412dd0, Maven Central)",0.3456765350420028
uob,maybridge-0220-980817196,O=C(O)c1cc(F)c(Cl)nc1Cl,,,,"MolVec 0.9.8 (git b412dd0, Maven Central)",0.21418016497045755
uob,maybridge-0221-1045531349,CC(C)(C)OC(=O)N1CCN(c2cc(C(=O)O)ccn2)CC1,,,,"MolVec 0.9.8 (git b412dd0, Maven Central)",0.39363353815861046
uob,maybridge-0221-218521976,O=C(O)c1ccc(O)nn1,,,,"MolVec 0.9.8 (git b412dd0, Maven Central)",0.2361223290208727
uob,maybridge-0221-403366554,CSc1ncc(Cl)c(C(=O)O)n1,,,,"MolVec 0.9.8 (git b412dd0, Maven Central)",0.18686332809738815
uob,maybridge-0221-490258538,CC(C)(C)OC(=O)N1CCN(c2ccc(C(=O)O)cn2)CC1,,,,"MolVec 0.9.8 (git b412dd0, Maven Central)",0.3713830569759011
uob,maybridge-0221-528068795,Cc1ncc(C(=O)O)c(-c2ccccc2)n1,,,,"MolVec 0.9.8 (git b412dd0, Maven Central)",0.27612668788060546
uob,maybridge-0221-541149979,Cc1nc(-c2ccccc2)ncc1C(=O)O,,,,"MolVec 0.9.8 (git b412dd0, Maven Central)",0.26810902589932084
uob,maybridge-0221-564636464,O=C(O)c1cccnc1Oc1ccc(F)cc1,,,,"MolVec 0.9.8 (git b412dd0, Maven Central)",0.31073888996616006
uob,maybridge-0221-759712176,O=C(O)Cc1cccnc1,,,,"MolVec 0.9.8 (git b412dd0, Maven Central)",0.16768398112617433
uob,maybridge-0221-809893147,O=C(O)c1cncnc1,,,,"MolVec 0.9.8 (git b412dd0, Maven Central)",0.15161245898343623
uob,maybridge-0221-962355223,O=C(O)c1cc(Br)cnc1Br,,,,"MolVec 0.9.8 (git b412dd0, Maven Central)",0.20782739901915193
uob,maybridge-0222-112380686,O=C1CCC(C(=O)O)=NN1,,,,"MolVec 0.9.8 (git b412dd0, Maven Central)",0.23233965202234685
uob,maybridge-0222-160022183,CSc1ncc(Br)c(C(=O)O)n1,,,,"MolVec 0.9.8 (git b412dd0, Maven Central)",0.1758164761122316
uob,maybridge-0222-239782217,O=C(O)C1CCCNC1,,,,"MolVec 0.9.8 (git b412dd0, Maven Central)",0.17304649204015732
uob,maybridge-0222-356839134,CC(=O)N1CCC(C(=O)O)CC1,,,,"MolVec 0.9.8 (git b412dd0, Maven Central)",0.20060179196298122
uob,maybridge-0222-477605976,Cc1cnc(C(=O)O)cn1,,,,"MolVec 0.9.8 (git b412dd0, Maven Central)",0.15308437310159206
uob,maybridge-0222-700280695,CC(C)(C)OC(=O)N1CCCC(C(=O)O)C1,,,,"MolVec 0.9.8 (git b412dd0, Maven Central)",0.2950493539683521
uob,maybridge-0222-796612650,Cc1cncc(N2CCC(C(=O)O)CC2)n1,,,,"MolVec 0.9.8 (git b412dd0, Maven Central)",0.28300319402478635
uob,maybridge-0222-954691633,O=C(O)c1cnc(O)nc1-c1ccncc1,,,,"MolVec 0.9.8 (git b412dd0, Maven Central)",0.3327360120601952
uob,maybridge-0222-97806199,O=C(O)C1CCCN(C(=O)OCc2ccccc2)C1,,,,"MolVec 0.9.8 (git b412dd0, Maven Central)",0.34664122201502323
uob,maybridge-0223-246620485,O=C(OCC1c2ccccc2-c2ccccc21)N1CCCC[C@@H]1N(O)O,,,,"MolVec 0.9.8 (git b412dd0, Maven Central)",0.5462063271552324
uob,maybridge-0223-367348066,CC(C)(C)OC(=O)N1CCN(C(=O)OCC2c3ccccc3-c3ccccc32)CC1C(=O)O,,,,"MolVec 0.9.8 (git b412dd0, Maven Central)",0.6929556238465011
uob,maybridge-0223-368614193,O=C(O)C1CCN(C(=O)OCc2ccccc2)CC1,,,,"MolVec 0.9.8 (git b412dd0, Maven Central)",0.39136056299321353
uob,maybridge-0223-375240692,O=C(O)C1CNCCN1,,,,"MolVec 0.9.8 (git b412dd0, Maven Central)",0.1886180799920112
uob,maybridge-0223-648780318,C=CCOC(=O)N1CCN(C(=O)OCC2c3ccccc3-c3ccccc32)C(C(=O)O)C1,,,,"MolVec 0.9.8 (git b412dd0, Maven Central)",0.7187032150104642
uob,maybridge-0223-71084306,O=C(O)C1CCN(c2ccc(C(F)(F)F)cn2)CC1,,,,"MolVec 0.9.8 (git b412dd0, Maven Central)",0.3227578739169985
uob,maybridge-0223-847798093,O=C([O-])C1CCN(c2nccc(C(F)(F)F)n2)CC1,,,,"MolVec 0.9.8 (git b412dd0, Maven Central)",0.2786128430161625
uob,maybridge-0224-259781219,O=C(O)c1cc2ccsc2s1,,,,"MolVec 0.9.8 (git b412dd0, Maven Central)",0.2234392559621483
uob,maybridge-0224-275701182,CC(C)(C)OC(=O)N1CCSCC1C(=O)O,,,,"MolVec 0.9.8 (git b412dd0, Maven Central)",0.23881553299725056
uob,maybridge-0224-376756662,O=C(O)C1CCOCC1,,,,"MolVec 0.9.8 (git b412dd0, Maven Central)",0.14999034604988992
uob,maybridge-0224-521368898,O=C(O)C1CN(Cc2ccccc2)CCO1,,,,"MolVec 0.9.8 (git b412dd0, Maven Central)",0.2800495030824095
uob,maybridge-0224-593489528,O=C(O)c1cc2sccc2s1,,,,"MolVec 0.9.8 (git b412dd0, Maven Central)",0.24615875189192593
uob,maybridge-0224-622076165,CC(C)(C)OC(=O)N1CCN(C(=O)OCC2c3ccccc3-c3ccccc32)C(C(=O)O)C1,,,,"MolVec 0.9.8 (git b412dd0, Maven Central)",0.6823501328472048
uob,maybridge-0224-671128072,Cn1c(C(=O)O)cc2occc21,,,,"MolVec 0.9.8 (git b412dd0, Maven Central)",0.2247085808776319
uob,maybridge-0224-794387390,C=C1C(C)CC1(C)C(=O)O,,,,"MolVec 0.9.8 (git b412dd0, Maven Central)",0.24030492804013193
uob,maybridge-0224-991653664,O=C(O)C1CCCCO1,,,,"MolVec 0.9.8 (git b412dd0, Maven Central)",0.19223350705578923
uob,maybridge-0225-1005037276,O=C(O)c1cn2ccsc2n1,,,,"MolVec 0.9.8 (git b412dd0, Maven Central)",0.18341592699289322
uob,maybridge-0225-1063595634,O=C(O)c1cc2cccc([N+](=O)[O-])c2[nH]1,,,,"MolVec 0.9.8 (git b412dd0, Maven Central)",0.39915188984014094
uob,maybridge-0225-141855792,O=C(O)C1CC23CC2C(O)CCC13,,,,"MolVec 0.9.8 (git b412dd0, Maven Central)",0.23760628513991833
uob,maybridge-0225-265670431,O=C(O)c1c[nH]c2ccccc12,,,,"MolVec 0.9.8 (git b412dd0, Maven Central)",0.3339904600288719
uob,maybridge-0225-311479922,Cn1c(C(=O)O)cc2sccc21,,,,"MolVec 0.9.8 (git b412dd0, Maven Central)",0.2764140439685434
uob,maybridge-0225-508214306,O=C(O)c1cc2cc(OCc3ccccc3)ccc2[nH]1,,,,"MolVec 0.9.8 (git b412dd0, Maven Central)",0.5109613740351051
uob,maybridge-0225-542351582,Cc1nn(C)c2sc(C(=O)O)cc12,,,,"MolVec 0.9.8 (git b412dd0, Maven Central)",0.2688799099996686
uob,maybridge-0225-709532243,O=C(O)c1cc2sccc2[nH]1,,,,"MolVec 0.9.8 (git b412dd0, Maven Central)",0.24433150002732873
uob,maybridge-0225-734186824,Cc1nc2sccn2c1C(=O)O,,,,"MolVec 0.9.8 (git b412dd0, Maven Central)",0.1857975539751351
uob,maybridge-0225-966445608,O=C(O)c1cc2cc(OC(F)(F)F)ccc2[nH]1,,,,"MolVec 0.9.8 (git b412dd0, Maven Central)",0.42002835497260094
uob,maybridge-0226-203566549,Cc1cn(CCC(=O)O)c2ccccc12,,,,"MolVec 0.9.8 (git b412dd0, Maven Central)",0.29013610910624266
uob,maybridge-0226-453601788,O=S1(=O)C2=O(=C(O)C3=CC4=C(C=CC=C4)N31)C=CC=C2,,,,"MolVec 0.9.8 (git b412dd0, Maven Central)",0.4177060457877815
uob,maybridge-0226-48783474,NC(Cc1c[nH]c2ccc(F)cc12)C(=O)O,,,,"MolVec 0.9.8 (git b412dd0, Maven Central)",0.34638435998931527
uob,maybridge-0226-695528422,O=C(O)c1cn(S(=O)(=O)c2ccccc2)c2ccccc12,,,,"MolVec 0.9.8 (git b412dd0, Maven Central)",0.4041187968105078
uob,maybridge-0226-717200069,O=C(O)Cc1c[nH]c2ccccc12,,,,"MolVec 0.9.8 (git b412dd0, Maven Central)",0.3147957210894674
uob,maybridge-0226-763310821,NC(Cc1c[nH]c2ccc(O)cc12)C(=O)O,,,,"MolVec 0.9.8 (git b412dd0, Maven Central)",0.33567210799083114
uob,maybridge-0226-891851244,CC(C)(C)OC(=O)n1cc(C(=O)O)c2cc(Br)ccc21,,,,"MolVec 0.9.8 (git b412dd0, Maven Central)",0.4026243758853525
uob,maybridge-0226-921051026,O=C(O)c1[nH]c2ccc([N+](=O)[O-])cc2c1-c1ccccc1,,,,"MolVec 0.9.8 (git b412dd0, Maven Central)",0.411052443087101
uob,maybridge-0226-981855018,CC(C)(C)OC(=O)n1cc(C(=O)O)c2c(Br)cccc21,,,,"MolVec 0.9.8 (git b412dd0, Maven Central)",0.4325165101327002
uob,maybridge-0227-130854663,Cn1ccc2ccc(C(=O)O)cc21,,,,"MolVec 0.9.8 (git b412dd0, Maven Central)",0.2745369921904057
uob,maybridge-0227-185304625,Cc1ccc(S(=O)(=O)n2cc(/C=C/C(=O)O)c3ccccc32)cc1,,,,"MolVec 0.9.8 (git b412dd0, Maven Central)",0.5169950050767511
uob,maybridge-0227-267470928,O=Cc1c[nH]c2c(C(=O)O)cccc12,,,,"MolVec 0.9.8 (git b412dd0, Maven Central)",0.2897687980439514
uob,maybridge-0227-288658051,O=C(O)c1n[nH]c2ccccc12,,,,"MolVec 0.9.8 (git b412dd0, Maven Central)",0.31337050697766244
uob,maybridge-0227-380088387,Cc1[nH]c2cc(C(=O)O)ccc2c1C,,,,"MolVec 0.9.8 (git b412dd0, Maven Central)",0.2659295059274882
uob,maybridge-0227-420710330,Cn1ccc2c(C(=O)O)cccc21,,,,"MolVec 0.9.8 (git b412dd0, Maven Central)",0.26520377676934004
uob,maybridge-0227-429400467,O=C(O)c1cccc2cc[nH]c12,,,,"MolVec 0.9.8 (git b412dd0, Maven Central)",0.25138332112692297
uob,maybridge-0227-522980960,Cc1[nH]c2ccc(C(=O)O)cc2c1C,,,,"MolVec 0.9.8 (git b412dd0, Maven Central)",0.2930256889667362
uob,maybridge-0227-609016261,NC(Cc1c[nH]c2cc(F)ccc12)C(=O)O,,,,"MolVec 0.9.8 (git b412dd0, Maven Central)",0.34774201503023505
uob,maybridge-0227-631331202,O=C(O)c1cccc2[nH]ccc12,,,,"MolVec 0.9.8 (git b412dd0, Maven Central)",0.18338393094018102
uob,maybridge-0227-760527472,Cn1ccc2cc(C(=O)O)ccc21,,,,"MolVec 0.9.8 (git b412dd0, Maven Central)",0.23764984705485404
uob,maybridge-0228-1018381982,Cc1nc2ccccc2n1CC(=O)O,,,,"MolVec 0.9.8 (git b412dd0, Maven Central)",0.3299510220531374
uob,maybridge-0228-1040932732,Cn1nc2ccccc2c1C(=O)O,,,,"MolVec 0.9.8 (git b412dd0, Maven Central)",0.20136058703064919
uob,maybridge-0228-1059397723,Cn1nc(C(=O)O)c2ccccc21,,,,"MolVec 0.9.8 (git b412dd0, Maven Central)",0.2658579221460968
uob,maybridge-0228-141708092,O=C(O)Cn1c(CN2CCOCC2)nc2ccccc21,,,,"MolVec 0.9.8 (git b412dd0, Maven Central)",0.35044486401602626
uob,maybridge-0228-165174851,O=C(O)Cn1cnc2ccccc21,,,,"MolVec 0.9.8 (git b412dd0, Maven Central)",0.34677014290355146
uob,maybridge-0228-304530924,O=C(O)c1n[nH]c2ccc(Br)cc12,,,,"MolVec 0.9.8 (git b412dd0, Maven Central)",0.2772908911574632
uob,maybridge-0228-495087221,O=C(O)c1nc2ccccc2[nH]1,,,,"MolVec 0.9.8 (git b412dd0, Maven Central)",0.2622042689472437
uob,maybridge-0228-726514417,O=C(O)Cn1c(C(F)(F)F)nc2ccccc21,,,,"MolVec 0.9.8 (git b412dd0, Maven Central)",0.35978099796921015
uob,maybridge-0228-802407304,Cc1nc2ccccc2n1CCCC(=O)O,,,,"MolVec 0.9.8 (git b412dd0, Maven Central)",0.32421134295873344
uob,maybridge-0229-1018111118,O=C(O)c1cnn2ccccc12,,,,"MolVec 0.9.8 (git b412dd0, Maven Central)",0.3046519891358912
uob,maybridge-0229-102327857,O=C(O)c1cn2ccccc2n1,,,,"MolVec 0.9.8 (git b412dd0, Maven Central)",0.25965754012577236
uob,maybridge-0229-312155459,O=C(O)c1cnc2ccccn12,,,,"MolVec 0.9.8 (git b412dd0, Maven Central)",0.25204002601094544
uob,maybridge-0229-348710142,Cc1nc2ccccn2c1C(=O)O,,,,"MolVec 0.9.8 (git b412dd0, Maven Central)",0.2488960709888488
uob,maybridge-0229-390444431,O=C(O)c1cc2ccccn2n1,,,,"MolVec 0.9.8 (git b412dd0, Maven Central)",0.3109692258294672
uob,maybridge-0229-451684022,CC(C)n1c(C(F)(F)F)nc2cc(C(=O)O)ccc21,,,,"MolVec 0.9.8 (git b412dd0, Maven Central)",0.330828056903556
uob,maybridge-0229-521698796,O=C(O)c1ccc2nccn2c1,,,,"MolVec 0.9.8 (git b412dd0, Maven Central)",0.2491307391319424
uob,maybridge-0229-616566813,Cc1nc2cc(C(=O)O)ccc2[nH]1,,,,"MolVec 0.9.8 (git b412dd0, Maven Central)",0.30482965311966836
uob,maybridge-0229-631265458,O=C(O)CCCn1c(C(F)(F)F)nc2ccccc21,,,,"MolVec 0.9.8 (git b412dd0, Maven Central)",0.41550558991730213
uob,maybridge-0229-914235085,O=C(O)c1nn2ccccc2c1C(=O)O,,,,"MolVec 0.9.8 (git b412dd0, Maven Central)",0.3654736150056124
uob,maybridge-0230-140573233,Cc1cc2ncc(C(=O)O)c(C)n2n1,,,,"MolVec 0.9.8 (git b412dd0, Maven Central)",0.2699353520292789
uob,maybridge-0230-161634645,Cn1nnc2cc(C(=O)O)ccc21,,,,"MolVec 0.9.8 (git b412dd0, Maven Central)",0.22553611919283867
uob,maybridge-0230-223539183,CC(C)(C)OC(=O)N1c2ccccc2CC1C(=O)O,,,,"MolVec 0.9.8 (git b412dd0, Maven Central)",0.40563743794336915
uob,maybridge-0230-362147393,CC(C)n1nnc2cc(C(=O)O)ccc21,,,,"MolVec 0.9.8 (git b412dd0, Maven Central)",0.3012215471826494
uob,maybridge-0230-456439471,Cc1nn(C)c2ncc(C(=O)O)c(Cl)c12,,,,"MolVec 0.9.8 (git b412dd0, Maven Central)",0.2657372138928622
uob,maybridge-0230-504987444,O=C(O)c1ccc2c(c1)NNN2,,,,"MolVec 0.9.8 (git b412dd0, Maven Central)",0.27696556388400495
uob,maybridge-0230-566763368,O=C(O)c1cn2nc(Cl)ccc2n1,,,,"MolVec 0.9.8 (git b412dd0, Maven Central)",0.2116696119774133
uob,maybridge-0230-579794589,O=C1Nc2c(C(=O)O)cccc2C1=O,,,,"MolVec 0.9.8 (git b412dd0, Maven Central)",0.32386546302586794
uob,maybridge-0230-682096526,Cc1cc2nnc(C(=O)O)c(C)n2n1,,,,"MolVec 0.9.8 (git b412dd0, Maven Central)",0.27440204401500523
uob,maybridge-0230-786243915,O=C(O)CCN1C(=O)c2ccccc2C1=O,,,,"MolVec 0.9.8 (git b412dd0, Maven Central)",0.27206968306563795
uob,maybridge-0231-198123139,O=C(O)C1Cc2ccccc2O1,,,,"MolVec 0.9.8 (git b412dd0, Maven Central)",0.3786821588873863
uob,maybridge-0231-205072715,COc1ccc2c(CC(=O)O)coc2c1,,,,"MolVec 0.9.8 (git b412dd0, Maven Central)",0.2734270121436566
uob,maybridge-0231-254890467,CC1(C)Cc2cccc(C(=O)O)c2O1,,,,"MolVec 0.9.8 (git b412dd0, Maven Central)",0.27391697210259736
uob,maybridge-0231-561749615,O=C(O)c1ccc2occc2c1,,,,"MolVec 0.9.8 (git b412dd0, Maven Central)",0.22775421105325222
uob,maybridge-0231-569803412,O=C(O)Cc1coc2ccccc12,,,,"MolVec 0.9.8 (git b412dd0, Maven Central)",0.2703944907989353
uob,maybridge-0231-594405033,O=C(O)c1coc2c1C(=O)CCC2,,,,"MolVec 0.9.8 (git b412dd0, Maven Central)",0.24187591904774308
uob,maybridge-0231-66239917,O=C(O)c1ccc2c(c1)CCO2,,,,"MolVec 0.9.8 (git b412dd0, Maven Central)",0.25789678399451077
uob,maybridge-0231-814193697,O=C(O)c1cc2cc(Br)ccc2o1,,,,"MolVec 0.9.8 (git b412dd0, Maven Central)",0.31858888803981245
uob,maybridge-0231-910754364,O=C(O)c1cc(Br)cc2c1OCC2,,,,"MolVec 0.9.8 (git b412dd0, Maven Central)",0.24351006792858243
uob,maybridge-0231-966052645,O=C(O)c1cccc2c1OCC2,,,,"MolVec 0.9.8 (git b412dd0, Maven Central)",0.22170108510181308
uob,maybridge-0232-1049127247,O=C(O)c1csc2ccc(Cl)cc12,,,,"MolVec 0.9.8 (git b412dd0, Maven Central)",0.34665803518146276
uob,maybridge-0232-290596231,O=C(O)c1cc2cc(Br)ccc2s1,,,,"MolVec 0.9.8 (git b412dd0, Maven Central)",0.32301076501607895
uob,maybridge-0232-332278864,Cc1ccc2sc(C(=O)O)cc2c1,,,,"MolVec 0.9.8 (git b412dd0, Maven Central)",0.29929584893397987
uob,maybridge-0232-350063852,O=C(O)c1cc2cc([N+](=O)[O-])ccc2s1,,,,"MolVec 0.9.8 (git b412dd0, Maven Central)",0.3565546858590096
uob,maybridge-0232-378939339,O=C(O)c1csc2ccc(Br)cc12,,,,"MolVec 0.9.8 (git b412dd0, Maven Central)",0.28936107689514756
uob,maybridge-0232-401963766,O=C(O)c1csc2ccccc12,,,,"MolVec 0.9.8 (git b412dd0, Maven Central)",0.2681665290147066
uob,maybridge-0232-405870525,O=C(O)c1cccc2c1OCO2,,,,"MolVec 0.9.8 (git b412dd0, Maven Central)",0.24662987096235156
uob,maybridge-0232-784458704,O=C(O)Cc1csc2ccccc12,,,,"MolVec 0.9.8 (git b412dd0, Maven Central)",0.3716440692078322
uob,maybridge-0232-863751586,Cc1c(CC(=O)O)sc2ccc(Cl)cc12,,,,"MolVec 0.9.8 (git b412dd0, Maven Central)",0.30925537599250674
uob,maybridge-0232-88107105,Cc1c(C(=O)O)sc2ccc(Cl)cc12,,,,"MolVec 0.9.8 (git b412dd0, Maven Central)",0.2744102398864925
uob,maybridge-0232-995974971,O=C(O)Cc1csc2ccc(Cl)cc12,,,,"MolVec 0.9.8 (git b412dd0, Maven Central)",0.25469092186540365
uob,maybridge-0233-1025065346,O=C(O)c1ccc2sccc2c1,,,,"MolVec 0.9.8 (git b412dd0, Maven Central)",0.22420459589920938
uob,maybridge-0233-1031861194,O=C(O)c1ccc2snnc2c1,,,,"MolVec 0.9.8 (git b412dd0, Maven Central)",0.24560966598801315
uob,maybridge-0233-155408151,O=C(O)c1cc2cccnc2s1,,,,"MolVec 0.9.8 (git b412dd0, Maven Central)",0.3293588738888502
uob,maybridge-0233-334119845,O=C(O)c1onc2ccccc12,,,,"MolVec 0.9.8 (git b412dd0, Maven Central)",0.24709361814893782
uob,maybridge-0233-364613734,O=C(O)c1scc2c1CCCC2,,,,"MolVec 0.9.8 (git b412dd0, Maven Central)",0.2178420010022819
uob,maybridge-0233-384224949,O=C(O)c1ccc2nonc2c1,,,,"MolVec 0.9.8 (git b412dd0, Maven Central)",0.2410518629476428
uob,maybridge-0233-452565403,Nc1c(C(=O)O)sc2ncccc12,,,,"MolVec 0.9.8 (git b412dd0, Maven Central)",0.3504223800264299
uob,maybridge-0233-499938316,O=C(O)Cc1noc2ccccc12,,,,"MolVec 0.9.8 (git b412dd0, Maven Central)",0.30669291806407273
uob,maybridge-0233-584000699,O=C(O)CCn1c(=O)oc2ccccc21,,,,"MolVec 0.9.8 (git b412dd0, Maven Central)",0.2480531211476773
uob,maybridge-0233-658305357,O=C(O)c1ccc2ncsc2c1,,,,"MolVec 0.9.8 (git b412dd0, Maven Central)",0.22736495197750628
uob,maybridge-0233-931371411,O=C(O)c1cccc2nsnc12,,,,"MolVec 0.9.8 (git b412dd0, Maven Central)",0.2746765362098813
uob,maybridge-0234-175995544,O=C(O)c1scc2c1OCCO2,,,,"MolVec 0.9.8 (git b412dd0, Maven Central)",0.22475225594826043
uob,maybridge-0234-236576675,O=C(O)c1cc2nccnc2s1,,,,"MolVec 0.9.8 (git b412dd0, Maven Central)",0.30708105582743883
uob,maybridge-0234-293691673,O=C(O)c1ccc2ccccc2n1,,,,"MolVec 0.9.8 (git b412dd0, Maven Central)",0.2694411270786077
uob,maybridge-0234-37520186,O=C(O)c1cccc2cccc(Br)c12,,,,"MolVec 0.9.8 (git b412dd0, Maven Central)",0.24480562191456556
uob,maybridge-0234-434920917,CCCC(C)(C)c1ccc(C(=O)O)cc1C,,,,"MolVec 0.9.8 (git b412dd0, Maven Central)",0.26648670085705817
uob,maybridge-0234-526400802,CC(C)(Oc1ccc2ccccc2c1)C(=O)O,,,,"MolVec 0.9.8 (git b412dd0, Maven Central)",0.19759913487359881
uob,maybridge-0234-544266280,O=C(O)c1ccc2nsnc2c1,,,,"MolVec 0.9.8 (git b412dd0, Maven Central)",0.23885255213826895
uob,maybridge-0234-746893921,Nc1c(C(=O)O)sc2nccnc12,,,,"MolVec 0.9.8 (git b412dd0, Maven Central)",0.30717768589966
uob,maybridge-0234-74935717,O=C(O)c1sc(Br)c2c1OCCO2,,,,"MolVec 0.9.8 (git b412dd0, Maven Central)",0.27062278101220727
uob,maybridge-0234-812032603,O=C(O)c1cnc2n(c1=O)CCS2,,,,"MolVec 0.9.8 (git b412dd0, Maven Central)",0.22369114100001752
uob,maybridge-0235-140985660,O=C(O)c1ccnc2ccccc12,,,,"MolVec 0.9.8 (git b412dd0, Maven Central)",0.21662437310442328
uob,maybridge-0235-21676170,O=C(O)c1cc2ccccc2nc1Cl,,,,"MolVec 0.9.8 (git b412dd0, Maven Central)",0.20972478203475475
uob,maybridge-0235-268135033,O=C(O)c1ccc2ncccc2c1,,,,"MolVec 0.9.8 (git b412dd0, Maven Central)",0.21200818778015673
uob,maybridge-0235-352010999,O=C(O)c1cnc2ccccc2n1,,,,"MolVec 0.9.8 (git b412dd0, Maven Central)",0.17899293405935168
uob,maybridge-0235-373160941,O=C(O)c1c(-c2ccccc2)nnc2ccccc12,,,,"MolVec 0.9.8 (git b412dd0, Maven Central)",0.3415216840803623
uob,maybridge-0235-384470357,Cc1nc2ccccc2c(C(=O)O)c1O,,,,"MolVec 0.9.8 (git b412dd0, Maven Central)",0.213449627161026
uob,maybridge-0235-420077313,O=C(O)c1ccc2nccnc2c1,,,,"MolVec 0.9.8 (git b412dd0, Maven Central)",0.22472103498876095
uob,maybridge-0235-440491544,Cc1ccc2cc(C(=O)O)ccc2n1,,,,"MolVec 0.9.8 (git b412dd0, Maven Central)",0.2483036699704826
uob,maybridge-0235-518700151,O=C(O)c1cc2ccccc2cn1,,,,"MolVec 0.9.8 (git b412dd0, Maven Central)",0.22362229018472135
uob,maybridge-0235-635463778,Cc1nc2ccccc2c(C(=O)O)c1N,,,,"MolVec 0.9.8 (git b412dd0, Maven Central)",0.2698375559411943
uob,maybridge-0235-646093046,Cc1cc(C(=O)O)c2cc(F)ccc2n1,,,,"MolVec 0.9.8 (git b412dd0, Maven Central)",0.2496702210046351
uob,maybridge-0235-745389116,O=C(O)c1ccc2cccc(O)c2n1,,,,"MolVec 0.9.8 (git b412dd0, Maven Central)",0.2823855229653418
uob,maybridge-0236-1035796085,CC(C)(C)c1cc(C(C)(C)C)c2oc(C(=O)O)cc(=O)c2c1,,,,"MolVec 0.9.8 (git b412dd0, Maven Central)",0.3616538168862462
uob,maybridge-0236-197364773,COc1cc(Br)cc2cc(C(=O)O)c(=O)oc12,,,,"MolVec 0.9.8 (git b412dd0, Maven Central)",0.34625888895243406
uob,maybridge-0236-323173375,O=C(O)C1=Cc2ccccc2OC1,,,,"MolVec 0.9.8 (git b412dd0, Maven Central)",0.23391243792138994
uob,maybridge-0236-393200874,Cc1nc2ccc(C(=O)O)cc2nc1C,,,,"MolVec 0.9.8 (git b412dd0, Maven Central)",0.24636942194774747
uob,maybridge-0236-431194545,COc1ccc2cc(C(=O)O)c(=O)oc2c1,,,,"MolVec 0.9.8 (git b412dd0, Maven Central)",0.27314015198498964
uob,maybridge-0236-643250670,O=C(O)c1ccc2c(c1)CCCN2,,,,"MolVec 0.9.8 (git b412dd0, Maven Central)",0.2328243430238217
uob,maybridge-0236-690141752,O=C(O)C1Cc2cc(O)ccc2CN1,,,,"MolVec 0.9.8 (git b412dd0, Maven Central)",0.30329102789983153
uob,maybridge-0236-78930920,O=C(O)C1COc2ccccc2C1,,,,"MolVec 0.9.8 (git b412dd0, Maven Central)",0.2016808488406241
uob,maybridge-0236-863237438,O=C(O)Cc1n[nH]c(=O)c2ccccc12,,,,"MolVec 0.9.8 (git b412dd0, Maven Central)",0.32731280312873423
uob,maybridge-0236-979604265,O=C(O)C1=Cc2cc(Cl)ccc2OC1,,,,"MolVec 0.9.8 (git b412dd0, Maven Central)",0.25416114507243037
uob,maybridge-0236-999730399,O=C(O)c1cc2cc(Cl)cc(Br)c2oc1=O,,,,"MolVec 0.9.8 (git b412dd0, Maven Central)",0.3077345311176032
uob,maybridge-0237-1002661500,O=C(O)c1cccc2c1OCCO2,,,,"MolVec 0.9.8 (git b412dd0, Maven Central)",0.2519664329010993
uob,maybridge-0237-120689496,O=C(O)C1CCc2ccccc2O1,,,,"MolVec 0.9.8 (git b412dd0, Maven Central)",0.2740171591285616
uob,maybridge-0237-243004862,O=C(O)C1CNc2ccccc2O1,,,,"MolVec 0.9.8 (git b412dd0, Maven Central)",0.1926384549587965
uob,maybridge-0237-284680124,CN1CCOc2cc(C(=O)O)ccc21,,,,"MolVec 0.9.8 (git b412dd0, Maven Central)",0.22219916386529803
uob,maybridge-0237-299031815,CC(=O)N[C@@H]1C[C@@H]2OC(c3ccccc3)OC[C@H]2O[C@@H]1OCc1ccccc1.C[C@@H](O)C(=O)O,,,,"MolVec 0.9.8 (git b412dd0, Maven Central)",0.5628314018249512
uob,maybridge-0237-343738979,O=C(O)c1cc(F)cc2c1OCOC2,,,,"MolVec 0.9.8 (git b412dd0, Maven Central)",0.20052968803793192
uob,maybridge-0237-515150703,O=C(O)CCC(=O)c1ccc2c(c1)OCCO2,,,,"MolVec 0.9.8 (git b412dd0, Maven Central)",0.2793216691352427
uob,maybridge-0237-618970318,O=C(O)CCCc1ccc2c(c1)OCCO2,,,,"MolVec 0.9.8 (git b412dd0, Maven Central)",0.23184964689426124
uob,maybridge-0237-7425798,O=C(O)c1ccc2c(c1)OCCO2,,,,"MolVec 0.9.8 (git b412dd0, Maven Central)",0.2319312901236117
uob,maybridge-0237-989277900,O=C1COc2ccc(C(=O)O)cc2N1,,,,"MolVec 0.9.8 (git b412dd0, Maven Central)",0.23115280200727284
uob,maybridge-0238-12593652,CC1C=C23CC(C(=O)O)(C1)CC2(C)C3,,,,"MolVec 0.9.8 (git b412dd0, Maven Central)",0.27083033812232316
uob,maybridge-0238-253499680,CC12CC3(C(=O)O)CCCC1(C)(C3)C2,,,,"MolVec 0.9.8 (git b412dd0, Maven Central)",0.25988075509667397
uob,maybridge-0238-31434341,O=C(O)C12CC3CC(CC(Cl)(C3)C1)C2,,,,"MolVec 0.9.8 (git b412dd0, Maven Central)",0.2595081061590463
uob,maybridge-0238-327906241,O=C(O)c1cccc2c1OCCCO2,,,,"MolVec 0.9.8 (git b412dd0, Maven Central)",0.24014303903095424
uob,maybridge-0238-468526636,O=CO.OC12CC3CC(CC(C3)C1)C2,,,,"MolVec 0.9.8 (git b412dd0, Maven Central)",0.3229784187860787
uob,maybridge-0238-583613732,O=C(O)c1ccc2c(c1)OCCCO2,,,,"MolVec 0.9.8 (git b412dd0, Maven Central)",0.21722948411479592
uob,maybridge-0238-747978181,CC1CC2(CC(=O)O)CCCC1C2,,,,"MolVec 0.9.8 (git b412dd0, Maven Central)",0.23087952006608248
uob,maybridge-0238-819547316,O=C(O)c1ccc2[nH]c3c(c2c1)CCCC3,,,,"MolVec 0.9.8 (git b412dd0, Maven Central)",0.2945605090353638
uob,maybridge-0238-866694381,CCC12CC3CC(C1)CC(C(=O)O)(C3)C2,,,,"MolVec 0.9.8 (git b412dd0, Maven Central)",0.2700236320961267
uob,maybridge-0238-950238560,O=C(O)CCC(=O)c1ccc2c(c1)OCCCO2,,,,"MolVec 0.9.8 (git b412dd0, Maven Central)",0.24699208699166775
uob,maybridge-0238-988558644,O=C(O)c1c2ccccc2nc2ccccc12,,,,"MolVec 0.9.8 (git b412dd0, Maven Central)",0.28648772393353283
uob,maybridge-0239-283390897,O=C(O)C12CC3CC34(C1)CC4(Br)C2,,,,"MolVec 0.9.8 (git b412dd0, Maven Central)",0.28061739285476506
uob,maybridge-0239-4484292,O=C(O)c1c2c(nc3ccc(F)cc13)CCCCC2,,,,"MolVec 0.9.8 (git b412dd0, Maven Central)",0.3363555399700999
uob,maybridge-0239-463873079,O=C(O)c1cn(C2CCCCC2)c2ccccc2c1=O,,,,"MolVec 0.9.8 (git b412dd0, Maven Central)",0.3308564410544932
uob,maybridge-0239-504188423,CCO/C=C/C(=O)O,,,,"MolVec 0.9.8 (git b412dd0, Maven Central)",0.10042816284112632
uob,maybridge-0239-670449980,CCOC(=O)C(CCC(=O)O)(CCC(=O)O)C(C)=O,,,,"MolVec 0.9.8 (git b412dd0, Maven Central)",0.3070947371888906
uob,maybridge-0239-699268829,CC(=O)NC(CC(C)C)C(=O)O,,,,"MolVec 0.9.8 (git b412dd0, Maven Central)",0.2407788319978863
uob,maybridge-0239-740251539,O=C(O)CCC12CC3CC(CC(C3)C1)C2,,,,"MolVec 0.9.8 (git b412dd0, Maven Central)",0.25488746794871986
uob,maybridge-0239-923900285,O=C(O)C12CC3CC(C1)CC(c1ccc([N+](=O)[O-])cc1)(C3)C2,,,,"MolVec 0.9.8 (git b412dd0, Maven Central)",0.39396452414803207
uob,maybridge-0240-1041242040,Cn1ccc(C(=O)Cl)n1,,,,"MolVec 0.9.8 (git b412dd0, Maven Central)",0.18925208202563226
uob,maybridge-0240-155356318,CN1N=C(C(C)(C)C)C=C1C(=O)[Cl-],,,,"MolVec 0.9.8 (git b412dd0, Maven Central)",0.21333728008903563
uob,maybridge-0240-376648612,Cc1cc(C(=O)Cl)nn1C,,,,"MolVec 0.9.8 (git b412dd0, Maven Central)",0.1733097538817674
uob,maybridge-0240-442662319,Cn1cccc1C(=O)Cl,,,,"MolVec 0.9.8 (git b412dd0, Maven Central)",0.15084871393628418
uob,maybridge-0240-442886020,Cn1nccc1C(=O)Cl,,,,"MolVec 0.9.8 (git b412dd0, Maven Central)",0.1267992660868913
uob,maybridge-0240-610036024,Cc1cc(C(=O)Cl)n(C)n1,,,,"MolVec 0.9.8 (git b412dd0, Maven Central)",0.15709452610462904
uob,maybridge-0240-613416985,O=C(Cl)c1ccnn1-c1ccccc1,,,,"MolVec 0.9.8 (git b412dd0, Maven Central)",0.20001348899677396
uob,maybridge-0240-753660250,Cn1ncc(C(=O)Cl)c1Cl,,,,"MolVec 0.9.8 (git b412dd0, Maven Central)",0.1888004308566451
uob,maybridge-0240-7626934,Cc1cc(C(=O)Cl)nn1C(C)(C)C,,,,"MolVec 0.9.8 (git b412dd0, Maven Central)",0.2279234400484711
uob,maybridge-0240-834316788,Cc1cc(C(=O)Cl)n(C(C)(C)C)n1,,,,"MolVec 0.9.8 (git b412dd0, Maven Central)",0.19683834305033088
uob,maybridge-0241-1071664735,Cc1ccccc1-n1ncc(C(=O)Cl)c1C,,,,"MolVec 0.9.8 (git b412dd0, Maven Central)",0.297105171950534
uob,maybridge-0241-155663521,Cc1c(C(=O)Cl)cnn1-c1ccccc1,,,,"MolVec 0.9.8 (git b412dd0, Maven Central)",0.2855216811876744
uob,maybridge-0241-178186199,Cn1nc(-c2ccccc2)cc1C(=O)Cl,,,,"MolVec 0.9.8 (git b412dd0, Maven Central)",0.30033659702166915
uob,maybridge-0241-180790072,Cn1nc(C(=O)Cl)cc1-c1ccccc1,,,,"MolVec 0.9.8 (git b412dd0, Maven Central)",0.3479999809060246
uob,maybridge-0241-313496867,Cn1cc(Br)c(C(=O)Cl)n1,,,,"MolVec 0.9.8 (git b412dd0, Maven Central)",0.17498313798569143
uob,maybridge-0241-620500548,Cn1nc(C(=O)Cl)cc1-c1ccco1,,,,"MolVec 0.9.8 (git b412dd0, Maven Central)",0.28163494705222547
uob,maybridge-0241-688300839,Cn1nc(-c2cccs2)cc1C(=O)Cl,,,,"MolVec 0.9.8 (git b412dd0, Maven Central)",0.32952339691109955
uob,maybridge-0241-768969801,Cn1nc(C(=O)Cl)cc1-c1cccs1,,,,"MolVec 0.9.8 (git b412dd0, Maven Central)",0.2904700499493629
uob,maybridge-0241-84964408,Cc1nn(-c2ccccc2)c(C)c1C(=O)Cl,,,,"MolVec 0.9.8 (git b412dd0, Maven Central)",0.298135946970433
uob,maybridge-0241-877152201,Cn1cc(C(=O)Cl)c(C(F)(F)F)n1,,,,"MolVec 0.9.8 (git b412dd0, Maven Central)",0.2534377190750092
uob,maybridge-0242-325462450,COc1ccc(-n2ncc(C(=O)Cl)c2C)cc1,,,,"MolVec 0.9.8 (git b412dd0, Maven Central)",0.29935855395160615
uob,maybridge-0242-455474908,O=C(Cl)c1cnn(-c2ccccc2)c1C(F)(F)F,,,,"MolVec 0.9.8 (git b412dd0, Maven Central)",0.31435272586531937
uob,maybridge-0242-50391444,CC(C)(C)c1cc(C(=O)Cl)n(Cc2ccccc2)n1,,,,"MolVec 0.9.8 (git b412dd0, Maven Central)",0.3465809030458331
uob,maybridge-0242-555822873,Cc1c(C(=O)Cl)cnn1-c1ccc(Cl)cc1,,,,"MolVec 0.9.8 (git b412dd0, Maven Central)",0.2995053150225431
uob,maybridge-0242-751677147,CCCc1c(C(=O)Cl)cnn1-c1ccc(Cl)cc1,,,,"MolVec 0.9.8 (git b412dd0, Maven Central)",0.36399801005609334
uob,maybridge-0242-773448911,CCn1nc(C)c(Br)c1C(=O)Cl,,,,"MolVec 0.9.8 (git b412dd0, Maven Central)",0.20675388490781188
uob,maybridge-0242-853083007,CCCc1c(C(=O)Cl)cnn1-c1ccccc1,,,,"MolVec 0.9.8 (git b412dd0, Maven Central)",0.3218702059239149
uob,maybridge-0242-91080652,Cc1c(C(=O)Cl)cnn1-c1ccc(F)cc1,,,,"MolVec 0.9.8 (git b412dd0, Maven Central)",0.3200727889779955
uob,maybridge-0243-14058205,Cc1ccoc1C(=O)Cl,,,,"MolVec 0.9.8 (git b412dd0, Maven Central)",0.18709905189462006
uob,maybridge-0243-190526020,Cc1nn(-c2ccccc2)nc1C(=O)Cl,,,,"MolVec 0.9.8 (git b412dd0, Maven Central)",0.24849694781005383
uob,maybridge-0243-39741114,Cc1oc(-c2ccccc2)cc1C(=O)Cl,,,,"MolVec 0.9.8 (git b412dd0, Maven Central)",0.3055204839911312
uob,maybridge-0243-43946211,Cc1cc(C(=O)Cl)c(C(F)(F)F)o1,,,,"MolVec 0.9.8 (git b412dd0, Maven Central)",0.29175118496641517
uob,maybridge-0243-458509740,Cn1cncc1C(=O)Cl,,,,"MolVec 0.9.8 (git b412dd0, Maven Central)",0.17004960891790688
uob,maybridge-0243-54443676,CSc1ncc(C(=O)Cl)n1Cc1ccccc1,,,,"MolVec 0.9.8 (git b412dd0, Maven Central)",0.29849937092512846
uob,maybridge-0243-724856818,Cc1cc(C(=O)Cl)c(C)o1,,,,"MolVec 0.9.8 (git b412dd0, Maven Central)",0.2152702361345291
uob,maybridge-0243-793103176,O=C(Cl)c1cnn(-c2ccc(Cl)cc2)c1C(F)(F)F,,,,"MolVec 0.9.8 (git b412dd0, Maven Central)",0.3591354959644377
uob,maybridge-0243-810337509,Cc1oc(C(C)(C)C)cc1C(=O)Cl,,,,"MolVec 0.9.8 (git b412dd0, Maven Central)",0.28558219596743584
uob,maybridge-0243-98559184,O=C(Cl)c1ccoc1,,,,"MolVec 0.9.8 (git b412dd0, Maven Central)",0.1607157241087407
uob,maybridge-0244-1059826477,Cc1cc(C(=O)Cl)c(-c2ccccc2)o1,,,,"MolVec 0.9.8 (git b412dd0, Maven Central)",0.337633723160252
uob,maybridge-0244-11063909,O=C(Cl)c1ccsc1,,,,"MolVec 0.9.8 (git b412dd0, Maven Central)",0.17937003495171666
uob,maybridge-0244-124432827,O=C(Cl)c1cc(-c2ccc(Cl)cc2)oc1C(F)(F)F,,,,"MolVec 0.9.8 (git b412dd0, Maven Central)",0.4121663589030504
uob,maybridge-0244-245269261,Cc1oc(-c2ccc(Cl)cc2)cc1C(=O)Cl,,,,"MolVec 0.9.8 (git b412dd0, Maven Central)",0.3809510711580515
uob,maybridge-0244-267272666,O=C(Cl)c1ccc(Oc2cc(Cl)cc(Cl)c2)o1,,,,"MolVec 0.9.8 (git b412dd0, Maven Central)",0.48701437492854893
uob,maybridge-0244-356155546,COc1c(C(=O)Cl)csc1Cl,,,,"MolVec 0.9.8 (git b412dd0, Maven Central)",0.22594255185686052
uob,maybridge-0244-586686505,Cc1csc(C(=O)Cl)c1,,,,"MolVec 0.9.8 (git b412dd0, Maven Central)",0.1954591169487685
uob,maybridge-0244-685949630,Cc1csc(C2CC2=O)c1Cl,,,,"MolVec 0.9.8 (git b412dd0, Maven Central)",0.19828920415602624
uob,maybridge-0244-866110305,O=C(Cl)c1sccc1Cl,,,,"MolVec 0.9.8 (git b412dd0, Maven Central)",0.19791028299368918
uob,maybridge-0244-913229759,O=C(Cl)c1cc(Cl)sc1Cl,,,,"MolVec 0.9.8 (git b412dd0, Maven Central)",0.24494106718339026
uob,maybridge-0244-965061199,O=C(Cl)c1ccc(-c2ccco2)s1,,,,"MolVec 0.9.8 (git b412dd0, Maven Central)",0.26650497084483504
uob,maybridge-0245-1036379902,CS(=O)(=O)c1csc(C(=O)Cl)c1Cl,,,,"MolVec 0.9.8 (git b412dd0, Maven Central)",0.26132989884354174
uob,maybridge-0245-267834526,O=C(Cl)c1ccc(-c2ccccc2)s1,,,,"MolVec 0.9.8 (git b412dd0, Maven Central)",0.3882389678619802
uob,maybridge-0245-425135953,O=C(Cl)c1ccc(-c2ccccn2)s1,,,,"MolVec 0.9.8 (git b412dd0, Maven Central)",0.30466736597009003
uob,maybridge-0245-466951400,O=C(Cl)c1cc(-c2ccccc2)c(C(F)(F)F)s1,,,,"MolVec 0.9.8 (git b412dd0, Maven Central)",0.421918063191697
uob,maybridge-0245-546807960,Cc1c(S(=O)(=O)c2ccc(Cl)cc2)csc1C(=O)Cl,,,,"MolVec 0.9.8 (git b412dd0, Maven Central)",0.40867435303516686
uob,maybridge-0245-554685536,O=C(Cl)Cc1cccs1,,,,"MolVec 0.9.8 (git b412dd0, Maven Central)",0.15108291408978403
uob,maybridge-0245-616666962,O=C(Cl)c1sccc1Br,,,,"MolVec 0.9.8 (git b412dd0, Maven Central)",0.19238528911955655
uob,maybridge-0245-782182890,O=C(Cl)c1ccno1,,,,"MolVec 0.9.8 (git b412dd0, Maven Central)",0.13929510512389243
uob,maybridge-0245-887987137,O=C(Cl)c1cc(Br)cs1,,,,"MolVec 0.9.8 (git b412dd0, Maven Central)",0.20557266217656434
uob,maybridge-0245-936540778,CC(C)S(=O)(=O)c1csc(C(=O)Cl)c1Cl,,,,"MolVec 0.9.8 (git b412dd0, Maven Central)",0.26258033188059926
uob,maybridge-0245-967176756,COc1c(C(=O)Cl)csc1Br,,,,"MolVec 0.9.8 (git b412dd0, Maven Central)",0.19722089800052345
uob,maybridge-0246-1021219499,Cc1oncc1C(=O)Cl,,,,"MolVec 0.9.8 (git b412dd0, Maven Central)",0.17028525890782475
uob,maybridge-0246-191625994,Cc1onc(-c2ccc(F)cc2)c1C(=O)Cl,,,,"MolVec 0.9.8 (git b412dd0, Maven Central)",0.3220238748472184
uob,maybridge-0246-379239474,Cc1noc(C)c1C(=O)Cl,,,,"MolVec 0.9.8 (git b412dd0, Maven Central)",0.18811620492488146
uob,maybridge-0246-38908791,Cc1noc(-c2ccccc2)c1C(=O)Cl,,,,"MolVec 0.9.8 (git b412dd0, Maven Central)",0.32169970381073654
uob,maybridge-0246-403064260,Cc1nc(-c2cc(C(=O)Cl)no2)cs1,,,,"MolVec 0.9.8 (git b412dd0, Maven Central)",0.2952139130793512
uob,maybridge-0246-485206569,O=C(Cl)c1cc(-c2ccco2)on1,,,,"MolVec 0.9.8 (git b412dd0, Maven Central)",0.27683407510630786
uob,maybridge-0246-584179113,O=C(Cl)c1cc(-c2cccs2)on1,,,,"MolVec 0.9.8 (git b412dd0, Maven Central)",0.2995823530945927
uob,maybridge-0246-694394528,Cc1onc(-c2ccccc2)c1C(=O)Cl,,,,"MolVec 0.9.8 (git b412dd0, Maven Central)",0.34645870607346296
uob,maybridge-0246-835593032,Cc1cc(C(=O)Cl)no1,,,,"MolVec 0.9.8 (git b412dd0, Maven Central)",0.17984952102415264
uob,maybridge-0246-874362988,O=C(Cl)c1cc(-c2ccccc2)on1,,,,"MolVec 0.9.8 (git b412dd0, Maven Central)",0.296410352922976
uob,maybridge-0246-919671119,Cc1cc(-c2onc(C)c2C(=O)Cl)no1,,,,"MolVec 0.9.8 (git b412dd0, Maven Central)",0.2858218860346824
uob,maybridge-0247-1050789302,Cc1onc(-c2c(F)cccc2Cl)c1C(=O)Cl,,,,"MolVec 0.9.8 (git b412dd0, Maven Central)",0.3651906391605735
uob,maybridge-0247-1050978266,O=C(Cl)c1nnc(-c2ccccc2)o1,,,,"MolVec 0.9.8 (git b412dd0, Maven Central)",0.27302366588264704
uob,maybridge-0247-1056521218,Cc1onc(-c2c(Cl)cccc2Cl)c1C(=O)Cl,,,,"MolVec 0.9.8 (git b412dd0, Maven Central)",0.334893501130864
uob,maybridge-0247-230702425,Cc1oc(-c2ccccc2)nc1C(=O)Cl,,,,"MolVec 0.9.8 (git b412dd0, Maven Central)",0.33893355214968324
uob,maybridge-0247-236307494,COc1ccc(-c2ocnc2C(=O)Cl)cc1,,,,"MolVec 0.9.8 (git b412dd0, Maven Central)",0.31562259001657367
uob,maybridge-0247-339736934,Cc1ncoc1C(=O)Cl,,,,"MolVec 0.9.8 (git b412dd0, Maven Central)",0.15633079805411398
uob,maybridge-0247-504993347,COc1ccc(-c2noc(C)c2C(=O)Cl)cc1,,,,"MolVec 0.9.8 (git b412dd0, Maven Central)",0.3758882940746844
uob,maybridge-0247-592937057,CC1=[N+](C2(C(=O)Cl)=C(C)C2)C1,,,,"MolVec 0.9.8 (git b412dd0, Maven Central)",0.2203347459435463
uob,maybridge-0247-675804918,O=C(Cl)c1nccs1,,,,"MolVec 0.9.8 (git b412dd0, Maven Central)",0.13440872495993972
uob,maybridge-0247-774585644,O=C(Cl)c1ncoc1-c1ccccc1,,,,"MolVec 0.9.8 (git b412dd0, Maven Central)",0.3007428019773215
uob,maybridge-0248-110928015,O=C(Cl)c1csc(-c2ccc3c(c2)CCO3)n1,,,,"MolVec 0.9.8 (git b412dd0, Maven Central)",0.36973300599493086
uob,maybridge-0248-206745271,Cc1nc(-c2cnccn2)sc1C(=O)Cl,,,,"MolVec 0.9.8 (git b412dd0, Maven Central)",0.2404476790688932
uob,maybridge-0248-269009699,O=C(Cl)c1csc(-c2ccccc2)n1,,,,"MolVec 0.9.8 (git b412dd0, Maven Central)",0.2822126829996705
uob,maybridge-0248-593739118,O=C(Cl)c1csc(-c2cccs2)n1,,,,"MolVec 0.9.8 (git b412dd0, Maven Central)",0.29529629182070494
uob,maybridge-0248-620689250,Cc1nc(-c2ccc3c(c2)CCO3)sc1C(=O)Cl,,,,"MolVec 0.9.8 (git b412dd0, Maven Central)",0.42014542291872203
uob,maybridge-0248-622200056,Cc1nc(-c2ccc(Cl)cc2)sc1C(=O)Cl,,,,"MolVec 0.9.8 (git b412dd0, Maven Central)",0.38563443603925407
uob,maybridge-0248-675931180,O=C(Cl)c1csc(-c2ccc(C(F)(F)F)cc2)n1,,,,"MolVec 0.9.8 (git b412dd0, Maven Central)",0.6155969868414104
uob,maybridge-0248-719333974,Cc1nc(C(=O)Cl)cs1,,,,"MolVec 0.9.8 (git b412dd0, Maven Central)",0.17677203612402081
uob,maybridge-0248-898097792,O=C(Cl)c1csc(-c2cccc(Cl)c2)n1,,,,"MolVec 0.9.8 (git b412dd0, Maven Central)",0.35564215993508697
uob,maybridge-0248-961158177,O=C(Cl)c1csc(-c2cccc(Cl)c2Cl)n1,,,,"MolVec 0.9.8 (git b412dd0, Maven Central)",0.34171766112558544
uob,maybridge-0249-113837712,O=C(Cl)c1ccc(-c2ccco2)cc1,,,,"MolVec 0.9.8 (git b412dd0, Maven Central)",0.2650057328864932
uob,maybridge-0249-220406506,O=C(Cl)c1c(F)cccc1Cl,,,,"MolVec 0.9.8 (git b412dd0, Maven Central)",0.18441933998838067
uob,maybridge-0249-24679012,O=C=Nc1ccc(C(=O)Cl)cc1,,,,"MolVec 0.9.8 (git b412dd0, Maven Central)",0.17460430902428925
uob,maybridge-0249-260724437,O=C(Cl)c1csc(Cc2c(Cl)cccc2Cl)n1,,,,"MolVec 0.9.8 (git b412dd0, Maven Central)",0.34134581009857357
uob,maybridge-0249-369432554,Cc1cccc(C(=O)Cl)c1C,,,,"MolVec 0.9.8 (git b412dd0, Maven Central)",0.18889940390363336
uob,maybridge-0249-374770239,Cc1ccc(C(=O)Cl)cc1C,,,,"MolVec 0.9.8 (git b412dd0, Maven Central)",0.14956242707557976
uob,maybridge-0249-673743004,Cc1nc(-c2ccc(C(F)(F)F)cc2)sc1C(=O)Cl,,,,"MolVec 0.9.8 (git b412dd0, Maven Central)",0.4163372979965061
uob,maybridge-0249-719963284,Cc1nnsc1C(=O)Cl,,,,"MolVec 0.9.8 (git b412dd0, Maven Central)",0.18566668778657913
uob,maybridge-0249-739169806,O=C(Cl)c1ccc(F)cc1F,,,,"MolVec 0.9.8 (git b412dd0, Maven Central)",0.2096159819047898
uob,maybridge-0249-911791803,O=C(Cl)c1sc(-c2ccccc2)nc1-c1ccccc1,,,,"MolVec 0.9.8 (git b412dd0, Maven Central)",0.4073989358730614
uob,maybridge-0249-951685213,O=C(Cl)c1ccc(F)cc1Cl,,,,"MolVec 0.9.8 (git b412dd0, Maven Central)",0.16085945698432624
uob,maybridge-0250-232604536,O=C(Cl)c1ccc(-c2ccsc2)cc1,,,,"MolVec 0.9.8 (git b412dd0, Maven Central)",0.2328776300419122
uob,maybridge-0250-264191253,Cc1noc(-c2ccccc2C(=O)Cl)n1,,,,"MolVec 0.9.8 (git b412dd0, Maven Central)",0.25334077910520136
uob,maybridge-0250-284092700,Cc1nc(-c2cccc(C(=O)Cl)c2)no1,,,,"MolVec 0.9.8 (git b412dd0, Maven Central)",0.24229053594172
uob,maybridge-0250-357692893,Cc1noc(-c2ccc(C(=O)Cl)cc2)n1,,,,"MolVec 0.9.8 (git b412dd0, Maven Central)",0.2579248920083046
uob,maybridge-0250-420371485,Cc1nc(-c2ccc(C(=O)Cl)cc2)no1,,,,"MolVec 0.9.8 (git b412dd0, Maven Central)",0.32624976988881826
uob,maybridge-0250-468453058,O=C(Cl)c1ccc(-n2cccn2)cc1,,,,"MolVec 0.9.8 (git b412dd0, Maven Central)",0.25747323501855135
uob,maybridge-0250-548544817,O=C(Cl)c1ccccc1-c1cccs1,,,,"MolVec 0.9.8 (git b412dd0, Maven Central)",0.2535381349734962
uob,maybridge-0250-564284025,O=C(Cl)c1ccc(-c2nccs2)cc1,,,,"MolVec 0.9.8 (git b412dd0, Maven Central)",0.26118350494652987
uob,maybridge-0250-650485009,O=C(Cl)c1ccc(-c2cccs2)cc1,,,,"MolVec 0.9.8 (git b412dd0, Maven Central)",0.2887141720857471
uob,maybridge-0250-72384215,O=C(Cl)c1cccc(-c2ccsc2)c1,,,,"MolVec 0.9.8 (git b412dd0, Maven Central)",0.2510443548671901
uob,maybridge-0250-799709892,O=C(Cl)c1cc(Cl)cc(Cl)c1,,,,"MolVec 0.9.8 (git b412dd0, Maven Central)",0.23598162992857397
uob,maybridge-0251-108978833,O=C(Cl)c1ccc(-c2csnn2)cc1,,,,"MolVec 0.9.8 (git b412dd0, Maven Central)",0.30759242991916835
uob,maybridge-0251-223747043,O=C(Cl)c1ccc(Oc2ccccn2)cc1,,,,"MolVec 0.9.8 (git b412dd0, Maven Central)",0.19880247209221125
uob,maybridge-0251-22965663,O=C(Cl)c1ccccc1COc1ccccc1,,,,"MolVec 0.9.8 (git b412dd0, Maven Central)",0.30747473891824484
uob,maybridge-0251-262612747,COc1ccc(Br)c(C(=O)Cl)c1,,,,"MolVec 0.9.8 (git b412dd0, Maven Central)",0.22630450502038002
uob,maybridge-0251-419143082,O=C(Cl)c1ccccc1OC1CCOCC1,,,,"MolVec 0.9.8 (git b412dd0, Maven Central)",0.26402800786308944
uob,maybridge-0251-438556059,O=C(Cl)c1ccccc1Oc1ccccc1,,,,"MolVec 0.9.8 (git b412dd0, Maven Central)",0.2642965780105442
uob,maybridge-0251-530368557,O=C(Cl)c1cccc(Oc2ccccc2)c1,,,,"MolVec 0.9.8 (git b412dd0, Maven Central)",0.26164582604542375
uob,maybridge-0251-561990257,O=C(Cl)c1cccc(COc2ccccc2)c1,,,,"MolVec 0.9.8 (git b412dd0, Maven Central)",0.2850745520554483
uob,maybridge-0251-608887817,Cc1nc(-c2ccc(C(=O)Cl)cc2)cs1,,,,"MolVec 0.9.8 (git b412dd0, Maven Central)",0.33685669489204884
uob,maybridge-0251-725907295,O=C(Cl)c1c(F)c(F)c(F)c(F)c1F,,,,"MolVec 0.9.8 (git b412dd0, Maven Central)",0.25546859996393323
uob,maybridge-0251-726203324,Cc1nc(-c2cccc(C(=O)Cl)c2)cs1,,,,"MolVec 0.9.8 (git b412dd0, Maven Central)",0.2983128009364009
uob,maybridge-0251-951930831,O=C(Cl)c1ccc(Oc2ccccc2)cc1,,,,"MolVec 0.9.8 (git b412dd0, Maven Central)",0.3078603078611195
uob,maybridge-0252-1037989349,Cc1c(Br)cc(C(=O)Cl)c(C)c1C,,,,"MolVec 0.9.8 (git b412dd0, Maven Central)",0.18215260887518525
uob,maybridge-0252-166516620,O=C(Cl)c1ccc(Cl)nc1,,,,"MolVec 0.9.8 (git b412dd0, Maven Central)",0.20236564613878727
uob,maybridge-0252-254357769,CCCN(CCC)S(=O)(=O)c1ccc(C(=O)Cl)cc1,,,,"MolVec 0.9.8 (git b412dd0, Maven Central)",0.2543475730344653
uob,maybridge-0252-268534954,COc1ccc(C(=O)Cl)cc1OC1CCCC1,,,,"MolVec 0.9.8 (git b412dd0, Maven Central)",0.25004909094423056
uob,maybridge-0252-271223807,O=C(Cl)Cc1cc(F)cc(F)c1,,,,"MolVec 0.9.8 (git b412dd0, Maven Central)",0.1815711408853531
uob,maybridge-0252-40713479,O=C(Cl)c1ccnc(Cl)c1,,,,"MolVec 0.9.8 (git b412dd0, Maven Central)",0.23460927605628967
uob,maybridge-0252-586208998,O=C(Cl)/C=C/c1ccc(OC(F)(F)F)cc1,,,,"MolVec 0.9.8 (git b412dd0, Maven Central)",0.24168582912534475
uob,maybridge-0252-636297699,CC(C)(Oc1ccc(Cl)cc1)C(=O)Cl,,,,"MolVec 0.9.8 (git b412dd0, Maven Central)",0.20600781496614218
uob,maybridge-0252-948175075,C/C(=C\c1ccccc1)C(=O)Cl,,,,"MolVec 0.9.8 (git b412dd0, Maven Central)",0.23197012394666672
uob,maybridge-0252-95344405,O=C(Cl)c1ccc(-n2ccc(C(F)(F)F)n2)cc1,,,,"MolVec 0.9.8 (git b412dd0, Maven Central)",0.32662906893529
uob,maybridge-0253-1023549242,O=C(Cl)c1cc(F)c(Cl)nc1Cl,,,,"MolVec 0.9.8 (git b412dd0, Maven Central)",0.22952713700942695
uob,maybridge-0253-1025888390,O=C(Cl)c1cccnc1Sc1ccccc1,,,,"MolVec 0.9.8 (git b412dd0, Maven Central)",0.2906244930345565
uob,maybridge-0253-179604263,O=C(Cl)c1cccnc1Oc1ccccc1,,,,"MolVec 0.9.8 (git b412dd0, Maven Central)",0.2781362780369818
uob,maybridge-0253-276826410,O=C(Cl)c1ccc(N2CCOCC2)nc1,,,,"MolVec 0.9.8 (git b412dd0, Maven Central)",0.23897695308551192
uob,maybridge-0253-304267783,O=C(Cl)c1ccc(Oc2ccccc2)nc1,,,,"MolVec 0.9.8 (git b412dd0, Maven Central)",0.25859689386561513
uob,maybridge-0253-305839550,COc1cc(C(=O)Cl)cc(Cl)n1,,,,"MolVec 0.9.8 (git b412dd0, Maven Central)",0.18822067696601152
uob,maybridge-0253-464897998,O=C(Cl)c1cc(Cl)nc(Cl)c1,,,,"MolVec 0.9.8 (git b412dd0, Maven Central)",0.2313696681521833
uob,maybridge-0253-524725073,O=C(Cl)c1ccc(-c2ccccc2)nc1,,,,"MolVec 0.9.8 (git b412dd0, Maven Central)",0.26099437777884305
uob,maybridge-0253-643022560,O=C(Cl)c1cc(Cl)cnc1Cl,,,,"MolVec 0.9.8 (git b412dd0, Maven Central)",0.2063273168168962
uob,maybridge-0253-871453335,O=C(Cl)c1cncc(Br)c1,,,,"MolVec 0.9.8 (git b412dd0, Maven Central)",0.21219635917805135
uob,maybridge-0253-990173319,Cc1cc(C(=O)Cl)cc(Cl)n1,,,,"MolVec 0.9.8 (git b412dd0, Maven Central)",0.1692820170428604
uob,maybridge-0254-1071927081,O=C(Cl)C1CCN(C(=O)OCc2ccccc2)CC1,,,,"MolVec 0.9.8 (git b412dd0, Maven Central)",0.3623615780379623
uob,maybridge-0254-264174974,O=C(Cl)C1CCN(c2nccc(C(F)(F)F)n2)CC1,,,,"MolVec 0.9.8 (git b412dd0, Maven Central)",0.3191314490977675
uob,maybridge-0254-414021892,O=C(Cl)c1cnc(Cl)nc1C(F)(F)F,,,,"MolVec 0.9.8 (git b412dd0, Maven Central)",0.23751420294865966
uob,maybridge-0254-447541372,O=C(Cl)c1cccnc1Oc1ccc(Cl)cc1,,,,"MolVec 0.9.8 (git b412dd0, Maven Central)",0.3267363409977406
uob,maybridge-0254-552751449,O=C(Cl)c1cnccn1,,,,"MolVec 0.9.8 (git b412dd0, Maven Central)",0.1544203960802406
uob,maybridge-0254-621669069,O=C(Cl)C1CCCN(C(=O)OCc2ccccc2)C1,,,,"MolVec 0.9.8 (git b412dd0, Maven Central)",0.37562108505517244
uob,maybridge-0254-822999649,O=C(Cl)c1cccnc1Sc1ccc(Cl)cc1,,,,"MolVec 0.9.8 (git b412dd0, Maven Central)",0.31352714891545475
uob,maybridge-0254-970917308,Cc1ccc(Sc2ncccc2C(=O)Cl)cc1,,,,"MolVec 0.9.8 (git b412dd0, Maven Central)",0.32204658002592623
uob,maybridge-0255-1000095251,O=C(Cl)c1sc2sccc2c1Cl,,,,"MolVec 0.9.8 (git b412dd0, Maven Central)",0.2436076570302248
uob,maybridge-0255-1067768426,Cn1nc(C(=O)Cl)c2ccccc21,,,,"MolVec 0.9.8 (git b412dd0, Maven Central)",0.2617078551556915
uob,maybridge-0255-430837409,Cn1nc2ccccc2c1C(=O)Cl,,,,"MolVec 0.9.8 (git b412dd0, Maven Central)",0.1837591389194131
uob,maybridge-0255-521797377,O=C(Cl)c1cn(S(=O)(=O)c2ccccc2)c2ccccc12,,,,"MolVec 0.9.8 (git b412dd0, Maven Central)",0.4026749541517347
uob,maybridge-0255-542955538,O=S1(=O)C2=O(=C(Cl)C3=CC4=C(C=CC=C4)N31)C=CC=C2,,,,"MolVec 0.9.8 (git b412dd0, Maven Central)",0.4386519028339535
uob,maybridge-0255-622008451,O=C1CC1c1cc2sccc2[nH]1,,,,"MolVec 0.9.8 (git b412dd0, Maven Central)",0.1800022937823087
uob,maybridge-0255-638714906,O=C(Cl)c1cc2c(Cl)cc(Cl)cc2[nH]1,,,,"MolVec 0.9.8 (git b412dd0, Maven Central)",0.40908859111368656
uob,maybridge-0255-643979570,O=C(Cl)C1CCCCO1,,,,"MolVec 0.9.8 (git b412dd0, Maven Central)",0.1659665449988097
uob,maybridge-0255-672862050,Cc1nn(C)c2sc(C(=O)Cl)cc12,,,,"MolVec 0.9.8 (git b412dd0, Maven Central)",0.25630209711380303
uob,maybridge-0255-91185879,O=C(Cl)C1CCOCC1,,,,"MolVec 0.9.8 (git b412dd0, Maven Central)",0.14153577503748238
uob,maybridge-0256-133120537,O=C(Cl)c1ccc2nccn2c1,,,,"MolVec 0.9.8 (git b412dd0, Maven Central)",0.26916529797017574
uob,maybridge-0256-146395075,O=C(Cl)c1cc2ccccc2o1,,,,"MolVec 0.9.8 (git b412dd0, Maven Central)",0.35037991288118064
uob,maybridge-0256-189150257,O=C(Cl)c1ccc2occc2c1,,,,"MolVec 0.9.8 (git b412dd0, Maven Central)",0.2468532610218972
uob,maybridge-0256-40934644,O=C(Cl)Cc1coc2ccccc12,,,,"MolVec 0.9.8 (git b412dd0, Maven Central)",0.34192762104794383
uob,maybridge-0256-47467029,O=C(Cl)c1cc2cc(Br)ccc2o1,,,,"MolVec 0.9.8 (git b412dd0, Maven Central)",0.33637202414684
uob,maybridge-0256-50535184,CC(C)n1c(C(F)(F)F)nc2cc(C(=O)Cl)ccc21,,,,"MolVec 0.9.8 (git b412dd0, Maven Central)",0.3892344671767205
uob,maybridge-0256-546059985,O=C(Cl)c1cnn2ccccc12,,,,"MolVec 0.9.8 (git b412dd0, Maven Central)",0.2932452978566289
uob,maybridge-0256-57297807,CC(C)n1nnc2cc(C(=O)Cl)ccc21,,,,"MolVec 0.9.8 (git b412dd0, Maven Central)",0.32469433499500155
uob,maybridge-0256-854686524,Cc1nc2ccccn2c1C(=O)Cl,,,,"MolVec 0.9.8 (git b412dd0, Maven Central)",0.30962735787034035
uob,maybridge-0256-936515810,CN1NNc2cc(C(=O)Cl)ccc21,,,,"MolVec 0.9.8 (git b412dd0, Maven Central)",0.2754236429464072
uob,maybridge-0256-964693469,O=C(Cl)C1Cc2ccccc2O1,,,,"MolVec 0.9.8 (git b412dd0, Maven Central)",0.3176905510481447
uob,maybridge-0257-145267544,CC1(C)Cc2cccc(C(=O)Cl)c2O1,,,,"MolVec 0.9.8 (git b412dd0, Maven Central)",0.29786306619644165
uob,maybridge-0257-148915227,O=C(Cl)Cc1ccc2c(c1)OCO2,,,,"MolVec 0.9.8 (git b412dd0, Maven Central)",0.24288340494967997
uob,maybridge-0257-200080862,Cc1ccc2sc(C(=O)Cl)cc2c1,,,,"MolVec 0.9.8 (git b412dd0, Maven Central)",0.31816779100336134
uob,maybridge-0257-257310615,O=C(Cl)c1cc2cc([N+](=O)[O-])ccc2s1,,,,"MolVec 0.9.8 (git b412dd0, Maven Central)",0.3693083138205111
uob,maybridge-0257-374568481,O=C(Cl)c1cccc2c1OCC2,,,,"MolVec 0.9.8 (git b412dd0, Maven Central)",0.28970336099155247
uob,maybridge-0257-443159561,O=C(Cl)c1cc(Br)cc2c1OCC2,,,,"MolVec 0.9.8 (git b412dd0, Maven Central)",0.31403585989028215
uob,maybridge-0257-624610063,O=C(Cl)c1csc2ccccc12,,,,"MolVec 0.9.8 (git b412dd0, Maven Central)",0.2508723880164325
uob,maybridge-0257-74004776,O=C(Cl)c1sc2ccccc2c1Cl,,,,"MolVec 0.9.8 (git b412dd0, Maven Central)",0.40889726602472365
uob,maybridge-0257-835116058,O=C(Cl)c1ccc2c(c1)CCO2,,,,"MolVec 0.9.8 (git b412dd0, Maven Central)",0.2880383029114455
uob,maybridge-0257-847591003,O=C(Cl)c1cc2ccccc2s1,,,,"MolVec 0.9.8 (git b412dd0, Maven Central)",0.3473490809556097
uob,maybridge-0257-942934547,O=C(Cl)c1ccc2c(c1)OCO2,,,,"MolVec 0.9.8 (git b412dd0, Maven Central)",0.2807907189708203
uob,maybridge-0258-1015543656,O=C(Cl)c1ccc2sccc2c1,,,,"MolVec 0.9.8 (git b412dd0, Maven Central)",0.22970063891261816
uob,maybridge-0258-1053374137,O=C(Cl)c1sc(Br)c2c1OCCO2,,,,"MolVec 0.9.8 (git b412dd0, Maven Central)",0.3186966450884938
uob,maybridge-0258-279319738,O=C(Cl)c1csc2ccc(Br)cc12,,,,"MolVec 0.9.8 (git b412dd0, Maven Central)",0.21302488399669528
uob,maybridge-0258-352237267,O=C(Cl)c1scc2c1OCCO2,,,,"MolVec 0.9.8 (git b412dd0, Maven Central)",0.25006242701783776
uob,maybridge-0258-425545200,O=C(Cl)Cc1ccc2ccccc2c1,,,,"MolVec 0.9.8 (git b412dd0, Maven Central)",0.1786754159256816
uob,maybridge-0258-463732373,O=C(Cl)c1cc2cc(Br)ccc2s1,,,,"MolVec 0.9.8 (git b412dd0, Maven Central)",0.31502187601290643
uob,maybridge-0258-517582405,O=C(Cl)c1nc2ccccc2s1,,,,"MolVec 0.9.8 (git b412dd0, Maven Central)",0.22999336593784392
uob,maybridge-0258-592269071,O=C(Cl)c1ccc2nsnc2c1,,,,"MolVec 0.9.8 (git b412dd0, Maven Central)",0.23893244680948555
uob,maybridge-0258-690333280,O=C(Cl)c1ccc2snnc2c1,,,,"MolVec 0.9.8 (git b412dd0, Maven Central)",0.1796455590520054
uob,maybridge-0258-724151387,O=C(Cl)c1cccc2nsnc12,,,,"MolVec 0.9.8 (git b412dd0, Maven Central)",0.20065437187440693
uob,maybridge-0258-909357762,O=C(Cl)c1ccc2nonc2c1,,,,"MolVec 0.9.8 (git b412dd0, Maven Central)",0.22117612813599408
uob,maybridge-0259-1061546157,O=C(Cl)c1cnc2ccccc2n1,,,,"MolVec 0.9.8 (git b412dd0, Maven Central)",0.21452277107164264
uob,maybridge-0259-106337096,O=C(Cl)c1cccc2c1OCCO2,,,,"MolVec 0.9.8 (git b412dd0, Maven Central)",0.20526957605034113
uob,maybridge-0259-134642530,CC1(C)CCC(C)(C)c2cc(C(=O)Cl)ccc21,,,,"MolVec 0.9.8 (git b412dd0, Maven Central)",0.2927634089719504
uob,maybridge-0259-171553671,O=C(Cl)C1=Cc2cc(Cl)ccc2OC1,,,,"MolVec 0.9.8 (git b412dd0, Maven Central)",0.25886374106630683
uob,maybridge-0259-196525980,O=C(Cl)c1ccc2nccnc2c1,,,,"MolVec 0.9.8 (git b412dd0, Maven Central)",0.20079599996097386
uob,maybridge-0259-197202074,O=C(Cl)Cc1cccc2ccccc12,,,,"MolVec 0.9.8 (git b412dd0, Maven Central)",0.2726666459348053
uob,maybridge-0259-302975068,O=C(Cl)c1ccc2c(c1)OCCO2,,,,"MolVec 0.9.8 (git b412dd0, Maven Central)",0.1840723380446434
uob,maybridge-0259-627248368,O=C(Cl)c1cc2ccccc2nc1Cl,,,,"MolVec 0.9.8 (git b412dd0, Maven Central)",0.2639307230710983
uob,maybridge-0259-668323320,O=C(Cl)c1cc(Cl)nc2ccc(Br)cc12,,,,"MolVec 0.9.8 (git b412dd0, Maven Central)",0.3086050348356366
uob,maybridge-0259-675731522,O=C(Cl)C1COc2ccccc2C1,,,,"MolVec 0.9.8 (git b412dd0, Maven Central)",0.2600604519248009
uob,maybridge-0259-903623484,O=C(Cl)C1COc2ccccc2O1,,,,"MolVec 0.9.8 (git b412dd0, Maven Central)",0.22404469386674464
uob,maybridge-0259-945917862,O=C(Cl)C1=Cc2ccccc2OC1,,,,"MolVec 0.9.8 (git b412dd0, Maven Central)",0.25290744099766016
uob,maybridge-0260-175839727,CN1CCOc2cc(C(=O)Cl)ccc21,,,,"MolVec 0.9.8 (git b412dd0, Maven Central)",0.2741761968936771
uob,maybridge-0260-253273200,O=C(Cl)c1cccc2c1-c1ccccc1-2,,,,"MolVec 0.9.8 (git b412dd0, Maven Central)",0.26452734391205013
uob,maybridge-0260-455205813,O=C(Cl)c1cccc2c1OCCCO2,,,,"MolVec 0.9.8 (git b412dd0, Maven Central)",0.2265177220106125
uob,maybridge-0261-254648839,O=C(Oc1c(F)c(F)c(F)c(F)c1F)c1ccccc1N1CCOCC1,,,,"MolVec 0.9.8 (git b412dd0, Maven Central)",0.47604242991656065
uob,maybridge-0261-38269464,Cn1cnc(C(=O)Oc2c(F)c(F)c(F)c(F)c2F)c1,,,,"MolVec 0.9.8 (git b412dd0, Maven Central)",0.39332036301493645
uob,maybridge-0261-623329111,Cc1cncc(N2CCC(C(=O)Oc3c(F)c(F)c(F)c(F)c3F)CC2)n1,,,,"MolVec 0.9.8 (git b412dd0, Maven Central)",0.5150303808040917
uob,maybridge-0261-802614463,O=C(Oc1c(F)c(F)c(F)c(F)c1F)c1csc(-c2cccnc2)n1,,,,"MolVec 0.9.8 (git b412dd0, Maven Central)",0.5333220369648188
uob,maybridge-0261-808428994,O=C(Oc1c(F)c(F)c(F)c(F)c1F)c1ccc(-c2cnco2)cc1,,,,"MolVec 0.9.8 (git b412dd0, Maven Central)",0.4782763470429927
uob,maybridge-0261-991172114,O=C(Oc1c(F)c(F)c(F)c(F)c1F)c1cc(C(F)(F)F)ccc1N1CCOCC1,,,,"MolVec 0.9.8 (git b412dd0, Maven Central)",0.546719399979338
uob,maybridge-0262-1066572532,CCOC(=O)c1[nH]c(C)c(C=O)c1C,,,,"MolVec 0.9.8 (git b412dd0, Maven Central)",0.2257259921170771
uob,maybridge-0262-164155606,CCCC(=O)OC[C@H]1CO1,,,,"MolVec 0.9.8 (git b412dd0, Maven Central)",0.154268009820953
uob,maybridge-0262-209566966,COC(=O)c1cc(C=O)cn1C,,,,"MolVec 0.9.8 (git b412dd0, Maven Central)",0.2016952228732407
uob,maybridge-0262-558412576,CCOC(=O)C1CC1C,,,,"MolVec 0.9.8 (git b412dd0, Maven Central)",0.12193129980005324
uob,maybridge-0262-606120762,COC(=O)c1cc(N)cn1C,,,,"MolVec 0.9.8 (git b412dd0, Maven Central)",0.22878555906936526
uob,maybridge-0262-797391972,COC(=O)C1(C)CCC(C(=O)O)C1(C)C,,,,"MolVec 0.9.8 (git b412dd0, Maven Central)",0.21036904701031744
uob,maybridge-0262-826828311,COC(=O)c1c(C=O)c(C)n(C)c1C,,,,"MolVec 0.9.8 (git b412dd0, Maven Central)",0.2373128361068666
uob,maybridge-0262-866046703,CCOC(=O)C1(C)CC1,,,,"MolVec 0.9.8 (git b412dd0, Maven Central)",0.1239237580448389
uob,maybridge-0262-892501466,COC(=O)c1cc(C)[nH]c1C,,,,"MolVec 0.9.8 (git b412dd0, Maven Central)",0.21673143305815756
uob,maybridge-0262-922948518,COC(=O)c1c(C)[nH]c(C)c1C=O,,,,"MolVec 0.9.8 (git b412dd0, Maven Central)",0.2051729429513216
uob,maybridge-0263-1028753025,CCOC(=O)c1[nH]c(C)c(S(=O)(=O)Cl)c1C,,,,"MolVec 0.9.8 (git b412dd0, Maven Central)",0.2873024239670485
uob,maybridge-0263-261661859,CCOC(=O)c1[nH]c(C)c(C(C)=O)c1C,,,,"MolVec 0.9.8 (git b412dd0, Maven Central)",0.2870225589722395
uob,maybridge-0263-37702896,CCOC(=O)c1c(C=O)c(C)n(-c2ccccc2)c1C,,,,"MolVec 0.9.8 (git b412dd0, Maven Central)",0.36548409308306873
uob,maybridge-0263-448514201,CCOC(=O)c1[nH]c(C)c(CO)c1C,,,,"MolVec 0.9.8 (git b412dd0, Maven Central)",0.2514863519463688
uob,maybridge-0263-522112542,COC(=O)C1=CC=C([S+]=[O-])N1C,,,,"MolVec 0.9.8 (git b412dd0, Maven Central)",0.2151508848182857
uob,maybridge-0263-557579004,COC(=O)c1cc(C)n(C)n1,,,,"MolVec 0.9.8 (git b412dd0, Maven Central)",0.17813710612244904
uob,maybridge-0263-714841753,CCOC(=O)c1[nH]c(C)c(Br)c1C,,,,"MolVec 0.9.8 (git b412dd0, Maven Central)",0.2133820690214634
uob,maybridge-0263-773361529,CCOC(=O)c1cc(C)n[nH]1,,,,"MolVec 0.9.8 (git b412dd0, Maven Central)",0.19466981617733836
uob,maybridge-0263-794456799,COC(=O)c1ccc(S(=O)(=O)NC(C)(C)C)n1C,,,,"MolVec 0.9.8 (git b412dd0, Maven Central)",0.26730165793560445
uob,maybridge-0263-823330514,CCOC(=O)c1c(C=O)c(C)n(C2CC2)c1C,,,,"MolVec 0.9.8 (git b412dd0, Maven Central)",0.265470138983801
uob,maybridge-0264-1032023327,CCOC(=O)c1cnn(C)c1N,,,,"MolVec 0.9.8 (git b412dd0, Maven Central)",0.24697500187903643
uob,maybridge-0264-259030448,CCOC(=O)c1cc(-c2ccco2)nn1C,,,,"MolVec 0.9.8 (git b412dd0, Maven Central)",0.3000889190007001
uob,maybridge-0264-443905579,CCOC(=O)c1cc(-c2ccccc2)nn1C,,,,"MolVec 0.9.8 (git b412dd0, Maven Central)",0.33872931892983615
uob,maybridge-0264-447872535,CCOC(=O)c1cc(-c2ccco2)[nH]n1,,,,"MolVec 0.9.8 (git b412dd0, Maven Central)",0.3224988079164177
uob,maybridge-0264-519403766,CCOC(=O)c1c(C)n[nH]c1C,,,,"MolVec 0.9.8 (git b412dd0, Maven Central)",0.19244974805042148
uob,maybridge-0264-791301756,CCOC(=O)c1cc(C(C)(C)C)n[nH]1,,,,"MolVec 0.9.8 (git b412dd0, Maven Central)",0.23085734783671796
uob,maybridge-0264-887632290,CCOC(=O)c1cc(C)nn1C,,,,"MolVec 0.9.8 (git b412dd0, Maven Central)",0.17225807416252792
uob,maybridge-0264-92561731,CCOC(=O)c1cc(-c2ccco2)n(C)n1,,,,"MolVec 0.9.8 (git b412dd0, Maven Central)",0.29974735295400023
uob,maybridge-0264-954338933,CCOC(=O)c1cc(C)n(C(C)(C)C)n1,,,,"MolVec 0.9.8 (git b412dd0, Maven Central)",0.2105132699944079
uob,maybridge-0264-962565061,CCOC(=O)c1cc(-c2cccs2)[nH]n1,,,,"MolVec 0.9.8 (git b412dd0, Maven Central)",0.3118432180490345
uob,maybridge-0265-1035578103,CCOC(=O)c1cnn(-c2ccccc2)c1C(F)(F)F,,,,"MolVec 0.9.8 (git b412dd0, Maven Central)",0.3962281350977719
uob,maybridge-0265-1036294649,CCOC(=O)c1cc(-c2cccs2)nn1C,,,,"MolVec 0.9.8 (git b412dd0, Maven Central)",0.3198689299169928
uob,maybridge-0265-232383032,CCOC(=O)c1cnn(-c2c([N+](=O)[O-])c(C)nn2C)c1N,,,,"MolVec 0.9.8 (git b412dd0, Maven Central)",0.35407539596781135
uob,maybridge-0265-401397655,CCOC(=O)c1cc(-c2cccs2)n(C)n1,,,,"MolVec 0.9.8 (git b412dd0, Maven Central)",0.3037866388913244
uob,maybridge-0265-501024831,CCOC(=O)c1cnn(-c2ccc(F)cc2)c1N,,,,"MolVec 0.9.8 (git b412dd0, Maven Central)",0.361624508863315
uob,maybridge-0265-825594574,CCOC(=O)c1cnn(-c2ccc([N+](=O)[O-])cc2)c1N,,,,"MolVec 0.9.8 (git b412dd0, Maven Central)",0.3987281599547714
uob,maybridge-0265-844419279,CCOC(=O)c1cnn(-c2ccc(N)cc2)c1C,,,,"MolVec 0.9.8 (git b412dd0, Maven Central)",0.361364166950807
uob,maybridge-0265-905664093,CCOC(=O)c1cc(-c2ccccc2)n(C)n1,,,,"MolVec 0.9.8 (git b412dd0, Maven Central)",0.3273958060890436
uob,maybridge-0266-1014579549,CCC.O=C(O)Cn1cnc(Cl)c1Cl,,,,"MolVec 0.9.8 (git b412dd0, Maven Central)",0.24975516996346414
uob,maybridge-0266-106384822,CCOC(=O)c1cnn(-c2ccc(Cl)cc2)c1C(F)(F)F,,,,"MolVec 0.9.8 (git b412dd0, Maven Central)",0.36690401495434344
uob,maybridge-0266-316800857,CC(=O)C1=CN=CC1C,,,,"MolVec 0.9.8 (git b412dd0, Maven Central)",0.142696978058666
uob,maybridge-0266-44254184,COC(=O)c1cn(C)cn1,,,,"MolVec 0.9.8 (git b412dd0, Maven Central)",0.1679185121320188
uob,maybridge-0266-591567539,CCO.CCO/C1=O2=C(C=CC=C/2)CN2CCC[C@H]2CC1.O=[N+]1CC1,,,,"MolVec 0.9.8 (git b412dd0, Maven Central)",0.48694094200618565
uob,maybridge-0266-834175596,COC(=O)c1cnc(S)n1C,,,,"MolVec 0.9.8 (git b412dd0, Maven Central)",0.15413146279752254
uob,maybridge-0266-858939326,CCOC(=O)C1CN(Cc2ccco2)C(=O)C1=O,,,,"MolVec 0.9.8 (git b412dd0, Maven Central)",0.3284812590572983
uob,maybridge-0266-879384827,CCOC(=O)c1c[nH]c(S)n1,,,,"MolVec 0.9.8 (git b412dd0, Maven Central)",0.20699547417461872
uob,maybridge-0266-936693545,CCOC(=O)c1cnn(-c2ccc(Cl)c(Cl)c2)c1C,,,,"MolVec 0.9.8 (git b412dd0, Maven Central)",0.35664787190034986
uob,maybridge-0267-111294065,COC(=O)c1ccc(CCl)o1,,,,"MolVec 0.9.8 (git b412dd0, Maven Central)",0.23352965689264238
uob,maybridge-0267-237076790,CCOC(=O)c1cc(-c2ccc(Cl)cc2)oc1C=O,,,,"MolVec 0.9.8 (git b412dd0, Maven Central)",0.5204675579443574
uob,maybridge-0267-366353979,CCOC(=O)CC(=O)c1ccco1,,,,"MolVec 0.9.8 (git b412dd0, Maven Central)",0.22234564111568034
uob,maybridge-0267-572846432,CCOC(=O)c1ccoc1,,,,"MolVec 0.9.8 (git b412dd0, Maven Central)",0.18539578304626048
uob,maybridge-0267-597575038,COC(=O)c1cc(C)cs1,,,,"MolVec 0.9.8 (git b412dd0, Maven Central)",0.22794719506055117
uob,maybridge-0267-655230353,COC(=O)C1=CC=C([S+]=[O-])O1,,,,"MolVec 0.9.8 (git b412dd0, Maven Central)",0.18534605507738888
uob,maybridge-0267-681917261,CCOC(=O)c1cc(-c2ccc(C)cc2)oc1C,,,,"MolVec 0.9.8 (git b412dd0, Maven Central)",0.4513804509770125
uob,maybridge-0267-702680857,COC(=O)c1c(C)oc(C)c1S(=O)(=O)Cl,,,,"MolVec 0.9.8 (git b412dd0, Maven Central)",0.2716584780719131
uob,maybridge-0267-754108534,COC(=O)c1cc(C=O)oc1C,,,,"MolVec 0.9.8 (git b412dd0, Maven Central)",0.20111717097461224
uob,maybridge-0267-764912361,CCOC(=O)c1cc(-c2ccc(F)cc2)oc1C,,,,"MolVec 0.9.8 (git b412dd0, Maven Central)",0.4008540690410882
uob,maybridge-0267-808294817,COC(=O)c1ccc(Oc2cccnc2)o1,,,,"MolVec 0.9.8 (git b412dd0, Maven Central)",0.3918912480585277
uob,maybridge-0267-829170996,COC(=O)C1=C(C)OC([S+]=[O-])=C1,,,,"MolVec 0.9.8 (git b412dd0, Maven Central)",0.22606485104188323
uob,maybridge-0268-15710719,COC(=O)c1ccsc1N,,,,"MolVec 0.9.8 (git b412dd0, Maven Central)",0.21008503413759172
uob,maybridge-0268-200444825,COC(=O)c1cscc1N,,,,"MolVec 0.9.8 (git b412dd0, Maven Central)",0.20032141101546586
uob,maybridge-0268-244268376,Nc1ccsc1C(=O)O,,,,"MolVec 0.9.8 (git b412dd0, Maven Central)",0.23933922592550516
uob,maybridge-0268-267412029,COC(=O)c1sccc1NN,,,,"MolVec 0.9.8 (git b412dd0, Maven Central)",0.23323997110128403
uob,maybridge-0268-425651885,COC(=O)c1sccc1O,,,,"MolVec 0.9.8 (git b412dd0, Maven Central)",0.21946860500611365
uob,maybridge-0268-59099193,CCOC(=O)c1c(C)csc1N,,,,"MolVec 0.9.8 (git b412dd0, Maven Central)",0.20870604296214879
uob,maybridge-0268-609383177,COC(=O)c1sccc1Cl,,,,"MolVec 0.9.8 (git b412dd0, Maven Central)",0.22480535903014243
uob,maybridge-0268-653871350,Cc1csc(C(=O)O)c1N,,,,"MolVec 0.9.8 (git b412dd0, Maven Central)",0.2150700748898089
uob,maybridge-0268-717759472,COC(=O)c1cscc1OC,,,,"MolVec 0.9.8 (git b412dd0, Maven Central)",0.19789940281771123
uob,maybridge-0268-808903102,COC(=O)c1scc(C#N)c1N,,,,"MolVec 0.9.8 (git b412dd0, Maven Central)",0.2769060127902776
uob,maybridge-0268-999181697,COC(=O)c1scc(C)c1Cl,,,,"MolVec 0.9.8 (git b412dd0, Maven Central)",0.2126277789939195
uob,maybridge-0269-1039159423,COC(=O)c1sccc1Br,,,,"MolVec 0.9.8 (git b412dd0, Maven Central)",0.20481356605887413
uob,maybridge-0269-1068463444,COC(=O)c1cscc1N,,,,"MolVec 0.9.8 (git b412dd0, Maven Central)",0.23393555101938546
uob,maybridge-0269-22244336,COC(=O)c1sc(C(C)(C)C)cc1N,,,,"MolVec 0.9.8 (git b412dd0, Maven Central)",0.2975768849719316
uob,maybridge-0269-229751669,COC(=O)c1sc(SC)c(C#N)c1N,,,,"MolVec 0.9.8 (git b412dd0, Maven Central)",0.29050543694756925
uob,maybridge-0269-26574672,CCOC(=O)c1c(N)sc(C)c1C,,,,"MolVec 0.9.8 (git b412dd0, Maven Central)",0.2411061089951545
uob,maybridge-0269-39845459,COC(=O)c1scc(S(C)(=O)=O)c1N,,,,"MolVec 0.9.8 (git b412dd0, Maven Central)",0.27358711999841034
uob,maybridge-0269-443893682,COC(=O)c1cc(C)c(Br)s1,,,,"MolVec 0.9.8 (git b412dd0, Maven Central)",0.21034513809718192
uob,maybridge-0269-612862411,COC(=O)c1sccc1N=C=S,,,,"MolVec 0.9.8 (git b412dd0, Maven Central)",0.23875014297664165
uob,maybridge-0269-813380918,COC(=O)c1scc(C)c1N=C=S,,,,"MolVec 0.9.8 (git b412dd0, Maven Central)",0.23585542407818139
uob,maybridge-0269-909693909,COC(=O)c1sc(-c2ccccc2)cc1N,,,,"MolVec 0.9.8 (git b412dd0, Maven Central)",0.3664385660085827
uob,maybridge-0270-1012007048,COC(=O)c1sccc1-c1ccc(C=O)o1,,,,"MolVec 0.9.8 (git b412dd0, Maven Central)",0.3175171450711787
uob,maybridge-0270-181399934,CCOC(=O)c1c(N)sc(C)c1-c1ccccc1,,,,"MolVec 0.9.8 (git b412dd0, Maven Central)",0.3636847250163555
uob,maybridge-0270-220936633,CCOC(=O)c1c(-c2ccco2)csc1N,,,,"MolVec 0.9.8 (git b412dd0, Maven Central)",0.2845403519459069
uob,maybridge-0270-25289288,CCOC(=O)c1c(-c2cccs2)csc1N,,,,"MolVec 0.9.8 (git b412dd0, Maven Central)",0.31878751004114747
uob,maybridge-0270-40939055,COC(=O)c1sc(-c2ccc(F)cc2)cc1N,,,,"MolVec 0.9.8 (git b412dd0, Maven Central)",0.41924918605946004
uob,maybridge-0270-540452329,C/C=C\C(=C(/C)C1CC1=O)C(=O)(=O)Cl.CO,,,,"MolVec 0.9.8 (git b412dd0, Maven Central)",0.22773641790263355
uob,maybridge-0270-545149418,COC(=O)c1scc(Br)c1OC,,,,"MolVec 0.9.8 (git b412dd0, Maven Central)",0.1988682160153985
uob,maybridge-0270-590844208,COC(=O)c1scc(S(=O)(=O)C(C)C)c1N,,,,"MolVec 0.9.8 (git b412dd0, Maven Central)",0.2562800939194858
uob,maybridge-0270-629919115,COC(=O)C1=CC(C)=C([S+]=[O-])S1,,,,"MolVec 0.9.8 (git b412dd0, Maven Central)",0.2381884411443025
uob,maybridge-0270-963151847,COC(=O)c1scc(Br)c1O,,,,"MolVec 0.9.8 (git b412dd0, Maven Central)",0.2075313408859074
uob,maybridge-0271-105416330,COC(=O)c1sc(N2CCCCC2)c(C#N)c1N,,,,"MolVec 0.9.8 (git b412dd0, Maven Central)",0.38019738206639886
uob,maybridge-0271-269375483,COC(=O)c1sccc1NC(=O)CBr,,,,"MolVec 0.9.8 (git b412dd0, Maven Central)",0.2545207098592073
uob,maybridge-0271-301788362,COC(=O)C1=CSC([S+]=[O-])=C1OC,,,,"MolVec 0.9.8 (git b412dd0, Maven Central)",0.20295777008868754
uob,maybridge-0271-338104194,CCOC(=O)c1c(-c2ccc(OC)cc2)csc1N,,,,"MolVec 0.9.8 (git b412dd0, Maven Central)",0.3903550300747156
uob,maybridge-0271-578922955,COC(=O)c1sc(-c2ccc(Cl)cc2)cc1N,,,,"MolVec 0.9.8 (git b412dd0, Maven Central)",0.3630266028922051
uob,maybridge-0271-675213291,COC(=O)c1ccsc1NC(=O)c1cccs1,,,,"MolVec 0.9.8 (git b412dd0, Maven Central)",0.3734713359735906
uob,maybridge-0271-799974992,COC(=O)c1cscc1Sc1ccc(Cl)cc1,,,,"MolVec 0.9.8 (git b412dd0, Maven Central)",0.2973388438113034
uob,maybridge-0271-827839817,COC(=O)c1sc(-c2ccc(C(C)(C)C)cc2)cc1N,,,,"MolVec 0.9.8 (git b412dd0, Maven Central)",0.4412381360307336
uob,maybridge-0271-951290943,COC(=O)c1cc(-c2ccccc2)c(C(F)(F)F)s1,,,,"MolVec 0.9.8 (git b412dd0, Maven Central)",0.43690849794074893
uob,maybridge-0271-993997092,CCOC(=O)c1c(-c2ccc(Cl)cc2)csc1N,,,,"MolVec 0.9.8 (git b412dd0, Maven Central)",0.355647194897756
uob,maybridge-0272-210589600,COC(=O)c1sc(C(F)(F)F)c(-c2ccccc2)c1N,,,,"MolVec 0.9.8 (git b412dd0, Maven Central)",0.5328080400358886
uob,maybridge-0272-290905515,CCOC(=O)c1sc(SC)c(S(C)(=O)=O)c1N,,,,"MolVec 0.9.8 (git b412dd0, Maven Central)",0.28287674114108086
uob,maybridge-0272-351616214,COC(=O)c1sc(Br)c(Br)c1O,,,,"MolVec 0.9.8 (git b412dd0, Maven Central)",0.2775793760083616
uob,maybridge-0272-448695196,CCOC(=O)c1c(-c2ccc(-c3ccccc3)cc2)csc1N,,,,"MolVec 0.9.8 (git b412dd0, Maven Central)",0.6061976228374988
uob,maybridge-0272-46537538,COC(=O)c1scc(S(=O)(=O)Cc2ccco2)c1N,,,,"MolVec 0.9.8 (git b412dd0, Maven Central)",0.40064277104102075
uob,maybridge-0272-542593683,CCOC(=O)C(=O)c1ccc(Br)s1,,,,"MolVec 0.9.8 (git b412dd0, Maven Central)",0.27865634695626795
uob,maybridge-0272-599119112,COC(=O)c1sc(SC)c(S(=O)(=O)C(C)C)c1N,,,,"MolVec 0.9.8 (git b412dd0, Maven Central)",0.3203690720256418
uob,maybridge-0272-662846860,CCOC(=O)c1c(-c2ccc(Br)cc2)csc1N,,,,"MolVec 0.9.8 (git b412dd0, Maven Central)",0.38710443396121264
uob,maybridge-0272-691494514,COC(=O)c1sc(C(F)(F)F)c(-c2ccccc2)c1S(=O)(=O)Cl,,,,"MolVec 0.9.8 (git b412dd0, Maven Central)",0.5207645930349827
uob,maybridge-0272-986472446,COC(=O)c1scc(S(=O)(=O)C(C)C)c1S(=O)(=O)Cl,,,,"MolVec 0.9.8 (git b412dd0, Maven Central)",0.3309542799834162
uob,maybridge-0273-115772403,O=C(O)c1cc(C(=O)CBr)on1,,,,"MolVec 0.9.8 (git b412dd0, Maven Central)",0.5316112001892179
uob,maybridge-0273-239548681,COC(=O)c1cc(O)no1,,,,"MolVec 0.9.8 (git b412dd0, Maven Central)",0.30009145312942564
uob,maybridge-0273-28297254,COC(=O)c1cc(C)on1,,,,"MolVec 0.9.8 (git b412dd0, Maven Central)",0.30863495799712837
uob,maybridge-0273-348617226,CCOC(=O)C(=O)CC(=O)c1cccs1,,,,"MolVec 0.9.8 (git b412dd0, Maven Central)",0.49559022998437285
uob,maybridge-0273-355409047,CCOC(=O)c1cc(-c2ccco2)on1,,,,"MolVec 0.9.8 (git b412dd0, Maven Central)",0.3832299839705229
uob,maybridge-0273-417566562,CCOC(=O)c1noc(C)c1C(C)=O,,,,"MolVec 0.9.8 (git b412dd0, Maven Central)",0.39590911590494215
uob,maybridge-0273-666736753,CCOC(=O)c1cc(-c2ccc(Br)s2)on1,,,,"MolVec 0.9.8 (git b412dd0, Maven Central)",0.5396264491137117
uob,maybridge-0273-708795227,COC(=O)C1CSCC1=O,,,,"MolVec 0.9.8 (git b412dd0, Maven Central)",0.2643736719619483
uob,maybridge-0273-785440577,COC(=O)c1coc(CCl)n1,,,,"MolVec 0.9.8 (git b412dd0, Maven Central)",0.3618403689470142
uob,maybridge-0273-807771894,CCOC(=O)c1nc(C)oc1C,,,,"MolVec 0.9.8 (git b412dd0, Maven Central)",0.34665535297244787
uob,maybridge-0273-827361524,CCOC(=O)c1cc(-c2cccs2)on1,,,,"MolVec 0.9.8 (git b412dd0, Maven Central)",0.5116529860533774
uob,maybridge-0274-145887472,CCOC(=O)c1csc(N)n1,,,,"MolVec 0.9.8 (git b412dd0, Maven Central)",0.1885424458887428
uob,maybridge-0274-224982073,CCOC(=O)c1c(C)nsc1N,,,,"MolVec 0.9.8 (git b412dd0, Maven Central)",0.20575669989921153
uob,maybridge-0274-25961567,CCOC(=O)c1sc(C)nc1-c1ccccc1,,,,"MolVec 0.9.8 (git b412dd0, Maven Central)",0.2682494658511132
uob,maybridge-0274-376363896,CCOC(=O)c1sc(Br)nc1C,,,,"MolVec 0.9.8 (git b412dd0, Maven Central)",0.18189180199988186
uob,maybridge-0274-428637621,CCOC(=O)c1nc(-c2cncc(Br)c2)no1,,,,"MolVec 0.9.8 (git b412dd0, Maven Central)",0.31437904690392315
uob,maybridge-0274-515984327,CCOC(=O)c1sc(N)nc1C,,,,"MolVec 0.9.8 (git b412dd0, Maven Central)",0.18141864310018718
uob,maybridge-0274-569989585,CCOC(=O)c1sc(Cl)nc1C,,,,"MolVec 0.9.8 (git b412dd0, Maven Central)",0.23811697703786194
uob,maybridge-0274-820625334,CCOC(=O)C1=NC(C2=CC=C([S+]=[O-])S2)=NO1,,,,"MolVec 0.9.8 (git b412dd0, Maven Central)",0.32027056301012635
uob,maybridge-0274-943027430,CCOC(=O)c1csc(C)n1,,,,"MolVec 0.9.8 (git b412dd0, Maven Central)",0.18430752493441105
uob,maybridge-0274-997555449,CCOC(=O)c1sc(-c2ccccc2)nc1C,,,,"MolVec 0.9.8 (git b412dd0, Maven Central)",0.34290161821991205
uob,maybridge-0275-1055120992,COC(=O)Cc1nc(C)sc1C,,,,"MolVec 0.9.8 (git b412dd0, Maven Central)",0.19143347605131567
uob,maybridge-0275-217241098,CCOC(=O)c1sc(-c2cccc(C(F)(F)F)c2)nc1O,,,,"MolVec 0.9.8 (git b412dd0, Maven Central)",0.4182831069920212
uob,maybridge-0275-32247950,CCOC(=O)c1csc(-c2ccc(Br)s2)n1,,,,"MolVec 0.9.8 (git b412dd0, Maven Central)",0.32340109208598733
uob,maybridge-0275-455607811,CCOC(=O)c1sc(-c2ccc(Cl)cc2)nc1O,,,,"MolVec 0.9.8 (git b412dd0, Maven Central)",0.4040332189761102
uob,maybridge-0275-601476895,CCOC(=O)Cc1csc(C)n1,,,,"MolVec 0.9.8 (git b412dd0, Maven Central)",0.2139615418855101
uob,maybridge-0275-695315905,CCOC(=O)c1cnc(NCc2ccccc2)s1,,,,"MolVec 0.9.8 (git b412dd0, Maven Central)",0.27992801018990576
uob,maybridge-0275-854576577,CCOC(=O)c1csc(-c2cccc(Cl)c2Cl)n1,,,,"MolVec 0.9.8 (git b412dd0, Maven Central)",0.3138612061738968
uob,maybridge-0275-864143222,CCOC(=O)c1sc(-c2ccc(C(F)(F)F)cc2)nc1C,,,,"MolVec 0.9.8 (git b412dd0, Maven Central)",0.3899273050483316
uob,maybridge-0275-909134470,CCOC(=O)c1csc(C2CCN(C(=O)OC(C)(C)C)CC2)n1,,,,"MolVec 0.9.8 (git b412dd0, Maven Central)",0.41997240181080997
uob,maybridge-0275-955938469,CCOC(=O)c1sc(C2CCN(C(=O)OC(C)(C)C)CC2)nc1C,,,,"MolVec 0.9.8 (git b412dd0, Maven Central)",0.48492428194731474
uob,maybridge-0276-101522799,COC(=O)c1ccc(N)c(C)c1,,,,"MolVec 0.9.8 (git b412dd0, Maven Central)",0.19561891700141132
uob,maybridge-0276-132582856,COC(=O)c1cccc(C#N)c1,,,,"MolVec 0.9.8 (git b412dd0, Maven Central)",0.1856182690244168
uob,maybridge-0276-218839836,CCOC(=O)c1csnn1,,,,"MolVec 0.9.8 (git b412dd0, Maven Central)",0.1559979598969221
uob,maybridge-0276-285481645,COC(=O)c1cccc(N)c1,,,,"MolVec 0.9.8 (git b412dd0, Maven Central)",0.1543420129455626
uob,maybridge-0276-528372213,CCOC(=O)C(=O)c1csc(NC=O)n1,,,,"MolVec 0.9.8 (git b412dd0, Maven Central)",0.260659241117537
uob,maybridge-0276-692767322,COC(=O)c1ccc(C)c(C)c1,,,,"MolVec 0.9.8 (git b412dd0, Maven Central)",0.163198548136279
uob,maybridge-0276-733947181,COC(=O)c1ccccc1C=O,,,,"MolVec 0.9.8 (git b412dd0, Maven Central)",0.1835505459457636
uob,maybridge-0276-869444652,COC(=O)Cc1nc(-c2ccccc2)sc1C,,,,"MolVec 0.9.8 (git b412dd0, Maven Central)",0.2688181078992784
uob,maybridge-0276-924777586,CC(C)(C)OC(=O)C(C)(C)Sc1nnc(N)s1,,,,"MolVec 0.9.8 (git b412dd0, Maven Central)",0.2145984610542655
uob,maybridge-0276-928663408,C#Cc1ccccc1C(=O)OC,,,,"MolVec 0.9.8 (git b412dd0, Maven Central)",0.20973836700432003
uob,maybridge-0276-929086530,COC(=O)c1cccc(C)c1,,,,"MolVec 0.9.8 (git b412dd0, Maven Central)",0.16941815498284996
uob,maybridge-0277-1064163445,COC(=O)c1ccc(F)cc1Cl,,,,"MolVec 0.9.8 (git b412dd0, Maven Central)",0.18454771698452532
uob,maybridge-0277-161485657,COC(=O)c1ccc(N)cc1,,,,"MolVec 0.9.8 (git b412dd0, Maven Central)",0.2047471299301833
uob,maybridge-0277-244811505,COC(=O)c1cc(Cl)ccc1O,,,,"MolVec 0.9.8 (git b412dd0, Maven Central)",0.20458364998921752
uob,maybridge-0277-271136143,COC(=O)c1ccc(OC)c(C#N)c1,,,,"MolVec 0.9.8 (git b412dd0, Maven Central)",0.21158538688905537
uob,maybridge-0277-283896864,COC(=O)c1ccc(N)cc1OC,,,,"MolVec 0.9.8 (git b412dd0, Maven Central)",0.22663393197581172
uob,maybridge-0277-344054978,COC(=O)c1ccc(N)c(N)c1,,,,"MolVec 0.9.8 (git b412dd0, Maven Central)",0.20655178395099938
uob,maybridge-0277-395811034,COC(=O)c1ccc(C)c(Cl)c1,,,,"MolVec 0.9.8 (git b412dd0, Maven Central)",0.17691142205148935
uob,maybridge-0277-595349350,COC(=O)c1cccc(N=C=O)c1,,,,"MolVec 0.9.8 (git b412dd0, Maven Central)",0.1740335680078715
uob,maybridge-0277-627356691,COC(=O)c1ccccc1N=C=S,,,,"MolVec 0.9.8 (git b412dd0, Maven Central)",0.22278169495984912
uob,maybridge-0277-731977734,COC(=O)c1ccccc1[N+](=O)[O-],,,,"MolVec 0.9.8 (git b412dd0, Maven Central)",0.2219776320271194
uob,maybridge-0277-829745572,COC(=O)c1ccc(B(O)O)cc1,,,,"MolVec 0.9.8 (git b412dd0, Maven Central)",0.2243786279577762
uob,maybridge-0277-942874765,CCOC(=O)c1ccc(N=C=O)cc1,,,,"MolVec 0.9.8 (git b412dd0, Maven Central)",0.1994871380738914
uob,maybridge-0278-213743567,CCOC(=O)c1cccc(B(O)O)c1,,,,"MolVec 0.9.8 (git b412dd0, Maven Central)",0.19962650211527944
uob,maybridge-0278-349697115,COC(=O)c1cc(Cl)cc(Cl)c1,,,,"MolVec 0.9.8 (git b412dd0, Maven Central)",0.20917184394784272
uob,maybridge-0278-363019173,CC(C)(C)OC(=O)c1cccc(N)c1,,,,"MolVec 0.9.8 (git b412dd0, Maven Central)",0.1983692271169275
uob,maybridge-0278-373821829,COC(=O)c1cccc(-c2cnco2)c1,,,,"MolVec 0.9.8 (git b412dd0, Maven Central)",0.2656088611111045
uob,maybridge-0278-436000342,COC(=O)c1cccc(C(F)(F)F)c1,,,,"MolVec 0.9.8 (git b412dd0, Maven Central)",0.2182141609955579
uob,maybridge-0278-517188069,CC(=O)Oc1c(C)cccc1C(=O)O,,,,"MolVec 0.9.8 (git b412dd0, Maven Central)",0.2080016729887575
uob,maybridge-0278-548827050,COC(=O)c1cccc(CN)c1,,,,"MolVec 0.9.8 (git b412dd0, Maven Central)",0.18964087194763124
uob,maybridge-0278-674910598,COC(=O)c1cccc(C(=O)O)c1N,,,,"MolVec 0.9.8 (git b412dd0, Maven Central)",0.23457252699881792
uob,maybridge-0278-714228924,CCOC(=O)c1ccc(NC)c(N)c1,,,,"MolVec 0.9.8 (git b412dd0, Maven Central)",0.25846493197605014
uob,maybridge-0278-731651075,COC(=O)c1ccc([N+](=O)[O-])c(C)c1,,,,"MolVec 0.9.8 (git b412dd0, Maven Central)",0.23718763096258044
uob,maybridge-0278-815730560,COC(=O)c1ccc(/C(N)=N/O)cc1,,,,"MolVec 0.9.8 (git b412dd0, Maven Central)",0.2675834898836911
uob,maybridge-0278-864047463,COC(=O)c1ccccc1-c1ccco1,,,,"MolVec 0.9.8 (git b412dd0, Maven Central)",0.23237213608808815
uob,maybridge-0279-135719878,CCOC(=O)c1ccc(C(F)(F)F)cc1,,,,"MolVec 0.9.8 (git b412dd0, Maven Central)",0.24006329011172056
uob,maybridge-0279-320256790,COC(=O)c1ccc(-c2nc(C)no2)cc1,,,,"MolVec 0.9.8 (git b412dd0, Maven Central)",0.3135136440396309
uob,maybridge-0279-328687985,CC(C)OC(=O)c1cccc(B(O)O)c1,,,,"MolVec 0.9.8 (git b412dd0, Maven Central)",0.22921231877990067
uob,maybridge-0279-34447958,COC(=O)c1ccccc1-c1nc(C)no1,,,,"MolVec 0.9.8 (git b412dd0, Maven Central)",0.2753993389196694
uob,maybridge-0279-468727691,CCOC(=O)c1cc(Cl)cc(Cl)c1,,,,"MolVec 0.9.8 (git b412dd0, Maven Central)",0.25540178385563195
uob,maybridge-0279-509732389,COC(=O)c1ccc(Cn2ccnc2)cc1,,,,"MolVec 0.9.8 (git b412dd0, Maven Central)",0.29107004310935736
uob,maybridge-0279-514838354,COC(=O)c1ccc(C(=O)OC)c(N)c1,,,,"MolVec 0.9.8 (git b412dd0, Maven Central)",0.2710380388889462
uob,maybridge-0279-592711186,COC(=O)c1cccc(Cn2cccn2)c1,,,,"MolVec 0.9.8 (git b412dd0, Maven Central)",0.24889026302844286
uob,maybridge-0279-663244937,COC(=O)c1ccc(N2CCCC2)cc1,,,,"MolVec 0.9.8 (git b412dd0, Maven Central)",0.27605108194984496
uob,maybridge-0279-676482419,COC(=O)c1ccc([N+](=O)[O-])cc1Cl,,,,"MolVec 0.9.8 (git b412dd0, Maven Central)",0.19905800791457295
uob,maybridge-0279-693624754,COC(=O)c1ccc(Cn2cccn2)cc1,,,,"MolVec 0.9.8 (git b412dd0, Maven Central)",0.261207700939849
uob,maybridge-0279-856860832,COC(=O)c1cccc(Cn2cncn2)c1,,,,"MolVec 0.9.8 (git b412dd0, Maven Central)",0.28009496512822807
uob,maybridge-0280-1065591024,COC(=O)c1cccc(CN2CCCCC2)c1,,,,"MolVec 0.9.8 (git b412dd0, Maven Central)",0.20586511585861444
uob,maybridge-0280-120158323,CCOC(=O)c1ccccc1-c1cccs1,,,,"MolVec 0.9.8 (git b412dd0, Maven Central)",0.30927065084688365
uob,maybridge-0280-225188944,CCOC(=O)c1ccc(-c2noc(C)n2)cc1,,,,"MolVec 0.9.8 (git b412dd0, Maven Central)",0.29927934403531253
uob,maybridge-0280-306192512,COC(=O)c1cccc(-c2csc(C)n2)c1,,,,"MolVec 0.9.8 (git b412dd0, Maven Central)",0.24099741410464048
uob,maybridge-0280-380247794,COC(=O)c1ccc(CN2CCCC2)cc1,,,,"MolVec 0.9.8 (git b412dd0, Maven Central)",0.26535399281419814
uob,maybridge-0280-399363280,COC(=O)c1ccc(Oc2ccccn2)cc1,,,,"MolVec 0.9.8 (git b412dd0, Maven Central)",0.23227686900645494
uob,maybridge-0280-469428667,COC(=O)c1ccccc1SCC(C)=O,,,,"MolVec 0.9.8 (git b412dd0, Maven Central)",0.20290561788715422
uob,maybridge-0280-612549421,COC(=O)c1ccc(OC(F)(F)F)cc1,,,,"MolVec 0.9.8 (git b412dd0, Maven Central)",0.20222612819634378
uob,maybridge-0280-722875797,COC(=O)c1cccc(CBr)c1,,,,"MolVec 0.9.8 (git b412dd0, Maven Central)",0.1594016181770712
uob,maybridge-0280-829450480,COC(=O)c1ccccc1OC(F)(F)F,,,,"MolVec 0.9.8 (git b412dd0, Maven Central)",0.2239571181125939
uob,maybridge-0280-842763000,COC(=O)c1ccccc1OCCN(C)C,,,,"MolVec 0.9.8 (git b412dd0, Maven Central)",0.1970344870351255
uob,maybridge-0280-968406330,CCOC(=O)c1cccc(-c2nccs2)c1,,,,"MolVec 0.9.8 (git b412dd0, Maven Central)",0.28508354793302715
uob,maybridge-0281-249907132,COC(=O)c1cccc(CN2CCN(C)CC2)c1,,,,"MolVec 0.9.8 (git b412dd0, Maven Central)",0.22723953193053603
uob,maybridge-0281-265905692,COC(=O)c1cc(OC)ccc1Br,,,,"MolVec 0.9.8 (git b412dd0, Maven Central)",0.24457399197854102
uob,maybridge-0281-3643493,CCOC(=O)c1ccccc1N1CCCN(C)CC1,,,,"MolVec 0.9.8 (git b412dd0, Maven Central)",0.27154519502073526
uob,maybridge-0281-410120842,COC(=O)c1ccccc1S(=O)(=O)Cl,,,,"MolVec 0.9.8 (git b412dd0, Maven Central)",0.23398544802330434
uob,maybridge-0281-467876852,COC(=O)c1cccc([N+](=O)[O-])c1NC(C)=O,,,,"MolVec 0.9.8 (git b412dd0, Maven Central)",0.2525162370875478
uob,maybridge-0281-573268017,CCOC(=O)c1ccccc1N1CCOCC1,,,,"MolVec 0.9.8 (git b412dd0, Maven Central)",0.2195762270130217
uob,maybridge-0281-616502964,COC(=O)c1ccc(CS(=O)(=O)Cl)cc1,,,,"MolVec 0.9.8 (git b412dd0, Maven Central)",0.28308796091005206
uob,maybridge-0281-719055685,COC(=O)c1cccc(CN2CCOCC2)c1,,,,"MolVec 0.9.8 (git b412dd0, Maven Central)",0.2522819971200079
uob,maybridge-0281-727846095,CCOC(=O)c1ccc(N2CCCN(C)CC2)cc1,,,,"MolVec 0.9.8 (git b412dd0, Maven Central)",0.27566899615339935
uob,maybridge-0281-770983256,COC(=O)c1ccc(CN2CCCCC2)cc1,,,,"MolVec 0.9.8 (git b412dd0, Maven Central)",0.26668432890437543
uob,maybridge-0281-863300567,COC(=O)c1ccc(CSc2ccccc2)cc1,,,,"MolVec 0.9.8 (git b412dd0, Maven Central)",0.2851968389004469
uob,maybridge-0281-997331153,COC(=O)c1ccc(CN2CCN(C)CC2)cc1,,,,"MolVec 0.9.8 (git b412dd0, Maven Central)",0.2528168091084808
uob,maybridge-0282-1000846226,CCOC(=O)Cc1cccc(OC)c1,,,,"MolVec 0.9.8 (git b412dd0, Maven Central)",0.19045214192010462
uob,maybridge-0282-1073628596,COC(=O)c1ccc(CN2CCN(C(=O)OC(C)(C)C)CC2)cc1,,,,"MolVec 0.9.8 (git b412dd0, Maven Central)",0.48362202290445566
uob,maybridge-0282-283237772,COC(=O)c1ccc(OC)c(S(=O)(=O)Cl)c1,,,,"MolVec 0.9.8 (git b412dd0, Maven Central)",0.20395102398470044
uob,maybridge-0282-332406601,CCOC(=O)c1cc(C)c(N)c(I)c1,,,,"MolVec 0.9.8 (git b412dd0, Maven Central)",0.27504039695486426
uob,maybridge-0282-407234089,CCOC(=O)C(=O)c1ccc(C)cc1,,,,"MolVec 0.9.8 (git b412dd0, Maven Central)",0.22888062405399978
uob,maybridge-0282-467864696,CCOC(=O)Cc1ccc(N)cc1,,,,"MolVec 0.9.8 (git b412dd0, Maven Central)",0.15136568993330002
uob,maybridge-0282-66388452,COC(=O)C(C)c1ccc(CC(C)C)cc1,,,,"MolVec 0.9.8 (git b412dd0, Maven Central)",0.1844997659791261
uob,maybridge-0282-700162465,COC(=O)Cc1cccc(OC)c1,,,,"MolVec 0.9.8 (git b412dd0, Maven Central)",0.156288072001189
uob,maybridge-0282-727479862,COC(=O)c1ccc(N2CCN(C(=O)OC(C)(C)C)CC2)cc1,,,,"MolVec 0.9.8 (git b412dd0, Maven Central)",0.4497356840875
uob,maybridge-0282-791955982,COC(=O)c1cccc(OCCN2CCOCC2)c1,,,,"MolVec 0.9.8 (git b412dd0, Maven Central)",0.25505826715379953
uob,maybridge-0283-121279536,CCOC(=O)CC(=O)c1cccc([N+](=O)[O-])c1,,,,"MolVec 0.9.8 (git b412dd0, Maven Central)",0.2531316338572651
uob,maybridge-0283-277052317,CCOC(=O)/C=C/c1ccc(C(=N)N)cc1,,,,"MolVec 0.9.8 (git b412dd0, Maven Central)",0.37361643998883665
uob,maybridge-0283-511812221,COC(=O)CCc1ccccc1O,,,,"MolVec 0.9.8 (git b412dd0, Maven Central)",0.2021606839261949
uob,maybridge-0283-54300066,CCOC(=O)CCC(=O)OC(C(=O)c1ccccc1)c1ccccc1,,,,"MolVec 0.9.8 (git b412dd0, Maven Central)",0.4608047460205853
uob,maybridge-0283-549512937,CCOC(=O)CC(=O)c1cc(C(F)(F)F)cc(C(F)(F)F)c1,,,,"MolVec 0.9.8 (git b412dd0, Maven Central)",0.42211284791119397
uob,maybridge-0283-601597930,CCOC(=O)/C=C/c1ccc(OC)c(OC)c1,,,,"MolVec 0.9.8 (git b412dd0, Maven Central)",0.25753035792149603
uob,maybridge-0283-624576603,CCOC(=O)/C=C(\C)Nc1ccccc1,,,,"MolVec 0.9.8 (git b412dd0, Maven Central)",0.2240123739466071
uob,maybridge-0283-6605243,CCOC(=O)CNc1ccc(I)cc1,,,,"MolVec 0.9.8 (git b412dd0, Maven Central)",0.30561473802663386
uob,maybridge-0283-903956596,CCOC(=O)CSc1ccc(Cl)cc1,,,,"MolVec 0.9.8 (git b412dd0, Maven Central)",0.22821946907788515
uob,maybridge-0283-919413756,CCOC(=O)C(=O)c1ccc(Cl)c(Cl)c1,,,,"MolVec 0.9.8 (git b412dd0, Maven Central)",0.2624156770762056
uob,maybridge-0283-948131376,CCOC(=O)CCc1ccc(O)cc1,,,,"MolVec 0.9.8 (git b412dd0, Maven Central)",0.2145544949453324
uob,maybridge-0284-1026693451,COC(=O)c1cccnc1N,,,,"MolVec 0.9.8 (git b412dd0, Maven Central)",0.21160917403176427
uob,maybridge-0284-334026676,CCOC(=O)c1cccnc1Cl,,,,"MolVec 0.9.8 (git b412dd0, Maven Central)",0.1745711520779878
uob,maybridge-0284-375063235,CCN(CC)c1ccc(C(=O)OC)cn1,,,,"MolVec 0.9.8 (git b412dd0, Maven Central)",0.26227412302978337
uob,maybridge-0284-431696166,COC(=O)c1ccc(-c2ccccc2)nc1,,,,"MolVec 0.9.8 (git b412dd0, Maven Central)",0.2932489470113069
uob,maybridge-0284-462577237,CCOC(=O)c1c(O)cc(C)nc1O,,,,"MolVec 0.9.8 (git b412dd0, Maven Central)",0.22159936116077006
uob,maybridge-0284-525989349,COC(=O)c1ccc(N)nc1,,,,"MolVec 0.9.8 (git b412dd0, Maven Central)",0.23045808100141585
uob,maybridge-0284-57823781,COC(=O)c1cnccc1C(F)(F)F,,,,"MolVec 0.9.8 (git b412dd0, Maven Central)",0.24846941092982888
uob,maybridge-0284-610371724,COC(=O)c1cccc(C(=O)OC)n1,,,,"MolVec 0.9.8 (git b412dd0, Maven Central)",0.28649770887568593
uob,maybridge-0284-722865632,COC(=O)c1ccc(N2CCCC2)nc1,,,,"MolVec 0.9.8 (git b412dd0, Maven Central)",0.2533978777937591
uob,maybridge-0284-837708938,COC(=O)c1ccc(C(=O)O)nc1,,,,"MolVec 0.9.8 (git b412dd0, Maven Central)",0.22327151102945209
uob,maybridge-0284-845611576,COC(=O)c1cc(Cl)nc(Cl)c1,,,,"MolVec 0.9.8 (git b412dd0, Maven Central)",0.2076820689253509
uob,maybridge-0284-983154923,COC(=O)c1cncc(Br)c1,,,,"MolVec 0.9.8 (git b412dd0, Maven Central)",0.19577158195897937
uob,maybridge-0285-144922246,CCOC(=O)c1ccncc1S(=O)Cl,,,,"MolVec 0.9.8 (git b412dd0, Maven Central)",0.24492974998429418
uob,maybridge-0285-178868001,CCOC(=O)c1cnc(N)nc1C,,,,"MolVec 0.9.8 (git b412dd0, Maven Central)",0.19404125702567399
uob,maybridge-0285-371412620,COC(=O)c1ccc(N2CCCCC2)nc1,,,,"MolVec 0.9.8 (git b412dd0, Maven Central)",0.28252830100245774
uob,maybridge-0285-480777886,COC(=O)c1ccnc(N2CCSCC2)c1,,,,"MolVec 0.9.8 (git b412dd0, Maven Central)",0.26554525294341147
uob,maybridge-0285-549589669,COC(=O)c1ccnc(N2CCCCC2)c1,,,,"MolVec 0.9.8 (git b412dd0, Maven Central)",0.27934831008315086
uob,maybridge-0285-561292758,CCOC(=O)c1c(Cl)cc(C)nc1Cl,,,,"MolVec 0.9.8 (git b412dd0, Maven Central)",0.2113243939820677
uob,maybridge-0285-626800003,COC(=O)c1ccc(N2CCOCC2)nc1,,,,"MolVec 0.9.8 (git b412dd0, Maven Central)",0.27974830102175474
uob,maybridge-0285-692682308,CCOC(=O)c1cc(C)nc(Cl)c1C#N,,,,"MolVec 0.9.8 (git b412dd0, Maven Central)",0.2064912710338831
uob,maybridge-0285-718472023,COC(=O)c1cc(F)c(Cl)nc1Cl,,,,"MolVec 0.9.8 (git b412dd0, Maven Central)",0.25677889701910317
uob,maybridge-0285-834125071,COC(=O)c1cc(C#N)c(S)nc1C(OC)OC,,,,"MolVec 0.9.8 (git b412dd0, Maven Central)",0.3340991500299424
uob,maybridge-0285-955770715,COC(=O)c1cnc(Cl)nc1,,,,"MolVec 0.9.8 (git b412dd0, Maven Central)",0.17685473407618701
uob,maybridge-0285-969188536,COC(=O)c1ccc(-c2cccs2)nc1,,,,"MolVec 0.9.8 (git b412dd0, Maven Central)",0.3046088148839772
uob,maybridge-0286-221890433,CCOC(=O)c1cnc(S)nc1N,,,,"MolVec 0.9.8 (git b412dd0, Maven Central)",0.27204044396057725
uob,maybridge-0286-396184805,COC(=O)c1cc(C)nc(Cl)n1,,,,"MolVec 0.9.8 (git b412dd0, Maven Central)",0.2995726109948009
uob,maybridge-0286-437950545,O=C(OCc1ccc(Cl)cc1)c1cnc(Cl)nc1C(F)(F)F,,,,"MolVec 0.9.8 (git b412dd0, Maven Central)",0.3463566158898175
uob,maybridge-0286-449502106,CCOC(=O)c1c(C)[nH]c(=O)[nH]c1=S,,,,"MolVec 0.9.8 (git b412dd0, Maven Central)",0.247472635935992
uob,maybridge-0286-659091978,CCOC(=O)C1CCN(Cc2ccccc2)CC1,,,,"MolVec 0.9.8 (git b412dd0, Maven Central)",0.29460967401973903
uob,maybridge-0286-665852227,CCOC(=O)c1cnc(C(F)(F)F)nc1Cl,,,,"MolVec 0.9.8 (git b412dd0, Maven Central)",0.265570221003145
uob,maybridge-0286-753107967,COC(=O)c1cnc(SC)nc1,,,,"MolVec 0.9.8 (git b412dd0, Maven Central)",0.20321153802797198
uob,maybridge-0286-902425098,COC(=O)c1cnc(Cl)nc1C(F)(F)F,,,,"MolVec 0.9.8 (git b412dd0, Maven Central)",0.2612575569655746
uob,maybridge-0286-915420856,CCOC(=O)C1CCNCC1,,,,"MolVec 0.9.8 (git b412dd0, Maven Central)",0.19622114300727844
uob,maybridge-0286-996425330,CCOC(=O)c1cnc(O)nc1C(F)(F)F,,,,"MolVec 0.9.8 (git b412dd0, Maven Central)",0.25228324881754816
uob,maybridge-0287-1037567705,CCOC(=O)C1CN(C)CCN1C,,,,"MolVec 0.9.8 (git b412dd0, Maven Central)",0.1689707739278674
uob,maybridge-0287-430875485,CCOC(=O)C1CCN(Cc2cccc(N)c2)CC1,,,,"MolVec 0.9.8 (git b412dd0, Maven Central)",0.3086087570991367
uob,maybridge-0287-53318640,CCOC(=O)C1CCN(c2ccc(C#N)cc2)CC1,,,,"MolVec 0.9.8 (git b412dd0, Maven Central)",0.31117745488882065
uob,maybridge-0287-706496515,CCOC(=O)C1CCN(c2cncc(C)n2)CC1,,,,"MolVec 0.9.8 (git b412dd0, Maven Central)",0.28245366900227964
uob,maybridge-0287-71871197,CCOC(=O)C1CN(Cc2ccccc2)CCN1Cc1ccccc1,,,,"MolVec 0.9.8 (git b412dd0, Maven Central)",0.423549730097875
uob,maybridge-0287-72309005,C#Cc1ccnc(N2CCC(C(=O)OCC)CC2)c1,,,,"MolVec 0.9.8 (git b412dd0, Maven Central)",0.322514901868999
uob,maybridge-0287-769171167,CCOC(=O)CC1NCCNC1=O,,,,"MolVec 0.9.8 (git b412dd0, Maven Central)",0.18937100702896714
uob,maybridge-0287-896214162,CCOC(=O)C1CCN(c2nccc(C(F)(F)F)n2)CC1,,,,"MolVec 0.9.8 (git b412dd0, Maven Central)",0.3256469848565757
uob,maybridge-0288-1479989,CCOC(=O)C1CSCCN1,,,,"MolVec 0.9.8 (git b412dd0, Maven Central)",0.2613087820354849
uob,maybridge-0288-171264340,O=C1COC(=O)CO1,,,,"MolVec 0.9.8 (git b412dd0, Maven Central)",0.2502206040080637
uob,maybridge-0288-21078371,COC(=O)c1cc2occc2[nH]1,,,,"MolVec 0.9.8 (git b412dd0, Maven Central)",0.3421442147810012
uob,maybridge-0288-235701847,COC(=O)c1cc2ccsc2[nH]1,,,,"MolVec 0.9.8 (git b412dd0, Maven Central)",0.3514110678806901
uob,maybridge-0288-277590166,COO(=O)C1=CC2=C(C=CO2)N1C,,,,"MolVec 0.9.8 (git b412dd0, Maven Central)",0.5135284820571542
uob,maybridge-0288-346700671,CCOC(=O)c1cn2ccsc2n1,,,,"MolVec 0.9.8 (git b412dd0, Maven Central)",0.2935606420505792
uob,maybridge-0288-488927296,COC(=O)c1cc2oc(C=O)cc2n1C,,,,"MolVec 0.9.8 (git b412dd0, Maven Central)",0.3737951088696718
uob,maybridge-0288-861873570,CCOC(=O)CCN1CCN(CCc2ccccc2)CC1,,,,"MolVec 0.9.8 (git b412dd0, Maven Central)",0.761571086011827
uob,maybridge-0288-911678634,O=C(O)c1cc2ccccc2[nH]1,,,,"MolVec 0.9.8 (git b412dd0, Maven Central)",0.485716501949355
uob,maybridge-0288-958898410,COC(=O)c1c[nH]c2ccccc12,,,,"MolVec 0.9.8 (git b412dd0, Maven Central)",0.39929835591465235
uob,maybridge-0289-1026493180,CCOC(=O)c1cc2cc(OCc3ccccc3)ccc2[nH]1,,,,"MolVec 0.9.8 (git b412dd0, Maven Central)",0.5758546919096261
uob,maybridge-0289-1039394463,CCOC(=O)c1cc2cc(OC(F)(F)F)ccc2[nH]1,,,,"MolVec 0.9.8 (git b412dd0, Maven Central)",0.40375732304528356
uob,maybridge-0289-121089624,COC(=O)c1cc2ccccc2n1C(=O)OC(C)(C)C,,,,"MolVec 0.9.8 (git b412dd0, Maven Central)",0.4702325121033937
uob,maybridge-0289-228275392,COC(=O)c1cccc2cc[nH]c12,,,,"MolVec 0.9.8 (git b412dd0, Maven Central)",0.3240441679954529
uob,maybridge-0289-346002775,CCc1cn(C(=O)OC(C)(C)C)c2cc(C(=O)OC)ccc12,,,,"MolVec 0.9.8 (git b412dd0, Maven Central)",0.3851925409398973
uob,maybridge-0289-347788160,CCOC(=O)CSc1c(C)[nH]c2ccccc12,,,,"MolVec 0.9.8 (git b412dd0, Maven Central)",0.3924933150410652
uob,maybridge-0289-455398809,COC(=O)c1ccc2c(C=O)cn(C(=O)OC(C)(C)C)c2c1,,,,"MolVec 0.9.8 (git b412dd0, Maven Central)",0.5042471941560507
uob,maybridge-0289-555751293,CCc1c[nH]c2cc(C(=O)OC)ccc12,,,,"MolVec 0.9.8 (git b412dd0, Maven Central)",0.33869247999973595
uob,maybridge-0289-570083015,CCOC(=O)c1[nH]c2cc(Cl)cc(Cl)c2c1C=O,,,,"MolVec 0.9.8 (git b412dd0, Maven Central)",0.3950920670758933
uob,maybridge-0289-769132983,COC(=O)C(C)(N)Cc1c[nH]c2ccccc12,,,,"MolVec 0.9.8 (git b412dd0, Maven Central)",0.3370351861231029
uob,maybridge-0290-267308484,COC(=O)C1Cc2ccccc2N1,,,,"MolVec 0.9.8 (git b412dd0, Maven Central)",0.3496474598068744
uob,maybridge-0290-274608720,CCOC(=O)c1cnc2c(c(C)nn2C)c1Cl,,,,"MolVec 0.9.8 (git b412dd0, Maven Central)",0.33571174601092935
uob,maybridge-0290-36669768,CCOC(=O)c1cnn2ccccc12,,,,"MolVec 0.9.8 (git b412dd0, Maven Central)",0.3349302848801017
uob,maybridge-0290-645612844,CCOC(=O)c1ccc2c(c1)NNN2C,,,,"MolVec 0.9.8 (git b412dd0, Maven Central)",0.3272607831750065
uob,maybridge-0290-712646087,COC(=O)c1ccc2[nH]cnc2c1,,,,"MolVec 0.9.8 (git b412dd0, Maven Central)",0.3094936511479318
uob,maybridge-0290-73315657,CC(C)(C)OC(=O)c1n[nH]c2nc(F)ccc12,,,,"MolVec 0.9.8 (git b412dd0, Maven Central)",0.4304443169385195
uob,maybridge-0290-736224738,CCOC(=O)c1cn2ccccc2n1,,,,"MolVec 0.9.8 (git b412dd0, Maven Central)",0.30479624890722334
uob,maybridge-0290-771147427,COC(=O)c1nn2ccccc2c1C(=O)OC,,,,"MolVec 0.9.8 (git b412dd0, Maven Central)",0.35803013504482806
uob,maybridge-0290-771781688,CCOC(=O)c1c2ccccc2nn1C,,,,"MolVec 0.9.8 (git b412dd0, Maven Central)",0.26877781306393445
uob,maybridge-0290-836848064,CCOC(=O)c1cn2nc(Cl)ccc2n1,,,,"MolVec 0.9.8 (git b412dd0, Maven Central)",0.28606134420260787
uob,maybridge-0290-937099832,CCOC(=O)c1nn(C)c2ccccc12,,,,"MolVec 0.9.8 (git b412dd0, Maven Central)",0.3088629920966923
uob,maybridge-0291-142433127,CCOC(=O)c1cn2c(n1)CNCC2,,,,"MolVec 0.9.8 (git b412dd0, Maven Central)",0.25538501096889377
uob,maybridge-0291-153978989,COC(=O)Cc1csc2ccc(Cl)cc12,,,,"MolVec 0.9.8 (git b412dd0, Maven Central)",0.25665458501316607
uob,maybridge-0291-328711918,CCOC(=O)Cc1coc2ccccc12,,,,"MolVec 0.9.8 (git b412dd0, Maven Central)",0.3099605811294168
uob,maybridge-0291-405637823,COC(=O)C1Cc2ccccc2N1C(=O)OC(C)(C)C,,,,"MolVec 0.9.8 (git b412dd0, Maven Central)",0.3889008709229529
uob,maybridge-0291-433661044,COC(=O)c1sc2ccccc2c1O,,,,"MolVec 0.9.8 (git b412dd0, Maven Central)",0.3541663840878755
uob,maybridge-0291-707660840,CCOC(=O)c1cc2cc(Br)ccc2o1,,,,"MolVec 0.9.8 (git b412dd0, Maven Central)",0.31483328784815967
uob,maybridge-0291-741250896,COC(=O)c1cc2cc(N)ccc2s1,,,,"MolVec 0.9.8 (git b412dd0, Maven Central)",0.25253059598617256
uob,maybridge-0291-935692940,COC(=O)c1cc2cc(B3OC(C)(C)C(C)(C)O3)ccc2s1,,,,"MolVec 0.9.8 (git b412dd0, Maven Central)",0.3507284491788596
uob,maybridge-0291-938012881,CCOC(=O)c1c(N)sc2c1CCCC2,,,,"MolVec 0.9.8 (git b412dd0, Maven Central)",0.2614102941006422
uob,maybridge-0291-994055024,COC(=O)c1cc2cc(Br)ccc2s1,,,,"MolVec 0.9.8 (git b412dd0, Maven Central)",0.21113060717470944
uob,maybridge-0292-1051480854,CCOC(=O)c1sc2ncccc2c1N,,,,"MolVec 0.9.8 (git b412dd0, Maven Central)",0.36128626810386777
uob,maybridge-0292-1056537468,CCOC(=O)c1c(N)sc2c1CCN(C(=O)OC(C)(C)C)C2,,,,"MolVec 0.9.8 (git b412dd0, Maven Central)",0.439927970059216
uob,maybridge-0292-184051753,C=CC1CCCCC1C(=O)OCC,,,,"MolVec 0.9.8 (git b412dd0, Maven Central)",0.26860265992581844
uob,maybridge-0292-23696516,CCOC(=O)c1c(N=C=S)sc2c1CCCC2,,,,"MolVec 0.9.8 (git b412dd0, Maven Central)",0.21015846100635827
uob,maybridge-0292-362957015,CCOC(=O)c1cnc2c(F)cccc2c1O,,,,"MolVec 0.9.8 (git b412dd0, Maven Central)",0.2919060809072107
uob,maybridge-0292-368527037,CCOC(=O)c1cc(C)nc2ccc(Br)cc12,,,,"MolVec 0.9.8 (git b412dd0, Maven Central)",0.2749277539551258
uob,maybridge-0292-576067551,CCOC(=O)c1cnc2ccc(OC(F)(F)F)cc2c1O,,,,"MolVec 0.9.8 (git b412dd0, Maven Central)",0.5000081129837781
uob,maybridge-0292-74675516,CCOC(=O)c1cc2cccnc2s1,,,,"MolVec 0.9.8 (git b412dd0, Maven Central)",0.33733416092582047
uob,maybridge-0292-771774152,CCOC(=O)c1c(N)sc2c1CCCCC2,,,,"MolVec 0.9.8 (git b412dd0, Maven Central)",0.2046496809925884
uob,maybridge-0292-838779022,CCOC(=O)C12CCC(C(=O)OCC)(CC1=O)C(=O)C2,,,,"MolVec 0.9.8 (git b412dd0, Maven Central)",0.3307946929708123
uob,maybridge-0293-219714313,COC(=O)c1cc2ccccc2cn1,,,,"MolVec 0.9.8 (git b412dd0, Maven Central)",0.2511180459987372
uob,maybridge-0293-226922197,COC(=O)C1CCc2ccccc2N1,,,,"MolVec 0.9.8 (git b412dd0, Maven Central)",0.2611046170350164
uob,maybridge-0293-578982451,COC(=O)c1ccc2ncccc2c1,,,,"MolVec 0.9.8 (git b412dd0, Maven Central)",0.21678350609727204
uob,maybridge-0293-610549818,CCOC(=O)c1nnn2c3ccccc3c(=O)n(C)c12,,,,"MolVec 0.9.8 (git b412dd0, Maven Central)",0.31620762404054403
uob,maybridge-0293-715460539,COC(=O)c1cccc2c1-c1ccccc1C2=O,,,,"MolVec 0.9.8 (git b412dd0, Maven Central)",0.378142919158563
uob,maybridge-0293-733482770,CCOC(=O)c1c(SC)nc2ccc(Cl)cc2c1Cl,,,,"MolVec 0.9.8 (git b412dd0, Maven Central)",0.2566394240129739
uob,maybridge-0293-830972483,CCOC(=O)c1cn2c(n1)sc1ccccc12,,,,"MolVec 0.9.8 (git b412dd0, Maven Central)",0.2745743209961802
uob,maybridge-0293-931935097,CCOC(=O)C1C#[N+]O=C(OCC)C2=C(N)OC3=CC=C(Br)C=C3C21,,,,"MolVec 0.9.8 (git b412dd0, Maven Central)",0.4286410470958799
uob,maybridge-0293-97692248,CCOC(=O)c1cc(=O)c2ccc(O)cc2o1,,,,"MolVec 0.9.8 (git b412dd0, Maven Central)",0.3448367998935282
uob,maybridge-0293-98886600,COC(=O)c1ccc2nccnc2c1,,,,"MolVec 0.9.8 (git b412dd0, Maven Central)",0.22452915995381773
uob,maybridge-0294-270987928,CCOC(=O)C(OCC)OCC,,,,"MolVec 0.9.8 (git b412dd0, Maven Central)",0.1676794090308249
uob,maybridge-0294-331308653,CCOC(=O)C(C)(C)CCl,,,,"MolVec 0.9.8 (git b412dd0, Maven Central)",0.12916858517564833
uob,maybridge-0294-407184519,C#CC(=O)OC,,,,"MolVec 0.9.8 (git b412dd0, Maven Central)",0.08488332107663155
uob,maybridge-0294-49635801,CCOC(=O)c1nnn2c1nc(S)c1ccccc12,,,,"MolVec 0.9.8 (git b412dd0, Maven Central)",0.32219745707698166
uob,maybridge-0294-658509693,CCOC(=O)/C=C(\N)C(F)(F)F,,,,"MolVec 0.9.8 (git b412dd0, Maven Central)",0.20522536104544997
uob,maybridge-0294-725775866,CCOC(=O)CCN,,,,"MolVec 0.9.8 (git b412dd0, Maven Central)",0.13765956787392497
uob,maybridge-0294-738219238,COC(=O)CC(=O)C(F)(F)F,,,,"MolVec 0.9.8 (git b412dd0, Maven Central)",0.17902010795660317
uob,maybridge-0294-778350089,COC(=O)c1cc2c(s1)-c1cc(Cl)ccc1SC2,,,,"MolVec 0.9.8 (git b412dd0, Maven Central)",0.574827702017501
uob,maybridge-0294-882868314,C#CC.CCO,,,,"MolVec 0.9.8 (git b412dd0, Maven Central)",0.10842567798681557
uob,maybridge-0294-888861586,COC(=O)CCC(C)[C@H]1CCC2C3CCC4CCCC[C@]4(C)C3CC[C@@]21C,,,,"MolVec 0.9.8 (git b412dd0, Maven Central)",0.5210967601742595
uob,maybridge-0295-138997383,COC(=O)CSCCC(N)=S,,,,"MolVec 0.9.8 (git b412dd0, Maven Central)",0.21824750304222107
uob,maybridge-0295-149991118,CCOC(=O)C(Br)CCC(Br)C(=O)OCC,,,,"MolVec 0.9.8 (git b412dd0, Maven Central)",0.27137041999958456
uob,maybridge-0295-152189942,CCOC(=O)C(=O)CBr,,,,"MolVec 0.9.8 (git b412dd0, Maven Central)",0.1480385330505669
uob,maybridge-0295-353336781,CC(C)(C)OC(=O)CCC(Cl)(Cl)Cl,,,,"MolVec 0.9.8 (git b412dd0, Maven Central)",0.24310881202109158
uob,maybridge-0295-359703579,CCOC(=O)C(=O)CC(=O)C(C)(C)C,,,,"MolVec 0.9.8 (git b412dd0, Maven Central)",0.25884276907891035
uob,maybridge-0295-462885159,C=CCC(CC=C)(C(=O)OCC)C(=O)OCC,,,,"MolVec 0.9.8 (git b412dd0, Maven Central)",0.3322936329059303
uob,maybridge-0295-694667752,CCOC(=O)C(CCC(=O)O)(CCC(=O)O)C(C)=O,,,,"MolVec 0.9.8 (git b412dd0, Maven Central)",0.39884660206735134
uob,maybridge-0295-771899402,CCO/C=C(/C(=O)OCC)C(=O)C(F)(F)F,,,,"MolVec 0.9.8 (git b412dd0, Maven Central)",0.3384180150460452
uob,maybridge-0295-801847198,CCOC(=O)/C(=C\N(C)C)C(C)=O,,,,"MolVec 0.9.8 (git b412dd0, Maven Central)",0.24369729915633798
uob,maybridge-0295-876732046,CC(C)OC(=O)C(C)(C)Br,,,,"MolVec 0.9.8 (git b412dd0, Maven Central)",0.17218106309883296
uob,maybridge-0295-886189132,COC(=O)C(C#N)=C(SC)SC,,,,"MolVec 0.9.8 (git b412dd0, Maven Central)",0.22798027889803052
uob,maybridge-0295-901289932,COC(=O)C(Cl)C(=O)C(C)(C)C,,,,"MolVec 0.9.8 (git b412dd0, Maven Central)",0.2269749529659748
uob,maybridge-0296-237589143,C=N.CC.CN1CCN(CN)CC1,,,,"MolVec 0.9.8 (git b412dd0, Maven Central)",0.227013522060588
uob,maybridge-0296-283320636,CC.N=C(N)N1CCC(Cc2ccccc2)CC1,,,,"MolVec 0.9.8 (git b412dd0, Maven Central)",0.5081111160106957
uob,maybridge-0296-297816795,N=C(N)N1CCC(N2CCCCC2)CC1,,,,"MolVec 0.9.8 (git b412dd0, Maven Central)",0.4123770932201296
uob,maybridge-0296-313496048,N=C(N)N[C@@H](Cc1ccccc1)C(=O)O.OO,,,,"MolVec 0.9.8 (git b412dd0, Maven Central)",0.3618684590328485
uob,maybridge-0296-459523932,CC.CC(=O)N1CCN(C(=N)N)CC1,,,,"MolVec 0.9.8 (git b412dd0, Maven Central)",0.29792390088550746
uob,maybridge-0296-688215580,C1CCNCC1.CCCN,,,,"MolVec 0.9.8 (git b412dd0, Maven Central)",0.2068122960627079
uob,maybridge-0296-752625315,Cc1nc(NC(=N)N)sc1Br,,,,"MolVec 0.9.8 (git b412dd0, Maven Central)",0.23503345903009176
uob,maybridge-0296-958346666,N=C(N)N1CCCCC1,,,,"MolVec 0.9.8 (git b412dd0, Maven Central)",0.18731393688358366
uob,maybridge-0297-1037202353,CN(C)CCN1CCN(C(=N)CN)CC1,,,,"MolVec 0.9.8 (git b412dd0, Maven Central)",0.3295851170551032
uob,maybridge-0297-175702390,N=C(N)N1CCN(Cc2ccccc2)CC1,,,,"MolVec 0.9.8 (git b412dd0, Maven Central)",0.4270174689590931
uob,maybridge-0297-419725395,N=C(N)N1CCN(C2CCCCC2)CC1,,,,"MolVec 0.9.8 (git b412dd0, Maven Central)",0.3861657010857016
uob,maybridge-0297-559588353,CC.N=C(N)N1CCN(c2ccccc2Cl)CC1,,,,"MolVec 0.9.8 (git b412dd0, Maven Central)",0.38005962898023427
uob,maybridge-0297-620571384,COc1cc2c(cc1OC)CN(C(=N)N)CC2,,,,"MolVec 0.9.8 (git b412dd0, Maven Central)",0.3989124840591103
uob,maybridge-0297-655037049,CN(C)CCN(C)C(=N)N,,,,"MolVec 0.9.8 (git b412dd0, Maven Central)",0.176105648977682
uob,maybridge-0297-929987061,CC.NC(N)N1CCN(c2ccccn2)CC1,,,,"MolVec 0.9.8 (git b412dd0, Maven Central)",0.46291342307813466
uob,maybridge-0298-351682993,Cc1cc(CCl)nn1C,,,,"MolVec 0.9.8 (git b412dd0, Maven Central)",0.15743214404210448
uob,maybridge-0298-392172369,Cn1nc(-c2ccccc2)cc1CCl,,,,"MolVec 0.9.8 (git b412dd0, Maven Central)",0.29054888617247343
uob,maybridge-0298-435257593,BrCC1CC1,,,,"MolVec 0.9.8 (git b412dd0, Maven Central)",0.09038480510935187
uob,maybridge-0298-529600131,Cc1cc(CCl)n(C)n1,,,,"MolVec 0.9.8 (git b412dd0, Maven Central)",0.1509650640655309
uob,maybridge-0298-670523004,O=C(CCl)NC1CC1,,,,"MolVec 0.9.8 (git b412dd0, Maven Central)",0.14551339205354452
uob,maybridge-0298-689690158,Cn1ccc(CCl)n1,,,,"MolVec 0.9.8 (git b412dd0, Maven Central)",0.149680248927325
uob,maybridge-0298-759624885,Cn1nc(CCl)cc1-c1ccccc1,,,,"MolVec 0.9.8 (git b412dd0, Maven Central)",0.2702805339358747
uob,maybridge-0298-762896362,CC1(CCl)CO1,,,,"MolVec 0.9.8 (git b412dd0, Maven Central)",0.09069535601884127
uob,maybridge-0298-766008055,Cn1nc(CCl)cc1-c1ccco1,,,,"MolVec 0.9.8 (git b412dd0, Maven Central)",0.27714001992717385
uob,maybridge-0298-784345584,ClCC1CS1,,,,"MolVec 0.9.8 (git b412dd0, Maven Central)",0.07780306693166494
uob,maybridge-0299-1048498516,COC(=O)c1ccc(CCl)o1,,,,"MolVec 0.9.8 (git b412dd0, Maven Central)",0.23864788212813437
uob,maybridge-0299-1062386196,FC(F)(F)c1ccc(CBr)o1,,,,"MolVec 0.9.8 (git b412dd0, Maven Central)",0.2096275850199163
uob,maybridge-0299-126507809,Cc1nn(-c2ccccc2)nc1CBr,,,,"MolVec 0.9.8 (git b412dd0, Maven Central)",0.2185491230338812
uob,maybridge-0299-291012819,Cn1nc(CCl)cc1-c1cccs1,,,,"MolVec 0.9.8 (git b412dd0, Maven Central)",0.23395834281109273
uob,maybridge-0299-355443774,CC1NC([N+](=O)[O-])C(Br)N1CC(=O)c1ccc(Cl)cc1,,,,"MolVec 0.9.8 (git b412dd0, Maven Central)",0.43293831986375153
uob,maybridge-0299-36751059,Cc1n[nH]c(C)c1CCBr,,,,"MolVec 0.9.8 (git b412dd0, Maven Central)",0.16421011602506042
uob,maybridge-0299-43690552,Cn1nc(-c2cccs2)cc1CCl,,,,"MolVec 0.9.8 (git b412dd0, Maven Central)",0.27137608896009624
uob,maybridge-0299-593427029,BrCC1CCCO1,,,,"MolVec 0.9.8 (git b412dd0, Maven Central)",0.08540887897834182
uob,maybridge-0299-726103590,Cn1ccnc1CCl,,,,"MolVec 0.9.8 (git b412dd0, Maven Central)",0.12795205996371806
uob,maybridge-0299-834616506,ClCc1nccn1Cc1ccccc1,,,,"MolVec 0.9.8 (git b412dd0, Maven Central)",0.23234411189332604
uob,maybridge-0300-1051015317,Cc1cc(CBr)no1,,,,"MolVec 0.9.8 (git b412dd0, Maven Central)",0.10946857300586998
uob,maybridge-0300-139653742,Cc1csc(NC(=O)CCl)c1C#N,,,,"MolVec 0.9.8 (git b412dd0, Maven Central)",0.2097622889559716
uob,maybridge-0300-242186090,ClCc1cc(-c2ccccc2)on1,,,,"MolVec 0.9.8 (git b412dd0, Maven Central)",0.28147737588733435
uob,maybridge-0300-389113696,Cc1onc(-c2ccccc2)c1CBr,,,,"MolVec 0.9.8 (git b412dd0, Maven Central)",0.28141654189676046
uob,maybridge-0300-428806310,COC(=O)c1sccc1NC(=O)CBr,,,,"MolVec 0.9.8 (git b412dd0, Maven Central)",0.26689269696362317
uob,maybridge-0300-613734317,ClCc1cc(-c2ccco2)on1,,,,"MolVec 0.9.8 (git b412dd0, Maven Central)",0.22186148003675044
uob,maybridge-0300-629022446,ClCc1cc(-c2cccs2)on1,,,,"MolVec 0.9.8 (git b412dd0, Maven Central)",0.25791667215526104
uob,maybridge-0300-69173646,CC1(C)OCC(CCl)O1,,,,"MolVec 0.9.8 (git b412dd0, Maven Central)",0.12742276000790298
uob,maybridge-0300-865407956,Cc1cc(CCl)no1,,,,"MolVec 0.9.8 (git b412dd0, Maven Central)",0.1346806171350181
uob,maybridge-0300-865666398,Cc1noc(-c2ccccc2)c1CBr,,,,"MolVec 0.9.8 (git b412dd0, Maven Central)",0.20114593696780503
uob,maybridge-0301-285514635,ClCc1noc(-c2ccccc2)n1,,,,"MolVec 0.9.8 (git b412dd0, Maven Central)",0.3675010520964861
uob,maybridge-0301-296318620,ClCc1noc(-c2ccsc2)n1,,,,"MolVec 0.9.8 (git b412dd0, Maven Central)",0.17289249110035598
uob,maybridge-0301-300272143,ClCc1ncon1,,,,"MolVec 0.9.8 (git b412dd0, Maven Central)",0.10484146792441607
uob,maybridge-0301-331989094,COC(=O)c1coc(CCl)n1,,,,"MolVec 0.9.8 (git b412dd0, Maven Central)",0.18095432012341917
uob,maybridge-0301-399344871,BrCc1ncoc1-c1ccccc1,,,,"MolVec 0.9.8 (git b412dd0, Maven Central)",0.23760845395736396
uob,maybridge-0301-403488675,Cc1nc(CCl)c(C)o1,,,,"MolVec 0.9.8 (git b412dd0, Maven Central)",0.14971353206783533
uob,maybridge-0301-48592159,ClCc1noc(-c2cccs2)n1,,,,"MolVec 0.9.8 (git b412dd0, Maven Central)",0.20393496588803828
uob,maybridge-0301-555343475,CC(C)(C)c1nc(CCl)no1,,,,"MolVec 0.9.8 (git b412dd0, Maven Central)",0.15594606194645166
uob,maybridge-0301-654135267,Cc1oc(-c2ccccc2)nc1CCl,,,,"MolVec 0.9.8 (git b412dd0, Maven Central)",0.2781514870002866
uob,maybridge-0301-687196391,ClCc1nc(-c2ccccc2)no1,,,,"MolVec 0.9.8 (git b412dd0, Maven Central)",0.2508771189022809
uob,maybridge-0302-128227640,Cc1ccc(OCc2noc(CCl)n2)cc1,,,,"MolVec 0.9.8 (git b412dd0, Maven Central)",0.3266405339818448
uob,maybridge-0302-171611318,ClCc1nc(-c2ccc(Cl)cc2)no1,,,,"MolVec 0.9.8 (git b412dd0, Maven Central)",0.281975296093151
uob,maybridge-0302-22695831,COc1ccc(-c2noc(CCl)n2)cc1,,,,"MolVec 0.9.8 (git b412dd0, Maven Central)",0.3148030990269035
uob,maybridge-0302-371017460,COc1ccccc1-c1nc(CCl)no1,,,,"MolVec 0.9.8 (git b412dd0, Maven Central)",0.4360512800049037
uob,maybridge-0302-50494486,Cc1noc(C)c1-c1nc(CCl)no1,,,,"MolVec 0.9.8 (git b412dd0, Maven Central)",0.22033916879445314
uob,maybridge-0302-571118965,CC(C)(C)c1ccc(-c2noc(CCl)n2)cc1,,,,"MolVec 0.9.8 (git b412dd0, Maven Central)",0.3463179599493742
uob,maybridge-0302-675374791,COc1ccc(-c2nc(CCl)no2)cc1,,,,"MolVec 0.9.8 (git b412dd0, Maven Central)",0.27065842086449265
uob,maybridge-0302-717938167,CSc1ncccc1-c1nc(CCl)no1,,,,"MolVec 0.9.8 (git b412dd0, Maven Central)",0.44186910102143884
uob,maybridge-0302-741155109,ClCc1nc(-c2cccs2)no1,,,,"MolVec 0.9.8 (git b412dd0, Maven Central)",0.2306299319025129
uob,maybridge-0303-103110987,FN(F)c1cccc(-c2nc(CCl)no2)c1,,,,"MolVec 0.9.8 (git b412dd0, Maven Central)",0.3941254219971597
uob,maybridge-0303-222365833,Cc1nc(CCl)cs1,,,,"MolVec 0.9.8 (git b412dd0, Maven Central)",0.19787113391794264
uob,maybridge-0303-379693101,ClCc1csc(-c2ccccc2)n1,,,,"MolVec 0.9.8 (git b412dd0, Maven Central)",0.33868873096071184
uob,maybridge-0303-380702242,FC(F)(F)c1ccc(-c2nc(CCl)no2)cc1,,,,"MolVec 0.9.8 (git b412dd0, Maven Central)",0.452914013992995
uob,maybridge-0303-41099918,Cc1nc(-c2ccccc2)sc1CBr,,,,"MolVec 0.9.8 (git b412dd0, Maven Central)",0.42921657394617796
uob,maybridge-0303-587127308,ClCc1csc(-c2ccc(Cl)cc2)n1,,,,"MolVec 0.9.8 (git b412dd0, Maven Central)",0.37029479700140655
uob,maybridge-0303-673874272,Cc1nc(CCl)cs1,,,,"MolVec 0.9.8 (git b412dd0, Maven Central)",0.20551631785929203
uob,maybridge-0303-749402887,ClCc1csc(-c2cccs2)n1,,,,"MolVec 0.9.8 (git b412dd0, Maven Central)",0.2644648430868983
uob,maybridge-0303-830907923,ClCc1nc(-c2ccc(OCc3ccc(Cl)cc3)cc2)no1,,,,"MolVec 0.9.8 (git b412dd0, Maven Central)",0.6545408889651299
uob,maybridge-0303-832638425,Cc1ccc(-c2nnc(CCl)o2)cc1,,,,"MolVec 0.9.8 (git b412dd0, Maven Central)",0.42848048196174204
uob,maybridge-0304-103315995,ClCc1csc(-c2cccc(Cl)c2)n1,,,,"MolVec 0.9.8 (git b412dd0, Maven Central)",0.4030762950424105
uob,maybridge-0304-178102043,C/C(Cl)=C\C(=N)CCl,,,,"MolVec 0.9.8 (git b412dd0, Maven Central)",0.17498360690660775
uob,maybridge-0304-214147254,O=Cc1cccc(CBr)c1,,,,"MolVec 0.9.8 (git b412dd0, Maven Central)",0.1353384810499847
uob,maybridge-0304-256490520,ClCc1cc(Cl)cc(Cl)c1,,,,"MolVec 0.9.8 (git b412dd0, Maven Central)",0.17173324711620808
uob,maybridge-0304-339242097,CCCCCc1ccc(-c2nc(CCl)cs2)cc1,,,,"MolVec 0.9.8 (git b412dd0, Maven Central)",0.3952154400758445
uob,maybridge-0304-539564605,BrCc1sc(-c2ccccc2)nc1-c1ccccc1,,,,"MolVec 0.9.8 (git b412dd0, Maven Central)",0.462004488799721
uob,maybridge-0304-569964923,FC(F)(F)c1ccc(-c2nc(CCl)cs2)cc1,,,,"MolVec 0.9.8 (git b412dd0, Maven Central)",0.2851808569394052
uob,maybridge-0304-593143973,COc1ccc(C(C)=O)cc1CCl,,,,"MolVec 0.9.8 (git b412dd0, Maven Central)",0.19783739605918527
uob,maybridge-0304-66170511,O=C=Nc1ccc(CCl)cc1,,,,"MolVec 0.9.8 (git b412dd0, Maven Central)",0.14177882205694914
uob,maybridge-0304-799391067,NC(=O)c1cccc(CCl)c1,,,,"MolVec 0.9.8 (git b412dd0, Maven Central)",0.23609447898343205
uob,maybridge-0304-839853074,Cc1nc(-c2ccc(C(F)(F)F)cc2)sc1CBr,,,,"MolVec 0.9.8 (git b412dd0, Maven Central)",0.4432535457890481
uob,maybridge-0305-161739639,FC(F)(F)Oc1ccc(CCl)cc1,,,,"MolVec 0.9.8 (git b412dd0, Maven Central)",0.19562183902598917
uob,maybridge-0305-186801470,BrCc1cccc(-n2cccc2)c1,,,,"MolVec 0.9.8 (git b412dd0, Maven Central)",0.235367720015347
uob,maybridge-0305-200204355,BrCc1ccc(-n2cccc2)cc1,,,,"MolVec 0.9.8 (git b412dd0, Maven Central)",0.26443998399190605
uob,maybridge-0305-22765373,Cc1nc(-c2cccc(CBr)c2)no1,,,,"MolVec 0.9.8 (git b412dd0, Maven Central)",0.23983317101374269
uob,maybridge-0305-31934384,ClCc1ccccc1Cn1cncn1,,,,"MolVec 0.9.8 (git b412dd0, Maven Central)",0.23367482400499284
uob,maybridge-0305-325479863,Clc1ccc(CBr)cc1Cl,,,,"MolVec 0.9.8 (git b412dd0, Maven Central)",0.17399250506423414
uob,maybridge-0305-5506303,O=Cc1ccc(CBr)cc1,,,,"MolVec 0.9.8 (git b412dd0, Maven Central)",0.15848390595056117
uob,maybridge-0305-581638003,COC(=O)c1cccc(CBr)c1,,,,"MolVec 0.9.8 (git b412dd0, Maven Central)",0.35109361400827765
uob,maybridge-0305-746009062,Fc1cc(Cl)ccc1CBr,,,,"MolVec 0.9.8 (git b412dd0, Maven Central)",0.18800239986740053
uob,maybridge-0305-788088150,BrCc1ccc(-n2cccn2)cc1,,,,"MolVec 0.9.8 (git b412dd0, Maven Central)",0.2218807740136981
uob,maybridge-0305-85458324,ClCc1cccc(-c2nccs2)c1,,,,"MolVec 0.9.8 (git b412dd0, Maven Central)",0.22083870298229158
uob,maybridge-0305-905628691,Cc1cccc(CBr)c1F,,,,"MolVec 0.9.8 (git b412dd0, Maven Central)",0.16707469103857875
uob,maybridge-0306-1022979126,BrCc1ccc(-c2ccsc2)cc1,,,,"MolVec 0.9.8 (git b412dd0, Maven Central)",0.39651587209664285
uob,maybridge-0306-162974142,BrCc1ccc(-c2csnn2)cc1,,,,"MolVec 0.9.8 (git b412dd0, Maven Central)",0.3528080601245165
uob,maybridge-0306-410887467,BrCc1cccc(-c2ccsc2)c1,,,,"MolVec 0.9.8 (git b412dd0, Maven Central)",0.3529325060080737
uob,maybridge-0306-438094965,N=C(ON)c1ccccc1CBr,,,,"MolVec 0.9.8 (git b412dd0, Maven Central)",0.3221472380682826
uob,maybridge-0306-544913534,BrCc1ccccc1-c1cccs1,,,,"MolVec 0.9.8 (git b412dd0, Maven Central)",0.26255119894631207
uob,maybridge-0306-549457203,BrCc1cccc(-c2cccs2)c1,,,,"MolVec 0.9.8 (git b412dd0, Maven Central)",0.4272812311537564
uob,maybridge-0306-584397226,BrCc1ccc(-c2cccs2)cc1,,,,"MolVec 0.9.8 (git b412dd0, Maven Central)",0.5317733369302005
uob,maybridge-0306-651107882,Cc1nc(-c2ccc(CBr)cc2)no1,,,,"MolVec 0.9.8 (git b412dd0, Maven Central)",0.37151833693496883
uob,maybridge-0306-773189710,BrCc1cccc(Oc2ccccc2)c1,,,,"MolVec 0.9.8 (git b412dd0, Maven Central)",0.33610875299200416
uob,maybridge-0306-782392254,FC(F)(F)Oc1cccc(CBr)c1,,,,"MolVec 0.9.8 (git b412dd0, Maven Central)",0.30466642300598323
uob,maybridge-0306-941096562,Cc1noc(-c2ccc(CBr)cc2)n1,,,,"MolVec 0.9.8 (git b412dd0, Maven Central)",0.4248363617807627
uob,maybridge-0306-941324197,CCc1ccccc1Oc1ccccc1,,,,"MolVec 0.9.8 (git b412dd0, Maven Central)",0.34953519492410123
uob,maybridge-0307-1029488312,CC1(C)COB(c2ccccc2CBr)OC1,,,,"MolVec 0.9.8 (git b412dd0, Maven Central)",0.2022356081288308
uob,maybridge-0307-106047000,O=C(CCl)Nc1ccc(F)c(Cl)c1,,,,"MolVec 0.9.8 (git b412dd0, Maven Central)",0.19675819296389818
uob,maybridge-0307-163839052,O/N=C(\CBr)c1ccccc1,,,,"MolVec 0.9.8 (git b412dd0, Maven Central)",0.1542771509848535
uob,maybridge-0307-20816728,BrCc1ccc(Oc2ccccc2)cc1,,,,"MolVec 0.9.8 (git b412dd0, Maven Central)",0.17829337110742927
uob,maybridge-0307-563342649,BrCc1ccccc1COc1ccccc1,,,,"MolVec 0.9.8 (git b412dd0, Maven Central)",0.20945535297505558
uob,maybridge-0307-670708042,Cc1nc(-c2ccc(CBr)cc2)cs1,,,,"MolVec 0.9.8 (git b412dd0, Maven Central)",0.1885723799932748
uob,maybridge-0307-769603519,Cc1nc(-c2cccc(CBr)c2)cs1,,,,"MolVec 0.9.8 (git b412dd0, Maven Central)",0.2576064099557698
uob,maybridge-0307-77455976,FC(F)(F)c1ccc(N2CCOCC2)c(CCl)c1,,,,"MolVec 0.9.8 (git b412dd0, Maven Central)",0.2559531389269978
uob,maybridge-0307-775746906,BrCc1cccc(COc2ccccc2)c1,,,,"MolVec 0.9.8 (git b412dd0, Maven Central)",0.2103693000972271
uob,maybridge-0307-936360040,BrCc1ccc(-n2cncn2)cc1,,,,"MolVec 0.9.8 (git b412dd0, Maven Central)",0.20150694507174194
uob,maybridge-0308-1060717192,O=C(CCl)N(c1ccccc1)C1CCCCC1,,,,"MolVec 0.9.8 (git b412dd0, Maven Central)",0.17498619691468775
uob,maybridge-0308-191083229,Cc1cncc(N2CCC(CCl)CC2)n1,,,,"MolVec 0.9.8 (git b412dd0, Maven Central)",0.18801646307110786
uob,maybridge-0308-217237235,ClO1=C(CBr)NC2=CC=CC=C21,,,,"MolVec 0.9.8 (git b412dd0, Maven Central)",0.1658569381106645
uob,maybridge-0308-360208414,ClCc1cc(Cl)nc(Cl)c1,,,,"MolVec 0.9.8 (git b412dd0, Maven Central)",0.1699824989773333
uob,maybridge-0308-505619175,O=C(CCl)Nc1ccc(Cl)cc1Cl,,,,"MolVec 0.9.8 (git b412dd0, Maven Central)",0.2050773510709405
uob,maybridge-0308-526595466,O=c1c(CBr)cccn1Cc1c(F)cccc1Cl,,,,"MolVec 0.9.8 (git b412dd0, Maven Central)",0.27956582698971033
uob,maybridge-0308-769086583,O=C(OCc1ccccc1)N1CCC(Br)CC1,,,,"MolVec 0.9.8 (git b412dd0, Maven Central)",0.2592097260057926
uob,maybridge-0308-85291145,C=N.ClCC1CCCCC1,,,,"MolVec 0.9.8 (git b412dd0, Maven Central)",0.14489113818854094
uob,maybridge-0308-933375951,FC(F)(F)c1cnc(CCl)c(Cl)c1,,,,"MolVec 0.9.8 (git b412dd0, Maven Central)",0.2121041810605675
uob,maybridge-0308-933855962,C=S(=O)(CCCl)c1ccc(F)cc1,,,,"MolVec 0.9.8 (git b412dd0, Maven Central)",0.20299025485292077
uob,maybridge-0309-242145425,O=C(OCc1ccccc1)N1CCC(CBr)CC1,,,,"MolVec 0.9.8 (git b412dd0, Maven Central)",0.29190193116664886
uob,maybridge-0309-3033603,O=C(CCl)N1CCOCC1,,,,"MolVec 0.9.8 (git b412dd0, Maven Central)",0.15414417395368218
uob,maybridge-0309-310908111,O=C(CCl)N1CCN(c2ccccc2)CC1,,,,"MolVec 0.9.8 (git b412dd0, Maven Central)",0.26768504595384
uob,maybridge-0309-346778027,ICC1CCOCC1,,,,"MolVec 0.9.8 (git b412dd0, Maven Central)",0.11866698507219553
uob,maybridge-0309-437011475,ClCC1CCCCO1,,,,"MolVec 0.9.8 (git b412dd0, Maven Central)",0.12738258996978402
uob,maybridge-0309-508058569,BrCC1CCOCC1,,,,"MolVec 0.9.8 (git b412dd0, Maven Central)",0.1154357900377363
uob,maybridge-0309-744557336,IC1CCOCC1,,,,"MolVec 0.9.8 (git b412dd0, Maven Central)",0.1053973468951881
uob,maybridge-0309-878962864,ClCC1CN(Cc2ccccc2)CCO1,,,,"MolVec 0.9.8 (git b412dd0, Maven Central)",0.21759789483621716
uob,maybridge-0309-928609272,IC1CCSCC1,,,,"MolVec 0.9.8 (git b412dd0, Maven Central)",0.14148217486217618
uob,maybridge-0309-982047472,O=Cc1cc(Br)ccc1OC1CC2(CBr)CN(Cc3ccccc3)C12,,,,"MolVec 0.9.8 (git b412dd0, Maven Central)",0.3986131870187819
uob,maybridge-0310-117903895,Cc1ccc(S(=O)(=O)OCC2Cc3ccccc3O2)cc1,,,,"MolVec 0.9.8 (git b412dd0, Maven Central)",0.40824624616652727
uob,maybridge-0310-212100929,ClCc1cc2cc(Br)ccc2o1,,,,"MolVec 0.9.8 (git b412dd0, Maven Central)",0.20224175602197647
uob,maybridge-0310-229710870,O=S(=O)(c1ccccc1)n1c(CBr)cc2ccccc21,,,,"MolVec 0.9.8 (git b412dd0, Maven Central)",0.33124640700407326
uob,maybridge-0310-272635379,CC1(C)Cc2cccc(CCl)c2O1,,,,"MolVec 0.9.8 (git b412dd0, Maven Central)",0.2466023990418762
uob,maybridge-0310-278403176,ClCCc1ccc2c(c1)OCO2,,,,"MolVec 0.9.8 (git b412dd0, Maven Central)",0.19754657102748752
uob,maybridge-0310-404914364,Cc1ccc(S(=O)OCCc2coc3ccccc23)cc1,,,,"MolVec 0.9.8 (git b412dd0, Maven Central)",0.45321191498078406
uob,maybridge-0310-497486848,O=C1c2ccccc2C(=O)N1CCOCCCl,,,,"MolVec 0.9.8 (git b412dd0, Maven Central)",0.29498352482914925
uob,maybridge-0310-552344531,Cn1c(CBr)nc2ccccc21,,,,"MolVec 0.9.8 (git b412dd0, Maven Central)",0.2383427699096501
uob,maybridge-0310-581362414,Cn1nc(CCl)c2ccccc21,,,,"MolVec 0.9.8 (git b412dd0, Maven Central)",0.2160941690672189
uob,maybridge-0310-986658792,CN1NNc2cc(CBr)ccc21,,,,"MolVec 0.9.8 (git b412dd0, Maven Central)",0.14622259186580777
uob,maybridge-0311-1020871188,BrCc1nc2ccccc2s1,,,,"MolVec 0.9.8 (git b412dd0, Maven Central)",0.1623230178374797
uob,maybridge-0311-398103911,BrCc1ccc2snnc2c1,,,,"MolVec 0.9.8 (git b412dd0, Maven Central)",0.18870102986693382
uob,maybridge-0311-406261909,ClCc1csc2ccc(Br)cc12,,,,"MolVec 0.9.8 (git b412dd0, Maven Central)",0.27262559114024043
uob,maybridge-0311-491181216,CCCC(C)(C)c1ccc(CBr)cc1C,,,,"MolVec 0.9.8 (git b412dd0, Maven Central)",0.2655715988948941
uob,maybridge-0311-589967642,N=C1C=CC(CBr)=CC1=N,,,,"MolVec 0.9.8 (git b412dd0, Maven Central)",0.23260900401510298
uob,maybridge-0311-676521625,BrCc1cccc2nonc12,,,,"MolVec 0.9.8 (git b412dd0, Maven Central)",0.23354986403137445
uob,maybridge-0311-741524850,BrCc1ccc2nonc2c1,,,,"MolVec 0.9.8 (git b412dd0, Maven Central)",0.26346636400558054
uob,maybridge-0311-784423423,COc1ccc2cc(Br)ccc2c1CCl,,,,"MolVec 0.9.8 (git b412dd0, Maven Central)",0.2774112669285387
uob,maybridge-0311-90349631,Clc1cc2nsnc2cc1CBr,,,,"MolVec 0.9.8 (git b412dd0, Maven Central)",0.23268179409205914
uob,maybridge-0311-923285439,Clc1ccc2scc(CBr)c2c1,,,,"MolVec 0.9.8 (git b412dd0, Maven Central)",0.2439383859746158
uob,maybridge-0311-924247410,BrCc1cccc2nsnc12,,,,"MolVec 0.9.8 (git b412dd0, Maven Central)",0.2173621898982674
uob,maybridge-0312-235053506,Cc1ccc2cc(CBr)ccc2n1,,,,"MolVec 0.9.8 (git b412dd0, Maven Central)",0.2332092139404267
uob,maybridge-0312-292654418,BrCc1cccc2cccnc12,,,,"MolVec 0.9.8 (git b412dd0, Maven Central)",0.2161194810178131
uob,maybridge-0312-318533501,ClCc1cc(Br)cc2c1OCOC2,,,,"MolVec 0.9.8 (git b412dd0, Maven Central)",0.24651075503788888
uob,maybridge-0312-584255011,FC(F)(F)c1cc(Cl)c2cc(CBr)ccc2n1,,,,"MolVec 0.9.8 (git b412dd0, Maven Central)",0.387159006902948
uob,maybridge-0312-590306051,ClCc1cc(Cl)cc2c1OCOC2,,,,"MolVec 0.9.8 (git b412dd0, Maven Central)",0.24687766307033598
uob,maybridge-0312-642742765,BrCCOc1cccc2c1OCCO2,,,,"MolVec 0.9.8 (git b412dd0, Maven Central)",0.19073652103543282
uob,maybridge-0312-66286939,Fc1cc(CCl)c2c(c1)COCO2,,,,"MolVec 0.9.8 (git b412dd0, Maven Central)",0.2364782989025116
uob,maybridge-0312-75569420,BrCc1cccc2c1OCCCO2,,,,"MolVec 0.9.8 (git b412dd0, Maven Central)",0.20884818001650274
uob,maybridge-0312-763712832,ClCc1ccc2c(c1)OCCCO2,,,,"MolVec 0.9.8 (git b412dd0, Maven Central)",0.2232823430094868
uob,maybridge-0312-944717037,BrCc1nccc2ccccc12,,,,"MolVec 0.9.8 (git b412dd0, Maven Central)",0.2379048140719533
uob,maybridge-0312-966554394,ClCc1cc2ccccc2nc1Cl,,,,"MolVec 0.9.8 (git b412dd0, Maven Central)",0.2596657129470259
uob,maybridge-0313-1016787246,CCOC(=O)C(C)(C)CCl,,,,"MolVec 0.9.8 (git b412dd0, Maven Central)",0.17708335304632783
uob,maybridge-0313-123830497,BrCC12CC3CC34(CC4C1)C2,,,,"MolVec 0.9.8 (git b412dd0, Maven Central)",0.21024791500531137
uob,maybridge-0313-197312003,CC1CC2(C(=O)O)CC3(Br)CC13C2,,,,"MolVec 0.9.8 (git b412dd0, Maven Central)",0.2993496030103415
uob,maybridge-0313-250126815,C=CCNC(=O)CCl,,,,"MolVec 0.9.8 (git b412dd0, Maven Central)",0.1461474378593266
uob,maybridge-0313-576756772,CC1CC2(C(=O)O)CC(Cl)CC1C2,,,,"MolVec 0.9.8 (git b412dd0, Maven Central)",0.29549514898099005
uob,maybridge-0313-788349055,CC(C)OC(=O)C(C)(C)Br,,,,"MolVec 0.9.8 (git b412dd0, Maven Central)",0.13013432594016194
uob,maybridge-0313-856319018,CCOC(=O)C(Br)CCC(Br)C(=O)OCC,,,,"MolVec 0.9.8 (git b412dd0, Maven Central)",0.25841398700140417
uob,maybridge-0313-971792001,CC1CC2(C)CC3(Br)C[N+2]3(C)(C1)C2,,,,"MolVec 0.9.8 (git b412dd0, Maven Central)",0.290710907895118
uob,maybridge-0314-102154459,O=Cc1[nH]ncc1Br,,,,"MolVec 0.9.8 (git b412dd0, Maven Central)",0.1457592509686947
uob,maybridge-0314-1059601686,CCc1ccn(C)n1,,,,"MolVec 0.9.8 (git b412dd0, Maven Central)",0.10320747410878539
uob,maybridge-0314-206640443,N#Cc1n[nH]cc1Br,,,,"MolVec 0.9.8 (git b412dd0, Maven Central)",0.17209807015024126
uob,maybridge-0314-211828651,Cn1cc(Br)c(C(=O)O)n1,,,,"MolVec 0.9.8 (git b412dd0, Maven Central)",0.21762991789728403
uob,maybridge-0314-222061876,Cc1n[nH]c(C)c1Br,,,,"MolVec 0.9.8 (git b412dd0, Maven Central)",0.1443812360521406
uob,maybridge-0314-393789264,CCOC(=O)c1[nH]c(C)c(Br)c1C,,,,"MolVec 0.9.8 (git b412dd0, Maven Central)",0.28382966201752424
uob,maybridge-0314-554604554,Cn1ncc(Br)c1N,,,,"MolVec 0.9.8 (git b412dd0, Maven Central)",0.1624530430417508
uob,maybridge-0314-659159794,Cn1cc(Br)c(C=O)n1,,,,"MolVec 0.9.8 (git b412dd0, Maven Central)",0.141100195934996
uob,maybridge-0314-73800060,Cc1nn(C)c(C)c1Br,,,,"MolVec 0.9.8 (git b412dd0, Maven Central)",0.15067738993093371
uob,maybridge-0314-801022416,Cc1n[nH]cc1Br,,,,"MolVec 0.9.8 (git b412dd0, Maven Central)",0.11806252505630255
uob,maybridge-0314-822497567,Cn1ncc(Br)c1C=O,,,,"MolVec 0.9.8 (git b412dd0, Maven Central)",0.18951339507475495
uob,maybridge-0315-1055323031,CCc1c(C)nn(C)c1C,,,,"MolVec 0.9.8 (git b412dd0, Maven Central)",0.15764324599877
uob,maybridge-0315-10919083,Cc1nn(-c2ccccc2)c(C)c1Br,,,,"MolVec 0.9.8 (git b412dd0, Maven Central)",0.243609159020707
uob,maybridge-0315-20844478,Cn1cc(Br)c(C(F)(F)F)n1,,,,"MolVec 0.9.8 (git b412dd0, Maven Central)",0.17914017592556775
uob,maybridge-0315-32068366,Cc1nn(C)c(C(=O)O)c1Br,,,,"MolVec 0.9.8 (git b412dd0, Maven Central)",0.20358432899229228
uob,maybridge-0315-382277199,Cn1cc(Br)c(-c2cccc(N)c2)n1,,,,"MolVec 0.9.8 (git b412dd0, Maven Central)",0.2959349111188203
uob,maybridge-0315-471615702,CCn1nc(C)c(Br)c1C(=O)Cl,,,,"MolVec 0.9.8 (git b412dd0, Maven Central)",0.21851131995208561
uob,maybridge-0315-49084971,Cc1c(Br)cnn1-c1ccccc1,,,,"MolVec 0.9.8 (git b412dd0, Maven Central)",0.2690083491615951
uob,maybridge-0315-499614928,Cn1cc(Br)c(C(=O)Cl)n1,,,,"MolVec 0.9.8 (git b412dd0, Maven Central)",0.19086056901142
uob,maybridge-0315-554019936,Nc1[nH]nc(-c2ccccc2)c1Br,,,,"MolVec 0.9.8 (git b412dd0, Maven Central)",0.3353067860007286
uob,maybridge-0315-964980290,CCn1nc(C)c(Br)c1C(=O)O,,,,"MolVec 0.9.8 (git b412dd0, Maven Central)",0.18112949607893825
uob,maybridge-0316-1005768280,CCc1c[nH]c(C)n1,,,,"MolVec 0.9.8 (git b412dd0, Maven Central)",0.15357821085490286
uob,maybridge-0316-105376909,CCc1c(C)nn(C(=O)OC(C)(C)C)c1C,,,,"MolVec 0.9.8 (git b412dd0, Maven Central)",0.20833861315622926
uob,maybridge-0316-122743482,Cc1nc([N+](=O)[O-])c(Br)[nH]1,,,,"MolVec 0.9.8 (git b412dd0, Maven Central)",0.2064056759700179
uob,maybridge-0316-147386629,Cc1nn(Cc2cccc(C(=O)O)c2)c(C)c1Br,,,,"MolVec 0.9.8 (git b412dd0, Maven Central)",0.2615782138891518
uob,maybridge-0316-444684716,CC.CC1=NC=CC1C,,,,"MolVec 0.9.8 (git b412dd0, Maven Central)",0.10066638910211623
uob,maybridge-0316-695537111,Cc1n[nH]c(Br)n1,,,,"MolVec 0.9.8 (git b412dd0, Maven Central)",0.13194900890812278
uob,maybridge-0316-731743963,Fc1nc(Br)nn1Cc1ccccc1,,,,"MolVec 0.9.8 (git b412dd0, Maven Central)",0.22427959484048188
uob,maybridge-0316-83898195,Cc1ncc(Br)n1C,,,,"MolVec 0.9.8 (git b412dd0, Maven Central)",0.12255341489799321
uob,maybridge-0316-912443372,Cn1c(Br)nc(C(=O)O)c1C(=O)O,,,,"MolVec 0.9.8 (git b412dd0, Maven Central)",0.297644010046497
uob,maybridge-0316-971540064,CCc1cnn(-c2ccccc2)c1C,,,,"MolVec 0.9.8 (git b412dd0, Maven Central)",0.19085855619050562
uob,maybridge-0317-1001971375,O=Cc1sccc1Br,,,,"MolVec 0.9.8 (git b412dd0, Maven Central)",0.16853073402307928
uob,maybridge-0317-1041895164,O=C(O)c1ccc(Br)o1,,,,"MolVec 0.9.8 (git b412dd0, Maven Central)",0.19912121002562344
uob,maybridge-0317-332753062,Brc1ccco1,,,,"MolVec 0.9.8 (git b412dd0, Maven Central)",0.12406693492084742
uob,maybridge-0317-434092819,Clc1sccc1Br,,,,"MolVec 0.9.8 (git b412dd0, Maven Central)",0.11633258312940598
uob,maybridge-0317-523407270,OCc1ccsc1Br,,,,"MolVec 0.9.8 (git b412dd0, Maven Central)",0.11555681191384792
uob,maybridge-0317-554046964,OCc1cc(Br)cs1,,,,"MolVec 0.9.8 (git b412dd0, Maven Central)",0.1765150111168623
uob,maybridge-0317-601831776,Brc1ccoc1,,,,"MolVec 0.9.8 (git b412dd0, Maven Central)",0.09028485999442637
uob,maybridge-0317-666943946,O=Cc1cc(Br)cs1,,,,"MolVec 0.9.8 (git b412dd0, Maven Central)",0.12356782588176429
uob,maybridge-0317-721739693,Brc1nc(Br)n(Cc2ccccc2)n1,,,,"MolVec 0.9.8 (git b412dd0, Maven Central)",0.23313315608538687
uob,maybridge-0317-766202912,O=Cc1ccc(Br)s1,,,,"MolVec 0.9.8 (git b412dd0, Maven Central)",0.15712811099365354
uob,maybridge-0317-959625227,O=Cc1ccc(Br)o1,,,,"MolVec 0.9.8 (git b412dd0, Maven Central)",0.14227361604571342
uob,maybridge-0317-98849364,O=Cc1ccsc1Br,,,,"MolVec 0.9.8 (git b412dd0, Maven Central)",0.10961458110250533
uob,maybridge-0318-110062472,O=C(Cl)c1sccc1Br,,,,"MolVec 0.9.8 (git b412dd0, Maven Central)",0.20095596695318818
uob,maybridge-0318-193782226,CNCc1ccsc1Br,,,,"MolVec 0.9.8 (git b412dd0, Maven Central)",0.1422788619529456
uob,maybridge-0318-289969620,O=C(O)c1ccc(Br)s1,,,,"MolVec 0.9.8 (git b412dd0, Maven Central)",0.19188201590441167
uob,maybridge-0318-344669135,OBc1ccc(Br)s1,,,,"MolVec 0.9.8 (git b412dd0, Maven Central)",0.21257785009220243
uob,maybridge-0318-673953573,O=C(O)c1cc(Br)cs1,,,,"MolVec 0.9.8 (git b412dd0, Maven Central)",0.19697356200776994
uob,maybridge-0318-695669000,Brc1ccc(-c2ccno2)s1,,,,"MolVec 0.9.8 (git b412dd0, Maven Central)",0.21529745613224804
uob,maybridge-0318-773996186,O=C(O)c1sccc1Br,,,,"MolVec 0.9.8 (git b412dd0, Maven Central)",0.20158963790163398
uob,maybridge-0318-7779407,CC(=O)c1cc(Br)cs1,,,,"MolVec 0.9.8 (git b412dd0, Maven Central)",0.20713958400301635
uob,maybridge-0318-791770387,O=C(Cl)c1cc(Br)cs1,,,,"MolVec 0.9.8 (git b412dd0, Maven Central)",0.21144555509090424
uob,maybridge-0318-798863868,COC(=O)c1sccc1Br,,,,"MolVec 0.9.8 (git b412dd0, Maven Central)",0.19656731910072267
uob,maybridge-0318-947332586,NCc1ccsc1Br,,,,"MolVec 0.9.8 (git b412dd0, Maven Central)",0.15254548797383904
uob,maybridge-0318-950228145,O=C(O)c1ccsc1Br,,,,"MolVec 0.9.8 (git b412dd0, Maven Central)",0.19211056199856102
uob,maybridge-0319-165445564,Cc1nc(-c2ccc(Br)s2)cs1,,,,"MolVec 0.9.8 (git b412dd0, Maven Central)",0.34392584417946637
uob,maybridge-0319-230120230,COC(=O)c1scc(Br)c1O,,,,"MolVec 0.9.8 (git b412dd0, Maven Central)",0.2804485270753503
uob,maybridge-0319-282435158,COc1c(C(=O)O)csc1Br,,,,"MolVec 0.9.8 (git b412dd0, Maven Central)",0.3341484069824219
uob,maybridge-0319-322669984,COC(=O)c1scc(Br)c1OC,,,,"MolVec 0.9.8 (git b412dd0, Maven Central)",0.32150957779958844
uob,maybridge-0319-373126460,Brc1csc(Br)c1,,,,"MolVec 0.9.8 (git b412dd0, Maven Central)",0.22069067391566932
uob,maybridge-0319-389184890,Brc1ccc(-c2ccccc2)s1,,,,"MolVec 0.9.8 (git b412dd0, Maven Central)",0.4449244679417461
uob,maybridge-0319-565588829,Brc1ccc(-c2ccccn2)s1,,,,"MolVec 0.9.8 (git b412dd0, Maven Central)",0.47515583387576044
uob,maybridge-0319-772285360,O=S1(C2=CC=C(Br)S2)=ON1,,,,"MolVec 0.9.8 (git b412dd0, Maven Central)",0.3067222509998828
uob,maybridge-0319-916863915,COC(=O)c1cc(C)c(Br)s1,,,,"MolVec 0.9.8 (git b412dd0, Maven Central)",0.3905594830866903
uob,maybridge-0319-947702024,C[C@]12CC1NC(c1ccc(Br)s1)=NO2,,,,"MolVec 0.9.8 (git b412dd0, Maven Central)",0.3342106731142849
uob,maybridge-0319-947958771,COc1c(C(=O)Cl)csc1Br,,,,"MolVec 0.9.8 (git b412dd0, Maven Central)",0.2964892890304327
uob,maybridge-0320-174518114,O=S(=O)(Cl)c1cscc1Br,,,,"MolVec 0.9.8 (git b412dd0, Maven Central)",0.18292288901284337
uob,maybridge-0320-195259741,COC(=O)c1sc(Br)c(Br)c1O,,,,"MolVec 0.9.8 (git b412dd0, Maven Central)",0.2753619181457907
uob,maybridge-0320-285392539,CCOC(=O)c1csc(-c2ccc(Br)s2)n1,,,,"MolVec 0.9.8 (git b412dd0, Maven Central)",0.28287905897013843
uob,maybridge-0320-311224685,O=C(CCl)c1cc(Br)c(Cl)s1,,,,"MolVec 0.9.8 (git b412dd0, Maven Central)",0.26671701297163963
uob,maybridge-0320-357139125,[O-]=[S+]C1=CC(Br)=C(Cl)S1,,,,"MolVec 0.9.8 (git b412dd0, Maven Central)",0.21269996906630695
uob,maybridge-0320-383298432,[O-]=[S+]C1=CC=C(Br)S1,,,,"MolVec 0.9.8 (git b412dd0, Maven Central)",0.17588794883340597
uob,maybridge-0320-385793544,CC(C)(C)OC(=O)NCC1(/C=C\S)=C(Br)C1,,,,"MolVec 0.9.8 (git b412dd0, Maven Central)",0.23838002583943307
uob,maybridge-0320-618408186,CCOC(=O)c1cc(-c2ccc(Br)s2)on1,,,,"MolVec 0.9.8 (git b412dd0, Maven Central)",0.36131028295494616
uob,maybridge-0320-669181338,CCOC(=O)C(=O)c1ccc(Br)s1,,,,"MolVec 0.9.8 (git b412dd0, Maven Central)",0.2748420611023903
uob,maybridge-0320-697438713,Nc1nc(-c2ccc(Br)s2)cs1,,,,"MolVec 0.9.8 (git b412dd0, Maven Central)",0.26682156906463206
uob,maybridge-0320-706483671,CC(C)(C)OC(=O)NCc1ccc(Br)s1,,,,"MolVec 0.9.8 (git b412dd0, Maven Central)",0.2714995730202645
uob,maybridge-0321-1052787504,CCc1c(C)noc1C,,,,"MolVec 0.9.8 (git b412dd0, Maven Central)",0.1446974070277065
uob,maybridge-0321-1057271825,CCc1cnoc1C,,,,"MolVec 0.9.8 (git b412dd0, Maven Central)",0.10293008806183934
uob,maybridge-0321-166794868,Cc1nc(C)c(Br)s1,,,,"MolVec 0.9.8 (git b412dd0, Maven Central)",0.1362569599878043
uob,maybridge-0321-25193984,Cc1nc(Br)sc1C(=O)O,,,,"MolVec 0.9.8 (git b412dd0, Maven Central)",0.1856618111487478
uob,maybridge-0321-301389714,CCc1c(C)noc1-c1ccccc1,,,,"MolVec 0.9.8 (git b412dd0, Maven Central)",0.23348045209422708
uob,maybridge-0321-36204713,Cc1onc(N)c1Br,,,,"MolVec 0.9.8 (git b412dd0, Maven Central)",0.12340970290824771
uob,maybridge-0321-375073057,Cc1nc(NC(=N)N)sc1Br,,,,"MolVec 0.9.8 (git b412dd0, Maven Central)",0.19740202999673784
uob,maybridge-0321-584561673,O=S(=O)(Cl)c1c(Cl)sc(Cl)c1Br,,,,"MolVec 0.9.8 (git b412dd0, Maven Central)",0.2306256270967424
uob,maybridge-0321-603591222,Cc1nc(-c2ccccc2)c(Br)s1,,,,"MolVec 0.9.8 (git b412dd0, Maven Central)",0.2683648350648582
uob,maybridge-0321-694325095,Brc1nccs1,,,,"MolVec 0.9.8 (git b412dd0, Maven Central)",0.08274988387711346
uob,maybridge-0321-837537578,CCOC(=O)c1sc(Br)nc1C,,,,"MolVec 0.9.8 (git b412dd0, Maven Central)",0.21079890802502632
uob,maybridge-0321-959939090,Cc1onc(-c2ccccc2)c1I,,,,"MolVec 0.9.8 (git b412dd0, Maven Central)",0.2907950358930975
uob,maybridge-0322-144624076,Cc1nncs1,,,,"MolVec 0.9.8 (git b412dd0, Maven Central)",0.08999625686556101
uob,maybridge-0322-175582061,CCc1cccc(Br)c1,,,,"MolVec 0.9.8 (git b412dd0, Maven Central)",0.12128690490499139
uob,maybridge-0322-523425304,CC(C)(C)c1nc(N)sc1Br,,,,"MolVec 0.9.8 (git b412dd0, Maven Central)",0.23677676683291793
uob,maybridge-0322-531838664,NC(=O)c1ccccc1Br,,,,"MolVec 0.9.8 (git b412dd0, Maven Central)",0.14438777905888855
uob,maybridge-0322-675546518,N#Cc1ccccc1Br,,,,"MolVec 0.9.8 (git b412dd0, Maven Central)",0.1633363338187337
uob,maybridge-0322-834014150,Brc1sc(-c2ccccc2)nc1-c1ccccc1,,,,"MolVec 0.9.8 (git b412dd0, Maven Central)",0.36769529921002686
uob,maybridge-0322-835207384,Cc1ccc(O)c(Br)c1,,,,"MolVec 0.9.8 (git b412dd0, Maven Central)",0.10746795800514519
uob,maybridge-0322-86341473,Cc1nc(-c2ccc(C(F)(F)F)cc2)sc1Br,,,,"MolVec 0.9.8 (git b412dd0, Maven Central)",0.4482001489959657
uob,maybridge-0322-919371677,Nc1ccc(Br)cc1N,,,,"MolVec 0.9.8 (git b412dd0, Maven Central)",0.1464636130258441
uob,maybridge-0322-942906716,O=C=Nc1ccccc1Br,,,,"MolVec 0.9.8 (git b412dd0, Maven Central)",0.12990240403451025
uob,maybridge-0322-944283485,Cc1nc(-c2ccccc2)sc1Br,,,,"MolVec 0.9.8 (git b412dd0, Maven Central)",0.31080409907735884
uob,maybridge-0322-986711119,C/C(N)=N\[N+]1=C(Br)C1,,,,"MolVec 0.9.8 (git b412dd0, Maven Central)",0.1539986291900277
uob,maybridge-0323-252389253,OB(O)c1ccc(Br)cc1,,,,"MolVec 0.9.8 (git b412dd0, Maven Central)",0.17901502386666834
uob,maybridge-0323-262515291,Nc1ccc(Br)cc1C(=O)O,,,,"MolVec 0.9.8 (git b412dd0, Maven Central)",0.23700706590898335
uob,maybridge-0323-319080260,Nc1c(Br)cccc1C(=O)O,,,,"MolVec 0.9.8 (git b412dd0, Maven Central)",0.18060748605057597
uob,maybridge-0323-329302251,Nc1ccc(Br)cc1[N+](=O)[O-],,,,"MolVec 0.9.8 (git b412dd0, Maven Central)",0.13292031199671328
uob,maybridge-0323-435381276,S=C=Nc1ccccc1Br,,,,"MolVec 0.9.8 (git b412dd0, Maven Central)",0.1331529978197068
uob,maybridge-0323-465869319,O=C(CO)c1ccc(Br)cc1,,,,"MolVec 0.9.8 (git b412dd0, Maven Central)",0.17898848396725953
uob,maybridge-0323-629209659,OCCc1ccc(Br)cc1,,,,"MolVec 0.9.8 (git b412dd0, Maven Central)",0.16265764902345836
uob,maybridge-0323-723442438,OB(O)c1cccc(Br)c1,,,,"MolVec 0.9.8 (git b412dd0, Maven Central)",0.16547700413502753
uob,maybridge-0323-772208140,S=C=Nc1cccc(Br)c1,,,,"MolVec 0.9.8 (git b412dd0, Maven Central)",0.13323521404527128
uob,maybridge-0323-797240666,O=C(O)Cc1ccc(Br)cc1,,,,"MolVec 0.9.8 (git b412dd0, Maven Central)",0.18844594713300467
uob,maybridge-0323-888092016,Cc1cc(Br)cc(N)c1N,,,,"MolVec 0.9.8 (git b412dd0, Maven Central)",0.1877458079252392
uob,maybridge-0323-945494274,Cc1c(Br)cc(N)c(N)c1C,,,,"MolVec 0.9.8 (git b412dd0, Maven Central)",0.21692953584715724
uob,maybridge-0324-1037377689,FC(F)Oc1ccc(Br)cc1,,,,"MolVec 0.9.8 (git b412dd0, Maven Central)",0.14110122993588448
uob,maybridge-0324-10412441,Cc1cc(Br)cc(Cl)c1O,,,,"MolVec 0.9.8 (git b412dd0, Maven Central)",0.1628789019305259
uob,maybridge-0324-1051839262,Brc1cccc(-c2ccno2)c1,,,,"MolVec 0.9.8 (git b412dd0, Maven Central)",0.23082368215546012
uob,maybridge-0324-1072644583,Brc1cccc(-n2cccc2)c1,,,,"MolVec 0.9.8 (git b412dd0, Maven Central)",0.17190063605085015
uob,maybridge-0324-116719815,Brc1ccc(-c2ccco2)cc1,,,,"MolVec 0.9.8 (git b412dd0, Maven Central)",0.2072596710640937
uob,maybridge-0324-471198831,Brc1cccc(-n2cccn2)c1,,,,"MolVec 0.9.8 (git b412dd0, Maven Central)",0.19596228399313986
uob,maybridge-0324-497852363,Brc1ccccc1-n1cccc1,,,,"MolVec 0.9.8 (git b412dd0, Maven Central)",0.19361921306699514
uob,maybridge-0324-641363805,Brc1ccc(-c2ccno2)cc1,,,,"MolVec 0.9.8 (git b412dd0, Maven Central)",0.2052313219755888
uob,maybridge-0324-747891653,Brc1cccc(-c2cc[nH]n2)c1,,,,"MolVec 0.9.8 (git b412dd0, Maven Central)",0.23221397888846695
uob,maybridge-0324-758864680,Brc1ccccc1-n1cccn1,,,,"MolVec 0.9.8 (git b412dd0, Maven Central)",0.19109451514668763
uob,maybridge-0324-78202395,Brc1cccc(-c2ccco2)c1,,,,"MolVec 0.9.8 (git b412dd0, Maven Central)",0.17746397806331515
uob,maybridge-0324-830465159,Brc1ccccc1-c1ccco1,,,,"MolVec 0.9.8 (git b412dd0, Maven Central)",0.2378406950738281
uob,maybridge-0325-1000864137,Brc1ccc(N2CCCC2)cc1,,,,"MolVec 0.9.8 (git b412dd0, Maven Central)",0.19634724082425237
uob,maybridge-0325-106337158,Cc1cc(Br)c(N)c([N+](=O)[O-])c1,,,,"MolVec 0.9.8 (git b412dd0, Maven Central)",0.20009575178846717
uob,maybridge-0325-1071691034,CCCCCc1ccc(Br)cc1,,,,"MolVec 0.9.8 (git b412dd0, Maven Central)",0.15600603492930532
uob,maybridge-0325-142211098,CCc1ccc(NN)cc1,,,,"MolVec 0.9.8 (git b412dd0, Maven Central)",0.18905119108967483
uob,maybridge-0325-224190062,Brc1cccc(N2CCCC2)c1,,,,"MolVec 0.9.8 (git b412dd0, Maven Central)",0.21173091582022607
uob,maybridge-0325-247831899,Brc1cccc(-c2cnco2)c1,,,,"MolVec 0.9.8 (git b412dd0, Maven Central)",0.2149720611050725
uob,maybridge-0325-304610043,Brc1ccc(-c2cnco2)cc1,,,,"MolVec 0.9.8 (git b412dd0, Maven Central)",0.22405815497040749
uob,maybridge-0325-645454291,O=C(O)c1ccccc1Br,,,,"MolVec 0.9.8 (git b412dd0, Maven Central)",0.19860083097591996
uob,maybridge-0325-679907946,O=[SH](=O)c1cccc(Br)c1,,,,"MolVec 0.9.8 (git b412dd0, Maven Central)",0.1816912388894707
uob,maybridge-0325-719996608,Brc1ccccc1-c1cnco1,,,,"MolVec 0.9.8 (git b412dd0, Maven Central)",0.21118678897619247
uob,maybridge-0325-721645995,Cc1cc(I)ccc1N,,,,"MolVec 0.9.8 (git b412dd0, Maven Central)",0.19082313822582364
uob,maybridge-0325-869636205,COc1cc(Br)cc(C=O)c1O,,,,"MolVec 0.9.8 (git b412dd0, Maven Central)",0.22939911880530417
uob,maybridge-0326-106377056,Brc1cccc(Cn2ccnc2)c1,,,,"MolVec 0.9.8 (git b412dd0, Maven Central)",0.19982797396369278
uob,maybridge-0326-184642233,Cc1nc(-c2cccc(Br)c2)no1,,,,"MolVec 0.9.8 (git b412dd0, Maven Central)",0.2482601481024176
uob,maybridge-0326-406651339,Cc1noc(-c2cccc(Br)c2)n1,,,,"MolVec 0.9.8 (git b412dd0, Maven Central)",0.2836356128100306
uob,maybridge-0326-464760832,Brc1ccc(Cn2ccnc2)cc1,,,,"MolVec 0.9.8 (git b412dd0, Maven Central)",0.195261922897771
uob,maybridge-0326-566290250,Brc1ccc(-c2cccs2)cc1,,,,"MolVec 0.9.8 (git b412dd0, Maven Central)",0.16791650000959635
uob,maybridge-0326-617131664,Cc1noc(-c2ccc(Br)cc2)n1,,,,"MolVec 0.9.8 (git b412dd0, Maven Central)",0.2362924600020051
uob,maybridge-0326-717166326,Cc1nc(-c2ccccc2Br)no1,,,,"MolVec 0.9.8 (git b412dd0, Maven Central)",0.23751974385231733
uob,maybridge-0326-778645636,Brc1ccccc1-c1cccs1,,,,"MolVec 0.9.8 (git b412dd0, Maven Central)",0.19901544484309852
uob,maybridge-0326-853191605,Nc1ccc(C(F)(F)F)cc1Br,,,,"MolVec 0.9.8 (git b412dd0, Maven Central)",0.20854673883877695
uob,maybridge-0326-890723510,Cc1noc(-c2ccccc2Br)n1,,,,"MolVec 0.9.8 (git b412dd0, Maven Central)",0.18653569603338838
uob,maybridge-0326-952023665,Cc1nc(-c2ccc(Br)cc2)no1,,,,"MolVec 0.9.8 (git b412dd0, Maven Central)",0.22374063218012452
uob,maybridge-0327-1036585426,COC(=O)c1cc(OC)ccc1Br,,,,"MolVec 0.9.8 (git b412dd0, Maven Central)",0.18755022482946515
uob,maybridge-0327-18415141,Nc1ccc(Br)c(Cl)c1Cl,,,,"MolVec 0.9.8 (git b412dd0, Maven Central)",0.16921732807531953
uob,maybridge-0327-269924742,CN(C)CCOc1ccc(Br)cc1,,,,"MolVec 0.9.8 (git b412dd0, Maven Central)",0.1866051689721644
uob,maybridge-0327-273240655,Brc1cccc(N2CCCCC2)c1,,,,"MolVec 0.9.8 (git b412dd0, Maven Central)",0.1581188349518925
uob,maybridge-0327-611438460,Cc1ccccc1N=C=O,,,,"MolVec 0.9.8 (git b412dd0, Maven Central)",0.15694409795105457
uob,maybridge-0327-670151471,O=C(O)CCCc1ccc(Br)cc1,,,,"MolVec 0.9.8 (git b412dd0, Maven Central)",0.19547135988250375
uob,maybridge-0327-78252488,CCCCCCc1ccc(Br)cc1,,,,"MolVec 0.9.8 (git b412dd0, Maven Central)",0.17645229795016348
uob,maybridge-0327-829711328,Brc1ccc(N2CCCCC2)cc1,,,,"MolVec 0.9.8 (git b412dd0, Maven Central)",0.17970266309566796
uob,maybridge-0327-891757172,Brc1cccc(N2CCOCC2)c1,,,,"MolVec 0.9.8 (git b412dd0, Maven Central)",0.21568366209976375
uob,maybridge-0327-929961509,Brc1ccc(-c2csnn2)cc1,,,,"MolVec 0.9.8 (git b412dd0, Maven Central)",0.23725827201269567
uob,maybridge-0327-984914189,FC(F)(F)Oc1ccc(Br)cc1,,,,"MolVec 0.9.8 (git b412dd0, Maven Central)",0.18011147109791636
uob,maybridge-0327-993110564,COc1ccc(Br)c(C(=O)NN)c1,,,,"MolVec 0.9.8 (git b412dd0, Maven Central)",0.2559232299681753
uob,maybridge-0328-24113526,Cc1ccc(O)cc1CO,,,,"MolVec 0.9.8 (git b412dd0, Maven Central)",0.12274814886040986
uob,maybridge-0328-276430921,Cc1ccc(C=O)cc1O,,,,"MolVec 0.9.8 (git b412dd0, Maven Central)",0.1291018610354513
uob,maybridge-0328-28980093,Cc1ccccc1C(=O)O,,,,"MolVec 0.9.8 (git b412dd0, Maven Central)",0.1348550079856068
uob,maybridge-0328-338732060,Cc1nccc(-c2cccc(Br)c2)n1,,,,"MolVec 0.9.8 (git b412dd0, Maven Central)",0.2429023520089686
uob,maybridge-0328-373544081,Brc1ccc(Oc2ccccn2)cc1,,,,"MolVec 0.9.8 (git b412dd0, Maven Central)",0.21075963298790157
uob,maybridge-0328-383945655,Cc1ccc(B(O)O)cc1,,,,"MolVec 0.9.8 (git b412dd0, Maven Central)",0.20224313694052398
uob,maybridge-0328-454652823,Cc1cccc(B(O)O)c1,,,,"MolVec 0.9.8 (git b412dd0, Maven Central)",0.17259405204094946
uob,maybridge-0328-529125519,COc1ccc(Br)c(C(=O)Cl)c1,,,,"MolVec 0.9.8 (git b412dd0, Maven Central)",0.19310229504480958
uob,maybridge-0328-635953536,Cc1cc(I)cc(C)c1O,,,,"MolVec 0.9.8 (git b412dd0, Maven Central)",0.1616973120253533
uob,maybridge-0328-647581740,CCc1ccc(CO)cc1O,,,,"MolVec 0.9.8 (git b412dd0, Maven Central)",0.1871370191220194
uob,maybridge-0328-917168718,Brc1cccc(Oc2ccccn2)c1,,,,"MolVec 0.9.8 (git b412dd0, Maven Central)",0.22873908700421453
uob,maybridge-0328-91853377,O=Cc1cc(O)ccc1I,,,,"MolVec 0.9.8 (git b412dd0, Maven Central)",0.16741899703629315
uob,maybridge-0329-1003428538,C=OC.ClCC1=CC=CC=C1Br,,,,"MolVec 0.9.8 (git b412dd0, Maven Central)",0.1568980561569333
uob,maybridge-0329-1008004420,Nc1ccc(I)cc1Cl,,,,"MolVec 0.9.8 (git b412dd0, Maven Central)",0.1336775328963995
uob,maybridge-0329-121864356,Nc1cc(C(F)(F)F)cc(Br)c1N,,,,"MolVec 0.9.8 (git b412dd0, Maven Central)",0.22959592007100582
uob,maybridge-0329-169543561,Nc1ccc(Br)cc1OC(F)(F)F,,,,"MolVec 0.9.8 (git b412dd0, Maven Central)",0.22831408586353064
uob,maybridge-0329-310481102,Nc1ccc(OC(F)(F)F)cc1Br,,,,"MolVec 0.9.8 (git b412dd0, Maven Central)",0.16749686910770833
uob,maybridge-0329-345334381,CCCCCCCc1ccc(Br)cc1,,,,"MolVec 0.9.8 (git b412dd0, Maven Central)",0.20488191582262516
uob,maybridge-0329-508135493,Cc1nc(-c2cccc(Br)c2)cs1,,,,"MolVec 0.9.8 (git b412dd0, Maven Central)",0.19197657890617847
uob,maybridge-0329-523367834,C=OC.ClCC1=CC(Br)=CC=C1,,,,"MolVec 0.9.8 (git b412dd0, Maven Central)",0.1733457630034536
uob,maybridge-0329-589672821,O=C(O)CCC(=O)c1ccc(Br)cc1,,,,"MolVec 0.9.8 (git b412dd0, Maven Central)",0.2751201919745654
uob,maybridge-0329-622683376,COc1ccc(Br)c(C(=O)CC#N)c1,,,,"MolVec 0.9.8 (git b412dd0, Maven Central)",0.2148158650379628
uob,maybridge-0329-649077321,Fc1ccc(-c2ccccc2)cc1Br,,,,"MolVec 0.9.8 (git b412dd0, Maven Central)",0.2383541928138584
uob,maybridge-0329-803666269,Cc1nc(-c2ccc(Br)cc2)cs1,,,,"MolVec 0.9.8 (git b412dd0, Maven Central)",0.23718742607161403
uob,maybridge-0330-104073423,Brc1cccc(COc2ccccc2)c1,,,,"MolVec 0.9.8 (git b412dd0, Maven Central)",0.2145698571112007
uob,maybridge-0330-16799270,CCCCCCCCc1ccc(Br)cc1,,,,"MolVec 0.9.8 (git b412dd0, Maven Central)",0.14519297098740935
uob,maybridge-0330-185809195,N#Cc1cc(Br)cc(Br)c1,,,,"MolVec 0.9.8 (git b412dd0, Maven Central)",0.1831860290840268
uob,maybridge-0330-209742724,O=S(=O)(Cl)Cc1cccc(Br)c1,,,,"MolVec 0.9.8 (git b412dd0, Maven Central)",0.18563289288431406
uob,maybridge-0330-299960104,Brc1ccc(CN2CCCNCC2)cc1,,,,"MolVec 0.9.8 (git b412dd0, Maven Central)",0.24312803009524941
uob,maybridge-0330-34554344,Cc1ccc(Oc2ccc(Br)cc2)nn1,,,,"MolVec 0.9.8 (git b412dd0, Maven Central)",0.16023202915675938
uob,maybridge-0330-346781856,O=S(=O)(Cl)Cc1ccccc1Br,,,,"MolVec 0.9.8 (git b412dd0, Maven Central)",0.16384411696344614
uob,maybridge-0330-5203650,Brc1ccccc1COc1ccccc1,,,,"MolVec 0.9.8 (git b412dd0, Maven Central)",0.18986795702949166
uob,maybridge-0330-569620462,Cc1c(Br)cc(C(=O)Cl)c(C)c1C,,,,"MolVec 0.9.8 (git b412dd0, Maven Central)",0.18021801905706525
uob,maybridge-0330-77068105,CCCCCCOc1ccc(Br)cc1,,,,"MolVec 0.9.8 (git b412dd0, Maven Central)",0.16611831891350448
uob,maybridge-0330-838952308,Cc1ccc(C(=O)O)cc1O,,,,"MolVec 0.9.8 (git b412dd0, Maven Central)",0.1891927809920162
uob,maybridge-0330-953652033,CC(C)(C)c1ccc(I)cc1,,,,"MolVec 0.9.8 (git b412dd0, Maven Central)",0.12829086114652455
uob,maybridge-0331-18882029,CCc1ccc(-c2ccno2)cc1,,,,"MolVec 0.9.8 (git b412dd0, Maven Central)",0.22637602617032826
uob,maybridge-0331-207862167,O=S(=O)(Cl)Cc1ccc(Br)cc1,,,,"MolVec 0.9.8 (git b412dd0, Maven Central)",0.19360652682371438
uob,maybridge-0331-208594373,Ic1ccc(-n2cccn2)cc1,,,,"MolVec 0.9.8 (git b412dd0, Maven Central)",0.1894132460001856
uob,maybridge-0331-229125298,FC(F)(F)Oc1cc(Br)ccc1S,,,,"MolVec 0.9.8 (git b412dd0, Maven Central)",0.1526964141521603
uob,maybridge-0331-246464683,Cc1c(Br)cc(Br)c(N)c1C,,,,"MolVec 0.9.8 (git b412dd0, Maven Central)",0.23947136290371418
uob,maybridge-0331-469684410,Cc1cc(Br)ccc1S(=O)(=O)Cl,,,,"MolVec 0.9.8 (git b412dd0, Maven Central)",0.18279093294404447
uob,maybridge-0331-600294307,Nc1c(Cl)cc(C(F)(F)F)cc1Br,,,,"MolVec 0.9.8 (git b412dd0, Maven Central)",0.2532622159924358
uob,maybridge-0331-737007479,FC(F)(F)c1ccc(I)cc1,,,,"MolVec 0.9.8 (git b412dd0, Maven Central)",0.1954403689596802
uob,maybridge-0331-774777211,CN1CCCN(Cc2ccc(Br)cc2)CC1,,,,"MolVec 0.9.8 (git b412dd0, Maven Central)",0.16871322295628488
uob,maybridge-0331-793084326,CCc1cc(Br)ccc1S(=O)(=O)Cl,,,,"MolVec 0.9.8 (git b412dd0, Maven Central)",0.15311183803714812
uob,maybridge-0331-886170971,CC(=O)Nc1ccc(C(F)(F)F)cc1Br,,,,"MolVec 0.9.8 (git b412dd0, Maven Central)",0.223229275085032
uob,maybridge-0331-979692433,CCc1cc(OC)c(C)cc1OC,,,,"MolVec 0.9.8 (git b412dd0, Maven Central)",0.1453572059981525
uob,maybridge-0332-1021871651,Ic1ccc(Cn2cccn2)cc1,,,,"MolVec 0.9.8 (git b412dd0, Maven Central)",0.17015886795707047
uob,maybridge-0332-1033820399,CCc1ccc(Cn2cncn2)cc1,,,,"MolVec 0.9.8 (git b412dd0, Maven Central)",0.17440579901449382
uob,maybridge-0332-144731581,Brc1cccc(OCCN2CCOCC2)c1,,,,"MolVec 0.9.8 (git b412dd0, Maven Central)",0.21180773014202714
uob,maybridge-0332-156700983,CC(C)(C)OC(=O)NCc1ccccc1Br,,,,"MolVec 0.9.8 (git b412dd0, Maven Central)",0.19354191096499562
uob,maybridge-0332-339814619,Nc1c(Br)cc(C(F)(F)F)cc1[N+](=O)[O-],,,,"MolVec 0.9.8 (git b412dd0, Maven Central)",0.22594373696483672
uob,maybridge-0332-6435594,COc1ccc(Br)cc1S(=O)(=O)Cl,,,,"MolVec 0.9.8 (git b412dd0, Maven Central)",0.17294853506609797
uob,maybridge-0332-685238474,CCc1cccc(Cn2cncn2)c1,,,,"MolVec 0.9.8 (git b412dd0, Maven Central)",0.20879212114959955
uob,maybridge-0332-735969649,Ic1ccccc1Cn1cncn1,,,,"MolVec 0.9.8 (git b412dd0, Maven Central)",0.17403846001252532
uob,maybridge-0332-863281608,Brc1ccccc1OCCN1CCOCC1,,,,"MolVec 0.9.8 (git b412dd0, Maven Central)",0.23196799494326115
uob,maybridge-0332-957252805,Cc1cccc(CN2CCCC2)c1,,,,"MolVec 0.9.8 (git b412dd0, Maven Central)",0.14956226386129856
uob,maybridge-0332-983669270,Brc1ccc(OCCN2CCOCC2)cc1,,,,"MolVec 0.9.8 (git b412dd0, Maven Central)",0.20884413784369826
uob,maybridge-0332-994818721,CCc1cccc(Cn2cccn2)c1,,,,"MolVec 0.9.8 (git b412dd0, Maven Central)",0.25697305402718484
uob,maybridge-0333-1006312067,Cc1c(C(=O)O)nnn1Cc1ccc(Br)cc1,,,,"MolVec 0.9.8 (git b412dd0, Maven Central)",0.3481263469439
uob,maybridge-0333-131385723,FC(F)(F)Oc1ccc(I)cc1,,,,"MolVec 0.9.8 (git b412dd0, Maven Central)",0.15746642020531
uob,maybridge-0333-132163638,Cc1ccc(-n2cccc2C=O)cc1,,,,"MolVec 0.9.8 (git b412dd0, Maven Central)",0.26151320803910494
uob,maybridge-0333-316455076,Nc1c(Br)cc(Br)cc1C(=O)O,,,,"MolVec 0.9.8 (git b412dd0, Maven Central)",0.25400181114673615
uob,maybridge-0333-348873958,Ic1ccc(CN2CCCC2)cc1,,,,"MolVec 0.9.8 (git b412dd0, Maven Central)",0.16480156499892473
uob,maybridge-0333-610366605,CC(=O)Nc1ccc(Br)cc1OC(F)(F)F,,,,"MolVec 0.9.8 (git b412dd0, Maven Central)",0.25568116805516183
uob,maybridge-0333-77293688,Cc1ccc(N2CCOCC2)cc1,,,,"MolVec 0.9.8 (git b412dd0, Maven Central)",0.19155305507592857
uob,maybridge-0333-812072061,CCc1cc(OC)c(Cl)cc1OC,,,,"MolVec 0.9.8 (git b412dd0, Maven Central)",0.18319648504257202
uob,maybridge-0333-871662531,O=C(O)c1cccc(I)c1C(=O)O,,,,"MolVec 0.9.8 (git b412dd0, Maven Central)",0.23733398807235062
uob,maybridge-0333-897172590,Fc1cc(Br)ccc1CN1CCCNCC1,,,,"MolVec 0.9.8 (git b412dd0, Maven Central)",0.24953276407904923
uob,maybridge-0333-991347213,Cc1cc(Br)c(N)cc1OCc1ccccc1,,,,"MolVec 0.9.8 (git b412dd0, Maven Central)",0.23408792400732636
uob,maybridge-0334-275847391,Ic1ccc(CN2CCOCC2)cc1,,,,"MolVec 0.9.8 (git b412dd0, Maven Central)",0.15561076602898538
uob,maybridge-0334-333602680,CN1CCN(Cc2ccccc2I)CC1,,,,"MolVec 0.9.8 (git b412dd0, Maven Central)",0.1624849559739232
uob,maybridge-0334-403931774,CCc1cccc(CN2CCN(C)CC2)c1,,,,"MolVec 0.9.8 (git b412dd0, Maven Central)",0.1557314288802445
uob,maybridge-0334-433095864,FC(F)(F)c1ccc(N2CCOCC2)c(Br)c1,,,,"MolVec 0.9.8 (git b412dd0, Maven Central)",0.2673413909506053
uob,maybridge-0334-436899012,Cc1ccc(CN2CCCCC2)cc1,,,,"MolVec 0.9.8 (git b412dd0, Maven Central)",0.1803802321664989
uob,maybridge-0334-451684134,Cc1ccccc1S(=O)(=O)Cl,,,,"MolVec 0.9.8 (git b412dd0, Maven Central)",0.14625153597444296
uob,maybridge-0334-473591275,Nc1cc(C(F)(F)F)c(C(F)(F)F)cc1Br,,,,"MolVec 0.9.8 (git b412dd0, Maven Central)",0.2526242679450661
uob,maybridge-0334-492851549,Cc1cccc(CN2CCCCC2)c1,,,,"MolVec 0.9.8 (git b412dd0, Maven Central)",0.15131880599074066
uob,maybridge-0334-870540493,CCOC(=O)CNc1ccc(CC)cc1,,,,"MolVec 0.9.8 (git b412dd0, Maven Central)",0.23353513912297785
uob,maybridge-0334-960095236,CCc1cccc(CN2CCOCC2)c1,,,,"MolVec 0.9.8 (git b412dd0, Maven Central)",0.14073498011566699
uob,maybridge-0334-982130399,Ic1ccccc1CN1CCOCC1,,,,"MolVec 0.9.8 (git b412dd0, Maven Central)",0.16043486492708325
uob,maybridge-0335-1004254472,O=S(=O)(Cl)c1ccc(Br)cc1C(F)(F)F,,,,"MolVec 0.9.8 (git b412dd0, Maven Central)",0.22393422503955662
uob,maybridge-0335-1007659449,Nc1c(Br)cc(Br)cc1C(F)(F)F,,,,"MolVec 0.9.8 (git b412dd0, Maven Central)",0.26194373494945467
uob,maybridge-0335-1040133446,CCOC(=O)c1c(-c2ccc(Br)cc2)csc1N,,,,"MolVec 0.9.8 (git b412dd0, Maven Central)",0.3128209230490029
uob,maybridge-0335-1861539,O=S(=O)(Cl)c1ccc(Br)cc1OC(F)(F)F,,,,"MolVec 0.9.8 (git b412dd0, Maven Central)",0.22063416615128517
uob,maybridge-0335-209412412,Nc1nc(-c2ccc(Br)cc2)cc(C(F)(F)F)n1,,,,"MolVec 0.9.8 (git b412dd0, Maven Central)",0.35460917209275067
uob,maybridge-0335-298880197,Cc1ccc(CN2CCN(C)CC2)cc1,,,,"MolVec 0.9.8 (git b412dd0, Maven Central)",0.16967385285533965
uob,maybridge-0335-604341752,CC(C)[Si]1(C(C)C)Oc2cc(Br)ccc2C1C,,,,"MolVec 0.9.8 (git b412dd0, Maven Central)",0.2503882269375026
uob,maybridge-0335-804861894,FC(F)(F)c1cc(Cl)c(I)c(Cl)c1,,,,"MolVec 0.9.8 (git b412dd0, Maven Central)",0.22222290188074112
uob,maybridge-0335-843917583,O=C(O)c1cc(-c2ccc(Br)cc2)oc1C(F)(F)F,,,,"MolVec 0.9.8 (git b412dd0, Maven Central)",0.4483576980419457
uob,maybridge-0335-865316697,O=C(O)c1cc(Br)c(C(=O)O)cc1Br,,,,"MolVec 0.9.8 (git b412dd0, Maven Central)",0.2639877770561725
uob,maybridge-0336-205463776,CC(C)(C)OC(=O)N1CCN(Cc2cccc(I)c2)CC1,,,,"MolVec 0.9.8 (git b412dd0, Maven Central)",0.3492572240065783
uob,maybridge-0336-232018004,Cc1cc(C)c(I)cc1C,,,,"MolVec 0.9.8 (git b412dd0, Maven Central)",0.09992369986139238
uob,maybridge-0336-251113851,Brc1ccccn1,,,,"MolVec 0.9.8 (git b412dd0, Maven Central)",0.10342901991680264
uob,maybridge-0336-329471491,CCOC(=O)c1cc(C)c(N)c(I)c1,,,,"MolVec 0.9.8 (git b412dd0, Maven Central)",0.22719177999533713
uob,maybridge-0336-343521913,CC(C)(C)OC(=O)N1CCN(c2ccc(I)cc2)CC1,,,,"MolVec 0.9.8 (git b412dd0, Maven Central)",0.25414774799719453
uob,maybridge-0336-500378938,N#Cc1cncc(Br)c1,,,,"MolVec 0.9.8 (git b412dd0, Maven Central)",0.15914892894215882
uob,maybridge-0336-706514476,CC(C)(C)OC(=O)N1CCN(Cc2ccc(Br)cc2)CC1,,,,"MolVec 0.9.8 (git b412dd0, Maven Central)",0.3055310621857643
uob,maybridge-0336-813747453,CCN(Cc1ccccc1)C(CBr)COc1ccc(Br)cc1C=O,,,,"MolVec 0.9.8 (git b412dd0, Maven Central)",0.4953682718332857
uob,maybridge-0336-841966834,Cc1cccnc1Br,,,,"MolVec 0.9.8 (git b412dd0, Maven Central)",0.1113438461907208
uob,maybridge-0336-85572613,CCc1cc(OC)c(I)cc1OC,,,,"MolVec 0.9.8 (git b412dd0, Maven Central)",0.14477234589867294
uob,maybridge-0336-974027251,O=Cc1cccc(Br)n1,,,,"MolVec 0.9.8 (git b412dd0, Maven Central)",0.16117888106964529
uob,maybridge-0337-1018130452,Clc1ncccc1Br,,,,"MolVec 0.9.8 (git b412dd0, Maven Central)",0.12522133998572826
uob,maybridge-0337-1057217771,Cc1cnc(N)c(Br)c1,,,,"MolVec 0.9.8 (git b412dd0, Maven Central)",0.17100470489822328
uob,maybridge-0337-117211047,Cc1cc(Br)cnc1N,,,,"MolVec 0.9.8 (git b412dd0, Maven Central)",0.12846414116211236
uob,maybridge-0337-182627312,Cc1nc(N)ccc1Br,,,,"MolVec 0.9.8 (git b412dd0, Maven Central)",0.1397274921182543
uob,maybridge-0337-257844888,CNCc1cccc(Br)n1,,,,"MolVec 0.9.8 (git b412dd0, Maven Central)",0.1745191840454936
uob,maybridge-0337-500894699,O=C(O)c1cncc(Br)c1,,,,"MolVec 0.9.8 (git b412dd0, Maven Central)",0.19630899489857256
uob,maybridge-0337-633016668,OCc1ccc(Br)cn1,,,,"MolVec 0.9.8 (git b412dd0, Maven Central)",0.13162708119489253
uob,maybridge-0337-692995092,O=Cc1ccc(Br)cn1,,,,"MolVec 0.9.8 (git b412dd0, Maven Central)",0.17683231295086443
uob,maybridge-0337-759189131,Ic1ccncc1,,,,"MolVec 0.9.8 (git b412dd0, Maven Central)",0.1100510701071471
uob,maybridge-0337-842250386,O=O(O)C1=CN=C(Br)C=C1,,,,"MolVec 0.9.8 (git b412dd0, Maven Central)",0.2520400290377438
uob,maybridge-0337-854392355,Cc1cnc(Cl)c(Br)c1,,,,"MolVec 0.9.8 (git b412dd0, Maven Central)",0.11928744707256556
uob,maybridge-0337-888260109,Brc1ccncc1,,,,"MolVec 0.9.8 (git b412dd0, Maven Central)",0.13264782796613872
uob,maybridge-0338-123331910,FC(F)(F)c1cccc(Br)n1,,,,"MolVec 0.9.8 (git b412dd0, Maven Central)",0.2125493590719998
uob,maybridge-0338-21093380,O=[N+]([O-])c1cc(Br)cnc1O,,,,"MolVec 0.9.8 (git b412dd0, Maven Central)",0.12735350290313363
uob,maybridge-0338-21276248,Fc1cc(I)ccn1,,,,"MolVec 0.9.8 (git b412dd0, Maven Central)",0.13537536398507655
uob,maybridge-0338-216324550,FC(F)(F)c1ccc(Br)nc1,,,,"MolVec 0.9.8 (git b412dd0, Maven Central)",0.20712609100155532
uob,maybridge-0338-264205778,O=C(Cl)c1cncc(Br)c1,,,,"MolVec 0.9.8 (git b412dd0, Maven Central)",0.16990686301141977
uob,maybridge-0338-276804488,Brc1cccc(N2CCCC2)n1,,,,"MolVec 0.9.8 (git b412dd0, Maven Central)",0.16456071403808892
uob,maybridge-0338-420469512,CCc1cccnc1F,,,,"MolVec 0.9.8 (git b412dd0, Maven Central)",0.10918156593106687
uob,maybridge-0338-649654133,Brc1cccc(N2CCCCC2)n1,,,,"MolVec 0.9.8 (git b412dd0, Maven Central)",0.165142617886886
uob,maybridge-0338-71955489,Brc1cccc(Br)n1,,,,"MolVec 0.9.8 (git b412dd0, Maven Central)",0.1166278279852122
uob,maybridge-0338-75659159,Brc1cccc(-n2cccn2)n1,,,,"MolVec 0.9.8 (git b412dd0, Maven Central)",0.21362435608170927
uob,maybridge-0338-833423085,COC(=O)c1cncc(Br)c1,,,,"MolVec 0.9.8 (git b412dd0, Maven Central)",0.1931613739579916
uob,maybridge-0338-851312087,NNC(=O)c1cncc(Br)c1,,,,"MolVec 0.9.8 (git b412dd0, Maven Central)",0.2129704609978944
uob,maybridge-0339-1032395006,Brc1cccc(N2CCOCC2)n1,,,,"MolVec 0.9.8 (git b412dd0, Maven Central)",0.24076141905970871
uob,maybridge-0339-1042742731,Nc1ncc(Br)cc1Br,,,,"MolVec 0.9.8 (git b412dd0, Maven Central)",0.17493958794511855
uob,maybridge-0339-1321898,O=Cc1cc(Br)cnc1Br,,,,"MolVec 0.9.8 (git b412dd0, Maven Central)",0.13596136611886322
uob,maybridge-0339-183007848,CCc1ccc(N2CCOCC2)nc1,,,,"MolVec 0.9.8 (git b412dd0, Maven Central)",0.16526986984536052
uob,maybridge-0339-296094172,CCOC(=O)c1nc(-c2cncc(Br)c2)no1,,,,"MolVec 0.9.8 (git b412dd0, Maven Central)",0.30857369489967823
uob,maybridge-0339-425754548,CC1(C)OB(c2ccc(Br)nc2)OC1(C)C,,,,"MolVec 0.9.8 (git b412dd0, Maven Central)",0.24509892100468278
uob,maybridge-0339-44092676,OB(O)c1cc(Br)cnc1Br,,,,"MolVec 0.9.8 (git b412dd0, Maven Central)",0.19657216500490904
uob,maybridge-0339-488209449,Ic1ccc(Oc2ccccc2)nc1,,,,"MolVec 0.9.8 (git b412dd0, Maven Central)",0.15732701495289803
uob,maybridge-0339-613908932,O=C(O)c1cc(Br)cnc1Br,,,,"MolVec 0.9.8 (git b412dd0, Maven Central)",0.18807404302060604
uob,maybridge-0339-667351865,Brc1ccc(OC2CCOCC2)nc1,,,,"MolVec 0.9.8 (git b412dd0, Maven Central)",0.19950537499971688
uob,maybridge-0339-739555398,FC(F)(F)c1cnc(Br)c(Cl)c1,,,,"MolVec 0.9.8 (git b412dd0, Maven Central)",0.20980802201665938
uob,maybridge-0339-98658958,Cc1nc(N)c(Br)cc1Br,,,,"MolVec 0.9.8 (git b412dd0, Maven Central)",0.1678577798884362
uob,maybridge-0340-156133393,CCc1ccc(N2CCN(C(=O)OC(C)(C)C)CC2)nc1,,,,"MolVec 0.9.8 (git b412dd0, Maven Central)",0.26952157099731266
uob,maybridge-0340-211040256,N#Cc1cnc(Br)nc1N,,,,"MolVec 0.9.8 (git b412dd0, Maven Central)",0.15728064998984337
uob,maybridge-0340-243546293,CSc1ncc(Br)c(C(=O)O)n1,,,,"MolVec 0.9.8 (git b412dd0, Maven Central)",0.20142076001502573
uob,maybridge-0340-299085550,O=c1c(Br)c(Br)cnn1-c1ccccc1,,,,"MolVec 0.9.8 (git b412dd0, Maven Central)",0.23708520992659032
uob,maybridge-0340-303517002,Brc1ncccn1,,,,"MolVec 0.9.8 (git b412dd0, Maven Central)",0.09690029313787818
uob,maybridge-0340-498381595,Nc1cnc(Br)cn1,,,,"MolVec 0.9.8 (git b412dd0, Maven Central)",0.12412409391254187
uob,maybridge-0340-521562797,O=S(=O)(c1ccccc1)n1cc(Br)c2ccccc21,,,,"MolVec 0.9.8 (git b412dd0, Maven Central)",0.3628502779174596
uob,maybridge-0340-572705761,Brc1ccc(Br)nn1,,,,"MolVec 0.9.8 (git b412dd0, Maven Central)",0.11086961207911372
uob,maybridge-0340-923519209,CCc1c[nH]c2cc(C(=O)OC)ccc12,,,,"MolVec 0.9.8 (git b412dd0, Maven Central)",0.25700595509260893
uob,maybridge-0340-978107627,Nc1ccc(Br)nn1,,,,"MolVec 0.9.8 (git b412dd0, Maven Central)",0.11540939286351204
uob,maybridge-0340-982484208,CCSc1nc(N)c(Br)c(O)n1,,,,"MolVec 0.9.8 (git b412dd0, Maven Central)",0.200298388954252
uob,maybridge-0341-167660224,O=Cc1c[nH]c2ccc(Br)cc12,,,,"MolVec 0.9.8 (git b412dd0, Maven Central)",0.25274115498177707
uob,maybridge-0341-210040609,O=S(=O)(c1ccccc1)n1ccc2cc(Br)ccc21,,,,"MolVec 0.9.8 (git b412dd0, Maven Central)",0.33355226600542665
uob,maybridge-0341-270304958,Cn1ccc2c(Br)cccc21,,,,"MolVec 0.9.8 (git b412dd0, Maven Central)",0.17711842083372176
uob,maybridge-0341-321967695,O=Cc1c[nH]c2cc(Br)ccc12,,,,"MolVec 0.9.8 (git b412dd0, Maven Central)",0.2546325100120157
uob,maybridge-0341-419518267,Cn1ccc2cc(Br)ccc21,,,,"MolVec 0.9.8 (git b412dd0, Maven Central)",0.2260072019416839
uob,maybridge-0341-568634473,O=Cc1c[nH]c2cccc(Br)c12,,,,"MolVec 0.9.8 (git b412dd0, Maven Central)",0.21980964415706694
uob,maybridge-0341-647320782,CC(C)(C)OC(=O)n1c(BO)cc2cc(Br)ccc21,,,,"MolVec 0.9.8 (git b412dd0, Maven Central)",0.3638927349820733
uob,maybridge-0341-698300868,Brc1cccc2cc[nH]c12,,,,"MolVec 0.9.8 (git b412dd0, Maven Central)",0.1661044389475137
uob,maybridge-0341-756672475,Cn1ccc2ccc(Br)cc21,,,,"MolVec 0.9.8 (git b412dd0, Maven Central)",0.20787992794066668
uob,maybridge-0341-842905739,CC(C)(C)OC(=O)n1cc(C(=O)O)c2c(Br)cccc21,,,,"MolVec 0.9.8 (git b412dd0, Maven Central)",0.43314050999470055
uob,maybridge-0341-937867578,CCc1cn(C(=O)OC(C)(C)C)c2cc(C(=O)OC)ccc12,,,,"MolVec 0.9.8 (git b412dd0, Maven Central)",0.4224356999620795
uob,maybridge-0342-1038716086,FC(F)(F)c1cc(Br)c2nc[nH]c2c1,,,,"MolVec 0.9.8 (git b412dd0, Maven Central)",0.29033787781372666
uob,maybridge-0342-1068109849,CC(C)(C)OC(=O)n1ncc2cc(Br)ccc21,,,,"MolVec 0.9.8 (git b412dd0, Maven Central)",0.28658681898377836
uob,maybridge-0342-268801717,CC(C)S(C(C)C)(C(C)C)n1ccc2cc(Br)ccc21,,,,"MolVec 0.9.8 (git b412dd0, Maven Central)",0.30530768004246056
uob,maybridge-0342-295456069,Brc1ccc2[nH]ncc2c1,,,,"MolVec 0.9.8 (git b412dd0, Maven Central)",0.14611696219071746
uob,maybridge-0342-503302289,Brc1cnc2ccccn12,,,,"MolVec 0.9.8 (git b412dd0, Maven Central)",0.2134301809128374
uob,maybridge-0342-668707421,CC(C)(C)OC(=O)n1cc(C(=O)O)c2cc(Br)ccc21,,,,"MolVec 0.9.8 (git b412dd0, Maven Central)",0.3828774280846119
uob,maybridge-0342-678067638,CC(C)S(C(C)C)(C(C)C)n1ccc2c(Br)cccc21,,,,"MolVec 0.9.8 (git b412dd0, Maven Central)",0.28429937083274126
uob,maybridge-0342-683044370,Cc1nc2ccccn2c1Br,,,,"MolVec 0.9.8 (git b412dd0, Maven Central)",0.17496215389110148
uob,maybridge-0342-722036031,O=C(O)c1n[nH]c2ccc(Br)cc12,,,,"MolVec 0.9.8 (git b412dd0, Maven Central)",0.30515316710807383
uob,maybridge-0342-724533582,Brc1nc2ccccc2[nH]1,,,,"MolVec 0.9.8 (git b412dd0, Maven Central)",0.2634347239509225
uob,maybridge-0342-725302945,Brc1ccc2[nH]cnc2c1,,,,"MolVec 0.9.8 (git b412dd0, Maven Central)",0.12448964291252196
uob,maybridge-0343-1032665252,Brc1ccc2nccn2c1,,,,"MolVec 0.9.8 (git b412dd0, Maven Central)",0.17717553488910198
uob,maybridge-0343-434550641,Brc1coc2ccccc12,,,,"MolVec 0.9.8 (git b412dd0, Maven Central)",0.1659707180224359
uob,maybridge-0343-523245427,Brc1ccc2occc2c1,,,,"MolVec 0.9.8 (git b412dd0, Maven Central)",0.2119148608762771
uob,maybridge-0343-581911592,NCc1cc2cc(Br)ccc2o1,,,,"MolVec 0.9.8 (git b412dd0, Maven Central)",0.27114139893092215
uob,maybridge-0343-68197191,CC(=O)c1cc2cc(Br)ccc2o1,,,,"MolVec 0.9.8 (git b412dd0, Maven Central)",0.3017802070826292
uob,maybridge-0343-682952130,Brc1cc2ccccc2o1,,,,"MolVec 0.9.8 (git b412dd0, Maven Central)",0.253926303004846
uob,maybridge-0343-683614800,O=C1Nc2c(Br)cccc2C1=O,,,,"MolVec 0.9.8 (git b412dd0, Maven Central)",0.26108444202691317
uob,maybridge-0343-691196921,O=Cc1cc2cc(Br)ccc2o1,,,,"MolVec 0.9.8 (git b412dd0, Maven Central)",0.27557243686169386
uob,maybridge-0343-700922258,OCc1cc2cc(Br)ccc2o1,,,,"MolVec 0.9.8 (git b412dd0, Maven Central)",0.2700363628100604
uob,maybridge-0343-823439987,CC(=O)N1CCc2cc(Br)ccc21,,,,"MolVec 0.9.8 (git b412dd0, Maven Central)",0.26066864002496004
uob,maybridge-0343-900065060,O=C1Cc2cc(Br)ccc2N1,,,,"MolVec 0.9.8 (git b412dd0, Maven Central)",0.20338039612397552
uob,maybridge-0343-959303545,CN1C(=O)Cc2cc(Br)ccc21,,,,"MolVec 0.9.8 (git b412dd0, Maven Central)",0.22519068606197834
uob,maybridge-0344-1000013994,O=C(Cl)c1cc2cc(Br)ccc2o1,,,,"MolVec 0.9.8 (git b412dd0, Maven Central)",0.28024249291047454
uob,maybridge-0344-109686051,O=Cc1cc(Br)cc2c1OCC2,,,,"MolVec 0.9.8 (git b412dd0, Maven Central)",0.229735990986228
uob,maybridge-0344-178105105,Brc1ccc2occ(Br)c2c1,,,,"MolVec 0.9.8 (git b412dd0, Maven Central)",0.16554468590766191
uob,maybridge-0344-272628161,Brc1ccc2c(c1)CCO2,,,,"MolVec 0.9.8 (git b412dd0, Maven Central)",0.19881024700589478
uob,maybridge-0344-453251441,O=C(O)c1cc(Br)cc2c1OCC2,,,,"MolVec 0.9.8 (git b412dd0, Maven Central)",0.25283143506385386
uob,maybridge-0344-553283914,ClCc1cc2cc(Br)ccc2o1,,,,"MolVec 0.9.8 (git b412dd0, Maven Central)",0.22860443009994924
uob,maybridge-0344-563226346,O=C(CBr)c1cc2cc(Br)ccc2o1,,,,"MolVec 0.9.8 (git b412dd0, Maven Central)",0.3657614819239825
uob,maybridge-0344-63293642,OB(O)c1cc(Br)cc2c1OCC2,,,,"MolVec 0.9.8 (git b412dd0, Maven Central)",0.2255253279581666
uob,maybridge-0344-792389161,O=C(O)c1cc2cc(Br)ccc2o1,,,,"MolVec 0.9.8 (git b412dd0, Maven Central)",0.2632449420634657
uob,maybridge-0344-926370182,CCOC(=O)c1cc2cc(Br)ccc2o1,,,,"MolVec 0.9.8 (git b412dd0, Maven Central)",0.33200881094671786
uob,maybridge-0344-967165077,O=C(Cl)c1cc(Br)cc2c1OCC2,,,,"MolVec 0.9.8 (git b412dd0, Maven Central)",0.1982720319647342
uob,maybridge-0345-158698897,Brc1cccc2ccsc12,,,,"MolVec 0.9.8 (git b412dd0, Maven Central)",0.1969224358908832
uob,maybridge-0345-215914155,NCc1csc2ccc(Br)cc12,,,,"MolVec 0.9.8 (git b412dd0, Maven Central)",0.24055652599781752
uob,maybridge-0345-217530116,Brc1ccc2sccc2c1,,,,"MolVec 0.9.8 (git b412dd0, Maven Central)",0.22175969695672393
uob,maybridge-0345-245558895,Cc1ccc2sc(Br)cc2c1,,,,"MolVec 0.9.8 (git b412dd0, Maven Central)",0.2540068950038403
uob,maybridge-0345-386899638,CC(=O)c1csc2ccc(Br)cc12,,,,"MolVec 0.9.8 (git b412dd0, Maven Central)",0.20525251096114516
uob,maybridge-0345-391816594,O=S(=O)(Cl)c1cc(Br)cc2c1OCC2,,,,"MolVec 0.9.8 (git b412dd0, Maven Central)",0.19570837798528373
uob,maybridge-0345-534432381,Brc1csc2ccccc12,,,,"MolVec 0.9.8 (git b412dd0, Maven Central)",0.24029271700419486
uob,maybridge-0345-541559880,O=Cc1c(Br)sc2ccc(Cl)cc12,,,,"MolVec 0.9.8 (git b412dd0, Maven Central)",0.2667302449699491
uob,maybridge-0345-740169902,Brc1cc2ccccc2s1,,,,"MolVec 0.9.8 (git b412dd0, Maven Central)",0.2459836050402373
uob,maybridge-0345-77187658,O=C(CBr)c1cc(Br)cc2c1OCC2,,,,"MolVec 0.9.8 (git b412dd0, Maven Central)",0.3080828448291868
uob,maybridge-0345-841387038,O=Cc1cc2c(cc1Br)OCO2,,,,"MolVec 0.9.8 (git b412dd0, Maven Central)",0.15833567385561764
uob,maybridge-0345-855100222,Brc1cccc2c1OCO2,,,,"MolVec 0.9.8 (git b412dd0, Maven Central)",0.203071627067402
uob,maybridge-0346-1014245456,Brc1ccc2nonc2c1,,,,"MolVec 0.9.8 (git b412dd0, Maven Central)",0.16909341304562986
uob,maybridge-0346-1065710465,O=C(O)c1cc2cc(Br)ccc2s1,,,,"MolVec 0.9.8 (git b412dd0, Maven Central)",0.3367551099509001
uob,maybridge-0346-13469027,ClCc1csc2ccc(Br)cc12,,,,"MolVec 0.9.8 (git b412dd0, Maven Central)",0.20411206991411746
uob,maybridge-0346-341462472,O=C(Cl)c1csc2ccc(Br)cc12,,,,"MolVec 0.9.8 (git b412dd0, Maven Central)",0.2718901119660586
uob,maybridge-0346-452066663,Brc1ccc2ncsc2c1,,,,"MolVec 0.9.8 (git b412dd0, Maven Central)",0.16825749003328383
uob,maybridge-0346-464932348,Cc1ccc2nc(C)sc2c1,,,,"MolVec 0.9.8 (git b412dd0, Maven Central)",0.19421385508030653
uob,maybridge-0346-575014512,Brc1nc2ccccc2s1,,,,"MolVec 0.9.8 (git b412dd0, Maven Central)",0.2095890159253031
uob,maybridge-0346-667435114,COC(=O)c1cc2cc(Br)ccc2s1,,,,"MolVec 0.9.8 (git b412dd0, Maven Central)",0.2669609980657697
uob,maybridge-0346-689806343,O=C(O)c1csc2ccc(Br)cc12,,,,"MolVec 0.9.8 (git b412dd0, Maven Central)",0.2709477939642966
uob,maybridge-0346-984225635,O=C(Cl)c1cc2cc(Br)ccc2s1,,,,"MolVec 0.9.8 (git b412dd0, Maven Central)",0.3461412990000099
uob,maybridge-0346-989872963,O=C(CBr)c1csc2ccc(Br)cc12,,,,"MolVec 0.9.8 (git b412dd0, Maven Central)",0.2782841310836375
uob,maybridge-0347-1003690931,O=C(Cl)c1sc(Br)c2c1OCCO2,,,,"MolVec 0.9.8 (git b412dd0, Maven Central)",0.5138316578231752
uob,maybridge-0347-154532913,Brc1ccc2nsnc2c1,,,,"MolVec 0.9.8 (git b412dd0, Maven Central)",0.178863167995587
uob,maybridge-0347-178066206,N#Cc1sc(Br)c2c1OCCO2,,,,"MolVec 0.9.8 (git b412dd0, Maven Central)",0.23213284299708903
uob,maybridge-0347-234443950,Brc1cccc2nsnc12,,,,"MolVec 0.9.8 (git b412dd0, Maven Central)",0.1956437488552183
uob,maybridge-0347-374364242,O=C(O)c1sc(Br)c2c1OCCO2,,,,"MolVec 0.9.8 (git b412dd0, Maven Central)",0.2887016439344734
uob,maybridge-0347-484067354,Brc1sc(Br)c2c1OCCO2,,,,"MolVec 0.9.8 (git b412dd0, Maven Central)",0.21686571696773171
uob,maybridge-0347-600822101,O=Cc1sc(Br)c2c1OCCO2,,,,"MolVec 0.9.8 (git b412dd0, Maven Central)",0.2595902669709176
uob,maybridge-0347-612364248,OCc1cccc2cccc(Br)c12,,,,"MolVec 0.9.8 (git b412dd0, Maven Central)",0.25185337709262967
uob,maybridge-0347-711107516,Ic1cccc2nsnc12,,,,"MolVec 0.9.8 (git b412dd0, Maven Central)",0.2133649189490825
uob,maybridge-0347-712206443,CNCc1sc(Br)c2c1OCCO2,,,,"MolVec 0.9.8 (git b412dd0, Maven Central)",0.21630675485357642
uob,maybridge-0348-1005756389,O=C1CCCc2ccc(Br)cc21,,,,"MolVec 0.9.8 (git b412dd0, Maven Central)",0.18567141680978239
uob,maybridge-0348-1008437765,O=C(O)c1cccc2cccc(Br)c12,,,,"MolVec 0.9.8 (git b412dd0, Maven Central)",0.2332668120507151
uob,maybridge-0348-167595293,COc1ccc2cc(Br)ccc2c1CC#N,,,,"MolVec 0.9.8 (git b412dd0, Maven Central)",0.2876726360991597
uob,maybridge-0348-401024038,CCCC.Cc1ccc(Br)cc1C,,,,"MolVec 0.9.8 (git b412dd0, Maven Central)",0.21831501694396138
uob,maybridge-0348-403559498,CCOC(=O)c1cc(C)nc2ccc(Br)cc12,,,,"MolVec 0.9.8 (git b412dd0, Maven Central)",0.2856470039114356
uob,maybridge-0348-441128841,Oc1cc(C(F)(F)F)nc2c(Br)cccc12,,,,"MolVec 0.9.8 (git b412dd0, Maven Central)",0.33893383108079433
uob,maybridge-0348-451462558,COc1ccc2cc(Br)ccc2c1CCl,,,,"MolVec 0.9.8 (git b412dd0, Maven Central)",0.2777976810466498
uob,maybridge-0348-487439979,Brc1cccc2cccnc12,,,,"MolVec 0.9.8 (git b412dd0, Maven Central)",0.22144574811682105
uob,maybridge-0348-86897281,Brc1ccc2ncccc2c1,,,,"MolVec 0.9.8 (git b412dd0, Maven Central)",0.14830583101138473
uob,maybridge-0348-894702218,Cc1ccc2cc(Br)ccc2n1,,,,"MolVec 0.9.8 (git b412dd0, Maven Central)",0.21483980189077556
uob,maybridge-0348-981884873,Brc1cnc2ccccc2c1,,,,"MolVec 0.9.8 (git b412dd0, Maven Central)",0.1764296421315521
uob,maybridge-0349-1022317309,COc1cc(Br)cc2cc(C(=O)O)c(=O)oc12,,,,"MolVec 0.9.8 (git b412dd0, Maven Central)",0.3693165839649737
uob,maybridge-0349-105557247,Brc1cccc2cnccc12,,,,"MolVec 0.9.8 (git b412dd0, Maven Central)",0.2158006129320711
uob,maybridge-0349-175664280,O=C(Cl)c1cc(Cl)nc2ccc(Br)cc12,,,,"MolVec 0.9.8 (git b412dd0, Maven Central)",0.2546766740269959
uob,maybridge-0349-264252319,Nc1nc(Br)c2ccccc2c1Cc1ccccc1,,,,"MolVec 0.9.8 (git b412dd0, Maven Central)",0.39631119300611317
uob,maybridge-0349-270656438,Cc1cc(Cl)c2cccnc2c1O,,,,"MolVec 0.9.8 (git b412dd0, Maven Central)",0.24140275618992746
uob,maybridge-0349-501258447,Nc1cc2ccccc2c(Br)n1,,,,"MolVec 0.9.8 (git b412dd0, Maven Central)",0.19346971111372113
uob,maybridge-0349-527284550,FC(F)(F)c1cc(Cl)c2cccc(Br)c2n1,,,,"MolVec 0.9.8 (git b412dd0, Maven Central)",0.3138547851704061
uob,maybridge-0349-580560798,O=C(O)c1cc2cc(Cl)cc(Br)c2oc1=O,,,,"MolVec 0.9.8 (git b412dd0, Maven Central)",0.3324026889167726
uob,maybridge-0349-697046287,Brc1ccc2nccnc2c1,,,,"MolVec 0.9.8 (git b412dd0, Maven Central)",0.18468921212479472
uob,maybridge-0349-816797527,CN1CCN(C)c2cc(Br)ccc21,,,,"MolVec 0.9.8 (git b412dd0, Maven Central)",0.18176561407744884
uob,maybridge-0350-137827888,Brc1ccc2c(c1)OCOC2,,,,"MolVec 0.9.8 (git b412dd0, Maven Central)",0.16684730420820415
uob,maybridge-0350-189573570,Brc1cnc2c(c1)OCCN2,,,,"MolVec 0.9.8 (git b412dd0, Maven Central)",0.16269524209201336
uob,maybridge-0350-279526615,CN1CCOc2cc(Br)ccc21,,,,"MolVec 0.9.8 (git b412dd0, Maven Central)",0.15504288510419428
uob,maybridge-0350-483595577,CCOC(=O)C1=C(N)Oc2ccc(Br)cc2C1C(C#N)C(=O)OCC,,,,"MolVec 0.9.8 (git b412dd0, Maven Central)",0.5251451339572668
uob,maybridge-0350-489077378,Ic1ccc2c(c1)OCCCO2,,,,"MolVec 0.9.8 (git b412dd0, Maven Central)",0.1804582509212196
uob,maybridge-0350-604313788,Brc1ccc2c(c1)OCCCO2,,,,"MolVec 0.9.8 (git b412dd0, Maven Central)",0.15288353501819074
uob,maybridge-0350-730420817,Brc1ccc2[nH]c3ccccc3c2c1,,,,"MolVec 0.9.8 (git b412dd0, Maven Central)",0.239981448976323
uob,maybridge-0350-88422833,ClCc1cc(Br)cc2c1OCOC2,,,,"MolVec 0.9.8 (git b412dd0, Maven Central)",0.19458148907870054
uob,maybridge-0350-934784672,CCc1ccc2c(c1)OCCO2,,,,"MolVec 0.9.8 (git b412dd0, Maven Central)",0.17905924888327718
uob,maybridge-0350-936131636,CN1CCOc2cc(Br)cnc21,,,,"MolVec 0.9.8 (git b412dd0, Maven Central)",0.17778345616534352
uob,maybridge-0351-1071742128,CC(C)(C)OC(=O)N1CCC2(CC1)NC(=O)c1cc(Br)ccc1O2,,,,"MolVec 0.9.8 (git b412dd0, Maven Central)",0.41212770505808294
uob,maybridge-0351-253257515,CN(C)CC(O)Cn1c2ccc(Br)cc2c2cc(Br)ccc21,,,,"MolVec 0.9.8 (git b412dd0, Maven Central)",0.43731223908253014
uob,maybridge-0351-356710457,O=C1c2cc(Br)ccc2-c2ccc(Br)cc21,,,,"MolVec 0.9.8 (git b412dd0, Maven Central)",0.3657573349773884
uob,maybridge-0352-1033865922,Cn1nc(C(F)(F)F)c(C=O)c1Cl,,,,"MolVec 0.9.8 (git b412dd0, Maven Central)",0.2159892690833658
uob,maybridge-0352-1054116101,Cc1nn(C)c(Cl)c1S(=O)(=O)O,,,,"MolVec 0.9.8 (git b412dd0, Maven Central)",0.18555504898540676
uob,maybridge-0352-205221613,Cn1ncc(C(=O)Cl)c1Cl,,,,"MolVec 0.9.8 (git b412dd0, Maven Central)",0.17446597199887037
uob,maybridge-0352-430398044,Cc1cc(Cl)n(C)n1,,,,"MolVec 0.9.8 (git b412dd0, Maven Central)",0.13830655883066356
uob,maybridge-0352-44453537,Cn1nc(C(F)(F)F)c(C(=O)O)c1Cl,,,,"MolVec 0.9.8 (git b412dd0, Maven Central)",0.24359174305573106
uob,maybridge-0352-505599895,Cc1nn(C)c(Cl)c1C(=O)O,,,,"MolVec 0.9.8 (git b412dd0, Maven Central)",0.19126206589862704
uob,maybridge-0352-508958190,CCCCc1nc(C=O)c(Cl)[nH]1,,,,"MolVec 0.9.8 (git b412dd0, Maven Central)",0.18468889384530485
uob,maybridge-0352-648758724,Cc1nn(C)c(Cl)c1[N+](=O)[O-],,,,"MolVec 0.9.8 (git b412dd0, Maven Central)",0.14131872495636344
uob,maybridge-0352-784694698,CC1=NN(C)C(Cl)=C1C(=O)(=O)Cl,,,,"MolVec 0.9.8 (git b412dd0, Maven Central)",0.1948041869327426
uob,maybridge-0352-933243242,Cc1nn(C)c(Cl)c1C=O,,,,"MolVec 0.9.8 (git b412dd0, Maven Central)",0.14739962294697762
uob,maybridge-0353-1067251205,COC(=O)c1scc(C)c1Cl,,,,"MolVec 0.9.8 (git b412dd0, Maven Central)",0.207506860839203
uob,maybridge-0353-192369254,Nc1ccc(-n2cnc(Cl)c2Cl)cc1,,,,"MolVec 0.9.8 (git b412dd0, Maven Central)",0.28325519408099353
uob,maybridge-0353-235287331,CCCCc1nc(CO)c(Cl)[nH]1,,,,"MolVec 0.9.8 (git b412dd0, Maven Central)",0.20342846191488206
uob,maybridge-0353-38021895,O=[N+]([O-])c1ccsc1Cl,,,,"MolVec 0.9.8 (git b412dd0, Maven Central)",0.17380432691425085
uob,maybridge-0353-445203391,CCOC(=O)Cn1cnc(Cl)c1Cl,,,,"MolVec 0.9.8 (git b412dd0, Maven Central)",0.2350315279327333
uob,maybridge-0353-451928253,Clc1ccsc1,,,,"MolVec 0.9.8 (git b412dd0, Maven Central)",0.11479185800999403
uob,maybridge-0353-528199444,COc1c(C(=O)O)csc1Cl,,,,"MolVec 0.9.8 (git b412dd0, Maven Central)",0.28849757998250425
uob,maybridge-0353-7477709,O=C(O)c1sccc1Cl,,,,"MolVec 0.9.8 (git b412dd0, Maven Central)",0.2279267250560224
uob,maybridge-0353-752511368,Fc1nc(Br)nn1Cc1ccccc1,,,,"MolVec 0.9.8 (git b412dd0, Maven Central)",0.24091483000665903
uob,maybridge-0353-952344991,COC(=O)c1sccc1Cl,,,,"MolVec 0.9.8 (git b412dd0, Maven Central)",0.2008097069337964
uob,maybridge-0353-968381680,O=Cc1sccc1Cl,,,,"MolVec 0.9.8 (git b412dd0, Maven Central)",0.1595710120163858
uob,maybridge-0354-1000013994,N#Cc1ccc(O)cc1F,,,,"MolVec 0.9.8 (git b412dd0, Maven Central)",0.19063623598776758
uob,maybridge-0354-304743111,CS(=O)(=O)c1csc(C(=O)O)c1Cl,,,,"MolVec 0.9.8 (git b412dd0, Maven Central)",0.23501854506321251
uob,maybridge-0354-367538398,O=C(O)c1nsc(Cl)c1Cl,,,,"MolVec 0.9.8 (git b412dd0, Maven Central)",0.20485315704718232
uob,maybridge-0354-407492328,Cc1ccc(-c2snc(Cl)c2C#N)cc1,,,,"MolVec 0.9.8 (git b412dd0, Maven Central)",0.2901011551730335
uob,maybridge-0354-459380372,O=[N+]([O-])C1=C(Cl)SC([S+]=[O-])=C1,,,,"MolVec 0.9.8 (git b412dd0, Maven Central)",0.16995544801466167
uob,maybridge-0354-553283914,[O-]=[S+]C1=CC=C(C2=NSC(Cl)=N2)S1,,,,"MolVec 0.9.8 (git b412dd0, Maven Central)",0.22665332816541195
uob,maybridge-0354-719754229,Clc1nccs1,,,,"MolVec 0.9.8 (git b412dd0, Maven Central)",0.09464423195458949
uob,maybridge-0354-792389161,N=C(CCl)[N+]1=C(Cl)C1,,,,"MolVec 0.9.8 (git b412dd0, Maven Central)",0.18183142505586147
uob,maybridge-0354-815309133,CCOC(=O)c1sc(Cl)nc1C,,,,"MolVec 0.9.8 (git b412dd0, Maven Central)",0.20736200199462473
uob,maybridge-0354-926370182,N#Cc1c(N)cccc1Cl,,,,"MolVec 0.9.8 (git b412dd0, Maven Central)",0.17619099793955684
uob,maybridge-0355-236654225,N#Cc1cc([N+](=O)[O-])ccc1F,,,,"MolVec 0.9.8 (git b412dd0, Maven Central)",0.1608955068513751
uob,maybridge-0355-326267138,O=Cc1ccc(F)c([N+](=O)[O-])c1,,,,"MolVec 0.9.8 (git b412dd0, Maven Central)",0.16660291887819767
uob,maybridge-0355-367041057,CN(C)c1cccc(F)c1C#N,,,,"MolVec 0.9.8 (git b412dd0, Maven Central)",0.16782987280748785
uob,maybridge-0355-430297467,O=Cc1cc(C(=O)O)ccc1F,,,,"MolVec 0.9.8 (git b412dd0, Maven Central)",0.2454419150017202
uob,maybridge-0355-485396703,N#Cc1ccc([N+](=O)[O-])cc1Cl,,,,"MolVec 0.9.8 (git b412dd0, Maven Central)",0.21240763296373188
uob,maybridge-0355-5342489,O=[N+]([O-])c1ccc(F)cc1O,,,,"MolVec 0.9.8 (git b412dd0, Maven Central)",0.17191040283069015
uob,maybridge-0355-546201331,N#Cc1ccc(F)cc1[N+](=O)[O-],,,,"MolVec 0.9.8 (git b412dd0, Maven Central)",0.1662421280052513
uob,maybridge-0355-558535467,O=Cc1ccc(F)c(C(=O)O)c1,,,,"MolVec 0.9.8 (git b412dd0, Maven Central)",0.21598029509186745
uob,maybridge-0355-567325296,Nc1cc(F)c([N+](=O)[O-])cc1N,,,,"MolVec 0.9.8 (git b412dd0, Maven Central)",0.16628410504199564
uob,maybridge-0355-589299656,COC(=O)c1ccc(F)cc1Cl,,,,"MolVec 0.9.8 (git b412dd0, Maven Central)",0.19564433000050485
uob,maybridge-0355-804953978,NC(=O)c1ccc(F)cc1Cl,,,,"MolVec 0.9.8 (git b412dd0, Maven Central)",0.17162716388702393
uob,maybridge-0355-988062734,N#Cc1cc(Cl)ccc1Cl,,,,"MolVec 0.9.8 (git b412dd0, Maven Central)",0.15527873090468347
uob,maybridge-0356-1014271413,Nc1cc(Cl)c(F)cc1[N+](=O)[O-],,,,"MolVec 0.9.8 (git b412dd0, Maven Central)",0.17442340799607337
uob,maybridge-0356-1072245255,Nc1cc(Cl)c(Cl)cc1[N+](=O)[O-],,,,"MolVec 0.9.8 (git b412dd0, Maven Central)",0.18460866622626781
uob,maybridge-0356-300977420,NC(=O)c1cc([N+](=O)[O-])ccc1Cl,,,,"MolVec 0.9.8 (git b412dd0, Maven Central)",0.20603253203444183
uob,maybridge-0356-380147800,N#CCc1cc(Cl)ccc1[N+](=O)[O-],,,,"MolVec 0.9.8 (git b412dd0, Maven Central)",0.17800117400474846
uob,maybridge-0356-400913770,CN(C)c1ccc(C=O)c(F)c1C#N,,,,"MolVec 0.9.8 (git b412dd0, Maven Central)",0.19467047997750342
uob,maybridge-0356-472635552,N#Cc1ccc(C(F)(F)F)cc1Cl,,,,"MolVec 0.9.8 (git b412dd0, Maven Central)",0.2091968460008502
uob,maybridge-0356-487097392,C#Cc1c(F)cccc1Oc1ccccc1,,,,"MolVec 0.9.8 (git b412dd0, Maven Central)",0.22742452705278993
uob,maybridge-0356-560361143,O=C(O)/C=C/c1ccc(Cl)c([N+](=O)[O-])c1,,,,"MolVec 0.9.8 (git b412dd0, Maven Central)",0.25706279394216835
uob,maybridge-0356-616764340,N#Cc1c(Cl)cc(C(F)(F)F)cc1Cl,,,,"MolVec 0.9.8 (git b412dd0, Maven Central)",0.28732611797749996
uob,maybridge-0356-774299414,NNC(=O)c1ccc(Cl)c(Cl)c1,,,,"MolVec 0.9.8 (git b412dd0, Maven Central)",0.24693470913916826
uob,maybridge-0356-799020610,Nc1c([N+](=O)[O-])cc(F)c(F)c1F,,,,"MolVec 0.9.8 (git b412dd0, Maven Central)",0.1848132440354675
uob,maybridge-0356-862412684,COC(=O)c1ccc([N+](=O)[O-])cc1Cl,,,,"MolVec 0.9.8 (git b412dd0, Maven Central)",0.22941702092066407
uob,maybridge-0357-14058205,N#Cc1ncccc1F,,,,"MolVec 0.9.8 (git b412dd0, Maven Central)",0.13887916994281113
uob,maybridge-0357-172327174,Nc1cc(Cl)c(C(F)(F)F)cc1[N+](=O)[O-],,,,"MolVec 0.9.8 (git b412dd0, Maven Central)",0.23029838013462722
uob,maybridge-0357-190526020,CC(C)(C)OC(=O)N1CCC(C(=O)c2ccc(F)cc2)CC1,,,,"MolVec 0.9.8 (git b412dd0, Maven Central)",0.40414676000364125
uob,maybridge-0357-458509740,C#Cc1c(F)cccc1OCc1ccc(Cl)cc1,,,,"MolVec 0.9.8 (git b412dd0, Maven Central)",0.3447568058036268
uob,maybridge-0357-54443676,O=C(CBr)c1ccc(Cl)c([N+](=O)[O-])c1,,,,"MolVec 0.9.8 (git b412dd0, Maven Central)",0.242957143811509
uob,maybridge-0357-724856818,O=Cc1ncccc1F,,,,"MolVec 0.9.8 (git b412dd0, Maven Central)",0.1591319339349866
uob,maybridge-0357-793103176,NNc1cc(Cl)c(C(F)(F)F)cc1[N+](=O)[O-],,,,"MolVec 0.9.8 (git b412dd0, Maven Central)",0.2703372100368142
uob,maybridge-0357-810337509,OCc1ncccc1F,,,,"MolVec 0.9.8 (git b412dd0, Maven Central)",0.11739354697056115
uob,maybridge-0357-869013070,C#Cc1c(F)cccc1OCc1ccc(C)cc1,,,,"MolVec 0.9.8 (git b412dd0, Maven Central)",0.32262843707576394
uob,maybridge-0357-954800139,CCOc1cc([N+](=O)[O-])c(OCC)cc1Cl,,,,"MolVec 0.9.8 (git b412dd0, Maven Central)",0.1967820229474455
uob,maybridge-0357-98559184,N#Cc1c(Cl)cccc1Oc1ccc(S(=O)(=O)Cl)cc1,,,,"MolVec 0.9.8 (git b412dd0, Maven Central)",0.3315604568924755
uob,maybridge-0358-250538358,N#Cc1ccc(Cl)nc1,,,,"MolVec 0.9.8 (git b412dd0, Maven Central)",0.1420832530129701
uob,maybridge-0358-335383717,N#Cc1cccnc1Cl,,,,"MolVec 0.9.8 (git b412dd0, Maven Central)",0.1330868189688772
uob,maybridge-0358-389931702,O=C=Nc1ccc(Cl)nc1,,,,"MolVec 0.9.8 (git b412dd0, Maven Central)",0.16221638699062169
uob,maybridge-0358-410829306,CC(=O)c1ccc(Cl)nc1,,,,"MolVec 0.9.8 (git b412dd0, Maven Central)",0.183733545942232
uob,maybridge-0358-497659038,Oc1cncc(Cl)c1,,,,"MolVec 0.9.8 (git b412dd0, Maven Central)",0.1101224070880562
uob,maybridge-0358-503634994,C#Cc1ccnc(Cl)c1,,,,"MolVec 0.9.8 (git b412dd0, Maven Central)",0.15562320197932422
uob,maybridge-0358-548887153,Nc1ccnc(Cl)c1,,,,"MolVec 0.9.8 (git b412dd0, Maven Central)",0.13747427216731012
uob,maybridge-0358-598358150,CNCc1ncccc1F,,,,"MolVec 0.9.8 (git b412dd0, Maven Central)",0.1496034220326692
uob,maybridge-0358-741368760,NC(=O)c1ccnc(Cl)c1,,,,"MolVec 0.9.8 (git b412dd0, Maven Central)",0.17607863899320364
uob,maybridge-0358-794585720,OCc1cccnc1Cl,,,,"MolVec 0.9.8 (git b412dd0, Maven Central)",0.12413958483375609
uob,maybridge-0358-895151267,Cc1ccc(Cl)nc1,,,,"MolVec 0.9.8 (git b412dd0, Maven Central)",0.10489490488544106
uob,maybridge-0358-929685610,O=Cc1ccnc(Cl)c1,,,,"MolVec 0.9.8 (git b412dd0, Maven Central)",0.15376283414661884
uob,maybridge-0359-1006690113,O=C(O)c1ccc(Cl)nc1,,,,"MolVec 0.9.8 (git b412dd0, Maven Central)",0.1821422919165343
uob,maybridge-0359-19070006,O=C(O)c1cccc(Cl)n1,,,,"MolVec 0.9.8 (git b412dd0, Maven Central)",0.19724730914458632
uob,maybridge-0359-312414982,Cc1cc([N+](=O)[O-])cnc1Cl,,,,"MolVec 0.9.8 (git b412dd0, Maven Central)",0.14225480402819812
uob,maybridge-0359-318364599,O=C(O)c1cc(Cl)cnc1O,,,,"MolVec 0.9.8 (git b412dd0, Maven Central)",0.20999943488277495
uob,maybridge-0359-321511607,Cc1ccc(C(N)=O)c(Cl)n1,,,,"MolVec 0.9.8 (git b412dd0, Maven Central)",0.21539174020290375
uob,maybridge-0359-349498548,Nc1cc(Cl)nc(Cl)c1,,,,"MolVec 0.9.8 (git b412dd0, Maven Central)",0.20751860295422375
uob,maybridge-0359-489072815,Cc1cc(C(=O)O)cc(Cl)n1,,,,"MolVec 0.9.8 (git b412dd0, Maven Central)",0.1976666080299765
uob,maybridge-0359-490087350,O=[N+]([O-])c1ccc(Cl)nc1,,,,"MolVec 0.9.8 (git b412dd0, Maven Central)",0.14810858108103275
uob,maybridge-0359-577310003,NNC(=O)c1ccc(Cl)nc1,,,,"MolVec 0.9.8 (git b412dd0, Maven Central)",0.2028124649077654
uob,maybridge-0359-592288215,Nc1ccc(Cl)nc1Cl,,,,"MolVec 0.9.8 (git b412dd0, Maven Central)",0.17640689807012677
uob,maybridge-0359-777658863,Nc1cc(Cl)cnc1Cl,,,,"MolVec 0.9.8 (git b412dd0, Maven Central)",0.16566441697068512
uob,maybridge-0359-950072712,O=C(O)c1ccnc(Cl)c1,,,,"MolVec 0.9.8 (git b412dd0, Maven Central)",0.17472374602220953
uob,maybridge-0360-359508554,FC(F)(F)c1cccc(Cl)n1,,,,"MolVec 0.9.8 (git b412dd0, Maven Central)",0.23045135708525777
uob,maybridge-0360-370477807,Cc1cc(Cl)nc(Cl)c1C#N,,,,"MolVec 0.9.8 (git b412dd0, Maven Central)",0.2327249359805137
uob,maybridge-0360-399134008,COc1cc(C(=O)O)cc(Cl)n1,,,,"MolVec 0.9.8 (git b412dd0, Maven Central)",0.20069762994535267
uob,maybridge-0360-434411794,COc1cc(C(N)=O)cc(Cl)n1,,,,"MolVec 0.9.8 (git b412dd0, Maven Central)",0.25486150407232344
uob,maybridge-0360-505039204,O=C=Nc1cc(Cl)nc(Cl)c1,,,,"MolVec 0.9.8 (git b412dd0, Maven Central)",0.17645284812897444
uob,maybridge-0360-65963835,O=C(Cl)c1ccnc(Cl)c1,,,,"MolVec 0.9.8 (git b412dd0, Maven Central)",0.2157885718625039
uob,maybridge-0360-69478882,COc1ccc([N+](=O)[O-])c(Cl)n1,,,,"MolVec 0.9.8 (git b412dd0, Maven Central)",0.16753700096160173
uob,maybridge-0360-697896913,OCc1cc(Cl)nc(Cl)c1,,,,"MolVec 0.9.8 (git b412dd0, Maven Central)",0.195133674191311
uob,maybridge-0360-708052980,O=[N+]([O-])c1cc(Cl)cnc1O,,,,"MolVec 0.9.8 (git b412dd0, Maven Central)",0.1409804099239409
uob,maybridge-0360-786519120,O=C(Cl)c1ccc(Cl)nc1,,,,"MolVec 0.9.8 (git b412dd0, Maven Central)",0.16211443790234625
uob,maybridge-0360-897456481,CCOC(=O)c1cccnc1Cl,,,,"MolVec 0.9.8 (git b412dd0, Maven Central)",0.17633239110000432
uob,maybridge-0360-96787001,Cc1cc(C(=O)Cl)cc(Cl)n1,,,,"MolVec 0.9.8 (git b412dd0, Maven Central)",0.1853676789905876
uob,maybridge-0361-10112534,O=C(O)c1cc(Cl)nc(Cl)c1,,,,"MolVec 0.9.8 (git b412dd0, Maven Central)",0.20057427301071584
uob,maybridge-0361-120397430,Nc1ncc(C(F)(F)F)cc1Cl,,,,"MolVec 0.9.8 (git b412dd0, Maven Central)",0.229367634980008
uob,maybridge-0361-134676321,Cc1cnc(Cl)c(Br)c1,,,,"MolVec 0.9.8 (git b412dd0, Maven Central)",0.1457906428258866
uob,maybridge-0361-184330994,O=C(O)c1cc(F)c(Cl)nc1Cl,,,,"MolVec 0.9.8 (git b412dd0, Maven Central)",0.23322149808518589
uob,maybridge-0361-258217084,COC(=O)c1cc(Cl)nc(Cl)c1,,,,"MolVec 0.9.8 (git b412dd0, Maven Central)",0.1950526130385697
uob,maybridge-0361-394501953,ClCc1cc(Cl)nc(Cl)c1,,,,"MolVec 0.9.8 (git b412dd0, Maven Central)",0.17001317092217505
uob,maybridge-0361-529737951,Clc1ncccc1Br,,,,"MolVec 0.9.8 (git b412dd0, Maven Central)",0.12478480697609484
uob,maybridge-0361-556752286,COc1cc(C(=O)Cl)cc(Cl)n1,,,,"MolVec 0.9.8 (git b412dd0, Maven Central)",0.20912334020249546
uob,maybridge-0361-641161420,O=[N+]([O-])c1ccc(Cl)nc1Cl,,,,"MolVec 0.9.8 (git b412dd0, Maven Central)",0.17553768400102854
uob,maybridge-0361-800661494,Cc1cc(C(F)(F)F)cc(Cl)n1,,,,"MolVec 0.9.8 (git b412dd0, Maven Central)",0.2184520079754293
uob,maybridge-0361-919554717,Cc1nc(Cl)c(C#N)c(C)c1Cl,,,,"MolVec 0.9.8 (git b412dd0, Maven Central)",0.2028898720163852
uob,maybridge-0361-966011023,NC(=S)c1cc(Cl)nc(Cl)c1,,,,"MolVec 0.9.8 (git b412dd0, Maven Central)",0.23983085388317704
uob,maybridge-0362-1068446423,Fc1cc(I)ccn1,,,,"MolVec 0.9.8 (git b412dd0, Maven Central)",0.12872806820087135
uob,maybridge-0362-215930928,COc1ncc(C(F)(F)F)cc1Cl,,,,"MolVec 0.9.8 (git b412dd0, Maven Central)",0.18981570797041059
uob,maybridge-0362-225637356,NNc1ncc(Cl)cc1C(F)(F)F,,,,"MolVec 0.9.8 (git b412dd0, Maven Central)",0.24558558803983033
uob,maybridge-0362-291837715,CC(C)(C)OC(=O)NCc1ncccc1F,,,,"MolVec 0.9.8 (git b412dd0, Maven Central)",0.19337028311565518
uob,maybridge-0362-348244364,CCOC(=O)c1cc(C)nc(Cl)c1C#N,,,,"MolVec 0.9.8 (git b412dd0, Maven Central)",0.24654997396282852
uob,maybridge-0362-373841911,FC(F)(F)c1cnc(CCl)c(Cl)c1,,,,"MolVec 0.9.8 (git b412dd0, Maven Central)",0.27288259216584265
uob,maybridge-0362-458289009,FC(F)(F)c1cnc(S)c(Cl)c1,,,,"MolVec 0.9.8 (git b412dd0, Maven Central)",0.1793239580001682
uob,maybridge-0362-513793261,O=C(Cl)c1cc(Cl)nc(Cl)c1,,,,"MolVec 0.9.8 (git b412dd0, Maven Central)",0.2104182681068778
uob,maybridge-0362-531810600,COC(=O)c1cc(F)c(Cl)nc1Cl,,,,"MolVec 0.9.8 (git b412dd0, Maven Central)",0.2280288238544017
uob,maybridge-0362-660898862,O=C(Cl)c1cc(Cl)cnc1Cl,,,,"MolVec 0.9.8 (git b412dd0, Maven Central)",0.18212111294269562
uob,maybridge-0362-704873403,CCc1cccnc1F,,,,"MolVec 0.9.8 (git b412dd0, Maven Central)",0.10798072908073664
uob,maybridge-0362-882539320,O=C(Cl)c1cc(F)c(Cl)nc1Cl,,,,"MolVec 0.9.8 (git b412dd0, Maven Central)",0.2051684269681573
uob,maybridge-0363-1039728385,Clc1cncc(Cl)c1N1CCNCC1,,,,"MolVec 0.9.8 (git b412dd0, Maven Central)",0.24788390309549868
uob,maybridge-0363-212200574,CC1(C)OB(c2ccc(Cl)nc2)OC1(C)C,,,,"MolVec 0.9.8 (git b412dd0, Maven Central)",0.2707187000196427
uob,maybridge-0363-310777714,FC(F)(F)c1cnc(Br)c(Cl)c1,,,,"MolVec 0.9.8 (git b412dd0, Maven Central)",0.17796605196781456
uob,maybridge-0363-489017363,FC(F)(F)c1cnc(N2CCNCC2)c(Cl)c1,,,,"MolVec 0.9.8 (git b412dd0, Maven Central)",0.263707882957533
uob,maybridge-0363-528414840,CCOC(=O)c1c(Cl)cc(C)nc1Cl,,,,"MolVec 0.9.8 (git b412dd0, Maven Central)",0.2578328959643841
uob,maybridge-0363-546058707,NCc1ncc(C(F)(F)F)cc1Cl,,,,"MolVec 0.9.8 (git b412dd0, Maven Central)",0.2821627790108323
uob,maybridge-0363-562810841,FC(F)(F)c1cnc(N2CCCNCC2)c(Cl)c1,,,,"MolVec 0.9.8 (git b412dd0, Maven Central)",0.2569918502122164
uob,maybridge-0363-57564611,N#Cc1c(C(F)(F)F)cc(Cl)nc1Cl,,,,"MolVec 0.9.8 (git b412dd0, Maven Central)",0.2820254161488265
uob,maybridge-0363-784902275,Nc1c(C(F)(F)F)cc(Cl)nc1Cl,,,,"MolVec 0.9.8 (git b412dd0, Maven Central)",0.289238658035174
uob,maybridge-0363-99178953,NC(=S)c1ncc(C(F)(F)F)cc1Cl,,,,"MolVec 0.9.8 (git b412dd0, Maven Central)",0.30696994718164206
uob,maybridge-0364-1026493180,COC(=O)c1cnc(Cl)nc1,,,,"MolVec 0.9.8 (git b412dd0, Maven Central)",0.1875475461129099
uob,maybridge-0364-1039394463,N#Cc1cnc(Cl)nc1N,,,,"MolVec 0.9.8 (git b412dd0, Maven Central)",0.17184524796903133
uob,maybridge-0364-107456257,Clc1cncc(Oc2ccc(Cl)nn2)c1,,,,"MolVec 0.9.8 (git b412dd0, Maven Central)",0.19246933609247208
uob,maybridge-0364-121089624,CCCc1cnc(Cl)nc1,,,,"MolVec 0.9.8 (git b412dd0, Maven Central)",0.1334209160413593
uob,maybridge-0364-187919636,OCCN1CCN(c2ncc(Cl)cc2C(F)(F)F)CC1,,,,"MolVec 0.9.8 (git b412dd0, Maven Central)",0.31905849697068334
uob,maybridge-0364-46894831,OCCN1CCN(c2ncc(C(F)(F)F)cc2Cl)CC1,,,,"MolVec 0.9.8 (git b412dd0, Maven Central)",0.3290803919080645
uob,maybridge-0364-570083015,Cc1nc(Cl)nc(N)c1N,,,,"MolVec 0.9.8 (git b412dd0, Maven Central)",0.18398388498462737
uob,maybridge-0364-61285622,Nc1ccc(Cl)nn1,,,,"MolVec 0.9.8 (git b412dd0, Maven Central)",0.1127687650732696
uob,maybridge-0364-769132983,Cc1cc(C(=O)NN)nc(Cl)n1,,,,"MolVec 0.9.8 (git b412dd0, Maven Central)",0.22917878301814198
uob,maybridge-0364-847746012,Oc1cc(Cl)ncn1,,,,"MolVec 0.9.8 (git b412dd0, Maven Central)",0.13774973899126053
uob,maybridge-0364-866410578,Cc1ccc(Cl)nn1,,,,"MolVec 0.9.8 (git b412dd0, Maven Central)",0.12647848902270198
uob,maybridge-0365-1003513646,Cc1nc(C(F)(F)F)nc(Cl)c1C,,,,"MolVec 0.9.8 (git b412dd0, Maven Central)",0.19500327808782458
uob,maybridge-0365-1031353862,Clc1nccc(-c2ccccc2)n1,,,,"MolVec 0.9.8 (git b412dd0, Maven Central)",0.22296579484827816
uob,maybridge-0365-1056212887,O=C(Cl)c1cnc(Cl)nc1C(F)(F)F,,,,"MolVec 0.9.8 (git b412dd0, Maven Central)",0.21304402290843427
uob,maybridge-0365-153768544,CSc1ncc(Cl)c(C(=O)O)n1,,,,"MolVec 0.9.8 (git b412dd0, Maven Central)",0.19976543984375894
uob,maybridge-0365-179761471,Clc1cc(Cl)nc(Cc2ccccc2)n1,,,,"MolVec 0.9.8 (git b412dd0, Maven Central)",0.2018812601454556
uob,maybridge-0365-288124482,Cc1nc(-c2ccccn2)nc(Cl)c1Cl,,,,"MolVec 0.9.8 (git b412dd0, Maven Central)",0.29748217784799635
uob,maybridge-0365-291357719,Clc1nccc(-c2cccs2)n1,,,,"MolVec 0.9.8 (git b412dd0, Maven Central)",0.26391055388376117
uob,maybridge-0365-319382447,Cc1nc(-c2ccccn2)nc(O)c1Cl,,,,"MolVec 0.9.8 (git b412dd0, Maven Central)",0.2849717219360173
uob,maybridge-0365-36255951,COC(=O)c1cc(C)nc(Cl)n1,,,,"MolVec 0.9.8 (git b412dd0, Maven Central)",0.20317630609497428
uob,maybridge-0365-374540545,COC(=O)c1cnc(Cl)nc1C(F)(F)F,,,,"MolVec 0.9.8 (git b412dd0, Maven Central)",0.26947763515636325
uob,maybridge-0366-182701432,Clc1cn2ccsc2n1,,,,"MolVec 0.9.8 (git b412dd0, Maven Central)",0.14673577318899333
uob,maybridge-0366-244729175,O=C(Cl)c1sc2sccc2c1Cl,,,,"MolVec 0.9.8 (git b412dd0, Maven Central)",0.22972120088525116
uob,maybridge-0366-256354247,Cc1cncc(Cl)n1,,,,"MolVec 0.9.8 (git b412dd0, Maven Central)",0.11611428507603705
uob,maybridge-0366-275358160,O=C(OCc1ccc(Cl)cc1)c1cnc(Cl)nc1C(F)(F)F,,,,"MolVec 0.9.8 (git b412dd0, Maven Central)",0.3458860369864851
uob,maybridge-0366-503692590,Clc1cnccn1,,,,"MolVec 0.9.8 (git b412dd0, Maven Central)",0.11400609090924263
uob,maybridge-0366-510743766,[O-]=[S+]C1=C(Cl)N=C2SC=CN21,,,,"MolVec 0.9.8 (git b412dd0, Maven Central)",0.17131185089237988
uob,maybridge-0366-603605081,COCc1cc(Cl)nc(-c2ccc(Cl)cc2)n1,,,,"MolVec 0.9.8 (git b412dd0, Maven Central)",0.3537550971377641
uob,maybridge-0366-672373440,CCOC(OCC)c1cc(Cl)nc(SCc2ccccc2)n1,,,,"MolVec 0.9.8 (git b412dd0, Maven Central)",0.3365653620567173
uob,maybridge-0366-808632039,Clc1cncc(Cl)n1,,,,"MolVec 0.9.8 (git b412dd0, Maven Central)",0.12628998304717243
uob,maybridge-0366-887537645,N#Cc1nccnc1Cl,,,,"MolVec 0.9.8 (git b412dd0, Maven Central)",0.1580074338708073
uob,maybridge-0366-899308076,CCOC(=O)c1cnc(C(F)(F)F)nc1Cl,,,,"MolVec 0.9.8 (git b412dd0, Maven Central)",0.26042353198863566
uob,maybridge-0367-195098201,Cn1ncc2c(Cl)ncnc21,,,,"MolVec 0.9.8 (git b412dd0, Maven Central)",0.2479763028677553
uob,maybridge-0367-411929059,CC(C)(C)OC(=O)c1n[nH]c2nc(F)ccc12,,,,"MolVec 0.9.8 (git b412dd0, Maven Central)",0.3461926211602986
uob,maybridge-0367-513763438,O=C(Cl)c1sc2ccccc2c1Cl,,,,"MolVec 0.9.8 (git b412dd0, Maven Central)",0.3663762810174376
uob,maybridge-0367-521444277,Clc1noc2ccccc12,,,,"MolVec 0.9.8 (git b412dd0, Maven Central)",0.22777836886234581
uob,maybridge-0367-678321406,O=C1NC(=O)c2cc([N+](=O)[O-])c(Cl)cc21,,,,"MolVec 0.9.8 (git b412dd0, Maven Central)",0.2712174339685589
uob,maybridge-0367-726247433,Clc1nc2ccccc2[nH]1,,,,"MolVec 0.9.8 (git b412dd0, Maven Central)",0.22307131392881274
uob,maybridge-0367-817079636,CCOC(=O)c1cnc2c(c(C)cn2C)c1Cl,,,,"MolVec 0.9.8 (git b412dd0, Maven Central)",0.26920722983777523
uob,maybridge-0367-92807765,Cc1nn(C)c2ncc(C(N)=O)c(Cl)c12,,,,"MolVec 0.9.8 (git b412dd0, Maven Central)",0.23501951294019818
uob,maybridge-0367-98809596,Cc1nn(C)c2ncc(C(=O)O)c(Cl)c12,,,,"MolVec 0.9.8 (git b412dd0, Maven Central)",0.30665796902030706
uob,maybridge-0367-990857961,[O-]=[S+]C1=C(Cl)N=C2SC=CN21,,,,"MolVec 0.9.8 (git b412dd0, Maven Central)",0.17689130012877285
uob,maybridge-0368-221825225,Cc1sc2ncnc(Cl)c2c1C,,,,"MolVec 0.9.8 (git b412dd0, Maven Central)",0.2382581231649965
uob,maybridge-0368-269641577,Clc1ccc2nc(Cl)sc2c1,,,,"MolVec 0.9.8 (git b412dd0, Maven Central)",0.24045678903348744
uob,maybridge-0368-417381779,Cc1nc(Cl)c2c(C)c(C)sc2n1,,,,"MolVec 0.9.8 (git b412dd0, Maven Central)",0.25341306114569306
uob,maybridge-0368-456885395,Cc1csc2ncnc(Cl)c12,,,,"MolVec 0.9.8 (git b412dd0, Maven Central)",0.1968335520941764
uob,maybridge-0368-509825316,Clc1ncnc2sccc12,,,,"MolVec 0.9.8 (git b412dd0, Maven Central)",0.187549551948905
uob,maybridge-0368-522722269,Clc1ncnc2sc(-c3ccccc3)cc12,,,,"MolVec 0.9.8 (git b412dd0, Maven Central)",0.27056691492907703
uob,maybridge-0368-632093947,Fc1nc2ccccc2s1,,,,"MolVec 0.9.8 (git b412dd0, Maven Central)",0.2089716240298003
uob,maybridge-0368-756179441,Clc1ncnc2scc(-c3cccs3)c12,,,,"MolVec 0.9.8 (git b412dd0, Maven Central)",0.375319718150422
uob,maybridge-0368-776688274,Clc1ncnc2ccsc12,,,,"MolVec 0.9.8 (git b412dd0, Maven Central)",0.19133148598484695
uob,maybridge-0368-821085188,Cc1c(-c2ccccc2)sc2ncnc(Cl)c12,,,,"MolVec 0.9.8 (git b412dd0, Maven Central)",0.2942685461603105
uob,maybridge-0368-902829484,Clc1nc2ccccc2s1,,,,"MolVec 0.9.8 (git b412dd0, Maven Central)",0.1736407249700278
uob,maybridge-0368-906472738,Clc1nccc2occc12,,,,"MolVec 0.9.8 (git b412dd0, Maven Central)",0.20034433295950294
uob,maybridge-0369-1028469667,Fc1ccc2nc(C(F)(F)F)cc(Cl)c2c1,,,,"MolVec 0.9.8 (git b412dd0, Maven Central)",0.34050397807732224
uob,maybridge-0369-1041394377,O=C(Cl)c1cc(Cl)nc2ccc(Br)cc12,,,,"MolVec 0.9.8 (git b412dd0, Maven Central)",0.2852842740248889
uob,maybridge-0369-1196965,O=C(O)c1cc2ccccc2nc1Cl,,,,"MolVec 0.9.8 (git b412dd0, Maven Central)",0.2324392069131136
uob,maybridge-0369-156865475,Cc1csc2c(Cl)ncnc12,,,,"MolVec 0.9.8 (git b412dd0, Maven Central)",0.18037604284472764
uob,maybridge-0369-194822866,FC(F)(F)c1cc(Cl)c2ccccc2n1,,,,"MolVec 0.9.8 (git b412dd0, Maven Central)",0.310536626027897
uob,maybridge-0369-246731426,FC(F)(F)c1cc(Cl)c2cccc(Br)c2n1,,,,"MolVec 0.9.8 (git b412dd0, Maven Central)",0.3536395109258592
uob,maybridge-0369-428323656,Fc1cccc2c(Cl)cc(C(F)(F)F)nc12,,,,"MolVec 0.9.8 (git b412dd0, Maven Central)",0.333193490980193
uob,maybridge-0369-78101074,ClCc1cc2ccccc2nc1Cl,,,,"MolVec 0.9.8 (git b412dd0, Maven Central)",0.22285905294120312
uob,maybridge-0369-782115364,Cc1cc2ccccc2nc1Cl,,,,"MolVec 0.9.8 (git b412dd0, Maven Central)",0.14809243590570986
uob,maybridge-0369-789715446,O=C(Cl)c1cc2ccccc2nc1Cl,,,,"MolVec 0.9.8 (git b412dd0, Maven Central)",0.25471328292042017
uob,maybridge-0369-860681418,OCc1cc2ccccc2nc1Cl,,,,"MolVec 0.9.8 (git b412dd0, Maven Central)",0.24386026919819415
uob,maybridge-0369-91071010,COc1ccc2nc(Cl)c(CO)cc2c1,,,,"MolVec 0.9.8 (git b412dd0, Maven Central)",0.22326431795954704
uob,maybridge-0370-147543382,Clc1ncnc2sc3c(c12)CCCCC3,,,,"MolVec 0.9.8 (git b412dd0, Maven Central)",0.23806790285743773
uob,maybridge-0370-216934271,Clc1ccnc2ccc(CBr)cc12.FC(F)F,,,,"MolVec 0.9.8 (git b412dd0, Maven Central)",0.38589046895504
uob,maybridge-0370-594349710,CCOC(=O)c1c(SC)nc2ccc(Cl)cc2c1Cl,,,,"MolVec 0.9.8 (git b412dd0, Maven Central)",0.3581381079275161
uob,maybridge-0370-690107860,Clc1ncnc2sc3c(c12)CCC3,,,,"MolVec 0.9.8 (git b412dd0, Maven Central)",0.226353449979797
uob,maybridge-0370-779006468,Cc1nc(Cl)c2c3c(sc2n1)CCCC3,,,,"MolVec 0.9.8 (git b412dd0, Maven Central)",0.2896260980051011
uob,maybridge-0371-129198308,Cc1cc(C(=O)CCl)c(C)n1-c1ccccc1,,,,"MolVec 0.9.8 (git b412dd0, Maven Central)",0.35679818084463477
uob,maybridge-0371-332476718,Cc1c(C(=O)CBr)cnn1-c1ccccc1,,,,"MolVec 0.9.8 (git b412dd0, Maven Central)",0.25805819616653025
uob,maybridge-0371-342323670,O=C(CBr)c1ccco1,,,,"MolVec 0.9.8 (git b412dd0, Maven Central)",0.17961847898550332
uob,maybridge-0371-367414616,Cc1cc(C(=O)CCl)c(C)n1-c1ccc(Cl)cc1,,,,"MolVec 0.9.8 (git b412dd0, Maven Central)",0.3480265508405864
uob,maybridge-0371-444253956,O=C(CBr)c1cccs1,,,,"MolVec 0.9.8 (git b412dd0, Maven Central)",0.19328711205162108
uob,maybridge-0371-477156428,Cc1cc(C(=O)CCl)c(C)n1-c1ccc(F)cc1,,,,"MolVec 0.9.8 (git b412dd0, Maven Central)",0.30457292194478214
uob,maybridge-0371-611671320,Cc1ccc(-n2c(C)cc(C(=O)CCl)c2C)cc1,,,,"MolVec 0.9.8 (git b412dd0, Maven Central)",0.29999712691642344
uob,maybridge-0371-93794671,O=C(CBr)c1ccsc1,,,,"MolVec 0.9.8 (git b412dd0, Maven Central)",0.15235510794445872
uob,maybridge-0372-1019856539,O=C(CBr)c1cc(-c2ccc(Cl)c(Cl)c2)no1,,,,"MolVec 0.9.8 (git b412dd0, Maven Central)",0.4184846170246601
uob,maybridge-0372-22764499,O=C(CCl)C1=C(/C(Br)=C(\S)Cl)C1,,,,"MolVec 0.9.8 (git b412dd0, Maven Central)",0.23544291011057794
uob,maybridge-0372-255835363,CCOC(=O)c1cc(C(=O)CBr)on1,,,,"MolVec 0.9.8 (git b412dd0, Maven Central)",0.2513938029296696
uob,maybridge-0372-352404267,O=C(CBr)c1ccc(-c2ccccc2)s1,,,,"MolVec 0.9.8 (git b412dd0, Maven Central)",0.25380581011995673
uob,maybridge-0372-363656598,O=C(O)Cc1ccc(C(=O)CCl)s1,,,,"MolVec 0.9.8 (git b412dd0, Maven Central)",0.3107496190350503
uob,maybridge-0372-381896571,O=C(CCl)c1cc(Cl)c(Cl)s1,,,,"MolVec 0.9.8 (git b412dd0, Maven Central)",0.2521309219300747
uob,maybridge-0372-422236044,O=C(CBr)c1cc(-c2ccc(Cl)cc2Cl)no1,,,,"MolVec 0.9.8 (git b412dd0, Maven Central)",0.35635608504526317
uob,maybridge-0372-449420014,Cc1onc(-c2ccccc2)c1C(=O)CBr,,,,"MolVec 0.9.8 (git b412dd0, Maven Central)",0.3469192241318524
uob,maybridge-0372-668724372,O=[N+](CBr)c1ccc(-c2ccccn2)s1,,,,"MolVec 0.9.8 (git b412dd0, Maven Central)",0.3202512019779533
uob,maybridge-0372-777602168,O=C(CBr)c1cc(-c2ccccc2)no1,,,,"MolVec 0.9.8 (git b412dd0, Maven Central)",0.28803986008279026
uob,maybridge-0372-932739271,O=C(CBr)c1cc(-c2ccc(Cl)cc2)no1,,,,"MolVec 0.9.8 (git b412dd0, Maven Central)",0.33124933601357043
uob,maybridge-0373-1070025809,Cc1nc(-c2ccc(C(F)(F)F)cc2)sc1C(=O)CBr,,,,"MolVec 0.9.8 (git b412dd0, Maven Central)",0.4269901178777218
uob,maybridge-0373-167678837,Cc1nc(-c2ccccc2)sc1C(=O)CBr,,,,"MolVec 0.9.8 (git b412dd0, Maven Central)",0.308203968917951
uob,maybridge-0373-205409004,N#Cc1cccc(C(=O)CBr)c1,,,,"MolVec 0.9.8 (git b412dd0, Maven Central)",0.37820597109384835
uob,maybridge-0373-274900875,O=C(CBr)c1cccc(F)c1,,,,"MolVec 0.9.8 (git b412dd0, Maven Central)",0.3600788968615234
uob,maybridge-0373-337400562,Cc1ccc(C(=O)CBr)cc1,,,,"MolVec 0.9.8 (git b412dd0, Maven Central)",0.17796534998342395
uob,maybridge-0373-378274006,Cc1nc(-c2cnccn2)sc1C(=O)CBr,,,,"MolVec 0.9.8 (git b412dd0, Maven Central)",0.3564387150108814
uob,maybridge-0373-599137162,O=C(CBr)c1ccccc1Cl,,,,"MolVec 0.9.8 (git b412dd0, Maven Central)",0.15896717482246459
uob,maybridge-0373-682179949,Cc1ccc(C(=O)CBr)c(C)c1,,,,"MolVec 0.9.8 (git b412dd0, Maven Central)",0.29173132800497115
uob,maybridge-0373-780235005,O=C(CBr)c1nccs1,,,,"MolVec 0.9.8 (git b412dd0, Maven Central)",0.1314054261893034
uob,maybridge-0373-794278333,N#Cc1ccc(C(=O)CBr)cc1,,,,"MolVec 0.9.8 (git b412dd0, Maven Central)",0.26189651992172003
uob,maybridge-0373-84979405,Cc1nc(-c2ccc(Cl)cc2)sc1C(=O)CBr,,,,"MolVec 0.9.8 (git b412dd0, Maven Central)",0.4036077670753002
uob,maybridge-0374-1071119137,O=C(CBr)c1ccc(F)c(F)c1,,,,"MolVec 0.9.8 (git b412dd0, Maven Central)",0.1994979919400066
uob,maybridge-0374-22832647,FC(F)F.O=C(CBr)c1ccccc1,,,,"MolVec 0.9.8 (git b412dd0, Maven Central)",0.22456169687211514
uob,maybridge-0374-230464572,O=C(CBr)c1cccc(Cl)c1,,,,"MolVec 0.9.8 (git b412dd0, Maven Central)",0.2060550539754331
uob,maybridge-0374-377459976,O=C(CBr)c1ccc(C(F)(F)F)cc1,,,,"MolVec 0.9.8 (git b412dd0, Maven Central)",0.21575478208251297
uob,maybridge-0374-392639015,CC(C)Cc1ccc(C(=O)C(C)Br)cc1,,,,"MolVec 0.9.8 (git b412dd0, Maven Central)",0.17562949587590992
uob,maybridge-0374-399246141,CCCCCc1ccc(C(=O)CBr)cc1,,,,"MolVec 0.9.8 (git b412dd0, Maven Central)",0.21286308392882347
uob,maybridge-0374-551887567,O=C(CBr)c1ccccc1C(F)(F)F,,,,"MolVec 0.9.8 (git b412dd0, Maven Central)",0.19756371388211846
uob,maybridge-0374-67695884,O=C(CBr)c1ccc(-c2ccco2)cc1,,,,"MolVec 0.9.8 (git b412dd0, Maven Central)",0.2907576758880168
uob,maybridge-0374-941914878,O=C(CBr)c1ccc(OC(F)F)cc1,,,,"MolVec 0.9.8 (git b412dd0, Maven Central)",0.20253534498624504
uob,maybridge-0374-982550196,Cc1cc(C(=O)CBr)ccc1Cl,,,,"MolVec 0.9.8 (git b412dd0, Maven Central)",0.24033212312497199
uob,maybridge-0375-1014743465,O=C(CBr)c1ccccc1Oc1ccccc1,,,,"MolVec 0.9.8 (git b412dd0, Maven Central)",0.29426338616758585
uob,maybridge-0375-110375711,O=C(CBr)c1ccc(Oc2ccccc2)cc1,,,,"MolVec 0.9.8 (git b412dd0, Maven Central)",0.32748055295087397
uob,maybridge-0375-214133597,CS(=O)(=O)c1ccc(C(=O)CBr)cc1,,,,"MolVec 0.9.8 (git b412dd0, Maven Central)",0.19608256686478853
uob,maybridge-0375-418774861,O=C(CBr)c1ccc(OC(F)(F)F)cc1,,,,"MolVec 0.9.8 (git b412dd0, Maven Central)",0.21499553811736405
uob,maybridge-0375-482231635,O=C(CBr)c1ccc(-c2ccsc2)cc1,,,,"MolVec 0.9.8 (git b412dd0, Maven Central)",0.30586135806515813
uob,maybridge-0375-696215992,O=C(CBr)c1ccc(-c2cccs2)cc1,,,,"MolVec 0.9.8 (git b412dd0, Maven Central)",0.29520143009722233
uob,maybridge-0375-700778708,O=C(CBr)c1ccc(Cl)c([N+](=O)[O-])c1,,,,"MolVec 0.9.8 (git b412dd0, Maven Central)",0.2401841781102121
uob,maybridge-0375-724471614,CC(C)(C)c1cc(C(=O)CBr)cc(C(C)(C)C)c1O,,,,"MolVec 0.9.8 (git b412dd0, Maven Central)",0.3151614679954946
uob,maybridge-0375-863503907,Cc1ccc(C(Br)C(=O)c2ccc(Cl)cc2)cc1,,,,"MolVec 0.9.8 (git b412dd0, Maven Central)",0.31420950195752084
uob,maybridge-0375-872114668,O=C(c1ccc(Cl)cc1)C(Br)c1ccccc1,,,,"MolVec 0.9.8 (git b412dd0, Maven Central)",0.3252228188794106
uob,maybridge-0375-976015029,O=C(CBr)c1ccc(N2CCOCC2)cc1,,,,"MolVec 0.9.8 (git b412dd0, Maven Central)",0.26590189314447343
uob,maybridge-0376-105416330,O=C(CBr)c1cc(C(F)(F)F)cc(C(F)(F)F)c1,,,,"MolVec 0.9.8 (git b412dd0, Maven Central)",0.3357488210313022
uob,maybridge-0376-269375483,O=C(CBr)c1ccncc1,,,,"MolVec 0.9.8 (git b412dd0, Maven Central)",0.20402890513651073
uob,maybridge-0376-301788362,O=C(CBr)c1ccccn1,,,,"MolVec 0.9.8 (git b412dd0, Maven Central)",0.1747612631879747
uob,maybridge-0376-338104194,O=C(CBr)c1cccnc1,,,,"MolVec 0.9.8 (git b412dd0, Maven Central)",0.22045276802964509
uob,maybridge-0376-578922955,O=C(CBr)C(c1ccccc1)c1ccccc1,,,,"MolVec 0.9.8 (git b412dd0, Maven Central)",0.20601325808092952
uob,maybridge-0376-675213291,O=C(CBr)c1c(Cl)cc(C(F)(F)F)cc1Cl,,,,"MolVec 0.9.8 (git b412dd0, Maven Central)",0.24153095786459744
uob,maybridge-0376-799974992,O=C1Cc2cc(C(=O)CBr)ccc2N1,,,,"MolVec 0.9.8 (git b412dd0, Maven Central)",0.2999465561006218
uob,maybridge-0376-827839817,O=C(CBr)c1coc2ccccc12,,,,"MolVec 0.9.8 (git b412dd0, Maven Central)",0.26258887397125363
uob,maybridge-0376-951290943,O=C(CBr)c1cc2ccccc2o1,,,,"MolVec 0.9.8 (git b412dd0, Maven Central)",0.35967768100090325
uob,maybridge-0376-993997092,Cn1c(C(=O)CBr)nc2ccccc21,,,,"MolVec 0.9.8 (git b412dd0, Maven Central)",0.2897463620174676
uob,maybridge-0377-200011683,Cc1c(C(=O)CBr)sc2ccccc12,,,,"MolVec 0.9.8 (git b412dd0, Maven Central)",0.28199471486732364
uob,maybridge-0377-40590070,Cc1c(C(=O)CBr)sc2ccc(Cl)cc12,,,,"MolVec 0.9.8 (git b412dd0, Maven Central)",0.3891957369633019
uob,maybridge-0377-541246706,O=C(CBr)c1ccc2occc2c1,,,,"MolVec 0.9.8 (git b412dd0, Maven Central)",0.30602222913876176
uob,maybridge-0377-629490064,Cc1ccc2sc(C(=O)CBr)c(C)c2c1,,,,"MolVec 0.9.8 (git b412dd0, Maven Central)",0.3918869860935956
uob,maybridge-0377-674339366,O=C(CBr)c1cc(Br)cc2c1OCC2,,,,"MolVec 0.9.8 (git b412dd0, Maven Central)",0.29096643486991525
uob,maybridge-0377-727314170,O=C(CBr)c1ccc2c(c1)OCO2,,,,"MolVec 0.9.8 (git b412dd0, Maven Central)",0.2533673399593681
uob,maybridge-0377-742436189,O=C(CBr)c1cc2ccccc2s1,,,,"MolVec 0.9.8 (git b412dd0, Maven Central)",0.2724256659857929
uob,maybridge-0377-836889159,Cc1c(NCCl)sc2ccc(Cl)cc12,,,,"MolVec 0.9.8 (git b412dd0, Maven Central)",0.3116489169187844
uob,maybridge-0377-891474793,O=C(CBr)c1cc2cc(Br)ccc2o1,,,,"MolVec 0.9.8 (git b412dd0, Maven Central)",0.3463936438784003
uob,maybridge-0377-971207393,O=C(CBr)c1csc2ccccc12,,,,"MolVec 0.9.8 (git b412dd0, Maven Central)",0.26518199406564236
uob,maybridge-0378-140945183,O=C(CBr)c1ccc2c(c1)OCCCO2,,,,"MolVec 0.9.8 (git b412dd0, Maven Central)",0.19772095791995525
uob,maybridge-0378-297246047,CCc1cc2c(cc1C(=O)CBr)C(C)(C)CCC2(C)C,,,,"MolVec 0.9.8 (git b412dd0, Maven Central)",0.26023329701274633
uob,maybridge-0378-48915704,O=C1c2nonc2CCC1Br,,,,"MolVec 0.9.8 (git b412dd0, Maven Central)",0.23331640008836985
uob,maybridge-0378-583128790,O=C(CBr)c1cccc2c1OCCO2,,,,"MolVec 0.9.8 (git b412dd0, Maven Central)",0.22784458799287677
uob,maybridge-0378-654662568,O=C(CBr)c1ccc2c(c1)OCCO2,,,,"MolVec 0.9.8 (git b412dd0, Maven Central)",0.25213640299625695
uob,maybridge-0378-661262152,O=C(CBr)c1nc2ccccc2s1,,,,"MolVec 0.9.8 (git b412dd0, Maven Central)",0.2967178961262107
uob,maybridge-0378-691947924,O=C(CBr)c1csc2ccc(Br)cc12,,,,"MolVec 0.9.8 (git b412dd0, Maven Central)",0.25161286909133196
uob,maybridge-0378-753717944,CC1(C)CCC(C)(C)c2cc(C(=O)CBr)ccc21,,,,"MolVec 0.9.8 (git b412dd0, Maven Central)",0.30026756692677736
uob,maybridge-0378-803260148,O=C(CBr)c1cccc2c1OCCCO2,,,,"MolVec 0.9.8 (git b412dd0, Maven Central)",0.2654912080615759
uob,maybridge-0378-909442568,O=C(CBr)c1ccc2sccc2c1,,,,"MolVec 0.9.8 (git b412dd0, Maven Central)",0.2316547129303217
uob,maybridge-0379-176561251,O=C(CCl)CCl,,,,"MolVec 0.9.8 (git b412dd0, Maven Central)",0.09580264892429113
uob,maybridge-0379-370010940,CC(C)(C)C(=O)CBr,,,,"MolVec 0.9.8 (git b412dd0, Maven Central)",0.15312678692862391
uob,maybridge-0379-946093491,CCOC(=O)C(=O)CBr,,,,"MolVec 0.9.8 (git b412dd0, Maven Central)",0.16293706209398806
uob,maybridge-0379-973024812,COC(=O)C(Cl)C(=O)C(C)(C)C,,,,"MolVec 0.9.8 (git b412dd0, Maven Central)",0.18065324006602168
uob,maybridge-0380-112748934,OCc1cc(-c2ccco2)[nH]n1,,,,"MolVec 0.9.8 (git b412dd0, Maven Central)",0.2495372190605849
uob,maybridge-0380-403945534,CC(C)(CO)n1cccc1,,,,"MolVec 0.9.8 (git b412dd0, Maven Central)",0.11845209379680455
uob,maybridge-0380-452303754,OCc1cc(-c2cccs2)[nH]n1,,,,"MolVec 0.9.8 (git b412dd0, Maven Central)",0.23707481985911727
uob,maybridge-0380-822086798,CCOC(=O)c1[nH]c(C)c(CO)c1C,,,,"MolVec 0.9.8 (git b412dd0, Maven Central)",0.23071914678439498
uob,maybridge-0380-846688106,OC1CN(C(c2ccccc2)c2ccccc2)C1,,,,"MolVec 0.9.8 (git b412dd0, Maven Central)",0.2594988150522113
uob,maybridge-0380-85849794,Cn1ccc(CO)n1,,,,"MolVec 0.9.8 (git b412dd0, Maven Central)",0.12900475598871708
uob,maybridge-0380-90523519,Cc1cc(CO)n(C)n1,,,,"MolVec 0.9.8 (git b412dd0, Maven Central)",0.1353551249485463
uob,maybridge-0380-926957211,Cn1nc(-c2ccco2)cc1CO,,,,"MolVec 0.9.8 (git b412dd0, Maven Central)",0.28379311598837376
uob,maybridge-0380-929503466,Cc1cc(CO)nn1C,,,,"MolVec 0.9.8 (git b412dd0, Maven Central)",0.14337537600658834
uob,maybridge-0380-939077900,Cn1nc(CO)cc1-c1ccco1,,,,"MolVec 0.9.8 (git b412dd0, Maven Central)",0.26472558407112956
uob,maybridge-0381-1009180704,Cn1nc(CO)cc1-c1cccs1,,,,"MolVec 0.9.8 (git b412dd0, Maven Central)",0.21138258185237646
uob,maybridge-0381-169874600,Cc1c(CO)cnn1-c1ccc(F)cc1,,,,"MolVec 0.9.8 (git b412dd0, Maven Central)",0.30372544610872865
uob,maybridge-0381-240979692,Cn1nc(CO)cc1-c1ccccc1,,,,"MolVec 0.9.8 (git b412dd0, Maven Central)",0.31944693508557975
uob,maybridge-0381-567991847,Cn1cnc(CO)c1,,,,"MolVec 0.9.8 (git b412dd0, Maven Central)",0.13870510109700263
uob,maybridge-0381-627004710,Cc1c(CO)cnn1-c1ccccc1,,,,"MolVec 0.9.8 (git b412dd0, Maven Central)",0.22973364312201738
uob,maybridge-0381-644052063,Cn1ncc(CO)c1-c1ccccc1,,,,"MolVec 0.9.8 (git b412dd0, Maven Central)",0.22751044412143528
uob,maybridge-0381-805627828,Cn1nc(-c2ccccc2)cc1CO,,,,"MolVec 0.9.8 (git b412dd0, Maven Central)",0.2555608309339732
uob,maybridge-0381-85356767,Cc1nn(-c2ccccc2)c(C)c1CO,,,,"MolVec 0.9.8 (git b412dd0, Maven Central)",0.21976344217546284
uob,maybridge-0381-890112006,Cn1nc(-c2cccs2)cc1CO,,,,"MolVec 0.9.8 (git b412dd0, Maven Central)",0.26779585401527584
uob,maybridge-0381-892167388,Cn1ccnc1CO,,,,"MolVec 0.9.8 (git b412dd0, Maven Central)",0.11035135295242071
uob,maybridge-0382-252561146,Cc1cc(CO)c(-c2ccccc2)o1,,,,"MolVec 0.9.8 (git b412dd0, Maven Central)",0.24877854390069842
uob,maybridge-0382-324671811,CCCCc1nc(CO)c(Cl)[nH]1,,,,"MolVec 0.9.8 (git b412dd0, Maven Central)",0.18019739910960197
uob,maybridge-0382-385346671,OCc1c[nH]cn1,,,,"MolVec 0.9.8 (git b412dd0, Maven Central)",0.1381920410785824
uob,maybridge-0382-413247542,OCc1ccc(C(F)(F)F)o1,,,,"MolVec 0.9.8 (git b412dd0, Maven Central)",0.2162661049515009
uob,maybridge-0382-439016590,CSc1ncc(CO)n1Cc1ccccc1,,,,"MolVec 0.9.8 (git b412dd0, Maven Central)",0.22127809491939843
uob,maybridge-0382-563815804,Cc1ccc(CO)o1,,,,"MolVec 0.9.8 (git b412dd0, Maven Central)",0.14196843397803605
uob,maybridge-0382-591905314,CC1(O)CNC(=O)C1,,,,"MolVec 0.9.8 (git b412dd0, Maven Central)",0.1395163368433714
uob,maybridge-0382-710575534,Cc1oc(-c2ccccc2)cc1CO,,,,"MolVec 0.9.8 (git b412dd0, Maven Central)",0.38990612607449293
uob,maybridge-0382-794356947,OCc1nccn1Cc1ccccc1,,,,"MolVec 0.9.8 (git b412dd0, Maven Central)",0.20104959001764655
uob,maybridge-0382-865805804,Cn1cncc1CO,,,,"MolVec 0.9.8 (git b412dd0, Maven Central)",0.12521878210827708
uob,maybridge-0382-952892500,OCc1ncc[nH]1,,,,"MolVec 0.9.8 (git b412dd0, Maven Central)",0.13641118700616062
uob,maybridge-0382-996510757,Cc1nn(-c2ccccc2)nc1CO,,,,"MolVec 0.9.8 (git b412dd0, Maven Central)",0.21312961797229946
uob,maybridge-0383-12915411,OCc1ccc(-c2ccccn2)s1,,,,"MolVec 0.9.8 (git b412dd0, Maven Central)",0.34638524800539017
uob,maybridge-0383-203274519,OCc1ccc(-c2cccs2)s1,,,,"MolVec 0.9.8 (git b412dd0, Maven Central)",0.27832955098710954
uob,maybridge-0383-383278465,OCc1ccc(-c2ccco2)s1,,,,"MolVec 0.9.8 (git b412dd0, Maven Central)",0.25736779207363725
uob,maybridge-0383-41455490,OCc1ccc(Oc2ccccc2)o1,,,,"MolVec 0.9.8 (git b412dd0, Maven Central)",0.3151486827991903
uob,maybridge-0383-490271544,OCc1ccc(-c2cc(C(F)(F)F)cc(C(F)(F)F)c2)o1,,,,"MolVec 0.9.8 (git b412dd0, Maven Central)",0.48366065020672977
uob,maybridge-0383-502619596,OCc1ccc(N2CCOCC2)s1,,,,"MolVec 0.9.8 (git b412dd0, Maven Central)",0.21436070883646607
uob,maybridge-0383-506255342,Cc1nc(-c2ccc(CO)s2)cs1,,,,"MolVec 0.9.8 (git b412dd0, Maven Central)",0.2450496950186789
uob,maybridge-0383-544189000,OCc1ccc(Oc2cccnc2)o1,,,,"MolVec 0.9.8 (git b412dd0, Maven Central)",0.2951611049938947
uob,maybridge-0383-545144477,OCc1cc(Br)cs1,,,,"MolVec 0.9.8 (git b412dd0, Maven Central)",0.1802533669397235
uob,maybridge-0383-692577509,OCc1ccsc1Br,,,,"MolVec 0.9.8 (git b412dd0, Maven Central)",0.17653511790558696
uob,maybridge-0383-734834778,OCc1sccc1-n1cccc1,,,,"MolVec 0.9.8 (git b412dd0, Maven Central)",0.2359342270065099
uob,maybridge-0383-868163184,Cc1csc(CO)c1,,,,"MolVec 0.9.8 (git b412dd0, Maven Central)",0.1385968839749694
uob,maybridge-0384-165414024,OCc1ncoc1-c1ccccc1,,,,"MolVec 0.9.8 (git b412dd0, Maven Central)",0.2225128309801221
uob,maybridge-0384-247955767,OCc1cc(-c2ccco2)on1,,,,"MolVec 0.9.8 (git b412dd0, Maven Central)",0.23128723306581378
uob,maybridge-0384-352141199,Cc1onc(-c2ccccc2)c1CO,,,,"MolVec 0.9.8 (git b412dd0, Maven Central)",0.28388893185183406
uob,maybridge-0384-375073057,C[N+]1=[N+]=C(c2ccc(CO)s2)C=C1C(F)(F)F,,,,"MolVec 0.9.8 (git b412dd0, Maven Central)",0.28634175611659884
uob,maybridge-0384-548599134,Cc1nc(-c2cc(CO)no2)cs1,,,,"MolVec 0.9.8 (git b412dd0, Maven Central)",0.2312599190045148
uob,maybridge-0384-559591837,OCc1cc(-c2cccs2)on1,,,,"MolVec 0.9.8 (git b412dd0, Maven Central)",0.23641807795502245
uob,maybridge-0384-603591222,Cc1noc(C)c1CO,,,,"MolVec 0.9.8 (git b412dd0, Maven Central)",0.12925425404682755
uob,maybridge-0384-710803003,Cc1onc(-c2c(Cl)cccc2Cl)c1CO,,,,"MolVec 0.9.8 (git b412dd0, Maven Central)",0.35603585792705417
uob,maybridge-0384-74338899,Cc1noc(-c2ccccc2)c1CO,,,,"MolVec 0.9.8 (git b412dd0, Maven Central)",0.246476449072361
uob,maybridge-0384-779583438,Cc1nc(CO)c(C)o1,,,,"MolVec 0.9.8 (git b412dd0, Maven Central)",0.188099455088377
uob,maybridge-0384-837537578,Cc1cc(CO)no1,,,,"MolVec 0.9.8 (git b412dd0, Maven Central)",0.16380611201748252
uob,maybridge-0384-848407541,OCc1cc(-c2ccccc2)on1,,,,"MolVec 0.9.8 (git b412dd0, Maven Central)",0.31888169003650546
uob,maybridge-0385-251471112,Cc1nc(C)c(CO)s1,,,,"MolVec 0.9.8 (git b412dd0, Maven Central)",0.17738611600361764
uob,maybridge-0385-278033901,OCc1csc[n+]1Cc1ccccc1,,,,"MolVec 0.9.8 (git b412dd0, Maven Central)",0.30733616510406137
uob,maybridge-0385-28798752,OCc1csc(-c2cccc(Cl)c2)n1,,,,"MolVec 0.9.8 (git b412dd0, Maven Central)",0.2659751509781927
uob,maybridge-0385-538830926,Cc1oc(-c2ccccc2)nc1CO,,,,"MolVec 0.9.8 (git b412dd0, Maven Central)",0.2526386249810457
uob,maybridge-0385-561551416,Cc1nc(-c2ccccc2)c(CO)s1,,,,"MolVec 0.9.8 (git b412dd0, Maven Central)",0.23198304395191371
uob,maybridge-0385-80639619,Cc1oc(-c2ccccc2)nc1CCO,,,,"MolVec 0.9.8 (git b412dd0, Maven Central)",0.29416295187547803
uob,maybridge-0385-826165853,Cc1nc(-c2ccccc2)sc1CO,,,,"MolVec 0.9.8 (git b412dd0, Maven Central)",0.2626445759087801
uob,maybridge-0385-847652423,Cc1nc(CO)cs1,,,,"MolVec 0.9.8 (git b412dd0, Maven Central)",0.13136426894925535
uob,maybridge-0385-874817505,OCc1csc(-c2ccc(C(F)(F)F)cc2)n1,,,,"MolVec 0.9.8 (git b412dd0, Maven Central)",0.3681158069521189
uob,maybridge-0385-928840397,OCc1nccs1,,,,"MolVec 0.9.8 (git b412dd0, Maven Central)",0.10531485616229475
uob,maybridge-0385-956483029,OCc1csc(-c2cccnc2)n1,,,,"MolVec 0.9.8 (git b412dd0, Maven Central)",0.2671109710354358
uob,maybridge-0386-102390459,CC(C)(C)OC(=O)N1CCC(c2nc(CO)cs2)CC1,,,,"MolVec 0.9.8 (git b412dd0, Maven Central)",0.42484215600416064
uob,maybridge-0386-266910023,OCc1cc(F)cc(F)c1,,,,"MolVec 0.9.8 (git b412dd0, Maven Central)",0.18628259003162384
uob,maybridge-0386-533217681,OCc1cccc(-n2cccc2)c1,,,,"MolVec 0.9.8 (git b412dd0, Maven Central)",0.2137944318819791
uob,maybridge-0386-601293773,OCc1c(F)cccc1Cl,,,,"MolVec 0.9.8 (git b412dd0, Maven Central)",0.1825013579800725
uob,maybridge-0386-627540606,O=C(O)C(O)c1ccccc1,,,,"MolVec 0.9.8 (git b412dd0, Maven Central)",0.18076011002995074
uob,maybridge-0386-764451753,OCc1sc(-c2ccccc2)nc1-c1ccccc1,,,,"MolVec 0.9.8 (git b412dd0, Maven Central)",0.4528147440869361
uob,maybridge-0386-862805690,Cc1nc(C2CCN(C(=O)OC(C)(C)C)CC2)sc1CO,,,,"MolVec 0.9.8 (git b412dd0, Maven Central)",0.3270310719963163
uob,maybridge-0386-896344751,OCc1ccccc1-n1cccc1,,,,"MolVec 0.9.8 (git b412dd0, Maven Central)",0.16419474384747446
uob,maybridge-0386-896556208,OCc1snnc1-c1ccccc1,,,,"MolVec 0.9.8 (git b412dd0, Maven Central)",0.25847731018438935
uob,maybridge-0386-943942163,Cc1nc(CCO)cs1,,,,"MolVec 0.9.8 (git b412dd0, Maven Central)",0.1342337979003787
uob,maybridge-0386-970847227,Cc1nc(-c2ccc(C(F)(F)F)cc2)sc1CO,,,,"MolVec 0.9.8 (git b412dd0, Maven Central)",0.3588973809964955
uob,maybridge-0387-335914754,OCc1ccc(-n2cncn2)cc1,,,,"MolVec 0.9.8 (git b412dd0, Maven Central)",0.1746290368027985
uob,maybridge-0387-490580330,OCc1ccc(-n2cccc2)cc1,,,,"MolVec 0.9.8 (git b412dd0, Maven Central)",0.1717822898644954
uob,maybridge-0387-557306637,OCc1ccccc1-n1cccn1,,,,"MolVec 0.9.8 (git b412dd0, Maven Central)",0.16891752812080085
uob,maybridge-0387-592017777,OCc1cccc(-n2cncn2)c1,,,,"MolVec 0.9.8 (git b412dd0, Maven Central)",0.18386744195595384
uob,maybridge-0387-648707942,OCc1ccc(-n2ccnc2)cc1,,,,"MolVec 0.9.8 (git b412dd0, Maven Central)",0.18099665991030633
uob,maybridge-0387-670861709,OCc1cccc(-c2ccco2)c1,,,,"MolVec 0.9.8 (git b412dd0, Maven Central)",0.25927538494579494
uob,maybridge-0387-750096432,OCc1ccc(-c2ccco2)cc1,,,,"MolVec 0.9.8 (git b412dd0, Maven Central)",0.20784570719115436
uob,maybridge-0387-793196219,OCc1cccc(-n2cccn2)c1,,,,"MolVec 0.9.8 (git b412dd0, Maven Central)",0.16699687601067126
uob,maybridge-0387-89513,OCc1ccccc1-c1ccco1,,,,"MolVec 0.9.8 (git b412dd0, Maven Central)",0.23360837996006012
uob,maybridge-0387-927135498,OCc1ccccc1N1CCCC1,,,,"MolVec 0.9.8 (git b412dd0, Maven Central)",0.18460795702412724
uob,maybridge-0387-983136944,OCc1ccc(-n2cccn2)cc1,,,,"MolVec 0.9.8 (git b412dd0, Maven Central)",0.17625752999447286
uob,maybridge-0387-984531291,OCc1cccc(N2CCCC2)c1,,,,"MolVec 0.9.8 (git b412dd0, Maven Central)",0.1724465829320252
uob,maybridge-0388-1046498725,OCc1ccc(-c2ccncc2)cc1,,,,"MolVec 0.9.8 (git b412dd0, Maven Central)",0.2443739310838282
uob,maybridge-0388-192246668,OC1=O(Cl)C2=C(C=CC=C2)C1O,,,,"MolVec 0.9.8 (git b412dd0, Maven Central)",0.21725669503211975
uob,maybridge-0388-202433208,OCc1cccc(Cn2ccnc2)c1,,,,"MolVec 0.9.8 (git b412dd0, Maven Central)",0.2534380948636681
uob,maybridge-0388-230576419,OCc1ccc(N2CCCC2)cc1,,,,"MolVec 0.9.8 (git b412dd0, Maven Central)",0.1713057120796293
uob,maybridge-0388-258642166,OCc1ccc(-c2cncnc2)cc1,,,,"MolVec 0.9.8 (git b412dd0, Maven Central)",0.20539426989853382
uob,maybridge-0388-433807668,Cc1ccc(C)c(C(O)C(=O)O)c1,,,,"MolVec 0.9.8 (git b412dd0, Maven Central)",0.19050059001892805
uob,maybridge-0388-541390190,OCc1ccc(-c2ccccn2)cc1,,,,"MolVec 0.9.8 (git b412dd0, Maven Central)",0.2578737512230873
uob,maybridge-0388-645076867,OCc1ccc(-c2cccnc2)cc1,,,,"MolVec 0.9.8 (git b412dd0, Maven Central)",0.24772704299539328
uob,maybridge-0388-677388609,OCc1ccccc1-c1cccnc1,,,,"MolVec 0.9.8 (git b412dd0, Maven Central)",0.23106484184972942
uob,maybridge-0388-701503153,OCc1cccc(-c2cncnc2)c1,,,,"MolVec 0.9.8 (git b412dd0, Maven Central)",0.20191787485964596
uob,maybridge-0388-790581565,[O-]Cc1cccc(-c2ccncc2)c1,,,,"MolVec 0.9.8 (git b412dd0, Maven Central)",0.22318497602827847
uob,maybridge-0388-946274847,OCc1cccc(-c2cccnc2)c1,,,,"MolVec 0.9.8 (git b412dd0, Maven Central)",0.23596977698616683
uob,maybridge-0389-1061850861,OCc1ccc(Cn2cccn2)cc1,,,,"MolVec 0.9.8 (git b412dd0, Maven Central)",0.1746087938081473
uob,maybridge-0389-209880127,OCc1cccc(Cn2cccn2)c1,,,,"MolVec 0.9.8 (git b412dd0, Maven Central)",0.24239804688841105
uob,maybridge-0389-412988051,OCc1ccccc1Cn1cncn1,,,,"MolVec 0.9.8 (git b412dd0, Maven Central)",0.2672067361418158
uob,maybridge-0389-431489274,Cc1noc(-c2ccc(CO)cc2)n1,,,,"MolVec 0.9.8 (git b412dd0, Maven Central)",0.24702794407494366
uob,maybridge-0389-465732533,Cc1noc(-c2ccccc2CO)n1,,,,"MolVec 0.9.8 (git b412dd0, Maven Central)",0.2549816349055618
uob,maybridge-0389-501330862,Cc1nc(-c2cccc(CO)c2)no1,,,,"MolVec 0.9.8 (git b412dd0, Maven Central)",0.21468964708037674
uob,maybridge-0389-758843250,OCc1ccc(Cn2ccnc2)cc1,,,,"MolVec 0.9.8 (git b412dd0, Maven Central)",0.23123902804218233
uob,maybridge-0389-784583003,OCc1cccc(Cn2cncn2)c1,,,,"MolVec 0.9.8 (git b412dd0, Maven Central)",0.24079317995347083
uob,maybridge-0389-805878656,Cc1nc(-c2ccc(CO)cc2)no1,,,,"MolVec 0.9.8 (git b412dd0, Maven Central)",0.23792274110019207
uob,maybridge-0389-89426572,OCc1ccc(Cn2cncn2)cc1,,,,"MolVec 0.9.8 (git b412dd0, Maven Central)",0.18913793796673417
uob,maybridge-0390-1013443601,OCc1ccccc1N1CCOCC1,,,,"MolVec 0.9.8 (git b412dd0, Maven Central)",0.17077036504633725
uob,maybridge-0390-1041338917,OCc1ccc(-c2ccsc2)cc1,,,,"MolVec 0.9.8 (git b412dd0, Maven Central)",0.17548524518497288
uob,maybridge-0390-1050519866,OCc1ccccc1-c1cccs1,,,,"MolVec 0.9.8 (git b412dd0, Maven Central)",0.2609879549127072
uob,maybridge-0390-173542653,OCc1ccc(N2CCCCC2)cc1,,,,"MolVec 0.9.8 (git b412dd0, Maven Central)",0.2092256040778011
uob,maybridge-0390-215490846,OCc1cccc(N2CCCCC2)c1,,,,"MolVec 0.9.8 (git b412dd0, Maven Central)",0.17857491713948548
uob,maybridge-0390-226536570,OCc1cccc(-c2cccs2)c1,,,,"MolVec 0.9.8 (git b412dd0, Maven Central)",0.2308639211114496
uob,maybridge-0390-233449857,OCc1cccc(-c2nccs2)c1,,,,"MolVec 0.9.8 (git b412dd0, Maven Central)",0.18115106597542763
uob,maybridge-0390-546380650,OCc1ccc(CN2CCCC2)cc1,,,,"MolVec 0.9.8 (git b412dd0, Maven Central)",0.15513424994423985
uob,maybridge-0390-636175745,OCc1ccc(-c2cccs2)cc1,,,,"MolVec 0.9.8 (git b412dd0, Maven Central)",0.2167081730440259
uob,maybridge-0390-806235801,OCc1ccc(-c2nccs2)cc1,,,,"MolVec 0.9.8 (git b412dd0, Maven Central)",0.21945706009864807
uob,maybridge-0390-985716734,OCc1cccc(-c2ccsc2)c1,,,,"MolVec 0.9.8 (git b412dd0, Maven Central)",0.23055446799844503
uob,maybridge-0390-997892703,OCc1cccc(CN2CCCC2)c1,,,,"MolVec 0.9.8 (git b412dd0, Maven Central)",0.13473077700473368
uob,maybridge-0391-1013687739,OCc1cccc(N2CCOCC2)c1,,,,"MolVec 0.9.8 (git b412dd0, Maven Central)",0.24093499104492366
uob,maybridge-0391-1056287084,OCc1cccc(Oc2ccccn2)c1,,,,"MolVec 0.9.8 (git b412dd0, Maven Central)",0.23508367384783924
uob,maybridge-0391-262017862,OCc1ccc(N2CCOCC2)cc1,,,,"MolVec 0.9.8 (git b412dd0, Maven Central)",0.23255919595248997
uob,maybridge-0391-328746827,Cc1nc(-c2ccc(CO)cc2)cs1,,,,"MolVec 0.9.8 (git b412dd0, Maven Central)",0.26903945999220014
uob,maybridge-0391-386476305,COc1ccc(CO)c(Cl)c1OC,,,,"MolVec 0.9.8 (git b412dd0, Maven Central)",0.1845749318599701
uob,maybridge-0391-393694049,CN(C)CCOc1ccccc1CO,,,,"MolVec 0.9.8 (git b412dd0, Maven Central)",0.21964669995941222
uob,maybridge-0391-402844346,OCc1ccccc1Oc1ccccc1,,,,"MolVec 0.9.8 (git b412dd0, Maven Central)",0.1963526690378785
uob,maybridge-0391-460484291,OCc1ccc(Oc2ccccn2)cc1,,,,"MolVec 0.9.8 (git b412dd0, Maven Central)",0.21784047898836434
uob,maybridge-0391-50522020,Cc1nc(-c2cccc(CO)c2)cs1,,,,"MolVec 0.9.8 (git b412dd0, Maven Central)",0.2527406772132963
uob,maybridge-0391-7074587,OCc1c(F)c(F)c(F)c(F)c1F,,,,"MolVec 0.9.8 (git b412dd0, Maven Central)",0.21842260006815195
uob,maybridge-0391-952789757,OCc1ccc(Oc2ccccc2)cc1,,,,"MolVec 0.9.8 (git b412dd0, Maven Central)",0.1866392728406936
uob,maybridge-0391-974488421,CN(C)CCOc1ccc(CO)cc1,,,,"MolVec 0.9.8 (git b412dd0, Maven Central)",0.22769776894710958
uob,maybridge-0392-1013687739,CN1CCN(c2ccccc2CO)CC1,,,,"MolVec 0.9.8 (git b412dd0, Maven Central)",0.1648642721120268
uob,maybridge-0392-1042256969,OCc1cccc(CN2CCCCC2)c1,,,,"MolVec 0.9.8 (git b412dd0, Maven Central)",0.2069761271122843
uob,maybridge-0392-1056287084,CN1CCN(Cc2cccc(CO)c2)CC1,,,,"MolVec 0.9.8 (git b412dd0, Maven Central)",0.16787014994770288
uob,maybridge-0392-262017862,OCc1ccccc1CN1CCOCC1,,,,"MolVec 0.9.8 (git b412dd0, Maven Central)",0.20369986398145556
uob,maybridge-0392-393694049,OCc1ccc(CN2CCOCC2)cc1,,,,"MolVec 0.9.8 (git b412dd0, Maven Central)",0.2108915289863944
uob,maybridge-0392-402844346,OCc1cccc(COc2ccccc2)c1,,,,"MolVec 0.9.8 (git b412dd0, Maven Central)",0.26753698009997606
uob,maybridge-0392-7074587,OCc1ccccc1COc1ccccc1,,,,"MolVec 0.9.8 (git b412dd0, Maven Central)",0.25442770309746265
uob,maybridge-0392-811005367,CN1CCN(c2ccc(CO)cc2)CC1,,,,"MolVec 0.9.8 (git b412dd0, Maven Central)",0.18945910898037255
uob,maybridge-0392-952789757,CN1CCCN(c2ccc(CO)cc2)CC1,,,,"MolVec 0.9.8 (git b412dd0, Maven Central)",0.28354270406998694
uob,maybridge-0392-95679130,OCc1ccc(CN2CCCCC2)cc1,,,,"MolVec 0.9.8 (git b412dd0, Maven Central)",0.15572693501599133
uob,maybridge-0392-974488421,OCc1cccc(CN2CCOCC2)c1,,,,"MolVec 0.9.8 (git b412dd0, Maven Central)",0.2012565489858389
uob,maybridge-0393-1001307775,CN1CCN(Cc2ccccc2CO)CC1,,,,"MolVec 0.9.8 (git b412dd0, Maven Central)",0.1964180050417781
uob,maybridge-0393-1016160499,CC(C)(C)OC(=O)NCc1ccc(CO)cc1,,,,"MolVec 0.9.8 (git b412dd0, Maven Central)",0.2369361100718379
uob,maybridge-0393-146409265,NNC(=O)C(O)(c1ccccc1)c1ccccc1,,,,"MolVec 0.9.8 (git b412dd0, Maven Central)",0.35146399191580713
uob,maybridge-0393-279308574,CN1CCCN(Cc2ccc(CO)cc2)CC1,,,,"MolVec 0.9.8 (git b412dd0, Maven Central)",0.23842042195610702
uob,maybridge-0393-318002702,OCc1cc(O)ccc1I,,,,"MolVec 0.9.8 (git b412dd0, Maven Central)",0.12536142207682133
uob,maybridge-0393-405740801,CC(C)(C)OC(=O)NCc1cccc(CO)c1,,,,"MolVec 0.9.8 (git b412dd0, Maven Central)",0.25356327393092215
uob,maybridge-0393-447064713,OCc1cccc(OCCN2CCOCC2)c1,,,,"MolVec 0.9.8 (git b412dd0, Maven Central)",0.16889653797261417
uob,maybridge-0393-741742085,NC(=O)C1CCN(CC(O)c2ccccc2)CC1,,,,"MolVec 0.9.8 (git b412dd0, Maven Central)",0.2692652309779078
uob,maybridge-0393-746974683,OCc1ccccc1OCCN1CCOCC1,,,,"MolVec 0.9.8 (git b412dd0, Maven Central)",0.26075214613229036
uob,maybridge-0393-911998718,CN1CCN(Cc2ccc(CO)cc2)CC1,,,,"MolVec 0.9.8 (git b412dd0, Maven Central)",0.15912635810673237
uob,maybridge-0393-983523342,OCc1ccc(OCCN2CCOCC2)cc1,,,,"MolVec 0.9.8 (git b412dd0, Maven Central)",0.2051273889373988
uob,maybridge-0394-1009083617,CC(C)(C)OC(=O)N1CCN(c2ccc(CO)cc2)CC1,,,,"MolVec 0.9.8 (git b412dd0, Maven Central)",0.3129987439606339
uob,maybridge-0394-242598031,CC(C)(C)OC(=O)N1CCN(Cc2cccc(CO)c2)CC1,,,,"MolVec 0.9.8 (git b412dd0, Maven Central)",0.3806863611098379
uob,maybridge-0394-487907403,OCc1ccc(I)c(O)c1,,,,"MolVec 0.9.8 (git b412dd0, Maven Central)",0.19595020404085517
uob,maybridge-0394-518324776,CC(C)(C)OC(=O)N1CCN(Cc2ccc(CO)cc2)CC1,,,,"MolVec 0.9.8 (git b412dd0, Maven Central)",0.40308852796442807
uob,maybridge-0394-645886110,OCc1cc(C(F)(F)F)ccc1N1CCOCC1,,,,"MolVec 0.9.8 (git b412dd0, Maven Central)",0.27479282417334616
uob,maybridge-0394-713878886,OCCc1ccc(O)cc1,,,,"MolVec 0.9.8 (git b412dd0, Maven Central)",0.18020303407683969
uob,maybridge-0394-743211019,CC(C)(C)OC(=O)N1CCN(c2ccccc2CO)CC1,,,,"MolVec 0.9.8 (git b412dd0, Maven Central)",0.2632886818610132
uob,maybridge-0394-91489977,O=[N+]([O-])c1ccc(C(O)CNCc2ccccc2)cc1,,,,"MolVec 0.9.8 (git b412dd0, Maven Central)",0.24992577522061765
uob,maybridge-0394-966328504,O=[N+]([O-])c1cc(CO)ccc1N1CCOCC1,,,,"MolVec 0.9.8 (git b412dd0, Maven Central)",0.2389656740706414
uob,maybridge-0395-151138024,Cc1cccc(CO)n1,,,,"MolVec 0.9.8 (git b412dd0, Maven Central)",0.1687073230277747
uob,maybridge-0395-190410422,Nc1ccc(S(=O)(=O)NCCO)cc1,,,,"MolVec 0.9.8 (git b412dd0, Maven Central)",0.20702535402961075
uob,maybridge-0395-409586475,CC(=O)Nc1ccc(S(=O)NCCO)cc1,,,,"MolVec 0.9.8 (git b412dd0, Maven Central)",0.22813099692575634
uob,maybridge-0395-420694735,CC(F)(F)C1CCC(O)CC1,,,,"MolVec 0.9.8 (git b412dd0, Maven Central)",0.27117301197722554
uob,maybridge-0395-479458456,OCCCc1ccc(Cl)cc1,,,,"MolVec 0.9.8 (git b412dd0, Maven Central)",0.19070608401671052
uob,maybridge-0395-508821865,OCCc1ccc(Br)cc1,,,,"MolVec 0.9.8 (git b412dd0, Maven Central)",0.1807764540426433
uob,maybridge-0395-605071582,Nc1ccc(CO)cn1,,,,"MolVec 0.9.8 (git b412dd0, Maven Central)",0.13362833601422608
uob,maybridge-0395-673979974,Bc1ccc(CCO)cc1,,,,"MolVec 0.9.8 (git b412dd0, Maven Central)",0.16286804107949138
uob,maybridge-0395-820559784,OCc1ncccc1F,,,,"MolVec 0.9.8 (git b412dd0, Maven Central)",0.14787482400424778
uob,maybridge-0395-924207167,CC1(C)CCC(O)CC1,,,,"MolVec 0.9.8 (git b412dd0, Maven Central)",0.12854283396154642
uob,maybridge-0395-945210413,O=C(CO)c1ccc(Br)cc1,,,,"MolVec 0.9.8 (git b412dd0, Maven Central)",0.2310182370711118
uob,maybridge-0395-985748688,OCc1ccncc1,,,,"MolVec 0.9.8 (git b412dd0, Maven Central)",0.14751708204858005
uob,maybridge-0396-1031275971,OCc1ccc(-c2ccccc2)nc1,,,,"MolVec 0.9.8 (git b412dd0, Maven Central)",0.27076589688658714
uob,maybridge-0396-243738551,OCc1cccnc1N1CCCCC1,,,,"MolVec 0.9.8 (git b412dd0, Maven Central)",0.17425330798141658
uob,maybridge-0396-262963372,CCN(CC)c1ccc(CO)cn1,,,,"MolVec 0.9.8 (git b412dd0, Maven Central)",0.18452019290998578
uob,maybridge-0396-321610131,OCc1ccnc(N2CCCC2)c1,,,,"MolVec 0.9.8 (git b412dd0, Maven Central)",0.2626091670244932
uob,maybridge-0396-332061777,OCc1cc(Cl)nc(Cl)c1,,,,"MolVec 0.9.8 (git b412dd0, Maven Central)",0.18522210093215108
uob,maybridge-0396-421368604,OCc1ccc(N2CCCC2)nc1,,,,"MolVec 0.9.8 (git b412dd0, Maven Central)",0.19727183086797595
uob,maybridge-0396-610766996,OCc1ccc(N2CCCCC2)nc1,,,,"MolVec 0.9.8 (git b412dd0, Maven Central)",0.20245228591375053
uob,maybridge-0396-636578029,OCc1cccnc1Cl,,,,"MolVec 0.9.8 (git b412dd0, Maven Central)",0.11940050590783358
uob,maybridge-0396-678601898,OCc1ccc(Br)cn1,,,,"MolVec 0.9.8 (git b412dd0, Maven Central)",0.16291815298609436
uob,maybridge-0396-716752019,OCc1cccc(N2CCCCC2)n1,,,,"MolVec 0.9.8 (git b412dd0, Maven Central)",0.18749113008379936
uob,maybridge-0396-865697611,OCc1ccc(-c2cccs2)nc1,,,,"MolVec 0.9.8 (git b412dd0, Maven Central)",0.2482007839716971
uob,maybridge-0396-954394294,OCc1cccnc1N1CCCC1,,,,"MolVec 0.9.8 (git b412dd0, Maven Central)",0.21879881899803877
uob,maybridge-0397-1046022676,OCc1ccc(Oc2ccccc2)nc1,,,,"MolVec 0.9.8 (git b412dd0, Maven Central)",0.23789927596226335
uob,maybridge-0397-1066409651,O=[N+]([O-])c1ccc(OCCO)nc1,,,,"MolVec 0.9.8 (git b412dd0, Maven Central)",0.19463933794759214
uob,maybridge-0397-206871372,OCc1cnccn1,,,,"MolVec 0.9.8 (git b412dd0, Maven Central)",0.10829120315611362
uob,maybridge-0397-232936814,OCc1cccnc1N1CCOCC1,,,,"MolVec 0.9.8 (git b412dd0, Maven Central)",0.1879278770647943
uob,maybridge-0397-281809593,CC(C)(C)OC(=O)N1CCN(c2ccc(CO)cn2)CC1,,,,"MolVec 0.9.8 (git b412dd0, Maven Central)",0.31619312800467014
uob,maybridge-0397-29261136,OCc1ccnc(N2CCCCC2)c1,,,,"MolVec 0.9.8 (git b412dd0, Maven Central)",0.209389888914302
uob,maybridge-0397-507334093,OCc1ccnc(N2CCOCC2)c1,,,,"MolVec 0.9.8 (git b412dd0, Maven Central)",0.22050368785858154
uob,maybridge-0397-512705722,OCCc1cccnc1,,,,"MolVec 0.9.8 (git b412dd0, Maven Central)",0.16386753693223
uob,maybridge-0397-756328691,Cc1nc(-c2ccccc2)ncc1CO,,,,"MolVec 0.9.8 (git b412dd0, Maven Central)",0.24668072909116745
uob,maybridge-0397-949126637,OCc1ccc(N2CCOCC2)nc1,,,,"MolVec 0.9.8 (git b412dd0, Maven Central)",0.23874355107545853
uob,maybridge-0398-1043337195,OCC1CCNCC1,,,,"MolVec 0.9.8 (git b412dd0, Maven Central)",0.13900410803034902
uob,maybridge-0398-290630051,OC1CCCN(Cc2ccccc2)C1,,,,"MolVec 0.9.8 (git b412dd0, Maven Central)",0.21149444882757962
uob,maybridge-0398-366814048,OC1(c2ccc(Cl)cc2)CCNCC1,,,,"MolVec 0.9.8 (git b412dd0, Maven Central)",0.2408117090817541
uob,maybridge-0398-373147472,OC1CC(c2ccccc2)NC2(CCCC2)C1,,,,"MolVec 0.9.8 (git b412dd0, Maven Central)",0.3065319019369781
uob,maybridge-0398-588617672,OCC1CCN(Cc2ccccc2)CC1,,,,"MolVec 0.9.8 (git b412dd0, Maven Central)",0.2222945720423013
uob,maybridge-0398-679358552,O=C(OCc1ccccc1)N1CCCC(O)C1,,,,"MolVec 0.9.8 (git b412dd0, Maven Central)",0.2742730649188161
uob,maybridge-0398-843498134,Cc1cncc(N2CCC(CO)CC2)n1,,,,"MolVec 0.9.8 (git b412dd0, Maven Central)",0.1903863528277725
uob,maybridge-0398-917954349,OC1CCN(c2nccc(C(F)(F)F)n2)CC1,,,,"MolVec 0.9.8 (git b412dd0, Maven Central)",0.21888007293455303
uob,maybridge-0398-979051207,O=C(OCc1ccccc1)N1CCC(O)CC1,,,,"MolVec 0.9.8 (git b412dd0, Maven Central)",0.29501831717789173
uob,maybridge-0399-1040233662,OCCN1CCN(c2nccc(C(F)(F)F)n2)CC1,,,,"MolVec 0.9.8 (git b412dd0, Maven Central)",0.30846548289991915
uob,maybridge-0399-190713583,O=C(OCc1ccccc1)N1CCC(CO)CC1,,,,"MolVec 0.9.8 (git b412dd0, Maven Central)",0.3714504740200937
uob,maybridge-0399-243930583,CC(C)(C)OC(=O)N1CCN(CCO)CC1,,,,"MolVec 0.9.8 (git b412dd0, Maven Central)",0.26415699697099626
uob,maybridge-0399-263029288,CN1CCN(C)C(CO)C1,,,,"MolVec 0.9.8 (git b412dd0, Maven Central)",0.14077288401313126
uob,maybridge-0399-466561903,O=[N+]([O-])c1cccnc1N1CCN(CCO)CC1,,,,"MolVec 0.9.8 (git b412dd0, Maven Central)",0.2366901400964707
uob,maybridge-0399-729449839,O=C(OCc1ccccc1)N1CCCC(CO)C1,,,,"MolVec 0.9.8 (git b412dd0, Maven Central)",0.31850299099460244
uob,maybridge-0399-827277597,OCCN1CCN(c2ncc(Cl)cc2C(F)(F)F)CC1,,,,"MolVec 0.9.8 (git b412dd0, Maven Central)",0.3497789229732007
uob,maybridge-0399-913840312,OCCN1CCN(c2ncc(C(F)(F)F)cc2Cl)CC1,,,,"MolVec 0.9.8 (git b412dd0, Maven Central)",0.31491345283575356
uob,maybridge-0399-987934080,CC(C)(C)OC(=O)N1CCC(CCCO)CC1,,,,"MolVec 0.9.8 (git b412dd0, Maven Central)",0.2990997969172895
uob,maybridge-0400-21921812,Cn1c(CO)cc2sccc21,,,,"MolVec 0.9.8 (git b412dd0, Maven Central)",0.1811154109891504
uob,maybridge-0400-242912388,OC1CCSCC1,,,,"MolVec 0.9.8 (git b412dd0, Maven Central)",0.11447074892930686
uob,maybridge-0400-279782784,OCC1CN(Cc2ccccc2)CCO1,,,,"MolVec 0.9.8 (git b412dd0, Maven Central)",0.2812490260694176
uob,maybridge-0400-285540197,Cc1nn(C)c2sc(CO)cc12,,,,"MolVec 0.9.8 (git b412dd0, Maven Central)",0.21363400504924357
uob,maybridge-0400-579619690,OCC1CCOCC1,,,,"MolVec 0.9.8 (git b412dd0, Maven Central)",0.11824001907370985
uob,maybridge-0400-647147899,O=C(O)C1CC2CC1CCC2O,,,,"MolVec 0.9.8 (git b412dd0, Maven Central)",0.2309883451089263
uob,maybridge-0400-670822303,OCCN1CCCNCC1,,,,"MolVec 0.9.8 (git b412dd0, Maven Central)",0.16534794494509697
uob,maybridge-0400-919197803,Cn1c(CO)cc2occc21,,,,"MolVec 0.9.8 (git b412dd0, Maven Central)",0.1928771799430251
uob,maybridge-0400-955148007,OCc1cn2ccsc2n1,,,,"MolVec 0.9.8 (git b412dd0, Maven Central)",0.1412162920460105
uob,maybridge-0401-197628517,Cn1ccc2cc(CO)ccc21,,,,"MolVec 0.9.8 (git b412dd0, Maven Central)",0.20056174998171628
uob,maybridge-0401-214445705,Cn1nc(CO)c2ccccc21,,,,"MolVec 0.9.8 (git b412dd0, Maven Central)",0.25406207190826535
uob,maybridge-0401-214794500,OCCCc1nc2cc(NF)ccc2[nH]1,,,,"MolVec 0.9.8 (git b412dd0, Maven Central)",0.3437603651545942
uob,maybridge-0401-260423857,Cn1ccc2ccc(CO)cc21,,,,"MolVec 0.9.8 (git b412dd0, Maven Central)",0.22124356403946877
uob,maybridge-0401-32658327,OCc1c[nH]c2ccccc12,,,,"MolVec 0.9.8 (git b412dd0, Maven Central)",0.2749405619688332
uob,maybridge-0401-441342552,Cn1ccc2c(CO)cccc21,,,,"MolVec 0.9.8 (git b412dd0, Maven Central)",0.1703031591605395
uob,maybridge-0401-485319513,OCc1cccc2[nH]ccc12,,,,"MolVec 0.9.8 (git b412dd0, Maven Central)",0.254939311882481
uob,maybridge-0401-486587309,OCc1ccc2[nH]cnc2c1,,,,"MolVec 0.9.8 (git b412dd0, Maven Central)",0.19345637690275908
uob,maybridge-0401-627454327,O=S(=O)(c1ccccc1)n1cc(CO)c2ccccc21,,,,"MolVec 0.9.8 (git b412dd0, Maven Central)",0.3809072128497064
uob,maybridge-0401-738379370,O=S(=O)(c1ccccc1)n1c(CO)cc2ccccc21,,,,"MolVec 0.9.8 (git b412dd0, Maven Central)",0.3580460308585316
uob,maybridge-0401-946649085,OCc1cn2ccccc2n1,,,,"MolVec 0.9.8 (git b412dd0, Maven Central)",0.18620985699817538
uob,maybridge-0401-985950255,Cn1nc2ccccc2c1CO,,,,"MolVec 0.9.8 (git b412dd0, Maven Central)",0.24522782396525145
uob,maybridge-0402-1049042464,O=C(OCc1ccccc1)N1c2ccccc2CC1CO,,,,"MolVec 0.9.8 (git b412dd0, Maven Central)",0.40115398704074323
uob,maybridge-0402-137524814,CC(C)(C)OC(=O)N1c2ccccc2CC1CO,,,,"MolVec 0.9.8 (git b412dd0, Maven Central)",0.38636447093449533
uob,maybridge-0402-234160464,Cn1nnc2cc(CO)ccc21,,,,"MolVec 0.9.8 (git b412dd0, Maven Central)",0.15610949601978064
uob,maybridge-0402-287350448,OCc1ccc2occc2c1,,,,"MolVec 0.9.8 (git b412dd0, Maven Central)",0.18573737516999245
uob,maybridge-0402-345358189,Cc1nc2ccccn2c1CO,,,,"MolVec 0.9.8 (git b412dd0, Maven Central)",0.17024842998944223
uob,maybridge-0402-415993128,OCCc1coc2ccccc12,,,,"MolVec 0.9.8 (git b412dd0, Maven Central)",0.2784038030076772
uob,maybridge-0402-709706342,OCc1cc2cc(Br)ccc2o1,,,,"MolVec 0.9.8 (git b412dd0, Maven Central)",0.16748457215726376
uob,maybridge-0402-775359349,OCC1Cc2ccccc2N1,,,,"MolVec 0.9.8 (git b412dd0, Maven Central)",0.22427761903963983
uob,maybridge-0402-798064743,OCc1ccc2nccn2c1,,,,"MolVec 0.9.8 (git b412dd0, Maven Central)",0.23256025789305568
uob,maybridge-0402-921601015,OCc1cc2ccccc2o1,,,,"MolVec 0.9.8 (git b412dd0, Maven Central)",0.2660592240281403
uob,maybridge-0403-128033819,OCc1cccc2nonc12,,,,"MolVec 0.9.8 (git b412dd0, Maven Central)",0.20843194890767336
uob,maybridge-0403-318760376,Cc1ccc2sc(CO)cc2c1,,,,"MolVec 0.9.8 (git b412dd0, Maven Central)",0.24629345699213445
uob,maybridge-0403-3222940,OCc1csc2ccccc12,,,,"MolVec 0.9.8 (git b412dd0, Maven Central)",0.27474080584943295
uob,maybridge-0403-370457871,OCc1cccc2c1OCO2,,,,"MolVec 0.9.8 (git b412dd0, Maven Central)",0.18882667599245906
uob,maybridge-0403-471688862,OCc1ccc2sccc2c1,,,,"MolVec 0.9.8 (git b412dd0, Maven Central)",0.22691960004158318
uob,maybridge-0403-493711857,OCc1csc2ccc(Cl)cc12,,,,"MolVec 0.9.8 (git b412dd0, Maven Central)",0.22513541718944907
uob,maybridge-0403-582333309,OCc1cccc2c1OCC2,,,,"MolVec 0.9.8 (git b412dd0, Maven Central)",0.20457952097058296
uob,maybridge-0403-669839402,OCCc1ccc2c(c1)OCO2,,,,"MolVec 0.9.8 (git b412dd0, Maven Central)",0.17222601687535644
uob,maybridge-0403-716039308,CC1(C)Cc2cccc(CO)c2O1,,,,"MolVec 0.9.8 (git b412dd0, Maven Central)",0.21959409397095442
uob,maybridge-0403-760837338,OCc1cc2ccccc2s1,,,,"MolVec 0.9.8 (git b412dd0, Maven Central)",0.26302840118296444
uob,maybridge-0403-800338209,OCC1Cc2ccccc2O1,,,,"MolVec 0.9.8 (git b412dd0, Maven Central)",0.24476788099855185
uob,maybridge-0403-948030493,OCc1csc2ccc(Br)cc12,,,,"MolVec 0.9.8 (git b412dd0, Maven Central)",0.26600069599226117
uob,maybridge-0404-1003136981,OCc1ccc2nonc2c1,,,,"MolVec 0.9.8 (git b412dd0, Maven Central)",0.15646215085871518
uob,maybridge-0404-1070247608,OCc1cccc2cccc(Br)c12,,,,"MolVec 0.9.8 (git b412dd0, Maven Central)",0.19171412591822445
uob,maybridge-0404-378470770,CC12CCC(CC1=O)C2(C)O,,,,"MolVec 0.9.8 (git b412dd0, Maven Central)",0.2151746740564704
uob,maybridge-0404-4141629,COc1ccc2nc(Cl)c(CO)cc2c1,,,,"MolVec 0.9.8 (git b412dd0, Maven Central)",0.24822042393498123
uob,maybridge-0404-628247432,OCc1cc2ccccc2nc1Cl,,,,"MolVec 0.9.8 (git b412dd0, Maven Central)",0.187362837838009
uob,maybridge-0404-629884998,OCc1scc2c1OCCO2,,,,"MolVec 0.9.8 (git b412dd0, Maven Central)",0.16119334986433387
uob,maybridge-0404-809037721,OCc1cc2cccnc2s1,,,,"MolVec 0.9.8 (git b412dd0, Maven Central)",0.1916781789623201
uob,maybridge-0404-863149217,OCc1nc2ccccc2s1,,,,"MolVec 0.9.8 (git b412dd0, Maven Central)",0.24954573903232813
uob,maybridge-0404-884509145,OCc1ccc2ccccc2n1,,,,"MolVec 0.9.8 (git b412dd0, Maven Central)",0.1865736769977957
uob,maybridge-0404-999405397,OCc1ccc2nsnc2c1,,,,"MolVec 0.9.8 (git b412dd0, Maven Central)",0.15966504905372858
uob,maybridge-0405-120257093,OCC1COc2ccccc2C1,,,,"MolVec 0.9.8 (git b412dd0, Maven Central)",0.18644886906258762
uob,maybridge-0405-13943814,Nc1nc(N)c2nc(CO)cnc2n1,,,,"MolVec 0.9.8 (git b412dd0, Maven Central)",0.26082303607836366
uob,maybridge-0405-151937917,C=CC1C[N@+]2(CC(O)C3=CC=N[C@@]45C=CC(OC)=CC34C5)CCC12,,,,"MolVec 0.9.8 (git b412dd0, Maven Central)",0.5790116679854691
uob,maybridge-0405-209672397,OCC1CCCN2CCCCC12,,,,"MolVec 0.9.8 (git b412dd0, Maven Central)",0.17134240386076272
uob,maybridge-0405-253070536,CN(CCO)c1cc(C(F)(F)F)nc2ccccc12,,,,"MolVec 0.9.8 (git b412dd0, Maven Central)",0.37214408116415143
uob,maybridge-0405-465801134,Cc1ccc2cc(CO)ccc2n1,,,,"MolVec 0.9.8 (git b412dd0, Maven Central)",0.214965338120237
uob,maybridge-0405-534977604,OCC1CCc2ccccc2O1,,,,"MolVec 0.9.8 (git b412dd0, Maven Central)",0.1947468181606382
uob,maybridge-0405-599061030,C=N.OC1CN2CCC1CC2,,,,"MolVec 0.9.8 (git b412dd0, Maven Central)",0.21112377918325365
uob,maybridge-0405-627537250,OCc1ccc2c(c1)OCCO2,,,,"MolVec 0.9.8 (git b412dd0, Maven Central)",0.1516431320924312
uob,maybridge-0405-808011242,OCc1cccc2c1OCCO2,,,,"MolVec 0.9.8 (git b412dd0, Maven Central)",0.16612298600375652
uob,maybridge-0405-869523353,OCc1ccc2ncccc2c1,,,,"MolVec 0.9.8 (git b412dd0, Maven Central)",0.18148575886152685
uob,maybridge-0406-1017408781,O=C(O)C12CC3CC(CC(O)(C3)C1)C2,,,,"MolVec 0.9.8 (git b412dd0, Maven Central)",0.2511810390278697
uob,maybridge-0406-20098439,OCc1ccc2c(c1)OCCCO2,,,,"MolVec 0.9.8 (git b412dd0, Maven Central)",0.16890770802274346
uob,maybridge-0406-334721317,CN(C)CC(O)Cn1c2ccc(Br)cc2c2cc(Br)ccc21,,,,"MolVec 0.9.8 (git b412dd0, Maven Central)",0.3850509859621525
uob,maybridge-0406-617811532,NCCSCCO,,,,"MolVec 0.9.8 (git b412dd0, Maven Central)",0.08198740403167903
uob,maybridge-0406-632609531,C#Cc1c(C)c(CCO)c(=O)n2c1[nH]c1ccccc12,,,,"MolVec 0.9.8 (git b412dd0, Maven Central)",0.38597518601454794
uob,maybridge-0406-69659251,COC(=O)CCC(C)[C@H]1CCC2C3CCC4CCCC[C@]4(C)C3C[C@H](O)[C@@]21C,,,,"MolVec 0.9.8 (git b412dd0, Maven Central)",0.5426280170213431
uob,maybridge-0406-714841859,OCc1cccc2c1OCCCO2,,,,"MolVec 0.9.8 (git b412dd0, Maven Central)",0.17931769299320877
uob,maybridge-0406-933460413,OCC1CNc2ccccc2O1,,,,"MolVec 0.9.8 (git b412dd0, Maven Central)",0.15646297996863723
uob,maybridge-0407-149575662,COC(=O)c1cc(O)no1,,,,"MolVec 0.9.8 (git b412dd0, Maven Central)",0.19666782207787037
uob,maybridge-0407-398277469,Nc1cc(O)[nH]n1,,,,"MolVec 0.9.8 (git b412dd0, Maven Central)",0.18651764187961817
uob,maybridge-0407-451424042,COC(=O)c1scc(Br)c1O,,,,"MolVec 0.9.8 (git b412dd0, Maven Central)",0.2536948639899492
uob,maybridge-0407-597392458,COC(=O)c1sc(Br)c(Br)c1O,,,,"MolVec 0.9.8 (git b412dd0, Maven Central)",0.263074702816084
uob,maybridge-0407-630095735,CC(C)(C)C1=NNC(=O)C1,,,,"MolVec 0.9.8 (git b412dd0, Maven Central)",0.185861153062433
uob,maybridge-0407-70047336,Cc1ccc(-n2nc(C)cc2O)cc1,,,,"MolVec 0.9.8 (git b412dd0, Maven Central)",0.2443291679956019
uob,maybridge-0407-725828838,NCCCC1C=NNC1=O,,,,"MolVec 0.9.8 (git b412dd0, Maven Central)",0.17935513891279697
uob,maybridge-0407-742077064,COC(=O)c1sccc1O,,,,"MolVec 0.9.8 (git b412dd0, Maven Central)",0.21323911496438086
uob,maybridge-0407-895692498,Oc1nnc(S)n1C1CCCCC1,,,,"MolVec 0.9.8 (git b412dd0, Maven Central)",0.19842843106016517
uob,maybridge-0407-964215061,Cn1nc(O)cc1C(F)(F)F,,,,"MolVec 0.9.8 (git b412dd0, Maven Central)",0.22543445113115013
uob,maybridge-0408-30990049,Oc1cccc(F)c1,,,,"MolVec 0.9.8 (git b412dd0, Maven Central)",0.10397394490428269
uob,maybridge-0408-370129391,Oc1nnc(C2c3ccccc3Oc3ccccc32)o1,,,,"MolVec 0.9.8 (git b412dd0, Maven Central)",0.39558739005587995
uob,maybridge-0408-489934050,COc1ccc(O)cc1,,,,"MolVec 0.9.8 (git b412dd0, Maven Central)",0.17387892492115498
uob,maybridge-0408-492149817,Oc1cccc(F)c1O,,,,"MolVec 0.9.8 (git b412dd0, Maven Central)",0.12679521483369172
uob,maybridge-0408-707265543,CCOC(=O)c1sc(-c2cccc(C(F)(F)F)c2)nc1O,,,,"MolVec 0.9.8 (git b412dd0, Maven Central)",0.35234421002678573
uob,maybridge-0408-742779442,Cc1cc(C#N)cc(C)c1O,,,,"MolVec 0.9.8 (git b412dd0, Maven Central)",0.17219297401607037
uob,maybridge-0408-791372558,CCOC(=O)c1sc(-c2ccc(Cl)cc2)nc1O,,,,"MolVec 0.9.8 (git b412dd0, Maven Central)",0.26447311299853027
uob,maybridge-0408-847999531,N#Cc1ccc(O)cc1F,,,,"MolVec 0.9.8 (git b412dd0, Maven Central)",0.19813044206239283
uob,maybridge-0408-869051701,OB(O)c1cccc(O)c1,,,,"MolVec 0.9.8 (git b412dd0, Maven Central)",0.1671714650001377
uob,maybridge-0408-91320336,Oc1ccc(F)cc1,,,,"MolVec 0.9.8 (git b412dd0, Maven Central)",0.10070484201423824
uob,maybridge-0408-98358343,OCCc1ccc(O)cc1,,,,"MolVec 0.9.8 (git b412dd0, Maven Central)",0.1235202718526125
uob,maybridge-0409-188062108,Cc1cc(O)cc(C)c1C#N,,,,"MolVec 0.9.8 (git b412dd0, Maven Central)",0.2226445588748902
uob,maybridge-0409-239165531,N#Cc1cc(Cl)ccc1O,,,,"MolVec 0.9.8 (git b412dd0, Maven Central)",0.17242877511307597
uob,maybridge-0409-245458641,CC(=O)c1ccc(N)cc1O,,,,"MolVec 0.9.8 (git b412dd0, Maven Central)",0.2269789909478277
uob,maybridge-0409-286276646,CC(=O)c1cc(C)ccc1O,,,,"MolVec 0.9.8 (git b412dd0, Maven Central)",0.2307085960637778
uob,maybridge-0409-374806417,CC(=O)c1ccc(C)cc1O,,,,"MolVec 0.9.8 (git b412dd0, Maven Central)",0.21518454002216458
uob,maybridge-0409-380644170,NNC(=O)c1ccccc1O,,,,"MolVec 0.9.8 (git b412dd0, Maven Central)",0.18607424409128726
uob,maybridge-0409-584274762,CC(=O)c1cc(F)ccc1O,,,,"MolVec 0.9.8 (git b412dd0, Maven Central)",0.20347495703026652
uob,maybridge-0409-592532844,Cc1ccc([N+](=O)[O-])cc1O,,,,"MolVec 0.9.8 (git b412dd0, Maven Central)",0.13181854714639485
uob,maybridge-0409-702716700,O=Cc1cc(Cl)ccc1O,,,,"MolVec 0.9.8 (git b412dd0, Maven Central)",0.13134281896054745
uob,maybridge-0409-938033538,CC(=O)c1ccc(O)c(C)c1,,,,"MolVec 0.9.8 (git b412dd0, Maven Central)",0.2328782279510051
uob,maybridge-0409-947060016,CC(=O)c1c(O)cccc1O,,,,"MolVec 0.9.8 (git b412dd0, Maven Central)",0.16336979693733156
uob,maybridge-0409-992577744,NC(=O)Cc1ccc(O)cc1,,,,"MolVec 0.9.8 (git b412dd0, Maven Central)",0.22499367292039096
uob,maybridge-0410-296107009,CC(=O)c1cc(F)cc(F)c1O,,,,"MolVec 0.9.8 (git b412dd0, Maven Central)",0.23669290216639638
uob,maybridge-0410-312468480,O=[N+]([O-])c1ccc(F)cc1O,,,,"MolVec 0.9.8 (git b412dd0, Maven Central)",0.1518283470068127
uob,maybridge-0410-451663343,Cc1cc(Cl)cc(C=O)c1O,,,,"MolVec 0.9.8 (git b412dd0, Maven Central)",0.19694961002096534
uob,maybridge-0410-541124236,C=CCc1c(O)cccc1C=O,,,,"MolVec 0.9.8 (git b412dd0, Maven Central)",0.21282599004916847
uob,maybridge-0410-561974055,CC(=O)c1cccc(Cl)c1O,,,,"MolVec 0.9.8 (git b412dd0, Maven Central)",0.2291715070605278
uob,maybridge-0410-564539904,Oc1ccccc1C(F)(F)F,,,,"MolVec 0.9.8 (git b412dd0, Maven Central)",0.19771683402359486
uob,maybridge-0410-57649500,Nc1cc(O)cc(O)c1,,,,"MolVec 0.9.8 (git b412dd0, Maven Central)",0.23869594116695225
uob,maybridge-0410-588760698,Oc1ccc(-n2cncn2)cc1,,,,"MolVec 0.9.8 (git b412dd0, Maven Central)",0.17926644091494381
uob,maybridge-0410-849214437,CC(=O)c1ccc(O)c(C)c1O,,,,"MolVec 0.9.8 (git b412dd0, Maven Central)",0.25682423496618867
uob,maybridge-0410-867686295,CC(=O)Nc1cc(C)ccc1O,,,,"MolVec 0.9.8 (git b412dd0, Maven Central)",0.19401180418208241
uob,maybridge-0410-88906008,Oc1ccc(-n2ccnc2)cc1,,,,"MolVec 0.9.8 (git b412dd0, Maven Central)",0.21927964803762734
uob,maybridge-0410-944480536,Oc1ccccc1-c1nnco1,,,,"MolVec 0.9.8 (git b412dd0, Maven Central)",0.2115081560332328
uob,maybridge-0411-1009639658,Cc1cc(C)c(O)c(C(C)(C)C)c1,,,,"MolVec 0.9.8 (git b412dd0, Maven Central)",0.2490687291137874
uob,maybridge-0411-152242025,Oc1ccccc1N1CCOCC1,,,,"MolVec 0.9.8 (git b412dd0, Maven Central)",0.18957864702679217
uob,maybridge-0411-233289477,Oc1cccc(N2CCOCC2)c1,,,,"MolVec 0.9.8 (git b412dd0, Maven Central)",0.18833408202044666
uob,maybridge-0411-234311028,Cc1ccc(O)c(Br)c1,,,,"MolVec 0.9.8 (git b412dd0, Maven Central)",0.17127806995995343
uob,maybridge-0411-36873016,N#Cc1c(O)ccc([N+](=O)[O-])c1O,,,,"MolVec 0.9.8 (git b412dd0, Maven Central)",0.19851092505268753
uob,maybridge-0411-389376715,COC(=O)CCc1ccccc1O,,,,"MolVec 0.9.8 (git b412dd0, Maven Central)",0.23290067887865007
uob,maybridge-0411-590849432,O=C(O)c1cc(O)ccc1[N+](=O)[O-],,,,"MolVec 0.9.8 (git b412dd0, Maven Central)",0.22428785893134773
uob,maybridge-0411-708007996,COc1cc(O)c(C(C)=O)c(O)c1,,,,"MolVec 0.9.8 (git b412dd0, Maven Central)",0.41837165295146406
uob,maybridge-0411-73820732,COC(=O)c1cc(Cl)ccc1O,,,,"MolVec 0.9.8 (git b412dd0, Maven Central)",0.2296822511125356
uob,maybridge-0411-74117572,Nc1cc(Cl)cc(Cl)c1O,,,,"MolVec 0.9.8 (git b412dd0, Maven Central)",0.23795006098225713
uob,maybridge-0411-899835856,Oc1ccc(F)c(C(F)(F)F)c1,,,,"MolVec 0.9.8 (git b412dd0, Maven Central)",0.2278438180219382
uob,maybridge-0411-953008040,Oc1ccc(Oc2ccccc2)cc1,,,,"MolVec 0.9.8 (git b412dd0, Maven Central)",0.22469149203971028
uob,maybridge-0412-1040354805,CCCC(=O)c1ccc(NC(C)=O)cc1O,,,,"MolVec 0.9.8 (git b412dd0, Maven Central)",0.2622270241845399
uob,maybridge-0412-209068700,CC(=O)Nc1ccc(C(C)=O)c(O)c1,,,,"MolVec 0.9.8 (git b412dd0, Maven Central)",0.27031617402099073
uob,maybridge-0412-255846400,O=C(O)c1cc(-c2cccc(O)c2)[nH]n1,,,,"MolVec 0.9.8 (git b412dd0, Maven Central)",0.3783370431046933
uob,maybridge-0412-280805865,Oc1ccc(OCc2ccccc2)cc1,,,,"MolVec 0.9.8 (git b412dd0, Maven Central)",0.23838230385445058
uob,maybridge-0412-370270810,C#CC(c1ccc(O)cc1)N1CCOCC1,,,,"MolVec 0.9.8 (git b412dd0, Maven Central)",0.2604569250252098
uob,maybridge-0412-400666754,CCCc1ccc(NC(C)=O)cc1O,,,,"MolVec 0.9.8 (git b412dd0, Maven Central)",0.19107190193608403
uob,maybridge-0412-7242806,CCOC(=O)CCc1ccc(O)cc1,,,,"MolVec 0.9.8 (git b412dd0, Maven Central)",0.24107019999064505
uob,maybridge-0412-739287532,Oc1ccc(SC(F)(F)F)cc1,,,,"MolVec 0.9.8 (git b412dd0, Maven Central)",0.14543735794723034
uob,maybridge-0412-895549112,Cc1cc(Br)cc(Cl)c1O,,,,"MolVec 0.9.8 (git b412dd0, Maven Central)",0.20222200197167695
uob,maybridge-0412-967936906,O=Cc1cc(Cl)c(O)c(Cl)c1,,,,"MolVec 0.9.8 (git b412dd0, Maven Central)",0.22373429988510907
uob,maybridge-0412-973816945,COc1cc(CC(N)C(=O)O)ccc1O,,,,"MolVec 0.9.8 (git b412dd0, Maven Central)",0.2567877499386668
uob,maybridge-0413-1070404525,COc1cc(Br)cc(C=O)c1O,,,,"MolVec 0.9.8 (git b412dd0, Maven Central)",0.21421650587581098
uob,maybridge-0413-469580468,O=Cc1cc(O)ccc1I,,,,"MolVec 0.9.8 (git b412dd0, Maven Central)",0.12775742798112333
uob,maybridge-0413-50812800,CC(C)(C)c1cc(C#N)cc(C(C)(C)C)c1O,,,,"MolVec 0.9.8 (git b412dd0, Maven Central)",0.31088343006558716
uob,maybridge-0413-616821016,CCCc1c(O)c(C(C)=O)cc(C(C)=O)c1O,,,,"MolVec 0.9.8 (git b412dd0, Maven Central)",0.3361878008581698
uob,maybridge-0413-678996211,Cc1ccc(C=O)cc1O,,,,"MolVec 0.9.8 (git b412dd0, Maven Central)",0.17226177011616528
uob,maybridge-0413-690325573,O=C(O)c1cc(S(=O)(=O)Cl)ccc1O,,,,"MolVec 0.9.8 (git b412dd0, Maven Central)",0.2920180759392679
uob,maybridge-0413-704877272,O=C(O)c1ccc(I)c(O)c1,,,,"MolVec 0.9.8 (git b412dd0, Maven Central)",0.23035048902966082
uob,maybridge-0413-724618107,Cc1ccc(CO)cc1O,,,,"MolVec 0.9.8 (git b412dd0, Maven Central)",0.17138336296193302
uob,maybridge-0413-756640811,Cc1cc(C)c(O)c(C)c1,,,,"MolVec 0.9.8 (git b412dd0, Maven Central)",0.146875340025872
uob,maybridge-0413-792191315,OCc1cc(O)ccc1I,,,,"MolVec 0.9.8 (git b412dd0, Maven Central)",0.14568760292604566
uob,maybridge-0413-845633745,CC(C)(C)OC(=O)N1CCCN(c2cccc(O)c2)CC1,,,,"MolVec 0.9.8 (git b412dd0, Maven Central)",0.3306156180333346
uob,maybridge-0414-1046139581,CCc1ccc(C)nc1O,,,,"MolVec 0.9.8 (git b412dd0, Maven Central)",0.1504860909190029
uob,maybridge-0414-192097041,O=C(O)c1cc(Cl)cnc1O,,,,"MolVec 0.9.8 (git b412dd0, Maven Central)",0.17831569886766374
uob,maybridge-0414-200591320,O=[N+]([O-])c1cc(Cl)cnc1O,,,,"MolVec 0.9.8 (git b412dd0, Maven Central)",0.14226865605451167
uob,maybridge-0414-290682509,Cc1ccc(O)c(C)n1,,,,"MolVec 0.9.8 (git b412dd0, Maven Central)",0.15337316715158522
uob,maybridge-0414-465802516,CC(C)(C)c1cc(-c2cc(C(C)(C)C)c(O)c(C(C)(C)C)c2)cc(C(C)(C)C)c1O,,,,"MolVec 0.9.8 (git b412dd0, Maven Central)",0.5256312959827483
uob,maybridge-0414-56636671,CC(C)(C)c1cc(C(=O)CBr)cc(C(C)(C)C)c1O,,,,"MolVec 0.9.8 (git b412dd0, Maven Central)",0.2692657259758562
uob,maybridge-0414-580747516,O=[N+]([O-])c1cnccc1O,,,,"MolVec 0.9.8 (git b412dd0, Maven Central)",0.14136075414717197
uob,maybridge-0414-702568979,Cc1cc(C(=O)O)cc(O)n1,,,,"MolVec 0.9.8 (git b412dd0, Maven Central)",0.1825584510806948
uob,maybridge-0414-818017166,Oc1ccc(N2CCNCC2)cc1,,,,"MolVec 0.9.8 (git b412dd0, Maven Central)",0.23425971902906895
uob,maybridge-0414-8869316,Oc1cncc(Cl)c1,,,,"MolVec 0.9.8 (git b412dd0, Maven Central)",0.11090769688598812
uob,maybridge-0414-909517550,Cc1ccc(O)nc1,,,,"MolVec 0.9.8 (git b412dd0, Maven Central)",0.10893540689721704
uob,maybridge-0415-1019584495,N#Cc1c(OF)cc(-c2cccnc2)nc1O,,,,"MolVec 0.9.8 (git b412dd0, Maven Central)",0.3752827208954841
uob,maybridge-0415-1059078273,O=[N+]([O-])c1cc(Br)cnc1O,,,,"MolVec 0.9.8 (git b412dd0, Maven Central)",0.17256413190625608
uob,maybridge-0415-142676068,CC(=O)c1cc(C#N)c(O)nc1C,,,,"MolVec 0.9.8 (git b412dd0, Maven Central)",0.28359968308359385
uob,maybridge-0415-227097499,N#Cc1c(-c2cccs2)cc(-c2ccco2)nc1O,,,,"MolVec 0.9.8 (git b412dd0, Maven Central)",0.5608633668161929
uob,maybridge-0415-382052970,COCc1cc(O)nc(SC)n1,,,,"MolVec 0.9.8 (git b412dd0, Maven Central)",0.16994026792235672
uob,maybridge-0415-539682728,O=[N+]([O-])c1cc(C(F)(F)F)cnc1O,,,,"MolVec 0.9.8 (git b412dd0, Maven Central)",0.24868692294694483
uob,maybridge-0415-603558834,O=C(O)c1ccc(O)nn1,,,,"MolVec 0.9.8 (git b412dd0, Maven Central)",0.16747686895541847
uob,maybridge-0415-66637732,N#Cc1c(C(F)(F)F)cc(-c2ccccc2)nc1O,,,,"MolVec 0.9.8 (git b412dd0, Maven Central)",0.39497655909508467
uob,maybridge-0415-890219510,Oc1cc(Cl)ncn1,,,,"MolVec 0.9.8 (git b412dd0, Maven Central)",0.13671342702582479
uob,maybridge-0415-967736943,CCOC(=O)c1c(O)cc(C)nc1O,,,,"MolVec 0.9.8 (git b412dd0, Maven Central)",0.2596761048771441
uob,maybridge-0415-989845836,Oc1nncc(Cl)c1Cl,,,,"MolVec 0.9.8 (git b412dd0, Maven Central)",0.18065379187464714
uob,maybridge-0416-1073381815,Oc1nc2ccccc2[nH]1,,,,"MolVec 0.9.8 (git b412dd0, Maven Central)",0.23532556602731347
uob,maybridge-0416-119325075,O=[N+]([O-])c1coc2ccc(O)cc12,,,,"MolVec 0.9.8 (git b412dd0, Maven Central)",0.2258719119708985
uob,maybridge-0416-176794809,Cc1nc(N)nc(O)n1,,,,"MolVec 0.9.8 (git b412dd0, Maven Central)",0.17223340389318764
uob,maybridge-0416-210240283,Cc1nc(-c2ccccn2)nc(O)c1Cl,,,,"MolVec 0.9.8 (git b412dd0, Maven Central)",0.2951165970880538
uob,maybridge-0416-558475133,NC(Cc1c[nH]c2ccc(O)cc12)C(=O)O,,,,"MolVec 0.9.8 (git b412dd0, Maven Central)",0.34647741983644664
uob,maybridge-0416-723829788,Oc1ncnc2[nH]ncc12,,,,"MolVec 0.9.8 (git b412dd0, Maven Central)",0.19756721192970872
uob,maybridge-0416-742240043,CCOC(=O)c1cnc(O)nc1C(F)(F)F,,,,"MolVec 0.9.8 (git b412dd0, Maven Central)",0.2940241920296103
uob,maybridge-0416-815823274,NC1=NC(O)=NC(C23CC4CC45(CC5C2)C3)=N1,,,,"MolVec 0.9.8 (git b412dd0, Maven Central)",0.3463535872288048
uob,maybridge-0416-86443299,O=C(O)c1cnc(O)nc1-c1ccncc1,,,,"MolVec 0.9.8 (git b412dd0, Maven Central)",0.37428379198536277
uob,maybridge-0416-891613190,Cc1ccc(O)c2c1CCC2,,,,"MolVec 0.9.8 (git b412dd0, Maven Central)",0.20594674488529563
uob,maybridge-0416-998972939,CCSc1nc(N)c(Br)c(O)n1,,,,"MolVec 0.9.8 (git b412dd0, Maven Central)",0.22408422199077904
uob,maybridge-0417-155777910,CC(=O)c1c(O)ccc2ccccc12,,,,"MolVec 0.9.8 (git b412dd0, Maven Central)",0.2910033359657973
uob,maybridge-0417-193031678,Oc1noc2cc(Cl)ccc12,,,,"MolVec 0.9.8 (git b412dd0, Maven Central)",0.3093699458986521
uob,maybridge-0417-389307269,Oc1nc2ccccc2s1,,,,"MolVec 0.9.8 (git b412dd0, Maven Central)",0.22642362699843943
uob,maybridge-0417-458831522,Oc1nc2ncccc2o1,,,,"MolVec 0.9.8 (git b412dd0, Maven Central)",0.22444714815355837
uob,maybridge-0417-557123254,Oc1nc2ccc(Cl)cc2o1,,,,"MolVec 0.9.8 (git b412dd0, Maven Central)",0.27306901081465185
uob,maybridge-0417-660354805,O=C1COc2cc(O)ccc21,,,,"MolVec 0.9.8 (git b412dd0, Maven Central)",0.26072571193799376
uob,maybridge-0417-709682369,Cc1cccc2c(O)noc12,,,,"MolVec 0.9.8 (git b412dd0, Maven Central)",0.18535190797410905
uob,maybridge-0417-735029388,O=C1CCc2cccc(O)c2C1,,,,"MolVec 0.9.8 (git b412dd0, Maven Central)",0.20143883302807808
uob,maybridge-0417-80497532,Oc1ccc2c(c1)CCCC2,,,,"MolVec 0.9.8 (git b412dd0, Maven Central)",0.14247939712367952
uob,maybridge-0417-886120615,Oc1ccc2nonc2c1,,,,"MolVec 0.9.8 (git b412dd0, Maven Central)",0.18600470898672938
uob,maybridge-0417-947930651,COC(=O)c1sc2ccccc2c1O,,,,"MolVec 0.9.8 (git b412dd0, Maven Central)",0.34725769818760455
uob,maybridge-0417-965353766,Oc1noc2ccccc12,,,,"MolVec 0.9.8 (git b412dd0, Maven Central)",0.1777543080970645
uob,maybridge-0418-380501479,Oc1cc(C(F)(F)F)nc2c(Br)cccc12,,,,"MolVec 0.9.8 (git b412dd0, Maven Central)",0.32273302995599806
uob,maybridge-0418-418099059,Oc1cc(C(F)(F)F)nc2ccc(C(F)(F)F)cc12,,,,"MolVec 0.9.8 (git b412dd0, Maven Central)",0.3548909849487245
uob,maybridge-0418-450107841,O=C(O)c1ccc2cccc(O)c2n1,,,,"MolVec 0.9.8 (git b412dd0, Maven Central)",0.2866671511437744
uob,maybridge-0418-486085112,CCOC(=O)c1cnc2c(F)cccc2c1O,,,,"MolVec 0.9.8 (git b412dd0, Maven Central)",0.30729618086479604
uob,maybridge-0418-499776851,Cc1nc2ccccc2c(C(=O)O)c1O,,,,"MolVec 0.9.8 (git b412dd0, Maven Central)",0.27411628304980695
uob,maybridge-0418-51797420,Cc1cc(Cl)c2cccnc2c1O,,,,"MolVec 0.9.8 (git b412dd0, Maven Central)",0.2649950780905783
uob,maybridge-0418-799143962,Oc1ncnc2cccc(F)c12,,,,"MolVec 0.9.8 (git b412dd0, Maven Central)",0.2009750441648066
uob,maybridge-0418-80475824,Cc1cccc2c(O)cc(C(F)(F)F)nc12,,,,"MolVec 0.9.8 (git b412dd0, Maven Central)",0.3019099610392004
uob,maybridge-0418-806766676,CCOC(=O)c1cnc2ccc(OC(F)(F)F)cc2c1O,,,,"MolVec 0.9.8 (git b412dd0, Maven Central)",0.5830324159469455
uob,maybridge-0418-873812288,Oc1cc(O)c2ccccc2n1,,,,"MolVec 0.9.8 (git b412dd0, Maven Central)",0.2094687749631703
uob,maybridge-0418-874603139,Cc1cc(O)nc2ccccc12,,,,"MolVec 0.9.8 (git b412dd0, Maven Central)",0.21310425898991525
uob,maybridge-0418-886924845,Oc1cc(C(F)(F)F)nc2c(F)cccc12,,,,"MolVec 0.9.8 (git b412dd0, Maven Central)",0.2845063270069659
uob,maybridge-0419-1070201388,O=c1cc(C(F)(F)F)c2ccc(O)cc2o1,,,,"MolVec 0.9.8 (git b412dd0, Maven Central)",0.2893716699909419
uob,maybridge-0419-143449795,Nc1ccc(O)c2c1C(=O)c1c(O)ccc(N)c1C2=O,,,,"MolVec 0.9.8 (git b412dd0, Maven Central)",0.3286477120127529
uob,maybridge-0419-160323249,Cn1c(=O)cc(O)c2ccccc21,,,,"MolVec 0.9.8 (git b412dd0, Maven Central)",0.2437869398854673
uob,maybridge-0419-341857788,O=c1ccoc2cccc(O)c12,,,,"MolVec 0.9.8 (git b412dd0, Maven Central)",0.21371370903216302
uob,maybridge-0419-371826289,Cc1c(O)ccc2c1OC(C)(C)CC2=O,,,,"MolVec 0.9.8 (git b412dd0, Maven Central)",0.28281315695494413
uob,maybridge-0419-436816131,CCOC(=O)c1cc(=O)c2ccc(O)cc2o1,,,,"MolVec 0.9.8 (git b412dd0, Maven Central)",0.34115539491176605
uob,maybridge-0419-470208513,O=C(O)C1Cc2cc(O)ccc2CN1,,,,"MolVec 0.9.8 (git b412dd0, Maven Central)",0.30525746778585017
uob,maybridge-0419-978899662,O=C1c2ccc(O)cc2C(=O)c2ccc(O)cc21,,,,"MolVec 0.9.8 (git b412dd0, Maven Central)",0.3626386527903378
uob,maybridge-0420-1067017408,Cc1noc(C)c1N=C=O,,,,"MolVec 0.9.8 (git b412dd0, Maven Central)",0.14743126602843404
uob,maybridge-0420-176786571,Cc1oc(-c2ccccc2)cc1N=C=O,,,,"MolVec 0.9.8 (git b412dd0, Maven Central)",0.3935761738102883
uob,maybridge-0420-281598398,Cc1noc(-c2ccccc2)c1N=C=O,,,,"MolVec 0.9.8 (git b412dd0, Maven Central)",0.2340225710067898
uob,maybridge-0420-533448438,Cc1csc(N=C=O)c1,,,,"MolVec 0.9.8 (git b412dd0, Maven Central)",0.15452303201891482
uob,maybridge-0420-598864547,Cc1cc(N=C=O)c(-c2ccccc2)o1,,,,"MolVec 0.9.8 (git b412dd0, Maven Central)",0.3588332929648459
uob,maybridge-0420-705619988,Cc1cc(N=C=O)c(C(F)(F)F)o1,,,,"MolVec 0.9.8 (git b412dd0, Maven Central)",0.23201742116361856
uob,maybridge-0420-729560926,O=C=NCCc1cccs1,,,,"MolVec 0.9.8 (git b412dd0, Maven Central)",0.14199308305978775
uob,maybridge-0420-807447580,O=C=Nc1cccs1,,,,"MolVec 0.9.8 (git b412dd0, Maven Central)",0.11641161097213626
uob,maybridge-0420-815996235,Cc1nn(C)c(C)c1N=C=O,,,,"MolVec 0.9.8 (git b412dd0, Maven Central)",0.1721781538799405
uob,maybridge-0420-820046623,O=C=Nc1ccsc1,,,,"MolVec 0.9.8 (git b412dd0, Maven Central)",0.15298817679286003
uob,maybridge-0420-888726055,Cc1c(N=C=O)cnn1-c1ccccc1,,,,"MolVec 0.9.8 (git b412dd0, Maven Central)",0.24630969809368253
uob,maybridge-0421-1056409238,C=C=Nc1csc(-c2cccc(Cl)c2)n1,,,,"MolVec 0.9.8 (git b412dd0, Maven Central)",0.38999607716687024
uob,maybridge-0421-1069503858,CCc1ccccc1N=C=O,,,,"MolVec 0.9.8 (git b412dd0, Maven Central)",0.15635897195897996
uob,maybridge-0421-122432161,Cc1onc(-c2ccccc2)c1N=C=O,,,,"MolVec 0.9.8 (git b412dd0, Maven Central)",0.2558792920317501
uob,maybridge-0421-130428845,CSc1ccc(N=C=O)cc1,,,,"MolVec 0.9.8 (git b412dd0, Maven Central)",0.1598922328557819
uob,maybridge-0421-22140985,N#Cc1ccc(N=C=O)cc1,,,,"MolVec 0.9.8 (git b412dd0, Maven Central)",0.15739474818110466
uob,maybridge-0421-356007914,O=C=Nc1csc(-c2ccc(C(F)(F)F)cc2)n1,,,,"MolVec 0.9.8 (git b412dd0, Maven Central)",0.4059247300028801
uob,maybridge-0421-532556110,Cc1nc(-c2ccccc2)sc1N=C=O,,,,"MolVec 0.9.8 (git b412dd0, Maven Central)",0.32372362981550395
uob,maybridge-0421-790888271,O=C=Nc1c(F)cccc1F,,,,"MolVec 0.9.8 (git b412dd0, Maven Central)",0.19121879199519753
uob,maybridge-0421-79630461,O=C=Nc1ccccc1[N+](=O)[O-],,,,"MolVec 0.9.8 (git b412dd0, Maven Central)",0.17191773001104593
uob,maybridge-0421-881440127,O=C=Nc1cc(F)ccc1F,,,,"MolVec 0.9.8 (git b412dd0, Maven Central)",0.1484303700271994
uob,maybridge-0421-883128374,O=C=Nc1ccc([N+](=O)[O-])cc1,,,,"MolVec 0.9.8 (git b412dd0, Maven Central)",0.17601331509649754
uob,maybridge-0421-937531219,N#Cc1ccccc1N=C=O,,,,"MolVec 0.9.8 (git b412dd0, Maven Central)",0.18360300897620618
uob,maybridge-0422-12012431,CC(C)(C)c1ccc(N=C=O)cc1,,,,"MolVec 0.9.8 (git b412dd0, Maven Central)",0.16541643487289548
uob,maybridge-0422-125481310,Cc1c(Cl)cccc1N=C=O,,,,"MolVec 0.9.8 (git b412dd0, Maven Central)",0.14803762594237924
uob,maybridge-0422-315199987,O=C=Nc1ccc(Cl)cc1Cl,,,,"MolVec 0.9.8 (git b412dd0, Maven Central)",0.16079598595388234
uob,maybridge-0422-409789321,O=C=Nc1ccc(CCl)cc1,,,,"MolVec 0.9.8 (git b412dd0, Maven Central)",0.13287491188384593
uob,maybridge-0422-467317556,O=C=Nc1ccc(-n2cccc2)cc1,,,,"MolVec 0.9.8 (git b412dd0, Maven Central)",0.21003381698392332
uob,maybridge-0422-476677734,O=C=Nc1ccc(F)c(F)c1F,,,,"MolVec 0.9.8 (git b412dd0, Maven Central)",0.16158053185790777
uob,maybridge-0422-573536336,COC(=O)c1cccc(N=C=O)c1,,,,"MolVec 0.9.8 (git b412dd0, Maven Central)",0.19355559605173767
uob,maybridge-0422-693170540,COc1cccc(OC)c1N=C=O,,,,"MolVec 0.9.8 (git b412dd0, Maven Central)",0.16903047100640833
uob,maybridge-0422-768391342,Cc1ccc(N=C=O)cc1[N+](=O)[O-],,,,"MolVec 0.9.8 (git b412dd0, Maven Central)",0.15182527899742126
uob,maybridge-0422-799976646,O=C=Nc1ccc(-c2ccco2)cc1,,,,"MolVec 0.9.8 (git b412dd0, Maven Central)",0.21655032294802368
uob,maybridge-0422-958900079,O=C=Nc1ccc(C(=O)Cl)cc1,,,,"MolVec 0.9.8 (git b412dd0, Maven Central)",0.17536551412194967
uob,maybridge-0422-971738256,O=C=Nc1cccc(-n2cccc2)c1,,,,"MolVec 0.9.8 (git b412dd0, Maven Central)",0.21811090386472642
uob,maybridge-0422-978129778,COc1ccc(N=C=O)c(OC)c1,,,,"MolVec 0.9.8 (git b412dd0, Maven Central)",0.13535154587589204
uob,maybridge-0423-1008268946,O=C=Nc1ccc(OC(F)(F)F)cc1,,,,"MolVec 0.9.8 (git b412dd0, Maven Central)",0.1991276058834046
uob,maybridge-0423-1035148989,O=C=Nc1ccccc1N1CCCCC1,,,,"MolVec 0.9.8 (git b412dd0, Maven Central)",0.20170302502810955
uob,maybridge-0423-1041224723,CCOC(=O)c1ccc(N=C=O)cc1,,,,"MolVec 0.9.8 (git b412dd0, Maven Central)",0.24529538420028985
uob,maybridge-0423-237046953,O=C=Nc1ccc(-c2cccs2)cc1,,,,"MolVec 0.9.8 (git b412dd0, Maven Central)",0.26976250298321247
uob,maybridge-0423-525253472,O=C=Nc1ccc(N2CCCCC2)cc1,,,,"MolVec 0.9.8 (git b412dd0, Maven Central)",0.2122001531533897
uob,maybridge-0423-53812626,CCCCc1ccc(N=C=O)c(C)c1,,,,"MolVec 0.9.8 (git b412dd0, Maven Central)",0.21279073902405798
uob,maybridge-0423-596748541,CC(C)c1cccc(C(C)C)c1N=C=O,,,,"MolVec 0.9.8 (git b412dd0, Maven Central)",0.18738670810125768
uob,maybridge-0423-664019282,O=C=Nc1c(Cl)cccc1Cl,,,,"MolVec 0.9.8 (git b412dd0, Maven Central)",0.19984022108837962
uob,maybridge-0423-785286766,O=C=Nc1ccccc1-c1ccccc1,,,,"MolVec 0.9.8 (git b412dd0, Maven Central)",0.2609533970244229
uob,maybridge-0423-786602000,Cc1nc(-c2cccc(N=C=O)c2)no1,,,,"MolVec 0.9.8 (git b412dd0, Maven Central)",0.2767825089395046
uob,maybridge-0423-795335556,O=C=Nc1ccccc1OC(F)(F)F,,,,"MolVec 0.9.8 (git b412dd0, Maven Central)",0.19680588692426682
uob,maybridge-0423-906961564,O=C=Nc1ccccc1Br,,,,"MolVec 0.9.8 (git b412dd0, Maven Central)",0.17890140996314585
uob,maybridge-0424-1046883446,O=C=Nc1ccccc1COc1ccccc1,,,,"MolVec 0.9.8 (git b412dd0, Maven Central)",0.21220202092081308
uob,maybridge-0424-1067732906,O=C=Nc1ccc(OCc2ccccc2)cc1,,,,"MolVec 0.9.8 (git b412dd0, Maven Central)",0.25130812684074044
uob,maybridge-0424-192895229,O=C=Nc1ccc(CN2CCCCC2)cc1,,,,"MolVec 0.9.8 (git b412dd0, Maven Central)",0.20358011894859374
uob,maybridge-0424-281837401,O=C=Nc1cccc(CN2CCOCC2)c1,,,,"MolVec 0.9.8 (git b412dd0, Maven Central)",0.21989159402437508
uob,maybridge-0424-34852255,Cc1nc(-c2ccc(N=C=O)cc2)cs1,,,,"MolVec 0.9.8 (git b412dd0, Maven Central)",0.21805018605664372
uob,maybridge-0424-358024997,O=C=Nc1c(Cl)cc(Cl)cc1Cl,,,,"MolVec 0.9.8 (git b412dd0, Maven Central)",0.1890056850388646
uob,maybridge-0424-469813340,CN1CCN(c2ccc(N=C=O)cc2)CC1,,,,"MolVec 0.9.8 (git b412dd0, Maven Central)",0.21858903300017118
uob,maybridge-0424-531091243,O=C=Nc1ccc(Cl)c(C(F)(F)F)c1,,,,"MolVec 0.9.8 (git b412dd0, Maven Central)",0.24476709798909724
uob,maybridge-0424-710767752,O=C=Nc1ccc(Cl)cc1C(F)(F)F,,,,"MolVec 0.9.8 (git b412dd0, Maven Central)",0.2447735769674182
uob,maybridge-0424-933008151,Cc1nc(-c2cccc(N=C=O)c2)cs1,,,,"MolVec 0.9.8 (git b412dd0, Maven Central)",0.27307444298639894
uob,maybridge-0424-972129343,O=C=Nc1cccc(Oc2ccccn2)c1,,,,"MolVec 0.9.8 (git b412dd0, Maven Central)",0.213071099948138
uob,maybridge-0425-1004928078,O=C=Nc1ccc(Cl)nc1,,,,"MolVec 0.9.8 (git b412dd0, Maven Central)",0.17059765593148768
uob,maybridge-0425-111847953,Cn1ccc2c(N=C=O)cccc21,,,,"MolVec 0.9.8 (git b412dd0, Maven Central)",0.22033746587112546
uob,maybridge-0425-199129844,O=C=Nc1ccc2occc2c1,,,,"MolVec 0.9.8 (git b412dd0, Maven Central)",0.18173451605252922
uob,maybridge-0425-265258582,COc1ccc(N=C=O)cc1OC1CCCC1,,,,"MolVec 0.9.8 (git b412dd0, Maven Central)",0.2824249411933124
uob,maybridge-0425-345959873,O=C=Nc1ccnc(N2CCOCC2)c1,,,,"MolVec 0.9.8 (git b412dd0, Maven Central)",0.23597647598944604
uob,maybridge-0425-503658401,Cn1ccc2ccc(N=C=O)cc21,,,,"MolVec 0.9.8 (git b412dd0, Maven Central)",0.23907584697008133
uob,maybridge-0425-608497470,O=C=NC1CCN(C(=O)OCc2ccccc2)CC1,,,,"MolVec 0.9.8 (git b412dd0, Maven Central)",0.3080029629636556
uob,maybridge-0425-79297143,O=C=Nc1cc(Cl)nc(Cl)c1,,,,"MolVec 0.9.8 (git b412dd0, Maven Central)",0.17975333100184798
uob,maybridge-0425-881298110,O=C=Nc1cccc(COc2ccccc2)c1,,,,"MolVec 0.9.8 (git b412dd0, Maven Central)",0.22583896503783762
uob,maybridge-0425-957214816,O=C=Nc1ccccc1I,,,,"MolVec 0.9.8 (git b412dd0, Maven Central)",0.14209243305958807
uob,maybridge-0425-984515734,O=C=Nc1cccc(N2CCOCC2)n1,,,,"MolVec 0.9.8 (git b412dd0, Maven Central)",0.21259701112285256
uob,maybridge-0426-165445564,O=C=Nc1cc(F)cc2c1OCOC2,,,,"MolVec 0.9.8 (git b412dd0, Maven Central)",0.2128065840806812
uob,maybridge-0426-322669984,O=C=Nc1cccc2ccccc12,,,,"MolVec 0.9.8 (git b412dd0, Maven Central)",0.17602430586703122
uob,maybridge-0426-373126460,O=C=NCc1ccc2c(c1)OCO2,,,,"MolVec 0.9.8 (git b412dd0, Maven Central)",0.17301342589780688
uob,maybridge-0426-389184890,O=C=Nc1ccc2c(c1)CCO2,,,,"MolVec 0.9.8 (git b412dd0, Maven Central)",0.18734965077601373
uob,maybridge-0426-392137605,O=C=Nc1ccc2c(c1)OCCO2,,,,"MolVec 0.9.8 (git b412dd0, Maven Central)",0.17446451308205724
uob,maybridge-0426-565588829,CC1(C)Cc2cccc(N=C=O)c2O1,,,,"MolVec 0.9.8 (git b412dd0, Maven Central)",0.23608871712349355
uob,maybridge-0426-772285360,O=C=Nc1ccc2sccc2c1,,,,"MolVec 0.9.8 (git b412dd0, Maven Central)",0.21659999387338758
uob,maybridge-0426-834957939,O=C=Nc1ccc2c(c1)OCCCO2,,,,"MolVec 0.9.8 (git b412dd0, Maven Central)",0.17014795495197177
uob,maybridge-0426-947702024,N=C1C=CC=C(N=C=O)C1=N,,,,"MolVec 0.9.8 (git b412dd0, Maven Central)",0.22544044302776456
uob,maybridge-0426-947958771,CCCC.Cc1ccc(N=C=O)cc1C,,,,"MolVec 0.9.8 (git b412dd0, Maven Central)",0.26416040607728064
uob,maybridge-0427-123785312,S=C=NCC1CC1,,,,"MolVec 0.9.8 (git b412dd0, Maven Central)",0.08012282196432352
uob,maybridge-0427-193782187,N#Cc1ccc(N=C=S)cc1,,,,"MolVec 0.9.8 (git b412dd0, Maven Central)",0.17255236487835646
uob,maybridge-0427-470335404,Fc1cccc(N=C=S)c1,,,,"MolVec 0.9.8 (git b412dd0, Maven Central)",0.14307273016311228
uob,maybridge-0427-547710897,S=C=NC1CCCC1,,,,"MolVec 0.9.8 (git b412dd0, Maven Central)",0.12179687805473804
uob,maybridge-0427-552040035,COC(=O)c1sccc1N=C=S,,,,"MolVec 0.9.8 (git b412dd0, Maven Central)",0.2217964439187199
uob,maybridge-0427-583461482,Cc1noc(C)c1N=C=S,,,,"MolVec 0.9.8 (git b412dd0, Maven Central)",0.14643201418220997
uob,maybridge-0427-58434133,S=C=NC1CC1,,,,"MolVec 0.9.8 (git b412dd0, Maven Central)",0.09388502384535968
uob,maybridge-0427-752482745,Cc1onc(-c2ccccc2)c1N=C=S,,,,"MolVec 0.9.8 (git b412dd0, Maven Central)",0.313551182160154
uob,maybridge-0427-816560955,S=C=NCC1CCCO1,,,,"MolVec 0.9.8 (git b412dd0, Maven Central)",0.10126512893475592
uob,maybridge-0427-940728721,COC(=O)c1scc(C)c1N=C=S,,,,"MolVec 0.9.8 (git b412dd0, Maven Central)",0.21985111199319363
uob,maybridge-0428-118565135,CC(C)(C)c1ccc(N=C=S)cc1,,,,"MolVec 0.9.8 (git b412dd0, Maven Central)",0.18151983595453203
uob,maybridge-0428-178533246,FC(F)(F)c1ccccc1N=C=S,,,,"MolVec 0.9.8 (git b412dd0, Maven Central)",0.19905102904886007
uob,maybridge-0428-266005310,Cc1cc(C)c(N=C=S)c(C)c1,,,,"MolVec 0.9.8 (git b412dd0, Maven Central)",0.19130553305149078
uob,maybridge-0428-30972715,Cc1ccc(F)cc1N=C=S,,,,"MolVec 0.9.8 (git b412dd0, Maven Central)",0.13179832510650158
uob,maybridge-0428-352508339,Cc1cccc(Cl)c1N=C=S,,,,"MolVec 0.9.8 (git b412dd0, Maven Central)",0.17794297193177044
uob,maybridge-0428-389856930,COC(=O)c1ccccc1N=C=S,,,,"MolVec 0.9.8 (git b412dd0, Maven Central)",0.21440104395151138
uob,maybridge-0428-424676441,Cc1c(Cl)cccc1N=C=S,,,,"MolVec 0.9.8 (git b412dd0, Maven Central)",0.19632446998730302
uob,maybridge-0428-436987631,O=[N+]([O-])c1ccc(N=C=S)cc1,,,,"MolVec 0.9.8 (git b412dd0, Maven Central)",0.14714809996075928
uob,maybridge-0428-440417076,Cc1cc(C)cc(N=C=S)c1,,,,"MolVec 0.9.8 (git b412dd0, Maven Central)",0.15439161518588662
uob,maybridge-0428-465888986,CCOc1ccccc1N=C=S,,,,"MolVec 0.9.8 (git b412dd0, Maven Central)",0.16176481009460986
uob,maybridge-0428-653103202,CSc1ccc(N=C=S)cc1,,,,"MolVec 0.9.8 (git b412dd0, Maven Central)",0.15758208511397243
uob,maybridge-0428-840177217,COc1cc(N=C=S)cc(OC)c1,,,,"MolVec 0.9.8 (git b412dd0, Maven Central)",0.2034715418703854
uob,maybridge-0428-850136689,S=C=Nc1ccc(-n2cccn2)cc1,,,,"MolVec 0.9.8 (git b412dd0, Maven Central)",0.22982009989209473
uob,maybridge-0428-859131755,Fc1ccc(Cl)cc1N=C=S,,,,"MolVec 0.9.8 (git b412dd0, Maven Central)",0.14742969488725066
uob,maybridge-0429-1003153960,S=C=Nc1ccc(Oc2ccccc2)nc1,,,,"MolVec 0.9.8 (git b412dd0, Maven Central)",0.2293347918894142
uob,maybridge-0429-142878654,S=C=Nc1ccc2c(c1)OCO2,,,,"MolVec 0.9.8 (git b412dd0, Maven Central)",0.2122525239828974
uob,maybridge-0429-199683901,S=C=Nc1ccc(N2CCOCC2)cc1,,,,"MolVec 0.9.8 (git b412dd0, Maven Central)",0.23365621897391975
uob,maybridge-0429-215283947,S=C=NC(c1ccccc1)c1ccccc1,,,,"MolVec 0.9.8 (git b412dd0, Maven Central)",0.2698242061305791
uob,maybridge-0429-297784713,FC(F)(F)Oc1ccc(N=C=S)cc1,,,,"MolVec 0.9.8 (git b412dd0, Maven Central)",0.20676966104656458
uob,maybridge-0429-367287895,O=S(=O)(c1ccc(N=C=S)cc1)N1CCCCC1,,,,"MolVec 0.9.8 (git b412dd0, Maven Central)",0.23986357799731195
uob,maybridge-0429-416212772,COc1cc(N=C=S)c(OC)cc1Cl,,,,"MolVec 0.9.8 (git b412dd0, Maven Central)",0.1870664949528873
uob,maybridge-0429-458436491,S=C=Nc1ccccc1Br,,,,"MolVec 0.9.8 (git b412dd0, Maven Central)",0.142156349029392
uob,maybridge-0429-682444962,S=C=Nc1cccc(Br)c1,,,,"MolVec 0.9.8 (git b412dd0, Maven Central)",0.16273328405804932
uob,maybridge-0429-804480154,S=C=Nc1ccc(OCc2ccccc2)cc1,,,,"MolVec 0.9.8 (git b412dd0, Maven Central)",0.2960631409659982
uob,maybridge-0429-867006549,S=C=Nc1ccc(N2CCOCC2)nc1,,,,"MolVec 0.9.8 (git b412dd0, Maven Central)",0.2250267150811851
uob,maybridge-0429-87356159,S=C=Nc1cccnc1,,,,"MolVec 0.9.8 (git b412dd0, Maven Central)",0.12686115386895835
uob,maybridge-0430-1011914528,CCOC(=O)c1c(N=C=S)sc2c1CCCC2,,,,"MolVec 0.9.8 (git b412dd0, Maven Central)",0.3072118579875678
uob,maybridge-0430-1060885767,CC(C)N=C=S,,,,"MolVec 0.9.8 (git b412dd0, Maven Central)",0.07059807400219142
uob,maybridge-0430-140579382,CCCCCCN=C=S,,,,"MolVec 0.9.8 (git b412dd0, Maven Central)",0.06063060509040952
uob,maybridge-0430-28590633,S=C=Nc1cccc2ccccc12,,,,"MolVec 0.9.8 (git b412dd0, Maven Central)",0.1956536101642996
uob,maybridge-0430-337983919,CC(C)CN=C=S,,,,"MolVec 0.9.8 (git b412dd0, Maven Central)",0.07056227815337479
uob,maybridge-0430-474146096,S=C=Nc1ccc2nsnc2c1,,,,"MolVec 0.9.8 (git b412dd0, Maven Central)",0.19389885989949107
uob,maybridge-0430-668668614,S=C=Nc1cccc2nsnc12,,,,"MolVec 0.9.8 (git b412dd0, Maven Central)",0.23389336303807795
uob,maybridge-0430-838185268,CCCCCN=C=S,,,,"MolVec 0.9.8 (git b412dd0, Maven Central)",0.06135392491705716
uob,maybridge-0430-86016385,S=C=NCc1ccc2c(c1)OCO2,,,,"MolVec 0.9.8 (git b412dd0, Maven Central)",0.14411254599690437
uob,maybridge-0430-890096372,S=C=Nc1ccc2c(c1)OCCO2,,,,"MolVec 0.9.8 (git b412dd0, Maven Central)",0.17701218998990953
uob,maybridge-0430-967328380,CN(C)c1ccc(N=C=S)c2ccccc12,,,,"MolVec 0.9.8 (git b412dd0, Maven Central)",0.2555343718267977
uob,maybridge-0431-1015762577,CC(=O)c1[nH]c(C)cc1C,,,,"MolVec 0.9.8 (git b412dd0, Maven Central)",0.24038337403908372
uob,maybridge-0431-1032267337,CCOC(=O)c1[nH]c(C)c(C(C)=O)c1C,,,,"MolVec 0.9.8 (git b412dd0, Maven Central)",0.3125333890784532
uob,maybridge-0431-175363346,CC(=O)c1ccn[nH]1,,,,"MolVec 0.9.8 (git b412dd0, Maven Central)",0.1712951040826738
uob,maybridge-0431-694132246,Cc1occc1C(=O)CC#N,,,,"MolVec 0.9.8 (git b412dd0, Maven Central)",0.22398166195489466
uob,maybridge-0431-707436014,CC(C)(C)OC(=O)N1CC(=O)CC1C(=O)O,,,,"MolVec 0.9.8 (git b412dd0, Maven Central)",0.32000047294422984
uob,maybridge-0431-742294691,CC(=O)c1nnn(-c2cc(Cl)cc(Cl)c2)c1C,,,,"MolVec 0.9.8 (git b412dd0, Maven Central)",0.3428502310998738
uob,maybridge-0431-79648094,CCOc1c(Nc2ccc(C(=O)O)cc2)c(=O)c1=O,,,,"MolVec 0.9.8 (git b412dd0, Maven Central)",0.36581212491728365
uob,maybridge-0431-841286520,CC(=O)c1cc[nH]c1,,,,"MolVec 0.9.8 (git b412dd0, Maven Central)",0.1587926191277802
uob,maybridge-0431-891141677,CCOC(=O)C1CN(Cc2ccco2)C(=O)C1=O,,,,"MolVec 0.9.8 (git b412dd0, Maven Central)",0.3337601451203227
uob,maybridge-0431-956454858,O=C1C(=O)C(c2ccccc2)C(=O)C1c1ccccc1,,,,"MolVec 0.9.8 (git b412dd0, Maven Central)",0.3903496579732746
uob,maybridge-0432-1023228931,CC(=O)c1cc(Br)cs1,,,,"MolVec 0.9.8 (git b412dd0, Maven Central)",0.24104746896773577
uob,maybridge-0432-150529421,Cc1cc(C(=O)CC#N)c(C(F)(F)F)o1,,,,"MolVec 0.9.8 (git b412dd0, Maven Central)",0.2999187367968261
uob,maybridge-0432-251641259,O=C(c1cccs1)C1CC1,,,,"MolVec 0.9.8 (git b412dd0, Maven Central)",0.19480370497331023
uob,maybridge-0432-363573609,CCOC(=O)C(=O)CC(=O)c1cccs1,,,,"MolVec 0.9.8 (git b412dd0, Maven Central)",0.24733528890646994
uob,maybridge-0432-38370167,CC(=O)c1sccc1N,,,,"MolVec 0.9.8 (git b412dd0, Maven Central)",0.1676217089407146
uob,maybridge-0432-48028606,CC(=O)c1ccc(C=O)s1,,,,"MolVec 0.9.8 (git b412dd0, Maven Central)",0.19212475907988846
uob,maybridge-0432-637219924,CC1=CC(=O)C(C)O1,,,,"MolVec 0.9.8 (git b412dd0, Maven Central)",0.19091591681353748
uob,maybridge-0432-804484801,CC(=O)c1cc(-c2ccc(Cl)cc2)oc1C,,,,"MolVec 0.9.8 (git b412dd0, Maven Central)",0.41311982087790966
uob,maybridge-0432-905125387,CCOC(=O)CC(=O)c1ccco1,,,,"MolVec 0.9.8 (git b412dd0, Maven Central)",0.2074366791639477
uob,maybridge-0432-931939119,CC(=O)c1ccc(C#N)s1,,,,"MolVec 0.9.8 (git b412dd0, Maven Central)",0.20728128589689732
uob,maybridge-0432-975585709,N#CCC(=O)c1cccs1,,,,"MolVec 0.9.8 (git b412dd0, Maven Central)",0.1854894959833473
uob,maybridge-0432-994641848,CC(=O)C1(/C=C(\S)Cl)=C(Cl)C1,,,,"MolVec 0.9.8 (git b412dd0, Maven Central)",0.20919764204882085
uob,maybridge-0433-325135058,CC(=O)c1sc(-c2ccc(Cl)cc2)cc1N,,,,"MolVec 0.9.8 (git b412dd0, Maven Central)",0.4783294419758022
uob,maybridge-0433-508669765,COC(=O)C1CSCC1=O,,,,"MolVec 0.9.8 (git b412dd0, Maven Central)",0.1893272551242262
uob,maybridge-0433-619094260,CC(=O)c1cc(-c2c(Cl)cccc2Cl)no1,,,,"MolVec 0.9.8 (git b412dd0, Maven Central)",0.322258492000401
uob,maybridge-0433-65357354,O=C1CSC(c2cccs2)C1,,,,"MolVec 0.9.8 (git b412dd0, Maven Central)",0.2803878430277109
uob,maybridge-0433-773337695,CC(=O)c1c(-c2c(Cl)cccc2Cl)noc1C,,,,"MolVec 0.9.8 (git b412dd0, Maven Central)",0.367906142026186
uob,maybridge-0433-779702377,CC(=O)c1c(-c2ccc(Cl)cc2)noc1C,,,,"MolVec 0.9.8 (git b412dd0, Maven Central)",0.3238122467882931
uob,maybridge-0433-895384534,CC(=O)c1c(-c2ccccc2)noc1C,,,,"MolVec 0.9.8 (git b412dd0, Maven Central)",0.2985336119309068
uob,maybridge-0433-935544293,CC(=O)c1csc(-c2ccccc2)n1,,,,"MolVec 0.9.8 (git b412dd0, Maven Central)",0.310976275941357
uob,maybridge-0433-949419557,CCOC(=O)c1noc(C)c1C(C)=O,,,,"MolVec 0.9.8 (git b412dd0, Maven Central)",0.1999937598593533
uob,maybridge-0433-955370709,CCOC(=O)C(=O)c1ccc(Br)s1,,,,"MolVec 0.9.8 (git b412dd0, Maven Central)",0.26143133896403015
uob,maybridge-0433-980714481,CC(=O)c1nccs1,,,,"MolVec 0.9.8 (git b412dd0, Maven Central)",0.1116127991117537
uob,maybridge-0434-1011398231,CC(=O)c1sc(-c2cccs2)nc1C,,,,"MolVec 0.9.8 (git b412dd0, Maven Central)",0.21389133296906948
uob,maybridge-0434-1071913178,CC(=O)c1csc(CS(=O)(=O)c2ccccn2)n1,,,,"MolVec 0.9.8 (git b412dd0, Maven Central)",0.2684805009048432
uob,maybridge-0434-181794251,CC(=O)c1ccc(O)c(C)c1,,,,"MolVec 0.9.8 (git b412dd0, Maven Central)",0.17157118604518473
uob,maybridge-0434-199740229,CCOC(=O)C(=O)c1csc(NC=O)n1,,,,"MolVec 0.9.8 (git b412dd0, Maven Central)",0.25883039296604693
uob,maybridge-0434-248902174,CCc1cccc(C(C)=O)c1,,,,"MolVec 0.9.8 (git b412dd0, Maven Central)",0.14601444592699409
uob,maybridge-0434-381100018,CC(=O)c1cc(C)ccc1O,,,,"MolVec 0.9.8 (git b412dd0, Maven Central)",0.16169804008677602
uob,maybridge-0434-450219327,CC(=O)c1csc(-c2csc(C)n2)n1,,,,"MolVec 0.9.8 (git b412dd0, Maven Central)",0.2123819338157773
uob,maybridge-0434-479059376,CC(=O)c1ccc(C)cc1O,,,,"MolVec 0.9.8 (git b412dd0, Maven Central)",0.1992097650654614
uob,maybridge-0434-586883646,CC(=O)c1csc(-c2ccc(C(F)(F)F)cc2)n1,,,,"MolVec 0.9.8 (git b412dd0, Maven Central)",0.3139972719363868
uob,maybridge-0434-782154060,CC(=O)c1cccc(F)c1,,,,"MolVec 0.9.8 (git b412dd0, Maven Central)",0.186356094898656
uob,maybridge-0434-978863531,CC(=O)c1ccc(N)cc1O,,,,"MolVec 0.9.8 (git b412dd0, Maven Central)",0.16482296492904425
uob,maybridge-0435-130839280,COc1cc(O)c(C(C)=O)c(O)c1,,,,"MolVec 0.9.8 (git b412dd0, Maven Central)",0.22222451400011778
uob,maybridge-0435-157033574,CNc1ccc(C(C)=O)cc1N,,,,"MolVec 0.9.8 (git b412dd0, Maven Central)",0.18625214090570807
uob,maybridge-0435-1641628,CC(=O)c1ccc(B(O)O)cc1,,,,"MolVec 0.9.8 (git b412dd0, Maven Central)",0.19269965286366642
uob,maybridge-0435-192081135,CC(=O)c1cccc(B(O)O)c1,,,,"MolVec 0.9.8 (git b412dd0, Maven Central)",0.1756519249174744
uob,maybridge-0435-339766858,N#CCC(=O)c1cccc(Cl)c1,,,,"MolVec 0.9.8 (git b412dd0, Maven Central)",0.19389183283783495
uob,maybridge-0435-417157191,Cc1cccc(C(=O)CC#N)c1,,,,"MolVec 0.9.8 (git b412dd0, Maven Central)",0.18144331104122102
uob,maybridge-0435-472826279,CC(=O)c1cc(F)cc(F)c1O,,,,"MolVec 0.9.8 (git b412dd0, Maven Central)",0.23882600688375533
uob,maybridge-0435-612494493,CC(=O)c1ccc(F)c(Cl)c1,,,,"MolVec 0.9.8 (git b412dd0, Maven Central)",0.17849139403551817
uob,maybridge-0435-620036443,CC(=O)c1cc(F)ccc1O,,,,"MolVec 0.9.8 (git b412dd0, Maven Central)",0.17598863411694765
uob,maybridge-0435-878608633,CC(=O)c1cccc(Cl)c1O,,,,"MolVec 0.9.8 (git b412dd0, Maven Central)",0.2104351830203086
uob,maybridge-0435-989215229,CC(=O)c1c(O)cccc1O,,,,"MolVec 0.9.8 (git b412dd0, Maven Central)",0.20430570701137185
uob,maybridge-0435-998118788,CC(=O)c1ccc(O)c(C)c1O,,,,"MolVec 0.9.8 (git b412dd0, Maven Central)",0.18146266811527312
uob,maybridge-0436-109228076,COc1ccc(C(C)=O)cc1CCl,,,,"MolVec 0.9.8 (git b412dd0, Maven Central)",0.17558125709183514
uob,maybridge-0436-205399862,Cc1ccc(C(=O)CCC(=O)O)cc1,,,,"MolVec 0.9.8 (git b412dd0, Maven Central)",0.24503655405715108
uob,maybridge-0436-297989782,CC(=O)c1ccccc1Oc1ccccc1,,,,"MolVec 0.9.8 (git b412dd0, Maven Central)",0.24508744617924094
uob,maybridge-0436-363136863,CCCC(=O)c1ccc(NC(C)=O)cc1O,,,,"MolVec 0.9.8 (git b412dd0, Maven Central)",0.2710541901178658
uob,maybridge-0436-440308308,Nc1cccc(C(=O)c2ccccc2)c1,,,,"MolVec 0.9.8 (git b412dd0, Maven Central)",0.2340599331073463
uob,maybridge-0436-443228356,O=C(O)c1ccc(C(=O)C(F)(F)F)cc1,,,,"MolVec 0.9.8 (git b412dd0, Maven Central)",0.2534413179382682
uob,maybridge-0436-477452380,CC(=O)c1cccc(Cl)c1Cl,,,,"MolVec 0.9.8 (git b412dd0, Maven Central)",0.19603152992203832
uob,maybridge-0436-665355358,CC(=O)Nc1ccc(C(C)=O)c(O)c1,,,,"MolVec 0.9.8 (git b412dd0, Maven Central)",0.23887165705673397
uob,maybridge-0436-723174157,CC(=O)c1ccc(S(C)(=O)=O)cc1,,,,"MolVec 0.9.8 (git b412dd0, Maven Central)",0.21846950007602572
uob,maybridge-0436-758808367,O=C(CO)c1ccc(Br)cc1,,,,"MolVec 0.9.8 (git b412dd0, Maven Central)",0.17746639484539628
uob,maybridge-0436-909003027,CC(=O)c1cccc(OC(F)(F)F)c1,,,,"MolVec 0.9.8 (git b412dd0, Maven Central)",0.1926309340633452
uob,maybridge-0436-999989758,CCOC(=O)C(=O)c1ccc(C)cc1,,,,"MolVec 0.9.8 (git b412dd0, Maven Central)",0.21169856400229037
uob,maybridge-0437-1003344113,O=C(C(=O)c1ccc([N+](=O)[O-])cc1)c1ccccc1,,,,"MolVec 0.9.8 (git b412dd0, Maven Central)",0.3525101838167757
uob,maybridge-0437-1028059453,O=C(O)CCC(=O)c1ccc(Br)cc1,,,,"MolVec 0.9.8 (git b412dd0, Maven Central)",0.224055235972628
uob,maybridge-0437-220886715,CCOC(=O)CC(=O)c1cccc([N+](=O)[O-])c1,,,,"MolVec 0.9.8 (git b412dd0, Maven Central)",0.25606008316390216
uob,maybridge-0437-293040948,N#CCC(=O)c1ccc(OC(F)(F)F)cc1,,,,"MolVec 0.9.8 (git b412dd0, Maven Central)",0.2816087391693145
uob,maybridge-0437-310011441,NCC(=O)c1ccc([N+](=O)[O-])cc1,,,,"MolVec 0.9.8 (git b412dd0, Maven Central)",0.26007330790162086
uob,maybridge-0437-339795321,Cc1ccc(C(=O)C(=O)c2ccc(Cl)cc2)cc1,,,,"MolVec 0.9.8 (git b412dd0, Maven Central)",0.32674388913437724
uob,maybridge-0437-394433425,COc1ccc(C(=O)CC(=O)C(F)(F)F)cc1,,,,"MolVec 0.9.8 (git b412dd0, Maven Central)",0.27920396509580314
uob,maybridge-0437-485326615,O=C(O)c1ccccc1C(=O)c1ccc(F)cc1,,,,"MolVec 0.9.8 (git b412dd0, Maven Central)",0.28466305090114474
uob,maybridge-0437-592440827,COc1ccc(Br)c(C(=O)CC#N)c1,,,,"MolVec 0.9.8 (git b412dd0, Maven Central)",0.249324438162148
uob,maybridge-0437-596304748,CCOC(=O)C(=O)c1ccc(Cl)c(Cl)c1,,,,"MolVec 0.9.8 (git b412dd0, Maven Central)",0.2719009299762547
uob,maybridge-0437-642020370,CCCc1c(O)c(C(C)=O)cc(C(C)=O)c1O,,,,"MolVec 0.9.8 (git b412dd0, Maven Central)",0.3368982682004571
uob,maybridge-0437-824600399,CCC(=O)c1ccc(-c2ccccc2F)cc1,,,,"MolVec 0.9.8 (git b412dd0, Maven Central)",0.30884494516067207
uob,maybridge-0438-1031638450,CC(=O)c1ccc(Oc2ccc(Cl)cc2)cc1Cl,,,,"MolVec 0.9.8 (git b412dd0, Maven Central)",0.25495022907853127
uob,maybridge-0438-300079510,Cc1c(C)c(C)c(C(=O)c2ccccc2C(=O)O)c(C)c1C,,,,"MolVec 0.9.8 (git b412dd0, Maven Central)",0.3742999460082501
uob,maybridge-0438-330644950,CC(C)(C)OC(=O)N1CCC(C(=O)c2ccc(F)cc2)CC1,,,,"MolVec 0.9.8 (git b412dd0, Maven Central)",0.3982772510498762
uob,maybridge-0438-531574440,C#CC(C(=O)c1ccc(OC)cc1)=C(SC)SC,,,,"MolVec 0.9.8 (git b412dd0, Maven Central)",0.25784093607217073
uob,maybridge-0438-567715787,CCOC(=O)CCC(=O)OC(C(=O)c1ccccc1)c1ccccc1,,,,"MolVec 0.9.8 (git b412dd0, Maven Central)",0.4173632429447025
uob,maybridge-0438-642777116,C#CC(C(=O)c1ccc(Cl)cc1)=C(SC)SC,,,,"MolVec 0.9.8 (git b412dd0, Maven Central)",0.29982029902748764
uob,maybridge-0438-812201273,CCOC(=O)CC(=O)c1cc(PF)cc(C(F)(F)F)c1,,,,"MolVec 0.9.8 (git b412dd0, Maven Central)",0.40194340399466455
uob,maybridge-0438-874919565,O=C(O)CCOC(C(=O)c1ccccc1)c1ccccc1,,,,"MolVec 0.9.8 (git b412dd0, Maven Central)",0.3699222409632057
uob,maybridge-0438-942169679,CC1NC([N+](=O)[O-])C(Br)N1CC(=O)c1ccc(Cl)cc1,,,,"MolVec 0.9.8 (git b412dd0, Maven Central)",0.31741340504959226
uob,maybridge-0439-191567892,O=C(Cc1ccccc1)C1CCCCC1,,,,"MolVec 0.9.8 (git b412dd0, Maven Central)",0.31116691580973566
uob,maybridge-0439-259329004,CC(=O)c1ccc(Cl)nc1,,,,"MolVec 0.9.8 (git b412dd0, Maven Central)",0.1947637649718672
uob,maybridge-0439-275556832,CC(=O)/C=C/c1ccccc1Cl,,,,"MolVec 0.9.8 (git b412dd0, Maven Central)",0.18924335506744683
uob,maybridge-0439-336332373,Cc1ccc(CC(=O)c2cccnc2)cc1,,,,"MolVec 0.9.8 (git b412dd0, Maven Central)",0.3103032298386097
uob,maybridge-0439-353844962,O=C1CCC(C(F)(F)F)CC1,,,,"MolVec 0.9.8 (git b412dd0, Maven Central)",0.17191490996629
uob,maybridge-0439-489050163,CC1(OCCO)CCC(=O)CC1,,,,"MolVec 0.9.8 (git b412dd0, Maven Central)",0.15716244303621352
uob,maybridge-0439-566319741,CC(=O)C(Oc1ccc(Cl)cc1)C(C)=O,,,,"MolVec 0.9.8 (git b412dd0, Maven Central)",0.2182006409857422
uob,maybridge-0439-598184013,CC(C)(C)C1=CC(=O)C=C(C(C)(C)C)C1=O,,,,"MolVec 0.9.8 (git b412dd0, Maven Central)",0.2939313221722841
uob,maybridge-0439-733449722,COC(=O)c1ccccc1SCC(C)=O,,,,"MolVec 0.9.8 (git b412dd0, Maven Central)",0.26239163102582097
uob,maybridge-0439-799802258,CC(=O)c1nccnc1C,,,,"MolVec 0.9.8 (git b412dd0, Maven Central)",0.15714462101459503
uob,maybridge-0439-812321232,O=C1CCCC(O)=C1Cl,,,,"MolVec 0.9.8 (git b412dd0, Maven Central)",0.15184343396686018
uob,maybridge-0439-873339973,CC(=O)c1cc(C#N)c(O)nc1C,,,,"MolVec 0.9.8 (git b412dd0, Maven Central)",0.26349048502743244
uob,maybridge-0440-383892487,CC(=O)C1CCN(C(C)=O)CC1,,,,"MolVec 0.9.8 (git b412dd0, Maven Central)",0.17908747284673154
uob,maybridge-0440-430253269,O=C(c1ccccc1)C1CCNCC1,,,,"MolVec 0.9.8 (git b412dd0, Maven Central)",0.33846738608554006
uob,maybridge-0440-463766580,CC(C)(C)[Si](C)(C)OCC1CN(Cc2ccccc2)CCC1=O,,,,"MolVec 0.9.8 (git b412dd0, Maven Central)",0.325601439923048
uob,maybridge-0440-502116586,O=C(c1ccc(Cl)cc1)C1CCNCC1,,,,"MolVec 0.9.8 (git b412dd0, Maven Central)",0.3397479460109025
uob,maybridge-0440-536407837,COc1ccc(C(=O)C2CCNCC2)cc1,,,,"MolVec 0.9.8 (git b412dd0, Maven Central)",0.34506322303786874
uob,maybridge-0440-775517952,CC1(C)CC(=O)CC(C)(C)N1,,,,"MolVec 0.9.8 (git b412dd0, Maven Central)",0.1862748390994966
uob,maybridge-0440-808253488,O=C1CCN(Cc2ccccc2)CC1,,,,"MolVec 0.9.8 (git b412dd0, Maven Central)",0.20442618103697896
uob,maybridge-0440-909381959,CC(C)(C)OC(=O)N1CCC(=O)CC1,,,,"MolVec 0.9.8 (git b412dd0, Maven Central)",0.21334853791631758
uob,maybridge-0440-992042913,O=C(c1ccc(F)cc1)C1CCNCC1,,,,"MolVec 0.9.8 (git b412dd0, Maven Central)",0.2673871440347284
uob,maybridge-0441-379715086,C[C@]12CC(=O)C[C@@]1(C)CC(=O)C2,,,,"MolVec 0.9.8 (git b412dd0, Maven Central)",0.255524932872504
uob,maybridge-0441-38549361,O=C1CCSCC1,,,,"MolVec 0.9.8 (git b412dd0, Maven Central)",0.12912368215620518
uob,maybridge-0441-594230542,CC(=O)C1=CN=C(c2ccc(Cl)cc2)SC1,,,,"MolVec 0.9.8 (git b412dd0, Maven Central)",0.3217198639176786
uob,maybridge-0441-633143779,CC(=O)Nc1ccc2c(c1)CCC2=O,,,,"MolVec 0.9.8 (git b412dd0, Maven Central)",0.2596047760453075
uob,maybridge-0441-659549829,O=C1CCOCC1,,,,"MolVec 0.9.8 (git b412dd0, Maven Central)",0.13885769806802273
uob,maybridge-0441-726396920,CC(=O)c1ccc2c(c1)CCC2,,,,"MolVec 0.9.8 (git b412dd0, Maven Central)",0.2169489380903542
uob,maybridge-0441-751240662,O=C(Oc1cccc2c1CCC2=O)c1ccccc1,,,,"MolVec 0.9.8 (git b412dd0, Maven Central)",0.5308225110638887
uob,maybridge-0441-821012898,CC(=O)CCc1c[nH]c2ccccc12,,,,"MolVec 0.9.8 (git b412dd0, Maven Central)",0.2793482979759574
uob,maybridge-0441-867377000,Nc1ccc2c(c1)CCC2=O,,,,"MolVec 0.9.8 (git b412dd0, Maven Central)",0.23995619313791394
uob,maybridge-0441-880504752,CC1Cc2ccccc2C1=O,,,,"MolVec 0.9.8 (git b412dd0, Maven Central)",0.2427773589733988
uob,maybridge-0441-928480173,CC(=O)C1C(=O)c2cccc([N+](=O)[O-])c2C1=O,,,,"MolVec 0.9.8 (git b412dd0, Maven Central)",0.27633062307722867
uob,maybridge-0442-1016762474,CC(=O)c1cc2cc(Br)ccc2o1,,,,"MolVec 0.9.8 (git b412dd0, Maven Central)",0.323801273945719
uob,maybridge-0442-1067652674,O=C1COc2cc(O)ccc21,,,,"MolVec 0.9.8 (git b412dd0, Maven Central)",0.2083448669873178
uob,maybridge-0442-17311566,O=C1Nc2c(C(=O)O)cccc2C1=O,,,,"MolVec 0.9.8 (git b412dd0, Maven Central)",0.32188798813149333
uob,maybridge-0442-34520288,O=C1Nc2c(Br)cccc2C1=O,,,,"MolVec 0.9.8 (git b412dd0, Maven Central)",0.3056361700873822
uob,maybridge-0442-403106061,CC(=O)c1ccc2c(c1)CCO2,,,,"MolVec 0.9.8 (git b412dd0, Maven Central)",0.2109081249218434
uob,maybridge-0442-496485002,CO12CC(=O)CC1N2CC1=CC=CC=C1,,,,"MolVec 0.9.8 (git b412dd0, Maven Central)",0.21924797003157437
uob,maybridge-0442-562594008,CC(=O)c1csc2ccc(Br)cc12,,,,"MolVec 0.9.8 (git b412dd0, Maven Central)",0.2616901849396527
uob,maybridge-0442-650762711,O=C(CC(=O)C(F)(F)F)c1ccc2c(c1)OCO2,,,,"MolVec 0.9.8 (git b412dd0, Maven Central)",0.22750616585835814
uob,maybridge-0442-792934011,CC(=O)c1cc2cc(Cl)ccc2o1,,,,"MolVec 0.9.8 (git b412dd0, Maven Central)",0.3101845209021121
uob,maybridge-0442-833704008,O=C(O)c1coc2c1C(=O)CCC2,,,,"MolVec 0.9.8 (git b412dd0, Maven Central)",0.22223446308635175
uob,maybridge-0442-917040704,CC(C)(C)OC(=O)N1C2CCC1CC(=O)C2,,,,"MolVec 0.9.8 (git b412dd0, Maven Central)",0.2622548940125853
uob,maybridge-0443-308508976,CC(=O)c1c(O)ccc2ccccc12,,,,"MolVec 0.9.8 (git b412dd0, Maven Central)",0.2967939539812505
uob,maybridge-0443-312350727,O=C1CCCc2ccc(Br)cc21,,,,"MolVec 0.9.8 (git b412dd0, Maven Central)",0.20218600216321647
uob,maybridge-0443-485500823,O=C1CCc2cccc(O)c2C1,,,,"MolVec 0.9.8 (git b412dd0, Maven Central)",0.20866015111096203
uob,maybridge-0443-585604850,COc1ccc2cc(C(C)=O)ccc2c1,,,,"MolVec 0.9.8 (git b412dd0, Maven Central)",0.22111627296544611
uob,maybridge-0443-652467954,CSc1sc(C(N)=S)c2c1C(=O)CCC2,,,,"MolVec 0.9.8 (git b412dd0, Maven Central)",0.3231644369661808
uob,maybridge-0443-65483922,CSc1sc(C#N)c2c1C(=O)CC(C)(C)C2,,,,"MolVec 0.9.8 (git b412dd0, Maven Central)",0.33456628303974867
uob,maybridge-0443-715899156,Nc1ccc2c(c1)CCCC2=O,,,,"MolVec 0.9.8 (git b412dd0, Maven Central)",0.25157076003961265
uob,maybridge-0443-788880922,CC(=O)c1sc2nc(-c3cccs3)cc(C(F)(F)F)c2c1N,,,,"MolVec 0.9.8 (git b412dd0, Maven Central)",0.5959455859847367
uob,maybridge-0443-886864313,CC(=O)c1ccc2c(c1)C(C)(C)CCC2(C)C,,,,"MolVec 0.9.8 (git b412dd0, Maven Central)",0.2968255740124732
uob,maybridge-0443-96345723,CC(=O)Nc1ccc2c(c1)CCCC2=O,,,,"MolVec 0.9.8 (git b412dd0, Maven Central)",0.27405188605189323
uob,maybridge-0444-1045838986,O=C1CCS(=O)(=O)c2ccc(Cl)cc21,,,,"MolVec 0.9.8 (git b412dd0, Maven Central)",0.25722102099098265
uob,maybridge-0444-342348541,CC12CC[N+2]1(C)(CO)CC2=O,,,,"MolVec 0.9.8 (git b412dd0, Maven Central)",0.22532796510495245
uob,maybridge-0444-3967575,O=c1ccoc2cccc(O)c12,,,,"MolVec 0.9.8 (git b412dd0, Maven Central)",0.19431134103797376
uob,maybridge-0444-474724036,CCOC(=O)C1C(=O)C2C(C(=O)OCC)C(=O)C12,,,,"MolVec 0.9.8 (git b412dd0, Maven Central)",0.3495567301288247
uob,maybridge-0444-535119798,CCOC(=O)c1cc(=O)c2ccc(O)cc2o1,,,,"MolVec 0.9.8 (git b412dd0, Maven Central)",0.31730180885642767
uob,maybridge-0444-682750874,Cc1c(O)ccc2c1OC(C)(C)CC2=O,,,,"MolVec 0.9.8 (git b412dd0, Maven Central)",0.2594895688816905
uob,maybridge-0444-697980751,CC(C)(C)c1cc(C(C)(C)C)c2oc(C(=O)O)cc(=O)c2c1,,,,"MolVec 0.9.8 (git b412dd0, Maven Central)",0.3776444299146533
uob,maybridge-0444-764720539,O=C1CCSc2ccc(F)cc21,,,,"MolVec 0.9.8 (git b412dd0, Maven Central)",0.21842947113327682
uob,maybridge-0444-831486582,O=C(O)CCC(=O)c1ccc2c(c1)OCCO2,,,,"MolVec 0.9.8 (git b412dd0, Maven Central)",0.30747961695306003
uob,maybridge-0444-928237588,CC(=O)c1cc2cc(Cl)cc(Cl)c2oc1=O,,,,"MolVec 0.9.8 (git b412dd0, Maven Central)",0.35284120216965675
uob,maybridge-0444-962185154,O=C1CCC2CC1CCC2=O,,,,"MolVec 0.9.8 (git b412dd0, Maven Central)",0.211924958974123
uob,maybridge-0445-188047698,O=C1c2cc(Br)ccc2-c2ccc(Br)cc21,,,,"MolVec 0.9.8 (git b412dd0, Maven Central)",0.39029290503822267
uob,maybridge-0445-223205168,COC(=O)c1cccc2c1-c1ccccc1C2=O,,,,"MolVec 0.9.8 (git b412dd0, Maven Central)",0.37806896585971117
uob,maybridge-0445-306926404,CCO/C=C(/C(=O)OCC)C(=O)C(F)(F)F,,,,"MolVec 0.9.8 (git b412dd0, Maven Central)",0.26584595907479525
uob,maybridge-0445-455391615,Nc1ccc(O)c2c1C(=O)c1c(O)ccc(N)c1C2=O,,,,"MolVec 0.9.8 (git b412dd0, Maven Central)",0.3724450001027435
uob,maybridge-0445-488453826,CCOC(=O)/C(=C\N(C)C)C(C)=O,,,,"MolVec 0.9.8 (git b412dd0, Maven Central)",0.1931871899869293
uob,maybridge-0445-53251969,COC(=O)CC(=O)C(F)(F)F,,,,"MolVec 0.9.8 (git b412dd0, Maven Central)",0.2418615820351988
uob,maybridge-0445-597066503,O=C1c2ccc(O)cc2C(=O)c2ccc(O)cc21,,,,"MolVec 0.9.8 (git b412dd0, Maven Central)",0.353893157094717
uob,maybridge-0445-626356568,O=C(O)CCC(=O)c1ccc2c(c1)OCCCO2,,,,"MolVec 0.9.8 (git b412dd0, Maven Central)",0.28708672104403377
uob,maybridge-0445-717366860,COC(OC)C(=O)/C=C/N(C)C,,,,"MolVec 0.9.8 (git b412dd0, Maven Central)",0.182819452136755
uob,maybridge-0445-886045922,CCOC(=O)C(=O)CC(=O)C(C)(C)C,,,,"MolVec 0.9.8 (git b412dd0, Maven Central)",0.18131671100854874
uob,maybridge-0446-7657654,CCOC(=O)C(CCC(=O)O)(CCC(=O)O)C(C)=O,,,,"MolVec 0.9.8 (git b412dd0, Maven Central)",0.33618217008188367
uob,maybridge-0447-1059884135,N#Cc1c(-c2ccc(Cl)cc2)n[nH]c1N,,,,"MolVec 0.9.8 (git b412dd0, Maven Central)",0.38072824012488127
uob,maybridge-0447-16865035,Cc1nn(-c2ccccc2)c(C)c1C#N,,,,"MolVec 0.9.8 (git b412dd0, Maven Central)",0.24893415393307805
uob,maybridge-0447-341700944,CC(C)(C)n1nc(-c2ccc(Cl)cc2)c(C#N)c1N,,,,"MolVec 0.9.8 (git b412dd0, Maven Central)",0.4438076941296458
uob,maybridge-0447-352838525,C=C1CC(C#N)C1,,,,"MolVec 0.9.8 (git b412dd0, Maven Central)",0.14787945291027427
uob,maybridge-0447-491579483,Cn1cnc(C#N)c1,,,,"MolVec 0.9.8 (git b412dd0, Maven Central)",0.13828683085739613
uob,maybridge-0447-705257308,Cn1cncc1C#N,,,,"MolVec 0.9.8 (git b412dd0, Maven Central)",0.11209675506688654
uob,maybridge-0447-807879032,N#CC1CN(C(c2ccccc2)c2ccccc2)C1,,,,"MolVec 0.9.8 (git b412dd0, Maven Central)",0.35290207085199654
uob,maybridge-0447-855512527,C#CCCn1cccc1C=O,,,,"MolVec 0.9.8 (git b412dd0, Maven Central)",0.24472856521606445
uob,maybridge-0447-963879572,N#Cc1n[nH]cc1Br,,,,"MolVec 0.9.8 (git b412dd0, Maven Central)",0.17300161998718977
uob,maybridge-0448-121999259,N#Cc1ccsc1N,,,,"MolVec 0.9.8 (git b412dd0, Maven Central)",0.20201205788180232
uob,maybridge-0448-164153331,C#CCCn1ccnc1C,,,,"MolVec 0.9.8 (git b412dd0, Maven Central)",0.16616968903690577
uob,maybridge-0448-44611625,N#Cc1cc(-c2ccccc2)oc1N,,,,"MolVec 0.9.8 (git b412dd0, Maven Central)",0.29794774181209505
uob,maybridge-0448-477527843,CSc1ccc(C#N)s1,,,,"MolVec 0.9.8 (git b412dd0, Maven Central)",0.15740862395614386
uob,maybridge-0448-524788050,COC(=O)c1scc(C#N)c1N,,,,"MolVec 0.9.8 (git b412dd0, Maven Central)",0.2469273880124092
uob,maybridge-0448-543471674,N#CCCNCC1CCCO1,,,,"MolVec 0.9.8 (git b412dd0, Maven Central)",0.10814903397113085
uob,maybridge-0448-731352349,CC(=O)c1ccc(C#N)s1,,,,"MolVec 0.9.8 (git b412dd0, Maven Central)",0.20730791706591845
uob,maybridge-0448-778113193,N#Cc1csc([N+](=O)[O-])c1,,,,"MolVec 0.9.8 (git b412dd0, Maven Central)",0.20576497307047248
uob,maybridge-0448-800693153,Cc1occc1C(=O)CC#N,,,,"MolVec 0.9.8 (git b412dd0, Maven Central)",0.20775893796235323
uob,maybridge-0448-830133664,N#CCCNCc1ccco1,,,,"MolVec 0.9.8 (git b412dd0, Maven Central)",0.1414423300884664
uob,maybridge-0448-882549569,N#Cc1ccc([N+](=O)[O-])s1,,,,"MolVec 0.9.8 (git b412dd0, Maven Central)",0.12462573987431824
uob,maybridge-0448-890121947,Cc1cc(C(=O)CC#N)c(C(F)(F)F)o1,,,,"MolVec 0.9.8 (git b412dd0, Maven Central)",0.2924084470141679
uob,maybridge-0449-1045053637,COC(=O)c1sc(N2CCCCC2)c(C#N)c1N,,,,"MolVec 0.9.8 (git b412dd0, Maven Central)",0.4053046719636768
uob,maybridge-0449-1065329248,CSc1sc(C(=O)O)c(-c2ccc(Cl)cc2)c1C#N,,,,"MolVec 0.9.8 (git b412dd0, Maven Central)",0.37069801706820726
uob,maybridge-0449-166014115,N#Cc1conc1N,,,,"MolVec 0.9.8 (git b412dd0, Maven Central)",0.1428899080492556
uob,maybridge-0449-172645283,N#Cc1sc(-c2ccc(F)cc2)cc1N,,,,"MolVec 0.9.8 (git b412dd0, Maven Central)",0.3773976908996701
uob,maybridge-0449-17942666,COC1=CC=C(C2=C(C(=O)O)SC(SC)=C2O2#CC2)C=C1,,,,"MolVec 0.9.8 (git b412dd0, Maven Central)",0.4029738949611783
uob,maybridge-0449-532982772,Cc1noc(C)c1C#N,,,,"MolVec 0.9.8 (git b412dd0, Maven Central)",0.16983142914250493
uob,maybridge-0449-681683849,Cc1csc(NC(=O)CCl)c1C#N,,,,"MolVec 0.9.8 (git b412dd0, Maven Central)",0.22711613797582686
uob,maybridge-0449-858771169,N#Cc1ccc(-c2cccs2)s1,,,,"MolVec 0.9.8 (git b412dd0, Maven Central)",0.27464625192806125
uob,maybridge-0449-939949501,COC(=O)c1sc(SC)c(C#N)c1N,,,,"MolVec 0.9.8 (git b412dd0, Maven Central)",0.25866963784210384
uob,maybridge-0449-96328374,N#CCC(=O)c1cccs1,,,,"MolVec 0.9.8 (git b412dd0, Maven Central)",0.19429560704156756
uob,maybridge-0450-143085762,Cc1ccc(-c2snc(Cl)c2C#N)cc1,,,,"MolVec 0.9.8 (git b412dd0, Maven Central)",0.28001175192184746
uob,maybridge-0450-160553210,Cc1nc(-c2ccc(C(F)(F)F)cc2)sc1C#N,,,,"MolVec 0.9.8 (git b412dd0, Maven Central)",0.3598277249839157
uob,maybridge-0450-211876167,N#CCc1nc(-c2ccc([N+](=O)[O-])cc2)cs1,,,,"MolVec 0.9.8 (git b412dd0, Maven Central)",0.3169844339136034
uob,maybridge-0450-252287512,N#CCc1nc(-c2ccc3c(c2)OCCO3)cs1,,,,"MolVec 0.9.8 (git b412dd0, Maven Central)",0.3328060780186206
uob,maybridge-0450-330264117,Cc1csc(CC#N)n1,,,,"MolVec 0.9.8 (git b412dd0, Maven Central)",0.11724822386167943
uob,maybridge-0450-425124611,Cc1nc(C=N)cs1,,,,"MolVec 0.9.8 (git b412dd0, Maven Central)",0.12886332091875374
uob,maybridge-0450-467401174,Cc1onc(-c2c(Cl)cccc2Cl)c1CC#N,,,,"MolVec 0.9.8 (git b412dd0, Maven Central)",0.29056637710891664
uob,maybridge-0450-605862918,Cc1onc(-c2c(F)cccc2Cl)c1C#N,,,,"MolVec 0.9.8 (git b412dd0, Maven Central)",0.28751179203391075
uob,maybridge-0450-74535539,Cc1nc(-c2ccccc2)sc1C#N,,,,"MolVec 0.9.8 (git b412dd0, Maven Central)",0.2339306389912963
uob,maybridge-0450-812823893,N#CCc1nc(-c2ccccc2)cs1,,,,"MolVec 0.9.8 (git b412dd0, Maven Central)",0.22887532017193735
uob,maybridge-0450-93188052,N#CCc1nc(-c2ccc(Cl)c(Cl)c2)cs1,,,,"MolVec 0.9.8 (git b412dd0, Maven Central)",0.2748647020198405
uob,maybridge-0451-1049509684,N#Cc1ccc(B(O)O)cc1,,,,"MolVec 0.9.8 (git b412dd0, Maven Central)",0.18547314405441284
uob,maybridge-0451-296945661,N#Cc1cccc(C=O)c1,,,,"MolVec 0.9.8 (git b412dd0, Maven Central)",0.1428628710564226
uob,maybridge-0451-311961730,N#Cc1ccccc1N=C=O,,,,"MolVec 0.9.8 (git b412dd0, Maven Central)",0.16669144784100354
uob,maybridge-0451-348516694,Cc1ccc(C#N)c(N)c1,,,,"MolVec 0.9.8 (git b412dd0, Maven Central)",0.13549988297745585
uob,maybridge-0451-461173722,N#Cc1ccc(N)c(N)c1,,,,"MolVec 0.9.8 (git b412dd0, Maven Central)",0.18100771796889603
uob,maybridge-0451-462920912,CC(C)c1ccc(C#N)cc1,,,,"MolVec 0.9.8 (git b412dd0, Maven Central)",0.21167356916703284
uob,maybridge-0451-685763082,N#Cc1ccc(N=C=O)cc1,,,,"MolVec 0.9.8 (git b412dd0, Maven Central)",0.19860294391401112
uob,maybridge-0451-699409459,N#Cc1cccc(B(O)O)c1,,,,"MolVec 0.9.8 (git b412dd0, Maven Central)",0.1711913850158453
uob,maybridge-0451-716633215,N#Cc1ccc(C=O)cc1,,,,"MolVec 0.9.8 (git b412dd0, Maven Central)",0.1411955850198865
uob,maybridge-0451-721590492,CNc1ccc(C#N)cc1N,,,,"MolVec 0.9.8 (git b412dd0, Maven Central)",0.17249352298676968
uob,maybridge-0451-805497996,Cc1ccc(F)cc1C#N,,,,"MolVec 0.9.8 (git b412dd0, Maven Central)",0.1241216289345175
uob,maybridge-0451-980303507,N#Cc1ccc(O)cc1F,,,,"MolVec 0.9.8 (git b412dd0, Maven Central)",0.18924137786962092
uob,maybridge-0452-369026851,CN(C)c1cccc(F)c1C#N,,,,"MolVec 0.9.8 (git b412dd0, Maven Central)",0.20509582292288542
uob,maybridge-0452-411330989,N#Cc1ccc(N)c(Cl)c1,,,,"MolVec 0.9.8 (git b412dd0, Maven Central)",0.17443497688509524
uob,maybridge-0452-420543385,N#Cc1ccc(CCO)cc1,,,,"MolVec 0.9.8 (git b412dd0, Maven Central)",0.18482371093705297
uob,maybridge-0452-433735585,C#Cc1ccccc1C(=O)OC,,,,"MolVec 0.9.8 (git b412dd0, Maven Central)",0.21772831492125988
uob,maybridge-0452-456123210,Cc1cc(C#N)cc(C)c1O,,,,"MolVec 0.9.8 (git b412dd0, Maven Central)",0.1717262479942292
uob,maybridge-0452-469924724,N#Cc1c(N)cccc1Cl,,,,"MolVec 0.9.8 (git b412dd0, Maven Central)",0.15310770203359425
uob,maybridge-0452-472089522,N#Cc1cc(Cl)ccc1O,,,,"MolVec 0.9.8 (git b412dd0, Maven Central)",0.17103891796432436
uob,maybridge-0452-489747241,COC(=O)c1cccc(C#N)c1,,,,"MolVec 0.9.8 (git b412dd0, Maven Central)",0.1608330779708922
uob,maybridge-0452-53989338,Cc1cc(O)cc(C)c1C#N,,,,"MolVec 0.9.8 (git b412dd0, Maven Central)",0.18531850399449468
uob,maybridge-0452-612990482,CCCOc1ccc(C#N)cc1,,,,"MolVec 0.9.8 (git b412dd0, Maven Central)",0.16786956414580345
uob,maybridge-0452-745343627,Cc1ccc(C#N)c([N+](=O)[O-])c1,,,,"MolVec 0.9.8 (git b412dd0, Maven Central)",0.15680807689204812
uob,maybridge-0452-830955542,N#Cc1ccc(N=C=S)cc1,,,,"MolVec 0.9.8 (git b412dd0, Maven Central)",0.16318311099894345
uob,maybridge-0453-309971432,N#Cc1ccc(-n2cccc2)cc1,,,,"MolVec 0.9.8 (git b412dd0, Maven Central)",0.21289244503714144
uob,maybridge-0453-342984802,N#Cc1ccc(F)cc1[N+](=O)[O-],,,,"MolVec 0.9.8 (git b412dd0, Maven Central)",0.24954303493723273
uob,maybridge-0453-411278661,N#Cc1ccc(-n2ccnc2)cc1,,,,"MolVec 0.9.8 (git b412dd0, Maven Central)",0.24053021799772978
uob,maybridge-0453-459345547,C#Cc1ccccc1-n1ccnc1,,,,"MolVec 0.9.8 (git b412dd0, Maven Central)",0.1750765279866755
uob,maybridge-0453-527534521,C#Cc1ccccc1-n1cccc1,,,,"MolVec 0.9.8 (git b412dd0, Maven Central)",0.2728633610531688
uob,maybridge-0453-557785761,N#Cc1ccc(-c2ccco2)cc1,,,,"MolVec 0.9.8 (git b412dd0, Maven Central)",0.2741234661079943
uob,maybridge-0453-712298350,N#Cc1cccc(-n2ccnc2)c1,,,,"MolVec 0.9.8 (git b412dd0, Maven Central)",0.22206120193004608
uob,maybridge-0453-867025281,N#Cc1cc([N+](=O)[O-])ccc1F,,,,"MolVec 0.9.8 (git b412dd0, Maven Central)",0.17884830781258643
uob,maybridge-0453-884677900,C#Cc1ccccc1-n1cccn1,,,,"MolVec 0.9.8 (git b412dd0, Maven Central)",0.2239923789165914
uob,maybridge-0453-938109611,C#Cc1ccccc1-c1ccco1,,,,"MolVec 0.9.8 (git b412dd0, Maven Central)",0.2733421821612865
uob,maybridge-0453-950827443,N#Cc1cccc(-c2ccco2)c1,,,,"MolVec 0.9.8 (git b412dd0, Maven Central)",0.22069259895943105
uob,maybridge-0453-976270401,N#Cc1ccc(NN)c(Cl)c1,,,,"MolVec 0.9.8 (git b412dd0, Maven Central)",0.24623516504652798
uob,maybridge-0454-146882282,N#Cc1cccc(N2CCCC2)c1,,,,"MolVec 0.9.8 (git b412dd0, Maven Central)",0.16895371093414724
uob,maybridge-0454-147495085,N#Cc1ccc(N2CCCC2)cc1,,,,"MolVec 0.9.8 (git b412dd0, Maven Central)",0.20337004703469574
uob,maybridge-0454-216192873,N#Cc1ccc(S(N)(=O)=O)cc1,,,,"MolVec 0.9.8 (git b412dd0, Maven Central)",0.20370676298625767
uob,maybridge-0454-231933617,N#Cc1ccc([N+](=O)[O-])cc1Cl,,,,"MolVec 0.9.8 (git b412dd0, Maven Central)",0.17075603595003486
uob,maybridge-0454-32210656,COc1ccc(C#N)cc1[N+](=O)[O-],,,,"MolVec 0.9.8 (git b412dd0, Maven Central)",0.1906504351645708
uob,maybridge-0454-416611984,N#Cc1cc(Cl)ccc1Cl,,,,"MolVec 0.9.8 (git b412dd0, Maven Central)",0.20486718299798667
uob,maybridge-0454-492408422,FC(F)F.N#Cc1ccccc1,,,,"MolVec 0.9.8 (git b412dd0, Maven Central)",0.22439809213392437
uob,maybridge-0454-514966136,N#Cc1c(O)ccc([N+](=O)[O-])c1O,,,,"MolVec 0.9.8 (git b412dd0, Maven Central)",0.22987759509123862
uob,maybridge-0454-665135559,N#Cc1cccc(-n2cccn2)c1,,,,"MolVec 0.9.8 (git b412dd0, Maven Central)",0.19136521290056407
uob,maybridge-0454-667371014,N#Cc1ccc(Cn2ccnc2)cc1,,,,"MolVec 0.9.8 (git b412dd0, Maven Central)",0.24504395993426442
uob,maybridge-0454-711368174,C#Cc1ccccc1N1CCCC1,,,,"MolVec 0.9.8 (git b412dd0, Maven Central)",0.1658039118628949
uob,maybridge-0454-893677163,N#Cc1ccccc1Br,,,,"MolVec 0.9.8 (git b412dd0, Maven Central)",0.1496255479287356
uob,maybridge-0455-439651968,Cn1ccc(-c2cccc(C#N)c2)n1,,,,"MolVec 0.9.8 (git b412dd0, Maven Central)",0.2600579510908574
uob,maybridge-0455-449519889,N#Cc1ccc(Cn2cncn2)cc1,,,,"MolVec 0.9.8 (git b412dd0, Maven Central)",0.23990021483041346
uob,maybridge-0455-562027130,N#Cc1ccc(N2CCCCC2)cc1,,,,"MolVec 0.9.8 (git b412dd0, Maven Central)",0.19059375603683293
uob,maybridge-0455-566292841,N#Cc1cccc(N2CCCCC2)c1,,,,"MolVec 0.9.8 (git b412dd0, Maven Central)",0.18087398004718125
uob,maybridge-0455-682873217,N#Cc1ccc(-c2nccs2)cc1,,,,"MolVec 0.9.8 (git b412dd0, Maven Central)",0.19322499516420066
uob,maybridge-0455-68409481,N#Cc1cccc(-c2cccs2)c1,,,,"MolVec 0.9.8 (git b412dd0, Maven Central)",0.2632828648202121
uob,maybridge-0455-749476479,Cc1nccn1-c1ccc(C#N)cc1,,,,"MolVec 0.9.8 (git b412dd0, Maven Central)",0.23587838094681501
uob,maybridge-0455-762841615,C#Cc1ccccc1Cn1cncn1,,,,"MolVec 0.9.8 (git b412dd0, Maven Central)",0.23671930097043514
uob,maybridge-0455-814852914,N#Cc1ccc(Cn2cccn2)cc1,,,,"MolVec 0.9.8 (git b412dd0, Maven Central)",0.2600322449579835
uob,maybridge-0455-857319515,N#Cc1ccc(-c2ccsc2)cc1,,,,"MolVec 0.9.8 (git b412dd0, Maven Central)",0.25161926494911313
uob,maybridge-0455-924810522,N#Cc1ccc(N)cc1PF,,,,"MolVec 0.9.8 (git b412dd0, Maven Central)",0.19524668203666806
uob,maybridge-0455-939095248,N#Cc1cccc(Cn2cncn2)c1,,,,"MolVec 0.9.8 (git b412dd0, Maven Central)",0.20100385788828135
uob,maybridge-0456-1064109673,COC(=O)c1ccc(OC)c(C#N)c1,,,,"MolVec 0.9.8 (git b412dd0, Maven Central)",0.2125540238339454
uob,maybridge-0456-14683114,N#Cc1ccc(N2CCNCC2)cc1,,,,"MolVec 0.9.8 (git b412dd0, Maven Central)",0.2354552538599819
uob,maybridge-0456-149252664,N#Cc1cccc(N2CCOCC2)c1,,,,"MolVec 0.9.8 (git b412dd0, Maven Central)",0.1721229339018464
uob,maybridge-0456-157104778,CN(C)c1ccc(C=O)c(F)c1C#N,,,,"MolVec 0.9.8 (git b412dd0, Maven Central)",0.19983187993057072
uob,maybridge-0456-234878051,N#Cc1ccc(Oc2ccccn2)cc1,,,,"MolVec 0.9.8 (git b412dd0, Maven Central)",0.1956606840249151
uob,maybridge-0456-269511491,C#Cc1ccccc1OCCN(C)C,,,,"MolVec 0.9.8 (git b412dd0, Maven Central)",0.25075478199869394
uob,maybridge-0456-294802596,N#Cc1cccc(-n2cccc2C=O)c1,,,,"MolVec 0.9.8 (git b412dd0, Maven Central)",0.2771325570065528
uob,maybridge-0456-384320879,CN(C)CCOc1ccc(C#N)cc1,,,,"MolVec 0.9.8 (git b412dd0, Maven Central)",0.17605843278579414
uob,maybridge-0456-386641454,N#Cc1cccc(Oc2ccccc2)c1,,,,"MolVec 0.9.8 (git b412dd0, Maven Central)",0.18334585311822593
uob,maybridge-0456-463552533,N#Cc1ccc(Oc2ccccc2)cc1,,,,"MolVec 0.9.8 (git b412dd0, Maven Central)",0.22762965806759894
uob,maybridge-0456-663716201,C#Cc1ccccc1Oc1ccccc1,,,,"MolVec 0.9.8 (git b412dd0, Maven Central)",0.2552635509055108
uob,maybridge-0456-907614598,N#Cc1ccc(OC(F)(F)F)cc1,,,,"MolVec 0.9.8 (git b412dd0, Maven Central)",0.2213657801039517
uob,maybridge-0457-1005756389,N#Cc1ccc(S(=O)(=O)Cl)cc1,,,,"MolVec 0.9.8 (git b412dd0, Maven Central)",0.17278098408132792
uob,maybridge-0457-1008437765,CN1CCN(c2cccc(C#N)c2)CC1,,,,"MolVec 0.9.8 (git b412dd0, Maven Central)",0.20497725578024983
uob,maybridge-0457-167595293,N#Cc1ccccc1S(=O)(=O)Cl,,,,"MolVec 0.9.8 (git b412dd0, Maven Central)",0.16611129604279995
uob,maybridge-0457-401024038,N#Cc1ccc(N)c(OC(F)(F)F)c1,,,,"MolVec 0.9.8 (git b412dd0, Maven Central)",0.2223283350467682
uob,maybridge-0457-451462558,N#Cc1cccc(S(=O)(=O)Cl)c1,,,,"MolVec 0.9.8 (git b412dd0, Maven Central)",0.16277470090426505
uob,maybridge-0457-487439979,N#Cc1cccc(CN2CCOCC2)c1,,,,"MolVec 0.9.8 (git b412dd0, Maven Central)",0.16761982114985585
uob,maybridge-0457-588340986,Cc1nc(-c2ccc(C#N)cc2)cs1,,,,"MolVec 0.9.8 (git b412dd0, Maven Central)",0.2909342448692769
uob,maybridge-0457-689726017,N#Cc1ccc(CN2CCCCC2)cc1,,,,"MolVec 0.9.8 (git b412dd0, Maven Central)",0.17733518593013287
uob,maybridge-0457-86897281,C#Cc1ccccc1CN1CCOCC1,,,,"MolVec 0.9.8 (git b412dd0, Maven Central)",0.1964827619958669
uob,maybridge-0457-894702218,C#Cc1ccccc1OC1CCOCC1,,,,"MolVec 0.9.8 (git b412dd0, Maven Central)",0.21403308701701462
uob,maybridge-0457-981884873,N#Cc1ccc(CN2CCOCC2)cc1,,,,"MolVec 0.9.8 (git b412dd0, Maven Central)",0.1885671759955585
uob,maybridge-0457-990507138,Cc1nc(-c2cccc(C#N)c2)cs1,,,,"MolVec 0.9.8 (git b412dd0, Maven Central)",0.22894357284530997
uob,maybridge-0458-112868382,C#Cc1ccccc1CN1CCN(C)CC1,,,,"MolVec 0.9.8 (git b412dd0, Maven Central)",0.20665426622144878
uob,maybridge-0458-264374907,CN1CCN(Cc2cccc(C#N)c2)CC1,,,,"MolVec 0.9.8 (git b412dd0, Maven Central)",0.18507963581942022
uob,maybridge-0458-335745732,CC(C)(Oc1ccc(C#N)cc1)C(=O)O,,,,"MolVec 0.9.8 (git b412dd0, Maven Central)",0.2415473791770637
uob,maybridge-0458-36265719,C#Cc1c(F)cccc1Oc1ccccc1,,,,"MolVec 0.9.8 (git b412dd0, Maven Central)",0.2530145540367812
uob,maybridge-0458-443576225,C#Cc1ccccc1N1CCCN(C)CC1,,,,"MolVec 0.9.8 (git b412dd0, Maven Central)",0.22981890896335244
uob,maybridge-0458-453286936,N#Cc1cccc(COc2ccccc2)c1,,,,"MolVec 0.9.8 (git b412dd0, Maven Central)",0.22366383695043623
uob,maybridge-0458-50113935,N#Cc1ccc(C(F)(F)F)cc1Cl,,,,"MolVec 0.9.8 (git b412dd0, Maven Central)",0.26818786608055234
uob,maybridge-0458-516495784,CN1CCCN(c2ccc(C#N)cc2)CC1,,,,"MolVec 0.9.8 (git b412dd0, Maven Central)",0.25748491706326604
uob,maybridge-0458-558512774,C#Cc1ccccc1COc1ccccc1,,,,"MolVec 0.9.8 (git b412dd0, Maven Central)",0.23690700088627636
uob,maybridge-0458-859462839,CN(C)CCCOc1ccc(C#N)cc1,,,,"MolVec 0.9.8 (git b412dd0, Maven Central)",0.21299263089895248
uob,maybridge-0458-992446622,N#Cc1ccc(OC2CCOCC2)cc1,,,,"MolVec 0.9.8 (git b412dd0, Maven Central)",0.18480856087990105
uob,maybridge-0459-1009994536,Cc1ccc(C#N)c(S(=O)(=O)Cl)c1,,,,"MolVec 0.9.8 (git b412dd0, Maven Central)",0.2221944339107722
uob,maybridge-0459-133950071,CN1CCN(Cc2ccc(C#N)cc2)CC1,,,,"MolVec 0.9.8 (git b412dd0, Maven Central)",0.18995369598269463
uob,maybridge-0459-248619059,C#Cc1c(OC)cccc1OCc1ccccc1,,,,"MolVec 0.9.8 (git b412dd0, Maven Central)",0.2929836520925164
uob,maybridge-0459-260955147,C#Cc1ccccc1OCCN1CCOCC1,,,,"MolVec 0.9.8 (git b412dd0, Maven Central)",0.22630187892355025
uob,maybridge-0459-264902159,N#Cc1c(Cl)cc(C(F)(F)F)cc1Cl,,,,"MolVec 0.9.8 (git b412dd0, Maven Central)",0.23263865103945136
uob,maybridge-0459-433386358,N#Cc1ccc(S(=O)(=O)Cl)c(Cl)c1,,,,"MolVec 0.9.8 (git b412dd0, Maven Central)",0.22800873103551567
uob,maybridge-0459-541507624,N#Cc1cccc(C(=O)CBr)c1,,,,"MolVec 0.9.8 (git b412dd0, Maven Central)",0.18798970989882946
uob,maybridge-0459-547139470,N#Cc1ccc(OCCN2CCOCC2)cc1,,,,"MolVec 0.9.8 (git b412dd0, Maven Central)",0.24717518594115973
uob,maybridge-0459-672275709,CS(=O)(=O)(=O)(O)(Cl)CC1=CC(C#N)=CC=C1,,,,"MolVec 0.9.8 (git b412dd0, Maven Central)",0.17564716702327132
uob,maybridge-0459-73930664,N#Cc1ccc(C(=O)CBr)cc1,,,,"MolVec 0.9.8 (git b412dd0, Maven Central)",0.2483652038499713
uob,maybridge-0459-967673564,CC(C)(C)c1cc(C#N)cc(C(C)(C)C)c1O,,,,"MolVec 0.9.8 (git b412dd0, Maven Central)",0.2982002419885248
uob,maybridge-0459-971652661,N#Cc1cccc(OCCN2CCOCC2)c1,,,,"MolVec 0.9.8 (git b412dd0, Maven Central)",0.183185915928334
uob,maybridge-0460-1064836813,CCOC(=O)C1CCN(c2ccc(C#N)cc2)CC1,,,,"MolVec 0.9.8 (git b412dd0, Maven Central)",0.2949300080072135
uob,maybridge-0460-163312530,C#Cc1c(F)cccc1OCc1ccc(C)cc1,,,,"MolVec 0.9.8 (git b412dd0, Maven Central)",0.2601320641115308
uob,maybridge-0460-322765936,C#Cc1c(F)cccc1OCc1ccc(Cl)cc1,,,,"MolVec 0.9.8 (git b412dd0, Maven Central)",0.31051357300020754
uob,maybridge-0460-410169781,N#Cc1cc(Br)cc(Br)c1,,,,"MolVec 0.9.8 (git b412dd0, Maven Central)",0.1927326680161059
uob,maybridge-0460-508743595,C#Cc1cc(C(F)(F)F)ccc1N1CCOCC1,,,,"MolVec 0.9.8 (git b412dd0, Maven Central)",0.2707463081460446
uob,maybridge-0460-538383628,C#Cc1ccc(Oc2ccc(C(F)(F)F)cc2N)cc1,,,,"MolVec 0.9.8 (git b412dd0, Maven Central)",0.4156826420221478
uob,maybridge-0460-614182779,N#Cc1ccc(-c2ccc(C(F)(F)F)cn2)cc1,,,,"MolVec 0.9.8 (git b412dd0, Maven Central)",0.3886580150574446
uob,maybridge-0460-616684949,N#Cc1ccc(N2CCC(C(=O)NN)CC2)cc1,,,,"MolVec 0.9.8 (git b412dd0, Maven Central)",0.3356911020819098
uob,maybridge-0460-766430843,N#Cc1ccc(Oc2ccc(C(F)(F)F)cn2)cc1,,,,"MolVec 0.9.8 (git b412dd0, Maven Central)",0.2563142371363938
uob,maybridge-0460-912913631,CC(C)(C)OC(=O)N1CCN(c2ccc(C#N)cc2)CC1,,,,"MolVec 0.9.8 (git b412dd0, Maven Central)",0.2969675208441913
uob,maybridge-0461-150664264,N#CCc1cc(Cl)ccc1[N+](=O)[O-],,,,"MolVec 0.9.8 (git b412dd0, Maven Central)",0.19553688704036176
uob,maybridge-0461-151636031,N#CCc1cc(F)cc(F)c1,,,,"MolVec 0.9.8 (git b412dd0, Maven Central)",0.1772693139500916
uob,maybridge-0461-162838660,C#CC(c1ccccc1)N1CCOCC1,,,,"MolVec 0.9.8 (git b412dd0, Maven Central)",0.21270700497552752
uob,maybridge-0461-185383472,C#C/C(=C\O)c1ccccc1,,,,"MolVec 0.9.8 (git b412dd0, Maven Central)",0.2098758069332689
uob,maybridge-0461-19000713,N#CCc1ccc(F)cc1F,,,,"MolVec 0.9.8 (git b412dd0, Maven Central)",0.14729288103990257
uob,maybridge-0461-204854484,N#Cc1c(Cl)cccc1Oc1ccc(S(=O)(=O)Cl)cc1,,,,"MolVec 0.9.8 (git b412dd0, Maven Central)",0.255585741950199
uob,maybridge-0461-316234476,CC(C)(C)OC(=O)NC1CCN(c2ccc(C#N)cc2)CC1,,,,"MolVec 0.9.8 (git b412dd0, Maven Central)",0.3856505190487951
uob,maybridge-0461-320841230,C#CC(c1ccc(Cl)cc1)N1CCOCC1,,,,"MolVec 0.9.8 (git b412dd0, Maven Central)",0.2291373850312084
uob,maybridge-0461-387278353,C#CC(C=O)c1ccc(Cl)cc1,,,,"MolVec 0.9.8 (git b412dd0, Maven Central)",0.2447958930861205
uob,maybridge-0461-471291181,N#CCc1ccc(Cl)cc1F,,,,"MolVec 0.9.8 (git b412dd0, Maven Central)",0.161501094000414
uob,maybridge-0461-672182156,C#CC(c1ccccc1)N1CCCCC1,,,,"MolVec 0.9.8 (git b412dd0, Maven Central)",0.2515728948637843
uob,maybridge-0461-708366241,C#CC(c1ccc(O)cc1)N1CCOCC1,,,,"MolVec 0.9.8 (git b412dd0, Maven Central)",0.23345088795758784
uob,maybridge-0462-1032581534,N#CCCc1ccc(Cl)cc1OCl,,,,"MolVec 0.9.8 (git b412dd0, Maven Central)",0.2253310929518193
uob,maybridge-0462-1065825330,C#CC(C(=O)c1ccc(Cl)cc1)=C(SC)SC,,,,"MolVec 0.9.8 (git b412dd0, Maven Central)",0.2826044310349971
uob,maybridge-0462-124599858,N#CCC(=O)c1cccc(Cl)c1,,,,"MolVec 0.9.8 (git b412dd0, Maven Central)",0.19028026098385453
uob,maybridge-0462-185140048,Cc1cccc(C(=O)CC#N)c1,,,,"MolVec 0.9.8 (git b412dd0, Maven Central)",0.1541519530583173
uob,maybridge-0462-240121158,C#CC(C(=O)c1ccc(OC)cc1)=C(SC)SC,,,,"MolVec 0.9.8 (git b412dd0, Maven Central)",0.235809912905097
uob,maybridge-0462-243302267,C#C/C(=C\c1ccccc1)C(N)=O,,,,"MolVec 0.9.8 (git b412dd0, Maven Central)",0.22124554100446403
uob,maybridge-0462-381478138,N#CCC(=O)c1ccc(OC(F)(F)F)cc1,,,,"MolVec 0.9.8 (git b412dd0, Maven Central)",0.2269662618637085
uob,maybridge-0462-632597938,COc1ccc(Br)c(C(=O)CC#N)c1,,,,"MolVec 0.9.8 (git b412dd0, Maven Central)",0.19211970991455019
uob,maybridge-0462-70040003,N#C/C=C/c1cc(C(F)(F)F)cc(C(F)(F)F)c1,,,,"MolVec 0.9.8 (git b412dd0, Maven Central)",0.3039775798097253
uob,maybridge-0462-846037206,N#C/C(=C\N)S(=O)c1ccc(Cl)cc1,,,,"MolVec 0.9.8 (git b412dd0, Maven Central)",0.18176020006649196
uob,maybridge-0462-937366824,COc1ccc(CCNCCC#N)cc1OC,,,,"MolVec 0.9.8 (git b412dd0, Maven Central)",0.3604504819959402
uob,maybridge-0462-976858016,C=N.ClCC1CCCCC1,,,,"MolVec 0.9.8 (git b412dd0, Maven Central)",0.14203197183087468
uob,maybridge-0463-1049334731,COc1ccc(C#N)cn1,,,,"MolVec 0.9.8 (git b412dd0, Maven Central)",0.17450275411829352
uob,maybridge-0463-112572766,N#Cc1ccc(-c2ccco2)nc1,,,,"MolVec 0.9.8 (git b412dd0, Maven Central)",0.24100380996242166
uob,maybridge-0463-149583076,N#Cc1cccc(N2CCCC2)n1,,,,"MolVec 0.9.8 (git b412dd0, Maven Central)",0.18582711997441947
uob,maybridge-0463-197395632,CSc1nc(C=O)ccc1C#N,,,,"MolVec 0.9.8 (git b412dd0, Maven Central)",0.1527100179810077
uob,maybridge-0463-242942604,C#Cc1ccnc(N2CCCC2)c1,,,,"MolVec 0.9.8 (git b412dd0, Maven Central)",0.23752036201767623
uob,maybridge-0463-290834324,N#Cc1cnccc1C(F)(F)F,,,,"MolVec 0.9.8 (git b412dd0, Maven Central)",0.17278759297914803
uob,maybridge-0463-29787924,Bc1cccnc1Cl,,,,"MolVec 0.9.8 (git b412dd0, Maven Central)",0.17716465098783374
uob,maybridge-0463-406824350,N#Cc1ccc(Cl)nc1,,,,"MolVec 0.9.8 (git b412dd0, Maven Central)",0.18459053104743361
uob,maybridge-0463-769692248,N#Cc1ncccc1F,,,,"MolVec 0.9.8 (git b412dd0, Maven Central)",0.1285767590161413
uob,maybridge-0463-841910013,C#Cc1ccnc(Cl)c1,,,,"MolVec 0.9.8 (git b412dd0, Maven Central)",0.1604839670471847
uob,maybridge-0463-883414889,CC(=O)c1cc(C#N)c(O)nc1C,,,,"MolVec 0.9.8 (git b412dd0, Maven Central)",0.17850840999744833
uob,maybridge-0463-88381835,Cc1nc(N)ccc1C#N,,,,"MolVec 0.9.8 (git b412dd0, Maven Central)",0.20853506098501384
uob,maybridge-0464-1056280211,N#Cc1cccc(N2CCOCC2)n1,,,,"MolVec 0.9.8 (git b412dd0, Maven Central)",0.231983627891168
uob,maybridge-0464-166781789,N#Cc1cccnc1N1CCNCC1,,,,"MolVec 0.9.8 (git b412dd0, Maven Central)",0.20125958300195634
uob,maybridge-0464-210206626,Cc1cc(Cl)nc(Cl)c1C#N,,,,"MolVec 0.9.8 (git b412dd0, Maven Central)",0.22131232800893486
uob,maybridge-0464-211276267,N#Cc1ccc(-c2ccccc2)nc1,,,,"MolVec 0.9.8 (git b412dd0, Maven Central)",0.20487040700390935
uob,maybridge-0464-326335503,N#Cc1cncc(Br)c1,,,,"MolVec 0.9.8 (git b412dd0, Maven Central)",0.15544021199457347
uob,maybridge-0464-716426343,Cc1cc(C(F)(F)F)c(C#N)cn1,,,,"MolVec 0.9.8 (git b412dd0, Maven Central)",0.1946888428647071
uob,maybridge-0464-77534027,N#Cc1ncccc1N1CCCCC1,,,,"MolVec 0.9.8 (git b412dd0, Maven Central)",0.22977428208105266
uob,maybridge-0464-794143168,N#Cc1ccc(N2CCNCC2)nc1,,,,"MolVec 0.9.8 (git b412dd0, Maven Central)",0.21250901301391423
uob,maybridge-0464-832772573,Cc1nc(Cl)c(C#N)c(C)c1Cl,,,,"MolVec 0.9.8 (git b412dd0, Maven Central)",0.21898892614990473
uob,maybridge-0464-833677447,C#Cc1ccnc(N2CCCCC2)c1,,,,"MolVec 0.9.8 (git b412dd0, Maven Central)",0.23567244596779346
uob,maybridge-0464-850286244,N#Cc1ccc(-c2cccs2)nc1,,,,"MolVec 0.9.8 (git b412dd0, Maven Central)",0.25736548006534576
uob,maybridge-0464-904949830,N#Cc1cccnc1N1CCCNCC1,,,,"MolVec 0.9.8 (git b412dd0, Maven Central)",0.20550189400091767
uob,maybridge-0465-119378720,C[N+]#Cc1c(C(F)(F)F)cc(C)nc1S,,,,"MolVec 0.9.8 (git b412dd0, Maven Central)",0.2482624938711524
uob,maybridge-0465-182751820,N#Cc1cncc(C#Cc2ccccc2)c1,,,,"MolVec 0.9.8 (git b412dd0, Maven Central)",0.3874895228073001
uob,maybridge-0465-237369335,N#Cc1c(C(F)(F)F)cc(Cl)nc1Cl,,,,"MolVec 0.9.8 (git b412dd0, Maven Central)",0.4139045770280063
uob,maybridge-0465-31646665,CCOC(=O)c1cc(C)nc(Cl)c1C#N,,,,"MolVec 0.9.8 (git b412dd0, Maven Central)",0.2255037990398705
uob,maybridge-0465-345844554,N#Cc1ccc(N2CCCNCC2)nc1,,,,"MolVec 0.9.8 (git b412dd0, Maven Central)",0.3172669180203229
uob,maybridge-0465-394002478,C#Cc1ccnc(N2CCSCC2)c1,,,,"MolVec 0.9.8 (git b412dd0, Maven Central)",0.25895245000720024
uob,maybridge-0465-493756644,N#Cc1c(C(F)(F)F)cc(-c2cccnc2)nc1O,,,,"MolVec 0.9.8 (git b412dd0, Maven Central)",0.3505725080613047
uob,maybridge-0465-693840572,N#Cc1c(C(F)(F)F)cc(-c2ccccc2)nc1O,,,,"MolVec 0.9.8 (git b412dd0, Maven Central)",0.40594045794568956
uob,maybridge-0465-697987455,COC(OC)c1ccc(C#N)c(S)n1,,,,"MolVec 0.9.8 (git b412dd0, Maven Central)",0.26134544098749757
uob,maybridge-0465-766539627,C#Cc1ccnc(N2CCC(C(=O)OCC)CC2)c1,,,,"MolVec 0.9.8 (git b412dd0, Maven Central)",0.35532714892178774
uob,maybridge-0465-957080764,COC(=O)c1cc(C#N)c(S)nc1C(OC)OC,,,,"MolVec 0.9.8 (git b412dd0, Maven Central)",0.301070709945634
uob,maybridge-0466-1050555102,CN(C)c1nc(-c2cccs2)cc(C(F)(F)F)c1C#N,,,,"MolVec 0.9.8 (git b412dd0, Maven Central)",0.35209005791693926
uob,maybridge-0466-153541865,C#CCCNCc1ccncc1,,,,"MolVec 0.9.8 (git b412dd0, Maven Central)",0.23223067400977015
uob,maybridge-0466-231049890,N#Cc1c(-c2cccs2)cc(-c2ccco2)nc1O,,,,"MolVec 0.9.8 (git b412dd0, Maven Central)",0.431931572034955
uob,maybridge-0466-453233607,Cc1ncc(C#N)c(N)n1,,,,"MolVec 0.9.8 (git b412dd0, Maven Central)",0.21257668896578252
uob,maybridge-0466-499100496,N#CCS(=O)(=O)c1ccc(C(F)(F)F)cn1,,,,"MolVec 0.9.8 (git b412dd0, Maven Central)",0.21560015715658665
uob,maybridge-0466-62399955,N#Cc1c(C(F)(F)F)cc(-c2ccccc2)nc1S,,,,"MolVec 0.9.8 (git b412dd0, Maven Central)",0.3558683560695499
uob,maybridge-0466-83233752,CNC(=S)N1CCCN(c2ccc(C#N)cn2)CC1,,,,"MolVec 0.9.8 (git b412dd0, Maven Central)",0.3179079871624708
uob,maybridge-0466-897867786,N#Cc1cnc(Cl)nc1N,,,,"MolVec 0.9.8 (git b412dd0, Maven Central)",0.1594961821101606
uob,maybridge-0466-934266042,C#Cc1ccnc(N2CCN(C(=O)OC(C)(C)C)CC2)c1,,,,"MolVec 0.9.8 (git b412dd0, Maven Central)",0.3738199658691883
uob,maybridge-0467-1015222550,C#CC1CCSCC1,,,,"MolVec 0.9.8 (git b412dd0, Maven Central)",0.12893464392982423
uob,maybridge-0467-10386379,N#Cc1cn(C2CC2)c(=O)n(Cc2ccccc2)c1=O,,,,"MolVec 0.9.8 (git b412dd0, Maven Central)",0.2969037410803139
uob,maybridge-0467-267815233,CSc1nc(-c2ccc(C)cc2)nc(N)c1C#N,,,,"MolVec 0.9.8 (git b412dd0, Maven Central)",0.2838026829995215
uob,maybridge-0467-303550583,CSc1ncc(C#N)c(N)n1,,,,"MolVec 0.9.8 (git b412dd0, Maven Central)",0.1617416648659855
uob,maybridge-0467-313754619,N#Cc1c[nH]c2ccccc12,,,,"MolVec 0.9.8 (git b412dd0, Maven Central)",0.323631428880617
uob,maybridge-0467-349254139,C#CC1CCN(C(C)=O)CC1,,,,"MolVec 0.9.8 (git b412dd0, Maven Central)",0.1723615829832852
uob,maybridge-0467-471670561,N#CCCNCCCN1CCOCC1,,,,"MolVec 0.9.8 (git b412dd0, Maven Central)",0.15680509712547064
uob,maybridge-0467-515059729,N#Cc1nccnc1N1CCN(C(c2ccccc2)c2ccccc2)CC1,,,,"MolVec 0.9.8 (git b412dd0, Maven Central)",0.38455818104557693
uob,maybridge-0467-686160149,N#Cc1cnc(Br)nc1N,,,,"MolVec 0.9.8 (git b412dd0, Maven Central)",0.1569656110368669
uob,maybridge-0467-83806469,N#Cc1nccnc1Cl,,,,"MolVec 0.9.8 (git b412dd0, Maven Central)",0.13244021497666836
uob,maybridge-0468-136881561,Cn1ccc2cc(C#N)ccc21,,,,"MolVec 0.9.8 (git b412dd0, Maven Central)",0.22496379702351987
uob,maybridge-0468-245879690,N#CCc1coc2ccccc12,,,,"MolVec 0.9.8 (git b412dd0, Maven Central)",0.2258899318985641
uob,maybridge-0468-383886651,N#Cc1ccc2nccn2c1,,,,"MolVec 0.9.8 (git b412dd0, Maven Central)",0.20101917209103703
uob,maybridge-0468-479954405,CCc1n[nH]c2c1C(c1ccccc1)C(C#N)=C(N)O2,,,,"MolVec 0.9.8 (git b412dd0, Maven Central)",0.34796501416713
uob,maybridge-0468-505850780,C#Cc1cccc2c1ccn2C,,,,"MolVec 0.9.8 (git b412dd0, Maven Central)",0.24436620785854757
uob,maybridge-0468-601327003,N#Cc1ccc2sccc2c1,,,,"MolVec 0.9.8 (git b412dd0, Maven Central)",0.1986294318921864
uob,maybridge-0468-677622823,Cn1ccc2ccc(C#N)cc21,,,,"MolVec 0.9.8 (git b412dd0, Maven Central)",0.13985014404170215
uob,maybridge-0468-705730467,CSc1sc(C#N)c2c1C(=O)CC(C)(C)C2,,,,"MolVec 0.9.8 (git b412dd0, Maven Central)",0.3281407409813255
uob,maybridge-0468-773733824,N#Cc1ccc2occc2c1,,,,"MolVec 0.9.8 (git b412dd0, Maven Central)",0.15000985795632005
uob,maybridge-0468-792158699,CN1CCc2c(sc(N)c2C#N)C1,,,,"MolVec 0.9.8 (git b412dd0, Maven Central)",0.18815315188840032
uob,maybridge-0468-939135318,N#CCc1nc2ccccc2s1,,,,"MolVec 0.9.8 (git b412dd0, Maven Central)",0.2611636270303279
uob,maybridge-0469-1046853750,CC1(C)C=Cc2cc(C#N)ccc2O1,,,,"MolVec 0.9.8 (git b412dd0, Maven Central)",0.23096184292808175
uob,maybridge-0469-141154304,C#CCC1CC(O)CCN1,,,,"MolVec 0.9.8 (git b412dd0, Maven Central)",0.21389243891462684
uob,maybridge-0469-179208677,COc1ccc2cc(Br)ccc2c1CC#N,,,,"MolVec 0.9.8 (git b412dd0, Maven Central)",0.25103244185447693
uob,maybridge-0469-222982128,CCOC(=O)C1=C(N)Oc2ccc(Br)cc2C1C(C#N)C(=O)OCC,,,,"MolVec 0.9.8 (git b412dd0, Maven Central)",0.4787046629935503
uob,maybridge-0469-236069809,CN1CCOc2cc(C#N)cnc21,,,,"MolVec 0.9.8 (git b412dd0, Maven Central)",0.22099236608482897
uob,maybridge-0469-313239906,N#Cc1sc(Br)c2c1OCCO2,,,,"MolVec 0.9.8 (git b412dd0, Maven Central)",0.24233582196757197
uob,maybridge-0469-422445375,C#Cc1cccc2c1OCCO2,,,,"MolVec 0.9.8 (git b412dd0, Maven Central)",0.20864036888815463
uob,maybridge-0469-677351053,N#CC1CNc2ccccc2O1,,,,"MolVec 0.9.8 (git b412dd0, Maven Central)",0.1815474289469421
uob,maybridge-0469-698133786,N#Cc1scc2c1OCCO2,,,,"MolVec 0.9.8 (git b412dd0, Maven Central)",0.1883353809826076
uob,maybridge-0469-877306731,C#Cc1c(C)c(CCO)c(=O)n2c1[nH]c1ccccc12,,,,"MolVec 0.9.8 (git b412dd0, Maven Central)",0.41825097403489053
uob,maybridge-0470-163379034,COC(=O)C(C)=C(SC)SC,,,,"MolVec 0.9.8 (git b412dd0, Maven Central)",0.17628237488679588
uob,maybridge-0470-297346193,C#CC(C#N)=C(SC)SC,,,,"MolVec 0.9.8 (git b412dd0, Maven Central)",0.16963685117661953
uob,maybridge-0470-349918970,CC(=O)SCC#N,,,,"MolVec 0.9.8 (git b412dd0, Maven Central)",0.11709609511308372
uob,maybridge-0470-437773418,CCC1C(C#N)=C(N)Oc2c1c(=O)oc1ccccc21,,,,"MolVec 0.9.8 (git b412dd0, Maven Central)",0.42099604313261807
uob,maybridge-0470-767908206,CC(C)(C)OC(=O)NCCC#N,,,,"MolVec 0.9.8 (git b412dd0, Maven Central)",0.14635577099397779
uob,maybridge-0471-117509026,O=[N+]([O-])c1ccn[nH]1,,,,"MolVec 0.9.8 (git b412dd0, Maven Central)",0.11518902704119682
uob,maybridge-0471-124790810,N#Cc1csc([N+](=O)[O-])c1,,,,"MolVec 0.9.8 (git b412dd0, Maven Central)",0.18188898311927915
uob,maybridge-0471-207093767,Cc1nc([N+](=O)[O-])c(Br)[nH]1,,,,"MolVec 0.9.8 (git b412dd0, Maven Central)",0.13384953397326171
uob,maybridge-0471-290069595,CCOC(=O)c1cnn(-c2c([N+](=O)[O-])c(C)nn2C)c1N,,,,"MolVec 0.9.8 (git b412dd0, Maven Central)",0.33187507977709174
uob,maybridge-0471-514081115,Cc1nn(C)c(Cl)c1[N+](=O)[O-],,,,"MolVec 0.9.8 (git b412dd0, Maven Central)",0.16227018786594272
uob,maybridge-0471-547791810,O=Cc1ccc([N+](=O)[O-])o1,,,,"MolVec 0.9.8 (git b412dd0, Maven Central)",0.169124866835773
uob,maybridge-0471-605802291,CC1NC([N+](=O)[O-])C(Br)N1CC(=O)c1ccc(Cl)cc1,,,,"MolVec 0.9.8 (git b412dd0, Maven Central)",0.34969374304637313
uob,maybridge-0471-719204487,O=[N+]([O-])c1ccsc1Cl,,,,"MolVec 0.9.8 (git b412dd0, Maven Central)",0.14492077799513936
uob,maybridge-0471-916109251,N#Cc1ccc([N+](=O)[O-])s1,,,,"MolVec 0.9.8 (git b412dd0, Maven Central)",0.2141087541822344
uob,maybridge-0472-104779253,O=Cc1ccc([N+](=O)[O-])cc1,,,,"MolVec 0.9.8 (git b412dd0, Maven Central)",0.14892743807286024
uob,maybridge-0472-134696645,O=C=Nc1ccc([N+](=O)[O-])cc1,,,,"MolVec 0.9.8 (git b412dd0, Maven Central)",0.14760825410485268
uob,maybridge-0472-169541361,O=[N+]([O-])c1ccc(F)cc1O,,,,"MolVec 0.9.8 (git b412dd0, Maven Central)",0.1713482839986682
uob,maybridge-0472-339678774,NS(=O)(=O)c1cc([N+](=O)[O-])c(N2CCNCC2)s1,,,,"MolVec 0.9.8 (git b412dd0, Maven Central)",0.22264704992994666
uob,maybridge-0472-409492910,Cc1ccc(C#N)c([N+](=O)[O-])c1,,,,"MolVec 0.9.8 (git b412dd0, Maven Central)",0.20154642104171216
uob,maybridge-0472-653790244,O=C=Nc1ccccc1[N+](=O)[O-],,,,"MolVec 0.9.8 (git b412dd0, Maven Central)",0.13339283294044435
uob,maybridge-0472-75310344,Nc1ccc(F)cc1[N+](=O)[O-],,,,"MolVec 0.9.8 (git b412dd0, Maven Central)",0.17241639294661582
uob,maybridge-0472-803828906,O=[N+]([O-])C1=C(Cl)SC([S+]=[O-])=C1,,,,"MolVec 0.9.8 (git b412dd0, Maven Central)",0.1787712660152465
uob,maybridge-0472-841463879,O=C(O)c1csc([N+](=O)[O-])c1,,,,"MolVec 0.9.8 (git b412dd0, Maven Central)",0.17690514284186065
uob,maybridge-0472-932018230,Cc1noc(N)c1[N+](=O)[O-],,,,"MolVec 0.9.8 (git b412dd0, Maven Central)",0.12093178788200021
uob,maybridge-0472-992878537,Cc1ccc([N+](=O)[O-])cc1O,,,,"MolVec 0.9.8 (git b412dd0, Maven Central)",0.12570423586294055
uob,maybridge-0473-10049156,N#Cc1ccc(F)cc1[N+](=O)[O-],,,,"MolVec 0.9.8 (git b412dd0, Maven Central)",0.2279208900872618
uob,maybridge-0473-1010218131,O=C(O)Cc1ccccc1[N+](=O)[O-],,,,"MolVec 0.9.8 (git b412dd0, Maven Central)",0.19139280100353062
uob,maybridge-0473-1045967436,Nc1cc(F)c([N+](=O)[O-])cc1N,,,,"MolVec 0.9.8 (git b412dd0, Maven Central)",0.22262599598616362
uob,maybridge-0473-194953107,Bc1cc([N+](=O)[O-])ccc1F,,,,"MolVec 0.9.8 (git b412dd0, Maven Central)",0.21157860499806702
uob,maybridge-0473-237104489,COC(=O)c1ccccc1[N+](=O)[O-],,,,"MolVec 0.9.8 (git b412dd0, Maven Central)",0.19247358804568648
uob,maybridge-0473-299085159,O=Cc1ccc(F)c([N+](=O)[O-])c1,,,,"MolVec 0.9.8 (git b412dd0, Maven Central)",0.19027778995223343
uob,maybridge-0473-422648988,COc1ccc(C#N)cc1[N+](=O)[O-],,,,"MolVec 0.9.8 (git b412dd0, Maven Central)",0.2144656500313431
uob,maybridge-0473-647254377,O=[N+]([O-])c1ccc(N=C=S)cc1,,,,"MolVec 0.9.8 (git b412dd0, Maven Central)",0.15181500604376197
uob,maybridge-0473-76719019,O=C(O)Cc1ccc([N+](=O)[O-])cc1,,,,"MolVec 0.9.8 (git b412dd0, Maven Central)",0.15261350013315678
uob,maybridge-0473-848327373,N#Cc1c(O)ccc([N+](=O)[O-])c1O,,,,"MolVec 0.9.8 (git b412dd0, Maven Central)",0.1848513069562614
uob,maybridge-0473-944094849,Cc1ccc(N=C=O)cc1[N+](=O)[O-],,,,"MolVec 0.9.8 (git b412dd0, Maven Central)",0.1589756440371275
uob,maybridge-0473-984067995,CNCc1cccc([N+](=O)[O-])c1,,,,"MolVec 0.9.8 (git b412dd0, Maven Central)",0.16177555988542736
uob,maybridge-0474-1007781783,CS(=O)(=O)c1ccc([N+](=O)[O-])cc1,,,,"MolVec 0.9.8 (git b412dd0, Maven Central)",0.1535752711351961
uob,maybridge-0474-1052132486,COC(=O)c1ccc([N+](=O)[O-])c(C)c1,,,,"MolVec 0.9.8 (git b412dd0, Maven Central)",0.2423825399018824
uob,maybridge-0474-1066933754,O=C(O)c1cc(O)ccc1[N+](=O)[O-],,,,"MolVec 0.9.8 (git b412dd0, Maven Central)",0.29353727493435144
uob,maybridge-0474-190021999,NC(=O)c1cc([N+](=O)[O-])ccc1Cl,,,,"MolVec 0.9.8 (git b412dd0, Maven Central)",0.2469129040837288
uob,maybridge-0474-19077520,O=C(O)c1ccc([N+](=O)[O-])cc1F,,,,"MolVec 0.9.8 (git b412dd0, Maven Central)",0.25546149001456797
uob,maybridge-0474-273644740,O=[N+]([O-])c1ccc(OCC2CO2)cc1,,,,"MolVec 0.9.8 (git b412dd0, Maven Central)",0.22169861500151455
uob,maybridge-0474-292220959,N#CCc1cc(Cl)ccc1[N+](=O)[O-],,,,"MolVec 0.9.8 (git b412dd0, Maven Central)",0.2491235858760774
uob,maybridge-0474-364533090,Nc1c([N+](=O)[O-])cc(F)c(F)c1F,,,,"MolVec 0.9.8 (git b412dd0, Maven Central)",0.24566178303211927
uob,maybridge-0474-583266877,Nc1cc(Cl)c(F)cc1[N+](=O)[O-],,,,"MolVec 0.9.8 (git b412dd0, Maven Central)",0.2257643169723451
uob,maybridge-0474-742213860,CNCc1ccc([N+](=O)[O-])cc1,,,,"MolVec 0.9.8 (git b412dd0, Maven Central)",0.23261391394771636
uob,maybridge-0474-824952864,N#Cc1ccc([N+](=O)[O-])cc1Cl,,,,"MolVec 0.9.8 (git b412dd0, Maven Central)",0.2666960370261222
uob,maybridge-0474-888910840,O=C(O)/C=C/c1ccccc1[N+](=O)[O-],,,,"MolVec 0.9.8 (git b412dd0, Maven Central)",0.24866303312592208
uob,maybridge-0475-1056590161,N[C@@H](Cc1ccc([N+](=O)[O-])cc1)C(=O)O,,,,"MolVec 0.9.8 (git b412dd0, Maven Central)",0.37215866916812956
uob,maybridge-0475-130990635,O=[N+]([O-])c1ccc(N2CCOCC2)cc1,,,,"MolVec 0.9.8 (git b412dd0, Maven Central)",0.22169132507406175
uob,maybridge-0475-232515361,Nc1ccc(OC(F)(F)F)cc1[N+](=O)[O-],,,,"MolVec 0.9.8 (git b412dd0, Maven Central)",0.19710645196028054
uob,maybridge-0475-361612201,Nc1ccc(Br)cc1[N+](=O)[O-],,,,"MolVec 0.9.8 (git b412dd0, Maven Central)",0.17346607497893274
uob,maybridge-0475-498814896,CN1CCN(c2cccc([N+](=O)[O-])c2)CC1,,,,"MolVec 0.9.8 (git b412dd0, Maven Central)",0.2599689168855548
uob,maybridge-0475-650814053,Cc1c(Cl)cc([N+](=O)[O-])cc1Cl,,,,"MolVec 0.9.8 (git b412dd0, Maven Central)",0.20546951401047409
uob,maybridge-0475-718990777,CNc1ccc(C(F)(F)F)cc1[N+](=O)[O-],,,,"MolVec 0.9.8 (git b412dd0, Maven Central)",0.26912282197736204
uob,maybridge-0475-8020099,COc1cc([N+](=O)[O-])ccc1N1CCCC1,,,,"MolVec 0.9.8 (git b412dd0, Maven Central)",0.19362239399924874
uob,maybridge-0475-900300254,O=[N+]([O-])c1cccc(Oc2ccccn2)c1,,,,"MolVec 0.9.8 (git b412dd0, Maven Central)",0.1842128320131451
uob,maybridge-0475-941189003,COC(=O)c1ccc([N+](=O)[O-])cc1Cl,,,,"MolVec 0.9.8 (git b412dd0, Maven Central)",0.2403392370324582
uob,maybridge-0475-944630807,Nc1cc(Cl)c(Cl)cc1[N+](=O)[O-],,,,"MolVec 0.9.8 (git b412dd0, Maven Central)",0.2381230180617422
uob,maybridge-0475-947762197,COc1ccc(C(N)=S)cc1[N+](=O)[O-],,,,"MolVec 0.9.8 (git b412dd0, Maven Central)",0.2367375809699297
uob,maybridge-0476-1069551701,CSc1ccc([N+](=O)[O-])cc1-c1cc[nH]n1,,,,"MolVec 0.9.8 (git b412dd0, Maven Central)",0.21013920102268457
uob,maybridge-0476-236978783,O=[N+]([O-])c1cccc(CN2CCOCC2)c1,,,,"MolVec 0.9.8 (git b412dd0, Maven Central)",0.1976011369843036
uob,maybridge-0476-302425294,Cc1ccc(S(=O)(=O)Cl)cc1[N+](=O)[O-],,,,"MolVec 0.9.8 (git b412dd0, Maven Central)",0.21517139696516097
uob,maybridge-0476-375593931,O=C(O)/C=C/c1ccc(Cl)c([N+](=O)[O-])c1,,,,"MolVec 0.9.8 (git b412dd0, Maven Central)",0.25785954506136477
uob,maybridge-0476-397172877,CCOC(=O)CC(=O)c1cccc([N+](=O)[O-])c1,,,,"MolVec 0.9.8 (git b412dd0, Maven Central)",0.2572214500978589
uob,maybridge-0476-399091011,NCC(=O)c1ccc([N+](=O)[O-])cc1,,,,"MolVec 0.9.8 (git b412dd0, Maven Central)",0.2533407078590244
uob,maybridge-0476-509798188,CN1CCN(Cc2cccc([N+](=O)[O-])c2)CC1,,,,"MolVec 0.9.8 (git b412dd0, Maven Central)",0.17466905992478132
uob,maybridge-0476-516376398,CNS(=O)(=O)Cc1ccc([N+](=O)[O-])cc1,,,,"MolVec 0.9.8 (git b412dd0, Maven Central)",0.2152623839210719
uob,maybridge-0476-58017448,O=[N+]([O-])c1ccc(CS(=O)(=O)Cl)cc1,,,,"MolVec 0.9.8 (git b412dd0, Maven Central)",0.22084846394136548
uob,maybridge-0476-60165172,Cc1cc(Br)c(N)c([N+](=O)[O-])c1,,,,"MolVec 0.9.8 (git b412dd0, Maven Central)",0.16074211802333593
uob,maybridge-0476-786979170,COC(=O)c1cccc([N+](=O)[O-])c1NC(C)=O,,,,"MolVec 0.9.8 (git b412dd0, Maven Central)",0.25076990318484604
uob,maybridge-0476-823602453,O=Cc1cc([N+](=O)[O-])ccc1N1CCOCC1,,,,"MolVec 0.9.8 (git b412dd0, Maven Central)",0.2407750179991126
uob,maybridge-0477-161836043,O=[N+]([O-])c1cccc(OCCN2CCOCC2)c1,,,,"MolVec 0.9.8 (git b412dd0, Maven Central)",0.18754403805360198
uob,maybridge-0477-185319479,O=C(O)c1cc([N+](=O)[O-])ccc1N1CCOCC1,,,,"MolVec 0.9.8 (git b412dd0, Maven Central)",0.2562091371510178
uob,maybridge-0477-240489909,Nc1c(Cl)cc(C(F)(F)F)cc1[N+](=O)[O-],,,,"MolVec 0.9.8 (git b412dd0, Maven Central)",0.23216121597215533
uob,maybridge-0477-436239139,CCOc1cc([N+](=O)[O-])c(OCC)cc1Cl,,,,"MolVec 0.9.8 (git b412dd0, Maven Central)",0.20722902310080826
uob,maybridge-0477-49076281,CC(C)(C)C(=O)NNC(=O)c1cccc([N+](=O)[O-])c1,,,,"MolVec 0.9.8 (git b412dd0, Maven Central)",0.2775973519310355
uob,maybridge-0477-521496755,N#CCc1nc(-c2ccc([N+](=O)[O-])cc2)cs1,,,,"MolVec 0.9.8 (git b412dd0, Maven Central)",0.3095466219820082
uob,maybridge-0477-543787803,NNc1cc(Cl)c(C(F)(F)F)cc1[N+](=O)[O-],,,,"MolVec 0.9.8 (git b412dd0, Maven Central)",0.267117353156209
uob,maybridge-0477-688734108,O=[N+]([O-])c1ccc(OCCN2CCOCC2)cc1,,,,"MolVec 0.9.8 (git b412dd0, Maven Central)",0.2214196810964495
uob,maybridge-0477-880038186,O=[N+]([O-])c1ccccc1OCCN1CCOCC1,,,,"MolVec 0.9.8 (git b412dd0, Maven Central)",0.20530224195681512
uob,maybridge-0477-930577031,COc1cc(CC(=O)O)c([N+](=O)[O-])cc1OC,,,,"MolVec 0.9.8 (git b412dd0, Maven Central)",0.2851068270392716
uob,maybridge-0477-931664967,O=C(C(=O)c1ccc([N+](=O)[O-])cc1)c1ccccc1,,,,"MolVec 0.9.8 (git b412dd0, Maven Central)",0.338940410874784
uob,maybridge-0477-961298376,Nc1cc(Cl)c(C(F)(F)F)cc1[N+](=O)[O-],,,,"MolVec 0.9.8 (git b412dd0, Maven Central)",0.24503325810655951
uob,maybridge-0478-1059844737,O=[N+]([O-])c1ccc(C(O)CNCc2ccccc2)cc1,,,,"MolVec 0.9.8 (git b412dd0, Maven Central)",0.2559990531299263
uob,maybridge-0478-364302346,O=[N+]([O-])c1cc(CO)ccc1N1CCOCC1,,,,"MolVec 0.9.8 (git b412dd0, Maven Central)",0.23838953208178282
uob,maybridge-0478-372624458,C=C(C)c1nc(-c2cccc([N-]O)c2)no1,,,,"MolVec 0.9.8 (git b412dd0, Maven Central)",0.3210610239766538
uob,maybridge-0478-373015526,O=[N+]([O-])c1ccc(S(=O)(=O)N2CCOCC2)cc1,,,,"MolVec 0.9.8 (git b412dd0, Maven Central)",0.2018980118446052
uob,maybridge-0478-46173798,Nc1c(Br)cc(C(F)(F)F)cc1[N+](=O)[O-],,,,"MolVec 0.9.8 (git b412dd0, Maven Central)",0.2596317841671407
uob,maybridge-0478-571445767,Cc1ccc(Sc2ccc(C=O)cc2[N+](=O)[O-])cc1,,,,"MolVec 0.9.8 (git b412dd0, Maven Central)",0.2564782830886543
uob,maybridge-0478-622639279,CCOC(=O)c1cnn(-c2ccc([N+](=O)[O-])cc2)c1N,,,,"MolVec 0.9.8 (git b412dd0, Maven Central)",0.35489159100688994
uob,maybridge-0478-672838574,O=[N+]([O-])c1cc(C(F)(F)F)ccc1N1CCNCC1,,,,"MolVec 0.9.8 (git b412dd0, Maven Central)",0.2750813690945506
uob,maybridge-0478-698349523,Cc1ccc(Sc2ccc(C(=O)O)cc2[N+](=O)[O-])cc1,,,,"MolVec 0.9.8 (git b412dd0, Maven Central)",0.29460214194841683
uob,maybridge-0478-991749807,Cc1ccc(Sc2ccc([N+](=O)[O-])cc2C=O)cc1,,,,"MolVec 0.9.8 (git b412dd0, Maven Central)",0.250393905909732
uob,maybridge-0478-995258070,O=C(CBr)c1ccc(Cl)c([N+](=O)[O-])c1,,,,"MolVec 0.9.8 (git b412dd0, Maven Central)",0.254069488029927
uob,maybridge-0479-117695284,CC(C)(C)OC(=O)N1CCCC(Oc2ccc([N+](=O)[O-])cc2)C1,,,,"MolVec 0.9.8 (git b412dd0, Maven Central)",0.33952862001024187
uob,maybridge-0479-122416807,CC(C)(C)OC(=O)N1CCC(Oc2ccccc2[N+](=O)[O-])CC1,,,,"MolVec 0.9.8 (git b412dd0, Maven Central)",0.344950855942443
uob,maybridge-0479-256566619,CC(C)(C)OC(=O)N1CCN(Cc2cccc([N+](=O)[O-])c2)CC1,,,,"MolVec 0.9.8 (git b412dd0, Maven Central)",0.4112304139416665
uob,maybridge-0479-36421644,Cc1ccc(S(=O)(=O)c2ccc(C(=O)O)cc2[N+](=O)[O-])cc1,,,,"MolVec 0.9.8 (git b412dd0, Maven Central)",0.3740597160067409
uob,maybridge-0479-739180671,CC(C)(C)OC(=O)N1CCC(Oc2ccc([N+](=O)[O-])cc2)CC1,,,,"MolVec 0.9.8 (git b412dd0, Maven Central)",0.36285329912789166
uob,maybridge-0479-769028990,O=C(O)c1ccc(S(=O)c2cc(Cl)ccc2Cl)c([N+](=O)[O-])c1,,,,"MolVec 0.9.8 (git b412dd0, Maven Central)",0.372322864132002
uob,maybridge-0479-793195464,CC(C)(C)OC(=O)N1CCCC(Oc2ccccc2[N+](=O)[O-])C1,,,,"MolVec 0.9.8 (git b412dd0, Maven Central)",0.33566824602894485
uob,maybridge-0479-869193324,O=C(O)C12CC3CC(C1)CC(c1ccc([N+](=O)[O-])cc1)(C3)C2,,,,"MolVec 0.9.8 (git b412dd0, Maven Central)",0.43052079691551626
uob,maybridge-0479-908146759,CC1(C)OC(=O)C(=Cc2ccc(N3CCOCC3)c([N+](=O)[O-])c2)C(=O)O1,,,,"MolVec 0.9.8 (git b412dd0, Maven Central)",0.42457785992883146
uob,maybridge-0480-1009583609,O=[N+]([O-])c1cccnc1N1CCOCC1,,,,"MolVec 0.9.8 (git b412dd0, Maven Central)",0.16571108996868134
uob,maybridge-0480-156134069,O=[N+]([O-])c1ccc(OCCO)nc1,,,,"MolVec 0.9.8 (git b412dd0, Maven Central)",0.15209796512499452
uob,maybridge-0480-312164351,O=[N+]([O-])c1cc(PF)cnc1O,,,,"MolVec 0.9.8 (git b412dd0, Maven Central)",0.24343680194579065
uob,maybridge-0480-419090852,COc1ccc([N+](=O)[O-])c(Cl)n1,,,,"MolVec 0.9.8 (git b412dd0, Maven Central)",0.1388627691194415
uob,maybridge-0480-426449191,O=[N+]([O-])c1cc(Br)cnc1O,,,,"MolVec 0.9.8 (git b412dd0, Maven Central)",0.13549952115863562
uob,maybridge-0480-580252761,O=[N+]([O-])c1ccc(Cl)nc1,,,,"MolVec 0.9.8 (git b412dd0, Maven Central)",0.17712205019779503
uob,maybridge-0480-623483033,O=[N+]([O-])c1ccc(N2CCCNCC2)nc1,,,,"MolVec 0.9.8 (git b412dd0, Maven Central)",0.19438719702884555
uob,maybridge-0480-628637281,O=[N+]([O-])c1ccc(Cl)nc1Cl,,,,"MolVec 0.9.8 (git b412dd0, Maven Central)",0.1458916231058538
uob,maybridge-0480-770522085,O=[N+]([O-])c1cnccc1O,,,,"MolVec 0.9.8 (git b412dd0, Maven Central)",0.18791726091876626
uob,maybridge-0480-834644863,O=[N+]([O-])c1ccc(Oc2c(Cl)cc(S(=O)(=O)Cl)cc2Cl)c(Cl)c1,,,,"MolVec 0.9.8 (git b412dd0, Maven Central)",0.35056541580706835
uob,maybridge-0480-923517809,O=[N+]([O-])c1cc(Cl)cnc1O,,,,"MolVec 0.9.8 (git b412dd0, Maven Central)",0.1406610431149602
uob,maybridge-0480-997857498,Cc1cc([N+](=O)[O-])cnc1Cl,,,,"MolVec 0.9.8 (git b412dd0, Maven Central)",0.12863824097439647
uob,maybridge-0481-1011674821,O=[N+]([O-])c1ccc2[nH]ccc2c1,,,,"MolVec 0.9.8 (git b412dd0, Maven Central)",0.20941648609004915
uob,maybridge-0481-1020147867,Cc1[nH]c2ccc([N+](=O)[O-])cc2c1C=O,,,,"MolVec 0.9.8 (git b412dd0, Maven Central)",0.2595154708251357
uob,maybridge-0481-1021927495,Nc1nnc(Sc2ncccc2[N+](=O)[O-])s1,,,,"MolVec 0.9.8 (git b412dd0, Maven Central)",0.28165260097011924
uob,maybridge-0481-1847706,O=C(O)c1cc2cccc([N+](=O)[O-])c2[nH]1,,,,"MolVec 0.9.8 (git b412dd0, Maven Central)",0.3786303799133748
uob,maybridge-0481-212956386,CC(=O)C1C(=O)c2cccc([N+](=O)[O-])c2C1=O,,,,"MolVec 0.9.8 (git b412dd0, Maven Central)",0.29317982704378664
uob,maybridge-0481-316201775,O=[N+]([O-])c1cccnc1N1CCN(CCO)CC1,,,,"MolVec 0.9.8 (git b412dd0, Maven Central)",0.20020903390832245
uob,maybridge-0481-340508658,O=C1NC(=O)c2cc([N+](=O)[O-])c(Cl)cc21,,,,"MolVec 0.9.8 (git b412dd0, Maven Central)",0.28613901999779046
uob,maybridge-0481-375648442,O=[N+]([O-])c1cccc2cn[nH]c12,,,,"MolVec 0.9.8 (git b412dd0, Maven Central)",0.20829799794591963
uob,maybridge-0481-455489678,O=C1NC(=O)c2cc([N+](=O)[O-])ccc21,,,,"MolVec 0.9.8 (git b412dd0, Maven Central)",0.28021597885526717
uob,maybridge-0481-470050240,O=Cc1c[nH]c2ccc([N+](=O)[O-])cc12,,,,"MolVec 0.9.8 (git b412dd0, Maven Central)",0.2496660239994526
uob,maybridge-0481-722876921,O=C(O)c1[nH]c2ccc([N+](=O)[O-])cc2c1-c1ccccc1,,,,"MolVec 0.9.8 (git b412dd0, Maven Central)",0.43779891985468566
uob,maybridge-0481-913282675,Cn1ccc2cc([N+](=O)[O-])ccc21,,,,"MolVec 0.9.8 (git b412dd0, Maven Central)",0.18991338298656046
uob,maybridge-0482-1049127247,Cc1ccc2cc([N+](=O)[O-])ccc2n1,,,,"MolVec 0.9.8 (git b412dd0, Maven Central)",0.1830548660364002
uob,maybridge-0482-332278864,O=[N+]([O-])c1c(Cl)ccc2nsnc12,,,,"MolVec 0.9.8 (git b412dd0, Maven Central)",0.27066845586523414
uob,maybridge-0482-350063852,Cc1ccc2ncccc2c1[N+](=O)[O-],,,,"MolVec 0.9.8 (git b412dd0, Maven Central)",0.2504150830209255
uob,maybridge-0482-401963766,CSc1nc2ccc([N+](=O)[O-])cc2s1,,,,"MolVec 0.9.8 (git b412dd0, Maven Central)",0.160932085942477
uob,maybridge-0482-405870525,Nc1nsc2ccc([N+](=O)[O-])cc12,,,,"MolVec 0.9.8 (git b412dd0, Maven Central)",0.17909816117025912
uob,maybridge-0482-465711912,Nc1cc(Cl)c2nonc2c1[N+](=O)[O-],,,,"MolVec 0.9.8 (git b412dd0, Maven Central)",0.2533687630202621
uob,maybridge-0482-513199877,O=[N+]([O-])c1coc2ccc(O)cc12,,,,"MolVec 0.9.8 (git b412dd0, Maven Central)",0.16906452109105885
uob,maybridge-0482-562628339,NCC(=O)CSC1CS(=O)(=O)c2cc([N+](=O)[O-])ccc21,,,,"MolVec 0.9.8 (git b412dd0, Maven Central)",0.4526134261395782
uob,maybridge-0482-769343473,O=[N+]([O-])c1ccc2ncoc2c1,,,,"MolVec 0.9.8 (git b412dd0, Maven Central)",0.13508429192006588
uob,maybridge-0482-948469307,O=C(Cl)c1cc2cc([N+](=O)[O-])ccc2s1,,,,"MolVec 0.9.8 (git b412dd0, Maven Central)",0.3070596468169242
uob,maybridge-0482-976964412,O=C(O)c1cc2cc([N+](=O)[O-])ccc2s1,,,,"MolVec 0.9.8 (git b412dd0, Maven Central)",0.2919466670136899
uob,maybridge-0483-671082166,CSC(=C[N+](=O)[O-])SC,,,,"MolVec 0.9.8 (git b412dd0, Maven Central)",0.10253402101807296
uob,maybridge-0484-1041145291,CCCCS(=O)(CCCC)(CCCC)c1ccccn1,,,,"MolVec 0.9.8 (git b412dd0, Maven Central)",0.18180151586420834
uob,maybridge-0484-203507964,CCCCS(P)(CCCC)CCCC.FC(F)(F)c1ccccc1,,,,"MolVec 0.9.8 (git b412dd0, Maven Central)",0.2603570001665503
uob,maybridge-0484-531838415,BS(CCCC)(CCCC)CCCC.c1ccncc1,,,,"MolVec 0.9.8 (git b412dd0, Maven Central)",0.2083357279188931
uob,maybridge-0484-654789319,CCCC.CCCCS(O)(CCCC)c1cccc(N2CCOCC2)n1,,,,"MolVec 0.9.8 (git b412dd0, Maven Central)",0.24249964393675327
uob,maybridge-0484-751844409,CCCCC.CCCCCCCCC.Cn1ccnc1,,,,"MolVec 0.9.8 (git b412dd0, Maven Central)",0.1892567900940776
uob,maybridge-0484-848093976,CCCCS(P)(CCCC)CCCC.Fc1ccccc1,,,,"MolVec 0.9.8 (git b412dd0, Maven Central)",0.1982640230562538
uob,maybridge-0484-97077576,CCCCS(O)(CCCC)CCCC.Cn1ccc(C(F)(F)F)n1,,,,"MolVec 0.9.8 (git b412dd0, Maven Central)",0.23929623304866254
uob,maybridge-0485-250019773,Cn1cc(S(=O)(=O)Cl)c(C(F)(F)F)n1,,,,"MolVec 0.9.8 (git b412dd0, Maven Central)",0.19356061704456806
uob,maybridge-0485-252831134,CCOC(=O)c1[nH]c(C)c(S(=O)(=O)Cl)c1C,,,,"MolVec 0.9.8 (git b412dd0, Maven Central)",0.30814816895872355
uob,maybridge-0485-348935721,COC(=O)C1=CC=C([S+]=[O-])N1C,,,,"MolVec 0.9.8 (git b412dd0, Maven Central)",0.21625842689536512
uob,maybridge-0485-382231377,C=S(Cl)c1c(C)nn(C)c1Cl,,,,"MolVec 0.9.8 (git b412dd0, Maven Central)",0.18879543500952423
uob,maybridge-0485-392436152,Cc1nn(C)c(C)c1S(=O)(=O)Cl,,,,"MolVec 0.9.8 (git b412dd0, Maven Central)",0.20388423395343125
uob,maybridge-0485-471884880,C=O=S(=C)(Cl)C1(CC(=N)NC)CCC1,,,,"MolVec 0.9.8 (git b412dd0, Maven Central)",0.1628734921105206
uob,maybridge-0485-48631327,Cc1c(S(=O)(=O)Cl)cnn1-c1ccccc1,,,,"MolVec 0.9.8 (git b412dd0, Maven Central)",0.2689348862040788
uob,maybridge-0485-609141591,CC1=NC(C(=O)(=O)Cl)=CN1C,,,,"MolVec 0.9.8 (git b412dd0, Maven Central)",0.17203228292055428
uob,maybridge-0485-91484174,Cn1ccc(S(=O)(=O)Cl)n1,,,,"MolVec 0.9.8 (git b412dd0, Maven Central)",0.16627882979810238
uob,maybridge-0485-926815768,Cc1nn(-c2ccccc2)c(C)c1S(=O)(=O)Cl,,,,"MolVec 0.9.8 (git b412dd0, Maven Central)",0.2765135138761252
uob,maybridge-0486-195976363,COC(=O)C1=CC=C([S+]=[O-])O1,,,,"MolVec 0.9.8 (git b412dd0, Maven Central)",0.1631600591354072
uob,maybridge-0486-351571526,[O-]=[S+]C1=CC=CO1,,,,"MolVec 0.9.8 (git b412dd0, Maven Central)",0.12725128489546478
uob,maybridge-0486-414275568,[O-]=[S+]C1=CC=C(C2OCCO2)O1,,,,"MolVec 0.9.8 (git b412dd0, Maven Central)",0.21236190502531826
uob,maybridge-0486-494278248,COC(=O)C1=C(C)OC([S+]=[O-])=C1,,,,"MolVec 0.9.8 (git b412dd0, Maven Central)",0.25992973893880844
uob,maybridge-0486-586900043,Cc1cc(S(=O)(=O)Cl)c(C)o1,,,,"MolVec 0.9.8 (git b412dd0, Maven Central)",0.19987447699531913
uob,maybridge-0486-596476605,[O-]=[S+]C1=C(C2OCCO2)C=CO1,,,,"MolVec 0.9.8 (git b412dd0, Maven Central)",0.18979916395619512
uob,maybridge-0486-61742455,COC(=O)c1c(C)oc(C)c1S(=O)(=O)Cl,,,,"MolVec 0.9.8 (git b412dd0, Maven Central)",0.21117482683621347
uob,maybridge-0486-684432403,[O-]=[S+]C1=CC=CS1,,,,"MolVec 0.9.8 (git b412dd0, Maven Central)",0.14812431996688247
uob,maybridge-0486-805535479,O=S(=O)(Cl)c1ccsc1,,,,"MolVec 0.9.8 (git b412dd0, Maven Central)",0.16037813108414412
uob,maybridge-0486-93405169,O=S(=O)(Cl)c1ccoc1,,,,"MolVec 0.9.8 (git b412dd0, Maven Central)",0.14343278808519244
uob,maybridge-0486-949767454,Cc1cc(S(=O)(=O)Cl)c(C(F)(F)F)o1,,,,"MolVec 0.9.8 (git b412dd0, Maven Central)",0.28420733101665974
uob,maybridge-0487-136156866,COC(=O)C1=CC(C)=C([S+]=[O-])S1,,,,"MolVec 0.9.8 (git b412dd0, Maven Central)",0.2739240280352533
uob,maybridge-0487-341089665,[O-]=[S+]C1=CC=C(C2=CN=CO2)S1,,,,"MolVec 0.9.8 (git b412dd0, Maven Central)",0.22076053987257183
uob,maybridge-0487-562366131,COC(=O)c1sccc1S(=O)(=O)Cl,,,,"MolVec 0.9.8 (git b412dd0, Maven Central)",0.2554529490880668
uob,maybridge-0487-648738113,[O-]=[S+]C1=C(/C=C(\S)Cl)C1,,,,"MolVec 0.9.8 (git b412dd0, Maven Central)",0.2113711938727647
uob,maybridge-0487-656838331,[O-]=[S+]C1=CC=C(C2=NC=CC=C2)S1,,,,"MolVec 0.9.8 (git b412dd0, Maven Central)",0.2908033411949873
uob,maybridge-0487-681869651,Cc1cc(S(=O)(=O)Cl)c(C)s1,,,,"MolVec 0.9.8 (git b412dd0, Maven Central)",0.18191786902025342
uob,maybridge-0487-717169293,[O-]=[S+]C1=CC=C(C2=CC=NO2)S1,,,,"MolVec 0.9.8 (git b412dd0, Maven Central)",0.24303488503210247
uob,maybridge-0487-733956463,[O-]=[S+]C1=CC=C(C2=CC=CC=C2)S1,,,,"MolVec 0.9.8 (git b412dd0, Maven Central)",0.35099323303438723
uob,maybridge-0487-821973051,[O-]=[S+]C1=C(C2OCCO2)C=CS1,,,,"MolVec 0.9.8 (git b412dd0, Maven Central)",0.21704859496094286
uob,maybridge-0487-822658347,[O-]=[S+]C1=CC=C(C2OCCO2)S1,,,,"MolVec 0.9.8 (git b412dd0, Maven Central)",0.23379859398119152
uob,maybridge-0487-910018575,O=S(=O)(Cl)C1(C2=C(Cl)C2)=C(Cl)C1,,,,"MolVec 0.9.8 (git b412dd0, Maven Central)",0.2389699339400977
uob,maybridge-0488-179361805,O=C(NCC1=CC=C([S+]=[O-])S1)C1=CC=CC=C1,,,,"MolVec 0.9.8 (git b412dd0, Maven Central)",0.33510508900508285
uob,maybridge-0488-473463323,[O-]=[S+]C1=CC=C(C2=NOC(C(F)(F)F)=C2)S1,,,,"MolVec 0.9.8 (git b412dd0, Maven Central)",0.2539765581022948
uob,maybridge-0488-503599029,O=S(=O)(Cl)c1cscc1Br,,,,"MolVec 0.9.8 (git b412dd0, Maven Central)",0.16754732397384942
uob,maybridge-0488-517104201,[O-]=[S+]C1=CC(Br)=C(Cl)S1,,,,"MolVec 0.9.8 (git b412dd0, Maven Central)",0.20496832206845284
uob,maybridge-0488-548714223,CC1=NC(C2=CC=C([S+]=[O-])S2)=CS1,,,,"MolVec 0.9.8 (git b412dd0, Maven Central)",0.20116762584075332
uob,maybridge-0488-627505155,[O-]=[S+]C1=CC=C(C2=NSC(Cl)=N2)S1,,,,"MolVec 0.9.8 (git b412dd0, Maven Central)",0.23869184707291424
uob,maybridge-0488-70564439,O=[N+]([O-])C1=C(Cl)SC([S+]=[O-])=C1,,,,"MolVec 0.9.8 (git b412dd0, Maven Central)",0.1778793919365853
uob,maybridge-0488-70982967,COC(=O)C1=CSC([S+]=[O-])=C1OC,,,,"MolVec 0.9.8 (git b412dd0, Maven Central)",0.2180740348994732
uob,maybridge-0488-712836360,[O-]=[S+]C1=CC=C(Br)S1,,,,"MolVec 0.9.8 (git b412dd0, Maven Central)",0.19079537107609212
uob,maybridge-0488-771090165,CSC1=NC=CC(C2=CC=C([S+]=[O-])S2)=N1,,,,"MolVec 0.9.8 (git b412dd0, Maven Central)",0.27919203299097717
uob,maybridge-0489-247658913,O=S(=O)(Cl)c1c(Cl)sc(Cl)c1Br,,,,"MolVec 0.9.8 (git b412dd0, Maven Central)",0.2795992388855666
uob,maybridge-0489-404038183,CN1N=C(C2=CC=C([S+]=[O-])S2)C=C1C(F)(F)F,,,,"MolVec 0.9.8 (git b412dd0, Maven Central)",0.31501417490653694
uob,maybridge-0489-414658755,CCOC(=O)C1=NC(C2=CC=C([S+]=[O-])S2)=[NH+]O1,,,,"MolVec 0.9.8 (git b412dd0, Maven Central)",0.26527765789069235
uob,maybridge-0489-556036782,O=S(=O)(Cl)c1csc(C(F)(F)F)c1-c1ccccc1,,,,"MolVec 0.9.8 (git b412dd0, Maven Central)",0.3831265210174024
uob,maybridge-0489-641162237,[O-]=[S+]C1=CC=C(C(O)(O)C2=CC=CC=C2)S1,,,,"MolVec 0.9.8 (git b412dd0, Maven Central)",0.30852261395193636
uob,maybridge-0489-6968719,O=S(c1ccccc1)c1csc(S)c1,,,,"MolVec 0.9.8 (git b412dd0, Maven Central)",0.3160465380642563
uob,maybridge-0489-729670557,COC(=O)c1sc(C(F)(F)F)c(-c2ccccc2)c1S(=O)(=O)Cl,,,,"MolVec 0.9.8 (git b412dd0, Maven Central)",0.45068585709668696
uob,maybridge-0489-819438012,O=B(NCC1=CC=C([S+]=[O-])S1)C1=CC=C([Cl-])C=C1,,,,"MolVec 0.9.8 (git b412dd0, Maven Central)",0.3986509060487151
uob,maybridge-0489-960221460,CN1N=C(C(F)(F)F)C=C1C1=CC=C([S+]=[O-])S1,,,,"MolVec 0.9.8 (git b412dd0, Maven Central)",0.2966282351408154
uob,maybridge-0489-963518337,COC(=O)c1scc(S(=O)(=O)C(C)C)c1S(=O)(=O)Cl,,,,"MolVec 0.9.8 (git b412dd0, Maven Central)",0.2871767219621688
uob,maybridge-0490-427930360,Cc1onc(-c2ccccc2)c1S(=O)(=O)Cl,,,,"MolVec 0.9.8 (git b412dd0, Maven Central)",0.2861584438942373
uob,maybridge-0490-439581794,O=S(=O)(Cl)c1ccccc1F,,,,"MolVec 0.9.8 (git b412dd0, Maven Central)",0.14788456191308796
uob,maybridge-0490-480066398,CC1=C([S+]=[O-])SC(C2=CC=C(C(F)(F)F)C=C2)=N1,,,,"MolVec 0.9.8 (git b412dd0, Maven Central)",0.45045808306895196
uob,maybridge-0490-530451327,Cc1oncc1S(=O)(=O)Cl,,,,"MolVec 0.9.8 (git b412dd0, Maven Central)",0.16310002095997334
uob,maybridge-0490-612241859,CC1=C([S+]=[O-])SC(C2=CC=CC=C2)=N1,,,,"MolVec 0.9.8 (git b412dd0, Maven Central)",0.2333392701111734
uob,maybridge-0490-757987161,[O-]=[S+]C1=C(C2=CC=CC=C2)N=C(C2=CC=CC=C2)S1,,,,"MolVec 0.9.8 (git b412dd0, Maven Central)",0.3531001969240606
uob,maybridge-0490-851856689,Cc1noc(C)c1S(=O)(=O)Cl,,,,"MolVec 0.9.8 (git b412dd0, Maven Central)",0.15239911992102861
uob,maybridge-0490-940785076,N#Cc1ccccc1S(=O)(=O)Cl,,,,"MolVec 0.9.8 (git b412dd0, Maven Central)",0.18525142618454993
uob,maybridge-0490-955278892,CC1=NC(C)=C([S+]=[O-])S1,,,,"MolVec 0.9.8 (git b412dd0, Maven Central)",0.15262703318148851
uob,maybridge-0490-984402438,O=S(=O)(Cl)c1cccc(F)c1,,,,"MolVec 0.9.8 (git b412dd0, Maven Central)",0.1363750819582492
uob,maybridge-0491-379715086,O=S(=O)(Cl)c1ccccc1Cl,,,,"MolVec 0.9.8 (git b412dd0, Maven Central)",0.16443525813519955
uob,maybridge-0491-38549361,COc1ccc(S(=O)(=O)Cl)cc1,,,,"MolVec 0.9.8 (git b412dd0, Maven Central)",0.18073370400816202
uob,maybridge-0491-397375250,N#Cc1ccc(S(=O)(=O)Cl)cc1,,,,"MolVec 0.9.8 (git b412dd0, Maven Central)",0.208290948998183
uob,maybridge-0491-499388006,Cc1ccc(C)c(S(=O)(=O)Cl)c1,,,,"MolVec 0.9.8 (git b412dd0, Maven Central)",0.1515807150863111
uob,maybridge-0491-594230542,Cc1ccc(F)cc1S(=O)(=O)Cl,,,,"MolVec 0.9.8 (git b412dd0, Maven Central)",0.1486387311015278
uob,maybridge-0491-633143779,O=S(=O)(Cl)c1ccc(F)cc1F,,,,"MolVec 0.9.8 (git b412dd0, Maven Central)",0.1860763831064105
uob,maybridge-0491-659549829,CCc1ccc(S(=O)(=O)Cl)cc1,,,,"MolVec 0.9.8 (git b412dd0, Maven Central)",0.19371812883764505
uob,maybridge-0491-726396920,O=S(=O)(Cl)c1ccc(F)c(F)c1,,,,"MolVec 0.9.8 (git b412dd0, Maven Central)",0.19667582609690726
uob,maybridge-0491-751240662,O=S(=O)(Cl)c1c(F)cccc1F,,,,"MolVec 0.9.8 (git b412dd0, Maven Central)",0.21437268611043692
uob,maybridge-0491-867377000,O=S(=O)(Cl)c1ccc(Cl)cc1,,,,"MolVec 0.9.8 (git b412dd0, Maven Central)",0.17575870407745242
uob,maybridge-0491-875594882,N#Cc1cccc(S(=O)(=O)Cl)c1,,,,"MolVec 0.9.8 (git b412dd0, Maven Central)",0.1614465839229524
uob,maybridge-0491-880504752,C/O=C(\Cl)C1=CC(Cl)=CC=C1,,,,"MolVec 0.9.8 (git b412dd0, Maven Central)",0.15301098302006721
uob,maybridge-0492-1012475422,Cc1ccc(S(=O)(=O)Cl)cc1Cl,,,,"MolVec 0.9.8 (git b412dd0, Maven Central)",0.17355758510529995
uob,maybridge-0492-1031310038,O=S(=O)(Cl)c1ccc(F)c(F)c1F,,,,"MolVec 0.9.8 (git b412dd0, Maven Central)",0.22114229411818087
uob,maybridge-0492-1061080474,C=O.CCCCc1ccc(CCl)cc1,,,,"MolVec 0.9.8 (git b412dd0, Maven Central)",0.18135128798894584
uob,maybridge-0492-31601928,Cc1ccc(C#N)c(S(=O)(=O)Cl)c1,,,,"MolVec 0.9.8 (git b412dd0, Maven Central)",0.18657360994257033
uob,maybridge-0492-319915069,O=C(O)c1cc(S(=O)(=O)Cl)ccc1O,,,,"MolVec 0.9.8 (git b412dd0, Maven Central)",0.21742705185897648
uob,maybridge-0492-347669465,Cc1c(Cl)cccc1S(=O)(=O)Cl,,,,"MolVec 0.9.8 (git b412dd0, Maven Central)",0.175952373072505
uob,maybridge-0492-552750508,N#Cc1ccc(S(=O)(=O)Cl)c(Cl)c1,,,,"MolVec 0.9.8 (git b412dd0, Maven Central)",0.2001045299693942
uob,maybridge-0492-56226164,COc1ccc(OC)c(S(=O)(=O)Cl)c1,,,,"MolVec 0.9.8 (git b412dd0, Maven Central)",0.2370415129698813
uob,maybridge-0492-593974243,C/O=C(\Cl)C1=CC([N+](=O)[O-])=C(C)C=C1,,,,"MolVec 0.9.8 (git b412dd0, Maven Central)",0.2071983350906521
uob,maybridge-0492-639323478,O=S(Cl)c1ccc(F)cc1Cl,,,,"MolVec 0.9.8 (git b412dd0, Maven Central)",0.18127747694961727
uob,maybridge-0492-807266874,COC(=O)c1ccccc1S(=O)(=O)Cl,,,,"MolVec 0.9.8 (git b412dd0, Maven Central)",0.23706772015430033
uob,maybridge-0492-890191320,COC1=CC=C(/C(Cl)=O/C)C(OC)=C1,,,,"MolVec 0.9.8 (git b412dd0, Maven Central)",0.17529286816716194
uob,maybridge-0493-262281908,O=S(=O)(Cl)c1ccc(-n2cccn2)cc1,,,,"MolVec 0.9.8 (git b412dd0, Maven Central)",0.2462630718946457
uob,maybridge-0493-350393739,O=S1(Cl)=O(Cl)C2=C1C=CC=C2Cl,,,,"MolVec 0.9.8 (git b412dd0, Maven Central)",0.19264584383927286
uob,maybridge-0493-477087732,CS(=O)(=O)(=O)(Cl)C1=CC=C(C2=CN=CO2)C=C1,,,,"MolVec 0.9.8 (git b412dd0, Maven Central)",0.23507377714850008
uob,maybridge-0493-567607664,Cc1cc(S(=O)(=O)Cl)c(F)cc1Cl,,,,"MolVec 0.9.8 (git b412dd0, Maven Central)",0.22386733908206224
uob,maybridge-0493-577790863,ClC1=CC2=C(C=C1)S(Cl)=O2Cl,,,,"MolVec 0.9.8 (git b412dd0, Maven Central)",0.21479554614052176
uob,maybridge-0493-635322435,O=S(Cl)c1cccc(PF)c1,,,,"MolVec 0.9.8 (git b412dd0, Maven Central)",0.20980415400117636
uob,maybridge-0493-66320807,O=S(=O)(Cl)c1ccc(C(F)(F)F)cc1,,,,"MolVec 0.9.8 (git b412dd0, Maven Central)",0.25804697815328836
uob,maybridge-0493-685017375,O=S(=O)(Cl)c1ccccc1C(F)(F)F,,,,"MolVec 0.9.8 (git b412dd0, Maven Central)",0.1909080718178302
uob,maybridge-0493-765552331,O=S(=O)(Cl)c1ccccc1Br,,,,"MolVec 0.9.8 (git b412dd0, Maven Central)",0.15827721101231873
uob,maybridge-0493-795514374,CCCCCc1ccc(S(=O)(=O)Cl)cc1,,,,"MolVec 0.9.8 (git b412dd0, Maven Central)",0.1801675211172551
uob,maybridge-0493-923246777,CCCCOc1ccc(S(=O)(=O)Cl)cc1,,,,"MolVec 0.9.8 (git b412dd0, Maven Central)",0.21446122298948467
uob,maybridge-0493-9311285,ClC1=CC=CC2=C1[SH](Cl)CO2Cl,,,,"MolVec 0.9.8 (git b412dd0, Maven Central)",0.18872454506345093
uob,maybridge-0494-112642096,CS(=O)(O)(=O=O)PC1=CC=C(C2=CSN=N2)C=C1,,,,"MolVec 0.9.8 (git b412dd0, Maven Central)",0.2861057079862803
uob,maybridge-0494-115363163,O=S(Cl)c1ccc(OC(F)(F)F)cc1,,,,"MolVec 0.9.8 (git b412dd0, Maven Central)",0.1791335311718285
uob,maybridge-0494-141165039,Cc1nc(-c2cccc(S(=O)(=O)Cl)c2)no1,,,,"MolVec 0.9.8 (git b412dd0, Maven Central)",0.20706477691419423
uob,maybridge-0494-194887467,CC1=CC=C(C2=CC=C(=O)(S(C)(=O)(=O)Cl)C=C2)C=C1,,,,"MolVec 0.9.8 (git b412dd0, Maven Central)",0.2415999190416187
uob,maybridge-0494-373968742,O=C1CCCN1c1ccc(S(=O)(=O)Cl)cc1,,,,"MolVec 0.9.8 (git b412dd0, Maven Central)",0.2627687070053071
uob,maybridge-0494-565089234,COC(=O)c1ccc(OC)c(C(=O)Cl)c1,,,,"MolVec 0.9.8 (git b412dd0, Maven Central)",0.2722637369297445
uob,maybridge-0494-652154358,O=S(Cl)c1ccccc1OC(F)(F)F,,,,"MolVec 0.9.8 (git b412dd0, Maven Central)",0.2104673320427537
uob,maybridge-0494-660736567,O=S(Cl)c1c(F)c(F)c(F)c(F)c1F,,,,"MolVec 0.9.8 (git b412dd0, Maven Central)",0.21746716205962002
uob,maybridge-0494-711746477,Cc1nnc(-c2cccc(S(=O)Cl)c2)o1,,,,"MolVec 0.9.8 (git b412dd0, Maven Central)",0.2231767929624766
uob,maybridge-0494-907605530,O=S(=O)(Cl)c1cccc(Br)c1,,,,"MolVec 0.9.8 (git b412dd0, Maven Central)",0.14835957996547222
uob,maybridge-0495-160031695,O=S(=O)(Cl)c1ccc(Oc2ccccc2)cc1,,,,"MolVec 0.9.8 (git b412dd0, Maven Central)",0.27741483808495104
uob,maybridge-0495-226814379,Cc1nccc(-c2cccc(S(=O)(=O)Cl)c2)n1,,,,"MolVec 0.9.8 (git b412dd0, Maven Central)",0.333137878915295
uob,maybridge-0495-346635450,C=O.Cc1nc(-c2cccc(CCl)c2)cs1,,,,"MolVec 0.9.8 (git b412dd0, Maven Central)",0.2543278250377625
uob,maybridge-0495-565749883,Cc1nc(-c2ccc(S(=O)(=O)Cl)cc2)cs1,,,,"MolVec 0.9.8 (git b412dd0, Maven Central)",0.29933613212779164
uob,maybridge-0495-686925826,O=O(S)(Cl)C1=CC=C(C2=CC=C(F)C=C2)C=C1,,,,"MolVec 0.9.8 (git b412dd0, Maven Central)",0.25746034109033644
uob,maybridge-0495-697681951,O=S(=O)(Cl)c1ccc(Cl)c(C(F)(F)F)c1,,,,"MolVec 0.9.8 (git b412dd0, Maven Central)",0.25204335316084325
uob,maybridge-0495-737392035,CC(=O)Nc1ccc(S(=O)(=O)Cl)cc1Cl,,,,"MolVec 0.9.8 (git b412dd0, Maven Central)",0.2167128180153668
uob,maybridge-0495-792035491,O=S(Cl)c1ccc(C(F)(F)F)cc1Cl,,,,"MolVec 0.9.8 (git b412dd0, Maven Central)",0.2635722190607339
uob,maybridge-0495-898887066,O=S(=O)(Cl)c1cc(C(F)(F)F)ccc1Cl,,,,"MolVec 0.9.8 (git b412dd0, Maven Central)",0.25045305490493774
uob,maybridge-0495-942719727,Cc1cc(Br)ccc1S(=O)(=O)Cl,,,,"MolVec 0.9.8 (git b412dd0, Maven Central)",0.19085209583863616
uob,maybridge-0496-144089867,CCc1cc(Br)ccc1S(=O)(=O)Cl,,,,"MolVec 0.9.8 (git b412dd0, Maven Central)",0.161853106925264
uob,maybridge-0496-146068000,COc1ccccc1Oc1ccc(S(=O)(=O)Cl)cc1,,,,"MolVec 0.9.8 (git b412dd0, Maven Central)",0.21466873586177826
uob,maybridge-0496-252863233,COc1ccc(Br)cc1S(=O)(=O)Cl,,,,"MolVec 0.9.8 (git b412dd0, Maven Central)",0.17878947500139475
uob,maybridge-0496-44446654,O=S(Cl)c1ccc(Br)cc1C(F)(F)F,,,,"MolVec 0.9.8 (git b412dd0, Maven Central)",0.21010583406314254
uob,maybridge-0496-52194527,O=S(=O)(Cl)c1ccc(-c2ccc(Cl)cc2)cc1,,,,"MolVec 0.9.8 (git b412dd0, Maven Central)",0.26015034690499306
uob,maybridge-0496-547717067,O=S(=O)(P)c1ccc(Oc2ccccc2Cl)cc1,,,,"MolVec 0.9.8 (git b412dd0, Maven Central)",0.238818186102435
uob,maybridge-0496-575029744,O=S(=O)(Cl)c1ccc(S(=O)(=O)N2CCOCC2)cc1,,,,"MolVec 0.9.8 (git b412dd0, Maven Central)",0.21276836097240448
uob,maybridge-0496-687110239,CC1=CC=CC=C1CCl.CO=[IH],,,,"MolVec 0.9.8 (git b412dd0, Maven Central)",0.1374626059550792
uob,maybridge-0496-701004669,COc1ccc(-c2ccc(S(=O)(=O)Cl)cc2)cc1,,,,"MolVec 0.9.8 (git b412dd0, Maven Central)",0.31539528514258564
uob,maybridge-0496-764113365,O=S(=O)(Cl)c1ccc(-c2ccc(Cl)c(Cl)c2)cc1,,,,"MolVec 0.9.8 (git b412dd0, Maven Central)",0.3256682879291475
uob,maybridge-0496-845911603,O=C(O)c1ccc(S(=O)N2CCCC2)cc1,,,,"MolVec 0.9.8 (git b412dd0, Maven Central)",0.22125724609941244
uob,maybridge-0496-996001500,FC(F)(F)c1cc(Cl)c(SCl)c(OCl)c1,,,,"MolVec 0.9.8 (git b412dd0, Maven Central)",0.238799505867064
uob,maybridge-0497-243874800,O=[N+]([O-])c1ccc(Oc2c(Cl)cc(S(=O)(=O)Cl)cc2Cl)c(Cl)c1,,,,"MolVec 0.9.8 (git b412dd0, Maven Central)",0.37917278497479856
uob,maybridge-0497-3919457,O=CCc1ccccc1F,,,,"MolVec 0.9.8 (git b412dd0, Maven Central)",0.21152335917577147
uob,maybridge-0497-461223648,N#Cc1c(Cl)cccc1Oc1ccc(S(=O)(=O)Cl)cc1,,,,"MolVec 0.9.8 (git b412dd0, Maven Central)",0.27326712594367564
uob,maybridge-0497-492365308,O=S(=O)(Cl)c1ccc(Br)cc1OC(F)(F)F,,,,"MolVec 0.9.8 (git b412dd0, Maven Central)",0.27501872810535133
uob,maybridge-0497-504475492,O=S(Cl)c1cc(OCC(F)(F)F)ccc1OCC(F)(F)F,,,,"MolVec 0.9.8 (git b412dd0, Maven Central)",0.2773038689047098
uob,maybridge-0497-553035109,O=S(=O)(Cl)Cc1cccc(F)c1,,,,"MolVec 0.9.8 (git b412dd0, Maven Central)",0.19384706020355225
uob,maybridge-0497-776668901,CS(=O)(=O)(=O)(O)(Cl)CC1=CC=C(Cl)C=C1,,,,"MolVec 0.9.8 (git b412dd0, Maven Central)",0.19127484899945557
uob,maybridge-0497-806485417,Cc1ccccc1CS(=O)(=O)Cl,,,,"MolVec 0.9.8 (git b412dd0, Maven Central)",0.1697326919529587
uob,maybridge-0497-857728674,CO=CCC1=CC=C(C)C=C1,,,,"MolVec 0.9.8 (git b412dd0, Maven Central)",0.13278708490543067
uob,maybridge-0497-891688923,O=CCc1ccc(F)cc1,,,,"MolVec 0.9.8 (git b412dd0, Maven Central)",0.13841005903668702
uob,maybridge-0497-90943832,Cc1cccc(CS(=O)(=O)Cl)c1,,,,"MolVec 0.9.8 (git b412dd0, Maven Central)",0.1449802729766816
uob,maybridge-0497-98433894,N#Cc1cccc(CC(=O)O)c1,,,,"MolVec 0.9.8 (git b412dd0, Maven Central)",0.1561040880624205
uob,maybridge-0498-328149357,O=S(=O)(Cl)Cc1ccc(Br)cc1,,,,"MolVec 0.9.8 (git b412dd0, Maven Central)",0.1413415870629251
uob,maybridge-0498-41006242,O=S(=O)(Cl)Cc1ccccc1Br,,,,"MolVec 0.9.8 (git b412dd0, Maven Central)",0.15277943504042923
uob,maybridge-0498-442283893,O=S(=O)(Cl)Cc1cccc(Br)c1,,,,"MolVec 0.9.8 (git b412dd0, Maven Central)",0.192304247058928
uob,maybridge-0498-566734368,O=CCc1cccc(C(F)(F)F)c1,,,,"MolVec 0.9.8 (git b412dd0, Maven Central)",0.19090000889264047
uob,maybridge-0498-733606143,O=[N+]([O-])c1ccc(CS(=O)(=O)Cl)cc1,,,,"MolVec 0.9.8 (git b412dd0, Maven Central)",0.17411040607839823
uob,maybridge-0498-790271123,CS(=O)(=O)(=O)(O)(Cl)CC1=C(Cl)C=CC=C1,,,,"MolVec 0.9.8 (git b412dd0, Maven Central)",0.15037083998322487
uob,maybridge-0498-806666224,O=S(=O)(Cl)c1cccnc1,,,,"MolVec 0.9.8 (git b412dd0, Maven Central)",0.14155574701726437
uob,maybridge-0498-888149301,COC(=O)c1ccc(CS(=O)(=O)Cl)cc1,,,,"MolVec 0.9.8 (git b412dd0, Maven Central)",0.24022878892719746
uob,maybridge-0498-895751542,CCOC(=O)C1=C([S+]=[O-])C=NC=C1,,,,"MolVec 0.9.8 (git b412dd0, Maven Central)",0.22775499196723104
uob,maybridge-0498-898960171,CS(=O)(=O)(=O)(=O)(Cl)CC1=CC(Cl)=C(Cl)C=C1,,,,"MolVec 0.9.8 (git b412dd0, Maven Central)",0.1781454929150641
uob,maybridge-0498-928465756,O=S(Cl)c1ccc(N2CCOCC2)nc1,,,,"MolVec 0.9.8 (git b412dd0, Maven Central)",0.20737092895433307
uob,maybridge-0498-972659790,CC(C)(C)C1=CC=C(CS(C)(=O)(=O)(=O)P)C=C1,,,,"MolVec 0.9.8 (git b412dd0, Maven Central)",0.17270211200229824
uob,maybridge-0499-206073676,CN1C=CC2=C1C=CC=C2/C(Cl)=O/I,,,,"MolVec 0.9.8 (git b412dd0, Maven Central)",0.19347926694899797
uob,maybridge-0499-213633184,O=S(=O)(Cl)c1ccc2c(c1)CCO2,,,,"MolVec 0.9.8 (git b412dd0, Maven Central)",0.20998657494783401
uob,maybridge-0499-328479146,[O-]=[S+]C1=CC2=C(C=CC=C2)O1,,,,"MolVec 0.9.8 (git b412dd0, Maven Central)",0.28552512312307954
uob,maybridge-0499-494899221,Cn1ccc2cc(S(=O)(=O)Cl)ccc21,,,,"MolVec 0.9.8 (git b412dd0, Maven Central)",0.225229725940153
uob,maybridge-0499-5218733,O=S(=O)(Cl)c1ccc2c(c1)OCO2,,,,"MolVec 0.9.8 (git b412dd0, Maven Central)",0.16470726486295462
uob,maybridge-0499-548840316,CC(=O)N1CCc2cc(C(=O)Cl)ccc21,,,,"MolVec 0.9.8 (git b412dd0, Maven Central)",0.3307394168805331
uob,maybridge-0499-600130151,[O-]=[S+]C1=CC2=C(C=CC=C2)S1,,,,"MolVec 0.9.8 (git b412dd0, Maven Central)",0.2498138619121164
uob,maybridge-0499-618928080,[O-]=[S+]C1=C(Cl)N=C2SC=CN21,,,,"MolVec 0.9.8 (git b412dd0, Maven Central)",0.17659301706589758
uob,maybridge-0499-82938928,O=S(=O)(Cl)c1ccc(Oc2ccccc2)nc1,,,,"MolVec 0.9.8 (git b412dd0, Maven Central)",0.21869265916757286
uob,maybridge-0499-843706053,O=C1Cc2cc(S(=O)(=O)Cl)ccc2N1,,,,"MolVec 0.9.8 (git b412dd0, Maven Central)",0.2516080380883068
uob,maybridge-0499-997739547,O=C(Cl)c1cc(Br)cc2c1OCC2,,,,"MolVec 0.9.8 (git b412dd0, Maven Central)",0.2151559570338577
uob,maybridge-0500-1055460554,O=S(=O)(Cl)c1csc2ccccc12,,,,"MolVec 0.9.8 (git b412dd0, Maven Central)",0.2569417981430888
uob,maybridge-0500-181408805,O=S(=O)(Cl)c1c(Cl)ccc2nonc12,,,,"MolVec 0.9.8 (git b412dd0, Maven Central)",0.18215608317404985
uob,maybridge-0500-338388946,O=S(=O)(Cl)c1ccc2nsnc2c1,,,,"MolVec 0.9.8 (git b412dd0, Maven Central)",0.22213511704467237
uob,maybridge-0500-341928491,O=S(=O)(Cl)c1cccc2ccccc12,,,,"MolVec 0.9.8 (git b412dd0, Maven Central)",0.188119555125013
uob,maybridge-0500-438676328,Cc1nc2ccc(S(=O)(=O)Cl)cc2s1,,,,"MolVec 0.9.8 (git b412dd0, Maven Central)",0.231910799164325
uob,maybridge-0500-458075438,O=S(=O)(Cl)c1ccc2ccccc2c1,,,,"MolVec 0.9.8 (git b412dd0, Maven Central)",0.15391594707034528
uob,maybridge-0500-65414477,CC1=CC2=C(C=C1)SC([S+]=[O-])=C2,,,,"MolVec 0.9.8 (git b412dd0, Maven Central)",0.18899317015893757
uob,maybridge-0500-680369143,O=S(=O)(Cl)c1ccc2ncsc2c1,,,,"MolVec 0.9.8 (git b412dd0, Maven Central)",0.23958021285943687
uob,maybridge-0500-719385263,CC1=C([S+]=[O-])SC2=C1C=C(Cl)C=C2,,,,"MolVec 0.9.8 (git b412dd0, Maven Central)",0.2665971808601171
uob,maybridge-0500-806931223,O=S(=O)(Cl)c1cccc2nsnc12,,,,"MolVec 0.9.8 (git b412dd0, Maven Central)",0.23477239697240293
uob,maybridge-0500-840768113,O=S(=O)(Cl)c1cccc2nonc12,,,,"MolVec 0.9.8 (git b412dd0, Maven Central)",0.27089235885068774
uob,maybridge-0501-122852984,CN1CCOc2cc(S(=O)(=O)Cl)ccc21,,,,"MolVec 0.9.8 (git b412dd0, Maven Central)",0.22763828397728503
uob,maybridge-0501-124110774,CN1CCOc2cc(S(=O)(=O)Cl)cnc21,,,,"MolVec 0.9.8 (git b412dd0, Maven Central)",0.22340454906225204
uob,maybridge-0501-147755891,CC1(C)CCc2cc(S(=O)(=O)Cl)ccc2O1,,,,"MolVec 0.9.8 (git b412dd0, Maven Central)",0.2873939638957381
uob,maybridge-0501-200625960,CC1(C)CCC(C)(C)c2cc(S(=O)(=O)Cl)ccc21,,,,"MolVec 0.9.8 (git b412dd0, Maven Central)",0.26880800910294056
uob,maybridge-0501-285638740,CS(=O)(=O)(=O)(O)(Cl)C1=CC2=C(C=C1)OCC(=O)N2,,,,"MolVec 0.9.8 (git b412dd0, Maven Central)",0.2027546821627766
uob,maybridge-0501-313507065,Cc1ccc(C(=O)Cl)c2ccccc12,,,,"MolVec 0.9.8 (git b412dd0, Maven Central)",0.2355370670557022
uob,maybridge-0501-463677077,C=O.CCS1=CC1,,,,"MolVec 0.9.8 (git b412dd0, Maven Central)",0.1381669130641967
uob,maybridge-0501-497806967,O=S(=O)(Cl)c1ccc2c(c1)OCCO2,,,,"MolVec 0.9.8 (git b412dd0, Maven Central)",0.18410949083045125
uob,maybridge-0501-539484297,O=S(=O)(Cl)c1ccc2c(c1)OCCCO2,,,,"MolVec 0.9.8 (git b412dd0, Maven Central)",0.20667264494113624
uob,maybridge-0502-125999575,NC(=S)c1ccc(F)cc1,,,,"MolVec 0.9.8 (git b412dd0, Maven Central)",0.17917913291603327
uob,maybridge-0502-153243577,NC(=S)c1cccs1,,,,"MolVec 0.9.8 (git b412dd0, Maven Central)",0.1547886070329696
uob,maybridge-0502-287766450,NC(=S)c1c[nH]cn1,,,,"MolVec 0.9.8 (git b412dd0, Maven Central)",0.1622544568963349
uob,maybridge-0502-291710077,NC(=S)c1ccc(Cl)cc1,,,,"MolVec 0.9.8 (git b412dd0, Maven Central)",0.21083416184410453
uob,maybridge-0502-422932991,NC(=S)c1ccno1,,,,"MolVec 0.9.8 (git b412dd0, Maven Central)",0.1717704520560801
uob,maybridge-0502-441058323,Cc1cc(C(N)=S)n(C)n1,,,,"MolVec 0.9.8 (git b412dd0, Maven Central)",0.1581243530381471
uob,maybridge-0502-476001764,NC(=S)c1ccc(-c2ccccn2)s1,,,,"MolVec 0.9.8 (git b412dd0, Maven Central)",0.3444708399474621
uob,maybridge-0502-511462243,Cc1nc(C(N)=S)cs1,,,,"MolVec 0.9.8 (git b412dd0, Maven Central)",0.19254147401079535
uob,maybridge-0502-664586939,NC(=S)c1ccsc1,,,,"MolVec 0.9.8 (git b412dd0, Maven Central)",0.17104265303350985
uob,maybridge-0502-769508184,Cc1cc(C(N)=S)no1,,,,"MolVec 0.9.8 (git b412dd0, Maven Central)",0.15979857789352536
uob,maybridge-0502-780764253,Cc1nc(C(N)=S)c[nH]1,,,,"MolVec 0.9.8 (git b412dd0, Maven Central)",0.17024951591156423
uob,maybridge-0502-803104971,NC(=S)c1ccoc1,,,,"MolVec 0.9.8 (git b412dd0, Maven Central)",0.19848469109274447
uob,maybridge-0503-174217409,NC(=S)c1ccc(-c2csnn2)cc1,,,,"MolVec 0.9.8 (git b412dd0, Maven Central)",0.3276270979549736
uob,maybridge-0503-414911382,NC(=S)c1ccc(C2OCCO2)cc1,,,,"MolVec 0.9.8 (git b412dd0, Maven Central)",0.2856228610035032
uob,maybridge-0503-56619287,NC(=S)c1ccc(F)cc1F,,,,"MolVec 0.9.8 (git b412dd0, Maven Central)",0.19287952105514705
uob,maybridge-0503-572485997,NC(=S)c1ccc(N2CCOCC2)cc1,,,,"MolVec 0.9.8 (git b412dd0, Maven Central)",0.3100353069603443
uob,maybridge-0503-638912597,NC(=S)c1cccc(Cl)c1Cl,,,,"MolVec 0.9.8 (git b412dd0, Maven Central)",0.22972923913039267
uob,maybridge-0503-676989219,NC(=S)c1ccc(-n2ccnc2)cc1,,,,"MolVec 0.9.8 (git b412dd0, Maven Central)",0.28623708500526845
uob,maybridge-0503-715229536,CC(C)(C)c1ccc(C(N)=S)cc1,,,,"MolVec 0.9.8 (git b412dd0, Maven Central)",0.28098753513768315
uob,maybridge-0503-803562245,COc1ccc(C(N)=S)cc1[N+](=O)[O-],,,,"MolVec 0.9.8 (git b412dd0, Maven Central)",0.25294916681014
uob,maybridge-0503-86335168,COc1ccc(OCC(N)=S)cc1,,,,"MolVec 0.9.8 (git b412dd0, Maven Central)",0.24436779413372278
uob,maybridge-0503-916702777,NC(=S)c1ccc(C(F)(F)F)cc1,,,,"MolVec 0.9.8 (git b412dd0, Maven Central)",0.2770667641889304
uob,maybridge-0503-92344619,NC(=S)Cc1ccc(Cl)cc1,,,,"MolVec 0.9.8 (git b412dd0, Maven Central)",0.2195045140106231
uob,maybridge-0503-923863440,NC(=S)Cc1ccc(-c2csnn2)cc1,,,,"MolVec 0.9.8 (git b412dd0, Maven Central)",0.33525252412073314
uob,maybridge-0504-249907132,NC(=S)c1cnccn1,,,,"MolVec 0.9.8 (git b412dd0, Maven Central)",0.14817342604510486
uob,maybridge-0504-265905692,NC(=S)c1ncc(C(F)(F)F)cc1Cl,,,,"MolVec 0.9.8 (git b412dd0, Maven Central)",0.298277580877766
uob,maybridge-0504-3643493,NC(=S)c1ccc2c(c1)CCO2,,,,"MolVec 0.9.8 (git b412dd0, Maven Central)",0.2531166651751846
uob,maybridge-0504-410120842,NC(=S)CS(=O)(=O)c1ccc(Cl)cc1,,,,"MolVec 0.9.8 (git b412dd0, Maven Central)",0.21191726182587445
uob,maybridge-0504-467876852,NC(=S)c1cc(Cl)nc(Cl)c1,,,,"MolVec 0.9.8 (git b412dd0, Maven Central)",0.2001754769589752
uob,maybridge-0504-573268017,COc1ccc(C(N)=S)cn1,,,,"MolVec 0.9.8 (git b412dd0, Maven Central)",0.1980813138652593
uob,maybridge-0504-616502964,Cn1c(=O)c(C(N)=S)cn(-c2ccccc2)c1=O,,,,"MolVec 0.9.8 (git b412dd0, Maven Central)",0.2688828979153186
uob,maybridge-0504-719055685,NC(=S)c1cnccc1C(F)(F)F,,,,"MolVec 0.9.8 (git b412dd0, Maven Central)",0.2288981748279184
uob,maybridge-0504-770983256,NC(=S)COc1ccccc1Cl,,,,"MolVec 0.9.8 (git b412dd0, Maven Central)",0.2392356798518449
uob,maybridge-0504-863300567,CC(C)(C)OC(=O)N1CCC(C(N)=S)CC1,,,,"MolVec 0.9.8 (git b412dd0, Maven Central)",0.24425955186598003
uob,maybridge-0504-997331153,CCOC(=O)c1c(C)[nH]c(=O)[nH]c1=S,,,,"MolVec 0.9.8 (git b412dd0, Maven Central)",0.2507206180598587
uob,maybridge-0505-12484904,S=C1NCCc2ccccc21,,,,"MolVec 0.9.8 (git b412dd0, Maven Central)",0.2273180668707937
uob,maybridge-0505-148466395,NC(=S)c1ccc2ccccc2c1,,,,"MolVec 0.9.8 (git b412dd0, Maven Central)",0.2781886220909655
uob,maybridge-0505-215259632,NC(=S)c1cccc2c1OCCO2,,,,"MolVec 0.9.8 (git b412dd0, Maven Central)",0.24951412598602474
uob,maybridge-0505-23491265,CC(C)(C)C(=O)OCC(N)=S,,,,"MolVec 0.9.8 (git b412dd0, Maven Central)",0.16848947596736252
uob,maybridge-0505-253444876,NC(=S)c1ccc2c(c1)OCO2,,,,"MolVec 0.9.8 (git b412dd0, Maven Central)",0.2225126619450748
uob,maybridge-0505-277690588,COC(=O)CSCCC(N)=S,,,,"MolVec 0.9.8 (git b412dd0, Maven Central)",0.1737415879033506
uob,maybridge-0505-302452338,CCOC(OCC)C(N)=S,,,,"MolVec 0.9.8 (git b412dd0, Maven Central)",0.144889113958925
uob,maybridge-0505-432220059,NC(=S)c1csc2ccccc12,,,,"MolVec 0.9.8 (git b412dd0, Maven Central)",0.31590582500211895
uob,maybridge-0505-488464566,CSc1sc(C(N)=S)c2c1C(=O)CCC2,,,,"MolVec 0.9.8 (git b412dd0, Maven Central)",0.3132313881069422
uob,maybridge-0505-659937803,CC(C)(C)OC(=O)NCCC(N)=S,,,,"MolVec 0.9.8 (git b412dd0, Maven Central)",0.16112772887572646
uob,maybridge-0505-798946927,CC(C)(C)OC(=O)NCC(N)=S,,,,"MolVec 0.9.8 (git b412dd0, Maven Central)",0.16648829099722207
uob,maybridge-0506-1017161721,Oc1nnc(S)n1C1CCCCC1,,,,"MolVec 0.9.8 (git b412dd0, Maven Central)",0.18682385003194213
uob,maybridge-0506-120799920,Nc1nnc(S)[nH]1,,,,"MolVec 0.9.8 (git b412dd0, Maven Central)",0.12907862896099687
uob,maybridge-0506-206636603,Sc1nccn1-c1cc(Cl)ccc1Cl,,,,"MolVec 0.9.8 (git b412dd0, Maven Central)",0.28764135809615254
uob,maybridge-0506-328852506,Cc1nnc(S)n1-c1ccc(OCc2ccccc2)cc1,,,,"MolVec 0.9.8 (git b412dd0, Maven Central)",0.2875369500834495
uob,maybridge-0506-423302354,Cn1c(-c2ccc(Cl)cc2)cnc1S,,,,"MolVec 0.9.8 (git b412dd0, Maven Central)",0.4718816401436925
uob,maybridge-0506-536190215,Cn1c(S)nnc1CNC(=O)OC(C)(C)C,,,,"MolVec 0.9.8 (git b412dd0, Maven Central)",0.19982581492513418
uob,maybridge-0506-571174095,CCOC(=O)c1c[nH]c(S)n1,,,,"MolVec 0.9.8 (git b412dd0, Maven Central)",0.22485547605901957
uob,maybridge-0506-572407647,CN1C(S)=[N+]=[N+]=C1Cc1nc(-c2cnccn2)no1,,,,"MolVec 0.9.8 (git b412dd0, Maven Central)",0.2375742020085454
uob,maybridge-0506-6592096,CC(C)(C)OC(=O)NCc1nnc(S)n1C1CC1,,,,"MolVec 0.9.8 (git b412dd0, Maven Central)",0.30134030897170305
uob,maybridge-0506-983612400,COC(=O)c1cnc(S)n1C,,,,"MolVec 0.9.8 (git b412dd0, Maven Central)",0.20893952203914523
uob,maybridge-0507-1013070639,Cn1c(C(F)(F)F)n[nH]c1=S,,,,"MolVec 0.9.8 (git b412dd0, Maven Central)",0.17333373986184597
uob,maybridge-0507-1040773630,C/C(S)=N/N=C(\C)S.CCC(C)=O,,,,"MolVec 0.9.8 (git b412dd0, Maven Central)",0.21598819410428405
uob,maybridge-0507-171129004,FC(F)(F)c1ccc(-c2nnc(S)o2)cc1,,,,"MolVec 0.9.8 (git b412dd0, Maven Central)",0.288731801090762
uob,maybridge-0507-22151929,Fc1ccc(S)cc1,,,,"MolVec 0.9.8 (git b412dd0, Maven Central)",0.15071563096717
uob,maybridge-0507-347299262,SC1=[N+]=[N+]=C(c2cccc3ccccc23)N1Cc1ccco1,,,,"MolVec 0.9.8 (git b412dd0, Maven Central)",0.37171957292594016
uob,maybridge-0507-460539430,SC1=NC2(CCCCC2)NN1c1ccccc1,,,,"MolVec 0.9.8 (git b412dd0, Maven Central)",0.2632098919712007
uob,maybridge-0507-499448363,S=c1ssc(S)c1-c1ccccc1,,,,"MolVec 0.9.8 (git b412dd0, Maven Central)",0.4301932791713625
uob,maybridge-0507-778081126,Sc1nnc(SCC2CC2)s1,,,,"MolVec 0.9.8 (git b412dd0, Maven Central)",0.1831503079738468
uob,maybridge-0507-799872683,SC1=NNC(c2ccccn2)S1,,,,"MolVec 0.9.8 (git b412dd0, Maven Central)",0.2786019758787006
uob,maybridge-0507-896281631,Cn1c(S)nnc1CSc1ccnc2cc(Cl)ccc12,,,,"MolVec 0.9.8 (git b412dd0, Maven Central)",0.38020238606259227
uob,maybridge-0507-930934942,Cn1cccc1-c1nnc(S)n1-c1ccc(Cl)cc1Cl,,,,"MolVec 0.9.8 (git b412dd0, Maven Central)",0.33735934901051223
uob,maybridge-0508-291892320,FC(F)(F)Oc1cc(Br)ccc1S,,,,"MolVec 0.9.8 (git b412dd0, Maven Central)",0.19073854992166162
uob,maybridge-0508-35598847,Cc1cccc(CS)c1,,,,"MolVec 0.9.8 (git b412dd0, Maven Central)",0.1450998350046575
uob,maybridge-0508-368097246,Fc1ccc(S)c(F)c1,,,,"MolVec 0.9.8 (git b412dd0, Maven Central)",0.14673069305717945
uob,maybridge-0508-516894645,FC(F)(F)c1ccc(S)cc1,,,,"MolVec 0.9.8 (git b412dd0, Maven Central)",0.19612203794531524
uob,maybridge-0508-632711953,Cc1cc(C)c(S)c(C)c1,,,,"MolVec 0.9.8 (git b412dd0, Maven Central)",0.14370375196449459
uob,maybridge-0508-684748006,Cc1cc(C)cc(S)c1,,,,"MolVec 0.9.8 (git b412dd0, Maven Central)",0.12896102597005665
uob,maybridge-0508-733180153,FC(F)(F)c1ccccc1S,,,,"MolVec 0.9.8 (git b412dd0, Maven Central)",0.16513254796154797
uob,maybridge-0508-765670531,CN(C(N)=S)c1ccccc1,,,,"MolVec 0.9.8 (git b412dd0, Maven Central)",0.19489058200269938
uob,maybridge-0508-810940167,Fc1ccc(S)cc1Cl,,,,"MolVec 0.9.8 (git b412dd0, Maven Central)",0.12216870905831456
uob,maybridge-0508-910782281,FC(F)(F)Oc1ccc(S)cc1,,,,"MolVec 0.9.8 (git b412dd0, Maven Central)",0.14662140794098377
uob,maybridge-0508-923779871,Fc1ccc(S)c(Cl)c1,,,,"MolVec 0.9.8 (git b412dd0, Maven Central)",0.15608899504877627
uob,maybridge-0508-977408463,Sc1cccc(Cl)c1,,,,"MolVec 0.9.8 (git b412dd0, Maven Central)",0.1478816329035908
uob,maybridge-0509-120230021,Cc1cc(C(F)(F)F)c(C#N)c(S)n1,,,,"MolVec 0.9.8 (git b412dd0, Maven Central)",0.22034847387112677
uob,maybridge-0509-144559913,FC(F)(F)Oc1ccc(CS)cc1,,,,"MolVec 0.9.8 (git b412dd0, Maven Central)",0.20563980308361351
uob,maybridge-0509-242171454,FC(F)(F)c1ccc(S)nc1,,,,"MolVec 0.9.8 (git b412dd0, Maven Central)",0.21679353388026357
uob,maybridge-0509-265129605,FC(F)(F)c1cnc(S)c(Cl)c1,,,,"MolVec 0.9.8 (git b412dd0, Maven Central)",0.19668485084548593
uob,maybridge-0509-387867740,NC(=S)Nc1ccncc1,,,,"MolVec 0.9.8 (git b412dd0, Maven Central)",0.19175758492201567
uob,maybridge-0509-422615088,Nc1ccnc(S)n1,,,,"MolVec 0.9.8 (git b412dd0, Maven Central)",0.1385178181808442
uob,maybridge-0509-434136059,N#Cc1c(C(F)(F)F)cc(-c2ccccc2)nc1S,,,,"MolVec 0.9.8 (git b412dd0, Maven Central)",0.37982689612545073
uob,maybridge-0509-496674240,Fc1cccc(Cl)c1CS,,,,"MolVec 0.9.8 (git b412dd0, Maven Central)",0.17527429689653218
uob,maybridge-0509-511184510,FC(F)(F)c1cccc(CS)c1,,,,"MolVec 0.9.8 (git b412dd0, Maven Central)",0.20335241500288248
uob,maybridge-0509-766261689,COC(=O)c1cc(C#N)c(S)nc1C(OC)OC,,,,"MolVec 0.9.8 (git b412dd0, Maven Central)",0.35747603490017354
uob,maybridge-0509-888242265,COC(OC)c1ccc(C#N)c(S)n1,,,,"MolVec 0.9.8 (git b412dd0, Maven Central)",0.2901350830215961
uob,maybridge-0509-988815063,Sc1nccc(-c2cccs2)n1,,,,"MolVec 0.9.8 (git b412dd0, Maven Central)",0.20735148107632995
uob,maybridge-0510-153157991,CCOC(=O)c1c(C)[nH]c(=O)[nH]c1=S,,,,"MolVec 0.9.8 (git b412dd0, Maven Central)",0.25362254097126424
uob,maybridge-0510-22743325,Sc1nccc(-c2ccc(Cl)cc2)n1,,,,"MolVec 0.9.8 (git b412dd0, Maven Central)",0.301415516063571
uob,maybridge-0510-235762560,Sc1nc2ccccc2[nH]1,,,,"MolVec 0.9.8 (git b412dd0, Maven Central)",0.22273137886077166
uob,maybridge-0510-496996278,NC(=S)N1CCOCC1,,,,"MolVec 0.9.8 (git b412dd0, Maven Central)",0.14677946106530726
uob,maybridge-0510-49754327,COc1ccc(-c2ccnc(S)n2)cc1,,,,"MolVec 0.9.8 (git b412dd0, Maven Central)",0.2892382969148457
uob,maybridge-0510-556657957,Nc1ccc2[nH]c(S)nc2c1,,,,"MolVec 0.9.8 (git b412dd0, Maven Central)",0.16218767105601728
uob,maybridge-0510-600294847,CCOC(=O)c1cnc(S)nc1N,,,,"MolVec 0.9.8 (git b412dd0, Maven Central)",0.22594374604523182
uob,maybridge-0510-663105843,S=C1NCNCN1,,,,"MolVec 0.9.8 (git b412dd0, Maven Central)",0.14171066880226135
uob,maybridge-0510-665979558,CNC(=S)N1CCCN(c2ccc(C#N)cn2)CC1,,,,"MolVec 0.9.8 (git b412dd0, Maven Central)",0.34283251711167395
uob,maybridge-0510-889254628,S=C1NCCCCN1,,,,"MolVec 0.9.8 (git b412dd0, Maven Central)",0.12973690894432366
uob,maybridge-0510-979594007,Nc1nc(S)nc(S)n1,,,,"MolVec 0.9.8 (git b412dd0, Maven Central)",0.18143283086828887
uob,maybridge-0511-1044416005,FC(F)(F)c1ccc2[nH]c(S)nc2c1,,,,"MolVec 0.9.8 (git b412dd0, Maven Central)",0.2779009509831667
uob,maybridge-0511-122768079,Sc1nc(S)c2nc[nH]c2n1,,,,"MolVec 0.9.8 (git b412dd0, Maven Central)",0.20948765403591096
uob,maybridge-0511-13721992,COc1ccc2[nH]c(S)nc2c1,,,,"MolVec 0.9.8 (git b412dd0, Maven Central)",0.2512195259332657
uob,maybridge-0511-288665751,NC(=O)CS,,,,"MolVec 0.9.8 (git b412dd0, Maven Central)",0.09353447100147605
uob,maybridge-0511-380538750,Cn1c(=S)[nH]c2cc(C(F)(F)F)ccc21,,,,"MolVec 0.9.8 (git b412dd0, Maven Central)",0.25054144603200257
uob,maybridge-0511-544519984,CCOC(=O)c1nnn2c1nc(S)c1ccccc12,,,,"MolVec 0.9.8 (git b412dd0, Maven Central)",0.31168697006069124
uob,maybridge-0511-604615293,Sc1nc2cccnc2s1,,,,"MolVec 0.9.8 (git b412dd0, Maven Central)",0.2514095560181886
uob,maybridge-0511-725530740,Sc1nnc2ccccn12,,,,"MolVec 0.9.8 (git b412dd0, Maven Central)",0.14412412303499877
uob,maybridge-0511-798844942,Sc1nc2cc(Cl)c(Cl)cc2[nH]1,,,,"MolVec 0.9.8 (git b412dd0, Maven Central)",0.2830133631359786
uob,maybridge-0512-1014290701,Cc1cc(C)n(C(N)=O)n1,,,,"MolVec 0.9.8 (git b412dd0, Maven Central)",0.17404031893238425
uob,maybridge-0512-297703016,O/N=C/c1ccco1,,,,"MolVec 0.9.8 (git b412dd0, Maven Central)",0.09722368512302637
uob,maybridge-0512-305241941,CC(C)(C)c1cc(C(=O)NN)n(Cc2ccc(Cl)cc2Cl)n1,,,,"MolVec 0.9.8 (git b412dd0, Maven Central)",0.4549866309389472
uob,maybridge-0512-354763264,O=C1CCNN1,,,,"MolVec 0.9.8 (git b412dd0, Maven Central)",0.14434366603381932
uob,maybridge-0512-521111353,Cn1cnc(S(N)(=O)=O)c1,,,,"MolVec 0.9.8 (git b412dd0, Maven Central)",0.1638610688969493
uob,maybridge-0512-626426570,Cc1cc(C)n(C(C)(C)C)n1,,,,"MolVec 0.9.8 (git b412dd0, Maven Central)",0.15672810492105782
uob,maybridge-0512-727516327,O=S(=O)(c1ccccc1)n1cccc1,,,,"MolVec 0.9.8 (git b412dd0, Maven Central)",0.23647805210202932
uob,maybridge-0512-910605006,Cn1cncc1C(=O)NN,,,,"MolVec 0.9.8 (git b412dd0, Maven Central)",0.1519002071581781
uob,maybridge-0512-914453557,Cc1nnc(C)n1C,,,,"MolVec 0.9.8 (git b412dd0, Maven Central)",0.1330577079206705
uob,maybridge-0512-918444939,Cc1cc(C)n(C2=NCCN2)n1,,,,"MolVec 0.9.8 (git b412dd0, Maven Central)",0.19280609698034823
uob,maybridge-0512-938418127,Cn1ccc(C(F)(F)F)n1,,,,"MolVec 0.9.8 (git b412dd0, Maven Central)",0.16294902795925736
uob,maybridge-0513-23960427,COC1C=CC(C)(OC)O1,,,,"MolVec 0.9.8 (git b412dd0, Maven Central)",0.19115341803990304
uob,maybridge-0513-351196674,c1csc(-c2cnco2)c1,,,,"MolVec 0.9.8 (git b412dd0, Maven Central)",0.17536005307920277
uob,maybridge-0513-367762414,ON=C(c1cccs1)c1cccs1,,,,"MolVec 0.9.8 (git b412dd0, Maven Central)",0.24986381502822042
uob,maybridge-0513-495503379,Cc1ccc(C)n1-c1sccc1C(N)=O,,,,"MolVec 0.9.8 (git b412dd0, Maven Central)",0.29639483080245554
uob,maybridge-0513-597832884,NNC(=O)Cc1ccsc1,,,,"MolVec 0.9.8 (git b412dd0, Maven Central)",0.17253519501537085
uob,maybridge-0513-672271392,C/C(=N\O)c1ccco1,,,,"MolVec 0.9.8 (git b412dd0, Maven Central)",0.1506043530534953
uob,maybridge-0513-708142593,CSc1cccs1,,,,"MolVec 0.9.8 (git b412dd0, Maven Central)",0.11161021888256073
uob,maybridge-0513-764210010,O=C1C=C(O)CO1,,,,"MolVec 0.9.8 (git b412dd0, Maven Central)",0.1511275740340352
uob,maybridge-0513-794521608,NC(=O)c1ccc(-c2ccccn2)s1,,,,"MolVec 0.9.8 (git b412dd0, Maven Central)",0.31576123693957925
uob,maybridge-0513-875170152,Cc1ccc(C)n1-c1ccsc1C(=O)NN,,,,"MolVec 0.9.8 (git b412dd0, Maven Central)",0.29641473200172186
uob,maybridge-0513-90668761,C[Si](C)(C)c1cccs1,,,,"MolVec 0.9.8 (git b412dd0, Maven Central)",0.13238883996382356
uob,maybridge-0513-924955524,Cc1csc(C(N)=O)c1,,,,"MolVec 0.9.8 (git b412dd0, Maven Central)",0.18226235499605536
uob,maybridge-0513-952820890,COc1cscc1C(N)=O,,,,"MolVec 0.9.8 (git b412dd0, Maven Central)",0.22499393811449409
uob,maybridge-0514-328739998,c1ccc(-c2cnco2)cc1,,,,"MolVec 0.9.8 (git b412dd0, Maven Central)",0.1710106951650232
uob,maybridge-0514-427242716,Cc1oc(C(=O)NN)nc1-c1ccccc1,,,,"MolVec 0.9.8 (git b412dd0, Maven Central)",0.30208666413091123
uob,maybridge-0514-491096060,Cc1c(S(=O)(=O)c2ccc(Cl)cc2)csc1C(=O)NN,,,,"MolVec 0.9.8 (git b412dd0, Maven Central)",0.4052094928920269
uob,maybridge-0514-779860438,Cc1cccc(C)c1F,,,,"MolVec 0.9.8 (git b412dd0, Maven Central)",0.17577478219754994
uob,maybridge-0514-851247715,FC(F)(F)c1cccc(-c2noc(-c3cc(-c4ccccc4)c(C(F)(F)F)s3)n2)c1,,,,"MolVec 0.9.8 (git b412dd0, Maven Central)",0.5591518350411206
uob,maybridge-0514-864090207,C[Si](C)(C)c1nccs1,,,,"MolVec 0.9.8 (git b412dd0, Maven Central)",0.10807636613026261
uob,maybridge-0514-888857196,Fc1ccc(-n2cccc2)cc1,,,,"MolVec 0.9.8 (git b412dd0, Maven Central)",0.20855738897807896
uob,maybridge-0514-891872969,Cc1ccc(-c2cnco2)cc1,,,,"MolVec 0.9.8 (git b412dd0, Maven Central)",0.2161946101114154
uob,maybridge-0514-926742604,Cc1noc(C)c1C(N)=O,,,,"MolVec 0.9.8 (git b412dd0, Maven Central)",0.14856526511721313
uob,maybridge-0514-941474128,c1cc(-c2cnco2)ccn1,,,,"MolVec 0.9.8 (git b412dd0, Maven Central)",0.19920441997237504
uob,maybridge-0514-994023662,c1ccc(-c2ccno2)cc1,,,,"MolVec 0.9.8 (git b412dd0, Maven Central)",0.18148560379631817
uob,maybridge-0515-1036858356,NNc1ccc(F)cc1,,,,"MolVec 0.9.8 (git b412dd0, Maven Central)",0.19522423902526498
uob,maybridge-0515-135261198,COc1cccc(CC(=O)NN)c1,,,,"MolVec 0.9.8 (git b412dd0, Maven Central)",0.17928317212499678
uob,maybridge-0515-186236018,CCc1ccccc1NN,,,,"MolVec 0.9.8 (git b412dd0, Maven Central)",0.24759834608994424
uob,maybridge-0515-228694092,Cc1ccc(NN)c(C)c1,,,,"MolVec 0.9.8 (git b412dd0, Maven Central)",0.16192467999644578
uob,maybridge-0515-243639772,Cc1ccccc1S(N)(=O)=O,,,,"MolVec 0.9.8 (git b412dd0, Maven Central)",0.15058467513881624
uob,maybridge-0515-258408854,COc1cccc(C(=O)NN)c1,,,,"MolVec 0.9.8 (git b412dd0, Maven Central)",0.2172088259831071
uob,maybridge-0515-351021060,NNc1ccccc1C(F)(F)F,,,,"MolVec 0.9.8 (git b412dd0, Maven Central)",0.22513656900264323
uob,maybridge-0515-387680244,CN(C)c1ccc(C(=O)NN)cc1,,,,"MolVec 0.9.8 (git b412dd0, Maven Central)",0.21351331984624267
uob,maybridge-0515-441671687,COc1ccc(C(=O)NN)cc1,,,,"MolVec 0.9.8 (git b412dd0, Maven Central)",0.17707202304154634
uob,maybridge-0515-635287815,COc1ccc(NN)cc1,,,,"MolVec 0.9.8 (git b412dd0, Maven Central)",0.21022294694557786
uob,maybridge-0515-642559758,NNc1ccccc1F,,,,"MolVec 0.9.8 (git b412dd0, Maven Central)",0.21584736299701035
uob,maybridge-0515-928241458,FC(F)(F)c1cccc(-c2cnco2)c1,,,,"MolVec 0.9.8 (git b412dd0, Maven Central)",0.23876147903501987
uob,maybridge-0516-147518038,CC(=O)Nc1ccc(C(F)(F)F)cc1,,,,"MolVec 0.9.8 (git b412dd0, Maven Central)",0.24522073892876506
uob,maybridge-0516-154226779,CNCS(=O)(=O)c1ccc(C)cc1,,,,"MolVec 0.9.8 (git b412dd0, Maven Central)",0.15081085404381156
uob,maybridge-0516-257192008,CC(C)(C)c1ccc(NN)cc1,,,,"MolVec 0.9.8 (git b412dd0, Maven Central)",0.18822606094181538
uob,maybridge-0516-68407118,COc1ccccc1CCNC(N)=O,,,,"MolVec 0.9.8 (git b412dd0, Maven Central)",0.23942792788147926
uob,maybridge-0516-695321532,CCCc1cccc(NN)c1,,,,"MolVec 0.9.8 (git b412dd0, Maven Central)",0.19916988187469542
uob,maybridge-0516-718658658,CC(C)(C)c1cccc(NN)c1,,,,"MolVec 0.9.8 (git b412dd0, Maven Central)",0.23495349218137562
uob,maybridge-0516-743847391,CC(C)c1ccc(NN)cc1,,,,"MolVec 0.9.8 (git b412dd0, Maven Central)",0.26738348393701017
uob,maybridge-0516-810173824,CC(=O)Nc1cccc(C(F)(F)F)c1,,,,"MolVec 0.9.8 (git b412dd0, Maven Central)",0.20578678115271032
uob,maybridge-0516-843732287,NNC(=O)c1ccccc1-n1cccc1,,,,"MolVec 0.9.8 (git b412dd0, Maven Central)",0.27297692792490125
uob,maybridge-0516-856957625,NS(=O)(=O)/C=C/c1ccccc1,,,,"MolVec 0.9.8 (git b412dd0, Maven Central)",0.148911003023386
uob,maybridge-0516-91246817,Cc1ccc(NN)cc1Cl,,,,"MolVec 0.9.8 (git b412dd0, Maven Central)",0.15795157686807215
uob,maybridge-0516-924973758,Cc1cc(Cl)ccc1NN,,,,"MolVec 0.9.8 (git b412dd0, Maven Central)",0.20885311579331756
uob,maybridge-0517-1001952716,NNc1ccc(C(F)(F)F)cc1,,,,"MolVec 0.9.8 (git b412dd0, Maven Central)",0.2291867898311466
uob,maybridge-0517-1020883180,NNc1c(Cl)cccc1Cl,,,,"MolVec 0.9.8 (git b412dd0, Maven Central)",0.2276020508725196
uob,maybridge-0517-301079399,NNc1cc(C(F)(F)F)ccc1Cl,,,,"MolVec 0.9.8 (git b412dd0, Maven Central)",0.26876122993417084
uob,maybridge-0517-395720433,CCCCc1ccc(S(N)(=O)=O)cc1,,,,"MolVec 0.9.8 (git b412dd0, Maven Central)",0.2515617120079696
uob,maybridge-0517-396072366,NNC(=O)c1cccc(C(F)(F)F)c1,,,,"MolVec 0.9.8 (git b412dd0, Maven Central)",0.2432339689694345
uob,maybridge-0517-438783061,CC(C)Cc1ccc(C(C)C(=O)NN)cc1,,,,"MolVec 0.9.8 (git b412dd0, Maven Central)",0.2667328529059887
uob,maybridge-0517-487128094,NNc1cc(Cl)cc(Cl)c1,,,,"MolVec 0.9.8 (git b412dd0, Maven Central)",0.2421832571271807
uob,maybridge-0517-544356596,NNC(=O)c1ccc(C(F)(F)F)cc1,,,,"MolVec 0.9.8 (git b412dd0, Maven Central)",0.3145944580901414
uob,maybridge-0517-601627851,NNc1ccc(C(F)(F)F)cc1Cl,,,,"MolVec 0.9.8 (git b412dd0, Maven Central)",0.2609294820576906
uob,maybridge-0517-785934290,COc1ccc(OC)c(S(N)(=O)=O)c1,,,,"MolVec 0.9.8 (git b412dd0, Maven Central)",0.2175401640124619
uob,maybridge-0517-93401146,NNc1ccc(Cl)c(Cl)c1,,,,"MolVec 0.9.8 (git b412dd0, Maven Central)",0.22922146786004305
uob,maybridge-0518-115978132,O/N=C(\Cl)c1c(Cl)cccc1Cl,,,,"MolVec 0.9.8 (git b412dd0, Maven Central)",0.21293988381512463
uob,maybridge-0518-11987123,NNc1ccc(S(N)(=O)=O)cc1,,,,"MolVec 0.9.8 (git b412dd0, Maven Central)",0.2802423997782171
uob,maybridge-0518-351678528,CC(=O)N(C)c1cccc(-c2ccc3nnc(C)n3n2)c1,,,,"MolVec 0.9.8 (git b412dd0, Maven Central)",0.2541380310431123
uob,maybridge-0518-352285410,COC1=CC(Cl)=C2NC(C)=O(Cl)C2=C1,,,,"MolVec 0.9.8 (git b412dd0, Maven Central)",0.21527488296851516
uob,maybridge-0518-436111744,O/N=C(\Cl)c1ccc(Cl)cc1Cl,,,,"MolVec 0.9.8 (git b412dd0, Maven Central)",0.24252432794310153
uob,maybridge-0518-719567810,FC(F)F.NNc1c(Cl)cccc1Cl,,,,"MolVec 0.9.8 (git b412dd0, Maven Central)",0.2820567609742284
uob,maybridge-0518-72006495,NNC(=O)c1ccncc1,,,,"MolVec 0.9.8 (git b412dd0, Maven Central)",0.18127533188089728
uob,maybridge-0518-832201794,C=CC[SiH](C(C)C)C(C)C.COc1ccccc1,,,,"MolVec 0.9.8 (git b412dd0, Maven Central)",0.2396893398836255
uob,maybridge-0518-83698662,N=C(N)SCc1ccc(-c2csnn2)cc1,,,,"MolVec 0.9.8 (git b412dd0, Maven Central)",0.3664883191231638
uob,maybridge-0518-925752641,CC1(C)COC(c2cccnc2)=N1,,,,"MolVec 0.9.8 (git b412dd0, Maven Central)",0.19062731694430113
uob,maybridge-0518-947104191,Cc1cc(Cl)cc(Cl)c1S(N)(=O)=O,,,,"MolVec 0.9.8 (git b412dd0, Maven Central)",0.1936940848827362
uob,maybridge-0519-1020360825,NNc1cnn(-c2ccccc2)c(=O)c1Cl,,,,"MolVec 0.9.8 (git b412dd0, Maven Central)",0.3678088830783963
uob,maybridge-0519-1024585843,CN(N)c1cc(C(F)(F)F)ccn1,,,,"MolVec 0.9.8 (git b412dd0, Maven Central)",0.2526155279483646
uob,maybridge-0519-1029466701,CC(C)(C)c1cccc(C(C)(C)C)n1,,,,"MolVec 0.9.8 (git b412dd0, Maven Central)",0.13697786582633853
uob,maybridge-0519-272214598,C=Cc1cnccn1,,,,"MolVec 0.9.8 (git b412dd0, Maven Central)",0.13648790307343006
uob,maybridge-0519-309561988,CCOC(=O)N1CC=CCN1C(=O)OCC,,,,"MolVec 0.9.8 (git b412dd0, Maven Central)",0.2085103748831898
uob,maybridge-0519-396920353,CC(C)(C)C(=O)Nc1ccncc1,,,,"MolVec 0.9.8 (git b412dd0, Maven Central)",0.267473106039688
uob,maybridge-0519-499286335,COc1cc(C(N)=O)ccn1,,,,"MolVec 0.9.8 (git b412dd0, Maven Central)",0.2408794048242271
uob,maybridge-0519-733087398,Cc1cc(NN)nc(C)n1,,,,"MolVec 0.9.8 (git b412dd0, Maven Central)",0.18058742815628648
uob,maybridge-0519-816210263,NC(=O)c1cccnc1Oc1ccc(Cl)cc1,,,,"MolVec 0.9.8 (git b412dd0, Maven Central)",0.3674981719814241
uob,maybridge-0519-889070029,Cc1cc(C(F)(F)F)cc(NN)n1,,,,"MolVec 0.9.8 (git b412dd0, Maven Central)",0.2691616842057556
uob,maybridge-0520-268780352,CC(C)[C@H]1CO[C@]2(C)CCC(=O)N12,,,,"MolVec 0.9.8 (git b412dd0, Maven Central)",0.21979254996404052
uob,maybridge-0520-275960735,O=C1OC(=O)C2CCC12,,,,"MolVec 0.9.8 (git b412dd0, Maven Central)",0.17691167606972158
uob,maybridge-0520-328928159,CN1CCN(N)CC1,,,,"MolVec 0.9.8 (git b412dd0, Maven Central)",0.15037739695981145
uob,maybridge-0520-349504133,NC(=O)C1CCN(c2nccc(C(F)(F)F)n2)CC1,,,,"MolVec 0.9.8 (git b412dd0, Maven Central)",0.28357670013792813
uob,maybridge-0520-514479543,CN1C([S+]=[O-])=NC2=C1C=CC=C2,,,,"MolVec 0.9.8 (git b412dd0, Maven Central)",0.2517618059646338
uob,maybridge-0520-540826154,CN1CCN(C)C(C(N)=O)C1,,,,"MolVec 0.9.8 (git b412dd0, Maven Central)",0.179209116846323
uob,maybridge-0520-60316595,Cc1cc(NN)nc2c1c(C)nn2C,,,,"MolVec 0.9.8 (git b412dd0, Maven Central)",0.27420247602276504
uob,maybridge-0520-835277898,Cc1nc2sccn2c1C(=O)NN,,,,"MolVec 0.9.8 (git b412dd0, Maven Central)",0.21808347012847662
uob,maybridge-0520-889162113,C1OCC2OC12,,,,"MolVec 0.9.8 (git b412dd0, Maven Central)",0.09994372515939176
uob,maybridge-0520-922542356,c1ccc(-c2cn3c(n2)SCC3)cc1,,,,"MolVec 0.9.8 (git b412dd0, Maven Central)",0.2596563978586346
uob,maybridge-0521-102594951,Nc1nc2ccc(Cl)cc2s1,,,,"MolVec 0.9.8 (git b412dd0, Maven Central)",0.301795236999169
uob,maybridge-0521-209067133,Cc1csc2ccc(Cl)cc12,,,,"MolVec 0.9.8 (git b412dd0, Maven Central)",0.23868474690243602
uob,maybridge-0521-376473011,Cc1csc2ccc(F)cc12,,,,"MolVec 0.9.8 (git b412dd0, Maven Central)",0.21981301298364997
uob,maybridge-0521-450887137,NNC(=O)c1cc2ccccc2s1,,,,"MolVec 0.9.8 (git b412dd0, Maven Central)",0.36008807783946395
uob,maybridge-0521-488473325,c1ccc2nonc2c1,,,,"MolVec 0.9.8 (git b412dd0, Maven Central)",0.10831827600486577
uob,maybridge-0521-544404876,O=S(O)c1ccc(Cl)c2nonc12,,,,"MolVec 0.9.8 (git b412dd0, Maven Central)",0.28321150899864733
uob,maybridge-0521-562640026,c1ccc2c(c1)CCO2,,,,"MolVec 0.9.8 (git b412dd0, Maven Central)",0.15523644792847335
uob,maybridge-0521-565311371,Cn1c(=S)oc2ccccc21,,,,"MolVec 0.9.8 (git b412dd0, Maven Central)",0.24794095801189542
uob,maybridge-0521-60226327,Cc1ccc2c(c1)OCO2,,,,"MolVec 0.9.8 (git b412dd0, Maven Central)",0.19467759295366704
uob,maybridge-0521-819771282,COc1ccc2nsnc2c1,,,,"MolVec 0.9.8 (git b412dd0, Maven Central)",0.21384135307744145
uob,maybridge-0521-885055810,Cc1ccc2sccc2c1,,,,"MolVec 0.9.8 (git b412dd0, Maven Central)",0.23277761694043875
uob,maybridge-0521-919710023,Clc1ccc2nonc2c1,,,,"MolVec 0.9.8 (git b412dd0, Maven Central)",0.16085979086346924
uob,maybridge-0522-1007844375,Cc1ccc(C(C)C)cc2c(C)ccc1-2,,,,"MolVec 0.9.8 (git b412dd0, Maven Central)",0.18447297788225114
uob,maybridge-0522-1007999647,CC1(C)CCC(C)(C)c2ccccc21,,,,"MolVec 0.9.8 (git b412dd0, Maven Central)",0.15895026782527566
uob,maybridge-0522-184686462,Cc1ccc2cccc(Cl)c2n1,,,,"MolVec 0.9.8 (git b412dd0, Maven Central)",0.24135501589626074
uob,maybridge-0522-325063901,NNc1cnc2ccccc2n1,,,,"MolVec 0.9.8 (git b412dd0, Maven Central)",0.18217985494993627
uob,maybridge-0522-383188744,C(=N/c1cccc2ccccc12)/c1ccccc1,,,,"MolVec 0.9.8 (git b412dd0, Maven Central)",0.2196741569787264
uob,maybridge-0522-554070631,O/N=C1\CCCc2ccccc21,,,,"MolVec 0.9.8 (git b412dd0, Maven Central)",0.17877431795932353
uob,maybridge-0522-617601149,O=S(=O)(=O)C1=CC2=CC=CC=C2C=C1,,,,"MolVec 0.9.8 (git b412dd0, Maven Central)",0.20977683295495808
uob,maybridge-0522-710797285,NNc1cc(C(F)(F)F)nc2ccccc12,,,,"MolVec 0.9.8 (git b412dd0, Maven Central)",0.30699615413323045
uob,maybridge-0522-875425335,Cc1csc2ncnc(NN)c12,,,,"MolVec 0.9.8 (git b412dd0, Maven Central)",0.2689190318342298
uob,maybridge-0522-942989792,Clc1ccc2ncccc2c1,,,,"MolVec 0.9.8 (git b412dd0, Maven Central)",0.13054639799520373
uob,maybridge-0522-955170012,Cc1ccc2cc(F)ccc2c1,,,,"MolVec 0.9.8 (git b412dd0, Maven Central)",0.1852658970747143
uob,maybridge-0523-1025521380,O=c1[nH]nc(Cl)c2ccccc12,,,,"MolVec 0.9.8 (git b412dd0, Maven Central)",0.2508980450220406
uob,maybridge-0523-308047347,c1cnc2c(n1)CCCC2,,,,"MolVec 0.9.8 (git b412dd0, Maven Central)",0.15837997500784695
uob,maybridge-0523-55916241,c1ccc2c(c1)ccc1o[pH]oc3ccc4ccccc4c3c12,,,,"MolVec 0.9.8 (git b412dd0, Maven Central)",0.4017613709438592
uob,maybridge-0523-732223107,NNC(=O)C12CC3CC(CC(C3)C1)C2,,,,"MolVec 0.9.8 (git b412dd0, Maven Central)",0.2879589288495481
uob,maybridge-0523-761128002,c1ccc2c(c1)ccc1o[pH]oc3ccc4ccccc4c3c12,,,,"MolVec 0.9.8 (git b412dd0, Maven Central)",0.32579176197759807
uob,maybridge-0523-802850546,Cc1ccccc1P(c1ccccc1C)c1ccccc1C,,,,"MolVec 0.9.8 (git b412dd0, Maven Central)",0.2851512301713228
uob,maybridge-0523-931240409,Cc1cc(C)c2c(=O)[nH]cnc2n1,,,,"MolVec 0.9.8 (git b412dd0, Maven Central)",0.19359783292748034
uob,maybridge-0523-934847409,Nc1ncnc2sc3c(c12)CCCC3,,,,"MolVec 0.9.8 (git b412dd0, Maven Central)",0.2043834940996021
uob,maybridge-0523-936538252,C=CCn1c(=O)oc(=O)c2ccccc21,,,,"MolVec 0.9.8 (git b412dd0, Maven Central)",0.2717780030798167
uob,maybridge-0523-980163688,c1cc2c3c(ccc4c3c1CCC4)CCC2,,,,"MolVec 0.9.8 (git b412dd0, Maven Central)",0.19033626513555646
uob,maybridge-0524-157832592,CC.C[PH](c1ccccc1)(c1ccccc1)c1ccccc1,,,,"MolVec 0.9.8 (git b412dd0, Maven Central)",0.2962863352149725
uob,maybridge-0524-25874319,,,,,"MolVec 0.9.8 (git b412dd0, Maven Central)",1.163376634940505
uob,maybridge-0524-296876707,CCCNC(N)=O,,,,"MolVec 0.9.8 (git b412dd0, Maven Central)",0.10624517197720706
uob,maybridge-0524-425968061,FPc1cc(P(c2cc(C(F)(F)F)cc(C(F)(F)F)c2)c2cc(C(F)(F)F)cc(C(F)(F)F)c2)cc(C(F)(F)F)c1,,,,"MolVec 0.9.8 (git b412dd0, Maven Central)",0.760617976076901
uob,maybridge-0524-552965633,CSC(=N)N,,,,"MolVec 0.9.8 (git b412dd0, Maven Central)",0.13635803409852087
uob,maybridge-0524-847412761,CCP(=S)(CC)CC,,,,"MolVec 0.9.8 (git b412dd0, Maven Central)",0.10675581591203809
uob,maybridge-0524-877397458,CC(C)CC(N)=O,,,,"MolVec 0.9.8 (git b412dd0, Maven Central)",0.09499690984375775
uob,maybridge-0525-136760839,COC(=O)C1=CC=C([S+]=[O-])N1C,,,,"MolVec 0.9.8 (git b412dd0, Maven Central)",0.21824210695922375
uob,maybridge-0525-140389524,CC(C)(C)OC(=O)NC1(C(=O)O)CC1,,,,"MolVec 0.9.8 (git b412dd0, Maven Central)",0.20686891092918813
uob,maybridge-0525-249484337,COC(=O)c1cc(C=O)cn1C,,,,"MolVec 0.9.8 (git b412dd0, Maven Central)",0.24844693602062762
uob,maybridge-0525-352556140,Cn1ncc(C(=O)Cl)c1Cl,,,,"MolVec 0.9.8 (git b412dd0, Maven Central)",0.20528066297993064
uob,maybridge-0525-465210083,Cn1ncc(C=O)c1N,,,,"MolVec 0.9.8 (git b412dd0, Maven Central)",0.14142506010830402
uob,maybridge-0525-511639586,Cn1cc(C=O)c(N)n1,,,,"MolVec 0.9.8 (git b412dd0, Maven Central)",0.1586764589883387
uob,maybridge-0525-611957031,Cn1cc(NC(=O)OC(C)(C)C)cc1C(=O)O,,,,"MolVec 0.9.8 (git b412dd0, Maven Central)",0.26277661020867527
uob,maybridge-0525-675486694,Cc1nn(C)c(Cl)c1C(=O)O,,,,"MolVec 0.9.8 (git b412dd0, Maven Central)",0.23693128488957882
uob,maybridge-0525-924434208,Cc1nn(C)c(Cl)c1C=O,,,,"MolVec 0.9.8 (git b412dd0, Maven Central)",0.16329584480263293
uob,maybridge-0526-1024378885,C/C(=N/N)[N+]1=C(Br)C1,,,,"MolVec 0.9.8 (git b412dd0, Maven Central)",0.13085698406212032
uob,maybridge-0526-235182682,Cc1nn(C)c(C(=O)O)c1Br,,,,"MolVec 0.9.8 (git b412dd0, Maven Central)",0.15807734802365303
uob,maybridge-0526-329314203,Cn1nc(C(F)(F)F)c(C(=O)O)c1Cl,,,,"MolVec 0.9.8 (git b412dd0, Maven Central)",0.1957063761074096
uob,maybridge-0526-427181184,Cn1cc(Br)c(C=O)n1,,,,"MolVec 0.9.8 (git b412dd0, Maven Central)",0.1402336871251464
uob,maybridge-0526-498226126,Cn1nc(C(F)(F)F)c(C=O)c1Cl,,,,"MolVec 0.9.8 (git b412dd0, Maven Central)",0.20638699806295335
uob,maybridge-0526-548127103,CCOC(=O)c1c[nH]c(S)n1,,,,"MolVec 0.9.8 (git b412dd0, Maven Central)",0.2300910169724375
uob,maybridge-0526-641745904,Cc1nn(C)c(Cl)c1S(=O)(=O)Cl,,,,"MolVec 0.9.8 (git b412dd0, Maven Central)",0.20044048898853362
uob,maybridge-0526-686411976,CCc1c(C)nn(C(=O)OC(C)(C)C)c1C,,,,"MolVec 0.9.8 (git b412dd0, Maven Central)",0.2289834830444306
uob,maybridge-0526-776944183,Cc1nc([N+](=O)[O-])c(Br)[nH]1,,,,"MolVec 0.9.8 (git b412dd0, Maven Central)",0.1383577750530094
uob,maybridge-0526-914592059,Cn1cc(Br)c(C(=O)O)n1,,,,"MolVec 0.9.8 (git b412dd0, Maven Central)",0.18182746297679842
uob,maybridge-0527-1032416417,COC(=O)c1ccsc1N,,,,"MolVec 0.9.8 (git b412dd0, Maven Central)",0.20784796494990587
uob,maybridge-0527-174750888,COC(=O)C1=CC=C([S+]=[O-])O1,,,,"MolVec 0.9.8 (git b412dd0, Maven Central)",0.2349854491185397
uob,maybridge-0527-179238497,[O-]=[S+]C1=CC=C(C2OCCO2)O1,,,,"MolVec 0.9.8 (git b412dd0, Maven Central)",0.216242864029482
uob,maybridge-0527-310475488,FC1=NC(Br)=[N+]=[N+]1Cc1ccccc1,,,,"MolVec 0.9.8 (git b412dd0, Maven Central)",0.24876382108777761
uob,maybridge-0527-341476728,COC(=O)C1=C(C)OC([S+]=[O-])=C1,,,,"MolVec 0.9.8 (git b412dd0, Maven Central)",0.22378683113493025
uob,maybridge-0527-411655539,Oc1occc1C1OCCO1,,,,"MolVec 0.9.8 (git b412dd0, Maven Central)",0.2046878458932042
uob,maybridge-0527-496064001,O=[N+]([O-])c1ccsc1Cl,,,,"MolVec 0.9.8 (git b412dd0, Maven Central)",0.1369485550094396
uob,maybridge-0527-528105260,CC(C)(C)OC(=O)N1CC(=O)CC1C(=O)O,,,,"MolVec 0.9.8 (git b412dd0, Maven Central)",0.29825559188611805
uob,maybridge-0527-825784561,COC(=O)c1cc(C=O)oc1C,,,,"MolVec 0.9.8 (git b412dd0, Maven Central)",0.2317424879875034
uob,maybridge-0527-996419816,COC(=O)c1cscc1N,,,,"MolVec 0.9.8 (git b412dd0, Maven Central)",0.21864441293291748
uob,maybridge-0528-126965608,O=C(Cl)c1cc(Br)cs1,,,,"MolVec 0.9.8 (git b412dd0, Maven Central)",0.1879406098742038
uob,maybridge-0528-486275892,O=C(O)c1csc([N+](=O)[O-])c1,,,,"MolVec 0.9.8 (git b412dd0, Maven Central)",0.20983773400075734
uob,maybridge-0528-49178222,O=C(O)c1cc(Br)cs1,,,,"MolVec 0.9.8 (git b412dd0, Maven Central)",0.18895357684232295
uob,maybridge-0528-508220313,O=C(O)c1ccc(B(O)O)s1,,,,"MolVec 0.9.8 (git b412dd0, Maven Central)",0.2356249811127782
uob,maybridge-0528-551398918,O=Cc1ccsc1Br,,,,"MolVec 0.9.8 (git b412dd0, Maven Central)",0.11747763492166996
uob,maybridge-0528-612341934,O=C(O)c1ccc(Br)s1,,,,"MolVec 0.9.8 (git b412dd0, Maven Central)",0.18724194588139653
uob,maybridge-0528-61880908,OCc1cc(Br)cs1,,,,"MolVec 0.9.8 (git b412dd0, Maven Central)",0.12306825094856322
uob,maybridge-0528-755932212,COC(=O)c1sccc1Br,,,,"MolVec 0.9.8 (git b412dd0, Maven Central)",0.19871959299780428
uob,maybridge-0528-837964265,O=C(O)c1ccsc1BO,,,,"MolVec 0.9.8 (git b412dd0, Maven Central)",0.18512868811376393
uob,maybridge-0528-89262636,[O-]=[S+]C1=CC=C(C2OCCO2)S1,,,,"MolVec 0.9.8 (git b412dd0, Maven Central)",0.19124598195776343
uob,maybridge-0528-905008683,COC(=O)c1cc(C)c(Br)s1,,,,"MolVec 0.9.8 (git b412dd0, Maven Central)",0.2343737029004842
uob,maybridge-0528-924083689,O=C(O)c1ccsc1Br,,,,"MolVec 0.9.8 (git b412dd0, Maven Central)",0.2053043411578983
uob,maybridge-0529-1069439177,COC(=O)C1=CC(C)=C([S+]=[O-])S1,,,,"MolVec 0.9.8 (git b412dd0, Maven Central)",0.2503565149381757
uob,maybridge-0529-133873175,NCc1ccsc1Br,,,,"MolVec 0.9.8 (git b412dd0, Maven Central)",0.20552491792477667
uob,maybridge-0529-238525930,CC(C)(C)O[C@@H](O)NCc1ccc(Br)s1,,,,"MolVec 0.9.8 (git b412dd0, Maven Central)",0.2976251249201596
uob,maybridge-0529-242092728,CCOC(=O)c1c(C)nsc1N,,,,"MolVec 0.9.8 (git b412dd0, Maven Central)",0.17071766802109778
uob,maybridge-0529-3806002,CCOC(=O)c1c(-c2ccc(Br)cc2)csc1N,,,,"MolVec 0.9.8 (git b412dd0, Maven Central)",0.37302972096949816
uob,maybridge-0529-445132988,COC(=O)c1coc(CCl)n1,,,,"MolVec 0.9.8 (git b412dd0, Maven Central)",0.21302781417034566
uob,maybridge-0529-486724122,COC(=O)C1CSCC1=O,,,,"MolVec 0.9.8 (git b412dd0, Maven Central)",0.18552572396583855
uob,maybridge-0529-598058400,CCOC(=O)c1cc(C(=O)CBr)on1,,,,"MolVec 0.9.8 (git b412dd0, Maven Central)",0.27330282097682357
uob,maybridge-0529-661224649,[O-]=[S+]C1=C(C2OCCO2)C=CS1,,,,"MolVec 0.9.8 (git b412dd0, Maven Central)",0.21482769190333784
uob,maybridge-0529-918689503,CCOC(=O)c1csc(N)n1,,,,"MolVec 0.9.8 (git b412dd0, Maven Central)",0.21172530902549624
uob,maybridge-0530-192354005,Cc1nc(C2CCN(C(=O)OC(C)(C)C)CC2)sc1C(=O)O,,,,"MolVec 0.9.8 (git b412dd0, Maven Central)",0.4551100549288094
uob,maybridge-0530-199386905,CC(C)(C)OC(=O)N1CCC(c2nc(CO)cs2)CC1,,,,"MolVec 0.9.8 (git b412dd0, Maven Central)",0.3213371280580759
uob,maybridge-0530-260096362,Cc1nc(C2CCN(C(=O)OC(C)(C)C)CC2)sc1CO,,,,"MolVec 0.9.8 (git b412dd0, Maven Central)",0.3134015540126711
uob,maybridge-0530-290980575,CCOC(=O)c1sc(Cl)nc1C,,,,"MolVec 0.9.8 (git b412dd0, Maven Central)",0.21602591802366078
uob,maybridge-0530-307614626,Cc1nc(C2CCN(C(=O)OC(C)(C)C)CC2)sc1C=O,,,,"MolVec 0.9.8 (git b412dd0, Maven Central)",0.3574678029399365
uob,maybridge-0530-37518706,CCOC(=O)c1sc(Br)nc1C,,,,"MolVec 0.9.8 (git b412dd0, Maven Central)",0.21477621304802597
uob,maybridge-0530-419900000,CNCc1csc(C2CCN(C(=O)OC(C)(C)C)CC2)n1,,,,"MolVec 0.9.8 (git b412dd0, Maven Central)",0.3654802639503032
uob,maybridge-0530-758732717,CC(C)(C)OC(=O)N1CCC(c2nc(C=O)cs2)CC1,,,,"MolVec 0.9.8 (git b412dd0, Maven Central)",0.3071169888135046
uob,maybridge-0530-760333320,Cc1nc(Br)sc1C(=O)O,,,,"MolVec 0.9.8 (git b412dd0, Maven Central)",0.18963480088859797
uob,maybridge-0530-884415730,CC(C)(C)OC(=O)N1CCC(c2nc(C(=O)O)cs2)CC1,,,,"MolVec 0.9.8 (git b412dd0, Maven Central)",0.37074642488732934
uob,maybridge-0531-20026989,C/C(Cl)=N\C(=N)CCl,,,,"MolVec 0.9.8 (git b412dd0, Maven Central)",0.12870491622015834
uob,maybridge-0531-328033125,COC(=O)c1ccc(/C(N)=N/O)cc1,,,,"MolVec 0.9.8 (git b412dd0, Maven Central)",0.30964067997410893
uob,maybridge-0531-380617795,O=C(O)c1cc(O)ccc1[N+](=O)[O-],,,,"MolVec 0.9.8 (git b412dd0, Maven Central)",0.22972286818549037
uob,maybridge-0531-44499269,O=C(O)c1ccc([N+](=O)[O-])cc1F,,,,"MolVec 0.9.8 (git b412dd0, Maven Central)",0.19478111783973873
uob,maybridge-0531-515538050,COC(=O)c1cccc(C(=O)O)c1N,,,,"MolVec 0.9.8 (git b412dd0, Maven Central)",0.25474432995542884
uob,maybridge-0531-52561277,Cc1ccc(C(=O)O)c(N)c1,,,,"MolVec 0.9.8 (git b412dd0, Maven Central)",0.2205271648708731
uob,maybridge-0531-540357403,Cc1sc(C2CCN(C(=O)OC(C)(C)C)CC2)nc1CC(=O)O,,,,"MolVec 0.9.8 (git b412dd0, Maven Central)",0.43881785008125007
uob,maybridge-0531-596097007,COC(=O)c1ccc(N)c(C)c1,,,,"MolVec 0.9.8 (git b412dd0, Maven Central)",0.20939872600138187
uob,maybridge-0531-637677065,NC1=[N+]=[N+]=C(Br)S1,,,,"MolVec 0.9.8 (git b412dd0, Maven Central)",0.13146259798668325
uob,maybridge-0531-850270640,O=Cc1cc(C(=O)O)ccc1F,,,,"MolVec 0.9.8 (git b412dd0, Maven Central)",0.2816504240036011
uob,maybridge-0531-966515649,CCOC(=O)c1ccc(N=C=O)cc1,,,,"MolVec 0.9.8 (git b412dd0, Maven Central)",0.19484088104218245
uob,maybridge-0532-157933158,O=Cc1ccc(I)c(O)c1,,,,"MolVec 0.9.8 (git b412dd0, Maven Central)",0.15810739109292626
uob,maybridge-0532-234739488,NC(=S)c1ccc(C2OCCO2)cc1,,,,"MolVec 0.9.8 (git b412dd0, Maven Central)",0.21812391211278737
uob,maybridge-0532-47348454,CC(C)(C)OC(=O)NCc1cccc(C=O)c1,,,,"MolVec 0.9.8 (git b412dd0, Maven Central)",0.20478242309764028
uob,maybridge-0532-474390580,O=[N+]([O-])c1ccc(CS(=O)(=O)Cl)cc1,,,,"MolVec 0.9.8 (git b412dd0, Maven Central)",0.19487225799821317
uob,maybridge-0532-509217418,O=Cc1ccc(CBr)cc1,,,,"MolVec 0.9.8 (git b412dd0, Maven Central)",0.16647425899282098
uob,maybridge-0532-59994060,CC(C)(C)OC(=O)NCc1ccc(C=O)cc1,,,,"MolVec 0.9.8 (git b412dd0, Maven Central)",0.2048980148974806
uob,maybridge-0532-749588954,COC(=O)c1ccc(CS(=O)(=O)Cl)cc1,,,,"MolVec 0.9.8 (git b412dd0, Maven Central)",0.21478164312429726
uob,maybridge-0532-782816000,O=Cc1cc([N+](=O)[O-])ccc1N1CCOCC1,,,,"MolVec 0.9.8 (git b412dd0, Maven Central)",0.22244375199079514
uob,maybridge-0532-887738902,O=Cc1cccc(CBr)c1,,,,"MolVec 0.9.8 (git b412dd0, Maven Central)",0.13163036201149225
uob,maybridge-0532-898709107,Cc1ccc(C(=O)O)cc1O,,,,"MolVec 0.9.8 (git b412dd0, Maven Central)",0.20787735399790108
uob,maybridge-0532-904436693,O=Cc1cc(O)ccc1I,,,,"MolVec 0.9.8 (git b412dd0, Maven Central)",0.14203209104016423
uob,maybridge-0532-938141214,Nc1ccc(Br)cc1[N+](=O)[O-],,,,"MolVec 0.9.8 (git b412dd0, Maven Central)",0.1362374781165272
uob,maybridge-0533-134585745,CC(C)(C)OC(=O)N1CCN(Cc2cccc(C=O)c2)CC1,,,,"MolVec 0.9.8 (git b412dd0, Maven Central)",0.40245161089114845
uob,maybridge-0533-157221079,CC(C)(C)OC(=O)N1CCN(c2ccc(C(=O)O)cc2)CC1,,,,"MolVec 0.9.8 (git b412dd0, Maven Central)",0.3407400571741164
uob,maybridge-0533-289282817,CC(C)(C)OC(=O)N1CCCN(C2=CCCC(O)=C2)CC1,,,,"MolVec 0.9.8 (git b412dd0, Maven Central)",0.3584737400524318
uob,maybridge-0533-293527151,O=S(=O)(Cl)(CC1=CC=C(Br)C=C1)=OO,,,,"MolVec 0.9.8 (git b412dd0, Maven Central)",0.1941726200748235
uob,maybridge-0533-409418833,CC(C)(C)OC(=O)N1CCN(c2ccccc2N)CC1,,,,"MolVec 0.9.8 (git b412dd0, Maven Central)",0.2853299858979881
uob,maybridge-0533-411937452,Cc1cc(Br)ccc1S(=O)(=O)Cl,,,,"MolVec 0.9.8 (git b412dd0, Maven Central)",0.1748457420617342
uob,maybridge-0533-679080975,CC(C)(C)OC(=O)N1CCN(c2ccccc2C=O)CC1,,,,"MolVec 0.9.8 (git b412dd0, Maven Central)",0.3314087849576026
uob,maybridge-0533-838742420,CC(C)(C)OC(=O)N1CCN(Cc2cccc(C(=O)[O-])c2)CC1,,,,"MolVec 0.9.8 (git b412dd0, Maven Central)",0.43572117295116186
uob,maybridge-0533-95837129,CC(C)(C)OC(=O)N1CCN(c2ccccc2C(=O)O)CC1,,,,"MolVec 0.9.8 (git b412dd0, Maven Central)",0.29489242821000516
uob,maybridge-0534-1008471360,CC(C)(C)OC(=O)Nc1ccc(CN)cc1,,,,"MolVec 0.9.8 (git b412dd0, Maven Central)",0.2055047561880201
uob,maybridge-0534-445025900,CC(C)(C)OC(=O)NCc1cccc(CO)c1,,,,"MolVec 0.9.8 (git b412dd0, Maven Central)",0.2657150358427316
uob,maybridge-0534-559536168,CC(C)(C)OC(=O)N1CCN(c2ccc(B3OC(C)(C)C(C)(C)O3)cc2)CC1,,,,"MolVec 0.9.8 (git b412dd0, Maven Central)",0.5658964361064136
uob,maybridge-0534-646036944,CC(C)(C)OC(=O)NCc1ccc(CO)cc1,,,,"MolVec 0.9.8 (git b412dd0, Maven Central)",0.2676605279557407
uob,maybridge-0534-720135105,COC(=O)c1cccc(CN)c1,,,,"MolVec 0.9.8 (git b412dd0, Maven Central)",0.24220785102806985
uob,maybridge-0534-741144881,CC(C)(C)OC(=O)N1CCN(Cc2cccc(I)c2)CC1,,,,"MolVec 0.9.8 (git b412dd0, Maven Central)",0.41378480195999146
uob,maybridge-0534-894033632,CC(C)(C)OC(=O)N1CCC(Oc2ccc(C(=O)O)cc2)CC1,,,,"MolVec 0.9.8 (git b412dd0, Maven Central)",0.5179007709957659
uob,maybridge-0534-946748146,CC(C)(C)OC(=O)N1CCN(c2ccccc2CN)CC1,,,,"MolVec 0.9.8 (git b412dd0, Maven Central)",0.2706584760453552
uob,maybridge-0535-1008594054,O=Cc1ncccc1F,,,,"MolVec 0.9.8 (git b412dd0, Maven Central)",0.16879052203148603
uob,maybridge-0535-1052048227,Nc1ccc(CO)cn1,,,,"MolVec 0.9.8 (git b412dd0, Maven Central)",0.19314940692856908
uob,maybridge-0535-208823445,CNCc1ccc(N2CCN(C(=O)OC(C)(C)C)CC2)cc1,,,,"MolVec 0.9.8 (git b412dd0, Maven Central)",0.44647498009726405
uob,maybridge-0535-283390897,O=Cc1ccnc(Cl)c1,,,,"MolVec 0.9.8 (git b412dd0, Maven Central)",0.16788488300517201
uob,maybridge-0535-369447918,CNCc1cccc(CN2CCN(C(=O)OC(C)(C)C)CC2)c1,,,,"MolVec 0.9.8 (git b412dd0, Maven Central)",0.47947401902638376
uob,maybridge-0535-433104566,Nc1cnccc1C(=O)O,,,,"MolVec 0.9.8 (git b412dd0, Maven Central)",0.20466602011583745
uob,maybridge-0535-4484292,COC(=O)c1cccnc1N,,,,"MolVec 0.9.8 (git b412dd0, Maven Central)",0.1658749650232494
uob,maybridge-0535-463873079,O=C=Nc1ccc(Cl)nc1,,,,"MolVec 0.9.8 (git b412dd0, Maven Central)",0.1449080090969801
uob,maybridge-0535-639091132,CC(C)(C)OC(=O)N1CCN(c2ccc(CN)cc2)CC1,,,,"MolVec 0.9.8 (git b412dd0, Maven Central)",0.36960707092657685
uob,maybridge-0535-923900285,CC(=O)c1ccc(Cl)nc1,,,,"MolVec 0.9.8 (git b412dd0, Maven Central)",0.19014356890693307
uob,maybridge-0536-235220949,O=C(O)c1ccnc(Cl)c1,,,,"MolVec 0.9.8 (git b412dd0, Maven Central)",0.1762241751421243
uob,maybridge-0536-284147170,O=C(Cl)c1ccnc(Cl)c1,,,,"MolVec 0.9.8 (git b412dd0, Maven Central)",0.21566404192708433
uob,maybridge-0536-330413923,CCOC(=O)c1cccnc1Cl,,,,"MolVec 0.9.8 (git b412dd0, Maven Central)",0.1948666567914188
uob,maybridge-0536-334281085,Cc1cc(C(=O)O)cc(Cl)n1,,,,"MolVec 0.9.8 (git b412dd0, Maven Central)",0.22586094681173563
uob,maybridge-0536-400161787,O=Cc1cccc(Br)n1,,,,"MolVec 0.9.8 (git b412dd0, Maven Central)",0.14421653398312628
uob,maybridge-0536-51820156,O=C(O)c1cccc(Cl)n1,,,,"MolVec 0.9.8 (git b412dd0, Maven Central)",0.23127111210487783
uob,maybridge-0536-609634801,O=Cc1ccc(Br)cn1,,,,"MolVec 0.9.8 (git b412dd0, Maven Central)",0.1780781641136855
uob,maybridge-0536-664876270,COc1cc(C(=O)O)cc(Cl)n1,,,,"MolVec 0.9.8 (git b412dd0, Maven Central)",0.1794744310900569
uob,maybridge-0536-746605562,O=C(O)c1ccc(Br)nc1,,,,"MolVec 0.9.8 (git b412dd0, Maven Central)",0.16898176912218332
uob,maybridge-0536-790851000,COC(=O)c1ccc(C(=O)O)nc1,,,,"MolVec 0.9.8 (git b412dd0, Maven Central)",0.28080071904696524
uob,maybridge-0536-855476250,Cc1cnc(N)c(Br)c1,,,,"MolVec 0.9.8 (git b412dd0, Maven Central)",0.1674067140556872
uob,maybridge-0536-945327385,O=C=Nc1cc(Cl)nc(Cl)c1,,,,"MolVec 0.9.8 (git b412dd0, Maven Central)",0.22484625200740993
uob,maybridge-0537-1064507274,CCOC(=O)c1ccncc1S(=O)(=O)Cl,,,,"MolVec 0.9.8 (git b412dd0, Maven Central)",0.2602722099982202
uob,maybridge-0537-107946218,Cc1cnc(Cl)c(Br)c1,,,,"MolVec 0.9.8 (git b412dd0, Maven Central)",0.14704670594073832
uob,maybridge-0537-201224583,CCc1cccnc1F,,,,"MolVec 0.9.8 (git b412dd0, Maven Central)",0.14177951193414629
uob,maybridge-0537-482949398,CCOC(=O)c1c(Cl)cc(C)nc1Cl,,,,"MolVec 0.9.8 (git b412dd0, Maven Central)",0.2523747580125928
uob,maybridge-0537-554283149,CC(C)(C)OC(=O)N1CCN(c2ccc(C=O)cn2)CC1,,,,"MolVec 0.9.8 (git b412dd0, Maven Central)",0.34967929986305535
uob,maybridge-0537-745337959,O=C(O)c1cc(Br)cnc1Br,,,,"MolVec 0.9.8 (git b412dd0, Maven Central)",0.23708988400176167
uob,maybridge-0537-747913668,O=Cc1cc(Br)cnc1Br,,,,"MolVec 0.9.8 (git b412dd0, Maven Central)",0.1860261340625584
uob,maybridge-0537-845548423,COC(=O)c1cc(Cl)nc(Cl)c1,,,,"MolVec 0.9.8 (git b412dd0, Maven Central)",0.2610956779681146
uob,maybridge-0537-895396466,CC(C)(C)OC(=O)N1CCN(c2ccc(C(=O)O)cn2)CC1,,,,"MolVec 0.9.8 (git b412dd0, Maven Central)",0.35594140994362533
uob,maybridge-0537-912545290,Fc1cc(I)ccn1,,,,"MolVec 0.9.8 (git b412dd0, Maven Central)",0.20137264393270016
uob,maybridge-0537-95002653,CC(C)(C)OC(=O)N1CCN(c2cc(C(=O)O)ccn2)CC1,,,,"MolVec 0.9.8 (git b412dd0, Maven Central)",0.39308930886909366
uob,maybridge-0538-1050470877,Nc1ccc(Br)nn1,,,,"MolVec 0.9.8 (git b412dd0, Maven Central)",0.12227015406824648
uob,maybridge-0538-116409065,CSc1ncc(Cl)c(C(=O)O)n1,,,,"MolVec 0.9.8 (git b412dd0, Maven Central)",0.2425912709441036
uob,maybridge-0538-237865790,Cc1ccc(N2CCN(C(=O)OC(C)(C)C)CC2)nc1,,,,"MolVec 0.9.8 (git b412dd0, Maven Central)",0.34680922888219357
uob,maybridge-0538-56062758,CCOC(=O)c1cnc(N)nc1C,,,,"MolVec 0.9.8 (git b412dd0, Maven Central)",0.21135251014493406
uob,maybridge-0538-672463805,CC(C)(C)OC(=O)N1CCN(c2ccc(B3OC(C)(C)C(C)(C)O3)cn2)CC1,,,,"MolVec 0.9.8 (git b412dd0, Maven Central)",0.5353058299515396
uob,maybridge-0538-679555593,CNCc1cccc(Br)n1,,,,"MolVec 0.9.8 (git b412dd0, Maven Central)",0.1996709401719272
uob,maybridge-0538-717229427,COC(=O)c1cnc(Cl)nc1C(F)(F)F,,,,"MolVec 0.9.8 (git b412dd0, Maven Central)",0.2820189369376749
uob,maybridge-0538-813023856,COC(=O)c1cnc(Cl)nc1,,,,"MolVec 0.9.8 (git b412dd0, Maven Central)",0.19395784102380276
uob,maybridge-0538-935635539,COC(=O)c1cc(C)nc(Cl)n1,,,,"MolVec 0.9.8 (git b412dd0, Maven Central)",0.19852627092041075
uob,maybridge-0538-954180352,Nc1ccc(Cl)nn1,,,,"MolVec 0.9.8 (git b412dd0, Maven Central)",0.12777596898376942
uob,maybridge-0539-1050160608,N#Cc1nccnc1Cl,,,,"MolVec 0.9.8 (git b412dd0, Maven Central)",0.1731453698594123
uob,maybridge-0539-208849227,CC(C)(C)[Si](C)(C)OCC1CN(Cc2ccccc2)CCC1=O,,,,"MolVec 0.9.8 (git b412dd0, Maven Central)",0.38179183611646295
uob,maybridge-0539-29600113,O=C(Cl)c1cnc(Cl)nc1C(F)(F)F,,,,"MolVec 0.9.8 (git b412dd0, Maven Central)",0.2505260391626507
uob,maybridge-0539-46410213,CC(C)(C)OC(=O)N1CCC(C(N)=S)CC1,,,,"MolVec 0.9.8 (git b412dd0, Maven Central)",0.2963023849297315
uob,maybridge-0539-669984836,CCOC(=O)c1cnc(C(F)(F)F)nc1Cl,,,,"MolVec 0.9.8 (git b412dd0, Maven Central)",0.29594579082913697
uob,maybridge-0539-716118740,CC(C)(C)OC(=O)NCC1CCNCC1,,,,"MolVec 0.9.8 (git b412dd0, Maven Central)",0.21316046291030943
uob,maybridge-0539-747406405,CC(C)(C)OC(=O)N1CCC(CCCO)CC1,,,,"MolVec 0.9.8 (git b412dd0, Maven Central)",0.3480191680137068
uob,maybridge-0539-896608938,O=C(Cl)C1CCN(C(=O)OCc2ccccc2)CC1,,,,"MolVec 0.9.8 (git b412dd0, Maven Central)",0.44281371403485537
uob,maybridge-0539-938926076,Nc1cnc(Br)cn1,,,,"MolVec 0.9.8 (git b412dd0, Maven Central)",0.1345311850309372
uob,maybridge-0540-576746504,NCC1CCN(Cc2ccccc2)CC1,,,,"MolVec 0.9.8 (git b412dd0, Maven Central)",0.25126939499750733
uob,maybridge-0540-614544275,NCC1CCN(C(=O)OCc2ccccc2)CC1,,,,"MolVec 0.9.8 (git b412dd0, Maven Central)",0.34922871505841613
uob,maybridge-0540-622080441,O=C=NC1CCN(C(=O)OCc2ccccc2)CC1,,,,"MolVec 0.9.8 (git b412dd0, Maven Central)",0.323619375936687
uob,maybridge-0540-645553899,O=CC1CCN(C(=O)OCc2ccccc2)CC1,,,,"MolVec 0.9.8 (git b412dd0, Maven Central)",0.30689763091504574
uob,maybridge-0540-703304868,CC(C)(C)OC(=O)N1CCN(CCO)CC1,,,,"MolVec 0.9.8 (git b412dd0, Maven Central)",0.2797211641445756
uob,maybridge-0540-738293116,CNCC1CCN(C(=O)OCc2ccccc2)CC1,,,,"MolVec 0.9.8 (git b412dd0, Maven Central)",0.3693332129623741
uob,maybridge-0540-739216233,O=C(OCc1ccccc1)N1CCC(CBr)CC1,,,,"MolVec 0.9.8 (git b412dd0, Maven Central)",0.35844760900363326
uob,maybridge-0541-160032722,O=C(O)C1CN(Cc2ccccc2)CCO1,,,,"MolVec 0.9.8 (git b412dd0, Maven Central)",0.2836611778475344
uob,maybridge-0541-343469115,ClCC1CN(Cc2ccccc2)CCO1,,,,"MolVec 0.9.8 (git b412dd0, Maven Central)",0.24395987205207348
uob,maybridge-0541-408794300,CC(C)(C)OC(=O)N1CCN(C(=O)OCC2c3ccccc3-c3ccccc32)C(C(=O)O)C1,,,,"MolVec 0.9.8 (git b412dd0, Maven Central)",0.7436925801448524
uob,maybridge-0541-41174042,N=C(N)N1CCN(Cc2ccccc2)CC1,,,,"MolVec 0.9.8 (git b412dd0, Maven Central)",0.32408013893291354
uob,maybridge-0541-443866440,CC(C)(C)OC(=O)N1CCN(C(=O)OCC2c3ccccc3-c3ccccc32)CC1C(=O)O,,,,"MolVec 0.9.8 (git b412dd0, Maven Central)",0.7342523741535842
uob,maybridge-0541-479751745,C=CCOC(=O)N1CCN(C(=O)OCC2c3ccccc3-c3ccccc32)C(C(=O)O)C1,,,,"MolVec 0.9.8 (git b412dd0, Maven Central)",0.7828694870695472
uob,maybridge-0541-759275286,NCCN1CCN(Cc2ccccc2)CC1,,,,"MolVec 0.9.8 (git b412dd0, Maven Central)",0.3053946609143168
uob,maybridge-0542-158330763,[O-]=[S+]C1=C(Cl)N=C2SC=CN21,,,,"MolVec 0.9.8 (git b412dd0, Maven Central)",0.19223596202209592
uob,maybridge-0542-179979373,COC(=O)c1cc2oc(C=O)cc2n1C,,,,"MolVec 0.9.8 (git b412dd0, Maven Central)",0.3501364439725876
uob,maybridge-0542-237060770,O=C(O)c1cc2cccc([N+](=O)[O-])c2[nH]1,,,,"MolVec 0.9.8 (git b412dd0, Maven Central)",0.40751839405857027
uob,maybridge-0542-266041021,CC(C)(C)OC(=O)N1CCSCC1C(=O)O,,,,"MolVec 0.9.8 (git b412dd0, Maven Central)",0.23289422504603863
uob,maybridge-0542-507191233,c1ccc2c(C3CCNCC3)c[nH]c2c1,,,,"MolVec 0.9.8 (git b412dd0, Maven Central)",0.32698142691515386
uob,maybridge-0542-690594620,Nc1ccc2c(c1)CCC2=O,,,,"MolVec 0.9.8 (git b412dd0, Maven Central)",0.20304834796115756
uob,maybridge-0542-793132774,CC(C)(C)OC(=O)N1CCCNCC1,,,,"MolVec 0.9.8 (git b412dd0, Maven Central)",0.23759285593405366
uob,maybridge-0542-906392317,CCc1c[nH]c2cc(C(=O)OC)ccc12,,,,"MolVec 0.9.8 (git b412dd0, Maven Central)",0.3050128531176597
uob,maybridge-0542-908030989,NCC1CN(Cc2ccccc2)CCO1,,,,"MolVec 0.9.8 (git b412dd0, Maven Central)",0.30427656695246696
uob,maybridge-0543-10194638,CC(C)(C)OC(=O)n1cc(C(=O)O)c2c(Br)cccc21,,,,"MolVec 0.9.8 (git b412dd0, Maven Central)",0.3923970740288496
uob,maybridge-0543-167229969,O=Cc1cc2ccccc2n1S(=O)(=O)c1ccccc1,,,,"MolVec 0.9.8 (git b412dd0, Maven Central)",0.37461160705424845
uob,maybridge-0543-218292524,CC(C)(C)OC(=O)n1cc(C(=O)O)c2cc(Br)ccc21,,,,"MolVec 0.9.8 (git b412dd0, Maven Central)",0.43140448816120625
uob,maybridge-0543-250328615,CCc1cn(C(=O)OC(C)(C)C)c2cc(C(=O)OC)ccc12,,,,"MolVec 0.9.8 (git b412dd0, Maven Central)",0.39939973992295563
uob,maybridge-0543-537525073,O=Cc1c[nH]c2cccc(Br)c12,,,,"MolVec 0.9.8 (git b412dd0, Maven Central)",0.24557325802743435
uob,maybridge-0543-813858234,O=Cc1c[nH]c2ccc([N+](=O)[O-])cc12,,,,"MolVec 0.9.8 (git b412dd0, Maven Central)",0.2518878991249949
uob,maybridge-0543-831658353,COC(=O)c1ccc2c(C=O)cn(C(=O)OC(C)(C)C)c2c1,,,,"MolVec 0.9.8 (git b412dd0, Maven Central)",0.45275475014932454
uob,maybridge-0543-849156953,CC(C)(C)OC(=O)n1c(BO)cc2ccccc21,,,,"MolVec 0.9.8 (git b412dd0, Maven Central)",0.39162543695420027
uob,maybridge-0543-989949165,O=Cc1c[nH]c2cc(Br)ccc12,,,,"MolVec 0.9.8 (git b412dd0, Maven Central)",0.29271016805432737
uob,maybridge-0544-293108714,O=C(O)c1n[nH]c2ccc(Br)cc12,,,,"MolVec 0.9.8 (git b412dd0, Maven Central)",0.2972609729040414
uob,maybridge-0544-388151210,CC(C)(C)OC(=O)c1n[nH]c2nc(F)ccc12,,,,"MolVec 0.9.8 (git b412dd0, Maven Central)",0.3630677049513906
uob,maybridge-0544-53845420,CC(C)(C)OC(=O)N1C2CCC1CC(=O)C2,,,,"MolVec 0.9.8 (git b412dd0, Maven Central)",0.2535039340145886
uob,maybridge-0544-5857709,CC(C)(C)OC(=O)N1c2ccccc2CC1C(=O)O,,,,"MolVec 0.9.8 (git b412dd0, Maven Central)",0.3457479609642178
uob,maybridge-0544-603810761,O=C1CC2CCC(C1)N2Cc1ccccc1,,,,"MolVec 0.9.8 (git b412dd0, Maven Central)",0.24777540797367692
uob,maybridge-0544-684500704,CCOC(=O)c1cn2c(n1)CNCC2,,,,"MolVec 0.9.8 (git b412dd0, Maven Central)",0.2972430109512061
uob,maybridge-0544-703311178,CCOC(=O)c1cnc2c(c(C)nn2C)c1Cl,,,,"MolVec 0.9.8 (git b412dd0, Maven Central)",0.31347596016712487
uob,maybridge-0544-751570078,O=C(O)c1cc2cc(Br)ccc2o1,,,,"MolVec 0.9.8 (git b412dd0, Maven Central)",0.3300856340210885
uob,maybridge-0544-931221457,O=S(=O)(c1ccccc1)n1c(CBr)cc2ccccc21,,,,"MolVec 0.9.8 (git b412dd0, Maven Central)",0.4265782500151545
uob,maybridge-0544-940818971,CC(C)S(C(C)C)(C(C)C)n1ccc2c(B3OC(C)(C)C(C)(C)O3)cccc21,,,,"MolVec 0.9.8 (git b412dd0, Maven Central)",0.37401870591565967
uob,maybridge-0545-102246742,O=C(O)c1cc2cc([N+](=O)[O-])ccc2s1,,,,"MolVec 0.9.8 (git b412dd0, Maven Central)",0.36829605093225837
uob,maybridge-0545-18707882,O=C(CBr)c1cc2cc(Br)ccc2o1,,,,"MolVec 0.9.8 (git b412dd0, Maven Central)",0.3733697501011193
uob,maybridge-0545-210630143,O=C(Cl)c1cc2cc(Br)ccc2o1,,,,"MolVec 0.9.8 (git b412dd0, Maven Central)",0.32574420305900276
uob,maybridge-0545-357745211,O=C(Cl)c1cc(Br)cc2c1OCC2,,,,"MolVec 0.9.8 (git b412dd0, Maven Central)",0.25269612204283476
uob,maybridge-0545-36164182,ClCc1cc2cc(Br)ccc2o1,,,,"MolVec 0.9.8 (git b412dd0, Maven Central)",0.28535118605941534
uob,maybridge-0545-453132627,NCc1cc2cc(Br)ccc2o1,,,,"MolVec 0.9.8 (git b412dd0, Maven Central)",0.3663443250115961
uob,maybridge-0545-484458406,O=Cc1cc(Br)cc2c1OCC2,,,,"MolVec 0.9.8 (git b412dd0, Maven Central)",0.23825830686837435
uob,maybridge-0545-649342987,O=C(O)c1csc2ccc(Br)cc12,,,,"MolVec 0.9.8 (git b412dd0, Maven Central)",0.32319275196641684
uob,maybridge-0545-706173939,O=C(O)c1cc2cc(Br)ccc2s1,,,,"MolVec 0.9.8 (git b412dd0, Maven Central)",0.3136293920688331
uob,maybridge-0545-96435737,O=O(Cl)C1=C2OCCC2=CC(Br)=C1,,,,"MolVec 0.9.8 (git b412dd0, Maven Central)",0.21979792113415897
uob,maybridge-0546-1006677838,NCc1csc2ccc(Br)cc12,,,,"MolVec 0.9.8 (git b412dd0, Maven Central)",0.2548755779862404
uob,maybridge-0546-1031814757,O=Cc1sc(Br)c2c1OCCO2,,,,"MolVec 0.9.8 (git b412dd0, Maven Central)",0.19587658788077533
uob,maybridge-0546-165339780,O=C(O)c1sc(Br)c2c1OCCO2,,,,"MolVec 0.9.8 (git b412dd0, Maven Central)",0.2683116642292589
uob,maybridge-0546-215444826,CCOC(=O)c1c(N)sc2c1CCN(C(=O)OC(C)(C)C)C2,,,,"MolVec 0.9.8 (git b412dd0, Maven Central)",0.4617054301779717
uob,maybridge-0546-254486765,COC(=O)c1cc2cc(Br)ccc2s1,,,,"MolVec 0.9.8 (git b412dd0, Maven Central)",0.20179318613372743
uob,maybridge-0546-421659544,Nc1c(C(=O)O)sc2ncccc12,,,,"MolVec 0.9.8 (git b412dd0, Maven Central)",0.35206567612476647
uob,maybridge-0546-64992874,ClCc1csc2ccc(Br)cc12,,,,"MolVec 0.9.8 (git b412dd0, Maven Central)",0.23730422393418849
uob,maybridge-0546-6887004,Nc1c(C(=O)O)sc2nccnc12,,,,"MolVec 0.9.8 (git b412dd0, Maven Central)",0.324257236905396
uob,maybridge-0546-702720848,COC(=O)c1cc2cc(B3OC(C)(C)C(C)(C)O3)ccc2s1,,,,"MolVec 0.9.8 (git b412dd0, Maven Central)",0.369785892078653
uob,maybridge-0546-847688030,O=C(Cl)c1cc2cc(Br)ccc2s1,,,,"MolVec 0.9.8 (git b412dd0, Maven Central)",0.34955116803757846
uob,maybridge-0547-1000360113,O=C(O)c1cc2ccccc2nc1Cl,,,,"MolVec 0.9.8 (git b412dd0, Maven Central)",0.25439646700397134
uob,maybridge-0547-1051691618,O=C1CCCc2ccc(Br)cc21,,,,"MolVec 0.9.8 (git b412dd0, Maven Central)",0.1548959231004119
uob,maybridge-0547-251837682,O=C(Cl)c1cc2ccccc2nc1Cl,,,,"MolVec 0.9.8 (git b412dd0, Maven Central)",0.27781398594379425
uob,maybridge-0547-253224499,CC(C)(C)OC(=O)NCCC(N)=S,,,,"MolVec 0.9.8 (git b412dd0, Maven Central)",0.15175230684690177
uob,maybridge-0547-298506573,O=C(O)c1ccc2c(c1)CCCN2,,,,"MolVec 0.9.8 (git b412dd0, Maven Central)",0.23852290119975805
uob,maybridge-0547-397099605,CNCc1sc(Br)c2c1OCCO2,,,,"MolVec 0.9.8 (git b412dd0, Maven Central)",0.21204058709554374
uob,maybridge-0547-559766650,O=C(O)C12CC3CC(CC(O)(C3)C1)C2,,,,"MolVec 0.9.8 (git b412dd0, Maven Central)",0.2700333090033382
uob,maybridge-0547-663562639,O=C(Cl)c1cc(Cl)nc2ccc(Br)cc12,,,,"MolVec 0.9.8 (git b412dd0, Maven Central)",0.2796890139579773
uob,maybridge-0547-780416298,Nc1ccc2c(c1)CCCC2=O,,,,"MolVec 0.9.8 (git b412dd0, Maven Central)",0.20478234509937465
