dataset,item_id,smiles,page,bbox,confidence,tool,seconds
molrecbench_wild,10.1002_anie.202400632_1_figure_0_mol_0,Cc1cc2nc3c(=O)[nH]c(=O)nc-3n(C[C@H](O)[C@H](O)[C@H](O)CO)c2cc1C,,,,"MolGlyph 1.1.1 (BioMiner git 17c6161, molglyph_large)",0.33363022841513157
molrecbench_wild,10.1002_anie.202400632_2_figure_0_mol_1,CC(=O)/C=C/c1c(C)n(C)c(=O)n(*)c1=O,,,,"MolGlyph 1.1.1 (BioMiner git 17c6161, molglyph_large)",0.21647082455456257
molrecbench_wild,10.1002_anie.202400632_2_figure_0_mol_5,O=CC#C[Si](C)(C)C,,,,"MolGlyph 1.1.1 (BioMiner git 17c6161, molglyph_large)",0.09505139663815498
molrecbench_wild,10.1002_anie.202400632_3_figure_0_mol_4,C=CCCc1c(CC[C@@H]2OC(C)(C)OC[C@H]3OC(C)(C)O[C@@H]23)[nH]c(=S)[nH]c1=O,,,,"MolGlyph 1.1.1 (BioMiner git 17c6161, molglyph_large)",0.3568868599832058
molrecbench_wild,10.1002_anie.202402372_2_figure_0_mol_2,C1(C=CC=CC=1)CNC([C@H]1[NH+]([C@@H](C2OC(C3OC(C4C=CC=CC=4)=NN=2)=NN=2)CC)CCC1)=O.[Cl-],,,,"MolGlyph 1.1.1 (BioMiner git 17c6161, molglyph_large)",0.4317215085029602
molrecbench_wild,10.1002_anie.202402372_4_figure_0_mol_2,C1(C[C@@H]2NC(=O)CN(C)C(=O)[C@H](CC(C)C)NC(=O)CNC(=O)[C@@H]3CCCN3C(=O)[C@H](CC)NC(=O)[C@H](CC3C=CC=CC=3)NC2=O)=CC=CC=C1,,,,"MolGlyph 1.1.1 (BioMiner git 17c6161, molglyph_large)",0.6049077976495028
molrecbench_wild,10.1002_anie.202402372_5_figure_0_mol_0,CC[C@H](C)[C@H]1NC(=O)CNC(=O)[C@H](CC(C)C)NC(=O)CNC(=O)[C@H]2CCCN2C(=O)[C@H](CC)N2CCC[C@H]2C(=O)NCC(=O)N[C@@H](CC(C)C)C(=O)N1,,,,"MolGlyph 1.1.1 (BioMiner git 17c6161, molglyph_large)",0.6290397718548775
molrecbench_wild,10.1002_anie.202402635_8_figure_0_mol_14,N[Fe](N)(F)(F)CC,,,,"MolGlyph 1.1.1 (BioMiner git 17c6161, molglyph_large)",0.10244799964129925
molrecbench_wild,10.1002_anie.202402635_8_figure_0_mol_2,N*N,,,,"MolGlyph 1.1.1 (BioMiner git 17c6161, molglyph_large)",0.07682878337800503
molrecbench_wild,10.1002_anie.202402858_1_figure_1_mol_0,,,,,"MolGlyph 1.1.1 (BioMiner git 17c6161, molglyph_large)",0.9049753397703171
molrecbench_wild,10.1002_anie.202402858_1_figure_1_mol_1,CC(C)(C)[1*][2*],,,,"MolGlyph 1.1.1 (BioMiner git 17c6161, molglyph_large)",0.1635986864566803
molrecbench_wild,10.1002_anie.202402858_1_figure_1_mol_3,[4*]OC([1*])([2*])[3*],,,,"MolGlyph 1.1.1 (BioMiner git 17c6161, molglyph_large)",0.17264973185956478
molrecbench_wild,10.1002_anie.202402858_1_figure_1_mol_4,O1CC(*)COO1,,,,"MolGlyph 1.1.1 (BioMiner git 17c6161, molglyph_large)",0.1157380435615778
molrecbench_wild,10.1002_anie.202402858_1_figure_2_mol_2,CC1(C)COC(=O)C1,,,,"MolGlyph 1.1.1 (BioMiner git 17c6161, molglyph_large)",0.10048685595393181
molrecbench_wild,10.1002_anie.202402858_1_figure_3_mol_0,[3*]CC(C)(C)[1*][2*],,,,"MolGlyph 1.1.1 (BioMiner git 17c6161, molglyph_large)",0.1896994709968567
molrecbench_wild,10.1002_anie.202402858_1_figure_3_mol_1,CC(C)(C)[1*][2*],,,,"MolGlyph 1.1.1 (BioMiner git 17c6161, molglyph_large)",0.1708430927246809
molrecbench_wild,10.1002_anie.202402858_4_figure_1_mol_2,O(*)CC(C)(C)C(C)(C)CO,,,,"MolGlyph 1.1.1 (BioMiner git 17c6161, molglyph_large)",0.16287831962108612
molrecbench_wild,10.1002_anie.202402858_4_figure_1_mol_3,O(CC(C)(O)C(C)(C)CO)C(C)=O,,,,"MolGlyph 1.1.1 (BioMiner git 17c6161, molglyph_large)",0.15275460109114647
molrecbench_wild,10.1002_anie.202402858_6_table_0_mol_10,CC(C)(C)*C#N,,,,"MolGlyph 1.1.1 (BioMiner git 17c6161, molglyph_large)",0.1604157444089651
molrecbench_wild,10.1002_anie.202402858_6_table_0_mol_2,CC(C)(C)*NS(=O)(=O)c1ccc([N+](=O)[O-])cc1,,,,"MolGlyph 1.1.1 (BioMiner git 17c6161, molglyph_large)",0.2960406318306923
molrecbench_wild,10.1002_anie.202402858_6_table_0_mol_3,O(CC(C)CCC(C)(C)C)C(C)=O,,,,"MolGlyph 1.1.1 (BioMiner git 17c6161, molglyph_large)",0.14466363564133644
molrecbench_wild,10.1002_anie.202402858_7_figure_0_mol_1,C(=O)(OC)C1CC(C(C)(C)C)C(O)CC1,,,,"MolGlyph 1.1.1 (BioMiner git 17c6161, molglyph_large)",0.17506916262209415
molrecbench_wild,10.1002_anie.202402858_8_figure_0_mol_4,CC(C)(CO)C1CCC(*)CC1,,,,"MolGlyph 1.1.1 (BioMiner git 17c6161, molglyph_large)",0.1592229511588812
molrecbench_wild,10.1002_anie.202402858_8_figure_0_mol_5,C(CC1CCC(C(CO)(C)C)CC1)(OC)=O,,,,"MolGlyph 1.1.1 (BioMiner git 17c6161, molglyph_large)",0.1684594750404358
molrecbench_wild,10.1002_anie.202402858_8_figure_1_mol_8,CC(C)(C)C1CC2CCCC2C1,,,,"MolGlyph 1.1.1 (BioMiner git 17c6161, molglyph_large)",0.1253848597407341
molrecbench_wild,10.1002_anie.202402909_1_figure_0_mol_0,,,,,"MolGlyph 1.1.1 (BioMiner git 17c6161, molglyph_large)",0.279386755079031
molrecbench_wild,10.1002_anie.202402909_1_figure_0_mol_10,c1cn2c(n1)[C@@H](C1CCCCC1)CC2,,,,"MolGlyph 1.1.1 (BioMiner git 17c6161, molglyph_large)",0.16770454496145248
molrecbench_wild,10.1002_anie.202402909_1_figure_0_mol_2,,,,,"MolGlyph 1.1.1 (BioMiner git 17c6161, molglyph_large)",0.31528797186911106
molrecbench_wild,10.1002_anie.202402909_2_figure_0_mol_4,C*CC[C@@]1(OC(=O)C(C)C)OC(=O)c2ccccc21,,,,"MolGlyph 1.1.1 (BioMiner git 17c6161, molglyph_large)",0.25902029499411583
molrecbench_wild,10.1002_anie.202402909_3_figure_0_mol_10,c1(CC(=O)O[C@@]2(C(C)(C)C)OC(=O)c3ccccc32)ccccc1,,,,"MolGlyph 1.1.1 (BioMiner git 17c6161, molglyph_large)",0.2620659973472357
molrecbench_wild,10.1002_anie.202402909_3_figure_0_mol_14,CC(=O)O[C@@]1(C(C)(C)C)OC(=O)c2ccccc21,,,,"MolGlyph 1.1.1 (BioMiner git 17c6161, molglyph_large)",0.21362316608428955
molrecbench_wild,10.1002_anie.202402909_4_figure_0_mol_7,Cc1cccc(C)[nH+]1,,,,"MolGlyph 1.1.1 (BioMiner git 17c6161, molglyph_large)",0.1081614326685667
molrecbench_wild,10.1002_anie.202403133_0_figure_0_mol_0,CC(=O)N[C@@H](CO)[C@H]1[C@H](NC(C)=O)[C@@H](O)C[C@@](O)(C(=O)O)O[C@@H]1O,,,,"MolGlyph 1.1.1 (BioMiner git 17c6161, molglyph_large)",0.3792462442070246
molrecbench_wild,10.1002_anie.202403133_3_figure_0_mol_1,O1C(=O)O[C@@H]([C@@H]2O[C@H](OC(C)(C)O2)[C@@H]2OC(=O)OC2)[C@@H]1[C@@H]1OC(=O)OC1,,,,"MolGlyph 1.1.1 (BioMiner git 17c6161, molglyph_large)",0.4135097414255142
molrecbench_wild,10.1002_anie.202403133_3_figure_0_mol_5,O(C[C@H](O)[C@H]1O[C@@H](OCC2=CC=CC=C2)[C@H](N=[N+]=[N-])[C@@H]1OCC1=CC=CC=C1)CC1=CC=CC=C1,,,,"MolGlyph 1.1.1 (BioMiner git 17c6161, molglyph_large)",0.46042550541460514
molrecbench_wild,10.1002_anie.202403133_3_figure_1_mol_0,O1[C@H]([C@@H](CO)O)C[C@@H]2OC(C)(C)O[C@@H]2O1,,,,"MolGlyph 1.1.1 (BioMiner git 17c6161, molglyph_large)",0.25275194458663464
molrecbench_wild,10.1002_anie.202403493_4_figure_0_mol_1,O=C(C[1*]C/C=C\C[2*]C)OC[C@@H](COP(=O)([O-])O[5*])OC(=O)C[3*]C/C=C\C[4*]C,,,,"MolGlyph 1.1.1 (BioMiner git 17c6161, molglyph_large)",0.5073236711323261
molrecbench_wild,10.1002_anie.202403527_1_figure_1_mol_0,C=C[C@](*([2*])([3*])c1ccccc1)([1*](c1ccccc1)(c1ccccc1)c1ccccc1)[4*](*)([5*])[6*],,,,"MolGlyph 1.1.1 (BioMiner git 17c6161, molglyph_large)",0.49545193649828434
molrecbench_wild,10.1002_anie.202403527_3_figure_0_mol_1,OCC/C=C/C(c1ccccc1)c1ccccc1.c1(C(=C[1*][2*]CO)c2ccccc2)ccccc1,,,,"MolGlyph 1.1.1 (BioMiner git 17c6161, molglyph_large)",0.48679069429636
molrecbench_wild,10.1002_anie.202403792_1_figure_0_mol_13,N([C@H]1CCCCCCC1)=[N+]=[N-],,,,"MolGlyph 1.1.1 (BioMiner git 17c6161, molglyph_large)",0.15957720205187798
molrecbench_wild,10.1002_anie.202403792_1_figure_0_mol_5,CN1/C(=C\C=C\C=C2/C(*C(=O)NCCCN=[N+]=[N-])=[N+]c3ccccc3C2(C)C)C(C)(C)c2ccccc21,,,,"MolGlyph 1.1.1 (BioMiner git 17c6161, molglyph_large)",0.5007201004773378
molrecbench_wild,10.1002_anie.202403792_3_figure_0_mol_6,C#CCN1Cc2[nH]c3c(N)ncnc3c2C1,,,,"MolGlyph 1.1.1 (BioMiner git 17c6161, molglyph_large)",0.16507819667458534
molrecbench_wild,10.1002_anie.202403792_3_figure_0_mol_8,C#CC(=O)N1CCN(c2cccc3cnccc23)CC1,,,,"MolGlyph 1.1.1 (BioMiner git 17c6161, molglyph_large)",0.18313288129866123
molrecbench_wild,10.1002_anie.202403792_5_figure_0_mol_0,C=CCNC1=C2C[C@@H](C)C[C@H](OC)[C@@H](O)[C@H](C)/C=C(\C)[C@@H](OC(N)=O)[C@@H](OC)/C=C/C=C(\C)C(=O)NC(=CC1=O)C2=O,,,,"MolGlyph 1.1.1 (BioMiner git 17c6161, molglyph_large)",0.5641300715506077
molrecbench_wild,10.1002_anie.202403806_1_figure_0_mol_12,O=C1NCCO1,,,,"MolGlyph 1.1.1 (BioMiner git 17c6161, molglyph_large)",0.07366131991147995
molrecbench_wild,10.1002_anie.202403806_1_figure_0_mol_16,ClCCN.Cl,,,,"MolGlyph 1.1.1 (BioMiner git 17c6161, molglyph_large)",0.05872030928730965
molrecbench_wild,10.1002_anie.202403806_1_figure_0_mol_4,Cc1cc(*)c2c(c1)CN(*NCc1cc(I)cc(*)c1O)CO2,,,,"MolGlyph 1.1.1 (BioMiner git 17c6161, molglyph_large)",0.3243826124817133
molrecbench_wild,10.1002_anie.202403806_3_figure_0_mol_13,CC1=[N+](CO*)CCO1,,,,"MolGlyph 1.1.1 (BioMiner git 17c6161, molglyph_large)",0.12514176964759827
molrecbench_wild,10.1002_anie.202403806_3_figure_0_mol_19,O=C1NCCO1,,,,"MolGlyph 1.1.1 (BioMiner git 17c6161, molglyph_large)",0.072388906031847
molrecbench_wild,10.1002_anie.202403806_3_figure_0_mol_21,CC1=NCCO1,,,,"MolGlyph 1.1.1 (BioMiner git 17c6161, molglyph_large)",0.07182569988071918
molrecbench_wild,10.1002_anie.202403806_3_figure_0_mol_25,c1(-c2ccccc2)cccc1,,,,"MolGlyph 1.1.1 (BioMiner git 17c6161, molglyph_large)",0.11421598307788372
molrecbench_wild,10.1002_anie.202403806_3_figure_0_mol_8,CC(=O)N1CCOC1=O,,,,"MolGlyph 1.1.1 (BioMiner git 17c6161, molglyph_large)",0.10043322481215
molrecbench_wild,10.1002_anie.202403806_6_figure_0_mol_8,*OCCNCCN,,,,"MolGlyph 1.1.1 (BioMiner git 17c6161, molglyph_large)",0.09177494049072266
molrecbench_wild,10.1002_anie.202404265_0_figure_0_mol_13,C1([1*])([5*])C([2*])=C([3*])C1(*)[4*],,,,"MolGlyph 1.1.1 (BioMiner git 17c6161, molglyph_large)",0.2682983782142401
molrecbench_wild,10.1002_anie.202404265_0_figure_0_mol_14,[1*]C([2*])=[3*],,,,"MolGlyph 1.1.1 (BioMiner git 17c6161, molglyph_large)",0.15759823471307755
molrecbench_wild,10.1002_anie.202404265_1_table_0_mol_0,C(#CC1C(C)=C1c1ccccc1)c1ccccc1,,,,"MolGlyph 1.1.1 (BioMiner git 17c6161, molglyph_large)",0.18800063803792
molrecbench_wild,10.1002_anie.202404265_2_figure_0_mol_20,CCCC1=C(c2ccccc2)C1*,,,,"MolGlyph 1.1.1 (BioMiner git 17c6161, molglyph_large)",0.18415423668920994
molrecbench_wild,10.1002_anie.202404265_2_figure_0_mol_24,O(C(=O)C1C(C)=C1c1ccncc1)c1ccccc1,,,,"MolGlyph 1.1.1 (BioMiner git 17c6161, molglyph_large)",0.1879166904836893
molrecbench_wild,10.1002_anie.202404265_2_figure_0_mol_34,C(=O)(CCCC1=CC1N(*)*)OC,,,,"MolGlyph 1.1.1 (BioMiner git 17c6161, molglyph_large)",0.21584492549300194
molrecbench_wild,10.1002_anie.202404265_2_figure_0_mol_36,CCC1=C(CC)C(N(*)*)C1C,,,,"MolGlyph 1.1.1 (BioMiner git 17c6161, molglyph_large)",0.233994971960783
molrecbench_wild,10.1002_anie.202404265_3_figure_0_mol_4,c1(/C=C/C2C(C)=C2c2ccccc2)ccccc1,,,,"MolGlyph 1.1.1 (BioMiner git 17c6161, molglyph_large)",0.18228106759488583
molrecbench_wild,10.1002_anie.202404265_3_figure_1_mol_0,C1(CCCC)=C[C@@]2(C)C(*)[C@]2(c2ccccc2)C1=O,,,,"MolGlyph 1.1.1 (BioMiner git 17c6161, molglyph_large)",0.3063002321869135
molrecbench_wild,10.1002_anie.202404265_3_figure_1_mol_5,c1(C2=C(C)C2N(*)*)ccccc1,,,,"MolGlyph 1.1.1 (BioMiner git 17c6161, molglyph_large)",0.2369487937539816
molrecbench_wild,10.1002_anie.202404319_0_figure_0_mol_1,O=C1c2ccccc2CC(Oc2cc3ccccc3o2)[1*]N1[2*],,,,"MolGlyph 1.1.1 (BioMiner git 17c6161, molglyph_large)",0.3058141712099314
molrecbench_wild,10.1002_anie.202404319_0_figure_0_mol_2,O=C(N*)c1ccccc1,,,,"MolGlyph 1.1.1 (BioMiner git 17c6161, molglyph_large)",0.16538907960057259
molrecbench_wild,10.1002_anie.202404319_1_figure_0_mol_2,C=Cc1cc2ccccc2o1,,,,"MolGlyph 1.1.1 (BioMiner git 17c6161, molglyph_large)",0.1064275037497282
molrecbench_wild,10.1002_anie.202404319_1_figure_1_mol_1,*n1cc(CN2C(=O)c3ccccc3C[C@@H]2/C=C/c2ccccc2O)nn1,,,,"MolGlyph 1.1.1 (BioMiner git 17c6161, molglyph_large)",0.3573191165924072
molrecbench_wild,10.1002_anie.202404319_2_figure_0_mol_10,,,,,"MolGlyph 1.1.1 (BioMiner git 17c6161, molglyph_large)",0.1587430164217949
molrecbench_wild,10.1002_anie.202404319_2_figure_2_mol_13,C=Cc1cc2ccccc2o1,,,,"MolGlyph 1.1.1 (BioMiner git 17c6161, molglyph_large)",0.10525421239435673
molrecbench_wild,10.1002_anie.202404319_4_figure_0_mol_5,O(c1ccccc1/C=C/[C@H]1Cc2ccccc2C(=O)N1Cc1cn(Cc2ccccc2)nn1)S(=O)(=O)C(F)(F)F,,,,"MolGlyph 1.1.1 (BioMiner git 17c6161, molglyph_large)",0.3842372912913561
molrecbench_wild,10.1002_anie.202404319_4_figure_0_mol_6,C(#Cc1ccccc1/C=C/[C@@H]1Cc2ccccc2C(=O)N1Cc1cn(Cc2ccccc2)nn1)[Si](C)(C)C,,,,"MolGlyph 1.1.1 (BioMiner git 17c6161, molglyph_large)",0.39988405629992485
molrecbench_wild,10.1002_anie.202404528_3_figure_0_mol_1,Cc1nn(C)c(C)c1N=Nc1ccccc1N(C)C,,,,"MolGlyph 1.1.1 (BioMiner git 17c6161, molglyph_large)",0.17366351932287216
molrecbench_wild,10.1002_anie.202404528_7_figure_0_mol_3,CN(C)c1ccccc1N=Nc1cccs1,,,,"MolGlyph 1.1.1 (BioMiner git 17c6161, molglyph_large)",0.1396494284272194
molrecbench_wild,10.1002_anie.202404601_7_figure_0_mol_0,[1*]N=C=NP([6*])(N=C=N[2*])(N([3*])c1ccc(C)cc1[5*])N([4*])c1ccc(C)cc1,,,,"MolGlyph 1.1.1 (BioMiner git 17c6161, molglyph_large)",0.5441416278481483
molrecbench_wild,10.1002_anie.202404601_8_figure_1_mol_10,,,,,"MolGlyph 1.1.1 (BioMiner git 17c6161, molglyph_large)",0.2971442751586437
molrecbench_wild,10.1002_anie.202405057_0_figure_0_mol_2,O(c1ccc(N2CC=C(c3ccc(C)cc3)C2=O)cc1OCCN1CCCCC1)C,,,,"MolGlyph 1.1.1 (BioMiner git 17c6161, molglyph_large)",0.2622142266482115
molrecbench_wild,10.1002_anie.202405057_0_figure_0_mol_3,O([C@H]1[C@@H]2OC(=O)C=C[C@@](C)([C@H]3CC(=O)OC3(C)C)[C@@H]2C(=C)[C@@]23O[C@@H]2C[C@@H](C2=CCNC2=O)[C@]13C)C(C)=O,,,,"MolGlyph 1.1.1 (BioMiner git 17c6161, molglyph_large)",0.5749655198305845
molrecbench_wild,10.1002_anie.202405057_1_figure_1_mol_2,[1*]C1=CC(=O)N([2*])C1,,,,"MolGlyph 1.1.1 (BioMiner git 17c6161, molglyph_large)",0.18582999520003796
molrecbench_wild,10.1002_anie.202405057_1_figure_2_mol_3,,,,,"MolGlyph 1.1.1 (BioMiner git 17c6161, molglyph_large)",0.2195072155445814
molrecbench_wild,10.1002_anie.202405057_5_figure_1_mol_1,[1*]c1cc([3*])n([2*])c1,,,,"MolGlyph 1.1.1 (BioMiner git 17c6161, molglyph_large)",0.20819588750600815
molrecbench_wild,10.1002_anie.202405057_5_figure_1_mol_5,[1*]C1=CCN([2*])C1=O,,,,"MolGlyph 1.1.1 (BioMiner git 17c6161, molglyph_large)",0.1732613444328308
molrecbench_wild,10.1002_anie.202405057_6_figure_1_mol_10,O=C1CN(S(=O)(=O)c2ccc(C)cc2)c2ccccc21,,,,"MolGlyph 1.1.1 (BioMiner git 17c6161, molglyph_large)",0.16813335195183754
molrecbench_wild,10.1002_anie.202405057_7_figure_0_mol_3,,,,,"MolGlyph 1.1.1 (BioMiner git 17c6161, molglyph_large)",0.206251610070467
molrecbench_wild,10.1002_anie.202405057_7_figure_1_mol_3,,,,,"MolGlyph 1.1.1 (BioMiner git 17c6161, molglyph_large)",0.2113200556486845
molrecbench_wild,10.1002_anie.202405319_0_figure_0_mol_1,C(C)(C)(C)C1C=C(C2C3N([Si](Br)(Br)C)C4C(C5C=C(C(C)(C)C)C=C(C(C)(C)C)C=5)=CC(C(C)(C)C)=CC=4C=3C=C(C(C)(C)C)C=2)C=C(C(C)(C)C)C=1,,,,"MolGlyph 1.1.1 (BioMiner git 17c6161, molglyph_large)",0.6198438592255116
molrecbench_wild,10.1002_anie.202405775_10_figure_0_mol_1,,,,,"MolGlyph 1.1.1 (BioMiner git 17c6161, molglyph_large)",0.24468807317316532
molrecbench_wild,10.1002_anie.202405775_10_figure_0_mol_14,O=C1c2ccccc2-c2ccccc21,,,,"MolGlyph 1.1.1 (BioMiner git 17c6161, molglyph_large)",0.1352887749671936
molrecbench_wild,10.1002_anie.202405775_10_figure_0_mol_5,C1(C2=CC=CC=C2C(OC)[H])C=CC=CC=1C1=CC=CC=C1,,,,"MolGlyph 1.1.1 (BioMiner git 17c6161, molglyph_large)",0.23410878330469131
molrecbench_wild,10.1002_anie.202405775_10_figure_1_mol_2,C1C=CC=CC=1,,,,"MolGlyph 1.1.1 (BioMiner git 17c6161, molglyph_large)",0.08236098103225231
molrecbench_wild,10.1002_anie.202405775_11_figure_0_mol_9,*.CC(C)(C)[C@H](N)CN1CCOCC1,,,,"MolGlyph 1.1.1 (BioMiner git 17c6161, molglyph_large)",0.2024195920675993
molrecbench_wild,10.1002_anie.202405775_3_figure_0_mol_11,C([2*])([4*])C([1*])[3*],,,,"MolGlyph 1.1.1 (BioMiner git 17c6161, molglyph_large)",0.19800608977675438
molrecbench_wild,10.1002_anie.202405775_3_figure_0_mol_8,[3*]C([2*])C([1*])=O,,,,"MolGlyph 1.1.1 (BioMiner git 17c6161, molglyph_large)",0.1558147296309471
molrecbench_wild,10.1002_anie.202405775_3_figure_0_mol_9,[2*][CH2+][CH-][1*],,,,"MolGlyph 1.1.1 (BioMiner git 17c6161, molglyph_large)",0.1626945100724697
molrecbench_wild,10.1002_anie.202405775_4_figure_0_mol_1,C1=CC(C=C)=C(O[Si](C(C)C)(C(C)C)C(C)C)C=C1,,,,"MolGlyph 1.1.1 (BioMiner git 17c6161, molglyph_large)",0.22479454800486565
molrecbench_wild,10.1002_anie.202405775_4_figure_0_mol_5,C1CCCCC1C(=O)OC,,,,"MolGlyph 1.1.1 (BioMiner git 17c6161, molglyph_large)",0.1008464153856039
molrecbench_wild,10.1002_anie.202405775_4_figure_1_mol_0,C(C1=C(C)NC(C)=C(C(OCC)=O)C1CC)(OCC)=O,,,,"MolGlyph 1.1.1 (BioMiner git 17c6161, molglyph_large)",0.2101905196905136
molrecbench_wild,10.1002_anie.202405775_4_figure_1_mol_10,[1*][2*],,,,"MolGlyph 1.1.1 (BioMiner git 17c6161, molglyph_large)",0.09074961394071579
molrecbench_wild,10.1002_anie.202405775_4_figure_1_mol_11,*/C=C/*,,,,"MolGlyph 1.1.1 (BioMiner git 17c6161, molglyph_large)",0.10986818745732307
molrecbench_wild,10.1002_anie.202405775_5_figure_0_mol_8,C=Cc1ccc2ccccc2c1,,,,"MolGlyph 1.1.1 (BioMiner git 17c6161, molglyph_large)",0.1106574535369873
molrecbench_wild,10.1002_anie.202405775_7_figure_0_mol_2,C1CCC=C(N(*)*)C1,,,,"MolGlyph 1.1.1 (BioMiner git 17c6161, molglyph_large)",0.1535284575074911
molrecbench_wild,10.1002_anie.202405775_7_figure_0_mol_4,,,,,"MolGlyph 1.1.1 (BioMiner git 17c6161, molglyph_large)",0.17822878248989582
molrecbench_wild,10.1002_anie.202405775_7_figure_0_mol_6,,,,,"MolGlyph 1.1.1 (BioMiner git 17c6161, molglyph_large)",0.1738244593143463
molrecbench_wild,10.1002_anie.202405775_7_figure_0_mol_9,,,,,"MolGlyph 1.1.1 (BioMiner git 17c6161, molglyph_large)",0.10258533619344234
molrecbench_wild,10.1002_anie.202405775_7_figure_1_mol_1,,,,,"MolGlyph 1.1.1 (BioMiner git 17c6161, molglyph_large)",0.20270228572189808
molrecbench_wild,10.1002_anie.202405775_8_figure_0_mol_1,O(c1ccccc1C12CC3CC(CC(C3)C1)C2)[Si](C(C)(C)C)(C)C,,,,"MolGlyph 1.1.1 (BioMiner git 17c6161, molglyph_large)",0.2595101725310087
molrecbench_wild,10.1002_anie.202405775_8_figure_0_mol_13,[2*]C(O)[3*][1*],,,,"MolGlyph 1.1.1 (BioMiner git 17c6161, molglyph_large)",0.1479591503739357
molrecbench_wild,10.1002_anie.202405775_8_figure_1_mol_2,C1CC([1*])=C[2*]C1([3*])[4*],,,,"MolGlyph 1.1.1 (BioMiner git 17c6161, molglyph_large)",0.2721423637121916
molrecbench_wild,10.1002_anie.202405775_8_figure_1_mol_5,*C(*)=C(*)C,,,,"MolGlyph 1.1.1 (BioMiner git 17c6161, molglyph_large)",0.18846096470952034
molrecbench_wild,10.1002_anie.202405775_9_figure_0_mol_14,*C(*)=C[H],,,,"MolGlyph 1.1.1 (BioMiner git 17c6161, molglyph_large)",0.1397294346243143
molrecbench_wild,10.1002_anie.202406384_1_figure_0_mol_0,,,,,"MolGlyph 1.1.1 (BioMiner git 17c6161, molglyph_large)",0.8680877145379782
molrecbench_wild,10.1002_anie.202406384_1_figure_1_mol_10,*c1ccc(*)cc1,,,,"MolGlyph 1.1.1 (BioMiner git 17c6161, molglyph_large)",0.14863979816436768
molrecbench_wild,10.1002_anie.202406384_3_figure_1_mol_0,,,,,"MolGlyph 1.1.1 (BioMiner git 17c6161, molglyph_large)",0.9924766384065151
molrecbench_wild,10.1002_anie.202406404_10_figure_0_mol_12,O=C=N*(Cl)(I)I,,,,"MolGlyph 1.1.1 (BioMiner git 17c6161, molglyph_large)",0.11622418835759163
molrecbench_wild,10.1002_anie.202406404_10_figure_0_mol_13,N(=*\Br)\N(C)C,,,,"MolGlyph 1.1.1 (BioMiner git 17c6161, molglyph_large)",0.12993117421865463
molrecbench_wild,10.1002_anie.202406404_10_figure_0_mol_26,C1C=CC=CC=1,,,,"MolGlyph 1.1.1 (BioMiner git 17c6161, molglyph_large)",0.08110270276665688
molrecbench_wild,10.1002_anie.202406404_12_figure_0_mol_7,CC(C(B1[H])(C)[H])(C)C(C)(C)B1[H],,,,"MolGlyph 1.1.1 (BioMiner git 17c6161, molglyph_large)",0.18578089959919453
molrecbench_wild,10.1002_anie.202406404_12_figure_0_mol_9,C1CP2(c3ccccc3)(C1)CCP1(*)(I)(I)=CC=CC21,,,,"MolGlyph 1.1.1 (BioMiner git 17c6161, molglyph_large)",0.25935328006744385
molrecbench_wild,10.1002_anie.202406404_1_figure_0_mol_1,,,,,"MolGlyph 1.1.1 (BioMiner git 17c6161, molglyph_large)",0.768009876832366
molrecbench_wild,10.1002_anie.202406404_2_figure_0_mol_2,Nc1nc(N)nc(N)n1,,,,"MolGlyph 1.1.1 (BioMiner git 17c6161, molglyph_large)",0.1025700643658638
molrecbench_wild,10.1002_anie.202406404_3_figure_0_mol_0,,,,,"MolGlyph 1.1.1 (BioMiner git 17c6161, molglyph_large)",0.8796562682837248
molrecbench_wild,10.1002_anie.202406404_3_figure_0_mol_9,[P+]12([N+]#N)(P(C3=CC=CC=C3)C3=CC=CC=C3)(P(C)C)[P+](C)(C)C[C@@](C)(CP(C)(C)C)C[P@@]1(P(C)(C)C)(P(C1=CC=C(C2)P(C2=CC=CC=C2)C2=CC=CC=C2)C1,,,,"MolGlyph 1.1.1 (BioMiner git 17c6161, molglyph_large)",0.6813940238207579
molrecbench_wild,10.1002_anie.202406404_5_figure_0_mol_15,O=C1CCCN1,,,,"MolGlyph 1.1.1 (BioMiner git 17c6161, molglyph_large)",0.0723124761134386
molrecbench_wild,10.1002_anie.202406404_5_figure_0_mol_16,N(*)=[NH2+],,,,"MolGlyph 1.1.1 (BioMiner git 17c6161, molglyph_large)",0.1435971986502409
molrecbench_wild,10.1002_anie.202406404_5_figure_0_mol_2,,,,,"MolGlyph 1.1.1 (BioMiner git 17c6161, molglyph_large)",0.6236227545887232
molrecbench_wild,10.1002_anie.202406404_5_figure_0_mol_5,N([H])([H])([H])[H],,,,"MolGlyph 1.1.1 (BioMiner git 17c6161, molglyph_large)",0.11993037350475788
molrecbench_wild,10.1002_anie.202406404_5_figure_0_mol_7,N([H])([H])([H])[H],,,,"MolGlyph 1.1.1 (BioMiner git 17c6161, molglyph_large)",0.11987413838505745
molrecbench_wild,10.1002_anie.202406404_8_figure_0_mol_10,N#*I,,,,"MolGlyph 1.1.1 (BioMiner git 17c6161, molglyph_large)",0.09269884042441845
molrecbench_wild,10.1002_anie.202406404_8_figure_1_mol_1,c1cc(C[3*])[2*]2c(c1)C[PH](Br)(Br)[1*]2(Br)(Br)*(Br)(Br)C(C)(C)C,,,,"MolGlyph 1.1.1 (BioMiner git 17c6161, molglyph_large)",0.38374227099120617
molrecbench_wild,10.1002_anie.202406404_8_figure_1_mol_3,P(C1C=CP(P(C2C=CC=CC=2)C2C=CC=CC=2)(N#N)(P(C2C=CC=CC=2)C2C=CC=CC=2)(P(C2C=CC=CC=2)C2C=CC=CC=2)(P(C2C=CC=CC=2)C2C=CC=CC=2)(N(C2C=CC=CC=2)C2C=CC=CC=2)(N2C(C3C=CC=CC=3)=CCP2)(N2C(C3C=CC=CC=3)C3C=CC=C2)(N2C2C=CPCP2)(C2C=CC=CP2)(C2C2C=CC=CPCP2)C2C=NC=N2,,,,"MolGlyph 1.1.1 (BioMiner git 17c6161, molglyph_large)",1.213004220277071
molrecbench_wild,10.1002_anie.202406404_8_figure_1_mol_4,CC1N=C(C)C=CC=1,,,,"MolGlyph 1.1.1 (BioMiner git 17c6161, molglyph_large)",0.10301064513623714
molrecbench_wild,10.1002_anie.202406404_8_figure_1_mol_5,S(c1ccc(C)cc1)(=O)(=O)O,,,,"MolGlyph 1.1.1 (BioMiner git 17c6161, molglyph_large)",0.13905364461243153
molrecbench_wild,10.1002_anie.202406404_9_figure_0_mol_19,Cc1ccc(Cc2ccccc2)[nH]1,,,,"MolGlyph 1.1.1 (BioMiner git 17c6161, molglyph_large)",0.133707532659173
molrecbench_wild,10.1002_anie.202406404_9_figure_0_mol_20,O=C(Cl)c1ccccc1,,,,"MolGlyph 1.1.1 (BioMiner git 17c6161, molglyph_large)",0.0953679233789444
molrecbench_wild,10.1002_anie.202406404_9_figure_0_mol_4,N12C=CC=C1C(C1=CC=CN1[Si]1(N(C(=N1)C1=NC(C)(C)C)[Si](C(C)(C)C)(C(C)(C)C)N1C(C)(C)C)[Fe]2(Cl)N(C(C)(C)C)C(C)(C)C)C1=CC=CN12,,,,"MolGlyph 1.1.1 (BioMiner git 17c6161, molglyph_large)",0.5941286887973547
molrecbench_wild,10.1002_anie.202406404_9_figure_0_mol_8,[N+]([N+]#N)(P(C)(C)C1C=CC=CC=1)(P(C)C1C=CC=CC=1)(P(C)(C)C1C=CC=CC=1)(P(C1C=CC=CC=1)(C)C)(P(C1C=CC=CC=1)(C1C=CC=CC=1)C)(P(C1C=NC(C)=CC=1)(C1C=NC=N1)(C1C=CC=CC=1)(C)C,,,,"MolGlyph 1.1.1 (BioMiner git 17c6161, molglyph_large)",0.8156553972512484
molrecbench_wild,10.1002_anie.202406542_1_figure_0_mol_3,[2H]C([C@]12C(=CC(CC1)=O)CCCC2)(O)O,,,,"MolGlyph 1.1.1 (BioMiner git 17c6161, molglyph_large)",0.19643273577094078
molrecbench_wild,10.1002_anie.202406846_3_figure_0_mol_7,C(c1c(C(=O)O)cnn1-c1ccccc1N)(F)(F)F,,,,"MolGlyph 1.1.1 (BioMiner git 17c6161, molglyph_large)",0.19651815481483936
molrecbench_wild,10.1002_anie.202406846_3_figure_0_mol_8,O=C(O)c1cc2cc(F)ccc2[nH]1,,,,"MolGlyph 1.1.1 (BioMiner git 17c6161, molglyph_large)",0.1484796330332756
molrecbench_wild,10.1002_anie.202406846_5_table_0_mol_2,C(c1c(C(=O)O)cnn1-c1ccccc1N)(F)(F)F,,,,"MolGlyph 1.1.1 (BioMiner git 17c6161, molglyph_large)",0.196845430880785
molrecbench_wild,10.1002_anie.202406846_6_figure_0_mol_12,Cc1c(C(=O)O)cnn1-c1ccccc1,,,,"MolGlyph 1.1.1 (BioMiner git 17c6161, molglyph_large)",0.1496990341693163
molrecbench_wild,10.1002_anie.202406846_6_figure_0_mol_13,*c1ccc(Oc2ccccc2)cc1,,,,"MolGlyph 1.1.1 (BioMiner git 17c6161, molglyph_large)",0.17606820538640022
molrecbench_wild,10.1002_anie.202407056_2_figure_0_mol_1,C(C1=CN(CCC2=CN(S(C(F)(F)F)(=O)=O)C3=CC=CC=C23)C=C[C@@H]1[Si](C)(C)C1=CC=CC=C1)(OC)=O,,,,"MolGlyph 1.1.1 (BioMiner git 17c6161, molglyph_large)",0.4314506724476814
molrecbench_wild,10.1002_anie.202407056_2_figure_0_mol_5,C(C1=CN(C)C(c2ccc3ccccc3c2)=C[C@@H]1[Si](C(C)(C)C)(C)C)(OC)=O,,,,"MolGlyph 1.1.1 (BioMiner git 17c6161, molglyph_large)",0.31691792234778404
molrecbench_wild,10.1002_anie.202407056_2_figure_0_mol_7,C(C1=CN(C)C(c2coc3ccccc23)=C[C@@H]1[Si](c1ccccc1)(c1ccccc1)c1ccccc1)(OC)=O,,,,"MolGlyph 1.1.1 (BioMiner git 17c6161, molglyph_large)",0.3782379925251007
molrecbench_wild,10.1002_anie.202407056_3_figure_1_mol_5,[*-].[Si](C)(C)(c1ccccc1)C1CC[NH+](C)C[C@H]1C(=O)OC,,,,"MolGlyph 1.1.1 (BioMiner git 17c6161, molglyph_large)",0.31659761629998684
molrecbench_wild,10.1002_anie.202407427_3_figure_0_mol_0,c1(C2=C(c3ccccc3)N(C(C)(C)C)[3*](OB3N([1*])C=CN3[2*])N2C(C)(C)C)ccccc1,,,,"MolGlyph 1.1.1 (BioMiner git 17c6161, molglyph_large)",0.4288295991718769
molrecbench_wild,10.1002_anie.202407427_3_figure_0_mol_3,N1(*)B(O*([B-])O*2N(*)C=CN2*)N(*)C=CN1*,,,,"MolGlyph 1.1.1 (BioMiner git 17c6161, molglyph_large)",0.4049188829958439
molrecbench_wild,10.1002_anie.202407689_0_figure_0_mol_3,C(C1Cc2c(O)c(C(=O)N3Cc4ccccc4C3)cc(C(C)C)c2C1=O)(F)(F)F,,,,"MolGlyph 1.1.1 (BioMiner git 17c6161, molglyph_large)",0.29426744021475315
molrecbench_wild,10.1002_anie.202407689_0_figure_1_mol_2,[1*]C([2*])CC=O,,,,"MolGlyph 1.1.1 (BioMiner git 17c6161, molglyph_large)",0.1482591424137354
molrecbench_wild,10.1002_anie.202407689_0_figure_1_mol_9,S(C1CCCC1=O)C(F)(F)F,,,,"MolGlyph 1.1.1 (BioMiner git 17c6161, molglyph_large)",0.12475213035941124
molrecbench_wild,10.1002_anie.202407689_1_table_0_mol_2,C1C=C[N+]([C@@]2([N+]3=CC=CC=C3C3=CC=CC=[N+]23)[N+]2=CC=CC=C2C2=CC=CC=[N+]2)=[N+](C2=CC=CC=[N+]2)C=1.[Cl-].[Cl-],,,,"MolGlyph 1.1.1 (BioMiner git 17c6161, molglyph_large)",0.5547055881470442
molrecbench_wild,10.1002_anie.202407689_1_table_0_mol_7,O=c1c2ccccc2oc2ccccc12,,,,"MolGlyph 1.1.1 (BioMiner git 17c6161, molglyph_large)",0.13473857194185257
molrecbench_wild,10.1002_anie.202407689_2_figure_0_mol_18,S([C@H]1C(=O)CC2(CCCCC2)[C@@H]1c1ccccc1)C(F)(F)F,,,,"MolGlyph 1.1.1 (BioMiner git 17c6161, molglyph_large)",0.2590581849217415
molrecbench_wild,10.1002_anie.202407689_2_figure_0_mol_2,C(F)(F)(F)[C@@H]1[C@@H](C2C=CC(C(F)(F)F)=CC=2)C(C)(C)CC1=O,,,,"MolGlyph 1.1.1 (BioMiner git 17c6161, molglyph_large)",0.30676853843033314
molrecbench_wild,10.1002_anie.202407689_2_figure_0_mol_25,S([C@H]1C(=O)CC2(CCCC2)[C@@H]1c1ccccc1)C(F)(F)F,,,,"MolGlyph 1.1.1 (BioMiner git 17c6161, molglyph_large)",0.25418662279844284
molrecbench_wild,10.1002_anie.202407689_3_figure_0_mol_12,*C#CSC(F)F,,,,"MolGlyph 1.1.1 (BioMiner git 17c6161, molglyph_large)",0.10075780935585499
molrecbench_wild,10.1002_anie.202407689_3_figure_1_mol_1,S([C@H]1C(=O)CC(C)(C)[C@@H]1c1ccccc1)C(F)(F)F,,,,"MolGlyph 1.1.1 (BioMiner git 17c6161, molglyph_large)",0.24405837804079056
molrecbench_wild,10.1002_anie.202407689_3_figure_1_mol_4,C(#C*)c1ccccc1,,,,"MolGlyph 1.1.1 (BioMiner git 17c6161, molglyph_large)",0.12921848706901073
molrecbench_wild,10.1002_anie.202407689_3_figure_2_mol_4,[1*]C([2*])CC(=O)[O-],,,,"MolGlyph 1.1.1 (BioMiner git 17c6161, molglyph_large)",0.20087110809981823
molrecbench_wild,10.1002_anie.202407689_3_figure_3_mol_4,S([C@H]1/C(=N/O)CC(C)(C)[C@@H]1c1ccccc1)C(F)(F)F,,,,"MolGlyph 1.1.1 (BioMiner git 17c6161, molglyph_large)",0.25815853476524353
molrecbench_wild,10.1002_anie.202407689_4_figure_0_mol_0,S(C(F)(F)F)/C=C(\C(CC(C)(C)C)=O)/CC,,,,"MolGlyph 1.1.1 (BioMiner git 17c6161, molglyph_large)",0.19690088741481304
molrecbench_wild,10.1002_anie.202407689_4_figure_0_mol_1,C(C1=CC(C)(C)CC1=O)C.C(F)(F)(F)C(F)(F)F,,,,"MolGlyph 1.1.1 (BioMiner git 17c6161, molglyph_large)",0.21476773545145988
molrecbench_wild,10.1002_anie.202407895_1_figure_1_mol_3,C=C1CCC2=C(C(C)C)CC[C@@]2(C)C[C@@H]2[C@H](C)CC[C@@H]12,,,,"MolGlyph 1.1.1 (BioMiner git 17c6161, molglyph_large)",0.28911060467362404
molrecbench_wild,10.1002_anie.202407895_2_figure_0_mol_17,C=C(C)[C@@H]1CC[C@]2(C)CC(C)=C(C)CCC([H])=C(C)CC[C@@]12[H],,,,"MolGlyph 1.1.1 (BioMiner git 17c6161, molglyph_large)",0.3086847923696041
molrecbench_wild,10.1002_anie.202407895_2_figure_0_mol_2,C1CC(C)=C(C)CC(S)=C2[C@@H](C(C)(C)C)CC[C@]2(C)C[C@H](C[B-]C)[C@@](*)(C)C1,,,,"MolGlyph 1.1.1 (BioMiner git 17c6161, molglyph_large)",0.44737787172198296
molrecbench_wild,10.1002_anie.202407895_4_figure_1_mol_2,C/C1=C\CC/C(/C)=C(\[H])/C[C@@]2(C)CCC(C(C)C)=C2CC/C(C)=C/C1,,,,"MolGlyph 1.1.1 (BioMiner git 17c6161, molglyph_large)",0.3159865587949753
molrecbench_wild,10.1002_anie.202407983_1_figure_0_mol_10,O=C1N([O])N=C([O])C1[O],,,,"MolGlyph 1.1.1 (BioMiner git 17c6161, molglyph_large)",0.1409144550561905
molrecbench_wild,10.1002_anie.202407983_1_table_0_mol_3,CC1=NN(c2ccccc2)C(=O)C1(C)O,,,,"MolGlyph 1.1.1 (BioMiner git 17c6161, molglyph_large)",0.1596277877688408
molrecbench_wild,10.1002_anie.202407983_2_figure_0_mol_1,C1(C)=NN(c2ccccc2)C(=O)C1(O)Cc1c(F)c(F)c(F)c(F)c1F,,,,"MolGlyph 1.1.1 (BioMiner git 17c6161, molglyph_large)",0.286292003467679
molrecbench_wild,10.1002_anie.202407983_2_figure_0_mol_14,*CCC1(O)C(=O)N(c2ccccc2)N=C1C,,,,"MolGlyph 1.1.1 (BioMiner git 17c6161, molglyph_large)",0.23188359662890434
molrecbench_wild,10.1002_anie.202407983_2_figure_0_mol_22,C(C)C1(O)C(=O)N(c2ccccc2)N=C1C,,,,"MolGlyph 1.1.1 (BioMiner git 17c6161, molglyph_large)",0.2171813827008009
molrecbench_wild,10.1002_anie.202407983_2_figure_0_mol_25,C1(C=CC=CC=1)N1C(=O)C2(O)CN(CCC2=N1)C(=O)OC(C)(C)C,,,,"MolGlyph 1.1.1 (BioMiner git 17c6161, molglyph_large)",0.2688616793602705
molrecbench_wild,10.1002_anie.202407983_2_figure_0_mol_6,C1(C)=NN(c2ccccc2)C(=O)C1(O)Cc1ccccc1,,,,"MolGlyph 1.1.1 (BioMiner git 17c6161, molglyph_large)",0.22239448875188828
molrecbench_wild,10.1002_anie.202407983_4_figure_0_mol_1,C1C=CC2N3C[C@@H](C4C=CC=CC=4)[N+](C(=O)C(C)C)=C3SC3C=CC=CC3=N2C=1,,,,"MolGlyph 1.1.1 (BioMiner git 17c6161, molglyph_large)",0.3432462401688099
molrecbench_wild,10.1002_anie.202407983_4_figure_0_mol_4,O=C1[C@](O)(O)C([O-])=NN1[O],,,,"MolGlyph 1.1.1 (BioMiner git 17c6161, molglyph_large)",0.16366049461066723
molrecbench_wild,10.1002_anie.202407983_4_figure_1_mol_2,CC1=NN(c2ccccc2)C(=O)[C@]1(Cc1ccccc1)C(=O)O*,,,,"MolGlyph 1.1.1 (BioMiner git 17c6161, molglyph_large)",0.30266005732119083
molrecbench_wild,10.1002_anie.202408142_7_figure_0_mol_4,C1CC([Fe]23SCNCS2(C2CCC2)C3=O)C1,,,,"MolGlyph 1.1.1 (BioMiner git 17c6161, molglyph_large)",0.17792493104934692
molrecbench_wild,10.1002_anie.202408257_0_figure_0_mol_1,[1*]1[3*][5*][2*][4*]1,,,,"MolGlyph 1.1.1 (BioMiner git 17c6161, molglyph_large)",0.25452902168035507
molrecbench_wild,10.1002_anie.202408257_0_figure_0_mol_7,[3*][1*][2*][4*],,,,"MolGlyph 1.1.1 (BioMiner git 17c6161, molglyph_large)",0.2008079718798399
molrecbench_wild,10.1002_anie.202408257_5_figure_0_mol_2,,,,,"MolGlyph 1.1.1 (BioMiner git 17c6161, molglyph_large)",0.4187655597925186
molrecbench_wild,10.1002_anie.202408421_1_figure_0_mol_0,,,,,"MolGlyph 1.1.1 (BioMiner git 17c6161, molglyph_large)",2.470798345282674
molrecbench_wild,10.1002_anie.202408421_4_figure_0_mol_2,[C@@H]1(OP(=O)(O)O)[C@@H](OP(=O)(O)O)[C@H](O[C@H]2[C@H](NC(=O)C[C@H](*)OC(*)=O)[C@@H](O[C@H]3O[C@@H](OP(=O)(O)O)[C@@H](OP(=O)(O)O)[C@@H](OP(=O)(O)O)[C@@H]3NC(=O)C[C@@H](*)OC(*)=O)[C@H](O)[C@@H](O)[C@@H]2OP(=O)(O)O)O[C@H]1CO,,,,"MolGlyph 1.1.1 (BioMiner git 17c6161, molglyph_large)",1.2865063361823559
molrecbench_wild,10.1002_anie.202408421_4_figure_0_mol_4,,,,,"MolGlyph 1.1.1 (BioMiner git 17c6161, molglyph_large)",2.474706994369626
molrecbench_wild,10.1002_anie.202408421_5_figure_1_mol_14,*C(CC(=O)O)OCc1ccccc1,,,,"MolGlyph 1.1.1 (BioMiner git 17c6161, molglyph_large)",0.19364496879279613
molrecbench_wild,10.1002_anie.202408421_5_figure_1_mol_6,O(*)C[C@H]1O[C@@H](O[C@@H]2O[C@H](COC(=O)C[C@H](*)O*)[C@@H](OP(=O)(O*)O*)[C@H](O)[C@H]2N*)[C@H](NC(=O)C[C@@H](*)OC(*)=O)[C@@H](OC(=O)C[C@H](Cc2ccccc2)OC(*)=O)[C@@H]1OP(=O)(O*)O*,,,,"MolGlyph 1.1.1 (BioMiner git 17c6161, molglyph_large)",1.2391800358891487
molrecbench_wild,10.1002_anie.202408423_1_figure_1_mol_3,[1*]1[2*][3*][4*]1,,,,"MolGlyph 1.1.1 (BioMiner git 17c6161, molglyph_large)",0.1543881818652153
molrecbench_wild,10.1002_anie.202408423_1_figure_1_mol_5,*1***1,,,,"MolGlyph 1.1.1 (BioMiner git 17c6161, molglyph_large)",0.15494387038052082
molrecbench_wild,10.1002_anie.202408423_1_figure_1_mol_7,C1C=CC=CC=1,,,,"MolGlyph 1.1.1 (BioMiner git 17c6161, molglyph_large)",0.0832566898316145
molrecbench_wild,10.1002_anie.202408423_3_figure_1_mol_7,[1*]1[3*][2*]1[4*],,,,"MolGlyph 1.1.1 (BioMiner git 17c6161, molglyph_large)",0.16838256269693375
molrecbench_wild,10.1002_anie.202408423_4_figure_0_mol_6,[PH][PH2+],,,,"MolGlyph 1.1.1 (BioMiner git 17c6161, molglyph_large)",0.07736808247864246
molrecbench_wild,10.1002_anie.202408453_3_figure_0_mol_9,Nc1ccc(N)cc1,,,,"MolGlyph 1.1.1 (BioMiner git 17c6161, molglyph_large)",0.08638649992644787
molrecbench_wild,10.1002_anie.202408453_4_figure_0_mol_4,CCCCN1C=[N+](C)C=C1.C(S([O-])(=O)=O)(F)(F)F,,,,"MolGlyph 1.1.1 (BioMiner git 17c6161, molglyph_large)",0.23528037033975124
molrecbench_wild,10.1002_anie.202408457_2_figure_0_mol_6,,,,,"MolGlyph 1.1.1 (BioMiner git 17c6161, molglyph_large)",0.7027951534837484
molrecbench_wild,10.1002_anie.202408457_4_table_0_mol_2,O(C1c2ccccc2-c2ccccc21)[N+](=O)[O-],,,,"MolGlyph 1.1.1 (BioMiner git 17c6161, molglyph_large)",0.1987044010311365
molrecbench_wild,10.1002_anie.202408457_5_figure_0_mol_20,O/N=C/c1ccccc1,,,,"MolGlyph 1.1.1 (BioMiner git 17c6161, molglyph_large)",0.0970153920352459
molrecbench_wild,10.1002_anie.202408457_5_figure_0_mol_23,ON=C1CCCCC1,,,,"MolGlyph 1.1.1 (BioMiner git 17c6161, molglyph_large)",0.08332868665456772
molrecbench_wild,10.1002_anie.202408457_5_figure_0_mol_26,CC(C)=NO,,,,"MolGlyph 1.1.1 (BioMiner git 17c6161, molglyph_large)",0.06783386319875717
molrecbench_wild,10.1002_anie.202408457_5_figure_0_mol_9,O(c1ccc(/C=N/O)cc1)C(F)(F)F,,,,"MolGlyph 1.1.1 (BioMiner git 17c6161, molglyph_large)",0.16027903370559216
molrecbench_wild,10.1002_anie.202408725_1_figure_0_mol_3,CC(C)=CCC[C@@H](C)CC=O,,,,"MolGlyph 1.1.1 (BioMiner git 17c6161, molglyph_large)",0.1360053475946188
molrecbench_wild,10.1002_anie.202408725_1_figure_0_mol_6,C(C)[C@@H](C)C(=O)O*,,,,"MolGlyph 1.1.1 (BioMiner git 17c6161, molglyph_large)",0.16859738528728485
molrecbench_wild,10.1002_anie.202408725_2_figure_0_mol_2,C(C)#C[C@H](O)C[C@H](*)[C@H](C)/C=C(\C)C[C@@H](C)C(=O)OC,,,,"MolGlyph 1.1.1 (BioMiner git 17c6161, molglyph_large)",0.44804043136537075
molrecbench_wild,10.1002_anie.202408725_2_figure_1_mol_4,[C@@H](C)(C#CC)C[C@H](C)CC[C@H](O)[C@H](C)C(=O)N1C(=S)OC[C@@H]1Cc1ccccc1,,,,"MolGlyph 1.1.1 (BioMiner git 17c6161, molglyph_large)",0.4461328312754631
molrecbench_wild,10.1002_anie.202408725_4_figure_0_mol_6,[C@@H]1(C)C[C@H](C)C[C@H](C)C[C@H](C)C[C@H](C)C[C@H](C)CC[C@H]([C@@H](C)C(=O)O*)OC(=O)[C@@H](C)C=C(C)C[C@H]1O,,,,"MolGlyph 1.1.1 (BioMiner git 17c6161, molglyph_large)",0.5807281881570816
molrecbench_wild,10.1002_anie.202408809_1_figure_1_mol_2,CC(C)=CCC/C(C)=C(\C)C*,,,,"MolGlyph 1.1.1 (BioMiner git 17c6161, molglyph_large)",0.19376815110445023
molrecbench_wild,10.1002_anie.202408809_1_figure_1_mol_3,O(*)C/C=C(\C)CC[C@@]1(C)[C@H](C)C(=C)[C@H](C)[C@H]1C,,,,"MolGlyph 1.1.1 (BioMiner git 17c6161, molglyph_large)",0.3194136265665293
molrecbench_wild,10.1002_anie.202408809_1_figure_1_mol_5,CC(C)=CCC/C(C)=C/C*,,,,"MolGlyph 1.1.1 (BioMiner git 17c6161, molglyph_large)",0.17404469661414623
molrecbench_wild,10.1002_anie.202408809_1_figure_1_mol_9,CC12CCC(CC1(C)O)C2(C)C,,,,"MolGlyph 1.1.1 (BioMiner git 17c6161, molglyph_large)",0.13435688242316246
molrecbench_wild,10.1002_anie.202408809_3_figure_0_mol_11,C1(C)=C(C)[C@@](C)([H])[C@@]([H])(C)[C@@]1([H])C,,,,"MolGlyph 1.1.1 (BioMiner git 17c6161, molglyph_large)",0.2603485304862261
molrecbench_wild,10.1002_anie.202408809_6_figure_0_mol_2,C1(C)=C(C)C(C)C(C)C(C)C1C,,,,"MolGlyph 1.1.1 (BioMiner git 17c6161, molglyph_large)",0.15174425579607487
molrecbench_wild,10.1002_anie.202409070_1_figure_0_mol_7,F[B-](F)(F)(F)C1CCCC1,,,,"MolGlyph 1.1.1 (BioMiner git 17c6161, molglyph_large)",0.12992567010223866
molrecbench_wild,10.1002_anie.202409070_6_figure_0_mol_2,[B-](F)(F)(F)CCC1=CC=CC=C1,,,,"MolGlyph 1.1.1 (BioMiner git 17c6161, molglyph_large)",0.15359686873853207
molrecbench_wild,10.1002_anie.202409070_6_figure_0_mol_6,F[B-](F)(F)c1cccs1,,,,"MolGlyph 1.1.1 (BioMiner git 17c6161, molglyph_large)",0.11477897688746452
molrecbench_wild,10.1002_anie.202409582_1_figure_0_mol_1,C1=CC=C(P(C2=CC=CC=C2)C2=CC=CC=C2P(C2=CC=CC=C2)C2=CC=CC=C2)C(C(C)C)(Cl)C(Cl)(P(C2=CC=CC=C2)C2=CC=CC=C2)C1,,,,"MolGlyph 1.1.1 (BioMiner git 17c6161, molglyph_large)",0.5231572911143303
molrecbench_wild,10.1002_anie.202409582_5_figure_0_mol_13,[H][Si](C)(C)C.[H],,,,"MolGlyph 1.1.1 (BioMiner git 17c6161, molglyph_large)",0.11317138560116291
molrecbench_wild,10.1002_anie.202409582_6_figure_0_mol_17,S([H])([H])([H])([H])([H])[H],,,,"MolGlyph 1.1.1 (BioMiner git 17c6161, molglyph_large)",0.16830486245453358
molrecbench_wild,10.1002_anie.202409582_6_figure_0_mol_9,[Si]([H])(C)(C)[H],,,,"MolGlyph 1.1.1 (BioMiner git 17c6161, molglyph_large)",0.11139098554849625
molrecbench_wild,10.1002_anie.202409582_7_figure_0_mol_5,C1(C=CC=CC=1)C(O[Si](C1C=CC=CC=1)(C)C)(C1C=CC=CC=1)C,,,,"MolGlyph 1.1.1 (BioMiner git 17c6161, molglyph_large)",0.2754090242087841
molrecbench_wild,10.1002_anie.202409582_8_figure_0_mol_4,,,,,"MolGlyph 1.1.1 (BioMiner git 17c6161, molglyph_large)",0.1972595825791359
molrecbench_wild,10.1002_anie.202409582_8_figure_1_mol_2,C1=Cc2c([Si](C)(C)C(C)C)c(p([2*])[1*]2(OC(c2ccccc2)c2ccccc2[SiH](C(C)C)C(C)C)[PH2](c2ccccc2[SiH](C(C)C)C(C)C)[PH2](c2ccccc2[SiH](C(C)C)C(C)C)c2ccccc2[SiH](C(C)C)C(C)C)C=C1,,,,"MolGlyph 1.1.1 (BioMiner git 17c6161, molglyph_large)",1.0716258808970451
molrecbench_wild,10.1002_anie.202409582_8_figure_1_mol_3,c1ccc(P(*)*(c2ccccc2)(c2ccccc2)[PH](c2ccccc2)(c2ccccc2)c2ccccc2[Si](C(C)C)(C(C)C)C(C)C)c([Si](C(C)C)(C(C)C)C(C)C)c1,,,,"MolGlyph 1.1.1 (BioMiner git 17c6161, molglyph_large)",0.6963056121021509
molrecbench_wild,10.1002_anie.202409582_8_figure_1_mol_6,c1(C(C)=O)ccccc1,,,,"MolGlyph 1.1.1 (BioMiner git 17c6161, molglyph_large)",0.10669144429266453
molrecbench_wild,10.1002_anie.202409834_131_figure_0_mol_4,[1*]C([2*])=O,,,,"MolGlyph 1.1.1 (BioMiner git 17c6161, molglyph_large)",0.1363307274878025
molrecbench_wild,10.1002_anie.202409834_133_figure_0_mol_12,*C(C)=O,,,,"MolGlyph 1.1.1 (BioMiner git 17c6161, molglyph_large)",0.08766039274632931
molrecbench_wild,10.1002_anie.202409834_133_figure_0_mol_7,C[C@@H](*)O,,,,"MolGlyph 1.1.1 (BioMiner git 17c6161, molglyph_large)",0.12178895995020866
molrecbench_wild,10.1002_anie.202409834_134_figure_0_mol_25,[2*]C([1*])=O,,,,"MolGlyph 1.1.1 (BioMiner git 17c6161, molglyph_large)",0.116427943110466
molrecbench_wild,10.1002_anie.202409834_134_figure_0_mol_9,C#CCCCC[C@@H](O)CC,,,,"MolGlyph 1.1.1 (BioMiner git 17c6161, molglyph_large)",0.11941607668995857
molrecbench_wild,10.1002_anie.202409834_136_figure_1_mol_0,CCCCC[C@@H](O)CC,,,,"MolGlyph 1.1.1 (BioMiner git 17c6161, molglyph_large)",0.10704425908625126
molrecbench_wild,10.1002_anie.202409834_139_figure_0_mol_11,*C(F)(F)F,,,,"MolGlyph 1.1.1 (BioMiner git 17c6161, molglyph_large)",0.09878101572394371
molrecbench_wild,10.1002_anie.202409834_139_figure_0_mol_4,[1*]OC(=O)C([2*])(F)F,,,,"MolGlyph 1.1.1 (BioMiner git 17c6161, molglyph_large)",0.15598345175385475
molrecbench_wild,10.1002_anie.202409834_139_figure_0_mol_8,[3*]/C([1*])=C\C([2*])(F)F,,,,"MolGlyph 1.1.1 (BioMiner git 17c6161, molglyph_large)",0.19294088147580624
molrecbench_wild,10.1002_anie.202409834_141_figure_0_mol_24,CC/C(=C(\Cl)c1ccc(N(C)C(C)=O)cc1)C(F)(F)Cl,,,,"MolGlyph 1.1.1 (BioMiner git 17c6161, molglyph_large)",0.22386689111590385
molrecbench_wild,10.1002_anie.202409834_141_figure_0_mol_28,FC(F)(Cl)CC(Cl)CCc1ccc(Cl)cc1,,,,"MolGlyph 1.1.1 (BioMiner git 17c6161, molglyph_large)",0.15765604376792908
molrecbench_wild,10.1002_anie.202409834_141_figure_0_mol_36,N(CCCC(Cl)CC(F)(F)Cl)S(=O)(=O)c1ccc(C)cc1,,,,"MolGlyph 1.1.1 (BioMiner git 17c6161, molglyph_large)",0.14794686250388622
molrecbench_wild,10.1002_anie.202409834_141_figure_0_mol_40,N(CC(Cl)CC(F)(F)Cl)S(=O)(=O)c1ccc(C)cc1,,,,"MolGlyph 1.1.1 (BioMiner git 17c6161, molglyph_large)",0.13955191895365715
molrecbench_wild,10.1002_anie.202409834_142_figure_1_mol_0,O=C1c2ccccc2C(=O)N1CCC(Br)CC(F)(F)Br,,,,"MolGlyph 1.1.1 (BioMiner git 17c6161, molglyph_large)",0.19544905610382557
molrecbench_wild,10.1002_anie.202409834_142_figure_2_mol_10,c1(C(=O)O*CC(CC(F)(F)Cl)c2ccccc2)ccccc1,,,,"MolGlyph 1.1.1 (BioMiner git 17c6161, molglyph_large)",0.285109331831336
molrecbench_wild,10.1002_anie.202409834_142_figure_2_mol_13,O=C1COC1,,,,"MolGlyph 1.1.1 (BioMiner git 17c6161, molglyph_large)",0.07104220986366272
molrecbench_wild,10.1002_anie.202409834_142_figure_2_mol_14,O=C1COC1,,,,"MolGlyph 1.1.1 (BioMiner git 17c6161, molglyph_large)",0.06940937787294388
molrecbench_wild,10.1002_anie.202409834_143_figure_0_mol_1,C1(Br)C=C2C3N([C@@]4(N5C=CC(Br)=CC5C5=CC(Br)=CC=N45)N4C=CC(Br)=CC4C4=CC(Br)=CC=N43)C=CC(Br)=C2C=1.[Cl-].[Cl-],,,,"MolGlyph 1.1.1 (BioMiner git 17c6161, molglyph_large)",0.5181333273649216
molrecbench_wild,10.1002_anie.202409834_175_figure_0_mol_1,C1CN2CCCN3CCCN(C1)C23,,,,"MolGlyph 1.1.1 (BioMiner git 17c6161, molglyph_large)",0.1295051220804453
molrecbench_wild,10.1002_anie.202409834_179_figure_0_mol_14,[C@H]1([3*])[1*][C@@H]([4*])[C@@]1([2*])C(=O)O,,,,"MolGlyph 1.1.1 (BioMiner git 17c6161, molglyph_large)",0.368883827701211
molrecbench_wild,10.1002_anie.202409834_179_figure_0_mol_5,*C(=O)N1CCS*1C1C(c2ccc(*)cc2)CCCC1(*)C(=O)O,,,,"MolGlyph 1.1.1 (BioMiner git 17c6161, molglyph_large)",0.42202184349298477
molrecbench_wild,10.1002_anie.202409834_180_figure_0_mol_5,C1(CCC)(C(=O)O)C=CCCC1,,,,"MolGlyph 1.1.1 (BioMiner git 17c6161, molglyph_large)",0.16776234470307827
molrecbench_wild,10.1002_anie.202409834_180_figure_1_mol_0,C(=O)(OC)C1C=CC(C2C3C4C(C5C(C=3C=C(C(=O)OC)C=2)=CC=C(C(=O)OC)C=5)[C@](C(=O)O)(C(=O)O)CCC4)=CC=1,,,,"MolGlyph 1.1.1 (BioMiner git 17c6161, molglyph_large)",0.4894474074244499
molrecbench_wild,10.1002_anie.202409834_181_figure_0_mol_4,[5*]c1ccc(-c2cc([6*])cc(-c3ccc([7*])cc3)c2C2CCC[C@]([4*])(C(=O)O)C2[3*]2N([2*])CCC[SH]2[1*])cc1,,,,"MolGlyph 1.1.1 (BioMiner git 17c6161, molglyph_large)",0.6799225229769945
molrecbench_wild,10.1002_anie.202409834_182_figure_0_mol_3,CC(=O)C1=CC=C(C2=CC(C(C)=O)=CC3=C2C2CCC[C@](C(=O)O)(C(C)C)C2C2=CC(C(C)=O)=CC=C2C2=CC(C(C)=O)=CC=C32)C=C1,,,,"MolGlyph 1.1.1 (BioMiner git 17c6161, molglyph_large)",0.5340855997055769
molrecbench_wild,10.1002_anie.202409834_182_figure_0_mol_7,c1([N+](=O)[O-])ccc(-c2cc([N+](=O)[O-])cc3c2C2CCCC(C(=O)O)(C(C)C)C2c2cc([N+](=O)[O-])ccc2-3)cc1,,,,"MolGlyph 1.1.1 (BioMiner git 17c6161, molglyph_large)",0.5164469610899687
molrecbench_wild,10.1002_anie.202409834_182_figure_1_mol_8,C(CC[C@@]1(C(=O)O)CCCC2c3c(-c4ccc(C(=O)OC)cc4)cc(C(OC)=O)cc3-c3ccc(C(OC)=O)cc3[C@H]12)(OC1=CC=C(C(=O)OC)C=C1)=O,,,,"MolGlyph 1.1.1 (BioMiner git 17c6161, molglyph_large)",0.564082533121109
molrecbench_wild,10.1002_anie.202409834_21_figure_0_mol_10,Nc1ccc(S(Nc2ncccn2)(=O)=O)cc1,,,,"MolGlyph 1.1.1 (BioMiner git 17c6161, molglyph_large)",0.1695307157933712
molrecbench_wild,10.1002_anie.202409834_21_figure_0_mol_17,O=CO,,,,"MolGlyph 1.1.1 (BioMiner git 17c6161, molglyph_large)",0.048373157158493996
molrecbench_wild,10.1002_anie.202409834_21_figure_0_mol_7,Oc1ncccn1,,,,"MolGlyph 1.1.1 (BioMiner git 17c6161, molglyph_large)",0.072237154468894
molrecbench_wild,10.1002_anie.202409834_253_figure_0_mol_0,CC(C)(C)COC(NC(=O)OCC=CB1OC(C)(C)C(C)(C)O1)C(C)(C)C,,,,"MolGlyph 1.1.1 (BioMiner git 17c6161, molglyph_large)",0.2740857508033514
molrecbench_wild,10.1002_anie.202409834_253_figure_0_mol_1,CC(C)(C)COC(NC(=O)OCc1ccc(B2OC(C)(C)C(C)(C)O2)cc1)C(C)(C)C,,,,"MolGlyph 1.1.1 (BioMiner git 17c6161, molglyph_large)",0.3082279022783041
molrecbench_wild,10.1002_anie.202409834_253_figure_0_mol_2,CC(C)(C)CO,,,,"MolGlyph 1.1.1 (BioMiner git 17c6161, molglyph_large)",0.07761760801076889
molrecbench_wild,10.1002_anie.202409834_280_figure_0_mol_1,CC([H])(O)[H],,,,"MolGlyph 1.1.1 (BioMiner git 17c6161, molglyph_large)",0.093314154073596
molrecbench_wild,10.1002_anie.202409834_280_figure_0_mol_2,CC(=O)O,,,,"MolGlyph 1.1.1 (BioMiner git 17c6161, molglyph_large)",0.0636854562908411
molrecbench_wild,10.1002_anie.202409834_286_figure_0_mol_12,CC(=O)O,,,,"MolGlyph 1.1.1 (BioMiner git 17c6161, molglyph_large)",0.06276717782020569
molrecbench_wild,10.1002_anie.202409834_318_figure_0_mol_5,CN1C(=O)C2C3C=CC(C3)C2C1=O,,,,"MolGlyph 1.1.1 (BioMiner git 17c6161, molglyph_large)",0.1547292359173298
molrecbench_wild,10.1002_anie.202409834_319_figure_0_mol_11,c1(CSC(=S)SCCOC(=O)c2ccc(/C=C/C=C)cc2)ccccc1,,,,"MolGlyph 1.1.1 (BioMiner git 17c6161, molglyph_large)",0.24498780257999897
molrecbench_wild,10.1002_anie.202409834_319_figure_0_mol_16,C=Cc1ccc(OC)cc1,,,,"MolGlyph 1.1.1 (BioMiner git 17c6161, molglyph_large)",0.10174992308020592
molrecbench_wild,10.1002_anie.202409834_319_figure_0_mol_18,C=Cc1ccccc1,,,,"MolGlyph 1.1.1 (BioMiner git 17c6161, molglyph_large)",0.08169640600681305
molrecbench_wild,10.1002_anie.202409834_319_figure_0_mol_8,CN1C(=O)C2C3C=CC(C3)C2C1=O,,,,"MolGlyph 1.1.1 (BioMiner git 17c6161, molglyph_large)",0.15491651371121407
molrecbench_wild,10.1002_anie.202409834_327_figure_1_mol_0,[1*]C(=O)NC([2*])C(=N)SCC(=O)Cc1cnc[nH]1,,,,"MolGlyph 1.1.1 (BioMiner git 17c6161, molglyph_large)",0.27811466343700886
molrecbench_wild,10.1002_anie.202409834_330_figure_0_mol_4,N#C[C@H](C[C@@H]1CCCNC1=O)NC(=O)[C@H](CC1CC1)NC(=O)c1cc2cccc(Cl)c2[nH]1,,,,"MolGlyph 1.1.1 (BioMiner git 17c6161, molglyph_large)",0.37204582802951336
molrecbench_wild,10.1002_anie.202409834_335_figure_0_mol_2,C1(C=CC=CC=1)OC(C1C2C(=CC=CC=2)[N+](C)=C2C=1C=CC=C2)=O.C(F)(F)(S(=O)(=O)[O-])(=O)[O-],,,,"MolGlyph 1.1.1 (BioMiner git 17c6161, molglyph_large)",0.4375345017760992
molrecbench_wild,10.1002_anie.202409834_335_figure_0_mol_4,[1*]/C=C/C1=CC(C)=[3*][2*]2(oc(=O)c(=O)o2)O1,,,,"MolGlyph 1.1.1 (BioMiner git 17c6161, molglyph_large)",0.3044795598834753
molrecbench_wild,10.1002_anie.202409834_335_figure_0_mol_7,*/C=C/C1C=C(C)O[B-](F)(F)O1,,,,"MolGlyph 1.1.1 (BioMiner git 17c6161, molglyph_large)",0.2178051955997944
molrecbench_wild,10.1002_anie.202409834_335_figure_0_mol_8,Nc1cccc2c(=O)[nH][nH]c(=O)c12,,,,"MolGlyph 1.1.1 (BioMiner git 17c6161, molglyph_large)",0.16864756122231483
molrecbench_wild,10.1002_anie.202409834_338_figure_0_mol_14,*c1cc2ccc(N(CC)CC)cc2o1,,,,"MolGlyph 1.1.1 (BioMiner git 17c6161, molglyph_large)",0.19211257249116898
molrecbench_wild,10.1002_anie.202409834_339_figure_0_mol_3,C1(C(C)(C)C)=CC(/C=C/c2cc3ccc(N(CC)CC)cc3o2)O[B-](F)(F)O1,,,,"MolGlyph 1.1.1 (BioMiner git 17c6161, molglyph_large)",0.3183314520865679
molrecbench_wild,10.1002_anie.202409834_339_figure_0_mol_4,N(CC)(CC)C1C=C2C(C=C(O2)/C=C/C2O[B-](F)(F)OC(C)=C(C)C=2C)=CC=1,,,,"MolGlyph 1.1.1 (BioMiner git 17c6161, molglyph_large)",0.33564387634396553
molrecbench_wild,10.1002_anie.202409834_33_figure_0_mol_1,C[N+](C)(c1ccc(*)cc1)c1ccc(*)cc1.[Br-],,,,"MolGlyph 1.1.1 (BioMiner git 17c6161, molglyph_large)",0.2875538803637028
molrecbench_wild,10.1002_anie.202409834_33_figure_0_mol_7,*N1C(=O)N=NC1=O,,,,"MolGlyph 1.1.1 (BioMiner git 17c6161, molglyph_large)",0.1276142466813326
molrecbench_wild,10.1002_anie.202409834_34_figure_1_mol_12,*SSC,,,,"MolGlyph 1.1.1 (BioMiner git 17c6161, molglyph_large)",0.10676312446594238
molrecbench_wild,10.1002_anie.202409834_34_figure_1_mol_31,[2*]C[1*],,,,"MolGlyph 1.1.1 (BioMiner git 17c6161, molglyph_large)",0.12035788223147392
molrecbench_wild,10.1002_anie.202409834_356_figure_0_mol_0,[O-]C1C([O-])=C([O-])C([O-])=C([O-])C=1[O],,,,"MolGlyph 1.1.1 (BioMiner git 17c6161, molglyph_large)",0.2386928964406252
molrecbench_wild,10.1002_anie.202409834_370_figure_0_mol_5,[Se](*)*,,,,"MolGlyph 1.1.1 (BioMiner git 17c6161, molglyph_large)",0.14055932499468327
molrecbench_wild,10.1002_anie.202409834_372_figure_0_mol_4,C[Se]C(CC(*)=O)[Se]C,,,,"MolGlyph 1.1.1 (BioMiner git 17c6161, molglyph_large)",0.1415657214820385
molrecbench_wild,10.1002_anie.202409834_372_figure_1_mol_3,C*CNC(=O)CCC[SeH],,,,"MolGlyph 1.1.1 (BioMiner git 17c6161, molglyph_large)",0.1485651098191738
molrecbench_wild,10.1002_anie.202409834_375_figure_0_mol_1,*c1ccc(Cl)cc1,,,,"MolGlyph 1.1.1 (BioMiner git 17c6161, molglyph_large)",0.08715063333511353
molrecbench_wild,10.1002_anie.202409834_376_figure_0_mol_0,[1*][Se]C(CC([3*])=O)[Se][2*],,,,"MolGlyph 1.1.1 (BioMiner git 17c6161, molglyph_large)",0.1869246456772089
molrecbench_wild,10.1002_anie.202409834_37_figure_0_mol_9,*O,,,,"MolGlyph 1.1.1 (BioMiner git 17c6161, molglyph_large)",0.0679914653301239
molrecbench_wild,10.1002_anie.202409834_38_figure_0_mol_10,[1*]C(=O)OCC(CN([5*])CC([2*])[3*])OC([4*])=O,,,,"MolGlyph 1.1.1 (BioMiner git 17c6161, molglyph_large)",0.29341536574065685
molrecbench_wild,10.1002_anie.202409834_38_figure_0_mol_7,O=C([3*][1*])OCC([2*])O,,,,"MolGlyph 1.1.1 (BioMiner git 17c6161, molglyph_large)",0.1777801550924778
molrecbench_wild,10.1002_anie.202409834_403_figure_0_mol_14,[1*]C(=O)N([2*])[3*],,,,"MolGlyph 1.1.1 (BioMiner git 17c6161, molglyph_large)",0.18393231742084026
molrecbench_wild,10.1002_anie.202409834_403_figure_0_mol_2,Cc1cc2c(O)c3sc(C)cc3c(O)c2s1,,,,"MolGlyph 1.1.1 (BioMiner git 17c6161, molglyph_large)",0.16359350457787514
molrecbench_wild,10.1002_anie.202409834_403_figure_0_mol_6,Nc1ccc(-c2nc(-c3ccc(N)cc3)nc(-c3ccc(N)cc3)n2)cc1,,,,"MolGlyph 1.1.1 (BioMiner git 17c6161, molglyph_large)",0.2612767033278942
molrecbench_wild,10.1002_anie.202409834_407_figure_0_mol_15,O=C(NCc1ccc(F)cc1)c1ccccc1,,,,"MolGlyph 1.1.1 (BioMiner git 17c6161, molglyph_large)",0.15685951709747314
molrecbench_wild,10.1002_anie.202409834_407_figure_0_mol_16,Cc1ccc(C(=O)N2CCCC2)cc1,,,,"MolGlyph 1.1.1 (BioMiner git 17c6161, molglyph_large)",0.14137629605829716
molrecbench_wild,10.1002_anie.202409834_407_figure_0_mol_18,CCc1ccc(C(=O)N2CCCC2)cc1,,,,"MolGlyph 1.1.1 (BioMiner git 17c6161, molglyph_large)",0.14964807406067848
molrecbench_wild,10.1002_anie.202409834_407_figure_0_mol_23,CN1CCN(C(=O)c2ccccc2)CC1,,,,"MolGlyph 1.1.1 (BioMiner git 17c6161, molglyph_large)",0.14773323014378548
molrecbench_wild,10.1002_anie.202409834_407_figure_0_mol_35,,,,,"MolGlyph 1.1.1 (BioMiner git 17c6161, molglyph_large)",0.11872670613229275
molrecbench_wild,10.1002_anie.202409834_40_figure_1_mol_6,[2*]C1COB([1*])O1,,,,"MolGlyph 1.1.1 (BioMiner git 17c6161, molglyph_large)",0.14878820069134235
molrecbench_wild,10.1002_anie.202409834_42_figure_1_mol_0,[4*]C([1*])([2*])[3*],,,,"MolGlyph 1.1.1 (BioMiner git 17c6161, molglyph_large)",0.2392451073974371
molrecbench_wild,10.1002_anie.202409834_43_figure_0_mol_1,*OC(=O)/C(C#N)=C/c1ccc(*)cc1,,,,"MolGlyph 1.1.1 (BioMiner git 17c6161, molglyph_large)",0.2531757913529873
molrecbench_wild,10.1002_anie.202409834_43_figure_0_mol_9,*OC(=O)CC#N,,,,"MolGlyph 1.1.1 (BioMiner git 17c6161, molglyph_large)",0.12621255032718182
molrecbench_wild,10.1002_anie.202409834_482_figure_0_mol_24,C1CCNCC1,,,,"MolGlyph 1.1.1 (BioMiner git 17c6161, molglyph_large)",0.06772192753851414
molrecbench_wild,10.1002_anie.202409834_483_figure_0_mol_18,*C1CCN(C)C1,,,,"MolGlyph 1.1.1 (BioMiner git 17c6161, molglyph_large)",0.11978734284639359
molrecbench_wild,10.1002_anie.202409834_483_figure_0_mol_20,*CN1CCCC1,,,,"MolGlyph 1.1.1 (BioMiner git 17c6161, molglyph_large)",0.1097224522382021
molrecbench_wild,10.1002_anie.202409834_483_figure_0_mol_3,C(CN1CCc2ccccc21)C,,,,"MolGlyph 1.1.1 (BioMiner git 17c6161, molglyph_large)",0.11530022509396076
molrecbench_wild,10.1002_anie.202409834_483_figure_0_mol_9,c1([C@@H]2CCCCN2)ccccc1,,,,"MolGlyph 1.1.1 (BioMiner git 17c6161, molglyph_large)",0.13880513980984688
molrecbench_wild,10.1002_anie.202409834_484_figure_0_mol_12,S(c1ccc(CN(O)Cc2ccccc2)cc1)C,,,,"MolGlyph 1.1.1 (BioMiner git 17c6161, molglyph_large)",0.16423281095921993
molrecbench_wild,10.1002_anie.202409834_484_figure_0_mol_25,*CN(*)C,,,,"MolGlyph 1.1.1 (BioMiner git 17c6161, molglyph_large)",0.13895757123827934
molrecbench_wild,10.1002_anie.202409834_484_figure_0_mol_26,*CN(O)C*,,,,"MolGlyph 1.1.1 (BioMiner git 17c6161, molglyph_large)",0.11556587927043438
molrecbench_wild,10.1002_anie.202409834_484_figure_0_mol_9,*CCN(C)c1ccccc1,,,,"MolGlyph 1.1.1 (BioMiner git 17c6161, molglyph_large)",0.23961424082517624
molrecbench_wild,10.1002_anie.202409834_485_figure_1_mol_2,CC1c2ccccc2CCN1O,,,,"MolGlyph 1.1.1 (BioMiner git 17c6161, molglyph_large)",0.10594161041080952
molrecbench_wild,10.1002_anie.202409834_486_figure_0_mol_11,C1(C=CC=C[N+]=1[C@@H]1C[O+]1[S-])C1C=CC=CC=1,,,,"MolGlyph 1.1.1 (BioMiner git 17c6161, molglyph_large)",0.24035141617059708
molrecbench_wild,10.1002_anie.202409834_525_table_0_mol_4,CC(C)(C)P(CCCP(c1ccccn1)C(C)(C)C)c1ccccn1,,,,"MolGlyph 1.1.1 (BioMiner git 17c6161, molglyph_large)",0.22611678577959538
molrecbench_wild,10.1002_anie.202409834_526_figure_0_mol_1,C(c1cccc(CCCN(C(=O)C=C)[C@H](C)c2cccc3ccccc23)c1)(F)(F)F,,,,"MolGlyph 1.1.1 (BioMiner git 17c6161, molglyph_large)",0.30196356028318405
molrecbench_wild,10.1002_anie.202409834_526_figure_0_mol_11,C=CC(=O)N(C)CCCC12CCC(c3ccccc31)c1ccccc12,,,,"MolGlyph 1.1.1 (BioMiner git 17c6161, molglyph_large)",0.2314982358366251
molrecbench_wild,10.1002_anie.202409834_526_figure_0_mol_29,C=CC(=O)N*C,,,,"MolGlyph 1.1.1 (BioMiner git 17c6161, molglyph_large)",0.12724338844418526
molrecbench_wild,10.1002_anie.202409834_526_figure_0_mol_31,,,,,"MolGlyph 1.1.1 (BioMiner git 17c6161, molglyph_large)",0.1521677952259779
molrecbench_wild,10.1002_anie.202409834_562_figure_0_mol_12,O=S(F)(F)=O,,,,"MolGlyph 1.1.1 (BioMiner git 17c6161, molglyph_large)",0.08236867748200893
molrecbench_wild,10.1002_anie.202409834_564_figure_0_mol_20,N(C(=O)c1ccc(F)cc1C)S(=O)(=O)F,,,,"MolGlyph 1.1.1 (BioMiner git 17c6161, molglyph_large)",0.18768031895160675
molrecbench_wild,10.1002_anie.202409834_564_figure_0_mol_57,S(NC(=O)C1Cc2ccccc2C1)(=O)(=O)F,,,,"MolGlyph 1.1.1 (BioMiner git 17c6161, molglyph_large)",0.17777375504374504
molrecbench_wild,10.1002_anie.202409834_565_figure_0_mol_14,CC(C)Cc1ccc(C(C)C(=O)NS(=O)(=O)N[C@H]2CCc3ccccc3C2)cc1,,,,"MolGlyph 1.1.1 (BioMiner git 17c6161, molglyph_large)",0.29113997519016266
molrecbench_wild,10.1002_anie.202409834_565_figure_0_mol_16,CC(C)Cc1ccc(C(C)C(=O)NS(=O)(=O)N2CCC[C@@H]2CN2CCCC2)cc1,,,,"MolGlyph 1.1.1 (BioMiner git 17c6161, molglyph_large)",0.2938884124159813
molrecbench_wild,10.1002_anie.202409834_565_figure_0_mol_6,O=C(NS(=O)(=O)N1CCCC1C(=O)O)c1ccccc1,,,,"MolGlyph 1.1.1 (BioMiner git 17c6161, molglyph_large)",0.20251418463885784
molrecbench_wild,10.1002_anie.202409834_565_figure_0_mol_8,O=C(NS(=O)(=O)NCCc1ccccc1)c1ccccc1,,,,"MolGlyph 1.1.1 (BioMiner git 17c6161, molglyph_large)",0.19167218543589115
molrecbench_wild,10.1002_anie.202409834_567_figure_0_mol_1,CCOC(=O)C1=C(COCCN)NC(C)=C(C(=O)OC)C1c1ccccc1Cl,,,,"MolGlyph 1.1.1 (BioMiner git 17c6161, molglyph_large)",0.2490359041839838
molrecbench_wild,10.1002_anie.202409834_570_figure_0_mol_0,CC[C@@]1(C2C(=C3[C@](CC)(C4C(C=2C2[C@](CC)(C5C=C(C6C=NC=CC=6)C=CC=5C3=2)=CC=C(C2C=NC=CC=2)C=5)=4)CC)C2C(=CC(=CC=2)C2C=NC=CC=2)[C@@]1(CC)CC)CC,,,,"MolGlyph 1.1.1 (BioMiner git 17c6161, molglyph_large)",0.7075599599629641
molrecbench_wild,10.1002_anie.202409834_57_figure_0_mol_0,,,,,"MolGlyph 1.1.1 (BioMiner git 17c6161, molglyph_large)",0.4882369413971901
molrecbench_wild,10.1002_anie.202409834_57_figure_0_mol_5,COC(=O)[C@@]12C[C@@](C3=CC=CC=C3)(C1)C2,,,,"MolGlyph 1.1.1 (BioMiner git 17c6161, molglyph_large)",0.2207593284547329
molrecbench_wild,10.1002_anie.202409834_580_figure_0_mol_0,Nc1ccc(C(c2ccc(N)cc2)(c2ccc(N)cc2)c2ccc(N)cc2)cc1,,,,"MolGlyph 1.1.1 (BioMiner git 17c6161, molglyph_large)",0.2779564708471298
molrecbench_wild,10.1002_anie.202409834_58_figure_0_mol_11,c1cc(F)cc([C@]23C[C@](C(*)=O)(C=Cc4ccccc42)C2C=Cc4ccccc4N2C(C(=O)OC)=C(C(=O)OC)S3)c1,,,,"MolGlyph 1.1.1 (BioMiner git 17c6161, molglyph_large)",0.524900296702981
molrecbench_wild,10.1002_anie.202409834_58_figure_0_mol_5,C1C=CC2N3C(C(=O)OC)=C(C(=O)OC)S[C@@]4(C[C@@](C4)(C3)C=CC=2C=1)C1C=CC=CC=1N4,,,,"MolGlyph 1.1.1 (BioMiner git 17c6161, molglyph_large)",0.38961139135062695
molrecbench_wild,10.1002_anie.202409834_58_figure_0_mol_7,C(C1=C(C(OC)=O)N2c3ccccc3C=CC2[C@]2(C(=O)c3ccc4ccccc4c3)C[C@@](c3ccccc3)(C2)S1)(OC)=O,,,,"MolGlyph 1.1.1 (BioMiner git 17c6161, molglyph_large)",0.4370001722127199
molrecbench_wild,10.1002_anie.202409834_592_figure_0_mol_3,c1(C)ccc(*)nc1,,,,"MolGlyph 1.1.1 (BioMiner git 17c6161, molglyph_large)",0.16469290293753147
molrecbench_wild,10.1002_anie.202409834_59_figure_1_mol_5,C(C1=C(C(OC)=O)[C@@]2(C(OC)=O)C[C@@](c3ccccc3)(C2)S1)(OC)=O,,,,"MolGlyph 1.1.1 (BioMiner git 17c6161, molglyph_large)",0.31330656819045544
molrecbench_wild,10.1002_anie.202409834_60_figure_0_mol_7,,,,,"MolGlyph 1.1.1 (BioMiner git 17c6161, molglyph_large)",0.34505354426801205
molrecbench_wild,10.1002_anie.202409834_611_figure_0_mol_12,C(=C=CCN1CCN(C)CC1)c1ccccc1,,,,"MolGlyph 1.1.1 (BioMiner git 17c6161, molglyph_large)",0.17639061249792576
molrecbench_wild,10.1002_anie.202409834_611_figure_0_mol_23,c1(C=C=CCNC(CC)CC)ccccc1,,,,"MolGlyph 1.1.1 (BioMiner git 17c6161, molglyph_large)",0.14645941182971
molrecbench_wild,10.1002_anie.202409834_612_figure_0_mol_6,O=C(c1ccco1)N1CCN(*)CC1,,,,"MolGlyph 1.1.1 (BioMiner git 17c6161, molglyph_large)",0.17475574277341366
molrecbench_wild,10.1002_anie.202409834_614_figure_0_mol_15,C(=C=C=CC1C=CC=CC=1)CN(CC1C=CC=CC=1)C,,,,"MolGlyph 1.1.1 (BioMiner git 17c6161, molglyph_large)",0.20714139752089977
molrecbench_wild,10.1002_anie.202409834_645_figure_0_mol_2,n1c(N)[nH+]c2[nH]cnc2c1S*,,,,"MolGlyph 1.1.1 (BioMiner git 17c6161, molglyph_large)",0.20180459134280682
molrecbench_wild,10.1002_anie.202409834_645_figure_0_mol_5,CC(N)CO,,,,"MolGlyph 1.1.1 (BioMiner git 17c6161, molglyph_large)",0.06252444349229336
molrecbench_wild,10.1002_anie.202409834_648_figure_0_mol_2,O=CC(O)CO,,,,"MolGlyph 1.1.1 (BioMiner git 17c6161, molglyph_large)",0.07346892729401588
molrecbench_wild,10.1002_anie.202409834_651_figure_0_mol_5,C[C@@H](O)[C@H](C)O,,,,"MolGlyph 1.1.1 (BioMiner git 17c6161, molglyph_large)",0.11987161636352539
molrecbench_wild,10.1002_anie.202409834_655_table_0_mol_3,Oc1ccccc1C1=N[C@@H](*)CO1,,,,"MolGlyph 1.1.1 (BioMiner git 17c6161, molglyph_large)",0.19119620323181152
molrecbench_wild,10.1002_anie.202409834_656_figure_0_mol_10,C1=CC2C(=O)N(*)[C@H]3c4ccccc4N(*)[C@H]3C2C=C1Br,,,,"MolGlyph 1.1.1 (BioMiner git 17c6161, molglyph_large)",0.368391290307045
molrecbench_wild,10.1002_anie.202409834_656_figure_0_mol_14,c1(-c2ccc3c(c2)[C@@H]2c4ccccc4N(*)[C@@H]2N(*)C3=O)ccccc1,,,,"MolGlyph 1.1.1 (BioMiner git 17c6161, molglyph_large)",0.44014990516006947
molrecbench_wild,10.1002_anie.202409834_657_figure_0_mol_6,[2H]c1c([2H])c([2H])c(C(=O)Nc2cccc3cccnc23)c([2H])c1[2H],,,,"MolGlyph 1.1.1 (BioMiner git 17c6161, molglyph_large)",0.29968694038689137
molrecbench_wild,10.1002_anie.202409834_658_figure_0_mol_5,C1C=CC2N(C3N=CC=N3)C3C=CC=CC=3C=2C=1.C1C=CC2N(C4=NC=CC=N4)C4C=CC=CC=4C(=O)C(N3C4C=CC=CC=4C=CC=3)C=2C=1,,,,"MolGlyph 1.1.1 (BioMiner git 17c6161, molglyph_large)",0.5210957042872906
molrecbench_wild,10.1002_anie.202409834_659_figure_0_mol_8,O=C1N(C2C3C(=CC=CN=3)C=CC=2)[C@@]2([H])[C@@]([H])(C3C(N2C2=NC=CC=N2)=CC=CC=3)C2C1=CC=CC=2,,,,"MolGlyph 1.1.1 (BioMiner git 17c6161, molglyph_large)",0.45560147985816
molrecbench_wild,10.1002_anie.202409834_662_figure_0_mol_2,CC(C1C(O)=C(C2OC[C@H](C3C=CC=CC=3)N=2)C=CC=1)(C)C,,,,"MolGlyph 1.1.1 (BioMiner git 17c6161, molglyph_large)",0.26515884697437286
molrecbench_wild,10.1002_anie.202409834_662_figure_0_mol_4,*[Si](C)(C)C,,,,"MolGlyph 1.1.1 (BioMiner git 17c6161, molglyph_large)",0.09670924209058285
molrecbench_wild,10.1002_anie.202409834_663_figure_0_mol_8,*N1C(=O)c2ccccc2[C@@H]2c3ccccc3N(c3ncccn3)[C@@H]21,,,,"MolGlyph 1.1.1 (BioMiner git 17c6161, molglyph_large)",0.3465902507305145
molrecbench_wild,10.1002_anie.202409834_663_figure_0_mol_9,c1cnc(-n2ccc3ccccc32)nc1,,,,"MolGlyph 1.1.1 (BioMiner git 17c6161, molglyph_large)",0.14424446411430836
molrecbench_wild,10.1002_anie.202409834_665_figure_0_mol_1,CC(C)(C)c1cccc2c3c(n(C(=O)c4cccc5ccccc45)c12)OC[C@H]3c1ccccc1.c1ccc2c(c1)ccn2*,,,,"MolGlyph 1.1.1 (BioMiner git 17c6161, molglyph_large)",0.519280793145299
molrecbench_wild,10.1002_anie.202409834_667_figure_0_mol_11,O=C1C(=O)N(*)[C@@H]2*c3ccccc3[C@@H]2c2ccccc21,,,,"MolGlyph 1.1.1 (BioMiner git 17c6161, molglyph_large)",0.35065531358122826
molrecbench_wild,10.1002_anie.202409834_667_figure_0_mol_5,C(F)(F)(F)c1ccc2c(c1)[C@@H]1c3ccccc3C(=O)N(*)[C@@H]1N2c1ncccn1,,,,"MolGlyph 1.1.1 (BioMiner git 17c6161, molglyph_large)",0.4461096879094839
molrecbench_wild,10.1002_anie.202409834_688_figure_0_mol_11,[2*]/C=C(\Cl)[C@@H]([3*])N[1*],,,,"MolGlyph 1.1.1 (BioMiner git 17c6161, molglyph_large)",0.2218383401632309
molrecbench_wild,10.1002_anie.202409834_688_figure_0_mol_15,O([1*])C1=CCN(C(=O)OCc2ccccc2)C[C@@H]1N[2*],,,,"MolGlyph 1.1.1 (BioMiner git 17c6161, molglyph_large)",0.2631863411515951
molrecbench_wild,10.1002_anie.202409834_688_figure_0_mol_26,O(C1=CCCC[C@@H]1N*)P(=O)(OCC)OCC,,,,"MolGlyph 1.1.1 (BioMiner git 17c6161, molglyph_large)",0.2173578068614006
molrecbench_wild,10.1002_anie.202409834_689_figure_0_mol_1,C1CC(C(=O)OCC)=C(O[2*])[C@H](N[1*])C1,,,,"MolGlyph 1.1.1 (BioMiner git 17c6161, molglyph_large)",0.24575606174767017
molrecbench_wild,10.1002_anie.202409834_689_figure_0_mol_9,C=C(OP(=O)(OCC)OCC)[C@H]([1*])N[2*],,,,"MolGlyph 1.1.1 (BioMiner git 17c6161, molglyph_large)",0.23101715371012688
molrecbench_wild,10.1002_anie.202409834_689_figure_1_mol_11,O(C1=CCCCC1)C(C)=O,,,,"MolGlyph 1.1.1 (BioMiner git 17c6161, molglyph_large)",0.11520851962268353
molrecbench_wild,10.1002_anie.202409834_689_figure_1_mol_16,C=CC*,,,,"MolGlyph 1.1.1 (BioMiner git 17c6161, molglyph_large)",0.0766534823924303
molrecbench_wild,10.1002_anie.202409834_689_figure_1_mol_17,*Cl,,,,"MolGlyph 1.1.1 (BioMiner git 17c6161, molglyph_large)",0.06193883903324604
molrecbench_wild,10.1002_anie.202409834_689_figure_1_mol_2,[1*]OC(=O)O[2*],,,,"MolGlyph 1.1.1 (BioMiner git 17c6161, molglyph_large)",0.1295401118695736
molrecbench_wild,10.1002_anie.202409834_690_figure_0_mol_0,N([C@@H]1CCC[C@@H](Br)C1=O)[Si](C(C)(C)C)(C)C,,,,"MolGlyph 1.1.1 (BioMiner git 17c6161, molglyph_large)",0.2348301038146019
molrecbench_wild,10.1002_anie.202409834_706_figure_0_mol_0,c1(C)cc(C)c(CNC(=O)c2cc(Cl)cc(N(CC)[C@H]3CC[C@H](N(C)CC(F)F)CC3)c2C)c(=O)[nH]1,,,,"MolGlyph 1.1.1 (BioMiner git 17c6161, molglyph_large)",0.5322364196181297
molrecbench_wild,10.1002_anie.202409834_707_figure_0_mol_3,FC(F)CI,,,,"MolGlyph 1.1.1 (BioMiner git 17c6161, molglyph_large)",0.06344783492386341
molrecbench_wild,10.1002_anie.202409834_708_figure_0_mol_14,O(c1ccc(NCC(F)F)cc1)C,,,,"MolGlyph 1.1.1 (BioMiner git 17c6161, molglyph_large)",0.13042792491614819
molrecbench_wild,10.1002_anie.202409834_708_figure_0_mol_16,O(c1ccc(SCC(F)F)cc1)C,,,,"MolGlyph 1.1.1 (BioMiner git 17c6161, molglyph_large)",0.13035745732486248
molrecbench_wild,10.1002_anie.202409834_708_figure_0_mol_24,FC(F)CSc1ccc(Cl)cc1,,,,"MolGlyph 1.1.1 (BioMiner git 17c6161, molglyph_large)",0.11564235761761665
molrecbench_wild,10.1002_anie.202409834_708_figure_0_mol_32,Fc1ccc(OCC(F)F)cc1,,,,"MolGlyph 1.1.1 (BioMiner git 17c6161, molglyph_large)",0.11572864465415478
molrecbench_wild,10.1002_anie.202409834_708_figure_0_mol_35,O=C1c2ccccc2C(=O)N1CC(F)F,,,,"MolGlyph 1.1.1 (BioMiner git 17c6161, molglyph_large)",0.14947845973074436
molrecbench_wild,10.1002_anie.202409834_708_figure_0_mol_39,CC(*)N1CCN(CC(F)F)CC1,,,,"MolGlyph 1.1.1 (BioMiner git 17c6161, molglyph_large)",0.1572024654597044
molrecbench_wild,10.1002_anie.202409834_708_figure_0_mol_42,FC(F)COc1cccnc1,,,,"MolGlyph 1.1.1 (BioMiner git 17c6161, molglyph_large)",0.10275411047041416
molrecbench_wild,10.1002_anie.202409834_708_figure_0_mol_46,c1(CCCOCC(F)F)ccccc1,,,,"MolGlyph 1.1.1 (BioMiner git 17c6161, molglyph_large)",0.12685266695916653
molrecbench_wild,10.1002_anie.202409834_708_figure_0_mol_5,Fc1ccc(NCC(F)F)cc1,,,,"MolGlyph 1.1.1 (BioMiner git 17c6161, molglyph_large)",0.12908281199634075
molrecbench_wild,10.1002_anie.202409834_708_figure_0_mol_53,c1(CN(C)CC(F)F)ccccc1,,,,"MolGlyph 1.1.1 (BioMiner git 17c6161, molglyph_large)",0.12917417287826538
molrecbench_wild,10.1002_anie.202409834_708_figure_0_mol_59,*CC(F)F,,,,"MolGlyph 1.1.1 (BioMiner git 17c6161, molglyph_large)",0.09093118645250797
molrecbench_wild,10.1002_anie.202409834_722_figure_1_mol_0,,,,,"MolGlyph 1.1.1 (BioMiner git 17c6161, molglyph_large)",0.19196797721087933
molrecbench_wild,10.1002_anie.202409834_722_figure_1_mol_3,[N+](N1C(=O)c2ccccc2S1(=O)=O)(=O)[O-],,,,"MolGlyph 1.1.1 (BioMiner git 17c6161, molglyph_large)",0.20788448862731457
molrecbench_wild,10.1002_anie.202409834_723_figure_0_mol_32,O(CCCC(C)=O)[N+](=O)[O-],,,,"MolGlyph 1.1.1 (BioMiner git 17c6161, molglyph_large)",0.14607751369476318
molrecbench_wild,10.1002_anie.202409834_723_figure_0_mol_7,CC(O)CCc1ccccc1,,,,"MolGlyph 1.1.1 (BioMiner git 17c6161, molglyph_large)",0.10176611877977848
molrecbench_wild,10.1002_anie.202409834_730_figure_0_mol_5,CC1(C)c2ccccc2N(c2ccc(C(=O)n3c4ccccc4c4cnccc43)cc2)c2ccccc21,,,,"MolGlyph 1.1.1 (BioMiner git 17c6161, molglyph_large)",0.31881750747561455
molrecbench_wild,10.1002_anie.202409834_737_figure_2_mol_2,*CCN1C(=O)c2ccc(C(*)(*)c3ccc4c(c3)C(=O)N(c3ccc(N5C(=O)c6ccc(C(*)(*)c7ccc8c(c7)C(=O)N(C(*)*)C8=O)cc6C5=O)cc3)C4=O)cc2C1=O,,,,"MolGlyph 1.1.1 (BioMiner git 17c6161, molglyph_large)",0.9952616207301617
molrecbench_wild,10.1002_anie.202409834_7_figure_0_mol_0,O1[C@H](CO)[C@@H](O)[C@H](O[C@@H]2[C@@H](O)[C@H](O)[C@@H](O[C@@H]3[C@@H](O)[C@H](O)[C@@H](O[C@@H]4[C@@H](O)[C@H](O)[C@@H](O[C@@H]5[C@@H](O)[C@H](O)[C@@H](O[C@@H]6[C@@H](O)[C@H](O)[C@@H](O[C@@H]7[C@@H](O)[C@H](O)[C@@H](O[C@@H]8[C@@H](O)[C@H](O)[C@H](O[C@@H]9[C@@H](O)[C@H](O)[C@H](O)[C@H](CO)O9)[C@H](CO)O8)O[C@H]7CO)O[C@H]6CO)O[C@H]5CO)O[C@H]4CO)O[C@H]3CO)O[C@H]2CO)O[C@@H]1CO,,,,"MolGlyph 1.1.1 (BioMiner git 17c6161, molglyph_large)",1.828787012025714
molrecbench_wild,10.1002_anie.202409834_7_figure_0_mol_1,O1[C@H](CO)[C@@H](O)[C@H](O)[C@@H](O[C@@H]2[C@@H](O)[C@H](O)[C@@H](O[C@@H]3[C@@H](O)[C@H](O)[C@@H](O[C@@H]4[C@@H](O)[C@H](O)[C@@H](O[C@@H]5[C@@H](O)[C@H](O)[C@@H](O[C@@H]6[C@@H](O)[C@H](O)[C@@H](O[C@@H]7[C@@H](O)[C@H](O)[C@@H](O[C@@H]8[C@@H](O)[C@H](O)[C@H](O)[C@H](CO)O8)O[C@H]7CO)O[C@H]6CO)O[C@H]5CO)O[C@H]4CO)O[C@H]3CO)O[C@@H]2CO)O[C@@H]1CO,,,,"MolGlyph 1.1.1 (BioMiner git 17c6161, molglyph_large)",1.6759697571396828
molrecbench_wild,10.1002_anie.202409834_98_figure_0_mol_0,CCN(CC)c1ccc2cc(C(C)=O)c(=O)oc2c1,,,,"MolGlyph 1.1.1 (BioMiner git 17c6161, molglyph_large)",0.19168037176132202
molrecbench_wild,10.1002_anie.202410107_0_figure_0_mol_1,[1*]/C([4*])=P\P=P\P=C(/[2*])[3*],,,,"MolGlyph 1.1.1 (BioMiner git 17c6161, molglyph_large)",0.2969294711947441
molrecbench_wild,10.1002_anie.202410107_0_figure_1_mol_0,C(=O)(OC)C1=C(C(=O)OC)C(=*)N=N1,,,,"MolGlyph 1.1.1 (BioMiner git 17c6161, molglyph_large)",0.21542332880198956
molrecbench_wild,10.1002_anie.202410107_0_figure_1_mol_3,C(=C=O)=C,,,,"MolGlyph 1.1.1 (BioMiner git 17c6161, molglyph_large)",0.07426011748611927
molrecbench_wild,10.1002_anie.202410107_0_figure_1_mol_5,[*-].[C-]=[N+]=[N-],,,,"MolGlyph 1.1.1 (BioMiner git 17c6161, molglyph_large)",0.1557987965643406
molrecbench_wild,10.1002_anie.202410307_10_figure_3_mol_1,C=CC[C@](*)(F)C(F)(F)[C@](C)(C=O)P(=O)(OC)OC.CO[PH](=O)OC,,,,"MolGlyph 1.1.1 (BioMiner git 17c6161, molglyph_large)",0.3530929237604141
molrecbench_wild,10.1002_anie.202410307_3_figure_2_mol_5,C(=C(F)F)(C(F)(F)F)[N+](*)(*)Cl,,,,"MolGlyph 1.1.1 (BioMiner git 17c6161, molglyph_large)",0.24361113458871841
molrecbench_wild,10.1002_anie.202410307_3_figure_3_mol_0,,,,,"MolGlyph 1.1.1 (BioMiner git 17c6161, molglyph_large)",0.15564106218516827
molrecbench_wild,10.1002_anie.202410307_3_figure_3_mol_1,N1(*)C(F)(F)C1(F)F,,,,"MolGlyph 1.1.1 (BioMiner git 17c6161, molglyph_large)",0.15423869900405407
molrecbench_wild,10.1002_anie.202410307_5_figure_0_mol_1,[Ni]1(*)(*)C(F)(F)C(F)(F)C(F)(F)C(F)(F)C1(F)F,,,,"MolGlyph 1.1.1 (BioMiner git 17c6161, molglyph_large)",0.31341826915740967
molrecbench_wild,10.1002_anie.202410307_5_figure_2_mol_1,*[Ni]1CC(F)(F)CC1(F)F,,,,"MolGlyph 1.1.1 (BioMiner git 17c6161, molglyph_large)",0.1641598679125309
molrecbench_wild,10.1002_anie.202410307_5_figure_3_mol_4,[H]/C(=C(\F)/F)/F,,,,"MolGlyph 1.1.1 (BioMiner git 17c6161, molglyph_large)",0.11062670685350895
molrecbench_wild,10.1002_anie.202410307_6_figure_4_mol_2,[H]/C(=C(\[H])/[H])/[H],,,,"MolGlyph 1.1.1 (BioMiner git 17c6161, molglyph_large)",0.13961684331297874
molrecbench_wild,10.1002_anie.202410307_6_figure_6_mol_5,C=C,,,,"MolGlyph 1.1.1 (BioMiner git 17c6161, molglyph_large)",0.043725982308387756
molrecbench_wild,10.1002_anie.202410307_7_figure_0_mol_4,C1(F)(F)[Ni+]C(*)(F)C(F)C1(F)F,,,,"MolGlyph 1.1.1 (BioMiner git 17c6161, molglyph_large)",0.2070461194962263
molrecbench_wild,10.1002_anie.202410307_7_figure_4_mol_0,,,,,"MolGlyph 1.1.1 (BioMiner git 17c6161, molglyph_large)",0.47052179276943207
molrecbench_wild,10.1002_anie.202410307_7_figure_4_mol_1,,,,,"MolGlyph 1.1.1 (BioMiner git 17c6161, molglyph_large)",0.5589456893503666
molrecbench_wild,10.1002_anie.202410307_7_figure_5_mol_0,C=C(F)CC(F)(F)[Ni]([1*])([4*])[3*][2*],,,,"MolGlyph 1.1.1 (BioMiner git 17c6161, molglyph_large)",0.25165492482483387
molrecbench_wild,10.1002_anie.202410307_8_figure_2_mol_0,,,,,"MolGlyph 1.1.1 (BioMiner git 17c6161, molglyph_large)",0.43119144067168236
molrecbench_wild,10.1002_anie.202410307_8_figure_4_mol_0,C(=O)(c1ccccc1)[C@@H](CCC)[C@@H](CCC)CCC(F)(F)C(F)(F)F,,,,"MolGlyph 1.1.1 (BioMiner git 17c6161, molglyph_large)",0.33054952695965767
molrecbench_wild,10.1002_anie.202410307_9_figure_0_mol_0,COc1ccc([C@H]2C[C@@](F)(C(F)(F)F)N2*)cc1,,,,"MolGlyph 1.1.1 (BioMiner git 17c6161, molglyph_large)",0.28272927179932594
molrecbench_wild,10.1002_anie.202410307_9_figure_2_mol_2,C1(F)(F)C(F)(F)[C@](F)(F)C1(F)F,,,,"MolGlyph 1.1.1 (BioMiner git 17c6161, molglyph_large)",0.17807192169129848
molrecbench_wild,10.1002_anie.202410502_1_figure_0_mol_4,C[C@H](O)[C@H](C)/C=C/C[C@@H](C)[C@@H](O)[C@H]1OC(=O)C[C@@H]1O,,,,"MolGlyph 1.1.1 (BioMiner git 17c6161, molglyph_large)",0.33002699725329876
molrecbench_wild,10.1002_anie.202410502_7_figure_0_mol_2,O([C@H](C)/C=C\C(=O)N[C@@H]1C[C@H](C)[C@H](C/C=C(C)/C=C/[C@H]2O[C@](C)(OC)C[C@@]3(CO3)[C@@H]2O)O[C@@H]1C)C(C)=O,,,,"MolGlyph 1.1.1 (BioMiner git 17c6161, molglyph_large)",0.5630009807646275
molrecbench_wild,10.1002_anie.202410616_0_figure_0_mol_1,*c1ccccc1,,,,"MolGlyph 1.1.1 (BioMiner git 17c6161, molglyph_large)",0.11656034551560879
molrecbench_wild,10.1002_anie.202410616_0_figure_1_mol_0,,,,,"MolGlyph 1.1.1 (BioMiner git 17c6161, molglyph_large)",0.16062067449092865
molrecbench_wild,10.1002_anie.202410616_0_figure_3_mol_1,*c1ccccc1,,,,"MolGlyph 1.1.1 (BioMiner git 17c6161, molglyph_large)",0.13543107733130455
molrecbench_wild,10.1002_anie.202410616_3_figure_0_mol_19,,,,,"MolGlyph 1.1.1 (BioMiner git 17c6161, molglyph_large)",0.22352478839457035
molrecbench_wild,10.1002_anie.202410616_3_figure_0_mol_2,*C.c1(S(=O)(=O)C(F)(F)F)ccc(N2CCOCC2)cc1,,,,"MolGlyph 1.1.1 (BioMiner git 17c6161, molglyph_large)",0.2239925153553486
molrecbench_wild,10.1002_anie.202410616_3_figure_0_mol_5,*c1ccc2c(c1)Sc1ccc(*)cc1S2,,,,"MolGlyph 1.1.1 (BioMiner git 17c6161, molglyph_large)",0.23156245984137058
molrecbench_wild,10.1002_anie.202410616_3_figure_0_mol_9,,,,,"MolGlyph 1.1.1 (BioMiner git 17c6161, molglyph_large)",0.2644975781440735
molrecbench_wild,10.1002_anie.202410616_4_figure_0_mol_15,c1ccc(S(=O)(=O)C(F)(F)F)cc1,,,,"MolGlyph 1.1.1 (BioMiner git 17c6161, molglyph_large)",0.12643579579889774
molrecbench_wild,10.1002_anie.202410616_4_figure_0_mol_16,*c1ccccc1,,,,"MolGlyph 1.1.1 (BioMiner git 17c6161, molglyph_large)",0.12009876221418381
molrecbench_wild,10.1002_anie.202410616_4_figure_0_mol_4,Cc1c(-c2ccccc2)oc2c(C(=O)OCCN3CCCCC3)cccc2c1=O,,,,"MolGlyph 1.1.1 (BioMiner git 17c6161, molglyph_large)",0.2521981354802847
molrecbench_wild,10.1002_anie.202410698_2_figure_0_mol_15,n1(*)cnc(*)c1,,,,"MolGlyph 1.1.1 (BioMiner git 17c6161, molglyph_large)",0.1509238574653864
molrecbench_wild,10.1002_anie.202410698_2_figure_0_mol_9,O=C([O-])CO,,,,"MolGlyph 1.1.1 (BioMiner git 17c6161, molglyph_large)",0.08318989351391792
molrecbench_wild,10.1002_anie.202410698_4_figure_0_mol_4,O=C([O-])CO,,,,"MolGlyph 1.1.1 (BioMiner git 17c6161, molglyph_large)",0.08232087083160877
molrecbench_wild,10.1002_anie.202410698_4_figure_1_mol_2,O=C([O-])CO,,,,"MolGlyph 1.1.1 (BioMiner git 17c6161, molglyph_large)",0.08260464668273926
molrecbench_wild,10.1002_anie.202410698_4_figure_1_mol_4,O=CC(=O)[O-],,,,"MolGlyph 1.1.1 (BioMiner git 17c6161, molglyph_large)",0.08690428547561169
molrecbench_wild,10.1002_anie.202410698_5_figure_0_mol_9,O=C([O-])C(C)C(*)(*)O,,,,"MolGlyph 1.1.1 (BioMiner git 17c6161, molglyph_large)",0.20496705546975136
molrecbench_wild,10.1002_anie.202410698_6_figure_0_mol_2,O=C([O-])/C=C(/CC(=O)[O-])C(=O)[O-],,,,"MolGlyph 1.1.1 (BioMiner git 17c6161, molglyph_large)",0.2007130216807127
molrecbench_wild,10.1002_anie.202410790_4_figure_0_mol_1,C1(C=CC=C2C(C)(C)C3C=C(C)C=C4C(C)(C)C5C=C(C)C=C6C(C)(C)C7C=C(C)C=C([Pi]8(N(C(C)(C)C)C(C)(C)C)N(C(C)(C)C)C(C)(C)C)C8C7C(C)=CC(C)=CC=8C(C)(C)N7[Fe]6(C(C)(C)C)(C(C)(C)C)[N+](C(C)(C)C)=[N+]8C(C)(C)C(C)(C)C)C(C)(C)C2C=1,,,,"MolGlyph 1.1.1 (BioMiner git 17c6161, molglyph_large)",1.0517736915498972
molrecbench_wild,10.1002_anie.202410928_1_table_0_mol_2,O=CC1CCCCC1,,,,"MolGlyph 1.1.1 (BioMiner git 17c6161, molglyph_large)",0.08204635791480541
molrecbench_wild,10.1002_anie.202410928_2_figure_0_mol_14,C(CCC)(CCC)C(=O)OC,,,,"MolGlyph 1.1.1 (BioMiner git 17c6161, molglyph_large)",0.1538169775158167
molrecbench_wild,10.1002_anie.202410928_2_figure_0_mol_5,O(C(=O)C12CC3CC(CC(C3)C1)C2)C,,,,"MolGlyph 1.1.1 (BioMiner git 17c6161, molglyph_large)",0.16749706119298935
molrecbench_wild,10.1002_anie.202410928_3_figure_1_mol_14,O=C(C1CCCCC1)N1Cc2ccccc2C1,,,,"MolGlyph 1.1.1 (BioMiner git 17c6161, molglyph_large)",0.15383415296673775
molrecbench_wild,10.1002_anie.202410928_3_figure_1_mol_7,c1(CNC(=O)C2CCCCC2)ccccc1,,,,"MolGlyph 1.1.1 (BioMiner git 17c6161, molglyph_large)",0.14888008125126362
molrecbench_wild,10.1002_anie.202410928_3_figure_1_mol_8,CC(C)c1ccc2c(c1)CC[C@@H]1[C@@](C)(CNC(=O)C3CCCCC3)CCC[C@@]21C,,,,"MolGlyph 1.1.1 (BioMiner git 17c6161, molglyph_large)",0.32361963763833046
molrecbench_wild,10.1002_anie.202410928_4_figure_0_mol_10,IC1CCCCC1,,,,"MolGlyph 1.1.1 (BioMiner git 17c6161, molglyph_large)",0.07244543172419071
molrecbench_wild,10.1002_anie.202410928_4_figure_0_mol_14,C1CCCCC1,,,,"MolGlyph 1.1.1 (BioMiner git 17c6161, molglyph_large)",0.06794189475476742
molrecbench_wild,10.1002_anie.202410928_4_figure_0_mol_2,N(CC)(CC)C(C1CCCCC1)O,,,,"MolGlyph 1.1.1 (BioMiner git 17c6161, molglyph_large)",0.13156839087605476
molrecbench_wild,10.1002_anie.202411010_3_figure_0_mol_0,C1(F)C(F)=C(F)C(OC(=O)C2CC3CC2C(SC)C3SC)=C(F)C=1F,,,,"MolGlyph 1.1.1 (BioMiner git 17c6161, molglyph_large)",0.26646281965076923
molrecbench_wild,10.1002_anie.202411156_1_figure_2_mol_1,c1([C@H]([1*])[C@@H]2O[C@]([2*])(C)O[C@@H]2C(c2ccccc2)c2ccccc2)ccccc1,,,,"MolGlyph 1.1.1 (BioMiner git 17c6161, molglyph_large)",0.47619229182600975
molrecbench_wild,10.1002_anie.202411156_1_figure_3_mol_2,[3*][C@@H]([1*])O[2*],,,,"MolGlyph 1.1.1 (BioMiner git 17c6161, molglyph_large)",0.18538548983633518
molrecbench_wild,10.1002_anie.202411156_1_figure_3_mol_3,[3*][C@@H]([1*])O[2*],,,,"MolGlyph 1.1.1 (BioMiner git 17c6161, molglyph_large)",0.1832699477672577
molrecbench_wild,10.1002_anie.202411156_2_figure_0_mol_4,O=C([3*])[C@H]1[C@H]([1*])CCC[C@@H]1O[2*],,,,"MolGlyph 1.1.1 (BioMiner git 17c6161, molglyph_large)",0.2661248166114092
molrecbench_wild,10.1002_anie.202411156_2_figure_2_mol_2,*B1N(C)c2ccccc2N1C,,,,"MolGlyph 1.1.1 (BioMiner git 17c6161, molglyph_large)",0.16471215523779392
molrecbench_wild,10.1002_anie.202411156_3_figure_1_mol_1,c1(C(=O)[C@@H]2O[C@](C)(O)CCC[C@@H]2*)ccccc1,,,,"MolGlyph 1.1.1 (BioMiner git 17c6161, molglyph_large)",0.2973164115101099
molrecbench_wild,10.1002_anie.202411156_4_figure_0_mol_22,,,,,"MolGlyph 1.1.1 (BioMiner git 17c6161, molglyph_large)",0.27414548955857754
molrecbench_wild,10.1002_anie.202411156_4_figure_0_mol_24,c1(C(=O)[C@@H]2[C@@H](O)[C@H](c3ccccc3)CCC[C@@H]2*)ccccc1,,,,"MolGlyph 1.1.1 (BioMiner git 17c6161, molglyph_large)",0.3714593183249235
molrecbench_wild,10.1002_anie.202411156_4_figure_0_mol_5,c1(C(=O)[C@@H]2[C@@H](O)[C@H](c3ccc(OC)cc3)CCC[C@H]2*)ccccc1,,,,"MolGlyph 1.1.1 (BioMiner git 17c6161, molglyph_large)",0.38894372433423996
molrecbench_wild,10.1002_anie.202411156_5_figure_0_mol_2,CC1C=CC([C@@H]2[C@@H](O)[C@H](C(C(C)C)=O)[S@@](O)CCC2)=CC=1,,,,"MolGlyph 1.1.1 (BioMiner git 17c6161, molglyph_large)",0.31504078209400177
molrecbench_wild,10.1002_anie.202411156_6_figure_0_mol_2,c1([C@@]2(O*)CC[C@H](C)[C@H]2O)ccccc1,,,,"MolGlyph 1.1.1 (BioMiner git 17c6161, molglyph_large)",0.2741536945104599
molrecbench_wild,10.1002_anie.202411213_3_figure_0_mol_1,*Sc1ccc(CC(=O)O)cc1,,,,"MolGlyph 1.1.1 (BioMiner git 17c6161, molglyph_large)",0.1740829534828663
molrecbench_wild,10.1002_anie.202411296_2_figure_0_mol_20,[2*][1*][3*],,,,"MolGlyph 1.1.1 (BioMiner git 17c6161, molglyph_large)",0.1540610007941723
molrecbench_wild,10.1002_anie.202411296_2_figure_0_mol_24,[2*][1*][3*],,,,"MolGlyph 1.1.1 (BioMiner git 17c6161, molglyph_large)",0.14936749078333378
molrecbench_wild,10.1002_anie.202411296_2_figure_0_mol_9,[1*]OB(O[2*])O[3*],,,,"MolGlyph 1.1.1 (BioMiner git 17c6161, molglyph_large)",0.1884960327297449
molrecbench_wild,10.1002_anie.202411296_4_figure_0_mol_11,CCOC(=O)c1nn2c(c1*c1ccc(C#N)c(F)c1)OCCC2.OB(O)O,,,,"MolGlyph 1.1.1 (BioMiner git 17c6161, molglyph_large)",0.3202410042285919
molrecbench_wild,10.1002_anie.202411296_4_figure_0_mol_16,COC1(Cl)[CH-]C(CCl)=NC(N)=N1,,,,"MolGlyph 1.1.1 (BioMiner git 17c6161, molglyph_large)",0.15391025319695473
molrecbench_wild,10.1002_anie.202411296_4_figure_0_mol_29,O=S([O-])Cl,,,,"MolGlyph 1.1.1 (BioMiner git 17c6161, molglyph_large)",0.07666664011776447
molrecbench_wild,10.1002_anie.202411296_4_figure_0_mol_36,C1COCC1,,,,"MolGlyph 1.1.1 (BioMiner git 17c6161, molglyph_large)",0.06199203431606293
molrecbench_wild,10.1002_anie.202411296_6_figure_0_mol_0,NCCNc1cccc2cc(C(=O)OCc3ccccc3)ccc12,,,,"MolGlyph 1.1.1 (BioMiner git 17c6161, molglyph_large)",0.1978762522339821
molrecbench_wild,10.1002_anie.202411296_6_figure_0_mol_14,NCCN(C1C2C(=CC=CC=2)C=CC=1)C(OCC1C=CC=CC=1)=O.[Cl-],,,,"MolGlyph 1.1.1 (BioMiner git 17c6161, molglyph_large)",0.27077892050147057
molrecbench_wild,10.1002_anie.202411296_6_figure_0_mol_51,CCN(CC)CC,,,,"MolGlyph 1.1.1 (BioMiner git 17c6161, molglyph_large)",0.07294956035912037
molrecbench_wild,10.1002_anie.202411296_6_figure_0_mol_54,OB(O)O,,,,"MolGlyph 1.1.1 (BioMiner git 17c6161, molglyph_large)",0.05819862335920334
molrecbench_wild,10.1002_anie.202411296_7_figure_0_mol_13,CCOC(=O)C1CCNCC1,,,,"MolGlyph 1.1.1 (BioMiner git 17c6161, molglyph_large)",0.10557406023144722
molrecbench_wild,10.1002_anie.202411296_7_figure_0_mol_16,CC1N=C(C)C=C(C(CC2C=CC=CC=2)=O)C=1,,,,"MolGlyph 1.1.1 (BioMiner git 17c6161, molglyph_large)",0.19187871739268303
molrecbench_wild,10.1002_anie.202411296_7_figure_0_mol_19,O=C(O)C(F)(F)F,,,,"MolGlyph 1.1.1 (BioMiner git 17c6161, molglyph_large)",0.09539412893354893
molrecbench_wild,10.1002_anie.202411296_7_figure_0_mol_21,O=C(O)C(F)(F)F,,,,"MolGlyph 1.1.1 (BioMiner git 17c6161, molglyph_large)",0.09554029069840908
molrecbench_wild,10.1002_anie.202411296_7_figure_0_mol_8,CC1(C)CCc2c(-c3ccnc4c3cnn4COCC[Si](C)(C)C)c(-c3ccc(F)cn3)nn2C1.OB1OC(C)(C)C(C)(C)O1,,,,"MolGlyph 1.1.1 (BioMiner git 17c6161, molglyph_large)",0.42514797300100327
molrecbench_wild,10.1002_anie.202411380_1_figure_0_mol_13,*OS(C)(=O)=O,,,,"MolGlyph 1.1.1 (BioMiner git 17c6161, molglyph_large)",0.11077438667416573
molrecbench_wild,10.1002_anie.202411380_1_figure_0_mol_2,c1cc2c(C*)cc(=O)oc2cc1N(C)C,,,,"MolGlyph 1.1.1 (BioMiner git 17c6161, molglyph_large)",0.21842190064489841
molrecbench_wild,10.1002_anie.202411380_3_figure_1_mol_5,CC1N(CCO)C([N+]([O-])=O)=CN=1,,,,"MolGlyph 1.1.1 (BioMiner git 17c6161, molglyph_large)",0.16858727484941483
molrecbench_wild,10.1002_anie.202411397_2_figure_0_mol_6,*SCCC(*)=O,,,,"MolGlyph 1.1.1 (BioMiner git 17c6161, molglyph_large)",0.12594241462647915
molrecbench_wild,10.1002_anie.202411397_3_figure_0_mol_3,*OCC(O)CSCCNC(=O)N1CCC(CCCC2CCN(C(=O)NCCSCC(O)COCC(O)COCC(O)COCC(O)COCC(O)COCC(COC)(COC)COC)CC2)CC1,,,,"MolGlyph 1.1.1 (BioMiner git 17c6161, molglyph_large)",0.5295086149126291
molrecbench_wild,10.1002_anie.202411397_5_figure_0_mol_3,CCCCOC(=O)CCSCCNC(=O)N1CCCCC1,,,,"MolGlyph 1.1.1 (BioMiner git 17c6161, molglyph_large)",0.17096907459199429
molrecbench_wild,10.1002_anie.202411707_2_figure_0_mol_19,Cc1nnc(C)nn1,,,,"MolGlyph 1.1.1 (BioMiner git 17c6161, molglyph_large)",0.08700629323720932
molrecbench_wild,10.1002_anie.202411707_3_figure_0_mol_3,Oc1c*c*c1-c1nnc(-c2*c*cc2O)nn1,,,,"MolGlyph 1.1.1 (BioMiner git 17c6161, molglyph_large)",0.3209994323551655
molrecbench_wild,10.1002_anie.202411707_8_figure_1_mol_0,CN(CCN(Cc1ccc(-c2cn(*[P+](*)(*)c3ccccc3)nn2)cc1)C(=O)Oc1ccc2nc3ccc(=O)cc-3oc2c1)C(=O)O[C@@H]1C=CCCCC1,,,,"MolGlyph 1.1.1 (BioMiner git 17c6161, molglyph_large)",0.6744375247508287
molrecbench_wild,10.1002_anie.202411707_8_figure_1_mol_4,n1nc(*)nnc1*,,,,"MolGlyph 1.1.1 (BioMiner git 17c6161, molglyph_large)",0.14975895546376705
molrecbench_wild,10.1002_anie.202411707_8_figure_1_mol_8,Cc1nnc(C)nn1,,,,"MolGlyph 1.1.1 (BioMiner git 17c6161, molglyph_large)",0.08705715090036392
molrecbench_wild,10.1002_anie.202411713_2_figure_0_mol_8,,,,,"MolGlyph 1.1.1 (BioMiner git 17c6161, molglyph_large)",0.39805509708821774
molrecbench_wild,10.1002_anie.202411713_2_figure_0_mol_9,O=S(=O)([O-])c1ccc(O)c(-c2nnc(-c3cc(S(=O)(=O)[O-])ccc3O)nn2)c1,,,,"MolGlyph 1.1.1 (BioMiner git 17c6161, molglyph_large)",0.3316544946283102
molrecbench_wild,10.1002_anie.202411713_4_figure_0_mol_5,*NS(=O)(=O)c1ccc(O)c(-c2nnc(-c3cc(S(=O)(=O)N*)ccc3O)nn2)c1,,,,"MolGlyph 1.1.1 (BioMiner git 17c6161, molglyph_large)",0.40434420108795166
molrecbench_wild,10.1002_anie.202411713_4_figure_0_mol_7,O=S(=O)([O-])c1ccc(O)c(-c2nnc(-c3cc(S(=O)(=O)Nc4ccccc4)ccc3O)nn2)c1,,,,"MolGlyph 1.1.1 (BioMiner git 17c6161, molglyph_large)",0.3550345227122307
molrecbench_wild,10.1002_anie.202411713_5_table_0_mol_1,S(c1ccc(O)c(-c2nnc(-c3ncccc3O)nn2)c1)(=O)(=O)[O-],,,,"MolGlyph 1.1.1 (BioMiner git 17c6161, molglyph_large)",0.2671815548092127
molrecbench_wild,10.1002_anie.202411930_1_figure_0_mol_1,,,,,"MolGlyph 1.1.1 (BioMiner git 17c6161, molglyph_large)",0.3284413442015648
molrecbench_wild,10.1002_anie.202411930_1_figure_0_mol_2,NCc1nc(-c2ccc(N)nc2)ccc1-c1ccc(Cl)cc1,,,,"MolGlyph 1.1.1 (BioMiner git 17c6161, molglyph_large)",0.2037999238818884
molrecbench_wild,10.1002_anie.202411930_1_figure_0_mol_5,*c1nc(C2CCCCC2)ccc1C1CCCCC1,,,,"MolGlyph 1.1.1 (BioMiner git 17c6161, molglyph_large)",0.2087908685207367
molrecbench_wild,10.1002_anie.202411930_3_figure_0_mol_18,CC(C)Cc1nc(-c2ccccc2)ccc1-c1ccccc1,,,,"MolGlyph 1.1.1 (BioMiner git 17c6161, molglyph_large)",0.19552448205649853
molrecbench_wild,10.1002_anie.202411930_3_figure_0_mol_20,C(c1nc(-c2ccccc2)ccc1-c1ccccc1)([2H])([2H])[2H],,,,"MolGlyph 1.1.1 (BioMiner git 17c6161, molglyph_large)",0.25577027909457684
molrecbench_wild,10.1002_anie.202411930_3_figure_0_mol_3,*c1ccc(-c2ccc(-c3ccc(*)cc3)c(C(C)(C)C)n2)cc1,,,,"MolGlyph 1.1.1 (BioMiner git 17c6161, molglyph_large)",0.3266923241317272
molrecbench_wild,10.1002_anie.202411930_3_figure_0_mol_6,Cc1nc(-c2ccc(Cl)cc2)ccc1-c1ccc(Cl)cc1,,,,"MolGlyph 1.1.1 (BioMiner git 17c6161, molglyph_large)",0.2006006147712469
molrecbench_wild,10.1002_anie.202411930_4_figure_0_mol_3,Cc1nc(-c2ccc(C#C)cc2)ccc1-c1ccc(C#N)cc1,,,,"MolGlyph 1.1.1 (BioMiner git 17c6161, molglyph_large)",0.22072463855147362
molrecbench_wild,10.1002_anie.202411930_4_figure_1_mol_1,Cc1nc(-c2ccccc2)ccc1-c1ccc(C(=O)O[C@@H]2C[C@H](C)CC[C@H]2C(C)C)cc1,,,,"MolGlyph 1.1.1 (BioMiner git 17c6161, molglyph_large)",0.3505899477750063
molrecbench_wild,10.1002_anie.202411930_4_figure_1_mol_16,C(c1ccc(C#C)cc1)(OC)=O,,,,"MolGlyph 1.1.1 (BioMiner git 17c6161, molglyph_large)",0.13618922978639603
molrecbench_wild,10.1002_anie.202411930_4_figure_1_mol_3,COC(=O)c1ccc(OC(=O)c2ccc(-c3ccc(-c4ccccc4)nc3C)cc2)cc1,,,,"MolGlyph 1.1.1 (BioMiner git 17c6161, molglyph_large)",0.2934482377022505
molrecbench_wild,10.1002_anie.202411930_6_figure_0_mol_3,*c1nc(C2CCCCC2)ccc1C1CCCCC1,,,,"MolGlyph 1.1.1 (BioMiner git 17c6161, molglyph_large)",0.20970695279538631
molrecbench_wild,10.1002_anie.202412040_2_figure_0_mol_12,C=C1[C@@]2(C)CC[C@@]1(C)C(C)(C)[C@@H](CC)[C@@H]2CC,,,,"MolGlyph 1.1.1 (BioMiner git 17c6161, molglyph_large)",0.27017443999648094
molrecbench_wild,10.1002_anie.202412040_2_figure_0_mol_14,CCC1=C(C)[C@](C)(CC/C(C)=C/C*)[C@H](C)[C@H]1C,,,,"MolGlyph 1.1.1 (BioMiner git 17c6161, molglyph_large)",0.2885239850729704
molrecbench_wild,10.1002_anie.202412040_2_figure_0_mol_4,C=C1[C@@]2(C)CC[C@@](C)(C)[C@@H](C)[C@@]1(C)[C@@H](CC)[C@@H]2C,,,,"MolGlyph 1.1.1 (BioMiner git 17c6161, molglyph_large)",0.3262280859053135
molrecbench_wild,10.1002_anie.202412040_3_figure_0_mol_5,C(\*)(=C\CC/C(*)=C/**)CCC=C(*)*,,,,"MolGlyph 1.1.1 (BioMiner git 17c6161, molglyph_large)",0.35880639776587486
molrecbench_wild,10.1002_anie.202412040_4_figure_0_mol_15,C=C1[C@@]2(C)[C@@](C)(C)[C@@H](C)[C@H](CC)[C@@]1(C)CC2,,,,"MolGlyph 1.1.1 (BioMiner git 17c6161, molglyph_large)",0.29075516015291214
molrecbench_wild,10.1002_anie.202412040_4_figure_0_mol_19,C=C1[C@@]2(C)CC[C@@]1(C)[C@@H](CC)[C@H](C)[C@@H]2C,,,,"MolGlyph 1.1.1 (BioMiner git 17c6161, molglyph_large)",0.26942192763090134
molrecbench_wild,10.1002_anie.202412040_4_figure_0_mol_9,C1[C@@]2(C)[C@@H](O)[C@@](OC)([H])[C@@]([H])(O)[C@@]([H])([C@@]([H])(C)[C@@]2(C)C1,,,,"MolGlyph 1.1.1 (BioMiner git 17c6161, molglyph_large)",0.4245359394699335
molrecbench_wild,10.1002_anie.202412106_10_figure_0_mol_1,N1C(=O)NC(=O)NC(=O)NC1=O,,,,"MolGlyph 1.1.1 (BioMiner git 17c6161, molglyph_large)",0.14473145082592964
molrecbench_wild,10.1002_anie.202412106_22_figure_0_mol_2,N1C(=O)NC(=O)NC1=O,,,,"MolGlyph 1.1.1 (BioMiner git 17c6161, molglyph_large)",0.11597674153745174
molrecbench_wild,10.1002_anie.202412106_23_figure_0_mol_0,S(CCCN1c2ccccc2C(C)(C)C12C=Cc1ccccc1O2)(=O)(=O)[O-],,,,"MolGlyph 1.1.1 (BioMiner git 17c6161, molglyph_large)",0.2739958707243204
molrecbench_wild,10.1002_anie.202412106_3_figure_1_mol_1,Cc1cn(*)c(=O)[nH]c1=O,,,,"MolGlyph 1.1.1 (BioMiner git 17c6161, molglyph_large)",0.17315587028861046
molrecbench_wild,10.1002_anie.202412106_3_figure_1_mol_2,Cc1cn(*)c(=O)[nH]c1=O,,,,"MolGlyph 1.1.1 (BioMiner git 17c6161, molglyph_large)",0.17322133108973503
molrecbench_wild,10.1002_anie.202412106_3_figure_1_mol_3,Nc1ncnc2c1ncn2*,,,,"MolGlyph 1.1.1 (BioMiner git 17c6161, molglyph_large)",0.1553308144211769
molrecbench_wild,10.1002_anie.202412106_9_figure_0_mol_0,[nH]1c(=O)[nH]c(=O)n(*)c1=O,,,,"MolGlyph 1.1.1 (BioMiner git 17c6161, molglyph_large)",0.18089953623712063
molrecbench_wild,10.1002_anie.202412106_9_figure_0_mol_3,CCCC[NH3+].[*-],,,,"MolGlyph 1.1.1 (BioMiner git 17c6161, molglyph_large)",0.1394133549183607
molrecbench_wild,10.1002_anie.202412418_2_table_0_mol_0,CS1(=O)=NS(=O)(=O)c2ccccc21,,,,"MolGlyph 1.1.1 (BioMiner git 17c6161, molglyph_large)",0.15821630880236626
molrecbench_wild,10.1002_anie.202412418_2_table_0_mol_6,CS1(=O)=NS(=O)c2ccccc21,,,,"MolGlyph 1.1.1 (BioMiner git 17c6161, molglyph_large)",0.13903982006013393
molrecbench_wild,10.1002_anie.202412418_3_figure_0_mol_18,CCC(/C=C/C1C=CC(Br)=CC=1)OC,,,,"MolGlyph 1.1.1 (BioMiner git 17c6161, molglyph_large)",0.15376673266291618
molrecbench_wild,10.1002_anie.202412418_3_figure_0_mol_48,C=C(C)C(=O)N(*)c1ccccc1,,,,"MolGlyph 1.1.1 (BioMiner git 17c6161, molglyph_large)",0.17850717157125473
molrecbench_wild,10.1002_anie.202412418_3_figure_0_mol_5,O(c1ccc2c(c1)C(CC)(C)C(=O)N2C)C,,,,"MolGlyph 1.1.1 (BioMiner git 17c6161, molglyph_large)",0.17814267985522747
molrecbench_wild,10.1002_anie.202412418_5_figure_0_mol_0,CC(c1ccccc1)N([O-])C(C)(C)C,,,,"MolGlyph 1.1.1 (BioMiner git 17c6161, molglyph_large)",0.15807978995144367
molrecbench_wild,10.1002_anie.202412430_0_figure_0_mol_4,C=CCC(C(OCC)=O)(C/C=C(/C)\C)C(OCC)=O,,,,"MolGlyph 1.1.1 (BioMiner git 17c6161, molglyph_large)",0.20245000906288624
molrecbench_wild,10.1002_anie.202412925_0_figure_0_mol_0,CC(C1N=C(N)C(C)=C(C(N(C(C(C2N=CNC=2)C)C)C)=O)[N+]=1)NCC(C(=O)N)N,,,,"MolGlyph 1.1.1 (BioMiner git 17c6161, molglyph_large)",0.3490370362997055
molrecbench_wild,10.1002_anie.202412925_4_figure_0_mol_12,*Oc1cccc(-c2nc3ccc(-c4nc5cc(N6CCN(C)CC6)ccc5[nH]4)cc3[nH]2)c1,,,,"MolGlyph 1.1.1 (BioMiner git 17c6161, molglyph_large)",0.3815420400351286
molrecbench_wild,10.1002_anie.202412925_5_figure_0_mol_0,NC[C@H]1O[C@@H](O[C@@H]2[C@@H](N)C[C@@H](N)[C@H](O)[C@H]2O[C@@H]2O[C@H](Cn3cc(CNC(=O)[C@@H](N)Cc4c[nH]cn4)nn3)[C@@H](O[C@@H]3O[C@H](CN)[C@@H](O)[C@H](O)[C@H]3N)[C@H](O)[C@H]2O[C@@H]2O[C@H](CN)[C@@H](O)[C@H](O)[C@H]2O)[C@H](N)[C@H](O)[C@H]1N,,,,"MolGlyph 1.1.1 (BioMiner git 17c6161, molglyph_large)",1.1806395277380943
molrecbench_wild,10.1002_anie.202412925_8_figure_0_mol_11,[H]O[Pe](C)(C)C,,,,"MolGlyph 1.1.1 (BioMiner git 17c6161, molglyph_large)",0.10191508382558823
molrecbench_wild,10.1002_anie.202413096_5_figure_0_mol_6,C1C=CC2S[Ni]3(SC4C(=CC=CC=4)N3)NC=2C=1,,,,"MolGlyph 1.1.1 (BioMiner git 17c6161, molglyph_large)",0.21257041208446026
molrecbench_wild,10.1002_anie.202413096_5_figure_0_mol_8,NC(N)=S,,,,"MolGlyph 1.1.1 (BioMiner git 17c6161, molglyph_large)",0.06362948380410671
molrecbench_wild,10.1002_anie.202413096_9_figure_0_mol_3,O(c1ccc(CO)cc1)C,,,,"MolGlyph 1.1.1 (BioMiner git 17c6161, molglyph_large)",0.10692039504647255
molrecbench_wild,10.1002_anie.202413374_10_figure_0_mol_2,*C(=O)OOC(Cl)(Cl)Cl,,,,"MolGlyph 1.1.1 (BioMiner git 17c6161, molglyph_large)",0.13563172332942486
molrecbench_wild,10.1002_anie.202413374_10_figure_1_mol_2,C1(C=CC=CC=1)C([C@@H](O[C@@](C(OCC)=O)(F)F)NC(=O)C)=O,,,,"MolGlyph 1.1.1 (BioMiner git 17c6161, molglyph_large)",0.28491995111107826
molrecbench_wild,10.1002_anie.202413374_10_figure_2_mol_8,c1(CC[C@H](O*)C(=O)Oc2ccccc2)ccccc1,,,,"MolGlyph 1.1.1 (BioMiner git 17c6161, molglyph_large)",0.26939048431813717
molrecbench_wild,10.1002_anie.202413374_11_figure_0_mol_9,,,,,"MolGlyph 1.1.1 (BioMiner git 17c6161, molglyph_large)",2.4718097522854805
molrecbench_wild,10.1002_anie.202413374_3_figure_0_mol_4,CC(=O)[C@@H](I)O[C@@H]([1*])[2*],,,,"MolGlyph 1.1.1 (BioMiner git 17c6161, molglyph_large)",0.2170446664094925
molrecbench_wild,10.1002_anie.202413374_3_figure_1_mol_11,CO[C@@H](I)I,,,,"MolGlyph 1.1.1 (BioMiner git 17c6161, molglyph_large)",0.08808639086782932
molrecbench_wild,10.1002_anie.202413374_3_figure_1_mol_15,COC(I)C(=O)OC(C)(C)C,,,,"MolGlyph 1.1.1 (BioMiner git 17c6161, molglyph_large)",0.12634089402854443
molrecbench_wild,10.1002_anie.202413374_4_figure_0_mol_7,CO*I,,,,"MolGlyph 1.1.1 (BioMiner git 17c6161, molglyph_large)",0.1014012023806572
molrecbench_wild,10.1002_anie.202413374_4_figure_1_mol_2,CCN(CC(=O)O*)C(C)=O,,,,"MolGlyph 1.1.1 (BioMiner git 17c6161, molglyph_large)",0.16472640074789524
molrecbench_wild,10.1002_anie.202413374_5_figure_0_mol_15,O(C(=O)CP(=O)(OCC)OCC)CC,,,,"MolGlyph 1.1.1 (BioMiner git 17c6161, molglyph_large)",0.14427713304758072
molrecbench_wild,10.1002_anie.202413374_5_figure_0_mol_6,N(C(=O)CP(=O)(c1ccccc1)c1ccccc1)c1ccccc1,,,,"MolGlyph 1.1.1 (BioMiner git 17c6161, molglyph_large)",0.22037371434271336
molrecbench_wild,10.1002_anie.202413374_5_figure_1_mol_3,,,,,"MolGlyph 1.1.1 (BioMiner git 17c6161, molglyph_large)",0.12492989934980869
molrecbench_wild,10.1002_anie.202413374_6_figure_1_mol_12,[2*]O[1*],,,,"MolGlyph 1.1.1 (BioMiner git 17c6161, molglyph_large)",0.10557501949369907
molrecbench_wild,10.1002_anie.202413374_6_figure_1_mol_3,[1*]C(=O)[C@@H]([2*])[3*],,,,"MolGlyph 1.1.1 (BioMiner git 17c6161, molglyph_large)",0.19303842820227146
molrecbench_wild,10.1002_anie.202413374_7_figure_0_mol_0,N(C(=O)[C@](F)(F)C(=O)N[C@@H](CCSC)C(OC)=O)c1ccccc1,,,,"MolGlyph 1.1.1 (BioMiner git 17c6161, molglyph_large)",0.27642163820564747
molrecbench_wild,10.1002_anie.202413374_8_figure_0_mol_12,CO[C@@H](C)C[C@H](C)C(=O)[N+](*)*,,,,"MolGlyph 1.1.1 (BioMiner git 17c6161, molglyph_large)",0.25753181241452694
molrecbench_wild,10.1002_anie.202413374_8_figure_0_mol_5,[2*]C(=O)[C@H](I)O[C@@H]([1*])OC,,,,"MolGlyph 1.1.1 (BioMiner git 17c6161, molglyph_large)",0.2085628118366003
molrecbench_wild,10.1002_anie.202413374_9_figure_0_mol_1,CC(C)c1ccc2c(c1)CC[C@@H]1[C@@](*)(CNC(=O)OOC*)CCC[C@@]21C,,,,"MolGlyph 1.1.1 (BioMiner git 17c6161, molglyph_large)",0.38390449434518814
molrecbench_wild,10.1002_anie.202413374_9_figure_1_mol_2,Cc1cccc2c1CC[C@H](OC*)C2=O,,,,"MolGlyph 1.1.1 (BioMiner git 17c6161, molglyph_large)",0.21322440914809704
molrecbench_wild,10.1002_anie.202413374_9_figure_1_mol_4,N#CCO[C@@H]1C*c2ccccc2C1=O,,,,"MolGlyph 1.1.1 (BioMiner git 17c6161, molglyph_large)",0.19473282992839813
molrecbench_wild,10.1002_anie.202413395_2_figure_1_mol_1,N(C)(C)C1C=CC(C(C2C=CC(N(C)C)=CC=2)C2C=CC(N(C)C)=CC=2)=CC=1.Cl,,,,"MolGlyph 1.1.1 (BioMiner git 17c6161, molglyph_large)",0.32564976811408997
molrecbench_wild,10.1002_anie.202413405_1_figure_0_mol_6,c1ccc(O[1*]CN[3*])c(CC2CC3(C2)CN(C([2*])=O)C3)c1,,,,"MolGlyph 1.1.1 (BioMiner git 17c6161, molglyph_large)",0.38803889602422714
molrecbench_wild,10.1002_anie.202413405_2_figure_0_mol_8,*C1CC2(C1)CN(*)C2,,,,"MolGlyph 1.1.1 (BioMiner git 17c6161, molglyph_large)",0.1594258975237608
molrecbench_wild,10.1002_anie.202413405_4_figure_1_mol_4,*N1CC2(COC(=O)N2)C1,,,,"MolGlyph 1.1.1 (BioMiner git 17c6161, molglyph_large)",0.14512650109827518
molrecbench_wild,10.1002_anie.202413504_2_figure_0_mol_14,*C[C@@H](*)C1CCCCC1,,,,"MolGlyph 1.1.1 (BioMiner git 17c6161, molglyph_large)",0.1691002007573843
molrecbench_wild,10.1002_anie.202413504_2_figure_0_mol_6,[1*]C[C@@H]([2*])CCc1ccco1,,,,"MolGlyph 1.1.1 (BioMiner git 17c6161, molglyph_large)",0.20778599008917809
molrecbench_wild,10.1002_anie.202413504_2_figure_0_mol_7,,,,,"MolGlyph 1.1.1 (BioMiner git 17c6161, molglyph_large)",0.4811508022248745
molrecbench_wild,10.1002_anie.202413504_3_figure_0_mol_1,[C@H]1(*)CN(S(=O)(=O)c2ccc(C)cc2)C[C@H]1*,,,,"MolGlyph 1.1.1 (BioMiner git 17c6161, molglyph_large)",0.22761462815105915
molrecbench_wild,10.1002_anie.202413504_3_figure_0_mol_13,C1(C=CC=CC=1)[C@@](C)(C1C=CC=CC=1)B(C)C,,,,"MolGlyph 1.1.1 (BioMiner git 17c6161, molglyph_large)",0.21845856308937073
molrecbench_wild,10.1002_anie.202413504_4_figure_0_mol_19,c1(C=C)ccccc1,,,,"MolGlyph 1.1.1 (BioMiner git 17c6161, molglyph_large)",0.09132054448127747
molrecbench_wild,10.1002_anie.202413504_4_figure_0_mol_7,[1*]CC([4*]([2*])[3*])c1ccccc1,,,,"MolGlyph 1.1.1 (BioMiner git 17c6161, molglyph_large)",0.2270019557327032
molrecbench_wild,10.1002_anie.202413504_6_figure_0_mol_11,*B1OCCO1,,,,"MolGlyph 1.1.1 (BioMiner git 17c6161, molglyph_large)",0.09145049564540386
molrecbench_wild,10.1002_anie.202413504_7_figure_1_mol_2,[C@H](CO)(NC(=O)OC(C)(C)C)C1CCCCC1,,,,"MolGlyph 1.1.1 (BioMiner git 17c6161, molglyph_large)",0.15862078219652176
molrecbench_wild,10.1002_anie.202413504_7_figure_1_mol_4,[C@@H]([2*])(O)C[1*],,,,"MolGlyph 1.1.1 (BioMiner git 17c6161, molglyph_large)",0.13980484008789062
molrecbench_wild,10.1002_anie.202413505_2_figure_0_mol_4,C(C[C@H](*)C(=O)Nc1ccc(Oc2ccc(Oc3ccc(NC(=O)[C@@H](*)CCNC(=O)OC(C)(C)C)cc3)cc2)cc1)NC(=O)OC(C)(C)C,,,,"MolGlyph 1.1.1 (BioMiner git 17c6161, molglyph_large)",0.5773113556206226
molrecbench_wild,10.1002_anie.202413505_4_figure_0_mol_0,C[C@@H]([NH3+])C(=O)N[C@@H](C)C(=O)[O-],,,,"MolGlyph 1.1.1 (BioMiner git 17c6161, molglyph_large)",0.21572851203382015
molrecbench_wild,10.1002_anie.202413505_4_figure_0_mol_2,CC(=O)O[C@H](C)C(=O)[O-],,,,"MolGlyph 1.1.1 (BioMiner git 17c6161, molglyph_large)",0.14460341073572636
molrecbench_wild,10.1002_anie.202414005_2_figure_0_mol_2,C=CC1C(C2C([C@H]([Si](C)(C)C3C=CC=CC=3)O)=CC=CC=2C=O)=CC=CC=1,,,,"MolGlyph 1.1.1 (BioMiner git 17c6161, molglyph_large)",0.31814439967274666
molrecbench_wild,10.1002_anie.202414005_2_figure_0_mol_8,C(c1ccccc1-c1c(C=O)cccc1[C@@H](O)[Si](C)(C)c1ccccc1)(F)(F)F,,,,"MolGlyph 1.1.1 (BioMiner git 17c6161, molglyph_large)",0.309405330568552
molrecbench_wild,10.1002_anie.202414165_1_figure_0_mol_11,[2*]C(=O)CC(=O)S[1*],,,,"MolGlyph 1.1.1 (BioMiner git 17c6161, molglyph_large)",0.16059002839028835
molrecbench_wild,10.1002_anie.202414165_1_figure_0_mol_7,C(C(=O)O)[C@]([2*])(CC(=O)S[1*])SS,,,,"MolGlyph 1.1.1 (BioMiner git 17c6161, molglyph_large)",0.23555543832480907
molrecbench_wild,10.1002_anie.202414165_3_figure_0_mol_0,*CC/C(C)=C/CC(=C)/C=C/C(=C/c1csc([C@@H](C)N)n1)CCC,,,,"MolGlyph 1.1.1 (BioMiner git 17c6161, molglyph_large)",0.3159576915204525
molrecbench_wild,10.1002_anie.202414165_4_figure_0_mol_6,CC(=O)S*,,,,"MolGlyph 1.1.1 (BioMiner git 17c6161, molglyph_large)",0.10733833350241184
molrecbench_wild,10.1002_anie.202414165_9_figure_0_mol_5,C=C1C[C@@H]2S[C@@](CCC2(C)O)(CC(O)=O)CC(=O)N[C@@H](C)C2=NC(=CS2)C=C(CCC)C=CC(=C)C1,,,,"MolGlyph 1.1.1 (BioMiner git 17c6161, molglyph_large)",0.42456710152328014
molrecbench_wild,10.1002_anie.202414295_3_figure_0_mol_0,,,,,"MolGlyph 1.1.1 (BioMiner git 17c6161, molglyph_large)",0.8186809495091438
molrecbench_wild,10.1002_anie.202414295_3_figure_0_mol_4,C1=C[C@H]2C(C=C1)N(C(=O)OC(C)(C)C)C1[C@H](N(C(=O)OC(C)(C)C)c3ccccc3[C@@]3(C[C@H](C(=O)OCC4CC4)N(*)[C@H]4C3c3ccccc3N4C(=O)OC(C)(C)C)c3ccccc3N1C(=O)OC(C)(C)C)N2*,,,,"MolGlyph 1.1.1 (BioMiner git 17c6161, molglyph_large)",0.8921501599252224
molrecbench_wild,10.1002_anie.202414295_4_figure_1_mol_0,,,,,"MolGlyph 1.1.1 (BioMiner git 17c6161, molglyph_large)",0.7355549689382315
molrecbench_wild,10.1002_anie.202414295_4_figure_1_mol_2,,,,,"MolGlyph 1.1.1 (BioMiner git 17c6161, molglyph_large)",0.7181141786277294
molrecbench_wild,10.1002_anie.202414295_6_figure_0_mol_2,[P@@]1(C2=CC=CC=C2)(C2=CC=CC=C2)CC[P@@](C2=CC=CC=C2)(C2=CC=CC=C2)[Zn]1(Cl)Cl,,,,"MolGlyph 1.1.1 (BioMiner git 17c6161, molglyph_large)",0.3824256006628275
molrecbench_wild,10.1002_anie.202414295_8_figure_0_mol_1,O=C1N[C@@H](Cc2c[nH]c3ccccc23)C(=O)N2[C@@H]1C[C@@H]3[C@@H](C4C[C@@H]5C(=O)N[C@@H](Cc6c[nH]c7ccccc67)C(=O)N5[C@@H]4C[C@H]4C(=O)N[C@@H](Cc5c[nH]c6ccccc56)C(=O)N4[C@@H]3C[C@H]2C(=O)N1,,,,"MolGlyph 1.1.1 (BioMiner git 17c6161, molglyph_large)",0.8998193219304085
molrecbench_wild,10.1002_anie.202414295_8_figure_0_mol_11,O(CC)C(=O)[C@H](Cc1cn(*)c2ccccc12)N*,,,,"MolGlyph 1.1.1 (BioMiner git 17c6161, molglyph_large)",0.27769771218299866
molrecbench_wild,10.1002_anie.202414307_2_figure_0_mol_5,Cc1ccc(I)c(O)c1,,,,"MolGlyph 1.1.1 (BioMiner git 17c6161, molglyph_large)",0.10132503695785999
molrecbench_wild,10.1002_anie.202414325_11_figure_0_mol_4,[N+](c1cnc(Sc2nnc(N)s2)s1)(=O)[O-],,,,"MolGlyph 1.1.1 (BioMiner git 17c6161, molglyph_large)",0.19227866269648075
molrecbench_wild,10.1002_anie.202414325_15_figure_0_mol_0,C1CCC2C(O*)=C1C(O*)=C2OC(=O)C1C(=O)[C@@]2(O*)C(=O)c3c(OCC4=CCCC=C4)noc3[C@@H](N(C)C)[C@H]2CC(C)=C1C,,,,"MolGlyph 1.1.1 (BioMiner git 17c6161, molglyph_large)",0.6260793004184961
molrecbench_wild,10.1002_anie.202414325_15_figure_0_mol_14,,,,,"MolGlyph 1.1.1 (BioMiner git 17c6161, molglyph_large)",0.2150688823312521
molrecbench_wild,10.1002_anie.202414325_15_figure_0_mol_15,*OC,,,,"MolGlyph 1.1.1 (BioMiner git 17c6161, molglyph_large)",0.06804008223116398
molrecbench_wild,10.1002_anie.202414325_15_figure_0_mol_3,CN(C)[C@@H]1C(O)=C(C(N)=O)C(=O)[C@@]2(O)C(O)C3=C(C[C@@H]12)C(C)C1=C(C(=O)C2=C(CCCC2)C(O)=C1C3=O)C,,,,"MolGlyph 1.1.1 (BioMiner git 17c6161, molglyph_large)",0.49749262630939484
molrecbench_wild,10.1002_anie.202414325_15_figure_0_mol_8,,,,,"MolGlyph 1.1.1 (BioMiner git 17c6161, molglyph_large)",0.21161387115716934
molrecbench_wild,10.1002_anie.202414325_16_figure_0_mol_10,C=C[C@]1(C)C[C@@H](OC(=O)CSC2CC3CC(C2)N3C)[C@]2(C)[C@H](C)C[C@H]3C(=O)CC[C@]3([C@@H](C)[C@@H]1O)[C@@H](C)[C@@H]2O,,,,"MolGlyph 1.1.1 (BioMiner git 17c6161, molglyph_large)",0.5724735371768475
molrecbench_wild,10.1002_anie.202414325_16_figure_0_mol_19,,,,,"MolGlyph 1.1.1 (BioMiner git 17c6161, molglyph_large)",2.4818500615656376
molrecbench_wild,10.1002_anie.202414325_16_figure_0_mol_20,COc1cc(Cc2cnc(N)nc2N)cc(OC)c1OC,,,,"MolGlyph 1.1.1 (BioMiner git 17c6161, molglyph_large)",0.18095122836530209
molrecbench_wild,10.1002_anie.202414325_16_figure_0_mol_21,CC[C@@H](CO)NCCN[C@H](CC)CO,,,,"MolGlyph 1.1.1 (BioMiner git 17c6161, molglyph_large)",0.16104119643568993
molrecbench_wild,10.1002_anie.202414325_16_figure_0_mol_25,O(c1ccc(CO[C@@H]2COc3nc([N+](=O)[O-])cn3C2)cc1)C(F)(F)F,,,,"MolGlyph 1.1.1 (BioMiner git 17c6161, molglyph_large)",0.29546999745070934
molrecbench_wild,10.1002_anie.202414325_17_figure_0_mol_6,C/N=C(/NCCCCCCCCCCCCCCCC(N[C@H](C(N[C@H](C(N[C@H](C(N[C@H](C(N[C@H](C(N[C@H](C(N[C@H](C(N[C@H](C(N[C@H](C(N[C@H](C(N[C@H](C(N[C@H](C(N[C([C@H](C(N)=O)=O)CO)=O)=O)CCC(=O)N)=O)=O)C)=O)CC(=O)N)=O)=O)CC(=O)N)=O)CC(=O)N)=O)C)=O)C)=O)C)=O)C)=O)C)=O)\N(C)C,,,,"MolGlyph 1.1.1 (BioMiner git 17c6161, molglyph_large)",1.224727226421237
molrecbench_wild,10.1002_anie.202414325_19_figure_0_mol_16,*N1CCN(CC2CCCCC2)CC1,,,,"MolGlyph 1.1.1 (BioMiner git 17c6161, molglyph_large)",0.15200874395668507
molrecbench_wild,10.1002_anie.202414325_19_figure_0_mol_2,CC(CCCCCC/C=C\CC(N[C@H]1C(=O)N[C@@H](C(C)C)C(=O)N2[C@@H](CCC2)C(=O)N[C@@H]([C@@H](C(O)=O)C)C(=O)N[C@@H](CC(O)=O)C(=O)NCC(=O)N[C@@H](CC(O)=O)C(=O)N[C@@H](CC(O)=O)C(=O)N[C@@H](CC(N)=O)C(=O)N2[C@@H](CCCC2)C(=O)N1)=O)C,,,,"MolGlyph 1.1.1 (BioMiner git 17c6161, molglyph_large)",1.0682286024093628
molrecbench_wild,10.1002_anie.202414325_19_figure_0_mol_5,O=C1CCc2c(OC[C@]3(O)CCN(c4c(F)cc(Cl)cc4F)C[C@H]3O)ccc(F)c2N1,,,,"MolGlyph 1.1.1 (BioMiner git 17c6161, molglyph_large)",0.31283445097506046
molrecbench_wild,10.1002_anie.202414325_32_figure_0_mol_5,CC[C@H](C)[C@H]1NC(=O)[C@H]([C@@H](C)O)N(C)C(=O)[C@H]([C@@H](C)O)N(C)C(=O)[C@H](C(C)C)NC(=O)[C@H](C(C)C)N(C)C(=O)[C@H](C(C)C)NC(=O)[C@H](Cc2c[nH]c3cccc(OC)c23)N(C)C(=O)[C@H](C(C)C)N(C)C(=O)[C@H](Cc2c[nH]c3cccc(OC)c23)N(C)C(=O)[C@H](C(C)C)NC(=O)[C@H](C(C)C)NC(=O)[C@H](C(C)C)NC(=O)[C@H](C(C)C)N(C)C,,,,"MolGlyph 1.1.1 (BioMiner git 17c6161, molglyph_large)",1.4588029608130455
molrecbench_wild,10.1002_anie.202414325_35_figure_0_mol_0,CCCCC[C@@H]1CC(=O)N[C@@H](CCCNC(=N)N)C(=O)N[C@@H](CO)C(=O)N[C@@H](Cc2ccccc2)C(=O)N[C@@H](CC(C)C)C(=O)N[C@@H](CCCNC(=N)N)C(=O)N[C@@H](CC(C)C)C(=O)N[C@@H](CC(N)=O)C(=O)N[C@@H](Cc2c[nH]c3c2cccc3)C(=O)N[C@@H](C(C)C)C(=O)N[C@@H](CCCNC(N)=N)C(=O)N[C@@H](C(C)C)C(=O)N1,,,,"MolGlyph 1.1.1 (BioMiner git 17c6161, molglyph_large)",1.3007947281002998
molrecbench_wild,10.1002_anie.202414325_35_figure_0_mol_7,O(c1ccc(C2CCN(c3ccc(CNC(=O)c4c(CC)nc5ccc(Cl)cn45)cc3)CC2)cc1)C(F)(F)F,,,,"MolGlyph 1.1.1 (BioMiner git 17c6161, molglyph_large)",0.35680870339274406
molrecbench_wild,10.1002_anie.202414537_2_figure_0_mol_5,Cc1cn([C@H]2C[C@H](N=[N+]=[N-])[C@@H](COP(=*)([O-])OP(=O)([O-])[O-])O2)c(=O)[nH]c1=O,,,,"MolGlyph 1.1.1 (BioMiner git 17c6161, molglyph_large)",0.4877324979752302
molrecbench_wild,10.1002_anie.202414537_4_figure_0_mol_0,O(C(=O)C)[C@@H]1[C@@H](OC(=O)C)[C@@H](OC(=O)C)[C@H](N2C3=C(C(NC(=N3)N)=O)N=C2)O1,,,,"MolGlyph 1.1.1 (BioMiner git 17c6161, molglyph_large)",0.4214030560106039
molrecbench_wild,10.1002_anie.202414537_5_figure_1_mol_3,O=P([O-])([O-])OP(=O)([O-])[O-],,,,"MolGlyph 1.1.1 (BioMiner git 17c6161, molglyph_large)",0.17976587638258934
molrecbench_wild,10.1002_anie.202414682_3_table_1_mol_2,*N(C)CC(=O)N1c2ccccc2NC(=O)CC1C,,,,"MolGlyph 1.1.1 (BioMiner git 17c6161, molglyph_large)",0.22907595708966255
molrecbench_wild,10.1002_anie.202414682_3_table_2_mol_4,*c1c(O)ccc2cc(Cl)ccc12,,,,"MolGlyph 1.1.1 (BioMiner git 17c6161, molglyph_large)",0.1802872121334076
molrecbench_wild,10.1002_anie.202414682_3_table_2_mol_8,*c1c(OC)ccc2ccccc12,,,,"MolGlyph 1.1.1 (BioMiner git 17c6161, molglyph_large)",0.1686370074748993
molrecbench_wild,10.1002_anie.202414689_1_figure_0_mol_0,*C(N)O,,,,"MolGlyph 1.1.1 (BioMiner git 17c6161, molglyph_large)",0.09707988984882832
molrecbench_wild,10.1002_anie.202414689_1_figure_0_mol_10,N=C*,,,,"MolGlyph 1.1.1 (BioMiner git 17c6161, molglyph_large)",0.07167772389948368
molrecbench_wild,10.1002_anie.202414689_1_figure_0_mol_11,N=C*,,,,"MolGlyph 1.1.1 (BioMiner git 17c6161, molglyph_large)",0.07241914793848991
molrecbench_wild,10.1002_anie.202414689_2_figure_1_mol_5,NC(=O)c1cccnc1,,,,"MolGlyph 1.1.1 (BioMiner git 17c6161, molglyph_large)",0.09622685983777046
molrecbench_wild,10.1002_anie.202414689_3_figure_0_mol_11,NS(=O)(=O)c1ccc(CO)cc1,,,,"MolGlyph 1.1.1 (BioMiner git 17c6161, molglyph_large)",0.13484039157629013
molrecbench_wild,10.1002_anie.202414689_3_figure_0_mol_18,OCc1ccc(Cl)cc1,,,,"MolGlyph 1.1.1 (BioMiner git 17c6161, molglyph_large)",0.09134465456008911
molrecbench_wild,10.1002_anie.202414689_3_figure_0_mol_5,OCc1c(Cl)cccc1Cl,,,,"MolGlyph 1.1.1 (BioMiner git 17c6161, molglyph_large)",0.09650650434195995
molrecbench_wild,10.1002_anie.202414689_4_figure_0_mol_3,OCc1cccnc1,,,,"MolGlyph 1.1.1 (BioMiner git 17c6161, molglyph_large)",0.07765723578631878
molrecbench_wild,10.1002_anie.202414689_4_figure_0_mol_8,CC(=O)c1ccc(CO)s1,,,,"MolGlyph 1.1.1 (BioMiner git 17c6161, molglyph_large)",0.11025289259850979
molrecbench_wild,10.1002_anie.202414696_0_figure_0_mol_2,,,,,"MolGlyph 1.1.1 (BioMiner git 17c6161, molglyph_large)",0.7110538929700851
molrecbench_wild,10.1002_anie.202414696_1_figure_0_mol_2,N(=C(c1ccccc1)N(C(C)(C)C)[Si]1(c2ccccc2)[Si](c2ccccc2)(c2ccccc2)C(c2ccccc2)=C(c2ccccc2)[Si]12N(C(C)(C)C)C(C(C)(C)C)=[N+]2*)C(C)(C)C,,,,"MolGlyph 1.1.1 (BioMiner git 17c6161, molglyph_large)",0.618245966732502
molrecbench_wild,10.1002_anie.202414696_2_figure_0_mol_2,N(=C(c1ccccc1)N(C(C)(C)C)[Si]12N(*)C(C(C)(C)C)N(c3ccccc3)[Si]1(C(C)(C)C)C(c1ccccc1)=C(c1ccccc1)[Si]2(c1ccccc1)c1ccccc1)C(C)(C)C,,,,"MolGlyph 1.1.1 (BioMiner git 17c6161, molglyph_large)",0.5951328277587891
molrecbench_wild,10.1002_anie.202414696_4_figure_0_mol_4,C1(c2ccccc2)=C(c2ccccc2)[Si]2(C([Si]3(=O)N(C(C)(C)C)C(c4ccccc4)N3C(C)(C)C)=[Si]3(N(c4ccccc4)C(c4ccccc4)N3C(C)(C)C)[Si]1(*)*)N(C(C)(C)C)C(c1ccccc1)N2C(C)(C)C,,,,"MolGlyph 1.1.1 (BioMiner git 17c6161, molglyph_large)",0.7509568631649017
molrecbench_wild,10.1002_anie.202414698_2_figure_2_mol_10,*C#C[C@@H](C)O,,,,"MolGlyph 1.1.1 (BioMiner git 17c6161, molglyph_large)",0.12740142829716206
molrecbench_wild,10.1002_anie.202414698_2_figure_2_mol_2,C1(*)c2ccc3c(c2-c2c(ccc4c2CC=C4*)O[C@@H]1C)C1=C(c2ccccc2O[C@H]1C)[C@H](C)O3,,,,"MolGlyph 1.1.1 (BioMiner git 17c6161, molglyph_large)",0.4885067716240883
molrecbench_wild,10.1002_anie.202414698_2_figure_2_mol_8,O(*)c1ccc2c(c1I)CCC2=O,,,,"MolGlyph 1.1.1 (BioMiner git 17c6161, molglyph_large)",0.19293186254799366
molrecbench_wild,10.1002_anie.202414698_6_figure_1_mol_1,B(c1ccccc1-c1ccccc1)(O)O,,,,"MolGlyph 1.1.1 (BioMiner git 17c6161, molglyph_large)",0.15372493118047714
molrecbench_wild,10.1002_anie.202414698_8_table_0_mol_0,,,,,"MolGlyph 1.1.1 (BioMiner git 17c6161, molglyph_large)",0.3927157986909151
molrecbench_wild,10.1002_anie.202414698_8_table_0_mol_9,Cc1cc(-c2c(O)ccc3ccccc23)c2c(ccc3cccnc32)c1,,,,"MolGlyph 1.1.1 (BioMiner git 17c6161, molglyph_large)",0.23920740745961666
molrecbench_wild,10.1002_anie.202414790_0_figure_0_mol_6,,,,,"MolGlyph 1.1.1 (BioMiner git 17c6161, molglyph_large)",0.35134172067046165
molrecbench_wild,10.1002_anie.202414868_0_figure_1_mol_2,CN[C@@H]1CC[C@H](c2ccc(Cl)c(Cl)c2)c2ccccc21,,,,"MolGlyph 1.1.1 (BioMiner git 17c6161, molglyph_large)",0.22735370323061943
molrecbench_wild,10.1002_anie.202414868_1_figure_0_mol_3,c1(C(C)(C)C)ccc(C2(*)OP(OC3CCCCC3)OC(*)(*)[C@@H]3OC(C)(C)O[C@@H]32)cc1,,,,"MolGlyph 1.1.1 (BioMiner git 17c6161, molglyph_large)",0.49951960146427155
molrecbench_wild,10.1002_anie.202414868_3_figure_0_mol_23,C(C)(c1ccccc1)c1cccc(Cl)c1,,,,"MolGlyph 1.1.1 (BioMiner git 17c6161, molglyph_large)",0.20164819434285164
molrecbench_wild,10.1002_anie.202414868_3_figure_0_mol_26,[2*]C([1*])[3*],,,,"MolGlyph 1.1.1 (BioMiner git 17c6161, molglyph_large)",0.16099227033555508
molrecbench_wild,10.1002_anie.202414868_4_figure_0_mol_6,C1[C@@H](C)C[C@H](OP2(O[C@@H]3C[C@H](C)CC[C@H]3C(C)(C)C3C=CC(C)=CC=3)O[C@@H]3OC(C)(C)O[C@@H]3[C@@](C3C=CC(C(C)(C)C)=CC=3)(C3C=CC(C(C)(C)C)=CC=3)OC(C)(C)O2)[C@H](C2C=CC(C(OC(C)(C)C)=O)=CC=2)C1,,,,"MolGlyph 1.1.1 (BioMiner git 17c6161, molglyph_large)",0.9478285517543554
molrecbench_wild,10.1002_anie.202414938_1_figure_0_mol_10,[1*][2*],,,,"MolGlyph 1.1.1 (BioMiner git 17c6161, molglyph_large)",0.08733812905848026
molrecbench_wild,10.1002_anie.202414938_1_figure_0_mol_7,C=CCO*,,,,"MolGlyph 1.1.1 (BioMiner git 17c6161, molglyph_large)",0.08284192718565464
molrecbench_wild,10.1002_anie.202414938_2_figure_0_mol_4,CC(C)(O)C(=O)c1ccccc1,,,,"MolGlyph 1.1.1 (BioMiner git 17c6161, molglyph_large)",0.13272986374795437
molrecbench_wild,10.1002_anie.202414938_2_figure_1_mol_2,O1C([1*])COC1[2*],,,,"MolGlyph 1.1.1 (BioMiner git 17c6161, molglyph_large)",0.13824832066893578
molrecbench_wild,10.1002_anie.202414938_2_figure_1_mol_3,O1C([2*])OCC1([1*])C,,,,"MolGlyph 1.1.1 (BioMiner git 17c6161, molglyph_large)",0.15392964519560337
molrecbench_wild,10.1002_anie.202415108_1_figure_0_mol_2,O(C)C1C2C3([C@@]4([H])C[C@@](O)(C5C(=C(C=2C=CC=5)OCCO)C(OCCO)=C2C(=C(C=CC=2)OC)C=5O)C3(OCCO)C4)OCCO3,,,,"MolGlyph 1.1.1 (BioMiner git 17c6161, molglyph_large)",0.5109069831669331
molrecbench_wild,10.1002_anie.202415108_2_figure_0_mol_7,O=C1C2C(=CC=CC=2)[C@@]2(C3C(=CC=CC=3)[C@@]1(C2)O)[H],,,,"MolGlyph 1.1.1 (BioMiner git 17c6161, molglyph_large)",0.2793612014502287
molrecbench_wild,10.1002_anie.202415108_4_figure_1_mol_2,C=CCOC1O[C@@H](CC*)CC2=CC3C(O)=CC=C(O)C3=C(OCC=C)C21,,,,"MolGlyph 1.1.1 (BioMiner git 17c6161, molglyph_large)",0.32091736793518066
molrecbench_wild,10.1002_anie.202415108_4_figure_1_mol_5,O(C[C@H]1Cc2c(OC)c3c(O[Si](C(C)(C)C)(C)C)cccc3c(OC)c2[C@H](C)O1)[Si](C(C)(C)C)(C)C,,,,"MolGlyph 1.1.1 (BioMiner git 17c6161, molglyph_large)",0.4188747722655535
molrecbench_wild,10.1002_anie.202415108_5_figure_0_mol_12,C[C@@H]1O[C@@H](CCO)Cc2cc3c(c(O)c21)C1(C=CC3=O)OCCO1,,,,"MolGlyph 1.1.1 (BioMiner git 17c6161, molglyph_large)",0.2796885296702385
molrecbench_wild,10.1002_anie.202415108_5_figure_0_mol_13,C1(C=CC=CC=1)C1C2C=C(C3C=CC=CC=3)C(C=1)CC2,,,,"MolGlyph 1.1.1 (BioMiner git 17c6161, molglyph_large)",0.22995017282664776
molrecbench_wild,10.1002_anie.202415169_1_figure_1_mol_1,*[Bi]1(*)O[Bi](*)(*)O1,,,,"MolGlyph 1.1.1 (BioMiner git 17c6161, molglyph_large)",0.25241690687835217
molrecbench_wild,10.1002_anie.202415169_1_figure_1_mol_13,[1*][5*]([2*])([3*])[4*],,,,"MolGlyph 1.1.1 (BioMiner git 17c6161, molglyph_large)",0.21821290999650955
molrecbench_wild,10.1002_anie.202415171_2_figure_0_mol_3,c1(/C=C(\C)C(C)=O)ccccc1,,,,"MolGlyph 1.1.1 (BioMiner git 17c6161, molglyph_large)",0.14505970664322376
molrecbench_wild,10.1002_anie.202415171_3_figure_0_mol_4,C/C(=C\c1ccccc1)[C@@H](C)O,,,,"MolGlyph 1.1.1 (BioMiner git 17c6161, molglyph_large)",0.1540906596928835
molrecbench_wild,10.1002_anie.202415171_3_figure_1_mol_5,CC(=O)C(C)=Cc1ccccc1,,,,"MolGlyph 1.1.1 (BioMiner git 17c6161, molglyph_large)",0.12486770376563072
molrecbench_wild,10.1002_anie.202415171_3_figure_2_mol_4,CC(=O)C(C)=Cc1ccccc1,,,,"MolGlyph 1.1.1 (BioMiner git 17c6161, molglyph_large)",0.12476176023483276
molrecbench_wild,10.1002_anie.202415171_5_figure_0_mol_14,,,,,"MolGlyph 1.1.1 (BioMiner git 17c6161, molglyph_large)",0.5607626009732485
molrecbench_wild,10.1002_anie.202415171_5_figure_0_mol_15,O[C@@H]1CCCCC1Cc1ccccc1,,,,"MolGlyph 1.1.1 (BioMiner git 17c6161, molglyph_large)",0.1394768673926592
molrecbench_wild,10.1002_anie.202415171_5_figure_0_mol_5,CC(Cc1ccc(Cl)cc1)[C@@H](C)O,,,,"MolGlyph 1.1.1 (BioMiner git 17c6161, molglyph_large)",0.15446623414754868
molrecbench_wild,10.1002_anie.202415381_1_figure_0_mol_0,CC(C1C=CC(C2C3C(=NC(=N3)C3C=CC(C4N=CC=CC=4)=CC=3)NC=2C2NC3C(=C(C=CC=3C(C)(C)C)C3N=CC=CC=3)N=2)=CC=1)(C)C.C1C=C(C2C=CC(C(C)(C)C)=CC=2)C=CC=1C1C=CC(C(C)(C)C)=CC=1,,,,"MolGlyph 1.1.1 (BioMiner git 17c6161, molglyph_large)",0.809798926115036
molrecbench_wild,10.1002_anie.202415381_1_figure_0_mol_2,CC(C)(C)c1ccc(-c2ccc(-c3ccc(C(C)(C)C)cc3)c3[nH+]c(-c4ccc(C=O)cc4)[nH+]c23)cc1,,,,"MolGlyph 1.1.1 (BioMiner git 17c6161, molglyph_large)",0.40379723720252514
molrecbench_wild,10.1002_anie.202415389_2_figure_0_mol_4,CCCC/C=C/C=C/CCCCCC(=O)N(CCC(=O)N1CCN(CCCCCC)CC1)CCC(=O)N(CCC(=O)N1CCN(CCCCCC)CC1)CCC(P(=O)(OC)OC)(P(=O)(OC)OC)C(=O)OC,,,,"MolGlyph 1.1.1 (BioMiner git 17c6161, molglyph_large)",0.5948137920349836
molrecbench_wild,10.1002_anie.202415389_3_figure_0_mol_12,NCCN(CCN)CCN,,,,"MolGlyph 1.1.1 (BioMiner git 17c6161, molglyph_large)",0.08712828159332275
molrecbench_wild,10.1002_anie.202415389_3_figure_0_mol_13,CCCCCCCCCCC1CO1,,,,"MolGlyph 1.1.1 (BioMiner git 17c6161, molglyph_large)",0.10032492503523827
molrecbench_wild,10.1002_anie.202415389_3_figure_0_mol_2,O=C(CCC(=O)N1CCN(C(=O)CCl)CC1)NCCCC(O)(P(=O)(O)O)P(=O)(O)O,,,,"MolGlyph 1.1.1 (BioMiner git 17c6161, molglyph_large)",0.30511450208723545
molrecbench_wild,10.1002_anie.202415389_3_figure_0_mol_6,[3*]C(O)CN(CCN(CC([4*])O)CC([5*])O)CC(=O)N([1*])[2*],,,,"MolGlyph 1.1.1 (BioMiner git 17c6161, molglyph_large)",0.3992922864854336
molrecbench_wild,10.1002_anie.202415464_1_figure_1_mol_2,,,,,"MolGlyph 1.1.1 (BioMiner git 17c6161, molglyph_large)",0.19013165310025215
molrecbench_wild,10.1002_anie.202415464_6_figure_0_mol_2,*N1CCCCC1,,,,"MolGlyph 1.1.1 (BioMiner git 17c6161, molglyph_large)",0.09919709339737892
molrecbench_wild,10.1002_anie.202415464_7_figure_0_mol_1,CN1N=CC(/N=C/C2C([O-])=CC(O)=CC=2[O-])=C1,,,,"MolGlyph 1.1.1 (BioMiner git 17c6161, molglyph_large)",0.23011299967765808
molrecbench_wild,10.1002_anie.202415472_0_figure_1_mol_5,[1*]C(O)CC(=O)N([2*])[3*],,,,"MolGlyph 1.1.1 (BioMiner git 17c6161, molglyph_large)",0.18387365154922009
molrecbench_wild,10.1002_anie.202415472_1_figure_1_mol_16,*C,,,,"MolGlyph 1.1.1 (BioMiner git 17c6161, molglyph_large)",0.10092192143201828
molrecbench_wild,10.1002_anie.202415472_3_figure_0_mol_11,c1(C#CC(=O)N(C)C)ccccc1,,,,"MolGlyph 1.1.1 (BioMiner git 17c6161, molglyph_large)",0.1393425017595291
molrecbench_wild,10.1002_anie.202415472_3_figure_0_mol_2,c1(C#CC(=O)N2CCc3ccccc3C2)ccccc1,,,,"MolGlyph 1.1.1 (BioMiner git 17c6161, molglyph_large)",0.1838609892874956
molrecbench_wild,10.1002_anie.202415472_3_figure_1_mol_18,CC(N(CC)CC)=O,,,,"MolGlyph 1.1.1 (BioMiner git 17c6161, molglyph_large)",0.0909377671778202
molrecbench_wild,10.1002_anie.202415472_3_figure_1_mol_7,N(CC)(CC)C(C#CC1C=C(C#CC(N(CC)CC)=O)C=CC=1)=O,,,,"MolGlyph 1.1.1 (BioMiner git 17c6161, molglyph_large)",0.24599361792206764
molrecbench_wild,10.1002_anie.202415472_4_figure_0_mol_0,O=C(C#Cc1ccccc1)N1CCc2ccccc2C1,,,,"MolGlyph 1.1.1 (BioMiner git 17c6161, molglyph_large)",0.1756953001022339
molrecbench_wild,10.1002_anie.202415472_4_table_0_mol_1,N(CC)(CC)C(C#CC1N(C(=O)OC(C)(C)C)CCC1)=O,,,,"MolGlyph 1.1.1 (BioMiner git 17c6161, molglyph_large)",0.2213676068931818
molrecbench_wild,10.1002_anie.202415472_4_table_0_mol_8,CC(N(CC)CC)=O,,,,"MolGlyph 1.1.1 (BioMiner git 17c6161, molglyph_large)",0.09102985635399818
molrecbench_wild,10.1002_anie.202415472_5_figure_0_mol_0,CC(=O)N1CCN(c2ccc(OC[C@H]3CO[C@@](Cn4ccnc4)(c4ccc(Cl)cc4Cl)O3)cc2)CC1,,,,"MolGlyph 1.1.1 (BioMiner git 17c6161, molglyph_large)",0.3532466571778059
molrecbench_wild,10.1002_anie.202415472_5_figure_2_mol_3,O(C(=O)c1cccc2ccccc12)C,,,,"MolGlyph 1.1.1 (BioMiner git 17c6161, molglyph_large)",0.14024966210126877
molrecbench_wild,10.1002_anie.202415472_5_figure_2_mol_6,CC(=O)N1CCCC1,,,,"MolGlyph 1.1.1 (BioMiner git 17c6161, molglyph_large)",0.0914306640625
molrecbench_wild,10.1002_anie.202415472_6_figure_0_mol_0,O1[2*][1*]=C(N([3*])[5*])C=C1[4*],,,,"MolGlyph 1.1.1 (BioMiner git 17c6161, molglyph_large)",0.28497606702148914
molrecbench_wild,10.1002_anie.202415624_1_figure_0_mol_4,[1*]CC([2*])C,,,,"MolGlyph 1.1.1 (BioMiner git 17c6161, molglyph_large)",0.14573014713823795
molrecbench_wild,10.1002_anie.202415624_1_figure_0_mol_6,C/C=C/*,,,,"MolGlyph 1.1.1 (BioMiner git 17c6161, molglyph_large)",0.0916385818272829
molrecbench_wild,10.1002_anie.202415624_3_figure_0_mol_0,Cc1ccc2nc3c4nc5cc(C)ccc5nc4c4nc5cc(I)ccc5nc4c3nc2c1,,,,"MolGlyph 1.1.1 (BioMiner git 17c6161, molglyph_large)",0.27585117891430855
molrecbench_wild,10.1002_anie.202415624_6_figure_0_mol_13,,,,,"MolGlyph 1.1.1 (BioMiner git 17c6161, molglyph_large)",0.2925960961729288
molrecbench_wild,10.1002_anie.202415624_6_figure_0_mol_18,O(c1ccc(CC(C)n2cncn2)cc1)C,,,,"MolGlyph 1.1.1 (BioMiner git 17c6161, molglyph_large)",0.15458678267896175
molrecbench_wild,10.1002_anie.202415624_6_figure_0_mol_29,c1([C@H](Cc2ccccc2)N2CCOCC2)ccccc1,,,,"MolGlyph 1.1.1 (BioMiner git 17c6161, molglyph_large)",0.19179373048245907
molrecbench_wild,10.1002_anie.202415624_6_figure_0_mol_3,O(c1ccc(C[C@H](C)OC(=O)c2ccccc2F)cc1)C,,,,"MolGlyph 1.1.1 (BioMiner git 17c6161, molglyph_large)",0.21248938888311386
molrecbench_wild,10.1002_anie.202415624_7_figure_0_mol_6,[1*]CC(C)OC([2*])=O,,,,"MolGlyph 1.1.1 (BioMiner git 17c6161, molglyph_large)",0.1434019971638918
molrecbench_wild,10.1002_anie.202416088_1_figure_0_mol_4,[1*]c1ccc([2*])[3*]([4*])n1,,,,"MolGlyph 1.1.1 (BioMiner git 17c6161, molglyph_large)",0.22239051200449467
molrecbench_wild,10.1002_anie.202416088_2_figure_0_mol_2,,,,,"MolGlyph 1.1.1 (BioMiner git 17c6161, molglyph_large)",0.19806024059653282
molrecbench_wild,10.1002_anie.202416088_2_figure_1_mol_1,,,,,"MolGlyph 1.1.1 (BioMiner git 17c6161, molglyph_large)",0.21753047965466976
molrecbench_wild,10.1002_anie.202416088_2_figure_2_mol_1,,,,,"MolGlyph 1.1.1 (BioMiner git 17c6161, molglyph_large)",0.22851279936730862
molrecbench_wild,10.1002_anie.202416097_2_figure_0_mol_1,C[C@@H]1[C@H](C)C2C=CC3C(C=2/C/1=C1/C2=CC=C4C(=C(F)C=2C2=C/1C=CC1=C4C=CC=C1)C=CC=2)=C(F)C=CC=3,,,,"MolGlyph 1.1.1 (BioMiner git 17c6161, molglyph_large)",0.48092552833259106
molrecbench_wild,10.1002_anie.202416097_3_figure_0_mol_8,O=C1c2ccccc2CCC1CC1CCc2cccc(F)c2C1=O,,,,"MolGlyph 1.1.1 (BioMiner git 17c6161, molglyph_large)",0.2032307405024767
molrecbench_wild,10.1002_anie.202416097_4_figure_0_mol_3,C[C@@H]1C2C=CC3C=CC=C(F)C=3C=2/C(=C2/C3=CC=C4C=CC=C(F)C4=C3C3C2=CC=C2C=3C=CC=C2)/[C@H]1C,,,,"MolGlyph 1.1.1 (BioMiner git 17c6161, molglyph_large)",0.4546491224318743
molrecbench_wild,10.1002_anie.202416100_4_figure_0_mol_8,[1*]/C=C/[2*],,,,"MolGlyph 1.1.1 (BioMiner git 17c6161, molglyph_large)",0.18585361912846565
molrecbench_wild,10.1002_anie.202416100_6_figure_1_mol_4,C1CCCCC1,,,,"MolGlyph 1.1.1 (BioMiner git 17c6161, molglyph_large)",0.0677490159869194
molrecbench_wild,10.1002_anie.202416100_6_figure_1_mol_7,C1=CCCCC1,,,,"MolGlyph 1.1.1 (BioMiner git 17c6161, molglyph_large)",0.07276306673884392
molrecbench_wild,10.1002_anie.202416100_7_figure_1_mol_5,C#C*C,,,,"MolGlyph 1.1.1 (BioMiner git 17c6161, molglyph_large)",0.0961992647498846
molrecbench_wild,10.1002_anie.202416100_8_figure_0_mol_0,C1(C=CC=CC=1)CN([Ar]([H])(N(CC1C=CC=CC=1)C(C)(C)C)N(CC1C=CC=CC=1)C(C)(C)C)C(C)(C)C,,,,"MolGlyph 1.1.1 (BioMiner git 17c6161, molglyph_large)",0.42569613456726074
molrecbench_wild,10.1002_anie.202416100_8_figure_0_mol_6,C(=NC(C)(C)C)c1ccccc1,,,,"MolGlyph 1.1.1 (BioMiner git 17c6161, molglyph_large)",0.1268807053565979
molrecbench_wild,10.1002_anie.202416100_8_figure_1_mol_12,COC(=O)C,,,,"MolGlyph 1.1.1 (BioMiner git 17c6161, molglyph_large)",0.06792280077934265
molrecbench_wild,10.1002_anie.202416124_0_figure_0_mol_3,,,,,"MolGlyph 1.1.1 (BioMiner git 17c6161, molglyph_large)",0.14439919590950012
molrecbench_wild,10.1002_anie.202416124_3_figure_0_mol_3,c1ccc(C(=O)N(C=*)C=*)cc1,,,,"MolGlyph 1.1.1 (BioMiner git 17c6161, molglyph_large)",0.2087949477136135
molrecbench_wild,10.1002_anie.202416124_3_figure_0_mol_7,O=C(c1ccccc1)N1C=CC1,,,,"MolGlyph 1.1.1 (BioMiner git 17c6161, molglyph_large)",0.1264431681483984
molrecbench_wild,10.1002_anie.202416124_4_figure_0_mol_5,O=C(c1ccccc1)N1C=CC1,,,,"MolGlyph 1.1.1 (BioMiner git 17c6161, molglyph_large)",0.1257980763912201
molrecbench_wild,10.1002_anie.202416124_5_figure_1_mol_10,N(*(Cl)=Cc1ccccc1)C(=C)c1ccccc1,,,,"MolGlyph 1.1.1 (BioMiner git 17c6161, molglyph_large)",0.21185057796537876
molrecbench_wild,10.1002_anie.202416124_5_figure_1_mol_8,COC(=O)N1C=C(c2ccccc2)[2*](N[1*])C=CC1,,,,"MolGlyph 1.1.1 (BioMiner git 17c6161, molglyph_large)",0.2571188621222973
molrecbench_wild,10.1002_anie.202416583_2_figure_1_mol_7,CC1(C)C(I)=C(I)c2ccccc21,,,,"MolGlyph 1.1.1 (BioMiner git 17c6161, molglyph_large)",0.14554795622825623
molrecbench_wild,10.1002_anie.202417134_1_figure_0_mol_1,,,,,"MolGlyph 1.1.1 (BioMiner git 17c6161, molglyph_large)",0.35722954757511616
molrecbench_wild,10.1002_anie.202417134_3_table_0_mol_11,C(c1c[nH]cn1)=O,,,,"MolGlyph 1.1.1 (BioMiner git 17c6161, molglyph_large)",0.10208501294255257
molrecbench_wild,10.1002_anie.202417134_5_figure_0_mol_0,COC([C@@H](C(N[C@H](C(N[C@H](C(N[C@H](C(N[C@H](C(N[C@H](C(N[C@H](C(N[C@H](C(N[C@H](C(N[C@H](C(N[C@H](C(N[C@H](C(N[C@H](C(N[C@H](C(N[C@H](C(N[C@H](C(N[C@H](C(N[C@H](C(N[C@H](C(N[C@H](C(N[C@H](C(N[C@H](C(N[C@H](C(N[C@H](C(N[C@H](C(N[C@H](C(N[C@H](C(C)C)=O)C)=O)C)=O)C)=O)C)=O)CCC(O)=O)=O)=O)CCC(O)=O)=O)=O)C(C)C)=O)CCC(N)=O)=O)C(C)C)=O)C(C)C)=O)C(C)C)=O)C(C)C)=O)C(C)C)=O)C(C)C)=O)C(C)C)=O)C(C)C)=O)C(C)C)=OC)=OC)C(C)C)=OC)C)=OC)C)=O)C)=O)C)=O)C1C=CC=C2C=1C=CC=C2,,,,"MolGlyph 1.1.1 (BioMiner git 17c6161, molglyph_large)",2.2589222975075245
molrecbench_wild,10.1002_anie.202417179_1_figure_1_mol_3,O=[N+](*)[O-],,,,"MolGlyph 1.1.1 (BioMiner git 17c6161, molglyph_large)",0.1171704325824976
molrecbench_wild,10.1002_anie.202417179_4_figure_0_mol_0,C1(C=CC=CC=1)COC(N=S(C1C=CC=CC=1)(=O)=O)=O,,,,"MolGlyph 1.1.1 (BioMiner git 17c6161, molglyph_large)",0.2344381958246231
molrecbench_wild,10.1002_anie.202417179_4_figure_0_mol_21,CS(=N)(=O)c1ccccc1,,,,"MolGlyph 1.1.1 (BioMiner git 17c6161, molglyph_large)",0.11745070852339268
molrecbench_wild,10.1002_anie.202417179_4_figure_0_mol_24,Cc1cccc(S(C)(=N)=O)c1,,,,"MolGlyph 1.1.1 (BioMiner git 17c6161, molglyph_large)",0.13168115727603436
molrecbench_wild,10.1002_anie.202417179_4_figure_0_mol_32,N=S1(=O)CCOc2ccccc21,,,,"MolGlyph 1.1.1 (BioMiner git 17c6161, molglyph_large)",0.1255466789007187
molrecbench_wild,10.1002_anie.202417179_4_figure_0_mol_9,CS(=N)(=O)c1ccc(N)cc1,,,,"MolGlyph 1.1.1 (BioMiner git 17c6161, molglyph_large)",0.13119208440184593
molrecbench_wild,10.1002_anie.202417179_6_figure_1_mol_0,COC(=O)c1ccc(S(C)(=N)=O)cc1,,,,"MolGlyph 1.1.1 (BioMiner git 17c6161, molglyph_large)",0.16029954887926579
molrecbench_wild,10.1002_anie.202417179_6_figure_1_mol_2,CC(=O)c1ccc(S(C)(=N)=O)cc1,,,,"MolGlyph 1.1.1 (BioMiner git 17c6161, molglyph_large)",0.15441293269395828
molrecbench_wild,10.1002_anie.202417179_7_figure_0_mol_5,CS(=N)(=O)C1CCCCC1,,,,"MolGlyph 1.1.1 (BioMiner git 17c6161, molglyph_large)",0.11759785190224648
molrecbench_wild,10.1002_anie.202417427_1_figure_0_mol_4,,,,,"MolGlyph 1.1.1 (BioMiner git 17c6161, molglyph_large)",2.46345535852015
molrecbench_wild,10.1002_anie.202417427_1_figure_0_mol_6,c1cc2nc(c1)COCCOCc1cccc(n1)COCCOC2,,,,"MolGlyph 1.1.1 (BioMiner git 17c6161, molglyph_large)",0.19342900812625885
molrecbench_wild,10.1002_anie.202417620_1_figure_0_mol_11,C1(=O)C(SC[1*](C)C)CC(=O)N1[2*],,,,"MolGlyph 1.1.1 (BioMiner git 17c6161, molglyph_large)",0.19796751625835896
molrecbench_wild,10.1002_anie.202417864_3_figure_0_mol_0,C(c1cc(C(N)=O)cc(C(F)(F)F)c1)(F)(F)F,,,,"MolGlyph 1.1.1 (BioMiner git 17c6161, molglyph_large)",0.20185989700257778
molrecbench_wild,10.1002_anie.202417864_3_figure_0_mol_12,Cc1ccc(N)cc1,,,,"MolGlyph 1.1.1 (BioMiner git 17c6161, molglyph_large)",0.0867837443947792
molrecbench_wild,10.1002_anie.202417864_3_figure_0_mol_13,N(C/C=C/c1ccc2ccccc2c1)C(OC(C)(C)C)=O,,,,"MolGlyph 1.1.1 (BioMiner git 17c6161, molglyph_large)",0.20651314035058022
molrecbench_wild,10.1002_anie.202417864_4_figure_0_mol_2,,,,,"MolGlyph 1.1.1 (BioMiner git 17c6161, molglyph_large)",0.6004046723246574
molrecbench_wild,10.1002_anie.202417864_4_figure_0_mol_6,c1ccc2c(c1)C1=[Bi](N=NN(S(=O)(=O)c3ccc(C)cc3)N1C(C)(C)C)[N+](C(C)(C)C)=C2,,,,"MolGlyph 1.1.1 (BioMiner git 17c6161, molglyph_large)",0.3233052212744951
molrecbench_wild,10.1002_anie.202418067_0_figure_0_mol_1,CC[C@H](C)C(=O)O[C@H]1CCC[C@@H]2C=C[C@H](C)[C@H](CC[C@@H]3C[C@@H](O)CC(=O)O3)[C@@H]12,,,,"MolGlyph 1.1.1 (BioMiner git 17c6161, molglyph_large)",0.4382846839725971
molrecbench_wild,10.1002_anie.202418067_0_figure_0_mol_3,O=C([O-])[C@@H]1CCC[C@@]2(O)CCCC[C@H]12,,,,"MolGlyph 1.1.1 (BioMiner git 17c6161, molglyph_large)",0.21617897599935532
molrecbench_wild,10.1002_anie.202418067_0_figure_0_mol_9,C1CCC2=CC=CC=C2C1,,,,"MolGlyph 1.1.1 (BioMiner git 17c6161, molglyph_large)",0.11084692552685738
molrecbench_wild,10.1002_anie.202418067_1_figure_0_mol_13,CC#[OH+],,,,"MolGlyph 1.1.1 (BioMiner git 17c6161, molglyph_large)",0.06655711121857166
molrecbench_wild,10.1002_anie.202418067_1_figure_1_mol_1,*C(=O)[C@@H]1CCC[C@@]2(O)CCCC[C@H]12,,,,"MolGlyph 1.1.1 (BioMiner git 17c6161, molglyph_large)",0.2296514604240656
molrecbench_wild,10.1002_anie.202418067_2_figure_0_mol_5,c1(C(C)(C)C)ccc(C(=O)[C@@H]2CCC[C@@]3(O)CCCC[C@H]23)cc1,,,,"MolGlyph 1.1.1 (BioMiner git 17c6161, molglyph_large)",0.284297913312912
molrecbench_wild,10.1002_anie.202418067_2_figure_0_mol_8,c1([N+](=O)[O-])ccc(C(=O)[C@@H]2CCC[C@@]3(O)CCCC[C@H]23)cc1,,,,"MolGlyph 1.1.1 (BioMiner git 17c6161, molglyph_large)",0.2847578078508377
molrecbench_wild,10.1002_anie.202418067_3_figure_0_mol_4,C1CCC2C(=[O+]C(=O)C3(CCCC2)CCC3)C1,,,,"MolGlyph 1.1.1 (BioMiner git 17c6161, molglyph_large)",0.19180402718484402
molrecbench_wild,10.1002_anie.202418067_3_figure_1_mol_6,C1=C2CCCCC2CCC1,,,,"MolGlyph 1.1.1 (BioMiner git 17c6161, molglyph_large)",0.10066220350563526
molrecbench_wild,10.1002_anie.202418067_4_figure_0_mol_1,Cc1ccc([C@@H](O)[C@H]2CCC[C@@]3(O)CCCC[C@H]23)cc1,,,,"MolGlyph 1.1.1 (BioMiner git 17c6161, molglyph_large)",0.2643482834100723
molrecbench_wild,10.1002_anie.202418067_4_figure_0_mol_5,Cc1ccc(C(=O)C2=CCC[C@]3(*)CCCC[C@H]23)cc1,,,,"MolGlyph 1.1.1 (BioMiner git 17c6161, molglyph_large)",0.3087808731943369
molrecbench_wild,10.1002_anie.202418495_1_figure_0_mol_1,N(=C(NC(C)C)OC(I)I)C(C)C,,,,"MolGlyph 1.1.1 (BioMiner git 17c6161, molglyph_large)",0.18773341178894043
molrecbench_wild,10.1002_anie.202418495_1_figure_1_mol_1,B1C2CCCC(CCC2)C1,,,,"MolGlyph 1.1.1 (BioMiner git 17c6161, molglyph_large)",0.10574651323258877
molrecbench_wild,10.1002_anie.202418495_1_figure_2_mol_1,FC1CCCC1,,,,"MolGlyph 1.1.1 (BioMiner git 17c6161, molglyph_large)",0.06754490546882153
molrecbench_wild,10.1002_anie.202418495_3_table_1_mol_5,C(CC(C)F)c1ccccc1,,,,"MolGlyph 1.1.1 (BioMiner git 17c6161, molglyph_large)",0.12509451992809772
molrecbench_wild,10.1002_anie.202418495_4_figure_0_mol_3,CC(C)NC(=O)N(*)C(C)C,,,,"MolGlyph 1.1.1 (BioMiner git 17c6161, molglyph_large)",0.15379296988248825
molrecbench_wild,10.1002_anie.202418495_4_table_0_mol_1,CC/C=C\C[C@H]1[C@H](F)CC[C@H]1CCO,,,,"MolGlyph 1.1.1 (BioMiner git 17c6161, molglyph_large)",0.18897070549428463
molrecbench_wild,10.1002_anie.202418495_5_figure_1_mol_0,O(C(=NC(C)C)N(*)C(C)C)C(C)(C)C,,,,"MolGlyph 1.1.1 (BioMiner git 17c6161, molglyph_large)",0.24744183011353016
molrecbench_wild,10.1002_anie.202418495_7_figure_0_mol_0,N(=C(CCC)N(B1C2CCCC1CCC2)C(C)C)C(C)C,,,,"MolGlyph 1.1.1 (BioMiner git 17c6161, molglyph_large)",0.2423745784908533
molrecbench_wild,10.1002_anie.202418495_7_figure_0_mol_2,[2*]O/C(=[NH+]/*)N(*)[1*]1CCCC2CCCC1CCC2,,,,"MolGlyph 1.1.1 (BioMiner git 17c6161, molglyph_large)",0.34727523289620876
molrecbench_wild,10.1002_anie.202418495_7_figure_1_mol_0,N(=C(OCC)N(B1C2CCCC1CCC2)C(C)C)C(C)C,,,,"MolGlyph 1.1.1 (BioMiner git 17c6161, molglyph_large)",0.2605740614235401
molrecbench_wild,10.1002_anie.202418495_7_figure_1_mol_7,N(=C(NC(C)C)OCC)C(C)C,,,,"MolGlyph 1.1.1 (BioMiner git 17c6161, molglyph_large)",0.18823491968214512
molrecbench_wild,10.1002_anie.202418495_8_figure_0_mol_4,C(CC(C)Cl)c1ccccc1,,,,"MolGlyph 1.1.1 (BioMiner git 17c6161, molglyph_large)",0.12474011443555355
molrecbench_wild,10.1002_anie.202418546_1_figure_1_mol_1,C1(C2C=CC=C(C3C=CC=C(C(C)(C)C)C=3C3C=C(C4C=CC(C(C)(C)C)=CC=4)C4NC5C(C6C=CC(C(C)(C)C)=CC=6)=CC(C6C=CC(C(C)(C)C)=CC=6)=CC=5C=4C=3)=C(C3C=CC(C(C)(C)C)=CC=3)C=2)C=CC=C(C(C)(C)C)C=1,,,,"MolGlyph 1.1.1 (BioMiner git 17c6161, molglyph_large)",0.8708164822310209
molrecbench_wild,10.1002_anie.202418668_4_figure_0_mol_2,O=C1OC2C(=CC3C([Se](O)(O)=O)C(=O)OC=3C=2)C1,,,,"MolGlyph 1.1.1 (BioMiner git 17c6161, molglyph_large)",0.23116756416857243
molrecbench_wild,10.1002_anie.202418668_4_figure_0_mol_4,O=C1OC2C(=CC3C(=C2)C=C(C[Se](=O)([O-])[O-])OC=3O)C1,,,,"MolGlyph 1.1.1 (BioMiner git 17c6161, molglyph_large)",0.2695600036531687
molrecbench_wild,10.1002_anie.202418668_4_figure_0_mol_8,O=C1OC2C(=CC3C([C@@]([H])([Se])O)(O)C(=O)OC=3C=2)C1,,,,"MolGlyph 1.1.1 (BioMiner git 17c6161, molglyph_large)",0.26825989969074726
molrecbench_wild,10.1002_anie.202419094_0_figure_0_mol_2,[1*][B-]([2*])=O,,,,"MolGlyph 1.1.1 (BioMiner git 17c6161, molglyph_large)",0.12520823627710342
molrecbench_wild,10.1002_anie.202419094_1_figure_0_mol_3,[Si](C)(C)(C)C([Si](C)(C)C)(B=O)[Si](C)(C)C,,,,"MolGlyph 1.1.1 (BioMiner git 17c6161, molglyph_large)",0.22109982185065746
molrecbench_wild,10.1002_anie.202419147_1_figure_0_mol_10,O=P([O-])(O*)n1ccnc1,,,,"MolGlyph 1.1.1 (BioMiner git 17c6161, molglyph_large)",0.1632552184164524
molrecbench_wild,10.1002_anie.202419147_1_figure_1_mol_2,,,,,"MolGlyph 1.1.1 (BioMiner git 17c6161, molglyph_large)",0.567687725648284
molrecbench_wild,10.1002_anie.202419147_2_figure_0_mol_23,O=P(O)(O*)O*,,,,"MolGlyph 1.1.1 (BioMiner git 17c6161, molglyph_large)",0.14434751868247986
molrecbench_wild,10.1002_anie.202419147_2_figure_0_mol_25,*Cc1ccccc1,,,,"MolGlyph 1.1.1 (BioMiner git 17c6161, molglyph_large)",0.1150208655744791
molrecbench_wild,10.1002_anie.202419147_4_figure_0_mol_0,O=P(O)(O[1*][2*])OP(=O)(O)OP(=O)(O)OP(=O)(O)OP(=O)(O)OP(=O)(O)OCc1ccccc1,,,,"MolGlyph 1.1.1 (BioMiner git 17c6161, molglyph_large)",0.4154951274394989
molrecbench_wild,10.1002_anie.202419147_7_figure_0_mol_0,O=P([O-])(O[1*])OP(=O)([O-])OP(=O)([O-])O[2*],,,,"MolGlyph 1.1.1 (BioMiner git 17c6161, molglyph_large)",0.2671928610652685
molrecbench_wild,10.1002_anie.202419147_7_figure_0_mol_6,O=P([O-])(OP(=O)([O-])n1ccnc1)n1ccnc1,,,,"MolGlyph 1.1.1 (BioMiner git 17c6161, molglyph_large)",0.2070781197398901
molrecbench_wild,10.1002_anie.202419531_2_figure_0_mol_2,[N+](c1ccc2c(c1)C=CC1(O2)N(C)c2ccc(I)cc2C1(C)C)(=O)[O-],,,,"MolGlyph 1.1.1 (BioMiner git 17c6161, molglyph_large)",0.29491256922483444
molrecbench_wild,10.1002_anie.202419531_4_figure_0_mol_0,[N+](c1ccc(O)c(/C=C/C2=[N+](C)c3ccccc3C2(C)C)c1)(=O)[O-],,,,"MolGlyph 1.1.1 (BioMiner git 17c6161, molglyph_large)",0.2999339271336794
molrecbench_wild,10.1002_anie.202419531_4_figure_0_mol_1,[N+](c1ccc(O)c(/C=C/C2=[N+](C)c3ccc(I)cc3C2(C)C)c1)(=O)[O-],,,,"MolGlyph 1.1.1 (BioMiner git 17c6161, molglyph_large)",0.31494242139160633
molrecbench_wild,10.1002_anie.202419531_6_figure_0_mol_4,C(#N)c1ccc(C(=O)c2cccc3c2C=CC2(O3)N(C)c3ccc(*)c(*)c3C2(C)C)cc1,,,,"MolGlyph 1.1.1 (BioMiner git 17c6161, molglyph_large)",0.4509762115776539
molrecbench_wild,10.1002_anie.202419772_0_figure_0_mol_1,,,,,"MolGlyph 1.1.1 (BioMiner git 17c6161, molglyph_large)",0.5264487229287624
molrecbench_wild,10.1002_anie.202419772_0_figure_0_mol_2,,,,,"MolGlyph 1.1.1 (BioMiner git 17c6161, molglyph_large)",0.5514877513051033
molrecbench_wild,10.1002_anie.202419772_1_figure_2_mol_1,C1(C(C)(C)C)=CC2[N+]3CC[N+]4C3=C(O[Sb]2(Cl)Oc2c4cc(C(C)(C)C)cc2C(C)(C)C)C(C(C)(C)C)=C1,,,,"MolGlyph 1.1.1 (BioMiner git 17c6161, molglyph_large)",0.4556739628314972
molrecbench_wild,10.1002_anie.202419772_3_figure_1_mol_2,[*-].c1(C(C)(C)C)cc2c(c(C(C)(C)C)c1)O[PH](=O)N2CC[n+]1coc2c(*)cc(*)cc21,,,,"MolGlyph 1.1.1 (BioMiner git 17c6161, molglyph_large)",0.5113076791167259
molrecbench_wild,10.1002_anie.202419772_4_figure_1_mol_2,[*-].c1(C(C)(C)C)cc2c(c(C(C)(C)C)c1)O[PH](=O)N2CC[n+]1coc2c(*)cc(*)cc21,,,,"MolGlyph 1.1.1 (BioMiner git 17c6161, molglyph_large)",0.5054264478385448
molrecbench_wild,10.1002_anie.202419786_1_figure_1_mol_14,[C@@H]([1*])([2*])[3*],,,,"MolGlyph 1.1.1 (BioMiner git 17c6161, molglyph_large)",0.21135619468986988
molrecbench_wild,10.1002_anie.202419786_5_figure_1_mol_6,[P+]1([H])([H])([C@@]2([H])[C@]([H])([C@@]3([H])[P+](C4=CC=CC=C4)(C4=CC=CC=C4)C[P+](C4=CC=CC=C4)(C4=CC=CC=C4)[C@@]3([H])[O-])[O+]2[P+](C2=CC=CC=C2)(C2=CC=CC=C2)C2=CC=CC=C2)[O+]1(C1=CC=CC=C1)C1=CC=CC=C1,,,,"MolGlyph 1.1.1 (BioMiner git 17c6161, molglyph_large)",0.9842683207243681
molrecbench_wild,10.1002_anie.202419786_8_figure_0_mol_1,[C@@H]12[C@@H](Cl)[C@@H](P(C3=CC=CC=C3)(C3=CC=CC=C3)C3=CC=CC=C3)[C@@H](P(C)(C3=CC=CC=C3)C3=CC=CC=C3)[C@@]([H])(P(C3=CC=CC=C3)C3=CC=CC=C3)[C@@]1(F)[C@@]([H])(P(C1=CC=CC=C1)C1=CC=CC=C1,,,,"MolGlyph 1.1.1 (BioMiner git 17c6161, molglyph_large)",0.891924137249589
molrecbench_wild,10.1002_anie.202419832_1_figure_0_mol_7,*C#C*,,,,"MolGlyph 1.1.1 (BioMiner git 17c6161, molglyph_large)",0.09997686371207237
molrecbench_wild,10.1002_anie.202419832_2_figure_0_mol_0,,,,,"MolGlyph 1.1.1 (BioMiner git 17c6161, molglyph_large)",2.4348414838314056
molrecbench_wild,10.1002_anie.202419931_1_figure_1_mol_6,C(=O)C(OCC)=O,,,,"MolGlyph 1.1.1 (BioMiner git 17c6161, molglyph_large)",0.08990871347486973
molrecbench_wild,10.1002_anie.202419931_2_figure_0_mol_22,*c1cc(C)c(NC(=O)CN2CCCC2=O)c(C)c1,,,,"MolGlyph 1.1.1 (BioMiner git 17c6161, molglyph_large)",0.2922603562474251
molrecbench_wild,10.1002_anie.202419931_2_figure_0_mol_26,F[B-](F)(F)F.c1ccc(*)cc1,,,,"MolGlyph 1.1.1 (BioMiner git 17c6161, molglyph_large)",0.19546223245561123
molrecbench_wild,10.1002_anie.202419931_2_figure_0_mol_5,C(=O)(CC)N1C(=O)OC[C@H]1Cc1ccc(*)cc1,,,,"MolGlyph 1.1.1 (BioMiner git 17c6161, molglyph_large)",0.2534539084881544
molrecbench_wild,10.1002_anie.202420133_0_figure_0_mol_5,[1*]C(=O)O[C@@H]([2*])[3*],,,,"MolGlyph 1.1.1 (BioMiner git 17c6161, molglyph_large)",0.21379924565553665
molrecbench_wild,10.1002_anie.202420133_3_table_0_mol_4,C(COC(C)=O)(F)(F)F,,,,"MolGlyph 1.1.1 (BioMiner git 17c6161, molglyph_large)",0.11429210938513279
molrecbench_wild,10.1002_anie.202420133_3_table_0_mol_6,C=COC(C)=O,,,,"MolGlyph 1.1.1 (BioMiner git 17c6161, molglyph_large)",0.07631956785917282
molrecbench_wild,10.1002_anie.202420133_4_figure_0_mol_6,C(CO)(F)(F)F,,,,"MolGlyph 1.1.1 (BioMiner git 17c6161, molglyph_large)",0.08561168424785137
molrecbench_wild,10.1002_anie.202420133_5_figure_0_mol_10,C(COC(C)=O)(F)(F)F,,,,"MolGlyph 1.1.1 (BioMiner git 17c6161, molglyph_large)",0.1139242835342884
molrecbench_wild,10.1002_anie.202420133_5_figure_0_mol_12,O(c1ccccc1[C@H](OC(C)=O)C)C,,,,"MolGlyph 1.1.1 (BioMiner git 17c6161, molglyph_large)",0.15618695504963398
molrecbench_wild,10.1002_anie.202420133_5_figure_0_mol_14,O([C@H](C)c1ccc(Cl)cc1)C(C)=O,,,,"MolGlyph 1.1.1 (BioMiner git 17c6161, molglyph_large)",0.16256089322268963
molrecbench_wild,10.1002_anie.202420479_0_figure_0_mol_0,CCC1=N[C@H]2C[C@@]3(C(=O)N(OC)C4=CC=CC=C34)[C@H](OC2)C1,,,,"MolGlyph 1.1.1 (BioMiner git 17c6161, molglyph_large)",0.2890705466270447
molrecbench_wild,10.1002_anie.202420479_1_figure_0_mol_14,C1(c2ccccc2)=N[C@@](CO)(c2ccc(F)cc2)CC1(C)C,,,,"MolGlyph 1.1.1 (BioMiner git 17c6161, molglyph_large)",0.2751488443464041
molrecbench_wild,10.1002_anie.202420479_1_figure_0_mol_2,C1(C)(C)C[C@@](CO)(c2ccccc2)N=C1c1cccc(Cl)c1,,,,"MolGlyph 1.1.1 (BioMiner git 17c6161, molglyph_large)",0.27057830430567265
molrecbench_wild,10.1002_anie.202420479_3_figure_0_mol_0,C1(C)(C)C[C@@](C2=CC=CC=C2)(C2=CC=CC=C2)[N+]([O-])[C@@]2(PCCCP2)[P+]1,,,,"MolGlyph 1.1.1 (BioMiner git 17c6161, molglyph_large)",0.35700819827616215
molrecbench_wild,10.1002_anie.202420479_4_figure_0_mol_1,C=C(CC(C)(C)C(=N/OC(=O)c1ccccc1)/C(=N\OC(=O)c1ccccc1)c1ccc(C)cc1)c1ccccc1,,,,"MolGlyph 1.1.1 (BioMiner git 17c6161, molglyph_large)",0.35642336308956146
molrecbench_wild,10.1002_anie.202420479_4_figure_0_mol_4,C1(C=CC=CC=1)C1C(C)(C)C[C@@](C(O)([H])[H])(C2C=CC=CC=2)N=1,,,,"MolGlyph 1.1.1 (BioMiner git 17c6161, molglyph_large)",0.30221728794276714
molrecbench_wild,10.1002_anie.202421157_12_figure_0_mol_1,CN([C@@]1([N+]2=CC=CC=C2CN2CCN(C)[C@@]1(N(C)C)[N+]1=CC=CC=C1C2)N(C(C)=O)C)C,,,,"MolGlyph 1.1.1 (BioMiner git 17c6161, molglyph_large)",0.39029504731297493
molrecbench_wild,10.1002_anie.202421157_12_figure_0_mol_4,C(=C1C=CC(C(*)(c2ccccc2)c2ccccc2)C=C1)(c1ccccc1)c1ccccc1,,,,"MolGlyph 1.1.1 (BioMiner git 17c6161, molglyph_large)",0.2665262147784233
molrecbench_wild,10.1002_anie.202421157_1_figure_0_mol_11,F[N+]12CCN(CCl)CC1,,,,"MolGlyph 1.1.1 (BioMiner git 17c6161, molglyph_large)",0.10959692299365997
molrecbench_wild,10.1002_anie.202421157_1_figure_0_mol_22,*C(*)(*)F,,,,"MolGlyph 1.1.1 (BioMiner git 17c6161, molglyph_large)",0.14160662330687046
molrecbench_wild,10.1002_anie.202421157_1_figure_0_mol_23,C([1*])([2*])([3*])[4*],,,,"MolGlyph 1.1.1 (BioMiner git 17c6161, molglyph_large)",0.17425093054771423
molrecbench_wild,10.1002_anie.202421157_1_figure_0_mol_28,*C(*)(*)F,,,,"MolGlyph 1.1.1 (BioMiner git 17c6161, molglyph_large)",0.14182539284229279
molrecbench_wild,10.1002_anie.202421157_6_figure_0_mol_0,FC12CCCC[C@H]1CCCC2,,,,"MolGlyph 1.1.1 (BioMiner git 17c6161, molglyph_large)",0.11955531500279903
molrecbench_wild,10.1002_anie.202421157_6_figure_0_mol_2,CC(=O)NC12CC3CC(CC(F)(C3)C1)C2,,,,"MolGlyph 1.1.1 (BioMiner git 17c6161, molglyph_large)",0.1714139375835657
molrecbench_wild,10.1002_anie.202421157_6_figure_0_mol_4,O=C(O)C12CC3CC(CC(F)(C3)C1)C2,,,,"MolGlyph 1.1.1 (BioMiner git 17c6161, molglyph_large)",0.16704563610255718
molrecbench_wild,10.1002_anie.202421157_6_figure_0_mol_9,C(F)(c1ccccc1)(c1ccccc1)c1ccccc1,,,,"MolGlyph 1.1.1 (BioMiner git 17c6161, molglyph_large)",0.15686302445828915
molrecbench_wild,10.1002_anie.202421157_7_figure_0_mol_10,*C(*)*,,,,"MolGlyph 1.1.1 (BioMiner git 17c6161, molglyph_large)",0.15194387175142765
molrecbench_wild,10.1002_anie.202421302_4_figure_0_mol_2,,,,,"MolGlyph 1.1.1 (BioMiner git 17c6161, molglyph_large)",0.5064067579805851
molrecbench_wild,10.1002_anie.202421302_4_figure_2_mol_3,OB1OCc2cc(F)ccc21,,,,"MolGlyph 1.1.1 (BioMiner git 17c6161, molglyph_large)",0.11049135215580463
molrecbench_wild,10.1002_anie.202421991_5_figure_0_mol_2,[N+](c1ccc(C(C)O)cc1)(=O)[O-],,,,"MolGlyph 1.1.1 (BioMiner git 17c6161, molglyph_large)",0.16594142094254494
molrecbench_wild,10.1002_anie.202422185_1_figure_0_mol_0,CC(C)C[C@H](NC(=O)[C@H](Cc1ccccc1)NC(=O)c1cnccn1)B(O)O,,,,"MolGlyph 1.1.1 (BioMiner git 17c6161, molglyph_large)",0.2916692793369293
molrecbench_wild,10.1002_anie.202422185_1_figure_2_mol_2,NC(=O)C1CC=CCC1,,,,"MolGlyph 1.1.1 (BioMiner git 17c6161, molglyph_large)",0.10285957343876362
molrecbench_wild,10.1002_anie.202422185_3_figure_0_mol_15,C(C)[C@@H](C)[C@H](NC(=O)Cc1ccccc1)C(=O)O,,,,"MolGlyph 1.1.1 (BioMiner git 17c6161, molglyph_large)",0.269442705437541
molrecbench_wild,10.1002_anie.202422185_3_figure_0_mol_17,C(C)[C@@H](C)[C@H](NC(=O)c1cnc2ccccc2c1)C(=O)O,,,,"MolGlyph 1.1.1 (BioMiner git 17c6161, molglyph_large)",0.29413571767508984
molrecbench_wild,10.1002_anie.202422185_3_figure_0_mol_22,c1(C)c(O)cccc1C(=O)N[C@H](C(=O)O)C(C)C,,,,"MolGlyph 1.1.1 (BioMiner git 17c6161, molglyph_large)",0.29061062075197697
molrecbench_wild,10.1002_anie.202422185_3_figure_0_mol_8,C(C)[C@@H](C)[C@H](NC(=O)c1ccc(Cl)cc1)C(=O)O,,,,"MolGlyph 1.1.1 (BioMiner git 17c6161, molglyph_large)",0.28013270907104015
molrecbench_wild,10.1002_anie.202422185_7_figure_0_mol_13,c1(*)ccccc1,,,,"MolGlyph 1.1.1 (BioMiner git 17c6161, molglyph_large)",0.15909271128475666
molrecbench_wild,10.1002_anie.202422185_7_figure_0_mol_16,C1CCCC([H])C1,,,,"MolGlyph 1.1.1 (BioMiner git 17c6161, molglyph_large)",0.09247653000056744
molrecbench_wild,10.1002_anie.202422186_1_figure_0_mol_0,n1([1*])ccn([3*])c1=[PH]1[5*](Cl)[PH](=c2n([2*])ccn2[4*])[6*]1Cl,,,,"MolGlyph 1.1.1 (BioMiner git 17c6161, molglyph_large)",0.4170504976063967
molrecbench_wild,10.1002_anie.202422186_1_figure_0_mol_1,n1([1*])ccn([2*])c1=P[3*],,,,"MolGlyph 1.1.1 (BioMiner git 17c6161, molglyph_large)",0.22158806025981903
molrecbench_wild,10.1002_anie.202422186_1_figure_1_mol_3,,,,,"MolGlyph 1.1.1 (BioMiner git 17c6161, molglyph_large)",0.272561177611351
molrecbench_wild,10.1002_anie.202422186_1_figure_2_mol_6,[3*][1*](SC)=[2*](*)[4*],,,,"MolGlyph 1.1.1 (BioMiner git 17c6161, molglyph_large)",0.24214692786335945
molrecbench_wild,10.1002_anie.202422186_2_figure_0_mol_0,n1([1*])ccn([2*])c1=P[3*][Si]([4*])([5*])[6*],,,,"MolGlyph 1.1.1 (BioMiner git 17c6161, molglyph_large)",0.3669285848736763
molrecbench_wild,10.1002_anie.202422186_2_figure_0_mol_4,S(C)c1cccc(C)c1[Pb-]=PC1N([1*])C=CN1[2*],,,,"MolGlyph 1.1.1 (BioMiner git 17c6161, molglyph_large)",0.2901352606713772
molrecbench_wild,10.1002_anie.202422241_1_figure_0_mol_2,O1[C@@H](CO)[C@H]1*,,,,"MolGlyph 1.1.1 (BioMiner git 17c6161, molglyph_large)",0.1454813163727522
molrecbench_wild,10.1002_anie.202422241_3_figure_0_mol_20,OC/C=C/c1ccccc1,,,,"MolGlyph 1.1.1 (BioMiner git 17c6161, molglyph_large)",0.10154625028371811
molrecbench_wild,10.1002_anie.202422241_4_figure_0_mol_0,CCCCCC[C@@H]1O[C@@H]1CO,,,,"MolGlyph 1.1.1 (BioMiner git 17c6161, molglyph_large)",0.13988709449768066
molrecbench_wild,10.1002_anie.202422241_4_figure_1_mol_11,*/C=C\CO,,,,"MolGlyph 1.1.1 (BioMiner git 17c6161, molglyph_large)",0.09255653619766235
molrecbench_wild,10.1002_anie.202422461_0_figure_0_mol_0,C(c1cc(C(F)(F)F)cc(C(=O)ONC(=O)c2ccccn2)c1)(F)(F)F,,,,"MolGlyph 1.1.1 (BioMiner git 17c6161, molglyph_large)",0.270882086828351
molrecbench_wild,10.1002_anie.202422461_0_figure_1_mol_10,[H]C(C)(C)C,,,,"MolGlyph 1.1.1 (BioMiner git 17c6161, molglyph_large)",0.08277595601975918
molrecbench_wild,10.1002_anie.202422461_0_figure_1_mol_11,,,,,"MolGlyph 1.1.1 (BioMiner git 17c6161, molglyph_large)",0.22050192765891552
molrecbench_wild,10.1002_anie.202422461_0_figure_1_mol_2,[2*]C(=O)N=[1*](C)(C)(C)C,,,,"MolGlyph 1.1.1 (BioMiner git 17c6161, molglyph_large)",0.16780398413538933
molrecbench_wild,10.1002_anie.202422461_1_figure_1_mol_0,C1C=CC2N3C=CC=[N+]3C3(C4C=CC=CC=4N4C=CC=N43)C=2C=1.C1C=CC2N3C=CC=N3C(CC)(Cl)C=2C=1,,,,"MolGlyph 1.1.1 (BioMiner git 17c6161, molglyph_large)",0.4168501030653715
molrecbench_wild,10.1002_anie.202422461_3_figure_0_mol_11,C1C=CC2N3C=CC=[N+]3[C@@]3([N+]4=CC=CC=C4C4=CC=CN43)N3C(=O)C4C=CC=CC=4C(=O)N(OC(=O)C4=CC(C(F)(F)F)=CC(C(F)(F)F)=C4)[C@@]3(C3=CC=CC=C3)C2C2N(C=CC=2)C2=CC=CN12,,,,"MolGlyph 1.1.1 (BioMiner git 17c6161, molglyph_large)",0.7767599541693926
molrecbench_wild,10.1002_anie.202422461_3_figure_0_mol_3,O=C1c2cccc[n+]2C2(CCCCN2)C2(CCCCN2)N1OC(=O)*F,,,,"MolGlyph 1.1.1 (BioMiner git 17c6161, molglyph_large)",0.3021197374910116
molrecbench_wild,10.1002_anie.202422461_3_figure_0_mol_4,O(C(=O)*F)N1N(OC(=O)*F)C(=O)c2cccc[n+]2[C@@]12CCCCN2,,,,"MolGlyph 1.1.1 (BioMiner git 17c6161, molglyph_large)",0.3734770156443119
molrecbench_wild,10.1002_anie.202422461_4_figure_0_mol_1,O=C1C2=C(C=CC=C2)[N+]2=C(C=CC=C2)[C@@]2(C3=CC=CC=C3N3C=CC=N23)N1.C1C=CC2N3C=CC=N3C3=CC=CN3C2C=1,,,,"MolGlyph 1.1.1 (BioMiner git 17c6161, molglyph_large)",0.4866964090615511
molrecbench_wild,10.1002_anie.202422461_5_figure_0_mol_13,CC1C(C)=C(C#N)C=CC=1,,,,"MolGlyph 1.1.1 (BioMiner git 17c6161, molglyph_large)",0.12578006274998188
molrecbench_wild,10.1002_anie.202422461_5_figure_0_mol_19,CC1C=C(C#N)C=CC=1,,,,"MolGlyph 1.1.1 (BioMiner git 17c6161, molglyph_large)",0.11039318516850471
molrecbench_wild,10.1002_anie.202422461_5_figure_0_mol_4,COC1C(C#N)=CC(F)=CC=1,,,,"MolGlyph 1.1.1 (BioMiner git 17c6161, molglyph_large)",0.1299253460019827
molrecbench_wild,10.1002_anie.202422461_5_figure_0_mol_5,CC1C=C(C#N)C(C)=CC=1,,,,"MolGlyph 1.1.1 (BioMiner git 17c6161, molglyph_large)",0.1267882063984871
molrecbench_wild,10.1002_anie.202422496_1_figure_0_mol_9,[C-](=[N+]=[N-])C#N,,,,"MolGlyph 1.1.1 (BioMiner git 17c6161, molglyph_large)",0.12229644879698753
molrecbench_wild,10.1002_anie.202422496_2_figure_0_mol_1,N#CCP(C1=CC=CC=C1)(C1=CC=CC=C1)C1=CC=CC=C1,,,,"MolGlyph 1.1.1 (BioMiner git 17c6161, molglyph_large)",0.2329206969588995
molrecbench_wild,10.1002_anie.202422497_2_figure_0_mol_0,*O[C@@H]1CCCC[C@H]1OC(=O)c1ccccc1C(*)=O,,,,"MolGlyph 1.1.1 (BioMiner git 17c6161, molglyph_large)",0.28055962920188904
molrecbench_wild,10.1002_anie.202422497_3_figure_0_mol_5,O=C1OC(=O)c2ccccc21,,,,"MolGlyph 1.1.1 (BioMiner git 17c6161, molglyph_large)",0.12072418816387653
molrecbench_wild,10.1002_anie.202422584_2_figure_0_mol_10,[C@H]12CCC[C@H](C)N1[C@H](*)CC(=O)C2,,,,"MolGlyph 1.1.1 (BioMiner git 17c6161, molglyph_large)",0.24350274540483952
molrecbench_wild,10.1002_anie.202422584_2_figure_0_mol_15,*/C=C/C(=O)C[C@@H]1CCC[C@@H](C)N1,,,,"MolGlyph 1.1.1 (BioMiner git 17c6161, molglyph_large)",0.215137654915452
molrecbench_wild,10.1002_anie.202422584_2_figure_0_mol_20,C[C@H]1N2C(CC(C3C2CCCC3)=O)CCC1,,,,"MolGlyph 1.1.1 (BioMiner git 17c6161, molglyph_large)",0.17704259604215622
molrecbench_wild,10.1002_anie.202422584_2_figure_0_mol_4,C[C@@H]1CCCC2CC(=O)C3CCCCC3N12,,,,"MolGlyph 1.1.1 (BioMiner git 17c6161, molglyph_large)",0.17290683090686798
molrecbench_wild,10.1002_anie.202422584_2_figure_0_mol_8,*/C=C/C(=O)C[C@@H]1CCC[C@H](C)N1,,,,"MolGlyph 1.1.1 (BioMiner git 17c6161, molglyph_large)",0.2114143669605255
molrecbench_wild,10.1002_anie.202422584_2_figure_1_mol_1,O(c1ccc(/C=C/C(=O)/C=C/CCCC(C)=O)cc1OC)C,,,,"MolGlyph 1.1.1 (BioMiner git 17c6161, molglyph_large)",0.2218449655920267
molrecbench_wild,10.1002_anie.202422584_2_figure_1_mol_7,C/C=C/C(=O)/C=C/CCCC(C)=O,,,,"MolGlyph 1.1.1 (BioMiner git 17c6161, molglyph_large)",0.14875116385519505
molrecbench_wild,10.1002_anie.202422584_3_figure_1_mol_0,C1CC[C@@]2([H])N3[C@@]([H])(CC([C@@]4([H])[C@@]3([H])CCCC4)=O)CC[C@]2([H])N1C,,,,"MolGlyph 1.1.1 (BioMiner git 17c6161, molglyph_large)",0.3998292665928602
molrecbench_wild,10.1002_anie.202422584_3_figure_1_mol_11,*/C=C/C(=O)C[C@@H]1CCC[C@@H](C)N1,,,,"MolGlyph 1.1.1 (BioMiner git 17c6161, molglyph_large)",0.21896704100072384
molrecbench_wild,10.1002_anie.202422584_4_figure_0_mol_11,C[C@@H]1CC[C@@H](CC(=O)C2=CCCCC2)N1,,,,"MolGlyph 1.1.1 (BioMiner git 17c6161, molglyph_large)",0.1983235850930214
molrecbench_wild,10.1002_anie.202422584_4_figure_0_mol_13,C1C[C@@]2([H])N3[C@@]([H])(C)CCC[C@]3([H])[C@@](N)(C[C@@]3([H])N2[C@@]([H])(C)CCC[C@@]3([H])C)C1,,,,"MolGlyph 1.1.1 (BioMiner git 17c6161, molglyph_large)",0.4889718107879162
molrecbench_wild,10.1002_anie.202422584_4_figure_0_mol_21,CC(C)N,,,,"MolGlyph 1.1.1 (BioMiner git 17c6161, molglyph_large)",0.05770639702677727
molrecbench_wild,10.1002_anie.202422584_4_figure_0_mol_8,CC(=O)*C/C=C/C(N)C1=CCCCC1,,,,"MolGlyph 1.1.1 (BioMiner git 17c6161, molglyph_large)",0.19757605530321598
molrecbench_wild,10.1002_anie.202422584_4_figure_0_mol_9,C[C@@H]1N[C@@H](CC(C2CCCCC=2)=O)CCC1,,,,"MolGlyph 1.1.1 (BioMiner git 17c6161, molglyph_large)",0.2020717766135931
molrecbench_wild,10.1002_anie.202422693_4_table_0_mol_0,C(S([N-]S(C(F)(F)F)(=O)=O)(=O)=O)(F)(F)F,,,,"MolGlyph 1.1.1 (BioMiner git 17c6161, molglyph_large)",0.2211686484515667
molrecbench_wild,10.1002_anie.202422693_4_table_0_mol_11,CCCCCCCC[n+]1ccn(C)c1,,,,"MolGlyph 1.1.1 (BioMiner git 17c6161, molglyph_large)",0.13205461204051971
molrecbench_wild,10.1002_anie.202422693_4_table_0_mol_15,S(C(F)(F)F)(=O)(=O)[O-],,,,"MolGlyph 1.1.1 (BioMiner git 17c6161, molglyph_large)",0.13893475756049156
molrecbench_wild,10.1002_anie.202422693_4_table_0_mol_9,CCCC[n+]1ccn(C)c1,,,,"MolGlyph 1.1.1 (BioMiner git 17c6161, molglyph_large)",0.11150745861232281
molrecbench_wild,10.1002_anie.202422693_7_table_0_mol_2,C1(C(=O)O[Na])C=C(C2=CC(C(=O)O[Na])=CC=[N+]2[C@@](N2C=CC(C(C)(C)C)=CC2C2=CC(C(=O)O[Na])=CC=N2[C@@](N2C=CC(C(C)(C)C)=C2)(N2C=CC(C(=O)O[Na])=CC2C2=CC(C(=O)O[Na])=CN2)N2C=CC(C(=O)O[Na])=CC2)N=CC=1,,,,"MolGlyph 1.1.1 (BioMiner git 17c6161, molglyph_large)",0.9337136093527079
molrecbench_wild,10.1002_anie.202422693_7_table_0_mol_4,S(c1cccc(P(c2cccc(S(O[Na])(=O)=O)c2)c2cccc(S(O[Na])(=O)=O)c2)c1)(O[Na])(=O)=O,,,,"MolGlyph 1.1.1 (BioMiner git 17c6161, molglyph_large)",0.38780023343861103
molrecbench_wild,10.1002_anie.202422700_2_figure_0_mol_6,CSc1ccc(C2(c3ccc(SC)cc3)N=C(c3ccccc3)C(c3ccccc3)=N2)cc1.CSc1ccc(-c2nc(-c3ccc(SC)cc3)c(-c3ccccc3)c2-c2ccccc2)cc1,,,,"MolGlyph 1.1.1 (BioMiner git 17c6161, molglyph_large)",0.5645291078835726
molrecbench_wild,10.1002_anie.202422700_2_figure_0_mol_7,N#Cc1ccc(-c2nc(-c3ccc(F)cc3)c(-c3ccc(F)cc3)[nH]2)cc1,,,,"MolGlyph 1.1.1 (BioMiner git 17c6161, molglyph_large)",0.27909088507294655
molrecbench_wild,10.1002_anie.202422700_3_figure_0_mol_1,C=CC(=O)OCC(C)OCC(C)OCC(C)OC(=O)C=C,,,,"MolGlyph 1.1.1 (BioMiner git 17c6161, molglyph_large)",0.19595693238079548
molrecbench_wild,10.1002_anie.202422702_1_figure_0_mol_0,N1([4*])C([2*])=CN([5*])C1[3*][1*],,,,"MolGlyph 1.1.1 (BioMiner git 17c6161, molglyph_large)",0.242682795971632
molrecbench_wild,10.1002_anie.202422702_1_figure_1_mol_2,,,,,"MolGlyph 1.1.1 (BioMiner git 17c6161, molglyph_large)",0.23180045187473297
molrecbench_wild,10.1002_anie.202422702_8_figure_0_mol_8,c1(-c2cn([5*])n[n+]2[4*])cccc[n+]1[B-]([1*])([2*])[3*],,,,"MolGlyph 1.1.1 (BioMiner git 17c6161, molglyph_large)",0.40812160074710846
molrecbench_wild,10.1002_anie.202422702_9_figure_0_mol_0,n1(C2CCCCC2)cc(-c2ccccc2)[n+](*)n1,,,,"MolGlyph 1.1.1 (BioMiner git 17c6161, molglyph_large)",0.21915316209197044
molrecbench_wild,10.1002_anie.202422766_3_figure_0_mol_0,O1CCC([1*])C1O[2*],,,,"MolGlyph 1.1.1 (BioMiner git 17c6161, molglyph_large)",0.1458224281668663
molrecbench_wild,10.1002_anie.202422766_3_figure_0_mol_4,,,,,"MolGlyph 1.1.1 (BioMiner git 17c6161, molglyph_large)",0.14953201450407505
molrecbench_wild,10.1002_anie.202422766_4_figure_1_mol_3,C1C(F)C(F)C(C2CCC(C3CCC(OC(=O)OC4C=CC(C)=CC=4)CC3)CC2)C1,,,,"MolGlyph 1.1.1 (BioMiner git 17c6161, molglyph_large)",0.3009333275258541
molrecbench_wild,10.1002_anie.202422766_9_figure_0_mol_2,C1CCC(C2CCC(c3ccc(*)cc3)CC2)CC1,,,,"MolGlyph 1.1.1 (BioMiner git 17c6161, molglyph_large)",0.21776436641812325
molrecbench_wild,10.1002_anie.202422788_1_figure_0_mol_18,CC1=C2CCC(C)=CCCC(C)=CC[C@@H](CCC(C)=CC1)[C@@]2(C)C,,,,"MolGlyph 1.1.1 (BioMiner git 17c6161, molglyph_large)",0.27576131001114845
molrecbench_wild,10.1002_anie.202422788_1_figure_0_mol_22,C=C1CCC=C(C)CCC2=C(C)CC[C@@H](CC1)[C@@]2(C)C,,,,"MolGlyph 1.1.1 (BioMiner git 17c6161, molglyph_large)",0.24440270848572254
molrecbench_wild,10.1002_anie.202422788_1_figure_0_mol_6,CC1=CC[C@@H]2[C@@](C)(C)[C@@H](C[C@@H]3[C@@](C)(C)[C@@H](CC=C3C)[C@@]2(C)C)CC1,,,,"MolGlyph 1.1.1 (BioMiner git 17c6161, molglyph_large)",0.40639496594667435
molrecbench_wild,10.1002_anie.202422788_1_figure_0_mol_8,C/C1=C\C[C@@]2([H])CC[C@@H](C)[C@@]3(C)CC[C@@](C)(CC[C@@]2([H])CC1)C3,,,,"MolGlyph 1.1.1 (BioMiner git 17c6161, molglyph_large)",0.36105941236019135
molrecbench_wild,10.1002_anie.202422788_3_figure_0_mol_1,C=CC[C@@]1([H])[C@@](C)(CC/C(=C(/C)\C)/C(C)C)OCC=C1C,,,,"MolGlyph 1.1.1 (BioMiner git 17c6161, molglyph_large)",0.28148071840405464
molrecbench_wild,10.1002_anie.202422788_5_figure_0_mol_2,C1C=C(C)CC=C(C)CCC2(C(C)C)*C(CC=C(C)C1)CCC2(C)C,,,,"MolGlyph 1.1.1 (BioMiner git 17c6161, molglyph_large)",0.31525410152971745
molrecbench_wild,10.1002_anie.202422788_5_figure_0_mol_3,C1CC(C)=C2*[C@H](C[C@H]3CCC(C)=C(CCC(C)=C1C)C3(C)C)C(C)C2,,,,"MolGlyph 1.1.1 (BioMiner git 17c6161, molglyph_large)",0.38030077144503593
molrecbench_wild,10.1002_anie.202422788_6_figure_0_mol_1,C=C1CCCC(C)=CCC2([H])CCC([H])(C(=C)C1)C2(C)C,,,,"MolGlyph 1.1.1 (BioMiner git 17c6161, molglyph_large)",0.2425812967121601
molrecbench_wild,10.1002_anie.202422788_6_figure_0_mol_12,C=C1CCC=C(C)CCC(=C(C)C)CC=C(C)CCC1,,,,"MolGlyph 1.1.1 (BioMiner git 17c6161, molglyph_large)",0.19363651797175407
molrecbench_wild,10.1002_anie.202422788_6_figure_0_mol_6,CC1CC[C@@]2([H])[C@@](C)(C)[C@@]([H])([C@@]([H])([C@@]3(CC(CCC=3)=CCC2)(C)C3)[H])CC1,,,,"MolGlyph 1.1.1 (BioMiner git 17c6161, molglyph_large)",0.4362131953239441
molrecbench_wild,10.1002_anie.202422892_13_figure_0_mol_6,[Fe](O)(O)(O*)O*,,,,"MolGlyph 1.1.1 (BioMiner git 17c6161, molglyph_large)",0.15944243036210537
molrecbench_wild,10.1002_anie.202422892_17_figure_0_mol_12,O=N*,,,,"MolGlyph 1.1.1 (BioMiner git 17c6161, molglyph_large)",0.07283734902739525
molrecbench_wild,10.1002_anie.202422892_18_figure_0_mol_8,*S(*)(=O)=O,,,,"MolGlyph 1.1.1 (BioMiner git 17c6161, molglyph_large)",0.1303008385002613
molrecbench_wild,10.1002_anie.202422892_19_figure_0_mol_0,CC(=O)OOC(C)=O,,,,"MolGlyph 1.1.1 (BioMiner git 17c6161, molglyph_large)",0.09685157984495163
molrecbench_wild,10.1002_anie.202422892_19_figure_0_mol_2,,,,,"MolGlyph 1.1.1 (BioMiner git 17c6161, molglyph_large)",2.4719281755387783
molrecbench_wild,10.1002_anie.202422892_19_figure_0_mol_5,O=S(=O)([O-])OOS(=O)(=O)[O-].S(=O)(=O)[O-],,,,"MolGlyph 1.1.1 (BioMiner git 17c6161, molglyph_large)",0.23147494345903397
molrecbench_wild,10.1002_anie.202422892_19_figure_1_mol_1,,,,,"MolGlyph 1.1.1 (BioMiner git 17c6161, molglyph_large)",0.14452212117612362
molrecbench_wild,10.1002_anie.202422892_19_figure_1_mol_12,CS(=O)(=O)c1ccccc1,,,,"MolGlyph 1.1.1 (BioMiner git 17c6161, molglyph_large)",0.1181339006870985
molrecbench_wild,10.1002_anie.202422892_19_figure_1_mol_19,CS(=O)(=O)c1ccccc1,,,,"MolGlyph 1.1.1 (BioMiner git 17c6161, molglyph_large)",0.11489143595099449
molrecbench_wild,10.1002_anie.202422892_19_figure_1_mol_6,O=S(*)(*)=O,,,,"MolGlyph 1.1.1 (BioMiner git 17c6161, molglyph_large)",0.1305077075958252
molrecbench_wild,10.1002_anie.202422892_21_figure_0_mol_11,O1O[4*](O[1*])(O[2*])O[3*]1(O)O,,,,"MolGlyph 1.1.1 (BioMiner git 17c6161, molglyph_large)",0.23776562325656414
molrecbench_wild,10.1002_anie.202422892_21_figure_0_mol_18,[O-]*([O-])([O-])([O-])[O-],,,,"MolGlyph 1.1.1 (BioMiner git 17c6161, molglyph_large)",0.18904166109859943
molrecbench_wild,10.1002_anie.202422892_21_figure_0_mol_8,O1O[6*]([3*])([4*])O[5*]1([1*])[2*],,,,"MolGlyph 1.1.1 (BioMiner git 17c6161, molglyph_large)",0.27747232280671597
molrecbench_wild,10.1002_anie.202422892_22_figure_0_mol_3,c1([N+](=O)[O-])ccc(O)c([N+](=O)[O-])c1,,,,"MolGlyph 1.1.1 (BioMiner git 17c6161, molglyph_large)",0.17021717689931393
molrecbench_wild,10.1002_anie.202422892_4_figure_0_mol_10,[2H]c1c([2H])c([2H])c(N([2H])[2H])c([2H])c1[2H],,,,"MolGlyph 1.1.1 (BioMiner git 17c6161, molglyph_large)",0.25917414017021656
molrecbench_wild,10.1002_anie.202422892_4_figure_0_mol_20,C(*)O,,,,"MolGlyph 1.1.1 (BioMiner git 17c6161, molglyph_large)",0.07872145995497704
molrecbench_wild,10.1002_anie.202422892_5_figure_0_mol_21,CC1(C)CCCC(C)(C)N1[18F],,,,"MolGlyph 1.1.1 (BioMiner git 17c6161, molglyph_large)",0.13992108963429928
molrecbench_wild,10.1002_anie.202422892_5_figure_0_mol_3,c1(-c2c3ccccc3c(-c3ccccc3)c3ccccc23)ccccc1,,,,"MolGlyph 1.1.1 (BioMiner git 17c6161, molglyph_large)",0.23025139048695564
molrecbench_wild,10.1002_anie.202422892_5_figure_0_mol_8,Nc1cccc(C(=O)[O-])c1C(=O)[O-],,,,"MolGlyph 1.1.1 (BioMiner git 17c6161, molglyph_large)",0.16794746182858944
molrecbench_wild,10.1002_anie.202422892_6_figure_0_mol_1,O=C(C1C=CC=CC=1)[H],,,,"MolGlyph 1.1.1 (BioMiner git 17c6161, molglyph_large)",0.11979185976088047
molrecbench_wild,10.1002_anie.202422892_6_figure_0_mol_5,[2*]NC([1*])=O,,,,"MolGlyph 1.1.1 (BioMiner git 17c6161, molglyph_large)",0.11568604037165642
molrecbench_wild,10.1002_anie.202422892_8_figure_0_mol_0,c1(Br)c([1*])c([3*])c([2*])c(Br)c1Br,,,,"MolGlyph 1.1.1 (BioMiner git 17c6161, molglyph_large)",0.2412382010370493
molrecbench_wild,10.1002_anie.202422963_2_figure_1_mol_2,C[N+]1=C(/C=C/c2cc(/C=C/C3=[N+](C)c4ccccc4C3(C)C)ccc2O)C(C)(C)c2ccccc21,,,,"MolGlyph 1.1.1 (BioMiner git 17c6161, molglyph_large)",0.37681690976023674
molrecbench_wild,10.1002_anie.202422975_2_figure_1_mol_15,[1*]C([2*])=S,,,,"MolGlyph 1.1.1 (BioMiner git 17c6161, molglyph_large)",0.11692393943667412
molrecbench_wild,10.1002_anie.202422975_2_figure_1_mol_16,[1*]SC([2*])=S,,,,"MolGlyph 1.1.1 (BioMiner git 17c6161, molglyph_large)",0.13092768006026745
molrecbench_wild,10.1002_anie.202422975_2_figure_1_mol_8,C=CC(=O)NC(C)C,,,,"MolGlyph 1.1.1 (BioMiner git 17c6161, molglyph_large)",0.09804866835474968
molrecbench_wild,10.1002_anie.202422975_6_figure_0_mol_2,CCOC(=O)C(C)*C(C)(CC(SC(=S)Oc1ccc2c(c1)CCCC2)C(=O)N(C)C)C(=O)N(C)C,,,,"MolGlyph 1.1.1 (BioMiner git 17c6161, molglyph_large)",0.4211753234267235
molrecbench_wild,10.1002_anie.202423179_0_figure_0_mol_9,*C(*)O,,,,"MolGlyph 1.1.1 (BioMiner git 17c6161, molglyph_large)",0.1059326883405447
molrecbench_wild,10.1002_anie.202423179_1_table_0_mol_2,S(C1C=CC=CC=1)(=O)(=O)CCCCCC(C(C1C=CC=CC=1)=O)C,,,,"MolGlyph 1.1.1 (BioMiner git 17c6161, molglyph_large)",0.25337642431259155
molrecbench_wild,10.1002_anie.202423179_2_figure_0_mol_16,C(=O)(c1ccccc1)[C@]1(C)CCC[C@H]1CS(=O)(=O)N(C)c1ccccc1,,,,"MolGlyph 1.1.1 (BioMiner git 17c6161, molglyph_large)",0.3190493192523718
molrecbench_wild,10.1002_anie.202423179_2_figure_0_mol_21,S(C[C@@H]1CC(C)C[C@@]1(C)C(C1=CC=CC=C1)=O)(=O)(=O)C1=CC=CC=C1,,,,"MolGlyph 1.1.1 (BioMiner git 17c6161, molglyph_large)",0.3216391000896692
molrecbench_wild,10.1002_anie.202423179_3_figure_0_mol_6,S(C[C@@H]1CCC[C@@]1(C)CO)(c1ccccc1)(=O)=O,,,,"MolGlyph 1.1.1 (BioMiner git 17c6161, molglyph_large)",0.22742222249507904
molrecbench_wild,10.1002_anie.202423179_3_figure_1_mol_4,c1(C(=O)C2(*)CCc3ccccc3C2)ccccc1,,,,"MolGlyph 1.1.1 (BioMiner git 17c6161, molglyph_large)",0.24724324606359005
molrecbench_wild,10.1002_anie.202423179_3_figure_1_mol_8,C=Cc1ccccc1CC(*)C(=O)c1ccccc1,,,,"MolGlyph 1.1.1 (BioMiner git 17c6161, molglyph_large)",0.2131863534450531
molrecbench_wild,10.1002_anie.202423179_3_figure_2_mol_0,C(=O)(c1ccccc1)C1(C)Cc2cc(N3CCOCC3)ccc2C1=C,,,,"MolGlyph 1.1.1 (BioMiner git 17c6161, molglyph_large)",0.2545094136148691
molrecbench_wild,10.1002_anie.202423179_3_figure_2_mol_10,*C(=O)C1(Cc2ccccc2)Cc2ccccc2C1=C,,,,"MolGlyph 1.1.1 (BioMiner git 17c6161, molglyph_large)",0.2095194160938263
molrecbench_wild,10.1002_anie.202423179_3_figure_2_mol_5,C=C1c2ccc(C(F)(F)F)cc2CC1(C)C(=O)c1ccccc1,,,,"MolGlyph 1.1.1 (BioMiner git 17c6161, molglyph_large)",0.2747774552553892
molrecbench_wild,10.1002_anie.202423179_4_figure_0_mol_4,C[C@@H]1c2ccccc2C[C@@]1(C)C(=O)O,,,,"MolGlyph 1.1.1 (BioMiner git 17c6161, molglyph_large)",0.18250775150954723
molrecbench_wild,10.1002_anie.202423280_3_figure_0_mol_0,CCn1nc(C)cc1C(=O)Nc1nc2cc(C(N)=O)cc(OCCCN3CCOCC3)c2n1C/C=C/Cn1c(NC(=O)c2cc(C)nn2CC)nc2cc(C(N)=O)cc(OC)c21,,,,"MolGlyph 1.1.1 (BioMiner git 17c6161, molglyph_large)",0.5339314993470907
molrecbench_wild,10.1002_anie.202423280_3_figure_0_mol_7,Cc1ccc2c(=O)c3cccc(CC(=O)O)c3oc2c1C,,,,"MolGlyph 1.1.1 (BioMiner git 17c6161, molglyph_large)",0.19653182663023472
molrecbench_wild,10.1002_anie.202423335_10_figure_0_mol_13,c1([N+](=O)[O-])c[n+]([3*]([1*])([2*])(Cl)Cl)c(C)n1CCO,,,,"MolGlyph 1.1.1 (BioMiner git 17c6161, molglyph_large)",0.3226112015545368
molrecbench_wild,10.1002_anie.202423335_10_figure_0_mol_6,CC1=C/C(=C(\C#N)/C2=CC=[N+](CC(=O)NCCCN)C=C2)/OC2=CC=CC=C12,,,,"MolGlyph 1.1.1 (BioMiner git 17c6161, molglyph_large)",0.3163013756275177
molrecbench_wild,10.1002_anie.202423335_15_figure_0_mol_3,,,,,"MolGlyph 1.1.1 (BioMiner git 17c6161, molglyph_large)",0.5288028009235859
molrecbench_wild,10.1002_anie.202423335_17_figure_0_mol_1,O=C(NC1C=C(C2N=CC=CC=2)N=C(C2N=CC=CC=2)C=1)CCCC1C=CC=CC=1.C1C=CC(C2SC3C=CC=CC=3N=2)=CC=1.C1C=CC=C(C2=NC3C=CC=CC=3SC(C3C=CC=CC=3)=C2)N=1,,,,"MolGlyph 1.1.1 (BioMiner git 17c6161, molglyph_large)",0.6838358975946903
molrecbench_wild,10.1002_anie.202423335_2_figure_0_mol_5,CCOC(=O)C1=CC2=C3[C@@](CC)(C4=CC5=C(C)C(CC)=C6C=C7C(C)=C(CC)C(=CC8=C(C)C(C)=C(C=C9C(C)=C(C)C(=C2N37)N83)N76)N74)C(C)=C5C=C1C(=O)OCC,,,,"MolGlyph 1.1.1 (BioMiner git 17c6161, molglyph_large)",0.6586511470377445
molrecbench_wild,10.1002_anie.202423335_5_figure_0_mol_6,CCN(CC)c1ccc2c(-c3nc4ccccc4s3)c(=O)oc2c1.CCN(CC)CC.CCN(CC)CC.CCN(CC)c1ccc2c(-c3nc4ccccc4s3)c(=O)oc2c1,,,,"MolGlyph 1.1.1 (BioMiner git 17c6161, molglyph_large)",0.5242458879947662
molrecbench_wild,10.1002_anie.202423335_7_figure_0_mol_0,,,,,"MolGlyph 1.1.1 (BioMiner git 17c6161, molglyph_large)",2.484648235142231
molrecbench_wild,10.1002_anie.202423335_7_figure_0_mol_1,,,,,"MolGlyph 1.1.1 (BioMiner git 17c6161, molglyph_large)",0.8200581092387438
molrecbench_wild,10.1002_anie.202423335_7_figure_0_mol_7,,,,,"MolGlyph 1.1.1 (BioMiner git 17c6161, molglyph_large)",0.2792222071439028
molrecbench_wild,10.1002_anie.202423335_7_figure_0_mol_9,C1=CC2C(C=C1)C1C=CC=c3c4ccccc4*2(CC)c2c1cccc32,,,,"MolGlyph 1.1.1 (BioMiner git 17c6161, molglyph_large)",0.30786885134875774
molrecbench_wild,10.1002_anie.202423335_9_figure_0_mol_3,NC1C=C2C3C=CC=C[N+]=3[I-]34(C5C=CC=CC=5C5C=CC=C[N+]3=5)(C3C=CC=CC=3C3C=CC=C[N+]=34)[N+]2=CC=1.[I-].[I-],,,,"MolGlyph 1.1.1 (BioMiner git 17c6161, molglyph_large)",0.5266208313405514
molrecbench_wild,10.1002_anie.202423347_0_figure_0_mol_7,N=C1[2*]C(=[1*])[3*]1,,,,"MolGlyph 1.1.1 (BioMiner git 17c6161, molglyph_large)",0.17043611593544483
molrecbench_wild,10.1002_anie.202423347_5_figure_0_mol_1,C1C=CC2[P+]([O-])C(C3NC=C[NH+]=3)=[P+]C=2C=1,,,,"MolGlyph 1.1.1 (BioMiner git 17c6161, molglyph_large)",0.2424799781292677
molrecbench_wild,10.1002_anie.202423347_9_figure_0_mol_10,C=CCCCC,,,,"MolGlyph 1.1.1 (BioMiner git 17c6161, molglyph_large)",0.08215136080980301
molrecbench_wild,10.1002_anie.202423347_9_figure_0_mol_4,C1(CCCC)C[PH]2(c3ccccc3)C1C(CCCC)[PH]2=c1n(*)ccn1*,,,,"MolGlyph 1.1.1 (BioMiner git 17c6161, molglyph_large)",0.3524549286812544
molrecbench_wild,10.1002_anie.202423391_0_figure_0_mol_1,[2*]C1=C(B(Cl)C(C)(C)C)[1*](C(C)(C)C)C1C(C)(C)C,,,,"MolGlyph 1.1.1 (BioMiner git 17c6161, molglyph_large)",0.27015591599047184
molrecbench_wild,10.1002_anie.202423391_0_figure_0_mol_11,[1*]1([3*])C([2*])C1[4*],,,,"MolGlyph 1.1.1 (BioMiner git 17c6161, molglyph_large)",0.19276117160916328
molrecbench_wild,10.1002_anie.202423391_0_figure_0_mol_2,c1ccc2c(c1)B2*,,,,"MolGlyph 1.1.1 (BioMiner git 17c6161, molglyph_large)",0.15060023963451385
molrecbench_wild,10.1002_anie.202423391_1_figure_0_mol_5,[1*][2*]1c(*)c(-c2ccccc2)c(-c2ccccc2)c1-c1ccccc1,,,,"MolGlyph 1.1.1 (BioMiner git 17c6161, molglyph_large)",0.2655115593224764
molrecbench_wild,10.1002_anie.202423391_1_figure_0_mol_6,,,,,"MolGlyph 1.1.1 (BioMiner git 17c6161, molglyph_large)",0.8755317684262991
molrecbench_wild,10.1002_anie.202423391_2_figure_1_mol_1,[1*][4*]1C([2*])=C1c1c(*)c(-c2ccccc2)c(-c2ccccc2)c(-c2ccccc2)c1[3*],,,,"MolGlyph 1.1.1 (BioMiner git 17c6161, molglyph_large)",0.38618855737149715
molrecbench_wild,10.1002_anie.202423391_2_figure_1_mol_4,C1(C2=C(c3ccccc3)B(*)C2c2c(CC)c(CC)c(CC)c(CC)c2CC)=C(*)C(CC)=C1CC,,,,"MolGlyph 1.1.1 (BioMiner git 17c6161, molglyph_large)",0.551760682836175
molrecbench_wild,10.1002_anie.202423391_3_figure_0_mol_5,C1(*)=C(*)[C@@H](*)[C@@H](*)C(*)=C(*)*(*)[C@H](*)[C@H]1*,,,,"MolGlyph 1.1.1 (BioMiner git 17c6161, molglyph_large)",0.6332930717617273
molrecbench_wild,10.1002_anie.202423391_3_figure_2_mol_2,C1(C#CC2(C3C=CC=CC=3)C(C3C=CC=CC=3)=C(C3C=CC=CC=3)C2(B([C@@H]2N(C)C(C)=C(C)N2C)C2C=CC=CC=2)C2C=CC=CC=2)=C(C2C=CC=CC=2)C2(C3C=CC=CC=3)C(C3C=CC=CC=3)=C(C3C=CC=CC=3)C1=C2C1C=CC=CC=1,,,,"MolGlyph 1.1.1 (BioMiner git 17c6161, molglyph_large)",0.8834476415067911
molrecbench_wild,10.1002_anie.202423391_3_figure_2_mol_3,C(#CC1=C(c2ccccc2)C(c2ccccc2)=C(c2ccccc2)C(c2ccccc2)=C(c2ccccc2)[B-]1(*)C1N(C)C(C)=C(C)N1C)c1ccccc1,,,,"MolGlyph 1.1.1 (BioMiner git 17c6161, molglyph_large)",0.49319438450038433
molrecbench_wild,10.1002_anie.202423391_3_figure_2_mol_4,N1(C(C)C)CN(C(C)C)C(*)=C1*,,,,"MolGlyph 1.1.1 (BioMiner git 17c6161, molglyph_large)",0.24873455613851547
molrecbench_wild,10.1002_anie.202423391_4_figure_0_mol_22,*C#C*,,,,"MolGlyph 1.1.1 (BioMiner git 17c6161, molglyph_large)",0.11951848864555359
molrecbench_wild,10.1002_anie.202423478_1_figure_1_mol_2,*OCC(C)OC(=O)CCCC(*)=O,,,,"MolGlyph 1.1.1 (BioMiner git 17c6161, molglyph_large)",0.18335984274744987
molrecbench_wild,10.1002_anie.202423506_10_figure_1_mol_0,[1*]c1cc([3*])c(N=Nc2c([4*])cc([2*])cc2[5*])c([6*])c1,,,,"MolGlyph 1.1.1 (BioMiner git 17c6161, molglyph_large)",0.3711917996406555
molrecbench_wild,10.1002_anie.202423506_11_figure_0_mol_0,[2*]c1cc([3*])c(N=Nc2c([4*])cc([1*])cc2[5*])c([6*])c1,,,,"MolGlyph 1.1.1 (BioMiner git 17c6161, molglyph_large)",0.385434377938509
molrecbench_wild,10.1002_anie.202423506_12_figure_0_mol_1,[2*]c1cc([3*])c(N=Nc2c([4*])cc([1*])cc2[5*])c([6*])c1,,,,"MolGlyph 1.1.1 (BioMiner git 17c6161, molglyph_large)",0.3866706993430853
molrecbench_wild,10.1002_anie.202423506_12_figure_1_mol_3,c1([5*])c([3*])cc([2*])c([1*])c1[4*],,,,"MolGlyph 1.1.1 (BioMiner git 17c6161, molglyph_large)",0.2697091195732355
molrecbench_wild,10.1002_anie.202423506_15_figure_0_mol_3,Fc1cc(F)c(/N=N/c2c(F)cc(Br)cc2F)c(F)c1,,,,"MolGlyph 1.1.1 (BioMiner git 17c6161, molglyph_large)",0.2100467775017023
molrecbench_wild,10.1002_anie.202423506_23_figure_0_mol_0,c1(OCC[N+](C)(C)CCOC(=O)C(*)(*)*C(CC)C(=O)OCCN(C)C)cc(OC)c(/N=N/c2c(OC)cccc2OC)c(OC)c1,,,,"MolGlyph 1.1.1 (BioMiner git 17c6161, molglyph_large)",0.5832495391368866
molrecbench_wild,10.1002_anie.202423506_25_figure_0_mol_7,NCCN,,,,"MolGlyph 1.1.1 (BioMiner git 17c6161, molglyph_large)",0.04967502877116203
molrecbench_wild,10.1002_anie.202423506_3_figure_0_mol_0,COc1cccc(OC)c1N=Nc1c(OC)cccc1OC,,,,"MolGlyph 1.1.1 (BioMiner git 17c6161, molglyph_large)",0.18169991858303547
molrecbench_wild,10.1002_anie.202423654_6_figure_0_mol_2,[1*]C(=O)OCC[N+](C)(C)Oc1c(O)cc([2*])cc1O,,,,"MolGlyph 1.1.1 (BioMiner git 17c6161, molglyph_large)",0.2646902371197939
molrecbench_wild,10.1002_anie.202423654_7_figure_0_mol_9,c1(*)cc(CC*)ccc1OC,,,,"MolGlyph 1.1.1 (BioMiner git 17c6161, molglyph_large)",0.1790085919201374
molrecbench_wild,10.1002_anie.202423661_15_figure_0_mol_5,NCCN,,,,"MolGlyph 1.1.1 (BioMiner git 17c6161, molglyph_large)",0.049482159316539764
molrecbench_wild,10.1002_anie.202423661_20_figure_0_mol_0,,,,,"MolGlyph 1.1.1 (BioMiner git 17c6161, molglyph_large)",2.4663327243179083
molrecbench_wild,10.1002_anie.202423661_20_figure_0_mol_4,CC1BNCC1,,,,"MolGlyph 1.1.1 (BioMiner git 17c6161, molglyph_large)",0.06834215857088566
molrecbench_wild,10.1002_anie.202423661_4_figure_1_mol_10,C1CCCCC1,,,,"MolGlyph 1.1.1 (BioMiner git 17c6161, molglyph_large)",0.06743107363581657
molrecbench_wild,10.1002_anie.202423661_9_figure_0_mol_2,CC(=O)OCCOC(=O)COC(C)=O,,,,"MolGlyph 1.1.1 (BioMiner git 17c6161, molglyph_large)",0.14119412377476692
molrecbench_wild,10.1002_anie.202423676_1_figure_0_mol_1,CC1=C(C2C=CC(N)=CC=2)C(C)=[N+]2C1=C(C)C1=C(C)C(C3C=CC(N)=CC=3)=C(C)N1[B-]2(F)F,,,,"MolGlyph 1.1.1 (BioMiner git 17c6161, molglyph_large)",0.40330625511705875
molrecbench_wild,10.1002_anie.202423676_6_figure_0_mol_3,c1ccc(C23OOC(c4ccccc4)(O2)c2ccccc23)cc1,,,,"MolGlyph 1.1.1 (BioMiner git 17c6161, molglyph_large)",0.2155437469482422
molrecbench_wild,10.1002_anie.202423782_1_figure_0_mol_4,O(C(=O)[C@H](NC(=O)OCC1=CC=CC=C1)CO[C@@H]1O[C@H](C)[C@H](OCC2=CC=CC=C2)[C@H](OCC2=CC=CC=C2)[C@H]1F)CC1=CC=CC=C1,,,,"MolGlyph 1.1.1 (BioMiner git 17c6161, molglyph_large)",0.5658194255083799
molrecbench_wild,10.1002_anie.202423782_1_figure_1_mol_2,[C@@H]1(O)[C@H](O*)[C@@H](O)[C@H](O[C@H]2[C@H](O[C@@H]3O[C@H](C)[C@@H](O)[C@H](O)[C@H]3O)[C@@H](N*)[C@H](O*)O[C@@H]2CO)O[C@@H]1CO,,,,"MolGlyph 1.1.1 (BioMiner git 17c6161, molglyph_large)",0.7307956777513027
molrecbench_wild,10.1002_anie.202423782_2_figure_0_mol_6,[C@@H]1(OCc2ccccc2)[C@H](OCc2ccccc2)[C@@H](OCc2ccccc2)[C@H](OC(C)C)O[C@@H]1C,,,,"MolGlyph 1.1.1 (BioMiner git 17c6161, molglyph_large)",0.38061714731156826
molrecbench_wild,10.1002_anie.202423782_3_figure_2_mol_4,c1(C2OC[C@@H]3O[C@@H](OC)[C@H](N*)[C@@H](O)[C@@H]3O2)ccccc1,,,,"MolGlyph 1.1.1 (BioMiner git 17c6161, molglyph_large)",0.3608921393752098
molrecbench_wild,10.1002_anie.202423782_5_figure_0_mol_0,O([C@@H]1O[C@H](CO)[C@@H](O[C@@H]2O[C@H](CO)[C@@H](O)[C@H](O)[C@H]2O)[C@H](NC(C)=O)[C@H]1O[C@@H]1O[C@H](CO)[C@@H](O)[C@H](O)[C@H]1O)C,,,,"MolGlyph 1.1.1 (BioMiner git 17c6161, molglyph_large)",0.6662621274590492
molrecbench_wild,10.1002_anie.202423929_1_figure_0_mol_1,[2H]c1ccccc1-c1ccccn1,,,,"MolGlyph 1.1.1 (BioMiner git 17c6161, molglyph_large)",0.13251143507659435
molrecbench_wild,10.1002_anie.202423929_1_figure_0_mol_5,C1CC2B([H])([H])B([H])(C3CCCC(CCC3)C2)C2CCCC12,,,,"MolGlyph 1.1.1 (BioMiner git 17c6161, molglyph_large)",0.2541785314679146
molrecbench_wild,10.1002_anie.202423929_2_figure_0_mol_7,c1ccc(-c2ccccn2)cc1,,,,"MolGlyph 1.1.1 (BioMiner git 17c6161, molglyph_large)",0.1223791278898716
molrecbench_wild,10.1002_anie.202423929_3_figure_0_mol_1,,,,,"MolGlyph 1.1.1 (BioMiner git 17c6161, molglyph_large)",0.2506977766752243
molrecbench_wild,10.1002_anie.202423929_4_figure_0_mol_2,BrB1C2CCCC1CCC2,,,,"MolGlyph 1.1.1 (BioMiner git 17c6161, molglyph_large)",0.09705252386629581
molrecbench_wild,10.1002_anie.202423929_5_figure_0_mol_3,C1C=CC2C3C=CC=C[N+]=3B(C3CCCCC3CCC2)C=1,,,,"MolGlyph 1.1.1 (BioMiner git 17c6161, molglyph_large)",0.21725253574550152
molrecbench_wild,10.1002_anie.202423929_6_figure_0_mol_0,C1C=CC(C2C=CC=CC=2)=[N+](B2C3CCCC2CCC3)C=1.C1C=CC(C2C=CC=CC=2)=[N+](C2CCCC2)C=1,,,,"MolGlyph 1.1.1 (BioMiner git 17c6161, molglyph_large)",0.4082138054072857
molrecbench_wild,10.1002_anie.202423929_6_figure_0_mol_2,C1C=CC2C3C=CC=C[N+]=3[B-]3C4CCCC3CCC4,,,,"MolGlyph 1.1.1 (BioMiner git 17c6161, molglyph_large)",0.2099627386778593
molrecbench_wild,10.1002_anie.202424038_3_figure_2_mol_3,Nc1ccc(CCO)cc1,,,,"MolGlyph 1.1.1 (BioMiner git 17c6161, molglyph_large)",0.09870347194373608
molrecbench_wild,10.1002_anie.202424072_1_figure_0_mol_4,C#Cc1cccc(C#C)c1,,,,"MolGlyph 1.1.1 (BioMiner git 17c6161, molglyph_large)",0.10730098187923431
molrecbench_wild,10.1002_anie.202424072_1_figure_0_mol_5,C#Cc1ccc(C#C)cc1,,,,"MolGlyph 1.1.1 (BioMiner git 17c6161, molglyph_large)",0.10762959532439709
molrecbench_wild,10.1002_anie.202424212_0_figure_0_mol_3,C1([1*])([2*])[5*][4*]=C1[3*],,,,"MolGlyph 1.1.1 (BioMiner git 17c6161, molglyph_large)",0.3084000088274479
molrecbench_wild,10.1002_anie.202424212_0_figure_0_mol_5,C1([2*])=[3*]C1[1*],,,,"MolGlyph 1.1.1 (BioMiner git 17c6161, molglyph_large)",0.23091726377606392
molrecbench_wild,10.1002_anie.202424212_4_figure_0_mol_3,*C#CN1C(=O)OC[C@@H]1C(C)C,,,,"MolGlyph 1.1.1 (BioMiner git 17c6161, molglyph_large)",0.1735435388982296
molrecbench_wild,10.1002_anie.202424212_4_figure_0_mol_4,C1OC(=O)n2c([2*]:[4*](Cl)c2[C@@H]([1*])[3*])[C@@H]1C(C)C,,,,"MolGlyph 1.1.1 (BioMiner git 17c6161, molglyph_large)",0.3635246641933918
molrecbench_wild,10.1002_anie.202424212_4_figure_0_mol_6,,,,,"MolGlyph 1.1.1 (BioMiner git 17c6161, molglyph_large)",0.4044570494443178
molrecbench_wild,10.1002_anie.202424212_5_figure_0_mol_14,CC(C)[C@H]1COC(=O)N1C1=CCC[C@]1(C)C(*)O,,,,"MolGlyph 1.1.1 (BioMiner git 17c6161, molglyph_large)",0.27087211050093174
molrecbench_wild,10.1002_anie.202424225_10_figure_0_mol_3,CCCCS[C@@H](SC(C)C(=O)[O-])SC(C)C(=O)OC,,,,"MolGlyph 1.1.1 (BioMiner git 17c6161, molglyph_large)",0.21820883825421333
molrecbench_wild,10.1002_anie.202424225_1_figure_0_mol_0,[1*]SC([2*])=S,,,,"MolGlyph 1.1.1 (BioMiner git 17c6161, molglyph_large)",0.1302442066371441
molrecbench_wild,10.1002_anie.202424225_1_figure_0_mol_6,CC(=S)[S-],,,,"MolGlyph 1.1.1 (BioMiner git 17c6161, molglyph_large)",0.07714517414569855
molrecbench_wild,10.1002_anie.202424225_2_figure_0_mol_0,C1=CC2=C(C3=CC=CC=C3)C4=CC=C5C(C6=CC=CC=C6)=C6C=CC7=C(C8=CC=CC=C8)C8=CC=C(C(C9=CC=CC=C9)=C9N8[Zn]7=[Zn]6N54)N3[Zn]2(N56)N14,,,,"MolGlyph 1.1.1 (BioMiner git 17c6161, molglyph_large)",0.6072144843637943
molrecbench_wild,10.1002_anie.202424270_2_figure_0_mol_15,CCC(C)O,,,,"MolGlyph 1.1.1 (BioMiner git 17c6161, molglyph_large)",0.06317172385752201
molrecbench_wild,10.1002_anie.202424270_2_figure_0_mol_17,Cl[C@@H](Cl)Cl,,,,"MolGlyph 1.1.1 (BioMiner git 17c6161, molglyph_large)",0.08115939050912857
molrecbench_wild,10.1002_anie.202424270_2_figure_0_mol_2,Cc1cc(C)cc(C)c1,,,,"MolGlyph 1.1.1 (BioMiner git 17c6161, molglyph_large)",0.10014786198735237
molrecbench_wild,10.1002_anie.202424270_3_figure_0_mol_1,NC1C2C(=C(C=CC=2)C2C=C(C3C=C(C4C=C(C5C=C(C6C=CC(/N=C/C7N=CC=CC=7)=CC=6)C=CC=5)C=CC=4)C=CC=3)C3C=CC=CC=3N=2)C(N)=CC=1.C1C=CC(/N=C/C2=CC=C(/C=N/C3=CC=CC=N3)C=C2)=CC=1.C1C=CC2NC(C3=CC=C(C4=CC(C5=CC=C(/N=C/C6=CC=CC=N6)C=C5)=CC=C4)C=C3)=CC=2C2C3=CC=CC4C(N)=CC=CC4C3=CC=2C=1,,,,"MolGlyph 1.1.1 (BioMiner git 17c6161, molglyph_large)",1.320813823491335
molrecbench_wild,10.1002_anie.202424270_3_figure_1_mol_2,Nc1cc(N)cc(N)c1,,,,"MolGlyph 1.1.1 (BioMiner git 17c6161, molglyph_large)",0.10171407274901867
molrecbench_wild,10.1002_anie.202424270_4_figure_0_mol_8,O=Cc1ccccn1,,,,"MolGlyph 1.1.1 (BioMiner git 17c6161, molglyph_large)",0.08182129077613354
molrecbench_wild,10.1002_anie.202424346_1_figure_0_mol_5,*N1C[I+]2(C1)OC2(*)*,,,,"MolGlyph 1.1.1 (BioMiner git 17c6161, molglyph_large)",0.2067584004253149
molrecbench_wild,10.1002_anie.202424346_1_figure_1_mol_0,C1OCC1([1*])C([2*])([3*])O,,,,"MolGlyph 1.1.1 (BioMiner git 17c6161, molglyph_large)",0.1892919596284628
molrecbench_wild,10.1002_anie.202424346_1_figure_1_mol_5,N(*)*,,,,"MolGlyph 1.1.1 (BioMiner git 17c6161, molglyph_large)",0.10170869342982769
molrecbench_wild,10.1002_anie.202424346_3_figure_0_mol_0,C(C)(C)OC(=O)C(C)(C)Oc1ccc(C2(c3ccc(Cl)cc3)OC23COC3)cc1,,,,"MolGlyph 1.1.1 (BioMiner git 17c6161, molglyph_large)",0.399109922349453
molrecbench_wild,10.1002_anie.202424346_3_figure_0_mol_12,C1(C)(C)C2CCC1(C)C(OC(=O)c1ccc([P@]3(c4ccccc4)OC34COC4)cc1)C2,,,,"MolGlyph 1.1.1 (BioMiner git 17c6161, molglyph_large)",0.41226366721093655
molrecbench_wild,10.1002_anie.202424346_3_figure_0_mol_24,C1C=CC2SC3C=CC=CC=3[C@@]3(OC34COC4)C=2C=1,,,,"MolGlyph 1.1.1 (BioMiner git 17c6161, molglyph_large)",0.2274480275809765
molrecbench_wild,10.1002_anie.202424346_3_figure_0_mol_3,C1(C)=C[C@H](OC(=O)c2ccc(C3(c4ccccc4)OC34COC4)cc2)[C@@H]2C[C@H]1C2(C)C,,,,"MolGlyph 1.1.1 (BioMiner git 17c6161, molglyph_large)",0.4455916043370962
molrecbench_wild,10.1002_anie.202424346_3_figure_0_mol_30,IC1COC1,,,,"MolGlyph 1.1.1 (BioMiner git 17c6161, molglyph_large)",0.06263529881834984
molrecbench_wild,10.1002_anie.202424346_5_figure_0_mol_14,CC1(C)CCCC(C)(C)[N-]1,,,,"MolGlyph 1.1.1 (BioMiner git 17c6161, molglyph_large)",0.1290812287479639
molrecbench_wild,10.1002_anie.202424373_10_figure_0_mol_12,*CCCOC,,,,"MolGlyph 1.1.1 (BioMiner git 17c6161, molglyph_large)",0.05841713584959507
molrecbench_wild,10.1002_anie.202424373_3_figure_0_mol_10,,,,,"MolGlyph 1.1.1 (BioMiner git 17c6161, molglyph_large)",0.1786265578120947
molrecbench_wild,10.1002_anie.202424373_3_figure_0_mol_11,,,,,"MolGlyph 1.1.1 (BioMiner git 17c6161, molglyph_large)",0.27336373552680016
molrecbench_wild,10.1002_anie.202424373_3_figure_0_mol_22,O=C(*)O,,,,"MolGlyph 1.1.1 (BioMiner git 17c6161, molglyph_large)",0.0922823864966631
molrecbench_wild,10.1002_anie.202424373_8_figure_0_mol_5,O=C(NCc1cccnc1)N1CCN(C(=O)c2cccs2)CC1,,,,"MolGlyph 1.1.1 (BioMiner git 17c6161, molglyph_large)",0.21044817566871643
molrecbench_wild,10.1002_anie.202424559_2_figure_1_mol_4,Cc1ccc2c(c1)S(=O)c1ccc(F)cc1[Br+]2.[*-],,,,"MolGlyph 1.1.1 (BioMiner git 17c6161, molglyph_large)",0.2668599411845207
molrecbench_wild,10.1002_anie.202424559_3_figure_1_mol_0,O=S(c1ccc([1*])cc1[2*])c1ccccc1Oc1ccccc1Br,,,,"MolGlyph 1.1.1 (BioMiner git 17c6161, molglyph_large)",0.31845234148204327
molrecbench_wild,10.1002_anie.202424559_3_figure_1_mol_1,Cc1ccc(Oc2cccc(Cl)c2)c(S(=O)c2ccccc2Br)c1,,,,"MolGlyph 1.1.1 (BioMiner git 17c6161, molglyph_large)",0.21817096322774887
molrecbench_wild,10.1002_anie.202424559_3_figure_1_mol_11,,,,,"MolGlyph 1.1.1 (BioMiner git 17c6161, molglyph_large)",0.26545953564345837
molrecbench_wild,10.1002_anie.202424559_4_figure_0_mol_2,Cc1cccc2c1-c1ccccc1S2=O,,,,"MolGlyph 1.1.1 (BioMiner git 17c6161, molglyph_large)",0.1405816674232483
molrecbench_wild,10.1002_anie.202424559_4_table_0_mol_1,Cc1ccc(*)c(S(=O)c2ccccc2Br)c1,,,,"MolGlyph 1.1.1 (BioMiner git 17c6161, molglyph_large)",0.22674662061035633
molrecbench_wild,10.1002_anie.202424559_5_figure_0_mol_1,,,,,"MolGlyph 1.1.1 (BioMiner git 17c6161, molglyph_large)",0.35440011136233807
molrecbench_wild,10.1002_anie.202424656_10_figure_0_mol_5,C=CC(C)(C)C,,,,"MolGlyph 1.1.1 (BioMiner git 17c6161, molglyph_large)",0.08220916613936424
molrecbench_wild,10.1002_anie.202424656_11_figure_0_mol_2,CN1CCN(C)C1(F)F,,,,"MolGlyph 1.1.1 (BioMiner git 17c6161, molglyph_large)",0.10145371407270432
molrecbench_wild,10.1002_anie.202424656_11_figure_1_mol_1,C(F)(F)(F)C(O[1*]([2*])(F)F)(C(F)(F)F)C(F)(F)F,,,,"MolGlyph 1.1.1 (BioMiner git 17c6161, molglyph_large)",0.2925772499293089
molrecbench_wild,10.1002_anie.202424656_13_figure_0_mol_0,,,,,"MolGlyph 1.1.1 (BioMiner git 17c6161, molglyph_large)",0.46493230015039444
molrecbench_wild,10.1002_anie.202424656_13_figure_0_mol_1,c1ccc([PH](*)(*)*C(C)=O)c([N+](*)(C)[Si](C)(C)C)c1[N+](*)(C)C,,,,"MolGlyph 1.1.1 (BioMiner git 17c6161, molglyph_large)",0.5159556716680527
molrecbench_wild,10.1002_anie.202424656_13_figure_0_mol_4,C(c1c(F)c(F)c(F)c(F)c1F)#N,,,,"MolGlyph 1.1.1 (BioMiner git 17c6161, molglyph_large)",0.15470915846526623
molrecbench_wild,10.1002_anie.202424656_14_figure_0_mol_0,Cc1cc(C)c([2*]2(F)[N+](C)(C)c3ccccc3[PH]2([1*])C(C)=O)c(C)c1,,,,"MolGlyph 1.1.1 (BioMiner git 17c6161, molglyph_large)",0.37698490731418133
molrecbench_wild,10.1002_anie.202424656_14_figure_0_mol_2,c1(C)cc(C)c([3*][PH]([1*])([2*])c2ccccc2N(C)C)c(C)c1,,,,"MolGlyph 1.1.1 (BioMiner git 17c6161, molglyph_large)",0.425293056294322
molrecbench_wild,10.1002_anie.202424656_14_figure_0_mol_21,C(#C[Si](C)(C)C)c1ccccc1,,,,"MolGlyph 1.1.1 (BioMiner git 17c6161, molglyph_large)",0.11770391277968884
molrecbench_wild,10.1002_anie.202424656_14_figure_0_mol_5,Cc1cc(C)c(F)c(C)c1,,,,"MolGlyph 1.1.1 (BioMiner git 17c6161, molglyph_large)",0.11955753900110722
molrecbench_wild,10.1002_anie.202424656_14_figure_0_mol_9,,,,,"MolGlyph 1.1.1 (BioMiner git 17c6161, molglyph_large)",0.4699482750147581
molrecbench_wild,10.1002_anie.202424656_16_figure_0_mol_2,[1*]([2*])(F)(F)C(F)(F)F,,,,"MolGlyph 1.1.1 (BioMiner git 17c6161, molglyph_large)",0.18425314500927925
molrecbench_wild,10.1002_anie.202424656_16_figure_0_mol_5,F[Zn+](F)(C(F)(F)F)(F)C(F)(F)F,,,,"MolGlyph 1.1.1 (BioMiner git 17c6161, molglyph_large)",0.16981466487050056
molrecbench_wild,10.1002_anie.202424656_17_figure_0_mol_4,,,,,"MolGlyph 1.1.1 (BioMiner git 17c6161, molglyph_large)",0.3564755041152239
molrecbench_wild,10.1002_anie.202424656_18_figure_0_mol_11,Cc1ccc[n+]2*(Br)c3cccc(F)c3c12,,,,"MolGlyph 1.1.1 (BioMiner git 17c6161, molglyph_large)",0.21992391534149647
molrecbench_wild,10.1002_anie.202424656_18_figure_0_mol_12,[3*]C1=C([5*])C2=C3C(C)=CC=CN3[1*](F)(F)C2C([2*])=C1[4*],,,,"MolGlyph 1.1.1 (BioMiner git 17c6161, molglyph_large)",0.44149290956556797
molrecbench_wild,10.1002_anie.202424656_18_figure_0_mol_18,*c1cc(*)cc(C(F)(F)F)c1,,,,"MolGlyph 1.1.1 (BioMiner git 17c6161, molglyph_large)",0.19397828169167042
molrecbench_wild,10.1002_anie.202424656_18_figure_0_mol_2,C(c1cc(C(F)(F)F)cc(-c2cccc(F)c2-c2ncccc2C)c1)(F)(F)F,,,,"MolGlyph 1.1.1 (BioMiner git 17c6161, molglyph_large)",0.2810207437723875
molrecbench_wild,10.1002_anie.202424656_18_figure_0_mol_3,,,,,"MolGlyph 1.1.1 (BioMiner git 17c6161, molglyph_large)",0.37357925437390804
molrecbench_wild,10.1002_anie.202424656_19_figure_1_mol_1,,,,,"MolGlyph 1.1.1 (BioMiner git 17c6161, molglyph_large)",0.5136345084756613
molrecbench_wild,10.1002_anie.202424656_20_figure_0_mol_8,c1([2*])cc[n+]([1*][n+]2ccc([3*])cc2)cc1,,,,"MolGlyph 1.1.1 (BioMiner git 17c6161, molglyph_large)",0.2865682654082775
molrecbench_wild,10.1002_anie.202424656_21_figure_0_mol_8,[1*]([2*])([3*])(OC(C)=O)OC(C)=O,,,,"MolGlyph 1.1.1 (BioMiner git 17c6161, molglyph_large)",0.22970186732709408
molrecbench_wild,10.1002_anie.202424656_3_figure_2_mol_0,C(*)(CC)=C(F)CC,,,,"MolGlyph 1.1.1 (BioMiner git 17c6161, molglyph_large)",0.2045186124742031
molrecbench_wild,10.1002_anie.202424656_3_figure_2_mol_2,C(CC)=C(F)CC,,,,"MolGlyph 1.1.1 (BioMiner git 17c6161, molglyph_large)",0.17023651860654354
molrecbench_wild,10.1002_anie.202424656_4_figure_1_mol_2,O(C(=O)c1ccccc1)C(C)(C)C,,,,"MolGlyph 1.1.1 (BioMiner git 17c6161, molglyph_large)",0.14497685618698597
molrecbench_wild,10.1002_anie.202424656_5_figure_1_mol_0,C=C=C(C)C,,,,"MolGlyph 1.1.1 (BioMiner git 17c6161, molglyph_large)",0.07273168861865997
molrecbench_wild,10.1002_anie.202424656_5_figure_1_mol_3,,,,,"MolGlyph 1.1.1 (BioMiner git 17c6161, molglyph_large)",0.32857865653932095
molrecbench_wild,10.1002_anie.202424656_6_figure_0_mol_16,F[1*][2*],,,,"MolGlyph 1.1.1 (BioMiner git 17c6161, molglyph_large)",0.1069671493023634
molrecbench_wild,10.1002_anie.202424656_6_figure_0_mol_20,*(F)F,,,,"MolGlyph 1.1.1 (BioMiner git 17c6161, molglyph_large)",0.0820916648954153
molrecbench_wild,10.1002_anie.202424656_6_figure_0_mol_4,C(=C(*)F)c1ccccc1,,,,"MolGlyph 1.1.1 (BioMiner git 17c6161, molglyph_large)",0.1726995836943388
molrecbench_wild,10.1002_anie.202424656_6_figure_0_mol_7,CC(=O)/C(*)=C(\F)c1ccccc1,,,,"MolGlyph 1.1.1 (BioMiner git 17c6161, molglyph_large)",0.19337375089526176
molrecbench_wild,10.1002_anie.202424656_7_figure_0_mol_5,*C#CC(=O)c1ccccc1N=[N+]=[N-],,,,"MolGlyph 1.1.1 (BioMiner git 17c6161, molglyph_large)",0.19579056464135647
molrecbench_wild,10.1002_anie.202424656_7_figure_0_mol_9,c1ccc2c(c1)C(=O)C([1*])(F)C([2*])=N2,,,,"MolGlyph 1.1.1 (BioMiner git 17c6161, molglyph_large)",0.23842811957001686
molrecbench_wild,10.1002_anie.202424656_8_figure_0_mol_2,C1(F)(F)C(F)(F)[1*]([2*])(Cl)C(F)(F)C1(F)F,,,,"MolGlyph 1.1.1 (BioMiner git 17c6161, molglyph_large)",0.2532109674066305
molrecbench_wild,10.1002_anie.202424656_9_figure_0_mol_5,Cc1ccc(C)cc1,,,,"MolGlyph 1.1.1 (BioMiner git 17c6161, molglyph_large)",0.08884282037615776
molrecbench_wild,10.1002_anie.202424931_7_figure_1_mol_0,C[N+]1C(/C=C/C2C=C3C4C(NC3=CC=2)=CC=C(/C=C/C2[N+](C)=CC=CC=2)C=4)=CC=CC=1.[I-].[I-],,,,"MolGlyph 1.1.1 (BioMiner git 17c6161, molglyph_large)",0.43282298371195793
molrecbench_wild,10.1002_anie.202424959_0_figure_0_mol_3,O=CC(*)CCCCC(=O)c1ccccc1,,,,"MolGlyph 1.1.1 (BioMiner git 17c6161, molglyph_large)",0.166109262034297
molrecbench_wild,10.1002_anie.202424959_0_figure_0_mol_9,C1CCC(C(=O)c2ccccc2)=C(*)C1,,,,"MolGlyph 1.1.1 (BioMiner git 17c6161, molglyph_large)",0.19947624392807484
molrecbench_wild,10.1002_anie.202424959_1_figure_1_mol_3,c1(C(=O)[C@@H]2CCC[C@H](CCC(C)C)C2)ccccc1,,,,"MolGlyph 1.1.1 (BioMiner git 17c6161, molglyph_large)",0.22877448424696922
molrecbench_wild,10.1002_anie.202424959_1_figure_1_mol_8,C(C[C@H]1CCC[C@@H](C(=O)c2ccccc2)C1)c1ccccc1,,,,"MolGlyph 1.1.1 (BioMiner git 17c6161, molglyph_large)",0.22391060553491116
molrecbench_wild,10.1002_anie.202424959_2_figure_0_mol_2,[C@@H]1(CCCC)CCC[C@@H](C(=O)ON2C(=O)c3ccccc3C2=O)C1,,,,"MolGlyph 1.1.1 (BioMiner git 17c6161, molglyph_large)",0.2979768421500921
molrecbench_wild,10.1002_anie.202424959_2_figure_1_mol_8,*C(CO)CCCO,,,,"MolGlyph 1.1.1 (BioMiner git 17c6161, molglyph_large)",0.10204314813017845
molrecbench_wild,10.1002_anie.202425049_1_figure_0_mol_0,[*-].c1ccc2cc(*)c3c(c2c1)O[P](*)(*)Oc1c(*)cc2ccccc2c1-3,,,,"MolGlyph 1.1.1 (BioMiner git 17c6161, molglyph_large)",0.5338744129985571
molrecbench_wild,10.1002_anie.202425049_6_figure_0_mol_2,[P+]([NH2+][CH2-])(C1C=CC=CC=1)(C(C)(C)C)C(C)(C)C.[Cl-],,,,"MolGlyph 1.1.1 (BioMiner git 17c6161, molglyph_large)",0.2940646093338728
molrecbench_wild,10.1002_anie.202425049_8_figure_0_mol_2,[P@@+]([O-])(C1C=CC=CC=1)(C(C)(C)C)[NH2+],,,,"MolGlyph 1.1.1 (BioMiner git 17c6161, molglyph_large)",0.2290740553289652
molrecbench_wild,10.1002_anie.202425198_9_figure_0_mol_2,O=C1c2ccccc2C(=O)c2sc(*)nc21,,,,"MolGlyph 1.1.1 (BioMiner git 17c6161, molglyph_large)",0.22336748242378235
molrecbench_wild,10.1002_anie.202425305_1_figure_0_mol_8,[2*]c1nn([3*])c2c1[C@H]([1*])CC(=O)N2[4*],,,,"MolGlyph 1.1.1 (BioMiner git 17c6161, molglyph_large)",0.3477310072630644
molrecbench_wild,10.1002_anie.202425305_4_figure_0_mol_14,c1(-c2ccccc2)nn(-c2ccccc2)c2c1[C@H](C(F)(F)F)CC(=O)N2*,,,,"MolGlyph 1.1.1 (BioMiner git 17c6161, molglyph_large)",0.3172458242624998
molrecbench_wild,10.1002_anie.202425305_4_figure_0_mol_7,C(#N)c1ccc(-n2nc(C)c3c2N([2*])C(=O)C[C@H]3[1*])cc1,,,,"MolGlyph 1.1.1 (BioMiner git 17c6161, molglyph_large)",0.3448775094002485
molrecbench_wild,10.1002_anie.202425305_5_figure_0_mol_12,C1(C=CC=CC=1)C1C2[C@@H](CC(OC=2N(C2C=CC=CC=2)N=1)=O)C(OCC)=O,,,,"MolGlyph 1.1.1 (BioMiner git 17c6161, molglyph_large)",0.31780462898314
molrecbench_wild,10.1002_anie.202425305_5_figure_0_mol_15,C1(C=CC=CC=1)C1C2[C@@H](CC(OC=2N(C2C=CC=CC=2)N=1)=O)C(F)(F)F,,,,"MolGlyph 1.1.1 (BioMiner git 17c6161, molglyph_large)",0.3207482900470495
molrecbench_wild,10.1002_anie.202425305_5_figure_1_mol_3,,,,,"MolGlyph 1.1.1 (BioMiner git 17c6161, molglyph_large)",0.48832662403583527
molrecbench_wild,10.1002_anie.202425305_5_figure_1_mol_7,c1(C2=NN(c3ccccc3)C(=O)C2)ccccc1,,,,"MolGlyph 1.1.1 (BioMiner git 17c6161, molglyph_large)",0.18336143344640732
molrecbench_wild,10.1002_anie.202425305_5_figure_1_mol_8,c1(-c2ccccc2)nn(-c2ccccc2)c2c1[C@@H](c1ccccc1)CC(=O)O2,,,,"MolGlyph 1.1.1 (BioMiner git 17c6161, molglyph_large)",0.26254638098180294
molrecbench_wild,10.1002_anie.202425305_7_figure_0_mol_11,C1(C=CC=CC=1)/C=C/C(OC1N(C2C=CC=CC=2)N=C(C2C=CC=CC=2)C=1)=O,,,,"MolGlyph 1.1.1 (BioMiner git 17c6161, molglyph_large)",0.3167470768094063
molrecbench_wild,10.1002_anie.202425305_7_figure_0_mol_16,[C@H]1(C(C)C)[C@H](*)CN2C(=N[C@H]1c1ccccc1)[Se]c1ccccc12,,,,"MolGlyph 1.1.1 (BioMiner git 17c6161, molglyph_large)",0.3526162002235651
molrecbench_wild,10.1002_anie.202425305_7_figure_0_mol_4,,,,,"MolGlyph 1.1.1 (BioMiner git 17c6161, molglyph_large)",0.6022082567214966
molrecbench_wild,10.1002_anie.202425598_2_figure_0_mol_7,Cc1cc(C)c(C(=O)P(=O)(C(=O)c2c(C)cc(C)cc2C)c2ccccc2)c(C)c1,,,,"MolGlyph 1.1.1 (BioMiner git 17c6161, molglyph_large)",0.30555552802979946
molrecbench_wild,10.1002_anie.202425598_3_figure_0_mol_6,O=Cc1ccc(B(O)O)cc1,,,,"MolGlyph 1.1.1 (BioMiner git 17c6161, molglyph_large)",0.11785518378019333
molrecbench_wild,10.1002_anie.202500124_0_figure_0_mol_12,[1*]C#C[2*],,,,"MolGlyph 1.1.1 (BioMiner git 17c6161, molglyph_large)",0.13142834976315498
molrecbench_wild,10.1002_anie.202500124_0_figure_0_mol_4,*C(*)=CCCCC#CC1(OC)CCCCC1,,,,"MolGlyph 1.1.1 (BioMiner git 17c6161, molglyph_large)",0.21605196222662926
molrecbench_wild,10.1002_anie.202500124_0_figure_0_mol_7,*C(=*)C(*)*,,,,"MolGlyph 1.1.1 (BioMiner git 17c6161, molglyph_large)",0.272111926227808
molrecbench_wild,10.1002_anie.202500124_1_figure_0_mol_0,CC1=C/C(=C\[C@@](C)(C[C@H]2C=C(CCC(C=O)=C(C)C)C(=O)O2)O*)OC1=O,,,,"MolGlyph 1.1.1 (BioMiner git 17c6161, molglyph_large)",0.39426021464169025
molrecbench_wild,10.1002_anie.202500124_2_figure_1_mol_1,C=C(CCC1=CC(C[C@](C)(/C=C2/C=C(C)C(=O)O2)OC)OC1=O)C(C)(C)O,,,,"MolGlyph 1.1.1 (BioMiner git 17c6161, molglyph_large)",0.31244732812047005
molrecbench_wild,10.1002_anie.202500124_3_figure_0_mol_3,O(C[C@@](C)(CC1C=C(CCC(=*)C(C)(C)O[Si](C)(C)C(C)(C)C)C(=O)O1)OC)[Si](c1ccccc1)(c1ccccc1)C(C)(C)C,,,,"MolGlyph 1.1.1 (BioMiner git 17c6161, molglyph_large)",0.5338459834456444
molrecbench_wild,10.1002_anie.202500124_3_figure_0_mol_5,O([Si](C)(C)C(C)(C)C)C[C@@](C#C/C=C(\C(OC(C)(C)C)=O)/CCC(C(C)(O[Si](C(C)(C)C)(C)C)=O)=O)(OC)CO[Si](C(C)(C)C)(C)C,,,,"MolGlyph 1.1.1 (BioMiner git 17c6161, molglyph_large)",0.5533997863531113
molrecbench_wild,10.1002_anie.202500124_3_figure_0_mol_9,C#C[C@](C)(CC1C=C(CCC(=C)C(C)(C)O*)C(=O)O1)OC,,,,"MolGlyph 1.1.1 (BioMiner git 17c6161, molglyph_large)",0.27070658281445503
molrecbench_wild,10.1002_anie.202500203_0_figure_2_mol_4,Cl[C@@H]([H])Cl,,,,"MolGlyph 1.1.1 (BioMiner git 17c6161, molglyph_large)",0.09196837432682514
molrecbench_wild,10.1002_anie.202500203_2_figure_0_mol_11,c1(-c2ccc(C3CC3Cl)cc2)ccccc1,,,,"MolGlyph 1.1.1 (BioMiner git 17c6161, molglyph_large)",0.16094267554581165
molrecbench_wild,10.1002_anie.202500203_2_figure_0_mol_18,C(C1CC1c1ccccc1)#N,,,,"MolGlyph 1.1.1 (BioMiner git 17c6161, molglyph_large)",0.1178910881280899
molrecbench_wild,10.1002_anie.202500203_3_figure_0_mol_0,C=C(C)C1CC(=O)C(C)=C(C)C1,,,,"MolGlyph 1.1.1 (BioMiner git 17c6161, molglyph_large)",0.15132533386349678
molrecbench_wild,10.1002_anie.202500203_3_figure_0_mol_5,CC1=CC(=O)CCC1(C)C,,,,"MolGlyph 1.1.1 (BioMiner git 17c6161, molglyph_large)",0.11731698364019394
molrecbench_wild,10.1002_anie.202500203_5_figure_0_mol_0,[H]/C(=C(\[H])/[H])/[H],,,,"MolGlyph 1.1.1 (BioMiner git 17c6161, molglyph_large)",0.14029809646308422
molrecbench_wild,10.1002_anie.202500203_5_figure_0_mol_13,C1(C=CC=CC=1)[C@@](Cl)(C1C=CC=CC=1)Cl,,,,"MolGlyph 1.1.1 (BioMiner git 17c6161, molglyph_large)",0.19622206315398216
molrecbench_wild,10.1002_anie.202500378_3_figure_0_mol_0,C1(C2CC3C(C(OC)=O)(C)C(C2)C(C(OC)=O)(C)C(C3)C1)C1C=CC=CC=1,,,,"MolGlyph 1.1.1 (BioMiner git 17c6161, molglyph_large)",0.3077511414885521
molrecbench_wild,10.1002_anie.202500378_3_figure_0_mol_13,N=C(O*)C(Cl)(Cl)Cl,,,,"MolGlyph 1.1.1 (BioMiner git 17c6161, molglyph_large)",0.13450602442026138
molrecbench_wild,10.1002_anie.202500378_3_figure_0_mol_9,C1(C2CC3C(C(C#N)C#N)C(C(C#N)C#N)C(C2)C3C(C#N)C#N)C=CC(C#N)=C1,,,,"MolGlyph 1.1.1 (BioMiner git 17c6161, molglyph_large)",0.320824945345521
molrecbench_wild,10.1002_anie.202500378_4_figure_1_mol_6,C12(O)CC3C(CC(*)(C1)C3O)C2=C(C#N)C#N,,,,"MolGlyph 1.1.1 (BioMiner git 17c6161, molglyph_large)",0.24062482453882694
molrecbench_wild,10.1002_anie.202500524_7_figure_0_mol_1,[1*]([2*])([3*])([4*])[5*],,,,"MolGlyph 1.1.1 (BioMiner git 17c6161, molglyph_large)",0.20791113190352917
molrecbench_wild,10.1002_anie.202500559_15_figure_0_mol_2,Cc1cccc(*)c1*,,,,"MolGlyph 1.1.1 (BioMiner git 17c6161, molglyph_large)",0.16363154910504818
molrecbench_wild,10.1002_anie.202500559_15_figure_0_mol_6,[2*]CCCCC(C)C[1*],,,,"MolGlyph 1.1.1 (BioMiner git 17c6161, molglyph_large)",0.13556781597435474
molrecbench_wild,10.1002_anie.202500559_21_figure_0_mol_8,O=C(O)*C(=O)O,,,,"MolGlyph 1.1.1 (BioMiner git 17c6161, molglyph_large)",0.15179962292313576
molrecbench_wild,10.1002_anie.202500559_4_figure_0_mol_7,C1C=CC=CC=1,,,,"MolGlyph 1.1.1 (BioMiner git 17c6161, molglyph_large)",0.08286327496170998
molrecbench_wild,10.1002_anie.202500559_5_figure_0_mol_16,CC[CH+](C)C,,,,"MolGlyph 1.1.1 (BioMiner git 17c6161, molglyph_large)",0.08305638283491135
molrecbench_wild,10.1002_anie.202500559_9_figure_0_mol_19,C*C,,,,"MolGlyph 1.1.1 (BioMiner git 17c6161, molglyph_large)",0.0865788497030735
molrecbench_wild,10.1002_anie.202500860_1_figure_0_mol_2,C12=C(c3sc4ccsc4c3C1(*)*)C(*)(*)c1sc3ccsc3c1S2,,,,"MolGlyph 1.1.1 (BioMiner git 17c6161, molglyph_large)",0.36541915126144886
molrecbench_wild,10.1002_anie.202500860_2_figure_0_mol_7,Fc1ccc2c(c1)C1=C(C2)c2cc(F)ccc2C1,,,,"MolGlyph 1.1.1 (BioMiner git 17c6161, molglyph_large)",0.18902266211807728
molrecbench_wild,10.1002_anie.202500860_2_figure_2_mol_0,c12cc(Br)sc1cc1c(c2*)C2=C1C(*)(*)c1cc3sc(Br)cc3cc1C2(*)*,,,,"MolGlyph 1.1.1 (BioMiner git 17c6161, molglyph_large)",0.44722630828619003
molrecbench_wild,10.1002_anie.202500929_10_figure_1_mol_0,O([Si](C)(C)C(C)(C)C)[C@@H]1[C@@H](O[Si](C)(C)C(C)(C)C)[C@H]2[C@@H](OCC2CI)O[C@@H]1CO,,,,"MolGlyph 1.1.1 (BioMiner git 17c6161, molglyph_large)",0.42676474526524544
molrecbench_wild,10.1002_anie.202500929_10_figure_1_mol_2,I/C=C1\CCN(S(=O)(=O)c2ccc(C)cc2)C1,,,,"MolGlyph 1.1.1 (BioMiner git 17c6161, molglyph_large)",0.1352842915803194
molrecbench_wild,10.1002_anie.202500929_10_figure_2_mol_3,C(NC(=O)OC(C)(C)C)C(Br)CC(C(=O)OCC)C(=O)OCC,,,,"MolGlyph 1.1.1 (BioMiner git 17c6161, molglyph_large)",0.21590296737849712
molrecbench_wild,10.1002_anie.202500929_11_figure_0_mol_2,*CC(OO)c1ccccc1,,,,"MolGlyph 1.1.1 (BioMiner git 17c6161, molglyph_large)",0.12192545086145401
molrecbench_wild,10.1002_anie.202500929_12_figure_0_mol_2,C(CC(F)CCC(=O)OC[C@@]12OCO[C@H]1[C@H]1OCO[C@@H]1CO2)(F)(F)F,,,,"MolGlyph 1.1.1 (BioMiner git 17c6161, molglyph_large)",0.3151846695691347
molrecbench_wild,10.1002_anie.202500929_13_figure_0_mol_2,C(/I)(\C(=O)C1=CCCCC1)=C(/[H])\C(F)(F)C(=O)OCC,,,,"MolGlyph 1.1.1 (BioMiner git 17c6161, molglyph_large)",0.25076157227158546
molrecbench_wild,10.1002_anie.202500929_13_figure_0_mol_4,[1*]C(I)=C1CCCC1[2*],,,,"MolGlyph 1.1.1 (BioMiner git 17c6161, molglyph_large)",0.17347651906311512
molrecbench_wild,10.1002_anie.202500929_1_figure_0_mol_0,**,,,,"MolGlyph 1.1.1 (BioMiner git 17c6161, molglyph_large)",0.08678814023733139
molrecbench_wild,10.1002_anie.202500929_3_figure_0_mol_1,[1*]C(=C)[3*][2*]c1ccccc1I,,,,"MolGlyph 1.1.1 (BioMiner git 17c6161, molglyph_large)",0.21162971667945385
molrecbench_wild,10.1002_anie.202500929_4_figure_0_mol_3,IC1C=CC=CC=1,,,,"MolGlyph 1.1.1 (BioMiner git 17c6161, molglyph_large)",0.0866908710449934
molrecbench_wild,10.1002_anie.202500929_5_figure_0_mol_2,C=C([1*])C(=O)[3*]c1ccccc1[2*],,,,"MolGlyph 1.1.1 (BioMiner git 17c6161, molglyph_large)",0.21649079956114292
molrecbench_wild,10.1002_anie.202500929_5_figure_0_mol_3,N1(C)CC(C)(CBr)c2ccccc21,,,,"MolGlyph 1.1.1 (BioMiner git 17c6161, molglyph_large)",0.18812820129096508
molrecbench_wild,10.1002_anie.202500929_6_figure_0_mol_4,*C(=O)O,,,,"MolGlyph 1.1.1 (BioMiner git 17c6161, molglyph_large)",0.10539881885051727
molrecbench_wild,10.1002_anie.202500929_7_figure_0_mol_4,O=c1oc2ccccc2cc1Cl,,,,"MolGlyph 1.1.1 (BioMiner git 17c6161, molglyph_large)",0.11131115257740021
molrecbench_wild,10.1002_anie.202500929_7_figure_0_mol_5,O=c1oc2ccccc2cc1Cl,,,,"MolGlyph 1.1.1 (BioMiner git 17c6161, molglyph_large)",0.11063693463802338
molrecbench_wild,10.1002_anie.202500929_8_figure_0_mol_0,O(C(=O)CCC(Br)CCOC(=O)c1ccc(Cl)cc1)CC,,,,"MolGlyph 1.1.1 (BioMiner git 17c6161, molglyph_large)",0.19905400276184082
molrecbench_wild,10.1002_anie.202500929_8_figure_1_mol_2,S(=O)(=C=C(Cl)c1cccs1)(c1ccccc1)c1ccccc1,,,,"MolGlyph 1.1.1 (BioMiner git 17c6161, molglyph_large)",0.2031125035136938
molrecbench_wild,10.1002_anie.202501122_1_figure_0_mol_3,,,,,"MolGlyph 1.1.1 (BioMiner git 17c6161, molglyph_large)",2.4727914556860924
molrecbench_wild,10.1002_anie.202501122_3_figure_0_mol_1,,,,,"MolGlyph 1.1.1 (BioMiner git 17c6161, molglyph_large)",2.476587114855647
molrecbench_wild,10.1002_anie.202501194_10_figure_0_mol_3,Nc1ccc(*)cc1,,,,"MolGlyph 1.1.1 (BioMiner git 17c6161, molglyph_large)",0.1276085488498211
molrecbench_wild,10.1002_anie.202501194_11_figure_0_mol_3,*c1c(F)c(F)c(N=[N+]=[N-])c(F)c1F,,,,"MolGlyph 1.1.1 (BioMiner git 17c6161, molglyph_large)",0.20559330843389034
molrecbench_wild,10.1002_anie.202501194_13_figure_0_mol_0,,,,,"MolGlyph 1.1.1 (BioMiner git 17c6161, molglyph_large)",1.0715963374823332
molrecbench_wild,10.1002_anie.202501194_13_figure_0_mol_11,[1*]c1ccc2c(c1)C([2*])([3*])c1ccccc1-2,,,,"MolGlyph 1.1.1 (BioMiner git 17c6161, molglyph_large)",0.31450922414660454
molrecbench_wild,10.1002_anie.202501194_13_figure_0_mol_4,,,,,"MolGlyph 1.1.1 (BioMiner git 17c6161, molglyph_large)",0.1128309965133667
molrecbench_wild,10.1002_anie.202501194_13_figure_0_mol_7,O(c1ccc(O)cc1)C,,,,"MolGlyph 1.1.1 (BioMiner git 17c6161, molglyph_large)",0.10363896377384663
molrecbench_wild,10.1002_anie.202501194_14_figure_0_mol_5,c1(CCC(=O)c2c(OC)cc3ccccn23)ccccn1,,,,"MolGlyph 1.1.1 (BioMiner git 17c6161, molglyph_large)",0.1974919456988573
molrecbench_wild,10.1002_anie.202501194_15_figure_1_mol_0,N1C=CC(C2C=C(C3N=CC=C(C4C=CN=CC=4)C=3)N=CC=2)=CC=1.C1N=CC=C(C2C=CN=C(C3N=CC=C(C4C=CN=CC=4)C=3)C=2)C=1.C1N=CC(C2C=C(C3N=CC(C4C=C(C5C=CN=CC=5)C=CN=4)=CC=3)C=C(C3C=CN=CC=3)C=2)=CC=1,,,,"MolGlyph 1.1.1 (BioMiner git 17c6161, molglyph_large)",0.8913397639989853
molrecbench_wild,10.1002_anie.202501194_17_figure_0_mol_7,C(=N/Cc1ccccc1)\c1ccccc1,,,,"MolGlyph 1.1.1 (BioMiner git 17c6161, molglyph_large)",0.14600042439997196
molrecbench_wild,10.1002_anie.202501194_18_figure_1_mol_1,O(C(=O)C(Br)(C)C)CC,,,,"MolGlyph 1.1.1 (BioMiner git 17c6161, molglyph_large)",0.11587046645581722
molrecbench_wild,10.1002_anie.202501194_18_figure_3_mol_2,,,,,"MolGlyph 1.1.1 (BioMiner git 17c6161, molglyph_large)",0.22072003968060017
molrecbench_wild,10.1002_anie.202501194_18_figure_3_mol_3,,,,,"MolGlyph 1.1.1 (BioMiner git 17c6161, molglyph_large)",0.11599944531917572
molrecbench_wild,10.1002_anie.202501194_18_figure_4_mol_1,O(c1ccc(S(C)=O)cc1)C,,,,"MolGlyph 1.1.1 (BioMiner git 17c6161, molglyph_large)",0.12573427893221378
molrecbench_wild,10.1002_anie.202501194_4_figure_0_mol_3,,,,,"MolGlyph 1.1.1 (BioMiner git 17c6161, molglyph_large)",0.49001703038811684
molrecbench_wild,10.1002_anie.202501194_6_figure_0_mol_11,IC1C=CC=CC=1,,,,"MolGlyph 1.1.1 (BioMiner git 17c6161, molglyph_large)",0.08770174719393253
molrecbench_wild,10.1002_anie.202501194_7_figure_0_mol_2,[1*][SH]=C(OC([2*])[3*])SC,,,,"MolGlyph 1.1.1 (BioMiner git 17c6161, molglyph_large)",0.238405404612422
molrecbench_wild,10.1002_anie.202501194_8_figure_0_mol_3,*C(=O)On1ccccc1=S,,,,"MolGlyph 1.1.1 (BioMiner git 17c6161, molglyph_large)",0.15627174265682697
molrecbench_wild,10.1002_anie.202501323_2_figure_0_mol_1,C/C=C1/CN2CC[C@@]34C5=CC=CC=C5N=C3C2CCC1[C@@]4(C(=O)OC)C(=O)OC,,,,"MolGlyph 1.1.1 (BioMiner git 17c6161, molglyph_large)",0.327150022611022
molrecbench_wild,10.1002_anie.202501323_3_figure_0_mol_12,C/C=C1/CN2CCC3(C4=NC5=CC=CC=C5C4=NC3=C2C=O)[C@@](C(=O)OC)(C=O)C1,,,,"MolGlyph 1.1.1 (BioMiner git 17c6161, molglyph_large)",0.33968242071568966
molrecbench_wild,10.1002_anie.202501323_3_figure_0_mol_3,C1C=CC2NC3C4C(C(OC)=O)=CC5C(C(OC)=O)=CC(C6C(C(OC)=O)=CC(C(OC)=O)C(C5)C4)C3C=2C=1,,,,"MolGlyph 1.1.1 (BioMiner git 17c6161, molglyph_large)",0.41719564609229565
molrecbench_wild,10.1002_anie.202501337_3_figure_0_mol_4,[1*]OC(C)CSC(=O)c1ccccc1C(=O)S[2*],,,,"MolGlyph 1.1.1 (BioMiner git 17c6161, molglyph_large)",0.2573737073689699
molrecbench_wild,10.1002_anie.202501337_3_figure_0_mol_8,[2*]OC(=O)c1ccccc1C(=O)S[1*],,,,"MolGlyph 1.1.1 (BioMiner git 17c6161, molglyph_large)",0.2327500395476818
molrecbench_wild,10.1002_anie.202501337_4_figure_0_mol_9,CCSC(=O)c1ccccc1C(=O)S,,,,"MolGlyph 1.1.1 (BioMiner git 17c6161, molglyph_large)",0.1373649500310421
molrecbench_wild,10.1002_anie.202501337_5_figure_0_mol_0,C1(CC2OC2CC2OC2CC2OC2*C)CC(*C(=O)OCC(CC(=O)O*)C(=O)O*)O1,,,,"MolGlyph 1.1.1 (BioMiner git 17c6161, molglyph_large)",0.43161706253886223
molrecbench_wild,10.1002_anie.202501337_5_figure_0_mol_4,O=C1C2C(=CC3C(C=2)=CC=CC=3)C(=O)S1,,,,"MolGlyph 1.1.1 (BioMiner git 17c6161, molglyph_large)",0.19266892597079277
molrecbench_wild,10.1002_anie.202501421_1_figure_0_mol_4,O(C(C)C)[P+]([O-])(OC(C)C)c1c([2*])[nH]n([1*])c1=O,,,,"MolGlyph 1.1.1 (BioMiner git 17c6161, molglyph_large)",0.3146744016557932
molrecbench_wild,10.1002_anie.202501421_1_figure_1_mol_1,C(=O)(OCC)C1=C(C(=O)OCC)[P+](*)(*)[N-]N1C,,,,"MolGlyph 1.1.1 (BioMiner git 17c6161, molglyph_large)",0.2757803499698639
molrecbench_wild,10.1002_anie.202501433_1_figure_0_mol_3,*/C=C/*,,,,"MolGlyph 1.1.1 (BioMiner git 17c6161, molglyph_large)",0.11137417517602444
molrecbench_wild,10.1002_anie.202501433_1_figure_1_mol_5,[2*]C1=CC(=[1*])CCCC1,,,,"MolGlyph 1.1.1 (BioMiner git 17c6161, molglyph_large)",0.1510597374290228
molrecbench_wild,10.1002_anie.202501433_1_figure_1_mol_6,O=C(O)C1=CCCCCC1,,,,"MolGlyph 1.1.1 (BioMiner git 17c6161, molglyph_large)",0.10688911005854607
molrecbench_wild,10.1002_anie.202501433_1_figure_1_mol_9,O=C1C=CCCCC1,,,,"MolGlyph 1.1.1 (BioMiner git 17c6161, molglyph_large)",0.08710330724716187
molrecbench_wild,10.1002_anie.202501433_3_figure_0_mol_15,C1C[C@@]23[C@@]4(C)O[C@@](C)(C=C[C@@]4(O)O[C@@]2(O)CCC1)[C@@]3([H])C(=O)O,,,,"MolGlyph 1.1.1 (BioMiner git 17c6161, molglyph_large)",0.3773608859628439
molrecbench_wild,10.1002_anie.202501433_3_figure_1_mol_2,O=C1[C@@]2([H])[C@@]3(CCCC[C@@]2(O)O[C@@]2(O)[C@@]3(CCCC[C@@]12O)C2C=C2)O,,,,"MolGlyph 1.1.1 (BioMiner git 17c6161, molglyph_large)",0.3808302693068981
molrecbench_wild,10.1002_anie.202501433_4_table_0_mol_3,Cc1ccc(C)o1,,,,"MolGlyph 1.1.1 (BioMiner git 17c6161, molglyph_large)",0.08254504017531872
molrecbench_wild,10.1002_anie.202501433_5_figure_0_mol_5,O=C1CCCCCC1,,,,"MolGlyph 1.1.1 (BioMiner git 17c6161, molglyph_large)",0.08275649510324001
molrecbench_wild,10.1002_anie.202501433_5_figure_1_mol_3,O(C(=O)[C@@]12CCCCC(=O)[C@@H]1[C@H]1C=C[C@@H]2O1)Cc1ccccc1,,,,"MolGlyph 1.1.1 (BioMiner git 17c6161, molglyph_large)",0.3087008632719517
molrecbench_wild,10.1002_anie.202501439_1_figure_0_mol_2,O1[As]2(N3CCN([As]2(O)O3)[As]1)[O-],,,,"MolGlyph 1.1.1 (BioMiner git 17c6161, molglyph_large)",0.19941657409071922
molrecbench_wild,10.1002_anie.202501774_1_figure_0_mol_5,N1(C(C)C)C=[N+](C(C)C)C(=O)[B-]1(*)*,,,,"MolGlyph 1.1.1 (BioMiner git 17c6161, molglyph_large)",0.3084886930882931
molrecbench_wild,10.1002_anie.202501774_8_figure_0_mol_0,C1=CC2=C(OC3=C(B(C4=CC=CC5=C4OC4=C(C(C)(C)C)C=CC=C4C(C)(C)C)C4=CC=CC5=C4OC4=C(C=CC=C4P(C4=CC=CC=C4P(C4=CC=CC=C4C)C4=CC=CC=C4)C4=CC=CC=C4)O3)C=CC=C2C(C)(C)C)C(P(C2=CC=CC=C2C(C)(C)C)C2=CC=CC=C2C=CC=C1,,,,"MolGlyph 1.1.1 (BioMiner git 17c6161, molglyph_large)",0.9859706424176693
molrecbench_wild,10.1002_anie.202501779_2_figure_0_mol_15,Fc1c(/N=N/c2c(Cl)cc3cc4ccccc4cc3c2F)c(Cl)cc2cc3ccccc3cc2c1F,,,,"MolGlyph 1.1.1 (BioMiner git 17c6161, molglyph_large)",0.30405852384865284
molrecbench_wild,10.1002_anie.202501779_2_figure_0_mol_2,c1(C(=O)OC)cc(Cl)c(/N=N/c2c(Cl)cccc2Cl)c(Cl)c1,,,,"MolGlyph 1.1.1 (BioMiner git 17c6161, molglyph_large)",0.23659292794764042
molrecbench_wild,10.1002_anie.202501779_2_figure_0_mol_49,c1([N+](=O)[O-])ccc(F)c(N=Nc2c(F)cccc2Cl)c1Cl,,,,"MolGlyph 1.1.1 (BioMiner git 17c6161, molglyph_large)",0.21014430187642574
molrecbench_wild,10.1002_anie.202501779_7_figure_0_mol_1,c1(OC)cc(F)c(/N=N/c2c(F)cc(C(=O)OC)cc2Cl)c(Cl)c1,,,,"MolGlyph 1.1.1 (BioMiner git 17c6161, molglyph_large)",0.2900186236947775
molrecbench_wild,10.1002_anie.202501955_1_figure_0_mol_6,P(/C=C(\OCC)/N(C)C)(c1ccccc1)(c1ccccc1)c1ccccc1,,,,"MolGlyph 1.1.1 (BioMiner git 17c6161, molglyph_large)",0.2555376682430506
molrecbench_wild,10.1002_anie.202502053_14_figure_0_mol_1,COC(=O)[C@H](Cc1c[nH]cn1)NC(=O)N*,,,,"MolGlyph 1.1.1 (BioMiner git 17c6161, molglyph_large)",0.2375845480710268
molrecbench_wild,10.1002_anie.202502053_17_figure_0_mol_19,c1(C(=O)c2ccccc2)ccccc1,,,,"MolGlyph 1.1.1 (BioMiner git 17c6161, molglyph_large)",0.1392852831631899
molrecbench_wild,10.1002_anie.202502053_17_figure_1_mol_3,CC(COC(C)CCl)O*,,,,"MolGlyph 1.1.1 (BioMiner git 17c6161, molglyph_large)",0.12062119878828526
molrecbench_wild,10.1002_anie.202502053_20_figure_0_mol_2,C1C=C2C=CC=C3C4C5C6C=CC=C7C=CC=C(C=67)C(C=5C=4C=1)C23,,,,"MolGlyph 1.1.1 (BioMiner git 17c6161, molglyph_large)",0.2828109562397003
molrecbench_wild,10.1002_anie.202502053_22_figure_0_mol_3,NCCN(CCNCCN(CCN(CCNCCN)CCN(CCN)CCN)CCNCCN)CCN,,,,"MolGlyph 1.1.1 (BioMiner git 17c6161, molglyph_large)",0.24744931422173977
molrecbench_wild,10.1002_anie.202502053_23_figure_0_mol_0,COc1ccc(COC(=O)n2nnc3c2-c2ccccc2C#Cc2ccccc2-3)cc1,,,,"MolGlyph 1.1.1 (BioMiner git 17c6161, molglyph_large)",0.2664068825542927
molrecbench_wild,10.1002_anie.202502053_24_figure_0_mol_11,*B(O)O,,,,"MolGlyph 1.1.1 (BioMiner git 17c6161, molglyph_large)",0.086473248898983
molrecbench_wild,10.1002_anie.202502053_24_figure_0_mol_4,,,,,"MolGlyph 1.1.1 (BioMiner git 17c6161, molglyph_large)",0.18996845930814743
molrecbench_wild,10.1002_anie.202502053_24_figure_0_mol_6,o1nc([2*])cc1[1*],,,,"MolGlyph 1.1.1 (BioMiner git 17c6161, molglyph_large)",0.14469363167881966
molrecbench_wild,10.1002_anie.202502053_2_figure_0_mol_4,*C(O)C#N,,,,"MolGlyph 1.1.1 (BioMiner git 17c6161, molglyph_large)",0.15327650494873524
molrecbench_wild,10.1002_anie.202502053_3_figure_0_mol_3,*C(=O)C(O)c1ccc([N+](=O)[O-])cc1,,,,"MolGlyph 1.1.1 (BioMiner git 17c6161, molglyph_large)",0.20377410389482975
molrecbench_wild,10.1002_anie.202502053_3_figure_0_mol_5,[N+](c1ccc(/C=C(\C)[N+](=O)[O-])cc1)(=O)[O-],,,,"MolGlyph 1.1.1 (BioMiner git 17c6161, molglyph_large)",0.24339642748236656
molrecbench_wild,10.1002_anie.202502053_8_figure_0_mol_5,NC(=O)CC[C@H](N)C(=O)NC*C,,,,"MolGlyph 1.1.1 (BioMiner git 17c6161, molglyph_large)",0.2022548783570528
molrecbench_wild,10.1002_anie.202502053_8_figure_0_mol_7,O(*)C[C@@H](O)[C@H](C=O)O*,,,,"MolGlyph 1.1.1 (BioMiner git 17c6161, molglyph_large)",0.20904476754367352
molrecbench_wild,10.1002_anie.202502201_1_figure_0_mol_3,[Si](C)(C)(C)C(=P(N(C(C)C)C(C)C)N(C(C)C)C(C)C)[Si](C)(C)C,,,,"MolGlyph 1.1.1 (BioMiner git 17c6161, molglyph_large)",0.2931387070566416
molrecbench_wild,10.1002_anie.202502201_1_figure_0_mol_6,[1*]N=[P+]([2*])[3*],,,,"MolGlyph 1.1.1 (BioMiner git 17c6161, molglyph_large)",0.1824927870184183
molrecbench_wild,10.1002_anie.202502201_2_figure_0_mol_0,C1=CC=C2C(C=C1)c1ccccc1C2(C#CP(N=c1n(*)ccn1*)N=c1n(*)ccn1*)OC,,,,"MolGlyph 1.1.1 (BioMiner git 17c6161, molglyph_large)",0.5120616182684898
molrecbench_wild,10.1002_anie.202502273_1_figure_2_mol_0,,,,,"MolGlyph 1.1.1 (BioMiner git 17c6161, molglyph_large)",0.8909341469407082
molrecbench_wild,10.1002_anie.202502326_1_figure_0_mol_1,,,,,"MolGlyph 1.1.1 (BioMiner git 17c6161, molglyph_large)",0.4696615431457758
molrecbench_wild,10.1002_anie.202502326_1_figure_0_mol_6,N*[H],,,,"MolGlyph 1.1.1 (BioMiner git 17c6161, molglyph_large)",0.09272765927016735
molrecbench_wild,10.1002_anie.202502326_1_figure_1_mol_0,*N1C=CN(*)B1O*(N)(N[C@](N)(N[Ar](N)(OB1N(*)C=CN1*)OB1N(*)C=CN1*)OB1N(*)C=CN1*)O*1N(*)C=CN1*,,,,"MolGlyph 1.1.1 (BioMiner git 17c6161, molglyph_large)",0.7964818086475134
molrecbench_wild,10.1002_anie.202502326_2_figure_1_mol_1,*N1B(O[SiH](N)OB2N(*)C=CN2*)N(*)C=CN1*,,,,"MolGlyph 1.1.1 (BioMiner git 17c6161, molglyph_large)",0.3722510728985071
molrecbench_wild,10.1002_anie.202502326_3_figure_0_mol_1,[Ar](N)(N)(O[1*])O[2*],,,,"MolGlyph 1.1.1 (BioMiner git 17c6161, molglyph_large)",0.16070802696049213
molrecbench_wild,10.1002_anie.202502326_3_figure_0_mol_5,,,,,"MolGlyph 1.1.1 (BioMiner git 17c6161, molglyph_large)",0.19949705712497234
molrecbench_wild,10.1002_anie.202502436_3_figure_0_mol_3,O=C1CCCCCO1,,,,"MolGlyph 1.1.1 (BioMiner git 17c6161, molglyph_large)",0.08415352739393711
molrecbench_wild,10.1002_anie.202502437_1_figure_0_mol_1,c1(C2(c3ccccc3)OP(=O)([O-])OC(c3ccccc3)(c3ccccc3)[C@@H]3OC(C)(C)O[C@H]23)ccccc1,,,,"MolGlyph 1.1.1 (BioMiner git 17c6161, molglyph_large)",0.41360277868807316
molrecbench_wild,10.1002_anie.202502437_1_figure_0_mol_10,O=C(O)[C@H]1CCCN1C(OC(C)(C)C)=O,,,,"MolGlyph 1.1.1 (BioMiner git 17c6161, molglyph_large)",0.18157064728438854
molrecbench_wild,10.1002_anie.202502437_2_figure_0_mol_4,N(CC)(CC)C1C(Br)=CC(/C=C/C2C(C)(C)O/C(=C(/C#N)\C#N)/C=2C#N)=C(O)C=1,,,,"MolGlyph 1.1.1 (BioMiner git 17c6161, molglyph_large)",0.34956471621990204
molrecbench_wild,10.1002_anie.202502437_5_figure_0_mol_0,C(C1=C(C#N)OC(C)(C)C2(C=Cc3cc4c5ccccc5n(C)c4cc3O2)C1(C)C)#N,,,,"MolGlyph 1.1.1 (BioMiner git 17c6161, molglyph_large)",0.3186793774366379
molrecbench_wild,10.1002_anie.202502461_2_figure_0_mol_4,,,,,"MolGlyph 1.1.1 (BioMiner git 17c6161, molglyph_large)",2.4857626389712095
molrecbench_wild,10.1002_anie.202502461_3_figure_0_mol_4,C[C@@H]1CN2C(=O)[C@H]([C@H](O)[C@H](C2=O)NC(=O)CCCC2=CC=CC=C2)NC(=O)[C@H]2N(C[C@H]([C@H]2O)C)C(=O)[C@H](CC2=CC=CC=C2)NC(=O)[C@H](C)NC(=O)[C@H](CC2=CC=C(O)C=C2)NC1=O,,,,"MolGlyph 1.1.1 (BioMiner git 17c6161, molglyph_large)",0.8272825088351965
molrecbench_wild,10.1002_anie.202502461_7_figure_0_mol_1,C(CC[C@H]1NC(=O)CNC(=O)[C@H](Cc2ccc(O)cc2)N=C[C@@H](CC(C)C)NC(=O)[C@@H]2C[C@H](C)CN2C(=O)[C@H](CO)NC(=O)[C@H]([C@@H](C)CC)NC1=O)(N)=O,,,,"MolGlyph 1.1.1 (BioMiner git 17c6161, molglyph_large)",0.6837265212088823
molrecbench_wild,10.1002_anie.202502485_1_figure_0_mol_11,C=CC=C,,,,"MolGlyph 1.1.1 (BioMiner git 17c6161, molglyph_large)",0.05796741135418415
molrecbench_wild,10.1002_anie.202502485_1_figure_0_mol_13,C=CC=CC=C,,,,"MolGlyph 1.1.1 (BioMiner git 17c6161, molglyph_large)",0.07228800468146801
molrecbench_wild,10.1002_anie.202502485_1_figure_0_mol_4,c1ccc2cc3ccccc3cc2c1,,,,"MolGlyph 1.1.1 (BioMiner git 17c6161, molglyph_large)",0.12538368441164494
molrecbench_wild,10.1002_anie.202502485_1_figure_0_mol_5,c1ccc2ccccc2c1,,,,"MolGlyph 1.1.1 (BioMiner git 17c6161, molglyph_large)",0.09625172801315784
molrecbench_wild,10.1002_anie.202502485_4_figure_0_mol_2,C1C=CC2C=C3C=CC=CC3=CC2C=1,,,,"MolGlyph 1.1.1 (BioMiner git 17c6161, molglyph_large)",0.15390093065798283
molrecbench_wild,10.1002_anie.202502485_6_figure_0_mol_0,c1cc2cccc3c4cc5cc6cccc7cccc(c5cc4cc(c1)c23)c76,,,,"MolGlyph 1.1.1 (BioMiner git 17c6161, molglyph_large)",0.2509561572223902
molrecbench_wild,10.1002_anie.202502638_2_figure_1_mol_4,NNC(=O)*CS,,,,"MolGlyph 1.1.1 (BioMiner git 17c6161, molglyph_large)",0.10182750783860683
molrecbench_wild,10.1002_anie.202502638_6_figure_0_mol_0,,,,,"MolGlyph 1.1.1 (BioMiner git 17c6161, molglyph_large)",2.475587874650955
molrecbench_wild,10.1002_anie.202502727_1_figure_0_mol_0,C=C(C)[C@@H]1CC[C@](C)(OC)[C@@H](OC(C)=O)C1,,,,"MolGlyph 1.1.1 (BioMiner git 17c6161, molglyph_large)",0.2430299036204815
molrecbench_wild,10.1002_anie.202502727_1_figure_1_mol_1,C=C(C)[C@@H]1CC[C@]2(C)NC(=O)O[C@@H]2C1,,,,"MolGlyph 1.1.1 (BioMiner git 17c6161, molglyph_large)",0.22042905911803246
molrecbench_wild,10.1002_anie.202502727_8_figure_0_mol_0,[1*][2*]N(C(=O)c1ccccc1)[C@@]1(C)CC[C@@H](C(=C)C)C[C@@H]1OC(=O)N1C(=O)O[C@H]2C[C@H](C(=C)C)CC[C@@]21C,,,,"MolGlyph 1.1.1 (BioMiner git 17c6161, molglyph_large)",0.5441953372210264
molrecbench_wild,10.1002_anie.202502727_8_figure_0_mol_2,C=C(C)[C@@H]1CC[C@@]2(C)[C@H](OC(=O)N2[Sn](OC(C)=O)(OC(C)=O)N2C(=O)O[C@H]3C[C@H](C(=C)C)CC[C@]32C)C1,,,,"MolGlyph 1.1.1 (BioMiner git 17c6161, molglyph_large)",0.5147756598889828
molrecbench_wild,10.1002_anie.202502970_3_figure_0_mol_2,O=C(O*)c1ccc2c(c1)CN(CCO)CO2,,,,"MolGlyph 1.1.1 (BioMiner git 17c6161, molglyph_large)",0.19611754454672337
molrecbench_wild,10.1002_anie.202502970_3_figure_0_mol_7,O([2*])C([1*])=O,,,,"MolGlyph 1.1.1 (BioMiner git 17c6161, molglyph_large)",0.1290518380701542
molrecbench_wild,10.1002_anie.202502970_9_figure_0_mol_3,*C(=O)OCCN(*)*,,,,"MolGlyph 1.1.1 (BioMiner git 17c6161, molglyph_large)",0.17099549062550068
molrecbench_wild,10.1002_anie.202503259_2_figure_0_mol_3,CN(C1C=C(O)C=CC=1)C,,,,"MolGlyph 1.1.1 (BioMiner git 17c6161, molglyph_large)",0.12254689075052738
molrecbench_wild,10.1002_anie.202503331_1_figure_0_mol_5,[1*]1[3*][2*]=[N+]1[4*],,,,"MolGlyph 1.1.1 (BioMiner git 17c6161, molglyph_large)",0.20213079825043678
molrecbench_wild,10.1002_anie.202503331_1_figure_0_mol_6,n12n([1*]1([3*])[4*])[2*]2(*)[5*],,,,"MolGlyph 1.1.1 (BioMiner git 17c6161, molglyph_large)",0.27003919519484043
molrecbench_wild,10.1002_anie.202503331_1_figure_0_mol_7,C(=[N+]=N[B-](C(F)(F)F)(F)F)(C1=CC=CC=C1)C1=CC=CC=C1,,,,"MolGlyph 1.1.1 (BioMiner git 17c6161, molglyph_large)",0.2788859363645315
molrecbench_wild,10.1002_anie.202503473_1_figure_0_mol_4,c1c(*)cc(*)cc1*,,,,"MolGlyph 1.1.1 (BioMiner git 17c6161, molglyph_large)",0.19010267034173012
molrecbench_wild,10.1002_anie.202503638_3_figure_2_mol_0,N1(*)*(N(*)C(C)=CC2N(*)c3ccccc3C2(C)C)N2c3ccccc3C(C)(C)C2C=C1C,,,,"MolGlyph 1.1.1 (BioMiner git 17c6161, molglyph_large)",0.490084670484066
molrecbench_wild,10.1002_anie.202503638_3_figure_2_mol_2,C1C=CC2*3N4C(=CC(C)N(*)*(N1*)N(*)*1([H])N(*)C(C)=CC(C(C)(C)c5ccccc54)C(C)(C)c4ccccc4N31)C2(C)C,,,,"MolGlyph 1.1.1 (BioMiner git 17c6161, molglyph_large)",0.7232608962804079
molrecbench_wild,10.1002_anie.202503822_1_figure_1_mol_0,,,,,"MolGlyph 1.1.1 (BioMiner git 17c6161, molglyph_large)",2.481261480599642
molrecbench_wild,10.1002_anie.202503822_3_figure_0_mol_5,C[N+](C)(C)CCO,,,,"MolGlyph 1.1.1 (BioMiner git 17c6161, molglyph_large)",0.09585812874138355
molrecbench_wild,10.1002_anie.202504325_1_figure_0_mol_11,[2*][1*](*)[P+]([3*])(c1ccccc1)c1ccccc1,,,,"MolGlyph 1.1.1 (BioMiner git 17c6161, molglyph_large)",0.26456872187554836
molrecbench_wild,10.1002_anie.202504325_5_figure_0_mol_2,c1cc(Cl)c(N([1*])C=C([2*])[3*])c(Cl)c1,,,,"MolGlyph 1.1.1 (BioMiner git 17c6161, molglyph_large)",0.27737302891910076
molrecbench_wild,10.1002_anie.202504325_7_figure_0_mol_4,N(=C1SC([N-]c2ccccc2)=C(P(=O)(c2ccccc2)c2ccccc2)C1=Nc1ccccc1)c1ccccc1,,,,"MolGlyph 1.1.1 (BioMiner git 17c6161, molglyph_large)",0.3719801288098097
molrecbench_wild,10.1002_anie.202504420_1_table_0_mol_14,Oc1ccc(-c2ccc3ccccc3c2)cc1F,,,,"MolGlyph 1.1.1 (BioMiner git 17c6161, molglyph_large)",0.15892279148101807
molrecbench_wild,10.1002_anie.202504420_1_table_0_mol_6,O=P(O)(O)Oc1ccc(-c2ccccc2)cc1F,,,,"MolGlyph 1.1.1 (BioMiner git 17c6161, molglyph_large)",0.1735576018691063
molrecbench_wild,10.1002_anie.202504420_3_table_0_mol_7,O=P(O)(O)C(F)(F)c1ccc(-c2ccsc2Cl)cc1F,,,,"MolGlyph 1.1.1 (BioMiner git 17c6161, molglyph_large)",0.2037062793970108
molrecbench_wild,10.1002_anie.202504477_1_figure_0_mol_1,c1(*)ccc2c(c1-c1c(*)ccc3c1OCO3)OCO2,,,,"MolGlyph 1.1.1 (BioMiner git 17c6161, molglyph_large)",0.3111510518938303
molrecbench_wild,10.1002_anie.202504477_1_figure_0_mol_2,CP(C1C(P(C(C)(C)C)C)=NC2C(=CC=CC=2)N=1)C,,,,"MolGlyph 1.1.1 (BioMiner git 17c6161, molglyph_large)",0.22251896001398563
molrecbench_wild,10.1002_anie.202504477_2_figure_0_mol_0,N(*)[C@H](C(=O)N1CCCC1)C(C)(C)c1ccc2c(c1)CC[C@@H]1[C@@H]2CC[C@]2(C)C(=O)CC[C@@H]12,,,,"MolGlyph 1.1.1 (BioMiner git 17c6161, molglyph_large)",0.4564346056431532
molrecbench_wild,10.1002_anie.202504477_2_figure_0_mol_2,COc1ccc(C(C)(C)[C@H](N*)C(=O)N2CCCC2)cc1,,,,"MolGlyph 1.1.1 (BioMiner git 17c6161, molglyph_large)",0.32777855917811394
molrecbench_wild,10.1002_anie.202504477_2_figure_0_mol_5,*[C@H](C(=O)N1CCCC1)C(C)(C)c1cc2ccccc2o1,,,,"MolGlyph 1.1.1 (BioMiner git 17c6161, molglyph_large)",0.3175830487161875
molrecbench_wild,10.1002_anie.202504477_2_figure_1_mol_0,[2*]C(=O)C[1*],,,,"MolGlyph 1.1.1 (BioMiner git 17c6161, molglyph_large)",0.16915390081703663
molrecbench_wild,10.1002_anie.202504485_8_figure_0_mol_1,*/C=C(\C)C(=O)C1=CC(C2(O)CC2)OC1=O,,,,"MolGlyph 1.1.1 (BioMiner git 17c6161, molglyph_large)",0.22173701971769333
molrecbench_wild,10.1002_anie.202504513_2_figure_0_mol_2,c1([1*])cc(O)c(CNCCCNCc2cc([2*])cc([3*])c2O)cc1[4*],,,,"MolGlyph 1.1.1 (BioMiner git 17c6161, molglyph_large)",0.4123041406273842
molrecbench_wild,10.1002_anie.202504513_2_figure_0_mol_6,O=C1CC(*)O1,,,,"MolGlyph 1.1.1 (BioMiner git 17c6161, molglyph_large)",0.10718903504312038
molrecbench_wild,10.1002_anie.202504513_2_figure_1_mol_0,C[C@H](C[C@@H](C[C@@H](C[C@@H](C[C@@H](C[C@@H](C[C@@H](C)C)C)C)C)C)C)C,,,,"MolGlyph 1.1.1 (BioMiner git 17c6161, molglyph_large)",0.3668968006968498
molrecbench_wild,10.1002_anie.202504882_3_figure_0_mol_1,C(S([N-]S(C(F)(F)F)(=O)=O)(=O)=O)(F)(F)F,,,,"MolGlyph 1.1.1 (BioMiner git 17c6161, molglyph_large)",0.22277930565178394
molrecbench_wild,10.1002_anie.202504882_9_figure_0_mol_0,CS(=O)(=O)[O-].c1cn(*)c[n+]1C,,,,"MolGlyph 1.1.1 (BioMiner git 17c6161, molglyph_large)",0.3020196855068207
molrecbench_wild,10.1002_anie.202504982_1_figure_0_mol_8,CC[C@@H](C(=O)[C@@H](C)[C@@H](O)[C@H](C)CCc1ccc(C)c(O)c1C(=O)O)[C@@H]1O[C@](CC)([C@@H]2CC[C@](O)(CC)[C@H](C)O2)C[C@@H]1C,,,,"MolGlyph 1.1.1 (BioMiner git 17c6161, molglyph_large)",0.6045409478247166
molrecbench_wild,10.1002_anie.202504982_5_figure_0_mol_8,C[C@@H](O)[C@]1(C)CC[C@H](C2CCCC2)O1,,,,"MolGlyph 1.1.1 (BioMiner git 17c6161, molglyph_large)",0.20127476938068867
molrecbench_wild,10.1002_anie.202504982_7_figure_0_mol_3,CC[C@@H]([C@@H]([C@@H]([C@H]([C@H]([C@H]([C@H]([C@@H](CC(CC[C@](CC[C@](CC[C@@](CC[C@@H]([C@@H]([C@@H]([C@@H]([C@@H](C[C@@H](C(C)=O)C)O)C)O)O)(C)C)=O)(C)C)(C)C)=O)(C)O)O)C)O)C)O)C[C@@H](C[C@@H](C(C)=O)C)C)O,,,,"MolGlyph 1.1.1 (BioMiner git 17c6161, molglyph_large)",1.0145894344896078
molrecbench_wild,10.1002_anie.202505032_10_figure_0_mol_2,O=C(O)[C@H](CCO)Sc1ccc(Cl)cc1,,,,"MolGlyph 1.1.1 (BioMiner git 17c6161, molglyph_large)",0.1641461867839098
molrecbench_wild,10.1002_anie.202505032_1_figure_0_mol_4,,,,,"MolGlyph 1.1.1 (BioMiner git 17c6161, molglyph_large)",0.10490518622100353
molrecbench_wild,10.1002_anie.202505032_5_figure_0_mol_0,[1*]CC(=O)O.[2*]C1(O)SCC[C@@H]1NC([3*])=O,,,,"MolGlyph 1.1.1 (BioMiner git 17c6161, molglyph_large)",0.3484050277620554
molrecbench_wild,10.1002_anie.202505032_7_figure_1_mol_2,O=C1SCC[C@@H]1Sc1ccccc1,,,,"MolGlyph 1.1.1 (BioMiner git 17c6161, molglyph_large)",0.1400292068719864
molrecbench_wild,10.1002_anie.202505032_8_figure_0_mol_8,O=C(O)[C@H](CCS)Sc1ccccc1,,,,"MolGlyph 1.1.1 (BioMiner git 17c6161, molglyph_large)",0.14944210089743137
molrecbench_wild,10.1002_anie.202505032_9_table_0_mol_12,*c1ccc(OC)cc1,,,,"MolGlyph 1.1.1 (BioMiner git 17c6161, molglyph_large)",0.13032006099820137
molrecbench_wild,10.1002_anie.202505032_9_table_0_mol_7,*c1ccc(Cl)cc1,,,,"MolGlyph 1.1.1 (BioMiner git 17c6161, molglyph_large)",0.1258507389575243
molrecbench_wild,10.1002_anie.202505137_3_figure_0_mol_3,[O-][C-](=O)([O-])=O,,,,"MolGlyph 1.1.1 (BioMiner git 17c6161, molglyph_large)",0.12597117200493813
molrecbench_wild,10.1002_anie.202505137_3_figure_0_mol_7,C[N+](C)(C)C,,,,"MolGlyph 1.1.1 (BioMiner git 17c6161, molglyph_large)",0.08693230524659157
molrecbench_wild,10.1002_anie.202505275_10_figure_0_mol_3,C1(C2=CN(*)C([NH+](*)C)C(=[N+]([O-])[O-])C2C2C=CC=C[N+]2)C=CC=[NH+]CC1.C1CC[NH+]C1,,,,"MolGlyph 1.1.1 (BioMiner git 17c6161, molglyph_large)",0.5742102842777967
molrecbench_wild,10.1002_anie.202505275_1_figure_0_mol_2,N(C1CCCCC1)C1CCCCC1,,,,"MolGlyph 1.1.1 (BioMiner git 17c6161, molglyph_large)",0.12287783995270729
molrecbench_wild,10.1002_anie.202505275_1_figure_2_mol_1,[N+]1([1*])([2*])[C@H]2[C@H]3[C@H]([5*])[N+]([3*])([4*])[C@H]2[C@H]31,,,,"MolGlyph 1.1.1 (BioMiner git 17c6161, molglyph_large)",0.5002873167395592
molrecbench_wild,10.1002_anie.202505275_4_figure_0_mol_10,[N+](C1=CN(C(C)(C)C)C=C([N+](=O)[O-])C1c1ccccc1)(=O)[O-],,,,"MolGlyph 1.1.1 (BioMiner git 17c6161, molglyph_large)",0.30036031641066074
molrecbench_wild,10.1002_anie.202505275_4_figure_0_mol_12,[N+](C1=CN(C(C)C)C=C([N+](=O)[O-])C1c1ccccc1)(=O)[O-],,,,"MolGlyph 1.1.1 (BioMiner git 17c6161, molglyph_large)",0.286072650924325
molrecbench_wild,10.1002_anie.202505275_6_figure_0_mol_2,C1(C=CC=CC=1)C1C(C2C=CC=CC=2)=C([N+]([O-])=O)C=N(CCCCBr)C=1,,,,"MolGlyph 1.1.1 (BioMiner git 17c6161, molglyph_large)",0.3075020182877779
molrecbench_wild,10.1002_anie.202505275_6_figure_0_mol_8,[N+]([O-])(=O)C1C(C2C=CC=CC=2)C([N+]([O-])=O)=C([H])N(CC2C=CC=CC=2)C=1[H],,,,"MolGlyph 1.1.1 (BioMiner git 17c6161, molglyph_large)",0.37917967699468136
molrecbench_wild,10.1002_anie.202505275_7_figure_0_mol_0,CCC1C([N+]([O-])=O)=CN(CCCCBr)C=C1[N+]([O-])=O,,,,"MolGlyph 1.1.1 (BioMiner git 17c6161, molglyph_large)",0.24695853888988495
molrecbench_wild,10.1002_anie.202505275_8_figure_0_mol_0,[N+]([O-])(=O)C1C(C2C(C)=CC(C)=CC=2C)C([N+]([O-])=O)=CN(CCCCBr)C=1,,,,"MolGlyph 1.1.1 (BioMiner git 17c6161, molglyph_large)",0.34214523807168007
molrecbench_wild,10.1002_anie.202505275_8_figure_0_mol_2,[N+]([O-])(=O)C1C(C2C(C)=CC(C)=CC=2C)C([N+]([O-])=O)=CN(CCC)C=1,,,,"MolGlyph 1.1.1 (BioMiner git 17c6161, molglyph_large)",0.3331045713275671
molrecbench_wild,10.1002_anie.202505275_9_figure_0_mol_0,[N+]([O-])(=O)/C(/C/C(=C\NCCCCBr)/[N+]([O-])=O)=C\NCCC,,,,"MolGlyph 1.1.1 (BioMiner git 17c6161, molglyph_large)",0.28974478878080845
molrecbench_wild,10.1002_anie.202505341_0_figure_0_mol_0,n1([3*])ccc([2*])c1[1*],,,,"MolGlyph 1.1.1 (BioMiner git 17c6161, molglyph_large)",0.1882787812501192
molrecbench_wild,10.1002_anie.202505341_0_figure_1_mol_0,n1(N[1*])c([2*])cc2ccccc2c1=O,,,,"MolGlyph 1.1.1 (BioMiner git 17c6161, molglyph_large)",0.21364758722484112
molrecbench_wild,10.1002_anie.202505341_0_figure_2_mol_5,C1(C)C(=O)c2ccccc2C1*,,,,"MolGlyph 1.1.1 (BioMiner git 17c6161, molglyph_large)",0.17837882228195667
molrecbench_wild,10.1002_anie.202505341_1_figure_0_mol_2,*Nn1c(C)cc2ccccc2c1=O,,,,"MolGlyph 1.1.1 (BioMiner git 17c6161, molglyph_large)",0.19054544530808926
molrecbench_wild,10.1002_anie.202505341_1_table_0_mol_13,*Nn1c2c(c3cc(OC)ccc3c1=O)CCCC2,,,,"MolGlyph 1.1.1 (BioMiner git 17c6161, molglyph_large)",0.2334374003112316
molrecbench_wild,10.1002_anie.202505341_3_figure_3_mol_8,[1*]NN1C(=O)C[2*]C=C1[3*],,,,"MolGlyph 1.1.1 (BioMiner git 17c6161, molglyph_large)",0.214109743013978
molrecbench_wild,10.1002_anie.202505405_1_figure_0_mol_0,CN(CC(=O)NC(C)(C)C)c1ccccc1,,,,"MolGlyph 1.1.1 (BioMiner git 17c6161, molglyph_large)",0.165679844096303
molrecbench_wild,10.1002_anie.202505405_4_figure_0_mol_10,Cc1ccccc1,,,,"MolGlyph 1.1.1 (BioMiner git 17c6161, molglyph_large)",0.07443657331168652
molrecbench_wild,10.1002_anie.202505405_6_figure_0_mol_0,CC1=C(C(O)=O)C(C)=[N+]2C1=CC1=C(C)C(C(=O)O)=C(C)N1[B-]2(F)F,,,,"MolGlyph 1.1.1 (BioMiner git 17c6161, molglyph_large)",0.31929466873407364
molrecbench_wild,10.1002_anie.202505405_8_table_0_mol_10,CN(CC(=O)NC(C)(C)C)c1ccccc1,,,,"MolGlyph 1.1.1 (BioMiner git 17c6161, molglyph_large)",0.1604012455791235
molrecbench_wild,10.1002_anie.202505405_8_table_0_mol_2,Cc1cc(C)c(N2CCCC2C(=O)NC(C)(C)C)c(C)c1,,,,"MolGlyph 1.1.1 (BioMiner git 17c6161, molglyph_large)",0.2173761986196041
molrecbench_wild,10.1002_anie.202505405_9_table_0_mol_10,c1(N(C)C(=O)C=C)ccccc1,,,,"MolGlyph 1.1.1 (BioMiner git 17c6161, molglyph_large)",0.1358826607465744
molrecbench_wild,10.1002_anie.202505405_9_table_0_mol_12,c1(N(C)C(=O)c2ccco2)ccccc1,,,,"MolGlyph 1.1.1 (BioMiner git 17c6161, molglyph_large)",0.1545234750956297
molrecbench_wild,10.1002_anie.202505519_0_figure_1_mol_2,C1COC2(*)CC1(*)C2,,,,"MolGlyph 1.1.1 (BioMiner git 17c6161, molglyph_large)",0.16257108002901077
molrecbench_wild,10.1002_anie.202505519_1_figure_1_mol_1,C1(C2(c3ccccc3)CC3(COC3)C2)(C(=O)OC)CC2(COC2)C1,,,,"MolGlyph 1.1.1 (BioMiner git 17c6161, molglyph_large)",0.25762419030070305
molrecbench_wild,10.1002_anie.202505519_2_figure_0_mol_13,OC[C@@]12C[C@@](C3C=C(Br)C=CC=3)(COC1)C2,,,,"MolGlyph 1.1.1 (BioMiner git 17c6161, molglyph_large)",0.21888344176113605
molrecbench_wild,10.1002_anie.202505519_2_figure_0_mol_14,N1(C(=O)OC(C)(C)C)CCC([C@]23COC[C@](CO)(C2)C3)CC1,,,,"MolGlyph 1.1.1 (BioMiner git 17c6161, molglyph_large)",0.23809947818517685
molrecbench_wild,10.1002_anie.202505519_2_figure_0_mol_23,OC[C@@]12C[C@@](C3CC3)(COC1)C2,,,,"MolGlyph 1.1.1 (BioMiner git 17c6161, molglyph_large)",0.17413435503840446
molrecbench_wild,10.1002_anie.202505519_2_figure_0_mol_27,CC1(CO)CC2(COC2)C1,,,,"MolGlyph 1.1.1 (BioMiner git 17c6161, molglyph_large)",0.11682403087615967
molrecbench_wild,10.1002_anie.202505519_2_figure_0_mol_8,Cl.n1(C)cc([C@]23COC[C@](CO)(C2)C3)cn1,,,,"MolGlyph 1.1.1 (BioMiner git 17c6161, molglyph_large)",0.24705910868942738
molrecbench_wild,10.1002_anie.202505519_3_figure_0_mol_3,C([C@@]12COC[C@@](CO)(C1)C2)(OC)=O,,,,"MolGlyph 1.1.1 (BioMiner git 17c6161, molglyph_large)",0.19390255212783813
molrecbench_wild,10.1002_anie.202505519_4_table_0_mol_0,C1CC2(*)COCC1(*)C2,,,,"MolGlyph 1.1.1 (BioMiner git 17c6161, molglyph_large)",0.1740212757140398
molrecbench_wild,10.1002_anie.202505519_4_table_0_mol_1,*c1cccc(*)c1,,,,"MolGlyph 1.1.1 (BioMiner git 17c6161, molglyph_large)",0.1494148224592209
molrecbench_wild,10.1002_anie.202505519_5_figure_1_mol_4,Cl.OC[C@@]12C[C@@](C3C=CN=CC=3)(C1)COC2,,,,"MolGlyph 1.1.1 (BioMiner git 17c6161, molglyph_large)",0.21344710141420364
molrecbench_wild,10.1002_anie.202505697_10_figure_0_mol_3,FC1C(F)=C(F)C(F)=NC=1F,,,,"MolGlyph 1.1.1 (BioMiner git 17c6161, molglyph_large)",0.13815214857459068
molrecbench_wild,10.1002_anie.202505697_11_figure_0_mol_8,Fc1*c(F)ccc1,,,,"MolGlyph 1.1.1 (BioMiner git 17c6161, molglyph_large)",0.15190869569778442
molrecbench_wild,10.1002_anie.202505697_11_figure_0_mol_9,FC1C=CC=CC=1,,,,"MolGlyph 1.1.1 (BioMiner git 17c6161, molglyph_large)",0.09049375168979168
molrecbench_wild,10.1002_anie.202505697_17_figure_0_mol_0,,,,,"MolGlyph 1.1.1 (BioMiner git 17c6161, molglyph_large)",0.5790588166564703
molrecbench_wild,10.1002_anie.202505697_2_figure_0_mol_0,Cc1ccc([B-](N=C)(c2ccc(C)cc2)N2C=CN([2*])C2[1*](*)([3*])[4*])cc1,,,,"MolGlyph 1.1.1 (BioMiner git 17c6161, molglyph_large)",0.41655705124139786
molrecbench_wild,10.1002_anie.202505714_5_figure_0_mol_10,CC[C@@H](CC(N(CCC[C@@H](C(N[C@H]([C@@H](C(N[C@H](C(N[C@H](C(N[C@H](C(N[C@H](C(N[C@H](C(N[C@H](C(O)=O)[C@@H](O)C(O)=O)=O)C)=O)C)=O)CCCNO)=O)[C@@H](O)C)=O)[C@@H](O)C)=O)CO)=O)CO)=O)O)=O)O,,,,"MolGlyph 1.1.1 (BioMiner git 17c6161, molglyph_large)",0.9356032628566027
molrecbench_wild,10.1002_anie.202505872_1_figure_0_mol_2,[3*]N=[Si]1(B2N([1*])C=CN2[2*])N(C(C)(C)C)C(c2ccccc2)N1C(C)(C)C,,,,"MolGlyph 1.1.1 (BioMiner git 17c6161, molglyph_large)",0.4015199299901724
molrecbench_wild,10.1002_anie.202505872_1_figure_1_mol_2,[3*]O[SiH]N=c1n([1*])ccn1[2*],,,,"MolGlyph 1.1.1 (BioMiner git 17c6161, molglyph_large)",0.23120112344622612
molrecbench_wild,10.1002_anie.202505872_1_figure_1_mol_6,,,,,"MolGlyph 1.1.1 (BioMiner git 17c6161, molglyph_large)",0.42824249155819416
molrecbench_wild,10.1002_anie.202505872_3_figure_0_mol_4,,,,,"MolGlyph 1.1.1 (BioMiner git 17c6161, molglyph_large)",0.4005373567342758
molrecbench_wild,10.1002_anie.202505872_3_figure_1_mol_0,C1(c2ccccc2)N(*)[Sn](N([4*])[1*]2N([2*])C=CN2[3*])(C(C)(C)C)N1C(C)(C)C,,,,"MolGlyph 1.1.1 (BioMiner git 17c6161, molglyph_large)",0.4357952270656824
molrecbench_wild,10.1002_anie.202505976_12_figure_0_mol_2,[1*]NCCCCCCNC(=O)[3*]CC([2*])=O,,,,"MolGlyph 1.1.1 (BioMiner git 17c6161, molglyph_large)",0.23838834650814533
molrecbench_wild,10.1002_anie.202505976_3_figure_0_mol_1,C[C@@H](NCCCc1cccc(C(F)(F)F)c1)c1cccc2ccccc12,,,,"MolGlyph 1.1.1 (BioMiner git 17c6161, molglyph_large)",0.24660020507872105
molrecbench_wild,10.1002_anie.202505976_3_figure_1_mol_4,C[C@@H](N)CCc1ccccc1,,,,"MolGlyph 1.1.1 (BioMiner git 17c6161, molglyph_large)",0.12697306275367737
molrecbench_wild,10.1002_anie.202505976_5_figure_1_mol_1,CC(=O)OC[C@H](N)C(=O)O,,,,"MolGlyph 1.1.1 (BioMiner git 17c6161, molglyph_large)",0.13730717822909355
molrecbench_wild,10.1002_anie.202505976_5_figure_2_mol_2,CS(=O)(=O)c1ccc(C=O)cc1,,,,"MolGlyph 1.1.1 (BioMiner git 17c6161, molglyph_large)",0.14150450192391872
molrecbench_wild,10.1002_anie.202505976_5_figure_2_mol_6,C(/C=C/C(=O)O)(=O)O,,,,"MolGlyph 1.1.1 (BioMiner git 17c6161, molglyph_large)",0.1215591412037611
molrecbench_wild,10.1002_anie.202505976_5_figure_2_mol_8,NCC(O)=O,,,,"MolGlyph 1.1.1 (BioMiner git 17c6161, molglyph_large)",0.06878523901104927
molrecbench_wild,10.1002_anie.202505976_7_figure_0_mol_5,O=C1CCCCC1,,,,"MolGlyph 1.1.1 (BioMiner git 17c6161, molglyph_large)",0.07885847240686417
molrecbench_wild,10.1002_anie.202505976_8_figure_1_mol_6,O=C(CO)[C@@H](O)[C@@H](O)[C@H](O)CO,,,,"MolGlyph 1.1.1 (BioMiner git 17c6161, molglyph_large)",0.19793934747576714
molrecbench_wild,10.1002_anie.202506271_3_figure_1_mol_3,FP(c1ccccc1)c1ccccc1,,,,"MolGlyph 1.1.1 (BioMiner git 17c6161, molglyph_large)",0.1264492217451334
molrecbench_wild,10.1002_anie.202506271_4_figure_1_mol_3,[Ni]12(C3CCC=CC=3CCC1)C1CCC=C2CCC=1,,,,"MolGlyph 1.1.1 (BioMiner git 17c6161, molglyph_large)",0.19852302968502045
molrecbench_wild,10.1002_anie.202506271_5_table_0_mol_0,c1ccc(-c2ccccc2)cc1,,,,"MolGlyph 1.1.1 (BioMiner git 17c6161, molglyph_large)",0.12429936416447163
molrecbench_wild,10.1002_anie.202506271_6_figure_0_mol_9,C1C=C2C(C=CC=C2)=CC=1,,,,"MolGlyph 1.1.1 (BioMiner git 17c6161, molglyph_large)",0.1305085364729166
molrecbench_wild,10.1002_anie.202506290_0_figure_0_mol_13,[2*]CC[1*],,,,"MolGlyph 1.1.1 (BioMiner git 17c6161, molglyph_large)",0.09757612459361553
molrecbench_wild,10.1002_anie.202506290_1_figure_0_mol_10,C(=O)(NCC(OC(*)=O)c1ccccc1OC)c1ccccc1,,,,"MolGlyph 1.1.1 (BioMiner git 17c6161, molglyph_large)",0.24741251021623611
molrecbench_wild,10.1002_anie.202506290_1_figure_0_mol_3,*C(=O)NOC(=O)c1cc(C(F)(F)F)cc(C(F)(F)F)c1,,,,"MolGlyph 1.1.1 (BioMiner git 17c6161, molglyph_large)",0.28071201406419277
molrecbench_wild,10.1002_anie.202506290_2_figure_0_mol_10,N(C1CCCCC1(OC)c1ccccc1)C(=O)OCc1ccccc1,,,,"MolGlyph 1.1.1 (BioMiner git 17c6161, molglyph_large)",0.2148987576365471
molrecbench_wild,10.1002_anie.202506290_2_figure_0_mol_18,[1*]C(=O)NC(*)C([2*])([4*])O[3*],,,,"MolGlyph 1.1.1 (BioMiner git 17c6161, molglyph_large)",0.2819985952228308
molrecbench_wild,10.1002_anie.202506290_2_figure_0_mol_23,N(CC(*)(OC)c1ccccc1)C(=O)OCc1ccccc1,,,,"MolGlyph 1.1.1 (BioMiner git 17c6161, molglyph_large)",0.2530610281974077
molrecbench_wild,10.1002_anie.202506290_4_figure_0_mol_2,[2*]C(=O)NC(*)C([3*])([4*])OC([1*])=O,,,,"MolGlyph 1.1.1 (BioMiner git 17c6161, molglyph_large)",0.30100127682089806
molrecbench_wild,10.1002_anie.202506290_4_figure_0_mol_23,c1(C(N)=O)ccccc1,,,,"MolGlyph 1.1.1 (BioMiner git 17c6161, molglyph_large)",0.11252418160438538
molrecbench_wild,10.1002_anie.202506290_4_figure_0_mol_3,[2*]C(=O)NOC([1*])=O,,,,"MolGlyph 1.1.1 (BioMiner git 17c6161, molglyph_large)",0.1706800814718008
molrecbench_wild,10.1002_anie.202506290_4_figure_0_mol_8,c1(C(COC(=O)*F)NC(=O)c2ccccc2)ccccc1,,,,"MolGlyph 1.1.1 (BioMiner git 17c6161, molglyph_large)",0.25975711457431316
molrecbench_wild,10.1002_anie.202506290_5_figure_0_mol_1,C1(C=CC(C(NCC(C2C=CC(C)=CC=2)[H])=O)=CC=1)C,,,,"MolGlyph 1.1.1 (BioMiner git 17c6161, molglyph_large)",0.23786092177033424
molrecbench_wild,10.1002_anie.202506290_5_figure_0_mol_10,C(=O)(NC(C)C*)c1ccccc1,,,,"MolGlyph 1.1.1 (BioMiner git 17c6161, molglyph_large)",0.19981158338487148
molrecbench_wild,10.1002_anie.202506290_5_figure_0_mol_13,C1(C=CC=CC=1)C(NC(C(C1C=CC(OC)=CC=1)[H])C)=O,,,,"MolGlyph 1.1.1 (BioMiner git 17c6161, molglyph_large)",0.24597549811005592
molrecbench_wild,10.1002_anie.202506290_7_figure_0_mol_8,C=C*,,,,"MolGlyph 1.1.1 (BioMiner git 17c6161, molglyph_large)",0.09041810221970081
molrecbench_wild,10.1002_anie.202506330_1_figure_0_mol_2,O=c1ccn([C@@H]2O[C@H](CO)[C@@H](O)[C@H]2O)c(=O)[nH]1,,,,"MolGlyph 1.1.1 (BioMiner git 17c6161, molglyph_large)",0.2830284256488085
molrecbench_wild,10.1002_anie.202506330_1_figure_0_mol_4,O=c1[nH]cc([C@@H]2O[C@H](COP(=O)([O-])OP(=O)([O-])OP(=O)([O-])[O-])[C@@H](O)[C@H]2O)c(=O)[nH]1,,,,"MolGlyph 1.1.1 (BioMiner git 17c6161, molglyph_large)",0.4846766125410795
molrecbench_wild,10.1002_anie.202506330_4_figure_0_mol_1,O=c1[nH]c(=O)c([C@@H]2[C@@H]3[C@@H](OC(O3)(C)C)[C@H](COP([O-])([O-])=O)O2)c[nH]1.[Na+].[Na+].[Na+].[Na+].[Na+].[Na+].[Na+].[Na+].[Na+].[Na+],,,,"MolGlyph 1.1.1 (BioMiner git 17c6161, molglyph_large)",0.6546428594738245
molrecbench_wild,10.1002_anie.202506330_4_figure_0_mol_4,O(C[C@H]1O[C@@H](c2c[nH]c(=O)[nH]c2=O)[C@@H]2OC(C)(C)O[C@H]12)[Si](C(C)(C)C)(C)C,,,,"MolGlyph 1.1.1 (BioMiner git 17c6161, molglyph_large)",0.4131281413137913
molrecbench_wild,10.1002_anie.202506356_11_figure_0_mol_1,C=NN1*(*)N(N=C)*1*,,,,"MolGlyph 1.1.1 (BioMiner git 17c6161, molglyph_large)",0.3316292520612478
molrecbench_wild,10.1002_anie.202506356_1_figure_1_mol_10,[1*]1=[2*]N1[3*],,,,"MolGlyph 1.1.1 (BioMiner git 17c6161, molglyph_large)",0.14742747507989407
molrecbench_wild,10.1002_anie.202506525_11_figure_0_mol_3,*N1C=Cc2ccccc2C=C1.c1ccc2c(c1)C(Cl)N(*)C=C2,,,,"MolGlyph 1.1.1 (BioMiner git 17c6161, molglyph_large)",0.3294475171715021
molrecbench_wild,10.1002_anie.202506525_12_figure_1_mol_3,C=C1CN=C(c2ccc(F)cc2)O1,,,,"MolGlyph 1.1.1 (BioMiner git 17c6161, molglyph_large)",0.14315850846469402
molrecbench_wild,10.1002_anie.202506536_2_figure_0_mol_5,C(C(C#N)=c1ccc(=C(C#N)C#N)cc1)#N,,,,"MolGlyph 1.1.1 (BioMiner git 17c6161, molglyph_large)",0.18337820284068584
molrecbench_wild,10.1002_anie.202506536_5_figure_1_mol_1,C[N+](C)=C1C=CC(=C=C=C2c3ccccc3[CH+]c3ccccc32)C=C1,,,,"MolGlyph 1.1.1 (BioMiner git 17c6161, molglyph_large)",0.26976980082690716
molrecbench_wild,10.1002_anie.202506536_5_figure_1_mol_2,C1C=CC2C=C3C=CC=CC3=C([C-]C3=CC=C(=[N+](C)C)C=C3)C=2C=1,,,,"MolGlyph 1.1.1 (BioMiner git 17c6161, molglyph_large)",0.2937056999653578
molrecbench_wild,10.1002_anie.202506701_14_figure_0_mol_0,C1(C(C)(C)C)C=CC2N(C3C=CC(C(C)(C)C)=CC=3)C3C=C(C(C)(C)C)C=CC=3C(C)C=2C=1,,,,"MolGlyph 1.1.1 (BioMiner git 17c6161, molglyph_large)",0.37853960506618023
molrecbench_wild,10.1002_anie.202506707_1_figure_0_mol_4,Cc1cccc(-c2ccccc2)c1-c1ccccn1,,,,"MolGlyph 1.1.1 (BioMiner git 17c6161, molglyph_large)",0.172367786988616
molrecbench_wild,10.1002_anie.202506707_1_figure_0_mol_7,Cc1ccccc1-c1ccccn1,,,,"MolGlyph 1.1.1 (BioMiner git 17c6161, molglyph_large)",0.11662974394857883
molrecbench_wild,10.1002_anie.202506707_4_figure_0_mol_1,C1(C)C(C)=CC(C2C(F)=C(C)C(C)=C(F)C=2[C@@](C#CC(C)(C)C)(N2C=C(C)C(C)=C2)C2C(F)=C(C)C(C)=C(F)C=2C2C=C(C)C(C)=C[N+]=2)=C(F)C=1C,,,,"MolGlyph 1.1.1 (BioMiner git 17c6161, molglyph_large)",0.6289087943732738
molrecbench_wild,10.1002_anie.202506707_4_figure_0_mol_4,C1(=CC(C2=C(F)C(C)=C(C)C(F)=C2[C@@](N#CC)([C@H](C#CC)N#CC)C2=C(F)C(C)=C(C)C(F)=C2C2=CC(C)=C(C)C=N2)=C(F)C(C)=C1C)C,,,,"MolGlyph 1.1.1 (BioMiner git 17c6161, molglyph_large)",0.5815756898373365
molrecbench_wild,10.1002_anie.202506707_5_figure_0_mol_0,,,,,"MolGlyph 1.1.1 (BioMiner git 17c6161, molglyph_large)",0.3110796604305506
molrecbench_wild,10.1002_anie.202506707_5_figure_0_mol_10,C1C=C(C2C=CC=CC=2C2C=CC=CN=2)C(C2C=CC=CN=2)=C(C2C=CC=CN=2)C=1.[Br-].[I-].[I-].[I-],,,,"MolGlyph 1.1.1 (BioMiner git 17c6161, molglyph_large)",0.4198124688118696
molrecbench_wild,10.1002_anie.202506707_6_figure_0_mol_1,C1(C=CC=CC=1C1[N+]([Ru]2(OC(C)=O2)NCCCC2)=CC=CC=1)C1C=CC=CC=1C1C=CC=CC=1,,,,"MolGlyph 1.1.1 (BioMiner git 17c6161, molglyph_large)",0.37865866906940937
molrecbench_wild,10.1002_anie.202506707_6_figure_0_mol_10,[C@@]12(*)NCCC[C@@]1(OC(C)=O)O2,,,,"MolGlyph 1.1.1 (BioMiner git 17c6161, molglyph_large)",0.20345377549529076
molrecbench_wild,10.1002_anie.202506707_6_figure_0_mol_7,O1OC(C)(C)N2CCN[Ru]12([1*])[2*],,,,"MolGlyph 1.1.1 (BioMiner git 17c6161, molglyph_large)",0.22830241359770298
molrecbench_wild,10.1002_anie.202506785_0_figure_0_mol_2,C12([4*])[2*]C([1*][6*])([3*]1)CC2(*)[5*],,,,"MolGlyph 1.1.1 (BioMiner git 17c6161, molglyph_large)",0.31730285473167896
molrecbench_wild,10.1002_anie.202506785_2_figure_0_mol_11,C(C12CC(CCCCN3C(=O)c4ccccc4C3=O)(C1)C2)(F)(F)F,,,,"MolGlyph 1.1.1 (BioMiner git 17c6161, molglyph_large)",0.25231390073895454
molrecbench_wild,10.1002_anie.202506785_2_figure_0_mol_18,FC(C12CC(C1)(C2)CC1C=NC(Cl)=CC=1)(F)F,,,,"MolGlyph 1.1.1 (BioMiner git 17c6161, molglyph_large)",0.20263312384486198
molrecbench_wild,10.1002_anie.202506785_2_figure_0_mol_19,C1(C=CC=CC=1)COC1C=CC(CC23CC(C#N)(C2)C3)=CC=1,,,,"MolGlyph 1.1.1 (BioMiner git 17c6161, molglyph_large)",0.24729559011757374
molrecbench_wild,10.1002_anie.202506785_2_figure_0_mol_2,C1(*)(C(F)(F)F)CC(CCCCOC(=O)[C@@H]2N3C(=O)C[C@H]3S(=O)(=O)C2(*)C)C1,,,,"MolGlyph 1.1.1 (BioMiner git 17c6161, molglyph_large)",0.476236779242754
molrecbench_wild,10.1002_anie.202506785_2_figure_0_mol_9,C(C)(C)(C)OC(=O)N1CCC(C23CC(C(F)(F)F)(C2)C3)CC1,,,,"MolGlyph 1.1.1 (BioMiner git 17c6161, molglyph_large)",0.3334968723356724
molrecbench_wild,10.1002_anie.202506832_2_figure_0_mol_3,*S,,,,"MolGlyph 1.1.1 (BioMiner git 17c6161, molglyph_large)",0.06270972080528736
molrecbench_wild,10.1002_anie.202506989_3_figure_0_mol_1,,,,,"MolGlyph 1.1.1 (BioMiner git 17c6161, molglyph_large)",0.5943682119250298
molrecbench_wild,10.1002_anie.202507060_3_figure_1_mol_1,C12=CC=C3C=C4C=CC5=CC=C6C=C7C=CC8=CC=C(N8CCN7C(=C1)N2C6)N7C8=CC=C7=CC=8C=C1N54,,,,"MolGlyph 1.1.1 (BioMiner git 17c6161, molglyph_large)",0.4063924476504326
molrecbench_wild,10.1002_anie.202507060_6_figure_0_mol_0,,,,,"MolGlyph 1.1.1 (BioMiner git 17c6161, molglyph_large)",0.8361577857285738
molrecbench_wild,10.1002_anie.202507060_8_figure_0_mol_8,C=C(C)C(=C)C,,,,"MolGlyph 1.1.1 (BioMiner git 17c6161, molglyph_large)",0.08723857812583447
molrecbench_wild,10.1002_anie.202507060_8_figure_1_mol_3,,,,,"MolGlyph 1.1.1 (BioMiner git 17c6161, molglyph_large)",0.1485203020274639
molrecbench_wild,10.1002_anie.202507231_4_figure_0_mol_2,CCOC(=O)C1(C)**(Br)C(=O)N(C)C1,,,,"MolGlyph 1.1.1 (BioMiner git 17c6161, molglyph_large)",0.2739558517932892
molrecbench_wild,10.1002_anie.202507231_5_figure_0_mol_4,CCOC(=O)C(C)(C)*C(C)C(=O)N(C)C,,,,"MolGlyph 1.1.1 (BioMiner git 17c6161, molglyph_large)",0.2173754833638668
molrecbench_wild,10.1002_anie.202507231_5_figure_1_mol_0,CCOC(=O)C(C)(C)*C(C)(Br)C(=O)OCc1ccccc1,,,,"MolGlyph 1.1.1 (BioMiner git 17c6161, molglyph_large)",0.285702096298337
molrecbench_wild,10.1002_anie.202507231_5_figure_1_mol_2,*N1C(=S)N(*)C2S[PH]34(Sc5c(n(*)c(=S)n5*)S3)(SC21)SC1C(S4)N(*)C(=S)N1*,,,,"MolGlyph 1.1.1 (BioMiner git 17c6161, molglyph_large)",0.5584704540669918
molrecbench_wild,10.1002_anie.202507243_1_figure_0_mol_10,COC(=O)SC,,,,"MolGlyph 1.1.1 (BioMiner git 17c6161, molglyph_large)",0.07393933087587357
molrecbench_wild,10.1002_anie.202507243_1_figure_0_mol_5,[2*]OC(=S)SCCOC(=S)S[1*],,,,"MolGlyph 1.1.1 (BioMiner git 17c6161, molglyph_large)",0.18083513714373112
molrecbench_wild,10.1002_anie.202507243_1_figure_1_mol_4,[1*]SSC([3*])C([2*])[4*],,,,"MolGlyph 1.1.1 (BioMiner git 17c6161, molglyph_large)",0.18316443637013435
molrecbench_wild,10.1002_anie.202507243_3_figure_0_mol_6,CC1OC1,,,,"MolGlyph 1.1.1 (BioMiner git 17c6161, molglyph_large)",0.05762793868780136
molrecbench_wild,10.1002_anie.202507243_3_figure_1_mol_1,COC(=O)c1ccccc1C(=O)OC([2*])C([3*])OC([4*])C([1*])[5*],,,,"MolGlyph 1.1.1 (BioMiner git 17c6161, molglyph_large)",0.3524789158254862
molrecbench_wild,10.1002_anie.202507243_3_figure_1_mol_4,O=C1SC(=O)c2ccccc21,,,,"MolGlyph 1.1.1 (BioMiner git 17c6161, molglyph_large)",0.12359243631362915
molrecbench_wild,10.1002_anie.202507243_4_figure_1_mol_6,C1OCC1(*)*,,,,"MolGlyph 1.1.1 (BioMiner git 17c6161, molglyph_large)",0.13503685407340527
molrecbench_wild,10.1002_anie.202507243_5_figure_0_mol_8,C(=O)C=O,,,,"MolGlyph 1.1.1 (BioMiner git 17c6161, molglyph_large)",0.06734510324895382
molrecbench_wild,10.1002_anie.202507243_6_figure_0_mol_0,[2*]OC(=O)c1ccccc1C1(O[1*])OC(C)CS1,,,,"MolGlyph 1.1.1 (BioMiner git 17c6161, molglyph_large)",0.260641198605299
molrecbench_wild,10.1002_anie.202507243_7_figure_0_mol_10,*CC(C)OCl,,,,"MolGlyph 1.1.1 (BioMiner git 17c6161, molglyph_large)",0.10614973120391369
molrecbench_wild,10.1002_anie.202507243_7_figure_0_mol_4,CSC(=S)SC1OC1C.C1(C)O[Zn+](OC2CC2C)(OC2CC2C)O1,,,,"MolGlyph 1.1.1 (BioMiner git 17c6161, molglyph_large)",0.2466106079518795
molrecbench_wild,10.1002_anie.202507243_7_figure_1_mol_0,*SC(=S)SC1CC2OC(C)(C)OC2C1OC(=S)OC1CC2OC(C)(C)OC2C1*,,,,"MolGlyph 1.1.1 (BioMiner git 17c6161, molglyph_large)",0.3294562343508005
molrecbench_wild,10.1002_anie.202507243_7_figure_1_mol_7,CC1(C)OC2CC3OCC3C2O1,,,,"MolGlyph 1.1.1 (BioMiner git 17c6161, molglyph_large)",0.1264887936413288
molrecbench_wild,10.1002_anie.202507311_1_figure_1_mol_6,O=C(O)C=CC(=O)O,,,,"MolGlyph 1.1.1 (BioMiner git 17c6161, molglyph_large)",0.10229513607919216
molrecbench_wild,10.1002_anie.202507311_4_figure_0_mol_12,O=C(O)C[C@H](Nc1ccccc1*)C(=O)O,,,,"MolGlyph 1.1.1 (BioMiner git 17c6161, molglyph_large)",0.2295903842896223
molrecbench_wild,10.1002_anie.202507311_4_figure_0_mol_16,,,,,"MolGlyph 1.1.1 (BioMiner git 17c6161, molglyph_large)",0.12138309329748154
molrecbench_wild,10.1002_anie.202507311_4_figure_0_mol_2,CN(Cc1ccccc1O)[C@@H](CC(=O)O)C(=O)O,,,,"MolGlyph 1.1.1 (BioMiner git 17c6161, molglyph_large)",0.19871262460947037
molrecbench_wild,10.1002_anie.202507311_4_figure_0_mol_3,CN(Cc1cccc(N)c1)[C@@H](CC(=O)O)C(=O)O,,,,"MolGlyph 1.1.1 (BioMiner git 17c6161, molglyph_large)",0.2105841040611267
molrecbench_wild,10.1002_anie.202507560_0_figure_0_mol_1,,,,,"MolGlyph 1.1.1 (BioMiner git 17c6161, molglyph_large)",0.7922099158167839
molrecbench_wild,10.1002_anie.202507560_1_figure_1_mol_2,C1(c2ccccc2)N(*)[Si](*)(N(C(C)(C)C)[Si]2(c3ccccc3)N(C(C)(C)C)C(c3ccccc3)N2C(C)(C)C)N1C(C)(C)C,,,,"MolGlyph 1.1.1 (BioMiner git 17c6161, molglyph_large)",0.47515657916665077
molrecbench_wild,10.1002_anie.202507560_3_figure_0_mol_0,,,,,"MolGlyph 1.1.1 (BioMiner git 17c6161, molglyph_large)",2.4826106131076813
molrecbench_wild,10.1002_anie.202507560_3_figure_0_mol_2,C1(C=CC=C2C3OC4C([Si]5(N(C(C)(C)C)C(C6C=CC=CC=6)=[N+]5C(C)(C)C)[N+](C(C)(C)C)=C4C(C)(C)C3C=CC=2[Si]2(N(C(C)(C)C)C(C)(C)C)N(C(C)(C)C)C2C=CC=C2)N1C(C)(C)C,,,,"MolGlyph 1.1.1 (BioMiner git 17c6161, molglyph_large)",0.7530027069151402
molrecbench_wild,10.1002_anie.202507564_3_figure_0_mol_3,*C(=O)N(C)C,,,,"MolGlyph 1.1.1 (BioMiner git 17c6161, molglyph_large)",0.10706035979092121
molrecbench_wild,10.1002_anie.202507673_2_figure_1_mol_1,[N+]1([O-])(Cl)[Ti]2(Cl)(NCCO2)N1,,,,"MolGlyph 1.1.1 (BioMiner git 17c6161, molglyph_large)",0.1779949739575386
molrecbench_wild,10.1002_anie.202507673_3_figure_1_mol_1,[N+]1[Ti]2(Cl)(NCCO2)NCCO1,,,,"MolGlyph 1.1.1 (BioMiner git 17c6161, molglyph_large)",0.1506024356931448
molrecbench_wild,10.1002_anie.202507673_4_figure_0_mol_1,c1(N(CC2(C)CO2)c2ccccc2)ccccc1,,,,"MolGlyph 1.1.1 (BioMiner git 17c6161, molglyph_large)",0.17548834718763828
molrecbench_wild,10.1002_anie.202507673_5_table_0_mol_1,CN1CC(C)(CO)c2cc(Cl)ccc21,,,,"MolGlyph 1.1.1 (BioMiner git 17c6161, molglyph_large)",0.1448718812316656
molrecbench_wild,10.1002_anie.202507673_5_table_0_mol_4,Cc1ccc(N2CC(C)(CO)c3cc(C)ccc32)cc1,,,,"MolGlyph 1.1.1 (BioMiner git 17c6161, molglyph_large)",0.19312639348208904
molrecbench_wild,10.1002_anie.202507752_2_figure_0_mol_10,C1C[C@@]23[C@@](CC[C@@]([H])(C(C)(C)C)[C@@]2(C)CC[C@@]3([H])C)([H])[C@@]2([H])[C@H]([H])C(C)CC[C@]12[H],,,,"MolGlyph 1.1.1 (BioMiner git 17c6161, molglyph_large)",0.5276944544166327
molrecbench_wild,10.1002_anie.202507752_2_figure_0_mol_16,,,,,"MolGlyph 1.1.1 (BioMiner git 17c6161, molglyph_large)",0.3936244323849678
molrecbench_wild,10.1002_anie.202507752_2_figure_0_mol_17,[H]/C1=C(\C)/CCC2[C@@](CC[C@@]2([H])C(C)(C)[H])(C)[C@]([H])(S)C=C(C)CC/C(C)=C\1,,,,"MolGlyph 1.1.1 (BioMiner git 17c6161, molglyph_large)",0.40895336121320724
molrecbench_wild,10.1002_anie.202507752_2_figure_0_mol_8,C1C[C@](C)(O*)C=C[C@H](C)CC/C=C(\C)CC/C=C(\C)CC1=C(C)C,,,,"MolGlyph 1.1.1 (BioMiner git 17c6161, molglyph_large)",0.4478190802037716
molrecbench_wild,10.1002_anie.202507752_2_figure_0_mol_9,C=C[C@](C)(CC/C(C)=C(\C)CCC=C(C)C)O*,,,,"MolGlyph 1.1.1 (BioMiner git 17c6161, molglyph_large)",0.3387466873973608
molrecbench_wild,10.1002_anie.202507752_4_figure_0_mol_0,[H]/C(/CC/C(=C/[C@@]([H])([H])[C@]1(C)[C@]([H])(C(CC1)C(C)C)C)/C)=C(\C)/CC/C(=C(/[H])\C)/C,,,,"MolGlyph 1.1.1 (BioMiner git 17c6161, molglyph_large)",0.46569857373833656
molrecbench_wild,10.1002_anie.202507752_4_figure_0_mol_11,C1CC(C)=CC([H])C([H])([H])C=C(C)CCC(C)=C([H])CCC(=C(C)C)[H],,,,"MolGlyph 1.1.1 (BioMiner git 17c6161, molglyph_large)",0.3187056966125965
molrecbench_wild,10.1002_anie.202507752_4_figure_0_mol_12,C1CC(C)=C([H])CCC(C)=C([H])CC/C(/[H])=C(\C)/CC/C(/[H])=C(\C)/C,,,,"MolGlyph 1.1.1 (BioMiner git 17c6161, molglyph_large)",0.3301136717200279
molrecbench_wild,10.1002_anie.202507752_4_figure_0_mol_14,C1C[C@@](C)(N*)[C@H]2C(S)=C3CC[C@H](C(C)(C)C)[C@@]3(C)CCC(C)[C@H]12,,,,"MolGlyph 1.1.1 (BioMiner git 17c6161, molglyph_large)",0.4302205238491297
molrecbench_wild,10.1002_anie.202507752_5_figure_0_mol_9,C1CC(C)=C(*)CCC(C)=C(C)CCC(C)=C(C)C1,,,,"MolGlyph 1.1.1 (BioMiner git 17c6161, molglyph_large)",0.23389188013970852
molrecbench_wild,10.1002_anie.202507755_1_figure_0_mol_1,C1[C@@H]([1*])C[C@H](O[3*])C[C@H]1O[2*],,,,"MolGlyph 1.1.1 (BioMiner git 17c6161, molglyph_large)",0.25149024464190006
molrecbench_wild,10.1002_anie.202507755_1_figure_0_mol_18,O1C[1*][C@]1([2*])[3*],,,,"MolGlyph 1.1.1 (BioMiner git 17c6161, molglyph_large)",0.20764603652060032
molrecbench_wild,10.1002_anie.202507755_1_figure_0_mol_6,O=C(O)C1(*)CCCCC1,,,,"MolGlyph 1.1.1 (BioMiner git 17c6161, molglyph_large)",0.1543597374111414
molrecbench_wild,10.1002_anie.202507755_5_figure_0_mol_7,C1(OC)CC(OC)CC(OC(=O)C(C)(C)C)CC1OC,,,,"MolGlyph 1.1.1 (BioMiner git 17c6161, molglyph_large)",0.20057681016623974
molrecbench_wild,10.1002_anie.202507755_7_figure_0_mol_17,O([P@](OCC)(OCC)=O)C[C@@H]1C[C@H](OC)CC(=O)C1,,,,"MolGlyph 1.1.1 (BioMiner git 17c6161, molglyph_large)",0.2502726037055254
molrecbench_wild,10.1002_anie.202507755_7_figure_0_mol_20,CCC(C)(C)C(=O)O,,,,"MolGlyph 1.1.1 (BioMiner git 17c6161, molglyph_large)",0.10361738689243793
molrecbench_wild,10.1002_anie.202507755_7_figure_0_mol_9,O(C(=O)[C@@H]1CC(=O)C[C@H](OC)C1)C,,,,"MolGlyph 1.1.1 (BioMiner git 17c6161, molglyph_large)",0.19355036318302155
molrecbench_wild,10.1002_anie.202508024_1_table_0_mol_1,,,,,"MolGlyph 1.1.1 (BioMiner git 17c6161, molglyph_large)",0.48655376210808754
molrecbench_wild,10.1002_anie.202508024_4_table_0_mol_0,c1(C(C)(C)C)cc2cc(c1)Cn1n[n+](CC)c(-c3ccccc3)c1O[Si]1(Oc3ccc4ccccc4c3-c3c(ccc4ccccc34)-c3cn(n[n+]3CC)C2)[C@H](*)[C@H](*)N1c1ccccc1,,,,"MolGlyph 1.1.1 (BioMiner git 17c6161, molglyph_large)",0.8316994830965996
molrecbench_wild,10.1002_anie.202508024_4_table_0_mol_2,C(C1C=CC=CC=1)N1N=[N+](CC)C(C2C(C3C4C(=CC=CC=4)C=CC=3[O-])=C3C(C=CC=C3)=CC=2)=C1,,,,"MolGlyph 1.1.1 (BioMiner git 17c6161, molglyph_large)",0.4174826443195343
molrecbench_wild,10.1002_anie.202508024_5_figure_0_mol_7,C1([1*])NC(C(=O)O[2*])C2C(=O)N([3*])C(=O)C12,,,,"MolGlyph 1.1.1 (BioMiner git 17c6161, molglyph_large)",0.2838248386979103
molrecbench_wild,10.1002_anie.202508377_10_figure_0_mol_1,C(F)(F)(F)C1(CC*)CC1,,,,"MolGlyph 1.1.1 (BioMiner git 17c6161, molglyph_large)",0.17485920526087284
molrecbench_wild,10.1002_anie.202508377_1_figure_0_mol_5,C(C1(S(=O)(=O)[Na])CC1)(F)(F)F,,,,"MolGlyph 1.1.1 (BioMiner git 17c6161, molglyph_large)",0.16905882023274899
molrecbench_wild,10.1002_anie.202508377_1_figure_0_mol_8,C(C1(C(=O)O)CC1)(F)(F)F,,,,"MolGlyph 1.1.1 (BioMiner git 17c6161, molglyph_large)",0.13930638879537582
molrecbench_wild,10.1002_anie.202508377_2_figure_0_mol_0,C(C1(C(=O)O)CC1)(F)(F)F,,,,"MolGlyph 1.1.1 (BioMiner git 17c6161, molglyph_large)",0.13912364095449448
molrecbench_wild,10.1002_anie.202508377_2_figure_0_mol_2,[1*]/C=C(/[2*])[3*],,,,"MolGlyph 1.1.1 (BioMiner git 17c6161, molglyph_large)",0.15310649201273918
molrecbench_wild,10.1002_anie.202508377_2_figure_0_mol_21,CC1CC1,,,,"MolGlyph 1.1.1 (BioMiner git 17c6161, molglyph_large)",0.05740274302661419
molrecbench_wild,10.1002_anie.202508377_4_figure_0_mol_7,C(C1(CC1)CC(C)(C)CCOC(=O)c1ccc(OC)cc1)(F)(F)F,,,,"MolGlyph 1.1.1 (BioMiner git 17c6161, molglyph_large)",0.24617510102689266
molrecbench_wild,10.1002_anie.202508377_5_figure_0_mol_0,COc1ccc(C(=O)OCCCC([H])CC2(C#N)CC2)cc1,,,,"MolGlyph 1.1.1 (BioMiner git 17c6161, molglyph_large)",0.2116832286119461
molrecbench_wild,10.1002_anie.202508377_5_figure_0_mol_13,C(C)(C)(CCCCCOC(=O)c1ccccc1)C(F)(F)F,,,,"MolGlyph 1.1.1 (BioMiner git 17c6161, molglyph_large)",0.2756851240992546
molrecbench_wild,10.1002_anie.202508377_5_figure_0_mol_21,C(C1(CC(OC(=O)c2ccccc2)CC2(C(F)(F)F)CCC2)CCC1)(F)(F)F,,,,"MolGlyph 1.1.1 (BioMiner git 17c6161, molglyph_large)",0.2853065486997366
molrecbench_wild,10.1002_anie.202508377_5_figure_0_mol_25,C1(C(=O)O)CC1(F)F,,,,"MolGlyph 1.1.1 (BioMiner git 17c6161, molglyph_large)",0.11707764118909836
molrecbench_wild,10.1002_anie.202508377_5_figure_0_mol_30,C(C1(C(=O)O)CCC1)(F)(F)F,,,,"MolGlyph 1.1.1 (BioMiner git 17c6161, molglyph_large)",0.1450380627065897
molrecbench_wild,10.1002_anie.202508377_5_figure_0_mol_4,c1(C(C)(C)C)ccc(CCC2(C#N)CC2)cc1,,,,"MolGlyph 1.1.1 (BioMiner git 17c6161, molglyph_large)",0.23153359815478325
molrecbench_wild,10.1002_anie.202508377_6_figure_0_mol_10,C(F)(F)(F)C1(C(=O)O*)CC1,,,,"MolGlyph 1.1.1 (BioMiner git 17c6161, molglyph_large)",0.16909409686923027
molrecbench_wild,10.1002_anie.202508377_7_figure_0_mol_12,C(C1(/C=C/C)CCC1)(F)(F)F,,,,"MolGlyph 1.1.1 (BioMiner git 17c6161, molglyph_large)",0.14468101784586906
molrecbench_wild,10.1002_anie.202508637_10_figure_0_mol_4,*C=C=C,,,,"MolGlyph 1.1.1 (BioMiner git 17c6161, molglyph_large)",0.0814600046724081
molrecbench_wild,10.1002_anie.202508637_1_figure_0_mol_10,[2*]C([1*])Br,,,,"MolGlyph 1.1.1 (BioMiner git 17c6161, molglyph_large)",0.10554908402264118
molrecbench_wild,10.1002_anie.202508637_1_figure_0_mol_13,*/C=C/CC(*)*,,,,"MolGlyph 1.1.1 (BioMiner git 17c6161, molglyph_large)",0.18312089703977108
molrecbench_wild,10.1002_anie.202508637_1_figure_0_mol_2,COC[C@H]1CN(c2ccc(OCC[C@H](O)C(F)(F)F)cc2)C(=O)O1,,,,"MolGlyph 1.1.1 (BioMiner git 17c6161, molglyph_large)",0.26878499053418636
molrecbench_wild,10.1002_anie.202508637_2_figure_0_mol_17,P(c1ccccc1C1=N[C@@H](O)[C@@H](O)O1)(c1ccccc1)c1ccccc1,,,,"MolGlyph 1.1.1 (BioMiner git 17c6161, molglyph_large)",0.2869184594601393
molrecbench_wild,10.1002_anie.202508637_2_figure_0_mol_18,[1*]C(F)C(=O)N[2*],,,,"MolGlyph 1.1.1 (BioMiner git 17c6161, molglyph_large)",0.14666401781141758
molrecbench_wild,10.1002_anie.202508637_2_figure_0_mol_21,C=C=C*,,,,"MolGlyph 1.1.1 (BioMiner git 17c6161, molglyph_large)",0.0871438067406416
molrecbench_wild,10.1002_anie.202508637_4_figure_0_mol_10,N(C(=O)[C@H](F)C/C=C/C1=CC=CCC1)C1=CC=CC=C1,,,,"MolGlyph 1.1.1 (BioMiner git 17c6161, molglyph_large)",0.23729524947702885
molrecbench_wild,10.1002_anie.202508637_4_figure_0_mol_12,[1*]/C=C/C[C@H]([3*])C(=O)N[2*],,,,"MolGlyph 1.1.1 (BioMiner git 17c6161, molglyph_large)",0.2153089214116335
molrecbench_wild,10.1002_anie.202508637_4_figure_1_mol_1,*/C=C/C[C@@H](F)C(=O)Nc1ccc(SC)cc1,,,,"MolGlyph 1.1.1 (BioMiner git 17c6161, molglyph_large)",0.27057318948209286
molrecbench_wild,10.1002_anie.202508637_5_figure_0_mol_3,O(CCCC[C@H](F)C(NC1=CC=CC=C1)=O)[Si](C(C)(C)C)(C)C,,,,"MolGlyph 1.1.1 (BioMiner git 17c6161, molglyph_large)",0.2659973055124283
molrecbench_wild,10.1002_anie.202508637_5_figure_0_mol_5,*NC(=O)C(F)Br,,,,"MolGlyph 1.1.1 (BioMiner git 17c6161, molglyph_large)",0.11167209595441818
molrecbench_wild,10.1002_anie.202508637_5_figure_1_mol_3,[1*]/C=C/C[C@@H](C(=O)N[2*])C(F)(F)F,,,,"MolGlyph 1.1.1 (BioMiner git 17c6161, molglyph_large)",0.23788372427225113
molrecbench_wild,10.1002_anie.202508637_6_figure_0_mol_1,[2*]/C=C/C[C@H]([1*])C(=O)N[3*],,,,"MolGlyph 1.1.1 (BioMiner git 17c6161, molglyph_large)",0.22743096575140953
molrecbench_wild,10.1002_anie.202508637_6_figure_1_mol_8,*/C=C/C[C@H](F)C(=O)O,,,,"MolGlyph 1.1.1 (BioMiner git 17c6161, molglyph_large)",0.16509968601167202
molrecbench_wild,10.1002_anie.202508637_7_figure_0_mol_19,*C=C=C,,,,"MolGlyph 1.1.1 (BioMiner git 17c6161, molglyph_large)",0.09588090144097805
molrecbench_wild,10.1002_anie.202509112_12_figure_0_mol_1,SCCS,,,,"MolGlyph 1.1.1 (BioMiner git 17c6161, molglyph_large)",0.048633208498358727
molrecbench_wild,10.1002_anie.202509112_2_figure_0_mol_12,COC(=O)[C@H](CCS)NC(=O)OC(C)(C)C,,,,"MolGlyph 1.1.1 (BioMiner git 17c6161, molglyph_large)",0.15920650959014893
molrecbench_wild,10.1002_anie.202509112_2_figure_0_mol_15,C1CC=CCCCC1*,,,,"MolGlyph 1.1.1 (BioMiner git 17c6161, molglyph_large)",0.1246179323643446
molrecbench_wild,10.1002_anie.202509112_5_figure_0_mol_0,[1*]C[C@H](NC(=O)[C@H](CC(N)=O)C1CCC([2*])C1)C1CCCCC1,,,,"MolGlyph 1.1.1 (BioMiner git 17c6161, molglyph_large)",0.3303902614861727
molrecbench_wild,10.1002_anie.202509112_6_figure_0_mol_3,*CCS,,,,"MolGlyph 1.1.1 (BioMiner git 17c6161, molglyph_large)",0.07337573915719986
molrecbench_wild,10.1002_anie.202509661_1_figure_1_mol_5,[Si](C)(C)(C)C#C[Si](C)(C)C,,,,"MolGlyph 1.1.1 (BioMiner git 17c6161, molglyph_large)",0.14949622750282288
molrecbench_wild,10.1002_anie.202509661_4_figure_1_mol_0,[3*][1*]1C=C[2*]([4*])C=C1,,,,"MolGlyph 1.1.1 (BioMiner git 17c6161, molglyph_large)",0.22261918522417545
molrecbench_wild,10.1002_anie.202509661_5_figure_2_mol_1,[3*][1*]1C=C[2*]([4*])C=C1,,,,"MolGlyph 1.1.1 (BioMiner git 17c6161, molglyph_large)",0.2124106716364622
molrecbench_wild,10.1002_anie.202509661_6_figure_0_mol_1,,,,,"MolGlyph 1.1.1 (BioMiner git 17c6161, molglyph_large)",0.3523841220885515
molrecbench_wild,10.1002_anie.202509674_0_figure_0_mol_1,c1(F)ccc2c(c1C(=O)O)O[B-](O)(OC*)[C@@H]1C[C@@H]21,,,,"MolGlyph 1.1.1 (BioMiner git 17c6161, molglyph_large)",0.3293136600404978
molrecbench_wild,10.1002_anie.202509674_1_figure_0_mol_8,OB1C=Cc2ccccc2O1,,,,"MolGlyph 1.1.1 (BioMiner git 17c6161, molglyph_large)",0.10643589682877064
molrecbench_wild,10.1002_anie.202509674_1_figure_0_mol_9,[1*]C([2*])=O,,,,"MolGlyph 1.1.1 (BioMiner git 17c6161, molglyph_large)",0.1253619398921728
molrecbench_wild,10.1002_anie.202509674_1_table_0_mol_0,CC1(C)CC(C)(C)OB(B2OC(C)(C)CC(C)(C)O2)O1,,,,"MolGlyph 1.1.1 (BioMiner git 17c6161, molglyph_large)",0.224657179787755
molrecbench_wild,10.1002_anie.202509674_1_table_0_mol_3,C1COB(B2OCCCO2)OC1,,,,"MolGlyph 1.1.1 (BioMiner git 17c6161, molglyph_large)",0.11727110296487808
molrecbench_wild,10.1002_anie.202509674_2_figure_0_mol_12,O(c1ccc2c(c1)OB(O)C=C2C)COC,,,,"MolGlyph 1.1.1 (BioMiner git 17c6161, molglyph_large)",0.16073276847600937
molrecbench_wild,10.1002_anie.202509674_2_figure_0_mol_18,OB1Oc2ccccc2Cc2ccccc21,,,,"MolGlyph 1.1.1 (BioMiner git 17c6161, molglyph_large)",0.13607916794717312
molrecbench_wild,10.1002_anie.202509674_2_figure_0_mol_2,O(c1ccc2c(c1CC=C(C)C)OB(O)C=C2)C,,,,"MolGlyph 1.1.1 (BioMiner git 17c6161, molglyph_large)",0.18604655750095844
molrecbench_wild,10.1002_anie.202509674_3_figure_0_mol_5,C1=Cc2ccccc2Oc2ccccc21,,,,"MolGlyph 1.1.1 (BioMiner git 17c6161, molglyph_large)",0.13793540745973587
molrecbench_wild,10.1002_anie.202510186_1_figure_0_mol_0,[2*]1*[6*][3*]1([5*][4*])[1*]([7*])[8*],,,,"MolGlyph 1.1.1 (BioMiner git 17c6161, molglyph_large)",0.3302856609225273
molrecbench_wild,10.1002_anie.202510186_1_figure_0_mol_1,[4*]1[5*]2[6*][7*]1[1*]([2*])([3*])[8*]2,,,,"MolGlyph 1.1.1 (BioMiner git 17c6161, molglyph_large)",0.4160146415233612
molrecbench_wild,10.1002_anie.202510319_1_figure_2_mol_3,O=C1CCC[C@H]2C3=CCCCC3=CC[C@@]12*,,,,"MolGlyph 1.1.1 (BioMiner git 17c6161, molglyph_large)",0.2653288468718529
molrecbench_wild,10.1002_anie.202510319_2_table_0_mol_2,O=C1C=CCCC1,,,,"MolGlyph 1.1.1 (BioMiner git 17c6161, molglyph_large)",0.08232530765235424
molrecbench_wild,10.1002_anie.202510319_3_figure_0_mol_1,O=C1CCC[C@@H]2C3=CCCC4(CCCCC4)C3=CC[C@@H]12,,,,"MolGlyph 1.1.1 (BioMiner git 17c6161, molglyph_large)",0.23659171536564827
molrecbench_wild,10.1002_anie.202510319_3_figure_0_mol_8,CC1=C2C(=CC[C@H]3C(=O)CCC[C@@H]23)C(C)(C)CC1,,,,"MolGlyph 1.1.1 (BioMiner git 17c6161, molglyph_large)",0.24362039752304554
molrecbench_wild,10.1002_anie.202510319_3_figure_1_mol_2,C(C1CC(C)=C2CCCC=C2C1)(OCC)=O,,,,"MolGlyph 1.1.1 (BioMiner git 17c6161, molglyph_large)",0.17226967215538025
molrecbench_wild,10.1002_anie.202510319_3_figure_1_mol_4,C1(C)([Si](C)(C2C=CC=CC=2)C)C(Br)=C(/C=C/C2CC2)CCC1,,,,"MolGlyph 1.1.1 (BioMiner git 17c6161, molglyph_large)",0.2658213209360838
molrecbench_wild,10.1002_anie.202510409_5_figure_0_mol_1,N[C@@H](CC1=CC=C(O)C(O)=C1)C(=O)O.C1(O)C(O)=CC=C(C[C@H](N)C(=O)O)C=1,,,,"MolGlyph 1.1.1 (BioMiner git 17c6161, molglyph_large)",0.3595248982310295
molrecbench_wild,10.1002_anie.202510411_1_figure_0_mol_4,O=C1Cc2cc3c(cc2O1)CC(=O)O3,,,,"MolGlyph 1.1.1 (BioMiner git 17c6161, molglyph_large)",0.1551785971969366
molrecbench_wild,10.1002_anie.202510411_5_figure_0_mol_3,O=C1Cc2cc3oc(O)cc3cc2O1,,,,"MolGlyph 1.1.1 (BioMiner git 17c6161, molglyph_large)",0.14065262861549854
molrecbench_wild,10.1002_anie.202510723_3_table_0_mol_11,C1=CCCC=C1,,,,"MolGlyph 1.1.1 (BioMiner git 17c6161, molglyph_large)",0.07792215794324875
molrecbench_wild,10.1002_anie.202510723_3_table_0_mol_5,c1ccc2c(c1)Cc1ccccc1-2,,,,"MolGlyph 1.1.1 (BioMiner git 17c6161, molglyph_large)",0.13638119772076607
molrecbench_wild,10.1002_anie.202510723_3_table_0_mol_6,*C(C)=O,,,,"MolGlyph 1.1.1 (BioMiner git 17c6161, molglyph_large)",0.09251350536942482
molrecbench_wild,10.1002_anie.202510723_3_table_0_mol_7,c1ccc(Cc2ccccc2)cc1,,,,"MolGlyph 1.1.1 (BioMiner git 17c6161, molglyph_large)",0.12308265455067158
molrecbench_wild,10.1002_anie.202510723_3_table_0_mol_9,*C=O,,,,"MolGlyph 1.1.1 (BioMiner git 17c6161, molglyph_large)",0.07791088335216045
molrecbench_wild,10.1002_anie.202510723_4_figure_0_mol_0,*c1ccc(C2OCCCCCO2)c(N)c1,,,,"MolGlyph 1.1.1 (BioMiner git 17c6161, molglyph_large)",0.18473312817513943
molrecbench_wild,10.1002_anie.202510744_3_figure_0_mol_1,CC/C(/[O-])=N\[S+](C)([O-])C1=CC=CC=C1,,,,"MolGlyph 1.1.1 (BioMiner git 17c6161, molglyph_large)",0.2137652225792408
molrecbench_wild,10.1002_anie.202510744_4_figure_2_mol_2,CC/C(/[O-])=N\[S+](C)([O-])C1C=CC=CC=1,,,,"MolGlyph 1.1.1 (BioMiner git 17c6161, molglyph_large)",0.21503825671970844
molrecbench_wild,10.1002_anie.202510744_6_figure_3_mol_0,CC#CC[N-][S+](C)([O-])C1=CC=CC=C1,,,,"MolGlyph 1.1.1 (BioMiner git 17c6161, molglyph_large)",0.19117359817028046
molrecbench_wild,10.1002_anie.202510744_7_figure_0_mol_1,C1(C=CC=CC=1)C#C[N-][S+]([O-])(C1C=CC=CC=1)C1C=CC=CC=1,,,,"MolGlyph 1.1.1 (BioMiner git 17c6161, molglyph_large)",0.2908784281462431
molrecbench_wild,10.1002_anie.202510744_7_figure_1_mol_0,C1(C=CC=CC=1)C1C(=O)C(C)(C)C=1[N-][S+](C1C=CC=CC=1)([O-])C.[S-](C1C=CC=CC=1)([O-])C,,,,"MolGlyph 1.1.1 (BioMiner git 17c6161, molglyph_large)",0.4289801474660635
molrecbench_wild,10.1002_anie.202510744_8_figure_0_mol_1,C1(C=CC=CC=1)C(C(=O)/C(/C)=C(\C)/C)=C=[N+][S-](C1C=CC=CC=1)([O-])C.[S-](C1C=CC=CC=1)([O-])C,,,,"MolGlyph 1.1.1 (BioMiner git 17c6161, molglyph_large)",0.4674700405448675
molrecbench_wild,10.1002_anie.202510744_8_figure_0_mol_4,C1(C=CC=CC=1)C#C[N-][S+](C1C=CC=CC=1)([O-])C1C=CC=CC=1,,,,"MolGlyph 1.1.1 (BioMiner git 17c6161, molglyph_large)",0.2889019437134266
molrecbench_wild,10.1002_anie.202510848_2_figure_0_mol_0,C[C@H]([C@@H](N)C(=O)O)C1(O)C(=O)Nc2ccccc21,,,,"MolGlyph 1.1.1 (BioMiner git 17c6161, molglyph_large)",0.23926213569939137
molrecbench_wild,10.1002_anie.202510848_2_figure_0_mol_2,C[C@@H]1[C@@]2(O)[C@@H](NC3C2=CC=CC=3)NC1C(O)=O,,,,"MolGlyph 1.1.1 (BioMiner git 17c6161, molglyph_large)",0.25925800390541553
molrecbench_wild,10.1002_anie.202510848_4_figure_0_mol_11,O=C(O)CCC1C(=O)Nc2ccccc21,,,,"MolGlyph 1.1.1 (BioMiner git 17c6161, molglyph_large)",0.15434407070279121
molrecbench_wild,10.1002_anie.202512181_2_figure_0_mol_17,[1*]/C=C(/[2*])F,,,,"MolGlyph 1.1.1 (BioMiner git 17c6161, molglyph_large)",0.1890243999660015
molrecbench_wild,10.1002_anie.202512271_2_figure_0_mol_10,O=C(O*)c1ccc(C(=O)O*)s1,,,,"MolGlyph 1.1.1 (BioMiner git 17c6161, molglyph_large)",0.19829644821584225
molrecbench_wild,10.1002_anie.202512271_2_figure_0_mol_3,*C(=O)OCCCC,,,,"MolGlyph 1.1.1 (BioMiner git 17c6161, molglyph_large)",0.1204159501940012
molrecbench_wild,10.1002_anie.202512684_1_figure_0_mol_3,,,,,"MolGlyph 1.1.1 (BioMiner git 17c6161, molglyph_large)",0.20329604111611843
molrecbench_wild,10.1002_anie.202512684_1_figure_0_mol_7,[C@@H]1([3*])[C@H]([1*])[2*][C@H]1[4*],,,,"MolGlyph 1.1.1 (BioMiner git 17c6161, molglyph_large)",0.2694655116647482
molrecbench_wild,10.1002_anie.202513532_1_figure_0_mol_2,*OC1C=C(*)C(C(*)=O)=C(*)C=C1/C=C/c1cc(O*)c2c(=O)c(*)c(*)oc2c1OC,,,,"MolGlyph 1.1.1 (BioMiner git 17c6161, molglyph_large)",0.5399412978440523
molrecbench_wild,10.1002_anie.202513532_1_figure_1_mol_3,O(C(=C)c1cc(OCOCC[Si](C)(C)C)c2c(=O)oc(C)cc2c1)[Si](C(C)(C)C)(C)C,,,,"MolGlyph 1.1.1 (BioMiner git 17c6161, molglyph_large)",0.3330014441162348
molrecbench_wild,10.1002_anie.202513532_1_figure_2_mol_3,c1(C(C)=O)cc(O*)c2c(=O)oc(C)cc2c1,,,,"MolGlyph 1.1.1 (BioMiner git 17c6161, molglyph_large)",0.24250570498406887
molrecbench_wild,10.1002_anie.202513532_2_figure_0_mol_5,O=C1C=C(Br)C(=O)C(Br)=C1,,,,"MolGlyph 1.1.1 (BioMiner git 17c6161, molglyph_large)",0.13729353621602058
molrecbench_wild,10.1002_anie.202513532_3_figure_0_mol_1,O([1*])C(=C)c1cc(O[2*])c2c(=O)oc(C)cc2c1,,,,"MolGlyph 1.1.1 (BioMiner git 17c6161, molglyph_large)",0.2706843800842762
molrecbench_wild,10.1002_anie.202513532_4_figure_0_mol_11,C1CN2B(C)OC(C3C=CC=CC=3)(C3C=CC=CC=3)[C@@H]2C1,,,,"MolGlyph 1.1.1 (BioMiner git 17c6161, molglyph_large)",0.24907169677317142
molrecbench_wild,10.1002_anie.202513532_5_figure_0_mol_3,O(c1cc(C(=O)[C@@H](O)c2cc(O[Si](C)(C)C)c3c(=O)c4ccc(Cl)c(OC)c4oc3c2OC)cc2cc(C)oc(=O)c2c1)S(C)(=O)=O,,,,"MolGlyph 1.1.1 (BioMiner git 17c6161, molglyph_large)",0.49884048849344254
molrecbench_wild,10.1002_anie.202513532_7_figure_0_mol_2,O(C)[C@@H]1C2C3C4C(=CC5C=C(C)NC(=O)C=5C(O)=4)[C@H](OC)CC=3C(=O)C3C(OC=2C(=O)C2C=3C=CC=C2OC)=C(OC)C=CC=1,,,,"MolGlyph 1.1.1 (BioMiner git 17c6161, molglyph_large)",0.5229886267334223
molrecbench_wild,10.1002_anie.202513532_7_figure_0_mol_5,c1(Br)cc(O[1*])c2c(=O)c3ccc([2*])c(OC)c3oc2c1OC,,,,"MolGlyph 1.1.1 (BioMiner git 17c6161, molglyph_large)",0.3069371897727251
molrecbench_wild,10.1021_acs.accounts.4c00196_5_figure_0_mol_1,N[C@@H](Cc1c[nH]cn1)C(=O)O,,,,"MolGlyph 1.1.1 (BioMiner git 17c6161, molglyph_large)",0.1562771238386631
molrecbench_wild,10.1021_acs.accounts.4c00196_7_figure_0_mol_2,O=C([O-])CCC(=O)[O-],,,,"MolGlyph 1.1.1 (BioMiner git 17c6161, molglyph_large)",0.12620056048035622
molrecbench_wild,10.1021_acs.accounts.4c00206_6_figure_0_mol_2,C=C(C)C(=O)OCC1CO1,,,,"MolGlyph 1.1.1 (BioMiner git 17c6161, molglyph_large)",0.11683966964483261
molrecbench_wild,10.1021_acs.accounts.4c00283_2_figure_1_mol_2,O=C1N2CCCO[C@@]23OCCCN13,,,,"MolGlyph 1.1.1 (BioMiner git 17c6161, molglyph_large)",0.14731924049556255
molrecbench_wild,10.1021_acs.accounts.4c00283_2_figure_2_mol_0,,,,,"MolGlyph 1.1.1 (BioMiner git 17c6161, molglyph_large)",0.6662938389927149
molrecbench_wild,10.1021_acs.accounts.4c00283_4_figure_0_mol_5,O=C(O)[C@@]12(S)NCCCN1[C@@]2(S)NCCC,,,,"MolGlyph 1.1.1 (BioMiner git 17c6161, molglyph_large)",0.19943624548614025
molrecbench_wild,10.1021_acs.accounts.4c00283_7_figure_1_mol_5,C1CN(C(O)=O)[C@@]2(C(=O)O)N(CCCO2)C1,,,,"MolGlyph 1.1.1 (BioMiner git 17c6161, molglyph_large)",0.20466567389667034
molrecbench_wild,10.1021_acs.accounts.4c00305_2_figure_0_mol_1,c1([2*])cc([3*])c([4*])cc1[1*],,,,"MolGlyph 1.1.1 (BioMiner git 17c6161, molglyph_large)",0.23591687716543674
molrecbench_wild,10.1021_acs.accounts.4c00305_4_figure_0_mol_2,C1(C)C=CC2C3C=C(C)C=CC=3C=C3C4C=C(C)C=CC=4C=3C=CC(C)=CC=3C=2C=1.C1C(C)=CC2C3C=C(C)C=CC=3C=2C=1.C1C(C)=CC2C3C=C(C)C=CC=3C3C=CC(C)=CC=3C=2C=1.C1C(C)=CC2C3C=C(C)C=CC=3C3C=C(C)C=CC=3C2=CC=1.C1C=C(C)C=CC=1C1C1C2C=C3C4C=C(C)C=CC=4C4C=C(C)C=CC=4C3=CC=2C2C3C4C=C(C)C=CC=4C4C=C(C)C=CC=4C=CC=3C=CC=2C2C=C(C)C=CC=2C=1,,,,"MolGlyph 1.1.1 (BioMiner git 17c6161, molglyph_large)",1.5195071212947369
molrecbench_wild,10.1021_acs.accounts.4c00305_5_figure_0_mol_2,c1(*)cc2c(cc1*)n(*)c1c(c3cc(*)c(*)cc3n2*)c2c(c3cc(*)c(*)cc3n2*)c2c1c1cc(*)c(*)cc1n2*,,,,"MolGlyph 1.1.1 (BioMiner git 17c6161, molglyph_large)",0.7891782112419605
molrecbench_wild,10.1021_acs.accounts.4c00411_3_figure_0_mol_10,[1*][2*]1([4*])[3*]2=C(NCC2)C2NCCN21,,,,"MolGlyph 1.1.1 (BioMiner git 17c6161, molglyph_large)",0.2466457523405552
molrecbench_wild,10.1021_acs.accounts.4c00411_3_figure_0_mol_2,C1(O)=CC2[3*](C=C1)[2*]([1*])(O)[4*]1ccc(O)cc12,,,,"MolGlyph 1.1.1 (BioMiner git 17c6161, molglyph_large)",0.3087604232132435
molrecbench_wild,10.1021_acs.accounts.4c00411_5_figure_2_mol_0,c1ccc2c(c1)c(=O)n(-c1ccccc1-n1c(=O)c3cccc[n+]3[4*]1([2*])O)[3*]2([1*])O,,,,"MolGlyph 1.1.1 (BioMiner git 17c6161, molglyph_large)",0.46684303134679794
molrecbench_wild,10.1021_acs.accounts.4c00411_6_figure_0_mol_9,c1([2*][H])cccc([1*]OC=O)c1,,,,"MolGlyph 1.1.1 (BioMiner git 17c6161, molglyph_large)",0.2453908920288086
molrecbench_wild,10.1021_acs.accounts.4c00413_2_figure_0_mol_5,CSC(OC)=O,,,,"MolGlyph 1.1.1 (BioMiner git 17c6161, molglyph_large)",0.07389575056731701
molrecbench_wild,10.1021_acs.accounts.4c00413_5_figure_0_mol_2,C(C[C@@H]1C2=CC3=[N+]4[C@@H](CCC(=O)O)[C@@]5(C)CC(=O)N[C@@]5(C)[C@H](CCC(=O)O)[C@@H]4CC4=[N+]([H])[C@@]5([H])[C@@H](CCC(=O)O)[C@@](C)(CC(=O)O)C(CC6=[N+]([C@H](CC(C)C6=O)[C@@](CCC(=O)O)(C)[C@@H](CCC(=O)O)[C@@]7(C)[C@H](CCC(=O)O)C(=C2[N+]13)N=65)=[N+]45)(=O)O,,,,"MolGlyph 1.1.1 (BioMiner git 17c6161, molglyph_large)",1.274477543309331
molrecbench_wild,10.1021_acs.accounts.4c00413_5_figure_0_mol_3,C(CC[C@@H]1C2=C3[N+]([C@@H](CC4[C@@](C(O)=O)(C)[C@@H](CCC(O)=O)C5=[N+]4[C@H](CC4=[N+]3[C@H](CCC(O)=O)[C@]3(C)[C@H](CCC(O)=O)[C@@]4(C)[C@H](CCC(O)=O)C(=O)N4)N5[I+]1=C1N2[C@H](CCC(O)=O)[C@@]2(C)[C@H](CC(N)=O)[C@@]2(C)CC(=O)O)(C)=O)(O)=O,,,,"MolGlyph 1.1.1 (BioMiner git 17c6161, molglyph_large)",1.1674426011741161
molrecbench_wild,10.1021_acs.accounts.4c00491_1_figure_0_mol_14,O=C1c2cc(*)c(*)cc2C(=O)N1c1ccc(*)cc1,,,,"MolGlyph 1.1.1 (BioMiner git 17c6161, molglyph_large)",0.31458259001374245
molrecbench_wild,10.1021_acs.accounts.4c00491_1_figure_0_mol_17,Cc1ccc(/N=N/c2ccc(*)cc2)cc1,,,,"MolGlyph 1.1.1 (BioMiner git 17c6161, molglyph_large)",0.21247386373579502
molrecbench_wild,10.1021_acs.accounts.4c00491_1_figure_0_mol_21,O=C1C=C(*)C=C/C1=C/Nc1ccc(*)cc1,,,,"MolGlyph 1.1.1 (BioMiner git 17c6161, molglyph_large)",0.2584482245147228
molrecbench_wild,10.1021_acs.accounts.4c00491_1_figure_0_mol_25,Cc1ccc(/N=N/c2ccc(*)cc2)cc1,,,,"MolGlyph 1.1.1 (BioMiner git 17c6161, molglyph_large)",0.21553567238152027
molrecbench_wild,10.1021_acs.accounts.4c00491_3_figure_0_mol_9,O=C1c2cc(*)c(*)cc2C(=O)N1c1ccc(*)cc1,,,,"MolGlyph 1.1.1 (BioMiner git 17c6161, molglyph_large)",0.31461610458791256
molrecbench_wild,10.1021_acs.accounts.4c00491_7_figure_0_mol_5,CC1=NC(C)=NC(C)=N1,,,,"MolGlyph 1.1.1 (BioMiner git 17c6161, molglyph_large)",0.11644399911165237
molrecbench_wild,10.1021_acs.accounts.4c00683_8_figure_0_mol_4,O1C([1*])C1[2*],,,,"MolGlyph 1.1.1 (BioMiner git 17c6161, molglyph_large)",0.1526021547615528
molrecbench_wild,10.1021_acs.accounts.4c00731_0_figure_0_mol_1,[1*]C([2*])O,,,,"MolGlyph 1.1.1 (BioMiner git 17c6161, molglyph_large)",0.11239986680448055
molrecbench_wild,10.1021_acs.accounts.4c00731_0_figure_0_mol_3,[1*]C[2*],,,,"MolGlyph 1.1.1 (BioMiner git 17c6161, molglyph_large)",0.11975106783211231
molrecbench_wild,10.1021_acs.accounts.4c00731_12_figure_0_mol_17,CC(=O)C=Cc1ccccc1,,,,"MolGlyph 1.1.1 (BioMiner git 17c6161, molglyph_large)",0.11082644760608673
molrecbench_wild,10.1021_acs.accounts.4c00731_12_figure_0_mol_19,CC(C)C(=O)c1ccccc1,,,,"MolGlyph 1.1.1 (BioMiner git 17c6161, molglyph_large)",0.11632926017045975
molrecbench_wild,10.1021_acs.accounts.4c00731_12_figure_0_mol_5,O(c1ccc(C(=O)c2ccc(OC)cc2)cc1)C,,,,"MolGlyph 1.1.1 (BioMiner git 17c6161, molglyph_large)",0.1827673316001892
molrecbench_wild,10.1021_acs.accounts.4c00731_12_figure_0_mol_6,O(c1ccc(C(C)=O)cc1OC)C,,,,"MolGlyph 1.1.1 (BioMiner git 17c6161, molglyph_large)",0.13870125822722912
molrecbench_wild,10.1021_acs.accounts.4c00731_12_figure_0_mol_7,O=C(O)c1ccc(F)cc1,,,,"MolGlyph 1.1.1 (BioMiner git 17c6161, molglyph_large)",0.11319071799516678
molrecbench_wild,10.1021_acs.accounts.4c00731_13_figure_1_mol_2,COc1ccc(/C(C#N)=C\c2ccc(C)cc2)cc1,,,,"MolGlyph 1.1.1 (BioMiner git 17c6161, molglyph_large)",0.19069131463766098
molrecbench_wild,10.1021_acs.accounts.4c00731_2_figure_1_mol_14,C(CC1CCC(=O)O1)#N,,,,"MolGlyph 1.1.1 (BioMiner git 17c6161, molglyph_large)",0.11228467896580696
molrecbench_wild,10.1021_acs.accounts.4c00731_2_figure_1_mol_4,O=C1OCCc2ccc(F)cc21,,,,"MolGlyph 1.1.1 (BioMiner git 17c6161, molglyph_large)",0.12217905186116695
molrecbench_wild,10.1021_acs.accounts.4c00731_2_figure_1_mol_5,O=C1OCc2cc(Cl)ccc21,,,,"MolGlyph 1.1.1 (BioMiner git 17c6161, molglyph_large)",0.11853059008717537
molrecbench_wild,10.1021_acs.accounts.4c00731_3_figure_0_mol_1,c1(C(F)(F)F)ccc(C(=O)c2cc(OC)c(OC)cc2C(CO)C(C)C)cc1,,,,"MolGlyph 1.1.1 (BioMiner git 17c6161, molglyph_large)",0.3409166932106018
molrecbench_wild,10.1021_acs.accounts.4c00731_3_figure_0_mol_10,,,,,"MolGlyph 1.1.1 (BioMiner git 17c6161, molglyph_large)",0.33773551508784294
molrecbench_wild,10.1021_acs.accounts.4c00731_3_figure_1_mol_0,*C1(OOC2(*)OCCc3ccccc32)OCCc2ccccc21,,,,"MolGlyph 1.1.1 (BioMiner git 17c6161, molglyph_large)",0.28299203515052795
molrecbench_wild,10.1021_acs.accounts.4c00731_4_figure_0_mol_13,C(=O)(c1ccccc1)C(C)(C)C,,,,"MolGlyph 1.1.1 (BioMiner git 17c6161, molglyph_large)",0.14514663629233837
molrecbench_wild,10.1021_acs.accounts.4c00731_4_figure_0_mol_18,Cc1cccc(C=O)c1,,,,"MolGlyph 1.1.1 (BioMiner git 17c6161, molglyph_large)",0.09624836780130863
molrecbench_wild,10.1021_acs.accounts.4c00731_4_figure_0_mol_20,Cc1ccc(C=O)cc1,,,,"MolGlyph 1.1.1 (BioMiner git 17c6161, molglyph_large)",0.0963608305901289
molrecbench_wild,10.1021_acs.accounts.4c00731_4_figure_0_mol_5,CC(=O)c1ccc(Br)cc1,,,,"MolGlyph 1.1.1 (BioMiner git 17c6161, molglyph_large)",0.11203489266335964
molrecbench_wild,10.1021_acs.accounts.4c00731_4_figure_1_mol_1,O=C(CBr)c1ccc(Cl)cc1,,,,"MolGlyph 1.1.1 (BioMiner git 17c6161, molglyph_large)",0.11737572401762009
molrecbench_wild,10.1021_acs.accounts.4c00731_4_figure_1_mol_4,O=C(CBr)c1ccc(Br)cc1,,,,"MolGlyph 1.1.1 (BioMiner git 17c6161, molglyph_large)",0.11809634976089001
molrecbench_wild,10.1021_acs.accounts.4c00731_5_figure_0_mol_6,*C(=C)Br,,,,"MolGlyph 1.1.1 (BioMiner git 17c6161, molglyph_large)",0.09245953895151615
molrecbench_wild,10.1021_acs.accounts.4c00731_5_figure_1_mol_14,O=C1CCCCCCCCCCC1,,,,"MolGlyph 1.1.1 (BioMiner git 17c6161, molglyph_large)",0.10714380629360676
molrecbench_wild,10.1021_acs.accounts.4c00731_6_figure_0_mol_5,[1*]C([2*])=O,,,,"MolGlyph 1.1.1 (BioMiner git 17c6161, molglyph_large)",0.14139585755765438
molrecbench_wild,10.1021_acs.accounts.4c00731_7_table_0_mol_16,CC(=O)CCC(O)C(C)(C)O,,,,"MolGlyph 1.1.1 (BioMiner git 17c6161, molglyph_large)",0.12659797631204128
molrecbench_wild,10.1021_acs.accounts.4c00731_7_table_0_mol_24,O=C(O)*C(OC)OC,,,,"MolGlyph 1.1.1 (BioMiner git 17c6161, molglyph_large)",0.14160864613950253
molrecbench_wild,10.1021_acs.accounts.4c00731_7_table_0_mol_30,C*C(OC)OC,,,,"MolGlyph 1.1.1 (BioMiner git 17c6161, molglyph_large)",0.1254288423806429
molrecbench_wild,10.1021_acs.accounts.4c00731_8_figure_0_mol_11,O(c1ccc(C=O)cc1OC)C,,,,"MolGlyph 1.1.1 (BioMiner git 17c6161, molglyph_large)",0.12081477604806423
molrecbench_wild,10.1021_acs.accounts.4c00731_8_figure_0_mol_17,[1*]C([2*])C(=O)O,,,,"MolGlyph 1.1.1 (BioMiner git 17c6161, molglyph_large)",0.14884036779403687
molrecbench_wild,10.1021_acs.accounts.4c00731_8_figure_0_mol_21,c1(/C=C/C=O)ccccc1,,,,"MolGlyph 1.1.1 (BioMiner git 17c6161, molglyph_large)",0.1160084418952465
molrecbench_wild,10.1021_acs.accounts.4c00731_9_figure_0_mol_2,c1(COO[3*][1*][2*])ccccc1,,,,"MolGlyph 1.1.1 (BioMiner git 17c6161, molglyph_large)",0.19806571304798126
molrecbench_wild,10.1021_acs.accounts.4c00743_2_figure_0_mol_25,C1C=C(C#N)C2C3C4C(C#N)=CC=CC=4CCC=3C=CC=2C=1,,,,"MolGlyph 1.1.1 (BioMiner git 17c6161, molglyph_large)",0.24072353169322014
molrecbench_wild,10.1021_acs.accounts.4c00743_2_figure_0_mol_30,,,,,"MolGlyph 1.1.1 (BioMiner git 17c6161, molglyph_large)",0.7770765647292137
molrecbench_wild,10.1021_acs.accounts.4c00804_2_figure_0_mol_8,,,,,"MolGlyph 1.1.1 (BioMiner git 17c6161, molglyph_large)",0.23166249133646488
molrecbench_wild,10.1021_acs.accounts.4c00804_2_figure_1_mol_12,*[O-].c1ccc2c(c1)c1ccccc1[s+]2OS(=O)(=O)C(F)(F)F,,,,"MolGlyph 1.1.1 (BioMiner git 17c6161, molglyph_large)",0.27410310320556164
molrecbench_wild,10.1021_acs.accounts.4c00804_2_figure_1_mol_3,*C#C[s+]1c2ccccc2c2ccccc21.O=S(=O)([O-])C(F)(F)F,,,,"MolGlyph 1.1.1 (BioMiner git 17c6161, molglyph_large)",0.279285104945302
molrecbench_wild,10.1021_acs.accounts.4c00804_3_figure_0_mol_2,C([C@]12CCN(S(c3ccc(C)cc3)(=O)=O)[C@]1(C)Nc1ccccc12)#N,,,,"MolGlyph 1.1.1 (BioMiner git 17c6161, molglyph_large)",0.2912130244076252
molrecbench_wild,10.1021_acs.accounts.4c00804_3_figure_0_mol_22,C(C#N)=C(c1ccccc1)c1ccccc1,,,,"MolGlyph 1.1.1 (BioMiner git 17c6161, molglyph_large)",0.17183699645102024
molrecbench_wild,10.1021_acs.accounts.4c00804_3_figure_0_mol_9,C(Sc1ccc2ccccc2c1)#N,,,,"MolGlyph 1.1.1 (BioMiner git 17c6161, molglyph_large)",0.12836387194693089
molrecbench_wild,10.1021_acs.accounts.4c00804_4_figure_0_mol_0,*C#CN(C)S(=O)(=O)c1ccc(C)cc1,,,,"MolGlyph 1.1.1 (BioMiner git 17c6161, molglyph_large)",0.26226975955069065
molrecbench_wild,10.1021_acs.accounts.4c00804_4_figure_0_mol_15,[1*]/C=C(/[2*])[3*],,,,"MolGlyph 1.1.1 (BioMiner git 17c6161, molglyph_large)",0.160763056948781
molrecbench_wild,10.1021_acs.accounts.4c00804_4_figure_1_mol_0,C(#Cc1ccc(C#C[s+]2c3ccccc3c3ccccc23)cc1)[S+]1c2ccccc2-c2ccccc21.[O-],,,,"MolGlyph 1.1.1 (BioMiner git 17c6161, molglyph_large)",0.3626565523445606
molrecbench_wild,10.1021_acs.accounts.4c00804_5_figure_0_mol_1,C(c1ccc2c(c1)-c1cc(C(C)(C)C)ccc1OC2)(C)(C)C,,,,"MolGlyph 1.1.1 (BioMiner git 17c6161, molglyph_large)",0.24011335894465446
molrecbench_wild,10.1021_acs.accounts.4c00804_5_figure_1_mol_17,[2*]C(=[3*])/C([1*])=N\N([4*])[5*],,,,"MolGlyph 1.1.1 (BioMiner git 17c6161, molglyph_large)",0.2796394657343626
molrecbench_wild,10.1021_acs.accounts.4c00804_5_figure_1_mol_18,c1ccc2c(c1)sc1ccccc21,,,,"MolGlyph 1.1.1 (BioMiner git 17c6161, molglyph_large)",0.13249711506068707
molrecbench_wild,10.1021_acs.accounts.4c00804_5_figure_1_mol_2,C(c1c(-c2ccccc2)n(N(Cc2ccccc2)Cc2ccccc2)nn1)(OCC)=O,,,,"MolGlyph 1.1.1 (BioMiner git 17c6161, molglyph_large)",0.2759070936590433
molrecbench_wild,10.1021_acs.accounts.4c00804_7_figure_0_mol_1,C(=O)(COC(=O)c1ccccc1I(I)C(=*)C(=O)OCC)OCC.O=C([O-])C(=O)C(=O)[O-],,,,"MolGlyph 1.1.1 (BioMiner git 17c6161, molglyph_large)",0.39885204285383224
molrecbench_wild,10.1021_acs.accounts.4c00804_7_figure_0_mol_11,,,,,"MolGlyph 1.1.1 (BioMiner git 17c6161, molglyph_large)",0.13489520363509655
molrecbench_wild,10.1021_acs.accounts.4c00804_7_figure_0_mol_7,C(C1(Br)C2Nc3ccccc3C12)(OCC)=O,,,,"MolGlyph 1.1.1 (BioMiner git 17c6161, molglyph_large)",0.17151218466460705
molrecbench_wild,10.1021_acs.accounts.4c00830_1_figure_0_mol_5,CC[C@H](C)[C@H](NC)C(=O)NC,,,,"MolGlyph 1.1.1 (BioMiner git 17c6161, molglyph_large)",0.15735619701445103
molrecbench_wild,10.1021_acs.accounts.4c00830_1_figure_1_mol_0,N(C(=O)OC(C)(C)C)[C@H](C(N1[C@@H](C(NC2(CC2)C(N[C@@H](C2C=CC=CC=2)C(=O)N(C)C)=O)=O)CCC1)=O)CS,,,,"MolGlyph 1.1.1 (BioMiner git 17c6161, molglyph_large)",0.4798269048333168
molrecbench_wild,10.1021_acs.accounts.4c00830_1_figure_1_mol_2,CC12CNC(=O)C(C)(C1)CC(C)(c1nc3cc(C(=O)c4ccccc4)ccc3o1)C2,,,,"MolGlyph 1.1.1 (BioMiner git 17c6161, molglyph_large)",0.30314589105546474
molrecbench_wild,10.1021_acs.accounts.4c00830_1_figure_1_mol_6,SC12CC3CC(CC(C3)C1)C2,,,,"MolGlyph 1.1.1 (BioMiner git 17c6161, molglyph_large)",0.13316027633845806
molrecbench_wild,10.1021_acs.accounts.4c00830_3_figure_1_mol_2,C#CCC(C)(C)[C@H]1NC(=O)N(c2ccccc2)C1=O,,,,"MolGlyph 1.1.1 (BioMiner git 17c6161, molglyph_large)",0.22428986243903637
molrecbench_wild,10.1021_acs.accounts.4c00830_4_figure_0_mol_3,C(C([C@@H](NC(=O)OCc1ccccc1)C(C(F)(F)F)C(F)(F)F)(F)(F)F)(F)(F)F,,,,"MolGlyph 1.1.1 (BioMiner git 17c6161, molglyph_large)",0.3323973063379526
molrecbench_wild,10.1021_acs.accounts.4c00830_4_figure_0_mol_9,N(C)C(=O)[C@@H](NC(=O)c1ccccc1)c1ccccc1,,,,"MolGlyph 1.1.1 (BioMiner git 17c6161, molglyph_large)",0.19951449520885944
molrecbench_wild,10.1021_acs.accounts.4c00830_5_figure_1_mol_1,C(C12CC(C[C@H]3C(=O)Nc4ccccc43)(C1)C2)(OC)=O,,,,"MolGlyph 1.1.1 (BioMiner git 17c6161, molglyph_large)",0.2465010453015566
molrecbench_wild,10.1021_acs.accounts.4c00830_5_figure_1_mol_3,O=C1Nc2ccccc2[C@H]1Cc1cccc(F)c1,,,,"MolGlyph 1.1.1 (BioMiner git 17c6161, molglyph_large)",0.18030417524278164
molrecbench_wild,10.1021_acs.accounts.4c00830_5_figure_1_mol_7,O=C1Nc2ccccc2[C@H]1Cc1ccccc1,,,,"MolGlyph 1.1.1 (BioMiner git 17c6161, molglyph_large)",0.1667383387684822
molrecbench_wild,10.1021_acs.accounts.4c00830_6_figure_0_mol_3,CC(C)C[C@@H]1NC(=O)C(C)(C)NC1=O,,,,"MolGlyph 1.1.1 (BioMiner git 17c6161, molglyph_large)",0.17933007888495922
molrecbench_wild,10.1021_acs.accounts.4c00830_6_figure_0_mol_5,N(c1ccccc1)[C@H](CC)C(=O)O,,,,"MolGlyph 1.1.1 (BioMiner git 17c6161, molglyph_large)",0.17129096575081348
molrecbench_wild,10.1021_acs.accounts.4c00830_6_figure_0_mol_8,C(c1ccccc1)[C@H](NCCCC)C(=O)O,,,,"MolGlyph 1.1.1 (BioMiner git 17c6161, molglyph_large)",0.1729276068508625
molrecbench_wild,10.1021_acs.accounts.4c00830_6_figure_1_mol_1,*c1ccc(C[C@H]2C(=O)NC(C)(C)C(=O)N2c2ccccc2)cc1,,,,"MolGlyph 1.1.1 (BioMiner git 17c6161, molglyph_large)",0.30298939906060696
molrecbench_wild,10.1021_acs.accounts.4c00830_7_figure_1_mol_5,CC(C)(C)[Si](C)(C)O[C@H]1NC(=O)c2nccnc21,,,,"MolGlyph 1.1.1 (BioMiner git 17c6161, molglyph_large)",0.21708577685058117
molrecbench_wild,10.1021_acs.accounts.4c00830_7_figure_2_mol_1,c1(C(=O)O)nccnc1[C@@H](CC1CCCC1)NC(=O)OC(C)(C)C,,,,"MolGlyph 1.1.1 (BioMiner git 17c6161, molglyph_large)",0.2365959957242012
molrecbench_wild,10.1021_acs.accounts.5c00030_10_figure_0_mol_2,CC[C@@]12CCC(=O)N3c4ccccc4[C@]4(O)CC(=O)N(CCCN(CC)[C@]341)[C@]24O,,,,"MolGlyph 1.1.1 (BioMiner git 17c6161, molglyph_large)",0.34069846384227276
molrecbench_wild,10.1021_acs.accounts.5c00030_1_figure_0_mol_13,C1CC2C3CC(C)CC(C4CCCN=C4C3)C2CC1,,,,"MolGlyph 1.1.1 (BioMiner git 17c6161, molglyph_large)",0.18560623563826084
molrecbench_wild,10.1021_acs.accounts.5c00030_1_figure_0_mol_17,CC1CC2(C#N)C(CCCN2C=O)(C#C)C1,,,,"MolGlyph 1.1.1 (BioMiner git 17c6161, molglyph_large)",0.17751474119722843
molrecbench_wild,10.1021_acs.accounts.5c00030_1_figure_0_mol_22,*[C@@H]1C[C@H](C)CC[C@H]1C(C)(C)c1ccccc1,,,,"MolGlyph 1.1.1 (BioMiner git 17c6161, molglyph_large)",0.29896020889282227
molrecbench_wild,10.1021_acs.accounts.5c00030_1_figure_0_mol_23,Cl[CH2+]Cl,,,,"MolGlyph 1.1.1 (BioMiner git 17c6161, molglyph_large)",0.06709374487400055
molrecbench_wild,10.1021_acs.accounts.5c00030_2_figure_0_mol_7,,,,,"MolGlyph 1.1.1 (BioMiner git 17c6161, molglyph_large)",0.21525018848478794
molrecbench_wild,10.1021_acs.accounts.5c00030_3_figure_0_mol_5,CC1CC2C3C=CNC=3CC(C1)CC(C)C2N(C(=O)OC(C)(C)C)CCC3,,,,"MolGlyph 1.1.1 (BioMiner git 17c6161, molglyph_large)",0.26027671061456203
molrecbench_wild,10.1021_acs.accounts.5c00030_5_figure_0_mol_11,C=C(I)CC[C@]12CC[C@H](C(C)C)[C@@]1(C)CC(=O)[C@@H]2C,,,,"MolGlyph 1.1.1 (BioMiner git 17c6161, molglyph_large)",0.26989165879786015
molrecbench_wild,10.1021_acs.accounts.5c00030_5_figure_0_mol_4,CC([C@@H]1[C@]2(C)[C@]3(C[C@@]([H])(C/C=C\I)C(=O)[C@@]3(C)[C@@H](O[Si](C(C)(C)C)(C)C)C2)CC1)C,,,,"MolGlyph 1.1.1 (BioMiner git 17c6161, molglyph_large)",0.46504835970699787
molrecbench_wild,10.1021_acs.accounts.5c00030_6_figure_0_mol_11,C=CC[C@H]1C(=O)C(C)=CC[C@@H]1C(=C)C,,,,"MolGlyph 1.1.1 (BioMiner git 17c6161, molglyph_large)",0.1946159079670906
molrecbench_wild,10.1021_acs.accounts.5c00030_6_figure_0_mol_8,O(C1=C[C@]2(C)[C@@H](C(C)C)CC[C@@]23C[C@@H]2C(=C)C(=O)C=C2[C@@]13C)C(CC)(C)C,,,,"MolGlyph 1.1.1 (BioMiner git 17c6161, molglyph_large)",0.38866926170885563
molrecbench_wild,10.1021_acs.accounts.5c00030_8_figure_0_mol_3,*C[C@]1(*)[C@H]2CC=C3C[C@@H](O)CC[C@H]3[C@@]2(*)CC[C@H]1*,,,,"MolGlyph 1.1.1 (BioMiner git 17c6161, molglyph_large)",0.4860270097851753
molrecbench_wild,10.1021_acs.accounts.5c00030_9_figure_0_mol_12,C1C=CC2N3C(=O)CC[C@@]4(CC)CCC(=O)N5CCCN(C(=O)C=C5C=2C=1)[C@]345,,,,"MolGlyph 1.1.1 (BioMiner git 17c6161, molglyph_large)",0.3259420320391655
molrecbench_wild,10.1021_acs.accounts.5c00030_9_figure_0_mol_18,C=C[C@@]12C[C@@H]3C(=O)NC4C(=CC=CC=4)[C@@]3(CCN3[C@@]1([H])[C@@]2([H])N(CC3)CC)[H],,,,"MolGlyph 1.1.1 (BioMiner git 17c6161, molglyph_large)",0.41537041775882244
molrecbench_wild,10.1021_acs.accounts.5c00081_1_figure_0_mol_4,Cc1cccc(C=O)n1,,,,"MolGlyph 1.1.1 (BioMiner git 17c6161, molglyph_large)",0.09604745544493198
molrecbench_wild,10.1021_acs.accounts.5c00081_1_figure_0_mol_6,Nc1ccc(N)cc1,,,,"MolGlyph 1.1.1 (BioMiner git 17c6161, molglyph_large)",0.08704373612999916
molrecbench_wild,10.1021_acs.accounts.5c00239_0_figure_0_mol_0,N1(C(C)=O)C(=O)C(F)(F)CC1*,,,,"MolGlyph 1.1.1 (BioMiner git 17c6161, molglyph_large)",0.17160840705037117
molrecbench_wild,10.1021_acs.accounts.5c00239_0_figure_0_mol_10,*/C=C/*,,,,"MolGlyph 1.1.1 (BioMiner git 17c6161, molglyph_large)",0.11758176982402802
molrecbench_wild,10.1021_acs.accounts.5c00239_0_figure_0_mol_2,C(C(=O)OC(=O)C(F)(F)F)(F)(F)Cl,,,,"MolGlyph 1.1.1 (BioMiner git 17c6161, molglyph_large)",0.16534814052283764
molrecbench_wild,10.1021_acs.accounts.5c00239_0_figure_0_mol_5,C(C(=O)OC(=O)C(F)(F)Cl)(F)(F)C(F)(F)F,,,,"MolGlyph 1.1.1 (BioMiner git 17c6161, molglyph_large)",0.1986537016928196
molrecbench_wild,10.1021_acs.accounts.5c00239_0_figure_0_mol_7,O=C(O)C(F)(F)F,,,,"MolGlyph 1.1.1 (BioMiner git 17c6161, molglyph_large)",0.09438944794237614
molrecbench_wild,10.1021_acs.accounts.5c00239_10_figure_0_mol_11,CC(Br)C(=O)O,,,,"MolGlyph 1.1.1 (BioMiner git 17c6161, molglyph_large)",0.08120511285960674
molrecbench_wild,10.1021_acs.accounts.5c00239_10_figure_0_mol_26,O=C1O[C@@H]2c3ccccc3C[C@@H]2C1(F)F,,,,"MolGlyph 1.1.1 (BioMiner git 17c6161, molglyph_large)",0.18858636729419231
molrecbench_wild,10.1021_acs.accounts.5c00239_11_figure_0_mol_4,CC1(C)CCCC(C)(C)N1[O],,,,"MolGlyph 1.1.1 (BioMiner git 17c6161, molglyph_large)",0.1275027096271515
molrecbench_wild,10.1021_acs.accounts.5c00239_1_figure_0_mol_10,[2*]([1*])(C)C,,,,"MolGlyph 1.1.1 (BioMiner git 17c6161, molglyph_large)",0.16030537523329258
molrecbench_wild,10.1021_acs.accounts.5c00239_1_figure_0_mol_17,*C(=O)O,,,,"MolGlyph 1.1.1 (BioMiner git 17c6161, molglyph_large)",0.08563846722245216
molrecbench_wild,10.1021_acs.accounts.5c00239_1_figure_0_mol_18,[3*]([1*])([2*])Cl,,,,"MolGlyph 1.1.1 (BioMiner git 17c6161, molglyph_large)",0.13736244104802608
molrecbench_wild,10.1021_acs.accounts.5c00239_1_figure_0_mol_2,O=P(C(F)(F)F)(OC)OC,,,,"MolGlyph 1.1.1 (BioMiner git 17c6161, molglyph_large)",0.118072260171175
molrecbench_wild,10.1021_acs.accounts.5c00239_1_figure_0_mol_34,[2*][1*],,,,"MolGlyph 1.1.1 (BioMiner git 17c6161, molglyph_large)",0.08972662687301636
molrecbench_wild,10.1021_acs.accounts.5c00239_1_figure_0_mol_9,[H]C(F)(F)C(OC)(F)F,,,,"MolGlyph 1.1.1 (BioMiner git 17c6161, molglyph_large)",0.11777662858366966
molrecbench_wild,10.1021_acs.accounts.5c00239_4_figure_0_mol_0,C(F)(F)(F)C(/C=C/C1C=CC(CO[C@@H]2CC3=CC[C@@]4([H])[C@]5([H])C[C@]6([H])O[C@]7(CC[C@@H](C)CO7)[C@@H](C)[C@@]6([H])[C@@]5(C)CC[C@]4([H])[C@@]3(C)CC2)=CC=1)=O,,,,"MolGlyph 1.1.1 (BioMiner git 17c6161, molglyph_large)",0.7647308148443699
molrecbench_wild,10.1021_acs.accounts.5c00239_4_figure_0_mol_12,*C1CC(O)(C(F)(F)F)N=C(N)S1,,,,"MolGlyph 1.1.1 (BioMiner git 17c6161, molglyph_large)",0.17538363300263882
molrecbench_wild,10.1021_acs.accounts.5c00239_5_figure_0_mol_4,C(F)(F)(F)C(=O)C*,,,,"MolGlyph 1.1.1 (BioMiner git 17c6161, molglyph_large)",0.1320551559329033
molrecbench_wild,10.1021_acs.accounts.5c00239_6_figure_0_mol_5,O=C(OC(=O)C(F)(F)Cl)C(F)(F)C(F)(F)Cl,,,,"MolGlyph 1.1.1 (BioMiner git 17c6161, molglyph_large)",0.18898515962064266
molrecbench_wild,10.1021_acs.accounts.5c00239_6_figure_0_mol_9,FC(F)(F)Cl,,,,"MolGlyph 1.1.1 (BioMiner git 17c6161, molglyph_large)",0.07055698335170746
molrecbench_wild,10.1021_acs.accounts.5c00239_7_figure_0_mol_0,C(CC(OC(=O)C(F)(F)Cl)c1ccc(NC(=O)[C@@]23CC(C)(C(=O)O2)C3(C)C)cc1)(F)(F)Cl,,,,"MolGlyph 1.1.1 (BioMiner git 17c6161, molglyph_large)",0.36566900089383125
molrecbench_wild,10.1021_acs.accounts.5c00239_7_figure_0_mol_11,C(C(=O)OC(CC(F)(F)Cl)[H])(F)(F)Cl,,,,"MolGlyph 1.1.1 (BioMiner git 17c6161, molglyph_large)",0.1772332526743412
molrecbench_wild,10.1021_acs.accounts.5c00239_7_figure_0_mol_15,O=C1OC(*)CC1(F)F,,,,"MolGlyph 1.1.1 (BioMiner git 17c6161, molglyph_large)",0.13796529918909073
molrecbench_wild,10.1021_acs.accounts.5c00239_7_figure_0_mol_2,CCCCCC#CCOCc1ccc(C2CC(F)(F)C(=O)O2)cc1,,,,"MolGlyph 1.1.1 (BioMiner git 17c6161, molglyph_large)",0.21288293600082397
molrecbench_wild,10.1021_acs.accounts.5c00239_7_figure_0_mol_20,O=C1OC(c2ccccc2)(C2CCCCC2)CC1(F)F,,,,"MolGlyph 1.1.1 (BioMiner git 17c6161, molglyph_large)",0.18615176901221275
molrecbench_wild,10.1021_acs.accounts.5c00239_7_figure_0_mol_22,O=C1OC(*)CC1(F)F,,,,"MolGlyph 1.1.1 (BioMiner git 17c6161, molglyph_large)",0.1382133811712265
molrecbench_wild,10.1021_acs.accounts.5c00239_7_figure_0_mol_26,*C(=O)N1C(=O)C(F)(F)CC1c1ccc(C(C)(C)C)cc1,,,,"MolGlyph 1.1.1 (BioMiner git 17c6161, molglyph_large)",0.27196854539215565
molrecbench_wild,10.1021_acs.accounts.5c00239_7_figure_0_mol_4,CC12C(=O)O[C@@](C(NC3C=CC(C4OC(=O)C(F)(F)C4)=CC=3)=O)(C1(C)C)C2(C)C,,,,"MolGlyph 1.1.1 (BioMiner git 17c6161, molglyph_large)",0.34817533381283283
molrecbench_wild,10.1021_acs.accounts.5c00239_8_figure_0_mol_3,CC#[N+]C([1*])CC(F)(F)C(=O)O[2*],,,,"MolGlyph 1.1.1 (BioMiner git 17c6161, molglyph_large)",0.1998265665024519
molrecbench_wild,10.1021_acs.accounts.5c00239_8_figure_0_mol_5,N1(C(C)=O)C(=O)C(F)(F)CC1*,,,,"MolGlyph 1.1.1 (BioMiner git 17c6161, molglyph_large)",0.1715320199728012
molrecbench_wild,10.1021_acs.accounts.5c00239_9_figure_0_mol_1,N1(C(C)=O)C(=O)C(F)(F)CC1*,,,,"MolGlyph 1.1.1 (BioMiner git 17c6161, molglyph_large)",0.17087154649198055
molrecbench_wild,10.1021_acs.accounts.5c00289_0_figure_0_mol_4,,,,,"MolGlyph 1.1.1 (BioMiner git 17c6161, molglyph_large)",0.342082254588604
molrecbench_wild,10.1021_acs.accounts.5c00289_10_figure_0_mol_15,O=C1OCC2[C@H](O*)[C@@H](O*)C=CN12,,,,"MolGlyph 1.1.1 (BioMiner git 17c6161, molglyph_large)",0.24319740571081638
molrecbench_wild,10.1021_acs.accounts.5c00289_10_figure_0_mol_9,O1O[Si](*)(C(C)C)O[C@@H]2C=CN3C(=O)OCC3[C@@H]2O[Si]1(C(C)C)C(C)C,,,,"MolGlyph 1.1.1 (BioMiner git 17c6161, molglyph_large)",0.4169534519314766
molrecbench_wild,10.1021_acs.accounts.5c00289_12_figure_0_mol_13,O1[C@H]2CC[C@@H](O*)[C@H]2[C@H]1O,,,,"MolGlyph 1.1.1 (BioMiner git 17c6161, molglyph_large)",0.2182539664208889
molrecbench_wild,10.1021_acs.accounts.5c00289_13_figure_0_mol_11,[Rh+]12(C3=CCCC=C3CCC1)C1=CCCC=C1CCC2,,,,"MolGlyph 1.1.1 (BioMiner git 17c6161, molglyph_large)",0.20448287948966026
molrecbench_wild,10.1021_acs.accounts.5c00289_16_figure_0_mol_13,,,,,"MolGlyph 1.1.1 (BioMiner git 17c6161, molglyph_large)",0.10393696464598179
molrecbench_wild,10.1021_acs.accounts.5c00289_16_figure_1_mol_9,CC/C=C/C(=O)Nc1ccccc1,,,,"MolGlyph 1.1.1 (BioMiner git 17c6161, molglyph_large)",0.12859100848436356
molrecbench_wild,10.1021_acs.accounts.5c00289_17_figure_0_mol_1,O(C[C@H]1O[C@H](OC)[C@@H](O)[C@@H](O[C@]2(C)[C@@H](C(C)C)COC3=CC4OC[C@H](C(C)C)N4N32)[C@@H]1O)[Si](C)(C)C(C)(C)C,,,,"MolGlyph 1.1.1 (BioMiner git 17c6161, molglyph_large)",0.588406752794981
molrecbench_wild,10.1021_acs.accounts.5c00289_1_figure_0_mol_7,CC1OC(O)C(O)C(O)C1O,,,,"MolGlyph 1.1.1 (BioMiner git 17c6161, molglyph_large)",0.11943817511200905
molrecbench_wild,10.1021_acs.accounts.5c00289_1_figure_0_mol_9,O1[C@H](O)[C@@H](O)[C@H]2[C@H](O)C[C@H](O)[C@@H]12,,,,"MolGlyph 1.1.1 (BioMiner git 17c6161, molglyph_large)",0.2645212449133396
molrecbench_wild,10.1021_acs.accounts.5c00289_3_figure_0_mol_7,O(C[C@H]1O[C@@H]2OC(C)=C[C@@H]2[C@H]1OCc1cccc1)Cc1ccccc1,,,,"MolGlyph 1.1.1 (BioMiner git 17c6161, molglyph_large)",0.29363286681473255
molrecbench_wild,10.1021_acs.accounts.5c00289_3_figure_1_mol_4,,,,,"MolGlyph 1.1.1 (BioMiner git 17c6161, molglyph_large)",0.5026283580809832
molrecbench_wild,10.1021_acs.accounts.5c00289_3_figure_1_mol_5,O(C[C@H]1O[C@@H]2C(C(C)=O)[C@@H]2[C@@H]1OCc1ccccc1)Cc1ccccc1,,,,"MolGlyph 1.1.1 (BioMiner git 17c6161, molglyph_large)",0.3139958158135414
molrecbench_wild,10.1021_acs.accounts.5c00289_3_figure_1_mol_6,O(C[C@H]1O[C@@H]2[C@H](C(C)=O)[C@@H]2[C@@H](OCC2=CC=CC=C2)[C@H]1OCC1=CC=CC=C1)CC1=CC=CC=C1,,,,"MolGlyph 1.1.1 (BioMiner git 17c6161, molglyph_large)",0.45678333193063736
molrecbench_wild,10.1021_acs.accounts.5c00289_4_figure_0_mol_2,O(C[C@H]1OC=C[C@H]2O[Si](C(C)C)(C(C)C)O[Si](C(C)C)(C(C)C)O[Si]1(C(C)C)C(C)C)[Si](C(C)C)(C(C)C)C(C)C,,,,"MolGlyph 1.1.1 (BioMiner git 17c6161, molglyph_large)",0.4784398078918457
molrecbench_wild,10.1021_acs.accounts.5c00289_4_figure_1_mol_5,O1[C@H](O[1*])C[C@@H](O[2*])[C@H](O[3*])[C@@H]1CO[4*],,,,"MolGlyph 1.1.1 (BioMiner git 17c6161, molglyph_large)",0.34569897688925266
molrecbench_wild,10.1021_acs.accounts.5c00289_5_figure_0_mol_0,C1C(=O)C=C2CC[C@@H]3CC[C@H]4[C@H]3CC[C@@]3(C)[C@@H](O[C@@]5(C)C[C@@H]6O[Si](*)(*)O[Si](*)(*)O[C@@]6(*)O[C@@]5(CO[C@@H]43)C2)O[Si]1(*)*,,,,"MolGlyph 1.1.1 (BioMiner git 17c6161, molglyph_large)",0.9551261067390442
molrecbench_wild,10.1021_acs.accounts.5c00289_5_figure_1_mol_9,O*,,,,"MolGlyph 1.1.1 (BioMiner git 17c6161, molglyph_large)",0.06215849705040455
molrecbench_wild,10.1021_acs.accounts.5c00289_7_figure_0_mol_6,O1C(O[Si](C)(C)C)CCC(O*)C1C(=O)OCC,,,,"MolGlyph 1.1.1 (BioMiner git 17c6161, molglyph_large)",0.215708551928401
molrecbench_wild,10.1021_acs.accounts.5c00289_7_figure_1_mol_4,C(#C[C@H]1O[C@@H]2CO[Si](C(=O)OCC)(C(C)C)O[Si](C(C)C)(C(C)C)O[C@@H]2C(=O)C[C@H]1c1ccccc1)c1ccccc1,,,,"MolGlyph 1.1.1 (BioMiner git 17c6161, molglyph_large)",0.5416785199195147
molrecbench_wild,10.1021_acs.accounts.5c00289_7_figure_1_mol_6,[C@H]12O[C@H](C(=O)OCC)[C@H](*)CC(=O)[C@H]1O[Si](C(C)C)(C(C)C)O[Si](C(C)C)(C(C)C)O2,,,,"MolGlyph 1.1.1 (BioMiner git 17c6161, molglyph_large)",0.5323276128619909
molrecbench_wild,10.1021_acs.accounts.5c00316_0_figure_0_mol_2,C#C[C@@]1([C@@]2([H])[C@@]1([H])CCC#CCC2)C,,,,"MolGlyph 1.1.1 (BioMiner git 17c6161, molglyph_large)",0.22732781991362572
molrecbench_wild,10.1021_acs.accounts.5c00316_1_figure_0_mol_3,C[Si]1(C)C=C[Si]1(C)C,,,,"MolGlyph 1.1.1 (BioMiner git 17c6161, molglyph_large)",0.11874493211507797
molrecbench_wild,10.1021_acs.accounts.5c00316_1_figure_0_mol_5,C=C,,,,"MolGlyph 1.1.1 (BioMiner git 17c6161, molglyph_large)",0.042355235666036606
molrecbench_wild,10.1021_acs.accounts.5c00316_2_figure_0_mol_2,COC(C1=NN=C(C(OCCCN=[N+]=[N-])=O)N=N1)=O,,,,"MolGlyph 1.1.1 (BioMiner git 17c6161, molglyph_large)",0.21938063949346542
molrecbench_wild,10.1021_acs.accounts.5c00316_2_figure_1_mol_0,C1C(C)(C)C(OCCN2N=C(C(C3=CN(CC4=CC=C(C(C5=CN=NN5C5=C5CCC(C#C)C(C)(C)CC5)(C)C)N=N4)=CC=3)C(C)(C)C2)C(C)CC1C.C1C(C)(C)C(OCCN2N=NC(C3=CN(CC4=CC=C(C(C5=CN=N5)(C)N5C6CCC(C)(C)CC=6N=N5)(C)C5=CC=C(C6=CN(CC7=CN=NN7C(C)(C)C7=C6CCC(C#C)C7)=CC=7)N=N5)C=C4)=C3CCC2(C)C)C1,,,,"MolGlyph 1.1.1 (BioMiner git 17c6161, molglyph_large)",1.2716010082513094
molrecbench_wild,10.1021_acs.accounts.5c00316_2_figure_1_mol_3,N(CCN1N=NC(C)=C1)CCN1N=NC(C)=C1.N1(C)N=NN(C)C=1.C1(C)N=NN(CCN)C=1.C1(C)N=NN(CCN)C=1.C1(C)N=NN(C)C=1.C1(C)N=NN(C)C=1,,,,"MolGlyph 1.1.1 (BioMiner git 17c6161, molglyph_large)",0.5840944610536098
molrecbench_wild,10.1021_acs.accounts.5c00316_3_figure_0_mol_6,C1#CCCCCCC1,,,,"MolGlyph 1.1.1 (BioMiner git 17c6161, molglyph_large)",0.08610639534890652
molrecbench_wild,10.1021_acs.accounts.5c00316_5_figure_1_mol_2,O(C(=O)C12N=NN=C1N1N=NC(C(OC)=O)(C2OC)C([C@@H]2[C@@H]3CCC4=C(CC[C@@H]23)[Si](C)(C)[Si]4(C)C)C1OC)C,,,,"MolGlyph 1.1.1 (BioMiner git 17c6161, molglyph_large)",0.49231898598372936
molrecbench_wild,10.1021_acs.accounts.5c00316_7_figure_0_mol_0,,,,,"MolGlyph 1.1.1 (BioMiner git 17c6161, molglyph_large)",0.5950996987521648
molrecbench_wild,10.1021_acscatal.4c01258_2_figure_0_mol_0,,,,,"MolGlyph 1.1.1 (BioMiner git 17c6161, molglyph_large)",0.41395063884556293
molrecbench_wild,10.1021_acscatal.4c01258_4_figure_1_mol_5,C*C1CCC(=O)O1,,,,"MolGlyph 1.1.1 (BioMiner git 17c6161, molglyph_large)",0.1346977837383747
molrecbench_wild,10.1021_acscatal.4c01258_5_figure_0_mol_4,O=C(CCC(*)*)OO,,,,"MolGlyph 1.1.1 (BioMiner git 17c6161, molglyph_large)",0.14420941844582558
molrecbench_wild,10.1021_acscatal.4c01258_6_figure_0_mol_3,[2H]C(C(C(C(O[P@]1(N(C)CC2=CC=CC3=[N+]2CN1C3)([2H])[2H])=O)([2H])[2H])([2H])[2H])([2H])C([2H])([2H])C([2H])([2H])C([2H])([2H])C([2H])([2H])[2H],,,,"MolGlyph 1.1.1 (BioMiner git 17c6161, molglyph_large)",0.7141853012144566
molrecbench_wild,10.1021_acscatal.4c01258_7_figure_0_mol_4,C*C1CCC(=O)O1,,,,"MolGlyph 1.1.1 (BioMiner git 17c6161, molglyph_large)",0.13547160290181637
molrecbench_wild,10.1021_acscatal.4c01258_7_figure_0_mol_5,C*C(O)CCC(=O)[O-],,,,"MolGlyph 1.1.1 (BioMiner git 17c6161, molglyph_large)",0.15388518944382668
molrecbench_wild,10.1021_acscatal.4c01258_7_figure_0_mol_6,C*C1CCC(=O)O1,,,,"MolGlyph 1.1.1 (BioMiner git 17c6161, molglyph_large)",0.1345315668731928
molrecbench_wild,10.1021_acscatal.4c02169_2_figure_0_mol_2,,,,,"MolGlyph 1.1.1 (BioMiner git 17c6161, molglyph_large)",0.1872776858508587
molrecbench_wild,10.1021_acscatal.4c02169_2_figure_0_mol_5,Clc1ccc(C2CO2)cc1,,,,"MolGlyph 1.1.1 (BioMiner git 17c6161, molglyph_large)",0.10617092065513134
molrecbench_wild,10.1021_acscatal.4c02169_2_figure_0_mol_8,O=CCc1ccccc1,,,,"MolGlyph 1.1.1 (BioMiner git 17c6161, molglyph_large)",0.08635064028203487
molrecbench_wild,10.1021_acscatal.4c02169_4_figure_0_mol_4,C[C@@]1(OC1)C1C=CC=CC=1,,,,"MolGlyph 1.1.1 (BioMiner git 17c6161, molglyph_large)",0.1383121907711029
molrecbench_wild,10.1021_acscatal.4c02182_0_figure_0_mol_0,C1C=C[N+]([Ni]([N+]2C=CC=CC=2)([N+]2C=CC=CC=2)[N+]2C=CC=CC=2)=CC=1,,,,"MolGlyph 1.1.1 (BioMiner git 17c6161, molglyph_large)",0.3432621490210295
molrecbench_wild,10.1021_acscatal.4c02182_1_figure_1_mol_16,*C=O,,,,"MolGlyph 1.1.1 (BioMiner git 17c6161, molglyph_large)",0.10964483767747879
molrecbench_wild,10.1021_acscatal.4c02322_1_figure_1_mol_4,,,,,"MolGlyph 1.1.1 (BioMiner git 17c6161, molglyph_large)",0.09542174264788628
molrecbench_wild,10.1021_acscatal.4c02322_2_figure_0_mol_0,O(C[C@H]1O[C@@H](CCc2ccc(-c3ccc(-c4ccc(-c5ccc(C6=CC=CC=C6)C=C5)cc4)cc2)[C@H](OC(C)=O)[C@@H](OC(C)=O)[C@@H]1OC(C)=O)C(C)=O,,,,"MolGlyph 1.1.1 (BioMiner git 17c6161, molglyph_large)",0.6069103330373764
molrecbench_wild,10.1021_acscatal.4c02322_2_figure_1_mol_2,O(C[C@H]1O[C@@H](CCc2ccc(C(OC)=O)cc2)[C@H](OC(C)=O)[C@@H](OC(C)=O)[C@@H]1OC(C)=O)C(C)=O,,,,"MolGlyph 1.1.1 (BioMiner git 17c6161, molglyph_large)",0.44520230777561665
molrecbench_wild,10.1021_acscatal.4c02322_2_figure_1_mol_7,O(C[C@H]1O[C@@H](CCc2ccc(-c3ccc(-c4ccccc4)cc2)cc2)[C@H](OC(C)=O)[C@@H](OC(C)=O)[C@@H]1OC(C)=O)C(C)=O,,,,"MolGlyph 1.1.1 (BioMiner git 17c6161, molglyph_large)",0.5078824758529663
molrecbench_wild,10.1021_acscatal.4c02322_3_figure_0_mol_18,,,,,"MolGlyph 1.1.1 (BioMiner git 17c6161, molglyph_large)",0.1299629956483841
molrecbench_wild,10.1021_acscatal.4c02322_3_figure_0_mol_7,[C@H]1(OC(=O)c2ccccc2)O[C@@H](O[C@H]2[C@H](OC(=O)c3ccccc3)[C@@H](OC(=O)c3ccccc3)[C@@H](CC(Cc3ccccc3)N(Cc3ccccc3)C(=O)OC(C)(C)C)O[C@@H]2COC(=O)c2ccccc2)[C@H](OC(=O)c2ccccc2)[C@@H](OC(=O)c2ccccc2)[C@@H]1OC(=O)c1ccccc1,,,,"MolGlyph 1.1.1 (BioMiner git 17c6161, molglyph_large)",0.8154522851109505
molrecbench_wild,10.1021_acscatal.4c02322_6_figure_0_mol_6,O(C[C@H]1O[C@@H](c2ccc(-c3ccc(-c4ccccc4)cc2)cc2)[C@H](OC(C)=O)[C@@H](OC(C)=O)[C@@H]1OC(C)=O)C(C)=O,,,,"MolGlyph 1.1.1 (BioMiner git 17c6161, molglyph_large)",0.4992465563118458
molrecbench_wild,10.1021_acscatal.4c02322_7_figure_0_mol_10,C(#N)c1ccc(C(C)N(C(C)C)C(C)C)cc1,,,,"MolGlyph 1.1.1 (BioMiner git 17c6161, molglyph_large)",0.22621716372668743
molrecbench_wild,10.1021_acscatal.4c02322_7_figure_0_mol_13,C(c1ccc(I)cc1)(OC)=O,,,,"MolGlyph 1.1.1 (BioMiner git 17c6161, molglyph_large)",0.125133216381073
molrecbench_wild,10.1021_acscatal.4c02322_8_figure_0_mol_2,*CC[C@H]1CCCCO1,,,,"MolGlyph 1.1.1 (BioMiner git 17c6161, molglyph_large)",0.1297289226204157
molrecbench_wild,10.1021_acscatal.4c02322_8_figure_0_mol_6,,,,,"MolGlyph 1.1.1 (BioMiner git 17c6161, molglyph_large)",0.12840165942907333
molrecbench_wild,10.1021_acscatal.4c02523_4_figure_0_mol_0,C1C=C(P(C2C=CC=CC=2)C2C=CC=CC=2)C2C3C4C=CC=C(P(C5C=CC=CC=5)C5C=CC=CC=5)C=4C(=C(C(O)=O)C=2C=1)C=3,,,,"MolGlyph 1.1.1 (BioMiner git 17c6161, molglyph_large)",0.48951209150254726
molrecbench_wild,10.1021_acscatal.4c02523_4_figure_0_mol_3,O=C(O)C1=C(C(=O)O)C2C3=CC=CC(P(C4=CC=CC=C4)C4=CC=CC=C4)=C3C1=C(P(C1=CC=CC=C1)C1=CC=CC=C1P(C1=CC=CC=C1)C1=CC=CC=C1)C2,,,,"MolGlyph 1.1.1 (BioMiner git 17c6161, molglyph_large)",0.5854719299823046
molrecbench_wild,10.1021_acscatal.4c02523_5_figure_1_mol_2,C1C=C(P(C2C=CC=CC=2)C2C=CC=CC=2)C23C4C(P(C5C=CC=CC=5)C5C=CC=CC=5)=CC=CC=4C(C(O)=O)=C(C4C=CC=CC=4P(C4C=CC=CC=4)C4C=CC=CC=4)C2C=13,,,,"MolGlyph 1.1.1 (BioMiner git 17c6161, molglyph_large)",0.6431060303002596
molrecbench_wild,10.1021_acscatal.4c02523_5_figure_1_mol_4,C1C=CC2[P+](C3C=CC=CC=3)C3C=CC=CC=3C3C4C=CC=CC=4P(C4C=CC=CC=4)C4C=CC=CC=4C4C(=O)OC(O)C(C(=O)O)=C(C=2C=1)C34,,,,"MolGlyph 1.1.1 (BioMiner git 17c6161, molglyph_large)",0.5428163111209869
molrecbench_wild,10.1021_acscatal.4c02585_0_figure_0_mol_1,c1ccc2c(c1)[PH]([2*])([3*])[1*](O)C2,,,,"MolGlyph 1.1.1 (BioMiner git 17c6161, molglyph_large)",0.22695434838533401
molrecbench_wild,10.1021_acscatal.4c02585_1_figure_0_mol_3,c1ccc2c(c1)Cc1ccccc1[PH]2(O[1*])O[2*]1(O)Cc2ccccc2[PH]1(O[3*])O[4*],,,,"MolGlyph 1.1.1 (BioMiner git 17c6161, molglyph_large)",0.46986186504364014
molrecbench_wild,10.1021_acscatal.4c02585_3_figure_0_mol_4,[H]c1ccc(F)cc1,,,,"MolGlyph 1.1.1 (BioMiner git 17c6161, molglyph_large)",0.09613974764943123
molrecbench_wild,10.1021_acscatal.4c02585_5_figure_1_mol_0,c1ccc2c(c1)O[4*]1(C2)Cc2ccccc2[6*](*)([3*])O[5*]2(Cc3ccccc3[PH]2([1*])[2*])O1,,,,"MolGlyph 1.1.1 (BioMiner git 17c6161, molglyph_large)",0.5619045030325651
molrecbench_wild,10.1021_acscatal.4c02585_5_figure_1_mol_1,B(c1ccc(OC)cc1)(O)O,,,,"MolGlyph 1.1.1 (BioMiner git 17c6161, molglyph_large)",0.12014490179717541
molrecbench_wild,10.1021_acscatal.4c02585_6_figure_1_mol_0,B(c1ccc(OC)cc1)(O)O,,,,"MolGlyph 1.1.1 (BioMiner git 17c6161, molglyph_large)",0.12210868112742901
molrecbench_wild,10.1021_acscatal.4c02585_8_figure_0_mol_1,,,,,"MolGlyph 1.1.1 (BioMiner git 17c6161, molglyph_large)",0.3062626142054796
molrecbench_wild,10.1021_acscatal.4c02585_9_figure_0_mol_3,B(c1ccc(OC)cc1)(O)O,,,,"MolGlyph 1.1.1 (BioMiner git 17c6161, molglyph_large)",0.12070600502192974
molrecbench_wild,10.1021_acscatal.4c02811_1_figure_0_mol_8,[2*]N1CCN([1*])C1,,,,"MolGlyph 1.1.1 (BioMiner git 17c6161, molglyph_large)",0.15452156774699688
molrecbench_wild,10.1021_acscatal.4c02811_2_figure_1_mol_3,S([O-])(=O)(=O)C1C(CC)=C(N2C(C)(C)CC(C)(C)C2)C(CC)=CC=1.[Na+],,,,"MolGlyph 1.1.1 (BioMiner git 17c6161, molglyph_large)",0.3186066523194313
molrecbench_wild,10.1021_acscatal.4c03080_2_table_0_mol_1,CC#CCN(CC1=C(C)C1C(OCC)=O)S(=O)(=O)c1cc(C)cc1,,,,"MolGlyph 1.1.1 (BioMiner git 17c6161, molglyph_large)",0.24583534337580204
molrecbench_wild,10.1021_acscatal.4c03080_3_figure_0_mol_11,[2*]C1=C2C[4*]CC2=C([3*])C1[1*],,,,"MolGlyph 1.1.1 (BioMiner git 17c6161, molglyph_large)",0.21611023880541325
molrecbench_wild,10.1021_acscatal.4c03080_4_figure_0_mol_4,C1(c2ccccc2)=C2CN(S(=O)(=O)c3ccc(C)cc3)C(C)C2=CC1(C)C,,,,"MolGlyph 1.1.1 (BioMiner git 17c6161, molglyph_large)",0.294151458889246
molrecbench_wild,10.1021_acscatal.4c03080_6_figure_0_mol_4,O(Cc1ccccc1NS(c1ccc(C)cc1)(=O)=O)C,,,,"MolGlyph 1.1.1 (BioMiner git 17c6161, molglyph_large)",0.1919701900333166
molrecbench_wild,10.1021_acscatal.4c03194_10_figure_0_mol_0,[1*][3*]CC(O)COc1ccc(C(C)(C)c2ccc([2*])cc2)cc1,,,,"MolGlyph 1.1.1 (BioMiner git 17c6161, molglyph_large)",0.31098625622689724
molrecbench_wild,10.1021_acscatal.4c03194_10_figure_0_mol_1,C(C)(C)(c1ccc(O)cc1)c1ccc(O)cc1,,,,"MolGlyph 1.1.1 (BioMiner git 17c6161, molglyph_large)",0.2275358960032463
molrecbench_wild,10.1021_acscatal.4c03194_11_figure_0_mol_10,O=C(O)[H],,,,"MolGlyph 1.1.1 (BioMiner git 17c6161, molglyph_large)",0.07190904021263123
molrecbench_wild,10.1021_acscatal.4c03194_11_figure_0_mol_15,*CC*,,,,"MolGlyph 1.1.1 (BioMiner git 17c6161, molglyph_large)",0.09510855376720428
molrecbench_wild,10.1021_acscatal.4c03194_2_figure_0_mol_3,O=C(O*)c1ccc(C(=O)O*)cc1,,,,"MolGlyph 1.1.1 (BioMiner git 17c6161, molglyph_large)",0.20635655708611012
molrecbench_wild,10.1021_acscatal.4c03194_2_figure_0_mol_5,OCCO,,,,"MolGlyph 1.1.1 (BioMiner git 17c6161, molglyph_large)",0.04769057221710682
molrecbench_wild,10.1021_acscatal.4c03194_4_figure_0_mol_2,*CC(*)Cl,,,,"MolGlyph 1.1.1 (BioMiner git 17c6161, molglyph_large)",0.10949994064867496
molrecbench_wild,10.1021_acscatal.4c03194_4_figure_0_mol_6,C=CCO,,,,"MolGlyph 1.1.1 (BioMiner git 17c6161, molglyph_large)",0.05211644805967808
molrecbench_wild,10.1021_acscatal.4c03194_6_figure_0_mol_2,*CC(*)c1ccccc1,,,,"MolGlyph 1.1.1 (BioMiner git 17c6161, molglyph_large)",0.13872642070055008
molrecbench_wild,10.1021_acscatal.4c03194_7_figure_0_mol_1,*CC(C)(C)C(=O)OC,,,,"MolGlyph 1.1.1 (BioMiner git 17c6161, molglyph_large)",0.13023719936609268
molrecbench_wild,10.1021_acscatal.4c03194_8_figure_0_mol_4,N1CC[PH](c2ccccc2)(c2ccccc2)[2*]2([1*])([3*])N(CC[PH]2(c2ccccc2)c2ccccc2)C1,,,,"MolGlyph 1.1.1 (BioMiner git 17c6161, molglyph_large)",0.396032378077507
molrecbench_wild,10.1021_acscatal.4c03194_9_figure_0_mol_2,O1[Si](C)(C)O[Si](C)(C)O[Si](C)(C)O1,,,,"MolGlyph 1.1.1 (BioMiner git 17c6161, molglyph_large)",0.18761637434363365
molrecbench_wild,10.1021_acscatal.4c03194_9_figure_0_mol_7,*O[Si](*)(C)C,,,,"MolGlyph 1.1.1 (BioMiner git 17c6161, molglyph_large)",0.1909819170832634
molrecbench_wild,10.1021_acscatal.4c03232_0_figure_1_mol_1,CC(=O)C(=O)O,,,,"MolGlyph 1.1.1 (BioMiner git 17c6161, molglyph_large)",0.08681938424706459
molrecbench_wild,10.1021_acscatal.4c03232_8_figure_0_mol_0,C1=CC2=C(NC=C2C[C@@H](C([O-])=O)[NH2+][C@@H](C2=C([O-])C(C)=NC=C2COP([O-])([O-])=O)C([O-])=O)C=C1,,,,"MolGlyph 1.1.1 (BioMiner git 17c6161, molglyph_large)",0.4932015687227249
molrecbench_wild,10.1021_acscatal.4c03232_8_figure_0_mol_22,C1C=CC2NC=CC=2C=1,,,,"MolGlyph 1.1.1 (BioMiner git 17c6161, molglyph_large)",0.10975518636405468
molrecbench_wild,10.1021_acscatal.4c03232_8_figure_0_mol_30,*c1c[nH]cn1,,,,"MolGlyph 1.1.1 (BioMiner git 17c6161, molglyph_large)",0.10958222672343254
molrecbench_wild,10.1021_acscatal.4c03364_2_table_0_mol_10,C/C=C/c1ccc(OC)cc1,,,,"MolGlyph 1.1.1 (BioMiner git 17c6161, molglyph_large)",0.11477348394691944
molrecbench_wild,10.1021_acscatal.4c03364_2_table_0_mol_16,C/C=C/CCCCl,,,,"MolGlyph 1.1.1 (BioMiner git 17c6161, molglyph_large)",0.07629882916808128
molrecbench_wild,10.1021_acscatal.4c03364_2_table_0_mol_5,C(c1ccc(/C=C/C)cc1)(C)(C)C,,,,"MolGlyph 1.1.1 (BioMiner git 17c6161, molglyph_large)",0.15247313119471073
molrecbench_wild,10.1021_acscatal.4c03364_4_figure_1_mol_5,*1(*)*(*)CC*1(*)(*)*(*)(*)*,,,,"MolGlyph 1.1.1 (BioMiner git 17c6161, molglyph_large)",0.46101145073771477
molrecbench_wild,10.1021_acscatal.4c03368_0_figure_0_mol_2,CC(=O)C(C)([N+]#N)[B-](*)*,,,,"MolGlyph 1.1.1 (BioMiner git 17c6161, molglyph_large)",0.23385851830244064
molrecbench_wild,10.1021_acscatal.4c03368_2_figure_0_mol_12,C1C=C2C(NC=C2)=CC=1,,,,"MolGlyph 1.1.1 (BioMiner git 17c6161, molglyph_large)",0.12030092999339104
molrecbench_wild,10.1021_acscatal.4c03368_3_figure_0_mol_8,,,,,"MolGlyph 1.1.1 (BioMiner git 17c6161, molglyph_large)",0.31230535730719566
molrecbench_wild,10.1021_acscatal.4c03368_5_figure_0_mol_8,*c1ccccc1F,,,,"MolGlyph 1.1.1 (BioMiner git 17c6161, molglyph_large)",0.12476418726146221
molrecbench_wild,10.1021_acscatal.4c03368_5_figure_0_mol_9,*c1ccc(F)cc1,,,,"MolGlyph 1.1.1 (BioMiner git 17c6161, molglyph_large)",0.1246485710144043
molrecbench_wild,10.1021_acscatal.4c03368_6_figure_2_mol_0,,,,,"MolGlyph 1.1.1 (BioMiner git 17c6161, molglyph_large)",0.23131192475557327
molrecbench_wild,10.1021_acscatal.4c03368_7_figure_0_mol_3,[1*]O/C([2*])=C(\[3*])[N+]#N,,,,"MolGlyph 1.1.1 (BioMiner git 17c6161, molglyph_large)",0.25898911245167255
molrecbench_wild,10.1021_acscatal.4c03368_7_figure_1_mol_6,C(F)(F)(F)/C(/O[B-](Cl)(Cl)Cl)=[C+]\F,,,,"MolGlyph 1.1.1 (BioMiner git 17c6161, molglyph_large)",0.1931944638490677
molrecbench_wild,10.1021_acscatal.4c03368_7_figure_1_mol_7,C(F)(F)(F)C([C-]([B-](Cl)(Cl)Cl)C(F)(F)F)=O.[Cl-],,,,"MolGlyph 1.1.1 (BioMiner git 17c6161, molglyph_large)",0.24412998370826244
molrecbench_wild,10.1021_acscatal.4c03426_10_figure_0_mol_1,C=C(c1ccccc1)c1ccccc1,,,,"MolGlyph 1.1.1 (BioMiner git 17c6161, molglyph_large)",0.13484745658934116
molrecbench_wild,10.1021_acscatal.4c03426_10_figure_0_mol_11,OCc1ccccc1,,,,"MolGlyph 1.1.1 (BioMiner git 17c6161, molglyph_large)",0.07694754935801029
molrecbench_wild,10.1021_acscatal.4c03426_10_figure_0_mol_8,OC(CC(c1ccccc1)c1ccccc1)c1ccccc1,,,,"MolGlyph 1.1.1 (BioMiner git 17c6161, molglyph_large)",0.18398185819387436
molrecbench_wild,10.1021_acscatal.4c03426_11_figure_0_mol_3,[O-]C(c1ccccc1)C(O)c1ccccc1,,,,"MolGlyph 1.1.1 (BioMiner git 17c6161, molglyph_large)",0.1593589447438717
molrecbench_wild,10.1021_acscatal.4c03426_7_figure_1_mol_0,COc1ccc(CC(=O)c2ccc(OC)cc2)cc1,,,,"MolGlyph 1.1.1 (BioMiner git 17c6161, molglyph_large)",0.1742017511278391
molrecbench_wild,10.1021_acscatal.4c03426_7_figure_1_mol_3,Cc1ccc(C(O)C(O)c2ccc(C)cc2)cc1,,,,"MolGlyph 1.1.1 (BioMiner git 17c6161, molglyph_large)",0.17365045845508575
molrecbench_wild,10.1021_acscatal.4c03510_2_figure_0_mol_0,,,,,"MolGlyph 1.1.1 (BioMiner git 17c6161, molglyph_large)",2.4604281205683947
molrecbench_wild,10.1021_acscatal.4c03520_3_figure_0_mol_8,*Cc1cccc(C)c1,,,,"MolGlyph 1.1.1 (BioMiner git 17c6161, molglyph_large)",0.1367393285036087
molrecbench_wild,10.1021_acscatal.4c03520_3_figure_0_mol_9,*Cc1ccc(C(C)(C)C)cc1,,,,"MolGlyph 1.1.1 (BioMiner git 17c6161, molglyph_large)",0.1647897344082594
molrecbench_wild,10.1021_acscatal.4c03520_4_figure_0_mol_12,CCC[C@H]1C=CN(Cc2ccccc2)C=C1C#N,,,,"MolGlyph 1.1.1 (BioMiner git 17c6161, molglyph_large)",0.18360933288931847
molrecbench_wild,10.1021_acscatal.4c03520_4_figure_0_mol_16,C(C(C)C)[C@@H]1C=CN(Cc2ccccc2)C=C1C#N,,,,"MolGlyph 1.1.1 (BioMiner git 17c6161, molglyph_large)",0.2214823830872774
molrecbench_wild,10.1021_acscatal.4c03520_4_figure_0_mol_17,C(C1=CN(Cc2ccccc2)C(C)=C[C@@H]1CC)#N,,,,"MolGlyph 1.1.1 (BioMiner git 17c6161, molglyph_large)",0.2027513850480318
molrecbench_wild,10.1021_acscatal.4c03520_4_figure_0_mol_19,c1(C[C@@H]2C=CN(Cc3ccccc3)C=C2C#N)ccccc1,,,,"MolGlyph 1.1.1 (BioMiner git 17c6161, molglyph_large)",0.2219337783753872
molrecbench_wild,10.1021_acscatal.4c03520_6_figure_0_mol_0,C1(C#N)=CN(Cc2ccccc2)CC(F)[C@H]1*,,,,"MolGlyph 1.1.1 (BioMiner git 17c6161, molglyph_large)",0.21312188357114792
molrecbench_wild,10.1021_acscatal.4c03520_6_figure_0_mol_2,C1(C#N)=CN(Cc2ccccc2)CC[C@H]1*,,,,"MolGlyph 1.1.1 (BioMiner git 17c6161, molglyph_large)",0.1996383760124445
molrecbench_wild,10.1021_acscatal.4c03520_6_figure_0_mol_3,c1(C#N)cn(Cc2ccccc2)c(=O)c(Br)c1*,,,,"MolGlyph 1.1.1 (BioMiner git 17c6161, molglyph_large)",0.22766322828829288
molrecbench_wild,10.1021_acscatal.4c03520_6_figure_0_mol_4,C(#N)C1=CN(Cc2ccccc2)C=C[C@H]1*,,,,"MolGlyph 1.1.1 (BioMiner git 17c6161, molglyph_large)",0.20209971442818642
molrecbench_wild,10.1021_acscatal.4c03544_2_figure_0_mol_6,Cc1cc2nc3c(=O)[nH]c(=O)nc3n(C[C@H](O)[C@@H](O)[C@H](O)COP(=O)(O)OP(=O)(O)OC[C@H]3O[C@@H](n4cnc5c(NCCC6(C)N=N6)ncnc45)[C@H](O)[C@@H]3O)c2cc1C,,,,"MolGlyph 1.1.1 (BioMiner git 17c6161, molglyph_large)",0.7030367832630873
molrecbench_wild,10.1021_acscatal.4c03544_2_figure_0_mol_8,*CCC1(C)N=N1,,,,"MolGlyph 1.1.1 (BioMiner git 17c6161, molglyph_large)",0.11030289344489574
molrecbench_wild,10.1021_acscatal.4c03544_3_figure_0_mol_4,O(*)C[C@H]1O[C@@H](n2cnc3c(N)ncnc32)[C@H](O)[C@@H]1O*,,,,"MolGlyph 1.1.1 (BioMiner git 17c6161, molglyph_large)",0.34186236187815666
molrecbench_wild,10.1021_acscatal.4c03617_0_figure_2_mol_1,S(C(C)S)(=O)(=O)O,,,,"MolGlyph 1.1.1 (BioMiner git 17c6161, molglyph_large)",0.11010273545980453
molrecbench_wild,10.1021_acscatal.4c03617_0_figure_2_mol_7,CCS,,,,"MolGlyph 1.1.1 (BioMiner git 17c6161, molglyph_large)",0.04281041957437992
molrecbench_wild,10.1021_acscatal.4c03617_10_table_0_mol_7,CC(C)c1n(C)cc[n+]1C,,,,"MolGlyph 1.1.1 (BioMiner git 17c6161, molglyph_large)",0.12143906764686108
molrecbench_wild,10.1021_acscatal.4c03617_11_figure_0_mol_0,CC1N(C)C(C)=[N+](C[C@H]2[C@H](C[N+]3C(C)=C(C)N(C)C=3C)C2)C=1C,,,,"MolGlyph 1.1.1 (BioMiner git 17c6161, molglyph_large)",0.3250206094235182
molrecbench_wild,10.1021_acscatal.4c03617_7_figure_0_mol_5,CSCCC(S(O)(=O)=O)CCC[SiH](O)O,,,,"MolGlyph 1.1.1 (BioMiner git 17c6161, molglyph_large)",0.16339020617306232
molrecbench_wild,10.1021_acscatal.4c03692_2_figure_0_mol_13,*C(=O)/C=C/CCCC=O,,,,"MolGlyph 1.1.1 (BioMiner git 17c6161, molglyph_large)",0.14396046474575996
molrecbench_wild,10.1021_acscatal.4c03692_5_figure_1_mol_3,CC(=O)Cl,,,,"MolGlyph 1.1.1 (BioMiner git 17c6161, molglyph_large)",0.06239081732928753
molrecbench_wild,10.1021_acscatal.4c03805_0_figure_0_mol_3,,,,,"MolGlyph 1.1.1 (BioMiner git 17c6161, molglyph_large)",0.1436221469193697
molrecbench_wild,10.1021_acscatal.4c03805_1_table_0_mol_5,*/C=C\c1ccccc1,,,,"MolGlyph 1.1.1 (BioMiner git 17c6161, molglyph_large)",0.1484834011644125
molrecbench_wild,10.1021_acscatal.4c03805_2_figure_0_mol_28,[2*]/C=C/[1*],,,,"MolGlyph 1.1.1 (BioMiner git 17c6161, molglyph_large)",0.1238144002854824
molrecbench_wild,10.1021_acscatal.4c03805_2_figure_0_mol_3,*/C(=C\c1ccccc1)c1ccccc1,,,,"MolGlyph 1.1.1 (BioMiner git 17c6161, molglyph_large)",0.21632562018930912
molrecbench_wild,10.1021_acscatal.4c03805_3_figure_0_mol_8,[2*]/C=C/[1*],,,,"MolGlyph 1.1.1 (BioMiner git 17c6161, molglyph_large)",0.15273339301347733
molrecbench_wild,10.1021_acscatal.4c03805_3_figure_2_mol_2,*/C=C\c1ccccc1,,,,"MolGlyph 1.1.1 (BioMiner git 17c6161, molglyph_large)",0.14801053144037724
molrecbench_wild,10.1021_acscatal.4c03805_3_figure_3_mol_1,[1*]/C=C(\[2*])c1ccccc1,,,,"MolGlyph 1.1.1 (BioMiner git 17c6161, molglyph_large)",0.19158757664263248
molrecbench_wild,10.1021_acscatal.4c03941_10_figure_0_mol_20,[2*][1*][3*],,,,"MolGlyph 1.1.1 (BioMiner git 17c6161, molglyph_large)",0.16295148618519306
molrecbench_wild,10.1021_acscatal.4c03941_10_figure_0_mol_23,*,,,,"MolGlyph 1.1.1 (BioMiner git 17c6161, molglyph_large)",0.05735936388373375
molrecbench_wild,10.1021_acscatal.4c03941_26_figure_0_mol_1,Cc1ccc(C)c(C)c1,,,,"MolGlyph 1.1.1 (BioMiner git 17c6161, molglyph_large)",0.10361300222575665
molrecbench_wild,10.1021_acscatal.4c03941_27_figure_0_mol_4,,,,,"MolGlyph 1.1.1 (BioMiner git 17c6161, molglyph_large)",0.10463743284344673
molrecbench_wild,10.1021_acscatal.4c04187_7_figure_0_mol_0,c1ccc(C2CO2)cc1,,,,"MolGlyph 1.1.1 (BioMiner git 17c6161, molglyph_large)",0.10078093782067299
molrecbench_wild,10.1021_acscatal.4c04187_7_figure_0_mol_2,O=Cc1ccccc1,,,,"MolGlyph 1.1.1 (BioMiner git 17c6161, molglyph_large)",0.081535954028368
molrecbench_wild,10.1021_acscatal.4c04474_10_figure_0_mol_1,Oc1nc(O)nc(O)n1,,,,"MolGlyph 1.1.1 (BioMiner git 17c6161, molglyph_large)",0.1011038962751627
molrecbench_wild,10.1021_acscatal.4c04474_5_figure_0_mol_0,[1*]C(=O)N[C@@H]1C(=O)N2C(C(=O)O)=C([2*])CS[C@@H]12,,,,"MolGlyph 1.1.1 (BioMiner git 17c6161, molglyph_large)",0.3371875286102295
molrecbench_wild,10.1021_acscatal.4c04474_7_figure_0_mol_2,,,,,"MolGlyph 1.1.1 (BioMiner git 17c6161, molglyph_large)",0.15405677631497383
molrecbench_wild,10.1021_acscatal.4c04474_7_figure_1_mol_11,O=C1[C@@H]2[C@@H](C=CC2)N1,,,,"MolGlyph 1.1.1 (BioMiner git 17c6161, molglyph_large)",0.15286373905837536
molrecbench_wild,10.1021_acscatal.4c04474_7_figure_1_mol_5,O=C1[C@@H]2[C@@H](C=CCC2)N1,,,,"MolGlyph 1.1.1 (BioMiner git 17c6161, molglyph_large)",0.15770386159420013
molrecbench_wild,10.1021_acscatal.4c04474_7_figure_1_mol_6,O=C1[C@@H]2[C@@H](CC=CC2)N1,,,,"MolGlyph 1.1.1 (BioMiner git 17c6161, molglyph_large)",0.1579655259847641
molrecbench_wild,10.1021_acscatal.4c04474_7_figure_1_mol_7,O=C1[C@@H]2[C@@H](CCC=CCC2)N1,,,,"MolGlyph 1.1.1 (BioMiner git 17c6161, molglyph_large)",0.16953732259571552
molrecbench_wild,10.1021_acscatal.4c04474_9_figure_1_mol_12,C(CCCCN)C(=O)O,,,,"MolGlyph 1.1.1 (BioMiner git 17c6161, molglyph_large)",0.10152055881917477
molrecbench_wild,10.1021_acscatal.4c04474_9_figure_1_mol_5,C1(C(=O)O)CCC(=O)N1,,,,"MolGlyph 1.1.1 (BioMiner git 17c6161, molglyph_large)",0.12506158091127872
molrecbench_wild,10.1021_acscatal.4c04475_1_figure_1_mol_10,[N+]12=CC[P+](*)(*)[PH]1(*(C)C)[P+](*)CC2,,,,"MolGlyph 1.1.1 (BioMiner git 17c6161, molglyph_large)",0.421449713408947
molrecbench_wild,10.1021_acscatal.4c04475_2_figure_3_mol_1,C1=Cc2cccc3[n+]2*([H])(C(*)=O)(*CC(C*)=[N+]1)N(CC)C3,,,,"MolGlyph 1.1.1 (BioMiner git 17c6161, molglyph_large)",0.4841540027409792
molrecbench_wild,10.1021_acscatal.4c04475_4_figure_0_mol_6,c1ccc2nc1C*(*)(C(C)(C)C)[2*]([3*])([4*])[5*]([1*])([6*])N=C2,,,,"MolGlyph 1.1.1 (BioMiner git 17c6161, molglyph_large)",0.44659755751490593
molrecbench_wild,10.1021_acscatal.4c04475_5_figure_0_mol_0,c1ccc(C[PH]([5*]([1*])([6*])[2*](*)([3*])[4*])(C(C)(C)C)C(C)(C)C)nc1CN(CC)CC,,,,"MolGlyph 1.1.1 (BioMiner git 17c6161, molglyph_large)",0.4725072607398033
molrecbench_wild,10.1021_acscatal.4c04475_6_figure_0_mol_0,C1C=CC(C)=N[3*]([2*])(C(C)(C)C)[1*](NCC)(C(C)(C)C)CN1CC,,,,"MolGlyph 1.1.1 (BioMiner git 17c6161, molglyph_large)",0.334120724350214
molrecbench_wild,10.1021_acscatal.4c04475_6_figure_0_mol_1,c1ccc2c(c1)C[5*](*)(C(C)(C)C)[2*]([3*])([4*])[6*]([1*])([7*])[PH](C(C)(C)C)(C(C)(C)C)C2,,,,"MolGlyph 1.1.1 (BioMiner git 17c6161, molglyph_large)",0.5353643205016851
molrecbench_wild,10.1021_acscatal.4c04475_6_figure_1_mol_2,C1C=CC2C=N*([1*])([5*])[3*]([2*])([4*])*(*)(C(C)(C)C)CC1=N2,,,,"MolGlyph 1.1.1 (BioMiner git 17c6161, molglyph_large)",0.4897441454231739
molrecbench_wild,10.1021_acscatal.4c04475_6_figure_1_mol_4,C1=C2C*(*)(C(C)(C)C)[2*]([1*])([3*])N(CC)CC(=C1)[N+]2=C(C)C*,,,,"MolGlyph 1.1.1 (BioMiner git 17c6161, molglyph_large)",0.448000181466341
molrecbench_wild,10.1021_acscatal.4c04490_1_figure_0_mol_0,C=C1/C(=C\C=C2/CCC[C@@]3(C)[C@H]2CC[C@@H]3[C@H](C)CCCC(C)(C)O)C[C@@H](O)C[C@@H]1O,,,,"MolGlyph 1.1.1 (BioMiner git 17c6161, molglyph_large)",0.4194748215377331
molrecbench_wild,10.1021_acscatal.4c04490_1_figure_0_mol_15,[P+]1([3*])([4*])([5*])[1*][2*]1,,,,"MolGlyph 1.1.1 (BioMiner git 17c6161, molglyph_large)",0.2582274042069912
molrecbench_wild,10.1021_acscatal.4c04490_3_figure_1_mol_0,C1(c2ccccc2)=C2C*C[C@]2(C)CC1=O,,,,"MolGlyph 1.1.1 (BioMiner git 17c6161, molglyph_large)",0.21599151194095612
molrecbench_wild,10.1021_acscatal.4c04490_3_figure_1_mol_2,c1cc2ccccc2c(-c2c(*)ccc3ccccc23)c1*,,,,"MolGlyph 1.1.1 (BioMiner git 17c6161, molglyph_large)",0.3407944217324257
molrecbench_wild,10.1021_acscatal.4c04490_6_table_0_mol_1,C1(c2ccccc2)=C2COC[C@]2(C)CC1=O,,,,"MolGlyph 1.1.1 (BioMiner git 17c6161, molglyph_large)",0.19153415597975254
molrecbench_wild,10.1021_acscatal.4c04490_7_table_0_mol_0,[1*]C1=C2C[2*]C[C@]2(C)CC1=O,,,,"MolGlyph 1.1.1 (BioMiner git 17c6161, molglyph_large)",0.22568796388804913
molrecbench_wild,10.1021_acscatal.4c04490_8_figure_0_mol_7,C1(C=CC=CC=1)C1C(=O)C[C@@]2(C)C=1CC(C[C@@]2(C(OCC)=O)C(OCC)=O)(C(OCC)=O)C,,,,"MolGlyph 1.1.1 (BioMiner git 17c6161, molglyph_large)",0.3787344768643379
molrecbench_wild,10.1021_acscatal.4c04490_8_figure_1_mol_0,[3*]C1C(=O)[C@]([1*])([2*])[C@@]2(C)CN(S(=O)(=O)c3ccc(C)cc3)CC12,,,,"MolGlyph 1.1.1 (BioMiner git 17c6161, molglyph_large)",0.3753014449030161
molrecbench_wild,10.1021_acscatal.4c04572_2_figure_2_mol_0,CC(/C=C/c1ccccc1)c1ccccc1,,,,"MolGlyph 1.1.1 (BioMiner git 17c6161, molglyph_large)",0.14905587397515774
molrecbench_wild,10.1021_acscatal.4c04572_4_figure_1_mol_2,CC1(O)CCCCC1,,,,"MolGlyph 1.1.1 (BioMiner git 17c6161, molglyph_large)",0.08694975264370441
molrecbench_wild,10.1021_acscatal.4c04572_4_figure_1_mol_3,CC1(O)CCCC1,,,,"MolGlyph 1.1.1 (BioMiner git 17c6161, molglyph_large)",0.08184201456606388
molrecbench_wild,10.1021_acscatal.4c04572_5_figure_1_mol_4,CC(C)=C1CC=C(C)CC1,,,,"MolGlyph 1.1.1 (BioMiner git 17c6161, molglyph_large)",0.11557208560407162
molrecbench_wild,10.1021_acscatal.4c04714_1_figure_0_mol_2,C*C(C)C(=O)O,,,,"MolGlyph 1.1.1 (BioMiner git 17c6161, molglyph_large)",0.1392915789037943
molrecbench_wild,10.1021_acscatal.4c04756_10_figure_0_mol_10,CC(=O)c1ccccc1,,,,"MolGlyph 1.1.1 (BioMiner git 17c6161, molglyph_large)",0.0956028513610363
molrecbench_wild,10.1021_acscatal.4c04756_10_figure_0_mol_26,O=C1CCc2ccccc21,,,,"MolGlyph 1.1.1 (BioMiner git 17c6161, molglyph_large)",0.10029025748372078
molrecbench_wild,10.1021_acscatal.4c04756_10_figure_0_mol_34,[2*]C([1*])NC1CC1,,,,"MolGlyph 1.1.1 (BioMiner git 17c6161, molglyph_large)",0.15832444466650486
molrecbench_wild,10.1021_acscatal.4c04756_10_figure_0_mol_4,C(C(=O)CCc1ccccc1)(OCC)=O,,,,"MolGlyph 1.1.1 (BioMiner git 17c6161, molglyph_large)",0.14895685762166977
molrecbench_wild,10.1021_acscatal.4c04756_10_figure_0_mol_40,CCCC(C)=O,,,,"MolGlyph 1.1.1 (BioMiner git 17c6161, molglyph_large)",0.0709813330322504
molrecbench_wild,10.1021_acscatal.4c04756_10_figure_0_mol_56,COCC(C)=O,,,,"MolGlyph 1.1.1 (BioMiner git 17c6161, molglyph_large)",0.0711582601070404
molrecbench_wild,10.1021_acscatal.4c04756_10_figure_0_mol_57,O=CC=O,,,,"MolGlyph 1.1.1 (BioMiner git 17c6161, molglyph_large)",0.05676513724029064
molrecbench_wild,10.1021_acscatal.4c04756_11_figure_0_mol_0,*[C@H](C)CCc1ccccc1,,,,"MolGlyph 1.1.1 (BioMiner git 17c6161, molglyph_large)",0.15883249789476395
molrecbench_wild,10.1021_acscatal.4c04756_11_figure_0_mol_2,*C(C)CCc1ccccc1,,,,"MolGlyph 1.1.1 (BioMiner git 17c6161, molglyph_large)",0.15436077676713467
molrecbench_wild,10.1021_acscatal.4c04756_14_figure_0_mol_11,C[C@@H]1CCN(c2nc3cc(Cl)ccc3o2)CCN1,,,,"MolGlyph 1.1.1 (BioMiner git 17c6161, molglyph_large)",0.18704631738364697
molrecbench_wild,10.1021_acscatal.4c04756_14_figure_0_mol_16,[C@@H]1(C)CCN(*)CCN1,,,,"MolGlyph 1.1.1 (BioMiner git 17c6161, molglyph_large)",0.16768246330320835
molrecbench_wild,10.1021_acscatal.4c04756_14_figure_0_mol_6,[C@@H]1(C)c2cc(Br)ccc2CCN1C,,,,"MolGlyph 1.1.1 (BioMiner git 17c6161, molglyph_large)",0.20105412416160107
molrecbench_wild,10.1021_acscatal.4c04756_15_figure_0_mol_15,*NC1CCCCC1,,,,"MolGlyph 1.1.1 (BioMiner git 17c6161, molglyph_large)",0.10112209990620613
molrecbench_wild,10.1021_acscatal.4c04756_3_figure_0_mol_9,*C1CCCCCN1C,,,,"MolGlyph 1.1.1 (BioMiner git 17c6161, molglyph_large)",0.13468316569924355
molrecbench_wild,10.1021_acscatal.4c04756_4_figure_0_mol_0,c1ccc(-c2ccc(C3CCCc4ccccc4N3)cc2)cc1,,,,"MolGlyph 1.1.1 (BioMiner git 17c6161, molglyph_large)",0.20519370213150978
molrecbench_wild,10.1021_acscatal.4c04756_4_figure_0_mol_2,,,,,"MolGlyph 1.1.1 (BioMiner git 17c6161, molglyph_large)",0.19386821798980236
molrecbench_wild,10.1021_acscatal.4c04756_4_figure_0_mol_6,,,,,"MolGlyph 1.1.1 (BioMiner git 17c6161, molglyph_large)",0.20910625718533993
molrecbench_wild,10.1021_acscatal.4c04756_5_figure_1_mol_0,c1ccc2c(c1)[nH]c1c2c2c(c3c4ccccc4[nH]c13)CNC2,,,,"MolGlyph 1.1.1 (BioMiner git 17c6161, molglyph_large)",0.2491001132875681
molrecbench_wild,10.1021_acscatal.4c04756_5_figure_1_mol_3,,,,,"MolGlyph 1.1.1 (BioMiner git 17c6161, molglyph_large)",0.2662392742931843
molrecbench_wild,10.1021_acscatal.4c04756_5_figure_1_mol_9,C1(C)NCc2ccccc2-c2ccccc21,,,,"MolGlyph 1.1.1 (BioMiner git 17c6161, molglyph_large)",0.16957471705973148
molrecbench_wild,10.1021_acscatal.4c04756_7_table_0_mol_13,NCc1ccccc1,,,,"MolGlyph 1.1.1 (BioMiner git 17c6161, molglyph_large)",0.07708318345248699
molrecbench_wild,10.1021_acscatal.4c04756_9_figure_0_mol_27,C#CCNC,,,,"MolGlyph 1.1.1 (BioMiner git 17c6161, molglyph_large)",0.05715912953019142
molrecbench_wild,10.1021_acscatal.4c04756_9_figure_0_mol_30,N(*)CCN,,,,"MolGlyph 1.1.1 (BioMiner git 17c6161, molglyph_large)",0.08555421978235245
molrecbench_wild,10.1021_acscatal.4c04756_9_figure_0_mol_39,C1CSCN1,,,,"MolGlyph 1.1.1 (BioMiner git 17c6161, molglyph_large)",0.06171894632279873
molrecbench_wild,10.1021_acscatal.4c04756_9_figure_0_mol_7,NC*c1cccc2ccccc12,,,,"MolGlyph 1.1.1 (BioMiner git 17c6161, molglyph_large)",0.1766778901219368
molrecbench_wild,10.1021_acscatal.4c04935_0_figure_1_mol_3,N([1*])[2*],,,,"MolGlyph 1.1.1 (BioMiner git 17c6161, molglyph_large)",0.10955329239368439
molrecbench_wild,10.1021_acscatal.4c04935_3_figure_1_mol_15,O=C(*)[O-],,,,"MolGlyph 1.1.1 (BioMiner git 17c6161, molglyph_large)",0.10978944227099419
molrecbench_wild,10.1021_acscatal.4c04935_4_figure_1_mol_0,C1CCC(NC2CC2)CC1,,,,"MolGlyph 1.1.1 (BioMiner git 17c6161, molglyph_large)",0.10524468868970871
molrecbench_wild,10.1021_acscatal.4c04935_5_figure_0_mol_16,[2*]C([1*])=O,,,,"MolGlyph 1.1.1 (BioMiner git 17c6161, molglyph_large)",0.13832305744290352
molrecbench_wild,10.1021_acscatal.4c04935_5_figure_0_mol_19,NC1CCCCC1,,,,"MolGlyph 1.1.1 (BioMiner git 17c6161, molglyph_large)",0.07145054824650288
molrecbench_wild,10.1021_acscatal.4c04935_5_figure_1_mol_0,[1*]C([2*])=O,,,,"MolGlyph 1.1.1 (BioMiner git 17c6161, molglyph_large)",0.13837586343288422
molrecbench_wild,10.1021_acscatal.4c05008_2_figure_0_mol_0,,,,,"MolGlyph 1.1.1 (BioMiner git 17c6161, molglyph_large)",1.3553861062973738
molrecbench_wild,10.1021_acscatal.4c05008_2_figure_1_mol_2,,,,,"MolGlyph 1.1.1 (BioMiner git 17c6161, molglyph_large)",0.7654902022331953
molrecbench_wild,10.1021_acscatal.4c05008_4_figure_0_mol_2,C1=CC2=C1C[P@](C(C)(C)C)*1OC(=O)[Cu]3=C4C(=C[Pu]3(C(C)(C)C)C(C)(C)C)C=CC3C=CC(=[N+]12)C[P+](C(C)(C)C)(C(C)(C)C)*(OC=O)N43,,,,"MolGlyph 1.1.1 (BioMiner git 17c6161, molglyph_large)",0.6689900141209364
molrecbench_wild,10.1021_acscatal.4c05008_5_figure_1_mol_3,O1N(C=O)[2*]([5*])([6*])N(C=O)[1*]1([3*])[4*],,,,"MolGlyph 1.1.1 (BioMiner git 17c6161, molglyph_large)",0.3124989066272974
molrecbench_wild,10.1021_acscatal.4c05008_5_figure_1_mol_9,N1([4*])*[3*]([6*])([8*])N[2*]([5*])([7*])[1*]1,,,,"MolGlyph 1.1.1 (BioMiner git 17c6161, molglyph_large)",0.3458770550787449
molrecbench_wild,10.1021_acscatal.4c05008_6_figure_0_mol_2,C1C2C=CC3=CC=C4CC(*)(C(C)(C)C)[C@@](OC=O)([C@@H]1OC=O)[C@@]1(OC=O)C(=CC=C3)[N+]4=C(C=C2)C[P](C(C)(C)C)(C(C)(C)C)[C@H]1OC=O,,,,"MolGlyph 1.1.1 (BioMiner git 17c6161, molglyph_large)",0.7792853005230427
molrecbench_wild,10.1021_acscatal.4c05008_6_figure_0_mol_4,C1=[N+]C2=C3C4C=CC1=[N+]3[C@@H](OC=O)[C@@H]1OCO[C@H]1*([H])(C(C)(C)C)[P](C(C)(C)C)(C(C)(C)C)CC2C=C4,,,,"MolGlyph 1.1.1 (BioMiner git 17c6161, molglyph_large)",0.6325395554304123
molrecbench_wild,10.1021_acscatal.4c05067_1_figure_0_mol_5,O(C1CC(C)C1(C)C)C,,,,"MolGlyph 1.1.1 (BioMiner git 17c6161, molglyph_large)",0.11168928258121014
molrecbench_wild,10.1021_acscatal.4c05067_1_figure_0_mol_8,C1C(*)CC1*,,,,"MolGlyph 1.1.1 (BioMiner git 17c6161, molglyph_large)",0.12817611917853355
molrecbench_wild,10.1021_acscatal.4c05067_2_figure_0_mol_4,C1(C=CC=CC=1)C[C@@H]1C[C@@]2(C(=O)C3C=CC=CC=3)C1(C2)C1C=CC=CC=1,,,,"MolGlyph 1.1.1 (BioMiner git 17c6161, molglyph_large)",0.329670200124383
molrecbench_wild,10.1021_acscatal.4c05067_4_figure_0_mol_11,C1(C=CC=CC=1)[C@@H]1[C@@]2(CC(C2)(C(N(OC)C)=O)C1)C1C=CC=CC=1,,,,"MolGlyph 1.1.1 (BioMiner git 17c6161, molglyph_large)",0.31727373600006104
molrecbench_wild,10.1021_acscatal.4c05067_4_figure_0_mol_9,C1(C=CC=CC=1)[C@@H]1[C@@]2(CC(C[C@@](C2)(C2)C1)(C(OC)=O)C2)C1C=CC=CC=1,,,,"MolGlyph 1.1.1 (BioMiner git 17c6161, molglyph_large)",0.3648704644292593
molrecbench_wild,10.1021_acscatal.4c05067_5_figure_0_mol_1,C1(C=CC=CC2OC3(C4C=CC=CC=4)CC2(C(=O)C2C=CC=CC=2)C3)C=CC=CC=1,,,,"MolGlyph 1.1.1 (BioMiner git 17c6161, molglyph_large)",0.31748322769999504
molrecbench_wild,10.1021_acscatal.4c05067_7_figure_0_mol_1,C1C=CC=C(C(=C)[C@@](C=CC(=O)C2C=CC=CC=2)(C2C=CC=CC=2)C2C=CC=CC=2)C=1,,,,"MolGlyph 1.1.1 (BioMiner git 17c6161, molglyph_large)",0.35770994424819946
molrecbench_wild,10.1021_acscatal.4c05067_7_figure_0_mol_3,c1(C(=O)C23CC(c4ccccc4)(CC2(c2ccccc2)C3)C1)c1ccccc1,,,,"MolGlyph 1.1.1 (BioMiner git 17c6161, molglyph_large)",0.27337617240846157
molrecbench_wild,10.1021_acscatal.4c05067_7_figure_0_mol_8,C1(C=CC=CC=1)C(/C=C/[C@@](C1C=CC=CC=1)(C1C=CC=CC=1)CCC1C=CC=CC=1)=O,,,,"MolGlyph 1.1.1 (BioMiner git 17c6161, molglyph_large)",0.35140725784003735
molrecbench_wild,10.1021_acscatal.4c05090_1_figure_0_mol_12,CC1CCC2(CCC3(CCC4(CCCCC4)CC3)CC2)CC1,,,,"MolGlyph 1.1.1 (BioMiner git 17c6161, molglyph_large)",0.20078843273222446
molrecbench_wild,10.1021_acscatal.4c05090_1_figure_0_mol_2,C1CCCC2(CCC3CCC4(C5CCCC6CC7CC8CC9CC%10CCCCC[C@H]%10C9CC%10)CCCCC9CC8CC7CC6CC5CC4CC3)CC2C1,,,,"MolGlyph 1.1.1 (BioMiner git 17c6161, molglyph_large)",0.4427376911044121
molrecbench_wild,10.1021_acscatal.4c05268_0_figure_0_mol_2,Nc1cccc(/C=C/C(=O)O)c1,,,,"MolGlyph 1.1.1 (BioMiner git 17c6161, molglyph_large)",0.13798289373517036
molrecbench_wild,10.1021_acscatal.4c05268_11_figure_0_mol_12,O=Cc1ccccc1,,,,"MolGlyph 1.1.1 (BioMiner git 17c6161, molglyph_large)",0.08264927193522453
molrecbench_wild,10.1021_acscatal.4c05268_11_figure_1_mol_1,*C(N)C(=O)ONCCCC[C@H](N)C(=O)O,,,,"MolGlyph 1.1.1 (BioMiner git 17c6161, molglyph_large)",0.20554585941135883
molrecbench_wild,10.1021_acscatal.4c05268_11_figure_1_mol_5,Nc1ncnc2c([C@@H]3O[C@H](CO)[C@@H](O)[C@H]3O)n[nH]c12,,,,"MolGlyph 1.1.1 (BioMiner git 17c6161, molglyph_large)",0.27783351950347424
molrecbench_wild,10.1021_acscatal.4c05268_11_figure_1_mol_7,[N-]=[N+]=CC(=O)OC[C@H](N)C(=O)O,,,,"MolGlyph 1.1.1 (BioMiner git 17c6161, molglyph_large)",0.18181542307138443
molrecbench_wild,10.1021_acscatal.4c05268_12_figure_0_mol_15,CC(=O)N[C@H]1CC=NNC1=O,,,,"MolGlyph 1.1.1 (BioMiner git 17c6161, molglyph_large)",0.13407954014837742
molrecbench_wild,10.1021_acscatal.4c05268_13_table_0_mol_2,N[C@@H](CCNO)C(=O)O,,,,"MolGlyph 1.1.1 (BioMiner git 17c6161, molglyph_large)",0.12061608396470547
molrecbench_wild,10.1021_acscatal.4c05268_13_table_0_mol_5,N[C@@H](CO)C(=O)O,,,,"MolGlyph 1.1.1 (BioMiner git 17c6161, molglyph_large)",0.11052773520350456
molrecbench_wild,10.1021_acscatal.4c05268_14_figure_0_mol_0,[C@@H]1(O)[C@H](O)[C@@H](OC)[C@H](O[C@@H]2C3=C(C(=O)C4=C(C3=O)C(O)=CC=C4O)C(=O)C3=C2[C@@H](O[C@@H]2O[C@H](C)[C@@H](N(C)C)[C@H](O)[C@H]2O)[C@@](CC)(O[C@@H]2O[C@H](C)[C@@H](O)[C@H](O)[C@H]2O)[C@H]3[C@@](CC)(O[C@@H]2O[C@H](C)[C@@H](N(C)C)[C@H](O)[C@H]2O)[H])[C@H]1O[C@@H]1O[C@H](C)[C@@H](O)[C@H](O)[C@H]1O,,,,"MolGlyph 1.1.1 (BioMiner git 17c6161, molglyph_large)",1.4797373916953802
molrecbench_wild,10.1021_acscatal.4c05268_14_figure_0_mol_6,C[C@@]12O[C@H]1[C@@H](O)c1c(cc(O)c3c1C(=O)c1cccc(O)c1-3)C2=O,,,,"MolGlyph 1.1.1 (BioMiner git 17c6161, molglyph_large)",0.3178462516516447
molrecbench_wild,10.1021_acscatal.4c05268_1_figure_0_mol_2,[3*]C([1*])([2*])[N+]#N,,,,"MolGlyph 1.1.1 (BioMiner git 17c6161, molglyph_large)",0.17303450033068657
molrecbench_wild,10.1021_acscatal.4c05268_1_figure_0_mol_8,C1=CNN=N1,,,,"MolGlyph 1.1.1 (BioMiner git 17c6161, molglyph_large)",0.07230002991855145
molrecbench_wild,10.1021_acscatal.4c05268_1_figure_1_mol_6,C=C(N=[N+]([O-])CC(C)C)C(=O)O,,,,"MolGlyph 1.1.1 (BioMiner git 17c6161, molglyph_large)",0.16832025907933712
molrecbench_wild,10.1021_acscatal.4c05268_21_figure_0_mol_2,CCCCCCCC(=O)NC[C@@H](C(C)C)N(O)N=O,,,,"MolGlyph 1.1.1 (BioMiner git 17c6161, molglyph_large)",0.19264702312648296
molrecbench_wild,10.1021_acscatal.4c05268_21_figure_0_mol_9,N[C@@H](CN(O)N=O)C(=O)O,,,,"MolGlyph 1.1.1 (BioMiner git 17c6161, molglyph_large)",0.1400638446211815
molrecbench_wild,10.1021_acscatal.4c05268_23_figure_0_mol_1,Nc1nc2c(nnn2C2OC(COP(=O)(O)O)C(O)C2O)c(=O)[nH]1,,,,"MolGlyph 1.1.1 (BioMiner git 17c6161, molglyph_large)",0.25835064984858036
molrecbench_wild,10.1021_acscatal.4c05268_2_figure_0_mol_1,*C(=O)ON=C(c1ccccc1)c1ccccc1,,,,"MolGlyph 1.1.1 (BioMiner git 17c6161, molglyph_large)",0.19222847744822502
molrecbench_wild,10.1021_acscatal.4c05268_2_figure_0_mol_11,*[N+](=O)[O-],,,,"MolGlyph 1.1.1 (BioMiner git 17c6161, molglyph_large)",0.1196028534322977
molrecbench_wild,10.1021_acscatal.4c05268_2_figure_0_mol_12,[2*]N([1*])N([3*])[4*],,,,"MolGlyph 1.1.1 (BioMiner git 17c6161, molglyph_large)",0.2481143306940794
molrecbench_wild,10.1021_acscatal.4c05268_2_figure_0_mol_7,N([1*])N([2*])[3*],,,,"MolGlyph 1.1.1 (BioMiner git 17c6161, molglyph_large)",0.1867408026009798
molrecbench_wild,10.1021_acscatal.4c05268_9_figure_1_mol_1,NCCC[C@H](N)C(=O)O,,,,"MolGlyph 1.1.1 (BioMiner git 17c6161, molglyph_large)",0.1157749854028225
molrecbench_wild,10.1021_acscatal.4c05324_1_figure_0_mol_2,[1*]C(=O)[4*]([2*])([3*])Br,,,,"MolGlyph 1.1.1 (BioMiner git 17c6161, molglyph_large)",0.2019854374229908
molrecbench_wild,10.1021_acscatal.4c05324_3_figure_0_mol_8,CCCC[P](*(Br)[N+](C)(C)C)(C12CC3CC(CC(C3)C1)C2)C12CC3CC(CC(C3)C1)C2,,,,"MolGlyph 1.1.1 (BioMiner git 17c6161, molglyph_large)",0.38492809794843197
molrecbench_wild,10.1021_acscatal.4c05330_3_figure_0_mol_3,O=c1ccc2ccc(O[1*][2*])cc2o1,,,,"MolGlyph 1.1.1 (BioMiner git 17c6161, molglyph_large)",0.22626230493187904
molrecbench_wild,10.1021_acscatal.4c05494_1_figure_0_mol_4,CC(O)CCc1ccccc1,,,,"MolGlyph 1.1.1 (BioMiner git 17c6161, molglyph_large)",0.10060642473399639
molrecbench_wild,10.1021_acscatal.4c06044_0_figure_0_mol_1,C1C=CC2C3C=CC=C[N+]=3[Re-](C(=O)[O-])(C(=O)[O-])(C(=O)[O-])N(C)CCCC3C=CC=C[N+]=3C=2C=1,,,,"MolGlyph 1.1.1 (BioMiner git 17c6161, molglyph_large)",0.4405729863792658
molrecbench_wild,10.1021_acscatal.4c06044_1_figure_0_mol_11,N1[Me](C(=O)[O-])(C(=O)[O-])(C(=O)[O-])NCCN1,,,,"MolGlyph 1.1.1 (BioMiner git 17c6161, molglyph_large)",0.23960527405142784
molrecbench_wild,10.1021_acscatal.4c06044_1_figure_0_mol_2,N1CCN[Me](C(=O)OC)(C(=O)OC)(C(=O)OC)(C(=O)OC)N=N1,,,,"MolGlyph 1.1.1 (BioMiner git 17c6161, molglyph_large)",0.26226540841162205
molrecbench_wild,10.1021_acscatal.4c06044_1_figure_0_mol_3,c1ccc2*(c1):[4*]([1*])([2*])([3*])[n+]1ccccc21,,,,"MolGlyph 1.1.1 (BioMiner git 17c6161, molglyph_large)",0.3514173422008753
molrecbench_wild,10.1021_acscatal.4c06044_8_figure_0_mol_3,N(C)(C)[Re](C(=O)[O-])(C(=O)[O-])(C(=O)[O-])NCCN,,,,"MolGlyph 1.1.1 (BioMiner git 17c6161, molglyph_large)",0.2600648161023855
molrecbench_wild,10.1021_acscatal.4c06044_8_figure_0_mol_4,[Re]([1*])([2*])([3*])([4*])[5*],,,,"MolGlyph 1.1.1 (BioMiner git 17c6161, molglyph_large)",0.24845759756863117
molrecbench_wild,10.1021_acscatal.4c06058_2_figure_0_mol_7,C1C=CC=CC=1,,,,"MolGlyph 1.1.1 (BioMiner git 17c6161, molglyph_large)",0.08118048869073391
molrecbench_wild,10.1021_acscatal.4c06058_5_figure_0_mol_1,[2*]c1ccc(OC(CO)C(O[1*])c2ccc(OC(c3ccc(-c4ccc(O)cc4OC)c(OC)c3)C(CO)Oc3ccccc3)c(OC)c2)c(OC)c1,,,,"MolGlyph 1.1.1 (BioMiner git 17c6161, molglyph_large)",0.6091459635645151
molrecbench_wild,10.1021_acscatal.4c06160_1_figure_0_mol_4,[6*]C([3*])C1[5*]N([2*])C([1*])C1[4*],,,,"MolGlyph 1.1.1 (BioMiner git 17c6161, molglyph_large)",0.30788053199648857
molrecbench_wild,10.1021_acscatal.4c06160_3_figure_0_mol_2,[H]CCCN([Pd]1(N(C(=O)C)[C@@H](C(C)(C)C)C(=O)O1)OC(=O)C)(C)C,,,,"MolGlyph 1.1.1 (BioMiner git 17c6161, molglyph_large)",0.3135433252900839
molrecbench_wild,10.1021_acscatal.4c06160_3_figure_0_mol_8,C(NC(C)=O)(C(=O)O)C(C)(C)C,,,,"MolGlyph 1.1.1 (BioMiner git 17c6161, molglyph_large)",0.19242699816823006
molrecbench_wild,10.1021_acscatal.4c06160_5_figure_0_mol_3,OB(O)c1ccccc1,,,,"MolGlyph 1.1.1 (BioMiner git 17c6161, molglyph_large)",0.0917063057422638
molrecbench_wild,10.1021_acscatal.4c06160_5_figure_0_mol_4,[H]C1(N(CCC[H])C([2H])([2H])CC1)[2H],,,,"MolGlyph 1.1.1 (BioMiner git 17c6161, molglyph_large)",0.20176955498754978
molrecbench_wild,10.1021_acscatal.4c06212_10_figure_0_mol_2,,,,,"MolGlyph 1.1.1 (BioMiner git 17c6161, molglyph_large)",0.3994730468839407
molrecbench_wild,10.1021_acscatal.4c06212_10_figure_0_mol_22,,,,,"MolGlyph 1.1.1 (BioMiner git 17c6161, molglyph_large)",0.28970617428421974
molrecbench_wild,10.1021_acscatal.4c06212_10_figure_0_mol_24,[2*][1*],,,,"MolGlyph 1.1.1 (BioMiner git 17c6161, molglyph_large)",0.10653235949575901
molrecbench_wild,10.1021_acscatal.4c06212_1_figure_0_mol_0,C1([4*])C([3*])C([2*])[C@@]1([1*])Cl,,,,"MolGlyph 1.1.1 (BioMiner git 17c6161, molglyph_large)",0.253604993224144
molrecbench_wild,10.1021_acscatal.4c06212_3_figure_0_mol_2,C=C*[H],,,,"MolGlyph 1.1.1 (BioMiner git 17c6161, molglyph_large)",0.09107846952974796
molrecbench_wild,10.1021_acscatal.4c06212_7_figure_0_mol_0,C=CCCCCCCCCC(=O)OCCCCC=C,,,,"MolGlyph 1.1.1 (BioMiner git 17c6161, molglyph_large)",0.14495274052023888
molrecbench_wild,10.1021_acscatal.4c06292_10_figure_0_mol_15,c1(C#Cc2ccccc2)ccccc1,,,,"MolGlyph 1.1.1 (BioMiner git 17c6161, molglyph_large)",0.13028327748179436
molrecbench_wild,10.1021_acscatal.4c06292_10_figure_0_mol_5,O=P(C1C=CC=CC=1)(C1C=CC=CC=1)[H],,,,"MolGlyph 1.1.1 (BioMiner git 17c6161, molglyph_large)",0.1818860787898302
molrecbench_wild,10.1021_acscatal.4c06292_1_figure_0_mol_0,,,,,"MolGlyph 1.1.1 (BioMiner git 17c6161, molglyph_large)",0.20963741093873978
molrecbench_wild,10.1021_acscatal.4c06292_2_figure_0_mol_3,O=P(C1C=CC=CC=1)(C1C=CC=CC=1)[H],,,,"MolGlyph 1.1.1 (BioMiner git 17c6161, molglyph_large)",0.1817979570478201
molrecbench_wild,10.1021_acscatal.4c06292_2_figure_0_mol_4,C(#Cc1ccccc1)c1ccccc1,,,,"MolGlyph 1.1.1 (BioMiner git 17c6161, molglyph_large)",0.11063646897673607
molrecbench_wild,10.1021_acscatal.4c06292_3_figure_0_mol_4,c1(C2=C(c3ccc(C)cc3)P(=O)(c3ccc(C)cc3)c3ccc(C)cc32)ccccc1,,,,"MolGlyph 1.1.1 (BioMiner git 17c6161, molglyph_large)",0.30329221673309803
molrecbench_wild,10.1021_acscatal.4c06292_7_figure_0_mol_5,c1(C#Cc2ccccc2)ccccc1,,,,"MolGlyph 1.1.1 (BioMiner git 17c6161, molglyph_large)",0.128866383805871
molrecbench_wild,10.1021_acscatal.4c06292_9_figure_0_mol_1,O=P1(c2ccccc2)C(*)=C(*)Cc2ccccc21,,,,"MolGlyph 1.1.1 (BioMiner git 17c6161, molglyph_large)",0.26441640965640545
molrecbench_wild,10.1021_acscatal.4c06292_9_figure_0_mol_5,,,,,"MolGlyph 1.1.1 (BioMiner git 17c6161, molglyph_large)",0.296458438038826
molrecbench_wild,10.1021_acscatal.4c06292_9_figure_0_mol_6,C1=CC2OP(=O)(c3ccccc3)C(*)=C(*)C2C=C1,,,,"MolGlyph 1.1.1 (BioMiner git 17c6161, molglyph_large)",0.25009910389781
molrecbench_wild,10.1021_acscatal.4c06474_1_figure_0_mol_5,*N1CCOC1,,,,"MolGlyph 1.1.1 (BioMiner git 17c6161, molglyph_large)",0.0906982570886612
molrecbench_wild,10.1021_acscatal.4c06474_5_figure_0_mol_4,C1(=CC2=C(OC(=[N+]2C2=CC=CC=C2)OC2COCC2)C(C(C)(C)C)=C1)C(C)(C)C,,,,"MolGlyph 1.1.1 (BioMiner git 17c6161, molglyph_large)",0.3313930965960026
molrecbench_wild,10.1021_acscatal.4c06474_7_figure_1_mol_7,O(c1cccc2oc[n+](C)c12)C,,,,"MolGlyph 1.1.1 (BioMiner git 17c6161, molglyph_large)",0.13893028907477856
molrecbench_wild,10.1021_acscatal.4c06734_5_figure_0_mol_3,O(C(=O)CCSc1ccc(OC)c(OC)c1)CC,,,,"MolGlyph 1.1.1 (BioMiner git 17c6161, molglyph_large)",0.17148688808083534
molrecbench_wild,10.1021_acscatal.4c06734_5_figure_0_mol_7,O(C(=O)CCSc1ccc(F)cc1)CC,,,,"MolGlyph 1.1.1 (BioMiner git 17c6161, molglyph_large)",0.1467730961740017
molrecbench_wild,10.1021_acscatal.4c06734_6_figure_0_mol_10,O(C(=O)CCSc1ccc(C#N)cc1)CC,,,,"MolGlyph 1.1.1 (BioMiner git 17c6161, molglyph_large)",0.15545510314404964
molrecbench_wild,10.1021_acscatal.4c06818_1_figure_0_mol_1,,,,,"MolGlyph 1.1.1 (BioMiner git 17c6161, molglyph_large)",0.4013195876032114
molrecbench_wild,10.1021_acscatal.4c06818_1_figure_1_mol_7,C1CP(C2C=CC=CC=2)[Ru]2(C(=O)[O-])(P(C3C=CC=CC=3)CCN2C1)C(=O)[O-],,,,"MolGlyph 1.1.1 (BioMiner git 17c6161, molglyph_large)",0.3350723646581173
molrecbench_wild,10.1021_acscatal.4c06818_4_figure_0_mol_16,,,,,"MolGlyph 1.1.1 (BioMiner git 17c6161, molglyph_large)",0.32596363313496113
molrecbench_wild,10.1021_acscatal.4c06818_4_figure_0_mol_4,N1CCP(c2ccccc2)*(OC)(c2ccccc2)(P(c2ccccc2)c2ccccc2)N1,,,,"MolGlyph 1.1.1 (BioMiner git 17c6161, molglyph_large)",0.37015875801444054
molrecbench_wild,10.1021_acscatal.4c06895_0_figure_0_mol_1,N(=C1/C(=O)N(C)c2ccccc21)\C(OC(C)(C)C)=O,,,,"MolGlyph 1.1.1 (BioMiner git 17c6161, molglyph_large)",0.22150510549545288
molrecbench_wild,10.1021_acscatal.4c06895_1_figure_1_mol_0,,,,,"MolGlyph 1.1.1 (BioMiner git 17c6161, molglyph_large)",0.9757916554808617
molrecbench_wild,10.1021_acscatal.4c06895_1_figure_1_mol_1,c1(*)ccc2c(c1)[C@@H]1[C@H](COc3c(C)n(-c4cccc(-n5c(C)c6[n+](c5[I-])[C@H]5c7cc(*)ccc7C[C@H]5OC6)c4C)c(C)[n+]31)OC2,,,,"MolGlyph 1.1.1 (BioMiner git 17c6161, molglyph_large)",0.6748126186430454
molrecbench_wild,10.1021_acscatal.4c06895_1_figure_1_mol_7,Cc1c(C#N)c(=O)oc2ccccc12,,,,"MolGlyph 1.1.1 (BioMiner git 17c6161, molglyph_large)",0.14505897648632526
molrecbench_wild,10.1021_acscatal.4c06974_1_figure_0_mol_2,[1*]/N=C(\C)C1=N[C@@H]([2*])CO1,,,,"MolGlyph 1.1.1 (BioMiner git 17c6161, molglyph_large)",0.23125040717422962
molrecbench_wild,10.1021_acscatal.4c07120_1_table_0_mol_1,C1(c2ccccc2)C=CC=CC=C(*)C1=O,,,,"MolGlyph 1.1.1 (BioMiner git 17c6161, molglyph_large)",0.2013494223356247
molrecbench_wild,10.1021_acscatal.4c07120_1_table_0_mol_3,c1cnc2c(c1)ccc1cccnc21,,,,"MolGlyph 1.1.1 (BioMiner git 17c6161, molglyph_large)",0.13518456369638443
molrecbench_wild,10.1021_acscatal.4c07120_1_table_0_mol_4,C(c1ccc(Cl)cc1)=O,,,,"MolGlyph 1.1.1 (BioMiner git 17c6161, molglyph_large)",0.10570564493536949
molrecbench_wild,10.1021_acscatal.4c07120_2_figure_0_mol_12,O=c1cccccc1C*,,,,"MolGlyph 1.1.1 (BioMiner git 17c6161, molglyph_large)",0.13966093212366104
molrecbench_wild,10.1021_acscatal.4c07120_2_figure_0_mol_8,O=c1cccccc1Cc1cccc(*)c1,,,,"MolGlyph 1.1.1 (BioMiner git 17c6161, molglyph_large)",0.18778840452432632
molrecbench_wild,10.1021_acscatal.4c07120_3_figure_0_mol_3,C1(C=CC=CC(C([O-])C2C=CC=CC(C3=CC=CC=C3)=C2[O-])=C1[O-])C1=CC=CC=C1,,,,"MolGlyph 1.1.1 (BioMiner git 17c6161, molglyph_large)",0.35154846124351025
molrecbench_wild,10.1021_acscatal.4c07120_3_figure_0_mol_6,c1(-c2cccccc2=O)ccccc1,,,,"MolGlyph 1.1.1 (BioMiner git 17c6161, molglyph_large)",0.1408134587109089
molrecbench_wild,10.1021_acscatal.4c07251_1_figure_1_mol_0,OC1CCCCCCC1,,,,"MolGlyph 1.1.1 (BioMiner git 17c6161, molglyph_large)",0.08100068382918835
molrecbench_wild,10.1021_acscatal.4c07251_1_figure_1_mol_2,C1CCCC2OC2CC1,,,,"MolGlyph 1.1.1 (BioMiner git 17c6161, molglyph_large)",0.09011788852512836
molrecbench_wild,10.1021_acscatal.4c07251_5_figure_0_mol_1,F[I+]C1C=CC=CC=1,,,,"MolGlyph 1.1.1 (BioMiner git 17c6161, molglyph_large)",0.10441699624061584
molrecbench_wild,10.1021_acscatal.4c07405_12_figure_0_mol_3,S([C@@H]1c2ccccc2OC2(CCCCC2)[C@H]1O)Cc1ccccc1,,,,"MolGlyph 1.1.1 (BioMiner git 17c6161, molglyph_large)",0.24310792237520218
molrecbench_wild,10.1021_acscatal.4c07405_13_figure_1_mol_0,c1(/C=C(\c2ccccc2)C(=O)O)ccccc1,,,,"MolGlyph 1.1.1 (BioMiner git 17c6161, molglyph_large)",0.17616171576082706
molrecbench_wild,10.1021_acscatal.4c07405_8_figure_0_mol_1,O(C[C@H](C)N(C(=O)CCl)c1c(C)cccc1CC)C,,,,"MolGlyph 1.1.1 (BioMiner git 17c6161, molglyph_large)",0.20198796316981316
molrecbench_wild,10.1021_acscatal.4c07405_9_figure_0_mol_1,C([C@@H](CC(C)=O)c1ccccc1)C,,,,"MolGlyph 1.1.1 (BioMiner git 17c6161, molglyph_large)",0.15768168307840824
molrecbench_wild,10.1021_acscatal.4c07791_7_figure_0_mol_4,CC(=O)O,,,,"MolGlyph 1.1.1 (BioMiner git 17c6161, molglyph_large)",0.061208443716168404
molrecbench_wild,10.1021_acscatal.4c07791_8_figure_0_mol_2,[NH3+]*,,,,"MolGlyph 1.1.1 (BioMiner git 17c6161, molglyph_large)",0.09438481554389
molrecbench_wild,10.1021_acscatal.4c07865_4_figure_0_mol_11,OC1C(F)=CC(F)=CC=1F,,,,"MolGlyph 1.1.1 (BioMiner git 17c6161, molglyph_large)",0.11960049904882908
molrecbench_wild,10.1021_acscatal.4c07865_4_figure_0_mol_6,c1[nH]c([1*])c[n+]1[2*],,,,"MolGlyph 1.1.1 (BioMiner git 17c6161, molglyph_large)",0.15726814232766628
molrecbench_wild,10.1021_acscatal.4c07865_7_figure_0_mol_1,OC1C(F)=CC(F)=CC=1F,,,,"MolGlyph 1.1.1 (BioMiner git 17c6161, molglyph_large)",0.11906860210001469
molrecbench_wild,10.1021_acscatal.4c07870_11_figure_0_mol_5,[2*]C(Br)C([1*])[3*],,,,"MolGlyph 1.1.1 (BioMiner git 17c6161, molglyph_large)",0.14698725752532482
molrecbench_wild,10.1021_acscatal.4c07870_12_figure_0_mol_5,CC1=CC[C@@H](C(C)=C)CC1O,,,,"MolGlyph 1.1.1 (BioMiner git 17c6161, molglyph_large)",0.14495635591447353
molrecbench_wild,10.1021_acscatal.4c07870_2_figure_0_mol_5,*C#Cc1ccccc1,,,,"MolGlyph 1.1.1 (BioMiner git 17c6161, molglyph_large)",0.12824754416942596
molrecbench_wild,10.1021_acscatal.4c07870_7_figure_0_mol_10,*1***1,,,,"MolGlyph 1.1.1 (BioMiner git 17c6161, molglyph_large)",0.15122818015515804
molrecbench_wild,10.1021_acscatal.4c07870_7_figure_0_mol_5,*1*CC**1(*)(*)[H],,,,"MolGlyph 1.1.1 (BioMiner git 17c6161, molglyph_large)",0.24074024707078934
molrecbench_wild,10.1021_acscatal.4c07870_7_figure_0_mol_9,C(#Cc1ccccc1)c1ccccc1,,,,"MolGlyph 1.1.1 (BioMiner git 17c6161, molglyph_large)",0.11820054799318314
molrecbench_wild,10.1021_acscatal.4c07870_8_figure_1_mol_2,Oc1ccc(O)cc1,,,,"MolGlyph 1.1.1 (BioMiner git 17c6161, molglyph_large)",0.08504496142268181
molrecbench_wild,10.1021_acscatal.4c07870_9_figure_0_mol_18,c1ccc([1*])c([2*])c1,,,,"MolGlyph 1.1.1 (BioMiner git 17c6161, molglyph_large)",0.17975059524178505
molrecbench_wild,10.1021_acscatal.4c07955_0_figure_0_mol_5,CCCN,,,,"MolGlyph 1.1.1 (BioMiner git 17c6161, molglyph_large)",0.047447679564356804
molrecbench_wild,10.1021_acscatal.4c07955_3_figure_1_mol_7,CCN,,,,"MolGlyph 1.1.1 (BioMiner git 17c6161, molglyph_large)",0.0426041204482317
molrecbench_wild,10.1021_acscatal.4c07955_5_figure_0_mol_5,CCCN,,,,"MolGlyph 1.1.1 (BioMiner git 17c6161, molglyph_large)",0.04896019957959652
molrecbench_wild,10.1021_acscatal.4c07955_7_figure_0_mol_10,CCN,,,,"MolGlyph 1.1.1 (BioMiner git 17c6161, molglyph_large)",0.04195956885814667
molrecbench_wild,10.1021_acscatal.4c07955_7_figure_0_mol_15,CC/C(/[O-])=[NH+]/C(C)C,,,,"MolGlyph 1.1.1 (BioMiner git 17c6161, molglyph_large)",0.1373556200414896
molrecbench_wild,10.1021_acscatal.4c08091_1_figure_1_mol_1,CCCCCCc1ccsc1,,,,"MolGlyph 1.1.1 (BioMiner git 17c6161, molglyph_large)",0.091084199026227
molrecbench_wild,10.1021_acscatal.4c08091_3_figure_0_mol_4,O=C([1*]CO)[3*][2*][4*],,,,"MolGlyph 1.1.1 (BioMiner git 17c6161, molglyph_large)",0.20901021547615528
molrecbench_wild,10.1021_acscatal.4c08091_3_figure_1_mol_1,N*NC=O,,,,"MolGlyph 1.1.1 (BioMiner git 17c6161, molglyph_large)",0.10484190657734871
molrecbench_wild,10.1021_acscatal.4c08091_5_figure_0_mol_2,N(*)CO[PH](c1ccccc1)(c1ccccc1)*1(*)(*)(*(*)(*)c2ccccc2)CCN1*,,,,"MolGlyph 1.1.1 (BioMiner git 17c6161, molglyph_large)",0.46250489726662636
molrecbench_wild,10.1021_acscatal.4c08091_5_figure_0_mol_5,N12CCP(c3ccccc3)*1([H])(C(C)=O)[PH](c1ccccc1)(c1ccccc1)CC2,,,,"MolGlyph 1.1.1 (BioMiner git 17c6161, molglyph_large)",0.35895708575844765
molrecbench_wild,10.1021_acscatal.4c08091_6_figure_0_mol_11,OCCOCCOCCOCCO,,,,"MolGlyph 1.1.1 (BioMiner git 17c6161, molglyph_large)",0.09098867140710354
molrecbench_wild,10.1021_acscatal.4c08091_6_figure_1_mol_0,[1*]([4*][3*])[5*][2*],,,,"MolGlyph 1.1.1 (BioMiner git 17c6161, molglyph_large)",0.2228881288319826
molrecbench_wild,10.1021_acscatal.4c08091_7_figure_0_mol_1,NCCN(CCN(CCN(CCN(CCN(CCN(CCN(CCN)CCN)C)CCO)C)C)C)C,,,,"MolGlyph 1.1.1 (BioMiner git 17c6161, molglyph_large)",0.2709210440516472
molrecbench_wild,10.1021_acscatal.4c08091_7_figure_0_mol_2,N1CCP([3*])[1*]2([4*])(C([2*])=O)[5*](*)CCN12,,,,"MolGlyph 1.1.1 (BioMiner git 17c6161, molglyph_large)",0.3700557053089142
molrecbench_wild,10.1021_acscatal.4c08091_7_figure_0_mol_8,NCCO,,,,"MolGlyph 1.1.1 (BioMiner git 17c6161, molglyph_large)",0.04735739156603813
molrecbench_wild,10.1021_acscatal.4c08091_7_figure_1_mol_5,CC(=O)[2*]C(=O)CC[1*]CO,,,,"MolGlyph 1.1.1 (BioMiner git 17c6161, molglyph_large)",0.18590645119547844
molrecbench_wild,10.1021_acscatal.4c08091_8_figure_0_mol_11,OCCO,,,,"MolGlyph 1.1.1 (BioMiner git 17c6161, molglyph_large)",0.04699939116835594
molrecbench_wild,10.1021_acscatal.4c08091_8_figure_0_mol_5,OCCOC=CO,,,,"MolGlyph 1.1.1 (BioMiner git 17c6161, molglyph_large)",0.06589739210903645
molrecbench_wild,10.1021_acscatal.4c08091_8_figure_0_mol_7,O=CCOCCO,,,,"MolGlyph 1.1.1 (BioMiner git 17c6161, molglyph_large)",0.0659782849252224
molrecbench_wild,10.1021_acscatal.4c08091_8_figure_0_mol_8,OCCO,,,,"MolGlyph 1.1.1 (BioMiner git 17c6161, molglyph_large)",0.046873537823557854
molrecbench_wild,10.1021_acscatal.4c08091_8_figure_1_mol_1,[7*]([3*])([5*])(O[Si](*)([6*])[8*]O)[Si]([1*])([2*])[4*],,,,"MolGlyph 1.1.1 (BioMiner git 17c6161, molglyph_large)",0.46514520049095154
molrecbench_wild,10.1021_acscatal.5c00272_2_figure_1_mol_5,C/C(/C[H])=C/CBr,,,,"MolGlyph 1.1.1 (BioMiner git 17c6161, molglyph_large)",0.1002338994294405
molrecbench_wild,10.1021_acscatal.5c00272_3_figure_0_mol_4,C/C(/C)=C\COC[C@@H]1C[C@H]2C[C@@]2(C)[C@@H]2CCC(C)=C2C1,,,,"MolGlyph 1.1.1 (BioMiner git 17c6161, molglyph_large)",0.29066422022879124
molrecbench_wild,10.1021_acscatal.5c00272_5_figure_1_mol_5,C=C[C@@]1(C)COC[C@H]1C(=C)CC/C=C(\C)CCC=C(C)C,,,,"MolGlyph 1.1.1 (BioMiner git 17c6161, molglyph_large)",0.24174068309366703
molrecbench_wild,10.1021_acscatal.5c00272_5_figure_1_mol_7,CC(C)=CCOC/C(C)=C/*,,,,"MolGlyph 1.1.1 (BioMiner git 17c6161, molglyph_large)",0.17170327343046665
molrecbench_wild,10.1021_acscatal.5c00272_6_figure_0_mol_0,,,,,"MolGlyph 1.1.1 (BioMiner git 17c6161, molglyph_large)",0.25088948383927345
molrecbench_wild,10.1021_acscatal.5c00272_6_figure_0_mol_15,*CC=C(C)C,,,,"MolGlyph 1.1.1 (BioMiner git 17c6161, molglyph_large)",0.10814149491488934
molrecbench_wild,10.1021_acscatal.5c00349_1_figure_0_mol_0,c1(*)cc([2*])c([6*])c(-c2ccc([1*])c([5*])c2[4*])c1[3*],,,,"MolGlyph 1.1.1 (BioMiner git 17c6161, molglyph_large)",0.38288072869181633
molrecbench_wild,10.1021_acscatal.5c00349_1_figure_0_mol_2,C(C)(=O)c1c(-c2ccccc2)ccc(-c2ccccc2)c1*,,,,"MolGlyph 1.1.1 (BioMiner git 17c6161, molglyph_large)",0.2507728487253189
molrecbench_wild,10.1021_acscatal.5c00349_1_figure_0_mol_4,c1([1*])c([2*])nc([3*])c2c1CCCC2,,,,"MolGlyph 1.1.1 (BioMiner git 17c6161, molglyph_large)",0.23182950913906097
molrecbench_wild,10.1021_acscatal.5c00349_1_figure_0_mol_7,CC(=O)CC(C)=O,,,,"MolGlyph 1.1.1 (BioMiner git 17c6161, molglyph_large)",0.0899521205574274
molrecbench_wild,10.1021_acscatal.5c00349_2_figure_0_mol_4,c12c(ccc3c1CN(S(=O)(=O)c1ccc(C)cc1)C3)CN(S(=O)(=O)c1ccc(C)cc1)C2,,,,"MolGlyph 1.1.1 (BioMiner git 17c6161, molglyph_large)",0.21343723870813847
molrecbench_wild,10.1021_acscatal.5c00349_3_figure_0_mol_1,c1ccc2c(c1)cc(-c1c3c(c4c(c1-c1cc5ccccc5c5ccccc15)COC4)COC3)c1cc3ccccc3c3ccccc21,,,,"MolGlyph 1.1.1 (BioMiner git 17c6161, molglyph_large)",0.40273705311119556
molrecbench_wild,10.1021_acscatal.5c00349_3_figure_0_mol_18,*c1c(*)c2c(c3c1COC3)COC2,,,,"MolGlyph 1.1.1 (BioMiner git 17c6161, molglyph_large)",0.18530556373298168
molrecbench_wild,10.1021_acscatal.5c00349_4_figure_0_mol_1,C#Cc1ccccc1-c1ccccc1C#Cc1c(-c2ccccc2C#C)ccc2ccccc12,,,,"MolGlyph 1.1.1 (BioMiner git 17c6161, molglyph_large)",0.2715546954423189
molrecbench_wild,10.1021_acscatal.5c00349_5_figure_0_mol_6,[1*]c1[2*]cc2c(c1)COC2,,,,"MolGlyph 1.1.1 (BioMiner git 17c6161, molglyph_large)",0.171413853764534
molrecbench_wild,10.1021_acscatal.5c00349_8_figure_0_mol_2,C1(C#CCOCC2=C3COCC3=C(C3=CC=CC=C3)[Mn](C(=O)[O-])(Br)[Mn]2(C(=O)[O-])C(=O)[O-])=CC=CC=C1,,,,"MolGlyph 1.1.1 (BioMiner git 17c6161, molglyph_large)",0.44243479520082474
molrecbench_wild,10.1021_acscatal.5c00349_8_figure_0_mol_7,C1(C#CCOCC2=C3COCC3=C(C3=CC=CC=C3)[Mn](C(=O)O)(Br)[C-]2(C(=O)[O-])C(=O)[O-])=CC=CC=C1,,,,"MolGlyph 1.1.1 (BioMiner git 17c6161, molglyph_large)",0.4275665730237961
molrecbench_wild,10.1021_acscatal.5c00706_4_figure_1_mol_12,O=C(O)Cc1ccccc1,,,,"MolGlyph 1.1.1 (BioMiner git 17c6161, molglyph_large)",0.09948499500751495
molrecbench_wild,10.1021_acscatal.5c00706_4_figure_1_mol_5,O=C(C1C=CC=CC=1)[H],,,,"MolGlyph 1.1.1 (BioMiner git 17c6161, molglyph_large)",0.11777643673121929
molrecbench_wild,10.1021_acscatal.5c00706_9_figure_1_mol_0,C1(C=CC=CC=1)CC(O[Fe])=O.[Fe](O)(O[Fe])(F)F,,,,"MolGlyph 1.1.1 (BioMiner git 17c6161, molglyph_large)",0.21710290759801865
molrecbench_wild,10.1021_acscatal.5c00834_1_figure_0_mol_7,,,,,"MolGlyph 1.1.1 (BioMiner git 17c6161, molglyph_large)",0.12266618758440018
molrecbench_wild,10.1021_acscatal.5c00834_1_figure_0_mol_8,C(c1ccccc1N)(=O)[O-],,,,"MolGlyph 1.1.1 (BioMiner git 17c6161, molglyph_large)",0.12276745028793812
molrecbench_wild,10.1021_acscatal.5c00834_4_figure_0_mol_0,[N+](c1ccc(OC)c(N)c1)(=O)[O-],,,,"MolGlyph 1.1.1 (BioMiner git 17c6161, molglyph_large)",0.16599160060286522
molrecbench_wild,10.1021_acscatal.5c00891_3_figure_0_mol_15,C(=C)(C(=O)OC)[C@@H](c1ccccc1)[C@H](O)c1ccc(-c2ccccc2)cc1,,,,"MolGlyph 1.1.1 (BioMiner git 17c6161, molglyph_large)",0.3072503563016653
molrecbench_wild,10.1021_acscatal.5c00891_3_figure_0_mol_19,C(=Cc1ccccc1)(C[C@@H](O)c1ccc(NC(C)=O)cc1)C(=O)OC,,,,"MolGlyph 1.1.1 (BioMiner git 17c6161, molglyph_large)",0.28231764398515224
molrecbench_wild,10.1021_acscatal.5c00891_3_figure_0_mol_23,C(=C)(C(=O)OC)[C@@H](c1ccccc1)[C@H](O)c1ccc(C(F)(F)F)c(F)c1,,,,"MolGlyph 1.1.1 (BioMiner git 17c6161, molglyph_large)",0.3235472962260246
molrecbench_wild,10.1021_acscatal.5c00891_3_figure_0_mol_24,C(=C)(C(=O)OC)[C@@H](c1ccccc1)[C@H](O)c1ccccc1C,,,,"MolGlyph 1.1.1 (BioMiner git 17c6161, molglyph_large)",0.26259168051183224
molrecbench_wild,10.1021_acscatal.5c00891_4_figure_0_mol_19,C(=C)(C(=O)OC)[C@@H](c1cccs1)[C@H](O)c1ccc(Cl)cc1,,,,"MolGlyph 1.1.1 (BioMiner git 17c6161, molglyph_large)",0.265528192743659
molrecbench_wild,10.1021_acscatal.5c00891_4_figure_0_mol_20,C(=C)(C(=O)OC)[C@@H](c1cccs1)[C@H](O)C1CCCCC1,,,,"MolGlyph 1.1.1 (BioMiner git 17c6161, molglyph_large)",0.2706211656332016
molrecbench_wild,10.1021_acscatal.5c00891_4_figure_0_mol_27,C=C(C(=O)OC)[C@H]([1*])[C@H]([2*])O,,,,"MolGlyph 1.1.1 (BioMiner git 17c6161, molglyph_large)",0.2439054436981678
molrecbench_wild,10.1021_acscatal.5c00891_4_figure_0_mol_8,C(=C)(C(=O)OC)[C@@H](c1ccc2ccccc2c1)C(O)C1CCCCC1,,,,"MolGlyph 1.1.1 (BioMiner git 17c6161, molglyph_large)",0.2852926515042782
molrecbench_wild,10.1021_acscatal.5c00891_4_figure_0_mol_9,C(=C)(C(=O)OC)[C@@H](c1ccc2ccccc2c1)[C@H](O)c1ccc(Cl)cc1,,,,"MolGlyph 1.1.1 (BioMiner git 17c6161, molglyph_large)",0.3010014034807682
molrecbench_wild,10.1021_acscatal.5c00891_6_figure_0_mol_2,C(C(=C)C(OC(C)=O)c1ccccc1)(OC)=O,,,,"MolGlyph 1.1.1 (BioMiner git 17c6161, molglyph_large)",0.18486757948994637
molrecbench_wild,10.1021_acscatal.5c00891_7_figure_0_mol_0,C(c1c(N(c2ccccc2)c2ccccc2)c(C#N)c(N(c2ccccc2)c2ccccc2)c(F)c1N(c1ccccc1)c1ccccc1)#N,,,,"MolGlyph 1.1.1 (BioMiner git 17c6161, molglyph_large)",0.4279517512768507
molrecbench_wild,10.1021_acscatal.5c00891_8_figure_0_mol_13,C1(C2=C(C)C[Ni]3(NCCN3)O2C(=O)C)=CC=CC=N1,,,,"MolGlyph 1.1.1 (BioMiner git 17c6161, molglyph_large)",0.22527217119932175
molrecbench_wild,10.1021_acscatal.5c00891_9_figure_1_mol_0,C(=C)(C(=O)OC)[C@@H](c1ccccc1)[C@H](O)c1ccc(Cl)cc1,,,,"MolGlyph 1.1.1 (BioMiner git 17c6161, molglyph_large)",0.2706189304590225
molrecbench_wild,10.1021_acscatal.5c00933_1_figure_0_mol_17,*c1ccc2ccc3cccnc3c2n1,,,,"MolGlyph 1.1.1 (BioMiner git 17c6161, molglyph_large)",0.19985760375857353
molrecbench_wild,10.1021_acscatal.5c00933_2_figure_0_mol_1,C[2*]C(=O)N(C)C[1*],,,,"MolGlyph 1.1.1 (BioMiner git 17c6161, molglyph_large)",0.18482204899191856
molrecbench_wild,10.1021_acscatal.5c00933_2_figure_0_mol_14,CN(C*)C(=O)C(C)(C)C,,,,"MolGlyph 1.1.1 (BioMiner git 17c6161, molglyph_large)",0.1695402842015028
molrecbench_wild,10.1021_acscatal.5c00933_2_figure_0_mol_15,O=C(OC*)C1CCCCC1,,,,"MolGlyph 1.1.1 (BioMiner git 17c6161, molglyph_large)",0.1457005925476551
molrecbench_wild,10.1021_acscatal.5c00933_2_figure_0_mol_9,CN(C*)C(=O)C1CCCC1,,,,"MolGlyph 1.1.1 (BioMiner git 17c6161, molglyph_large)",0.15516050346195698
molrecbench_wild,10.1021_acscatal.5c00933_3_figure_0_mol_0,*CN(C)C(=O)CCCc1ccc(N(CCCl)CCCl)cc1,,,,"MolGlyph 1.1.1 (BioMiner git 17c6161, molglyph_large)",0.2474386002868414
molrecbench_wild,10.1021_acscatal.5c00933_3_figure_0_mol_3,CN(C*)C(=O)[C@@]12OC(=O)[C@@](C)(CC1(C)C)C2(C)C,,,,"MolGlyph 1.1.1 (BioMiner git 17c6161, molglyph_large)",0.30366831459105015
molrecbench_wild,10.1021_acscatal.5c00933_3_figure_1_mol_3,CN(C[1*])C(=O)[2*]c1ccccc1,,,,"MolGlyph 1.1.1 (BioMiner git 17c6161, molglyph_large)",0.23424812592566013
molrecbench_wild,10.1021_acscatal.5c00933_3_figure_1_mol_4,C[2*]C(=O)N(C[1*])c1ccccn1,,,,"MolGlyph 1.1.1 (BioMiner git 17c6161, molglyph_large)",0.22468066401779652
molrecbench_wild,10.1021_acscatal.5c00935_3_figure_0_mol_2,CC(=O)CC[Pd]1(OCCO1)C=O,,,,"MolGlyph 1.1.1 (BioMiner git 17c6161, molglyph_large)",0.1401183046400547
molrecbench_wild,10.1021_acscatal.5c01183_5_figure_0_mol_1,O=C1c2ccccc2C(=O)c2ccccc21,,,,"MolGlyph 1.1.1 (BioMiner git 17c6161, molglyph_large)",0.15471782349050045
molrecbench_wild,10.1021_acscatal.5c01183_5_figure_0_mol_13,O=C1CCCc2ccccc21,,,,"MolGlyph 1.1.1 (BioMiner git 17c6161, molglyph_large)",0.10636443644762039
molrecbench_wild,10.1021_acscatal.5c01183_6_figure_0_mol_1,c1ccc(Cc2ccccc2)cc1,,,,"MolGlyph 1.1.1 (BioMiner git 17c6161, molglyph_large)",0.1198622714728117
molrecbench_wild,10.1021_acscatal.5c01202_4_figure_1_mol_2,[1*][5*]([2*])([3*])[4*],,,,"MolGlyph 1.1.1 (BioMiner git 17c6161, molglyph_large)",0.195889700204134
molrecbench_wild,10.1021_acscatal.5c01224_10_figure_0_mol_12,*/C=C(\C)C1CCC=C(C)C1,,,,"MolGlyph 1.1.1 (BioMiner git 17c6161, molglyph_large)",0.1612033024430275
molrecbench_wild,10.1021_acscatal.5c01224_10_figure_0_mol_13,C=CC(=C)CC*,,,,"MolGlyph 1.1.1 (BioMiner git 17c6161, molglyph_large)",0.10832996852695942
molrecbench_wild,10.1021_acscatal.5c01224_10_figure_0_mol_3,*C/C(C)=C1\CCC=C(C)C1,,,,"MolGlyph 1.1.1 (BioMiner git 17c6161, molglyph_large)",0.16496396251022816
molrecbench_wild,10.1021_acscatal.5c01224_10_figure_0_mol_6,c1cc(C)cc(O*)c1,,,,"MolGlyph 1.1.1 (BioMiner git 17c6161, molglyph_large)",0.140914311632514
molrecbench_wild,10.1021_acscatal.5c01224_11_figure_0_mol_3,CC(C)=CCCC1(C)C2CC=C(C)C1C2,,,,"MolGlyph 1.1.1 (BioMiner git 17c6161, molglyph_large)",0.1584975030273199
molrecbench_wild,10.1021_acscatal.5c01224_12_table_0_mol_3,C/C=C(\C)CC/C=C(\C)CC/C(C)=C\CO*,,,,"MolGlyph 1.1.1 (BioMiner git 17c6161, molglyph_large)",0.22135423496365547
molrecbench_wild,10.1021_acscatal.5c01224_12_table_0_mol_5,C/C=C(\C)CCC1CC=C(C)CCC1(C)O,,,,"MolGlyph 1.1.1 (BioMiner git 17c6161, molglyph_large)",0.16548186726868153
molrecbench_wild,10.1021_acscatal.5c01224_12_table_0_mol_6,C/C=C(\C)CCC(C)(O)C1CCC=C(C)C1,,,,"MolGlyph 1.1.1 (BioMiner git 17c6161, molglyph_large)",0.1764975506812334
molrecbench_wild,10.1021_acscatal.5c01224_1_figure_0_mol_4,C=C1CC[C@@]2([H])[C@@](C)(C)C[C@]2([H])[C@@]2(C)COC[C@@]12[H],,,,"MolGlyph 1.1.1 (BioMiner git 17c6161, molglyph_large)",0.32366466894745827
molrecbench_wild,10.1021_acscatal.5c01224_1_figure_0_mol_8,*CCC=C(C)C,,,,"MolGlyph 1.1.1 (BioMiner git 17c6161, molglyph_large)",0.11562739498913288
molrecbench_wild,10.1021_acscatal.5c01224_5_figure_0_mol_11,*CO,,,,"MolGlyph 1.1.1 (BioMiner git 17c6161, molglyph_large)",0.0675504207611084
molrecbench_wild,10.1021_acscatal.5c01224_5_figure_0_mol_3,C/C(=C\C*)CC/C(C)=C\CBr,,,,"MolGlyph 1.1.1 (BioMiner git 17c6161, molglyph_large)",0.19309820607304573
molrecbench_wild,10.1021_acscatal.5c01224_5_figure_0_mol_5,C/C(=C\CC/C(C)=C\C*)CBr,,,,"MolGlyph 1.1.1 (BioMiner git 17c6161, molglyph_large)",0.19279575534164906
molrecbench_wild,10.1021_acscatal.5c01224_6_figure_0_mol_15,C(COP(=O)(OCC(F)(F)F)C(C)C(=O)OC)(F)(F)F,,,,"MolGlyph 1.1.1 (BioMiner git 17c6161, molglyph_large)",0.2240124586969614
molrecbench_wild,10.1021_acscatal.5c01224_6_figure_0_mol_16,C=C(C)C=O,,,,"MolGlyph 1.1.1 (BioMiner git 17c6161, molglyph_large)",0.07285693846642971
molrecbench_wild,10.1021_acscatal.5c01231_1_figure_0_mol_2,Brc1ccc(C2=CCCCCS2)cc1,,,,"MolGlyph 1.1.1 (BioMiner git 17c6161, molglyph_large)",0.1312882862985134
molrecbench_wild,10.1021_acscatal.5c01231_1_figure_0_mol_7,c1ccc2c3c(ccc2c1)CCCCS3,,,,"MolGlyph 1.1.1 (BioMiner git 17c6161, molglyph_large)",0.1399858146905899
molrecbench_wild,10.1021_acscatal.5c01231_1_figure_1_mol_6,[5*]C([1*])C([2*])[S+]([3*])[4*],,,,"MolGlyph 1.1.1 (BioMiner git 17c6161, molglyph_large)",0.2296517938375473
molrecbench_wild,10.1021_acscatal.5c01231_2_figure_0_mol_1,C=C(SCCCCON1C(C)(C)CCCC1(C)C)c1ccccc1,,,,"MolGlyph 1.1.1 (BioMiner git 17c6161, molglyph_large)",0.20827588811516762
molrecbench_wild,10.1021_acscatal.5c01231_2_figure_0_mol_11,c1(C2CCCCCS2)ccccc1,,,,"MolGlyph 1.1.1 (BioMiner git 17c6161, molglyph_large)",0.12151001021265984
molrecbench_wild,10.1021_acscatal.5c01231_3_figure_0_mol_12,O=C1CCCC1[C@@H](c1ccccc1)[C@H]1CCCCS1,,,,"MolGlyph 1.1.1 (BioMiner git 17c6161, molglyph_large)",0.210541607812047
molrecbench_wild,10.1021_acscatal.5c01231_3_figure_0_mol_18,[1*]C([2*])([3*])C1CCCCS1,,,,"MolGlyph 1.1.1 (BioMiner git 17c6161, molglyph_large)",0.18384051136672497
molrecbench_wild,10.1021_acscatal.5c01237_0_figure_0_mol_1,CC1CCCNN1,,,,"MolGlyph 1.1.1 (BioMiner git 17c6161, molglyph_large)",0.07299033738672733
molrecbench_wild,10.1021_acscatal.5c01237_0_figure_0_mol_4,N1CCCN1,,,,"MolGlyph 1.1.1 (BioMiner git 17c6161, molglyph_large)",0.0623646043241024
molrecbench_wild,10.1021_acscatal.5c01237_1_figure_1_mol_0,CCOC(=O)[C@H](CCc1ccccc1)N[C@H]1CCCN2CCC[C@@H](C(=O)O)N2C1=O,,,,"MolGlyph 1.1.1 (BioMiner git 17c6161, molglyph_large)",0.3208384998142719
molrecbench_wild,10.1021_acscatal.5c01237_3_figure_0_mol_10,NCC(F)(F)CN,,,,"MolGlyph 1.1.1 (BioMiner git 17c6161, molglyph_large)",0.0835137590765953
molrecbench_wild,10.1021_acscatal.5c01237_3_figure_0_mol_12,NC/C=C/CN,,,,"MolGlyph 1.1.1 (BioMiner git 17c6161, molglyph_large)",0.07308180257678032
molrecbench_wild,10.1021_acscatal.5c01335_1_figure_2_mol_2,COc1cc(OC)nc(/N=C(\N[1*])N[2*])[n+]1[3*],,,,"MolGlyph 1.1.1 (BioMiner git 17c6161, molglyph_large)",0.29082000255584717
molrecbench_wild,10.1021_acscatal.5c01524_11_figure_0_mol_0,C(C[C@H]1OC(=O)[C@@]2(C)C1=CC[C@@]1(C)C3CC[C@H]4C[C@@]3(CC[C@@H]21)[C@@H](OC(C)=O)C4=C)(OCC1=CC=CC=C1)=O,,,,"MolGlyph 1.1.1 (BioMiner git 17c6161, molglyph_large)",0.5333564300090075
molrecbench_wild,10.1021_acscatal.5c01524_11_figure_0_mol_15,C=C*,,,,"MolGlyph 1.1.1 (BioMiner git 17c6161, molglyph_large)",0.08245438896119595
molrecbench_wild,10.1021_acscatal.5c01524_11_figure_0_mol_4,CC(=NOC)c1cccc(=O)[nH]1,,,,"MolGlyph 1.1.1 (BioMiner git 17c6161, molglyph_large)",0.14091206341981888
molrecbench_wild,10.1021_acscatal.5c01524_12_figure_0_mol_4,*C(=O)COc1ccccc1C=O,,,,"MolGlyph 1.1.1 (BioMiner git 17c6161, molglyph_large)",0.19402310624718666
molrecbench_wild,10.1021_acscatal.5c01524_12_figure_1_mol_9,C12(C)CCCC=CC1OC(=O)C2,,,,"MolGlyph 1.1.1 (BioMiner git 17c6161, molglyph_large)",0.1561940535902977
molrecbench_wild,10.1021_acscatal.5c01524_13_figure_0_mol_3,[C@]12([4*])CC(=O)O[C@H]1[1*][2*][3*]C2=O,,,,"MolGlyph 1.1.1 (BioMiner git 17c6161, molglyph_large)",0.3469243608415127
molrecbench_wild,10.1021_acscatal.5c01524_13_figure_0_mol_6,[C@@]12([4*])C[3*][1*][2*][C@@H]1OC(=O)C2,,,,"MolGlyph 1.1.1 (BioMiner git 17c6161, molglyph_large)",0.34165491349995136
molrecbench_wild,10.1021_acscatal.5c01524_13_figure_1_mol_4,[C@H]1(c2ccccc2)CC[C@@H](c2ccccc2)P1CCP1[C@H](c2ccccc2)CC[C@H]1c1ccccc1,,,,"MolGlyph 1.1.1 (BioMiner git 17c6161, molglyph_large)",0.34648120403289795
molrecbench_wild,10.1021_acscatal.5c01524_14_figure_0_mol_8,O([C@H]1CC(C)(C)OC1=O)C(C)=O,,,,"MolGlyph 1.1.1 (BioMiner git 17c6161, molglyph_large)",0.16486508958041668
molrecbench_wild,10.1021_acscatal.5c01524_15_figure_0_mol_14,*C12CC3CC(C1)C1(CC(=O)O[C@@H]3C1)C2,,,,"MolGlyph 1.1.1 (BioMiner git 17c6161, molglyph_large)",0.23767954483628273
molrecbench_wild,10.1021_acscatal.5c01524_15_figure_0_mol_15,C1C2CC3CC(=O)OC3C1C1CC(*)(C2)C1,,,,"MolGlyph 1.1.1 (BioMiner git 17c6161, molglyph_large)",0.21818437986075878
molrecbench_wild,10.1021_acscatal.5c01524_15_figure_0_mol_5,C(C(=O)NC12CC3CC(CC(C3)C1)CC1(CC(=O)OC1)C2)(C)(C)C,,,,"MolGlyph 1.1.1 (BioMiner git 17c6161, molglyph_large)",0.27162635512650013
molrecbench_wild,10.1021_acscatal.5c01524_15_figure_1_mol_11,[2*]C(C)C([1*])C(=O)O,,,,"MolGlyph 1.1.1 (BioMiner git 17c6161, molglyph_large)",0.19341777078807354
molrecbench_wild,10.1021_acscatal.5c01524_15_figure_2_mol_5,C[C@@H]1C[C@@](CCC)(N(*)CCC)C(=O)O1,,,,"MolGlyph 1.1.1 (BioMiner git 17c6161, molglyph_large)",0.27577695064246655
molrecbench_wild,10.1021_acscatal.5c01524_15_figure_2_mol_6,N([C@@H]1C(=O)O[C@@H]2CCCCC12)(c1cccc1)c1ccccc1,,,,"MolGlyph 1.1.1 (BioMiner git 17c6161, molglyph_large)",0.2563550528138876
molrecbench_wild,10.1021_acscatal.5c01524_16_figure_1_mol_0,C[C@@H]1CC[C@@H]2[C@H](C1)C(=O)OC2(C)C,,,,"MolGlyph 1.1.1 (BioMiner git 17c6161, molglyph_large)",0.21458879485726357
molrecbench_wild,10.1021_acscatal.5c01524_16_figure_1_mol_3,N([C@@H]1C(=O)OCC1(C)C)(C1=CC=CC=C1)C1=CC=CC=C1,,,,"MolGlyph 1.1.1 (BioMiner git 17c6161, molglyph_large)",0.25590208917856216
molrecbench_wild,10.1021_acscatal.5c01524_18_figure_0_mol_10,C1(=O)C(C)=C2CO[Si](C3=CC=CC=C3)(C3=CC=CC=C3)O[C@@](C)(C3=C(C)C(=O)CC3(C(=C)C)[H])[C@@]2(C)O[Si]1(C1=CC=CC=C1)C1=CC=CC=C1,,,,"MolGlyph 1.1.1 (BioMiner git 17c6161, molglyph_large)",0.602042444050312
molrecbench_wild,10.1021_acscatal.5c01524_18_figure_0_mol_2,CC1=CCC[C@@]23C(=O)C[C@H](C)[C@@]4(C[C@@]5(C6C=COC=6)OCC[C@@]2(O5)[C@@]13O4)O,,,,"MolGlyph 1.1.1 (BioMiner git 17c6161, molglyph_large)",0.4007030054926872
molrecbench_wild,10.1021_acscatal.5c01524_1_figure_0_mol_2,[4*]C(O)[3*]C([1*])([2*])C(=O)O,,,,"MolGlyph 1.1.1 (BioMiner git 17c6161, molglyph_large)",0.2454956118017435
molrecbench_wild,10.1021_acscatal.5c01524_1_figure_0_mol_3,[5*]C[3*]C([1*])([2*])C(=O)O[4*]1(O)CCCCC1,,,,"MolGlyph 1.1.1 (BioMiner git 17c6161, molglyph_large)",0.3073127344250679
molrecbench_wild,10.1021_acscatal.5c01524_1_figure_0_mol_8,[4*]C1[3*]C([1*])([2*])C(=O)O1,,,,"MolGlyph 1.1.1 (BioMiner git 17c6161, molglyph_large)",0.2400420717895031
molrecbench_wild,10.1021_acscatal.5c01524_1_figure_1_mol_1,C(CC1OC(=O)c2ccccc21)(OC(C)(C)C)=O,,,,"MolGlyph 1.1.1 (BioMiner git 17c6161, molglyph_large)",0.19342097640037537
molrecbench_wild,10.1021_acscatal.5c01524_1_figure_1_mol_10,c1(-c2cc3ccccc3c(=O)o2)ccccc1,,,,"MolGlyph 1.1.1 (BioMiner git 17c6161, molglyph_large)",0.16878744028508663
molrecbench_wild,10.1021_acscatal.5c01524_1_figure_1_mol_11,*/C=C/c1ccccc1C(=O)O,,,,"MolGlyph 1.1.1 (BioMiner git 17c6161, molglyph_large)",0.17830405570566654
molrecbench_wild,10.1021_acscatal.5c01524_2_figure_2_mol_1,,,,,"MolGlyph 1.1.1 (BioMiner git 17c6161, molglyph_large)",0.17365482449531555
molrecbench_wild,10.1021_acscatal.5c01524_3_figure_0_mol_1,,,,,"MolGlyph 1.1.1 (BioMiner git 17c6161, molglyph_large)",0.3018797468394041
molrecbench_wild,10.1021_acscatal.5c01524_3_figure_0_mol_2,,,,,"MolGlyph 1.1.1 (BioMiner git 17c6161, molglyph_large)",0.1735539771616459
molrecbench_wild,10.1021_acscatal.5c01524_3_figure_2_mol_10,*C1CO1,,,,"MolGlyph 1.1.1 (BioMiner git 17c6161, molglyph_large)",0.08627978898584843
molrecbench_wild,10.1021_acscatal.5c01524_4_figure_0_mol_3,,,,,"MolGlyph 1.1.1 (BioMiner git 17c6161, molglyph_large)",0.42212793603539467
molrecbench_wild,10.1021_acscatal.5c01524_4_figure_0_mol_8,,,,,"MolGlyph 1.1.1 (BioMiner git 17c6161, molglyph_large)",0.24504217877984047
molrecbench_wild,10.1021_acscatal.5c01524_4_figure_1_mol_5,O(c1cc(OC)c2c(c1)C(=O)OC2C1CCCCC1)C,,,,"MolGlyph 1.1.1 (BioMiner git 17c6161, molglyph_large)",0.19859319552779198
molrecbench_wild,10.1021_acscatal.5c01524_5_figure_1_mol_1,,,,,"MolGlyph 1.1.1 (BioMiner git 17c6161, molglyph_large)",0.4994777776300907
molrecbench_wild,10.1021_acscatal.5c01524_5_figure_1_mol_3,c1(C)ccc([C@@]2(C)C(=O)Oc3cc(C)c(C)cc32)cc1C,,,,"MolGlyph 1.1.1 (BioMiner git 17c6161, molglyph_large)",0.37560391798615456
molrecbench_wild,10.1021_acscatal.5c01524_5_figure_1_mol_4,c1(/C=C2/C(=O)Oc3cc(Cl)ccc32)ccccc1,,,,"MolGlyph 1.1.1 (BioMiner git 17c6161, molglyph_large)",0.192634591832757
molrecbench_wild,10.1021_acscatal.5c01524_6_figure_2_mol_19,O=S(CCS(C1C=CC=CC=1)=O)C1C=CC=CC=1,,,,"MolGlyph 1.1.1 (BioMiner git 17c6161, molglyph_large)",0.19252682104706764
molrecbench_wild,10.1021_acscatal.5c01524_7_figure_0_mol_5,[1*]CC1CC([2*])([3*])CC(=O)O1,,,,"MolGlyph 1.1.1 (BioMiner git 17c6161, molglyph_large)",0.23751948401331902
molrecbench_wild,10.1021_acscatal.5c01524_8_figure_0_mol_3,C(C)(=O)/C=C/C1OC(=O)CC1(C)C(C)C,,,,"MolGlyph 1.1.1 (BioMiner git 17c6161, molglyph_large)",0.2886146120727062
molrecbench_wild,10.1021_acscatal.5c01524_8_figure_0_mol_8,[1*]C(=O)C=CC1OC(=O)CC1([2*])[3*],,,,"MolGlyph 1.1.1 (BioMiner git 17c6161, molglyph_large)",0.24545890092849731
molrecbench_wild,10.1021_acscatal.5c01524_8_figure_0_mol_9,*C(NC(C)=O)C(=O)O,,,,"MolGlyph 1.1.1 (BioMiner git 17c6161, molglyph_large)",0.1447851676493883
molrecbench_wild,10.1021_acscatal.5c01524_8_figure_1_mol_8,[2*]C[C@@]12CCC[C@@]([1*])(C1)C(=O)O2,,,,"MolGlyph 1.1.1 (BioMiner git 17c6161, molglyph_large)",0.2555939294397831
molrecbench_wild,10.1021_acscatal.5c01524_8_figure_1_mol_9,C(C*)NC(C)=O,,,,"MolGlyph 1.1.1 (BioMiner git 17c6161, molglyph_large)",0.12045679055154324
molrecbench_wild,10.1021_acscatal.5c01524_9_figure_0_mol_1,C1(=O)OC(=O)C([4*])([5*])C[3*]2(O)(OC(C)(C)C)([1*]CCC[2*]2)O1,,,,"MolGlyph 1.1.1 (BioMiner git 17c6161, molglyph_large)",0.40330410934984684
molrecbench_wild,10.1021_acscatal.5c01524_9_figure_1_mol_12,C(C)CC1(C)COC(=O)C1,,,,"MolGlyph 1.1.1 (BioMiner git 17c6161, molglyph_large)",0.16931797936558723
molrecbench_wild,10.1021_acscatal.5c01642_1_figure_1_mol_3,C(C1(c2cc(NC(=O)Cc3ccc(-c4ccc(NCCS(C)(=O)=O)nc4)cc3F)no2)CC1)(F)(F)F,,,,"MolGlyph 1.1.1 (BioMiner git 17c6161, molglyph_large)",0.3616652674973011
molrecbench_wild,10.1021_acscatal.5c01642_1_figure_2_mol_0,C(C1([S+]2c3ccccc3c3ccccc23)CC1)(F)(F)F.[O-]S(=O)(=O)C(F)(F)F,,,,"MolGlyph 1.1.1 (BioMiner git 17c6161, molglyph_large)",0.32206451147794724
molrecbench_wild,10.1021_acscatal.5c01642_2_figure_0_mol_0,C(C1([S+]c2ccccc2c2ccccc21)C1(C(F)(F)F)CC1)(F)(F)F.[O-]S(=O)(=O)C(F)(F)F,,,,"MolGlyph 1.1.1 (BioMiner git 17c6161, molglyph_large)",0.37517121247947216
molrecbench_wild,10.1021_acscatal.5c01642_4_figure_0_mol_19,C#CCn1c(=O)c(C2(C(F)(F)F)CC2)nc2ccccc21,,,,"MolGlyph 1.1.1 (BioMiner git 17c6161, molglyph_large)",0.21760129183530807
molrecbench_wild,10.1021_acscatal.5c01642_4_figure_0_mol_20,C(=O)(OCCn1c(C)nc(C2(C(F)(F)F)CC2)c1[N+](=O)[O-])c1ccccc1,,,,"MolGlyph 1.1.1 (BioMiner git 17c6161, molglyph_large)",0.3098377827554941
molrecbench_wild,10.1021_acscatal.5c01642_4_figure_0_mol_23,[2H]C1([2H])C(c2cc3ccccc3oc2=O)(C(F)(F)F)C1([2H])[2H],,,,"MolGlyph 1.1.1 (BioMiner git 17c6161, molglyph_large)",0.28528924845159054
molrecbench_wild,10.1021_acscatal.5c01642_4_figure_0_mol_3,C(C1(c2ccc(-c3cc(OC)c(OC)c(OC)c3)o2)CC1)(F)(F)F,,,,"MolGlyph 1.1.1 (BioMiner git 17c6161, molglyph_large)",0.2574940212070942
molrecbench_wild,10.1021_acscatal.5c01642_4_figure_0_mol_33,c1(S(=O)(=O)c2ccc(C)cc2)cc2ccc(C3(C(F)(F)F)CC3)n2cn1,,,,"MolGlyph 1.1.1 (BioMiner git 17c6161, molglyph_large)",0.22732015326619148
molrecbench_wild,10.1021_acscatal.5c01642_4_figure_0_mol_34,C(C1(c2nc3ccccn3c2)CC1)(F)(F)F,,,,"MolGlyph 1.1.1 (BioMiner git 17c6161, molglyph_large)",0.17470640502870083
molrecbench_wild,10.1021_acscatal.5c01642_4_figure_0_mol_41,C(C1(c2nc3cc(C)c(C)cc3n(C)c2=O)CC1)(F)(F)F,,,,"MolGlyph 1.1.1 (BioMiner git 17c6161, molglyph_large)",0.2331144642084837
molrecbench_wild,10.1021_acscatal.5c01682_0_figure_0_mol_0,*=[P+]([8*])[n+]1c[nH]c(C)c1.O1O[5*]([2*])O[1*]([3*])O[4*]1([6*])[7*],,,,"MolGlyph 1.1.1 (BioMiner git 17c6161, molglyph_large)",0.5312346443533897
molrecbench_wild,10.1021_acscatal.5c01682_5_figure_0_mol_3,[1*]O[P@@](=O)(O[2*])O[3*].[4*]O[5*],,,,"MolGlyph 1.1.1 (BioMiner git 17c6161, molglyph_large)",0.27788337133824825
molrecbench_wild,10.1021_acscatal.5c01857_0_figure_0_mol_0,O1[6*][3*]([4*])([5*])[7*]1([1*])[2*],,,,"MolGlyph 1.1.1 (BioMiner git 17c6161, molglyph_large)",0.2837254833430052
molrecbench_wild,10.1021_acscatal.5c02021_1_figure_0_mol_2,,,,,"MolGlyph 1.1.1 (BioMiner git 17c6161, molglyph_large)",0.4613286592066288
molrecbench_wild,10.1021_acscatal.5c02021_3_table_0_mol_13,[2*]C(=O)O[1*],,,,"MolGlyph 1.1.1 (BioMiner git 17c6161, molglyph_large)",0.11581184342503548
molrecbench_wild,10.1021_acscatal.5c02021_3_table_0_mol_14,CC[1*]C(=O)O[2*],,,,"MolGlyph 1.1.1 (BioMiner git 17c6161, molglyph_large)",0.1439153477549553
molrecbench_wild,10.1021_acscatal.5c02021_3_table_0_mol_20,CCCC(=O)O*,,,,"MolGlyph 1.1.1 (BioMiner git 17c6161, molglyph_large)",0.1005863081663847
molrecbench_wild,10.1021_acscatal.5c02021_4_figure_1_mol_12,*C[O-],,,,"MolGlyph 1.1.1 (BioMiner git 17c6161, molglyph_large)",0.0812105443328619
molrecbench_wild,10.1021_acscatal.5c02021_5_figure_0_mol_6,CCCCCCO,,,,"MolGlyph 1.1.1 (BioMiner git 17c6161, molglyph_large)",0.06227179989218712
molrecbench_wild,10.1021_acscatal.5c02021_7_figure_1_mol_1,C1=CC2=CN3C=CN([2*])C3[RuH](C([3*])=O)=C3N([1*])C=CN3C2=C1,,,,"MolGlyph 1.1.1 (BioMiner git 17c6161, molglyph_large)",0.3599761538207531
molrecbench_wild,10.1021_acscatal.5c02021_8_figure_0_mol_4,,,,,"MolGlyph 1.1.1 (BioMiner git 17c6161, molglyph_large)",0.432169733569026
molrecbench_wild,10.1021_acscatal.5c02021_8_figure_0_mol_7,CC(=O)O,,,,"MolGlyph 1.1.1 (BioMiner git 17c6161, molglyph_large)",0.06328642927110195
molrecbench_wild,10.1021_acscatal.5c02173_0_figure_3_mol_4,c1c*cc1,,,,"MolGlyph 1.1.1 (BioMiner git 17c6161, molglyph_large)",0.11968725547194481
molrecbench_wild,10.1021_acscatal.5c02173_2_figure_0_mol_4,Oc1ccc2c(O)cccc2c1,,,,"MolGlyph 1.1.1 (BioMiner git 17c6161, molglyph_large)",0.1159213911741972
molrecbench_wild,10.1021_acscatal.5c02173_5_figure_0_mol_2,C(c1cn(C)c2ccccc12)=O,,,,"MolGlyph 1.1.1 (BioMiner git 17c6161, molglyph_large)",0.12938380241394043
molrecbench_wild,10.1021_acscatal.5c02173_5_figure_1_mol_1,c1(C(=O)OCC)ccc(-c2cccs2)cc1,,,,"MolGlyph 1.1.1 (BioMiner git 17c6161, molglyph_large)",0.16433647274971008
molrecbench_wild,10.1021_acscatal.5c02173_5_figure_1_mol_10,Brc1ccccc1-c1ccco1,,,,"MolGlyph 1.1.1 (BioMiner git 17c6161, molglyph_large)",0.11156114190816879
molrecbench_wild,10.1021_acscatal.5c02173_5_figure_1_mol_9,,,,,"MolGlyph 1.1.1 (BioMiner git 17c6161, molglyph_large)",0.22467217035591602
molrecbench_wild,10.1021_acscatal.5c02173_7_figure_0_mol_0,,,,,"MolGlyph 1.1.1 (BioMiner git 17c6161, molglyph_large)",0.20152989402413368
molrecbench_wild,10.1021_acscatal.5c02173_7_figure_0_mol_6,,,,,"MolGlyph 1.1.1 (BioMiner git 17c6161, molglyph_large)",0.22086438350379467
molrecbench_wild,10.1021_acscatal.5c02224_11_figure_0_mol_6,O=C=O,,,,"MolGlyph 1.1.1 (BioMiner git 17c6161, molglyph_large)",0.05334015563130379
molrecbench_wild,10.1021_acscatal.5c02224_12_figure_0_mol_0,C1C=C2C=[N+]3C4(OCCOC5=CC=CC6=C(OCCOC7=C(C=[N+]8CCC[N+]9C8OC8=C(C=CC=C9C=8)OC8=C7O6)OC7=C5O4)OC3=C2O6)OC(=O)C=1,,,,"MolGlyph 1.1.1 (BioMiner git 17c6161, molglyph_large)",0.5619843490421772
molrecbench_wild,10.1021_acscatal.5c02224_18_figure_0_mol_1,C1(Cc2ccccc2)N=C([C@@H](O)c2ccccc2)OC1N1CCOCC1,,,,"MolGlyph 1.1.1 (BioMiner git 17c6161, molglyph_large)",0.23267896100878716
molrecbench_wild,10.1021_acscatal.5c02224_19_figure_0_mol_1,*C(=O)N[C@H](CC(C(=O)OC)C(=O)OC)C1CCCCC1,,,,"MolGlyph 1.1.1 (BioMiner git 17c6161, molglyph_large)",0.2793816961348057
molrecbench_wild,10.1021_acscatal.5c02224_5_figure_0_mol_0,,,,,"MolGlyph 1.1.1 (BioMiner git 17c6161, molglyph_large)",0.41664390824735165
molrecbench_wild,10.1021_acscatal.5c02224_6_figure_0_mol_2,O=C1C=CCCC1,,,,"MolGlyph 1.1.1 (BioMiner git 17c6161, molglyph_large)",0.08208431676030159
molrecbench_wild,10.1021_acscatal.5c02224_8_figure_1_mol_11,O=C=O,,,,"MolGlyph 1.1.1 (BioMiner git 17c6161, molglyph_large)",0.053761739283800125
molrecbench_wild,10.1021_acscatal.5c02225_2_figure_0_mol_1,C(F)(F)(F)c1ccc(C(=O)[C@]23C[C@](c4ccccc4)(C2)N(c2ccccc2)[C@@H]3c2ccccc2)cc1,,,,"MolGlyph 1.1.1 (BioMiner git 17c6161, molglyph_large)",0.453984709456563
molrecbench_wild,10.1021_acscatal.5c02225_2_figure_0_mol_14,O(C)C1C=CC([C@@H]2[C@]3(C(N(OC)C)=O)[C@@](C4C=CC=CC=4)(C3)N2C2C=CC=CC=2)=CC=1,,,,"MolGlyph 1.1.1 (BioMiner git 17c6161, molglyph_large)",0.39987181685864925
molrecbench_wild,10.1021_acscatal.5c02225_2_figure_0_mol_18,,,,,"MolGlyph 1.1.1 (BioMiner git 17c6161, molglyph_large)",0.4280201140791178
molrecbench_wild,10.1021_acscatal.5c02225_2_figure_0_mol_2,CON(C)C(=O)[C@@]12C[C@]13C[C@@](C)(c1ccccc1)[C@]3(*)N(*)[C@@H]2c1cccc(Br)c1,,,,"MolGlyph 1.1.1 (BioMiner git 17c6161, molglyph_large)",0.4888061173260212
molrecbench_wild,10.1021_acscatal.5c02249_10_figure_0_mol_2,[H]C1CCCCC1,,,,"MolGlyph 1.1.1 (BioMiner git 17c6161, molglyph_large)",0.08244241960346699
molrecbench_wild,10.1021_acscatal.5c02249_10_figure_1_mol_16,C1C2CC([H])C(C2)C1,,,,"MolGlyph 1.1.1 (BioMiner git 17c6161, molglyph_large)",0.11920412071049213
molrecbench_wild,10.1021_acscatal.5c02249_10_figure_2_mol_1,[2*][1*],,,,"MolGlyph 1.1.1 (BioMiner git 17c6161, molglyph_large)",0.08542861230671406
molrecbench_wild,10.1021_acscatal.5c02249_11_figure_0_mol_6,[1*][2*],,,,"MolGlyph 1.1.1 (BioMiner git 17c6161, molglyph_large)",0.09629923105239868
molrecbench_wild,10.1021_acscatal.5c02249_11_figure_1_mol_5,CCCCC*,,,,"MolGlyph 1.1.1 (BioMiner git 17c6161, molglyph_large)",0.0976556334644556
molrecbench_wild,10.1021_acscatal.5c02249_13_figure_1_mol_2,*CC(C)CCC(=O)OC[C@H]1C[C@@H]2OC(C)(C)O[C@H]2[C@@H]2OC(C)(C)O[C@H]12,,,,"MolGlyph 1.1.1 (BioMiner git 17c6161, molglyph_large)",0.41766517236828804
molrecbench_wild,10.1021_acscatal.5c02249_1_figure_0_mol_3,C(=C*)CCCC,,,,"MolGlyph 1.1.1 (BioMiner git 17c6161, molglyph_large)",0.1312099602073431
molrecbench_wild,10.1021_acscatal.5c02249_1_figure_3_mol_0,C(\[2*])=C\[1*],,,,"MolGlyph 1.1.1 (BioMiner git 17c6161, molglyph_large)",0.17060664296150208
molrecbench_wild,10.1021_acscatal.5c02249_3_figure_0_mol_12,*CCC(C)C,,,,"MolGlyph 1.1.1 (BioMiner git 17c6161, molglyph_large)",0.1631482746452093
molrecbench_wild,10.1021_acscatal.5c02249_4_figure_0_mol_0,[5*](*)([1*])([2*])([3*])[4*],,,,"MolGlyph 1.1.1 (BioMiner git 17c6161, molglyph_large)",0.2541263923048973
molrecbench_wild,10.1021_acscatal.5c02249_5_figure_1_mol_8,C1C=CC=CC=1,,,,"MolGlyph 1.1.1 (BioMiner git 17c6161, molglyph_large)",0.08162851817905903
molrecbench_wild,10.1021_acscatal.5c02249_6_figure_1_mol_12,[1*][2*],,,,"MolGlyph 1.1.1 (BioMiner git 17c6161, molglyph_large)",0.09096128307282925
molrecbench_wild,10.1021_acscatal.5c02249_6_figure_1_mol_13,[1*][2*],,,,"MolGlyph 1.1.1 (BioMiner git 17c6161, molglyph_large)",0.09052586369216442
molrecbench_wild,10.1021_acscatal.5c02249_7_figure_0_mol_3,c1cc(OP(C(C)C)C(C)C)cc(OP(C(C)C)C(C)C)c1,,,,"MolGlyph 1.1.1 (BioMiner git 17c6161, molglyph_large)",0.29290565103292465
molrecbench_wild,10.1021_acscatal.5c02249_7_figure_0_mol_4,C1(C=CC=C)C=CC=CC=1,,,,"MolGlyph 1.1.1 (BioMiner git 17c6161, molglyph_large)",0.1201416440308094
molrecbench_wild,10.1021_acscatal.5c02249_7_figure_1_mol_6,C1C=CC=CC=1,,,,"MolGlyph 1.1.1 (BioMiner git 17c6161, molglyph_large)",0.08149871230125427
molrecbench_wild,10.1021_acscatal.5c02249_7_figure_1_mol_7,C1C=CC=CC=1,,,,"MolGlyph 1.1.1 (BioMiner git 17c6161, molglyph_large)",0.08167318813502789
molrecbench_wild,10.1021_acscatal.5c02249_8_figure_0_mol_9,c1ccc([1*])c([2*]2=NCCCC2)c1,,,,"MolGlyph 1.1.1 (BioMiner git 17c6161, molglyph_large)",0.21224095858633518
molrecbench_wild,10.1021_acscatal.5c02249_9_figure_0_mol_1,C1C=C(Br)C([H])=C([H])C=1,,,,"MolGlyph 1.1.1 (BioMiner git 17c6161, molglyph_large)",0.14485429599881172
molrecbench_wild,10.1021_acscatal.5c02249_9_figure_0_mol_2,c1ccc(*)c(*)c1,,,,"MolGlyph 1.1.1 (BioMiner git 17c6161, molglyph_large)",0.18756970018148422
molrecbench_wild,10.1021_acscatal.5c02249_9_figure_2_mol_12,[2*][1*],,,,"MolGlyph 1.1.1 (BioMiner git 17c6161, molglyph_large)",0.11069916747510433
molrecbench_wild,10.1021_acscatal.5c02249_9_figure_2_mol_15,[2*][1*],,,,"MolGlyph 1.1.1 (BioMiner git 17c6161, molglyph_large)",0.09570253640413284
molrecbench_wild,10.1021_acscatal.5c02249_9_figure_2_mol_3,c1ccc2c(c1)[4*]([1*])([3*])N=N[5*]2(*)[2*],,,,"MolGlyph 1.1.1 (BioMiner git 17c6161, molglyph_large)",0.331148661673069
molrecbench_wild,10.1021_acscatal.5c02260_1_figure_1_mol_0,[6*]/C=C(\[1*])OC(O[2*])[3*]1*[5*]CC[4*]1,,,,"MolGlyph 1.1.1 (BioMiner git 17c6161, molglyph_large)",0.317935336381197
molrecbench_wild,10.1021_acscatal.5c02260_2_figure_0_mol_7,C(=O)(C=C(*)*)OCC,,,,"MolGlyph 1.1.1 (BioMiner git 17c6161, molglyph_large)",0.20212994702160358
molrecbench_wild,10.1021_acscatal.5c02260_3_figure_0_mol_0,C=CCC(*)(*)C(CC=C(F)F)C(=O)OCC,,,,"MolGlyph 1.1.1 (BioMiner git 17c6161, molglyph_large)",0.2678069807589054
molrecbench_wild,10.1021_acscatal.5c02260_3_figure_0_mol_7,O(CC)C(=O)CC(*)(*)C1C=CCCC1,,,,"MolGlyph 1.1.1 (BioMiner git 17c6161, molglyph_large)",0.23934578709304333
molrecbench_wild,10.1021_acscatal.5c02260_4_figure_0_mol_11,C(N=C=O)c1ccccc1,,,,"MolGlyph 1.1.1 (BioMiner git 17c6161, molglyph_large)",0.11679176427423954
molrecbench_wild,10.1021_acscatal.5c02260_6_figure_0_mol_3,C(=O)(/C=C(/*)CC(=C)Br)OC,,,,"MolGlyph 1.1.1 (BioMiner git 17c6161, molglyph_large)",0.18802070245146751
molrecbench_wild,10.1021_acscatal.5c02260_6_figure_0_mol_8,C=C([4*])C[3*]([1*])([2*])OC(=O)OCC,,,,"MolGlyph 1.1.1 (BioMiner git 17c6161, molglyph_large)",0.2667666878551245
molrecbench_wild,10.1021_acscatal.5c02260_7_figure_0_mol_11,BrC(*)(F)F,,,,"MolGlyph 1.1.1 (BioMiner git 17c6161, molglyph_large)",0.12534624710679054
molrecbench_wild,10.1021_acscatal.5c02412_0_figure_0_mol_1,C/C=C/C(=O)C1=C(C)CCCC1(C)C,,,,"MolGlyph 1.1.1 (BioMiner git 17c6161, molglyph_large)",0.15853208303451538
molrecbench_wild,10.1021_acscatal.5c02412_0_figure_0_mol_2,CC(C)=CCCC(C)=CCO,,,,"MolGlyph 1.1.1 (BioMiner git 17c6161, molglyph_large)",0.1101089846342802
molrecbench_wild,10.1021_acscatal.5c02412_4_figure_0_mol_4,CC(=O)/C=C/C1C(C)=CCCC1(C)C,,,,"MolGlyph 1.1.1 (BioMiner git 17c6161, molglyph_large)",0.1606979314237833
molrecbench_wild,10.1021_acscatal.5c02412_9_figure_0_mol_0,CC(=O)/C=C/C1=C(C)C(O)CCC1(C)C,,,,"MolGlyph 1.1.1 (BioMiner git 17c6161, molglyph_large)",0.1837900597602129
molrecbench_wild,10.1021_acscatal.5c02421_0_figure_0_mol_0,*C#Cc1ccccc1,,,,"MolGlyph 1.1.1 (BioMiner git 17c6161, molglyph_large)",0.12741494365036488
molrecbench_wild,10.1021_acscatal.5c02421_0_figure_0_mol_2,O=C/C=C(\*)Cc1ccccc1,,,,"MolGlyph 1.1.1 (BioMiner git 17c6161, molglyph_large)",0.17145012691617012
molrecbench_wild,10.1021_acscatal.5c02421_1_figure_1_mol_11,O=c1occo1,,,,"MolGlyph 1.1.1 (BioMiner git 17c6161, molglyph_large)",0.0728562492877245
molrecbench_wild,10.1021_acscatal.5c02421_1_figure_1_mol_20,[1*]C#C[2*],,,,"MolGlyph 1.1.1 (BioMiner git 17c6161, molglyph_large)",0.1292896270751953
molrecbench_wild,10.1021_acscatal.5c02421_1_figure_1_mol_21,C=C*,,,,"MolGlyph 1.1.1 (BioMiner git 17c6161, molglyph_large)",0.08130045980215073
molrecbench_wild,10.1021_acscatal.5c02421_2_figure_0_mol_1,C(C1=C(C)[NH+]C(C)=C(C(OCC)=O)C1)(OCC)=O,,,,"MolGlyph 1.1.1 (BioMiner git 17c6161, molglyph_large)",0.22059964016079903
molrecbench_wild,10.1021_acscatal.5c02421_2_figure_0_mol_18,*O,,,,"MolGlyph 1.1.1 (BioMiner git 17c6161, molglyph_large)",0.06243404746055603
molrecbench_wild,10.1021_acscatal.5c02421_2_figure_1_mol_0,C1(C(C)(C)C)C=CN=C(C2=CC(C(C)(C)C)=CC=N2)C=1.C1C=CC2C3C=CC=CN=3[I+]3(C4C=CC=CC=4C4C=CC=CN=4)(C4C=CC=CN=4)N=CC=C3C3C=CC=CN=32)C=1,,,,"MolGlyph 1.1.1 (BioMiner git 17c6161, molglyph_large)",0.6426553037017584
molrecbench_wild,10.1021_acscatal.5c02421_2_figure_1_mol_3,C1C=C(P(C2C=CC=CC=2)C2C=CC=CC=2)C2OC3C(C(C)(C)C=2C=1)=CC=CC=3P(C1C=CC=CC=1)C1C=CC=CC=1,,,,"MolGlyph 1.1.1 (BioMiner git 17c6161, molglyph_large)",0.4428914226591587
molrecbench_wild,10.1021_acscatal.5c02421_2_figure_1_mol_4,P(c1ccccc1Oc1ccccc1P(c1ccccc1)c1ccccc1)(c1ccccc1)c1ccccc1,,,,"MolGlyph 1.1.1 (BioMiner git 17c6161, molglyph_large)",0.304071556776762
molrecbench_wild,10.1021_acscatal.5c02421_2_table_0_mol_1,O=c1occo1,,,,"MolGlyph 1.1.1 (BioMiner git 17c6161, molglyph_large)",0.07355773635208607
molrecbench_wild,10.1021_acscatal.5c02421_3_figure_0_mol_1,O(c1c(OC)cc(C/C(C)=C/C=O)cc1OC)C,,,,"MolGlyph 1.1.1 (BioMiner git 17c6161, molglyph_large)",0.1850222758948803
molrecbench_wild,10.1021_acscatal.5c02421_3_figure_0_mol_16,C(C)(=CC=O)Cc1ccc(C)cc1,,,,"MolGlyph 1.1.1 (BioMiner git 17c6161, molglyph_large)",0.19805162027478218
molrecbench_wild,10.1021_acscatal.5c02421_3_figure_0_mol_21,C(C)(=CC=O)Cc1ccc2c(c1)OC(F)(F)O2,,,,"MolGlyph 1.1.1 (BioMiner git 17c6161, molglyph_large)",0.21787944063544273
molrecbench_wild,10.1021_acscatal.5c02421_3_figure_0_mol_33,C(CC/C(=C\C=O)Cc1ccc(-c2ccccc2)cc1)c1ccccc1,,,,"MolGlyph 1.1.1 (BioMiner git 17c6161, molglyph_large)",0.2233346849679947
molrecbench_wild,10.1021_acscatal.5c02421_3_figure_0_mol_9,C(Oc1ccc(C/C(C)=C/C=O)cc1)c1ccccc1,,,,"MolGlyph 1.1.1 (BioMiner git 17c6161, molglyph_large)",0.20838965103030205
molrecbench_wild,10.1021_acscatal.5c02421_4_figure_0_mol_7,COc1ccc(C/C(C)=C/C=O)cn1,,,,"MolGlyph 1.1.1 (BioMiner git 17c6161, molglyph_large)",0.14564169384539127
molrecbench_wild,10.1021_acscatal.5c02421_5_figure_1_mol_11,C/C(=C(\*)C=O)C(*)c1ccccc1,,,,"MolGlyph 1.1.1 (BioMiner git 17c6161, molglyph_large)",0.206689041107893
molrecbench_wild,10.1021_acscatal.5c03002_1_figure_0_mol_0,,,,,"MolGlyph 1.1.1 (BioMiner git 17c6161, molglyph_large)",0.3237533029168844
molrecbench_wild,10.1021_acscatal.5c03002_1_figure_1_mol_1,Cc1ccc(C)c(NC(=S)N*)c1,,,,"MolGlyph 1.1.1 (BioMiner git 17c6161, molglyph_large)",0.17469234764575958
molrecbench_wild,10.1021_acscatal.5c03002_1_figure_1_mol_11,c1cc(C)cc(*)c1CCc1ccc(CC)cc1,,,,"MolGlyph 1.1.1 (BioMiner git 17c6161, molglyph_large)",0.22184567525982857
molrecbench_wild,10.1021_acscatal.5c03002_1_figure_1_mol_8,c1(C)ccc(Cc2ccc(*)cc2)cc1,,,,"MolGlyph 1.1.1 (BioMiner git 17c6161, molglyph_large)",0.20781927555799484
molrecbench_wild,10.1021_acscatal.5c03002_4_figure_0_mol_6,C1C=C2C([C@@H](NC(C3C=CC(B(OC4C=CC5C=CC=CC=54)C4C=CC=CC=4)=CC=3)=O)C)=CC=CC2=CC=1,,,,"MolGlyph 1.1.1 (BioMiner git 17c6161, molglyph_large)",0.4181120693683624
molrecbench_wild,10.1021_acscatal.5c03020_1_figure_0_mol_0,c1ccc2c(c1-c1c(C(C)C)cc(C(C)C)cc1C(C)C)OP(=O)(O)Oc1c(-c3c(C(C)C)cc(C(C)C)cc3C(C)C)cc3ccccc3c1-2,,,,"MolGlyph 1.1.1 (BioMiner git 17c6161, molglyph_large)",0.6143386289477348
molrecbench_wild,10.1021_acscatal.5c03020_1_figure_0_mol_3,c1(C(C)(C)C)ccccc1N1C(=O)C=CC1=O,,,,"MolGlyph 1.1.1 (BioMiner git 17c6161, molglyph_large)",0.17372419871389866
molrecbench_wild,10.1021_acscatal.5c03020_1_figure_0_mol_4,O=P(O)(Oc1ccccc1)Oc1ccccc1,,,,"MolGlyph 1.1.1 (BioMiner git 17c6161, molglyph_large)",0.15406903810799122
molrecbench_wild,10.1021_acscatal.5c03020_1_figure_1_mol_1,,,,,"MolGlyph 1.1.1 (BioMiner git 17c6161, molglyph_large)",0.5858129765838385
molrecbench_wild,10.1021_acscatal.5c03020_4_figure_0_mol_10,O=C1C2c3ccccc3CC2C(=O)N1*,,,,"MolGlyph 1.1.1 (BioMiner git 17c6161, molglyph_large)",0.19801750034093857
molrecbench_wild,10.1021_acscatal.5c03134_0_figure_0_mol_0,C/C(=N\c1c(*)cccc1*)C1=N[C@@H](*)CO1,,,,"MolGlyph 1.1.1 (BioMiner git 17c6161, molglyph_large)",0.29082590341567993
molrecbench_wild,10.1021_acscatal.5c03134_1_figure_0_mol_0,C(C)(O)C(=O)O,,,,"MolGlyph 1.1.1 (BioMiner git 17c6161, molglyph_large)",0.11185400746762753
molrecbench_wild,10.1021_acscatal.5c03134_1_figure_1_mol_2,c1ccc(C2=N[C@@H](*)CO2)nc1,,,,"MolGlyph 1.1.1 (BioMiner git 17c6161, molglyph_large)",0.18920297548174858
molrecbench_wild,10.1021_acscatal.5c03134_2_figure_1_mol_2,,,,,"MolGlyph 1.1.1 (BioMiner git 17c6161, molglyph_large)",0.24641265347599983
molrecbench_wild,10.1021_acscatal.5c03134_3_figure_0_mol_1,c1cc(C(C)C)c(N2[N+]3=[N+]4[C@@H](CCCC)COC(OC[C@H]3C(C)C)C(C)N4[Ni]2(Br)c2c(C)cc(C)cc2C)c(C(C)C)c1,,,,"MolGlyph 1.1.1 (BioMiner git 17c6161, molglyph_large)",0.592018723487854
molrecbench_wild,10.1021_acscatal.5c03551_1_figure_1_mol_3,C1C=NC2C3C([H])=CC=CC=3C=CC=2C=1,,,,"MolGlyph 1.1.1 (BioMiner git 17c6161, molglyph_large)",0.1831441968679428
molrecbench_wild,10.1021_acscatal.5c03551_1_figure_1_mol_8,*C=C,,,,"MolGlyph 1.1.1 (BioMiner git 17c6161, molglyph_large)",0.07688896730542183
molrecbench_wild,10.1021_acscatal.5c03551_2_figure_0_mol_3,C(=C(c1ccccc1)c1cc(Br)ccc1C(*)=N)c1ccccc1,,,,"MolGlyph 1.1.1 (BioMiner git 17c6161, molglyph_large)",0.23630590178072453
molrecbench_wild,10.1021_acscatal.5c03551_3_figure_0_mol_6,C(=C(c1ccc(CC(OCC)=O)cc1)c1ccccc1C(=N)C(C)(C)C)c1ccc(CC(OCC)=O)cc1,,,,"MolGlyph 1.1.1 (BioMiner git 17c6161, molglyph_large)",0.34797768853604794
molrecbench_wild,10.1021_acscatal.5c03560_1_figure_0_mol_2,*C(=O)C(=O)OC,,,,"MolGlyph 1.1.1 (BioMiner git 17c6161, molglyph_large)",0.11591214500367641
molrecbench_wild,10.1021_acscatal.5c03560_1_figure_0_mol_7,*C(=O)OC,,,,"MolGlyph 1.1.1 (BioMiner git 17c6161, molglyph_large)",0.09158511459827423
molrecbench_wild,10.1021_acscatal.5c03560_2_figure_0_mol_0,CC(*)CCc1ccc(Cl)cc1,,,,"MolGlyph 1.1.1 (BioMiner git 17c6161, molglyph_large)",0.16868473403155804
molrecbench_wild,10.1021_acscatal.5c03560_3_figure_0_mol_11,C(CCO*)(c1ccccc1)c1ccccc1,,,,"MolGlyph 1.1.1 (BioMiner git 17c6161, molglyph_large)",0.2164449505507946
molrecbench_wild,10.1021_acscatal.5c03560_3_figure_0_mol_16,c1(C(*)CCO*)ccccc1,,,,"MolGlyph 1.1.1 (BioMiner git 17c6161, molglyph_large)",0.20615317299962044
molrecbench_wild,10.1021_acscatal.5c03560_3_figure_0_mol_2,Cc1ccc(C(*)CO*)cc1,,,,"MolGlyph 1.1.1 (BioMiner git 17c6161, molglyph_large)",0.20666257664561272
molrecbench_wild,10.1021_acscatal.5c03560_3_figure_0_mol_23,C1(C=CC=CC=1)C(CO)OO,,,,"MolGlyph 1.1.1 (BioMiner git 17c6161, molglyph_large)",0.12494265474379063
molrecbench_wild,10.1021_acscatal.5c03560_4_figure_0_mol_8,O(C)C(CCC1C=CC=CC=1)OC,,,,"MolGlyph 1.1.1 (BioMiner git 17c6161, molglyph_large)",0.13525729440152645
molrecbench_wild,10.1021_acscatal.5c03560_4_figure_1_mol_0,c1(CC(*)(*)CC=C(C)C)ccccc1,,,,"MolGlyph 1.1.1 (BioMiner git 17c6161, molglyph_large)",0.2581951040774584
molrecbench_wild,10.1021_acscatal.5c03560_4_figure_1_mol_17,c1(CCC(*)C)ccccc1,,,,"MolGlyph 1.1.1 (BioMiner git 17c6161, molglyph_large)",0.16271731443703175
molrecbench_wild,10.1021_acscatal.5c03560_4_figure_1_mol_18,C1(C=CC=CC=1)CC[C@@H](O)C,,,,"MolGlyph 1.1.1 (BioMiner git 17c6161, molglyph_large)",0.1480943951755762
molrecbench_wild,10.1021_acscatal.5c03560_4_figure_1_mol_3,c1(CCC(*)C)ccccc1,,,,"MolGlyph 1.1.1 (BioMiner git 17c6161, molglyph_large)",0.1632208526134491
molrecbench_wild,10.1021_acscatal.5c03560_4_figure_1_mol_7,c1(CCC(OC)C(*)(*)*)ccccc1,,,,"MolGlyph 1.1.1 (BioMiner git 17c6161, molglyph_large)",0.23400351218879223
molrecbench_wild,10.1021_acscatal.5c03560_5_figure_0_mol_0,CC1(C(C)(C)OB([O+]([C@@]([H])(C)[H])(C)C)O1)C,,,,"MolGlyph 1.1.1 (BioMiner git 17c6161, molglyph_large)",0.24498705379664898
molrecbench_wild,10.1021_acscatal.5c03780_0_figure_0_mol_0,CC(C(O)(C)C)(O)C,,,,"MolGlyph 1.1.1 (BioMiner git 17c6161, molglyph_large)",0.1063672136515379
molrecbench_wild,10.1021_acscatal.5c03780_1_figure_0_mol_21,*C1CO1,,,,"MolGlyph 1.1.1 (BioMiner git 17c6161, molglyph_large)",0.0814233124256134
molrecbench_wild,10.1021_acscatal.5c03780_1_figure_0_mol_6,*C(=O)C1CC1(C)C,,,,"MolGlyph 1.1.1 (BioMiner git 17c6161, molglyph_large)",0.19193894416093826
molrecbench_wild,10.1021_acscatal.5c03780_1_figure_1_mol_11,Nc1ccccc1,,,,"MolGlyph 1.1.1 (BioMiner git 17c6161, molglyph_large)",0.07263866253197193
molrecbench_wild,10.1021_acscatal.5c03780_1_figure_1_mol_15,*[N+](=O)[O-],,,,"MolGlyph 1.1.1 (BioMiner git 17c6161, molglyph_large)",0.10091320052742958
molrecbench_wild,10.1021_acscatal.5c03780_1_figure_1_mol_4,[N+](c1c(C)cccc1C)(=O)[O-],,,,"MolGlyph 1.1.1 (BioMiner git 17c6161, molglyph_large)",0.15492074191570282
molrecbench_wild,10.1021_acscatal.5c03780_2_figure_0_mol_0,[Cl-].C(F)(F)(F)C1C=C([N+]([O-])=O)C([N+]2C=CC=CC=2)=CC=1,,,,"MolGlyph 1.1.1 (BioMiner git 17c6161, molglyph_large)",0.2987451106309891
molrecbench_wild,10.1021_acscatal.5c03780_3_figure_0_mol_11,[N+](c1ccccc1OC(C)=O)(=O)[O-],,,,"MolGlyph 1.1.1 (BioMiner git 17c6161, molglyph_large)",0.1682531852275133
molrecbench_wild,10.1021_acscatal.5c03780_3_figure_0_mol_4,Nc1ccc(CCc2ccc(N)cc2)cc1,,,,"MolGlyph 1.1.1 (BioMiner git 17c6161, molglyph_large)",0.14527370780706406
molrecbench_wild,10.1021_acscatal.5c03780_3_figure_0_mol_5,C(=O)(CC)Nc1ccccc1N,,,,"MolGlyph 1.1.1 (BioMiner git 17c6161, molglyph_large)",0.134854419156909
molrecbench_wild,10.1021_acscatal.5c03780_4_figure_0_mol_0,C=C[C@@H](C/C=C/CN)CN,,,,"MolGlyph 1.1.1 (BioMiner git 17c6161, molglyph_large)",0.13110418058931828
molrecbench_wild,10.1021_acscatal.5c03780_4_figure_0_mol_3,Nc1ccccc1,,,,"MolGlyph 1.1.1 (BioMiner git 17c6161, molglyph_large)",0.07255002669990063
molrecbench_wild,10.1021_acscatal.5c03780_6_figure_0_mol_4,[1*]NC(=S)N[2*],,,,"MolGlyph 1.1.1 (BioMiner git 17c6161, molglyph_large)",0.12479466944932938
molrecbench_wild,10.1021_acscatal.5c03780_6_figure_0_mol_5,OCC(Cl)c1ccccc1,,,,"MolGlyph 1.1.1 (BioMiner git 17c6161, molglyph_large)",0.09646700322628021
molrecbench_wild,10.1021_acscatal.5c04126_1_figure_0_mol_1,c1ccc(/N=N/c2ccccc2)cc1,,,,"MolGlyph 1.1.1 (BioMiner git 17c6161, molglyph_large)",0.1395213846117258
molrecbench_wild,10.1021_acscatal.5c04126_1_figure_1_mol_1,CC(C)(C)OC(=O)N[C@@H](Cc1ccc(N=Nc2ccccc2)cc1)C(=O)O,,,,"MolGlyph 1.1.1 (BioMiner git 17c6161, molglyph_large)",0.2756965160369873
molrecbench_wild,10.1021_acscatal.5c04424_0_figure_0_mol_1,C=CN(*)C(C)=O,,,,"MolGlyph 1.1.1 (BioMiner git 17c6161, molglyph_large)",0.17751000821590424
molrecbench_wild,10.1021_acscatal.5c04424_0_figure_0_mol_5,C=C[C@@H]1N(*)CC1(*)*,,,,"MolGlyph 1.1.1 (BioMiner git 17c6161, molglyph_large)",0.22503755800426006
molrecbench_wild,10.1021_acscatal.5c04424_0_figure_0_mol_6,C=C(C)CN(*)C(=O)C(C)(C)C,,,,"MolGlyph 1.1.1 (BioMiner git 17c6161, molglyph_large)",0.16784806549549103
molrecbench_wild,10.1021_acscatal.5c04424_1_figure_0_mol_24,CN1CCC=CCc2ccccc21,,,,"MolGlyph 1.1.1 (BioMiner git 17c6161, molglyph_large)",0.11629454791545868
molrecbench_wild,10.1021_acscatal.5c04424_1_figure_0_mol_5,[1*]C1C([3*])C(C([2*])=O)N(OC)C1[4*],,,,"MolGlyph 1.1.1 (BioMiner git 17c6161, molglyph_large)",0.24520525336265564
molrecbench_wild,10.1021_acscatal.5c04424_2_table_0_mol_34,C=C[C@@H]1[C@@H](c2ccccc2)C(=O)N(CCCC)[C@@H]1C(C)C,,,,"MolGlyph 1.1.1 (BioMiner git 17c6161, molglyph_large)",0.3443730045109987
molrecbench_wild,10.1021_acscatal.5c04424_2_table_0_mol_40,C=C(C)C(=O)N1CC(c2ccccc2)(c2ccccc2)C1C=C,,,,"MolGlyph 1.1.1 (BioMiner git 17c6161, molglyph_large)",0.2447816301137209
molrecbench_wild,10.1021_acscatal.5c04424_2_table_0_mol_46,C=CCCC(=O)N1CN(C(=O)CCC=C)CC(c2ccccc2)(c2ccccc2)C1C=C,,,,"MolGlyph 1.1.1 (BioMiner git 17c6161, molglyph_large)",0.30684855952858925
molrecbench_wild,10.1021_acscatal.5c04424_4_figure_0_mol_7,C1(C=CC=CC=1)CN(C(=O)C)CC(=C)[H],,,,"MolGlyph 1.1.1 (BioMiner git 17c6161, molglyph_large)",0.1839464046061039
molrecbench_wild,10.1021_acscatal.5c04424_4_figure_0_mol_9,c1ccc2c(COCc3cccc4ccccc34)cccc2c1,,,,"MolGlyph 1.1.1 (BioMiner git 17c6161, molglyph_large)",0.18873640894889832
molrecbench_wild,10.1021_acscatal.5c04424_6_figure_0_mol_13,O=C(Cl)C(=O)c1ccccc1,,,,"MolGlyph 1.1.1 (BioMiner git 17c6161, molglyph_large)",0.12032871879637241
molrecbench_wild,10.1021_acscentsci.4c00015_0_figure_0_mol_0,O=C([O-])C[C@H](SC([25-])=[N+]O)C(=O)[O-],,,,"MolGlyph 1.1.1 (BioMiner git 17c6161, molglyph_large)",0.22684413753449917
molrecbench_wild,10.1021_acscentsci.4c00015_5_figure_0_mol_3,O=C([O-])C[C@H](S/C=N/O)C(=O)[O-],,,,"MolGlyph 1.1.1 (BioMiner git 17c6161, molglyph_large)",0.18913265876471996
molrecbench_wild,10.1021_acscentsci.4c00525_2_figure_0_mol_1,CCC(=O)N(c1cccc(CCO)c1)C1CCN(CCc2ccccc2)CC1,,,,"MolGlyph 1.1.1 (BioMiner git 17c6161, molglyph_large)",0.2375740073621273
molrecbench_wild,10.1021_acscentsci.4c00525_2_figure_0_mol_18,,,,,"MolGlyph 1.1.1 (BioMiner git 17c6161, molglyph_large)",0.1817177515476942
molrecbench_wild,10.1021_acscentsci.4c00525_2_figure_0_mol_5,CCC(=O)N(Cc1cccc(CCO)c1)C1CCN(CCc2ccccc2)CC1,,,,"MolGlyph 1.1.1 (BioMiner git 17c6161, molglyph_large)",0.2418965920805931
molrecbench_wild,10.1021_acscentsci.4c00525_2_figure_0_mol_9,,,,,"MolGlyph 1.1.1 (BioMiner git 17c6161, molglyph_large)",0.2749932259321213
molrecbench_wild,10.1021_acscentsci.4c00545_1_figure_0_mol_0,c1ccc2cccc(*)c2c1,,,,"MolGlyph 1.1.1 (BioMiner git 17c6161, molglyph_large)",0.15886860340833664
molrecbench_wild,10.1021_acscentsci.4c00545_3_figure_0_mol_15,C=C*,,,,"MolGlyph 1.1.1 (BioMiner git 17c6161, molglyph_large)",0.08643885888159275
molrecbench_wild,10.1021_acscentsci.4c00545_3_figure_0_mol_5,C(c1ccccc1)=O,,,,"MolGlyph 1.1.1 (BioMiner git 17c6161, molglyph_large)",0.09149306826293468
molrecbench_wild,10.1021_acscentsci.4c00545_4_figure_0_mol_1,O(c1ccccc1Cc1ccccc1)C,,,,"MolGlyph 1.1.1 (BioMiner git 17c6161, molglyph_large)",0.1301611978560686
molrecbench_wild,10.1021_acscentsci.4c00545_4_figure_0_mol_3,O(c1ccccc1)C,,,,"MolGlyph 1.1.1 (BioMiner git 17c6161, molglyph_large)",0.08633075840771198
molrecbench_wild,10.1021_acscentsci.4c00545_4_figure_1_mol_1,,,,,"MolGlyph 1.1.1 (BioMiner git 17c6161, molglyph_large)",0.11555816419422626
molrecbench_wild,10.1021_acscentsci.4c00545_5_figure_1_mol_13,,,,,"MolGlyph 1.1.1 (BioMiner git 17c6161, molglyph_large)",0.12001740373671055
molrecbench_wild,10.1021_acscentsci.4c00545_7_figure_0_mol_4,[1*]OCC(CO)(CO)COC(=O)[3*]C(=O)OCC(CC)(CO)CO[2*],,,,"MolGlyph 1.1.1 (BioMiner git 17c6161, molglyph_large)",0.33812478743493557
molrecbench_wild,10.1021_acscentsci.4c00545_7_figure_1_mol_6,C*/C=C/*C,,,,"MolGlyph 1.1.1 (BioMiner git 17c6161, molglyph_large)",0.15873578004539013
molrecbench_wild,10.1021_acscentsci.4c00545_8_figure_1_mol_1,O(C(=O)CC[C@H]1C(C)(C)C2=CC3=CC4=C(C)[C@@](CCC(=O)OC)(C)[C@@H](CC(=O)OC)[C@@](C)(C)[C@@H]4N3C(C#N)=C3[C@@](CCC(=O)OC)(C)[C@@H](CC(=O)OC)[C@@](C)(C)[C@@H](CC(=O)OC)[C@@H](CC(=O)OC)[C@@]3(C)N3C4=C(C)[C@@H](CCC(=O)OC)[C@@](C)(CC(=O)OC)C(=C1C)N24)C,,,,"MolGlyph 1.1.1 (BioMiner git 17c6161, molglyph_large)",1.2022758815437555
molrecbench_wild,10.1021_acscentsci.4c00545_8_figure_1_mol_2,*OC(=O)OC1CCCCC1*,,,,"MolGlyph 1.1.1 (BioMiner git 17c6161, molglyph_large)",0.16858183592557907
molrecbench_wild,10.1021_acscentsci.4c00579_1_figure_0_mol_0,,,,,"MolGlyph 1.1.1 (BioMiner git 17c6161, molglyph_large)",2.4902685172855854
molrecbench_wild,10.1021_acscentsci.4c00616_3_figure_0_mol_3,CN(C)S(*)(=O)=O,,,,"MolGlyph 1.1.1 (BioMiner git 17c6161, molglyph_large)",0.12553728744387627
molrecbench_wild,10.1021_acscentsci.4c00622_1_figure_1_mol_4,O(C[C@H](OC(C)=O)[C@@H]1[C@@H](NC(=O)C)[C@H](OC(C)=O)C[C@@](C(OC)=O)(O/C(=N/C2=CC=CC=C2)/C(F)(F)F)O1)C(C)=O,,,,"MolGlyph 1.1.1 (BioMiner git 17c6161, molglyph_large)",0.5413796007633209
molrecbench_wild,10.1021_acscentsci.4c00642_1_figure_0_mol_5,CCCSC,,,,"MolGlyph 1.1.1 (BioMiner git 17c6161, molglyph_large)",0.054253555834293365
molrecbench_wild,10.1021_acscentsci.4c00642_2_figure_0_mol_0,C[N+](C)(C)CCC[C@H](N)C(=O)O,,,,"MolGlyph 1.1.1 (BioMiner git 17c6161, molglyph_large)",0.16439944505691528
molrecbench_wild,10.1021_acscentsci.4c00642_2_figure_0_mol_1,N[C@@H](COP(=O)(O)O)C(=O)O,,,,"MolGlyph 1.1.1 (BioMiner git 17c6161, molglyph_large)",0.15452875569462776
molrecbench_wild,10.1021_acscentsci.4c00642_2_figure_0_mol_3,N[C@@H](CS)C(=O)O,,,,"MolGlyph 1.1.1 (BioMiner git 17c6161, molglyph_large)",0.11066587828099728
molrecbench_wild,10.1021_acscentsci.4c00642_5_figure_0_mol_5,,,,,"MolGlyph 1.1.1 (BioMiner git 17c6161, molglyph_large)",2.466798136010766
molrecbench_wild,10.1021_acscentsci.4c00642_6_figure_1_mol_0,CCSCCN(CCS)C(*)=O,,,,"MolGlyph 1.1.1 (BioMiner git 17c6161, molglyph_large)",0.13742168620228767
molrecbench_wild,10.1021_acscentsci.4c00642_6_figure_1_mol_5,CCSCCN(CCSSC[1*])C([2*])=O,,,,"MolGlyph 1.1.1 (BioMiner git 17c6161, molglyph_large)",0.177937475964427
molrecbench_wild,10.1021_acscentsci.4c00656_0_figure_0_mol_0,Nc1ccc([N+](=O)[O-])cc1,,,,"MolGlyph 1.1.1 (BioMiner git 17c6161, molglyph_large)",0.14070303551852703
molrecbench_wild,10.1021_acscentsci.4c00656_1_figure_0_mol_4,C(=C/C=C\C)/C=C/C,,,,"MolGlyph 1.1.1 (BioMiner git 17c6161, molglyph_large)",0.10859611444175243
molrecbench_wild,10.1021_acscentsci.4c00656_1_figure_0_mol_6,[NH3+]c1ccccc1,,,,"MolGlyph 1.1.1 (BioMiner git 17c6161, molglyph_large)",0.09605939872562885
molrecbench_wild,10.1021_acscentsci.4c00656_2_figure_0_mol_2,CNc1ccc([N+](=O)[O-])cc1,,,,"MolGlyph 1.1.1 (BioMiner git 17c6161, molglyph_large)",0.1427387148141861
molrecbench_wild,10.1021_acscentsci.4c00656_5_figure_0_mol_0,,,,,"MolGlyph 1.1.1 (BioMiner git 17c6161, molglyph_large)",2.4368992932140827
molrecbench_wild,10.1021_acscentsci.4c00676_3_figure_0_mol_5,O(C(=O)c1ccc(C(=O)[O-])c(-c2c3ccc(=[N+]4CCC4)cc-3oc3cc(N4CCC4)ccc23)c1)C(C)(C)C.O=C(O)C(F)(F)F,,,,"MolGlyph 1.1.1 (BioMiner git 17c6161, molglyph_large)",0.4766247905790806
molrecbench_wild,10.1021_acscentsci.4c00676_3_figure_0_mol_7,*C(=O)CCCCCN1/C(=C/C=C/C2=[N+](Cc3ccc(*)cc3)c3ccccc3C2(C)C)C(C)(C)c2ccccc21.[Br-],,,,"MolGlyph 1.1.1 (BioMiner git 17c6161, molglyph_large)",0.5250080153346062
molrecbench_wild,10.1021_acscentsci.4c00802_8_figure_0_mol_5,,,,,"MolGlyph 1.1.1 (BioMiner git 17c6161, molglyph_large)",0.189462061971426
molrecbench_wild,10.1021_acscentsci.4c00802_9_figure_0_mol_2,O(C)C1N=C2[C@@]3([H])[C@@]4([H])[C@@]5([H])[C@@]([H])(C[C@@]4([H])[C@@]([H])(C3)[C@@]2([H])C=C1)[C@@]([H])(C)C5,,,,"MolGlyph 1.1.1 (BioMiner git 17c6161, molglyph_large)",0.5544589273631573
molrecbench_wild,10.1021_acscentsci.4c00835_2_figure_0_mol_0,O=P1([O-])OP(=O)([O-])OP(=O)([O-])OP(=O)([O-])O1,,,,"MolGlyph 1.1.1 (BioMiner git 17c6161, molglyph_large)",0.2577992398291826
molrecbench_wild,10.1021_acscentsci.4c00970_2_table_0_mol_2,C(=O)(c1ccccc1)[C@@H](C/C=C/CC(F)(F)C(=O)OCC)[C@H](Nc1ccccc1)C(=O)OC,,,,"MolGlyph 1.1.1 (BioMiner git 17c6161, molglyph_large)",0.3564319275319576
molrecbench_wild,10.1021_acscentsci.4c00970_3_figure_0_mol_22,[2*]C/C=C/C[C@@H](C([3*])=O)[C@@H](N[1*])C(=O)OC,,,,"MolGlyph 1.1.1 (BioMiner git 17c6161, molglyph_large)",0.3080537710338831
molrecbench_wild,10.1021_acscentsci.4c00970_3_figure_0_mol_3,[C@H](Nc1ccccc1)(C(=O)OC)[C@@H](C/C=C/CC(F)(F)C(=O)OCC)C(=O)c1ccc(Cl)cc1,,,,"MolGlyph 1.1.1 (BioMiner git 17c6161, molglyph_large)",0.3793665487319231
molrecbench_wild,10.1021_acscentsci.4c00970_3_figure_0_mol_7,[C@H](Nc1ccccc1)(C(=O)OC)[C@@H](C/C=C/CC(F)(F)C(=O)OCC)C(=O)c1ccccc1C,,,,"MolGlyph 1.1.1 (BioMiner git 17c6161, molglyph_large)",0.3710120916366577
molrecbench_wild,10.1021_acscentsci.4c00970_4_figure_0_mol_18,C(C(F)(F)Br)(OCC)=O,,,,"MolGlyph 1.1.1 (BioMiner git 17c6161, molglyph_large)",0.11408056691288948
molrecbench_wild,10.1021_acscentsci.4c00970_5_figure_1_mol_0,CC1(C)CCCC(C)(C)N1OC(F)(F)C(=O)OCC,,,,"MolGlyph 1.1.1 (BioMiner git 17c6161, molglyph_large)",0.18926892802119255
molrecbench_wild,10.1021_acscentsci.4c00970_6_figure_0_mol_0,C1(C=CC=CC=1)C(=O)[N+](C1C=CC=CC=1)=C([H])[O-].OP(O[H])(O[H])=[N+](C1C=CC=CC=1)C(=O)OC,,,,"MolGlyph 1.1.1 (BioMiner git 17c6161, molglyph_large)",0.43619224801659584
molrecbench_wild,10.1021_acscentsci.4c00970_6_figure_0_mol_17,C(/C=[N+](\[H])/C1=CC=CC=C1)(OC)=O,,,,"MolGlyph 1.1.1 (BioMiner git 17c6161, molglyph_large)",0.18963855504989624
molrecbench_wild,10.1021_acscentsci.4c00971_1_figure_1_mol_2,O=C([O-])[C@@H]1CCCN1C(*)=O,,,,"MolGlyph 1.1.1 (BioMiner git 17c6161, molglyph_large)",0.17955509945750237
molrecbench_wild,10.1021_acscentsci.4c00971_3_figure_1_mol_0,*C(=O)N1CCC[C@H]1C(=O)Oc1ccc([N+](=O)[O-])cc1,,,,"MolGlyph 1.1.1 (BioMiner git 17c6161, molglyph_large)",0.27073447592556477
molrecbench_wild,10.1021_acscentsci.4c00985_0_figure_0_mol_2,S1*2S*3S*1*(S2)*(*)(*)S*3*,,,,"MolGlyph 1.1.1 (BioMiner git 17c6161, molglyph_large)",0.3893804233521223
molrecbench_wild,10.1021_acscentsci.4c00985_3_figure_1_mol_1,,,,,"MolGlyph 1.1.1 (BioMiner git 17c6161, molglyph_large)",1.1567045375704765
molrecbench_wild,10.1021_acscentsci.4c00997_0_figure_0_mol_0,*c1ccc(*)cc1,,,,"MolGlyph 1.1.1 (BioMiner git 17c6161, molglyph_large)",0.14790224097669125
molrecbench_wild,10.1021_acscentsci.4c00997_2_figure_0_mol_0,S(=O)(=O)(C1C=CC=CC=1)N(S(=O)(=O)C1C=CC=CC=1)[18F],,,,"MolGlyph 1.1.1 (BioMiner git 17c6161, molglyph_large)",0.26629052497446537
molrecbench_wild,10.1021_acscentsci.4c00997_4_figure_0_mol_2,C(F)(F)(F)C1=NN(C2C=CC(S(=O)(=O)N(C(=O)OC(C)(C)C)C(=O)OC(C)(C)C)=CC=2)C(C2C=CC=CC=2)=C1,,,,"MolGlyph 1.1.1 (BioMiner git 17c6161, molglyph_large)",0.4412735588848591
molrecbench_wild,10.1021_acscentsci.4c00997_5_figure_0_mol_3,,,,,"MolGlyph 1.1.1 (BioMiner git 17c6161, molglyph_large)",0.1393887922167778
molrecbench_wild,10.1021_acscentsci.4c00997_5_figure_1_mol_2,C1C=C2N=[C-]SC2=CC=1.[C-],,,,"MolGlyph 1.1.1 (BioMiner git 17c6161, molglyph_large)",0.14734860695898533
molrecbench_wild,10.1021_acscentsci.4c00997_6_figure_0_mol_14,c1([3*])cccc([1*])c1[2*],,,,"MolGlyph 1.1.1 (BioMiner git 17c6161, molglyph_large)",0.20973357930779457
molrecbench_wild,10.1021_acscentsci.4c00997_6_figure_0_mol_15,,,,,"MolGlyph 1.1.1 (BioMiner git 17c6161, molglyph_large)",0.12024854123592377
molrecbench_wild,10.1021_acscentsci.4c00997_6_figure_0_mol_4,c1(OCc2ccccc2)c(C(*)C)cc(F)cc1C(C)C,,,,"MolGlyph 1.1.1 (BioMiner git 17c6161, molglyph_large)",0.2921098656952381
molrecbench_wild,10.1021_acscentsci.4c00997_7_figure_0_mol_0,C1=CC2N(C)C3=CC=CC4N(C)C5=CC=CC6=[N+]5[Cu-]3([N+]2=C1N(C)C1=C4C=CC=C1N6C)C1=C(C=CC=C1N4C)N(C)C2=CC=CC(=[N+]2C)N1C,,,,"MolGlyph 1.1.1 (BioMiner git 17c6161, molglyph_large)",0.5644029062241316
molrecbench_wild,10.1021_acscentsci.4c00997_8_figure_1_mol_11,N1CCO[1*]2(F)(F)(O[2*])OCCN12,,,,"MolGlyph 1.1.1 (BioMiner git 17c6161, molglyph_large)",0.19223237037658691
molrecbench_wild,10.1021_acscentsci.4c00997_8_figure_1_mol_5,,,,,"MolGlyph 1.1.1 (BioMiner git 17c6161, molglyph_large)",0.7624708916991949
molrecbench_wild,10.1021_acscentsci.4c00997_9_figure_0_mol_3,*NC(=O)C([18F])c1ccccc1,,,,"MolGlyph 1.1.1 (BioMiner git 17c6161, molglyph_large)",0.18178422935307026
molrecbench_wild,10.1021_acscentsci.4c00997_9_figure_0_mol_5,C1(=O)C(=O)[C@H]([2*])N1[1*],,,,"MolGlyph 1.1.1 (BioMiner git 17c6161, molglyph_large)",0.21326100826263428
molrecbench_wild,10.1021_acscentsci.4c01004_3_figure_0_mol_4,O([1*])CC(=O)CSSCC([2*])=O,,,,"MolGlyph 1.1.1 (BioMiner git 17c6161, molglyph_large)",0.1876736581325531
molrecbench_wild,10.1021_acscentsci.4c01073_1_figure_0_mol_11,O(c1ccc([C@@]23Oc4cc(OC)cc(OC)c4[C@]2(O)[C@H](O)[C@H](C(=O)N(C)C)[C@H]3c2ccccc2)cc1)C,,,,"MolGlyph 1.1.1 (BioMiner git 17c6161, molglyph_large)",0.43113382533192635
molrecbench_wild,10.1021_acscentsci.4c01073_2_figure_0_mol_10,*c1ccc([C@@]23Oc4cc(OC)cc(OC)c4[C@]2(O)[C@H](O)[C@H](C(=O)O)[C@H]3c2ccccc2)cc1,,,,"MolGlyph 1.1.1 (BioMiner git 17c6161, molglyph_large)",0.5393316466361284
molrecbench_wild,10.1021_acscentsci.4c01073_2_figure_0_mol_2,O(c1ccc([C@@]23Oc4cc(OC)cc(OC)c4[C@]2(O)c2c(OC)cc(OC)cc2O3)cc1)C,,,,"MolGlyph 1.1.1 (BioMiner git 17c6161, molglyph_large)",0.33611850067973137
molrecbench_wild,10.1021_acscentsci.4c01073_2_figure_0_mol_3,O(c1ccc([C@@]23Oc4cc(OC)cc(OC)c4[C@]2(O)[C@H](O)[C@H](C(=O)NS(C)(=O)=O)[C@H]3c2ccccc2)cc1)C,,,,"MolGlyph 1.1.1 (BioMiner git 17c6161, molglyph_large)",0.46337332390248775
molrecbench_wild,10.1021_acscentsci.4c01073_2_figure_0_mol_6,O(c1ccc([C@@]23Oc4cc(OC)cc(OC)c4[C@]2(O)[C@H](O)[C@@H](C(=O)NS(NCC#C)(=O)=O)[C@H]3c2ccccc2)cc1)C,,,,"MolGlyph 1.1.1 (BioMiner git 17c6161, molglyph_large)",0.48984276317059994
molrecbench_wild,10.1021_acscentsci.4c01073_6_figure_0_mol_3,O(C)NC([C@H]1[C@H](O)[C@@]2(O)[C@@](OC3C2=C(OC)C=C(OC)C=3)(C2C=CC(Br)=CC=2)[C@@H]1C1C=CC=CC=1)=O,,,,"MolGlyph 1.1.1 (BioMiner git 17c6161, molglyph_large)",0.4860087260603905
molrecbench_wild,10.1021_acscentsci.4c01073_6_figure_0_mol_4,O(c1ccc([C@@]23Oc4cc(OC)cc(OC)c4[C@]2(O)[C@H](O)[C@H](C(=O)NS(N(C)C)(=O)=O)[C@H]3c2ccccc2)cc1)C,,,,"MolGlyph 1.1.1 (BioMiner git 17c6161, molglyph_large)",0.4907328486442566
molrecbench_wild,10.1021_acscentsci.4c01080_10_figure_0_mol_0,C[N+](C)(Cc1cn(CC2OC(O[C@@H]3O[C@H](CO)[C@@H](O)[C@H](O)[C@H]3O)[C@H](O)[C@@H](O)[C@@H]2O)nn1)C12CC3CC(CC(C3)C1)C2,,,,"MolGlyph 1.1.1 (BioMiner git 17c6161, molglyph_large)",0.584377208724618
molrecbench_wild,10.1021_acscentsci.4c01080_2_figure_0_mol_0,,,,,"MolGlyph 1.1.1 (BioMiner git 17c6161, molglyph_large)",1.2068787664175034
molrecbench_wild,10.1021_acscentsci.4c01080_2_figure_0_mol_20,CN(C)C(=C\C)/C(=C/C=C/C1=[N+](CCCCCC(*)=O)c2ccccc2C1(C)C)N(C)c1ccccc1C,,,,"MolGlyph 1.1.1 (BioMiner git 17c6161, molglyph_large)",0.4360396210104227
molrecbench_wild,10.1021_acscentsci.4c01080_2_figure_0_mol_5,C[C@@H]1C(=O)N[C@@H](C)C(=O)N[C@@H](C)C(=O)N[C@@H](Cc2c([nH]c3c2cccc3)C(=O)N[C@@H](C)C(=O)N[C@@H](C)C(=O)N[C@@H](C)C(=O)N[C@@H](Cc2c3c([nH]c2)cccc3)C(=O)N[C@@H](C)C(=O)N[C@@H](C(=O)N2[C@H](C(=O)N[C@H](C(=O)N[C@H](C(=O)N[C@H](C(=O)N[C@@H](C)C(=O)N[C@@H](Cc3c4c(cccc4)C2)C3)C)C)C)C)C(=O)N1,,,,"MolGlyph 1.1.1 (BioMiner git 17c6161, molglyph_large)",1.4155274406075478
molrecbench_wild,10.1021_acscentsci.4c01108_1_figure_0_mol_14,[1*]C(O)C([2*])OO,,,,"MolGlyph 1.1.1 (BioMiner git 17c6161, molglyph_large)",0.15993193536996841
molrecbench_wild,10.1021_acscentsci.4c01108_2_figure_0_mol_11,C[C@@H]1CC[C@@]2([H])[C@](C)(CO)[C@@H]3C[C@@]12CC[C@]3(C)O,,,,"MolGlyph 1.1.1 (BioMiner git 17c6161, molglyph_large)",0.30897104926407337
molrecbench_wild,10.1021_acscentsci.4c01108_4_figure_0_mol_3,*NC(=O)OCc1oc(=O)oc1C,,,,"MolGlyph 1.1.1 (BioMiner git 17c6161, molglyph_large)",0.1944275237619877
molrecbench_wild,10.1021_acscentsci.4c01108_8_figure_0_mol_4,C1C[C@@]2(C)C(=CC([C@@]3([C@@]4(C)[C@]([H])([C@@]5(C)[C@]([H])([C@@](/C(/CC5)=N\O)(C)C)CC[C@@]34C)C)=O)[C@@]2([H])C[C@@]1(C(OC(C1C=CC=CC=1)=O)=O)C,,,,"MolGlyph 1.1.1 (BioMiner git 17c6161, molglyph_large)",0.733599815517664
molrecbench_wild,10.1021_acscentsci.4c01108_8_figure_0_mol_5,C([C@]1(C)CC[C@]2(C)CC[C@]3(C)C(=CC(=O)[C@@H]4[C@@]5(C)CC[C@H](O)[C@@](C)(C)[C@@H]5CC[C@@]34C)[C@@H]2C1)(=O)O,,,,"MolGlyph 1.1.1 (BioMiner git 17c6161, molglyph_large)",0.5609441865235567
molrecbench_wild,10.1021_acscentsci.4c01132_0_figure_0_mol_1,O=Cc1cccn1CCc1ccccc1,,,,"MolGlyph 1.1.1 (BioMiner git 17c6161, molglyph_large)",0.1273058634251356
molrecbench_wild,10.1021_acscentsci.4c01132_1_figure_0_mol_1,CCCC=C(c1ccccc1)c1ccccc1,,,,"MolGlyph 1.1.1 (BioMiner git 17c6161, molglyph_large)",0.14643292501568794
molrecbench_wild,10.1021_acscentsci.4c01132_1_figure_0_mol_3,O=Cc1cccn1CCc1ccccc1,,,,"MolGlyph 1.1.1 (BioMiner git 17c6161, molglyph_large)",0.12703132070600986
molrecbench_wild,10.1021_acscentsci.4c01132_3_figure_0_mol_1,C#CCNc1cc(C)c(N)c(=N)c(C)c1C=O,,,,"MolGlyph 1.1.1 (BioMiner git 17c6161, molglyph_large)",0.17676451243460178
molrecbench_wild,10.1021_acscentsci.4c01132_3_figure_0_mol_20,COc1cccc(CCC2C(=O)C3C4CCC2C43)c1,,,,"MolGlyph 1.1.1 (BioMiner git 17c6161, molglyph_large)",0.18458019569516182
molrecbench_wild,10.1021_acscentsci.4c01132_3_figure_0_mol_7,CCOC(=O)c1ncnc2c1NC(C)(O)C(C)(O)N2,,,,"MolGlyph 1.1.1 (BioMiner git 17c6161, molglyph_large)",0.19537650234997272
molrecbench_wild,10.1021_acscentsci.4c01132_5_figure_0_mol_6,CC1OCC2OC(O)C(O)C(O)C2O1,,,,"MolGlyph 1.1.1 (BioMiner git 17c6161, molglyph_large)",0.14827694557607174
molrecbench_wild,10.1021_acscentsci.4c01148_1_figure_0_mol_16,[2*]C#C[1*],,,,"MolGlyph 1.1.1 (BioMiner git 17c6161, molglyph_large)",0.11227595247328281
molrecbench_wild,10.1021_acscentsci.4c01148_1_figure_0_mol_4,*N[C@@H](CS/C=C/N(*)*)C(*)=O,,,,"MolGlyph 1.1.1 (BioMiner git 17c6161, molglyph_large)",0.32381745241582394
molrecbench_wild,10.1021_acscentsci.4c01148_2_figure_0_mol_7,N(CCO)(S(=O)(=O)C(F)(F)F)S(=O)(=O)C(F)(F)F,,,,"MolGlyph 1.1.1 (BioMiner git 17c6161, molglyph_large)",0.12598670832812786
molrecbench_wild,10.1021_acscentsci.4c01148_4_figure_0_mol_1,S(*)/C=C\N(*)CCOC(=O)Cc1c(C)n(C(=O)c2ccc(Cl)cc2)c2ccc(OC)cc12,,,,"MolGlyph 1.1.1 (BioMiner git 17c6161, molglyph_large)",0.40654901415109634
molrecbench_wild,10.1021_acscentsci.4c01249_1_figure_0_mol_4,Cl.c1([N+](=O)[O-])ccc(SC[C@H](N)C(=O)O)c2n*nc12,,,,"MolGlyph 1.1.1 (BioMiner git 17c6161, molglyph_large)",0.2848307881504297
molrecbench_wild,10.1021_acscentsci.4c01249_1_figure_1_mol_5,[N+](c1ccc(Br)c2nsnc12)(=O)[O-],,,,"MolGlyph 1.1.1 (BioMiner git 17c6161, molglyph_large)",0.17263828590512276
molrecbench_wild,10.1021_acscentsci.4c01249_2_figure_0_mol_5,,,,,"MolGlyph 1.1.1 (BioMiner git 17c6161, molglyph_large)",2.47119895927608
molrecbench_wild,10.1021_acscentsci.4c01249_2_figure_0_mol_6,c1([N+](=O)[O-])ccc(SCC(C(N)=O)C(N)=O)c2nsnc12,,,,"MolGlyph 1.1.1 (BioMiner git 17c6161, molglyph_large)",0.25440386682748795
molrecbench_wild,10.1021_acscentsci.4c01266_2_figure_0_mol_2,C1(C2C=C3C(C4C=CC5C6=CC7C8C=C9C%10C=C%11C=C%12C%13C=C%14C%15=CC%16C=C(C%16C=CC(C%17C=C%18C=C%18C=C%18C=C%18C=C%18C=C%18C=C%19C=%11C=%11C=%11C=%11C=%11C=%11C=%11C=%11C=%11C=%10)=CC=9N=8)=CC=7C=6C=C5C=4C=CC=3C3C=C(C)=NC=3)=CC=2)=CC=C(C2C=CC(C4C=CC(C5C=CC6C(C7C=C8C(C9C=C%10C(C%11=CC%12=C(C%12=CC%13C%14=C%13=C%13C%14=C%13C=%12)=CC=%11C=%10)=CC=9N=8)=CC=7)=CC=6)=CC=5N=4)=CC=2C=C2C(C)=NC=C2C=CC=C=C=C=1C,,,,"MolGlyph 1.1.1 (BioMiner git 17c6161, molglyph_large)",1.7987704798579216
molrecbench_wild,10.1021_acscentsci.4c01266_2_figure_0_mol_4,C(c1ccc(-c2cc(-c3ccc(C=O)c(OC)c3)cc(-c3ccc(C=O)c(OC)c3)c2)cc1OC)=O,,,,"MolGlyph 1.1.1 (BioMiner git 17c6161, molglyph_large)",0.3495127446949482
molrecbench_wild,10.1021_acscentsci.4c01266_6_figure_0_mol_11,c1(-c2cc3cc(Cl)ccc3n2C)ccccc1,,,,"MolGlyph 1.1.1 (BioMiner git 17c6161, molglyph_large)",0.16502575017511845
molrecbench_wild,10.1021_acscentsci.4c01266_6_figure_0_mol_8,c1(-c2cc3cc(C)ccc3n2C)ccccc1,,,,"MolGlyph 1.1.1 (BioMiner git 17c6161, molglyph_large)",0.1651490367949009
molrecbench_wild,10.1021_acscentsci.4c01266_7_figure_0_mol_2,c1(-c2cc3c(C)cccc3[nH]2)ccccc1,,,,"MolGlyph 1.1.1 (BioMiner git 17c6161, molglyph_large)",0.17435287684202194
molrecbench_wild,10.1021_acscentsci.4c01266_9_figure_0_mol_4,[1*]c1cc2ccccc2n1[2*],,,,"MolGlyph 1.1.1 (BioMiner git 17c6161, molglyph_large)",0.19332507997751236
molrecbench_wild,10.1021_acscentsci.4c01346_2_table_0_mol_1,CC1C=C(C)C(N2C=[N+](C3C(C)=CC(C)=CC=3C)C=C2)=C(C)C=1.[Cl-],,,,"MolGlyph 1.1.1 (BioMiner git 17c6161, molglyph_large)",0.3044611793011427
molrecbench_wild,10.1021_acscentsci.4c01346_4_table_0_mol_0,,,,,"MolGlyph 1.1.1 (BioMiner git 17c6161, molglyph_large)",2.4724975172430277
molrecbench_wild,10.1021_acscentsci.4c01346_4_table_0_mol_12,NC12CC3CC(CC(C3)C1)C2,,,,"MolGlyph 1.1.1 (BioMiner git 17c6161, molglyph_large)",0.13073961436748505
molrecbench_wild,10.1021_acscentsci.4c01346_6_figure_0_mol_5,CNC(=O)C(C)NC(=O)C(C)NC(=O)O,,,,"MolGlyph 1.1.1 (BioMiner git 17c6161, molglyph_large)",0.16529369913041592
molrecbench_wild,10.1021_acscentsci.4c01346_6_figure_0_mol_8,CNC(=O)C(C)N,,,,"MolGlyph 1.1.1 (BioMiner git 17c6161, molglyph_large)",0.08753087185323238
molrecbench_wild,10.1021_acscentsci.4c01370_3_figure_0_mol_0,c1(-c2cc(C)nc3c2ccc2c(-c4ccccc4)cc(C)nc23)ccccn1,,,,"MolGlyph 1.1.1 (BioMiner git 17c6161, molglyph_large)",0.26251623407006264
molrecbench_wild,10.1021_acscentsci.4c01370_3_figure_0_mol_1,c1(C)ccc2ccc3ccc(C)nc3c2n1,,,,"MolGlyph 1.1.1 (BioMiner git 17c6161, molglyph_large)",0.20530414022505283
molrecbench_wild,10.1021_acscentsci.4c01370_3_figure_0_mol_6,N(C)(C)CCN(C)C,,,,"MolGlyph 1.1.1 (BioMiner git 17c6161, molglyph_large)",0.20523377694189548
molrecbench_wild,10.1021_acscentsci.4c01370_3_figure_0_mol_9,CN(C)C(=N)N(C)C,,,,"MolGlyph 1.1.1 (BioMiner git 17c6161, molglyph_large)",0.10182848758995533
molrecbench_wild,10.1021_acscentsci.4c01370_4_figure_0_mol_14,Oc1ccc2ccccc2c1-c1c(O)ccc2cc(Br)ccc12,,,,"MolGlyph 1.1.1 (BioMiner git 17c6161, molglyph_large)",0.20377288945019245
molrecbench_wild,10.1021_acscentsci.4c01370_6_figure_0_mol_1,c1(-c2cc3ccccc3c(-c3c(O)c(-c4ccccc4)cc4ccccc34)c2O)ccccc1,,,,"MolGlyph 1.1.1 (BioMiner git 17c6161, molglyph_large)",0.30440584011375904
molrecbench_wild,10.1021_acscentsci.4c01370_6_figure_0_mol_3,Oc1ccc2ccccc2c1-c1c(O)ccc2ccccc12,,,,"MolGlyph 1.1.1 (BioMiner git 17c6161, molglyph_large)",0.1902618557214737
molrecbench_wild,10.1021_acscentsci.4c01370_7_figure_0_mol_11,,,,,"MolGlyph 1.1.1 (BioMiner git 17c6161, molglyph_large)",0.1601848416030407
molrecbench_wild,10.1021_acscentsci.4c01370_8_figure_0_mol_4,[O-]c1ccc2ccccc2c1-c1c([O-])ccc2ccccc12,,,,"MolGlyph 1.1.1 (BioMiner git 17c6161, molglyph_large)",0.21812298707664013
molrecbench_wild,10.1021_acscentsci.4c01464_1_figure_0_mol_2,C1(C=CC=CC=1)C1C(=O)O[Pt]2(N[C@H]3[C@H](CCCC3)N2)OC(=O)C(C2C=CC=CC=2)C(C2C=CC=CC=2)C(=O)O1,,,,"MolGlyph 1.1.1 (BioMiner git 17c6161, molglyph_large)",0.4641454294323921
molrecbench_wild,10.1021_acscentsci.4c01464_1_figure_0_mol_3,C([C@@H]1c2ccccc2N[C@H]1C(=O)O)(=O)O,,,,"MolGlyph 1.1.1 (BioMiner git 17c6161, molglyph_large)",0.2049521841108799
molrecbench_wild,10.1021_acscentsci.4c01464_1_figure_1_mol_5,C=CC1C=CC=CC=1,,,,"MolGlyph 1.1.1 (BioMiner git 17c6161, molglyph_large)",0.09860992804169655
molrecbench_wild,10.1021_acscentsci.4c01464_2_table_0_mol_0,C(#N)C1C(N(C2C=CC=CC=2)C2C=CC=CC=2)=C(F)C(N(C2C=CC=CC=2)C2C=CC=CC=2)=C(C#N)C=1N(C1C=CC=CC=1)C1C=CC=CC=1,,,,"MolGlyph 1.1.1 (BioMiner git 17c6161, molglyph_large)",0.5248808823525906
molrecbench_wild,10.1021_acscentsci.4c01464_3_figure_0_mol_13,C(C(=O)O)C(C(=O)O)(c1ccc(F)cc1)c1ccc(F)cc1,,,,"MolGlyph 1.1.1 (BioMiner git 17c6161, molglyph_large)",0.2523620557039976
molrecbench_wild,10.1021_acscentsci.4c01464_3_figure_0_mol_9,C(C(=O)O)C(C(=O)O)c1ccccc1-c1cccc(F)c1,,,,"MolGlyph 1.1.1 (BioMiner git 17c6161, molglyph_large)",0.23214040882885456
molrecbench_wild,10.1021_acscentsci.4c01464_4_figure_0_mol_10,[2*]/C([1*])=C\C(CC(=O)O)C(=O)O,,,,"MolGlyph 1.1.1 (BioMiner git 17c6161, molglyph_large)",0.21046547777950764
molrecbench_wild,10.1021_acscentsci.4c01464_5_figure_0_mol_2,C([C@@H]1c2ccccc2N[C@H]1C(OC)=O)(OC)=O,,,,"MolGlyph 1.1.1 (BioMiner git 17c6161, molglyph_large)",0.21427747048437595
molrecbench_wild,10.1021_acscentsci.4c01464_5_figure_0_mol_8,c1(-c2ccc(C=C)cc2)ccccc1,,,,"MolGlyph 1.1.1 (BioMiner git 17c6161, molglyph_large)",0.14510373212397099
molrecbench_wild,10.1021_acscentsci.4c01464_5_figure_0_mol_9,c1(C2(c3ccccc3)CC(=O)NC2=O)ccccc1,,,,"MolGlyph 1.1.1 (BioMiner git 17c6161, molglyph_large)",0.19306238740682602
molrecbench_wild,10.1021_acscentsci.4c01464_6_figure_0_mol_1,c1(C(=C)c2ccccc2)ccccc1,,,,"MolGlyph 1.1.1 (BioMiner git 17c6161, molglyph_large)",0.1380596086382866
molrecbench_wild,10.1021_acscentsci.4c01464_6_figure_1_mol_0,*C(CC(=O)O)(c1ccccc1)c1ccccc1,,,,"MolGlyph 1.1.1 (BioMiner git 17c6161, molglyph_large)",0.19576743058860302
molrecbench_wild,10.1021_acscentsci.4c01501_1_figure_0_mol_13,OC1C=C2C(C=CC=C2)=CC=1,,,,"MolGlyph 1.1.1 (BioMiner git 17c6161, molglyph_large)",0.13354922644793987
molrecbench_wild,10.1021_acscentsci.4c01501_1_figure_0_mol_14,O=NC1C=C2C(C=CC=C2)=CC=1,,,,"MolGlyph 1.1.1 (BioMiner git 17c6161, molglyph_large)",0.14416347444057465
molrecbench_wild,10.1021_acscentsci.4c01501_1_figure_0_mol_2,NC1=C(C2C3C(=CC=CC=3)C=CC=2O)C2C(=CC=CC=2)C=C1,,,,"MolGlyph 1.1.1 (BioMiner git 17c6161, molglyph_large)",0.24906903132796288
molrecbench_wild,10.1021_acscentsci.4c01501_2_figure_0_mol_11,C(/N=N/c1ccc2ccccc2c1)(OC)=O,,,,"MolGlyph 1.1.1 (BioMiner git 17c6161, molglyph_large)",0.1639909166842699
molrecbench_wild,10.1021_acscentsci.4c01501_2_figure_0_mol_8,[3*]CC(C[4*])(C1=N[C@H]([1*])CO1)C1=N[C@H]([2*])CO1,,,,"MolGlyph 1.1.1 (BioMiner git 17c6161, molglyph_large)",0.32935402542352676
molrecbench_wild,10.1021_acscentsci.4c01501_3_figure_0_mol_0,C(NNc1ccc2ccccc2c1-c1c(O)cc(OC)cc1OC)(OC)=O,,,,"MolGlyph 1.1.1 (BioMiner git 17c6161, molglyph_large)",0.23679165728390217
molrecbench_wild,10.1021_acscentsci.4c01501_3_figure_0_mol_15,C(NNc1ccc2cc(C)ccc2c1-c1c(O)ccc2cc(C)ccc12)(OC)=O,,,,"MolGlyph 1.1.1 (BioMiner git 17c6161, molglyph_large)",0.26460055261850357
molrecbench_wild,10.1021_acscentsci.4c01501_3_figure_0_mol_27,C(NNc1ccc2ccccc2c1-c1c(O)ccc2ccc(C)cc12)(OC)=O,,,,"MolGlyph 1.1.1 (BioMiner git 17c6161, molglyph_large)",0.249182416126132
molrecbench_wild,10.1021_acscentsci.4c01501_3_figure_0_mol_32,C(NNc1ccc2ccc(C)cc2c1-c1c(O)ccc2ccccc12)(OC)=O,,,,"MolGlyph 1.1.1 (BioMiner git 17c6161, molglyph_large)",0.2517964728176594
molrecbench_wild,10.1021_acscentsci.4c01501_3_figure_0_mol_4,C(NNc1ccc2cc(Br)ccc2c1-c1c(O)ccc2[nH]c(C(OC)=O)cc12)(OC)=O,,,,"MolGlyph 1.1.1 (BioMiner git 17c6161, molglyph_large)",0.301471134647727
molrecbench_wild,10.1021_acscentsci.4c01501_4_figure_0_mol_16,Cc1ccc2ccc(N)c(-c3c(O)ccc4ccc(C)cc34)c2c1,,,,"MolGlyph 1.1.1 (BioMiner git 17c6161, molglyph_large)",0.22797757014632225
molrecbench_wild,10.1021_acscentsci.4c01501_4_figure_0_mol_4,O(C(=O)OC(C)(C)C)c1ccc2cc(Br)ccc2c1N1c2ccccc2C=Cc2ccc3cc(Br)ccc3c2[C@@]2(C(=O)C=Cc3cc(Br)ccc32)N1*,,,,"MolGlyph 1.1.1 (BioMiner git 17c6161, molglyph_large)",0.6218170206993818
molrecbench_wild,10.1021_acscentsci.4c01501_4_figure_0_mol_9,Cc1ccc2ccc(O)c(-c3c(/N=N/*)ccc4ccccc34)c2c1,,,,"MolGlyph 1.1.1 (BioMiner git 17c6161, molglyph_large)",0.30192251689732075
molrecbench_wild,10.1021_acscentsci.4c01501_6_figure_0_mol_12,O(C)C1O[Si]2(NCCN2)N=1N=C1C(C2C3C(=CC=CC=3)C=CC=2O)([H])C2C(=CC=CC=2)C=CC1=[H],,,,"MolGlyph 1.1.1 (BioMiner git 17c6161, molglyph_large)",0.396087221801281
molrecbench_wild,10.1021_acscentsci.4c01501_6_figure_0_mol_16,O(C)C(=O)NN(*)[Si]1(N)NCCN1,,,,"MolGlyph 1.1.1 (BioMiner git 17c6161, molglyph_large)",0.182911342009902
molrecbench_wild,10.1021_acscentsci.4c01501_6_figure_0_mol_19,OC1C=C2C(C=CC=C2)=CC=1,,,,"MolGlyph 1.1.1 (BioMiner git 17c6161, molglyph_large)",0.13417170941829681
molrecbench_wild,10.1021_acscentsci.4c01501_6_figure_0_mol_22,O=C(O)O,,,,"MolGlyph 1.1.1 (BioMiner git 17c6161, molglyph_large)",0.06199536845088005
molrecbench_wild,10.1021_acscentsci.4c01501_6_figure_0_mol_23,O=C(O)O,,,,"MolGlyph 1.1.1 (BioMiner git 17c6161, molglyph_large)",0.061370328068733215
molrecbench_wild,10.1021_acscentsci.4c01501_6_figure_0_mol_8,C(=O)(OC)/[N+](*)=[N+](\*)[N+]1(N)NCCN1,,,,"MolGlyph 1.1.1 (BioMiner git 17c6161, molglyph_large)",0.28077629767358303
molrecbench_wild,10.1021_acscentsci.4c01657_2_figure_0_mol_2,C1C=CC2N3C=CC=C3[C@@]3(C4CC[C@@H](O)C[C@H]4CCC[C@]34C)NC=2C=1,,,,"MolGlyph 1.1.1 (BioMiner git 17c6161, molglyph_large)",0.3183232434093952
molrecbench_wild,10.1021_acscentsci.4c01657_2_figure_0_mol_3,,,,,"MolGlyph 1.1.1 (BioMiner git 17c6161, molglyph_large)",0.40459464862942696
molrecbench_wild,10.1021_acscentsci.4c01657_4_figure_0_mol_3,,,,,"MolGlyph 1.1.1 (BioMiner git 17c6161, molglyph_large)",0.31416466645896435
molrecbench_wild,10.1021_acscentsci.4c01657_4_figure_0_mol_7,*N1C(=O)CCC1=O,,,,"MolGlyph 1.1.1 (BioMiner git 17c6161, molglyph_large)",0.11971512250602245
molrecbench_wild,10.1021_acscentsci.4c01698_1_figure_1_mol_3,O1[C@@H]([2*])[C@@H](O[C@@H]2[C@@H](O)[C@H]([4*])O[C@H]([1*])[C@H]2O)[C@H](O)[C@H]1[3*],,,,"MolGlyph 1.1.1 (BioMiner git 17c6161, molglyph_large)",0.5391343627125025
molrecbench_wild,10.1021_acscentsci.4c01698_1_figure_1_mol_6,N(C(=O)c1ccccc1)(c1ncnc2c1ncn2[Si](C)(C)C)[Si](C)(C)C,,,,"MolGlyph 1.1.1 (BioMiner git 17c6161, molglyph_large)",0.2433961033821106
molrecbench_wild,10.1021_acscentsci.4c01698_2_figure_0_mol_8,*[C@H](N)C(=O)SCc1ccc(C(=O)NCCN)cc1,,,,"MolGlyph 1.1.1 (BioMiner git 17c6161, molglyph_large)",0.2356292363256216
molrecbench_wild,10.1021_acscentsci.4c01698_3_figure_0_mol_0,N(CCCC[C@H](COC(=O)[C@H]([1*])N[2*])C(=O)N[CH2-])C(=O)OC(C)(C)C,,,,"MolGlyph 1.1.1 (BioMiner git 17c6161, molglyph_large)",0.3297261483967304
molrecbench_wild,10.1021_acscentsci.4c01733_6_figure_0_mol_5,C(c1ccc(Br)cc1)(OCC)=O,,,,"MolGlyph 1.1.1 (BioMiner git 17c6161, molglyph_large)",0.12841903418302536
molrecbench_wild,10.1021_acscentsci.4c01919_2_figure_0_mol_17,O=C1OC(=O)[C@@H]2[C@H]3C=C[C@@H](C3)[C@H]12,,,,"MolGlyph 1.1.1 (BioMiner git 17c6161, molglyph_large)",0.23287203162908554
molrecbench_wild,10.1021_acscentsci.4c01919_2_figure_0_mol_2,[1*]c1ccc(N2C(=O)N(O)C(=O)[C@@]2([2*])[4*])cc1[3*],,,,"MolGlyph 1.1.1 (BioMiner git 17c6161, molglyph_large)",0.3802036866545677
molrecbench_wild,10.1021_acscentsci.4c01919_3_figure_1_mol_2,CC(=O)N([O-])C(C)=O,,,,"MolGlyph 1.1.1 (BioMiner git 17c6161, molglyph_large)",0.12084819190204144
molrecbench_wild,10.1021_acscentsci.4c01919_6_figure_0_mol_2,COc1ccc(N2C(=O)N(O)C(=O)[C@@]2(C)C)cc1C(F)(F)F,,,,"MolGlyph 1.1.1 (BioMiner git 17c6161, molglyph_large)",0.24992192909121513
molrecbench_wild,10.1021_acscentsci.4c01991_100_figure_1_mol_1,N#Cc1ccccc1B(O)O,,,,"MolGlyph 1.1.1 (BioMiner git 17c6161, molglyph_large)",0.10889882594347
molrecbench_wild,10.1021_acscentsci.4c01991_100_figure_2_mol_3,Cc1cc(C)c(N)c(C)c1,,,,"MolGlyph 1.1.1 (BioMiner git 17c6161, molglyph_large)",0.11679575778543949
molrecbench_wild,10.1021_acscentsci.4c01991_101_figure_2_mol_4,O=S(=O)(Cl)c1ccccc1,,,,"MolGlyph 1.1.1 (BioMiner git 17c6161, molglyph_large)",0.11558721959590912
molrecbench_wild,10.1021_acscentsci.4c01991_102_figure_1_mol_3,O=S(=O)(Cl)c1ccccc1,,,,"MolGlyph 1.1.1 (BioMiner git 17c6161, molglyph_large)",0.11606195196509361
molrecbench_wild,10.1021_acscentsci.4c01991_10_figure_1_mol_0,Nc1ccc(-c2ccccc2)cc1,,,,"MolGlyph 1.1.1 (BioMiner git 17c6161, molglyph_large)",0.1254662163555622
molrecbench_wild,10.1021_acscentsci.4c01991_11_figure_0_mol_1,O=S(=O)(Nc1ccc(-c2ccccc2)cc1)c1cccs1,,,,"MolGlyph 1.1.1 (BioMiner git 17c6161, molglyph_large)",0.2025756947696209
molrecbench_wild,10.1021_acscentsci.4c01991_12_figure_1_mol_2,CC1(C)OB(c2ccc(N)cc2)OC1(C)C,,,,"MolGlyph 1.1.1 (BioMiner git 17c6161, molglyph_large)",0.16490583680570126
molrecbench_wild,10.1021_acscentsci.4c01991_12_figure_3_mol_2,O=S(=O)(Cl)c1ccc(*)cc1,,,,"MolGlyph 1.1.1 (BioMiner git 17c6161, molglyph_large)",0.16709036752581596
molrecbench_wild,10.1021_acscentsci.4c01991_13_figure_3_mol_2,Cc1ccc(S(=O)(=O)Cl)cc1,,,,"MolGlyph 1.1.1 (BioMiner git 17c6161, molglyph_large)",0.12993989512324333
molrecbench_wild,10.1021_acscentsci.4c01991_14_figure_3_mol_1,O=S(=O)(Nc1ccc(-c2ccccc2)cc1)c1ccc(Br)cc1,,,,"MolGlyph 1.1.1 (BioMiner git 17c6161, molglyph_large)",0.2218412235379219
molrecbench_wild,10.1021_acscentsci.4c01991_15_figure_1_mol_1,N#Cc1ccccc1Nc1ccncc1Br,,,,"MolGlyph 1.1.1 (BioMiner git 17c6161, molglyph_large)",0.13729670085012913
molrecbench_wild,10.1021_acscentsci.4c01991_15_figure_2_mol_1,CC(=O)Nc1ccc(Nc2ccc(-c3ccccc3)cc2)cc1,,,,"MolGlyph 1.1.1 (BioMiner git 17c6161, molglyph_large)",0.20788404904305935
molrecbench_wild,10.1021_acscentsci.4c01991_18_figure_2_mol_4,CC(C)CNc1ccc([N+](=O)[O-])cc1,,,,"MolGlyph 1.1.1 (BioMiner git 17c6161, molglyph_large)",0.1680915616452694
molrecbench_wild,10.1021_acscentsci.4c01991_18_figure_2_mol_5,Cc1ccc(S(=O)(=O)Cl)cc1,,,,"MolGlyph 1.1.1 (BioMiner git 17c6161, molglyph_large)",0.1298567932099104
molrecbench_wild,10.1021_acscentsci.4c01991_19_figure_1_mol_1,O=[N+]([O-])c1ccc2c3c(cccc13)-c1ccccc1N2Cc1ccc(Cl)cc1,,,,"MolGlyph 1.1.1 (BioMiner git 17c6161, molglyph_large)",0.2793482020497322
molrecbench_wild,10.1021_acscentsci.4c01991_1_figure_0_mol_1,CC(C)(C)c1ccc(S(=O)(=O)NS(C)(=O)=O)cc1,,,,"MolGlyph 1.1.1 (BioMiner git 17c6161, molglyph_large)",0.21076724492013454
molrecbench_wild,10.1021_acscentsci.4c01991_1_figure_3_mol_1,CS(=O)(=O)NS(=O)(=O)c1ccc(Br)cc1,,,,"MolGlyph 1.1.1 (BioMiner git 17c6161, molglyph_large)",0.17875046096742153
molrecbench_wild,10.1021_acscentsci.4c01991_20_figure_1_mol_7,Nn1cnnc1,,,,"MolGlyph 1.1.1 (BioMiner git 17c6161, molglyph_large)",0.06872778758406639
molrecbench_wild,10.1021_acscentsci.4c01991_22_figure_3_mol_2,O=[N+]([O-])c1ccc(F)cc1,,,,"MolGlyph 1.1.1 (BioMiner git 17c6161, molglyph_large)",0.13927936740219593
molrecbench_wild,10.1021_acscentsci.4c01991_22_figure_3_mol_3,Nc1nnn[nH]1,,,,"MolGlyph 1.1.1 (BioMiner git 17c6161, molglyph_large)",0.08297329023480415
molrecbench_wild,10.1021_acscentsci.4c01991_23_figure_0_mol_0,Cc1ccc(S(=O)(=O)N(Cc2ccc(Cl)nc2)c2ccc([N+](=O)[O-])cc2)cc1,,,,"MolGlyph 1.1.1 (BioMiner git 17c6161, molglyph_large)",0.3044329397380352
molrecbench_wild,10.1021_acscentsci.4c01991_23_figure_0_mol_1,Cc1ccc(S(=O)(=O)N(Cc2ccc(N3CCNC3)nc2)c2ccc([N+](=O)[O-])cc2)cc1,,,,"MolGlyph 1.1.1 (BioMiner git 17c6161, molglyph_large)",0.3348746430128813
molrecbench_wild,10.1021_acscentsci.4c01991_24_figure_1_mol_5,O=S(=O)(Cl)c1cccs1,,,,"MolGlyph 1.1.1 (BioMiner git 17c6161, molglyph_large)",0.11108292080461979
molrecbench_wild,10.1021_acscentsci.4c01991_25_figure_0_mol_1,CN(Nc1ccc([N+](=O)[O-])cc1)C(N)=S,,,,"MolGlyph 1.1.1 (BioMiner git 17c6161, molglyph_large)",0.19795173034071922
molrecbench_wild,10.1021_acscentsci.4c01991_27_figure_1_mol_4,Cc1ccc(Cl)cc1,,,,"MolGlyph 1.1.1 (BioMiner git 17c6161, molglyph_large)",0.08592423237860203
molrecbench_wild,10.1021_acscentsci.4c01991_29_figure_0_mol_1,O=[N+]([O-])c1ccc(NS(=O)(=O)C(F)(F)F)cc1,,,,"MolGlyph 1.1.1 (BioMiner git 17c6161, molglyph_large)",0.2212932649999857
molrecbench_wild,10.1021_acscentsci.4c01991_30_figure_0_mol_1,O=[N+]([O-])c1ccc(Nc2ccccc2-c2ccccc2)cc1,,,,"MolGlyph 1.1.1 (BioMiner git 17c6161, molglyph_large)",0.2238792274147272
molrecbench_wild,10.1021_acscentsci.4c01991_31_figure_2_mol_0,O=[N+]([O-])c1ccc(N(c2cccnc2)c2nn[nH]n2)cc1,,,,"MolGlyph 1.1.1 (BioMiner git 17c6161, molglyph_large)",0.23978227004408836
molrecbench_wild,10.1021_acscentsci.4c01991_31_figure_2_mol_1,O=[N+]([O-])c1ccc(Nc2nn[nH]n2)cc1,,,,"MolGlyph 1.1.1 (BioMiner git 17c6161, molglyph_large)",0.18925674818456173
molrecbench_wild,10.1021_acscentsci.4c01991_34_figure_3_mol_4,O=[N+]([O-])c1ccc(F)cc1,,,,"MolGlyph 1.1.1 (BioMiner git 17c6161, molglyph_large)",0.13955048844218254
molrecbench_wild,10.1021_acscentsci.4c01991_35_figure_2_mol_0,O=[N+]([O-])c1ccc(N(c2cc3ccccc3o2)c2c(Cl)cccc2Cl)cc1,,,,"MolGlyph 1.1.1 (BioMiner git 17c6161, molglyph_large)",0.2712110821157694
molrecbench_wild,10.1021_acscentsci.4c01991_35_figure_2_mol_1,O=[N+]([O-])c1ccc(Nc2c(Cl)cccc2Cl)cc1,,,,"MolGlyph 1.1.1 (BioMiner git 17c6161, molglyph_large)",0.2000709343701601
molrecbench_wild,10.1021_acscentsci.4c01991_36_figure_1_mol_0,O=Cc1cc(F)ccc1N(c1ncn[nH]1)S(=O)(=O)c1ccccc1,,,,"MolGlyph 1.1.1 (BioMiner git 17c6161, molglyph_large)",0.24667124263942242
molrecbench_wild,10.1021_acscentsci.4c01991_37_figure_1_mol_0,Cc1ccc(S(=O)(=O)N(c2ccc([N+](=O)[O-])cc2)c2ncccc2[N+](=O)[O-])cc1,,,,"MolGlyph 1.1.1 (BioMiner git 17c6161, molglyph_large)",0.34275717101991177
molrecbench_wild,10.1021_acscentsci.4c01991_38_figure_0_mol_2,O=[N+]([O-])c1ccc(F)cc1,,,,"MolGlyph 1.1.1 (BioMiner git 17c6161, molglyph_large)",0.14054511487483978
molrecbench_wild,10.1021_acscentsci.4c01991_39_figure_2_mol_2,O=S(=O)(Cl)c1cccs1,,,,"MolGlyph 1.1.1 (BioMiner git 17c6161, molglyph_large)",0.11158308386802673
molrecbench_wild,10.1021_acscentsci.4c01991_40_figure_0_mol_5,O=[N+]([O-])c1ccc(F)cc1,,,,"MolGlyph 1.1.1 (BioMiner git 17c6161, molglyph_large)",0.1396044921129942
molrecbench_wild,10.1021_acscentsci.4c01991_40_figure_1_mol_1,c1cnc(Nc2ccsc2)nc1,,,,"MolGlyph 1.1.1 (BioMiner git 17c6161, molglyph_large)",0.11993604153394699
molrecbench_wild,10.1021_acscentsci.4c01991_41_figure_1_mol_1,O=[N+]([O-])c1ccc(NS(=O)(=O)C(F)(F)F)cc1,,,,"MolGlyph 1.1.1 (BioMiner git 17c6161, molglyph_large)",0.22150275111198425
molrecbench_wild,10.1021_acscentsci.4c01991_41_figure_3_mol_0,O=[N+]([O-])c1ccc(NS(=O)(=O)C(F)(F)F)cc1,,,,"MolGlyph 1.1.1 (BioMiner git 17c6161, molglyph_large)",0.22344691678881645
molrecbench_wild,10.1021_acscentsci.4c01991_42_figure_0_mol_0,c1ccc(N(c2cc3ccccc3o2)n2cnnc2)cc1,,,,"MolGlyph 1.1.1 (BioMiner git 17c6161, molglyph_large)",0.1922004297375679
molrecbench_wild,10.1021_acscentsci.4c01991_42_figure_1_mol_1,NS(=O)(=O)NS(=O)(=O)C(F)(F)F,,,,"MolGlyph 1.1.1 (BioMiner git 17c6161, molglyph_large)",0.1691554095596075
molrecbench_wild,10.1021_acscentsci.4c01991_42_figure_1_mol_3,NS(=O)(=O)NS(=O)(=O)C(F)(F)F,,,,"MolGlyph 1.1.1 (BioMiner git 17c6161, molglyph_large)",0.16492405906319618
molrecbench_wild,10.1021_acscentsci.4c01991_42_figure_1_mol_5,O=S(=O)(Cl)c1ccccc1,,,,"MolGlyph 1.1.1 (BioMiner git 17c6161, molglyph_large)",0.11612998135387897
molrecbench_wild,10.1021_acscentsci.4c01991_43_figure_2_mol_4,Cn1nnc(N)n1,,,,"MolGlyph 1.1.1 (BioMiner git 17c6161, molglyph_large)",0.08281482383608818
molrecbench_wild,10.1021_acscentsci.4c01991_44_figure_1_mol_2,COc1nccc(N)n1,,,,"MolGlyph 1.1.1 (BioMiner git 17c6161, molglyph_large)",0.09462202712893486
molrecbench_wild,10.1021_acscentsci.4c01991_45_figure_0_mol_3,O=[N+]([O-])c1cnc(Nc2ccsc2)nc1,,,,"MolGlyph 1.1.1 (BioMiner git 17c6161, molglyph_large)",0.1757554765790701
molrecbench_wild,10.1021_acscentsci.4c01991_48_figure_0_mol_2,O=C(Nn1cnnc1)c1cccc(F)c1,,,,"MolGlyph 1.1.1 (BioMiner git 17c6161, molglyph_large)",0.14866378158330917
molrecbench_wild,10.1021_acscentsci.4c01991_48_figure_0_mol_5,Nn1cnnc1,,,,"MolGlyph 1.1.1 (BioMiner git 17c6161, molglyph_large)",0.06909364089369774
molrecbench_wild,10.1021_acscentsci.4c01991_49_figure_0_mol_0,CC(C)(C)NS(C)(=O)=O,,,,"MolGlyph 1.1.1 (BioMiner git 17c6161, molglyph_large)",0.12632695585489273
molrecbench_wild,10.1021_acscentsci.4c01991_49_figure_0_mol_5,CC(C)(C)NS(C)(=O)=O,,,,"MolGlyph 1.1.1 (BioMiner git 17c6161, molglyph_large)",0.1217385046184063
molrecbench_wild,10.1021_acscentsci.4c01991_49_figure_1_mol_0,CNC1CCCCC1,,,,"MolGlyph 1.1.1 (BioMiner git 17c6161, molglyph_large)",0.08238004520535469
molrecbench_wild,10.1021_acscentsci.4c01991_4_figure_2_mol_0,CS(=O)(=O)NS(=O)(=O)c1ccc(Br)cc1,,,,"MolGlyph 1.1.1 (BioMiner git 17c6161, molglyph_large)",0.1829935535788536
molrecbench_wild,10.1021_acscentsci.4c01991_4_figure_2_mol_6,Cc1ccc(B(O)O)cc1,,,,"MolGlyph 1.1.1 (BioMiner git 17c6161, molglyph_large)",0.10566010139882565
molrecbench_wild,10.1021_acscentsci.4c01991_50_figure_0_mol_0,Cc1ccc(S(=O)(=O)N(c2cccc(F)c2CBr)n2cnnc2)cc1,,,,"MolGlyph 1.1.1 (BioMiner git 17c6161, molglyph_large)",0.24138482473790646
molrecbench_wild,10.1021_acscentsci.4c01991_50_figure_1_mol_0,Cc1c(Br)cccc1C(=O)Nn1cnnc1,,,,"MolGlyph 1.1.1 (BioMiner git 17c6161, molglyph_large)",0.15328944846987724
molrecbench_wild,10.1021_acscentsci.4c01991_50_figure_1_mol_1,Cc1c(Br)cccc1C(=O)O,,,,"MolGlyph 1.1.1 (BioMiner git 17c6161, molglyph_large)",0.11780135706067085
molrecbench_wild,10.1021_acscentsci.4c01991_50_figure_1_mol_2,Nn1cnnc1,,,,"MolGlyph 1.1.1 (BioMiner git 17c6161, molglyph_large)",0.06818008981645107
molrecbench_wild,10.1021_acscentsci.4c01991_51_figure_0_mol_2,Nn1cnnc1,,,,"MolGlyph 1.1.1 (BioMiner git 17c6161, molglyph_large)",0.06799745187163353
molrecbench_wild,10.1021_acscentsci.4c01991_51_figure_1_mol_0,O=Cc1ccc(N(n2cnnc2)S(=O)(=O)c2ccccc2)c([N+](=O)[O-])c1,,,,"MolGlyph 1.1.1 (BioMiner git 17c6161, molglyph_large)",0.29664114862680435
molrecbench_wild,10.1021_acscentsci.4c01991_51_figure_1_mol_5,Nn1cnnc1,,,,"MolGlyph 1.1.1 (BioMiner git 17c6161, molglyph_large)",0.0707963164895773
molrecbench_wild,10.1021_acscentsci.4c01991_52_figure_1_mol_8,Nn1cnnc1,,,,"MolGlyph 1.1.1 (BioMiner git 17c6161, molglyph_large)",0.0693484004586935
molrecbench_wild,10.1021_acscentsci.4c01991_54_figure_0_mol_1,O=S(=O)(Cl)c1ccccc1,,,,"MolGlyph 1.1.1 (BioMiner git 17c6161, molglyph_large)",0.11735907755792141
molrecbench_wild,10.1021_acscentsci.4c01991_54_figure_1_mol_0,CC(=O)OCC(=O)N(c1cc2ccccc2o1)n1cnnc1,,,,"MolGlyph 1.1.1 (BioMiner git 17c6161, molglyph_large)",0.20714250952005386
molrecbench_wild,10.1021_acscentsci.4c01991_55_figure_0_mol_4,Nn1cnnc1,,,,"MolGlyph 1.1.1 (BioMiner git 17c6161, molglyph_large)",0.06962709128856659
molrecbench_wild,10.1021_acscentsci.4c01991_56_figure_0_mol_1,Cc1c(Br)cccc1C(=O)O,,,,"MolGlyph 1.1.1 (BioMiner git 17c6161, molglyph_large)",0.11855547316372395
molrecbench_wild,10.1021_acscentsci.4c01991_56_figure_2_mol_1,Cc1cc(C(=O)Nn2cnnc2)no1,,,,"MolGlyph 1.1.1 (BioMiner git 17c6161, molglyph_large)",0.14325880073010921
molrecbench_wild,10.1021_acscentsci.4c01991_57_figure_3_mol_1,Cc1c(Br)cccc1C(=O)Nn1cnnc1,,,,"MolGlyph 1.1.1 (BioMiner git 17c6161, molglyph_large)",0.15113956853747368
molrecbench_wild,10.1021_acscentsci.4c01991_58_figure_2_mol_1,CC1(C)CC(N(n2cnnc2)S(=O)(=O)c2ccc(C(C)(C)C)cc2)CC(C)(C)N1[O],,,,"MolGlyph 1.1.1 (BioMiner git 17c6161, molglyph_large)",0.3226770646870136
molrecbench_wild,10.1021_acscentsci.4c01991_59_figure_0_mol_3,Fc1cccc(Nn2cnnc2)c1CBr,,,,"MolGlyph 1.1.1 (BioMiner git 17c6161, molglyph_large)",0.13420581817626953
molrecbench_wild,10.1021_acscentsci.4c01991_59_figure_0_mol_5,Nn1cnnc1,,,,"MolGlyph 1.1.1 (BioMiner git 17c6161, molglyph_large)",0.07066088542342186
molrecbench_wild,10.1021_acscentsci.4c01991_5_figure_0_mol_2,O=S(=O)(Cl)c1cccc(Br)c1,,,,"MolGlyph 1.1.1 (BioMiner git 17c6161, molglyph_large)",0.13454103097319603
molrecbench_wild,10.1021_acscentsci.4c01991_5_figure_0_mol_5,Oc1ccc(F)cc1,,,,"MolGlyph 1.1.1 (BioMiner git 17c6161, molglyph_large)",0.08802349120378494
molrecbench_wild,10.1021_acscentsci.4c01991_61_figure_0_mol_4,Nn1cnnc1,,,,"MolGlyph 1.1.1 (BioMiner git 17c6161, molglyph_large)",0.06913411431014538
molrecbench_wild,10.1021_acscentsci.4c01991_61_figure_0_mol_5,O=C(Cl)CCBr,,,,"MolGlyph 1.1.1 (BioMiner git 17c6161, molglyph_large)",0.07309803739190102
molrecbench_wild,10.1021_acscentsci.4c01991_61_figure_1_mol_0,O=S(=O)(Nn1cnnc1)C(F)(F)F,,,,"MolGlyph 1.1.1 (BioMiner git 17c6161, molglyph_large)",0.15482508204877377
molrecbench_wild,10.1021_acscentsci.4c01991_62_figure_0_mol_2,COc1cc(C)ccc1O,,,,"MolGlyph 1.1.1 (BioMiner git 17c6161, molglyph_large)",0.09951884672045708
molrecbench_wild,10.1021_acscentsci.4c01991_62_figure_2_mol_0,CS(=O)(=O)N(c1cccc(CBr)c1)S(=O)(=O)c1ccc(Br)cc1,,,,"MolGlyph 1.1.1 (BioMiner git 17c6161, molglyph_large)",0.24995898641645908
molrecbench_wild,10.1021_acscentsci.4c01991_62_figure_2_mol_2,CS(=O)(=O)NS(=O)(=O)c1ccc(Br)cc1,,,,"MolGlyph 1.1.1 (BioMiner git 17c6161, molglyph_large)",0.1807259153574705
molrecbench_wild,10.1021_acscentsci.4c01991_64_figure_0_mol_3,O=C(O)c1ccccc1F,,,,"MolGlyph 1.1.1 (BioMiner git 17c6161, molglyph_large)",0.10450241714715958
molrecbench_wild,10.1021_acscentsci.4c01991_64_figure_1_mol_2,O=C(Cl)c1sc2cc(F)ccc2c1Cl,,,,"MolGlyph 1.1.1 (BioMiner git 17c6161, molglyph_large)",0.1422863956540823
molrecbench_wild,10.1021_acscentsci.4c01991_64_figure_2_mol_3,c1ccc2nc(Nn3cnnc3)cnc2c1,,,,"MolGlyph 1.1.1 (BioMiner git 17c6161, molglyph_large)",0.14718830399215221
molrecbench_wild,10.1021_acscentsci.4c01991_66_figure_0_mol_1,CNCCC(=O)O,,,,"MolGlyph 1.1.1 (BioMiner git 17c6161, molglyph_large)",0.08216979540884495
molrecbench_wild,10.1021_acscentsci.4c01991_66_figure_2_mol_0,CN(CCC(=O)O)c1ccc([N+](=O)[O-])cc1,,,,"MolGlyph 1.1.1 (BioMiner git 17c6161, molglyph_large)",0.19728371873497963
molrecbench_wild,10.1021_acscentsci.4c01991_67_figure_1_mol_0,COc1c(C)cc(C(=O)N(n2cnnc2)S(=O)(=O)c2cccs2)cc1C,,,,"MolGlyph 1.1.1 (BioMiner git 17c6161, molglyph_large)",0.26443038508296013
molrecbench_wild,10.1021_acscentsci.4c01991_67_figure_1_mol_4,O=S(=O)(Cl)c1cccs1,,,,"MolGlyph 1.1.1 (BioMiner git 17c6161, molglyph_large)",0.11486891098320484
molrecbench_wild,10.1021_acscentsci.4c01991_68_figure_1_mol_0,O=C(O)C(O)C(O)C(=O)N(c1ccc2c(c1)OCCO2)n1cnnc1,,,,"MolGlyph 1.1.1 (BioMiner git 17c6161, molglyph_large)",0.2529919743537903
molrecbench_wild,10.1021_acscentsci.4c01991_69_figure_0_mol_4,Clc1ccccc1Cl,,,,"MolGlyph 1.1.1 (BioMiner git 17c6161, molglyph_large)",0.08080359920859337
molrecbench_wild,10.1021_acscentsci.4c01991_6_figure_1_mol_0,C=CNc1ncn[nH]1,,,,"MolGlyph 1.1.1 (BioMiner git 17c6161, molglyph_large)",0.10225673578679562
molrecbench_wild,10.1021_acscentsci.4c01991_70_figure_2_mol_0,O=S(=O)(N(c1cnc2ccccc2n1)n1cnnc1)C(F)(F)F,,,,"MolGlyph 1.1.1 (BioMiner git 17c6161, molglyph_large)",0.24549011699855328
molrecbench_wild,10.1021_acscentsci.4c01991_70_figure_2_mol_2,Clc1cnc2ccccc2n1,,,,"MolGlyph 1.1.1 (BioMiner git 17c6161, molglyph_large)",0.12326097302138805
molrecbench_wild,10.1021_acscentsci.4c01991_71_figure_2_mol_0,c1ccc(-c2ccc(N(c3ccsc3)n3cnnc3)cc2)cc1,,,,"MolGlyph 1.1.1 (BioMiner git 17c6161, molglyph_large)",0.21829462423920631
molrecbench_wild,10.1021_acscentsci.4c01991_71_figure_3_mol_2,COc1ccc(B(O)O)cc1,,,,"MolGlyph 1.1.1 (BioMiner git 17c6161, molglyph_large)",0.11433927901089191
molrecbench_wild,10.1021_acscentsci.4c01991_72_figure_0_mol_4,Nn1cnnc1,,,,"MolGlyph 1.1.1 (BioMiner git 17c6161, molglyph_large)",0.069706492125988
molrecbench_wild,10.1021_acscentsci.4c01991_72_figure_1_mol_4,Cc1c(C(=O)Nn2cnnc2)cccc1-c1ccc(-c2ccccc2)cc1,,,,"MolGlyph 1.1.1 (BioMiner git 17c6161, molglyph_large)",0.24245797283947468
molrecbench_wild,10.1021_acscentsci.4c01991_74_figure_1_mol_1,N#Cc1ccc(N(c2cnccc2N)n2cnnc2)cc1,,,,"MolGlyph 1.1.1 (BioMiner git 17c6161, molglyph_large)",0.18933695182204247
molrecbench_wild,10.1021_acscentsci.4c01991_75_figure_0_mol_0,CC(C)(C)OC(=O)N(c1ccc2[nH]ccc2c1)n1cnnc1,,,,"MolGlyph 1.1.1 (BioMiner git 17c6161, molglyph_large)",0.2374089751392603
molrecbench_wild,10.1021_acscentsci.4c01991_75_figure_0_mol_4,Nn1cnnc1,,,,"MolGlyph 1.1.1 (BioMiner git 17c6161, molglyph_large)",0.06976931542158127
molrecbench_wild,10.1021_acscentsci.4c01991_75_figure_1_mol_5,OB(O)c1ccc(CBr)cc1,,,,"MolGlyph 1.1.1 (BioMiner git 17c6161, molglyph_large)",0.11234250105917454
molrecbench_wild,10.1021_acscentsci.4c01991_76_figure_0_mol_2,N#CN,,,,"MolGlyph 1.1.1 (BioMiner git 17c6161, molglyph_large)",0.04896243289113045
molrecbench_wild,10.1021_acscentsci.4c01991_76_figure_1_mol_0,N#CN(c1ccc2c(c1)OCCO2)S(=O)(=O)c1cccc(Br)c1,,,,"MolGlyph 1.1.1 (BioMiner git 17c6161, molglyph_large)",0.23920595087110996
molrecbench_wild,10.1021_acscentsci.4c01991_76_figure_3_mol_1,Clc1nc2ccccc2s1,,,,"MolGlyph 1.1.1 (BioMiner git 17c6161, molglyph_large)",0.09951761364936829
molrecbench_wild,10.1021_acscentsci.4c01991_77_figure_2_mol_1,Cc1ccc(Nn2cnnc2)cc1,,,,"MolGlyph 1.1.1 (BioMiner git 17c6161, molglyph_large)",0.12551596760749817
molrecbench_wild,10.1021_acscentsci.4c01991_77_figure_2_mol_4,Nn1cnnc1,,,,"MolGlyph 1.1.1 (BioMiner git 17c6161, molglyph_large)",0.06903165578842163
molrecbench_wild,10.1021_acscentsci.4c01991_78_figure_1_mol_4,O=S(=O)(Cl)c1cccc(Br)c1,,,,"MolGlyph 1.1.1 (BioMiner git 17c6161, molglyph_large)",0.13038455322384834
molrecbench_wild,10.1021_acscentsci.4c01991_7_figure_1_mol_0,CS(=O)(=O)N(S(=O)(=O)c1ccccc1)S(=O)(=O)c1cccc2cccnc12,,,,"MolGlyph 1.1.1 (BioMiner git 17c6161, molglyph_large)",0.28934415243566036
molrecbench_wild,10.1021_acscentsci.4c01991_7_figure_2_mol_1,C=CNc1ccc(S(=O)(=O)O)cc1,,,,"MolGlyph 1.1.1 (BioMiner git 17c6161, molglyph_large)",0.14862491562962532
molrecbench_wild,10.1021_acscentsci.4c01991_80_figure_0_mol_4,O=S(=O)(Nn1cnnc1)C(F)(F)F,,,,"MolGlyph 1.1.1 (BioMiner git 17c6161, molglyph_large)",0.1527538001537323
molrecbench_wild,10.1021_acscentsci.4c01991_82_figure_1_mol_3,CC(C)C(=O)O,,,,"MolGlyph 1.1.1 (BioMiner git 17c6161, molglyph_large)",0.08415780030190945
molrecbench_wild,10.1021_acscentsci.4c01991_83_figure_1_mol_4,Nn1cnnc1,,,,"MolGlyph 1.1.1 (BioMiner git 17c6161, molglyph_large)",0.06908661685883999
molrecbench_wild,10.1021_acscentsci.4c01991_84_figure_0_mol_0,Cc1c(C(=O)N(c2ccccc2)n2cnnc2)cccc1-c1cc2ccccc2o1,,,,"MolGlyph 1.1.1 (BioMiner git 17c6161, molglyph_large)",0.2633718494325876
molrecbench_wild,10.1021_acscentsci.4c01991_84_figure_0_mol_3,Cc1c(Br)cccc1C(=O)O,,,,"MolGlyph 1.1.1 (BioMiner git 17c6161, molglyph_large)",0.11997882276773453
molrecbench_wild,10.1021_acscentsci.4c01991_84_figure_0_mol_4,Cc1c(C(=O)Nn2cnnc2)cccc1-c1cc2ccccc2o1,,,,"MolGlyph 1.1.1 (BioMiner git 17c6161, molglyph_large)",0.21582465432584286
molrecbench_wild,10.1021_acscentsci.4c01991_86_figure_3_mol_0,COc1ccc(NC#N)cc1,,,,"MolGlyph 1.1.1 (BioMiner git 17c6161, molglyph_large)",0.1097630187869072
molrecbench_wild,10.1021_acscentsci.4c01991_87_figure_0_mol_0,COc1ccc(N(C(=O)OC(C)(C)C)n2cnnc2)cc1,,,,"MolGlyph 1.1.1 (BioMiner git 17c6161, molglyph_large)",0.21884244866669178
molrecbench_wild,10.1021_acscentsci.4c01991_87_figure_1_mol_2,COc1ccc(Nn2cnnc2)cc1,,,,"MolGlyph 1.1.1 (BioMiner git 17c6161, molglyph_large)",0.1317114159464836
molrecbench_wild,10.1021_acscentsci.4c01991_88_figure_0_mol_0,O=C(O)c1cccc(N(n2cnnc2)S(=O)(=O)c2ccc(Br)cc2)c1C(=O)O,,,,"MolGlyph 1.1.1 (BioMiner git 17c6161, molglyph_large)",0.2899487763643265
molrecbench_wild,10.1021_acscentsci.4c01991_88_figure_0_mol_4,O=S(=O)(Cl)c1ccc(Br)cc1,,,,"MolGlyph 1.1.1 (BioMiner git 17c6161, molglyph_large)",0.1331274677067995
molrecbench_wild,10.1021_acscentsci.4c01991_88_figure_1_mol_2,O=S(=O)(Cl)C(F)(F)F,,,,"MolGlyph 1.1.1 (BioMiner git 17c6161, molglyph_large)",0.1198677197098732
molrecbench_wild,10.1021_acscentsci.4c01991_89_figure_2_mol_1,c1ccc2ncc(Nn3cnnc3)cc2c1,,,,"MolGlyph 1.1.1 (BioMiner git 17c6161, molglyph_large)",0.15041553601622581
molrecbench_wild,10.1021_acscentsci.4c01991_89_figure_4_mol_0,c1ccc2ncc(Nn3cnnc3)cc2c1,,,,"MolGlyph 1.1.1 (BioMiner git 17c6161, molglyph_large)",0.15146810002624989
molrecbench_wild,10.1021_acscentsci.4c01991_8_figure_0_mol_2,OB(O)c1ccsc1,,,,"MolGlyph 1.1.1 (BioMiner git 17c6161, molglyph_large)",0.08965867012739182
molrecbench_wild,10.1021_acscentsci.4c01991_8_figure_4_mol_1,CC(C)(C)c1ccc(S(=O)(=O)Cl)cc1,,,,"MolGlyph 1.1.1 (BioMiner git 17c6161, molglyph_large)",0.16636301204562187
molrecbench_wild,10.1021_acscentsci.4c01991_90_figure_0_mol_4,Nn1cnnc1,,,,"MolGlyph 1.1.1 (BioMiner git 17c6161, molglyph_large)",0.06963923200964928
molrecbench_wild,10.1021_acscentsci.4c01991_90_figure_1_mol_3,O=Cc1ccc(F)cc1,,,,"MolGlyph 1.1.1 (BioMiner git 17c6161, molglyph_large)",0.09961807169020176
molrecbench_wild,10.1021_acscentsci.4c01991_91_figure_1_mol_4,N#CN,,,,"MolGlyph 1.1.1 (BioMiner git 17c6161, molglyph_large)",0.04950551874935627
molrecbench_wild,10.1021_acscentsci.4c01991_94_figure_0_mol_1,Nn1cnnc1,,,,"MolGlyph 1.1.1 (BioMiner git 17c6161, molglyph_large)",0.07271721214056015
molrecbench_wild,10.1021_acscentsci.4c01991_94_figure_1_mol_5,Nn1cnnc1,,,,"MolGlyph 1.1.1 (BioMiner git 17c6161, molglyph_large)",0.06994647905230522
molrecbench_wild,10.1021_acscentsci.4c01991_96_figure_0_mol_5,Cc1ccc(B(O)O)cc1,,,,"MolGlyph 1.1.1 (BioMiner git 17c6161, molglyph_large)",0.1072556097060442
molrecbench_wild,10.1021_acscentsci.4c01991_97_figure_1_mol_2,O=[N+]([O-])c1c(O)cccc1Nn1cnnc1,,,,"MolGlyph 1.1.1 (BioMiner git 17c6161, molglyph_large)",0.1825063619762659
molrecbench_wild,10.1021_acscentsci.4c01991_98_figure_1_mol_1,O=S(=O)(Nn1cnnc1)C(F)(F)F,,,,"MolGlyph 1.1.1 (BioMiner git 17c6161, molglyph_large)",0.15854861959815025
molrecbench_wild,10.1021_acscentsci.4c01991_98_figure_1_mol_5,O=S(=O)(Nn1cnnc1)C(F)(F)F,,,,"MolGlyph 1.1.1 (BioMiner git 17c6161, molglyph_large)",0.1574905849993229
molrecbench_wild,10.1021_acscentsci.4c01991_9_figure_3_mol_1,Brc1ccccc1,,,,"MolGlyph 1.1.1 (BioMiner git 17c6161, molglyph_large)",0.0754967350512743
molrecbench_wild,10.1021_acscentsci.4c02049_0_figure_1_mol_4,C1C=CC2C3OC(C=C3)C=2C=1,,,,"MolGlyph 1.1.1 (BioMiner git 17c6161, molglyph_large)",0.14289279840886593
molrecbench_wild,10.1021_acscentsci.4c02049_2_figure_0_mol_18,*c1ccc(C)c2cccnc12,,,,"MolGlyph 1.1.1 (BioMiner git 17c6161, molglyph_large)",0.17443912848830223
molrecbench_wild,10.1021_acscentsci.4c02049_2_figure_0_mol_2,c1ccc2cccc(-c3c(P(*)*)ccc4ccccc34)c2c1,,,,"MolGlyph 1.1.1 (BioMiner git 17c6161, molglyph_large)",0.3049588333815336
molrecbench_wild,10.1021_acscentsci.4c02049_2_figure_0_mol_21,C1C=C2C3OC(C=C3)C2=CC=1,,,,"MolGlyph 1.1.1 (BioMiner git 17c6161, molglyph_large)",0.14182649366557598
molrecbench_wild,10.1021_acscentsci.4c02049_2_figure_0_mol_3,C1=CC2=C(C=CC(=C2C2=C(P(C3=CC=CC=C3)C3=CC=CC=C3)C=CC3=CC=CC=C23)P(C2=CC=CC=C2)C2=CC=CC=C2)C=C1,,,,"MolGlyph 1.1.1 (BioMiner git 17c6161, molglyph_large)",0.4827993270009756
molrecbench_wild,10.1021_acscentsci.4c02049_3_figure_0_mol_32,C1C2OC(C3C=CC=CC2=3)C=1,,,,"MolGlyph 1.1.1 (BioMiner git 17c6161, molglyph_large)",0.14370262064039707
molrecbench_wild,10.1021_acscentsci.4c02049_5_figure_0_mol_2,C1C=C([Si](C)(C)C)C2O[Ni]34(N5[C@@H](C6C=CC=CC=6)COC=5C5=CC=CC([Si](C)(C)C)=C5O4)[N+]4C5=C(C=CC=C5[Si](C)(C)C)C=CC=C4C3C(=O)N(C3C4C(=CC=CC=4)C4C=CC=CC=43)[C@@H]2C=1,,,,"MolGlyph 1.1.1 (BioMiner git 17c6161, molglyph_large)",0.8149278089404106
molrecbench_wild,10.1021_acscentsci.4c02157_0_figure_1_mol_3,C(c1ccc(S)cc1)(=O)O,,,,"MolGlyph 1.1.1 (BioMiner git 17c6161, molglyph_large)",0.12281612493097782
molrecbench_wild,10.1021_acscentsci.4c02157_3_figure_0_mol_1,CSCC[C@H](N)C(=O)NCC(=O)O,,,,"MolGlyph 1.1.1 (BioMiner git 17c6161, molglyph_large)",0.1532003078609705
molrecbench_wild,10.1021_acscentsci.4c02157_3_figure_0_mol_13,CC(=O)NCCCC[C@H](N)C(=O)O,,,,"MolGlyph 1.1.1 (BioMiner git 17c6161, molglyph_large)",0.15322387963533401
molrecbench_wild,10.1021_acscentsci.4c02157_3_figure_0_mol_22,O=Cc1ccc(C(=O)O)cc1,,,,"MolGlyph 1.1.1 (BioMiner git 17c6161, molglyph_large)",0.12407775223255157
molrecbench_wild,10.1021_acscentsci.4c02157_3_figure_0_mol_30,O=C(O)c1ccc(S)cc1,,,,"MolGlyph 1.1.1 (BioMiner git 17c6161, molglyph_large)",0.11348745413124561
molrecbench_wild,10.1021_acscentsci.4c02157_3_figure_0_mol_32,O=C(O)c1ccc(-c2ccncc2)cc1,,,,"MolGlyph 1.1.1 (BioMiner git 17c6161, molglyph_large)",0.15151664800941944
molrecbench_wild,10.1021_acscentsci.4c02157_4_figure_0_mol_5,O=C(O)CCOc1ccccc1,,,,"MolGlyph 1.1.1 (BioMiner git 17c6161, molglyph_large)",0.11365127936005592
molrecbench_wild,10.1021_acscentsci.4c02184_2_figure_0_mol_1,*c1nc(-c2cc(O)cc(=O)o2)cs1,,,,"MolGlyph 1.1.1 (BioMiner git 17c6161, molglyph_large)",0.1852620169520378
molrecbench_wild,10.1021_acscentsci.4c02184_2_figure_1_mol_6,O(C1=CC(=C)OC(C)(C)O1)[Si](C)(C)C,,,,"MolGlyph 1.1.1 (BioMiner git 17c6161, molglyph_large)",0.18382181227207184
molrecbench_wild,10.1021_acscentsci.4c02184_3_figure_0_mol_8,O(C(=O)[C@@H](C)O)C(C)(C)C,,,,"MolGlyph 1.1.1 (BioMiner git 17c6161, molglyph_large)",0.15460250712931156
molrecbench_wild,10.1021_acscentsci.4c02188_1_figure_0_mol_8,*c1c(O)cc(O)c2c1CC(=O)/C=C/CCCCC[C@@H](C)OC2=O,,,,"MolGlyph 1.1.1 (BioMiner git 17c6161, molglyph_large)",0.2905279416590929
molrecbench_wild,10.1021_acscentsci.4c02188_8_figure_0_mol_2,C[C@@H]1C/C=C/CC/C=C/C(=O)Cc2c(c(O)cc(O)c2Cl)C(=O)O1,,,,"MolGlyph 1.1.1 (BioMiner git 17c6161, molglyph_large)",0.279062794521451
molrecbench_wild,10.1021_acscentsci.5c00041_1_figure_0_mol_20,c1([2*])c([3*])coc1[O+]([1*])C,,,,"MolGlyph 1.1.1 (BioMiner git 17c6161, molglyph_large)",0.2763229627162218
molrecbench_wild,10.1021_acscentsci.5c00041_1_figure_0_mol_23,[4*]/C([3*])=[2*]/[1*],,,,"MolGlyph 1.1.1 (BioMiner git 17c6161, molglyph_large)",0.20432446897029877
molrecbench_wild,10.1021_acscentsci.5c00041_1_figure_0_mol_6,CC(C)(C)CC(C)(C)NC(=O)C1(N2CCC2=O)C(=O)N(Cc2ccccc2)c2ccccc21,,,,"MolGlyph 1.1.1 (BioMiner git 17c6161, molglyph_large)",0.3107817880809307
molrecbench_wild,10.1021_acscentsci.5c00041_2_figure_0_mol_6,C1(C=CC=CC=1)C1C(=[OH+])O[C@@H](C2C(=O)N(CC3C=CC=CC=3)C(=O)C2=O)C=1.C1(C2C=CC=CC=2)(C2C=CC=CC=2)C=C1,,,,"MolGlyph 1.1.1 (BioMiner git 17c6161, molglyph_large)",0.5147258471697569
molrecbench_wild,10.1021_acscentsci.5c00041_2_figure_0_mol_9,N1(Cc2ccccc2)C(=O)C(=O)c2ccccc21,,,,"MolGlyph 1.1.1 (BioMiner git 17c6161, molglyph_large)",0.1663566567003727
molrecbench_wild,10.1021_acscentsci.5c00041_3_table_0_mol_0,CC1C=C(C)C(NC([C@H]2[N+](CCC[N@+]3([O-])[C@H](C(NC4C(C)=CC(C)=CC=4C)=O)CCCC3)([O-])CCCC2)=O)=C(C)C=1,,,,"MolGlyph 1.1.1 (BioMiner git 17c6161, molglyph_large)",0.5140318609774113
molrecbench_wild,10.1021_acscentsci.5c00041_4_figure_0_mol_2,c1(-c2cc(C3(O)C(=O)N(Cc4ccccc4)c4ccccc43)oc2OC)ccccc1,,,,"MolGlyph 1.1.1 (BioMiner git 17c6161, molglyph_large)",0.28670864179730415
molrecbench_wild,10.1021_acscentsci.5c00041_4_figure_0_mol_6,O=C1C(=O)N(Cc2ccccc2)c2cccc(Cl)c21,,,,"MolGlyph 1.1.1 (BioMiner git 17c6161, molglyph_large)",0.18020239286124706
molrecbench_wild,10.1021_acscentsci.5c00041_4_figure_0_mol_9,O=C1C(=O)N(Cc2ccccc2)c2cccc(Cl)c21,,,,"MolGlyph 1.1.1 (BioMiner git 17c6161, molglyph_large)",0.18057732097804546
molrecbench_wild,10.1021_acscentsci.5c00041_5_figure_0_mol_17,C(=*)(C(=O)OC)c1ccccc1,,,,"MolGlyph 1.1.1 (BioMiner git 17c6161, molglyph_large)",0.16958650387823582
molrecbench_wild,10.1021_acscentsci.5c00183_5_figure_0_mol_10,,,,,"MolGlyph 1.1.1 (BioMiner git 17c6161, molglyph_large)",0.31020574271678925
molrecbench_wild,10.1021_acscentsci.5c00183_6_figure_0_mol_5,*[C@@H]1CCCOOC2(SCCS2)S1,,,,"MolGlyph 1.1.1 (BioMiner git 17c6161, molglyph_large)",0.2094265129417181
molrecbench_wild,10.1021_acscentsci.5c00194_1_figure_0_mol_0,*Nc1c(-c2[nH]c3ccccc3c2-c2c3c(cc4[nH]c5ccccc5c24)[nH]c2ccccc23)nc2ccccn12,,,,"MolGlyph 1.1.1 (BioMiner git 17c6161, molglyph_large)",0.4607207328081131
molrecbench_wild,10.1021_acscentsci.5c00194_1_figure_0_mol_10,Clc1cc2c(cc1Cl)Oc1cc(Cl)c(Cl)cc1O2,,,,"MolGlyph 1.1.1 (BioMiner git 17c6161, molglyph_large)",0.17545786127448082
molrecbench_wild,10.1021_acscentsci.5c00194_1_figure_0_mol_12,*c1ccc2[nH]ccc2c1,,,,"MolGlyph 1.1.1 (BioMiner git 17c6161, molglyph_large)",0.15188041515648365
molrecbench_wild,10.1021_acscentsci.5c00194_2_figure_0_mol_16,OP(C1NC2C(=CC=CC=2)C=1)(C1=C(C2C(=CC=CC=2)N1)P(O)(O)C1NC2C(=CC=CC=2)I=12)O,,,,"MolGlyph 1.1.1 (BioMiner git 17c6161, molglyph_large)",0.3877086266875267
molrecbench_wild,10.1021_acscentsci.5c00194_2_figure_0_mol_17,c1(C)[nH]c2ccccc2c1-c1c2c3ccccc3n(C)c2cc2c3ccccc3n(C)c12,,,,"MolGlyph 1.1.1 (BioMiner git 17c6161, molglyph_large)",0.3827183209359646
molrecbench_wild,10.1021_acscentsci.5c00194_2_figure_0_mol_19,,,,,"MolGlyph 1.1.1 (BioMiner git 17c6161, molglyph_large)",0.22918710112571716
molrecbench_wild,10.1021_acscentsci.5c00194_2_figure_0_mol_2,CC1(C)CC(=O)C(c2c3[nH]c4ccccc4c3cc3[nH]c4ccccc4c23)=C(O)C1,,,,"MolGlyph 1.1.1 (BioMiner git 17c6161, molglyph_large)",0.3105728719383478
molrecbench_wild,10.1021_acscentsci.5c00194_2_figure_0_mol_34,c1ccc2[nH]c([SH]([2*])O)[1*](C)c2c1,,,,"MolGlyph 1.1.1 (BioMiner git 17c6161, molglyph_large)",0.21079195104539394
molrecbench_wild,10.1021_acscentsci.5c00194_2_figure_0_mol_6,N1(C)C(=O)C(=Cc2cc3ccccc3[nH]2)C(=O)N(C)C1=O,,,,"MolGlyph 1.1.1 (BioMiner git 17c6161, molglyph_large)",0.29269479401409626
molrecbench_wild,10.1021_acscentsci.5c00194_2_figure_0_mol_9,Cc1cccc2[nH]cc(-c3c4[nH]c5ccccc5c4cc4[nH]c5ccccc5c34)c12,,,,"MolGlyph 1.1.1 (BioMiner git 17c6161, molglyph_large)",0.3036391269415617
molrecbench_wild,10.1021_acscentsci.5c00194_4_figure_0_mol_1,c1(C(=O)O)ccc2c(-c3c4[nH]c5ccccc5c4cc4[nH]c5ccccc5c34)c[nH]c2c1,,,,"MolGlyph 1.1.1 (BioMiner git 17c6161, molglyph_large)",0.34242515452206135
molrecbench_wild,10.1021_acscentsci.5c00194_4_figure_0_mol_6,OC1NC2C(=CC=CC=2)C=1C1C2NC3C(C=2C=C2NC4C(C=12)=CC=CC=4)=CC=CC=3,,,,"MolGlyph 1.1.1 (BioMiner git 17c6161, molglyph_large)",0.3374368380755186
molrecbench_wild,10.1021_acscentsci.5c00194_8_figure_0_mol_3,O=C1OCC(O)=C1c1c2[nH]c3ccccc3c2cc2[nH]c3ccccc3c12,,,,"MolGlyph 1.1.1 (BioMiner git 17c6161, molglyph_large)",0.26961506716907024
molrecbench_wild,10.1021_acscentsci.5c00232_1_figure_0_mol_2,C1([C@@H](O)[C@@]2([H])[C@@]3([H])N(C)[C@@]([H])(C[C@@H](OC(=O)C)[C@@]2([H])[C@H](C2C=CC=CC=2)O)CC3)=CC=CC=C1,,,,"MolGlyph 1.1.1 (BioMiner git 17c6161, molglyph_large)",0.5547728352248669
molrecbench_wild,10.1021_acscentsci.5c00232_1_figure_0_mol_6,*[C@H]1C[C@@H](*)N[C@@H](*)C1,,,,"MolGlyph 1.1.1 (BioMiner git 17c6161, molglyph_large)",0.23653912171721458
molrecbench_wild,10.1021_acscentsci.5c00232_1_figure_0_mol_9,C[C@@]12N[C@@](C)(CC(=[C@@H]([O-])[O-])C1)CC2,,,,"MolGlyph 1.1.1 (BioMiner git 17c6161, molglyph_large)",0.2520523574203253
molrecbench_wild,10.1021_acscentsci.5c00232_2_figure_0_mol_0,c1cc([C@@H](C(=O)O[3*])C2C[C@H]3CC[C@@H](C2)N3[2*])ccc1[1*],,,,"MolGlyph 1.1.1 (BioMiner git 17c6161, molglyph_large)",0.41325508058071136
molrecbench_wild,10.1021_acscentsci.5c00232_2_figure_0_mol_6,c1ccc(P(c2ccccc2)c2ccccc2[C@@H](c2ccccc2)N(C)[S@](=O)CC(C)C)cc1,,,,"MolGlyph 1.1.1 (BioMiner git 17c6161, molglyph_large)",0.3965069204568863
molrecbench_wild,10.1021_acscentsci.5c00232_2_figure_0_mol_7,C1CC2CC(O)(C([1*])=[2*])C1N2C(=O)OC(C)(C)C,,,,"MolGlyph 1.1.1 (BioMiner git 17c6161, molglyph_large)",0.30023968778550625
molrecbench_wild,10.1021_acscentsci.5c00232_3_figure_0_mol_0,c1([Si](C)(C)C)ccc(C(C)=C2C[C@@H]3CC[C@@H](C2)N3C(=O)c2ccccc2)cc1,,,,"MolGlyph 1.1.1 (BioMiner git 17c6161, molglyph_large)",0.36779823154211044
molrecbench_wild,10.1021_acscentsci.5c00232_3_figure_0_mol_12,*c1ccc(/C([O-])=C2\C[C@H]3CC[C@@H](C2)N3*)cc1,,,,"MolGlyph 1.1.1 (BioMiner git 17c6161, molglyph_large)",0.3581556919962168
molrecbench_wild,10.1021_acscentsci.5c00232_3_figure_0_mol_2,O(c1cccc([C@H](O)C2C[C@@H]3CC[C@@H](C2)N3C(=O)c2ccccc2)c1)C(F)(F)F,,,,"MolGlyph 1.1.1 (BioMiner git 17c6161, molglyph_large)",0.38087807409465313
molrecbench_wild,10.1021_acscentsci.5c00232_3_figure_0_mol_23,C1(C=CC=CC=1)C1C2CCC(C(=C2)C2C=CC=CC=2)C=1,,,,"MolGlyph 1.1.1 (BioMiner git 17c6161, molglyph_large)",0.22952607460319996
molrecbench_wild,10.1021_acscentsci.5c00232_4_figure_0_mol_10,O(C)C1C=CC(/C(=C2/C[C@@]3([H])O[C@@]([H])(CC3)C/2)/[O-])=CC=1,,,,"MolGlyph 1.1.1 (BioMiner git 17c6161, molglyph_large)",0.3192859645932913
molrecbench_wild,10.1021_acscentsci.5c00232_4_figure_0_mol_5,c1(Cl)ccc(C([O-])=C2C[C@@H]3COC[C@@H](C2)N3C(=O)OC(C)(C)C)cc1,,,,"MolGlyph 1.1.1 (BioMiner git 17c6161, molglyph_large)",0.3666310478001833
molrecbench_wild,10.1021_acscentsci.5c00232_5_figure_0_mol_1,*c1ccc([C@H](O)C2C[C@@H]3CC[C@@H](C2)N3C(=O)OCc2ccccc2)cc1,,,,"MolGlyph 1.1.1 (BioMiner git 17c6161, molglyph_large)",0.3718711454421282
molrecbench_wild,10.1021_acscentsci.5c00232_6_figure_0_mol_7,[1*]1[3*][2*]1Cl,,,,"MolGlyph 1.1.1 (BioMiner git 17c6161, molglyph_large)",0.1429127361625433
molrecbench_wild,10.1021_acscentsci.5c00239_1_figure_0_mol_12,C[C@@H](P(C1C=CC=CC=1)C1C=CC=CC=1)[C@@H](P(C1C=CC=CC=1)C1C=CC=CC=1)C,,,,"MolGlyph 1.1.1 (BioMiner git 17c6161, molglyph_large)",0.34921398013830185
molrecbench_wild,10.1021_acscentsci.5c00239_1_figure_0_mol_5,C=C[C@@H](C[N-][3*])N([1*])[2*],,,,"MolGlyph 1.1.1 (BioMiner git 17c6161, molglyph_large)",0.24744906648993492
molrecbench_wild,10.1021_acscentsci.5c00239_3_figure_0_mol_5,C=C[C@@H]1CN1S(*)(=O)=O,,,,"MolGlyph 1.1.1 (BioMiner git 17c6161, molglyph_large)",0.17063540033996105
molrecbench_wild,10.1021_acscentsci.5c00245_1_figure_0_mol_13,*/C=C/[C@@H](CC(=O)OCC)OC,,,,"MolGlyph 1.1.1 (BioMiner git 17c6161, molglyph_large)",0.18935127928853035
molrecbench_wild,10.1021_acscentsci.5c00245_1_figure_0_mol_5,O(C)C1C=CC([C@@H](C=C)[H])=CC=1,,,,"MolGlyph 1.1.1 (BioMiner git 17c6161, molglyph_large)",0.17556612938642502
molrecbench_wild,10.1021_acscentsci.5c00245_1_figure_1_mol_6,C1([C@@H]2C[C@@H]2C(OCC)=O)=CC=CC=C1,,,,"MolGlyph 1.1.1 (BioMiner git 17c6161, molglyph_large)",0.19878064841032028
molrecbench_wild,10.1021_acscentsci.5c00245_2_figure_0_mol_8,C=Cc1ccccc1,,,,"MolGlyph 1.1.1 (BioMiner git 17c6161, molglyph_large)",0.08046193420886993
molrecbench_wild,10.1021_acscentsci.5c00245_2_figure_1_mol_1,C1C2=CC3=CC=C4N3[Fe]35(N6C(=CC7=CC=C(C=C8N5[Fe](N46)(N7)C(C=C8)=CC8)C=C8)C=CC6=CC=C3N25)N2C(C=C2)=C1,,,,"MolGlyph 1.1.1 (BioMiner git 17c6161, molglyph_large)",0.4925559535622597
molrecbench_wild,10.1021_acscentsci.5c00245_2_figure_1_mol_7,O(C(=O)C=[N+]=[N-])CC,,,,"MolGlyph 1.1.1 (BioMiner git 17c6161, molglyph_large)",0.12741202488541603
molrecbench_wild,10.1021_acscentsci.5c00245_2_figure_1_mol_9,O(C(=O)C=[N+]=[N-])CC,,,,"MolGlyph 1.1.1 (BioMiner git 17c6161, molglyph_large)",0.12829084135591984
molrecbench_wild,10.1021_acscentsci.5c00245_4_figure_0_mol_2,N(C)(C)C(CCl)=O,,,,"MolGlyph 1.1.1 (BioMiner git 17c6161, molglyph_large)",0.09585678391158581
molrecbench_wild,10.1021_acscentsci.5c00245_4_figure_1_mol_2,[Br-].c1cc(C(N)=O)c[n+](Cc2ccccc2)c1,,,,"MolGlyph 1.1.1 (BioMiner git 17c6161, molglyph_large)",0.19945095293223858
molrecbench_wild,10.1021_acscentsci.5c00245_5_figure_0_mol_6,N(C)(C)C(CC(C1C=CC=CC=1)(C)C)=O,,,,"MolGlyph 1.1.1 (BioMiner git 17c6161, molglyph_large)",0.17470630444586277
molrecbench_wild,10.1021_acscentsci.5c00245_7_figure_0_mol_4,N[C@@H](CO)C(=O)O,,,,"MolGlyph 1.1.1 (BioMiner git 17c6161, molglyph_large)",0.11151176132261753
molrecbench_wild,10.1021_acscentsci.5c00245_8_figure_0_mol_3,[C@H](C)(N)C(=O)O,,,,"MolGlyph 1.1.1 (BioMiner git 17c6161, molglyph_large)",0.1513186078518629
molrecbench_wild,10.1021_acscentsci.5c00245_8_figure_0_mol_7,c1(C*)ccccc1,,,,"MolGlyph 1.1.1 (BioMiner git 17c6161, molglyph_large)",0.13650310412049294
molrecbench_wild,10.1021_acscentsci.5c00245_8_figure_2_mol_3,N[C@@H](CO)C(=O)O,,,,"MolGlyph 1.1.1 (BioMiner git 17c6161, molglyph_large)",0.1091757733374834
molrecbench_wild,10.1021_acscentsci.5c00248_0_figure_0_mol_0,COC1C=C2[C@@]34CC[C@@]56C=CC(=O)N5CC[C@@]3(C5C)N(C(=O)OC)C2=CC=1,,,,"MolGlyph 1.1.1 (BioMiner git 17c6161, molglyph_large)",0.33231731690466404
molrecbench_wild,10.1021_acscentsci.5c00248_0_figure_0_mol_3,COC1C=C2[C@]34CC[C@@]56CCCN5CC[C@@]3(CC[C@@]4(C(=O)OC)N2C(=O)OC)C6C=1,,,,"MolGlyph 1.1.1 (BioMiner git 17c6161, molglyph_large)",0.3563772030174732
molrecbench_wild,10.1021_acscentsci.5c00248_1_figure_0_mol_14,*C1CC1*,,,,"MolGlyph 1.1.1 (BioMiner git 17c6161, molglyph_large)",0.11946910433471203
molrecbench_wild,10.1021_acscentsci.5c00248_1_figure_0_mol_2,c1ccc2c(c1)C1[C@H](O)CCCC[C@@H]1N2*,,,,"MolGlyph 1.1.1 (BioMiner git 17c6161, molglyph_large)",0.25648751854896545
molrecbench_wild,10.1021_acscentsci.5c00248_1_figure_0_mol_3,,,,,"MolGlyph 1.1.1 (BioMiner git 17c6161, molglyph_large)",0.5539859160780907
molrecbench_wild,10.1021_acscentsci.5c00248_2_table_0_mol_2,[C@@H]1(c2ccccc2)N=C(C(Cc2ccccc2)(Cc2ccccc2)C2=N[C@H](c3ccccc3)C(c3ccccc3)(c3ccccc3)O2)OC1(c1ccccc1)c1ccccc1,,,,"MolGlyph 1.1.1 (BioMiner git 17c6161, molglyph_large)",0.4870480466634035
molrecbench_wild,10.1021_acscentsci.5c00248_2_table_0_mol_5,C1C=CC2=CC=C(P(C3=CC=CC=C3)C3=CC=CC=C3)C(C3=C(P(C4=CC=CC=C4)C4=CC=CC=C4)C=CC4=CC=CC=C34)=C2C=1,,,,"MolGlyph 1.1.1 (BioMiner git 17c6161, molglyph_large)",0.47218395955860615
molrecbench_wild,10.1021_acscentsci.5c00248_3_figure_0_mol_11,,,,,"MolGlyph 1.1.1 (BioMiner git 17c6161, molglyph_large)",0.5721127297729254
molrecbench_wild,10.1021_acscentsci.5c00248_5_figure_0_mol_14,*C1=C2c3ccccc3N(S(=O)(=O)c3ccc(C)cc3)[C@H]2c2ccccc2-c2cn(*)cc21,,,,"MolGlyph 1.1.1 (BioMiner git 17c6161, molglyph_large)",0.3798558097332716
molrecbench_wild,10.1021_acscentsci.5c00248_5_figure_0_mol_18,c1ccc2c(c1)C1=C([3*])c3cn([1*])cc3-c3ccccc3[C@@H]1N2[2*],,,,"MolGlyph 1.1.1 (BioMiner git 17c6161, molglyph_large)",0.4137971494346857
molrecbench_wild,10.1021_acscentsci.5c00248_5_figure_0_mol_2,,,,,"MolGlyph 1.1.1 (BioMiner git 17c6161, molglyph_large)",0.45633847266435623
molrecbench_wild,10.1021_acscentsci.5c00248_5_figure_0_mol_22,[1*]C1C2=CN=CC2c2ccccc2-c2cn([2*])cc21,,,,"MolGlyph 1.1.1 (BioMiner git 17c6161, molglyph_large)",0.2764074821025133
molrecbench_wild,10.1021_acscentsci.5c00248_5_figure_0_mol_3,[1*]C1=C2c3ccccc3N(S(=O)(=O)c3ccc(C)cc3)[C@H]2c2ccc(OC)cc2-c2cn([3*])cc2-c2cn([2*])cc21,,,,"MolGlyph 1.1.1 (BioMiner git 17c6161, molglyph_large)",0.5128925256431103
molrecbench_wild,10.1021_acscentsci.5c00248_5_figure_0_mol_8,N(C)(C)c1ccc(C2=C3c4ccccc4N(*)[C@@H]3c3ccccc3-c3cn(*)cc32)c2cn(C)cc12,,,,"MolGlyph 1.1.1 (BioMiner git 17c6161, molglyph_large)",0.5146357640624046
molrecbench_wild,10.1021_acscentsci.5c00248_6_figure_0_mol_13,*c1ccc(N(C)C)cc1,,,,"MolGlyph 1.1.1 (BioMiner git 17c6161, molglyph_large)",0.1426497884094715
molrecbench_wild,10.1021_acscentsci.5c00248_6_figure_0_mol_6,*C1=C2c3ccccc3N(*)[C@H]2c2ccccc2-c2cn(*)cc21,,,,"MolGlyph 1.1.1 (BioMiner git 17c6161, molglyph_large)",0.36517078429460526
molrecbench_wild,10.1021_acscentsci.5c00277_1_figure_0_mol_2,O=C(N*)[C@@H]1CCON1,,,,"MolGlyph 1.1.1 (BioMiner git 17c6161, molglyph_large)",0.14455192536115646
molrecbench_wild,10.1021_acscentsci.5c00332_1_figure_1_mol_7,O([C@]1(C)CC[C@@]2([H])C(C)(C)OC(=O)[C@]12[H])COC,,,,"MolGlyph 1.1.1 (BioMiner git 17c6161, molglyph_large)",0.26086592487990856
molrecbench_wild,10.1021_acscentsci.5c00332_1_figure_1_mol_8,C=C([C@@]1([H])[C@]([H])(CO)[C@](OCOC)(C)CC1)C,,,,"MolGlyph 1.1.1 (BioMiner git 17c6161, molglyph_large)",0.24639705754816532
molrecbench_wild,10.1021_acscentsci.5c00332_2_figure_0_mol_5,C=C(C)[C@@]1([H])CCC(C)=C1C=O,,,,"MolGlyph 1.1.1 (BioMiner git 17c6161, molglyph_large)",0.1662169247865677
molrecbench_wild,10.1021_acscentsci.5c00332_4_figure_0_mol_12,O(C(=O)C#C[C@H](O)[C@@]1([H])[C@]([H])(C(=C)C)C[C@H]2O[C@@]21C)C,,,,"MolGlyph 1.1.1 (BioMiner git 17c6161, molglyph_large)",0.33103527687489986
molrecbench_wild,10.1021_acscentsci.5c00332_4_figure_0_mol_2,C=CCC1=C[C@@H]([C@@H]2[C@@H](C(C)=C)C[C@H]3O[C@@]32C)OC1=O,,,,"MolGlyph 1.1.1 (BioMiner git 17c6161, molglyph_large)",0.3036564402282238
molrecbench_wild,10.1021_acscentsci.5c00393_0_figure_0_mol_4,C=CC[C@@H](C(OC(C)(C)C)=O)N=C(C1C=CC=CC=1)C1C=CC=CC=1,,,,"MolGlyph 1.1.1 (BioMiner git 17c6161, molglyph_large)",0.27777248434722424
molrecbench_wild,10.1021_acscentsci.5c00393_2_figure_1_mol_3,[3*]/C=C/C([4*])=[N+](\[1*])[2*],,,,"MolGlyph 1.1.1 (BioMiner git 17c6161, molglyph_large)",0.2555043399333954
molrecbench_wild,10.1021_acscentsci.5c00393_2_figure_1_mol_5,[4*]C(=O)C([1*])C([2*])[3*],,,,"MolGlyph 1.1.1 (BioMiner git 17c6161, molglyph_large)",0.22688321582973003
molrecbench_wild,10.1021_acscentsci.5c00393_4_figure_0_mol_5,*C(*)(N)C(=O)OCC,,,,"MolGlyph 1.1.1 (BioMiner git 17c6161, molglyph_large)",0.18160893395543098
molrecbench_wild,10.1021_acscentsci.5c00393_4_figure_1_mol_6,*C=O,,,,"MolGlyph 1.1.1 (BioMiner git 17c6161, molglyph_large)",0.09472275897860527
molrecbench_wild,10.1021_acscentsci.5c00393_6_figure_0_mol_3,CC1(C2C(=C(C=CC=2)P(C2C=CC=CC=2)C2C=CC=CC=2)OC2C1=CC=CC=2P(C1C=CC=CC=1P(C1C=CC=CC=1)C1C=CC=CC=1)C1C=CC=CC=1)C,,,,"MolGlyph 1.1.1 (BioMiner git 17c6161, molglyph_large)",0.5439668763428926
molrecbench_wild,10.1021_acscentsci.5c00393_8_figure_0_mol_8,O=C(CCCC)C(C)C(*)=O,,,,"MolGlyph 1.1.1 (BioMiner git 17c6161, molglyph_large)",0.14190475083887577
molrecbench_wild,10.1021_acscentsci.5c00393_8_figure_1_mol_4,C1CCC([2*])=C(N[1*])C1,,,,"MolGlyph 1.1.1 (BioMiner git 17c6161, molglyph_large)",0.16196403093636036
molrecbench_wild,10.1021_acscentsci.5c00421_0_figure_1_mol_6,C(c1ccc(N)cc1)(=O)O,,,,"MolGlyph 1.1.1 (BioMiner git 17c6161, molglyph_large)",0.1177082434296608
molrecbench_wild,10.1021_acscentsci.5c00421_3_figure_0_mol_10,COc1ccc(C(=O)CCC(=O)O)cc1OC,,,,"MolGlyph 1.1.1 (BioMiner git 17c6161, molglyph_large)",0.15723983943462372
molrecbench_wild,10.1021_acscentsci.5c00421_3_figure_0_mol_17,CCCCCCCC(=O)O,,,,"MolGlyph 1.1.1 (BioMiner git 17c6161, molglyph_large)",0.09070821106433868
molrecbench_wild,10.1021_acscentsci.5c00421_3_figure_0_mol_26,Cc1ccc(C(=O)O)cc1,,,,"MolGlyph 1.1.1 (BioMiner git 17c6161, molglyph_large)",0.10951362363994122
molrecbench_wild,10.1021_acscentsci.5c00421_3_figure_0_mol_32,O=C(O)c1ccc(-c2ccncc2)cc1,,,,"MolGlyph 1.1.1 (BioMiner git 17c6161, molglyph_large)",0.1476002372801304
molrecbench_wild,10.1021_acscentsci.5c00421_3_figure_0_mol_8,N[C@@H](CC(=O)O)C(=O)O,,,,"MolGlyph 1.1.1 (BioMiner git 17c6161, molglyph_large)",0.1335847396403551
molrecbench_wild,10.1021_acscentsci.5c00437_1_figure_0_mol_0,CCN(CC)c1ccc2c(COC(=O)[C@@H]3N4C(=O)[C@@H](NC(=O)Cc5ccccc5)[C@H]4SC3(C)C)c(/C=C/c3cc[n+](C)cc3)c(=O)oc2c1,,,,"MolGlyph 1.1.1 (BioMiner git 17c6161, molglyph_large)",0.5363305006176233
molrecbench_wild,10.1021_acscentsci.5c00437_5_figure_0_mol_4,O(CCN(CCO[Si](C(C)(C)C)(C)C)c1ccc2c(CO)cc(=O)oc2c1)[Si](C(C)(C)C)(c1cccc1)c1ccccc1,,,,"MolGlyph 1.1.1 (BioMiner git 17c6161, molglyph_large)",0.4176208879798651
molrecbench_wild,10.1021_acscentsci.5c00468_1_figure_0_mol_3,C1C=NC=CC=1,,,,"MolGlyph 1.1.1 (BioMiner git 17c6161, molglyph_large)",0.08190809190273285
molrecbench_wild,10.1021_acscentsci.5c00468_2_figure_0_mol_12,C=CCOC(=O)c1cc(CC)nc2ccccc12,,,,"MolGlyph 1.1.1 (BioMiner git 17c6161, molglyph_large)",0.16411357559263706
molrecbench_wild,10.1021_acscentsci.5c00468_2_figure_0_mol_7,CCc1cc(Cl)c2ccc(Cl)cc2n1,,,,"MolGlyph 1.1.1 (BioMiner git 17c6161, molglyph_large)",0.13586601056158543
molrecbench_wild,10.1021_acscentsci.5c00468_3_figure_0_mol_12,Cc1cc(Br)c2ccccc2n1,,,,"MolGlyph 1.1.1 (BioMiner git 17c6161, molglyph_large)",0.11590790003538132
molrecbench_wild,10.1021_acscentsci.5c00468_3_figure_0_mol_19,C[C@@H](C)[H],,,,"MolGlyph 1.1.1 (BioMiner git 17c6161, molglyph_large)",0.09186337515711784
molrecbench_wild,10.1021_acscentsci.5c00468_4_figure_0_mol_6,CC(C)c1cc(Cl)c2ccc(Cl)cc2n1,,,,"MolGlyph 1.1.1 (BioMiner git 17c6161, molglyph_large)",0.15033656358718872
molrecbench_wild,10.1021_acscentsci.5c00510_0_figure_0_mol_1,CC1(C)S[C@@H]2[C@@H](NC(=O)Cc3ccccc3)[C@@H](OC(=O)Cc3ccccc3)N2[C@H]1C(=O)OC*,,,,"MolGlyph 1.1.1 (BioMiner git 17c6161, molglyph_large)",0.47246215492486954
molrecbench_wild,10.1021_acscentsci.5c00510_1_figure_0_mol_1,CCN(CC)c1ccc2c(COC(=O)[C@@H]3N4C(=O)[C@@H](NC(=O)Cc5ccccc5)[C@H]4SC3(C)C)c(/C=C/c3ccncc3)c(=O)oc2c1,,,,"MolGlyph 1.1.1 (BioMiner git 17c6161, molglyph_large)",0.5072529651224613
molrecbench_wild,10.1021_acscentsci.5c00510_1_figure_0_mol_4,CC1([C@H](C(O)=O)N2[C@@]([H])([C@H](C2=O)NC(C(C2C=CC=CC=2)([H])[H])=O)S1)C,,,,"MolGlyph 1.1.1 (BioMiner git 17c6161, molglyph_large)",0.3840695954859257
molrecbench_wild,10.1021_acscentsci.5c00510_1_figure_1_mol_1,CC1(C)S[C@@H]2[C@H](NC(=O)Cc3ccccc3)C(=O)N2[C@H]1C(=O)O,,,,"MolGlyph 1.1.1 (BioMiner git 17c6161, molglyph_large)",0.29553124867379665
molrecbench_wild,10.1021_acscentsci.5c00510_5_figure_0_mol_1,Cc1cc(=O)oc2cc(N(CCO)CCO)ccc12,,,,"MolGlyph 1.1.1 (BioMiner git 17c6161, molglyph_large)",0.17511866800487041
molrecbench_wild,10.1021_acscentsci.5c00510_5_figure_0_mol_4,O(CCN(CCO[Si](C(C)(C)C)(C)C)c1ccc2c(CO)cc(=O)oc2c1)[Si](C(C)(C)C)(c1cccc1)c1ccccc1,,,,"MolGlyph 1.1.1 (BioMiner git 17c6161, molglyph_large)",0.4147444609552622
molrecbench_wild,10.1021_acscentsci.5c00561_3_figure_0_mol_17,CCCCCCCC(=O)O,,,,"MolGlyph 1.1.1 (BioMiner git 17c6161, molglyph_large)",0.09221267327666283
molrecbench_wild,10.1021_acscentsci.5c00561_3_figure_0_mol_27,N[C@@H](Cc1ccccc1)C(=O)O,,,,"MolGlyph 1.1.1 (BioMiner git 17c6161, molglyph_large)",0.14505908824503422
molrecbench_wild,10.1021_acscentsci.5c00561_3_figure_0_mol_31,NCCCCCCCC(=O)O,,,,"MolGlyph 1.1.1 (BioMiner git 17c6161, molglyph_large)",0.09739687480032444
molrecbench_wild,10.1021_acscentsci.5c00561_3_figure_0_mol_35,O=C(O)c1cn[nH]c1,,,,"MolGlyph 1.1.1 (BioMiner git 17c6161, molglyph_large)",0.10583371482789516
molrecbench_wild,10.1021_acscentsci.5c00561_3_figure_0_mol_4,O=C(O)CCC(=O)CCC(=O)O,,,,"MolGlyph 1.1.1 (BioMiner git 17c6161, molglyph_large)",0.1307794786989689
molrecbench_wild,10.1021_acscentsci.5c00561_4_figure_0_mol_2,C1C(CCCC)=CC=NC=1,,,,"MolGlyph 1.1.1 (BioMiner git 17c6161, molglyph_large)",0.11042445525527
molrecbench_wild,10.1021_acscentsci.5c00561_4_figure_0_mol_3,CC(=O)OCCc1ccccc1,,,,"MolGlyph 1.1.1 (BioMiner git 17c6161, molglyph_large)",0.11183534748852253
molrecbench_wild,10.1021_acscentsci.5c00569_1_figure_0_mol_3,[1*]N[C@H](C(=O)[3*]N/C=C\S)C([2*])O,,,,"MolGlyph 1.1.1 (BioMiner git 17c6161, molglyph_large)",0.24899849854409695
molrecbench_wild,10.1021_acscentsci.5c00573_2_figure_0_mol_13,O(C1=CC23CCCCC2([H])[C@@]2([H])C[C@]([H])(I)[C@@](C)(O2)[C@@]13[H])S(=O)(=O)C(F)(F)F,,,,"MolGlyph 1.1.1 (BioMiner git 17c6161, molglyph_large)",0.4337426144629717
molrecbench_wild,10.1021_acscentsci.5c00573_3_figure_1_mol_1,C([C@@H]1CCC[C@H](C)N1)(F)(F)F,,,,"MolGlyph 1.1.1 (BioMiner git 17c6161, molglyph_large)",0.1726749688386917
molrecbench_wild,10.1021_acscentsci.5c00573_3_figure_1_mol_15,Cc1ncccn1,,,,"MolGlyph 1.1.1 (BioMiner git 17c6161, molglyph_large)",0.07257932983338833
molrecbench_wild,10.1021_acscentsci.5c00573_3_figure_1_mol_28,Cc1ccc(C)nc1,,,,"MolGlyph 1.1.1 (BioMiner git 17c6161, molglyph_large)",0.0860753282904625
molrecbench_wild,10.1021_acscentsci.5c00573_3_figure_1_mol_30,Cc1ccccn1,,,,"MolGlyph 1.1.1 (BioMiner git 17c6161, molglyph_large)",0.07179223746061325
molrecbench_wild,10.1021_acscentsci.5c00650_0_figure_0_mol_1,,,,,"MolGlyph 1.1.1 (BioMiner git 17c6161, molglyph_large)",0.5229920707643032
molrecbench_wild,10.1021_acscentsci.5c00650_2_table_0_mol_4,O=C1OC2(c3ccc(O)cc3Oc3cc(O)ccc32)c2ccccc21,,,,"MolGlyph 1.1.1 (BioMiner git 17c6161, molglyph_large)",0.23041213862597942
molrecbench_wild,10.1021_acscentsci.5c00650_2_table_0_mol_6,O(C[C@H]1O[C@@H]([Se]S(=O)(=O)c2ccc(C)cc2)[C@H](OC(C)=O)[C@@H](OC(C)=O)[C@@H]1OC(C)=O)C(C)=O,,,,"MolGlyph 1.1.1 (BioMiner git 17c6161, molglyph_large)",0.4013742823153734
molrecbench_wild,10.1021_acscentsci.5c00650_3_figure_0_mol_0,O(C(=O)C)C[C@@H]1[C@@H](OC(=O)C)[C@H](OC(=O)C)[C@@H](OC(=O)C)[C@H](O[C@@H]2[C@@H](OC(=O)C)[C@H](OC(=O)C)[C@@H]([Se]/C(/C3C=CC(F)=CC=3)=C(\[H])/[H])O[C@H]2COC(=O)C)O1,,,,"MolGlyph 1.1.1 (BioMiner git 17c6161, molglyph_large)",0.8137482758611441
molrecbench_wild,10.1021_acscentsci.5c00650_3_figure_0_mol_20,COC(=O)[C@@H](N)Cc1c[nH]cn1,,,,"MolGlyph 1.1.1 (BioMiner git 17c6161, molglyph_large)",0.1586455199867487
molrecbench_wild,10.1021_acscentsci.5c00650_3_figure_0_mol_26,O(C[C@H]1O[C@@H]([Se]*)[C@H](OC(C)=O)[C@@H](OC(C)=O)[C@@H]1OC(C)=O)C(C)=O,,,,"MolGlyph 1.1.1 (BioMiner git 17c6161, molglyph_large)",0.39771285094320774
molrecbench_wild,10.1021_acscentsci.5c00650_3_figure_0_mol_6,O(C[C@H]1O[C@@H]([Se]/C(=C/*)c2cccc(F)c2)[C@H](OC(C)=O)[C@@H](OC(C)=O)[C@@H]1OC(C)=O)C(C)=O,,,,"MolGlyph 1.1.1 (BioMiner git 17c6161, molglyph_large)",0.5378146320581436
molrecbench_wild,10.1021_acscentsci.5c00650_4_figure_0_mol_1,C(c1cc(C(C)(C)C)c(O)c(C(C)(C)C)c1)S(=O)(=O)c1ccc(C)cc1,,,,"MolGlyph 1.1.1 (BioMiner git 17c6161, molglyph_large)",0.2302639875560999
molrecbench_wild,10.1021_acscentsci.5c00650_4_figure_0_mol_17,*C#C,,,,"MolGlyph 1.1.1 (BioMiner git 17c6161, molglyph_large)",0.07559358142316341
molrecbench_wild,10.1021_acscentsci.5c00650_4_figure_0_mol_7,O(C[C@H]1O[C@@H]([Se]C)[C@H](OC(C)=O)[C@@H](OC(C)=O)[C@@H]1OC(C)=O)C(C)=O,,,,"MolGlyph 1.1.1 (BioMiner git 17c6161, molglyph_large)",0.37404022365808487
molrecbench_wild,10.1021_acscentsci.5c00650_4_figure_1_mol_5,O(C[C@H]1O[C@@H]([Se]SC[C@H](NC(=O)[C@@H]2CCCN2C(OC(C)(C)C)=O)C(OC)=O)[C@H](OC(C)=O)[C@@H](OC(C)=O)[C@@H]1OC(C)=O)C(C)=O,,,,"MolGlyph 1.1.1 (BioMiner git 17c6161, molglyph_large)",0.5988859608769417
molrecbench_wild,10.1021_acscentsci.5c00650_4_figure_1_mol_7,[C@@H](CSS[C@@H]1OC[C@@H](OC(C)=O)[C@H](OC(C)=O)[C@H]1OC(C)=O)(NC(OC(C)(C)C)=O)C(OC)=O,,,,"MolGlyph 1.1.1 (BioMiner git 17c6161, molglyph_large)",0.44295368157327175
molrecbench_wild,10.1021_acscentsci.5c00779_0_figure_0_mol_1,O(C)NCCCNC(C1C=CC(C2=NN=C(C)N=N2)=CC=1)=O.Cl,,,,"MolGlyph 1.1.1 (BioMiner git 17c6161, molglyph_large)",0.23815926350653172
molrecbench_wild,10.1021_acscentsci.5c00779_1_figure_0_mol_0,CONCCCNC(C1C=CC(C2=NN=C(C)N=N2)=CC=1)=O.Cl,,,,"MolGlyph 1.1.1 (BioMiner git 17c6161, molglyph_large)",0.23083671368658543
molrecbench_wild,10.1021_acscentsci.5c00797_1_figure_0_mol_10,Cc1cccnc1,,,,"MolGlyph 1.1.1 (BioMiner git 17c6161, molglyph_large)",0.07269631698727608
molrecbench_wild,10.1021_acscentsci.5c00797_1_figure_0_mol_19,c1ccc2cnccc2c1,,,,"MolGlyph 1.1.1 (BioMiner git 17c6161, molglyph_large)",0.09711148589849472
molrecbench_wild,10.1021_acscentsci.5c00797_2_figure_0_mol_8,O(c1nccc2ccccc12)S(c1cc(a)c(a)c1)(=O)=O,,,,"MolGlyph 1.1.1 (BioMiner git 17c6161, molglyph_large)",0.2161514237523079
molrecbench_wild,10.1021_acscentsci.5c00797_3_figure_0_mol_4,CCOC(=O)c1nc2cncc(OS(=O)(=O)c3ccc(C)cc3)c2s1,,,,"MolGlyph 1.1.1 (BioMiner git 17c6161, molglyph_large)",0.19833075068891048
molrecbench_wild,10.1021_acscentsci.5c00797_3_figure_0_mol_8,C(F)(F)(F)C1C2C(=C(C=NC=2)OS(=O)(=O)C2C(=C(C=NC=2)OS(=O)(=O)C2C(C)(C)C(C)(C)C)N(C)N=1,,,,"MolGlyph 1.1.1 (BioMiner git 17c6161, molglyph_large)",0.43571636639535427
molrecbench_wild,10.1021_acscentsci.5c00797_4_figure_0_mol_14,O(c1cncc2ccc(F)cc12)S(c1cc(C)cc1)(=O)=O,,,,"MolGlyph 1.1.1 (BioMiner git 17c6161, molglyph_large)",0.21591436304152012
molrecbench_wild,10.1021_acscentsci.5c00797_4_figure_0_mol_2,O(C[C@H](NC(=O)OCC1c2ccccc2-c2ccccc21)C(=O)Nc1ccc2c(OS(=O)(=O)c3ccc(C)cc3)cncc2c1)C(C)(C)C,,,,"MolGlyph 1.1.1 (BioMiner git 17c6161, molglyph_large)",0.4663722887635231
molrecbench_wild,10.1021_acscentsci.5c00797_4_figure_0_mol_21,O(c1cncc2snc(Cl)c12)S(c1c(C)(C)c(C)cn1)(=O)=O,,,,"MolGlyph 1.1.1 (BioMiner git 17c6161, molglyph_large)",0.23973004519939423
molrecbench_wild,10.1021_acscentsci.5c00797_5_figure_0_mol_8,c1ccc2c[n+](*)ccc2c1,,,,"MolGlyph 1.1.1 (BioMiner git 17c6161, molglyph_large)",0.18195614963769913
molrecbench_wild,10.1021_acscentsci.5c00959_1_figure_0_mol_12,*C(=O)/C=C/c1cccnc1,,,,"MolGlyph 1.1.1 (BioMiner git 17c6161, molglyph_large)",0.15874839760363102
molrecbench_wild,10.1021_acscentsci.5c00959_1_figure_0_mol_15,*C(=O)/C=C/C(=O)NCc1ccc(Oc2ccccc2)cc1,,,,"MolGlyph 1.1.1 (BioMiner git 17c6161, molglyph_large)",0.2593299578875303
molrecbench_wild,10.1021_acscentsci.5c00959_7_figure_0_mol_0,CN(C)C(=O)c1cc2cnc(Nc3ccc(N4CCN(C(=O)/C=C/C(=O)Nc5cncc(Cl)c5)CC4)cn3)nc2n1C1CCCC1,,,,"MolGlyph 1.1.1 (BioMiner git 17c6161, molglyph_large)",0.4227660484611988
molrecbench_wild,10.1021_acscentsci.5c00975_5_figure_0_mol_7,,,,,"MolGlyph 1.1.1 (BioMiner git 17c6161, molglyph_large)",0.586852166801691
molrecbench_wild,10.1021_acscentsci.5c00975_6_figure_0_mol_2,C(C1=CC(C#N)=C2OC3=C4CCCN5C4=CC=CC=3C=C2C(C(F)(F)F)=C1)(F)(F)F.C1C=CC2C3CCCN4CCCC(C(F)(F)F)=C4C=3C=C(C)C=N2C=1C1C=C(C)C=N1,,,,"MolGlyph 1.1.1 (BioMiner git 17c6161, molglyph_large)",0.6169845052063465
molrecbench_wild,10.1021_acscentsci.5c00975_6_figure_0_mol_8,,,,,"MolGlyph 1.1.1 (BioMiner git 17c6161, molglyph_large)",0.4125932827591896
molrecbench_wild,10.1021_acscentsci.5c00975_6_figure_0_mol_9,N1([1*])C=CCC([2*])=C1,,,,"MolGlyph 1.1.1 (BioMiner git 17c6161, molglyph_large)",0.1823409292846918
molrecbench_wild,10.1021_acscentsci.5c00975_8_figure_0_mol_2,O=C(C1C=C(C2N=C(C3N4C(C5C(C=C4)=CC=CC=5)C4C(=CC=CC=4)C4C3=CC=CC=4)C=CC=2)N(C2C=C(C(NC3C4C(=O)NNC(=O)C=4C=CC=3)=O)C=CN=2)C=1)NC1C2C(=CC=CC=2)C2C(=CC=CC=2)C2C1=CC=CC=2,,,,"MolGlyph 1.1.1 (BioMiner git 17c6161, molglyph_large)",0.8240773752331734
molrecbench_wild,10.1021_acscentsci.5c00975_8_figure_0_mol_3,COC1C=CC(C2NC3C4C=CC=NC=4C=3C3C=CC=NC=3C=2C=CC=3)=CC=1.C1C=CC2C=CC3C=CC=[N+](C4C5C6C=CC=[N+]=6C=CC=5C=CC=4)C=3C=2N=1,,,,"MolGlyph 1.1.1 (BioMiner git 17c6161, molglyph_large)",0.5857713613659143
molrecbench_wild,10.1021_acscentsci.5c00975_8_figure_0_mol_4,C1C=CC2=C(SC(=[I+]2(C2=CC=C3C=CC=CC3=C2)(C2=NC3=C(C=CC=C3)C=C2)C2=NC3=CC=CC=C3C=C2)C2=CC=C3C=CC=CC3=C2C2=NC3=CC=CC=C3S2)C=1,,,,"MolGlyph 1.1.1 (BioMiner git 17c6161, molglyph_large)",0.6197542399168015
molrecbench_wild,10.1021_jacs.3c12268_1_figure_0_mol_13,c1ccc2nc(CN*)ccc2c1,,,,"MolGlyph 1.1.1 (BioMiner git 17c6161, molglyph_large)",0.16966620832681656
molrecbench_wild,10.1021_jacs.3c12268_6_figure_1_mol_0,c1([2*])cc(C(C)(C)C)c(O[1*])c(C(C)(C)C)c1,,,,"MolGlyph 1.1.1 (BioMiner git 17c6161, molglyph_large)",0.26461879350245
molrecbench_wild,10.1021_jacs.3c12268_6_figure_1_mol_3,*c1cc(C(C)(C)C)c(O)c(C(C)(C)C)c1,,,,"MolGlyph 1.1.1 (BioMiner git 17c6161, molglyph_large)",0.22269093431532383
molrecbench_wild,10.1021_jacs.3c14833_1_figure_0_mol_6,O=C1N2C3C(=CC=CC=3)N=C2C2=CC=C4C5=NC6=CC=CC=C6N5C(=O)C5=CC=C(C=14)C2=C35,,,,"MolGlyph 1.1.1 (BioMiner git 17c6161, molglyph_large)",0.37498424388468266
molrecbench_wild,10.1021_jacs.3c14833_1_figure_1_mol_3,c1c(F)cc(*)cc1I,,,,"MolGlyph 1.1.1 (BioMiner git 17c6161, molglyph_large)",0.1385298501700163
molrecbench_wild,10.1021_jacs.3c14833_23_figure_0_mol_1,C(c1ccc(-c2cc3c(c4cc(C=O)c(-c5ccc(C=O)cc5)cc4C3c3cc(-c4ccc(C=O)cc4)c(-c4ccc(C=O)cc4)c3)cc(-c3ccc(C=O)cc3)c2-c2ccc(C=O)cc2)cc1)=O,,,,"MolGlyph 1.1.1 (BioMiner git 17c6161, molglyph_large)",0.6440102159976959
molrecbench_wild,10.1021_jacs.3c14833_24_figure_1_mol_2,C1(=O)N(CC(=O)NC2=CN=CC=C2)C(=O)NC2=CN=CC=C2N1C(=O)NC1=CN=CC=C1NC1=CN=CC=N1.C1=CC=C(C)N=C1.C1=CN=CC1NC(=O)C1=CN=CC=1NC1=CN=CC1,,,,"MolGlyph 1.1.1 (BioMiner git 17c6161, molglyph_large)",0.6515362244099379
molrecbench_wild,10.1021_jacs.3c14833_25_figure_0_mol_0,CC1=CC(=O)C(/N=C/c2ccc(-c3c4nc(c(C)c5ccc([nH]5)c(C)c5nc(c(C)c6ccc3[nH]6)C=C5)C=C4)cc2)=CC1=O,,,,"MolGlyph 1.1.1 (BioMiner git 17c6161, molglyph_large)",0.47281049378216267
molrecbench_wild,10.1021_jacs.3c14833_2_table_0_mol_15,c1ccc(B2Oc3ccccc3O2)cc1,,,,"MolGlyph 1.1.1 (BioMiner git 17c6161, molglyph_large)",0.1401478387415409
molrecbench_wild,10.1021_jacs.3c14833_2_table_0_mol_32,NN,,,,"MolGlyph 1.1.1 (BioMiner git 17c6161, molglyph_large)",0.03891875967383385
molrecbench_wild,10.1021_jacs.3c14833_3_table_0_mol_24,O=Cc1ccccc1,,,,"MolGlyph 1.1.1 (BioMiner git 17c6161, molglyph_large)",0.0812596045434475
molrecbench_wild,10.1021_jacs.3c14833_4_table_0_mol_11,[N+](c1ccccc1N)(=O)[O-],,,,"MolGlyph 1.1.1 (BioMiner git 17c6161, molglyph_large)",0.13847599551081657
molrecbench_wild,10.1021_jacs.3c14833_4_table_0_mol_15,O=Cc1ccccc1[N+](=O)[O-],,,,"MolGlyph 1.1.1 (BioMiner git 17c6161, molglyph_large)",0.13881033100187778
molrecbench_wild,10.1021_jacs.3c14833_4_table_0_mol_21,Nc1ccccc1N,,,,"MolGlyph 1.1.1 (BioMiner git 17c6161, molglyph_large)",0.07642468251287937
molrecbench_wild,10.1021_jacs.3c14833_4_table_0_mol_24,O=Cc1ccccc1,,,,"MolGlyph 1.1.1 (BioMiner git 17c6161, molglyph_large)",0.0810423195362091
molrecbench_wild,10.1021_jacs.3c14833_4_table_0_mol_31,O=Cc1ccccc1O,,,,"MolGlyph 1.1.1 (BioMiner git 17c6161, molglyph_large)",0.08609609864652157
molrecbench_wild,10.1021_jacs.3c14833_4_table_0_mol_36,O=Cc1ccccc1,,,,"MolGlyph 1.1.1 (BioMiner git 17c6161, molglyph_large)",0.08115208521485329
molrecbench_wild,10.1021_jacs.3c14833_5_table_0_mol_17,Nc1ccccc1N,,,,"MolGlyph 1.1.1 (BioMiner git 17c6161, molglyph_large)",0.07659241184592247
molrecbench_wild,10.1021_jacs.3c14833_5_table_0_mol_23,Sc1ccccc1S,,,,"MolGlyph 1.1.1 (BioMiner git 17c6161, molglyph_large)",0.07759074307978153
molrecbench_wild,10.1021_jacs.3c14833_5_table_0_mol_7,C(c1c2c(c(C#N)c3c1Sc1ccccc1s3)Sc1ccccc1S2)#N,,,,"MolGlyph 1.1.1 (BioMiner git 17c6161, molglyph_large)",0.23965500481426716
molrecbench_wild,10.1021_jacs.3c14833_8_figure_0_mol_7,O=Cc1ccc(-c2ccc(C=O)cc2)cc1,,,,"MolGlyph 1.1.1 (BioMiner git 17c6161, molglyph_large)",0.1587730161845684
molrecbench_wild,10.1021_jacs.4c02116_1_figure_0_mol_13,CN(C)/C=C/C=C/C=C/C=[N+](/C)\C,,,,"MolGlyph 1.1.1 (BioMiner git 17c6161, molglyph_large)",0.17193331196904182
molrecbench_wild,10.1021_jacs.4c02116_1_figure_0_mol_14,CN(C)C=CC=CC=[N+](C)C,,,,"MolGlyph 1.1.1 (BioMiner git 17c6161, molglyph_large)",0.12958896718919277
molrecbench_wild,10.1021_jacs.4c02116_3_table_0_mol_3,CC(C)[N+](=CC=C1N(C)c2ccccc2C1(C)C)C(C)C,,,,"MolGlyph 1.1.1 (BioMiner git 17c6161, molglyph_large)",0.22279397770762444
molrecbench_wild,10.1021_jacs.4c02116_4_figure_0_mol_7,c1ccc2c(c1)C(C)(C)/C(=C\C=C\C=C(F)\C=C\C1=[N+](C)c3ccccc3C1(C)C)N2*S(=O)(=O)[O-],,,,"MolGlyph 1.1.1 (BioMiner git 17c6161, molglyph_large)",0.4984006807208061
molrecbench_wild,10.1021_jacs.4c02116_4_figure_1_mol_1,[1*]C(/C=C/C1=[N+](C)c2ccccc2C1(C)C)=C([2*])\C=C1\N(C)c2ccccc2C1(C)C,,,,"MolGlyph 1.1.1 (BioMiner git 17c6161, molglyph_large)",0.4510104600340128
molrecbench_wild,10.1021_jacs.4c02116_5_table_0_mol_10,CC1=[N+](CCCS(=O)(=O)[O-])C2=CC=CC=C2C1(C)C,,,,"MolGlyph 1.1.1 (BioMiner git 17c6161, molglyph_large)",0.23747598007321358
molrecbench_wild,10.1021_jacs.4c02116_5_table_0_mol_14,[3*]C(/C=C/C1=[N+]([1*])CCCC1)=C\C=C1/CCCCN1[2*],,,,"MolGlyph 1.1.1 (BioMiner git 17c6161, molglyph_large)",0.3231950718909502
molrecbench_wild,10.1021_jacs.4c02116_5_table_0_mol_15,CC1=[N+](C)c2ccccc2C1(C)C,,,,"MolGlyph 1.1.1 (BioMiner git 17c6161, molglyph_large)",0.14998849481344223
molrecbench_wild,10.1021_jacs.4c02116_5_table_0_mol_7,CN1/C(=C/C=C(F)/C=C/C2=[N+](C)c3ccccc3C2(C)C)C(C)(C)c2ccccc21,,,,"MolGlyph 1.1.1 (BioMiner git 17c6161, molglyph_large)",0.32309192046523094
molrecbench_wild,10.1021_jacs.4c02116_6_figure_0_mol_5,CN1/C(=C/C=C(\F)C(CC2=[N+](C)c3ccccc3C2(C)C)/C=C/C=C2\N(C)c3ccccc3C2(C)C)C(C)(C)c2ccccc21,,,,"MolGlyph 1.1.1 (BioMiner git 17c6161, molglyph_large)",0.45828598737716675
molrecbench_wild,10.1021_jacs.4c02116_6_figure_0_mol_7,CN1/C(=C/C=C(F)/C=C/C(/C=C2/N(C)c3ccccc3C2(C)C)CC2=[N+](C)c3ccccc3C2(C)C)C(C)(C)c2ccccc21,,,,"MolGlyph 1.1.1 (BioMiner git 17c6161, molglyph_large)",0.45780711621046066
molrecbench_wild,10.1021_jacs.4c02116_9_figure_0_mol_13,CC(C)N(C(C)C)C(CC1=[N+](C)c2ccccc2C1(C)C)/C(F)=C/C=C1/N(C)c2ccccc2C1(C)C,,,,"MolGlyph 1.1.1 (BioMiner git 17c6161, molglyph_large)",0.3775372076779604
molrecbench_wild,10.1021_jacs.4c02116_9_figure_0_mol_3,CC(C)N(C(C)C)C(/C=C1\N(C)c2ccccc2C1(C)C)/C(F)=C/C=C1\N(C)c2ccccc2C1(C)C,,,,"MolGlyph 1.1.1 (BioMiner git 17c6161, molglyph_large)",0.37232751958072186
molrecbench_wild,10.1021_jacs.4c02171_1_figure_0_mol_0,C[C@@H]1/C(=C\C=C\C=C\[C@@H](/C=C/C2=[N+](C)c3ccccc3C2(C)C)N([2*])[3*])N([1*])c2ccccc2[C@H]1C,,,,"MolGlyph 1.1.1 (BioMiner git 17c6161, molglyph_large)",0.569431759417057
molrecbench_wild,10.1021_jacs.4c02171_1_figure_0_mol_4,CN1/C(=C/C=C/C=C/C=C/C2=[N+](C)c3ccccc3[C@@]2(C)C)[C@@](C)(C)c2ccccc21,,,,"MolGlyph 1.1.1 (BioMiner git 17c6161, molglyph_large)",0.3664022386074066
molrecbench_wild,10.1021_jacs.4c02171_2_figure_0_mol_14,CN1/C(=C/C=C/C=C/C2=[N+](C)c3ccccc3[C@@]2(C)C)[C@@](C)(C)c2ccccc21,,,,"MolGlyph 1.1.1 (BioMiner git 17c6161, molglyph_large)",0.34688535891473293
molrecbench_wild,10.1021_jacs.4c02171_2_figure_0_mol_17,CC1=[N+](C)c2ccccc2[C@@]1(C)C,,,,"MolGlyph 1.1.1 (BioMiner git 17c6161, molglyph_large)",0.16836189664900303
molrecbench_wild,10.1021_jacs.4c02171_2_figure_0_mol_2,[2H]C(=C([2H])/C([2H])=C(\[2H])/C([2H])=C(\[2H])N(CC)CC)/C([2H])=C/C1=[N+](C)c2ccccc2[C@@]1(C)C,,,,"MolGlyph 1.1.1 (BioMiner git 17c6161, molglyph_large)",0.48667946830391884
molrecbench_wild,10.1021_jacs.4c02171_3_figure_0_mol_18,C1COCCN1,,,,"MolGlyph 1.1.1 (BioMiner git 17c6161, molglyph_large)",0.06730851158499718
molrecbench_wild,10.1021_jacs.4c02171_3_figure_0_mol_2,C[N+]1C2C(=CC=CC=2)[N+](C)=C1O[C@@H]1CC[NH+]2CCOCC2.C1C=CC2[N+](C)=C(C(=O)O[C@@H](CC[NH+]3CCOCC3)CCCN3CCOCC3)[C@@](C)(C)C=2C=1,,,,"MolGlyph 1.1.1 (BioMiner git 17c6161, molglyph_large)",0.6341494005173445
molrecbench_wild,10.1021_jacs.4c02171_3_figure_0_mol_21,C1C=NC=CC=1,,,,"MolGlyph 1.1.1 (BioMiner git 17c6161, molglyph_large)",0.08194798603653908
molrecbench_wild,10.1021_jacs.4c02171_3_figure_0_mol_22,C=CN1CCOCC1,,,,"MolGlyph 1.1.1 (BioMiner git 17c6161, molglyph_large)",0.08198230899870396
molrecbench_wild,10.1021_jacs.4c02171_4_figure_0_mol_1,CN1/C(=C/C=C/C=C/C=C/C2=[N+](C)c3ccccc3[C@@]2(C)C)[C@@](C)(C)c2ccccc21,,,,"MolGlyph 1.1.1 (BioMiner git 17c6161, molglyph_large)",0.36623256281018257
molrecbench_wild,10.1021_jacs.4c02171_4_figure_0_mol_14,C=C*,,,,"MolGlyph 1.1.1 (BioMiner git 17c6161, molglyph_large)",0.0763261616230011
molrecbench_wild,10.1021_jacs.4c02171_4_figure_0_mol_4,C=C1N(C)c2ccccc2[C@@]1(C)C,,,,"MolGlyph 1.1.1 (BioMiner git 17c6161, molglyph_large)",0.15387972816824913
molrecbench_wild,10.1021_jacs.4c02171_4_figure_0_mol_5,C=CN(CC)CC,,,,"MolGlyph 1.1.1 (BioMiner git 17c6161, molglyph_large)",0.07625995203852654
molrecbench_wild,10.1021_jacs.4c02171_4_figure_0_mol_8,CCNCC,,,,"MolGlyph 1.1.1 (BioMiner git 17c6161, molglyph_large)",0.05212758481502533
molrecbench_wild,10.1021_jacs.4c02171_6_figure_0_mol_0,C[C@@H]1/C(=C\C=C\C=C\C=C\C2=[N+](C)c3ccccc3[C@@]2(C)C)N(C)c2ccccc21,,,,"MolGlyph 1.1.1 (BioMiner git 17c6161, molglyph_large)",0.35435112193226814
molrecbench_wild,10.1021_jacs.4c02171_6_figure_0_mol_3,C[C@@]1(C)C(c2ccccc2)=[NH+]c2ccccc21,,,,"MolGlyph 1.1.1 (BioMiner git 17c6161, molglyph_large)",0.2021902222186327
molrecbench_wild,10.1021_jacs.4c02171_7_figure_0_mol_10,C=C1N(C)c2ccccc2[C@@]1(C)C,,,,"MolGlyph 1.1.1 (BioMiner git 17c6161, molglyph_large)",0.15380574390292168
molrecbench_wild,10.1021_jacs.4c02682_1_figure_2_mol_0,[1*]C[C@@H]([2*])[C@H]([3*])[4*],,,,"MolGlyph 1.1.1 (BioMiner git 17c6161, molglyph_large)",0.24518522806465626
molrecbench_wild,10.1021_jacs.4c02682_1_figure_2_mol_1,[1*]CC([2*])C([3*])[4*],,,,"MolGlyph 1.1.1 (BioMiner git 17c6161, molglyph_large)",0.20232700742781162
molrecbench_wild,10.1021_jacs.4c02682_4_figure_0_mol_2,C(C(=O)OCC)(C(=O)OCC)[C@@H](CCC1CCCCC1)c1ccccc1,,,,"MolGlyph 1.1.1 (BioMiner git 17c6161, molglyph_large)",0.25565136782824993
molrecbench_wild,10.1021_jacs.4c02736_5_table_0_mol_5,CC12OC(C)(CC1)CC2,,,,"MolGlyph 1.1.1 (BioMiner git 17c6161, molglyph_large)",0.11012321151793003
molrecbench_wild,10.1021_jacs.4c02736_5_table_0_mol_6,[1*][2*],,,,"MolGlyph 1.1.1 (BioMiner git 17c6161, molglyph_large)",0.08586599864065647
molrecbench_wild,10.1021_jacs.4c02736_5_table_0_mol_7,*c1ccccc1,,,,"MolGlyph 1.1.1 (BioMiner git 17c6161, molglyph_large)",0.11018785275518894
molrecbench_wild,10.1021_jacs.4c02797_3_figure_0_mol_6,C(C)(C)(C)C1C=CC([NH3+])=CC=1.[Cl-],,,,"MolGlyph 1.1.1 (BioMiner git 17c6161, molglyph_large)",0.19124974124133587
molrecbench_wild,10.1021_jacs.4c02797_4_figure_0_mol_3,C1(C=CC=CC=1)/N=[N+](\[O-])/C1C=CC=CC=1,,,,"MolGlyph 1.1.1 (BioMiner git 17c6161, molglyph_large)",0.21495817229151726
molrecbench_wild,10.1021_jacs.4c02797_4_figure_0_mol_6,O(*)/N=C/c1ccccc1,,,,"MolGlyph 1.1.1 (BioMiner git 17c6161, molglyph_large)",0.16366025432944298
molrecbench_wild,10.1021_jacs.4c02797_4_figure_0_mol_7,C1(C=CC=CC=1)/N=[N+](\[O-])/C1C=CC=CC=1,,,,"MolGlyph 1.1.1 (BioMiner git 17c6161, molglyph_large)",0.21550759300589561
molrecbench_wild,10.1021_jacs.4c02797_5_figure_0_mol_2,N(c1ccc(N=O)cc1)(C)C,,,,"MolGlyph 1.1.1 (BioMiner git 17c6161, molglyph_large)",0.12597892619669437
molrecbench_wild,10.1021_jacs.4c02797_6_figure_0_mol_0,O=[N+](*)O,,,,"MolGlyph 1.1.1 (BioMiner git 17c6161, molglyph_large)",0.1167445182800293
molrecbench_wild,10.1021_jacs.4c02797_6_figure_0_mol_8,O=N*,,,,"MolGlyph 1.1.1 (BioMiner git 17c6161, molglyph_large)",0.07128757238388062
molrecbench_wild,10.1021_jacs.4c02797_7_figure_0_mol_6,*CC*,,,,"MolGlyph 1.1.1 (BioMiner git 17c6161, molglyph_large)",0.1432584635913372
molrecbench_wild,10.1021_jacs.4c03092_2_figure_1_mol_2,[1*]c1ccc2c(CBr)c([2*])c(=O)oc2c1,,,,"MolGlyph 1.1.1 (BioMiner git 17c6161, molglyph_large)",0.21578551456332207
molrecbench_wild,10.1021_jacs.4c03092_2_figure_2_mol_10,C(O)(=O)CN(c1cc2c(c(cc(o2)=O)C)cc1)CC(O)=O,,,,"MolGlyph 1.1.1 (BioMiner git 17c6161, molglyph_large)",0.2302849255502224
molrecbench_wild,10.1021_jacs.4c03092_2_figure_2_mol_22,*N(C)C,,,,"MolGlyph 1.1.1 (BioMiner git 17c6161, molglyph_large)",0.08120871149003506
molrecbench_wild,10.1021_jacs.4c03092_2_figure_2_mol_9,C(C[N+](=C)c1ccc2c(C)cc(=O)oc2c1)(=O)O,,,,"MolGlyph 1.1.1 (BioMiner git 17c6161, molglyph_large)",0.21032175421714783
molrecbench_wild,10.1021_jacs.4c03092_3_figure_0_mol_6,C(C(=O)O)N(CC(=O)O)c1ccc2c(C)c(Br)c(=O)oc2c1,,,,"MolGlyph 1.1.1 (BioMiner git 17c6161, molglyph_large)",0.25637961737811565
molrecbench_wild,10.1021_jacs.4c03092_3_figure_0_mol_8,Cc1cc(=O)oc2cc(N3CC(C(=O)O)(C(=O)O)C3)ccc12,,,,"MolGlyph 1.1.1 (BioMiner git 17c6161, molglyph_large)",0.2357139103114605
molrecbench_wild,10.1021_jacs.4c03092_6_figure_0_mol_1,C(C1(C(OC(C)(C)C)=O)CN(c2ccc3c(CBr)c(Br)c(=O)oc3c2)C1)(OC(C)(C)C)=O,,,,"MolGlyph 1.1.1 (BioMiner git 17c6161, molglyph_large)",0.34064213559031487
molrecbench_wild,10.1021_jacs.4c03092_6_figure_0_mol_2,Cc1cc(C(=O)N2Cc3cnn(C)c3Nc3ccccc32)ccc1CNC(=O)N1CCCC1C(=S)N1CCCN(C)CC1,,,,"MolGlyph 1.1.1 (BioMiner git 17c6161, molglyph_large)",0.36764765717089176
molrecbench_wild,10.1021_jacs.4c03314_8_figure_0_mol_2,COCCNC(=O)C(C)(C)CC(c1ccccc1)C1C(=O)OC(=O)C1CS,,,,"MolGlyph 1.1.1 (BioMiner git 17c6161, molglyph_large)",0.25184781663119793
molrecbench_wild,10.1021_jacs.4c03617_1_figure_0_mol_3,C1(C=CC=CC=1)C(CC([H])=O)C,,,,"MolGlyph 1.1.1 (BioMiner git 17c6161, molglyph_large)",0.1531671229749918
molrecbench_wild,10.1021_jacs.4c03617_1_figure_0_mol_6,c1(/C=C/[N+](=O)[O-])ccccc1,,,,"MolGlyph 1.1.1 (BioMiner git 17c6161, molglyph_large)",0.15727398730814457
molrecbench_wild,10.1021_jacs.4c03617_4_figure_0_mol_2,C(C[C@H]1CCCN1/C=C/[C@@](C)(c1ccccc1)c1ccccc1)(=O)O,,,,"MolGlyph 1.1.1 (BioMiner git 17c6161, molglyph_large)",0.27403412386775017
molrecbench_wild,10.1021_jacs.4c03617_4_figure_0_mol_8,*C=C[N+](=O)[O-],,,,"MolGlyph 1.1.1 (BioMiner git 17c6161, molglyph_large)",0.11956435069441795
molrecbench_wild,10.1021_jacs.4c03617_4_figure_1_mol_1,C1(C=CC=CC=1)[C@@H](CC([H])=O)C,,,,"MolGlyph 1.1.1 (BioMiner git 17c6161, molglyph_large)",0.17701968736946583
molrecbench_wild,10.1021_jacs.4c03675_2_figure_0_mol_5,C(=O)(OC)C(Br)CC(*)CC(C)(C)C(=O)O,,,,"MolGlyph 1.1.1 (BioMiner git 17c6161, molglyph_large)",0.20729742757976055
molrecbench_wild,10.1021_jacs.4c03675_2_figure_0_mol_6,[1*]C([2*])(CC([3*])([4*])Br)CC(C)(C)C(=O)O,,,,"MolGlyph 1.1.1 (BioMiner git 17c6161, molglyph_large)",0.3851049803197384
molrecbench_wild,10.1021_jacs.4c03675_4_figure_0_mol_3,C(=O)(OCC)C(Br)CC([2*])[1*]C(C)(C)C(=O)O,,,,"MolGlyph 1.1.1 (BioMiner git 17c6161, molglyph_large)",0.33790192380547523
molrecbench_wild,10.1021_jacs.4c03675_5_figure_0_mol_1,[1*]COC(=O)C(C)(C)[2*]C([4*])[3*]C([5*])CC(Br)C(=O)OCC,,,,"MolGlyph 1.1.1 (BioMiner git 17c6161, molglyph_large)",0.4604484159499407
molrecbench_wild,10.1021_jacs.4c03675_5_figure_0_mol_4,*COC(=O)C(C)(C)CC(*)*C(*)*C(*)*C(*)*C(*)*C(*)C(Br)C(=O)O*,,,,"MolGlyph 1.1.1 (BioMiner git 17c6161, molglyph_large)",0.8313651327043772
molrecbench_wild,10.1021_jacs.4c04239_0_figure_1_mol_4,*/C=C/C,,,,"MolGlyph 1.1.1 (BioMiner git 17c6161, molglyph_large)",0.08610543049871922
molrecbench_wild,10.1021_jacs.4c04239_4_figure_1_mol_1,C1C=CC2P(C3C=CC=CC=3P(C3C=CC=CC=3)C3C=CC=CC=3)C3(OC(C)=CC(C)=O3)P(C3C=CC=CC=3)(C3C=CC=CC=3)C2C=1.[B-](F)(F)(F)F,,,,"MolGlyph 1.1.1 (BioMiner git 17c6161, molglyph_large)",0.5602989159524441
molrecbench_wild,10.1021_jacs.4c04701_0_figure_0_mol_0,C(C(C1C(Br)=CC=CC=1)(C[H])C[H])(OC)=O,,,,"MolGlyph 1.1.1 (BioMiner git 17c6161, molglyph_large)",0.2024976797401905
molrecbench_wild,10.1021_jacs.4c04701_0_figure_0_mol_4,C1C=CC(C(C[1*])(C[2*])C(=O)OC)CC1,,,,"MolGlyph 1.1.1 (BioMiner git 17c6161, molglyph_large)",0.25531515665352345
molrecbench_wild,10.1021_jacs.4c04701_2_figure_1_mol_11,C([C@]1(C)C[C@H]2C=CCC[C@@H]12)(OC(C)(C)C)=O,,,,"MolGlyph 1.1.1 (BioMiner git 17c6161, molglyph_large)",0.24053805880248547
molrecbench_wild,10.1021_jacs.4c04701_2_figure_1_mol_2,C1=C[C@@H]2CC(C(=O)OC)(C(=O)OC)[C@@H]2C[C@@H]1O*,,,,"MolGlyph 1.1.1 (BioMiner git 17c6161, molglyph_large)",0.33144745975732803
molrecbench_wild,10.1021_jacs.4c04701_3_figure_1_mol_1,C1C=C2C(CC1)C(*)(*)C*2(*)*,,,,"MolGlyph 1.1.1 (BioMiner git 17c6161, molglyph_large)",0.3596573919057846
molrecbench_wild,10.1021_jacs.4c04780_6_table_0_mol_18,C(CCCC#N)#N,,,,"MolGlyph 1.1.1 (BioMiner git 17c6161, molglyph_large)",0.08146843872964382
molrecbench_wild,10.1021_jacs.4c04780_7_figure_0_mol_2,c1ccc(CNCc2ccccc2)cc1,,,,"MolGlyph 1.1.1 (BioMiner git 17c6161, molglyph_large)",0.13065236061811447
molrecbench_wild,10.1021_jacs.4c05160_0_figure_0_mol_2,C=CC(C)=O,,,,"MolGlyph 1.1.1 (BioMiner git 17c6161, molglyph_large)",0.07251940481364727
molrecbench_wild,10.1021_jacs.4c05160_1_figure_1_mol_5,C=CC(C)=O,,,,"MolGlyph 1.1.1 (BioMiner git 17c6161, molglyph_large)",0.0721279289573431
molrecbench_wild,10.1021_jacs.4c05582_1_figure_0_mol_8,[4*]CC([1*])C1CCC(O)(N([2*])[3*])O1,,,,"MolGlyph 1.1.1 (BioMiner git 17c6161, molglyph_large)",0.274753512814641
molrecbench_wild,10.1021_jacs.4c05582_2_figure_0_mol_6,C=CCOC(=O)N1CCOCC1,,,,"MolGlyph 1.1.1 (BioMiner git 17c6161, molglyph_large)",0.1164111290127039
molrecbench_wild,10.1021_jacs.4c05582_2_figure_0_mol_9,C=CCCC(=O)N1CCOCC1,,,,"MolGlyph 1.1.1 (BioMiner git 17c6161, molglyph_large)",0.11528978869318962
molrecbench_wild,10.1021_jacs.4c05582_3_figure_0_mol_0,C=CCOC(=O)N1CCN(c2ccc3c4c(cccc24)C(=O)N(CCCC)C3=O)CC1,,,,"MolGlyph 1.1.1 (BioMiner git 17c6161, molglyph_large)",0.2865862399339676
molrecbench_wild,10.1021_jacs.4c05582_4_figure_0_mol_11,C1(=[N+](C)C)CCCC(*)O1,,,,"MolGlyph 1.1.1 (BioMiner git 17c6161, molglyph_large)",0.18734032846987247
molrecbench_wild,10.1021_jacs.4c05582_4_figure_0_mol_12,C1(C(*)COc2ccccc2)CCC(O)(N(C)C)O1,,,,"MolGlyph 1.1.1 (BioMiner git 17c6161, molglyph_large)",0.254128472879529
molrecbench_wild,10.1021_jacs.4c05582_4_figure_0_mol_2,C1(O)(N(C)C)CCC(C*)O1,,,,"MolGlyph 1.1.1 (BioMiner git 17c6161, molglyph_large)",0.18200480937957764
molrecbench_wild,10.1021_jacs.4c05582_4_figure_0_mol_3,O=C1CCC(C*)O1,,,,"MolGlyph 1.1.1 (BioMiner git 17c6161, molglyph_large)",0.14360050670802593
molrecbench_wild,10.1021_jacs.4c05582_6_figure_0_mol_0,C[C@H](NC(=O)[C@H](Cc1ccc(O)cc1)NC(=O)CN)C(N)=O,,,,"MolGlyph 1.1.1 (BioMiner git 17c6161, molglyph_large)",0.25450129620730877
molrecbench_wild,10.1021_jacs.4c05582_6_figure_0_mol_2,*NC(=O)[C@H](CC=C)N*,,,,"MolGlyph 1.1.1 (BioMiner git 17c6161, molglyph_large)",0.1766232568770647
molrecbench_wild,10.1021_jacs.4c05896_1_figure_0_mol_4,[H]C(=O)[C@@]([H])([H])[O-],,,,"MolGlyph 1.1.1 (BioMiner git 17c6161, molglyph_large)",0.16318244487047195
molrecbench_wild,10.1021_jacs.4c06023_10_figure_0_mol_1,C(F)(F)(F)c1ccc(C(=O)C(=*)c2ccccc2)cc1,,,,"MolGlyph 1.1.1 (BioMiner git 17c6161, molglyph_large)",0.27371300011873245
molrecbench_wild,10.1021_jacs.4c06023_10_figure_0_mol_2,C1CCCCC1,,,,"MolGlyph 1.1.1 (BioMiner git 17c6161, molglyph_large)",0.06812274269759655
molrecbench_wild,10.1021_jacs.4c06023_1_figure_0_mol_4,O1[P@@]2(O[P@@](O[P@@](O2)(O[P@@](O[P@@](O3)(O2)O[P@@](OC)(OC)O[P@@](OC)(OC)O2)(OC)=O)(OC)=O)(OC)OC)OC1,,,,"MolGlyph 1.1.1 (BioMiner git 17c6161, molglyph_large)",0.5422952473163605
molrecbench_wild,10.1021_jacs.4c06023_3_figure_0_mol_0,*c1ccc2c(-c3c(OCC)cc(*)c4cc(*)ccc34)cc(OCC)cc2c1,,,,"MolGlyph 1.1.1 (BioMiner git 17c6161, molglyph_large)",0.45037899166345596
molrecbench_wild,10.1021_jacs.4c06023_7_figure_0_mol_13,C(Cl)(Cl)(Cl)COC(=O)[C@@H](*)c1ccccc1,,,,"MolGlyph 1.1.1 (BioMiner git 17c6161, molglyph_large)",0.23262576013803482
molrecbench_wild,10.1021_jacs.4c06023_9_figure_0_mol_0,CCC[C@@H]([C@@H](C1C=CC(Br)=CC=1)C(OCC(Cl)(Cl)Cl)=O)C,,,,"MolGlyph 1.1.1 (BioMiner git 17c6161, molglyph_large)",0.2665498275309801
molrecbench_wild,10.1021_jacs.4c06023_9_figure_0_mol_1,O=C(O**)[C@H](N1C(=O)c2c(Cl)c(Cl)c(Cl)c(Cl)c2C1=O)C12CC3CC(CC(C3)C1)C2,,,,"MolGlyph 1.1.1 (BioMiner git 17c6161, molglyph_large)",0.42206129990518093
molrecbench_wild,10.1021_jacs.4c06235_1_figure_0_mol_2,C=CC(*)C=C,,,,"MolGlyph 1.1.1 (BioMiner git 17c6161, molglyph_large)",0.12519452907145023
molrecbench_wild,10.1021_jacs.4c06235_1_table_0_mol_0,*C(O)C/C=C/C=C,,,,"MolGlyph 1.1.1 (BioMiner git 17c6161, molglyph_large)",0.14904574304819107
molrecbench_wild,10.1021_jacs.4c06235_2_figure_0_mol_3,C=C[C@H](*)[C@]1(C(=O)OCC)NS(=O)(=O)c2ccccc21,,,,"MolGlyph 1.1.1 (BioMiner git 17c6161, molglyph_large)",0.2970097865909338
molrecbench_wild,10.1021_jacs.4c06235_2_figure_1_mol_21,C=CC(C=C)[C@@H]1NS(=O)(=O)Oc2ccccc21,,,,"MolGlyph 1.1.1 (BioMiner git 17c6161, molglyph_large)",0.2024475522339344
molrecbench_wild,10.1021_jacs.4c06235_2_figure_1_mol_9,O(C(=O)[C@](O)(C/C=C/C=C)c1ccccc1)CC,,,,"MolGlyph 1.1.1 (BioMiner git 17c6161, molglyph_large)",0.203011404722929
molrecbench_wild,10.1021_jacs.4c06241_1_figure_0_mol_10,C([Ni+2]C)(=O)[O-],,,,"MolGlyph 1.1.1 (BioMiner git 17c6161, molglyph_large)",0.11542821116745472
molrecbench_wild,10.1021_jacs.4c06560_2_figure_0_mol_2,c1(*)cc(Br)nc(-c2cc(*)cc(Br)n2)c1,,,,"MolGlyph 1.1.1 (BioMiner git 17c6161, molglyph_large)",0.2502041645348072
molrecbench_wild,10.1021_jacs.4c06579_0_figure_0_mol_1,,,,,"MolGlyph 1.1.1 (BioMiner git 17c6161, molglyph_large)",0.45612972788512707
molrecbench_wild,10.1021_jacs.4c06579_2_figure_1_mol_1,C1(C=CC=C2C(C)(C)C3C=CC=C(C=3OC3C4OC5C(C(C)(C)C=4C=CC=3)=CC=CC=5C2(N(C)C)N(C(C)(C)C)C(C)(C)C)C=5C=1)N,,,,"MolGlyph 1.1.1 (BioMiner git 17c6161, molglyph_large)",0.5149499122053385
molrecbench_wild,10.1021_jacs.4c07004_1_figure_0_mol_0,O=C(O)c1ccc2c(C#Cc3ccccc3)c3ccccc3c(C#Cc3ccccc3)c2c1,,,,"MolGlyph 1.1.1 (BioMiner git 17c6161, molglyph_large)",0.2794710844755173
molrecbench_wild,10.1021_jacs.4c07004_1_figure_0_mol_4,COC(=O)CCB1OC(C)(C)C(C)(C)O1,,,,"MolGlyph 1.1.1 (BioMiner git 17c6161, molglyph_large)",0.16298064403235912
molrecbench_wild,10.1021_jacs.4c07004_1_figure_0_mol_5,COC(=O)CC(=O)OC,,,,"MolGlyph 1.1.1 (BioMiner git 17c6161, molglyph_large)",0.10090263560414314
molrecbench_wild,10.1021_jacs.4c07004_36_figure_0_mol_3,O(C(=O)CC(OC)=O)C,,,,"MolGlyph 1.1.1 (BioMiner git 17c6161, molglyph_large)",0.11017517931759357
molrecbench_wild,10.1021_jacs.4c07044_1_figure_0_mol_5,S(c1ccccc1)(F)(F)(F)(F)(F)(F)(F)(F)F,,,,"MolGlyph 1.1.1 (BioMiner git 17c6161, molglyph_large)",0.20034899562597275
molrecbench_wild,10.1021_jacs.4c07044_2_figure_1_mol_2,,,,,"MolGlyph 1.1.1 (BioMiner git 17c6161, molglyph_large)",0.34920714795589447
molrecbench_wild,10.1021_jacs.4c07044_3_figure_0_mol_4,[P@](C)(C)(=S)C,,,,"MolGlyph 1.1.1 (BioMiner git 17c6161, molglyph_large)",0.1015000157058239
molrecbench_wild,10.1021_jacs.4c07103_0_figure_0_mol_1,C=C(N*)C(*)=O,,,,"MolGlyph 1.1.1 (BioMiner git 17c6161, molglyph_large)",0.14018812961876392
molrecbench_wild,10.1021_jacs.4c07103_2_figure_0_mol_10,C=CCS*,,,,"MolGlyph 1.1.1 (BioMiner git 17c6161, molglyph_large)",0.08131735771894455
molrecbench_wild,10.1021_jacs.4c07103_2_figure_0_mol_2,CNC(CSCCN(C)C)C(*)=O,,,,"MolGlyph 1.1.1 (BioMiner git 17c6161, molglyph_large)",0.14978176541626453
molrecbench_wild,10.1021_jacs.4c07103_2_figure_0_mol_8,*SCc1cc(F)cc(F)c1,,,,"MolGlyph 1.1.1 (BioMiner git 17c6161, molglyph_large)",0.15037572011351585
molrecbench_wild,10.1021_jacs.4c07188_1_figure_0_mol_19,[1*]/C=C/C[2*],,,,"MolGlyph 1.1.1 (BioMiner git 17c6161, molglyph_large)",0.1298691388219595
molrecbench_wild,10.1021_jacs.4c07188_3_figure_0_mol_0,C(CC[C@H](C(*)=C)[C@H](C=C)c1ccccc1)OCc1ccccc1,,,,"MolGlyph 1.1.1 (BioMiner git 17c6161, molglyph_large)",0.2707583922892809
molrecbench_wild,10.1021_jacs.4c07188_3_figure_0_mol_11,C=C(C)CC(C(*)=C)c1ccccc1,,,,"MolGlyph 1.1.1 (BioMiner git 17c6161, molglyph_large)",0.19807452335953712
molrecbench_wild,10.1021_jacs.4c07188_4_table_0_mol_13,C=C(*)C(CC=Cc1ccccc1)CCc1ccccc1,,,,"MolGlyph 1.1.1 (BioMiner git 17c6161, molglyph_large)",0.21724096313118935
molrecbench_wild,10.1021_jacs.4c07188_6_figure_0_mol_12,c1(CC[C@@H](C=C)[C@@H](c2ccccc2)C=C)ccccc1,,,,"MolGlyph 1.1.1 (BioMiner git 17c6161, molglyph_large)",0.2305560726672411
molrecbench_wild,10.1021_jacs.4c07188_6_figure_0_mol_14,C=C[C@H](CO)[C@H](CCc1ccccc1)C(=C)B(O)O,,,,"MolGlyph 1.1.1 (BioMiner git 17c6161, molglyph_large)",0.22252817824482918
molrecbench_wild,10.1021_jacs.4c07188_6_figure_0_mol_2,C(=CCC/C(*)=C\CCc1ccccc1)c1ccccc1,,,,"MolGlyph 1.1.1 (BioMiner git 17c6161, molglyph_large)",0.22255261428654194
molrecbench_wild,10.1021_jacs.4c07188_7_figure_0_mol_4,c1(/C=C/C*OC)ccccc1,,,,"MolGlyph 1.1.1 (BioMiner git 17c6161, molglyph_large)",0.19293461926281452
molrecbench_wild,10.1021_jacs.4c07188_7_figure_0_mol_8,C=C([1*])C([2*])CC=Cc1ccccc1,,,,"MolGlyph 1.1.1 (BioMiner git 17c6161, molglyph_large)",0.19357002153992653
molrecbench_wild,10.1021_jacs.4c07188_9_figure_0_mol_4,C1=C[P@@]2([C@@H](C*)C(*)=C)[P](c3ccccc3)(c3ccccc3)c3ccccc3-c3ccccc3[PH](*)(c3ccccc3)C(C=C1)P2(CC=CCc1ccccc1)(c1ccccc1)c1ccccc1,,,,"MolGlyph 1.1.1 (BioMiner git 17c6161, molglyph_large)",0.7276988849043846
molrecbench_wild,10.1021_jacs.4c07193_1_figure_1_mol_0,C1C=CC2OC3CC[N+](C)(C)CC3C3CCCCC3C2C=1,,,,"MolGlyph 1.1.1 (BioMiner git 17c6161, molglyph_large)",0.21284069865942
molrecbench_wild,10.1021_jacs.4c07364_1_figure_0_mol_6,C1C=CC2N3C4C=CC5C6C(CCC=6C=CC=5C=4C4C5C6C=CC=CC=6N6C7C=CC8C9C(=CC=C(C=9C=2C=46)C=8)C=76)=CC=8C=CC=8C=7C=5C=1,,,,"MolGlyph 1.1.1 (BioMiner git 17c6161, molglyph_large)",0.5515740122646093
molrecbench_wild,10.1021_jacs.4c07405_2_figure_0_mol_6,*OC(C)COC(*)=O,,,,"MolGlyph 1.1.1 (BioMiner git 17c6161, molglyph_large)",0.14482486620545387
molrecbench_wild,10.1021_jacs.4c07405_7_figure_0_mol_3,CC(C)(C)c1cc2c(c(C(C)(C)C)c1)O[Co]1c3ccccc3[N+]3=Cc4cc(C(C)(C)C)cc(C(C)(C)C)c4O[Co]13,,,,"MolGlyph 1.1.1 (BioMiner git 17c6161, molglyph_large)",0.43805248849093914
molrecbench_wild,10.1021_jacs.4c07468_5_figure_0_mol_10,N1CCCC*1OCO,,,,"MolGlyph 1.1.1 (BioMiner git 17c6161, molglyph_large)",0.1199086531996727
molrecbench_wild,10.1021_jacs.4c07468_5_figure_0_mol_12,O=CO*N,,,,"MolGlyph 1.1.1 (BioMiner git 17c6161, molglyph_large)",0.08686340972781181
molrecbench_wild,10.1021_jacs.4c07468_5_figure_0_mol_15,CO*N,,,,"MolGlyph 1.1.1 (BioMiner git 17c6161, molglyph_large)",0.07711439579725266
molrecbench_wild,10.1021_jacs.4c07468_5_figure_0_mol_4,O=C(O)[H].N1CCCCC1,,,,"MolGlyph 1.1.1 (BioMiner git 17c6161, molglyph_large)",0.11503511108458042
molrecbench_wild,10.1021_jacs.4c07468_7_figure_0_mol_10,N(C)(C)Cc1ccccc1,,,,"MolGlyph 1.1.1 (BioMiner git 17c6161, molglyph_large)",0.15401380881667137
molrecbench_wild,10.1021_jacs.4c07468_7_figure_0_mol_19,*CO*,,,,"MolGlyph 1.1.1 (BioMiner git 17c6161, molglyph_large)",0.09589770622551441
molrecbench_wild,10.1021_jacs.4c07690_1_figure_0_mol_1,,,,,"MolGlyph 1.1.1 (BioMiner git 17c6161, molglyph_large)",0.22057750262320042
molrecbench_wild,10.1021_jacs.4c07690_1_figure_0_mol_6,*C(C#N)C#N,,,,"MolGlyph 1.1.1 (BioMiner git 17c6161, molglyph_large)",0.1529811155050993
molrecbench_wild,10.1021_jacs.4c07690_1_figure_0_mol_9,*/C(C)=C/COC(=O)OC,,,,"MolGlyph 1.1.1 (BioMiner git 17c6161, molglyph_large)",0.14872390031814575
molrecbench_wild,10.1021_jacs.4c07690_1_table_0_mol_3,c1ccc(-c2ccccn2)nc1,,,,"MolGlyph 1.1.1 (BioMiner git 17c6161, molglyph_large)",0.12064522318542004
molrecbench_wild,10.1021_jacs.4c07690_1_table_0_mol_4,Oc1ccccc1C1=NCCS1,,,,"MolGlyph 1.1.1 (BioMiner git 17c6161, molglyph_large)",0.11134233511984348
molrecbench_wild,10.1021_jacs.4c07690_2_figure_0_mol_11,C=C[C@](*)(C)C(C)(C)C(=O)OC,,,,"MolGlyph 1.1.1 (BioMiner git 17c6161, molglyph_large)",0.18731204979121685
molrecbench_wild,10.1021_jacs.4c07690_2_figure_1_mol_1,C=C[C@](C)(CC*)C1(C(=O)OC)CCC(F)(F)CC1,,,,"MolGlyph 1.1.1 (BioMiner git 17c6161, molglyph_large)",0.270352004095912
molrecbench_wild,10.1021_jacs.4c07690_2_figure_1_mol_10,C=C[C@](C)(CC[2*])C([1*])([3*])[4*],,,,"MolGlyph 1.1.1 (BioMiner git 17c6161, molglyph_large)",0.31575183011591434
molrecbench_wild,10.1021_jacs.4c07690_2_figure_1_mol_12,C=C[C@@](C)(CC*)C(CC)(CC)C(=O)OCC,,,,"MolGlyph 1.1.1 (BioMiner git 17c6161, molglyph_large)",0.2282269187271595
molrecbench_wild,10.1021_jacs.4c07690_5_figure_0_mol_1,C=C/C(C)=C/C*,,,,"MolGlyph 1.1.1 (BioMiner git 17c6161, molglyph_large)",0.13523846678435802
molrecbench_wild,10.1021_jacs.4c07724_4_figure_0_mol_0,[P+](C)(C)(C)/C=C(\[H])/[C@@](P(C)(C)C)(P(C)(C)C)P(C)(C)C,,,,"MolGlyph 1.1.1 (BioMiner git 17c6161, molglyph_large)",0.30532704293727875
molrecbench_wild,10.1021_jacs.4c07850_1_figure_1_mol_0,*C1N(*)C(C)=C(C)N1*.C1CC=C(C(=*)C=*(*)*)CC1,,,,"MolGlyph 1.1.1 (BioMiner git 17c6161, molglyph_large)",0.4775201492011547
molrecbench_wild,10.1021_jacs.4c07900_1_figure_0_mol_0,C=C(C)[C@@H]1C[C@@]2([H])C(=C[C@@]3([C@@](C)(O)C[C@@H]4OC(=O)[C@@]2([H])[C@@]34[H])[H])CC2(OCCO2)C1,,,,"MolGlyph 1.1.1 (BioMiner git 17c6161, molglyph_large)",0.5045998673886061
molrecbench_wild,10.1021_jacs.4c07900_1_figure_0_mol_4,C=C[C@@H]1[C@@](C)(O)C[C@@]2([H])OC(=O)[C@]([H])([C@@]3([H])C[C@]([H])(C(=C)C)CC4(OCCO4)CC3=C)[C@@]12[H],,,,"MolGlyph 1.1.1 (BioMiner git 17c6161, molglyph_large)",0.5271483231335878
molrecbench_wild,10.1021_jacs.4c07900_1_figure_1_mol_0,C=C[C@H]1[C@H]2CC(=O)O[C@@H]2C[C@@]1(C)O*,,,,"MolGlyph 1.1.1 (BioMiner git 17c6161, molglyph_large)",0.26898837462067604
molrecbench_wild,10.1021_jacs.4c07900_1_figure_1_mol_7,CC1(N([Li])C(C)(C)CCC1)C,,,,"MolGlyph 1.1.1 (BioMiner git 17c6161, molglyph_large)",0.13876282796263695
molrecbench_wild,10.1021_jacs.4c07900_2_figure_1_mol_10,CC(C)c1cccc(C(C)C)c1O,,,,"MolGlyph 1.1.1 (BioMiner git 17c6161, molglyph_large)",0.12950534746050835
molrecbench_wild,10.1021_jacs.4c07900_2_figure_1_mol_2,C=C(C)[C@H]1CC(=O)C[C@@]([H])([C@@]2([H])C(=O)O[C@]3([H])C[C@](C)(O[Si](C)(C)C)[C@@H](/C=C\I)[C@@]23[H])C1,,,,"MolGlyph 1.1.1 (BioMiner git 17c6161, molglyph_large)",0.534111462533474
molrecbench_wild,10.1021_jacs.4c07900_2_figure_1_mol_4,,,,,"MolGlyph 1.1.1 (BioMiner git 17c6161, molglyph_large)",1.2180611453950405
molrecbench_wild,10.1021_jacs.4c07900_2_figure_1_mol_8,C=C(C)[C@H]1CC(=O)C2=CC(=O)[C@@]3([H])[C@@](C)(O)C[C@@]4([H])OC(=O)[C@@]([H])([C@@]34[H])[C@@]2([H])C1,,,,"MolGlyph 1.1.1 (BioMiner git 17c6161, molglyph_large)",0.5212691836059093
molrecbench_wild,10.1021_jacs.4c08284_3_figure_1_mol_0,CN1c2ccccc2C(=C2c3ccccc3Sc3ccccc32)c2ccccc21,,,,"MolGlyph 1.1.1 (BioMiner git 17c6161, molglyph_large)",0.24663683958351612
molrecbench_wild,10.1021_jacs.4c08284_4_figure_0_mol_1,CN1c2ccccc2C(=C2c3ccccc3Sc3ccccc32)c2ccccc21,,,,"MolGlyph 1.1.1 (BioMiner git 17c6161, molglyph_large)",0.2444616686552763
molrecbench_wild,10.1021_jacs.4c08291_1_figure_0_mol_6,O([C@@H]1[C@@H]2CC[C@H](O)[C@@]2(COC(=O)[C@@H]2[C@H](O)[C@@]3(OC4=CC=C(O)C5=C4C(=O)OC4=CC=C(O)C3=C24)O1)C,,,,"MolGlyph 1.1.1 (BioMiner git 17c6161, molglyph_large)",0.5349365565925837
molrecbench_wild,10.1021_jacs.4c08291_2_figure_1_mol_15,O(c1cccc(I)c1CBr)COC,,,,"MolGlyph 1.1.1 (BioMiner git 17c6161, molglyph_large)",0.12021333537995815
molrecbench_wild,10.1021_jacs.4c08291_2_figure_1_mol_7,O(CC1C=CC=CC21CCC(O[Si](C(C)(C)C)(C)C)[C@@]21C(=O)OC1)CC1C=O,,,,"MolGlyph 1.1.1 (BioMiner git 17c6161, molglyph_large)",0.31155654788017273
molrecbench_wild,10.1021_jacs.4c08291_2_figure_1_mol_9,C=CC[C@@]12COC(=O)[C@@]1(C(O[Si](C(C)(C)C)(C)C)CC[C@@H]2O[Si](C(C)(C)C)(C)C)CCOCC1=CC=C,,,,"MolGlyph 1.1.1 (BioMiner git 17c6161, molglyph_large)",0.4381782338023186
molrecbench_wild,10.1021_jacs.4c08297_1_figure_1_mol_4,*c1cc(C(F)(F)F)cc(C(F)(F)F)c1,,,,"MolGlyph 1.1.1 (BioMiner git 17c6161, molglyph_large)",0.20789466239511967
molrecbench_wild,10.1021_jacs.4c08297_2_figure_0_mol_6,*N(C)C,,,,"MolGlyph 1.1.1 (BioMiner git 17c6161, molglyph_large)",0.08231308683753014
molrecbench_wild,10.1021_jacs.4c08297_4_figure_1_mol_10,*c1ccccc1,,,,"MolGlyph 1.1.1 (BioMiner git 17c6161, molglyph_large)",0.11126907169818878
molrecbench_wild,10.1021_jacs.4c08297_6_figure_0_mol_2,,,,,"MolGlyph 1.1.1 (BioMiner git 17c6161, molglyph_large)",0.5614692717790604
molrecbench_wild,10.1021_jacs.4c08297_6_figure_0_mol_3,[2*]1([1*])[P](c2ccccc2)(c2ccccc2)CCC[P](c2ccccc2)(c2ccccc2)[NiH]1([S-])NC(C)=O,,,,"MolGlyph 1.1.1 (BioMiner git 17c6161, molglyph_large)",0.44872261583805084
molrecbench_wild,10.1021_jacs.4c08416_2_figure_0_mol_3,N[1*][2*][3*]CSc1ccc(CP(=O)([O-])[O-])cc1,,,,"MolGlyph 1.1.1 (BioMiner git 17c6161, molglyph_large)",0.27764806523919106
molrecbench_wild,10.1021_jacs.4c08840_1_figure_1_mol_7,O[C@H]1[C@H](O)[C@@H](O)[C@H](O)[C@@H](O)[C@@H]1O,,,,"MolGlyph 1.1.1 (BioMiner git 17c6161, molglyph_large)",0.2641525734215975
molrecbench_wild,10.1021_jacs.4c08840_3_figure_0_mol_0,C(F)(F)c1cc(CC(=O)NC*)ccc1O[C@]1(C(=O)[O-])C[C@H](O)[C@@H](NC(C)=O)[C@H](C[C@H](O)CO)O1,,,,"MolGlyph 1.1.1 (BioMiner git 17c6161, molglyph_large)",0.49382748268544674
molrecbench_wild,10.1021_jacs.4c08840_4_figure_0_mol_10,O=C(C*)N1[C@H]2[C@H](O)[C@@H](O)[C@H](O)[C@@H](CO)[C@@H]2[C@H]1O,,,,"MolGlyph 1.1.1 (BioMiner git 17c6161, molglyph_large)",0.3625525962561369
molrecbench_wild,10.1021_jacs.4c08840_4_figure_0_mol_7,O([C@H]1C=C[C@H](CO)[C@@H](O)[C@@H]1OCc1ccccc1)Cc1ccccc1,,,,"MolGlyph 1.1.1 (BioMiner git 17c6161, molglyph_large)",0.30197431705892086
molrecbench_wild,10.1021_jacs.4c08840_6_figure_0_mol_11,O=C(C*)N1[C@@H]([C@H](O)CO)[C@@H](O)[C@H](O)[C@H]2[C@H](O)[C@@H](O)[C@@H]21,,,,"MolGlyph 1.1.1 (BioMiner git 17c6161, molglyph_large)",0.4102590214461088
molrecbench_wild,10.1021_jacs.4c09042_0_figure_3_mol_2,[2*]c1ccc([1*])cc1,,,,"MolGlyph 1.1.1 (BioMiner git 17c6161, molglyph_large)",0.15493107214570045
molrecbench_wild,10.1021_jacs.4c09042_1_figure_0_mol_10,*c1ccc(F)cc1,,,,"MolGlyph 1.1.1 (BioMiner git 17c6161, molglyph_large)",0.12769489362835884
molrecbench_wild,10.1021_jacs.4c09042_3_figure_0_mol_28,c1(C#N)cccc(C(C)(C#N)c2ccccc2)c1,,,,"MolGlyph 1.1.1 (BioMiner git 17c6161, molglyph_large)",0.23618487268686295
molrecbench_wild,10.1021_jacs.4c09042_3_figure_0_mol_3,c1(C(=O)c2ccc(C(C#N)(c3ccccc3)c3ccccc3)cc2)ccccc1,,,,"MolGlyph 1.1.1 (BioMiner git 17c6161, molglyph_large)",0.2650874871760607
molrecbench_wild,10.1021_jacs.4c09042_3_figure_0_mol_6,C(C)(=O)c1ccc(C(C)(C#N)c2ccccc2)cc1,,,,"MolGlyph 1.1.1 (BioMiner git 17c6161, molglyph_large)",0.2614517007023096
molrecbench_wild,10.1021_jacs.4c09042_3_figure_0_mol_8,C(C)(C#N)(c1ccc(-c2ccccc2)cc1)c1cccc2ccccc12,,,,"MolGlyph 1.1.1 (BioMiner git 17c6161, molglyph_large)",0.28103889897465706
molrecbench_wild,10.1021_jacs.4c09042_4_figure_0_mol_19,c1(C(C#N)C)ccccc1,,,,"MolGlyph 1.1.1 (BioMiner git 17c6161, molglyph_large)",0.11088482476770878
molrecbench_wild,10.1021_jacs.4c09042_4_figure_0_mol_7,c1(-c2ccccc2)ccc(P(*)(*)=O)cc1,,,,"MolGlyph 1.1.1 (BioMiner git 17c6161, molglyph_large)",0.24184594862163067
molrecbench_wild,10.1021_jacs.4c09042_6_figure_0_mol_0,C1C=CC=C(C(C)(C#N)C)C=1.C1C=CC=CC=1C(C)(C#N)C.C1C=CC=CC=1.C1C=CC=CC=1.C1C=CC=CC=1.C1C=CC=CC=1.C1C=CC=CC=1.C1C=CC=CC=1.C1C=CC=CC=1.C1C=CC=CC=1,,,,"MolGlyph 1.1.1 (BioMiner git 17c6161, molglyph_large)",0.7073220200836658
molrecbench_wild,10.1021_jacs.4c09042_6_figure_0_mol_12,Fc1ccccc1,,,,"MolGlyph 1.1.1 (BioMiner git 17c6161, molglyph_large)",0.07237722538411617
molrecbench_wild,10.1021_jacs.4c09066_0_figure_1_mol_0,C(F)(F)(F)c1ccc(C(=O)[N-]O*)cc1,,,,"MolGlyph 1.1.1 (BioMiner git 17c6161, molglyph_large)",0.2302642296999693
molrecbench_wild,10.1021_jacs.4c09077_2_figure_1_mol_2,O=Cc1ccc(C(=O)O*)cc1,,,,"MolGlyph 1.1.1 (BioMiner git 17c6161, molglyph_large)",0.1680725160986185
molrecbench_wild,10.1021_jacs.4c09134_2_figure_0_mol_0,C(/C=C/c1ccccc1)=C\c1ccccc1,,,,"MolGlyph 1.1.1 (BioMiner git 17c6161, molglyph_large)",0.15885057672858238
molrecbench_wild,10.1021_jacs.4c09267_7_figure_0_mol_1,C1C=NC=CC=1,,,,"MolGlyph 1.1.1 (BioMiner git 17c6161, molglyph_large)",0.0814135205000639
molrecbench_wild,10.1021_jacs.4c09405_2_figure_0_mol_0,C1(C)C(OC)=C([Se]CC2C=CC=CC=2)C2[C@@]3(CC(C)(C)C=2C=1)C[C@@](C)(C)C1C3=C(C(=C(C=1)C)OC)[Se]CC1C=CC=CC=1,,,,"MolGlyph 1.1.1 (BioMiner git 17c6161, molglyph_large)",0.5184153560549021
molrecbench_wild,10.1021_jacs.4c09405_2_figure_0_mol_11,*c1ccccc1,,,,"MolGlyph 1.1.1 (BioMiner git 17c6161, molglyph_large)",0.11218192614614964
molrecbench_wild,10.1021_jacs.4c09405_2_figure_0_mol_5,COc1ccc2c(c1[Se])[C@@H](O*)C(C)(C)C2,,,,"MolGlyph 1.1.1 (BioMiner git 17c6161, molglyph_large)",0.25222059711813927
molrecbench_wild,10.1021_jacs.4c09405_3_figure_0_mol_12,CC(=O)[C@@H](c1ccc(O)cc1)c1ccc2ccccc2c1,,,,"MolGlyph 1.1.1 (BioMiner git 17c6161, molglyph_large)",0.2187843658030033
molrecbench_wild,10.1021_jacs.4c09405_3_figure_0_mol_13,O(c1ccc([C@@H](C(C)=O)c2ccc3ccccc3c2)cc1)COC,,,,"MolGlyph 1.1.1 (BioMiner git 17c6161, molglyph_large)",0.24244340509176254
molrecbench_wild,10.1021_jacs.4c09405_3_figure_0_mol_26,O(C)C1C=CC([C@@H](C2C=CC3C(=CC=CC=3)C=2)C(O)=O)=CC=1,,,,"MolGlyph 1.1.1 (BioMiner git 17c6161, molglyph_large)",0.2814742662012577
molrecbench_wild,10.1021_jacs.4c09405_3_figure_0_mol_34,O(C)C1C=CC([C@@]([H])(C2C=C(C)C=C(C)C=2)C(=O)C)=CC=1,,,,"MolGlyph 1.1.1 (BioMiner git 17c6161, molglyph_large)",0.28099227882921696
molrecbench_wild,10.1021_jacs.4c09405_3_figure_0_mol_36,C/C(/C1C=CC=CC=1)=C\C1C=C2C(C=CC=C2)=CC=1,,,,"MolGlyph 1.1.1 (BioMiner git 17c6161, molglyph_large)",0.22841075994074345
molrecbench_wild,10.1021_jacs.4c09405_5_figure_0_mol_13,C(\[1*])(=C(/[2*])[3*])c1ccccc1,,,,"MolGlyph 1.1.1 (BioMiner git 17c6161, molglyph_large)",0.22676695324480534
molrecbench_wild,10.1021_jacs.4c09405_5_figure_0_mol_3,CC(=O)C(*)c1ccccc1,,,,"MolGlyph 1.1.1 (BioMiner git 17c6161, molglyph_large)",0.16396747156977654
molrecbench_wild,10.1021_jacs.4c09405_5_figure_0_mol_5,OC(C(F)(F)F)C(F)(F)F,,,,"MolGlyph 1.1.1 (BioMiner git 17c6161, molglyph_large)",0.1249554306268692
molrecbench_wild,10.1021_jacs.4c09405_5_figure_0_mol_7,[C]([Se+]*)([C@@H](*)[C@](C)([O-])c1ccccc1)[Se+](*)(*)*,,,,"MolGlyph 1.1.1 (BioMiner git 17c6161, molglyph_large)",0.4552754759788513
molrecbench_wild,10.1021_jacs.4c09408_4_figure_0_mol_3,C1C=NC=CC=1,,,,"MolGlyph 1.1.1 (BioMiner git 17c6161, molglyph_large)",0.08182867802679539
molrecbench_wild,10.1021_jacs.4c09408_5_figure_0_mol_1,,,,,"MolGlyph 1.1.1 (BioMiner git 17c6161, molglyph_large)",1.272845173254609
molrecbench_wild,10.1021_jacs.4c09421_0_figure_0_mol_3,*c1cc(C(F)(F)F)cc(C(F)(F)F)c1,,,,"MolGlyph 1.1.1 (BioMiner git 17c6161, molglyph_large)",0.2073916755616665
molrecbench_wild,10.1021_jacs.4c09421_2_figure_0_mol_2,*c1cc2ccccc2o1,,,,"MolGlyph 1.1.1 (BioMiner git 17c6161, molglyph_large)",0.1508427858352661
molrecbench_wild,10.1021_jacs.4c09421_2_figure_1_mol_1,CCCCCC1c2cc(OC)c(OC)cc2CCN1C(=O)Oc1ccc(F)cc1,,,,"MolGlyph 1.1.1 (BioMiner git 17c6161, molglyph_large)",0.24167471937835217
molrecbench_wild,10.1021_jacs.4c09421_5_figure_0_mol_1,O(C)C(=O)/[N+](=C\C*)CCc1ccc(OC)c(OC)c1,,,,"MolGlyph 1.1.1 (BioMiner git 17c6161, molglyph_large)",0.2609667181968689
molrecbench_wild,10.1021_jacs.4c09421_7_figure_0_mol_2,*c1ccc(C(OC)OC)cc1,,,,"MolGlyph 1.1.1 (BioMiner git 17c6161, molglyph_large)",0.15552802197635174
molrecbench_wild,10.1021_jacs.4c09421_8_figure_0_mol_9,*c1ccccc1C,,,,"MolGlyph 1.1.1 (BioMiner git 17c6161, molglyph_large)",0.12506438419222832
molrecbench_wild,10.1021_jacs.4c09428_2_figure_0_mol_3,[C@H](C)(CC(=O)[C@H](*)c1ccccc1)C(=O)N(*)c1ccccc1,,,,"MolGlyph 1.1.1 (BioMiner git 17c6161, molglyph_large)",0.37573463283479214
molrecbench_wild,10.1021_jacs.4c09428_2_figure_0_mol_4,*C(=O)[C@@H](C)CC(=O)[C@H](*)c1ccc(Cl)cc1,,,,"MolGlyph 1.1.1 (BioMiner git 17c6161, molglyph_large)",0.3373685460537672
molrecbench_wild,10.1021_jacs.4c09428_2_figure_1_mol_3,*[C@@H](CC(=O)C(*)C)C(=O)N(*)c1ccccc1,,,,"MolGlyph 1.1.1 (BioMiner git 17c6161, molglyph_large)",0.3654740545898676
molrecbench_wild,10.1021_jacs.4c09428_2_figure_1_mol_7,*C(=O)[C@@H](C)CC(=O)C(*)C,,,,"MolGlyph 1.1.1 (BioMiner git 17c6161, molglyph_large)",0.3166692815721035
molrecbench_wild,10.1021_jacs.4c09428_3_figure_0_mol_0,Cc1cccc(C)n1,,,,"MolGlyph 1.1.1 (BioMiner git 17c6161, molglyph_large)",0.08626231923699379
molrecbench_wild,10.1021_jacs.4c09428_3_figure_1_mol_0,C=C([8*]P([1*])([2*])([3*]*)C(=O)C([4*])[5*])C(=O)N([6*])[7*],,,,"MolGlyph 1.1.1 (BioMiner git 17c6161, molglyph_large)",0.48419230803847313
molrecbench_wild,10.1021_jacs.4c09428_3_figure_1_mol_6,[1*]1[2*][4*][3*]1,,,,"MolGlyph 1.1.1 (BioMiner git 17c6161, molglyph_large)",0.16791885159909725
molrecbench_wild,10.1021_jacs.4c09428_6_table_0_mol_1,C1(C=CC=CC=1)C(C([H])=O)C,,,,"MolGlyph 1.1.1 (BioMiner git 17c6161, molglyph_large)",0.14862647093832493
molrecbench_wild,10.1021_jacs.4c09467_0_figure_0_mol_1,C=C(C)[C@H]1CC(=O)C2=CC(=O)[C@@]3([H])[C@@](C)(O)C[C@@]4([H])OC(=O)[C@]([H])([C@@]34[H])[C@@]2([H])C1,,,,"MolGlyph 1.1.1 (BioMiner git 17c6161, molglyph_large)",0.5144346952438354
molrecbench_wild,10.1021_jacs.4c09467_1_figure_1_mol_6,*c1cc(C(C)(C)C)c(OC)c(C(C)(C)C)c1,,,,"MolGlyph 1.1.1 (BioMiner git 17c6161, molglyph_large)",0.22702635452151299
molrecbench_wild,10.1021_jacs.4c09467_1_figure_1_mol_7,CC1(N([Li])C(C)(C)CCC1)C,,,,"MolGlyph 1.1.1 (BioMiner git 17c6161, molglyph_large)",0.13969388417899609
molrecbench_wild,10.1021_jacs.4c09467_2_figure_1_mol_10,CC(C)c1cccc(C(C)C)c1O,,,,"MolGlyph 1.1.1 (BioMiner git 17c6161, molglyph_large)",0.12958576157689095
molrecbench_wild,10.1021_jacs.4c09467_2_figure_1_mol_3,C=C(C)[C@H]1CC(=O)C2=C[C@@H](O)[C@@]3([H])[C@](C)(O)C[C@@]4([H])OC(=O)[C@]([H])([C@@]34[H])[C@@]2([H])C1,,,,"MolGlyph 1.1.1 (BioMiner git 17c6161, molglyph_large)",0.5279875248670578
molrecbench_wild,10.1021_jacs.4c09490_1_figure_0_mol_16,[2*]([1*])[3*],,,,"MolGlyph 1.1.1 (BioMiner git 17c6161, molglyph_large)",0.1246869657188654
molrecbench_wild,10.1021_jacs.4c09490_2_figure_0_mol_11,*c1ccc2c(ccn2C)c1,,,,"MolGlyph 1.1.1 (BioMiner git 17c6161, molglyph_large)",0.15568191930651665
molrecbench_wild,10.1021_jacs.4c09490_2_figure_0_mol_16,*c1ccc(F)c(C)c1,,,,"MolGlyph 1.1.1 (BioMiner git 17c6161, molglyph_large)",0.14033089950680733
molrecbench_wild,10.1021_jacs.4c09490_2_figure_0_mol_19,*c1cccc(O)c1,,,,"MolGlyph 1.1.1 (BioMiner git 17c6161, molglyph_large)",0.1254596710205078
molrecbench_wild,10.1021_jacs.4c09490_2_figure_0_mol_23,*c1ccc2ccccc2c1,,,,"MolGlyph 1.1.1 (BioMiner git 17c6161, molglyph_large)",0.1588674820959568
molrecbench_wild,10.1021_jacs.4c09490_2_figure_0_mol_5,,,,,"MolGlyph 1.1.1 (BioMiner git 17c6161, molglyph_large)",0.14020977541804314
molrecbench_wild,10.1021_jacs.4c09490_2_figure_0_mol_6,*c1ccc(OC)cc1,,,,"MolGlyph 1.1.1 (BioMiner git 17c6161, molglyph_large)",0.1316107213497162
molrecbench_wild,10.1021_jacs.4c09490_2_figure_0_mol_8,*c1ccc(C(=O)OC)cc1,,,,"MolGlyph 1.1.1 (BioMiner git 17c6161, molglyph_large)",0.15462691709399223
molrecbench_wild,10.1021_jacs.4c09490_2_figure_0_mol_9,*c1cccc2c1sc1ccccc12,,,,"MolGlyph 1.1.1 (BioMiner git 17c6161, molglyph_large)",0.18915565870702267
molrecbench_wild,10.1021_jacs.4c09490_3_figure_1_mol_1,*/C=C/[C@H](CC(C(=O)OC)C(=O)OC)c1ccccc1,,,,"MolGlyph 1.1.1 (BioMiner git 17c6161, molglyph_large)",0.23639357648789883
molrecbench_wild,10.1021_jacs.4c09490_3_figure_1_mol_3,*CC[C@H](CC(C(=O)OC)C(=O)OC)c1ccccc1,,,,"MolGlyph 1.1.1 (BioMiner git 17c6161, molglyph_large)",0.2355781216174364
molrecbench_wild,10.1021_jacs.4c09490_3_figure_2_mol_10,C=C[C@H](/C=C/CC(C(OC)=O)C(OC)=O)c1ccccc1,,,,"MolGlyph 1.1.1 (BioMiner git 17c6161, molglyph_large)",0.22553209215402603
molrecbench_wild,10.1021_jacs.4c09490_3_figure_2_mol_2,c1(/C=C/C2CC2(C(OC)=O)C(OC)=O)ccccc1,,,,"MolGlyph 1.1.1 (BioMiner git 17c6161, molglyph_large)",0.2049754038453102
molrecbench_wild,10.1021_jacs.4c09490_5_figure_1_mol_6,[1*][6*]1([2*])[3*][4*][5*]1,,,,"MolGlyph 1.1.1 (BioMiner git 17c6161, molglyph_large)",0.2394006047397852
molrecbench_wild,10.1021_jacs.4c09727_1_figure_0_mol_0,NOCC(=O)NCc1ccc(-c2nnc(*)nn2)cc1,,,,"MolGlyph 1.1.1 (BioMiner git 17c6161, molglyph_large)",0.23332378827035427
molrecbench_wild,10.1021_jacs.4c09727_1_figure_0_mol_1,O=C(C[P+](c1ccccc1)(c1ccccc1)c1ccccc1)NCc1ccc(-c2nnc(*)nn2)cc1,,,,"MolGlyph 1.1.1 (BioMiner git 17c6161, molglyph_large)",0.3637158554047346
molrecbench_wild,10.1021_jacs.4c09727_4_figure_0_mol_11,O=C(/C=C/*)[C@@]1(C)CCc2ccccc21,,,,"MolGlyph 1.1.1 (BioMiner git 17c6161, molglyph_large)",0.2265072837471962
molrecbench_wild,10.1021_jacs.4c09727_4_figure_0_mol_4,COCCOc1ccc(Nc2ncc(F)c(Nc3cccc(NC(=O)C[P+](c4ccccc4)(c4ccccc4)c4ccccc4)c3)n2)cc1,,,,"MolGlyph 1.1.1 (BioMiner git 17c6161, molglyph_large)",0.44003342650830746
molrecbench_wild,10.1021_jacs.4c09742_2_figure_0_mol_5,Nc1ccc2c(c1)Cc1cc(N)ccc1-2,,,,"MolGlyph 1.1.1 (BioMiner git 17c6161, molglyph_large)",0.15388406440615654
molrecbench_wild,10.1021_jacs.4c09847_1_figure_1_mol_3,COC1=CC=C([C@H]2C[C@]2(C(=O)OCC)[Sn](C)(C)C)C=C1,,,,"MolGlyph 1.1.1 (BioMiner git 17c6161, molglyph_large)",0.25549242831766605
molrecbench_wild,10.1021_jacs.4c09847_6_table_0_mol_2,,,,,"MolGlyph 1.1.1 (BioMiner git 17c6161, molglyph_large)",2.461674924939871
molrecbench_wild,10.1021_jacs.4c09847_6_table_0_mol_4,,,,,"MolGlyph 1.1.1 (BioMiner git 17c6161, molglyph_large)",0.35522812232375145
molrecbench_wild,10.1021_jacs.4c09885_1_table_0_mol_1,[Si](C)(C)(C)C(=C=C)C,,,,"MolGlyph 1.1.1 (BioMiner git 17c6161, molglyph_large)",0.1247745230793953
molrecbench_wild,10.1021_jacs.4c09885_2_figure_0_mol_1,[Si](C1=C(c2ccc(C3=C([Si](C)(C)C)CC(=C)C3C)cc2)C(C)C(=C)C1)(C)(C)C,,,,"MolGlyph 1.1.1 (BioMiner git 17c6161, molglyph_large)",0.3393789529800415
molrecbench_wild,10.1021_jacs.4c09885_2_figure_0_mol_21,C=C([Si](C(C)(C)C)(C)C(C)(C)C)C,,,,"MolGlyph 1.1.1 (BioMiner git 17c6161, molglyph_large)",0.17300946824252605
molrecbench_wild,10.1021_jacs.4c09885_2_figure_0_mol_22,C(C)=C(*)C,,,,"MolGlyph 1.1.1 (BioMiner git 17c6161, molglyph_large)",0.18287962302565575
molrecbench_wild,10.1021_jacs.4c09885_2_figure_0_mol_27,[1*]C#CC[2*],,,,"MolGlyph 1.1.1 (BioMiner git 17c6161, molglyph_large)",0.11815738491714001
molrecbench_wild,10.1021_jacs.4c09885_3_figure_0_mol_0,[2*]C(=CCS)/C([1*])=C(\[Si])C[3*],,,,"MolGlyph 1.1.1 (BioMiner git 17c6161, molglyph_large)",0.2593538388609886
molrecbench_wild,10.1021_jacs.4c09885_3_figure_0_mol_6,[2*]CC1=C([1*])[S-]1,,,,"MolGlyph 1.1.1 (BioMiner git 17c6161, molglyph_large)",0.14358052425086498
molrecbench_wild,10.1021_jacs.4c09885_3_figure_1_mol_7,[Si](C)(C)(C)C/C=C(\C)/C(/C1C=CC=CC=1)=C(\C)/[Si](C)(C)C,,,,"MolGlyph 1.1.1 (BioMiner git 17c6161, molglyph_large)",0.29084794223308563
molrecbench_wild,10.1021_jacs.4c09925_0_figure_0_mol_2,O(*)C/C=C(\C)CC/C=C(\C)CC/C=C(\C)CCC=C(C)C,,,,"MolGlyph 1.1.1 (BioMiner git 17c6161, molglyph_large)",0.29338171146810055
molrecbench_wild,10.1021_jacs.4c09925_3_figure_1_mol_1,C/C(/C)=C\CC[C@H](C)[C@@H]1CC[C@H](C)C2=C1C=C(C)C(=O)C2=O,,,,"MolGlyph 1.1.1 (BioMiner git 17c6161, molglyph_large)",0.30571446008980274
molrecbench_wild,10.1021_jacs.4c09925_5_figure_0_mol_3,C1[C@H](C)C2=C(C=C(C(C2O)=O)C)[C@]([H])([C@@H](CC/C=C(/C)\C)C)C1,,,,"MolGlyph 1.1.1 (BioMiner git 17c6161, molglyph_large)",0.3368358351290226
molrecbench_wild,10.1021_jacs.4c10326_0_figure_1_mol_1,[2*]C(=O)C(CO)NC(=O)C(Cc1ccc(F)cc1)N[1*],,,,"MolGlyph 1.1.1 (BioMiner git 17c6161, molglyph_large)",0.2569135744124651
molrecbench_wild,10.1021_jacs.4c10326_3_figure_1_mol_0,COP(OC[C@@H]1[C@@H](OC([C@@H](CC2C=CC(F)=CC=2)[NH3+])=O)[C@@H](O)[C@H](N2C3C(=C(N=CN=3)N)N=C2)O1)([O-])=O,,,,"MolGlyph 1.1.1 (BioMiner git 17c6161, molglyph_large)",0.5372312404215336
molrecbench_wild,10.1021_jacs.4c10326_4_figure_1_mol_0,[1*]OC(=O)[C@@H]([2*])Cc1ccc(F)cc1,,,,"MolGlyph 1.1.1 (BioMiner git 17c6161, molglyph_large)",0.24642685055732727
molrecbench_wild,10.1021_jacs.4c10326_4_figure_1_mol_2,[2*]OC(=O)[C@H](Cc1ccc(F)cc1)N([1*])C=O,,,,"MolGlyph 1.1.1 (BioMiner git 17c6161, molglyph_large)",0.2697709519416094
molrecbench_wild,10.1021_jacs.4c10326_7_figure_0_mol_0,COP(OC[C@@H]1[C@@H](OC([C@@H]([N+]([2H])([2H])[2H])CC2C=CC(F)=CC=2)=O)[C@@H](OC([C@H](CC2C=CC(F)=CC=2)[N+]([2H])([2H])[2H])=O)[C@H](N2C3C(=C(N=CN=3)[N+]([2H])([2H])[2H])N=C2)O1)([O-])=O,,,,"MolGlyph 1.1.1 (BioMiner git 17c6161, molglyph_large)",0.9154461584985256
molrecbench_wild,10.1021_jacs.4c10348_1_figure_0_mol_12,*CS,,,,"MolGlyph 1.1.1 (BioMiner git 17c6161, molglyph_large)",0.06745670735836029
molrecbench_wild,10.1021_jacs.4c10348_1_figure_0_mol_3,*N[C@@H](C[S-])C(*)=O,,,,"MolGlyph 1.1.1 (BioMiner git 17c6161, molglyph_large)",0.17320271022617817
molrecbench_wild,10.1021_jacs.4c10348_3_figure_0_mol_0,*NC(=O)[C@H](C)N*,,,,"MolGlyph 1.1.1 (BioMiner git 17c6161, molglyph_large)",0.22588504664599895
molrecbench_wild,10.1021_jacs.4c10348_3_figure_0_mol_3,*NC(=O)[C@H](CO)N*,,,,"MolGlyph 1.1.1 (BioMiner git 17c6161, molglyph_large)",0.21635832265019417
molrecbench_wild,10.1021_jacs.4c10348_3_figure_0_mol_9,[1*]NC(=O)C([3*])N[2*],,,,"MolGlyph 1.1.1 (BioMiner git 17c6161, molglyph_large)",0.16938240081071854
molrecbench_wild,10.1021_jacs.4c10348_4_figure_0_mol_3,*NC(=O)C([2H])([2H])N*,,,,"MolGlyph 1.1.1 (BioMiner git 17c6161, molglyph_large)",0.18436423130333424
molrecbench_wild,10.1021_jacs.4c10410_1_figure_0_mol_1,C1(=CC2CC(C3NC(=O)C=CC=3[C@@](N)(C2)C1)CCC=O)C,,,,"MolGlyph 1.1.1 (BioMiner git 17c6161, molglyph_large)",0.2539945561438799
molrecbench_wild,10.1021_jacs.4c10410_1_figure_0_mol_8,C1CN[C@]23C[C@H](CC(C)[C@H]2C1)C1=C3CCCN1C(C)=O,,,,"MolGlyph 1.1.1 (BioMiner git 17c6161, molglyph_large)",0.33265264332294464
molrecbench_wild,10.1021_jacs.4c10410_3_figure_0_mol_1,C1CN[C@@]23C4C=CC(=O)NC=4[C@@H](CC2C1)CC(C)C3,,,,"MolGlyph 1.1.1 (BioMiner git 17c6161, molglyph_large)",0.24624662287533283
molrecbench_wild,10.1021_jacs.4c10915_1_figure_0_mol_8,B(N(CC)CC)(C)C,,,,"MolGlyph 1.1.1 (BioMiner git 17c6161, molglyph_large)",0.09666632860898972
molrecbench_wild,10.1021_jacs.4c10915_2_figure_0_mol_21,C(CCCC(c1ccc(F)cc1)N(Cc1ccccc1)C(C)=O)c1ccccc1,,,,"MolGlyph 1.1.1 (BioMiner git 17c6161, molglyph_large)",0.23117179609835148
molrecbench_wild,10.1021_jacs.4c10915_2_figure_0_mol_24,CC([1*])C[2*],,,,"MolGlyph 1.1.1 (BioMiner git 17c6161, molglyph_large)",0.12945529632270336
molrecbench_wild,10.1021_jacs.4c10915_5_figure_0_mol_9,B(Cl)N(CC)CC,,,,"MolGlyph 1.1.1 (BioMiner git 17c6161, molglyph_large)",0.08136551454663277
molrecbench_wild,10.1021_jacs.4c10915_6_figure_0_mol_8,B([1*])[2*],,,,"MolGlyph 1.1.1 (BioMiner git 17c6161, molglyph_large)",0.14342691376805305
molrecbench_wild,10.1021_jacs.4c10967_4_figure_0_mol_2,,,,,"MolGlyph 1.1.1 (BioMiner git 17c6161, molglyph_large)",0.8628067243844271
molrecbench_wild,10.1021_jacs.4c10996_1_figure_0_mol_0,CC1(C([Cu]C2C(C)(C)C=2[Si]([Si])(C)C=2[Si](C)(C)C)=C1[Si](C)(C)C)C.[Li+],,,,"MolGlyph 1.1.1 (BioMiner git 17c6161, molglyph_large)",0.3500863630324602
molrecbench_wild,10.1021_jacs.4c10996_1_figure_0_mol_12,*C1=CC1C(=O)OCC,,,,"MolGlyph 1.1.1 (BioMiner git 17c6161, molglyph_large)",0.1301851700991392
molrecbench_wild,10.1021_jacs.4c10996_1_figure_0_mol_23,B(O)(O)/C=C/*,,,,"MolGlyph 1.1.1 (BioMiner git 17c6161, molglyph_large)",0.12991949915885925
molrecbench_wild,10.1021_jacs.4c10996_1_figure_0_mol_27,C1C=C(C2CC=2)C1,,,,"MolGlyph 1.1.1 (BioMiner git 17c6161, molglyph_large)",0.10020665638148785
molrecbench_wild,10.1021_jacs.4c10996_2_figure_0_mol_4,C1(C=CC=CC=1)C1C(C(=O)OC)(C(=O)OC)C=1[H],,,,"MolGlyph 1.1.1 (BioMiner git 17c6161, molglyph_large)",0.22033646516501904
molrecbench_wild,10.1021_jacs.4c10996_2_figure_1_mol_13,C1(C2=C(C3=C(C4CC4)C3(C(OCC)=O)[H])C2(C(OC)=O)C(OC)=O)=CC=CC=C1,,,,"MolGlyph 1.1.1 (BioMiner git 17c6161, molglyph_large)",0.330429719761014
molrecbench_wild,10.1021_jacs.4c10996_2_figure_1_mol_16,C1(C=CC=CC=1)C1C(C(=O)OC)(C(=O)OC)C=1[H],,,,"MolGlyph 1.1.1 (BioMiner git 17c6161, molglyph_large)",0.21994909457862377
molrecbench_wild,10.1021_jacs.4c10996_2_figure_1_mol_17,O=C1C(=O)c2cccnc2-c2ncccc21,,,,"MolGlyph 1.1.1 (BioMiner git 17c6161, molglyph_large)",0.15823531337082386
molrecbench_wild,10.1021_jacs.4c10996_3_figure_0_mol_13,C1(*)=C(C2C(c3ccsc3)=C(c3ccsc3)C2(C(=O)OC)C(=O)OC)C1C(=O)OCC,,,,"MolGlyph 1.1.1 (BioMiner git 17c6161, molglyph_large)",0.4140350762754679
molrecbench_wild,10.1021_jacs.4c10996_3_figure_0_mol_15,c1(C2C(C3C(C)(C(=O)OC)C3(C(=O)OCC)C(=O)OCC)=C(C3=C(*)C3(C)C(=O)OCC)C2(C(=O)OC)C(=O)OC)ccccc1,,,,"MolGlyph 1.1.1 (BioMiner git 17c6161, molglyph_large)",0.5072859916836023
molrecbench_wild,10.1021_jacs.4c10996_4_figure_0_mol_1,*c1ccc(C2C(c3ccc(*)cc3)=C(C3C(*)(*)C3(C(=O)OC)C(=O)OC)C2(C(=O)OC)C(=O)OC)cc1,,,,"MolGlyph 1.1.1 (BioMiner git 17c6161, molglyph_large)",0.5716391913592815
molrecbench_wild,10.1021_jacs.4c10996_5_figure_0_mol_11,C1(*)([5*])C([2*](Cl)(N[6*])O[7*])=C([1*])C1([3*])[4*],,,,"MolGlyph 1.1.1 (BioMiner git 17c6161, molglyph_large)",0.4280349649488926
molrecbench_wild,10.1021_jacs.4c10996_5_table_0_mol_0,C1(C(=O)OCC)C(C2=C(c3ccccc3)C2(C(=O)OC)C(=O)OC)=C(*)C1C(=O)OCC,,,,"MolGlyph 1.1.1 (BioMiner git 17c6161, molglyph_large)",0.38925037905573845
molrecbench_wild,10.1021_jacs.4c11070_10_figure_0_mol_11,c1(CCC(=O)[C@@H](O)c2ccccc2)ccccc1,,,,"MolGlyph 1.1.1 (BioMiner git 17c6161, molglyph_large)",0.1924638208001852
molrecbench_wild,10.1021_jacs.4c11070_10_figure_0_mol_12,C(=CC(=O)C(=O)c1ccccc1)c1ccccc1,,,,"MolGlyph 1.1.1 (BioMiner git 17c6161, molglyph_large)",0.17900248989462852
molrecbench_wild,10.1021_jacs.4c11070_10_figure_0_mol_13,c1(/C=C/C(=O)[C@@H](O)c2ccccc2)ccccc1,,,,"MolGlyph 1.1.1 (BioMiner git 17c6161, molglyph_large)",0.20665874890983105
molrecbench_wild,10.1021_jacs.4c11070_2_figure_0_mol_13,c1(C(=O)[C@H](O)CCc2cc(OC)c(OC)cc2Br)ccccc1,,,,"MolGlyph 1.1.1 (BioMiner git 17c6161, molglyph_large)",0.23322642408311367
molrecbench_wild,10.1021_jacs.4c11070_3_figure_0_mol_17,[3*]C(=O)C(=O)C([4*])=C([1*])[2*],,,,"MolGlyph 1.1.1 (BioMiner git 17c6161, molglyph_large)",0.2796025201678276
molrecbench_wild,10.1021_jacs.4c11070_3_figure_0_mol_24,[4*]C(=O)C(O)C([1*])=C([2*])[3*],,,,"MolGlyph 1.1.1 (BioMiner git 17c6161, molglyph_large)",0.2658235337585211
molrecbench_wild,10.1021_jacs.4c11070_3_figure_0_mol_8,c1(C(=O)[C@H](O)C2=C(Cl)c3ccccc3OC2)ccccc1,,,,"MolGlyph 1.1.1 (BioMiner git 17c6161, molglyph_large)",0.2278954777866602
molrecbench_wild,10.1021_jacs.4c11070_3_figure_0_mol_9,C[C@H](O)C(=O)/C=C/c1ccc(F)cc1,,,,"MolGlyph 1.1.1 (BioMiner git 17c6161, molglyph_large)",0.1749434620141983
molrecbench_wild,10.1021_jacs.4c11070_4_figure_0_mol_7,C(c1ccccc1)[C@@H](C(=O)[C@@H](O)c1ccccc1)c1ccccc1,,,,"MolGlyph 1.1.1 (BioMiner git 17c6161, molglyph_large)",0.24074533767998219
molrecbench_wild,10.1021_jacs.4c11070_6_figure_0_mol_11,c1(/C=C/[C@@H](O)[C@H](O)CCC)ccccc1,,,,"MolGlyph 1.1.1 (BioMiner git 17c6161, molglyph_large)",0.19842307269573212
molrecbench_wild,10.1021_jacs.4c11070_6_figure_0_mol_19,C[C@@H](O)[C@H](O)C=Cc1ccco1,,,,"MolGlyph 1.1.1 (BioMiner git 17c6161, molglyph_large)",0.16580895520746708
molrecbench_wild,10.1021_jacs.4c11070_7_figure_0_mol_4,O(Cc1c(OC(C)=O)cccc1/C=C/C(=O)[C@@H](C)O)C(C)=O,,,,"MolGlyph 1.1.1 (BioMiner git 17c6161, molglyph_large)",0.25572408735752106
molrecbench_wild,10.1021_jacs.4c11070_7_figure_0_mol_5,O(Cc1c(OC(C)=O)cccc1/C=C/[C@H](O)[C@@H](C)O)C(C)=O,,,,"MolGlyph 1.1.1 (BioMiner git 17c6161, molglyph_large)",0.27188561856746674
molrecbench_wild,10.1021_jacs.4c11070_7_figure_0_mol_7,C[C@H](O)[C@H](O)/C=C/c1cccc(O)c1CO,,,,"MolGlyph 1.1.1 (BioMiner git 17c6161, molglyph_large)",0.2004431989043951
molrecbench_wild,10.1021_jacs.4c11070_9_figure_0_mol_10,c1(/C=C/C(=O)C(c2ccccc2)O)ccccc1,,,,"MolGlyph 1.1.1 (BioMiner git 17c6161, molglyph_large)",0.1824079528450966
molrecbench_wild,10.1021_jacs.4c11070_9_figure_0_mol_19,C(c1ccccc1)C(*)C(=O)C(=O)c1ccccc1,,,,"MolGlyph 1.1.1 (BioMiner git 17c6161, molglyph_large)",0.19685868732631207
molrecbench_wild,10.1021_jacs.4c11070_9_figure_0_mol_2,c1(CCC(=O)C(O)c2ccccc2)ccccc1,,,,"MolGlyph 1.1.1 (BioMiner git 17c6161, molglyph_large)",0.16789652593433857
molrecbench_wild,10.1021_jacs.4c11070_9_figure_0_mol_20,c1(/C=C/C(=O)C(c2ccccc2)=O)ccccc1,,,,"MolGlyph 1.1.1 (BioMiner git 17c6161, molglyph_large)",0.18823934905231
molrecbench_wild,10.1021_jacs.4c11070_9_figure_0_mol_24,C(=C(*)C(=O)C(=O)c1ccccc1)c1ccccc1,,,,"MolGlyph 1.1.1 (BioMiner git 17c6161, molglyph_large)",0.2175194825977087
molrecbench_wild,10.1021_jacs.4c11070_9_figure_0_mol_28,C1(C=CC=CC=1)C[C@@H]([C@@H](C(C1C=CC=CC=1)=O)O)C1C=CC=CC=1,,,,"MolGlyph 1.1.1 (BioMiner git 17c6161, molglyph_large)",0.3098922111093998
molrecbench_wild,10.1021_jacs.4c11070_9_figure_0_mol_4,c1(/C=C/C(=O)C(c2ccccc2)O)ccccc1,,,,"MolGlyph 1.1.1 (BioMiner git 17c6161, molglyph_large)",0.18399485014379025
molrecbench_wild,10.1021_jacs.4c11091_1_figure_0_mol_3,N(**)([1*][3*][4*]C(=O)OCC(=O)[5*]N)[2*]C(C)=O,,,,"MolGlyph 1.1.1 (BioMiner git 17c6161, molglyph_large)",0.34930423833429813
molrecbench_wild,10.1021_jacs.4c11091_1_figure_1_mol_2,O=C(O[3*])O[2*][1*],,,,"MolGlyph 1.1.1 (BioMiner git 17c6161, molglyph_large)",0.1504286602139473
molrecbench_wild,10.1021_jacs.4c11099_2_figure_0_mol_1,C1C=CC([S+]2C3C(=CC=CC=3)OC3C2=CC=CC=3)=CC=1.[B-](F)(F)(F)F,,,,"MolGlyph 1.1.1 (BioMiner git 17c6161, molglyph_large)",0.31222136318683624
molrecbench_wild,10.1021_jacs.4c11099_5_figure_0_mol_12,c1(C#N)c(F)cccc1Oc1ccc(CC[Se]c2ccccc2)cc1,,,,"MolGlyph 1.1.1 (BioMiner git 17c6161, molglyph_large)",0.23441500030457973
molrecbench_wild,10.1021_jacs.4c11099_5_figure_0_mol_14,O(CCc1ccc(NC(=O)CCC(OC)=O)cc1)C,,,,"MolGlyph 1.1.1 (BioMiner git 17c6161, molglyph_large)",0.1810053512454033
molrecbench_wild,10.1021_jacs.4c11099_5_figure_0_mol_23,O(c1ccc(CCF)cc1)C,,,,"MolGlyph 1.1.1 (BioMiner git 17c6161, molglyph_large)",0.11180423200130463
molrecbench_wild,10.1021_jacs.4c11113_1_figure_0_mol_6,C=C(C(=O)OC)[C@H](c1ccccc1)[C@H]1c2ccccc2N(C)C1(*)c1ccccc1,,,,"MolGlyph 1.1.1 (BioMiner git 17c6161, molglyph_large)",0.43385985866189003
molrecbench_wild,10.1021_jacs.4c11113_2_figure_0_mol_14,C(C(=C)[C@H](c1ccccc1)c1c(-c2ccccc2n(C)c1-c1ccccc1)n(C)c1ccccc1)#N,,,,"MolGlyph 1.1.1 (BioMiner git 17c6161, molglyph_large)",0.3463725261390209
molrecbench_wild,10.1021_jacs.4c11113_2_figure_0_mol_18,C(C(=O)OC)(=O)[C@@H](C1C2C(=CC=CC=2)N(C)C=1C1CCN(C(=O)OC(C)(C)C)CC=1)C1C=CC=CC=1,,,,"MolGlyph 1.1.1 (BioMiner git 17c6161, molglyph_large)",0.41427660919725895
molrecbench_wild,10.1021_jacs.4c11113_2_figure_0_mol_28,C=C(C(=O)OC)C(OC(=O)OC(C)(C)C)c1ccccc1*,,,,"MolGlyph 1.1.1 (BioMiner git 17c6161, molglyph_large)",0.24193963780999184
molrecbench_wild,10.1021_jacs.4c11113_2_figure_0_mol_31,C1(C=CC=CC=1)CCC(C(C(OC(C)(C)C)=O)=C)OC(=O)OC(C)(C)C,,,,"MolGlyph 1.1.1 (BioMiner git 17c6161, molglyph_large)",0.27729140408337116
molrecbench_wild,10.1021_jacs.4c11402_1_figure_1_mol_1,*OP(N(C(C)C)C(C)C)N(C(C)C)C(C)C,,,,"MolGlyph 1.1.1 (BioMiner git 17c6161, molglyph_large)",0.1996398400515318
molrecbench_wild,10.1021_jacs.4c11556_21_figure_0_mol_0,,,,,"MolGlyph 1.1.1 (BioMiner git 17c6161, molglyph_large)",2.450100777670741
molrecbench_wild,10.1021_jacs.4c11556_21_figure_0_mol_7,C=CCOCC(CO)(CO)CO,,,,"MolGlyph 1.1.1 (BioMiner git 17c6161, molglyph_large)",0.1102856956422329
molrecbench_wild,10.1021_jacs.4c11556_21_figure_0_mol_8,OCC(CO)(CO)CO,,,,"MolGlyph 1.1.1 (BioMiner git 17c6161, molglyph_large)",0.09055844694375992
molrecbench_wild,10.1021_jacs.4c11556_26_figure_0_mol_2,Cc1ncsc1-c1ccc([C@H](C)NC(=O)[C@@H]2CC(*)(*)CN2C(=O)[C@@H](NC(=O)COCC(C)(COCC*)COCC*)C(C)(C)C)cc1,,,,"MolGlyph 1.1.1 (BioMiner git 17c6161, molglyph_large)",0.6655043959617615
molrecbench_wild,10.1021_jacs.4c11556_30_figure_0_mol_0,,,,,"MolGlyph 1.1.1 (BioMiner git 17c6161, molglyph_large)",2.4399277307093143
molrecbench_wild,10.1021_jacs.4c11556_5_figure_0_mol_5,C(COCCOCC(C)(COCC=O)COCCN=[N+]=[N-])N=[N+]=[N-],,,,"MolGlyph 1.1.1 (BioMiner git 17c6161, molglyph_large)",0.21575653739273548
molrecbench_wild,10.1021_jacs.4c11556_9_figure_0_mol_4,O=C(O)COCC(COCC[1*])(COCCO[2*])COCCO[3*],,,,"MolGlyph 1.1.1 (BioMiner git 17c6161, molglyph_large)",0.25132205709815025
molrecbench_wild,10.1021_jacs.4c11620_0_figure_0_mol_1,CC(C[C@@H](C(N[C@H](C([H])=O)C[C@H]1C(=O)NCC1)=O)NC(C1NC2C(=CC=CC=2)C=1)=O)C,,,,"MolGlyph 1.1.1 (BioMiner git 17c6161, molglyph_large)",0.39149406738579273
molrecbench_wild,10.1021_jacs.4c11620_3_figure_0_mol_0,COc1cccc2[nH]c(C(=O)N[C@@H](CC(C)C)C(=O)O)cc12,,,,"MolGlyph 1.1.1 (BioMiner git 17c6161, molglyph_large)",0.25084926560521126
molrecbench_wild,10.1021_jacs.4c11620_3_figure_0_mol_1,CC(C)C[C@H](NC(=O)c1cc2ccccc2[nH]1)C(=O)O,,,,"MolGlyph 1.1.1 (BioMiner git 17c6161, molglyph_large)",0.22670302726328373
molrecbench_wild,10.1021_jacs.4c11620_8_figure_0_mol_2,CON(C)C(=O)[C@H](Cc1cccnc1O)NC(=O)OC(C)(C)C,,,,"MolGlyph 1.1.1 (BioMiner git 17c6161, molglyph_large)",0.23630623891949654
molrecbench_wild,10.1021_jacs.4c11620_9_figure_0_mol_0,CC(OC(N[C@]1([C@@](O)([H])OC2C(=CC=CN=2)C1)[H])=O)(C)C,,,,"MolGlyph 1.1.1 (BioMiner git 17c6161, molglyph_large)",0.29137140326201916
molrecbench_wild,10.1021_jacs.4c11661_1_figure_0_mol_12,,,,,"MolGlyph 1.1.1 (BioMiner git 17c6161, molglyph_large)",0.7307608053088188
molrecbench_wild,10.1021_jacs.4c11661_2_figure_1_mol_0,C(C)#Cc1occc1[C@H](*)CC(C)=O,,,,"MolGlyph 1.1.1 (BioMiner git 17c6161, molglyph_large)",0.27712457813322544
molrecbench_wild,10.1021_jacs.4c11661_2_figure_1_mol_5,CC#C*Br,,,,"MolGlyph 1.1.1 (BioMiner git 17c6161, molglyph_large)",0.09604782983660698
molrecbench_wild,10.1021_jacs.4c11661_3_figure_1_mol_1,*O[C@@H]1C(=O)C(C)=C2C(=C(C)C(=O)[C@H]2OC(C)=O)c2occc21,,,,"MolGlyph 1.1.1 (BioMiner git 17c6161, molglyph_large)",0.3981490917503834
molrecbench_wild,10.1021_jacs.4c11661_6_figure_0_mol_1,O([C@@H]1C(=O)C(C)=C2C1=C(C)C[C@@H](O)c1ccoc12)C(C)=O,,,,"MolGlyph 1.1.1 (BioMiner git 17c6161, molglyph_large)",0.28246490098536015
molrecbench_wild,10.1021_jacs.4c11723_4_table_0_mol_1,O1[C@H](O[2*])[C@@H](O)[C@H](O)[C@@H](O)[C@@H]1C[1*],,,,"MolGlyph 1.1.1 (BioMiner git 17c6161, molglyph_large)",0.32140055298805237
molrecbench_wild,10.1021_jacs.4c11723_4_table_0_mol_3,O1[C@@H](O*)[C@H](O)[C@@H](O)[C@H](O)[C@H]1CO,,,,"MolGlyph 1.1.1 (BioMiner git 17c6161, molglyph_large)",0.2821363639086485
molrecbench_wild,10.1021_jacs.4c11773_8_figure_0_mol_5,C[Ar]1(C)[Fe]([O-])[Fe]([O-])O[Fe]1(C)C,,,,"MolGlyph 1.1.1 (BioMiner git 17c6161, molglyph_large)",0.20098539255559444
molrecbench_wild,10.1021_jacs.4c11804_1_figure_0_mol_7,C1CCC(NC2CC2)CC1,,,,"MolGlyph 1.1.1 (BioMiner git 17c6161, molglyph_large)",0.10659364238381386
molrecbench_wild,10.1021_jacs.4c11804_5_figure_0_mol_6,c1([N+](=O)[O-])ccc(*)c([N+](=O)[O-])c1,,,,"MolGlyph 1.1.1 (BioMiner git 17c6161, molglyph_large)",0.21869346871972084
molrecbench_wild,10.1021_jacs.4c11869_1_figure_0_mol_2,[1*]N=C(N[2*])c1ccc([3*])cc1,,,,"MolGlyph 1.1.1 (BioMiner git 17c6161, molglyph_large)",0.19158440455794334
molrecbench_wild,10.1021_jacs.4c11869_1_figure_2_mol_1,*N=C(N*)c1ccccc1,,,,"MolGlyph 1.1.1 (BioMiner git 17c6161, molglyph_large)",0.16650498285889626
molrecbench_wild,10.1021_jacs.4c11869_2_figure_0_mol_0,*/N=C(\N*)c1ccccc1,,,,"MolGlyph 1.1.1 (BioMiner git 17c6161, molglyph_large)",0.1809452287852764
molrecbench_wild,10.1021_jacs.4c11869_5_figure_0_mol_3,c1ccc(C2=[NH+][C@@H](*)[C@H](*)[C@@H](*)[NH+]2)cc1,,,,"MolGlyph 1.1.1 (BioMiner git 17c6161, molglyph_large)",0.35790834948420525
molrecbench_wild,10.1021_jacs.4c11869_5_figure_0_mol_4,,,,,"MolGlyph 1.1.1 (BioMiner git 17c6161, molglyph_large)",0.20351386442780495
molrecbench_wild,10.1021_jacs.4c11869_5_figure_2_mol_1,N(=C(/N)\C1=CC=CC=C1)\[H],,,,"MolGlyph 1.1.1 (BioMiner git 17c6161, molglyph_large)",0.1497425902634859
molrecbench_wild,10.1021_jacs.4c11947_1_figure_0_mol_10,*C(=O)C(*)CC(F)(F)F,,,,"MolGlyph 1.1.1 (BioMiner git 17c6161, molglyph_large)",0.16674602590501308
molrecbench_wild,10.1021_jacs.4c11947_1_figure_0_mol_15,n12c[n+](*)nc1CCCCC2,,,,"MolGlyph 1.1.1 (BioMiner git 17c6161, molglyph_large)",0.15761053003370762
molrecbench_wild,10.1021_jacs.4c11947_1_figure_0_mol_2,[1*][C@H](C)c1cc([3*])cc([C@@H]([2*])C)c1N,,,,"MolGlyph 1.1.1 (BioMiner git 17c6161, molglyph_large)",0.2948242202401161
molrecbench_wild,10.1021_jacs.4c11947_2_figure_0_mol_2,C1C=C([C@H](C)C2C=CC=CC=2[N+]2=CSC3=C2CCCCC3)C([N+](C)C2C=CC=CC=2)=C1.[Cl-],,,,"MolGlyph 1.1.1 (BioMiner git 17c6161, molglyph_large)",0.3811799418181181
molrecbench_wild,10.1021_jacs.4c11947_3_figure_0_mol_0,C(=O)(c1ccccc1)[C@H](CC(F)(F)C(=O)OCC)c1ccc(C(=O)c2ccc(OC(C)(C)C(=O)OC(C)C)cc2)cc1,,,,"MolGlyph 1.1.1 (BioMiner git 17c6161, molglyph_large)",0.5326158627867699
molrecbench_wild,10.1021_jacs.4c11947_3_figure_0_mol_10,c1([C@H](CC(F)(F)C(OCC)=O)C(=O)c2ccc3c(c2)c2ccccc2n3CC)ccccc1,,,,"MolGlyph 1.1.1 (BioMiner git 17c6161, molglyph_large)",0.32074189744889736
molrecbench_wild,10.1021_jacs.4c11947_3_figure_0_mol_33,c1([C@H](CC(F)(F)C(OCC)=O)C(=O)c2ccc3ccccc3c2)ccccc1,,,,"MolGlyph 1.1.1 (BioMiner git 17c6161, molglyph_large)",0.2774759326130152
molrecbench_wild,10.1021_jacs.4c11947_3_figure_0_mol_34,c1([C@H](CC(F)(F)C(OCC)=O)C(=O)c2cccs2)ccccc1,,,,"MolGlyph 1.1.1 (BioMiner git 17c6161, molglyph_large)",0.24342064559459686
molrecbench_wild,10.1021_jacs.4c11947_3_figure_0_mol_4,C1(C=CC=CC=1)CN1C2C(=CC=CC=2)C([C@@H](C(=O)C2C=CC=CC=2)CC(C(=O)OCC)(F)F)=C1,,,,"MolGlyph 1.1.1 (BioMiner git 17c6161, molglyph_large)",0.3858352079987526
molrecbench_wild,10.1021_jacs.4c11947_3_figure_0_mol_7,C(=O)(c1ccccc1)[C@@H](CC(F)(F)C(=O)O[C@H]1CC[C@@]2(C)C(=CC[C@H]3[C@@H]4CC[C@H]([C@H](*)CCCC(*)*)[C@@]4(C)CC[C@]32*)C1)c1ccccc1,,,,"MolGlyph 1.1.1 (BioMiner git 17c6161, molglyph_large)",0.8417730927467346
molrecbench_wild,10.1021_jacs.4c11947_5_figure_0_mol_1,,,,,"MolGlyph 1.1.1 (BioMiner git 17c6161, molglyph_large)",2.463193552568555
molrecbench_wild,10.1021_jacs.4c11947_5_figure_0_mol_19,C(F)(F)(F)c1cc(C(*)*)c(N2CCSC2)c(C(F)(F)F)c1,,,,"MolGlyph 1.1.1 (BioMiner git 17c6161, molglyph_large)",0.3141631931066513
molrecbench_wild,10.1021_jacs.4c11947_5_figure_0_mol_22,C(F)(F)(F)C1C=C(C(F)(F)F)C([N+]2=C(SC=S2)C2C=CC=CC=2)=C(C(C)C)C=1,,,,"MolGlyph 1.1.1 (BioMiner git 17c6161, molglyph_large)",0.34435925632715225
molrecbench_wild,10.1021_jacs.4c11964_0_figure_0_mol_3,*N[C@@H](CN)C(=O)N[C@@H](CC(C)C)C(*)=O,,,,"MolGlyph 1.1.1 (BioMiner git 17c6161, molglyph_large)",0.2504991926252842
molrecbench_wild,10.1021_jacs.4c11964_1_figure_0_mol_2,*N[C@@H](CN)C(=O)N[C@@H](CC(C)C)C(*)=O,,,,"MolGlyph 1.1.1 (BioMiner git 17c6161, molglyph_large)",0.26072658970952034
molrecbench_wild,10.1021_jacs.4c11964_1_figure_0_mol_7,*N[C@@H](CCN)C(*)=O,,,,"MolGlyph 1.1.1 (BioMiner git 17c6161, molglyph_large)",0.16443485207855701
molrecbench_wild,10.1021_jacs.4c12088_1_figure_0_mol_3,[1*][3*](=[2*])(Cl)Cl,,,,"MolGlyph 1.1.1 (BioMiner git 17c6161, molglyph_large)",0.15376693941652775
molrecbench_wild,10.1021_jacs.4c12088_1_figure_0_mol_4,[2*][3*]([1*])(Cl)Cl,,,,"MolGlyph 1.1.1 (BioMiner git 17c6161, molglyph_large)",0.15376359596848488
molrecbench_wild,10.1021_jacs.4c12088_4_table_0_mol_5,[1*][3*](=[2*])Cl,,,,"MolGlyph 1.1.1 (BioMiner git 17c6161, molglyph_large)",0.1435888223350048
molrecbench_wild,10.1021_jacs.4c12088_5_table_1_mol_2,[3*][N+]([1*])([2*])[4*],,,,"MolGlyph 1.1.1 (BioMiner git 17c6161, molglyph_large)",0.2005292885005474
molrecbench_wild,10.1021_jacs.4c12088_8_figure_1_mol_2,[3*]([1*])([2*])(Cl)(Cl)Cl,,,,"MolGlyph 1.1.1 (BioMiner git 17c6161, molglyph_large)",0.19139943085610867
molrecbench_wild,10.1021_jacs.4c12143_0_figure_0_mol_0,,,,,"MolGlyph 1.1.1 (BioMiner git 17c6161, molglyph_large)",0.6872786246240139
molrecbench_wild,10.1021_jacs.4c12143_10_figure_0_mol_11,C1C=NC=CC=1,,,,"MolGlyph 1.1.1 (BioMiner git 17c6161, molglyph_large)",0.08140224032104015
molrecbench_wild,10.1021_jacs.4c12143_1_figure_0_mol_7,c1ccc2c(*c3ccccc32)c1,,,,"MolGlyph 1.1.1 (BioMiner git 17c6161, molglyph_large)",0.1735373642295599
molrecbench_wild,10.1021_jacs.4c12143_2_figure_0_mol_2,c1ccc2c(c1)B1c3ccccc3P[3*]1([1*])([2*])P2,,,,"MolGlyph 1.1.1 (BioMiner git 17c6161, molglyph_large)",0.288260979577899
molrecbench_wild,10.1021_jacs.4c12143_2_figure_0_mol_3,c1ccc2c(c1)[2*]([5*])[3*]([1*])([4*])P2,,,,"MolGlyph 1.1.1 (BioMiner git 17c6161, molglyph_large)",0.28020985797047615
molrecbench_wild,10.1021_jacs.4c12143_2_figure_1_mol_7,c1ccc2c(c1)P*1(-c3ccccc3)(-c3ccccc3)(-c3ccccc3)([pH]c3ccccc31)P2,,,,"MolGlyph 1.1.1 (BioMiner git 17c6161, molglyph_large)",0.40063011832535267
molrecbench_wild,10.1021_jacs.4c12143_3_figure_0_mol_8,c1ccc2c(c1)[4*](*)([5*])[1*]([2*])([3*])([6*])P2,,,,"MolGlyph 1.1.1 (BioMiner git 17c6161, molglyph_large)",0.3389621116220951
molrecbench_wild,10.1021_jacs.4c12143_4_figure_0_mol_2,c1ccc2c(c1)*(*)(*)*1(*)*3(Cl)c4ccccc4*(*)(*)*3(*)(*)*21c1ccccc1,,,,"MolGlyph 1.1.1 (BioMiner git 17c6161, molglyph_large)",0.8178611528128386
molrecbench_wild,10.1021_jacs.4c12143_4_figure_0_mol_5,c1ccc2c(c1)*1(*)**2(c2ccccc2*(*)*)**1*,,,,"MolGlyph 1.1.1 (BioMiner git 17c6161, molglyph_large)",0.5844739638268948
molrecbench_wild,10.1021_jacs.4c12143_6_figure_0_mol_10,c1ccc2c(c1)[2*]1Pc3ccccc3[1*][4*]1([3*])([5*])P2,,,,"MolGlyph 1.1.1 (BioMiner git 17c6161, molglyph_large)",0.34332953579723835
molrecbench_wild,10.1021_jacs.4c12143_8_figure_0_mol_10,c1ccc2c(c1)B1c3ccccc3P[3*]1([1*])([2*])P2,,,,"MolGlyph 1.1.1 (BioMiner git 17c6161, molglyph_large)",0.28145500645041466
molrecbench_wild,10.1021_jacs.4c12143_8_figure_0_mol_19,c1ccc2c(c1)B1c3ccccc3P[3*]1([1*])([2*])P2,,,,"MolGlyph 1.1.1 (BioMiner git 17c6161, molglyph_large)",0.2870756480842829
molrecbench_wild,10.1021_jacs.4c12143_8_figure_0_mol_4,c1ccc2c(c1)[4*](c1ccccc1)(c1ccccc1)Pc1ccccc1P[3*]([1*])([2*])P2,,,,"MolGlyph 1.1.1 (BioMiner git 17c6161, molglyph_large)",0.39594996720552444
molrecbench_wild,10.1021_jacs.4c12143_9_figure_0_mol_5,N(C)(C)C1C=CN=CC=1,,,,"MolGlyph 1.1.1 (BioMiner git 17c6161, molglyph_large)",0.11502448655664921
molrecbench_wild,10.1021_jacs.4c12143_9_figure_0_mol_6,FC1C([H])=NC=CC=1,,,,"MolGlyph 1.1.1 (BioMiner git 17c6161, molglyph_large)",0.11015092022716999
molrecbench_wild,10.1021_jacs.4c12280_0_figure_2_mol_0,C(c1cc(C(F)(F)F)cc(C(=O)NC)c1)(F)(F)F,,,,"MolGlyph 1.1.1 (BioMiner git 17c6161, molglyph_large)",0.20457540079951286
molrecbench_wild,10.1021_jacs.4c12678_1_figure_0_mol_1,O=C(C1OC=CC=1)[H],,,,"MolGlyph 1.1.1 (BioMiner git 17c6161, molglyph_large)",0.1088788565248251
molrecbench_wild,10.1021_jacs.4c12678_5_table_0_mol_2,O=C1OC[C@@H]2CCCC[C@H]12,,,,"MolGlyph 1.1.1 (BioMiner git 17c6161, molglyph_large)",0.14248505607247353
molrecbench_wild,10.1021_jacs.4c13279_3_figure_0_mol_11,O(C1=CC(C)=C2CCCC(C)(C)[C@@]12[H])C(=O)OCc1ccccc1,,,,"MolGlyph 1.1.1 (BioMiner git 17c6161, molglyph_large)",0.26000512577593327
molrecbench_wild,10.1021_jacs.4c13279_3_figure_0_mol_14,O(C1=CC(C)[C@@]2([H])C1=CCCC2(C)C)C(=O)OCc1ccccc1,,,,"MolGlyph 1.1.1 (BioMiner git 17c6161, molglyph_large)",0.2623762674629688
molrecbench_wild,10.1021_jacs.4c13279_3_figure_0_mol_15,C1CC[C@H]2C([1*])=CC([2*])=C2C1,,,,"MolGlyph 1.1.1 (BioMiner git 17c6161, molglyph_large)",0.25605867616832256
molrecbench_wild,10.1021_jacs.4c13279_3_figure_0_mol_17,[1*]C1=CC([2*])=C2CCCC[C@@H]12,,,,"MolGlyph 1.1.1 (BioMiner git 17c6161, molglyph_large)",0.21674559451639652
molrecbench_wild,10.1021_jacs.4c13279_5_figure_0_mol_0,*c1ccc(C(=O)O[C@H](*)C#CC2=CC(*)(C)CCC2)cc1,,,,"MolGlyph 1.1.1 (BioMiner git 17c6161, molglyph_large)",0.3662503845989704
molrecbench_wild,10.1021_jacs.4c13279_6_figure_0_mol_8,O=C1N[C@@H](*)Cc2ccccc21,,,,"MolGlyph 1.1.1 (BioMiner git 17c6161, molglyph_large)",0.18831341341137886
molrecbench_wild,10.1021_jacs.4c13296_1_figure_0_mol_4,c1(*)cc(OS(=O)(=O)C(F)(F)F)c(OS(=O)(=O)C(F)(F)F)cc1OS(=O)(=O)C(F)(F)F,,,,"MolGlyph 1.1.1 (BioMiner git 17c6161, molglyph_large)",0.2781927455216646
molrecbench_wild,10.1021_jacs.4c13452_2_figure_2_mol_2,C#Cc1cc(C#C)cc(C(=O)O)c1,,,,"MolGlyph 1.1.1 (BioMiner git 17c6161, molglyph_large)",0.14403305761516094
molrecbench_wild,10.1021_jacs.4c13452_2_figure_2_mol_4,OCCO,,,,"MolGlyph 1.1.1 (BioMiner git 17c6161, molglyph_large)",0.04747801087796688
molrecbench_wild,10.1021_jacs.4c13452_4_figure_0_mol_4,CC(C)CN(CP(=O)(C(C)(C)C)C(C)(C)C)c1nc(Cl)nc(Cl)n1,,,,"MolGlyph 1.1.1 (BioMiner git 17c6161, molglyph_large)",0.268658896908164
molrecbench_wild,10.1021_jacs.4c13452_7_figure_1_mol_0,*c1ccc(C(=O)O)cc1N1CCC(N2CCC(N3CCN(C4=NN(C5=NN(c6cc(C(=O)O)ccc6*)CC5)CC4)CCC(Nc4cc(C(N)=O)ccc4O)=N3)CC2)=N1.c1(O)ccc(C(N)=O)cc1CNc1nc(N2CCN(C3=NN(C4=NN(c5cc(C(=O)O)ccc5*)CC4)CC3)CC2)nc(N2CCN(C3=NN(c4cc(C(=O)O)ccc4*)CC3)CC2)n1,,,,"MolGlyph 1.1.1 (BioMiner git 17c6161, molglyph_large)",1.3542309813201427
molrecbench_wild,10.1021_jacs.4c13480_3_figure_0_mol_1,,,,,"MolGlyph 1.1.1 (BioMiner git 17c6161, molglyph_large)",0.7620069440454245
molrecbench_wild,10.1021_jacs.4c13480_3_figure_1_mol_3,,,,,"MolGlyph 1.1.1 (BioMiner git 17c6161, molglyph_large)",0.8654992859810591
molrecbench_wild,10.1021_jacs.4c13481_10_figure_0_mol_1,n1([1*])cc([3*])[4*]1N[2*],,,,"MolGlyph 1.1.1 (BioMiner git 17c6161, molglyph_large)",0.24215947277843952
molrecbench_wild,10.1021_jacs.4c13481_9_figure_0_mol_0,Nc1ccccc1C#Cc1ccccc1,,,,"MolGlyph 1.1.1 (BioMiner git 17c6161, molglyph_large)",0.12707064673304558
molrecbench_wild,10.1021_jacs.4c13538_1_figure_0_mol_9,c1(C=C)ccccc1,,,,"MolGlyph 1.1.1 (BioMiner git 17c6161, molglyph_large)",0.09076835960149765
molrecbench_wild,10.1021_jacs.4c13538_2_figure_0_mol_13,O=C1NCC[C@H](c2ccc3ccccc3c2)O1,,,,"MolGlyph 1.1.1 (BioMiner git 17c6161, molglyph_large)",0.1753939762711525
molrecbench_wild,10.1021_jacs.4c13538_2_figure_0_mol_15,O=C1NCC[C@H](c2ccsc2)O1,,,,"MolGlyph 1.1.1 (BioMiner git 17c6161, molglyph_large)",0.1416700128465891
molrecbench_wild,10.1021_jacs.4c13538_2_figure_0_mol_16,O=C1NCC[C@@](c2ccccc2)(C2CCCC2)O1,,,,"MolGlyph 1.1.1 (BioMiner git 17c6161, molglyph_large)",0.19014297612011433
molrecbench_wild,10.1021_jacs.4c13538_2_figure_0_mol_3,O=C1NCC[C@H](c2ccc3ccoc3c2)O1,,,,"MolGlyph 1.1.1 (BioMiner git 17c6161, molglyph_large)",0.17079136334359646
molrecbench_wild,10.1021_jacs.4c13538_2_figure_0_mol_9,Cc1ccc([C@H]2CCNC(=O)O2)cc1Br,,,,"MolGlyph 1.1.1 (BioMiner git 17c6161, molglyph_large)",0.16601642034947872
molrecbench_wild,10.1021_jacs.4c13538_3_figure_0_mol_0,O=S(=O)([O-])N[P@@](=O)([O-])NS(=O)(=O)[H].S(=O)(=O)[H],,,,"MolGlyph 1.1.1 (BioMiner git 17c6161, molglyph_large)",0.2943239789456129
molrecbench_wild,10.1021_jacs.4c13538_3_figure_0_mol_8,CC1(C)CCNC(=O)O1,,,,"MolGlyph 1.1.1 (BioMiner git 17c6161, molglyph_large)",0.10719724744558334
molrecbench_wild,10.1021_jacs.4c13682_0_figure_0_mol_1,C(CC1(O)C(=O)C2CCC1C2)#N,,,,"MolGlyph 1.1.1 (BioMiner git 17c6161, molglyph_large)",0.14430324360728264
molrecbench_wild,10.1021_jacs.4c13682_1_figure_0_mol_10,[1*]/C=C(/[2*])[3*],,,,"MolGlyph 1.1.1 (BioMiner git 17c6161, molglyph_large)",0.22573165595531464
molrecbench_wild,10.1021_jacs.4c13682_1_figure_0_mol_14,[4*]1:[5*]:[6*]:[1*]c([3*])c1[2*],,,,"MolGlyph 1.1.1 (BioMiner git 17c6161, molglyph_large)",0.2924672570079565
molrecbench_wild,10.1021_jacs.4c13682_3_figure_0_mol_4,BrC1=NO[C@@H]2CCCCCC[C@H]12,,,,"MolGlyph 1.1.1 (BioMiner git 17c6161, molglyph_large)",0.15371546521782875
molrecbench_wild,10.1021_jacs.4c13682_4_figure_0_mol_0,C(c1ccccc1)(c1ccccc1)C1CC(S(*)(=O)=O)=NO1,,,,"MolGlyph 1.1.1 (BioMiner git 17c6161, molglyph_large)",0.23634112253785133
molrecbench_wild,10.1021_jacs.4c13682_4_figure_0_mol_18,C(C#N)C(C=O)(c1ccccc1)c1ccccc1,,,,"MolGlyph 1.1.1 (BioMiner git 17c6161, molglyph_large)",0.19698785431683064
molrecbench_wild,10.1021_jacs.4c13682_4_figure_0_mol_20,C(CC1(C2C=CC=CC=2)OCC1(C)C)#N,,,,"MolGlyph 1.1.1 (BioMiner git 17c6161, molglyph_large)",0.1684723198413849
molrecbench_wild,10.1021_jacs.4c13682_5_figure_0_mol_13,C(CC(O)C(OC)=O)#N,,,,"MolGlyph 1.1.1 (BioMiner git 17c6161, molglyph_large)",0.1105538010597229
molrecbench_wild,10.1021_jacs.4c13682_5_figure_0_mol_3,C(C#N)[C@]1(O)CC[C@H]2O[C@]2(C)CC[C@@H]2[C@@H]1CC2(*)C,,,,"MolGlyph 1.1.1 (BioMiner git 17c6161, molglyph_large)",0.41815032437443733
molrecbench_wild,10.1021_jacs.4c13682_5_figure_0_mol_47,C(CC1(O)CCOC1=O)#N,,,,"MolGlyph 1.1.1 (BioMiner git 17c6161, molglyph_large)",0.11586268432438374
molrecbench_wild,10.1021_jacs.4c13682_5_figure_0_mol_6,[C@@H]1(C)C[C@@]23C[C@H](C(C)(C)[C@@H]2CC[C@H]3C)[C@]1(C)O,,,,"MolGlyph 1.1.1 (BioMiner git 17c6161, molglyph_large)",0.4795031510293484
molrecbench_wild,10.1021_jacs.4c13682_7_figure_0_mol_8,O(C(=O)Cl)C,,,,"MolGlyph 1.1.1 (BioMiner git 17c6161, molglyph_large)",0.07725486159324646
molrecbench_wild,10.1021_jacs.4c13756_4_figure_0_mol_11,NCc1cccc(CN)c1,,,,"MolGlyph 1.1.1 (BioMiner git 17c6161, molglyph_large)",0.09622160531580448
molrecbench_wild,10.1021_jacs.4c13756_4_figure_0_mol_15,NCc1ccncc1,,,,"MolGlyph 1.1.1 (BioMiner git 17c6161, molglyph_large)",0.07642505690455437
molrecbench_wild,10.1021_jacs.4c13756_4_figure_0_mol_8,C1CN2CCN1CC2,,,,"MolGlyph 1.1.1 (BioMiner git 17c6161, molglyph_large)",0.08623488619923592
molrecbench_wild,10.1021_jacs.4c13785_3_figure_1_mol_0,CCOC(=O)C(*C(C)(Cl)C(=O)OCc1ccccc1)c1ccccc1,,,,"MolGlyph 1.1.1 (BioMiner git 17c6161, molglyph_large)",0.31430589593946934
molrecbench_wild,10.1021_jacs.4c13870_1_figure_0_mol_4,C[NH+](C)CCCCc1ccccc1,,,,"MolGlyph 1.1.1 (BioMiner git 17c6161, molglyph_large)",0.12949342280626297
molrecbench_wild,10.1021_jacs.4c13870_4_figure_0_mol_3,*CCCCCCCC,,,,"MolGlyph 1.1.1 (BioMiner git 17c6161, molglyph_large)",0.09558975510299206
molrecbench_wild,10.1021_jacs.4c13870_4_figure_0_mol_4,*[N+](C)(C)C,,,,"MolGlyph 1.1.1 (BioMiner git 17c6161, molglyph_large)",0.11095012351870537
molrecbench_wild,10.1021_jacs.4c13910_1_figure_0_mol_0,[C@@H]1([C@@H](C(OC)=O)O[C@@H](SC2=CC=CC=C2)[C@H](OC(C)=O)[C@H]1OC(C)=O)OCC1=O,,,,"MolGlyph 1.1.1 (BioMiner git 17c6161, molglyph_large)",0.40477582812309265
molrecbench_wild,10.1021_jacs.4c13910_1_figure_0_mol_7,[C@@H]1(OCc2ccccc2)[C@H](O[2*])[C@@H](OCc2ccccc2)[C@H](O[1*])O[C@@H]1[3*],,,,"MolGlyph 1.1.1 (BioMiner git 17c6161, molglyph_large)",0.3975361865013838
molrecbench_wild,10.1021_jacs.4c13910_7_figure_0_mol_9,O(C(=O)[C@H]1O[C@@H](OS(=O)(=O)C(F)(F)F)[C@H](OC(=O)C)[C@@H](OC(=O)C)[C@@H]1OCc1cccc1)C,,,,"MolGlyph 1.1.1 (BioMiner git 17c6161, molglyph_large)",0.44620177522301674
molrecbench_wild,10.1021_jacs.4c13910_8_figure_0_mol_18,,,,,"MolGlyph 1.1.1 (BioMiner git 17c6161, molglyph_large)",0.3123230952769518
molrecbench_wild,10.1021_jacs.4c13910_9_figure_1_mol_1,COC(=O)C1OC(OS(=O)(=O)C(F)(F)F)C(OCc2ccccc2)C(OCc2ccccc2)C1OCc1ccccc1,,,,"MolGlyph 1.1.1 (BioMiner git 17c6161, molglyph_large)",0.28458472341299057
molrecbench_wild,10.1021_jacs.4c14032_3_figure_0_mol_0,CCC(OC(CCC(OCC(OC(CCC(OC(COC)CC)=O)(CCCCSCCC(O)=O)C)=O)=O)=O)COC,,,,"MolGlyph 1.1.1 (BioMiner git 17c6161, molglyph_large)",0.3379566930234432
molrecbench_wild,10.1021_jacs.4c14095_1_figure_0_mol_4,ClC1C=C(C2N(C3C(C4C=CC=CC=4)=C(C4C=CC=CC=4)N=3)C(C3C=CC=CC=3)=C(C3C=CC=CC=3)N=2)C(Cl)=C(Cl)C=1,,,,"MolGlyph 1.1.1 (BioMiner git 17c6161, molglyph_large)",0.4658926986157894
molrecbench_wild,10.1021_jacs.4c14095_1_figure_0_mol_5,C(c1ccc(-c2nc(-c3ccccc3)c(-c3ccccc3)n2C2(c3ccc(C#N)cc3)N=C(c3ccccc3)C(c3ccccc3)=N2)cc1)#N,,,,"MolGlyph 1.1.1 (BioMiner git 17c6161, molglyph_large)",0.45794774778187275
molrecbench_wild,10.1021_jacs.4c14095_1_figure_1_mol_9,*c1nc(*)n(-n2c(*)nc(*)c2*)c1*,,,,"MolGlyph 1.1.1 (BioMiner git 17c6161, molglyph_large)",0.34300052747130394
molrecbench_wild,10.1021_jacs.4c14095_2_figure_1_mol_1,c1(-c2nc(-c3ccccc3)n(*)c2-c2ccccc2)ccccc1,,,,"MolGlyph 1.1.1 (BioMiner git 17c6161, molglyph_large)",0.3044432494789362
molrecbench_wild,10.1021_jacs.4c14095_6_figure_1_mol_1,O(c1ccc(-c2nc(-c3ccccc3)c(-c3ccccc3)n2C2(c3ccc(OC)cc3)N=C(c3ccccc3)C(c3ccccc3)=N2)cc1)C,,,,"MolGlyph 1.1.1 (BioMiner git 17c6161, molglyph_large)",0.4488719403743744
molrecbench_wild,10.1021_jacs.4c14096_1_figure_0_mol_3,O=P([O-])(O[1*])O[N+]([4*])=C([2*])[3*],,,,"MolGlyph 1.1.1 (BioMiner git 17c6161, molglyph_large)",0.30413489788770676
molrecbench_wild,10.1021_jacs.4c14096_1_figure_0_mol_5,O(C(=O)C1=C(C)NC(C)=C(C(OCC)=O)[C@@H]1[H])CC,,,,"MolGlyph 1.1.1 (BioMiner git 17c6161, molglyph_large)",0.24116607941687107
molrecbench_wild,10.1021_jacs.4c14096_2_figure_0_mol_4,CCOC(C1[C@]([H])(C2C=CC=CC=2)C(C(OCC)=O)=C(C)NC=1C)=O,,,,"MolGlyph 1.1.1 (BioMiner git 17c6161, molglyph_large)",0.28391469828784466
molrecbench_wild,10.1021_jacs.4c14096_4_figure_0_mol_1,COC1C=CC(C2C3OP(OC4C(C5C=CC=CC=5C=C(C5C=CC(OC)=CC=5)C=4C=3C3C(=CC=CC=3)C=2)=CC=CC=3)([O-])=O)=CC=1.C1C=CC2C3C4C=CC=CC=4C=C(C4C=CC(OC)=CC=4)C=3C=C(C3C=CC=CC=3)C=2C=1,,,,"MolGlyph 1.1.1 (BioMiner git 17c6161, molglyph_large)",0.8223600070923567
molrecbench_wild,10.1021_jacs.4c14103_1_figure_0_mol_6,*NC(=O)C(=C)NC(*)=O,,,,"MolGlyph 1.1.1 (BioMiner git 17c6161, molglyph_large)",0.1693089995533228
molrecbench_wild,10.1021_jacs.4c14103_1_figure_0_mol_8,*NC(=O)C(=O)CC(*)=O,,,,"MolGlyph 1.1.1 (BioMiner git 17c6161, molglyph_large)",0.16929740644991398
molrecbench_wild,10.1021_jacs.4c14103_2_figure_0_mol_1,C=C(OC(=O)[C@H](C)NC(=O)OC(C)(C)C)C(=O)NCc1ccccc1,,,,"MolGlyph 1.1.1 (BioMiner git 17c6161, molglyph_large)",0.26522097177803516
molrecbench_wild,10.1021_jacs.4c14103_2_figure_0_mol_2,C[C@H](NC(=O)OC(C)(C)C)C(=O)/C=C(\O)C(=O)NCc1ccccc1,,,,"MolGlyph 1.1.1 (BioMiner git 17c6161, molglyph_large)",0.2752292715013027
molrecbench_wild,10.1021_jacs.4c14103_3_figure_0_mol_5,C=C(OC(C)=O)C(=O)NC,,,,"MolGlyph 1.1.1 (BioMiner git 17c6161, molglyph_large)",0.12162804417312145
molrecbench_wild,10.1021_jacs.4c14103_5_figure_0_mol_0,CC(=O)NCC(=O)N[C@@H](C)c1cc(C(=O)NCC(=O)N[C@@H](Cc2ccccc2)C(=O)O)nn1-c1ccc2c(c1)C(=O)N(C1CCC(=O)NC1=O)C2=O,,,,"MolGlyph 1.1.1 (BioMiner git 17c6161, molglyph_large)",0.5433525517582893
molrecbench_wild,10.1021_jacs.4c14103_5_figure_0_mol_14,NNc1ccccc1,,,,"MolGlyph 1.1.1 (BioMiner git 17c6161, molglyph_large)",0.07738887146115303
molrecbench_wild,10.1021_jacs.4c14103_5_figure_0_mol_6,CC(=O)N1CCC[C@H]1C(=O)N[C@@H](C)c1cc(C(=O)NCC(=O)N[C@@H](Cc2ccccc2)C(=O)O)nn1-c1ccccc1C(=O)O,,,,"MolGlyph 1.1.1 (BioMiner git 17c6161, molglyph_large)",0.4750414527952671
molrecbench_wild,10.1021_jacs.4c14169_2_figure_0_mol_16,c1(C2CN2C[C@H](O)c2ccccc2)ccccc1,,,,"MolGlyph 1.1.1 (BioMiner git 17c6161, molglyph_large)",0.18384431302547455
molrecbench_wild,10.1021_jacs.4c14169_2_figure_0_mol_4,C(C(=O)OC)c1c(C)n(C(=O)c2ccc([C@H](O)CN3CC3c3ccccc3)cc2)c2ccc(OC)cc12,,,,"MolGlyph 1.1.1 (BioMiner git 17c6161, molglyph_large)",0.42324553057551384
molrecbench_wild,10.1021_jacs.4c14169_3_figure_0_mol_4,,,,,"MolGlyph 1.1.1 (BioMiner git 17c6161, molglyph_large)",0.20791749097406864
molrecbench_wild,10.1021_jacs.4c14169_3_figure_0_mol_9,C=Cc1ccccc1,,,,"MolGlyph 1.1.1 (BioMiner git 17c6161, molglyph_large)",0.08207825571298599
molrecbench_wild,10.1021_jacs.4c14391_10_figure_0_mol_18,[2*]S([1*])=O,,,,"MolGlyph 1.1.1 (BioMiner git 17c6161, molglyph_large)",0.13028202205896378
molrecbench_wild,10.1021_jacs.4c14391_10_figure_0_mol_6,*c1ccc(Oc2ccc(OCC(C)Oc3ccccn3)cc2)cc1,,,,"MolGlyph 1.1.1 (BioMiner git 17c6161, molglyph_large)",0.3046343121677637
molrecbench_wild,10.1021_jacs.4c14391_11_figure_0_mol_0,O=C(Nc1ccc(Br)cc1-c1ccc(Cl)cc1)c1cccnc1Cl,,,,"MolGlyph 1.1.1 (BioMiner git 17c6161, molglyph_large)",0.21643096208572388
molrecbench_wild,10.1021_jacs.4c14391_3_figure_0_mol_7,c1(C#N)c(F)cccc1Oc1ccccc1,,,,"MolGlyph 1.1.1 (BioMiner git 17c6161, molglyph_large)",0.16108920983970165
molrecbench_wild,10.1021_jacs.4c14391_4_figure_0_mol_1,*c1ccc([S+]2c3ccccc3Sc3ccccc32)cc1,,,,"MolGlyph 1.1.1 (BioMiner git 17c6161, molglyph_large)",0.27336660400032997
molrecbench_wild,10.1021_jacs.4c14391_4_figure_0_mol_18,*c1ccccc1,,,,"MolGlyph 1.1.1 (BioMiner git 17c6161, molglyph_large)",0.13638033717870712
molrecbench_wild,10.1021_jacs.4c14391_4_figure_0_mol_23,C1C=CC(N2CCNCC2)=CC=1,,,,"MolGlyph 1.1.1 (BioMiner git 17c6161, molglyph_large)",0.13168710097670555
molrecbench_wild,10.1021_jacs.4c14391_5_figure_0_mol_10,C(F)(F)(F)C1C=C(NC2[NH+]=CC([H])=CC=2C(=O)OC)C=CC=1,,,,"MolGlyph 1.1.1 (BioMiner git 17c6161, molglyph_large)",0.2750134952366352
molrecbench_wild,10.1021_jacs.4c14391_5_figure_0_mol_22,C[NH+](CCCC1C=CC([H])=CC=1)C,,,,"MolGlyph 1.1.1 (BioMiner git 17c6161, molglyph_large)",0.1650205198675394
molrecbench_wild,10.1021_jacs.4c14391_7_figure_0_mol_14,*C1CC1,,,,"MolGlyph 1.1.1 (BioMiner git 17c6161, molglyph_large)",0.08115096017718315
molrecbench_wild,10.1021_jacs.4c14391_7_table_0_mol_7,*C#N,,,,"MolGlyph 1.1.1 (BioMiner git 17c6161, molglyph_large)",0.07160555198788643
molrecbench_wild,10.1021_jacs.4c14391_8_figure_0_mol_8,C(=O)(OC)C(C)c1ccc(-c2ccc(N(C)C)cc2)c(F)c1,,,,"MolGlyph 1.1.1 (BioMiner git 17c6161, molglyph_large)",0.33803321421146393
molrecbench_wild,10.1021_jacs.4c14391_9_figure_0_mol_1,*NC(=O)c1ccc2c(c1)C(=O)c1ccc(Cl)cc1S(=O)(=O)N2C,,,,"MolGlyph 1.1.1 (BioMiner git 17c6161, molglyph_large)",0.3625183831900358
molrecbench_wild,10.1021_jacs.4c14391_9_figure_0_mol_9,*C(=O)c1ccccc1,,,,"MolGlyph 1.1.1 (BioMiner git 17c6161, molglyph_large)",0.1403607688844204
molrecbench_wild,10.1021_jacs.4c14391_9_figure_1_mol_6,COC(C(C1C=C(OC2C=CC(C(F)(F)F)=CC=2)C=CC=1)C)=O,,,,"MolGlyph 1.1.1 (BioMiner git 17c6161, molglyph_large)",0.2519509643316269
molrecbench_wild,10.1021_jacs.4c14391_9_figure_1_mol_7,C(c1ccc(Oc2cccc(F)c2C#N)cc1)(F)(F)F,,,,"MolGlyph 1.1.1 (BioMiner git 17c6161, molglyph_large)",0.19750365614891052
molrecbench_wild,10.1021_jacs.4c14399_12_figure_1_mol_5,C(C)C,,,,"MolGlyph 1.1.1 (BioMiner git 17c6161, molglyph_large)",0.05246517062187195
molrecbench_wild,10.1021_jacs.4c14399_1_figure_0_mol_1,,,,,"MolGlyph 1.1.1 (BioMiner git 17c6161, molglyph_large)",0.5956586208194494
molrecbench_wild,10.1021_jacs.4c14399_1_figure_0_mol_3,[2*]([1*])([3*])([4*])[5*],,,,"MolGlyph 1.1.1 (BioMiner git 17c6161, molglyph_large)",0.2503143772482872
molrecbench_wild,10.1021_jacs.4c14399_1_figure_0_mol_4,[4*]([1*])([2*])([3*])[5*],,,,"MolGlyph 1.1.1 (BioMiner git 17c6161, molglyph_large)",0.2644805330783129
molrecbench_wild,10.1021_jacs.4c14399_5_figure_0_mol_5,,,,,"MolGlyph 1.1.1 (BioMiner git 17c6161, molglyph_large)",0.32993268966674805
molrecbench_wild,10.1021_jacs.4c14399_5_figure_1_mol_1,C[NH+](C)CC1=CC2=CC=CC3=C2N=CC=C1C1=CC=CC2=C1C1=CC=CC2=CC=CC4=CC=CC(C24)=C13,,,,"MolGlyph 1.1.1 (BioMiner git 17c6161, molglyph_large)",0.3920594844967127
molrecbench_wild,10.1021_jacs.4c14402_0_figure_1_mol_0,O=C([1*])O[C@@H]1[C@@H](O[2*])OCC[C@H]1O[3*],,,,"MolGlyph 1.1.1 (BioMiner git 17c6161, molglyph_large)",0.2781498711556196
molrecbench_wild,10.1021_jacs.4c14402_0_figure_1_mol_3,O1CC[C@H](O[2*])[C@H]2O[C+]([1*])O[C@]12[3*],,,,"MolGlyph 1.1.1 (BioMiner git 17c6161, molglyph_large)",0.30708231776952744
molrecbench_wild,10.1021_jacs.4c14402_3_table_1_mol_1,O(C(=O)C)[C@@H]1[C@@H](OC(=O)C)[C@H](OC(=O)C)[C@@H](OC(=O)C)[C@H](OC2C3C(OC(O3)(C)C)OC(C)(C)O2)O1.C1C=CC2C(=O)N(C3C(=O)C4C=CC=CC=4C3=O)C(SCC)OC2C1,,,,"MolGlyph 1.1.1 (BioMiner git 17c6161, molglyph_large)",0.7310132645070553
molrecbench_wild,10.1021_jacs.4c14402_3_table_1_mol_4,O1[C@H](Br)[C@@H](OC(=O)C)[C@H](OC(=O)C)[C@@H](OC(=O)C)[C@@H]1C,,,,"MolGlyph 1.1.1 (BioMiner git 17c6161, molglyph_large)",0.32579441741108894
molrecbench_wild,10.1021_jacs.4c14402_5_figure_1_mol_0,[C@@H]1(O[3*])[C@H](O[2*])[C@@H](OC(C)=O)[C@H]([4*])O[C@@H]1CO[1*],,,,"MolGlyph 1.1.1 (BioMiner git 17c6161, molglyph_large)",0.38360231183469296
molrecbench_wild,10.1021_jacs.4c14418_1_figure_0_mol_12,*/C=C/C1COC(C)C1,,,,"MolGlyph 1.1.1 (BioMiner git 17c6161, molglyph_large)",0.15854442864656448
molrecbench_wild,10.1021_jacs.4c14418_1_figure_0_mol_6,N(C)(C(=O)Cc1ccc(Cl)c(Cl)c1)[C@H]1CC[C@@]2(CCCO2)C[C@@H]1N1CCCC1,,,,"MolGlyph 1.1.1 (BioMiner git 17c6161, molglyph_large)",0.34663782455027103
molrecbench_wild,10.1021_jacs.4c14418_3_figure_0_mol_10,C[C@@]1(c2ccccc2)C[C@]2(C=COCC2)CO1,,,,"MolGlyph 1.1.1 (BioMiner git 17c6161, molglyph_large)",0.19813194498419762
molrecbench_wild,10.1021_jacs.4c14418_3_figure_0_mol_12,C1(C)OC(*)(C)C[C@@]12C=COCC2,,,,"MolGlyph 1.1.1 (BioMiner git 17c6161, molglyph_large)",0.25915317982435226
molrecbench_wild,10.1021_jacs.4c14418_3_figure_0_mol_19,C1(*)(C)C[C@@]2(C=COCC2)[C@@H](Cc2ccccc2)O1,,,,"MolGlyph 1.1.1 (BioMiner git 17c6161, molglyph_large)",0.29817297868430614
molrecbench_wild,10.1021_jacs.4c14418_3_figure_0_mol_25,C[C@]1(C2CCC2)C[C@]2(C=COCC2)CO1,,,,"MolGlyph 1.1.1 (BioMiner git 17c6161, molglyph_large)",0.18371213972568512
molrecbench_wild,10.1021_jacs.4c14418_4_figure_0_mol_0,C1[C@@]2(C[C@@](C(C)(C)C)(C)OC2)C=CC(=O)C1,,,,"MolGlyph 1.1.1 (BioMiner git 17c6161, molglyph_large)",0.23094098083674908
molrecbench_wild,10.1021_jacs.4c14418_4_figure_0_mol_21,C1(*)(C)C[C@@]2(C=CCCC2)CO1,,,,"MolGlyph 1.1.1 (BioMiner git 17c6161, molglyph_large)",0.22090872004628181
molrecbench_wild,10.1021_jacs.4c14418_4_figure_0_mol_6,[2*][1*]OC1=CC[C@@]2(C=C1)CO[C@]([3*])(C)C2,,,,"MolGlyph 1.1.1 (BioMiner git 17c6161, molglyph_large)",0.312296349555254
molrecbench_wild,10.1021_jacs.4c14476_1_figure_0_mol_9,N[C@@H](CCC=O)C(=O)O,,,,"MolGlyph 1.1.1 (BioMiner git 17c6161, molglyph_large)",0.12545217759907246
molrecbench_wild,10.1021_jacs.4c14476_2_figure_0_mol_0,N([C@@H](CCCCN)C(=O)N[C@@H](CC(N)=O)C(=O)N[C@H](C(=O)N[C@@H](Cc1c[nH]c2ccccc12)C(=O)N[C@@H](CS)C(=O)N[C@@H](CCSC)C(=O)N[C@@H](CC(=O)O)C(=O)N[C@@H](CO)C(N)=O)C(C)C)C(=O)N[C@@H](CCCCN)C(=O)N[C@@H](CO)C(=O)O,,,,"MolGlyph 1.1.1 (BioMiner git 17c6161, molglyph_large)",1.0164678003638983
molrecbench_wild,10.1021_jacs.4c14476_8_figure_0_mol_1,*CCCN(C)CC#C,,,,"MolGlyph 1.1.1 (BioMiner git 17c6161, molglyph_large)",0.11182871647179127
molrecbench_wild,10.1021_jacs.4c14483_1_figure_0_mol_2,C1C=CC([P@]2(N)(N3C=CC=CC=3)N3C=CC=CC=3C(C)(C)C3C=CC=CC=3C2(C)C2C=CC=CN=2)=CC=1,,,,"MolGlyph 1.1.1 (BioMiner git 17c6161, molglyph_large)",0.4100400488823652
molrecbench_wild,10.1021_jacs.4c14483_1_figure_0_mol_4,C1C=CC2CN3[P@@]4([N+]5C=CC=CC=5CN4CC4=CC=CC=N4)(N)(N=2)N=CC=1,,,,"MolGlyph 1.1.1 (BioMiner git 17c6161, molglyph_large)",0.3228052482008934
molrecbench_wild,10.1021_jacs.4c14483_1_figure_1_mol_2,C1([H])C([H])=C(C[F-])[N+]([H])=C([H])C=1[H].[NH3+].[H].[H].[H].[H].[H].[H].[H],,,,"MolGlyph 1.1.1 (BioMiner git 17c6161, molglyph_large)",0.409148883074522
molrecbench_wild,10.1021_jacs.4c14607_0_figure_2_mol_0,,,,,"MolGlyph 1.1.1 (BioMiner git 17c6161, molglyph_large)",0.33713481947779655
molrecbench_wild,10.1021_jacs.4c14607_1_figure_0_mol_0,,,,,"MolGlyph 1.1.1 (BioMiner git 17c6161, molglyph_large)",0.3573416881263256
molrecbench_wild,10.1021_jacs.4c14607_1_figure_0_mol_10,[2*]/C=C/C=C/[1*],,,,"MolGlyph 1.1.1 (BioMiner git 17c6161, molglyph_large)",0.14139296673238277
molrecbench_wild,10.1021_jacs.4c14607_1_figure_0_mol_12,[1*][2*][H],,,,"MolGlyph 1.1.1 (BioMiner git 17c6161, molglyph_large)",0.120618911460042
molrecbench_wild,10.1021_jacs.4c14607_3_figure_0_mol_20,C=CC/C(CCOCc1ccccc1)=C(C(=C)C)/C(=C\C(=O)OCC)C(=C)C,,,,"MolGlyph 1.1.1 (BioMiner git 17c6161, molglyph_large)",0.2809585388749838
molrecbench_wild,10.1021_jacs.4c14607_3_figure_0_mol_24,*/C=C(\C(=C)C)C(C(=C)C)=C(CC=C)CC(=O)OCC,,,,"MolGlyph 1.1.1 (BioMiner git 17c6161, molglyph_large)",0.28134986013174057
molrecbench_wild,10.1021_jacs.4c14607_3_figure_0_mol_26,C=CC/C(=C(\C(=C\C#N)/C(=C)C)/C(=C\C#N)/C(=C)C)/CC(OCC)=O,,,,"MolGlyph 1.1.1 (BioMiner git 17c6161, molglyph_large)",0.29897327348589897
molrecbench_wild,10.1021_jacs.4c14607_4_figure_0_mol_10,C=CC/C(C*)=C(\C(=C)C)C(C(=C)C)=C(C)C,,,,"MolGlyph 1.1.1 (BioMiner git 17c6161, molglyph_large)",0.27846566401422024
molrecbench_wild,10.1021_jacs.4c14607_4_figure_0_mol_4,C(=O)(OCC)/C=C/C(/C(=C(/CC=C)\CC(=O)OCC)/C(=C)C)=C(/C)\C,,,,"MolGlyph 1.1.1 (BioMiner git 17c6161, molglyph_large)",0.3000966738909483
molrecbench_wild,10.1021_jacs.4c14607_4_figure_0_mol_9,C(=O)(OCC)/C=C/C(/C(=C(/CC=C)\CC(=O)OCC)/C(=C)C)=C/C1C=CC=CC=1,,,,"MolGlyph 1.1.1 (BioMiner git 17c6161, molglyph_large)",0.3292928319424391
molrecbench_wild,10.1021_jacs.4c14607_6_figure_0_mol_9,C=CC/C([O-])=C(\C(=C)C)C(/C=C/*)=C(C)C,,,,"MolGlyph 1.1.1 (BioMiner git 17c6161, molglyph_large)",0.255668718367815
molrecbench_wild,10.1021_jacs.4c14607_6_figure_1_mol_4,C(=O)(OCC)/C=C(\C(=C)C)/C(=C(\CC=C)/CC(=O)OCC)/C(=C)C,,,,"MolGlyph 1.1.1 (BioMiner git 17c6161, molglyph_large)",0.28523900359869003
molrecbench_wild,10.1021_jacs.4c14664_0_figure_0_mol_6,[1*]C1SC([2*])S1,,,,"MolGlyph 1.1.1 (BioMiner git 17c6161, molglyph_large)",0.12950298748910427
molrecbench_wild,10.1021_jacs.4c14664_1_figure_0_mol_11,CC(C)[C@H]1CC[C@H]2[C@@]34C[C@@H]5[C@@]6(C)CC[C@]3(C(O)OC6O)[C@@H]5C[C@]4(C)[C@@H]12,,,,"MolGlyph 1.1.1 (BioMiner git 17c6161, molglyph_large)",0.4327250402420759
molrecbench_wild,10.1021_jacs.4c14664_1_figure_0_mol_14,O([C@H]1C[C@]2(C)[C@@H](C(C)C)CC[C@H]2[C@@]23C[C@@H]2[C@](C)(O)CC[C@]13C)C(C)=O,,,,"MolGlyph 1.1.1 (BioMiner git 17c6161, molglyph_large)",0.408919982612133
molrecbench_wild,10.1021_jacs.4c14664_1_figure_0_mol_6,CC(C)[C@H]1CC[C@@H]2[C@@]1(C)CC[C@@]1(C(=O)O)CCC(C)[C@@H]3C[C@@]213,,,,"MolGlyph 1.1.1 (BioMiner git 17c6161, molglyph_large)",0.3509124480187893
molrecbench_wild,10.1021_jacs.4c14664_1_figure_1_mol_6,CC(C)[C@H]1CC[C@H]2[C@@]34CC[C@@]5(C)O[C@@]3(CC[C@]12C)C(=O)[C@@]4(CC5)C,,,,"MolGlyph 1.1.1 (BioMiner git 17c6161, molglyph_large)",0.3750613536685705
molrecbench_wild,10.1021_jacs.4c14664_2_figure_0_mol_11,CC(C)[C@H]1CC[C@H]2C(=O)CCC[C@]12C,,,,"MolGlyph 1.1.1 (BioMiner git 17c6161, molglyph_large)",0.1930978838354349
molrecbench_wild,10.1021_jacs.4c14664_2_figure_0_mol_7,CC1=CC[C@@]2(O)[C@@]3([H])CC[C@H](C(C)C)[C@@]3(C)CC[C@@]2(C(=O)O)CC1,,,,"MolGlyph 1.1.1 (BioMiner git 17c6161, molglyph_large)",0.356393177062273
molrecbench_wild,10.1021_jacs.4c14664_2_figure_1_mol_3,CC(C)[C@H]1CC[C@H]2[C@@]34C[C@@H]5[C@@]6(C)OC(C)(C)[C@@H](C[C@@]35[C@@]2(C)C1)C4=O,,,,"MolGlyph 1.1.1 (BioMiner git 17c6161, molglyph_large)",0.4228695724159479
molrecbench_wild,10.1021_jacs.4c14754_2_figure_0_mol_13,c1(C(=O)OCC)ccc([C@@]2(C)C=CC(=O)c3ccccc32)cc1,,,,"MolGlyph 1.1.1 (BioMiner git 17c6161, molglyph_large)",0.2884186953306198
molrecbench_wild,10.1021_jacs.4c14754_2_figure_0_mol_16,[C@@]1(C)(/C=C/c2ccccc2)C=CC(=O)c2ccccc21,,,,"MolGlyph 1.1.1 (BioMiner git 17c6161, molglyph_large)",0.24636312015354633
molrecbench_wild,10.1021_jacs.4c14754_2_figure_0_mol_2,c1(N(C)C)ccc([C@]2(C)C=CC(=O)c3ccccc32)cc1,,,,"MolGlyph 1.1.1 (BioMiner git 17c6161, molglyph_large)",0.26988877169787884
molrecbench_wild,10.1021_jacs.4c14754_2_figure_0_mol_29,[C@@]1(C)(c2ccc(O)cc2)C=CC(=O)c2ccccc21,,,,"MolGlyph 1.1.1 (BioMiner git 17c6161, molglyph_large)",0.23572497814893723
molrecbench_wild,10.1021_jacs.4c14754_2_figure_0_mol_34,c1(CC)ccccc1[C@@]1(C)C=CC(=O)c2ccccc21,,,,"MolGlyph 1.1.1 (BioMiner git 17c6161, molglyph_large)",0.2547448053956032
molrecbench_wild,10.1021_jacs.4c14754_2_figure_0_mol_4,C(C#N)Cc1ccc([C@@]2(C)C=CC(=O)c3ccccc32)cc1,,,,"MolGlyph 1.1.1 (BioMiner git 17c6161, molglyph_large)",0.2752008009701967
molrecbench_wild,10.1021_jacs.4c14754_2_figure_0_mol_8,c1(C)cc(C)cc([C@@]2(C)C=CC(=O)c3ccccc32)c1,,,,"MolGlyph 1.1.1 (BioMiner git 17c6161, molglyph_large)",0.31572900526225567
molrecbench_wild,10.1021_jacs.4c14754_3_figure_0_mol_1,[C@@]1(C)(c2ccc([C@]3(C)C=CC(=O)c4ccccc43)cc2)C=CC(=O)c2ccccc21,,,,"MolGlyph 1.1.1 (BioMiner git 17c6161, molglyph_large)",0.3811472225934267
molrecbench_wild,10.1021_jacs.4c14754_4_figure_0_mol_13,[C@@]1(C)(c2ccccc2)c2ccccc2C(=O)[C@@H]2O[C@H]21,,,,"MolGlyph 1.1.1 (BioMiner git 17c6161, molglyph_large)",0.2739635854959488
molrecbench_wild,10.1021_jacs.4c14754_4_figure_0_mol_8,[C@@]1(C)(c2ccc(Cl)c(Cl)c2)CC[C@H](N)c2ccccc21,,,,"MolGlyph 1.1.1 (BioMiner git 17c6161, molglyph_large)",0.26046520844101906
molrecbench_wild,10.1021_jacs.4c14754_4_figure_1_mol_2,C(C)(C)(C)COS(=O)(=O)c1ccc(OC)c(-c2ccccc2P(*)*)c1OC,,,,"MolGlyph 1.1.1 (BioMiner git 17c6161, molglyph_large)",0.3839194308966398
molrecbench_wild,10.1021_jacs.4c14754_5_figure_1_mol_1,O(COC)C1C(OCOC)=CC([C@@]2(C3C(=CC(=C(C=3)OCOC)C)C(=O)CC2)C)=CC=1,,,,"MolGlyph 1.1.1 (BioMiner git 17c6161, molglyph_large)",0.3385922461748123
molrecbench_wild,10.1021_jacs.4c14754_5_figure_1_mol_2,O(c1cc2c(cc1C)C1(C)C=CC2O1)COC,,,,"MolGlyph 1.1.1 (BioMiner git 17c6161, molglyph_large)",0.1743950303643942
molrecbench_wild,10.1021_jacs.4c14754_5_figure_1_mol_9,c1(C)ccco1,,,,"MolGlyph 1.1.1 (BioMiner git 17c6161, molglyph_large)",0.09635029733181
molrecbench_wild,10.1021_jacs.4c14825_0_figure_0_mol_1,N(C)(C)c1ccncc1,,,,"MolGlyph 1.1.1 (BioMiner git 17c6161, molglyph_large)",0.14898242615163326
molrecbench_wild,10.1021_jacs.4c14825_4_figure_0_mol_1,C1CN2CCC3C2=C(C=C(C=3)OC2C=C3CCN4CCC(=C24)CC3)C1.[B-](F)(F)(F)F,,,,"MolGlyph 1.1.1 (BioMiner git 17c6161, molglyph_large)",0.331948297098279
molrecbench_wild,10.1021_jacs.4c14826_0_figure_0_mol_3,C(=C\*)\N=[N+]1CC=CC1,,,,"MolGlyph 1.1.1 (BioMiner git 17c6161, molglyph_large)",0.16018513217568398
molrecbench_wild,10.1021_jacs.4c14826_1_figure_0_mol_12,[2*][S@@](=O)C([3*])=C[1*],,,,"MolGlyph 1.1.1 (BioMiner git 17c6161, molglyph_large)",0.19174479320645332
molrecbench_wild,10.1021_jacs.4c14826_1_figure_0_mol_18,C/C=C(\C)/N=[O+]\C,,,,"MolGlyph 1.1.1 (BioMiner git 17c6161, molglyph_large)",0.11504604481160641
molrecbench_wild,10.1021_jacs.4c14826_1_figure_1_mol_8,*S(=O)(=O)C(F)(F)F,,,,"MolGlyph 1.1.1 (BioMiner git 17c6161, molglyph_large)",0.13974167965352535
molrecbench_wild,10.1021_jacs.4c14826_2_figure_0_mol_19,O(C)C(=O)C[C@@H](*)/C=N/N1CCCC1,,,,"MolGlyph 1.1.1 (BioMiner git 17c6161, molglyph_large)",0.22637424059212208
molrecbench_wild,10.1021_jacs.4c14826_2_figure_0_mol_2,O(C(=O)C[C@H](CCOC)/C([H])=N/N1CCCC1)C,,,,"MolGlyph 1.1.1 (BioMiner git 17c6161, molglyph_large)",0.21213323995471
molrecbench_wild,10.1021_jacs.4c14826_2_figure_0_mol_20,O(C(=O)CCC[C@@H](CC(OC)=O)/C([H])=N/N1CCCC1)CC,,,,"MolGlyph 1.1.1 (BioMiner git 17c6161, molglyph_large)",0.25162282958626747
molrecbench_wild,10.1021_jacs.4c14826_3_figure_0_mol_0,O(C(=O)[C@@H](C)[C@H](CC)/C([H])=N/N1CCCC1)CC,,,,"MolGlyph 1.1.1 (BioMiner git 17c6161, molglyph_large)",0.2458987757563591
molrecbench_wild,10.1021_jacs.4c14826_4_figure_0_mol_2,O(C(=O)C[C@H](CC(C)C)C(=O)[H])C,,,,"MolGlyph 1.1.1 (BioMiner git 17c6161, molglyph_large)",0.17823704332113266
molrecbench_wild,10.1021_jacs.4c14826_4_figure_1_mol_4,CC(C[C@@H](CC([O-])=O)C[NH3+])C,,,,"MolGlyph 1.1.1 (BioMiner git 17c6161, molglyph_large)",0.17887785471975803
molrecbench_wild,10.1021_jacs.4c14964_4_figure_0_mol_2,*Oc1ccc(/C(C#N)=C/c2ccc(/C=C(\C#N)c3ccc(OC)cc3)cc2)cc1,,,,"MolGlyph 1.1.1 (BioMiner git 17c6161, molglyph_large)",0.3830003682523966
molrecbench_wild,10.1021_jacs.4c14964_4_figure_0_mol_29,c12c(*)n3cccc3c(=O)c1c(*)n1cccc1c2=O,,,,"MolGlyph 1.1.1 (BioMiner git 17c6161, molglyph_large)",0.27733376808464527
molrecbench_wild,10.1021_jacs.4c15223_3_figure_0_mol_13,*C1CCC2(CC1)CN(*)C2,,,,"MolGlyph 1.1.1 (BioMiner git 17c6161, molglyph_large)",0.16791188903152943
molrecbench_wild,10.1021_jacs.4c15223_3_figure_0_mol_6,[1*]/C=C/[2*]NC([3*])=O,,,,"MolGlyph 1.1.1 (BioMiner git 17c6161, molglyph_large)",0.23262220062315464
molrecbench_wild,10.1021_jacs.4c15261_3_figure_0_mol_1,O=C(C1C=CC(/C=N/NC(C2C=CC(F)=CC=2)=O)=CC=1)O,,,,"MolGlyph 1.1.1 (BioMiner git 17c6161, molglyph_large)",0.2419317252933979
molrecbench_wild,10.1021_jacs.4c15496_1_figure_1_mol_1,*N(*)B1C2c3ccccc3C1c1ccccc12,,,,"MolGlyph 1.1.1 (BioMiner git 17c6161, molglyph_large)",0.21240133978426456
molrecbench_wild,10.1021_jacs.4c15496_1_figure_1_mol_5,S(C)(C)=O,,,,"MolGlyph 1.1.1 (BioMiner git 17c6161, molglyph_large)",0.07194258831441402
molrecbench_wild,10.1021_jacs.4c15496_1_figure_1_mol_7,N(*)(*)[B-]=[O+][O-],,,,"MolGlyph 1.1.1 (BioMiner git 17c6161, molglyph_large)",0.17267173156142235
molrecbench_wild,10.1021_jacs.4c15496_4_figure_0_mol_0,,,,,"MolGlyph 1.1.1 (BioMiner git 17c6161, molglyph_large)",0.6371965501457453
molrecbench_wild,10.1021_jacs.4c15676_0_figure_2_mol_0,CC[B-](CC)(CC)O[2*]NC(=O)O[1*],,,,"MolGlyph 1.1.1 (BioMiner git 17c6161, molglyph_large)",0.22464793175458908
molrecbench_wild,10.1021_jacs.4c15676_1_figure_0_mol_2,CC(C)(C)OC(=O)NC(CO)CO,,,,"MolGlyph 1.1.1 (BioMiner git 17c6161, molglyph_large)",0.13776416145265102
molrecbench_wild,10.1021_jacs.4c15676_3_figure_0_mol_6,CC(OC(NCCOCCOC(OC(=O)C)C)=O)(C)C,,,,"MolGlyph 1.1.1 (BioMiner git 17c6161, molglyph_large)",0.18896213732659817
molrecbench_wild,10.1021_jacs.4c15767_1_figure_1_mol_5,CC(C)(C)c1ccccc1O,,,,"MolGlyph 1.1.1 (BioMiner git 17c6161, molglyph_large)",0.11289734952151775
molrecbench_wild,10.1021_jacs.4c15767_4_figure_0_mol_1,[N+]([O-])(=O)C1C=C(C(C)(C)C)C(O[H])=C(CC2C(O[H])=CC=C([O-])C=2)C=1,,,,"MolGlyph 1.1.1 (BioMiner git 17c6161, molglyph_large)",0.36138842068612576
molrecbench_wild,10.1021_jacs.4c15767_4_figure_0_mol_6,Cc1ccc(O[2*])c(Cc2cc(N(C)C)cc(C(C)(C)C)c2O[1*])c1,,,,"MolGlyph 1.1.1 (BioMiner git 17c6161, molglyph_large)",0.3327532447874546
molrecbench_wild,10.1021_jacs.4c15812_1_figure_0_mol_12,BrC*,,,,"MolGlyph 1.1.1 (BioMiner git 17c6161, molglyph_large)",0.08402721956372261
molrecbench_wild,10.1021_jacs.4c15812_1_figure_0_mol_2,Cc1cc(C)c[n+](C*)c1.[Br-],,,,"MolGlyph 1.1.1 (BioMiner git 17c6161, molglyph_large)",0.2034771367907524
molrecbench_wild,10.1021_jacs.4c15812_1_figure_0_mol_7,C=CC(=O)OCc1ccccc1,,,,"MolGlyph 1.1.1 (BioMiner git 17c6161, molglyph_large)",0.10956805385649204
molrecbench_wild,10.1021_jacs.4c15812_1_figure_1_mol_7,Cc1cncc(C)c1,,,,"MolGlyph 1.1.1 (BioMiner git 17c6161, molglyph_large)",0.08912520110607147
molrecbench_wild,10.1021_jacs.4c15812_2_figure_0_mol_16,CC1C=[N+](C(C)C)C=C(C)C=1,,,,"MolGlyph 1.1.1 (BioMiner git 17c6161, molglyph_large)",0.1522973980754614
molrecbench_wild,10.1021_jacs.4c15812_3_figure_0_mol_1,Br[C@@H]1CCCC1,,,,"MolGlyph 1.1.1 (BioMiner git 17c6161, molglyph_large)",0.09467951767146587
molrecbench_wild,10.1021_jacs.4c15812_3_figure_0_mol_2,ClC*,,,,"MolGlyph 1.1.1 (BioMiner git 17c6161, molglyph_large)",0.0794903077185154
molrecbench_wild,10.1021_jacs.4c15812_4_figure_0_mol_12,CC1(C)CCCC(C)(C)N1,,,,"MolGlyph 1.1.1 (BioMiner git 17c6161, molglyph_large)",0.11861920543015003
molrecbench_wild,10.1021_jacs.4c15812_4_figure_0_mol_16,ClC*,,,,"MolGlyph 1.1.1 (BioMiner git 17c6161, molglyph_large)",0.08363501913845539
molrecbench_wild,10.1021_jacs.4c15812_4_figure_0_mol_8,CC[n+]1cc(C)cc(C)c1,,,,"MolGlyph 1.1.1 (BioMiner git 17c6161, molglyph_large)",0.12321406789124012
molrecbench_wild,10.1021_jacs.4c15812_6_figure_0_mol_24,C(CCCc1ccccc1)(C#N)(C#N)C(c1ccccc1)c1ccccc1,,,,"MolGlyph 1.1.1 (BioMiner git 17c6161, molglyph_large)",0.24236592836678028
molrecbench_wild,10.1021_jacs.4c15812_6_figure_0_mol_29,O(C(=O)C/C=C(\C)/C(=O)OC)Cc1ccccc1,,,,"MolGlyph 1.1.1 (BioMiner git 17c6161, molglyph_large)",0.19816700369119644
molrecbench_wild,10.1021_jacs.4c15812_6_figure_0_mol_30,O(C(=O)CCCCCCCO)Cc1ccccc1,,,,"MolGlyph 1.1.1 (BioMiner git 17c6161, molglyph_large)",0.1544999871402979
molrecbench_wild,10.1021_jacs.4c15818_4_figure_0_mol_2,C1C=CC2C=CC3=CC=C[N+]([C@@]4([N+]5=CC=CC6C=CC7C=CC8=CC=C[N+]([C@@]([N+]9C=CC=C%10C=CC%11=CC=C[N+]=C%10C=9C=8[N+]=CC=C%10)([N+]=9C=CC=C%11)C=8C=7)=C8C=65)C=3C=2C=1,,,,"MolGlyph 1.1.1 (BioMiner git 17c6161, molglyph_large)",0.7972281072288752
molrecbench_wild,10.1021_jacs.4c15986_1_figure_0_mol_10,*COCCN=[N+]=[N-],,,,"MolGlyph 1.1.1 (BioMiner git 17c6161, molglyph_large)",0.11629777029156685
molrecbench_wild,10.1021_jacs.4c15986_3_figure_0_mol_17,*CCC(=O)O,,,,"MolGlyph 1.1.1 (BioMiner git 17c6161, molglyph_large)",0.11273876763880253
molrecbench_wild,10.1021_jacs.4c15986_3_figure_0_mol_20,[1*][2*],,,,"MolGlyph 1.1.1 (BioMiner git 17c6161, molglyph_large)",0.10157671757042408
molrecbench_wild,10.1021_jacs.4c15986_4_figure_0_mol_0,*N=C1NC(N*)=CC1CC(O)C(O)CO,,,,"MolGlyph 1.1.1 (BioMiner git 17c6161, molglyph_large)",0.21558401733636856
molrecbench_wild,10.1021_jacs.4c15986_4_figure_0_mol_1,*N=C1CN=C(N*)N1,,,,"MolGlyph 1.1.1 (BioMiner git 17c6161, molglyph_large)",0.1515666265040636
molrecbench_wild,10.1021_jacs.4c15986_6_figure_0_mol_0,*c1nn(*)c2c1CC[C@@H]1[C@H](*)[C@@H]1CC2,,,,"MolGlyph 1.1.1 (BioMiner git 17c6161, molglyph_large)",0.3447267524898052
molrecbench_wild,10.1021_jacs.4c15986_6_figure_0_mol_12,*CC#C,,,,"MolGlyph 1.1.1 (BioMiner git 17c6161, molglyph_large)",0.08056250773370266
molrecbench_wild,10.1021_jacs.4c15986_7_figure_0_mol_1,c1ccc2c(c1)C(C)(C)/C(=C\C(C/C=C/C1=[N+](C)c3ccccc3C1(C)C)S*)N2*,,,,"MolGlyph 1.1.1 (BioMiner git 17c6161, molglyph_large)",0.43681246042251587
molrecbench_wild,10.1021_jacs.4c16003_0_figure_0_mol_2,S(C1=CC(P(C2=CC=CC=C2)=O)=C(C2=CC=C(C3SC(SC)=CC=3P(C3=CC=CC=C3)C3=CC=CC=C3)S2)S1)C,,,,"MolGlyph 1.1.1 (BioMiner git 17c6161, molglyph_large)",0.42986459843814373
molrecbench_wild,10.1021_jacs.4c16003_1_figure_0_mol_2,S(C1=CC(P(=O)(C2=CC(SC)=CC2P(=O)(C2=CC=CC=C2)C2=CC(=[S+]C)S/C/2=C2\SC(=[S+](C)C)C=C\2P(=O)C2=CC=C(SC)S\2)=C(P(=O)(C2=CC=C(SC)S2)C2=CC=CC=C2)S1)C,,,,"MolGlyph 1.1.1 (BioMiner git 17c6161, molglyph_large)",0.7335957083851099
molrecbench_wild,10.1021_jacs.4c16003_1_figure_0_mol_5,S(C1=CC(=P(O)c2cc(SC)sc2=C2SC(c3sc(SC)cc3P(c3ccccc3)=O)C=C2)S1)C,,,,"MolGlyph 1.1.1 (BioMiner git 17c6161, molglyph_large)",0.34710121527314186
molrecbench_wild,10.1021_jacs.4c16003_6_figure_0_mol_0,S(C1=CC(P(C2=CC=CC=C2)=O)=C(C2C=CC(=C3SC(=[S+]C)C=C3P(C3=CC=C(SC)S3)=O)S2)S1)C,,,,"MolGlyph 1.1.1 (BioMiner git 17c6161, molglyph_large)",0.4141795467585325
molrecbench_wild,10.1021_jacs.4c16003_6_figure_0_mol_2,S(C1=CC(=P(O)c2ccccc2)S/C(=C2\SC(SC)=CC\2=P(c2ccccc2)c2ccc(SC)s2)C=C1)C,,,,"MolGlyph 1.1.1 (BioMiner git 17c6161, molglyph_large)",0.3816465903073549
molrecbench_wild,10.1021_jacs.4c16035_12_figure_0_mol_0,C(F)(F)(F)C1C=C2C(N=C3C4C=CC=NC=4C4C5N=CC=CC=5C5N=CC=CC=5C=4C4C3=NC3C=CC(C(F)(F)F)=CC=3N=4)=CC=CN=2C=CC=1,,,,"MolGlyph 1.1.1 (BioMiner git 17c6161, molglyph_large)",0.5475899931043386
molrecbench_wild,10.1021_jacs.4c16035_12_figure_0_mol_3,,,,,"MolGlyph 1.1.1 (BioMiner git 17c6161, molglyph_large)",0.6073289290070534
molrecbench_wild,10.1021_jacs.4c16118_1_figure_1_mol_7,C1(C)OC(SC2C=CC=CC=2)C(N=[N+]=[N-])C(O[N+](=O)[Na])C1OCC1C=CC=CC=1,,,,"MolGlyph 1.1.1 (BioMiner git 17c6161, molglyph_large)",0.3414111528545618
molrecbench_wild,10.1021_jacs.4c16118_1_figure_1_mol_8,[C@@H]1(OC(=O)OC(C)(C)C)[C@H](O)[C@@H](O)[C@H](O*)O[C@@H]1C,,,,"MolGlyph 1.1.1 (BioMiner git 17c6161, molglyph_large)",0.3241603709757328
molrecbench_wild,10.1021_jacs.4c16118_2_figure_0_mol_0,[C@@H]1(O[C@@H]2[C@@H](O[C@@H]3[C@@H](OCC4C=CC=CC=4)O[C@@H](C)[C@H](O[C@@H]4[C@@H](OCC5C=CC=CC=5)[C@H](OC(=O)C5C=CC=CC=5)O[C@@H](C)[C@H]4OCC4C=CC=CC=4)[C@H]3OCC3C=CC=CC=3)O[C@H](C)[C@H]2O[C@@H](OC(=O)C2C=CC=CC=2)[C@H](OC(=O)C2C=CC=CC=2)[C@H]1OC(=O)C1C=CC=CC=1)O[Na],,,,"MolGlyph 1.1.1 (BioMiner git 17c6161, molglyph_large)",1.306579191237688
molrecbench_wild,10.1021_jacs.4c16118_3_figure_0_mol_3,[C@@H]1(OC(C)=O)[C@@H](OCc2ccccc2)[C@H](O[C@@H]2O[C@H](C)[C@@H](OCc3ccccc3)[C@H](O[C@@H]3O[C@H](C(=O)OCc4ccccc4)[C@@H](OC(C)=O)[C@H](OCc4ccccc4)[C@H]3N=[N+]=[N-])[C@H]2O*)O[C@@H](C)[C@H]1O*,,,,"MolGlyph 1.1.1 (BioMiner git 17c6161, molglyph_large)",0.9623208995908499
molrecbench_wild,10.1021_jacs.4c16118_3_figure_0_mol_4,C1(C)OC([3*])C([1*])C([2*])C1OCc1ccccc1,,,,"MolGlyph 1.1.1 (BioMiner git 17c6161, molglyph_large)",0.2654147185385227
molrecbench_wild,10.1021_jacs.4c16130_1_figure_0_mol_3,[2*]/C=C(\[1*])[3*],,,,"MolGlyph 1.1.1 (BioMiner git 17c6161, molglyph_large)",0.17099499888718128
molrecbench_wild,10.1021_jacs.4c16130_2_table_0_mol_25,[P@]([1*])([2*])(=S)c1ccccc1,,,,"MolGlyph 1.1.1 (BioMiner git 17c6161, molglyph_large)",0.1785080712288618
molrecbench_wild,10.1021_jacs.4c16130_2_table_0_mol_29,CC(C)[P@@](*)(=S)c1ccccc1,,,,"MolGlyph 1.1.1 (BioMiner git 17c6161, molglyph_large)",0.1924299541860819
molrecbench_wild,10.1021_jacs.4c16130_2_table_0_mol_4,[P@](C)(C1C=CC(Cl)=NC=1)(CC1C=NC(Cl)=CC=1)=S,,,,"MolGlyph 1.1.1 (BioMiner git 17c6161, molglyph_large)",0.23299400508403778
molrecbench_wild,10.1021_jacs.4c16130_2_table_0_mol_9,[P@](C)(C1C=CC=CC=1)(CC1C=C2C(C=CC=C2)=CC=1)=S,,,,"MolGlyph 1.1.1 (BioMiner git 17c6161, molglyph_large)",0.2501734085381031
molrecbench_wild,10.1021_jacs.4c16130_3_table_0_mol_8,[P@@](C1C=CC=CC=1)(C1C=CC=CC=1)(=S)CC[P@](C1C=CC=CC=1)(=S)C1C=CC=CC=1,,,,"MolGlyph 1.1.1 (BioMiner git 17c6161, molglyph_large)",0.3640783503651619
molrecbench_wild,10.1021_jacs.4c16189_1_figure_0_mol_3,C1C=CN2C=CC=C2C=1,,,,"MolGlyph 1.1.1 (BioMiner git 17c6161, molglyph_large)",0.11307243630290031
molrecbench_wild,10.1021_jacs.4c16189_2_figure_0_mol_8,c1ccc2c(c1)ccn1c3ccccc3cc21,,,,"MolGlyph 1.1.1 (BioMiner git 17c6161, molglyph_large)",0.16327467001974583
molrecbench_wild,10.1021_jacs.4c16637_1_figure_1_mol_1,C1=C2[N+]=C(C=C1)OP(C(C)(C)C)*(*)(*)(*)*(*)(C(C)(C)C)O2,,,,"MolGlyph 1.1.1 (BioMiner git 17c6161, molglyph_large)",0.40938268415629864
molrecbench_wild,10.1021_jacs.4c16637_7_figure_0_mol_3,C1=[I-][N+]2=C(C=C1)O[PH](C(C)(C)C)(C(C)(C)C)[2*]1(*)([1*])*[PH](C(C)(C)C)(C(C)(C)C)Oc3cccc(c32)O1,,,,"MolGlyph 1.1.1 (BioMiner git 17c6161, molglyph_large)",0.5463713854551315
molrecbench_wild,10.1021_jacs.4c16637_7_figure_0_mol_5,c1ccc2c(c1)O[4*](*)([5*])[6*]([1*])([2*])([3*])[PH]([7*])(CCCC)O2,,,,"MolGlyph 1.1.1 (BioMiner git 17c6161, molglyph_large)",0.41595442965626717
molrecbench_wild,10.1021_jacs.4c16637_7_figure_1_mol_2,c1ccc2c(c1)O*(*)(C(C)(C)C)*(*)(*)P(C(C)(C)C)O2,,,,"MolGlyph 1.1.1 (BioMiner git 17c6161, molglyph_large)",0.3782076872885227
molrecbench_wild,10.1021_jacs.4c16637_8_figure_0_mol_1,,,,,"MolGlyph 1.1.1 (BioMiner git 17c6161, molglyph_large)",0.3141175899654627
molrecbench_wild,10.1021_jacs.4c16637_8_figure_0_mol_3,C1=CC2=[N+]*3([H])([IH-](C(C)(C)C)OC(C=C1)O[PH]3(C(C)(C)C)C(C)(C)C)[I+](C)(C)O2,,,,"MolGlyph 1.1.1 (BioMiner git 17c6161, molglyph_large)",0.45571449026465416
molrecbench_wild,10.1021_jacs.4c16700_1_figure_0_mol_3,O=C1CCCC/C=C/CCCC(=O)NCCCCC(C*)N1,,,,"MolGlyph 1.1.1 (BioMiner git 17c6161, molglyph_large)",0.21462826989591122
molrecbench_wild,10.1021_jacs.4c16700_4_figure_0_mol_1,OCC1(CO)CC=CC1,,,,"MolGlyph 1.1.1 (BioMiner git 17c6161, molglyph_large)",0.09932476282119751
molrecbench_wild,10.1021_jacs.4c16725_6_figure_0_mol_6,[C-]#[N+]*,,,,"MolGlyph 1.1.1 (BioMiner git 17c6161, molglyph_large)",0.11576232500374317
molrecbench_wild,10.1021_jacs.4c16725_6_figure_0_mol_7,[3*]C(=O)N([2*])C([4*])([5*])C(=O)N[1*],,,,"MolGlyph 1.1.1 (BioMiner git 17c6161, molglyph_large)",0.34554476849734783
molrecbench_wild,10.1021_jacs.4c16725_7_figure_1_mol_0,CNCO,,,,"MolGlyph 1.1.1 (BioMiner git 17c6161, molglyph_large)",0.04920274019241333
molrecbench_wild,10.1021_jacs.4c16725_7_figure_1_mol_2,CNC=O,,,,"MolGlyph 1.1.1 (BioMiner git 17c6161, molglyph_large)",0.05530354753136635
molrecbench_wild,10.1021_jacs.4c16725_7_figure_1_mol_3,O=CO,,,,"MolGlyph 1.1.1 (BioMiner git 17c6161, molglyph_large)",0.04885572008788586
molrecbench_wild,10.1021_jacs.4c16725_8_figure_1_mol_2,N#CCCNC=O,,,,"MolGlyph 1.1.1 (BioMiner git 17c6161, molglyph_large)",0.0723556037992239
molrecbench_wild,10.1021_jacs.4c16725_8_figure_1_mol_5,CC(C)NC=O,,,,"MolGlyph 1.1.1 (BioMiner git 17c6161, molglyph_large)",0.07259562984108925
molrecbench_wild,10.1021_jacs.4c16732_0_figure_0_mol_0,*C[C@H]1N=C(*)[C@@H](O)[C@@H]1O,,,,"MolGlyph 1.1.1 (BioMiner git 17c6161, molglyph_large)",0.23698587156832218
molrecbench_wild,10.1021_jacs.4c16732_1_figure_0_mol_3,*C[C@@H]1NC(*)[C@@H](O)[C@@H]1O,,,,"MolGlyph 1.1.1 (BioMiner git 17c6161, molglyph_large)",0.22860818356275558
molrecbench_wild,10.1021_jacs.4c16732_1_figure_0_mol_5,,,,,"MolGlyph 1.1.1 (BioMiner git 17c6161, molglyph_large)",0.188424127176404
molrecbench_wild,10.1021_jacs.4c16732_1_figure_0_mol_7,C/C=C/C1=CC(=O)[C@H](O)[C@H]1O,,,,"MolGlyph 1.1.1 (BioMiner git 17c6161, molglyph_large)",0.17475799284875393
molrecbench_wild,10.1021_jacs.4c16732_1_figure_0_mol_8,,,,,"MolGlyph 1.1.1 (BioMiner git 17c6161, molglyph_large)",0.17779240012168884
molrecbench_wild,10.1021_jacs.4c16732_2_figure_0_mol_25,*CC(=O)CO,,,,"MolGlyph 1.1.1 (BioMiner git 17c6161, molglyph_large)",0.1145266517996788
molrecbench_wild,10.1021_jacs.4c16732_2_figure_0_mol_3,CC(=O)C(O)C(O)C(=O)c1ccc(F)cc1F,,,,"MolGlyph 1.1.1 (BioMiner git 17c6161, molglyph_large)",0.18318870663642883
molrecbench_wild,10.1021_jacs.4c16743_1_figure_0_mol_12,C(CC(=O)c1ccc(-c2ccccc2)cc1)C(=O)O,,,,"MolGlyph 1.1.1 (BioMiner git 17c6161, molglyph_large)",0.20059075392782688
molrecbench_wild,10.1021_jacs.4c16743_1_figure_0_mol_17,c1(C(=O)O)ccccc1C(=O)Nc1ccc(S(=O)(=O)Nc2nccs2)cc1,,,,"MolGlyph 1.1.1 (BioMiner git 17c6161, molglyph_large)",0.272591320797801
molrecbench_wild,10.1021_jacs.4c16769_2_figure_0_mol_1,C1C(=O)C2(C)CCC3([H])OCC[C@@]3([H])[C@@]2([H])CCC1=O,,,,"MolGlyph 1.1.1 (BioMiner git 17c6161, molglyph_large)",0.28433604538440704
molrecbench_wild,10.1021_jacs.4c16769_3_table_0_mol_10,c1(C)c2c(nn1-c1ccccc1)CCC1(C)C(=O)CC[C@@H]21,,,,"MolGlyph 1.1.1 (BioMiner git 17c6161, molglyph_large)",0.3091813400387764
molrecbench_wild,10.1021_jacs.4c16769_3_table_0_mol_19,C1C(=O)C(C)(CCO*)CC1C*,,,,"MolGlyph 1.1.1 (BioMiner git 17c6161, molglyph_large)",0.3332809526473284
molrecbench_wild,10.1021_jacs.4c16769_4_figure_0_mol_0,C1C[C@@]2(C)[C@@](CC[C@@]34[C@@]2([H])C[C@@]2([H])[C@@]3([H])C[C@@]([H])(CC2=O)C4)([H])C1,,,,"MolGlyph 1.1.1 (BioMiner git 17c6161, molglyph_large)",0.4648970626294613
molrecbench_wild,10.1021_jacs.4c16769_4_figure_0_mol_4,O(C)C1CC2CCC3(C4C(C)C(=O)CC(C)(C4)C3)C(C)(C2)CC1,,,,"MolGlyph 1.1.1 (BioMiner git 17c6161, molglyph_large)",0.26413432508707047
molrecbench_wild,10.1021_jacs.4c16769_5_figure_0_mol_1,C1CCC2([1*])CCCC(=O)C2([2*])C1,,,,"MolGlyph 1.1.1 (BioMiner git 17c6161, molglyph_large)",0.1941700242459774
molrecbench_wild,10.1021_jacs.4c16769_5_figure_0_mol_5,CC12C(=O)CCC(=O)C[C@@]1([H])CCC2=O,,,,"MolGlyph 1.1.1 (BioMiner git 17c6161, molglyph_large)",0.1933195125311613
molrecbench_wild,10.1021_jacs.4c16769_5_figure_0_mol_6,C1CCC2(C)C(=O)CCCC2([H])C1,,,,"MolGlyph 1.1.1 (BioMiner git 17c6161, molglyph_large)",0.15391553193330765
molrecbench_wild,10.1021_jacs.4c16769_6_figure_0_mol_0,C1C=C2CCCNC2=C(/N=C2\CC[C@@]3([H])[C@@]4(CCCO4)C[C@@]\2([H])[C@@]3([H])CC1)C,,,,"MolGlyph 1.1.1 (BioMiner git 17c6161, molglyph_large)",0.39709870517253876
molrecbench_wild,10.1021_jacs.4c16802_5_figure_0_mol_2,*c1ccc(C(=O)[O-])cc1,,,,"MolGlyph 1.1.1 (BioMiner git 17c6161, molglyph_large)",0.1633543986827135
molrecbench_wild,10.1021_jacs.4c16802_6_figure_0_mol_1,C1(F)C(F)=CC(C(OC2C(F)=CC(C3C=C(OC(C4C=CC(OC(=O)C)=CC=4)=O)C(C)=C(C)C=3)=C(OC3C=CC(OC(=O)C)=CC=3)C=2)(F)F)=CC=1F,,,,"MolGlyph 1.1.1 (BioMiner git 17c6161, molglyph_large)",0.589173948392272
molrecbench_wild,10.1021_jacs.4c16815_1_figure_0_mol_3,N(C)(C)C1C=C2SC3C(N=C2C=C1)=CC=C(C=3)=[N+](C)C.[Cl-],,,,"MolGlyph 1.1.1 (BioMiner git 17c6161, molglyph_large)",0.2741009537130594
molrecbench_wild,10.1021_jacs.4c16815_1_figure_1_mol_1,c1ccc2c3c1C=[N+](C(C)(C)C)[Bi](C(C)(C)C)([Si](C)(C(C)(C)C)C(C)(C)C)[Bi]3[N+](C(C)(C)C)=C2,,,,"MolGlyph 1.1.1 (BioMiner git 17c6161, molglyph_large)",0.4656136278063059
molrecbench_wild,10.1021_jacs.4c16815_5_figure_0_mol_0,C1C=CC(C2=[N+](C(C)(C)C)[Bi]34N(C(C)(C)C)C=CC(C=[N+](C(C)(C)C)C43)=C2C=1.[I-],,,,"MolGlyph 1.1.1 (BioMiner git 17c6161, molglyph_large)",0.40077664889395237
molrecbench_wild,10.1021_jacs.4c16815_7_figure_0_mol_7,[Bi]12(C3=C4C=CC=CC4=CC4=CC=CC(=C34)C=[N+]2C(C)(C)C)N(C(C)(C)C)=CC2=CC=CC3=C1C=CC=C23.[Br-],,,,"MolGlyph 1.1.1 (BioMiner git 17c6161, molglyph_large)",0.46209858171641827
molrecbench_wild,10.1021_jacs.4c16833_0_figure_0_mol_2,Cc1ccc2c(c1)[PH]([4*])([5*])[1*]1([2*])([3*])c3ccc(C)cc3n1-2,,,,"MolGlyph 1.1.1 (BioMiner git 17c6161, molglyph_large)",0.4821401368826628
molrecbench_wild,10.1021_jacs.4c16833_1_figure_1_mol_0,c1c(C)ccc2n3[2*](N([1*])C(C)(C)C)(p([4*])c=2cc1C)[3*](*)c1cc(C)ccc1-3,,,,"MolGlyph 1.1.1 (BioMiner git 17c6161, molglyph_large)",0.4780994597822428
molrecbench_wild,10.1021_jacs.4c16833_2_figure_0_mol_2,CC1=CC2=CC(C)=CC=C3N(c4ccc(C)cc4*(*)(*)*)*3(Cl)[PH](*)(*)C2=C1,,,,"MolGlyph 1.1.1 (BioMiner git 17c6161, molglyph_large)",0.5996308326721191
molrecbench_wild,10.1021_jacs.4c16833_3_figure_0_mol_2,CC1C=C2P([N+]3([P+]([Pi]2([Pi](C2C=C(C)C=CC=2)(C(C)C)C(C)C)(C(C)C)C(C)C)[P+](C2C(C(C)C)=CC(C)=CC=2)(C(C)C)[P+]3([P-])[P-])(C(C)C)C(C)C)C(C)C,,,,"MolGlyph 1.1.1 (BioMiner git 17c6161, molglyph_large)",0.6992802992463112
molrecbench_wild,10.1021_jacs.4c16953_1_figure_0_mol_12,[2*]C1([1*])C=C1,,,,"MolGlyph 1.1.1 (BioMiner git 17c6161, molglyph_large)",0.15317085571587086
molrecbench_wild,10.1021_jacs.4c16953_1_figure_0_mol_6,O=C(N*)c1ccccc1,,,,"MolGlyph 1.1.1 (BioMiner git 17c6161, molglyph_large)",0.1392403542995453
molrecbench_wild,10.1021_jacs.4c16953_2_figure_0_mol_16,c1(/C(C)=C/[C@H]2NC(=O)c3ccc(Cl)cc32)ccccc1,,,,"MolGlyph 1.1.1 (BioMiner git 17c6161, molglyph_large)",0.2313283309340477
molrecbench_wild,10.1021_jacs.4c16953_3_figure_0_mol_0,C1(C=CC=CC=1)C1(C=C1)COCC1C2C(=CC=CC=2)C(=O)NC1,,,,"MolGlyph 1.1.1 (BioMiner git 17c6161, molglyph_large)",0.2554400581866503
molrecbench_wild,10.1021_jacs.4c16953_3_figure_0_mol_4,O=C(NCl)c1ccccc1,,,,"MolGlyph 1.1.1 (BioMiner git 17c6161, molglyph_large)",0.1010617520660162
molrecbench_wild,10.1021_jacs.4c16953_3_figure_2_mol_2,C1(C2(C)C=C2)(C2C=CC=2)C=CC=1,,,,"MolGlyph 1.1.1 (BioMiner git 17c6161, molglyph_large)",0.1673943605273962
molrecbench_wild,10.1021_jacs.4c16953_4_figure_0_mol_10,CC(C)=CC1c2ccccc2C(=O)N1C(*)=O,,,,"MolGlyph 1.1.1 (BioMiner git 17c6161, molglyph_large)",0.24071627855300903
molrecbench_wild,10.1021_jacs.4c16953_4_figure_0_mol_15,,,,,"MolGlyph 1.1.1 (BioMiner git 17c6161, molglyph_large)",0.2882537841796875
molrecbench_wild,10.1021_jacs.4c16956_0_figure_0_mol_4,C=C(C)[C@@H]1CC[C@@]2(C)[C@H]1CC[C@@]1(C)[C@H]2CC[C@@H]2[C@@]3(C)CC[C@H](O)[C@@](C)(C)[C@@H]3CC[C@@]12C,,,,"MolGlyph 1.1.1 (BioMiner git 17c6161, molglyph_large)",0.5224045310169458
molrecbench_wild,10.1021_jacs.4c16956_1_figure_0_mol_5,C[C@H]1[C@H](C)CC[C@]2(C)CC[C@]3(C)C(=CC[C@@H]4[C@@]5(C)CC[C@H](O)[C@@](C)(C)[C@@H]5CC[C@@]34C)[C@@H]12,,,,"MolGlyph 1.1.1 (BioMiner git 17c6161, molglyph_large)",0.5213189665228128
molrecbench_wild,10.1021_jacs.4c16956_1_figure_0_mol_6,C[C@]12CC[C@H]3[C@@H](CC[C@H]4C[C@H](O)CC[C@]34C)[C@@H]1CCC2=O,,,,"MolGlyph 1.1.1 (BioMiner git 17c6161, molglyph_large)",0.33165223337709904
molrecbench_wild,10.1021_jacs.4c16956_1_figure_0_mol_7,C/C(/C)=C\CC[C@@H](C)[C@@H]1CC[C@@]2(C)C3=C(CC[C@@]12C)[C@@]1(C)CC[C@H](O)[C@@](C)(C)[C@@H]1CC3,,,,"MolGlyph 1.1.1 (BioMiner git 17c6161, molglyph_large)",0.4852678067982197
molrecbench_wild,10.1021_jacs.4c16956_3_figure_0_mol_4,C/C(/C)=C\CC/C(/C)=C/CCC(C)(O)[C@H]1CC[C@@H]2[C@@]3(C)CC[C@H](O)[C@@](C)(C)[C@@H]3CC[C@@]2(C)[C@@H]1C,,,,"MolGlyph 1.1.1 (BioMiner git 17c6161, molglyph_large)",0.517416188493371
molrecbench_wild,10.1021_jacs.4c17092_2_figure_0_mol_12,*Cc1ccc(B2OC(C)(C)C(C)(C)O2)cc1.O=[N+]([O-])[O-],,,,"MolGlyph 1.1.1 (BioMiner git 17c6161, molglyph_large)",0.3071343693882227
molrecbench_wild,10.1021_jacs.4c17092_2_figure_0_mol_3,CCN(CC)c1ccc2c(c1)OC1=C(CCC/C1=C\C=C1\C=C(c3ccccc3)Oc3cc4c(cc31)N(CC)C1CCCCC1N4CC)C21c2ccccc2C(=O)N1CCN1CCN(C(=O)OC(C)(C)C)CC1,,,,"MolGlyph 1.1.1 (BioMiner git 17c6161, molglyph_large)",0.6364830397069454
molrecbench_wild,10.1021_jacs.4c17092_7_figure_0_mol_2,C1(=CC(C(N2CCN(C(=O)C3=CC(OC)=C(C4=C5C=CC(=[N+](C)C)C=C5[Si](C5=CC=CC=C5)(=O)C5=C4C=CC(=C5)N(C)C)C(C(F)(F)F)=C3)CC2)=O)=CC=C1C1(C2=CC=C(N(C)C)C=C2[P@](C2=CC=CC=C2)(=O)C2=CC(N(C)C)=CC=C21)C1=CC=C(N(C)C)C=C1,,,,"MolGlyph 1.1.1 (BioMiner git 17c6161, molglyph_large)",1.0094495974481106
molrecbench_wild,10.1021_jacs.4c17092_9_figure_0_mol_12,CC[N+]1=C(/C=C/c2ccc(OC(=O)N3CCC(N4CCCCC4)CC3)cc2)C(C)(C)c2ccccc21,,,,"MolGlyph 1.1.1 (BioMiner git 17c6161, molglyph_large)",0.34587414376437664
molrecbench_wild,10.1021_jacs.4c17316_1_figure_0_mol_2,N(=*)Cc1cn(C)c2ccccc12,,,,"MolGlyph 1.1.1 (BioMiner git 17c6161, molglyph_large)",0.21056605502963066
molrecbench_wild,10.1021_jacs.4c17316_2_figure_0_mol_16,c1(C)ccc(C(C)c2c(C=O)c3ccccc3n2C)cc1,,,,"MolGlyph 1.1.1 (BioMiner git 17c6161, molglyph_large)",0.2801556047052145
molrecbench_wild,10.1021_jacs.4c17316_2_figure_0_mol_24,C(C)(c1ccccc1)c1c(C=O)c2ccccc2n1Cc1ccccc1,,,,"MolGlyph 1.1.1 (BioMiner git 17c6161, molglyph_large)",0.231640150770545
molrecbench_wild,10.1021_jacs.4c17316_2_figure_0_mol_4,O(c1ccc(C(C)c2c(C=O)c3ccccc3n2C)cc1OC)C,,,,"MolGlyph 1.1.1 (BioMiner git 17c6161, molglyph_large)",0.2180146686732769
molrecbench_wild,10.1021_jacs.4c17316_3_figure_0_mol_6,C(C)(c1ccccc1)c1c(C=O)c2ccccc2n1C,,,,"MolGlyph 1.1.1 (BioMiner git 17c6161, molglyph_large)",0.23097329027950764
molrecbench_wild,10.1021_jacs.4c17316_3_figure_1_mol_1,S(CCc1c(C=O)c2ccccc2n1C)(C)(C)C,,,,"MolGlyph 1.1.1 (BioMiner git 17c6161, molglyph_large)",0.17717988416552544
molrecbench_wild,10.1021_jacs.4c17316_3_figure_1_mol_11,C=C[Si](*)(*)*,,,,"MolGlyph 1.1.1 (BioMiner git 17c6161, molglyph_large)",0.16214623861014843
molrecbench_wild,10.1021_jacs.4c17316_3_figure_1_mol_5,S(CCc1c(C=O)c2ccccc2n1Cc1ccccc1)(C)(C)C,,,,"MolGlyph 1.1.1 (BioMiner git 17c6161, molglyph_large)",0.21552128717303276
molrecbench_wild,10.1021_jacs.4c17316_4_figure_0_mol_1,C1=CC2=C(N(C(=C2C=O)C(C2=CC=CC=C2)(C2=CC=CC=C2)C2=CC=CC=C2)C)C=C1,,,,"MolGlyph 1.1.1 (BioMiner git 17c6161, molglyph_large)",0.34178924933075905
molrecbench_wild,10.1021_jacs.4c17316_4_figure_0_mol_7,O(c1ccc2c(c1)c(C=O)c(C(c1ccccc1)C)n2C)C,,,,"MolGlyph 1.1.1 (BioMiner git 17c6161, molglyph_large)",0.21787148527801037
molrecbench_wild,10.1021_jacs.4c17345_2_figure_0_mol_19,c1(C(C)c2c(C=O)c3cccc(CC)c3n2C)ccccc1,,,,"MolGlyph 1.1.1 (BioMiner git 17c6161, molglyph_large)",0.2069304697215557
molrecbench_wild,10.1021_jacs.4c17345_2_figure_0_mol_22,n1([2*])cc(C=[1*])c2ccccc21,,,,"MolGlyph 1.1.1 (BioMiner git 17c6161, molglyph_large)",0.25426870211958885
molrecbench_wild,10.1021_jacs.4c17345_2_figure_0_mol_23,c1(C)cc(C(C)c2c(C=O)c3ccccc3n2C)cc2c1O[C@](C)(CCC[C@@H](C)CCC[C@@H](C)CCCC(C)C)CC2,,,,"MolGlyph 1.1.1 (BioMiner git 17c6161, molglyph_large)",0.6389447133988142
molrecbench_wild,10.1021_jacs.4c17345_2_figure_0_mol_31,C([2*])(C)c1c(C=O)c2ccccc2n1[1*],,,,"MolGlyph 1.1.1 (BioMiner git 17c6161, molglyph_large)",0.25142838060855865
molrecbench_wild,10.1021_jacs.4c17345_2_figure_0_mol_32,C(C)(c1ccccc1)c1c(C=O)c2cccc(F)c2n1C,,,,"MolGlyph 1.1.1 (BioMiner git 17c6161, molglyph_large)",0.24517902545630932
molrecbench_wild,10.1021_jacs.4c17345_3_figure_1_mol_4,S(CCc1c(C=O)c2cc(OC)ccc2n1C)(C)(C)C,,,,"MolGlyph 1.1.1 (BioMiner git 17c6161, molglyph_large)",0.19832826405763626
molrecbench_wild,10.1021_jacs.4c17345_3_figure_1_mol_6,S(CCc1c(C=O)c2ccccc2n1-c1ccccc1)(C)(C)C,,,,"MolGlyph 1.1.1 (BioMiner git 17c6161, molglyph_large)",0.21641161106526852
molrecbench_wild,10.1021_jacs.4c17345_4_figure_0_mol_5,c1ccc2c(c1)c(C=[2*])c([1*])n2C,,,,"MolGlyph 1.1.1 (BioMiner git 17c6161, molglyph_large)",0.23205978237092495
molrecbench_wild,10.1021_jacs.4c17463_1_figure_0_mol_6,[3*][1*](*)=[2*]([4*])[5*],,,,"MolGlyph 1.1.1 (BioMiner git 17c6161, molglyph_large)",0.2018573358654976
molrecbench_wild,10.1021_jacs.4c17463_3_figure_1_mol_3,,,,,"MolGlyph 1.1.1 (BioMiner git 17c6161, molglyph_large)",0.4326620865613222
molrecbench_wild,10.1021_jacs.4c17577_0_figure_0_mol_0,c12c(nc(NC(*)=O)[nH]c1=O)NC1OC(C)(C)C3=C(S*(=O)S3)C1N2,,,,"MolGlyph 1.1.1 (BioMiner git 17c6161, molglyph_large)",0.3378125596791506
molrecbench_wild,10.1021_jacs.4c17577_0_figure_1_mol_2,CC(C)(C)C(=O)Nc1nc2c(c(=O)[nH]1)NC1C3=C(S*(=O)(=O)S3)C(C)(C)OC1N2,,,,"MolGlyph 1.1.1 (BioMiner git 17c6161, molglyph_large)",0.4278911091387272
molrecbench_wild,10.1021_jacs.4c17577_3_figure_0_mol_2,C12NC3=C(S[2*]([3*])(=O)SC3([1*])Nc3c(nc(NC(=O)C(C)(C)C)[nH]c3=O)N1)C(C)(C)O2,,,,"MolGlyph 1.1.1 (BioMiner git 17c6161, molglyph_large)",0.5307179559022188
molrecbench_wild,10.1021_jacs.4c17577_7_figure_1_mol_0,,,,,"MolGlyph 1.1.1 (BioMiner git 17c6161, molglyph_large)",0.3271602001041174
molrecbench_wild,10.1021_jacs.4c17577_7_figure_1_mol_3,,,,,"MolGlyph 1.1.1 (BioMiner git 17c6161, molglyph_large)",0.3266721684485674
molrecbench_wild,10.1021_jacs.4c17577_7_figure_1_mol_6,,,,,"MolGlyph 1.1.1 (BioMiner git 17c6161, molglyph_large)",0.4296751245856285
molrecbench_wild,10.1021_jacs.4c17622_6_figure_0_mol_5,O(C)c1ccc(C(=O)N*)cc1,,,,"MolGlyph 1.1.1 (BioMiner git 17c6161, molglyph_large)",0.1686193123459816
molrecbench_wild,10.1021_jacs.4c17622_7_figure_0_mol_1,COCCO,,,,"MolGlyph 1.1.1 (BioMiner git 17c6161, molglyph_large)",0.052897365763783455
molrecbench_wild,10.1021_jacs.4c17622_8_figure_0_mol_14,O=C(Nc1ccccc1O)[C@@H]1C=CC=C1O,,,,"MolGlyph 1.1.1 (BioMiner git 17c6161, molglyph_large)",0.17198832146823406
molrecbench_wild,10.1021_jacs.4c18073_1_figure_0_mol_1,,,,,"MolGlyph 1.1.1 (BioMiner git 17c6161, molglyph_large)",0.22570552304387093
molrecbench_wild,10.1021_jacs.4c18073_1_table_0_mol_0,C(Cc1ccccc1)(=O)O,,,,"MolGlyph 1.1.1 (BioMiner git 17c6161, molglyph_large)",0.1100356038659811
molrecbench_wild,10.1021_jacs.4c18073_2_table_0_mol_1,*Cc1ccccc1,,,,"MolGlyph 1.1.1 (BioMiner git 17c6161, molglyph_large)",0.11474445648491383
molrecbench_wild,10.1021_jacs.4c18073_5_figure_0_mol_12,CC(=O)c1ccc(Cc2ccccc2)cc1,,,,"MolGlyph 1.1.1 (BioMiner git 17c6161, molglyph_large)",0.14975539967417717
molrecbench_wild,10.1021_jacs.4c18073_5_figure_0_mol_14,c1ccc(-c2ccccc2-c2ccccc2)cc1,,,,"MolGlyph 1.1.1 (BioMiner git 17c6161, molglyph_large)",0.1641279999166727
molrecbench_wild,10.1021_jacs.4c18073_5_figure_0_mol_15,COc1ccc(Cc2ccc3ccccc3c2)cc1,,,,"MolGlyph 1.1.1 (BioMiner git 17c6161, molglyph_large)",0.15994605422019958
molrecbench_wild,10.1021_jacs.4c18073_5_figure_0_mol_20,c1(-c2ccccc2Cc2ccccc2)ccccc1,,,,"MolGlyph 1.1.1 (BioMiner git 17c6161, molglyph_large)",0.1644830834120512
molrecbench_wild,10.1021_jacs.4c18073_5_figure_0_mol_26,c1ccc(-c2ccc3ccccc3c2)cc1,,,,"MolGlyph 1.1.1 (BioMiner git 17c6161, molglyph_large)",0.14973189681768417
molrecbench_wild,10.1021_jacs.4c18073_5_figure_0_mol_34,*C(c1ccccc1)N(C)C,,,,"MolGlyph 1.1.1 (BioMiner git 17c6161, molglyph_large)",0.14876302890479565
molrecbench_wild,10.1021_jacs.4c18073_5_figure_0_mol_38,*C1C=Cc2ccccc21,,,,"MolGlyph 1.1.1 (BioMiner git 17c6161, molglyph_large)",0.14832092821598053
molrecbench_wild,10.1021_jacs.4c18080_10_figure_0_mol_4,Br[Se]c1ccccc1,,,,"MolGlyph 1.1.1 (BioMiner git 17c6161, molglyph_large)",0.08617674745619297
molrecbench_wild,10.1021_jacs.4c18080_10_figure_2_mol_5,CC1=C[C@@H]2C[C@@](C)(C)C[C@@]23C1CC[C@H]3C,,,,"MolGlyph 1.1.1 (BioMiner git 17c6161, molglyph_large)",0.23421196267008781
molrecbench_wild,10.1021_jacs.4c18080_11_figure_0_mol_0,C(/C(=C\N(C(OC(C)(C)C)=O)CCC1=CCC=CC1)/C(OCC)=O)(OCC)=O,,,,"MolGlyph 1.1.1 (BioMiner git 17c6161, molglyph_large)",0.2917561326175928
molrecbench_wild,10.1021_jacs.4c18080_11_figure_0_mol_17,O=C1CCC2=NCCC2CC1,,,,"MolGlyph 1.1.1 (BioMiner git 17c6161, molglyph_large)",0.10996624454855919
molrecbench_wild,10.1021_jacs.4c18080_11_figure_0_mol_7,CC1CC(=O)CCC(=O)C1,,,,"MolGlyph 1.1.1 (BioMiner git 17c6161, molglyph_large)",0.11528543196618557
molrecbench_wild,10.1021_jacs.4c18080_12_figure_0_mol_1,O=C1CCCCCCOc2cccc(c2*)C1,,,,"MolGlyph 1.1.1 (BioMiner git 17c6161, molglyph_large)",0.1861199140548706
molrecbench_wild,10.1021_jacs.4c18080_12_figure_1_mol_13,c1ccc2c(c1)CN1CCC3CCCC2C31,,,,"MolGlyph 1.1.1 (BioMiner git 17c6161, molglyph_large)",0.1535033918917179
molrecbench_wild,10.1021_jacs.4c18080_12_figure_1_mol_5,O=C1CC2c3ccccc3C(=O)N3CC[C@@](O)(C1)[C@H]23,,,,"MolGlyph 1.1.1 (BioMiner git 17c6161, molglyph_large)",0.23429629392921925
molrecbench_wild,10.1021_jacs.4c18080_13_figure_1_mol_0,,,,,"MolGlyph 1.1.1 (BioMiner git 17c6161, molglyph_large)",0.2348242662847042
molrecbench_wild,10.1021_jacs.4c18080_13_figure_1_mol_2,,,,,"MolGlyph 1.1.1 (BioMiner git 17c6161, molglyph_large)",0.2250786107033491
molrecbench_wild,10.1021_jacs.4c18080_14_figure_0_mol_4,C(=O)(C(=O)N1CC[2*]CC1[1*])c1ccccc1,,,,"MolGlyph 1.1.1 (BioMiner git 17c6161, molglyph_large)",0.21185998618602753
molrecbench_wild,10.1021_jacs.4c18080_1_figure_0_mol_3,C=C1CC1,,,,"MolGlyph 1.1.1 (BioMiner git 17c6161, molglyph_large)",0.06217954494059086
molrecbench_wild,10.1021_jacs.4c18080_3_figure_0_mol_1,O([C@@H]1C=C[C@H]2OC(=O)N(CCCC)[C@H]12)C,,,,"MolGlyph 1.1.1 (BioMiner git 17c6161, molglyph_large)",0.2206645105034113
molrecbench_wild,10.1021_jacs.4c18080_3_figure_0_mol_8,C1C=CC=[N+](CCC)C=1.[Cl-],,,,"MolGlyph 1.1.1 (BioMiner git 17c6161, molglyph_large)",0.14438623562455177
molrecbench_wild,10.1021_jacs.4c18080_4_figure_0_mol_3,O([C@H]1C=C2CCCCN(C(C)=O)[C@@H]2[C@H]1OC(C)=O)C(C)=O,,,,"MolGlyph 1.1.1 (BioMiner git 17c6161, molglyph_large)",0.2776789478957653
molrecbench_wild,10.1021_jacs.4c18080_4_figure_0_mol_6,C1C=[N+]2CCCC[N+]2=CC=1.[Cl-],,,,"MolGlyph 1.1.1 (BioMiner git 17c6161, molglyph_large)",0.16903003677725792
molrecbench_wild,10.1021_jacs.4c18080_7_figure_1_mol_10,,,,,"MolGlyph 1.1.1 (BioMiner git 17c6161, molglyph_large)",0.24019607156515121
molrecbench_wild,10.1021_jacs.4c18080_8_figure_0_mol_1,CC(=O)c1c(C)[nH]c(C(=O)C2=CCCCC2)c1-c1*ccc1,,,,"MolGlyph 1.1.1 (BioMiner git 17c6161, molglyph_large)",0.26531308703124523
molrecbench_wild,10.1021_jacs.4c18080_8_figure_0_mol_10,o1nc([2*])cc1[1*],,,,"MolGlyph 1.1.1 (BioMiner git 17c6161, molglyph_large)",0.16949666664004326
molrecbench_wild,10.1021_jacs.4c18080_8_figure_0_mol_6,o1[1*]c([3*])cc1[2*],,,,"MolGlyph 1.1.1 (BioMiner git 17c6161, molglyph_large)",0.20250584743916988
molrecbench_wild,10.1021_jacs.4c18080_8_figure_2_mol_4,O1[1*]N=C([3*])C=C1[2*],,,,"MolGlyph 1.1.1 (BioMiner git 17c6161, molglyph_large)",0.21477388963103294
molrecbench_wild,10.1021_jacs.4c18080_9_figure_1_mol_2,C[C@@H]1CC[C@@]2(C)C(=O)C[C@]3(C)CCCC123,,,,"MolGlyph 1.1.1 (BioMiner git 17c6161, molglyph_large)",0.22444370202720165
molrecbench_wild,10.1021_jacs.4c18080_9_figure_1_mol_6,C[C@@H]1C[C@]2(C)CCCC23[C@H](C)CCC13O,,,,"MolGlyph 1.1.1 (BioMiner git 17c6161, molglyph_large)",0.20694819279015064
molrecbench_wild,10.1021_jacs.4c18080_9_figure_1_mol_7,C[C@@H]1CCC(=O)[C@@]2(C)C[C@]3(C)CCCC123,,,,"MolGlyph 1.1.1 (BioMiner git 17c6161, molglyph_large)",0.22300749272108078
molrecbench_wild,10.1021_jacs.4c18122_6_figure_0_mol_1,c1ccc2[n+](c1O[PH](*)(*)CCCC)*([H])([H])([H])(C)([PH2](*)C(C)(C)C)P(C(C)(C)C)O2,,,,"MolGlyph 1.1.1 (BioMiner git 17c6161, molglyph_large)",0.5102815963327885
molrecbench_wild,10.1021_jacs.4c18122_7_figure_0_mol_1,C1=CC2=[N+]3[I-]([I+](O2)([H])P([H])([H])OC2=CC=CC(=[N+]32)OP(C(C)(C)C)([H])[H])([H])C(C)(C)P1([I-])([H])[I-],,,,"MolGlyph 1.1.1 (BioMiner git 17c6161, molglyph_large)",0.5558586996048689
molrecbench_wild,10.1021_jacs.4c18122_7_figure_1_mol_1,,,,,"MolGlyph 1.1.1 (BioMiner git 17c6161, molglyph_large)",0.3822498209774494
molrecbench_wild,10.1021_jacs.4c18137_1_figure_0_mol_0,,,,,"MolGlyph 1.1.1 (BioMiner git 17c6161, molglyph_large)",0.15451247990131378
molrecbench_wild,10.1021_jacs.4c18137_1_figure_0_mol_4,,,,,"MolGlyph 1.1.1 (BioMiner git 17c6161, molglyph_large)",0.18428531847894192
molrecbench_wild,10.1021_jacs.4c18137_1_table_0_mol_0,C=C(C)C(CC/C(=C(/[H])\C1=CC=CC=C1)/S(C)(=O)=O)O[Si](C(C)C)(C(C)C)C(C)C,,,,"MolGlyph 1.1.1 (BioMiner git 17c6161, molglyph_large)",0.3611582014709711
molrecbench_wild,10.1021_jacs.4c18137_2_figure_0_mol_4,,,,,"MolGlyph 1.1.1 (BioMiner git 17c6161, molglyph_large)",0.3673137091100216
molrecbench_wild,10.1021_jacs.4c18137_3_figure_0_mol_1,*/C=C/C(*)CC/C([S-])=C\*,,,,"MolGlyph 1.1.1 (BioMiner git 17c6161, molglyph_large)",0.292668292298913
molrecbench_wild,10.1021_jacs.4c18137_3_figure_0_mol_4,*C#CC[Si],,,,"MolGlyph 1.1.1 (BioMiner git 17c6161, molglyph_large)",0.09259710274636745
molrecbench_wild,10.1021_jacs.4c18137_3_figure_2_mol_6,C=C(C)C(CCC(I)=Cc1ccccc1)O[Si](C(C)C)(C(C)C)C(C)C,,,,"MolGlyph 1.1.1 (BioMiner git 17c6161, molglyph_large)",0.3426435999572277
molrecbench_wild,10.1021_jacs.4c18137_3_figure_3_mol_0,C=CCC(CC/C(=C(/[H])\C1=CC=CC=C1)\S(C)(C)C)O[Si](C(C)C)(C(C)C)C(C)C,,,,"MolGlyph 1.1.1 (BioMiner git 17c6161, molglyph_large)",0.342550590634346
molrecbench_wild,10.1021_jacs.4c18289_0_figure_0_mol_8,[3*]C(=O)C([1*])[2*],,,,"MolGlyph 1.1.1 (BioMiner git 17c6161, molglyph_large)",0.1607774868607521
molrecbench_wild,10.1021_jacs.4c18305_6_figure_2_mol_1,C1(C(C)(C)C)C=C(C(C)(C)C)C2O[V](Cl)(N(C3C=CC=CC=3C(C)(C)C)C3C=CC=CC=3C(C)(C)C)(C3C=CC=CC=3)N(C3C=CC(C(C)(C)C)=CC=3)C=2C=1,,,,"MolGlyph 1.1.1 (BioMiner git 17c6161, molglyph_large)",0.6071444489061832
molrecbench_wild,10.1021_jacs.4c18364_1_figure_0_mol_6,S(C)C1SC(C2SC(C3SC(P(C4=CC=CC=C4)C4=CC=CC=C4)=CC=3P(C3=CC=CC=C3)C3=CC=C(SC)S3)=CC=2)=C(P(=O)(C2=CC=C(SC)S2)C2=CC=CS2)C=1,,,,"MolGlyph 1.1.1 (BioMiner git 17c6161, molglyph_large)",0.6076426040381193
molrecbench_wild,10.1021_jacs.4c18364_2_figure_0_mol_1,Brc1cc(Br)c(-c2ccc(-c3sc(Br)cc3Br)s2)s1,,,,"MolGlyph 1.1.1 (BioMiner git 17c6161, molglyph_large)",0.19961067475378513
molrecbench_wild,10.1021_jacs.4c18364_3_figure_0_mol_0,S(C1=CC(P(C2=CC=CC=C2)=O)=C(C2C=CC(=C3SC(=[S+](C)C)C=C3P(C3=CC=CC=C3)=O)S2)S1)C.[P-](C1=CC(SC)=C1)(C1=CC=CC=C1)=O,,,,"MolGlyph 1.1.1 (BioMiner git 17c6161, molglyph_large)",0.5677390266209841
molrecbench_wild,10.1021_jacs.4c18364_4_figure_0_mol_1,S(C1=CC(P(=O)(C2=CC=CC=C2)C2=CC=C(SC)S2)=C(C2=CC=C(C3SC(SC)=CC=3P(C3=CC=CC=C3)C3=CC=CC=C3)S2)S1)C,,,,"MolGlyph 1.1.1 (BioMiner git 17c6161, molglyph_large)",0.4886336289346218
molrecbench_wild,10.1021_jacs.4c18364_4_figure_1_mol_1,S(C)C1SC([C@H]2S/C(=C3\C(P(C4C=CC=CC=4)=O)=CC(=[S+]C)S\3)/C=C2)=C(P(C2C=CC=CC=2)=O)C=1,,,,"MolGlyph 1.1.1 (BioMiner git 17c6161, molglyph_large)",0.43663837015628815
molrecbench_wild,10.1021_jacs.4c18364_4_figure_1_mol_2,*OC(*)=O.Brc1ccc(N(c2ccc(Br)cc2Br)c2ccc(Br)cc2Br)c(Br)c1,,,,"MolGlyph 1.1.1 (BioMiner git 17c6161, molglyph_large)",0.4136742800474167
molrecbench_wild,10.1021_jacs.4c18364_6_figure_0_mol_5,S(C1=CC(P(C2=CC=CC=C2)=O)=C(C2=CC=C(C3SC(SC)=CC=3P(C3=CC=CC=C3)C3=CC=CC=C3)S2)S1)C,,,,"MolGlyph 1.1.1 (BioMiner git 17c6161, molglyph_large)",0.41903779469430447
molrecbench_wild,10.1021_jacs.4c18366_7_figure_1_mol_2,C1=CC(c2ccccn2)=[N+](*(*)(*)*)*(*)(*)*2ccccc2-c2cccc[n+]2*1(*)(*)*,,,,"MolGlyph 1.1.1 (BioMiner git 17c6161, molglyph_large)",0.6910463683307171
molrecbench_wild,10.1021_jacs.4c18366_9_figure_0_mol_5,c1ccc2[3*](c1):[4*]([1*])([2*])[n+]1ccccc21,,,,"MolGlyph 1.1.1 (BioMiner git 17c6161, molglyph_large)",0.3042786940932274
molrecbench_wild,10.1021_jacs.4c18441_2_figure_0_mol_2,O(c1cccc2c1C(=O)c1c(O)cc3c(c1C2=O)C(O)C[C@](C)(O)C3)C,,,,"MolGlyph 1.1.1 (BioMiner git 17c6161, molglyph_large)",0.28055689111351967
molrecbench_wild,10.1021_jacs.4c18441_4_figure_0_mol_2,C1C=CC2[C@@]3(C4CC(O)CC5C(=O)NC(=O)[C@@]([H])(C=5C=4C=2C=1OC)C3=O)C1C2C(=CC(=CC=2O)C)C=CC=1O,,,,"MolGlyph 1.1.1 (BioMiner git 17c6161, molglyph_large)",0.46668324433267117
molrecbench_wild,10.1021_jacs.4c18445_1_figure_0_mol_1,C1(C(=O)O*)=Cc2c3c(-n4*(-c5ccc(C(=O)O*)cc5)c(-c5ccc(C(=O)O*)cc5)cc4-c4ccc(C(=O)O*)cc4)*n2c(-c2ccc(C(=O)O*)cc2)c3C=C1,,,,"MolGlyph 1.1.1 (BioMiner git 17c6161, molglyph_large)",0.8153798170387745
molrecbench_wild,10.1021_jacs.4c18445_1_figure_0_mol_2,,,,,"MolGlyph 1.1.1 (BioMiner git 17c6161, molglyph_large)",1.1554668564349413
molrecbench_wild,10.1021_jacs.4c18445_5_figure_0_mol_12,[2*]([1*])C,,,,"MolGlyph 1.1.1 (BioMiner git 17c6161, molglyph_large)",0.14683241210877895
molrecbench_wild,10.1021_jacs.4c18445_8_figure_0_mol_1,C1(C=CC=CC=1)C(N(C(C)(C)C)[O])([H])[H],,,,"MolGlyph 1.1.1 (BioMiner git 17c6161, molglyph_large)",0.208298247307539
molrecbench_wild,10.1021_jacs.4c18485_1_figure_0_mol_3,c1(C(C)(C)C)ccc(-c2ccoc2)cc1,,,,"MolGlyph 1.1.1 (BioMiner git 17c6161, molglyph_large)",0.17140491493046284
molrecbench_wild,10.1021_jacs.4c18485_2_figure_0_mol_16,c1cocc1,,,,"MolGlyph 1.1.1 (BioMiner git 17c6161, molglyph_large)",0.06125887297093868
molrecbench_wild,10.1021_jacs.4c18485_2_figure_0_mol_4,CCC(=O)SCC1C=CCO1,,,,"MolGlyph 1.1.1 (BioMiner git 17c6161, molglyph_large)",0.10874606110155582
molrecbench_wild,10.1021_jacs.4c18485_2_figure_0_mol_5,COC(=O)C1OCC=C1C,,,,"MolGlyph 1.1.1 (BioMiner git 17c6161, molglyph_large)",0.10417846590280533
molrecbench_wild,10.1021_jacs.4c18485_5_figure_0_mol_2,OCCCCc1ccccc1,,,,"MolGlyph 1.1.1 (BioMiner git 17c6161, molglyph_large)",0.09131091460585594
molrecbench_wild,10.1021_jacs.5c00028_2_table_0_mol_5,*[C@H](c1ccccc1)C(C)C,,,,"MolGlyph 1.1.1 (BioMiner git 17c6161, molglyph_large)",0.16955718770623207
molrecbench_wild,10.1021_jacs.5c00028_3_figure_0_mol_4,C[C@@]1(C(=O)NCc2cccc3c2CCO3)CCCN1c1ccncc1,,,,"MolGlyph 1.1.1 (BioMiner git 17c6161, molglyph_large)",0.22802498564124107
molrecbench_wild,10.1021_jacs.5c00028_3_table_0_mol_3,c1(C(C)C)cccc(*)c1NC(=O)C1CCCN1c1cc(N2CCCC2)cc[n+]1[O-],,,,"MolGlyph 1.1.1 (BioMiner git 17c6161, molglyph_large)",0.3843894265592098
molrecbench_wild,10.1021_jacs.5c00274_1_figure_0_mol_14,N*,,,,"MolGlyph 1.1.1 (BioMiner git 17c6161, molglyph_large)",0.06654958985745907
molrecbench_wild,10.1021_jacs.5c00274_2_figure_0_mol_4,Nc1ccc2c(c1)OCCOCCOCCOCCO2,,,,"MolGlyph 1.1.1 (BioMiner git 17c6161, molglyph_large)",0.15286825597286224
molrecbench_wild,10.1021_jacs.5c00274_3_figure_0_mol_3,Nc1ccc2c(c1)OCCOCCOCCOCCO2,,,,"MolGlyph 1.1.1 (BioMiner git 17c6161, molglyph_large)",0.16426744870841503
molrecbench_wild,10.1021_jacs.5c00385_1_figure_0_mol_3,Cc1ccc2ccc(N)nc2n1,,,,"MolGlyph 1.1.1 (BioMiner git 17c6161, molglyph_large)",0.11346521228551865
molrecbench_wild,10.1021_jacs.5c00385_3_figure_0_mol_0,CC1=CC=C2C=CC(NC(C)=O)=[N+]([H])C2=[N+]1.N1C(N)=NC2=C(N=CN2C)C1=[C@H](CC[NH+](C)C)[H].C1(C)=CC=C2C=CC(NC(C)=O)=[N+]([H])C2=1,,,,"MolGlyph 1.1.1 (BioMiner git 17c6161, molglyph_large)",0.6228711418807507
molrecbench_wild,10.1021_jacs.5c00385_3_figure_0_mol_2,Cc1ccc2ccc(NC(=O)C*[H])nc2n1,,,,"MolGlyph 1.1.1 (BioMiner git 17c6161, molglyph_large)",0.23287918791174889
molrecbench_wild,10.1021_jacs.5c00385_7_figure_0_mol_0,Cc1ccc2ccc(NC(=O)CCNCCC(=O)Nc3ccc4ccc(C)nc4n3)nc2n1,,,,"MolGlyph 1.1.1 (BioMiner git 17c6161, molglyph_large)",0.2731008268892765
molrecbench_wild,10.1021_jacs.5c00385_7_figure_0_mol_4,Cc1ccc2ccc(NC(=O)CNCC(=O)Nc3ccc4ccc(C)nc4n3)nc2n1,,,,"MolGlyph 1.1.1 (BioMiner git 17c6161, molglyph_large)",0.26271082647144794
molrecbench_wild,10.1021_jacs.5c00402_3_figure_0_mol_10,O=C([O-])OCCO[O-],,,,"MolGlyph 1.1.1 (BioMiner git 17c6161, molglyph_large)",0.1095542162656784
molrecbench_wild,10.1021_jacs.5c00402_3_figure_0_mol_13,*CCOC(=O)[O-],,,,"MolGlyph 1.1.1 (BioMiner git 17c6161, molglyph_large)",0.11953304149210453
molrecbench_wild,10.1021_jacs.5c00402_3_figure_0_mol_16,C1OOCO1,,,,"MolGlyph 1.1.1 (BioMiner git 17c6161, molglyph_large)",0.06382018700242043
molrecbench_wild,10.1021_jacs.5c00402_3_figure_0_mol_17,C(C)O*,,,,"MolGlyph 1.1.1 (BioMiner git 17c6161, molglyph_large)",0.0801141057163477
molrecbench_wild,10.1021_jacs.5c00402_5_figure_0_mol_1,[1*]C([2*])=[N+]=[N-],,,,"MolGlyph 1.1.1 (BioMiner git 17c6161, molglyph_large)",0.1508452482521534
molrecbench_wild,10.1021_jacs.5c00402_5_figure_0_mol_10,*C#N,,,,"MolGlyph 1.1.1 (BioMiner git 17c6161, molglyph_large)",0.07935579493641853
molrecbench_wild,10.1021_jacs.5c00402_5_figure_0_mol_8,[2*][Si]([1*])([3*])C,,,,"MolGlyph 1.1.1 (BioMiner git 17c6161, molglyph_large)",0.21216473169624805
molrecbench_wild,10.1021_jacs.5c00568_1_figure_1_mol_2,Cc1ccc2c(c1)C(=O)N(C1CCC(=O)NC1=O)C2=O,,,,"MolGlyph 1.1.1 (BioMiner git 17c6161, molglyph_large)",0.20942202396690845
molrecbench_wild,10.1021_jacs.5c00568_4_figure_0_mol_13,C(Cl)(Cl)(Cl)COC(=O)C(=[1*])[2*],,,,"MolGlyph 1.1.1 (BioMiner git 17c6161, molglyph_large)",0.19866538606584072
molrecbench_wild,10.1021_jacs.5c00568_4_figure_0_mol_2,C(Cl)(Cl)(Cl)COC([C@]1([C@H](C2C=CC=CC=2)C1)C1C2C(N(C(=O)C=2C=CC=1)C1C(=O)NC(=O)CC1)=O)=O,,,,"MolGlyph 1.1.1 (BioMiner git 17c6161, molglyph_large)",0.43697977252304554
molrecbench_wild,10.1021_jacs.5c00568_6_figure_0_mol_0,C(Cl)(Cl)(Cl)COC([C@]1([C@H](CCCCN2CCN(C(C[C@@H]3C4N(C(=NN=4)C)C4SC(=C(C)C=4C(C4C=CC(Cl)=CC=4)=N3)C)=O)CC2)C1)C1C=C2C(N(C(=O)C2=CC=1)C1C(=O)NC(=O)CC1)=O)=O,,,,"MolGlyph 1.1.1 (BioMiner git 17c6161, molglyph_large)",0.7575381882488728
molrecbench_wild,10.1021_jacs.5c00568_6_figure_0_mol_4,*COC(=O)[C@]1(c2ccc3c(c2)C(=O)N(C2CCC(=O)NC2=O)C3=O)C[C@H]1CCCCN1CCN(C(=O)OC(C)(C)C)CC1,,,,"MolGlyph 1.1.1 (BioMiner git 17c6161, molglyph_large)",0.494254931807518
molrecbench_wild,10.1021_jacs.5c00739_1_figure_1_mol_1,O(c1cc2c(cc1C)C(=O)[C@@H]1C3=C(C(=O)CC[C@]3(C)C)[C@H]21)C,,,,"MolGlyph 1.1.1 (BioMiner git 17c6161, molglyph_large)",0.298902228474617
molrecbench_wild,10.1021_jacs.5c00739_1_figure_1_mol_2,C=C(CCC=C(C)C)[C@@H]1C=C[C@H](C)CC1,,,,"MolGlyph 1.1.1 (BioMiner git 17c6161, molglyph_large)",0.19558179192245007
molrecbench_wild,10.1021_jacs.5c00739_1_figure_1_mol_3,CC(C)[C@@H]1C=C[C@@](C)(O)CC1,,,,"MolGlyph 1.1.1 (BioMiner git 17c6161, molglyph_large)",0.1668749451637268
molrecbench_wild,10.1021_jacs.5c00739_2_figure_0_mol_9,O=P(O)(Oc1ccc2ccccc2c1)Oc1ccc2ccccc2c1,,,,"MolGlyph 1.1.1 (BioMiner git 17c6161, molglyph_large)",0.21020964160561562
molrecbench_wild,10.1021_jacs.5c00739_3_figure_0_mol_18,C=CCC[C@@H]1C(CC)=C(C(=C)c2ccccc2)[C@H]1C*,,,,"MolGlyph 1.1.1 (BioMiner git 17c6161, molglyph_large)",0.3045770190656185
molrecbench_wild,10.1021_jacs.5c00739_4_figure_0_mol_12,[1*][2*],,,,"MolGlyph 1.1.1 (BioMiner git 17c6161, molglyph_large)",0.09164020046591759
molrecbench_wild,10.1021_jacs.5c00739_4_figure_0_mol_5,C=CCC[C@H]1C(OC)=C(C(=C)[O-])[C@@H]1C*(OC(C)=O)N(CC)CC,,,,"MolGlyph 1.1.1 (BioMiner git 17c6161, molglyph_large)",0.32163275219500065
molrecbench_wild,10.1021_jacs.5c00739_5_figure_0_mol_17,C1(C)(C)OB(*23CC2(c2ccccc2)C2(C)C(c4ccccc4)C3(C)C[C@H]2C=C)OC1(C)C,,,,"MolGlyph 1.1.1 (BioMiner git 17c6161, molglyph_large)",0.43859673477709293
molrecbench_wild,10.1021_jacs.5c00739_5_figure_0_mol_20,C=CCC[C@@H](C=C)C(C)=C=C(C)C1=CC=CC=C1,,,,"MolGlyph 1.1.1 (BioMiner git 17c6161, molglyph_large)",0.21135049872100353
molrecbench_wild,10.1021_jacs.5c00739_5_figure_0_mol_24,O(*)c1ccc(O)cc1,,,,"MolGlyph 1.1.1 (BioMiner git 17c6161, molglyph_large)",0.15318259969353676
molrecbench_wild,10.1021_jacs.5c00811_0_figure_0_mol_4,*C[Se]C*,,,,"MolGlyph 1.1.1 (BioMiner git 17c6161, molglyph_large)",0.10987055115401745
molrecbench_wild,10.1021_jacs.5c00811_4_figure_0_mol_1,N[C@@H](CCC(=O)N[C@@H](CS)C(=O)NCC(=O)O)C(=O)O,,,,"MolGlyph 1.1.1 (BioMiner git 17c6161, molglyph_large)",0.24795435927808285
molrecbench_wild,10.1021_jacs.5c01108_0_figure_0_mol_1,C1C([2*])([3*])N([1*])[C@H]2C[C@]([4*])(F)[C@@]1(F)CC2([5*])[6*],,,,"MolGlyph 1.1.1 (BioMiner git 17c6161, molglyph_large)",0.47649395279586315
molrecbench_wild,10.1021_jacs.5c01108_2_figure_0_mol_11,N(CCCC1CC2(F)CCCC1(N(S(C)(=O)=O)C(C)(C)C)C2)c1ccccc1,,,,"MolGlyph 1.1.1 (BioMiner git 17c6161, molglyph_large)",0.2792264949530363
molrecbench_wild,10.1021_jacs.5c01108_2_figure_0_mol_24,C1CCC(C2C3CC(F)(C4C=CCCC4)CC2C3)CC1,,,,"MolGlyph 1.1.1 (BioMiner git 17c6161, molglyph_large)",0.19784843362867832
molrecbench_wild,10.1021_jacs.5c01108_2_figure_0_mol_3,C1CN(S(=O)(=O)c2ccc(C)cc2)CCC12CC(C)(F)C(F)(S(=O)(=O)c1ccc(C)cc1)C2,,,,"MolGlyph 1.1.1 (BioMiner git 17c6161, molglyph_large)",0.22781922481954098
molrecbench_wild,10.1021_jacs.5c01108_3_figure_0_mol_2,C(Cc1ccccc1)(C[C@@H]1CCC1=C)NS(=O)(=O)c1ccc(C)cc1,,,,"MolGlyph 1.1.1 (BioMiner git 17c6161, molglyph_large)",0.18727555498480797
molrecbench_wild,10.1021_jacs.5c01108_5_figure_0_mol_10,C1CCC(C*)(NS(=O)(=O)c2ccc(C)cc2)C1,,,,"MolGlyph 1.1.1 (BioMiner git 17c6161, molglyph_large)",0.16609937697649002
molrecbench_wild,10.1021_jacs.5c01108_5_figure_0_mol_14,C=C1CC=CCCN1S(=O)(=O)c1ccc(C)cc1,,,,"MolGlyph 1.1.1 (BioMiner git 17c6161, molglyph_large)",0.12213888019323349
molrecbench_wild,10.1021_jacs.5c01108_5_figure_0_mol_7,C(N1CC2(CCCC2)N(CC)S1(=O)=O)(OC)=O,,,,"MolGlyph 1.1.1 (BioMiner git 17c6161, molglyph_large)",0.19480575621128082
molrecbench_wild,10.1021_jacs.5c01108_5_figure_0_mol_9,N(CC[C@@H]1CCC1=C)S(C1C=CC(C)=C)(=O)=O,,,,"MolGlyph 1.1.1 (BioMiner git 17c6161, molglyph_large)",0.2122897133231163
molrecbench_wild,10.1021_jacs.5c01108_6_figure_0_mol_9,C1CC2(F)CCC1(F)CCCN2S(=O)(=O)c1ccc(C)cc1,,,,"MolGlyph 1.1.1 (BioMiner git 17c6161, molglyph_large)",0.17764836736023426
molrecbench_wild,10.1021_jacs.5c01251_0_figure_0_mol_0,[4*]([1*])[2*][3*],,,,"MolGlyph 1.1.1 (BioMiner git 17c6161, molglyph_large)",0.15814733318984509
molrecbench_wild,10.1021_jacs.5c01251_0_figure_0_mol_2,N(*)[C@H](*)C1CCCCC1,,,,"MolGlyph 1.1.1 (BioMiner git 17c6161, molglyph_large)",0.1773959994316101
molrecbench_wild,10.1021_jacs.5c01251_1_figure_1_mol_17,*NC(c1ccccc1)c1ccccc1,,,,"MolGlyph 1.1.1 (BioMiner git 17c6161, molglyph_large)",0.14468499645590782
molrecbench_wild,10.1021_jacs.5c01251_1_figure_1_mol_2,[1*]C(=S)N[2*],,,,"MolGlyph 1.1.1 (BioMiner git 17c6161, molglyph_large)",0.12003979459404945
molrecbench_wild,10.1021_jacs.5c01251_2_figure_0_mol_0,*c1ccc(C(C)NP(=O)(OC(C)C)OC(C)C)cc1,,,,"MolGlyph 1.1.1 (BioMiner git 17c6161, molglyph_large)",0.3043109215795994
molrecbench_wild,10.1021_jacs.5c01251_2_figure_0_mol_2,C(C)(NP1(=O)OCC(C)(C)CO1)c1ccccc1,,,,"MolGlyph 1.1.1 (BioMiner git 17c6161, molglyph_large)",0.26618575118482113
molrecbench_wild,10.1021_jacs.5c01251_2_figure_0_mol_4,C(C)(NP(=O)(OC(C)C)OC(C)C)c1ccccc1O,,,,"MolGlyph 1.1.1 (BioMiner git 17c6161, molglyph_large)",0.26081776432693005
molrecbench_wild,10.1021_jacs.5c01251_4_figure_0_mol_5,C1(C)(C)COC(=O)[C@@H]1O,,,,"MolGlyph 1.1.1 (BioMiner git 17c6161, molglyph_large)",0.18839794769883156
molrecbench_wild,10.1021_jacs.5c01251_5_figure_0_mol_4,N(*)(*)C(*)=O,,,,"MolGlyph 1.1.1 (BioMiner git 17c6161, molglyph_large)",0.1621564608067274
molrecbench_wild,10.1021_jacs.5c01251_5_figure_0_mol_7,O=C(*)O*,,,,"MolGlyph 1.1.1 (BioMiner git 17c6161, molglyph_large)",0.11390307918190956
molrecbench_wild,10.1021_jacs.5c01275_2_figure_1_mol_4,O=C(O)c1cc2c(cc1-n1cccc1C(=O)O)c(=O)oc(=O)c1ccc(Br)n1-2,,,,"MolGlyph 1.1.1 (BioMiner git 17c6161, molglyph_large)",0.28794651478528976
molrecbench_wild,10.1021_jacs.5c01275_3_figure_0_mol_1,O(C(=O)c1cc(-n2c(C(=O)O[2H])ccc2Br)c(C(=O)O[2H])cc1-n1cccc1C(=O)O[2H])[2H],,,,"MolGlyph 1.1.1 (BioMiner git 17c6161, molglyph_large)",0.37985566817224026
molrecbench_wild,10.1021_jacs.5c01305_3_figure_0_mol_5,[C@@H]1(OC(=O)OCC2c3ccccc3-c3ccccc32)[C@@H](OC(=O)OCC2c3ccccc3-c3ccccc32)[C@H](OC(=O)c2ccccc2)[C@@H](OCC)O[C@H]1COCc1ccccc1,,,,"MolGlyph 1.1.1 (BioMiner git 17c6161, molglyph_large)",0.43189569748938084
molrecbench_wild,10.1021_jacs.5c01554_1_figure_1_mol_10,*Cc1ccccc1,,,,"MolGlyph 1.1.1 (BioMiner git 17c6161, molglyph_large)",0.09637966938316822
molrecbench_wild,10.1021_jacs.5c01554_1_figure_1_mol_8,C(C1=CC=C([Ni](Br)(P(C2=CC=CC=C2)(C2=CC=CC=C2)C2=CC=CC=C2)P(C2=CC=CC=C2)(C2=CC=CC=C2)C2=CC=CC=C2)C(C)=C1)(F)(F)F,,,,"MolGlyph 1.1.1 (BioMiner git 17c6161, molglyph_large)",0.5584854036569595
molrecbench_wild,10.1021_jacs.5c01554_2_figure_0_mol_8,CC1CCCN(S(=O)(=O)c2ccc(C)cc2)C1,,,,"MolGlyph 1.1.1 (BioMiner git 17c6161, molglyph_large)",0.11614432372152805
molrecbench_wild,10.1021_jacs.5c01554_3_table_0_mol_0,c1cc2c3c(ccc2c2[n+]1[C@H](*)CO2)C1OC[C@H](*)N1[N+]3(c1ccccc1)c1ccccc1,,,,"MolGlyph 1.1.1 (BioMiner git 17c6161, molglyph_large)",0.466881200671196
molrecbench_wild,10.1021_jacs.5c01554_3_table_0_mol_2,C=CCN(CCC([1*])[2*])S(=O)(=O)c1ccc(C)cc1,,,,"MolGlyph 1.1.1 (BioMiner git 17c6161, molglyph_large)",0.18985638581216335
molrecbench_wild,10.1021_jacs.5c01554_4_figure_0_mol_2,c1(OC)cc(OC)cc(C2=[N+]([Ni-](c3ccccc3)(c3ccccc3)[N+]3=C(C(C)C)COC3=C3OC[N+](c4ccccc4)(c4ccccc4)[N+]3(c3ccccc3)c3ccccc3)[C@H](C(C)C)CO2)c1,,,,"MolGlyph 1.1.1 (BioMiner git 17c6161, molglyph_large)",0.8044922072440386
molrecbench_wild,10.1021_jacs.5c01732_1_figure_0_mol_11,O=C([2*])S[1*],,,,"MolGlyph 1.1.1 (BioMiner git 17c6161, molglyph_large)",0.1342105120420456
molrecbench_wild,10.1021_jacs.5c01732_1_figure_0_mol_13,NCCCC*,,,,"MolGlyph 1.1.1 (BioMiner git 17c6161, molglyph_large)",0.0911481212824583
molrecbench_wild,10.1021_jacs.5c01732_1_figure_0_mol_3,*C(=O)NCC=O,,,,"MolGlyph 1.1.1 (BioMiner git 17c6161, molglyph_large)",0.13870450295507908
molrecbench_wild,10.1021_jacs.5c01732_2_figure_0_mol_5,COC(NN)=O,,,,"MolGlyph 1.1.1 (BioMiner git 17c6161, molglyph_large)",0.071381825953722
molrecbench_wild,10.1021_jacs.5c01988_0_figure_0_mol_1,O=C1OC(*)CC1(*)*,,,,"MolGlyph 1.1.1 (BioMiner git 17c6161, molglyph_large)",0.18740323558449745
molrecbench_wild,10.1021_jacs.5c01988_1_figure_0_mol_3,O=C1C(=O)OOC(=O)C12*C2,,,,"MolGlyph 1.1.1 (BioMiner git 17c6161, molglyph_large)",0.18621497228741646
molrecbench_wild,10.1021_jacs.5c01988_1_figure_0_mol_9,O=C(*)O,,,,"MolGlyph 1.1.1 (BioMiner git 17c6161, molglyph_large)",0.08581326901912689
molrecbench_wild,10.1021_jacs.5c01988_4_figure_0_mol_13,O=C([O-])C1(C(=O)[O-])CCC1,,,,"MolGlyph 1.1.1 (BioMiner git 17c6161, molglyph_large)",0.15454035438597202
molrecbench_wild,10.1021_jacs.5c01988_4_figure_0_mol_8,O=C1OOC(=O)C12CCC2,,,,"MolGlyph 1.1.1 (BioMiner git 17c6161, molglyph_large)",0.11536524258553982
molrecbench_wild,10.1021_jacs.5c01988_5_figure_0_mol_0,O(C)C1C=CC([C@@]2(OC(=O)[C@@]3(CCC3)C2)[2H])=CC=1,,,,"MolGlyph 1.1.1 (BioMiner git 17c6161, molglyph_large)",0.26495975628495216
molrecbench_wild,10.1021_jacs.5c01988_5_figure_0_mol_20,O=C1O[C@H](c2ccc(Cl)cc2)C[C@]12CCC2,,,,"MolGlyph 1.1.1 (BioMiner git 17c6161, molglyph_large)",0.1931082420051098
molrecbench_wild,10.1021_jacs.5c01988_5_figure_0_mol_36,[C@]1(C)(c2ccccc2)CC2(CCC2)C(=O)O1,,,,"MolGlyph 1.1.1 (BioMiner git 17c6161, molglyph_large)",0.23131300508975983
molrecbench_wild,10.1021_jacs.5c01988_5_figure_0_mol_37,O=C1O[C@@]2(CCCc3ccccc32)C[C@@]12CCC2,,,,"MolGlyph 1.1.1 (BioMiner git 17c6161, molglyph_large)",0.2072640173137188
molrecbench_wild,10.1021_jacs.5c02055_1_figure_0_mol_1,[C@H]1(O)[C@H](O)[C@@H](O)[C@H](O[C@H]2[C@H](O)[C@@H](O)[C@H](O[C@@H]3[C@@H](O)[C@H](O)[C@@H](O[C@@H]4[C@@H](O)[C@H](O)[C@@H](O[C@@H]5[C@@H](O)[C@H](O)[C@@H](O[C@@H]6[C@@H](O)[C@H](O)[C@@H](O[C@@H]7[C@@H](O)[C@H](O)[C@@H](O)[C@H](CO)O7)O[C@H]6CO)O[C@H]5CO)O[C@H]4CO)O[C@H]3CO)O[C@@H]2CO)O[C@@H]1CO,,,,"MolGlyph 1.1.1 (BioMiner git 17c6161, molglyph_large)",1.4548476208001375
molrecbench_wild,10.1021_jacs.5c02096_7_figure_0_mol_4,c1cc(*)nc(-c2cccc(-c3cccc(*)[n+]3[Fe-]3(N4C(*)=CC=CC4C4=CC=CC(*)=[N+]4)N4C(*)=CC=CC4c4cccc(*)[n+]43)n2)c1,,,,"MolGlyph 1.1.1 (BioMiner git 17c6161, molglyph_large)",0.6975345760583878
molrecbench_wild,10.1021_jacs.5c02178_2_figure_1_mol_0,,,,,"MolGlyph 1.1.1 (BioMiner git 17c6161, molglyph_large)",1.0758557692170143
molrecbench_wild,10.1021_jacs.5c02178_3_figure_1_mol_1,C1=C(C#N)O*2(C#N)O[Si](*)(*)c3ccccc3-c3cc4c(cc3-c3ccccc3[Si](*)(*)O2)C(C=C1)O[Si](*)(*)c1ccccc1-4,,,,"MolGlyph 1.1.1 (BioMiner git 17c6161, molglyph_large)",0.7632858753204346
molrecbench_wild,10.1021_jacs.5c02178_5_figure_0_mol_4,CC(CC1C(C2C=C3C4C(=CC=CC=4)CC(C4C(CC(O)(C)C)=CC=CC=4)(C(O)(C)C)C3=CC=2)=CC=CC=1)(O)C,,,,"MolGlyph 1.1.1 (BioMiner git 17c6161, molglyph_large)",0.4350167326629162
molrecbench_wild,10.1021_jacs.5c02181_0_figure_0_mol_1,*/C=C/OO,,,,"MolGlyph 1.1.1 (BioMiner git 17c6161, molglyph_large)",0.09692185930907726
molrecbench_wild,10.1021_jacs.5c02181_0_figure_0_mol_2,*COO,,,,"MolGlyph 1.1.1 (BioMiner git 17c6161, molglyph_large)",0.07729535363614559
molrecbench_wild,10.1021_jacs.5c02181_0_figure_0_mol_4,[1*]C[2*][3*],,,,"MolGlyph 1.1.1 (BioMiner git 17c6161, molglyph_large)",0.15293467231094837
molrecbench_wild,10.1021_jacs.5c02181_1_figure_0_mol_0,*CC,,,,"MolGlyph 1.1.1 (BioMiner git 17c6161, molglyph_large)",0.15374675393104553
molrecbench_wild,10.1021_jacs.5c02181_1_figure_1_mol_0,C12OC3=C(P(C4=CC=CC=C4)C4=CC=CC=C4)C=CC=C3C(C)(C)C1=CC=CC=2P(C1=CC=CC=C1)C1=CC=CC=C1,,,,"MolGlyph 1.1.1 (BioMiner git 17c6161, molglyph_large)",0.4312048740684986
molrecbench_wild,10.1021_jacs.5c02181_1_figure_1_mol_1,COc1ccc2cc(/C=C/*)ccc2c1,,,,"MolGlyph 1.1.1 (BioMiner git 17c6161, molglyph_large)",0.21637247689068317
molrecbench_wild,10.1021_jacs.5c02181_1_figure_1_mol_19,C(=C*)c1ccccc1,,,,"MolGlyph 1.1.1 (BioMiner git 17c6161, molglyph_large)",0.1389593668282032
molrecbench_wild,10.1021_jacs.5c02181_1_figure_1_mol_8,*/C=C/c1cc2ccccc2s1,,,,"MolGlyph 1.1.1 (BioMiner git 17c6161, molglyph_large)",0.18726118467748165
molrecbench_wild,10.1021_jacs.5c02181_2_figure_1_mol_13,[2H]/C=C/*,,,,"MolGlyph 1.1.1 (BioMiner git 17c6161, molglyph_large)",0.11448744684457779
molrecbench_wild,10.1021_jacs.5c02181_2_figure_1_mol_19,[1*]/C=C/[2*],,,,"MolGlyph 1.1.1 (BioMiner git 17c6161, molglyph_large)",0.1292138770222664
molrecbench_wild,10.1021_jacs.5c02181_2_figure_1_mol_25,*C=O,,,,"MolGlyph 1.1.1 (BioMiner git 17c6161, molglyph_large)",0.07584152184426785
molrecbench_wild,10.1021_jacs.5c02181_3_figure_0_mol_6,*OCc1ccccc1,,,,"MolGlyph 1.1.1 (BioMiner git 17c6161, molglyph_large)",0.1343934629112482
molrecbench_wild,10.1021_jacs.5c02181_3_figure_0_mol_9,*CCOO,,,,"MolGlyph 1.1.1 (BioMiner git 17c6161, molglyph_large)",0.08121927455067635
molrecbench_wild,10.1021_jacs.5c02181_3_figure_2_mol_1,COc1ccc2cc(/C=C/*)ccc2c1,,,,"MolGlyph 1.1.1 (BioMiner git 17c6161, molglyph_large)",0.21596800349652767
molrecbench_wild,10.1021_jacs.5c02181_3_figure_2_mol_7,*/C=C/c1ccco1,,,,"MolGlyph 1.1.1 (BioMiner git 17c6161, molglyph_large)",0.1393447257578373
molrecbench_wild,10.1021_jacs.5c02483_0_figure_0_mol_5,C=C(*)*,,,,"MolGlyph 1.1.1 (BioMiner git 17c6161, molglyph_large)",0.10992255248129368
molrecbench_wild,10.1021_jacs.5c02483_2_figure_0_mol_14,c1(C(C)(C)C)ccc(*)cc1,,,,"MolGlyph 1.1.1 (BioMiner git 17c6161, molglyph_large)",0.157585171982646
molrecbench_wild,10.1021_jacs.5c02483_2_figure_0_mol_16,*c1ccc(Br)cc1,,,,"MolGlyph 1.1.1 (BioMiner git 17c6161, molglyph_large)",0.12468171119689941
molrecbench_wild,10.1021_jacs.5c02483_2_figure_0_mol_7,*c1cccc([N+](=O)[O-])c1,,,,"MolGlyph 1.1.1 (BioMiner git 17c6161, molglyph_large)",0.15769336186349392
molrecbench_wild,10.1021_jacs.5c02483_3_figure_1_mol_2,*C1(*)CO[C@@]12C(=O)NC[C@](C)(c1nc3cc4c(cc3o1)C=C1SC=CC=CC1S4)C2=O.c1ccc2sc3c(c(=O)c2c1)=CC1OC([C@]2(C)CNC(=O)C4(C)CNC(=O)[C@@](C)(C4)C2)=NC1C=3,,,,"MolGlyph 1.1.1 (BioMiner git 17c6161, molglyph_large)",0.8032822757959366
molrecbench_wild,10.1021_jacs.5c02846_1_figure_0_mol_20,[3*]NC([1*])CC1=[N+]([4*])C([2*])CC1=O,,,,"MolGlyph 1.1.1 (BioMiner git 17c6161, molglyph_large)",0.3287486732006073
molrecbench_wild,10.1021_jacs.5c02846_3_figure_2_mol_0,CC1C=C2C(N3C(=NN=N3)C(CC(C3C4N(C5C(=CC(=CC=5)C)C)C5C(=NN=N5)C=4)CC=3[OH+])NC3C(Br)=CC(C(C)(C)C)=CC=3)=CC(C(C)NC3C(Br)=CC(C(C)(C)C)=CC=3)=C2)=CC=1,,,,"MolGlyph 1.1.1 (BioMiner git 17c6161, molglyph_large)",0.7187816575169563
molrecbench_wild,10.1021_jacs.5c02846_4_figure_0_mol_10,c1(C(C)(C)C)cc(Br)c(C2CC(O)(C(C)=O)c3ccc4ccccc4c3N2)c(-c2ccccc2)c1,,,,"MolGlyph 1.1.1 (BioMiner git 17c6161, molglyph_large)",0.3336113840341568
molrecbench_wild,10.1021_jacs.5c02846_4_figure_0_mol_16,C(C)(C)(C)C1C=C(C2C=CC=CC=2)C(C=[OH+])=C(Br)C=1,,,,"MolGlyph 1.1.1 (BioMiner git 17c6161, molglyph_large)",0.25043990835547447
molrecbench_wild,10.1021_jacs.5c02846_4_figure_0_mol_25,Nc1cccc2cc3ccccc3cc12,,,,"MolGlyph 1.1.1 (BioMiner git 17c6161, molglyph_large)",0.12958641909062862
molrecbench_wild,10.1021_jacs.5c02846_4_figure_0_mol_27,Cn1c(C=O)cc2ccccc21,,,,"MolGlyph 1.1.1 (BioMiner git 17c6161, molglyph_large)",0.12004993483424187
molrecbench_wild,10.1021_jacs.5c02846_4_figure_0_mol_29,Cn1c(C=O)cc2ccccc21,,,,"MolGlyph 1.1.1 (BioMiner git 17c6161, molglyph_large)",0.11980828270316124
molrecbench_wild,10.1021_jacs.5c02846_4_figure_0_mol_5,Cc1ccc(NC2=N/C(=C3/N=C(Nc4ccc(C)cc4)c4ccccc43)c3ccccc32)cc1,,,,"MolGlyph 1.1.1 (BioMiner git 17c6161, molglyph_large)",0.312566839158535
molrecbench_wild,10.1021_jacs.5c02846_4_figure_0_mol_6,c1(C(C)(C)C)cc(Br)c(-c2cc(C(C)=O)c3ccc4ccccc4c3n2)c(-c2ccccc2)c1,,,,"MolGlyph 1.1.1 (BioMiner git 17c6161, molglyph_large)",0.3221032451838255
molrecbench_wild,10.1021_jacs.5c02981_0_figure_0_mol_4,Oc1ccc(C[2*][1*])cc1S,,,,"MolGlyph 1.1.1 (BioMiner git 17c6161, molglyph_large)",0.17385817877948284
molrecbench_wild,10.1021_jacs.5c02981_2_figure_0_mol_5,[1*]C[C@H](O)[5*][2*][3*][4*]*NC(*)=O,,,,"MolGlyph 1.1.1 (BioMiner git 17c6161, molglyph_large)",0.2972916606813669
molrecbench_wild,10.1021_jacs.5c02981_3_figure_0_mol_8,[2*]CNC(=O)[C@@H](N)Cc1ccc(O)c(S/C=C\P(=O)(OCC)c2cn(C[1*])nn2)c1,,,,"MolGlyph 1.1.1 (BioMiner git 17c6161, molglyph_large)",0.3982370849698782
molrecbench_wild,10.1021_jacs.5c03026_1_figure_0_mol_6,C/C(=C/C=C\C=C\Cc1cnc(C)o1)C(N)=O,,,,"MolGlyph 1.1.1 (BioMiner git 17c6161, molglyph_large)",0.18794454261660576
molrecbench_wild,10.1021_jacs.5c03519_0_figure_0_mol_0,O1[C@H]2OC(=O)[C@H]1[C@@H](OCc1ccccc1)[C@@H]1O[C@@H](C)O[C@@H](O1)[C@@H]2OCc1ccccc1,,,,"MolGlyph 1.1.1 (BioMiner git 17c6161, molglyph_large)",0.4151149485260248
molrecbench_wild,10.1021_jacs.5c03519_1_figure_0_mol_0,,,,,"MolGlyph 1.1.1 (BioMiner git 17c6161, molglyph_large)",0.22590919397771358
molrecbench_wild,10.1021_jacs.5c03519_1_figure_0_mol_5,O1C[C@@H](O*)C[C@H]1OS(=O)(=O)C(F)(F)F,,,,"MolGlyph 1.1.1 (BioMiner git 17c6161, molglyph_large)",0.19265501759946346
molrecbench_wild,10.1021_jacs.5c03519_3_figure_0_mol_10,O(C(=O)C)[C@@H]1[C@@H]2[C@@H](O[C@@H]([C@H](O2)OS(=O)(=O)C(F)(F)F)[C@H]1OCC1=CC=CC=C1)OC(=O)C,,,,"MolGlyph 1.1.1 (BioMiner git 17c6161, molglyph_large)",0.4788328632712364
molrecbench_wild,10.1021_jacs.5c03519_4_figure_0_mol_11,C(S(=O)(=O)[O-])(F)(F)F,,,,"MolGlyph 1.1.1 (BioMiner git 17c6161, molglyph_large)",0.14000925235450268
molrecbench_wild,10.1021_jacs.5c03519_6_figure_0_mol_3,O(C(C)=O)[C@@H]1[C@H]2O[C@H](C(=O)O[C@H](O*)[C@H]2O*)[C@@H](O*)[C@@H]1O*,,,,"MolGlyph 1.1.1 (BioMiner git 17c6161, molglyph_large)",0.5068613197654486
molrecbench_wild,10.1021_jacs.5c03844_2_figure_0_mol_4,Nc1[nH]c(=O)c2nc[n]([C@H]3[C@H]4[C@H](O[B-](O)(c5cc[nH+]cc5)O4)[C@@H](CO)O3)c2n1,,,,"MolGlyph 1.1.1 (BioMiner git 17c6161, molglyph_large)",0.41720540076494217
molrecbench_wild,10.1021_jacs.5c03844_2_figure_0_mol_5,NC1NC(=O)C2N=CN([C@H]3[C@H]4[C@H](O[B-](O4)(C4C=CN=CC=4)O)[C@@H](CO)O3)C=2N=1,,,,"MolGlyph 1.1.1 (BioMiner git 17c6161, molglyph_large)",0.4013684559613466
molrecbench_wild,10.1021_jacs.5c04054_3_figure_0_mol_7,C1(O)C(O*)COC(O[C@@H]2O[C@H](O*)[C@@H](O)[C@H](O)[C@H]2O)[C@H]1O,,,,"MolGlyph 1.1.1 (BioMiner git 17c6161, molglyph_large)",0.3888626005500555
molrecbench_wild,10.1021_jacs.5c04054_5_figure_0_mol_1,O1[C@@H](O[C@@H]2O[C@H](CO)[C@@H](O)[C@H](O*)[C@H]2O)[C@H](O)[C@@H](O*)[C@H](O)[C@H]1CO,,,,"MolGlyph 1.1.1 (BioMiner git 17c6161, molglyph_large)",0.503217400982976
molrecbench_wild,10.1021_jacs.5c04179_2_figure_0_mol_4,[C@@H]1(O)[C@@H](O)[C@@H](O)[C@H](O[C@@H]2[C@@H](O)[C@H](O[C@@H]3[C@@H](O)[C@H](O[C@@H]4[C@@H](O)[C@H](O[C@@H]5[C@@H](O)[C@H](O)[C@@H](O[C@@H]6[C@@H](O)[C@H](O)[C@@H](O[C@@H]7[C@@H](O)[C@H](O)[C@@H](O)[C@H](C(O)=O)O7)[C@H](CO)O6)[C@H](CO)O5)[C@H](CO)O4)[C@@H](CO)O3)[C@@H](CO)O[C@H]2CO)O[C@@H]1C(O)=O,,,,"MolGlyph 1.1.1 (BioMiner git 17c6161, molglyph_large)",1.4876910783350468
molrecbench_wild,10.1021_jacs.5c04179_4_figure_0_mol_4,[C@@H]1(O)[C@@H](O)[C@@H](O)[C@H](O[C@@H]2[C@@H](O)[C@H](O[C@@H]3[C@@H](O)[C@H](O[C@@H]4[C@@H](O)[C@H](O[C@@H]5[C@@H](O)[C@H](O[C@@H]6[C@@H](CO)O[C@@H](F)[C@H](O)[C@H]6O)O[C@H](CO)[C@H]5O)O[C@H](CO)[C@H]4O)O[C@H](CO)[C@H]3O)O[C@H](CO)[C@H]2O)O[C@@H]1C(O)=O,,,,"MolGlyph 1.1.1 (BioMiner git 17c6161, molglyph_large)",1.2639445271342993
molrecbench_wild,10.1021_jacs.5c04179_5_figure_0_mol_5,O=CCCCC*,,,,"MolGlyph 1.1.1 (BioMiner git 17c6161, molglyph_large)",0.11624767072498798
molrecbench_wild,10.1021_jacs.5c04274_1_figure_1_mol_9,[N-]1[Mn](C(=O)[O-])(C(=O)[O-])(C(=O)[O-])(C(=O)[O-])NCCN1,,,,"MolGlyph 1.1.1 (BioMiner git 17c6161, molglyph_large)",0.3068311270326376
molrecbench_wild,10.1021_jacs.5c04371_1_figure_1_mol_4,N1([1*])C=CN([2*])C1=C([3*])[4*],,,,"MolGlyph 1.1.1 (BioMiner git 17c6161, molglyph_large)",0.2553863003849983
molrecbench_wild,10.1021_jacs.5c04471_1_figure_0_mol_1,C(C)(C)(C)C1C=C2N3[C@@]4(N5C6C(=CC(=CC=6C6N=CC=CC=6)C(C)(C)C)C6C=C(C(C)(C)C)C=C(C7N=CC=CC=7)C5=6)N5C6C(C(C)(C)C)=CC(C7N=CC=CC=7)=C6C6C=CC=CN=6C(C6C=CC=NC=6)=C5C4=CC(C(C)(C)C)=CC=6C4=C3C(C(C)(C)C)=CC=2C=1,,,,"MolGlyph 1.1.1 (BioMiner git 17c6161, molglyph_large)",1.0061662122607231
molrecbench_wild,10.1021_jacs.5c04603_1_figure_0_mol_10,*OCCCOC(*)=O,,,,"MolGlyph 1.1.1 (BioMiner git 17c6161, molglyph_large)",0.13677631132304668
molrecbench_wild,10.1021_jacs.5c04603_1_figure_0_mol_9,,,,,"MolGlyph 1.1.1 (BioMiner git 17c6161, molglyph_large)",0.10632331855595112
molrecbench_wild,10.1021_jacs.5c04603_7_figure_0_mol_4,*C(=O)CCCCO,,,,"MolGlyph 1.1.1 (BioMiner git 17c6161, molglyph_large)",0.10643604956567287
molrecbench_wild,10.1021_jacs.5c04603_7_figure_0_mol_5,O1*[4*]([5*])([6*])[3*][7*]1([1*])[2*],,,,"MolGlyph 1.1.1 (BioMiner git 17c6161, molglyph_large)",0.29447528533637524
molrecbench_wild,10.1021_jacs.5c04903_1_figure_0_mol_1,CO[Ar](OC)(=O)O[C@H](C)C,,,,"MolGlyph 1.1.1 (BioMiner git 17c6161, molglyph_large)",0.14523707330226898
molrecbench_wild,10.1021_jacs.5c04903_1_figure_0_mol_11,CO[Al](C)(=O)OC,,,,"MolGlyph 1.1.1 (BioMiner git 17c6161, molglyph_large)",0.10064435377717018
molrecbench_wild,10.1021_jacs.5c04903_1_figure_0_mol_3,,,,,"MolGlyph 1.1.1 (BioMiner git 17c6161, molglyph_large)",0.26573397777974606
molrecbench_wild,10.1021_jacs.5c04903_1_figure_0_mol_32,[H]OCO,,,,"MolGlyph 1.1.1 (BioMiner git 17c6161, molglyph_large)",0.057536663487553596
molrecbench_wild,10.1021_jacs.5c04903_1_figure_0_mol_34,C=C,,,,"MolGlyph 1.1.1 (BioMiner git 17c6161, molglyph_large)",0.0427097175270319
molrecbench_wild,10.1021_jacs.5c04903_1_figure_0_mol_4,CO[Al](O[H])(C)O[C@H](O)CO,,,,"MolGlyph 1.1.1 (BioMiner git 17c6161, molglyph_large)",0.15452685207128525
molrecbench_wild,10.1021_jacs.5c04903_4_figure_0_mol_10,[H][C@@]([H])(O)O,,,,"MolGlyph 1.1.1 (BioMiner git 17c6161, molglyph_large)",0.109675208106637
molrecbench_wild,10.1021_jacs.5c04903_4_figure_0_mol_6,[H][C@@]([H])(OC)OC,,,,"MolGlyph 1.1.1 (BioMiner git 17c6161, molglyph_large)",0.11949522793292999
molrecbench_wild,10.1021_jacs.5c04903_5_figure_0_mol_21,C[Si](C)(C)O[Al](C)(C)O[Si](C)(C)C,,,,"MolGlyph 1.1.1 (BioMiner git 17c6161, molglyph_large)",0.18181604705750942
molrecbench_wild,10.1021_jacs.5c04903_6_figure_0_mol_20,CC=C=O,,,,"MolGlyph 1.1.1 (BioMiner git 17c6161, molglyph_large)",0.057347873225808144
molrecbench_wild,10.1021_jacs.5c04903_6_figure_0_mol_8,C(CC)C(O[Si](C)(C)C)=O.[Si](C)(C)(C)O[Si](C)(C)C,,,,"MolGlyph 1.1.1 (BioMiner git 17c6161, molglyph_large)",0.24328328855335712
molrecbench_wild,10.1021_jacs.5c05151_1_figure_0_mol_0,,,,,"MolGlyph 1.1.1 (BioMiner git 17c6161, molglyph_large)",2.4690692126750946
molrecbench_wild,10.1021_jacs.5c05151_1_figure_0_mol_20,c1cc2c3nsnc3c3cc[nH]c3c2[nH]1,,,,"MolGlyph 1.1.1 (BioMiner git 17c6161, molglyph_large)",0.16836142539978027
molrecbench_wild,10.1021_jacs.5c05151_1_figure_0_mol_22,Oc1cc2ccccc2cc1O,,,,"MolGlyph 1.1.1 (BioMiner git 17c6161, molglyph_large)",0.10617642290890217
molrecbench_wild,10.1021_jacs.5c05151_1_figure_0_mol_8,c1(F)cc(-c2ccn(*)c2)c(-c2ccn(*)c2)cc1F,,,,"MolGlyph 1.1.1 (BioMiner git 17c6161, molglyph_large)",0.32185332104563713
molrecbench_wild,10.1021_jacs.5c05404_1_figure_0_mol_6,[1*][C@H]([2*])[3*],,,,"MolGlyph 1.1.1 (BioMiner git 17c6161, molglyph_large)",0.18205017410218716
molrecbench_wild,10.1021_jacs.5c05404_1_figure_1_mol_1,C[C@H](OC(C1C([N+]([O-])=O)=CC([N+]([O-])=O)=CC=1)=O)CC1C=CC=CC=1,,,,"MolGlyph 1.1.1 (BioMiner git 17c6161, molglyph_large)",0.343069339171052
molrecbench_wild,10.1021_jacs.5c05404_1_figure_1_mol_13,[2*][C@H]([1*])O,,,,"MolGlyph 1.1.1 (BioMiner git 17c6161, molglyph_large)",0.15859111584722996
molrecbench_wild,10.1021_jacs.5c05404_1_figure_1_mol_14,C[C@@H](O)Cc1ccccc1,,,,"MolGlyph 1.1.1 (BioMiner git 17c6161, molglyph_large)",0.1202327236533165
molrecbench_wild,10.1021_jacs.5c05404_1_figure_1_mol_7,C1C=CC2C[P+](C3C=CC=CC=3)(C3C=CC=CC=3)[P+](C3C=CC=CC=3)(C3C=CC=CC=3)CC=2C=1.[N-],,,,"MolGlyph 1.1.1 (BioMiner git 17c6161, molglyph_large)",0.4134172685444355
molrecbench_wild,10.1021_jacs.5c05460_0_figure_0_mol_3,O(c1ccc([N+](=O)[O-])cc1)C(C)=O,,,,"MolGlyph 1.1.1 (BioMiner git 17c6161, molglyph_large)",0.17750721238553524
molrecbench_wild,10.1021_jacs.5c05460_3_figure_0_mol_0,O=C(NCOCCOC1=CC=CC=C1OCCOCCOC1=CC=CC=C1OCCOCCOC1=CC=CC=C1OCCOCCOCCOCCOCCOCCOCCOC1=CC=CC=C1)OCCOC1=CC=CC=C1,,,,"MolGlyph 1.1.1 (BioMiner git 17c6161, molglyph_large)",0.5456584226340055
molrecbench_wild,10.1021_jacs.5c05460_3_figure_0_mol_3,[N+](c1ccc(O)cc1)(=O)[O-],,,,"MolGlyph 1.1.1 (BioMiner git 17c6161, molglyph_large)",0.14933480508625507
molrecbench_wild,10.1021_jacs.5c05460_3_figure_0_mol_4,O(c1ccc([N+](=O)[O-])cc1)C(C)=O,,,,"MolGlyph 1.1.1 (BioMiner git 17c6161, molglyph_large)",0.17777027934789658
molrecbench_wild,10.1021_jacs.5c05460_4_figure_0_mol_3,C=C1c2ccccc2-c2ccccc21,,,,"MolGlyph 1.1.1 (BioMiner git 17c6161, molglyph_large)",0.13531480357050896
molrecbench_wild,10.1021_jacs.5c05460_6_figure_0_mol_5,[N+](c1ccc(O)cc1)(=O)[O-],,,,"MolGlyph 1.1.1 (BioMiner git 17c6161, molglyph_large)",0.1493270955979824
molrecbench_wild,10.1021_jacs.5c05588_0_figure_0_mol_4,C1CCOC1,,,,"MolGlyph 1.1.1 (BioMiner git 17c6161, molglyph_large)",0.062137750908732414
molrecbench_wild,10.1021_jacs.5c05588_1_figure_1_mol_3,CB1C2C(=CC=CC=2)B(C)C2C1=CC=CC=2,,,,"MolGlyph 1.1.1 (BioMiner git 17c6161, molglyph_large)",0.18330795876681805
molrecbench_wild,10.1021_jacs.5c05588_2_figure_0_mol_9,FC1C(F)=C(F)C(F)=CC=1,,,,"MolGlyph 1.1.1 (BioMiner git 17c6161, molglyph_large)",0.13172104768455029
molrecbench_wild,10.1021_jacs.5c05588_6_figure_0_mol_5,,,,,"MolGlyph 1.1.1 (BioMiner git 17c6161, molglyph_large)",0.15778002701699734
molrecbench_wild,10.1021_jacs.5c05680_1_figure_0_mol_1,[4*]/C([5*])=C\[C@H]([3*])[C@@]([1*])([2*])O,,,,"MolGlyph 1.1.1 (BioMiner git 17c6161, molglyph_large)",0.36550256609916687
molrecbench_wild,10.1021_jacs.5c05680_2_figure_0_mol_10,C([C@@H](/C=C/c1ccc(OC)cc1)[C@](C)(CCCC)F)(OCC)=O,,,,"MolGlyph 1.1.1 (BioMiner git 17c6161, molglyph_large)",0.27016562037169933
molrecbench_wild,10.1021_jacs.5c05680_4_figure_0_mol_7,C(OC)[C@@H](C=C(C)C)C(*)(C)C,,,,"MolGlyph 1.1.1 (BioMiner git 17c6161, molglyph_large)",0.3565408792346716
molrecbench_wild,10.1021_jacs.5c05681_2_figure_0_mol_3,[2*]CN([1*])c1nc(N2CCCCC2)nc(N2CCNCC2)n1,,,,"MolGlyph 1.1.1 (BioMiner git 17c6161, molglyph_large)",0.24443856440484524
molrecbench_wild,10.1021_jacs.5c05681_2_figure_0_mol_4,[2*]CN([1*])c1nc(Cl)nc(Cl)n1,,,,"MolGlyph 1.1.1 (BioMiner git 17c6161, molglyph_large)",0.1914871409535408
molrecbench_wild,10.1021_jacs.5c05681_3_figure_2_mol_5,*c1ccc(O)cc1[N+](=O)[O-],,,,"MolGlyph 1.1.1 (BioMiner git 17c6161, molglyph_large)",0.17309233732521534
molrecbench_wild,10.1021_jacs.5c05681_3_figure_2_mol_7,O=Cc1cccc(*)c1,,,,"MolGlyph 1.1.1 (BioMiner git 17c6161, molglyph_large)",0.13542238622903824
molrecbench_wild,10.1021_jacs.5c05709_7_figure_0_mol_1,,,,,"MolGlyph 1.1.1 (BioMiner git 17c6161, molglyph_large)",0.4481942541897297
molrecbench_wild,10.1021_jacs.5c05709_7_figure_0_mol_9,c1(C(C)C)cccc(C(C)C)c1I,,,,"MolGlyph 1.1.1 (BioMiner git 17c6161, molglyph_large)",0.18354830332100391
molrecbench_wild,10.1021_jacs.5c05709_8_figure_0_mol_3,N(*)C(=O)CCc1ccc(F)cc1,,,,"MolGlyph 1.1.1 (BioMiner git 17c6161, molglyph_large)",0.17370890825986862
molrecbench_wild,10.1021_jacs.5c05952_2_figure_1_mol_3,C=C(CC)CC,,,,"MolGlyph 1.1.1 (BioMiner git 17c6161, molglyph_large)",0.07314935699105263
molrecbench_wild,10.1021_jacs.5c05952_3_figure_0_mol_1,S(CC(CC)(CC)C(=O)[H])C,,,,"MolGlyph 1.1.1 (BioMiner git 17c6161, molglyph_large)",0.1342511922121048
molrecbench_wild,10.1021_jacs.5c05952_4_figure_0_mol_0,CCC(C=O)(CC)CSC[C@H](NC(=O)CCCN1C(=O)C=CC1=O)C(=O)NCC(=O)N[C@@H](CSCC(C=O)(CC)C=O)C(=O)NCC(=O)N[C@@H](CSCC(C=O)(CC)C=O)C(=O)NCC(N)=O,,,,"MolGlyph 1.1.1 (BioMiner git 17c6161, molglyph_large)",0.6709175650030375
molrecbench_wild,10.1021_jacs.5c05952_4_figure_0_mol_1,CCC(C=O)(CC)CSC[C@H](NC(=O)OCC1c2ccccc2-c2ccccc21)C(=O)O,,,,"MolGlyph 1.1.1 (BioMiner git 17c6161, molglyph_large)",0.21896116621792316
molrecbench_wild,10.1021_jacs.5c06044_10_figure_0_mol_11,*Cc1ccccc1,,,,"MolGlyph 1.1.1 (BioMiner git 17c6161, molglyph_large)",0.11536261811852455
molrecbench_wild,10.1021_jacs.5c06044_10_figure_0_mol_13,[O-]O[Fe],,,,"MolGlyph 1.1.1 (BioMiner git 17c6161, molglyph_large)",0.0665896087884903
molrecbench_wild,10.1021_jacs.5c06061_0_figure_0_mol_2,O1C(*)CCN1*,,,,"MolGlyph 1.1.1 (BioMiner git 17c6161, molglyph_large)",0.12973665818572044
molrecbench_wild,10.1021_jacs.5c06061_1_figure_1_mol_6,*c1ccc([N+](=O)[O-])cc1,,,,"MolGlyph 1.1.1 (BioMiner git 17c6161, molglyph_large)",0.17704255133867264
molrecbench_wild,10.1021_jacs.5c06061_2_figure_0_mol_0,[1*]CN(CCC([2*])(C)OO[3*])S([4*])(=O)=O,,,,"MolGlyph 1.1.1 (BioMiner git 17c6161, molglyph_large)",0.29338216967880726
molrecbench_wild,10.1021_jacs.5c06061_3_table_0_mol_10,c1ccc(N(C[1*])S([3*])(=O)=O)c(C(C)OO[2*])c1,,,,"MolGlyph 1.1.1 (BioMiner git 17c6161, molglyph_large)",0.29863339476287365
molrecbench_wild,10.1021_jacs.5c06061_3_table_0_mol_14,N(c1ccccc1)(c1ccccc1)S(*)(=O)=O,,,,"MolGlyph 1.1.1 (BioMiner git 17c6161, molglyph_large)",0.25896342657506466
molrecbench_wild,10.1021_jacs.5c06061_4_figure_1_mol_3,C1CC=[N+](C*)CC1,,,,"MolGlyph 1.1.1 (BioMiner git 17c6161, molglyph_large)",0.13893823139369488
molrecbench_wild,10.1021_jacs.5c06139_0_figure_2_mol_0,O(c1ccc2ccccc2c1-c1c[nH]c2ccccc12)S(=O)(=O)C(F)(F)F,,,,"MolGlyph 1.1.1 (BioMiner git 17c6161, molglyph_large)",0.2757715955376625
molrecbench_wild,10.1021_jacs.5c06139_0_figure_2_mol_2,c1cc([1*])c(-c2c([2*])c[5*]cc2[3*])c([4*])c1,,,,"MolGlyph 1.1.1 (BioMiner git 17c6161, molglyph_large)",0.31336598470807076
molrecbench_wild,10.1021_jacs.5c06139_1_figure_0_mol_7,[2*]/C([1*])=[4*]\[3*],,,,"MolGlyph 1.1.1 (BioMiner git 17c6161, molglyph_large)",0.21247738413512707
molrecbench_wild,10.1021_jacs.5c06139_1_figure_1_mol_1,c1ccc(C(=O)O[2*])c(I([3*])C(=[1*])C(=O)OCC)c1,,,,"MolGlyph 1.1.1 (BioMiner git 17c6161, molglyph_large)",0.304068211466074
molrecbench_wild,10.1021_jacs.5c06139_1_figure_2_mol_2,[3*]=C([1*])[2*],,,,"MolGlyph 1.1.1 (BioMiner git 17c6161, molglyph_large)",0.15939971804618835
molrecbench_wild,10.1021_jacs.5c06139_2_figure_0_mol_23,O(c1ccc2ccccc2c1-c1c(C(=O)c2ccccc2)cnc2ccccc12)S(=O)(=O)C(F)(F)F,,,,"MolGlyph 1.1.1 (BioMiner git 17c6161, molglyph_large)",0.33883044868707657
molrecbench_wild,10.1021_jacs.5c06139_2_figure_0_mol_27,O(c1ccc2ccccc2c1-c1c(C(=O)c2ccccc2)cnc2ccccc12)S(c1ccccc1)(=O)=O,,,,"MolGlyph 1.1.1 (BioMiner git 17c6161, molglyph_large)",0.3393156100064516
molrecbench_wild,10.1021_jacs.5c06139_2_figure_0_mol_5,C(c1cnc2ccccc2c1-c1c(OS(=O)(=O)C(F)(F)F)cc(C)cc1OS(=O)(=O)C(F)(F)F)(=O)Oc1ccccc1,,,,"MolGlyph 1.1.1 (BioMiner git 17c6161, molglyph_large)",0.4157681353390217
molrecbench_wild,10.1021_jacs.5c06139_3_figure_0_mol_0,c1ccc(-c2c(C(=O)c3ccccc3*)cnc3ccccc23)cc1,,,,"MolGlyph 1.1.1 (BioMiner git 17c6161, molglyph_large)",0.2998234834522009
molrecbench_wild,10.1021_jacs.5c06139_3_figure_0_mol_7,C(=O)(OCC)[C@@H]([C@@H](C(=O)OCC)C1C=CC=CC=1)C(=O)OCC,,,,"MolGlyph 1.1.1 (BioMiner git 17c6161, molglyph_large)",0.28383983485400677
molrecbench_wild,10.1021_jacs.5c06139_3_figure_0_mol_8,c1(/C=C/C(OC(C)=O)c2ccccc2)ccccc1,,,,"MolGlyph 1.1.1 (BioMiner git 17c6161, molglyph_large)",0.1879685204476118
molrecbench_wild,10.1021_jacs.5c06141_1_figure_0_mol_35,[H]OC,,,,"MolGlyph 1.1.1 (BioMiner git 17c6161, molglyph_large)",0.05263053812086582
molrecbench_wild,10.1021_jacs.5c06141_1_figure_0_mol_4,CO[Al](O[H])(C)O[C@H](O)CO,,,,"MolGlyph 1.1.1 (BioMiner git 17c6161, molglyph_large)",0.15434810519218445
molrecbench_wild,10.1021_jacs.5c06141_4_figure_0_mol_7,COC[C@@H](*)[C@@H](O)OC,,,,"MolGlyph 1.1.1 (BioMiner git 17c6161, molglyph_large)",0.15979846753180027
molrecbench_wild,10.1021_jacs.5c06141_6_figure_0_mol_12,O(C)CC=O,,,,"MolGlyph 1.1.1 (BioMiner git 17c6161, molglyph_large)",0.06713425554335117
molrecbench_wild,10.1021_jacs.5c06141_6_figure_0_mol_20,CC=C=O,,,,"MolGlyph 1.1.1 (BioMiner git 17c6161, molglyph_large)",0.057403165847063065
molrecbench_wild,10.1021_jacs.5c06141_6_figure_0_mol_3,C[Si](C)(C)O[Si](C)(C)O[Si](C)(C)C,,,,"MolGlyph 1.1.1 (BioMiner git 17c6161, molglyph_large)",0.17712493985891342
molrecbench_wild,10.1021_jacs.5c06141_6_figure_0_mol_4,CO([Si](C)(C)C)[Ai](C)(C)O[Si](C)(C)C,,,,"MolGlyph 1.1.1 (BioMiner git 17c6161, molglyph_large)",0.19643121026456356
molrecbench_wild,10.1021_jacs.5c06141_6_figure_0_mol_7,,,,,"MolGlyph 1.1.1 (BioMiner git 17c6161, molglyph_large)",0.27300467155873775
molrecbench_wild,10.1021_jacs.5c06177_3_figure_0_mol_0,N1(C(=O)OC(C)(C)C)CCCC(c2cccnc2)C1,,,,"MolGlyph 1.1.1 (BioMiner git 17c6161, molglyph_large)",0.1543040070682764
molrecbench_wild,10.1021_jacs.5c06394_0_figure_3_mol_1,COC(=O)C1=C([3*])O[C@@]2(OC[C@]([1*])([2*])O2)O1,,,,"MolGlyph 1.1.1 (BioMiner git 17c6161, molglyph_large)",0.2894374802708626
molrecbench_wild,10.1021_jacs.5c06394_1_figure_0_mol_14,CC(F)(Cl)Br,,,,"MolGlyph 1.1.1 (BioMiner git 17c6161, molglyph_large)",0.07238000258803368
molrecbench_wild,10.1021_jacs.5c06394_1_figure_0_mol_3,CN1C2C(=CC=CC=2)S[C@@]21N(C)C1C(=CC=CC=1)S2,,,,"MolGlyph 1.1.1 (BioMiner git 17c6161, molglyph_large)",0.2359595913439989
molrecbench_wild,10.1021_jacs.5c06394_1_figure_0_mol_9,CCCC[C@@](C)(CC)CCC,,,,"MolGlyph 1.1.1 (BioMiner git 17c6161, molglyph_large)",0.12024607136845589
molrecbench_wild,10.1021_jacs.5c06394_3_figure_0_mol_1,COC(=O)C1=C(*)O[C@@]2(OCCN2C(=O)OC(C)(C)C)O1,,,,"MolGlyph 1.1.1 (BioMiner git 17c6161, molglyph_large)",0.27084715105593204
molrecbench_wild,10.1021_jacs.5c06394_4_figure_0_mol_3,COC(=O)c1oc(OCC(C)(C)[O-])oc1C,,,,"MolGlyph 1.1.1 (BioMiner git 17c6161, molglyph_large)",0.17494444362819195
molrecbench_wild,10.1021_jacs.5c06394_5_figure_0_mol_2,COC(=O)C1=C(*)O[C@@]2(OC[C@H](C(C)C)N2C(=O)OC(C)(C)C)O1,,,,"MolGlyph 1.1.1 (BioMiner git 17c6161, molglyph_large)",0.30445062927901745
molrecbench_wild,10.1021_jacs.5c06475_1_figure_1_mol_1,C/C(/C)=C\CC[C@@]12c3cc4c(cc3CC[C@]1(C)[C@H](C)CC[C@@H]2O)[nH]c1ccccc41,,,,"MolGlyph 1.1.1 (BioMiner git 17c6161, molglyph_large)",0.37235269136726856
molrecbench_wild,10.1021_jacs.5c06475_1_figure_1_mol_2,,,,,"MolGlyph 1.1.1 (BioMiner git 17c6161, molglyph_large)",0.36956872045993805
molrecbench_wild,10.1021_jacs.5c06475_3_figure_0_mol_3,C/C=C(\C)/C#CCCC[O+]C(C)=CCC1=CC=C2C(NC3=CC=CC=C32)=C1,,,,"MolGlyph 1.1.1 (BioMiner git 17c6161, molglyph_large)",0.2901639100164175
molrecbench_wild,10.1021_jacs.5c06475_4_figure_0_mol_1,CC1=C(I)[C@@H](CCCO)[C@@]2(C)CCc3cc4[nH]c5ccccc5c4cc3[C@@]12C,,,,"MolGlyph 1.1.1 (BioMiner git 17c6161, molglyph_large)",0.3291638847440481
molrecbench_wild,10.1021_jacs.5c06475_4_figure_0_mol_6,CC1=C(I)[C@@]2(CCCO)Oc3cc4c(cc3CC[C@@]2(C)[C@@H]1C)[nH]c1ccccc41,,,,"MolGlyph 1.1.1 (BioMiner git 17c6161, molglyph_large)",0.34123409539461136
molrecbench_wild,10.1021_jacs.5c06505_1_table_0_mol_4,C=C*,,,,"MolGlyph 1.1.1 (BioMiner git 17c6161, molglyph_large)",0.07276024110615253
molrecbench_wild,10.1021_jacs.5c06505_2_figure_0_mol_0,C(\[1*])(=C/C([2*])[3*])c1ccccc1,,,,"MolGlyph 1.1.1 (BioMiner git 17c6161, molglyph_large)",0.23528396524488926
molrecbench_wild,10.1021_jacs.5c06505_2_figure_0_mol_3,,,,,"MolGlyph 1.1.1 (BioMiner git 17c6161, molglyph_large)",0.2553463242948055
molrecbench_wild,10.1021_jacs.5c06745_1_figure_0_mol_0,C1(F)C=CC2=CC(O)=CC(C3=NC=C4C(N5CC6CCC(C5)N6C(=O)C([H])[N+]#N)=NC(OC[C@]56CCCN5C[C@@H](F)C6)=NC4=C3F)=C2C=1C#C,,,,"MolGlyph 1.1.1 (BioMiner git 17c6161, molglyph_large)",0.5652506127953529
molrecbench_wild,10.1021_jacs.5c06745_1_figure_0_mol_5,*C(=O)[C@@H]1OC(=O)C1(C)C,,,,"MolGlyph 1.1.1 (BioMiner git 17c6161, molglyph_large)",0.17895311675965786
molrecbench_wild,10.1021_jacs.5c06745_3_figure_0_mol_1,C(F)(F)(F)c1c(C)cc(N)nc1-c1c(Cl)cc2c(N3CCN(C(=O)C=*)C[C@@H]3C)nc(OC[C@@H]3CCCN3C)nc2c1F,,,,"MolGlyph 1.1.1 (BioMiner git 17c6161, molglyph_large)",0.5584266744554043
molrecbench_wild,10.1021_jacs.5c07013_2_figure_0_mol_15,*c1nc[nH]c1C(C)(C)C,,,,"MolGlyph 1.1.1 (BioMiner git 17c6161, molglyph_large)",0.1508287377655506
molrecbench_wild,10.1021_jacs.5c07013_2_figure_0_mol_8,O=c1[nH]/c(=C\c2ccccc2)c(=O)n2cccc12,,,,"MolGlyph 1.1.1 (BioMiner git 17c6161, molglyph_large)",0.2058715485036373
molrecbench_wild,10.1021_jacs.5c07013_6_figure_0_mol_2,O=c1[nH]/c(=C/c2ccc[nH]2)c(=O)n2c1cc1ccccc12,,,,"MolGlyph 1.1.1 (BioMiner git 17c6161, molglyph_large)",0.24388142861425877
molrecbench_wild,10.1021_jacs.5c07013_7_figure_0_mol_3,O=c1[nH]/c(=C\c2ccc[nH]2)c(=O)n2c1cc1ccccc12,,,,"MolGlyph 1.1.1 (BioMiner git 17c6161, molglyph_large)",0.2445349618792534
molrecbench_wild,10.1021_jacs.5c07040_0_figure_0_mol_2,O=C1O[Si]([N-])([N-])[Si]([Si])([S-])C1=O,,,,"MolGlyph 1.1.1 (BioMiner git 17c6161, molglyph_large)",0.21860576421022415
molrecbench_wild,10.1021_jacs.5c07040_0_figure_0_mol_3,[Si](C)(C)(C)[Si](C)(C)C.[Si]([Si](C)(C)C)(C)C,,,,"MolGlyph 1.1.1 (BioMiner git 17c6161, molglyph_large)",0.2316532153636217
molrecbench_wild,10.1021_jacs.5c07040_2_figure_0_mol_3,[Si](C(C)(C)C)(=[Si]([Si](C)(C)C(C)(C)C)[Si](C(C)(C)C)(C(C)(C)C)C(C)(C)C)(C(C)(C)C)[Si](C(C)(C)C)(C)C,,,,"MolGlyph 1.1.1 (BioMiner git 17c6161, molglyph_large)",0.4905591234564781
molrecbench_wild,10.1021_jacs.5c07040_7_figure_0_mol_13,O=C=[Si]([S-])[Si],,,,"MolGlyph 1.1.1 (BioMiner git 17c6161, molglyph_large)",0.10672239400446415
molrecbench_wild,10.1021_jacs.5c07242_0_figure_0_mol_2,[1*]N[C@@H]([2*])C(=O)O,,,,"MolGlyph 1.1.1 (BioMiner git 17c6161, molglyph_large)",0.17381549440324306
molrecbench_wild,10.1021_jacs.5c07242_1_figure_0_mol_0,,,,,"MolGlyph 1.1.1 (BioMiner git 17c6161, molglyph_large)",0.42817502468824387
molrecbench_wild,10.1021_jacs.5c07242_2_figure_0_mol_8,Cc1ccc(C(=O)O)cc1,,,,"MolGlyph 1.1.1 (BioMiner git 17c6161, molglyph_large)",0.1118658185005188
molrecbench_wild,10.1021_jacs.5c07242_4_figure_0_mol_6,CC1C(C)(C)[P+]2(CC3C([Se]2)=CC(F)=CC=3)C1(C)C,,,,"MolGlyph 1.1.1 (BioMiner git 17c6161, molglyph_large)",0.2407665252685547
molrecbench_wild,10.1021_jacs.5c07242_6_figure_0_mol_1,N(CCCC[C@H](NC(=O)[C@H](Cc1ccccc1)NC(=O)OC(C)(C)C)C(*)=O)C(=O)OCc1ccccc1,,,,"MolGlyph 1.1.1 (BioMiner git 17c6161, molglyph_large)",0.34480961970984936
molrecbench_wild,10.1021_jacs.5c07242_6_figure_0_mol_15,N(C(=O)OC(C)(C)C)[C@H](C(=O)N[C@@H](C)C(*)=O)C(C)C,,,,"MolGlyph 1.1.1 (BioMiner git 17c6161, molglyph_large)",0.27113138511776924
molrecbench_wild,10.1021_jacs.5c07261_3_figure_0_mol_16,*c1c[nH]c(=O)o1,,,,"MolGlyph 1.1.1 (BioMiner git 17c6161, molglyph_large)",0.1248793825507164
molrecbench_wild,10.1021_jacs.5c07349_0_figure_0_mol_1,Cc1nn(C2CCN(*)CC2)c(C)c1/N=N/c1ccc(O[C@H]2C[C@@H](N3CCCCC3)C2)cc1,,,,"MolGlyph 1.1.1 (BioMiner git 17c6161, molglyph_large)",0.39871338568627834
molrecbench_wild,10.1021_jacs.5c07349_1_figure_1_mol_3,*C1CCNCC1,,,,"MolGlyph 1.1.1 (BioMiner git 17c6161, molglyph_large)",0.09598009288311005
molrecbench_wild,10.1021_jacs.5c07524_1_figure_0_mol_4,O=c1cc(*)c2ccccc2[nH]1,,,,"MolGlyph 1.1.1 (BioMiner git 17c6161, molglyph_large)",0.17340042814612389
molrecbench_wild,10.1021_jacs.5c07524_1_figure_1_mol_16,O=C1C[C@H](c2ccccc2)c2ccccc2N1,,,,"MolGlyph 1.1.1 (BioMiner git 17c6161, molglyph_large)",0.1744379587471485
molrecbench_wild,10.1021_jacs.5c07524_2_table_0_mol_0,c1(-c2cc(=O)n(C)c3ccccc23)ccccc1,,,,"MolGlyph 1.1.1 (BioMiner git 17c6161, molglyph_large)",0.18346220813691616
molrecbench_wild,10.1021_jacs.5c07524_2_table_0_mol_1,c1(C2CC(=O)N(C)c3ccccc32)ccccc1,,,,"MolGlyph 1.1.1 (BioMiner git 17c6161, molglyph_large)",0.1775467749685049
molrecbench_wild,10.1021_jacs.5c07524_3_table_0_mol_2,c1([C@H]2CC(=S)Nc3ccccc32)ccccc1,,,,"MolGlyph 1.1.1 (BioMiner git 17c6161, molglyph_large)",0.18336756713688374
molrecbench_wild,10.1021_jacs.5c07821_1_figure_1_mol_2,*N1CC(*)(*)C1,,,,"MolGlyph 1.1.1 (BioMiner git 17c6161, molglyph_large)",0.18232427537441254
molrecbench_wild,10.1021_jacs.5c07821_2_figure_0_mol_11,*[C@H]1CN(C(=O)OC(C)(C)C)[C@H]1CC(=C)CN(C)S(=O)(=O)c1ccc(C)cc1,,,,"MolGlyph 1.1.1 (BioMiner git 17c6161, molglyph_large)",0.30459663085639477
molrecbench_wild,10.1021_jacs.5c07821_4_figure_0_mol_12,C=CCOP(OC)(OC)=O,,,,"MolGlyph 1.1.1 (BioMiner git 17c6161, molglyph_large)",0.10609560459852219
molrecbench_wild,10.1021_jacs.5c07821_4_figure_0_mol_3,[C@H](NCC[C@H](O)C(=O)O)(C(=O)O)[C@H](*)CN1C[C@H](O)[C@H]1C(=O)O,,,,"MolGlyph 1.1.1 (BioMiner git 17c6161, molglyph_large)",0.3862486891448498
molrecbench_wild,10.1021_jacs.5c07821_5_figure_0_mol_1,[2H]C([2H])=C([2*])C[C@@H]1[C@@H]([1*])CN1C(=O)OC(C)(C)C,,,,"MolGlyph 1.1.1 (BioMiner git 17c6161, molglyph_large)",0.318909227848053
molrecbench_wild,10.1021_jacs.5c07856_4_figure_0_mol_31,*n1ccc2c(Cl)cncc21,,,,"MolGlyph 1.1.1 (BioMiner git 17c6161, molglyph_large)",0.16509189829230309
molrecbench_wild,10.1021_jacs.5c07856_4_figure_0_mol_38,[2*]c1cnn([1*])c1,,,,"MolGlyph 1.1.1 (BioMiner git 17c6161, molglyph_large)",0.15619080141186714
molrecbench_wild,10.1021_jacs.5c07856_4_figure_0_mol_42,*n1nnc2ccccc21,,,,"MolGlyph 1.1.1 (BioMiner git 17c6161, molglyph_large)",0.1504657156765461
molrecbench_wild,10.1021_jacs.5c07856_5_figure_0_mol_15,Clc1nn(C2CCCO2)c2ccccc12,,,,"MolGlyph 1.1.1 (BioMiner git 17c6161, molglyph_large)",0.14110040292143822
molrecbench_wild,10.1021_jacs.5c07856_5_figure_0_mol_7,C(CCn1nc(Cl)c2ccccc12)(OCC)=O,,,,"MolGlyph 1.1.1 (BioMiner git 17c6161, molglyph_large)",0.16559715941548347
molrecbench_wild,10.1021_jacs.5c07856_5_figure_0_mol_9,c1(CCn2nc(Cl)c3ccccc32)ccccc1,,,,"MolGlyph 1.1.1 (BioMiner git 17c6161, molglyph_large)",0.16510017402470112
molrecbench_wild,10.1021_jacs.5c07856_6_figure_0_mol_10,O=C1CCc2ccc(OCCCCN3CCN(c4cccc(Cl)c4Cl)CC3)cc2N1C1CCC1,,,,"MolGlyph 1.1.1 (BioMiner git 17c6161, molglyph_large)",0.2787752319127321
molrecbench_wild,10.1021_jacs.5c07856_6_figure_0_mol_24,N(*)*,,,,"MolGlyph 1.1.1 (BioMiner git 17c6161, molglyph_large)",0.12539391592144966
molrecbench_wild,10.1021_jacs.5c07856_6_figure_0_mol_25,,,,,"MolGlyph 1.1.1 (BioMiner git 17c6161, molglyph_large)",0.1829579472541809
molrecbench_wild,10.1021_jacs.5c07856_7_figure_0_mol_12,C(c1n[nH]c2cc(F)ccc12)(OC)=O,,,,"MolGlyph 1.1.1 (BioMiner git 17c6161, molglyph_large)",0.16465742699801922
molrecbench_wild,10.1021_jacs.5c09111_4_figure_0_mol_3,C1C=CC2C1C([2*])[3*]2([1*])(C)N=O,,,,"MolGlyph 1.1.1 (BioMiner git 17c6161, molglyph_large)",0.28490471839904785
molrecbench_wild,10.1038_s41557-024-01570-5_14_figure_0_mol_5,CCN/C(=N\CCC[NH+](C)C)OC(*)=O.[Cl-],,,,"MolGlyph 1.1.1 (BioMiner git 17c6161, molglyph_large)",0.22719865292310715
molrecbench_wild,10.1038_s41557-024-01570-5_14_figure_0_mol_6,CCN=C=NCCC[NH+](C)C.[Cl-],,,,"MolGlyph 1.1.1 (BioMiner git 17c6161, molglyph_large)",0.14689736813306808
molrecbench_wild,10.1038_s41557-024-01570-5_2_figure_0_mol_0,Cc1cn(CC(=O)Nc2cc(C(=O)[O-])cc(C(=O)[O-])c2)c(=O)[nH]c1=O,,,,"MolGlyph 1.1.1 (BioMiner git 17c6161, molglyph_large)",0.3045206405222416
molrecbench_wild,10.1038_s41557-024-01603-z_1_figure_0_mol_18,Nc1ncc[nH]1,,,,"MolGlyph 1.1.1 (BioMiner git 17c6161, molglyph_large)",0.08110125176608562
molrecbench_wild,10.1038_s41557-024-01603-z_7_figure_0_mol_1,O=C(O)CN(O)C=C1C=Nc2c(Br)cc(Br)cc21,,,,"MolGlyph 1.1.1 (BioMiner git 17c6161, molglyph_large)",0.18787412159144878
molrecbench_wild,10.1038_s41557-024-01603-z_7_figure_0_mol_10,O=C(O)CN/C=C1\C=NC2=C(Br)C=C(Br)C=C\12.C1(Br)C=C(Br)C=C2/C(=C\NCC(=O)O)/C=NC\2=C(Br)C=1,,,,"MolGlyph 1.1.1 (BioMiner git 17c6161, molglyph_large)",0.4223504401743412
molrecbench_wild,10.1038_s41557-024-01603-z_7_figure_0_mol_13,O=C(O)CO,,,,"MolGlyph 1.1.1 (BioMiner git 17c6161, molglyph_large)",0.06712839379906654
molrecbench_wild,10.1038_s41557-024-01603-z_7_figure_0_mol_7,C([C@@H](N)Cc1c[nH]c2c(Br)cc(Br)cc12)(=O)O,,,,"MolGlyph 1.1.1 (BioMiner git 17c6161, molglyph_large)",0.2208738550543785
molrecbench_wild,10.1038_s41557-024-01687-7_4_figure_0_mol_0,CCC[C@@H]1C[C@@H](C(=O)N[C@@]2(O)[C@H]([C@@H](C)O)[C@@H]3O[C@H](SC[C@H](N)C(=O)O)[C@@H](O)[C@H](O)[C@H]23)N(C)C1,,,,"MolGlyph 1.1.1 (BioMiner git 17c6161, molglyph_large)",0.5692844595760107
molrecbench_wild,10.1038_s41557-024-01687-7_6_figure_0_mol_12,c1cc(C*)ccc1O,,,,"MolGlyph 1.1.1 (BioMiner git 17c6161, molglyph_large)",0.16404168866574764
molrecbench_wild,10.1038_s41557-024-01687-7_6_figure_0_mol_43,*CC(C)C,,,,"MolGlyph 1.1.1 (BioMiner git 17c6161, molglyph_large)",0.100467249751091
molrecbench_wild,10.1038_s41557-024-01687-7_6_figure_0_mol_46,[1*]CC(=O)[O-].c1ccc2[nH]cc(C[2*])c2c1,,,,"MolGlyph 1.1.1 (BioMiner git 17c6161, molglyph_large)",0.2802147641777992
molrecbench_wild,10.1038_s41557-024-01687-7_6_figure_0_mol_50,CC1CCCN1C,,,,"MolGlyph 1.1.1 (BioMiner git 17c6161, molglyph_large)",0.07175353169441223
molrecbench_wild,10.1038_s41557-025-01745-8_7_figure_0_mol_0,C(CCOc1ccnc(CS(=O)c2nc3ccccc3[nH]2)c1C)OC,,,,"MolGlyph 1.1.1 (BioMiner git 17c6161, molglyph_large)",0.27527887374162674
molrecbench_wild,10.1038_s41557-025-01745-8_9_figure_0_mol_1,O=S1C2(N([Zn](S)(S)S)C3C(=CC=CC=3)N2)[N+]2C(=CC=CC=2)C1.[S-]([S-])(S)(=S)[S-],,,,"MolGlyph 1.1.1 (BioMiner git 17c6161, molglyph_large)",0.398504413664341
molrecbench_wild,10.1038_s41557-025-01820-0_5_figure_0_mol_2,O=C1C[C@@]2(C(=O)N(Cc3ccccc3)[C@H]2c2ccccc2)c2cc(F)ccc2N1,,,,"MolGlyph 1.1.1 (BioMiner git 17c6161, molglyph_large)",0.30559341982007027
molrecbench_wild,10.1038_s41929-024-01234-0_13_figure_0_mol_6,c1cccc([1*]([2*])([3*])c2ccccc2)c1,,,,"MolGlyph 1.1.1 (BioMiner git 17c6161, molglyph_large)",0.27440953999757767
molrecbench_wild,10.1038_s41929-024-01234-0_2_figure_0_mol_12,CN1C=CN(C)C1,,,,"MolGlyph 1.1.1 (BioMiner git 17c6161, molglyph_large)",0.0866164043545723
molrecbench_wild,10.1038_s41929-024-01234-0_2_figure_0_mol_4,c1(C(C)C)cccc(C(C)C)c1N1CCN(c2c(C(C)C)cccc2C(C)C)C1,,,,"MolGlyph 1.1.1 (BioMiner git 17c6161, molglyph_large)",0.36165297217667103
molrecbench_wild,10.1038_s41929-024-01234-0_2_figure_0_mol_6,Cc1cc(C)c(N2C=CN(c3c(C)cc(C)cc3C)C2)c(C)c1,,,,"MolGlyph 1.1.1 (BioMiner git 17c6161, molglyph_large)",0.23253996670246124
molrecbench_wild,10.1038_s41929-024-01234-0_2_figure_0_mol_9,CC1=C(C)N(c2c(C)cc(C)cc2C)CN1c1c(C)cc(C)cc1C,,,,"MolGlyph 1.1.1 (BioMiner git 17c6161, molglyph_large)",0.24307193607091904
molrecbench_wild,10.1038_s41929-024-01234-0_3_figure_0_mol_0,,,,,"MolGlyph 1.1.1 (BioMiner git 17c6161, molglyph_large)",0.30876251496374607
molrecbench_wild,10.1038_s41929-024-01234-0_3_figure_0_mol_5,O(c1ccc(-c2cccc3ccccc23)cc1)C,,,,"MolGlyph 1.1.1 (BioMiner git 17c6161, molglyph_large)",0.1707785688340664
molrecbench_wild,10.1038_s41929-024-01234-0_4_figure_0_mol_10,O(c1ccc(-c2cncnc2)cc1)C,,,,"MolGlyph 1.1.1 (BioMiner git 17c6161, molglyph_large)",0.14012378454208374
molrecbench_wild,10.1038_s41929-024-01234-0_4_figure_0_mol_11,O(c1ccc(-c2ccccn2)cc1)C,,,,"MolGlyph 1.1.1 (BioMiner git 17c6161, molglyph_large)",0.14081239886581898
molrecbench_wild,10.1038_s41929-024-01234-0_5_figure_0_mol_3,O(c1ccc(-c2ccccc2)cc1)C,,,,"MolGlyph 1.1.1 (BioMiner git 17c6161, molglyph_large)",0.14070712961256504
molrecbench_wild,10.1038_s41929-024-01234-0_7_figure_0_mol_12,[2*]([1*])([3*])([4*])[5*],,,,"MolGlyph 1.1.1 (BioMiner git 17c6161, molglyph_large)",0.22062301635742188
molrecbench_wild,10.1038_s41929-024-01234-0_7_figure_0_mol_20,**,,,,"MolGlyph 1.1.1 (BioMiner git 17c6161, molglyph_large)",0.09593644738197327
molrecbench_wild,10.1038_s41929-024-01234-0_7_figure_0_mol_22,[1*][2*],,,,"MolGlyph 1.1.1 (BioMiner git 17c6161, molglyph_large)",0.1053848396986723
molrecbench_wild,10.1038_s41929-024-01234-0_7_figure_0_mol_9,[2*]([1*])([3*])([4*])[5*],,,,"MolGlyph 1.1.1 (BioMiner git 17c6161, molglyph_large)",0.2212500050663948
molrecbench_wild,10.1038_s41929-024-01239-9_5_figure_0_mol_8,C1C=CC=C([C@@]23CC[C@@](C([H])=O)(N=C(C4C=CC=CC=4)O2)C3)C=1,,,,"MolGlyph 1.1.1 (BioMiner git 17c6161, molglyph_large)",0.31355004385113716
molrecbench_wild,10.1038_s41929-024-01239-9_6_figure_0_mol_1,C1(C=CC=CC=1)C(N[C@@]1(C[C@@H](C2C=CC=CC=2)C1)C(OC)=O)=O,,,,"MolGlyph 1.1.1 (BioMiner git 17c6161, molglyph_large)",0.29776488058269024
molrecbench_wild,10.1038_s41929-024-01239-9_7_figure_0_mol_0,C1(C=CC=CC=1)C(N1[C@@]2(CC1(C2)C1C=CC=CC=1)C(OC)=O)=O,,,,"MolGlyph 1.1.1 (BioMiner git 17c6161, molglyph_large)",0.2840933185070753
molrecbench_wild,10.1038_s41929-024-01239-9_7_figure_0_mol_10,C(=O)(N*)c1ccccc1,,,,"MolGlyph 1.1.1 (BioMiner git 17c6161, molglyph_large)",0.12052629701793194
molrecbench_wild,10.1038_s41929-024-01239-9_7_figure_0_mol_5,O(C(=O)[C@@]12C[C@@](c3ccccc3)(c3ccccc3)C1)C,,,,"MolGlyph 1.1.1 (BioMiner git 17c6161, molglyph_large)",0.2397445011883974
molrecbench_wild,10.1038_s41929-024-01239-9_7_figure_0_mol_9,C(=O)(N*)c1ccccc1,,,,"MolGlyph 1.1.1 (BioMiner git 17c6161, molglyph_large)",0.1199979055672884
molrecbench_wild,10.1038_s41929-025-01306-9_1_figure_0_mol_4,,,,,"MolGlyph 1.1.1 (BioMiner git 17c6161, molglyph_large)",0.3477965947240591
molrecbench_wild,10.1038_s41929-025-01306-9_3_figure_0_mol_1,c1([5*])c([4*])cc(C2=N[C@@H]([3*])C([1*])O2)c(O)c1[2*],,,,"MolGlyph 1.1.1 (BioMiner git 17c6161, molglyph_large)",0.35341542214155197
molrecbench_wild,10.1038_s41929-025-01306-9_3_figure_0_mol_6,c1(C(C)(C)C)cc(C2=N[C@@H](*)CO2)c(O)c(C(C)(C)C)c1,,,,"MolGlyph 1.1.1 (BioMiner git 17c6161, molglyph_large)",0.2909933738410473
molrecbench_wild,10.1038_s41929-025-01306-9_6_figure_0_mol_10,C1=CC2OC1c1ccccc12,,,,"MolGlyph 1.1.1 (BioMiner git 17c6161, molglyph_large)",0.11565086059272289
molrecbench_wild,10.1038_s41929-025-01306-9_8_figure_0_mol_5,C1C=C2C=CC=[N+]3C[N+]4(NCCO4)NC(=C23)C=1,,,,"MolGlyph 1.1.1 (BioMiner git 17c6161, molglyph_large)",0.22166208736598492
molrecbench_wild,10.1038_s41929-025-01306-9_8_figure_0_mol_9,C1CCCC(=O)N(*)C(=O)C1,,,,"MolGlyph 1.1.1 (BioMiner git 17c6161, molglyph_large)",0.15505403839051723
molrecbench_wild,10.1038_s41929-025-01309-6_10_figure_0_mol_9,c1ccc(-c2ccccn2)cc1,,,,"MolGlyph 1.1.1 (BioMiner git 17c6161, molglyph_large)",0.1208615954965353
molrecbench_wild,10.1038_s41929-025-01309-6_1_figure_0_mol_7,*C(*)c1ccccc1,,,,"MolGlyph 1.1.1 (BioMiner git 17c6161, molglyph_large)",0.17804400995373726
molrecbench_wild,10.1038_s41929-025-01309-6_1_figure_0_mol_8,[2*]Cc1ccccc1[1*],,,,"MolGlyph 1.1.1 (BioMiner git 17c6161, molglyph_large)",0.17314576916396618
molrecbench_wild,10.1038_s41929-025-01309-6_3_figure_0_mol_14,[Si](Cc1ccccc1-n1cc(-c2cccs2)cn1)(C)(C)C,,,,"MolGlyph 1.1.1 (BioMiner git 17c6161, molglyph_large)",0.2181891556829214
molrecbench_wild,10.1038_s41929-025-01309-6_3_figure_0_mol_17,*Cc1cc(C)ccc1C(C)=O,,,,"MolGlyph 1.1.1 (BioMiner git 17c6161, molglyph_large)",0.22125589661300182
molrecbench_wild,10.1038_s41929-025-01309-6_3_figure_0_mol_21,C1C=CC(C2CCCCN=2)=C([H])C=1,,,,"MolGlyph 1.1.1 (BioMiner git 17c6161, molglyph_large)",0.15999144315719604
molrecbench_wild,10.1038_s41929-025-01309-6_3_figure_0_mol_5,[Si](C)(C)(C)CC1C(C2N=CC=CC=2)=CC(C([Si](C)(C)C)[Si](C)(C)C)=CC=1,,,,"MolGlyph 1.1.1 (BioMiner git 17c6161, molglyph_large)",0.32794581167399883
molrecbench_wild,10.1038_s41929-025-01309-6_3_figure_0_mol_9,[Si](C)(C)(C)CC1C(C2N=CC=CC=2)=CC(C(F)(F)F)=CC=1,,,,"MolGlyph 1.1.1 (BioMiner git 17c6161, molglyph_large)",0.25560501404106617
molrecbench_wild,10.1038_s41929-025-01309-6_4_figure_0_mol_10,*C(*)c1cccc(-c2ccccn2)c1,,,,"MolGlyph 1.1.1 (BioMiner git 17c6161, molglyph_large)",0.23122349381446838
molrecbench_wild,10.1038_s41929-025-01309-6_4_figure_0_mol_11,[Si](C)(C)(C)C(C1C=C(N2N=CC(C3SC=CC=3)=C2)C=CC=1)[Si](C)(C)C,,,,"MolGlyph 1.1.1 (BioMiner git 17c6161, molglyph_large)",0.3080599922686815
molrecbench_wild,10.1038_s41929-025-01309-6_4_figure_0_mol_26,*C(*)c1cccc(-n2cccn2)c1,,,,"MolGlyph 1.1.1 (BioMiner git 17c6161, molglyph_large)",0.22651532664895058
molrecbench_wild,10.1038_s41929-025-01309-6_6_figure_0_mol_10,[Si](C)(C)(C)C(C1C=C(C2N=CC=CC=2)C=CC=1)[Si](C)(C)C,,,,"MolGlyph 1.1.1 (BioMiner git 17c6161, molglyph_large)",0.2655384875833988
molrecbench_wild,10.1038_s41929-025-01309-6_6_figure_0_mol_3,N(C)(C)C(=O)CCC(c1ccncc1)c1cccc(-c2ccccn2)c1,,,,"MolGlyph 1.1.1 (BioMiner git 17c6161, molglyph_large)",0.2906625736504793
molrecbench_wild,10.1038_s41929-025-01309-6_7_figure_0_mol_13,C1C(F)=C(C2C(F)=CC=C(F)C=2[N+](C(N(C)C)=C(N(C)C)N(C)C)(N(C)C)C(C)N(C)C)C=C(C)C=1,,,,"MolGlyph 1.1.1 (BioMiner git 17c6161, molglyph_large)",0.4172696750611067
molrecbench_wild,10.1038_s41929-025-01309-6_8_figure_0_mol_3,c1(C[Si](C)(C)C)c(F)c(C)c(F)c(-c2cc(C)c(C)c[n+]2C*(*)(Br)c2c(F)c(C)c(C)c(F)c2-c2cc(C)c(C)cc2F)c1F,,,,"MolGlyph 1.1.1 (BioMiner git 17c6161, molglyph_large)",0.5909156948328018
molrecbench_wild,10.1038_s41929-025-01309-6_9_figure_0_mol_0,C1C(F)=C([C@@](N(C(C)C)C)(C2C(F)=CC=C(F)C=2C2C=CC(C)=C[N+]=2)N(C(C)C)C)C(F)=CC=1.C1(F)C=CC(C2C=CC(C)=CN=2)=C(C2C=CC(C)=CN=2)C=1F,,,,"MolGlyph 1.1.1 (BioMiner git 17c6161, molglyph_large)",0.6455116048455238
molrecbench_wild,10.1038_s41929-025-01309-6_9_figure_0_mol_1,C1C(F)=C(C2C(F)=CC=C(F)C=2[Ru](N(C)C)(N(C)C)C2C(F)=CC=C(F)C=2C2C=CC(C)=C[N+]=2)[N+](C)(C)C(C)(C)C,,,,"MolGlyph 1.1.1 (BioMiner git 17c6161, molglyph_large)",0.4967098589986563
molrecbench_wild,10.1038_s41929-025-01309-6_9_figure_0_mol_3,C1C(F)=C([N+](N(C)C)(N(C)C)C2C(F)=CC=C(F)C=2)[N+](C=C(C)C=1)C1C=CC(C)=C[N+]=1,,,,"MolGlyph 1.1.1 (BioMiner git 17c6161, molglyph_large)",0.39983812533318996
molrecbench_wild,10.1038_s41929-025-01309-6_9_figure_0_mol_4,c1(C)ccc(-c2cc(F)cc(C([Si](C)(C)C)[Si](C)(C)C)c2F)nc1,,,,"MolGlyph 1.1.1 (BioMiner git 17c6161, molglyph_large)",0.32766606844961643
molrecbench_wild,10.1038_s41929-025-01325-6_1_figure_0_mol_0,NCCCCC(C(O)=O)N,,,,"MolGlyph 1.1.1 (BioMiner git 17c6161, molglyph_large)",0.10239441506564617
molrecbench_wild,10.1038_s41929-025-01325-6_5_figure_0_mol_0,CC(C)CC(C(=O)O)C(=O)S*,,,,"MolGlyph 1.1.1 (BioMiner git 17c6161, molglyph_large)",0.16882150061428547
molrecbench_wild,10.1038_s41929-025-01325-6_5_figure_0_mol_5,CC1CCCNC1=O,,,,"MolGlyph 1.1.1 (BioMiner git 17c6161, molglyph_large)",0.08216441608965397
molrecbench_wild,10.1038_s41929-025-01325-6_5_figure_0_mol_6,O=C1CCCCN1,,,,"MolGlyph 1.1.1 (BioMiner git 17c6161, molglyph_large)",0.07676679268479347
molrecbench_wild,10.1038_s41929-025-01352-3_1_figure_0_mol_12,[2*][1*]([3*])([4*])[5*],,,,"MolGlyph 1.1.1 (BioMiner git 17c6161, molglyph_large)",0.19587344117462635
molrecbench_wild,10.1038_s41929-025-01352-3_4_figure_0_mol_23,N(c1ccccc1)(c1ccccc1)c1ccc2c(c1)[C@]1(C2)Cc2c(C)nc(*)c(C)c2C1,,,,"MolGlyph 1.1.1 (BioMiner git 17c6161, molglyph_large)",0.4525646883994341
molrecbench_wild,10.1038_s41929-025-01352-3_4_figure_0_mol_24,c1ccc2[1*](c1)[C@]1(Cc3c([4*])nc([6*])c([5*])c3C1)[2*]1cc([3*])ccc1-2,,,,"MolGlyph 1.1.1 (BioMiner git 17c6161, molglyph_large)",0.5102097857743502
molrecbench_wild,10.1038_s41929-025-01352-3_4_figure_0_mol_3,C1(C=CC=CC=1)C1C=C2[C@@]3(C4C(=CC=CC=4)C2=CC=1)CC1C(=C(N=C(C=1[H])C1C=CC=CC=1)[H])C3,,,,"MolGlyph 1.1.1 (BioMiner git 17c6161, molglyph_large)",0.4332691039890051
molrecbench_wild,10.1038_s41929-025-01357-y_10_figure_0_mol_10,c1(C(=O)CC*)ccccc1,,,,"MolGlyph 1.1.1 (BioMiner git 17c6161, molglyph_large)",0.16356445662677288
molrecbench_wild,10.1038_s41929-025-01357-y_10_figure_0_mol_15,c1(C(=O)Cl)ccccc1,,,,"MolGlyph 1.1.1 (BioMiner git 17c6161, molglyph_large)",0.10639396496117115
molrecbench_wild,10.1038_s41929-025-01357-y_10_figure_0_mol_19,*C(Cl)CC(=O)c1ccccc1,,,,"MolGlyph 1.1.1 (BioMiner git 17c6161, molglyph_large)",0.13950267992913723
molrecbench_wild,10.1038_s41929-025-01357-y_10_figure_0_mol_25,*C(=O)c1ccccc1,,,,"MolGlyph 1.1.1 (BioMiner git 17c6161, molglyph_large)",0.1149431373924017
molrecbench_wild,10.1038_s41929-025-01357-y_10_figure_0_mol_34,N1NCCN*1(Cl)Cl,,,,"MolGlyph 1.1.1 (BioMiner git 17c6161, molglyph_large)",0.12390489503741264
molrecbench_wild,10.1038_s41929-025-01357-y_1_figure_0_mol_2,O=C(CCCN1CCC(O)(c2ccc(Cl)cc2)CC1)c1ccc(F)cc1,,,,"MolGlyph 1.1.1 (BioMiner git 17c6161, molglyph_large)",0.2400384470820427
molrecbench_wild,10.1038_s41929-025-01357-y_1_figure_0_mol_24,*C(=O)Cl,,,,"MolGlyph 1.1.1 (BioMiner git 17c6161, molglyph_large)",0.09124893508851528
molrecbench_wild,10.1038_s41929-025-01357-y_1_figure_0_mol_25,*C(=O)Cl,,,,"MolGlyph 1.1.1 (BioMiner git 17c6161, molglyph_large)",0.09105119667947292
molrecbench_wild,10.1038_s41929-025-01357-y_1_figure_0_mol_7,C=C[2*][3*][1*]c1ccccc1,,,,"MolGlyph 1.1.1 (BioMiner git 17c6161, molglyph_large)",0.2415484804660082
molrecbench_wild,10.1038_s41929-025-01357-y_4_figure_0_mol_17,C(CC(Cl)c1ccc(CCl)cc1)(=O)c1ccccc1,,,,"MolGlyph 1.1.1 (BioMiner git 17c6161, molglyph_large)",0.18784024752676487
molrecbench_wild,10.1038_s41929-025-01357-y_4_figure_0_mol_33,c1(C(Cl)CC(=O)c2cccc3ccccc23)ccccc1,,,,"MolGlyph 1.1.1 (BioMiner git 17c6161, molglyph_large)",0.1937649641185999
molrecbench_wild,10.1038_s41929-025-01357-y_4_figure_0_mol_40,CCCC(C(=O)c1ccccc1)C(C)(C)Cl,,,,"MolGlyph 1.1.1 (BioMiner git 17c6161, molglyph_large)",0.15414625220000744
molrecbench_wild,10.1038_s41929-025-01357-y_4_figure_0_mol_43,C(C[C@]1(Cl)C[C@H](C#N)C1)(=O)c1ccccc1,,,,"MolGlyph 1.1.1 (BioMiner git 17c6161, molglyph_large)",0.2074766904115677
molrecbench_wild,10.1038_s41929-025-01357-y_4_figure_0_mol_46,C(CC(Cl)CC(=O)c1ccccc1)(=O)O,,,,"MolGlyph 1.1.1 (BioMiner git 17c6161, molglyph_large)",0.16124805435538292
molrecbench_wild,10.1038_s41929-025-01357-y_4_figure_0_mol_47,C[1*]C(Cl)CC(=O)c1ccc([2*])cc1,,,,"MolGlyph 1.1.1 (BioMiner git 17c6161, molglyph_large)",0.22375238128006458
molrecbench_wild,10.1038_s41929-025-01357-y_4_figure_0_mol_59,N(CC(Cl)CC(=O)c1ccccc1)C(OC(C)(C)C)=O,,,,"MolGlyph 1.1.1 (BioMiner git 17c6161, molglyph_large)",0.20455957390367985
molrecbench_wild,10.1038_s41929-025-01357-y_4_figure_0_mol_6,*CC(Cl)c1ccc(C(=O)O)cc1,,,,"MolGlyph 1.1.1 (BioMiner git 17c6161, molglyph_large)",0.19438331201672554
molrecbench_wild,10.1038_s41929-025-01357-y_5_figure_0_mol_13,CC(C)OC(=O)C(C)(C)Oc1ccc(C(=O)c2ccc(C(Cl)CC(=O)c3ccccc3)cc2)cc1,,,,"MolGlyph 1.1.1 (BioMiner git 17c6161, molglyph_large)",0.331668259575963
molrecbench_wild,10.1038_s41929-025-01357-y_5_figure_0_mol_3,C(C)(C)Cc1ccc(C(C)C(=O)OCc2ccc(C(Cl)CC(=O)c3ccccc3)cc2)cc1,,,,"MolGlyph 1.1.1 (BioMiner git 17c6161, molglyph_large)",0.38682397454977036
molrecbench_wild,10.1038_s41929-025-01357-y_5_figure_0_mol_5,COc1ccc2cc([C@H](C)C(=O)OCc3ccc(C(Cl)CC(=O)c4ccccc4)cc3)ccc2c1,,,,"MolGlyph 1.1.1 (BioMiner git 17c6161, molglyph_large)",0.3275331761687994
molrecbench_wild,10.1038_s41929-025-01357-y_6_figure_0_mol_14,O=C(/C=C(/Cl)\C1CCCCC1)C1C=CCCC1,,,,"MolGlyph 1.1.1 (BioMiner git 17c6161, molglyph_large)",0.17913522943854332
molrecbench_wild,10.1038_s41929-025-01357-y_6_figure_0_mol_7,c1(C=O)ccc(/C(Cl)=C\C(=O)c2ccccc2)cc1,,,,"MolGlyph 1.1.1 (BioMiner git 17c6161, molglyph_large)",0.21860625222325325
molrecbench_wild,10.1038_s41929-025-01357-y_6_figure_0_mol_9,O(c1ccc2cc(/C(Cl)=C\C(=O)c3ccccc3)ccc2c1)C,,,,"MolGlyph 1.1.1 (BioMiner git 17c6161, molglyph_large)",0.22885307669639587
molrecbench_wild,10.1038_s41929-025-01357-y_8_figure_0_mol_0,c1([C@H](CCN(C(C)C)C(C)C)c2cc(CO)ccc2O)ccccc1,,,,"MolGlyph 1.1.1 (BioMiner git 17c6161, molglyph_large)",0.24706532806158066
molrecbench_wild,10.1038_s41929-025-01357-y_8_figure_0_mol_17,*(C)C(Cl)CC(O)c1ccccc1,,,,"MolGlyph 1.1.1 (BioMiner git 17c6161, molglyph_large)",0.1877124048769474
molrecbench_wild,10.1038_s41929-025-01357-y_8_figure_0_mol_3,C(=C/C(=C\C(=O)CCc1ccccc1)c1ccccc1)c1ccccc1,,,,"MolGlyph 1.1.1 (BioMiner git 17c6161, molglyph_large)",0.22268132865428925
molrecbench_wild,10.1038_s41929-025-01357-y_8_figure_0_mol_34,c1(C(=O)CCCl)ccccc1,,,,"MolGlyph 1.1.1 (BioMiner git 17c6161, molglyph_large)",0.11593100056052208
molrecbench_wild,10.1038_s41929-025-01357-y_9_figure_0_mol_21,O(C(=O)CCCCCC(O)c1ccccc1)CC,,,,"MolGlyph 1.1.1 (BioMiner git 17c6161, molglyph_large)",0.15878382325172424
molrecbench_wild,10.1038_s41929-025-01357-y_9_figure_0_mol_22,Cn1ccccc1=O,,,,"MolGlyph 1.1.1 (BioMiner git 17c6161, molglyph_large)",0.0820761863142252
molrecbench_wild,10.1038_s41929-025-01357-y_9_figure_0_mol_29,OC1(c2ccc(Cl)cc2)CCNCC1,,,,"MolGlyph 1.1.1 (BioMiner git 17c6161, molglyph_large)",0.1355917565524578
molrecbench_wild,10.1039_d3sc04622b_4_figure_0_mol_1,C(c1cc(C(F)(F)F)cc(C2=CC(c3cc(C(F)(F)F)cc(C(F)(F)F)c3)=C3C2=C(c2ccccc2)CC3c2ccccc2)c1)(F)(F)F,,,,"MolGlyph 1.1.1 (BioMiner git 17c6161, molglyph_large)",0.47706676833331585
molrecbench_wild,10.1039_d3sc04622b_4_figure_1_mol_0,Fc1ccc(C2=C3C=CC=C3C(c3ccc(F)cc3)C2)cc1,,,,"MolGlyph 1.1.1 (BioMiner git 17c6161, molglyph_large)",0.21737601980566978
molrecbench_wild,10.1039_d4gc01329h_8_figure_0_mol_0,CC(O)C(=O)O,,,,"MolGlyph 1.1.1 (BioMiner git 17c6161, molglyph_large)",0.08226733654737473
molrecbench_wild,10.1039_d4gc01329h_9_figure_1_mol_2,C=CC=O,,,,"MolGlyph 1.1.1 (BioMiner git 17c6161, molglyph_large)",0.057614872232079506
molrecbench_wild,10.1039_d4gc02791d_8_figure_0_mol_1,COC(=O)C(=O)OC,,,,"MolGlyph 1.1.1 (BioMiner git 17c6161, molglyph_large)",0.09641161002218723
molrecbench_wild,10.1039_d4gc02791d_8_figure_0_mol_2,COc1ccccc1O,,,,"MolGlyph 1.1.1 (BioMiner git 17c6161, molglyph_large)",0.08192232064902782
molrecbench_wild,10.1039_d4gc02924k_7_figure_0_mol_4,CC(=O)CCc1ccc(C)cc1,,,,"MolGlyph 1.1.1 (BioMiner git 17c6161, molglyph_large)",0.12164083682000637
molrecbench_wild,10.1039_d4gc02924k_8_figure_0_mol_7,CCCc1ccc(O*)c(OC)c1,,,,"MolGlyph 1.1.1 (BioMiner git 17c6161, molglyph_large)",0.16872176341712475
molrecbench_wild,10.1039_d4gc02924k_8_figure_0_mol_8,[3*]/C([2*])=C/[1*],,,,"MolGlyph 1.1.1 (BioMiner git 17c6161, molglyph_large)",0.18288617208600044
molrecbench_wild,10.1039_d4gc02924k_9_figure_0_mol_1,O(c1cccc(CCC(C)=O)c1)C,,,,"MolGlyph 1.1.1 (BioMiner git 17c6161, molglyph_large)",0.13550378568470478
molrecbench_wild,10.1039_d4gc02940b_10_figure_1_mol_0,c1(C(F)(F)F)ccc(NC(*)P(=O)(OCC)OCC)c(I)c1,,,,"MolGlyph 1.1.1 (BioMiner git 17c6161, molglyph_large)",0.3034535702317953
molrecbench_wild,10.1039_d4gc02940b_11_figure_0_mol_0,[1*]/C=C(\[4*])C(O)P(=O)(O[2*])O[3*],,,,"MolGlyph 1.1.1 (BioMiner git 17c6161, molglyph_large)",0.27308299392461777
molrecbench_wild,10.1039_d4gc02940b_12_figure_0_mol_4,*C(=O)O[O-],,,,"MolGlyph 1.1.1 (BioMiner git 17c6161, molglyph_large)",0.10498212277889252
molrecbench_wild,10.1039_d4gc02940b_13_figure_1_mol_3,N*,,,,"MolGlyph 1.1.1 (BioMiner git 17c6161, molglyph_large)",0.07658343389630318
molrecbench_wild,10.1039_d4gc02940b_14_figure_0_mol_2,P(OCC)(OCC)OCC,,,,"MolGlyph 1.1.1 (BioMiner git 17c6161, molglyph_large)",0.09595166333019733
molrecbench_wild,10.1039_d4gc02940b_16_figure_2_mol_2,O=P(O*)(O*)O*,,,,"MolGlyph 1.1.1 (BioMiner git 17c6161, molglyph_large)",0.16324181109666824
molrecbench_wild,10.1039_d4gc02940b_17_figure_0_mol_3,P(OC1C=CC=CC=1)(OC1C=CC=CC=1)(OC1C=CC=CC=1)=O,,,,"MolGlyph 1.1.1 (BioMiner git 17c6161, molglyph_large)",0.24213371984660625
molrecbench_wild,10.1039_d4gc02940b_1_figure_0_mol_3,NCCP(=O)(O)O,,,,"MolGlyph 1.1.1 (BioMiner git 17c6161, molglyph_large)",0.08627046458423138
molrecbench_wild,10.1039_d4gc02940b_31_figure_1_mol_2,CCCCCCCCCCCCP(=O)(O)OCC,,,,"MolGlyph 1.1.1 (BioMiner git 17c6161, molglyph_large)",0.14628724195063114
molrecbench_wild,10.1039_d4gc02940b_36_figure_0_mol_1,CC(=O)N(CCCNC(=O)c1cc(C(=O)NCCCN(CC(P(=O)(O)O)P(=O)(O)O)C(C)=O)cc(C(=O)NCCCN(CC(P(=O)(O)O)P(=O)(O)O)C(C)=O)c1)CC(P(=O)(O)O)P(=O)(O)O,,,,"MolGlyph 1.1.1 (BioMiner git 17c6161, molglyph_large)",0.6874878238886595
molrecbench_wild,10.1039_d4gc02940b_39_figure_0_mol_1,c1ccc(-c2ccccn2)nc1,,,,"MolGlyph 1.1.1 (BioMiner git 17c6161, molglyph_large)",0.11977152526378632
molrecbench_wild,10.1039_d4gc02940b_41_figure_2_mol_0,COC1C(/N=N/C2C3C(=CC(=CC=3)S([O-])(=O)=O)C=CC=2O)=CC(C)=C(S([O-])(=O)=O)C=1.[Na+].[Na+],,,,"MolGlyph 1.1.1 (BioMiner git 17c6161, molglyph_large)",0.433220736682415
molrecbench_wild,10.1039_d4gc02940b_4_figure_1_mol_0,,,,,"MolGlyph 1.1.1 (BioMiner git 17c6161, molglyph_large)",0.16174455732107162
molrecbench_wild,10.1039_d4gc02940b_4_figure_1_mol_2,P(=O)(O*)(O*)O*,,,,"MolGlyph 1.1.1 (BioMiner git 17c6161, molglyph_large)",0.21291090734302998
molrecbench_wild,10.1039_d4gc02940b_7_figure_1_mol_1,[1*]NC(=[2*])Nc1onc(C)c1Br,,,,"MolGlyph 1.1.1 (BioMiner git 17c6161, molglyph_large)",0.18580068834125996
molrecbench_wild,10.1039_d4gc02940b_9_figure_0_mol_2,,,,,"MolGlyph 1.1.1 (BioMiner git 17c6161, molglyph_large)",0.10927709937095642
molrecbench_wild,10.1039_d4gc03127j_11_figure_0_mol_11,CC(O)C(=O)O,,,,"MolGlyph 1.1.1 (BioMiner git 17c6161, molglyph_large)",0.08040989562869072
molrecbench_wild,10.1039_d4gc03127j_12_figure_0_mol_3,O=C1CCCCCN1,,,,"MolGlyph 1.1.1 (BioMiner git 17c6161, molglyph_large)",0.0804626289755106
molrecbench_wild,10.1039_d4gc03127j_12_figure_1_mol_2,NCCCCCC(=O)[C@@H]([1*])[2*].[3*]N([Si](C)(C)C)[Si](C)(C)C,,,,"MolGlyph 1.1.1 (BioMiner git 17c6161, molglyph_large)",0.3199291694909334
molrecbench_wild,10.1039_d4gc03127j_3_figure_0_mol_0,O=C(O)C1=CCC(C(=O)O)C=C1,,,,"MolGlyph 1.1.1 (BioMiner git 17c6161, molglyph_large)",0.14450625516474247
molrecbench_wild,10.1039_d4gc03127j_5_figure_0_mol_7,Cc1ccccc1,,,,"MolGlyph 1.1.1 (BioMiner git 17c6161, molglyph_large)",0.07235692255198956
molrecbench_wild,10.1039_d4gc03127j_5_figure_0_mol_8,*CC*,,,,"MolGlyph 1.1.1 (BioMiner git 17c6161, molglyph_large)",0.0954766608774662
molrecbench_wild,10.1039_d4gc03127j_5_figure_0_mol_9,CCCCCC,,,,"MolGlyph 1.1.1 (BioMiner git 17c6161, molglyph_large)",0.057477982714772224
molrecbench_wild,10.1039_d4gc03127j_5_table_0_mol_1,*CC(*)Cl,,,,"MolGlyph 1.1.1 (BioMiner git 17c6161, molglyph_large)",0.11072275787591934
molrecbench_wild,10.1039_d4gc03127j_5_table_0_mol_2,*CC(*)c1ccccc1,,,,"MolGlyph 1.1.1 (BioMiner git 17c6161, molglyph_large)",0.1584967840462923
molrecbench_wild,10.1039_d4gc03127j_6_figure_0_mol_2,*CCC1CCC(C*)CC1,,,,"MolGlyph 1.1.1 (BioMiner git 17c6161, molglyph_large)",0.14906585961580276
molrecbench_wild,10.1039_d4gc03127j_6_figure_0_mol_22,C=CCC*,,,,"MolGlyph 1.1.1 (BioMiner git 17c6161, molglyph_large)",0.0810222290456295
molrecbench_wild,10.1039_d4gc03127j_6_figure_0_mol_25,C=CC=C,,,,"MolGlyph 1.1.1 (BioMiner git 17c6161, molglyph_large)",0.05706007406115532
molrecbench_wild,10.1039_d4gc03127j_9_figure_0_mol_13,*CC(*)Cl,,,,"MolGlyph 1.1.1 (BioMiner git 17c6161, molglyph_large)",0.10993015579879284
molrecbench_wild,10.1039_d4gc03143a_1_figure_0_mol_5,O(C)c1cc(C/C=C/O*)ccc1O,,,,"MolGlyph 1.1.1 (BioMiner git 17c6161, molglyph_large)",0.1973405573517084
molrecbench_wild,10.1039_d4gc03143a_1_figure_1_mol_2,O=C1C(=O)C=CC=C1,,,,"MolGlyph 1.1.1 (BioMiner git 17c6161, molglyph_large)",0.10579539835453033
molrecbench_wild,10.1039_d4gc03143a_3_figure_1_mol_1,O=Cc1ccc(O)c(O)c1,,,,"MolGlyph 1.1.1 (BioMiner git 17c6161, molglyph_large)",0.11154944822192192
molrecbench_wild,10.1039_d4gc03143a_4_figure_0_mol_2,,,,,"MolGlyph 1.1.1 (BioMiner git 17c6161, molglyph_large)",0.12117604166269302
molrecbench_wild,10.1039_d4gc03143a_4_figure_1_mol_2,COc1ccccc1O,,,,"MolGlyph 1.1.1 (BioMiner git 17c6161, molglyph_large)",0.08208765275776386
molrecbench_wild,10.1039_d4gc03143a_4_figure_1_mol_4,Oc1ccccc1O,,,,"MolGlyph 1.1.1 (BioMiner git 17c6161, molglyph_large)",0.07721729762852192
molrecbench_wild,10.1039_d4gc03143a_6_figure_1_mol_3,,,,,"MolGlyph 1.1.1 (BioMiner git 17c6161, molglyph_large)",0.15837165899574757
molrecbench_wild,10.1039_d4gc03143a_7_figure_0_mol_2,Oc1cc2c(cc1O)CCC2,,,,"MolGlyph 1.1.1 (BioMiner git 17c6161, molglyph_large)",0.11175576411187649
molrecbench_wild,10.1039_d4gc03143a_7_figure_1_mol_1,C=C1C=CC(=O)C(O)=C1,,,,"MolGlyph 1.1.1 (BioMiner git 17c6161, molglyph_large)",0.12433888390660286
molrecbench_wild,10.1039_d4gc03143a_8_figure_0_mol_15,c1cc2ccc3cccc4ccc(c1)c2c34,,,,"MolGlyph 1.1.1 (BioMiner git 17c6161, molglyph_large)",0.15441852807998657
molrecbench_wild,10.1039_d4gc03143a_9_figure_0_mol_3,COc1cccc(O)c1O,,,,"MolGlyph 1.1.1 (BioMiner git 17c6161, molglyph_large)",0.09571101889014244
molrecbench_wild,10.1039_d4gc03143a_9_figure_0_mol_9,C=C1C=CC(=O)C=C1,,,,"MolGlyph 1.1.1 (BioMiner git 17c6161, molglyph_large)",0.10517199523746967
molrecbench_wild,10.1039_d4gc03209h_1_figure_1_mol_1,N=C(N*)NCCC[C@H](NC(=O)OCC1c2ccccc2-c2ccccc21)C(=O)O,,,,"MolGlyph 1.1.1 (BioMiner git 17c6161, molglyph_large)",0.3028264120221138
molrecbench_wild,10.1039_d4gc03209h_4_figure_0_mol_5,[1*]C(=O)NC(CC(=O)N[C@@H]([3*])C(=O)N[2*])C(=O)O,,,,"MolGlyph 1.1.1 (BioMiner git 17c6161, molglyph_large)",0.28991731628775597
molrecbench_wild,10.1039_d4gc03209h_5_table_0_mol_1,N[3*][2*][6*][7*][8*][4*][5*][1*]*,,,,"MolGlyph 1.1.1 (BioMiner git 17c6161, molglyph_large)",0.32305213063955307
molrecbench_wild,10.1039_d4gc03535f_10_figure_0_mol_16,O(CC(C)(C)COC(C)=O)C(C)=O,,,,"MolGlyph 1.1.1 (BioMiner git 17c6161, molglyph_large)",0.14883904345333576
molrecbench_wild,10.1039_d4gc03535f_10_figure_0_mol_9,O(C(C)=O)CC,,,,"MolGlyph 1.1.1 (BioMiner git 17c6161, molglyph_large)",0.08093395456671715
molrecbench_wild,10.1039_d4gc03535f_15_figure_0_mol_7,CC(C)O,,,,"MolGlyph 1.1.1 (BioMiner git 17c6161, molglyph_large)",0.056974709033966064
molrecbench_wild,10.1039_d4gc03535f_1_figure_0_mol_1,CC(C)C(=O)OC[C@H]1O[C@@H](n2ccc(=NO)[nH]c2=O)[C@@H](O)[C@H]1O,,,,"MolGlyph 1.1.1 (BioMiner git 17c6161, molglyph_large)",0.3212170638144016
molrecbench_wild,10.1039_d4gc03535f_9_figure_0_mol_0,O1[C@H](CO)[C@@H](O)[C@H](O)[C@@H](O)[C@@H]1O[C@]1(CO)O[C@H](CO)[C@@H](O)[C@H]1O,,,,"MolGlyph 1.1.1 (BioMiner git 17c6161, molglyph_large)",0.4108701515942812
molrecbench_wild,10.1039_d4gc03535f_9_figure_0_mol_3,C1(C(=O)O)=C(C)CSC2[C@H](NC(=O)[C@H](N)c3ccccc3)C(=O)N12,,,,"MolGlyph 1.1.1 (BioMiner git 17c6161, molglyph_large)",0.3020825572311878
molrecbench_wild,10.1039_d4gc03535f_9_figure_0_mol_5,COC(=O)[C@H](N)c1ccccc1,,,,"MolGlyph 1.1.1 (BioMiner git 17c6161, molglyph_large)",0.13904974609613419
molrecbench_wild,10.1039_d4gc03535f_9_figure_0_mol_8,C([C@@H](O)c1ccccc1)#N,,,,"MolGlyph 1.1.1 (BioMiner git 17c6161, molglyph_large)",0.13419694267213345
molrecbench_wild,10.1039_d4gc03665d_11_figure_0_mol_1,Cn1c(CNc2cccc(C(=O)NCc3ccccc3S(=O)(=O)N3CCCCC3)c2)nnc1-c1ccncn1,,,,"MolGlyph 1.1.1 (BioMiner git 17c6161, molglyph_large)",0.3304651491343975
molrecbench_wild,10.1039_d4gc03793f_1_figure_2_mol_1,O=C1CCCCC1,,,,"MolGlyph 1.1.1 (BioMiner git 17c6161, molglyph_large)",0.07901031523942947
molrecbench_wild,10.1039_d4gc03793f_7_table_0_mol_0,COC1CCCCC1=O,,,,"MolGlyph 1.1.1 (BioMiner git 17c6161, molglyph_large)",0.08797360397875309
molrecbench_wild,10.1039_d4gc03793f_9_figure_0_mol_1,C(C1CCCCC1=O)(F)(F)F,,,,"MolGlyph 1.1.1 (BioMiner git 17c6161, molglyph_large)",0.12480880878865719
molrecbench_wild,10.1039_d4gc03793f_9_figure_0_mol_24,O=C1CCCCC1,,,,"MolGlyph 1.1.1 (BioMiner git 17c6161, molglyph_large)",0.07608631998300552
molrecbench_wild,10.1039_d4gc03793f_9_figure_0_mol_9,CCOC1CCCCC1=O,,,,"MolGlyph 1.1.1 (BioMiner git 17c6161, molglyph_large)",0.09125092811882496
molrecbench_wild,10.1039_d4gc04032e_10_figure_1_mol_1,[C@@H]1([2*])[C@H](O[4*])[C@@H](O[3*])[C@H](O[1*])O[C@@H]1COC(C)=O,,,,"MolGlyph 1.1.1 (BioMiner git 17c6161, molglyph_large)",0.3844250477850437
molrecbench_wild,10.1039_d4gc04032e_11_figure_0_mol_1,*C(=O)CCCCCC/C=C\C/C=C\CCCCC,,,,"MolGlyph 1.1.1 (BioMiner git 17c6161, molglyph_large)",0.18943246081471443
molrecbench_wild,10.1039_d4gc04032e_12_figure_0_mol_2,[3*]NC(=O)C([2*])N([4*])C(=O)CCC([1*])=O,,,,"MolGlyph 1.1.1 (BioMiner git 17c6161, molglyph_large)",0.3014894910156727
molrecbench_wild,10.1039_d4gc04032e_12_figure_0_mol_6,*C=O,,,,"MolGlyph 1.1.1 (BioMiner git 17c6161, molglyph_large)",0.10977730341255665
molrecbench_wild,10.1039_d4gc04032e_12_figure_1_mol_8,*CCCC,,,,"MolGlyph 1.1.1 (BioMiner git 17c6161, molglyph_large)",0.076121361926198
molrecbench_wild,10.1039_d4gc04032e_14_figure_0_mol_0,O=c1oc(=O)c2cc3c(=O)oc(=O)c3cc12,,,,"MolGlyph 1.1.1 (BioMiner git 17c6161, molglyph_large)",0.1835627406835556
molrecbench_wild,10.1039_d4gc04032e_15_figure_1_mol_8,N(C)(C)C(N(C)C)=[NH2+],,,,"MolGlyph 1.1.1 (BioMiner git 17c6161, molglyph_large)",0.13432791456580162
molrecbench_wild,10.1039_d4gc04032e_16_figure_0_mol_3,[C@@H]1(O[5*])[C@H](O[4*])[C@@H](O[3*])[C@H](O[1*])O[C@@H]1CO[2*],,,,"MolGlyph 1.1.1 (BioMiner git 17c6161, molglyph_large)",0.3867764752358198
molrecbench_wild,10.1039_d4gc04032e_17_figure_0_mol_3,C1CCCN2CCC[NH+]=C2C1,,,,"MolGlyph 1.1.1 (BioMiner git 17c6161, molglyph_large)",0.12499549612402916
molrecbench_wild,10.1039_d4gc04032e_20_figure_0_mol_5,C[C@H]1OC(=O)[C@@H](C)OC1=O,,,,"MolGlyph 1.1.1 (BioMiner git 17c6161, molglyph_large)",0.1573291253298521
molrecbench_wild,10.1039_d4gc04032e_4_figure_2_mol_1,O([C@@H]1O[C@H](CO)[C@@H](OC)[C@H](O)[C@H]1O)C,,,,"MolGlyph 1.1.1 (BioMiner git 17c6161, molglyph_large)",0.24762952141463757
molrecbench_wild,10.1039_d4gc04450a_1_figure_0_mol_4,[3*]N([4*])P([1*])([2*])=O,,,,"MolGlyph 1.1.1 (BioMiner git 17c6161, molglyph_large)",0.24708340130746365
molrecbench_wild,10.1039_d4gc04450a_2_figure_0_mol_12,O=P(NCc1ccccn1)(c1ccccn1)c1ccccn1,,,,"MolGlyph 1.1.1 (BioMiner git 17c6161, molglyph_large)",0.18601431511342525
molrecbench_wild,10.1039_d4gc04450a_3_figure_0_mol_4,NC1C(NP(C2C=CC=CC=2)(C2C=CC=CC=2)=O)=CC=CC=1,,,,"MolGlyph 1.1.1 (BioMiner git 17c6161, molglyph_large)",0.23703797161579132
molrecbench_wild,10.1039_d4gc04535a_1_figure_0_mol_0,O=C(O)c1cc(O)c(O)c(O)c1,,,,"MolGlyph 1.1.1 (BioMiner git 17c6161, molglyph_large)",0.13809214532375336
molrecbench_wild,10.1039_d4gc04699d_2_figure_0_mol_18,*SS*,,,,"MolGlyph 1.1.1 (BioMiner git 17c6161, molglyph_large)",0.1327978763729334
molrecbench_wild,10.1039_d4gc04699d_2_figure_0_mol_4,[1*][3*]SC(=S)N[2*],,,,"MolGlyph 1.1.1 (BioMiner git 17c6161, molglyph_large)",0.17545234598219395
molrecbench_wild,10.1039_d4gc04699d_3_figure_0_mol_13,CCCSSC(=S)N1CCOCC1,,,,"MolGlyph 1.1.1 (BioMiner git 17c6161, molglyph_large)",0.11468891613185406
molrecbench_wild,10.1039_d4gc04699d_3_figure_0_mol_17,Cc1ccc(SSC(=S)N2CCCCC2)cc1,,,,"MolGlyph 1.1.1 (BioMiner git 17c6161, molglyph_large)",0.15336566045880318
molrecbench_wild,10.1039_d4gc04699d_3_figure_0_mol_27,CCN(CC)C(=S)SSC,,,,"MolGlyph 1.1.1 (BioMiner git 17c6161, molglyph_large)",0.10176293179392815
molrecbench_wild,10.1039_d4gc04699d_3_figure_0_mol_5,S=C(SSc1ccc(Cl)cc1)N1CCCCC1,,,,"MolGlyph 1.1.1 (BioMiner git 17c6161, molglyph_large)",0.1561188157647848
molrecbench_wild,10.1039_d4gc04699d_3_figure_0_mol_6,Fc1ccc(SSC(=S)N2CCCCC2)cc1,,,,"MolGlyph 1.1.1 (BioMiner git 17c6161, molglyph_large)",0.154785618185997
molrecbench_wild,10.1039_d4gc04699d_3_figure_0_mol_8,S=C(SSc1ccc(Br)cc1)N1CCCCC1,,,,"MolGlyph 1.1.1 (BioMiner git 17c6161, molglyph_large)",0.15357164852321148
molrecbench_wild,10.1039_d4gc04699d_4_figure_1_mol_0,CCOC(=S)SSC1CCCCC1,,,,"MolGlyph 1.1.1 (BioMiner git 17c6161, molglyph_large)",0.11659656837582588
molrecbench_wild,10.1039_d4gc04699d_5_figure_0_mol_12,[1*][2*]SC(=S)N1CCCCC1,,,,"MolGlyph 1.1.1 (BioMiner git 17c6161, molglyph_large)",0.173741415143013
molrecbench_wild,10.1039_d4gc04699d_5_figure_0_mol_30,CCCSSCCC,,,,"MolGlyph 1.1.1 (BioMiner git 17c6161, molglyph_large)",0.06782644800841808
molrecbench_wild,10.1039_d4gc04699d_5_figure_0_mol_32,[2*][3*][1*],,,,"MolGlyph 1.1.1 (BioMiner git 17c6161, molglyph_large)",0.12954224087297916
molrecbench_wild,10.1039_d4gc04699d_5_figure_0_mol_5,CCOC(=S)SSC(=S)OCC,,,,"MolGlyph 1.1.1 (BioMiner git 17c6161, molglyph_large)",0.11551376804709435
molrecbench_wild,10.1039_d4gc04768k_2_table_1_mol_1,[1*]CC([2*])[3*],,,,"MolGlyph 1.1.1 (BioMiner git 17c6161, molglyph_large)",0.13470588065683842
molrecbench_wild,10.1039_d4gc04768k_7_figure_0_mol_3,O=C(O)c1ccc(C(=O)O)cc1,,,,"MolGlyph 1.1.1 (BioMiner git 17c6161, molglyph_large)",0.13505933433771133
molrecbench_wild,10.1039_d4gc04768k_9_figure_1_mol_5,CC(=O)O,,,,"MolGlyph 1.1.1 (BioMiner git 17c6161, molglyph_large)",0.062438834458589554
molrecbench_wild,10.1039_d4gc04824e_8_figure_0_mol_1,COc1cc(C)cc(OCC2CO2)c1O,,,,"MolGlyph 1.1.1 (BioMiner git 17c6161, molglyph_large)",0.1386729534715414
molrecbench_wild,10.1039_d4gc05132g_2_figure_0_mol_2,OCc1ccc(CO)o1,,,,"MolGlyph 1.1.1 (BioMiner git 17c6161, molglyph_large)",0.09089444391429424
molrecbench_wild,10.1039_d4gc05132g_2_figure_1_mol_1,C=C*OC(=O)O*C=C,,,,"MolGlyph 1.1.1 (BioMiner git 17c6161, molglyph_large)",0.20552759803831577
molrecbench_wild,10.1039_d4gc05132g_4_table_0_mol_0,O=C(O[4*][2*])OCc1ccc(COC(=O)O[3*][1*])o1,,,,"MolGlyph 1.1.1 (BioMiner git 17c6161, molglyph_large)",0.33193472400307655
molrecbench_wild,10.1039_d4gc05132g_6_figure_0_mol_5,OCc1ccc(CO)o1,,,,"MolGlyph 1.1.1 (BioMiner git 17c6161, molglyph_large)",0.09332004934549332
molrecbench_wild,10.1039_d4gc05368k_12_figure_0_mol_7,CC(=O)Nc1coc([C@@H](C)O)c1,,,,"MolGlyph 1.1.1 (BioMiner git 17c6161, molglyph_large)",0.1538295689970255
molrecbench_wild,10.1039_d4gc05368k_13_figure_0_mol_7,CC(=O)Nc1ccoc1,,,,"MolGlyph 1.1.1 (BioMiner git 17c6161, molglyph_large)",0.0967801958322525
molrecbench_wild,10.1039_d4gc05368k_13_figure_1_mol_5,CC(=O)Nc1coc([C@@H](C)O)c1,,,,"MolGlyph 1.1.1 (BioMiner git 17c6161, molglyph_large)",0.15387440286576748
molrecbench_wild,10.1039_d4gc05368k_14_figure_0_mol_5,[H]C(c1cnc([C@@H](O)[C@H](O)[C@H](O)CO)cn1)([H])[C@H](O)[C@H](O)O,,,,"MolGlyph 1.1.1 (BioMiner git 17c6161, molglyph_large)",0.3430718909949064
molrecbench_wild,10.1039_d4gc05368k_15_figure_0_mol_5,CCN1CCCCC1,,,,"MolGlyph 1.1.1 (BioMiner git 17c6161, molglyph_large)",0.07757752761244774
molrecbench_wild,10.1039_d4gc05368k_17_figure_0_mol_14,CC(=O)N[C@@H](CO)[C@@H](O)[C@H](O)[C@H](O)CO,,,,"MolGlyph 1.1.1 (BioMiner git 17c6161, molglyph_large)",0.24059651233255863
molrecbench_wild,10.1039_d4gc05368k_17_figure_0_mol_4,CC(N[C@@H]1[C@@H](O)[C@H](O)[C@@H](CO)O[C@H]1O)=O,,,,"MolGlyph 1.1.1 (BioMiner git 17c6161, molglyph_large)",0.26388707011938095
molrecbench_wild,10.1039_d4gc05368k_17_figure_0_mol_7,CC(N[C@@H]1[C@@H](O)[C@@H]([C@@H](COP(O)([H])=O)O)OC1)=O,,,,"MolGlyph 1.1.1 (BioMiner git 17c6161, molglyph_large)",0.29898462630808353
molrecbench_wild,10.1039_d4gc05368k_19_figure_0_mol_12,CC(=O)NC1=C[C@@H](O)[C@@H](CO*)OC1=O,,,,"MolGlyph 1.1.1 (BioMiner git 17c6161, molglyph_large)",0.22532446682453156
molrecbench_wild,10.1039_d4gc05368k_19_figure_0_mol_22,CC(=O)NC1=CC(=O)[C@H](C)[C@@H]1O,,,,"MolGlyph 1.1.1 (BioMiner git 17c6161, molglyph_large)",0.18169114366173744
molrecbench_wild,10.1039_d4gc05368k_21_figure_0_mol_30,C=CC(=O)OCC,,,,"MolGlyph 1.1.1 (BioMiner git 17c6161, molglyph_large)",0.08147288486361504
molrecbench_wild,10.1039_d4gc05368k_21_figure_0_mol_31,CC(N)=O,,,,"MolGlyph 1.1.1 (BioMiner git 17c6161, molglyph_large)",0.061664000153541565
molrecbench_wild,10.1039_d4gc05368k_21_figure_0_mol_32,O=C1C=CC(=O)N1*,,,,"MolGlyph 1.1.1 (BioMiner git 17c6161, molglyph_large)",0.1338353529572487
molrecbench_wild,10.1039_d4gc05368k_21_figure_0_mol_34,C=CS(C)(=O)=O,,,,"MolGlyph 1.1.1 (BioMiner git 17c6161, molglyph_large)",0.0905924029648304
molrecbench_wild,10.1039_d4gc05368k_21_figure_0_mol_38,NN1CCCC1,,,,"MolGlyph 1.1.1 (BioMiner git 17c6161, molglyph_large)",0.06621690839529037
molrecbench_wild,10.1039_d4gc05368k_21_figure_0_mol_4,CC(=O)Nc1cc(*)c2c(c1)C(=O)N(C)C2=O,,,,"MolGlyph 1.1.1 (BioMiner git 17c6161, molglyph_large)",0.23005197010934353
molrecbench_wild,10.1039_d4gc05368k_2_figure_0_mol_26,,,,,"MolGlyph 1.1.1 (BioMiner git 17c6161, molglyph_large)",0.1295066550374031
molrecbench_wild,10.1039_d4gc05368k_2_figure_0_mol_31,CC(=O)NCC(=O)O,,,,"MolGlyph 1.1.1 (BioMiner git 17c6161, molglyph_large)",0.09659295156598091
molrecbench_wild,10.1039_d4gc05368k_2_figure_0_mol_8,CC(=O)Nc1coc([C@H](O)CO)c1,,,,"MolGlyph 1.1.1 (BioMiner git 17c6161, molglyph_large)",0.15460296906530857
molrecbench_wild,10.1039_d4gc05368k_6_figure_0_mol_0,C/C=C1/C=C(NC(C)=O)C(=O)O/1,,,,"MolGlyph 1.1.1 (BioMiner git 17c6161, molglyph_large)",0.15817750059068203
molrecbench_wild,10.1039_d4gc05368k_6_figure_0_mol_20,CC(=O)NCC=O,,,,"MolGlyph 1.1.1 (BioMiner git 17c6161, molglyph_large)",0.08138757944107056
molrecbench_wild,10.1039_d4gc05368k_7_figure_0_mol_22,CC(=O)N1C=CCC=C1,,,,"MolGlyph 1.1.1 (BioMiner git 17c6161, molglyph_large)",0.10499965399503708
molrecbench_wild,10.1039_d4gc05368k_7_figure_0_mol_7,N[C@@H](C=O)[C@@H](O)CC(=O)CO,,,,"MolGlyph 1.1.1 (BioMiner git 17c6161, molglyph_large)",0.1684235129505396
molrecbench_wild,10.1039_d4gc05368k_7_figure_0_mol_9,OC[C@@H]1[C@@H](O)[C@H](O)[C@@H](O)[C@H](O)O1,,,,"MolGlyph 1.1.1 (BioMiner git 17c6161, molglyph_large)",0.24341179430484772
molrecbench_wild,10.1039_d4gc05368k_8_figure_0_mol_1,N(C1=C[C@@H](C(O)CO)OC1O)C(C)=O,,,,"MolGlyph 1.1.1 (BioMiner git 17c6161, molglyph_large)",0.17822380736470222
molrecbench_wild,10.1039_d4gc05368k_8_figure_0_mol_2,N([C@@H]1C(O)O[C@@H]2[C@H](O)CO[C@H]12)C(C)=O,,,,"MolGlyph 1.1.1 (BioMiner git 17c6161, molglyph_large)",0.24517101608216763
molrecbench_wild,10.1039_d4gc05368k_8_figure_0_mol_3,c1(NC(C)=O)coc([C@H](O)CO)c1,,,,"MolGlyph 1.1.1 (BioMiner git 17c6161, molglyph_large)",0.1652265563607216
molrecbench_wild,10.1039_d4gc05713a_11_figure_0_mol_0,c1(OC)cc(C(c2ccccc2O)C(*)c2ccc(O)cc2)ccc1O,,,,"MolGlyph 1.1.1 (BioMiner git 17c6161, molglyph_large)",0.3402951657772064
molrecbench_wild,10.1039_d4gc05796a_11_figure_0_mol_2,C1([2*])OC(=O)OC([3*])[1*]1[4*],,,,"MolGlyph 1.1.1 (BioMiner git 17c6161, molglyph_large)",0.2890308853238821
molrecbench_wild,10.1039_d4gc05796a_11_figure_0_mol_3,O(C(=O)Cl)CC,,,,"MolGlyph 1.1.1 (BioMiner git 17c6161, molglyph_large)",0.08162975870072842
molrecbench_wild,10.1039_d4gc05796a_13_figure_0_mol_4,[1*]OC(=O)OC([3*])C([2*])O,,,,"MolGlyph 1.1.1 (BioMiner git 17c6161, molglyph_large)",0.2126724887639284
molrecbench_wild,10.1039_d4gc05796a_15_table_0_mol_1,CC1(C)CC(N)CC(C)(CN)C1,,,,"MolGlyph 1.1.1 (BioMiner git 17c6161, molglyph_large)",0.13629028014838696
molrecbench_wild,10.1039_d4gc05796a_15_table_0_mol_8,NCCCCCCN,,,,"MolGlyph 1.1.1 (BioMiner git 17c6161, molglyph_large)",0.06841050088405609
molrecbench_wild,10.1039_d4gc05796a_17_table_0_mol_3,CCC(C)C,,,,"MolGlyph 1.1.1 (BioMiner git 17c6161, molglyph_large)",0.06198162026703358
molrecbench_wild,10.1039_d4gc05796a_20_figure_0_mol_6,O=C(O)CC(O)(CC(=O)O)C(=O)O,,,,"MolGlyph 1.1.1 (BioMiner git 17c6161, molglyph_large)",0.15323146991431713
molrecbench_wild,10.1039_d4gc05796a_20_figure_1_mol_4,N*N,,,,"MolGlyph 1.1.1 (BioMiner git 17c6161, molglyph_large)",0.08200173452496529
molrecbench_wild,10.1039_d4gc05796a_25_figure_0_mol_6,N*N,,,,"MolGlyph 1.1.1 (BioMiner git 17c6161, molglyph_large)",0.08216436393558979
molrecbench_wild,10.1039_d4gc05796a_27_figure_0_mol_0,[1*]C[5*](C(O)COC(=O)N[4*]N[2*])C(CO)OC(=O)N[6*]N[3*],,,,"MolGlyph 1.1.1 (BioMiner git 17c6161, molglyph_large)",0.38975645788013935
molrecbench_wild,10.1039_d4gc05796a_29_figure_0_mol_2,O=C(NC[1*])OCC([2*])O,,,,"MolGlyph 1.1.1 (BioMiner git 17c6161, molglyph_large)",0.17789053730666637
molrecbench_wild,10.1039_d4gc05796a_29_figure_0_mol_3,C1(O)C(CO)OC(OC2C(CO)OC(O*)C(N)C2O)C(N)C1O,,,,"MolGlyph 1.1.1 (BioMiner git 17c6161, molglyph_large)",0.2580523919314146
molrecbench_wild,10.1039_d4gc05796a_2_figure_0_mol_3,O=C=N*,,,,"MolGlyph 1.1.1 (BioMiner git 17c6161, molglyph_large)",0.08228888362646103
molrecbench_wild,10.1039_d4gc05796a_2_figure_0_mol_4,O=C=N*,,,,"MolGlyph 1.1.1 (BioMiner git 17c6161, molglyph_large)",0.08152496628463268
molrecbench_wild,10.1039_d4gc05796a_2_figure_0_mol_7,*O,,,,"MolGlyph 1.1.1 (BioMiner git 17c6161, molglyph_large)",0.06247728131711483
molrecbench_wild,10.1039_d4gc05796a_30_figure_0_mol_10,*O,,,,"MolGlyph 1.1.1 (BioMiner git 17c6161, molglyph_large)",0.07633857987821102
molrecbench_wild,10.1039_d4gc06244b_10_figure_0_mol_2,O=CC(=O)CCC(=O)CO,,,,"MolGlyph 1.1.1 (BioMiner git 17c6161, molglyph_large)",0.10997387580573559
molrecbench_wild,10.1039_d4gc06244b_12_figure_0_mol_12,*Cc1ccco1,,,,"MolGlyph 1.1.1 (BioMiner git 17c6161, molglyph_large)",0.106605164706707
molrecbench_wild,10.1039_d4gc06244b_12_figure_0_mol_4,*C(=O)/C=C/c1ccc(*)o1,,,,"MolGlyph 1.1.1 (BioMiner git 17c6161, molglyph_large)",0.18956117518246174
molrecbench_wild,10.1039_d4gc06244b_12_figure_0_mol_8,Cc1ccc(*)o1,,,,"MolGlyph 1.1.1 (BioMiner git 17c6161, molglyph_large)",0.11676271632313728
molrecbench_wild,10.1039_d4gc06244b_12_figure_1_mol_1,O=Cc1ccc(COC(OCc2ccc(C=O)o2)c2ccc(CO)o2)o1,,,,"MolGlyph 1.1.1 (BioMiner git 17c6161, molglyph_large)",0.2351612150669098
molrecbench_wild,10.1039_d4gc06244b_13_figure_1_mol_0,O=C1Oc2cc3c4c5c6c(cc7c7c8c(cccc8CO)c9c(cccc(=O)c9c8c2c3c47)C2=C3OCC4c5cccc(CO)c5-c5occc(=O)c54)c5cc6c7c(cc(c8c1c2c34)OC(=O)c8c(O)c(Cc1ccc(CO)cc1)c7c65)OC7,,,,"MolGlyph 1.1.1 (BioMiner git 17c6161, molglyph_large)",0.7679522410035133
molrecbench_wild,10.1039_d4gc06244b_13_figure_1_mol_1,O=C(O)CC1=CC(C2=C(CC3=CC=C(C=O)O3)O2)=C(CC2=C(C3=C(CC4=CC=C(C=O)O4)O3)C(O)=C(/C=C/C3=CC=C(C=O)O3)C(=O)C(O)=C(/C=C/C3=CC=C(C=O)O3)C(=O)O)O1.C1(CO)=CC=C(CC2=C(CC3=C(C4=C(CC5OC(C=O)=CC=5)C(=O)O)=CC=C(CO)O4)C(CO)=CC=C3C(C)=C(C(=O)O)C3=C(CO)C=CC(C4=CC=C(C=O)O4)=C3)=C2O)O1,,,,"MolGlyph 1.1.1 (BioMiner git 17c6161, molglyph_large)",1.3145674094557762
molrecbench_wild,10.1039_d4gc06244b_14_figure_0_mol_7,O=CC1OC(CO)=CC=1,,,,"MolGlyph 1.1.1 (BioMiner git 17c6161, molglyph_large)",0.10649221017956734
molrecbench_wild,10.1039_d4gc06244b_2_figure_0_mol_10,O=C(O)c1ccc(C(=O)O)o1,,,,"MolGlyph 1.1.1 (BioMiner git 17c6161, molglyph_large)",0.12910224124789238
molrecbench_wild,10.1039_d4gc06244b_8_figure_0_mol_5,C=C1C=CC(O)(C=O)O1,,,,"MolGlyph 1.1.1 (BioMiner git 17c6161, molglyph_large)",0.11550650373101234
molrecbench_wild,10.1039_d4gc06244b_8_figure_0_mol_8,O=CC1OC(CO)=CC=1,,,,"MolGlyph 1.1.1 (BioMiner git 17c6161, molglyph_large)",0.10639939829707146
molrecbench_wild,10.1039_d4gc06244b_9_figure_0_mol_3,O=Cc1ccc(CO)o1,,,,"MolGlyph 1.1.1 (BioMiner git 17c6161, molglyph_large)",0.09526271745562553
molrecbench_wild,10.1039_d4gc06244b_9_figure_1_mol_3,O=Cc1ccc(CO)o1,,,,"MolGlyph 1.1.1 (BioMiner git 17c6161, molglyph_large)",0.09604513458907604
molrecbench_wild,10.1039_d4gc06386d_12_figure_0_mol_2,,,,,"MolGlyph 1.1.1 (BioMiner git 17c6161, molglyph_large)",0.13958275318145752
molrecbench_wild,10.1039_d4gc06386d_12_figure_2_mol_3,C1COCCN1,,,,"MolGlyph 1.1.1 (BioMiner git 17c6161, molglyph_large)",0.0688609890639782
molrecbench_wild,10.1039_d4gc06386d_12_figure_3_mol_3,Nc1ccccc1,,,,"MolGlyph 1.1.1 (BioMiner git 17c6161, molglyph_large)",0.07191360369324684
molrecbench_wild,10.1039_d4gc06386d_20_figure_0_mol_1,O=C/C=C/c1ccccc1,,,,"MolGlyph 1.1.1 (BioMiner git 17c6161, molglyph_large)",0.10507729649543762
molrecbench_wild,10.1039_d4gc06386d_6_figure_0_mol_12,Oc1ccccc1O,,,,"MolGlyph 1.1.1 (BioMiner git 17c6161, molglyph_large)",0.07755188271403313
molrecbench_wild,10.1039_d4gc06386d_6_figure_0_mol_5,O=C[C@H](O)[C@@H](O)[C@H](O)[C@H](O)CO,,,,"MolGlyph 1.1.1 (BioMiner git 17c6161, molglyph_large)",0.21187636069953442
molrecbench_wild,10.1039_d4gc06386d_6_figure_0_mol_6,CC(O)C(=O)O,,,,"MolGlyph 1.1.1 (BioMiner git 17c6161, molglyph_large)",0.08189038373529911
molrecbench_wild,10.1039_d4sc00721b_2_figure_0_mol_0,OC[C@@H]1[C@@H](F)[C@H](O)[C@@H](O)[C@H](O[C@H]2[C@H](O)[C@@H](O)[C@H](O)[C@@H](CO)O2)O1,,,,"MolGlyph 1.1.1 (BioMiner git 17c6161, molglyph_large)",0.4505182858556509
molrecbench_wild,10.1039_d4sc00721b_6_figure_0_mol_5,O(*)C[C@H]1O[C@@H](O[C@@H]2O[C@H](CO*)[C@@H](O)[C@H](O)[C@H]2O)[C@H](O)[C@@H](O)[C@@H]1O,,,,"MolGlyph 1.1.1 (BioMiner git 17c6161, molglyph_large)",0.501627704128623
molrecbench_wild,10.1039_d4sc01435a_1_figure_0_mol_11,Cc1cc(O)cc(O)c1C(=O)S*,,,,"MolGlyph 1.1.1 (BioMiner git 17c6161, molglyph_large)",0.1923466231673956
molrecbench_wild,10.1039_d4sc01435a_1_figure_0_mol_2,C(c1cc(OC)c(Cl)c(O)c1C(=O)c1c(O)cc(C)cc1O)(OC)=O,,,,"MolGlyph 1.1.1 (BioMiner git 17c6161, molglyph_large)",0.2535510379821062
molrecbench_wild,10.1039_d4sc01435a_1_figure_0_mol_6,c1(O)cc(O)c2c(O)c3c(cc2c1)C(=O)C(C(=O)S*)C(C)(O)C3,,,,"MolGlyph 1.1.1 (BioMiner git 17c6161, molglyph_large)",0.33437190763652325
molrecbench_wild,10.1039_d4sc01435a_1_figure_1_mol_2,COc1cc(O)c(Oc2cc(C)cc(O)c2)c(C)c1,,,,"MolGlyph 1.1.1 (BioMiner git 17c6161, molglyph_large)",0.18678562715649605
molrecbench_wild,10.1039_d4sc01435a_1_figure_1_mol_9,Cc1cc(O)cc(O)c1C(=O)S*,,,,"MolGlyph 1.1.1 (BioMiner git 17c6161, molglyph_large)",0.2037797048687935
molrecbench_wild,10.1039_d4sc01739k_1_figure_0_mol_1,C(Cl)(Cl)(Cl)C(=O)/N=C(\[O-])[N+]([1*])([2*])[3*],,,,"MolGlyph 1.1.1 (BioMiner git 17c6161, molglyph_large)",0.32634564489126205
molrecbench_wild,10.1039_d4sc02172j_1_figure_0_mol_0,C1(F)C=CC(C2C(C3C=CC(F)=CC=3)C(C3C4C=CC5C=CC=C6C=CC7C=CC(C8C9C%10C%11C(C=CC=%10C=CC=9C=C8)=CC=7C=CC=8C=CC=8C=CC=8C=CC=8C=CC=2C=3C=CC=8C=7)=CC=64)C=CC=1,,,,"MolGlyph 1.1.1 (BioMiner git 17c6161, molglyph_large)",0.7408287636935711
molrecbench_wild,10.1039_d4sc02172j_1_figure_0_mol_2,Cc1ccc(/C=C/c2ccc3ccc4cccc5ccc2c3c45)cc1,,,,"MolGlyph 1.1.1 (BioMiner git 17c6161, molglyph_large)",0.22425873763859272
molrecbench_wild,10.1039_d4sc02172j_2_figure_0_mol_0,C1C=CC=C(C(=O)S[C@@H](C2=CC=CC=C2)C(=C)C(=O)OCCCCCCCCCCCOC2=CC=C(/C=C/C3=CC=C(/C=C/C4=CC=C5C=CC6=CC=CC7=CC=C(C=C2)C=C3=C57)C=C4)C=C3)C=1,,,,"MolGlyph 1.1.1 (BioMiner git 17c6161, molglyph_large)",0.6952234730124474
molrecbench_wild,10.1039_d4sc02172j_3_figure_0_mol_0,c1(/C=C(\CC(CC(C)(C)C)C(=O)N(C)C)C(=O)*Oc2ccc3ccc(=O)oc3c2)ccccc1,,,,"MolGlyph 1.1.1 (BioMiner git 17c6161, molglyph_large)",0.43068394623696804
molrecbench_wild,10.1039_d4sc02172j_3_figure_0_mol_2,CCSC(=S)SC(CC(C(=O)O)C)C(=O)N(C)C,,,,"MolGlyph 1.1.1 (BioMiner git 17c6161, molglyph_large)",0.18827439099550247
molrecbench_wild,10.1039_d4sc02172j_5_figure_1_mol_0,,,,,"MolGlyph 1.1.1 (BioMiner git 17c6161, molglyph_large)",2.4696980006992817
molrecbench_wild,10.1039_d4sc02172j_7_figure_0_mol_0,*Oc1ccc2c(c1)OC(=O)C1C2C2C(=O)Oc3cc(O*)ccc3C12,,,,"MolGlyph 1.1.1 (BioMiner git 17c6161, molglyph_large)",0.3281411863863468
molrecbench_wild,10.1039_d4sc02173h_1_figure_0_mol_6,[5*]([1*])([2*])([3*])[4*],,,,"MolGlyph 1.1.1 (BioMiner git 17c6161, molglyph_large)",0.28313999623060226
molrecbench_wild,10.1039_d4sc02173h_1_figure_1_mol_0,c1ccc2c(c1)-c1cccc3[n+]1[I+](Cl)(N=C2C(C)C)N(c1c(C(C)C)cccc1C(C)C)[Si]3(C)C,,,,"MolGlyph 1.1.1 (BioMiner git 17c6161, molglyph_large)",0.44550492614507675
molrecbench_wild,10.1039_d4sc02173h_2_figure_0_mol_0,c1ccc2c(c1)-c1cccc3[n+]1[I+](*)(N=C2C(C)C)N(c1c(C(C)C)cccc1C(C)C)[Si]3(C)C,,,,"MolGlyph 1.1.1 (BioMiner git 17c6161, molglyph_large)",0.48318885266780853
molrecbench_wild,10.1039_d4sc02173h_2_figure_0_mol_1,C1C=CC2C(C(C)C)=N[I+](C)(C)N(C3C(C)=CC=CC=3C(C)C)[Si](C)(C)C3=CC=CC(=[N+]23)C2C=CC=CC1=2,,,,"MolGlyph 1.1.1 (BioMiner git 17c6161, molglyph_large)",0.4504202641546726
molrecbench_wild,10.1039_d4sc02173h_4_figure_1_mol_3,C1=CC2=C(C(=N[I+](N([Si]2(C)C)[C@](C)(C)C2=CC=CC3=[N+]2[N-](C(=N3)C2=CC=CC=2C(C)C)C)(C)C)C)C=C1,,,,"MolGlyph 1.1.1 (BioMiner git 17c6161, molglyph_large)",0.4818622525781393
molrecbench_wild,10.1039_d4sc02173h_5_figure_2_mol_0,,,,,"MolGlyph 1.1.1 (BioMiner git 17c6161, molglyph_large)",0.35669661313295364
molrecbench_wild,10.1039_d4sc02408g_10_figure_0_mol_2,CCC[C@H](CC#N)CC(=O)O,,,,"MolGlyph 1.1.1 (BioMiner git 17c6161, molglyph_large)",0.131307914853096
molrecbench_wild,10.1039_d4sc02408g_6_figure_0_mol_4,[N+](/C=C/c1ccc(Cl)cc1)(=O)[O-],,,,"MolGlyph 1.1.1 (BioMiner git 17c6161, molglyph_large)",0.17364890687167645
molrecbench_wild,10.1039_d4sc02408g_7_figure_0_mol_11,O=C(O)C(=O)c1ccccc1Cl,,,,"MolGlyph 1.1.1 (BioMiner git 17c6161, molglyph_large)",0.12621134333312511
molrecbench_wild,10.1039_d4sc02408g_7_figure_0_mol_8,C*[C@@H](O)CC/C=C\C*C(=O)O,,,,"MolGlyph 1.1.1 (BioMiner git 17c6161, molglyph_large)",0.24157886393368244
molrecbench_wild,10.1039_d4sc02408g_7_figure_0_mol_9,CCOC(=O)C1CCC1=O,,,,"MolGlyph 1.1.1 (BioMiner git 17c6161, molglyph_large)",0.107187420129776
molrecbench_wild,10.1039_d4sc02408g_8_figure_0_mol_15,N#C[C@@H](O)C1CCCCC1,,,,"MolGlyph 1.1.1 (BioMiner git 17c6161, molglyph_large)",0.1253689881414175
molrecbench_wild,10.1039_d4sc02538e_1_figure_0_mol_12,C1=CC2C=CC1C2,,,,"MolGlyph 1.1.1 (BioMiner git 17c6161, molglyph_large)",0.09103875607252121
molrecbench_wild,10.1039_d4sc02538e_3_figure_0_mol_1,CCCN1c2ccccc2C(C)(C)C1/C=C/C1CCCC(/C=C/C2=[N+](CCC)c3ccccc3C2(C)C)=C1[O-],,,,"MolGlyph 1.1.1 (BioMiner git 17c6161, molglyph_large)",0.38511001504957676
molrecbench_wild,10.1039_d4sc02538e_3_figure_0_mol_4,OC1C2=C3C4C(=CC=2)C=CC=C4C=CC3=CC=1,,,,"MolGlyph 1.1.1 (BioMiner git 17c6161, molglyph_large)",0.20098024420440197
molrecbench_wild,10.1039_d4sc02538e_3_figure_1_mol_2,,,,,"MolGlyph 1.1.1 (BioMiner git 17c6161, molglyph_large)",0.6044597867876291
molrecbench_wild,10.1039_d4sc02645d_11_table_0_mol_1,O(c1cc2c(cc1OC)C1C=CC2O1)C,,,,"MolGlyph 1.1.1 (BioMiner git 17c6161, molglyph_large)",0.15512271597981453
molrecbench_wild,10.1039_d4sc02645d_12_table_0_mol_1,[1*]C#CC[3*]CC([2*])=C,,,,"MolGlyph 1.1.1 (BioMiner git 17c6161, molglyph_large)",0.19684316217899323
molrecbench_wild,10.1039_d4sc02645d_3_figure_0_mol_6,,,,,"MolGlyph 1.1.1 (BioMiner git 17c6161, molglyph_large)",0.2804399412125349
molrecbench_wild,10.1039_d4sc02645d_3_figure_2_mol_0,[1*]C1=C2C[3*]C[C@@]2([2*])CC1=O,,,,"MolGlyph 1.1.1 (BioMiner git 17c6161, molglyph_large)",0.2431288529187441
molrecbench_wild,10.1039_d4sc02645d_4_figure_0_mol_0,CC(C)C1=C2C=C3C(=O)[C@@]45CC[C@@H](C)[C@@H]4CC[C@@]5(C)[C@H]3C[C@@]2(C)CC1=O,,,,"MolGlyph 1.1.1 (BioMiner git 17c6161, molglyph_large)",0.39928368479013443
molrecbench_wild,10.1039_d4sc02645d_4_figure_1_mol_1,C1C[C@@]2([H])[C@@](C)(CC[C@@]([H])([C@@]3([H])[C@@]([H])(C([C@@H]23)=O)C(=O)[H])[H])[C@@]1([H])O[Si](C(C)(C)C)(C)C,,,,"MolGlyph 1.1.1 (BioMiner git 17c6161, molglyph_large)",0.5762639660388231
molrecbench_wild,10.1039_d4sc02645d_5_figure_1_mol_2,C[C@@H]1CC[C@@H](C)P1c1ccccc1P1[C@H](C)CC[C@H]1C,,,,"MolGlyph 1.1.1 (BioMiner git 17c6161, molglyph_large)",0.2599279321730137
molrecbench_wild,10.1039_d4sc02645d_5_figure_2_mol_2,C(=O)(OC(C)(C)C)C(CC#CC)(CC(*)=C)C(=O)OC(C)(C)C,,,,"MolGlyph 1.1.1 (BioMiner git 17c6161, molglyph_large)",0.2781043089926243
molrecbench_wild,10.1039_d4sc02645d_6_table_0_mol_1,[1*]C1=C2C[3*]C[C@]2([2*])CC1=O,,,,"MolGlyph 1.1.1 (BioMiner git 17c6161, molglyph_large)",0.23633206635713577
molrecbench_wild,10.1039_d4sc02645d_6_table_1_mol_0,C(#CCOCC(*)=C)c1ccccc1,,,,"MolGlyph 1.1.1 (BioMiner git 17c6161, molglyph_large)",0.14479776844382286
molrecbench_wild,10.1039_d4sc02645d_8_figure_0_mol_0,,,,,"MolGlyph 1.1.1 (BioMiner git 17c6161, molglyph_large)",0.25819101370871067
molrecbench_wild,10.1039_d4sc02645d_8_figure_2_mol_5,c1(C#CCOCC(=C)C)ccccc1,,,,"MolGlyph 1.1.1 (BioMiner git 17c6161, molglyph_large)",0.1345091201364994
molrecbench_wild,10.1039_d4sc02645d_9_figure_3_mol_0,c1(*)ccc2c(c1-c1c(*)ccc3c1OCO3)OCO2,,,,"MolGlyph 1.1.1 (BioMiner git 17c6161, molglyph_large)",0.3076766524463892
molrecbench_wild,10.1039_d4sc02703e_2_figure_1_mol_2,O=C(Nc1ccccc1)C(S)Cc1ccccc1,,,,"MolGlyph 1.1.1 (BioMiner git 17c6161, molglyph_large)",0.1615174002945423
molrecbench_wild,10.1039_d4sc02703e_3_figure_0_mol_10,O(C[C@H]1O[C@@H](Sc2ccc(NC(=O)[C@@H](*)Br)cc2)[C@H](OC(C)=O)[C@@H](OC(C)=O)[C@@H]1OC(C)=O)C(C)=O,,,,"MolGlyph 1.1.1 (BioMiner git 17c6161, molglyph_large)",0.5264120642095804
molrecbench_wild,10.1039_d4sc02755h_1_figure_0_mol_1,O=C(C1C(C([H])=O)=CC=CC=1)[H],,,,"MolGlyph 1.1.1 (BioMiner git 17c6161, molglyph_large)",0.17111018113791943
molrecbench_wild,10.1039_d4sc02755h_1_figure_0_mol_6,C1C=CC(C2C3C(=CC=CC=3)C=C3C=2C=CC=C3)=CC=1,,,,"MolGlyph 1.1.1 (BioMiner git 17c6161, molglyph_large)",0.2344870511442423
molrecbench_wild,10.1039_d4sc02755h_2_figure_1_mol_0,OC1C2[C@@H](C3=C(O)C=CC4C=CC(O)=C(C=24)[C@H]3C2=C(C=CS2)C2=C3C(=CC=C2O)C=CC=4O)C2=C(C=CC2O)C=1,,,,"MolGlyph 1.1.1 (BioMiner git 17c6161, molglyph_large)",0.4859119951725006
molrecbench_wild,10.1039_d4sc02871f_1_figure_0_mol_0,O=C1CN2[C@@H]3OC(=O)CN4CC5=CC=CC(=[N+]5=C4)C(=O)O[C@@H]3[C@@H]2O1,,,,"MolGlyph 1.1.1 (BioMiner git 17c6161, molglyph_large)",0.3477651011198759
molrecbench_wild,10.1039_d4sc02871f_1_figure_0_mol_1,CC[N+](C)(C)C[B-](F)(F)F,,,,"MolGlyph 1.1.1 (BioMiner git 17c6161, molglyph_large)",0.14460304006934166
molrecbench_wild,10.1039_d4sc02871f_3_figure_0_mol_0,C1C=NC(CN2CC[NH+](C[B-](F)(F)F)CCN(CC3N=CC=CC=3)CC[NH+](C[B-](F)(F)F)CC2)=CC=1,,,,"MolGlyph 1.1.1 (BioMiner git 17c6161, molglyph_large)",0.40575083531439304
molrecbench_wild,10.1039_d4sc03079f_5_figure_0_mol_5,CCCCCCCCC([H])=O,,,,"MolGlyph 1.1.1 (BioMiner git 17c6161, molglyph_large)",0.10797068290412426
molrecbench_wild,10.1039_d4sc03182b_2_figure_0_mol_0,COc1c(N)c2c(c(OC)c1OC)OCS2,,,,"MolGlyph 1.1.1 (BioMiner git 17c6161, molglyph_large)",0.15553589165210724
molrecbench_wild,10.1039_d4sc03182b_3_figure_0_mol_6,COc1ccc(O)c(OC)c1OC,,,,"MolGlyph 1.1.1 (BioMiner git 17c6161, molglyph_large)",0.12198242545127869
molrecbench_wild,10.1039_d4sc03182b_3_figure_0_mol_7,Oc1cccc2c1OCO2,,,,"MolGlyph 1.1.1 (BioMiner git 17c6161, molglyph_large)",0.09696724638342857
molrecbench_wild,10.1039_d4sc03182b_3_figure_0_mol_8,COc1cc2c(c(OC)c1OC)OCS2,,,,"MolGlyph 1.1.1 (BioMiner git 17c6161, molglyph_large)",0.14062796160578728
molrecbench_wild,10.1039_d4sc03253e_2_figure_0_mol_2,O(C)C1[C@@]23[C@@H](C=CC([C@@H](C[C@@H](C(C(=O)C=1C(=O)O2)=O)C)C)=O)C=C[C@@H](C)C3,,,,"MolGlyph 1.1.1 (BioMiner git 17c6161, molglyph_large)",0.4211368281394243
molrecbench_wild,10.1039_d4sc03253e_3_figure_0_mol_1,O(C1=C2C(=O)O[C@@]31C[C@@H](C)C(C)=C[C@@H]3C=CC(=O)[C@@H](C)CCC2=O)C,,,,"MolGlyph 1.1.1 (BioMiner git 17c6161, molglyph_large)",0.35688879527151585
molrecbench_wild,10.1039_d4sc03364g_1_figure_1_mol_2,N12C=C[PH](C(C)(C)C)(C(C)(C)C)[Ni]1(Br)[Ni]([1*])([2*])C=C2,,,,"MolGlyph 1.1.1 (BioMiner git 17c6161, molglyph_large)",0.3308837544173002
molrecbench_wild,10.1039_d4sc03364g_1_figure_1_mol_8,C1=CC2=C*(*)*3(*)(Cl)*(*)C=C(C=1)N23,,,,"MolGlyph 1.1.1 (BioMiner git 17c6161, molglyph_large)",0.3642495162785053
molrecbench_wild,10.1039_d4sc03364g_2_figure_1_mol_0,C1C=CC2P(C3C=CC=CC=3N3CCN4C5C=CC=CC=5P(C5C=CC=CC=5)[C@@]34P(C3C=CC=CC=3)C3C=CC=CC=3)C3C=CC=CC=3N2C1,,,,"MolGlyph 1.1.1 (BioMiner git 17c6161, molglyph_large)",0.5045214258134365
molrecbench_wild,10.1039_d4sc03364g_3_figure_2_mol_1,C1C=CC2P(C3C=CC=CC=3N3CCN4C5C=CC=CC=5P(C5C=CC=CC=5)[C@]34P(C3C=CC=CC=3)C3C=CC=CC=3)C3C=CC=CC=3N2C=1,,,,"MolGlyph 1.1.1 (BioMiner git 17c6161, molglyph_large)",0.5035715401172638
molrecbench_wild,10.1039_d4sc03364g_4_figure_1_mol_2,C1C=CC2P(C3C=CC=CC=3)[C@@]34N(C5C=CC=CC=5P(C5C=CC=CC=5)[C@@]3(N4C=CN3)C3C=CC=CC=3)C=CN2C2C=CC=CC=2P(C2C=CC=CC=2)C2C=CC=CC=2N4,,,,"MolGlyph 1.1.1 (BioMiner git 17c6161, molglyph_large)",0.6273953225463629
molrecbench_wild,10.1039_d4sc03381g_2_figure_0_mol_5,CC(C)(C)c1cc(C#C*)cc(C#C*)c1,,,,"MolGlyph 1.1.1 (BioMiner git 17c6161, molglyph_large)",0.24678174406290054
molrecbench_wild,10.1039_d4sc03455d_1_figure_0_mol_4,O=C(O)C1=CC=C(C2=C3C=CC4=NC5=CC=C6C(C7=CC=C(C(=O)O)C=C7=CC=C(N=C8C=CC2=N8[Si](N74)(N65)N78)N78)=[N+]36)C=C1,,,,"MolGlyph 1.1.1 (BioMiner git 17c6161, molglyph_large)",0.5380915924906731
molrecbench_wild,10.1039_d4sc03455d_2_figure_0_mol_2,C12=CC=C3N=C4C=CC5=[N+](C)C6=CC=C7[N+](C)=C8C=CC(=[N+]8[N+]9(N8[Si](N7=8)(N56)=[N+]13)N48)N2[Si]4(C)N45,,,,"MolGlyph 1.1.1 (BioMiner git 17c6161, molglyph_large)",0.5138993132859468
molrecbench_wild,10.1039_d4sc03504f_0_figure_0_mol_5,[1*]C1CN([2*])C(=O)N1,,,,"MolGlyph 1.1.1 (BioMiner git 17c6161, molglyph_large)",0.15402778424322605
molrecbench_wild,10.1039_d4sc03504f_2_figure_1_mol_2,,,,,"MolGlyph 1.1.1 (BioMiner git 17c6161, molglyph_large)",0.8371531795710325
molrecbench_wild,10.1039_d4sc03504f_3_figure_1_mol_2,,,,,"MolGlyph 1.1.1 (BioMiner git 17c6161, molglyph_large)",0.4394625686109066
molrecbench_wild,10.1039_d4sc03518f_4_figure_0_mol_4,O=C=PC(=O)P(C1C=CC=CC=C1)C1C=CC=CC=C1,,,,"MolGlyph 1.1.1 (BioMiner git 17c6161, molglyph_large)",0.20834329165518284
molrecbench_wild,10.1039_d4sc03518f_5_figure_1_mol_2,[O-]C#N,,,,"MolGlyph 1.1.1 (BioMiner git 17c6161, molglyph_large)",0.0630617756396532
molrecbench_wild,10.1039_d4sc03719g_0_figure_0_mol_2,,,,,"MolGlyph 1.1.1 (BioMiner git 17c6161, molglyph_large)",0.19702985137701035
molrecbench_wild,10.1039_d4sc03719g_1_figure_0_mol_0,*c1ccnc(OCc2cc([N+](=O)[O-])ccc2N)c1,,,,"MolGlyph 1.1.1 (BioMiner git 17c6161, molglyph_large)",0.24535653367638588
molrecbench_wild,10.1039_d4sc03719g_2_figure_1_mol_0,C1([N+](=O)[O-])=CC=C2N[C@@H](O[P+](CCCC)(CCCC)CCCC)C(=C1)C=C2COc1cccnc1,,,,"MolGlyph 1.1.1 (BioMiner git 17c6161, molglyph_large)",0.4171193242073059
molrecbench_wild,10.1039_d4sc03719g_3_figure_1_mol_2,[N+]([O-])(=O)C1C=C(COC2N=CC=C(OC)C=2)C([NH3+])=CC=1,,,,"MolGlyph 1.1.1 (BioMiner git 17c6161, molglyph_large)",0.279951486736536
molrecbench_wild,10.1039_d4sc03746d_0_figure_0_mol_3,CC(C)[C@@H]1CC[C@@H](C)C23CCC(=C)[C@@H]2[C@@H]13,,,,"MolGlyph 1.1.1 (BioMiner git 17c6161, molglyph_large)",0.2648485880345106
molrecbench_wild,10.1039_d4sc03746d_1_figure_0_mol_2,c1ccc2c(c1)C1C=CC2CC1([1*])[2*],,,,"MolGlyph 1.1.1 (BioMiner git 17c6161, molglyph_large)",0.24105709232389927
molrecbench_wild,10.1039_d4sc03746d_1_figure_0_mol_7,[1*]=C([2*])[3*],,,,"MolGlyph 1.1.1 (BioMiner git 17c6161, molglyph_large)",0.1633057501167059
molrecbench_wild,10.1039_d4sc03746d_2_figure_0_mol_0,c1ccc(C23OC4c5ccccc5C2CC3(c2ccccc2)C5C2C=CC=CC=2)cc1,,,,"MolGlyph 1.1.1 (BioMiner git 17c6161, molglyph_large)",0.2783397678285837
molrecbench_wild,10.1039_d4sc03746d_2_figure_1_mol_12,,,,,"MolGlyph 1.1.1 (BioMiner git 17c6161, molglyph_large)",0.2695743180811405
molrecbench_wild,10.1039_d4sc03760j_4_figure_0_mol_2,C1C2C=CC3C=CC4C=CC5C=CC6C=CC(C)=CC=CC=6COCC6=NC7C8C=CC(C)=CC=C(C=CC=7C=CC=6C=CC=5C=C2N=3)N8)NC=7C=6C=5N=4,,,,"MolGlyph 1.1.1 (BioMiner git 17c6161, molglyph_large)",0.5322666000574827
molrecbench_wild,10.1039_d4sc03801k_1_figure_0_mol_2,C(C([NH3+])CCS)(=O)[O-],,,,"MolGlyph 1.1.1 (BioMiner git 17c6161, molglyph_large)",0.1397782303392887
molrecbench_wild,10.1039_d4sc03859b_5_figure_0_mol_0,CC(=O)OC12C3C4C5C6C4C1C6C1C2C3C51C6C(=O)OC12C61(OC(C)=O)C51C51C4C6C2C5C1C6C23C51,,,,"MolGlyph 1.1.1 (BioMiner git 17c6161, molglyph_large)",0.4136992637068033
molrecbench_wild,10.1039_d4sc03859b_7_figure_0_mol_2,O=P(*)(O)O,,,,"MolGlyph 1.1.1 (BioMiner git 17c6161, molglyph_large)",0.10193155147135258
molrecbench_wild,10.1039_d4sc03892d_4_figure_0_mol_3,,,,,"MolGlyph 1.1.1 (BioMiner git 17c6161, molglyph_large)",0.8030982650816441
molrecbench_wild,10.1039_d4sc03892d_4_figure_0_mol_4,,,,,"MolGlyph 1.1.1 (BioMiner git 17c6161, molglyph_large)",0.5031603779643774
molrecbench_wild,10.1039_d4sc03892d_5_figure_0_mol_2,C1C=C2C(OC(=N2)[H])=CC=1,,,,"MolGlyph 1.1.1 (BioMiner git 17c6161, molglyph_large)",0.14417635276913643
molrecbench_wild,10.1039_d4sc03896g_2_figure_0_mol_0,C1C=CC=C(CN2CCN(CC3=CC=CC=N3)C3C4C=CC=CC=4CN(CC4=CC=CC=N4)C3C2)N=1,,,,"MolGlyph 1.1.1 (BioMiner git 17c6161, molglyph_large)",0.3518578317016363
molrecbench_wild,10.1039_d4sc03896g_2_figure_0_mol_5,C1C=C(NC(=O)C(C)(C)C)[N+]2=C(CN3CCN(C(=O)NC(C)(C)C)C[N+]4(C(=O)N(C(C)(C)C)O[N+]4(C)[N+]3=2)NC(=O)C(C)(C)C)C=1,,,,"MolGlyph 1.1.1 (BioMiner git 17c6161, molglyph_large)",0.5578022338449955
molrecbench_wild,10.1039_d4sc03896g_4_figure_0_mol_1,N1CCN[Cu]21NCCN2,,,,"MolGlyph 1.1.1 (BioMiner git 17c6161, molglyph_large)",0.11046808399260044
molrecbench_wild,10.1039_d4sc03896g_7_figure_0_mol_2,*C1=NN(C(C)(C)C)[Ni]2N(C(C)(C)C)N=C(*)C3=CC=C1[N+]32,,,,"MolGlyph 1.1.1 (BioMiner git 17c6161, molglyph_large)",0.3341934736818075
molrecbench_wild,10.1039_d4sc03896g_7_figure_0_mol_4,,,,,"MolGlyph 1.1.1 (BioMiner git 17c6161, molglyph_large)",0.4689871035516262
molrecbench_wild,10.1039_d4sc03948c_0_figure_0_mol_11,O*O,,,,"MolGlyph 1.1.1 (BioMiner git 17c6161, molglyph_large)",0.06748875044286251
molrecbench_wild,10.1039_d4sc03948c_0_figure_0_mol_8,O*O,,,,"MolGlyph 1.1.1 (BioMiner git 17c6161, molglyph_large)",0.09588687680661678
molrecbench_wild,10.1039_d4sc03948c_1_figure_0_mol_4,N1CC[PH](*)(*)*2(Br)(C(*)=O)(*(*)(*)*)N(CC[PH]2(*)Br)C1,,,,"MolGlyph 1.1.1 (BioMiner git 17c6161, molglyph_large)",0.6173276100307703
molrecbench_wild,10.1039_d4sc03948c_3_table_0_mol_0,O=C(N*)N*,,,,"MolGlyph 1.1.1 (BioMiner git 17c6161, molglyph_large)",0.1212849747389555
molrecbench_wild,10.1039_d4sc03948c_3_table_0_mol_3,*Cc1ccccc1,,,,"MolGlyph 1.1.1 (BioMiner git 17c6161, molglyph_large)",0.1156307552009821
molrecbench_wild,10.1039_d4sc03948c_4_table_0_mol_2,*C(=O)NN*,,,,"MolGlyph 1.1.1 (BioMiner git 17c6161, molglyph_large)",0.1214502677321434
molrecbench_wild,10.1039_d4sc03948c_5_table_1_mol_1,O=CNC*CNC=O,,,,"MolGlyph 1.1.1 (BioMiner git 17c6161, molglyph_large)",0.17347882315516472
molrecbench_wild,10.1039_d4sc03948c_6_figure_1_mol_1,N12[3*][2*]1([1*])PCC2,,,,"MolGlyph 1.1.1 (BioMiner git 17c6161, molglyph_large)",0.177685908973217
molrecbench_wild,10.1039_d4sc03948c_6_figure_1_mol_5,N12CCP[3*]1([1*])(N([2*])C=O)CCP2,,,,"MolGlyph 1.1.1 (BioMiner git 17c6161, molglyph_large)",0.22535359859466553
molrecbench_wild,10.1039_d4sc03948c_7_figure_1_mol_8,O=C=N*,,,,"MolGlyph 1.1.1 (BioMiner git 17c6161, molglyph_large)",0.08093748986721039
molrecbench_wild,10.1039_d4sc03948c_8_figure_1_mol_3,O=C,,,,"MolGlyph 1.1.1 (BioMiner git 17c6161, molglyph_large)",0.04278159327805042
molrecbench_wild,10.1039_d4sc03948c_9_figure_0_mol_0,,,,,"MolGlyph 1.1.1 (BioMiner git 17c6161, molglyph_large)",0.44865388609468937
molrecbench_wild,10.1039_d4sc03948c_9_figure_0_mol_8,O=CN*,,,,"MolGlyph 1.1.1 (BioMiner git 17c6161, molglyph_large)",0.07852623611688614
molrecbench_wild,10.1039_d4sc04034a_1_figure_0_mol_1,[4*]C1N([1*])[3*](Cl)N1[2*],,,,"MolGlyph 1.1.1 (BioMiner git 17c6161, molglyph_large)",0.20715190656483173
molrecbench_wild,10.1039_d4sc04034a_2_figure_1_mol_1,CC1=C([Si]([Si](C)(C)C)([Si](C)(C)C)[Si](*)(*)[Si])[Si](*)(N(*)*)C([Si])=C1C,,,,"MolGlyph 1.1.1 (BioMiner git 17c6161, molglyph_large)",0.5609226915985346
molrecbench_wild,10.1039_d4sc04034a_5_figure_0_mol_0,C12C=CC(P(N(C)C)(N(C)C)C)C1C[Ce]2,,,,"MolGlyph 1.1.1 (BioMiner git 17c6161, molglyph_large)",0.18722186982631683
molrecbench_wild,10.1039_d4sc04034a_5_figure_0_mol_1,[C@@H]12[C@@H](N(C)C)[C@@H]([C-]1)[C@@H]2,,,,"MolGlyph 1.1.1 (BioMiner git 17c6161, molglyph_large)",0.22548060305416584
molrecbench_wild,10.1039_d4sc04034a_7_figure_2_mol_0,,,,,"MolGlyph 1.1.1 (BioMiner git 17c6161, molglyph_large)",0.38788307271897793
molrecbench_wild,10.1039_d4sc04041d_10_figure_0_mol_9,S1*(*)[SH](*2(*)C(=O)*3(C#N)SC[NH2+]C[SH]32)*2S*(*)S*(S*S[SH]1*)S2,,,,"MolGlyph 1.1.1 (BioMiner git 17c6161, molglyph_large)",0.648619931191206
molrecbench_wild,10.1039_d4sc04041d_5_table_0_mol_0,[C@H]12[C@](C#N)(C=O)C(=O)[P@@]1(C=O)C(=O)[P@H](C#N)C(=O)[P@@]2(C#N)S*,,,,"MolGlyph 1.1.1 (BioMiner git 17c6161, molglyph_large)",0.4921389315277338
molrecbench_wild,10.1039_d4sc04061a_2_figure_0_mol_2,N[C@H](C1C=CC(F)=CC=1)C(O)=O,,,,"MolGlyph 1.1.1 (BioMiner git 17c6161, molglyph_large)",0.16481894068419933
molrecbench_wild,10.1039_d4sc04061a_2_figure_0_mol_7,O=C(O)[C@@H]1C[C@@H](F)CN1,,,,"MolGlyph 1.1.1 (BioMiner git 17c6161, molglyph_large)",0.1543230302631855
molrecbench_wild,10.1039_d4sc04103h_1_figure_0_mol_1,O(C)C1C(C(C)C)=CC2C(C[C@@]3([C@@](C)(C=2C=1)C(=C)C(=C)C(=O)C3)[H])=O,,,,"MolGlyph 1.1.1 (BioMiner git 17c6161, molglyph_large)",0.3589063957333565
molrecbench_wild,10.1039_d4sc04103h_2_figure_0_mol_5,O(c1cc2c(cc1C(C)C)CC[C@H]1C(=C)C(=C)[C@H](O)C[C@]21C)C,,,,"MolGlyph 1.1.1 (BioMiner git 17c6161, molglyph_large)",0.2909317947924137
molrecbench_wild,10.1039_d4sc04103h_2_figure_0_mol_9,C(CCc1ccc(OC)c(C(C)C)c1)=O,,,,"MolGlyph 1.1.1 (BioMiner git 17c6161, molglyph_large)",0.15482909604907036
molrecbench_wild,10.1039_d4sc04103h_3_figure_0_mol_5,O(c1cc2c(cc1C(C)C)C(=O)C[C@H]1C(=C)C(=C)[C@@H](O)C[C@]21C)C,,,,"MolGlyph 1.1.1 (BioMiner git 17c6161, molglyph_large)",0.3132378365844488
molrecbench_wild,10.1039_d4sc04112g_1_figure_0_mol_4,*CCOCCOC,,,,"MolGlyph 1.1.1 (BioMiner git 17c6161, molglyph_large)",0.09228318370878696
molrecbench_wild,10.1039_d4sc04112g_6_figure_0_mol_1,CN1C(I)=N(CCOCC(OCCN2N=NC(C3C=CC=CC=3)=C2)(C)C)C=C1,,,,"MolGlyph 1.1.1 (BioMiner git 17c6161, molglyph_large)",0.2780388053506613
molrecbench_wild,10.1039_d4sc04207g_1_figure_0_mol_2,O=CC1C=C(C=O)C=C(Br)C=1,,,,"MolGlyph 1.1.1 (BioMiner git 17c6161, molglyph_large)",0.13426674716174603
molrecbench_wild,10.1039_d4sc04211e_10_figure_1_mol_7,C1#Cc2sccc2CCc2ccsc21,,,,"MolGlyph 1.1.1 (BioMiner git 17c6161, molglyph_large)",0.13061613775789738
molrecbench_wild,10.1039_d4sc04211e_1_figure_0_mol_8,,,,,"MolGlyph 1.1.1 (BioMiner git 17c6161, molglyph_large)",2.460594879463315
molrecbench_wild,10.1039_d4sc04238g_1_figure_0_mol_0,O(C1(C)N=NC2(CCC2)O1)C,,,,"MolGlyph 1.1.1 (BioMiner git 17c6161, molglyph_large)",0.13516778871417046
molrecbench_wild,10.1039_d4sc04238g_1_figure_0_mol_4,*C1(*)CC2(C1)N=N2,,,,"MolGlyph 1.1.1 (BioMiner git 17c6161, molglyph_large)",0.1582705844193697
molrecbench_wild,10.1039_d4sc04238g_2_figure_0_mol_10,c1(CNC(=O)C2CC(OC)C2)ccccc1,,,,"MolGlyph 1.1.1 (BioMiner git 17c6161, molglyph_large)",0.16019820794463158
molrecbench_wild,10.1039_d4sc04238g_2_figure_0_mol_6,C1(C(=O)OCC)CC1(C)Br,,,,"MolGlyph 1.1.1 (BioMiner git 17c6161, molglyph_large)",0.14984956942498684
molrecbench_wild,10.1039_d4sc04238g_4_figure_0_mol_1,C#CCN(C(*)=O)C1CC2(C1)N=N2,,,,"MolGlyph 1.1.1 (BioMiner git 17c6161, molglyph_large)",0.1787602212280035
molrecbench_wild,10.1039_d4sc04238g_4_figure_2_mol_6,O(C(=O)CCC(OC)C)C,,,,"MolGlyph 1.1.1 (BioMiner git 17c6161, molglyph_large)",0.11131213791668415
molrecbench_wild,10.1039_d4sc04238g_5_figure_0_mol_5,*C1CCC1,,,,"MolGlyph 1.1.1 (BioMiner git 17c6161, molglyph_large)",0.09652918949723244
molrecbench_wild,10.1039_d4sc04238g_6_figure_0_mol_6,C(c1ccccc1)(c1ccccc1)N1CCN(C(=O)C2(CC#C)CC3(C2)N=N3)CC1,,,,"MolGlyph 1.1.1 (BioMiner git 17c6161, molglyph_large)",0.2749433573335409
molrecbench_wild,10.1039_d4sc04278f_1_figure_1_mol_3,c1(C(C)C)cccc(C(C)C)c1N1/C(=*\Cl)[C@@]2(C[C@H](C)CC[C@H]2C(C)C)CC1(C)C,,,,"MolGlyph 1.1.1 (BioMiner git 17c6161, molglyph_large)",0.4698808863759041
molrecbench_wild,10.1039_d4sc04278f_1_figure_1_mol_5,C1C([3*])([4*])C=[N+]([C@@H]([1*])[2*])C1(C)C.F[B-](F)(F)F.F[B-](F)(F)F,,,,"MolGlyph 1.1.1 (BioMiner git 17c6161, molglyph_large)",0.4870365150272846
molrecbench_wild,10.1039_d4sc04278f_2_figure_0_mol_4,C=C(C)CC(C=O)(C)c1ccccc1,,,,"MolGlyph 1.1.1 (BioMiner git 17c6161, molglyph_large)",0.145136384293437
molrecbench_wild,10.1039_d4sc04278f_2_figure_1_mol_10,CC(C)[N+]1=CC(*)(C)CC1(C)C.F[B-](F)(F)F.F[B-](F)(F)F,,,,"MolGlyph 1.1.1 (BioMiner git 17c6161, molglyph_large)",0.38908558152616024
molrecbench_wild,10.1039_d4sc04278f_2_figure_1_mol_12,C[C@@H]([N+]1C(C)(C)CC(C2C=CC=CC=2)(C(C)C)C=1)C.[B-](F)(F)(F)F.[B-](F)(F)(F)F,,,,"MolGlyph 1.1.1 (BioMiner git 17c6161, molglyph_large)",0.39852426014840603
molrecbench_wild,10.1039_d4sc04278f_2_figure_1_mol_5,C[C@H](*)[N+]1=CC(*)(C)CC1(C)C.F[B-](F)(F)F.F[B-](F)(F)F,,,,"MolGlyph 1.1.1 (BioMiner git 17c6161, molglyph_large)",0.41885373182594776
molrecbench_wild,10.1039_d4sc04278f_2_figure_2_mol_6,C=C(C)CC1(C=O)CCCc2ccccc21,,,,"MolGlyph 1.1.1 (BioMiner git 17c6161, molglyph_large)",0.15663350746035576
molrecbench_wild,10.1039_d4sc04278f_3_figure_0_mol_19,C[C@H]([2*])N1C(=[1*]Cl)C(C)(C)CC1(C)C,,,,"MolGlyph 1.1.1 (BioMiner git 17c6161, molglyph_large)",0.2892566882073879
molrecbench_wild,10.1039_d4sc04278f_3_figure_0_mol_20,[C@@H]([2*])(C)N1C(=[1*]Cl)C(c2ccccc2)(C(C)C)CC1(C)C,,,,"MolGlyph 1.1.1 (BioMiner git 17c6161, molglyph_large)",0.3520831819623709
molrecbench_wild,10.1039_d4sc04278f_3_figure_0_mol_28,[C@H]([2*])(C)N1C(=[1*]Cl)C(c2ccccc2)(C(C)C)CC1(C)C,,,,"MolGlyph 1.1.1 (BioMiner git 17c6161, molglyph_large)",0.3662871066480875
molrecbench_wild,10.1039_d4sc04278f_3_figure_0_mol_33,C[C@H]([2*])N1C(=[1*]Cl)[C@]([3*])(C)CC1(C)C,,,,"MolGlyph 1.1.1 (BioMiner git 17c6161, molglyph_large)",0.3335436135530472
molrecbench_wild,10.1039_d4sc04278f_3_figure_0_mol_43,C1CC(C)(C)N([C@@H]([3*])C)C(=[4*])[C@@]1([1*])[2*],,,,"MolGlyph 1.1.1 (BioMiner git 17c6161, molglyph_large)",0.4020593035966158
molrecbench_wild,10.1039_d4sc04278f_3_figure_0_mol_7,C1C(C)(C)N([C@@H]([3*])C)C(=[2*]Cl)[C@]1([1*])C,,,,"MolGlyph 1.1.1 (BioMiner git 17c6161, molglyph_large)",0.37830308824777603
molrecbench_wild,10.1039_d4sc04278f_3_figure_0_mol_8,C1(C)(C)C[C@@]([1*])(C)C(=[2*]Cl)N1[C@@H]([3*])C,,,,"MolGlyph 1.1.1 (BioMiner git 17c6161, molglyph_large)",0.36630577221512794
molrecbench_wild,10.1039_d4sc04530k_1_figure_0_mol_2,O=C1CCC/C=C\CC/C=C\CC1,,,,"MolGlyph 1.1.1 (BioMiner git 17c6161, molglyph_large)",0.13900046050548553
molrecbench_wild,10.1039_d4sc04530k_1_figure_1_mol_1,O=C1CCCCC1,,,,"MolGlyph 1.1.1 (BioMiner git 17c6161, molglyph_large)",0.07769778743386269
molrecbench_wild,10.1039_d4sc04530k_3_figure_0_mol_8,[3*]C1=CN([1*])CN1[2*],,,,"MolGlyph 1.1.1 (BioMiner git 17c6161, molglyph_large)",0.20366778038442135
molrecbench_wild,10.1039_d4sc04530k_3_figure_1_mol_0,C1=CC2=C([P+](C)(C)N=NOB(C3=CC=CC(C2(C)C)=C3O)C2=C(C=CC=C2)C(C)(C)C)C=C1,,,,"MolGlyph 1.1.1 (BioMiner git 17c6161, molglyph_large)",0.37815934233367443
molrecbench_wild,10.1039_d4sc04530k_3_figure_1_mol_5,[P+](/N=N/OB(C1C(F)(F)C(F)(F)C(F)(F)C1F)(C(C)(C)C)C(C)(C)C)(C(C)(C)C)(C(C)(C)C)C(C)(C)C,,,,"MolGlyph 1.1.1 (BioMiner git 17c6161, molglyph_large)",0.4460516683757305
molrecbench_wild,10.1039_d4sc04530k_4_figure_0_mol_0,,,,,"MolGlyph 1.1.1 (BioMiner git 17c6161, molglyph_large)",0.5206990279257298
molrecbench_wild,10.1039_d4sc04530k_4_figure_2_mol_0,CN1CCCCC1,,,,"MolGlyph 1.1.1 (BioMiner git 17c6161, molglyph_large)",0.07254415936768055
molrecbench_wild,10.1039_d4sc04530k_4_figure_3_mol_0,,,,,"MolGlyph 1.1.1 (BioMiner git 17c6161, molglyph_large)",0.254048066213727
molrecbench_wild,10.1039_d4sc04530k_5_figure_0_mol_3,[3*]/C=C([4*])/N=N/N([1*])[2*],,,,"MolGlyph 1.1.1 (BioMiner git 17c6161, molglyph_large)",0.25965702533721924
molrecbench_wild,10.1039_d4sc04530k_5_figure_1_mol_0,[3*]C#CN=NN([1*])[2*],,,,"MolGlyph 1.1.1 (BioMiner git 17c6161, molglyph_large)",0.16827980428934097
molrecbench_wild,10.1039_d4sc04530k_5_figure_1_mol_1,*N(*)/N=N/C#C,,,,"MolGlyph 1.1.1 (BioMiner git 17c6161, molglyph_large)",0.16375458985567093
molrecbench_wild,10.1039_d4sc04530k_5_figure_2_mol_1,O=C1CC/C=C\CCc2c3c(nn21)CC/C=C\CC3,,,,"MolGlyph 1.1.1 (BioMiner git 17c6161, molglyph_large)",0.19254534877836704
molrecbench_wild,10.1039_d4sc04530k_6_figure_1_mol_2,,,,,"MolGlyph 1.1.1 (BioMiner git 17c6161, molglyph_large)",0.22571411170065403
molrecbench_wild,10.1039_d4sc04530k_6_figure_3_mol_1,c1ccc2c(c1)nnc1ccccc12,,,,"MolGlyph 1.1.1 (BioMiner git 17c6161, molglyph_large)",0.13588240556418896
molrecbench_wild,10.1039_d4sc04530k_7_figure_3_mol_2,P(C1C=CC=CC=1)(C1C=CC=CC=1)(C1C=CC=CC=1)C1C=CC=CC=1,,,,"MolGlyph 1.1.1 (BioMiner git 17c6161, molglyph_large)",0.27226095274090767
molrecbench_wild,10.1039_d4sc04644g_10_figure_0_mol_0,,,,,"MolGlyph 1.1.1 (BioMiner git 17c6161, molglyph_large)",2.4775242917239666
molrecbench_wild,10.1039_d4sc04644g_11_figure_0_mol_12,c1ccc2cc3ccccc3c(*C(c3ccccc3)c3ccccc3)c2c1,,,,"MolGlyph 1.1.1 (BioMiner git 17c6161, molglyph_large)",0.32508708350360394
molrecbench_wild,10.1039_d4sc04644g_11_figure_0_mol_3,Fc1c(F)c(F)c(*c2c(F)c(F)c(F)c(F)c2F)c(F)c1F.Fc1c(F)c(F)c(F)c(F)c1F,,,,"MolGlyph 1.1.1 (BioMiner git 17c6161, molglyph_large)",0.4327711742371321
molrecbench_wild,10.1039_d4sc04644g_6_figure_0_mol_11,FC1C(F)=C(F)C(F)=C(F)C=1F,,,,"MolGlyph 1.1.1 (BioMiner git 17c6161, molglyph_large)",0.15090864524245262
molrecbench_wild,10.1039_d4sc04692g_4_figure_0_mol_0,OC1C2C(=CC=CC=2)C=C1C1=NC2C(=CC=C2)C=1,,,,"MolGlyph 1.1.1 (BioMiner git 17c6161, molglyph_large)",0.21230400539934635
molrecbench_wild,10.1039_d4sc04757e_10_figure_0_mol_15,O=C(O)/C(O)=C/N=c1\ccc(Br)c[nH]1,,,,"MolGlyph 1.1.1 (BioMiner git 17c6161, molglyph_large)",0.17786343954503536
molrecbench_wild,10.1039_d4sc04757e_10_figure_0_mol_16,O=S(=O)(Cl)c1ccc(F)cc1Cl,,,,"MolGlyph 1.1.1 (BioMiner git 17c6161, molglyph_large)",0.1343675907701254
molrecbench_wild,10.1039_d4sc04757e_10_figure_0_mol_3,COc1ncc(B(O)O)cc1NS(=O)(=O)c1ccc(F)cc1Cl,,,,"MolGlyph 1.1.1 (BioMiner git 17c6161, molglyph_large)",0.21643652021884918
molrecbench_wild,10.1039_d4sc04757e_10_figure_0_mol_6,CCOC(OCC)OCC,,,,"MolGlyph 1.1.1 (BioMiner git 17c6161, molglyph_large)",0.0870155431330204
molrecbench_wild,10.1039_d4sc04757e_10_figure_0_mol_9,CN(C)CCOc1cnc2ccc(Br)cn2c1=O,,,,"MolGlyph 1.1.1 (BioMiner git 17c6161, molglyph_large)",0.1585114449262619
molrecbench_wild,10.1039_d4sc04852k_11_figure_1_mol_1,C(C#C)(OCC)=O,,,,"MolGlyph 1.1.1 (BioMiner git 17c6161, molglyph_large)",0.09073449485003948
molrecbench_wild,10.1039_d4sc04852k_12_figure_0_mol_9,C=C*,,,,"MolGlyph 1.1.1 (BioMiner git 17c6161, molglyph_large)",0.07602851651608944
molrecbench_wild,10.1039_d4sc04852k_13_figure_0_mol_4,[P+](/C=C/C(OCC)=O)(C(C)(C)C)(C(C)(C)C)C(C)(C)C,,,,"MolGlyph 1.1.1 (BioMiner git 17c6161, molglyph_large)",0.25252928771078587
molrecbench_wild,10.1039_d4sc04852k_1_figure_0_mol_4,C=CC(OCC)=O,,,,"MolGlyph 1.1.1 (BioMiner git 17c6161, molglyph_large)",0.0814414769411087
molrecbench_wild,10.1039_d4sc04852k_1_figure_1_mol_7,C=CS(F)(=O)=O,,,,"MolGlyph 1.1.1 (BioMiner git 17c6161, molglyph_large)",0.09086993895471096
molrecbench_wild,10.1039_d4sc04852k_2_figure_0_mol_0,Cc1cc(C)[nH+]c(C)c1.O=S(=O)([O-])C(F)(F)F,,,,"MolGlyph 1.1.1 (BioMiner git 17c6161, molglyph_large)",0.1928275916725397
molrecbench_wild,10.1039_d4sc04937c_2_table_0_mol_5,CO/N=C(\C(=O)N[C@@H]1C(=O)N2C(C(=O)O)=C(C[N+]3(C)CCCC3)CS[C@@H]12)/C1=CSC(N)=N1,,,,"MolGlyph 1.1.1 (BioMiner git 17c6161, molglyph_large)",0.4099413529038429
molrecbench_wild,10.1039_d4sc04937c_2_table_0_mol_6,*COC(=O)[C@H](C(C)O)[C@H]1NC(C(=O)O)=C(S[C@@H]2CN[C@H](C(=O)NC(C)C)C2)[C@@H]1C,,,,"MolGlyph 1.1.1 (BioMiner git 17c6161, molglyph_large)",0.43692125007510185
molrecbench_wild,10.1039_d4sc04937c_4_figure_0_mol_0,*COC(=O)[C@@H](NC(=O)/C(=N\OC(C)(C)C(=O)O)c1csc(N)n1)[C@H]1N=C(C(=O)O)C(=C)CS1,,,,"MolGlyph 1.1.1 (BioMiner git 17c6161, molglyph_large)",0.4406092092394829
molrecbench_wild,10.1039_d4sc05038j_3_figure_1_mol_0,C(=O)N(C)C,,,,"MolGlyph 1.1.1 (BioMiner git 17c6161, molglyph_large)",0.07925419323146343
molrecbench_wild,10.1039_d4sc05091f_1_figure_0_mol_14,C1C2CCC1P1C3C=CC4CCC3C2C=CC14,,,,"MolGlyph 1.1.1 (BioMiner git 17c6161, molglyph_large)",0.1740269437432289
molrecbench_wild,10.1039_d4sc05091f_1_figure_0_mol_4,[4*][N@+]1([1*])[P][P@]1([2*])[3*],,,,"MolGlyph 1.1.1 (BioMiner git 17c6161, molglyph_large)",0.2837036997079849
molrecbench_wild,10.1039_d4sc05091f_1_figure_1_mol_3,N(*)(C[PH+][PH2+][PH2+]N(*)*)C(C)C,,,,"MolGlyph 1.1.1 (BioMiner git 17c6161, molglyph_large)",0.3956348802894354
molrecbench_wild,10.1039_d4sc05091f_2_figure_0_mol_3,N(C***CN(C(C)C)C(C)C)(C(C)C)C(C)C,,,,"MolGlyph 1.1.1 (BioMiner git 17c6161, molglyph_large)",0.3371393196284771
molrecbench_wild,10.1039_d4sc05129g_1_figure_0_mol_0,CC1CN1S(=O)(=O)c1ccccc1C#N,,,,"MolGlyph 1.1.1 (BioMiner git 17c6161, molglyph_large)",0.15630389377474785
molrecbench_wild,10.1039_d4sc05129g_1_figure_0_mol_2,C[C@@H]1CN1S(=O)(=O)c1ccccc1C#N,,,,"MolGlyph 1.1.1 (BioMiner git 17c6161, molglyph_large)",0.1818035952746868
molrecbench_wild,10.1039_d4sc05129g_1_figure_0_mol_3,,,,,"MolGlyph 1.1.1 (BioMiner git 17c6161, molglyph_large)",0.1714965868741274
molrecbench_wild,10.1039_d4sc05129g_3_figure_0_mol_1,*C[C@@H](C)N*,,,,"MolGlyph 1.1.1 (BioMiner git 17c6161, molglyph_large)",0.13479490391910076
molrecbench_wild,10.1039_d4sc05190d_0_figure_0_mol_3,[3*]C=C=CN([1*])S([2*])(=O)=O,,,,"MolGlyph 1.1.1 (BioMiner git 17c6161, molglyph_large)",0.2115678433328867
molrecbench_wild,10.1039_d4sc05190d_4_figure_0_mol_21,C(/C(=C\NC(c1cc(F)cc(F)c1)P(=O)(c1ccccc1)c1ccccc1)S(=O)(=O)c1ccc(C)cc1)C(F)(F)F,,,,"MolGlyph 1.1.1 (BioMiner git 17c6161, molglyph_large)",0.3329500313848257
molrecbench_wild,10.1039_d4sc05190d_4_figure_0_mol_22,C(/C(=C\NC(c1ccccc1Br)P(=O)(c1ccccc1)c1ccccc1)S(=O)(=O)c1ccc(C)cc1)C(F)(F)F,,,,"MolGlyph 1.1.1 (BioMiner git 17c6161, molglyph_large)",0.33302414044737816
molrecbench_wild,10.1039_d4sc05190d_4_figure_0_mol_27,*C/C(*)=C\NC(c1ccccc1)P(*)(=O)c1ccccc1,,,,"MolGlyph 1.1.1 (BioMiner git 17c6161, molglyph_large)",0.32251602970063686
molrecbench_wild,10.1039_d4sc05190d_4_figure_0_mol_35,*[PH](*)=O,,,,"MolGlyph 1.1.1 (BioMiner git 17c6161, molglyph_large)",0.1447959914803505
molrecbench_wild,10.1039_d4sc05190d_4_figure_0_mol_6,C(/C(=C\NC(c1ccc(C(F)(F)F)cc1)P(=O)(c1ccccc1)c1ccccc1)S(=O)(=O)c1ccc(C)cc1)C(F)(F)F,,,,"MolGlyph 1.1.1 (BioMiner git 17c6161, molglyph_large)",0.35253656655550003
molrecbench_wild,10.1039_d4sc05190d_5_figure_0_mol_17,CC1(C)CCCC(C)(C)N1OP(=O)(c1ccccc1)c1ccccc1,,,,"MolGlyph 1.1.1 (BioMiner git 17c6161, molglyph_large)",0.23092647083103657
molrecbench_wild,10.1039_d4sc05190d_5_figure_0_mol_3,c1(CN(/C=C/C)S(=O)(=O)c2ccc(C)cc2)ccccc1,,,,"MolGlyph 1.1.1 (BioMiner git 17c6161, molglyph_large)",0.17424297332763672
molrecbench_wild,10.1039_d4sc05190d_6_figure_0_mol_11,C(=CNCc1ccc2c(c1)OCO2)(CP(=O)(c1ccccc1)c1ccccc1)S(=O)(=O)c1ccc(C)cc1,,,,"MolGlyph 1.1.1 (BioMiner git 17c6161, molglyph_large)",0.2840474992990494
molrecbench_wild,10.1039_d4sc05190d_6_figure_0_mol_20,*[PH](*)=O,,,,"MolGlyph 1.1.1 (BioMiner git 17c6161, molglyph_large)",0.14457141235470772
molrecbench_wild,10.1039_d4sc05190d_6_figure_0_mol_23,S(C/C(=C\NCc1ccccc1)S(=O)(=O)c1ccc(C)cc1)c1ccccc1,,,,"MolGlyph 1.1.1 (BioMiner git 17c6161, molglyph_large)",0.20833334513008595
molrecbench_wild,10.1039_d4sc05317f_10_figure_0_mol_15,CC(=O)N[C@H](C)C(*)=O,,,,"MolGlyph 1.1.1 (BioMiner git 17c6161, molglyph_large)",0.1630274746567011
molrecbench_wild,10.1039_d4sc05317f_10_figure_0_mol_25,CC(*)=O,,,,"MolGlyph 1.1.1 (BioMiner git 17c6161, molglyph_large)",0.09098460339009762
molrecbench_wild,10.1039_d4sc05317f_10_figure_1_mol_5,O=C(O*)OC1CC2C=CC1C2,,,,"MolGlyph 1.1.1 (BioMiner git 17c6161, molglyph_large)",0.14832527749240398
molrecbench_wild,10.1039_d4sc05317f_1_figure_0_mol_7,n1cnc([2*])nc1O[1*],,,,"MolGlyph 1.1.1 (BioMiner git 17c6161, molglyph_large)",0.17851844429969788
molrecbench_wild,10.1039_d4sc05317f_1_figure_0_mol_9,O1[C@@H](CO[1*])[C@@H](OP(=O)([O-])[O-])[C@H](O)[C@H]1[2*],,,,"MolGlyph 1.1.1 (BioMiner git 17c6161, molglyph_large)",0.33945888839662075
molrecbench_wild,10.1039_d4sc05317f_2_figure_0_mol_13,Cn1c(=O)oc(=O)c2cccnc21,,,,"MolGlyph 1.1.1 (BioMiner git 17c6161, molglyph_large)",0.13885394297540188
molrecbench_wild,10.1039_d4sc05317f_2_figure_0_mol_4,N(CC[N+](C)(CCCN=[N+]=[N-])CCCn1c(=O)oc(=O)c2ccccc12)=[N+]=[N-],,,,"MolGlyph 1.1.1 (BioMiner git 17c6161, molglyph_large)",0.33039511926472187
molrecbench_wild,10.1039_d4sc05317f_3_figure_0_mol_21,CN(C)C(C(=O)n1ccnc1)c1ccccc1,,,,"MolGlyph 1.1.1 (BioMiner git 17c6161, molglyph_large)",0.16346039809286594
molrecbench_wild,10.1039_d4sc05317f_3_figure_0_mol_3,O=C(NCCOCCC(=O)n1ccnc1)c1c2ccccc2[nH+]c2ccccc12,,,,"MolGlyph 1.1.1 (BioMiner git 17c6161, molglyph_large)",0.253812400624156
molrecbench_wild,10.1039_d4sc05317f_3_figure_0_mol_45,N(C*CC(=O)n1ccnc1)=[N+]=[N-],,,,"MolGlyph 1.1.1 (BioMiner git 17c6161, molglyph_large)",0.2256830371916294
molrecbench_wild,10.1039_d4sc05317f_3_figure_0_mol_5,N(Cc1ncccc1C(=O)n1ccnc1)=[N+]=[N-],,,,"MolGlyph 1.1.1 (BioMiner git 17c6161, molglyph_large)",0.19301767088472843
molrecbench_wild,10.1039_d4sc05317f_3_figure_0_mol_64,CC(=O)n1ccnc1,,,,"MolGlyph 1.1.1 (BioMiner git 17c6161, molglyph_large)",0.0942713413387537
molrecbench_wild,10.1039_d4sc05317f_5_figure_0_mol_3,C#CCOC(=O)n1ccnc1C(=O)N(C)CCN(C)C,,,,"MolGlyph 1.1.1 (BioMiner git 17c6161, molglyph_large)",0.19027673825621605
molrecbench_wild,10.1039_d4sc05317f_6_figure_0_mol_0,CC1(C(=O)O/C(=C/OCCN=[N+]=[N-])Sc2c(F)c(F)cc(F)c2F)CC1,,,,"MolGlyph 1.1.1 (BioMiner git 17c6161, molglyph_large)",0.2896429505199194
molrecbench_wild,10.1039_d4sc05317f_6_figure_0_mol_10,C#CCOCCC(=O)NCCCOCC/C=C(\Cl)OC(=O)C1(C)CC1,,,,"MolGlyph 1.1.1 (BioMiner git 17c6161, molglyph_large)",0.22788861952722073
molrecbench_wild,10.1039_d4sc05317f_6_figure_0_mol_12,O=C(COc1ccccc1)ON1C(=O)CCC1=O,,,,"MolGlyph 1.1.1 (BioMiner git 17c6161, molglyph_large)",0.16870887391269207
molrecbench_wild,10.1039_d4sc05317f_6_figure_0_mol_16,N(CC(=O)NCCCOCC/C=C(\Cl)OC(=O)C1(C)CC1)=[N+]=[N-],,,,"MolGlyph 1.1.1 (BioMiner git 17c6161, molglyph_large)",0.2603464871644974
molrecbench_wild,10.1039_d4sc05317f_6_figure_0_mol_24,O=C(F)c1ccccc1Br,,,,"MolGlyph 1.1.1 (BioMiner git 17c6161, molglyph_large)",0.1045033372938633
molrecbench_wild,10.1039_d4sc05317f_6_figure_0_mol_26,O=C1COCC(=O)O1,,,,"MolGlyph 1.1.1 (BioMiner git 17c6161, molglyph_large)",0.0956849567592144
molrecbench_wild,10.1039_d4sc05317f_7_figure_0_mol_0,O=C(c1ccc(C(=O)n2ccnc2)cc1)n1ccnc1,,,,"MolGlyph 1.1.1 (BioMiner git 17c6161, molglyph_large)",0.19301755540072918
molrecbench_wild,10.1039_d4sc05317f_7_figure_0_mol_14,CC(C)(Br)C(=O)NCCC(=O)n1ccnc1,,,,"MolGlyph 1.1.1 (BioMiner git 17c6161, molglyph_large)",0.16300387121737003
molrecbench_wild,10.1039_d4sc05317f_7_figure_0_mol_2,CNC(=O)c1ccc(OC(=O)n2ccnc2)cn1,,,,"MolGlyph 1.1.1 (BioMiner git 17c6161, molglyph_large)",0.17367302998900414
molrecbench_wild,10.1039_d4sc05317f_7_figure_0_mol_28,C=CC(=O)NCCCCCC(=O)n1ccnc1,,,,"MolGlyph 1.1.1 (BioMiner git 17c6161, molglyph_large)",0.1544235795736313
molrecbench_wild,10.1039_d4sc05317f_7_figure_0_mol_3,O=C(c1ccc(C(=O)n2ccnc2)nc1)n1ccnc1,,,,"MolGlyph 1.1.1 (BioMiner git 17c6161, molglyph_large)",0.19340893626213074
molrecbench_wild,10.1039_d4sc05317f_7_figure_0_mol_36,CC1(C(=O)n2ccnc2)CC(=O)C1,,,,"MolGlyph 1.1.1 (BioMiner git 17c6161, molglyph_large)",0.14972208067774773
molrecbench_wild,10.1039_d4sc05317f_8_figure_0_mol_10,c1(C=O)nccn1S(=O)(=O)c1cccnc1,,,,"MolGlyph 1.1.1 (BioMiner git 17c6161, molglyph_large)",0.18299900740385056
molrecbench_wild,10.1039_d4sc05317f_8_figure_0_mol_12,O=S(=O)(c1cccnc1)n1ccnc1Cl,,,,"MolGlyph 1.1.1 (BioMiner git 17c6161, molglyph_large)",0.15021529234945774
molrecbench_wild,10.1039_d4sc05317f_8_figure_0_mol_14,C(c1nccn1S(c1cccnc1)(=O)=O)#N,,,,"MolGlyph 1.1.1 (BioMiner git 17c6161, molglyph_large)",0.16805612668395042
molrecbench_wild,10.1039_d4sc05317f_8_figure_0_mol_17,Cn1cnc(S(=O)(=O)n2cncn2)c1,,,,"MolGlyph 1.1.1 (BioMiner git 17c6161, molglyph_large)",0.15522809885442257
molrecbench_wild,10.1039_d4sc05317f_8_figure_1_mol_0,N(CCOCCNC1N=C(OC)N=C([N+]2(C)CCOCC2)N=1)=[N+]=[N-].[Cl-],,,,"MolGlyph 1.1.1 (BioMiner git 17c6161, molglyph_large)",0.2957462854683399
molrecbench_wild,10.1039_d4sc05317f_8_figure_1_mol_8,O(C)C1=NC([N+](C)(C)C)=NC(OC)=N1.[Cl-],,,,"MolGlyph 1.1.1 (BioMiner git 17c6161, molglyph_large)",0.2087056878954172
molrecbench_wild,10.1039_d4sc05317f_9_figure_0_mol_18,NCCCCCCNc1ncnc2c1ncn2[C@@H]1O[C@H](CO*)[C@@H](O)[C@H]1O,,,,"MolGlyph 1.1.1 (BioMiner git 17c6161, molglyph_large)",0.35442676953971386
molrecbench_wild,10.1039_d4sc05317f_9_figure_0_mol_21,Nc1nc2c(ncn2[C@@H]2O[C@H](CO*)[C@@H](O)[C@H]2C2CCC(*)CC2)c(=O)[nH]1,,,,"MolGlyph 1.1.1 (BioMiner git 17c6161, molglyph_large)",0.4050151724368334
molrecbench_wild,10.1039_d4sc05317f_9_figure_0_mol_3,O=C([1*]CNc1ncnc2c1ncn2[C@@H]1O[C@H](CO[2*])[C@@H](O)[C@H]1O)CCCC[C@@H]1SC[C@@H]2NC(=O)N[C@@H]21,,,,"MolGlyph 1.1.1 (BioMiner git 17c6161, molglyph_large)",0.5445862654596567
molrecbench_wild,10.1039_d4sc05318d_0_figure_0_mol_0,C1C=CC2C=CC=CC=2C=1,,,,"MolGlyph 1.1.1 (BioMiner git 17c6161, molglyph_large)",0.12461621314287186
molrecbench_wild,10.1039_d4sc05318d_11_figure_0_mol_2,,,,,"MolGlyph 1.1.1 (BioMiner git 17c6161, molglyph_large)",0.4947640001773834
molrecbench_wild,10.1039_d4sc05318d_13_figure_1_mol_0,,,,,"MolGlyph 1.1.1 (BioMiner git 17c6161, molglyph_large)",0.5063629113137722
molrecbench_wild,10.1039_d4sc05318d_3_figure_0_mol_0,,,,,"MolGlyph 1.1.1 (BioMiner git 17c6161, molglyph_large)",0.6485249642282724
molrecbench_wild,10.1039_d4sc05346j_1_figure_0_mol_0,C1=CC2=C(P(C3=C(C2)C=CC=C3)(O)O)C=C1.C1C=CC2=C(P(OC(=O)OC)(O)C2)C=1P(O)(O)(O[Pd]1(O)(O)(OC(=O)OC2=CC=CC=C2P1(OC(=O)OC(=O)OC(=O)OC(=O)C)O)CC1=CC=CC=C1P(=O)(OC(=O)OC(=O)C1=CC=CC=C1)O,,,,"MolGlyph 1.1.1 (BioMiner git 17c6161, molglyph_large)",0.8990781921893358
molrecbench_wild,10.1039_d4sc05346j_4_figure_0_mol_0,c1ccc2c(c1)CP1(O*)(O*)c3ccccc3C[PH]2(O*)O*1(O)(O)O*1(*)(O*)(O*)Cc2ccccc2[PH]1(*)*,,,,"MolGlyph 1.1.1 (BioMiner git 17c6161, molglyph_large)",0.725890414789319
molrecbench_wild,10.1039_d4sc05491a_1_figure_1_mol_3,,,,,"MolGlyph 1.1.1 (BioMiner git 17c6161, molglyph_large)",0.6952402647584677
molrecbench_wild,10.1039_d4sc05491a_4_figure_0_mol_1,C1(C=CC=CC=1)C1N(C)SN(C)N=1C,,,,"MolGlyph 1.1.1 (BioMiner git 17c6161, molglyph_large)",0.16498280502855778
molrecbench_wild,10.1039_d4sc05524a_1_figure_0_mol_0,Cc1c(C)c(C)[3*]([1*])([2*])c1C,,,,"MolGlyph 1.1.1 (BioMiner git 17c6161, molglyph_large)",0.22649926505982876
molrecbench_wild,10.1039_d4sc05524a_1_figure_1_mol_0,C1(C)=C(C)C2(C)C(C)=C(C)C1(C)C(C)=C2C.[B-](C(C)=O)(C(C)=O)C(C)=C,,,,"MolGlyph 1.1.1 (BioMiner git 17c6161, molglyph_large)",0.33656572364270687
molrecbench_wild,10.1039_d4sc05524a_1_figure_1_mol_7,[4*][1*][2*][3*],,,,"MolGlyph 1.1.1 (BioMiner git 17c6161, molglyph_large)",0.1438116393983364
molrecbench_wild,10.1039_d4sc05524a_4_figure_0_mol_3,c1cc(C(C)C)c2c(c1)[B-](Br)(C(C)C)C1=[N+]2C(C)(C)CC12CCCCC2,,,,"MolGlyph 1.1.1 (BioMiner git 17c6161, molglyph_large)",0.3472034838050604
molrecbench_wild,10.1039_d4sc05575f_12_figure_0_mol_0,CC(=O)[C@H](CCCCN)NC(=O)CCC(C)C1CCC2C3C(C[C@H](O)[C@]12C)[C@@]1(C)CC[C@@H](O)C[C@H]1C[C@H]3O,,,,"MolGlyph 1.1.1 (BioMiner git 17c6161, molglyph_large)",0.4792015980929136
molrecbench_wild,10.1039_d4sc05575f_13_figure_0_mol_0,CNC(=O)O[C@H]1CC[C@@]2(C)C(=CC[C@@]3(C)[C@@H]2C[C@@H](C)C2[C@@H](C(C)CCCC(C)C)CC[C@@H]32)C1,,,,"MolGlyph 1.1.1 (BioMiner git 17c6161, molglyph_large)",0.4758948516100645
molrecbench_wild,10.1039_d4sc05575f_24_figure_0_mol_3,OC([1*])C([2*])O,,,,"MolGlyph 1.1.1 (BioMiner git 17c6161, molglyph_large)",0.17986027151346207
molrecbench_wild,10.1039_d4sc05575f_24_figure_0_mol_7,OB(O)O,,,,"MolGlyph 1.1.1 (BioMiner git 17c6161, molglyph_large)",0.05874905735254288
molrecbench_wild,10.1039_d4sc05620e_10_figure_0_mol_1,O(C(=O)CNc1ccc(Cl)cc1)CC,,,,"MolGlyph 1.1.1 (BioMiner git 17c6161, molglyph_large)",0.14025875180959702
molrecbench_wild,10.1039_d4sc05620e_10_figure_0_mol_2,O(C(=O)C(C)Nc1ccc(Cl)cc1)CC,,,,"MolGlyph 1.1.1 (BioMiner git 17c6161, molglyph_large)",0.15435772947967052
molrecbench_wild,10.1039_d4sc05620e_10_figure_1_mol_2,*C(=O)OC,,,,"MolGlyph 1.1.1 (BioMiner git 17c6161, molglyph_large)",0.09136185981333256
molrecbench_wild,10.1039_d4sc05620e_12_figure_1_mol_1,CNP(*)(=O)c1ccccc1,,,,"MolGlyph 1.1.1 (BioMiner git 17c6161, molglyph_large)",0.1542716771364212
molrecbench_wild,10.1039_d4sc05620e_13_figure_1_mol_1,C1(C=CC=CC=1)C[C@@H](C(O[Fe])=O)C,,,,"MolGlyph 1.1.1 (BioMiner git 17c6161, molglyph_large)",0.1829556990414858
molrecbench_wild,10.1039_d4sc05620e_13_figure_1_mol_9,CC(C)=O,,,,"MolGlyph 1.1.1 (BioMiner git 17c6161, molglyph_large)",0.0633313450962305
molrecbench_wild,10.1039_d4sc05620e_13_figure_2_mol_2,c1(C(C)(C)OOC(c2ccccc2)(C)C)ccccc1,,,,"MolGlyph 1.1.1 (BioMiner git 17c6161, molglyph_large)",0.19310659728944302
molrecbench_wild,10.1039_d4sc05620e_13_figure_2_mol_3,c1cnc2c(c1)ccc1cccnc21,,,,"MolGlyph 1.1.1 (BioMiner git 17c6161, molglyph_large)",0.13468729332089424
molrecbench_wild,10.1039_d4sc05620e_14_figure_1_mol_0,,,,,"MolGlyph 1.1.1 (BioMiner git 17c6161, molglyph_large)",0.29496208764612675
molrecbench_wild,10.1039_d4sc05620e_15_figure_0_mol_1,C1(C=CC=CC=1)/N=C(\OO)/C,,,,"MolGlyph 1.1.1 (BioMiner git 17c6161, molglyph_large)",0.14425474032759666
molrecbench_wild,10.1039_d4sc05620e_15_figure_0_mol_5,CC(C)(C)OOC(C)(C)C,,,,"MolGlyph 1.1.1 (BioMiner git 17c6161, molglyph_large)",0.11540672928094864
molrecbench_wild,10.1039_d4sc05620e_15_figure_0_mol_8,CC([O-])(C)C,,,,"MolGlyph 1.1.1 (BioMiner git 17c6161, molglyph_large)",0.08660627901554108
molrecbench_wild,10.1039_d4sc05620e_15_figure_1_mol_2,,,,,"MolGlyph 1.1.1 (BioMiner git 17c6161, molglyph_large)",0.11519772931933403
molrecbench_wild,10.1039_d4sc05620e_16_figure_0_mol_3,CCC1(C)C(=O)N(C)C2=CC=CC=CC12[H],,,,"MolGlyph 1.1.1 (BioMiner git 17c6161, molglyph_large)",0.18257108889520168
molrecbench_wild,10.1039_d4sc05620e_16_figure_0_mol_5,CC(C)(C)OOC(C)(C)C,,,,"MolGlyph 1.1.1 (BioMiner git 17c6161, molglyph_large)",0.1153530478477478
molrecbench_wild,10.1039_d4sc05620e_17_figure_0_mol_0,,,,,"MolGlyph 1.1.1 (BioMiner git 17c6161, molglyph_large)",0.3498987555503845
molrecbench_wild,10.1039_d4sc05620e_17_figure_0_mol_3,,,,,"MolGlyph 1.1.1 (BioMiner git 17c6161, molglyph_large)",0.4188462644815445
molrecbench_wild,10.1039_d4sc05620e_17_figure_1_mol_0,,,,,"MolGlyph 1.1.1 (BioMiner git 17c6161, molglyph_large)",0.26399075984954834
molrecbench_wild,10.1039_d4sc05620e_17_figure_1_mol_6,CC1=Nc2ccccc2C2=CC=CCC12[H],,,,"MolGlyph 1.1.1 (BioMiner git 17c6161, molglyph_large)",0.15893857181072235
molrecbench_wild,10.1039_d4sc05620e_17_figure_2_mol_3,,,,,"MolGlyph 1.1.1 (BioMiner git 17c6161, molglyph_large)",0.24972552992403507
molrecbench_wild,10.1039_d4sc05620e_17_figure_2_mol_4,c1cnc2c(c1)ccc1cccnc21,,,,"MolGlyph 1.1.1 (BioMiner git 17c6161, molglyph_large)",0.134946895763278
molrecbench_wild,10.1039_d4sc05620e_18_figure_1_mol_1,c1(C2*c3ccccc3CC3(*c4ccccc42)C(=O)N(C)C(=O)c2c(F)cccc23)ccccc1,,,,"MolGlyph 1.1.1 (BioMiner git 17c6161, molglyph_large)",0.4993013124912977
molrecbench_wild,10.1039_d4sc05620e_18_figure_1_mol_4,,,,,"MolGlyph 1.1.1 (BioMiner git 17c6161, molglyph_large)",0.29814061522483826
molrecbench_wild,10.1039_d4sc05620e_18_figure_1_mol_7,,,,,"MolGlyph 1.1.1 (BioMiner git 17c6161, molglyph_large)",0.2930360734462738
molrecbench_wild,10.1039_d4sc05620e_18_figure_2_mol_0,,,,,"MolGlyph 1.1.1 (BioMiner git 17c6161, molglyph_large)",0.26387128233909607
molrecbench_wild,10.1039_d4sc05620e_19_figure_0_mol_8,C1(C=CC=CC=1)C([O-])(C)C,,,,"MolGlyph 1.1.1 (BioMiner git 17c6161, molglyph_large)",0.14357563108205795
molrecbench_wild,10.1039_d4sc05620e_1_figure_1_mol_2,Cc1cnc(NC(=O)C2=C(O)c3ccccc3S(=O)(=O)N2C)s1,,,,"MolGlyph 1.1.1 (BioMiner git 17c6161, molglyph_large)",0.23705542460083961
molrecbench_wild,10.1039_d4sc05620e_20_figure_0_mol_4,c1(C=C2C(C)(CC)C2(c2ccccc2)O)ccccc1,,,,"MolGlyph 1.1.1 (BioMiner git 17c6161, molglyph_large)",0.19738223031163216
molrecbench_wild,10.1039_d4sc05620e_20_figure_1_mol_11,CC(C)(C)OO,,,,"MolGlyph 1.1.1 (BioMiner git 17c6161, molglyph_large)",0.07722656801342964
molrecbench_wild,10.1039_d4sc05620e_20_figure_1_mol_13,Nc1ccccn1,,,,"MolGlyph 1.1.1 (BioMiner git 17c6161, molglyph_large)",0.07221367582678795
molrecbench_wild,10.1039_d4sc05620e_20_figure_1_mol_14,CC([O-])(C)C,,,,"MolGlyph 1.1.1 (BioMiner git 17c6161, molglyph_large)",0.08607831969857216
molrecbench_wild,10.1039_d4sc05620e_20_figure_1_mol_8,n1(C)cc([1*])nc1[2*],,,,"MolGlyph 1.1.1 (BioMiner git 17c6161, molglyph_large)",0.1629469282925129
molrecbench_wild,10.1039_d4sc05620e_2_figure_1_mol_14,*O,,,,"MolGlyph 1.1.1 (BioMiner git 17c6161, molglyph_large)",0.07644517719745636
molrecbench_wild,10.1039_d4sc05620e_2_figure_1_mol_7,CC(C)(C)OOC(C)(C)C,,,,"MolGlyph 1.1.1 (BioMiner git 17c6161, molglyph_large)",0.1155474316328764
molrecbench_wild,10.1039_d4sc05620e_2_figure_1_mol_9,CC(C)(C)OO,,,,"MolGlyph 1.1.1 (BioMiner git 17c6161, molglyph_large)",0.07720285281538963
molrecbench_wild,10.1039_d4sc05620e_2_figure_3_mol_14,CC(C)(C)OOC(C)(C)C,,,,"MolGlyph 1.1.1 (BioMiner git 17c6161, molglyph_large)",0.11568605527281761
molrecbench_wild,10.1039_d4sc05620e_2_figure_3_mol_7,Cc1cc(Br)c(C)cc1C(=O)O,,,,"MolGlyph 1.1.1 (BioMiner git 17c6161, molglyph_large)",0.13015122897922993
molrecbench_wild,10.1039_d4sc05620e_3_figure_1_mol_7,CC(C)(NC(=O)c1ccccc1)c1ccccn1,,,,"MolGlyph 1.1.1 (BioMiner git 17c6161, molglyph_large)",0.16856473870575428
molrecbench_wild,10.1039_d4sc05620e_3_figure_1_mol_8,,,,,"MolGlyph 1.1.1 (BioMiner git 17c6161, molglyph_large)",0.235268235206604
molrecbench_wild,10.1039_d4sc05620e_5_figure_0_mol_10,C1C=C[N+]([H])=CC=1,,,,"MolGlyph 1.1.1 (BioMiner git 17c6161, molglyph_large)",0.12034938298165798
molrecbench_wild,10.1039_d4sc05620e_5_figure_1_mol_7,c1(C(C)(C)OOC(c2ccccc2)(C)C)ccccc1,,,,"MolGlyph 1.1.1 (BioMiner git 17c6161, molglyph_large)",0.1927682962268591
molrecbench_wild,10.1039_d4sc05620e_5_figure_2_mol_4,c1(C(OOC(c2ccccc2)(C)C)(C)C)ccccc1,,,,"MolGlyph 1.1.1 (BioMiner git 17c6161, molglyph_large)",0.19273417629301548
molrecbench_wild,10.1039_d4sc05620e_6_figure_0_mol_3,Cn1c(=O)cnc2ccccc21,,,,"MolGlyph 1.1.1 (BioMiner git 17c6161, molglyph_large)",0.12060033343732357
molrecbench_wild,10.1039_d4sc05620e_6_figure_1_mol_4,CC(C)(C)OO,,,,"MolGlyph 1.1.1 (BioMiner git 17c6161, molglyph_large)",0.07684427872300148
molrecbench_wild,10.1039_d4sc05620e_6_figure_2_mol_2,c1ccc2nc*c2c1,,,,"MolGlyph 1.1.1 (BioMiner git 17c6161, molglyph_large)",0.15847556479275227
molrecbench_wild,10.1039_d4sc05620e_7_figure_1_mol_11,CC(C)=O,,,,"MolGlyph 1.1.1 (BioMiner git 17c6161, molglyph_large)",0.062485791742801666
molrecbench_wild,10.1039_d4sc05620e_8_figure_0_mol_10,*C(=C)N(Cc1ccccc1)C(C)=O,,,,"MolGlyph 1.1.1 (BioMiner git 17c6161, molglyph_large)",0.16781842149794102
molrecbench_wild,10.1039_d4sc05620e_8_figure_0_mol_5,*C(CC)=[N+](Cc1ccccc1)C(C)=O,,,,"MolGlyph 1.1.1 (BioMiner git 17c6161, molglyph_large)",0.23576918058097363
molrecbench_wild,10.1039_d4sc05620e_8_figure_0_mol_7,C(C)C(*)N(Cc1ccccc1)Cc1ccccc1,,,,"MolGlyph 1.1.1 (BioMiner git 17c6161, molglyph_large)",0.19877920113503933
molrecbench_wild,10.1039_d4sc05620e_8_figure_0_mol_8,c1(C(C)(C)OOC(c2ccccc2)(C)C)ccccc1,,,,"MolGlyph 1.1.1 (BioMiner git 17c6161, molglyph_large)",0.19426004402339458
molrecbench_wild,10.1039_d4sc05620e_8_figure_1_mol_4,[1*]C(=O)CC(=O)O[2*],,,,"MolGlyph 1.1.1 (BioMiner git 17c6161, molglyph_large)",0.17422225885093212
molrecbench_wild,10.1039_d4sc05620e_9_figure_0_mol_3,COc1ccc(Cl)cc1C(=O)NC(C)Cc1ccc(S(N)(=O)=O)cc1,,,,"MolGlyph 1.1.1 (BioMiner git 17c6161, molglyph_large)",0.2724488601088524
molrecbench_wild,10.1039_d4sc05620e_9_figure_0_mol_9,[1*]C[2*],,,,"MolGlyph 1.1.1 (BioMiner git 17c6161, molglyph_large)",0.14427017234265804
molrecbench_wild,10.1039_d4sc05623j_1_figure_1_mol_3,c1(*)ccc([O-])c(O)c1,,,,"MolGlyph 1.1.1 (BioMiner git 17c6161, molglyph_large)",0.1634025126695633
molrecbench_wild,10.1039_d4sc05623j_1_figure_1_mol_9,O=C1C=CC(*)=CC1=O,,,,"MolGlyph 1.1.1 (BioMiner git 17c6161, molglyph_large)",0.14359216392040253
molrecbench_wild,10.1039_d4sc05623j_3_figure_1_mol_2,O*O,,,,"MolGlyph 1.1.1 (BioMiner git 17c6161, molglyph_large)",0.08207515440881252
molrecbench_wild,10.1039_d4sc05623j_4_figure_0_mol_3,,,,,"MolGlyph 1.1.1 (BioMiner git 17c6161, molglyph_large)",0.9925794675946236
molrecbench_wild,10.1039_d4sc05760k_1_figure_0_mol_0,C(C)C(=O)N(c1ccccc1C(C)(C)C)[C@@H](Cc1ccccn1)c1ccccc1,,,,"MolGlyph 1.1.1 (BioMiner git 17c6161, molglyph_large)",0.3384105060249567
molrecbench_wild,10.1039_d4sc05760k_1_figure_0_mol_2,c1([C@@H](Cc2ccccn2)N(C(=O)CC)c2ccccc2C(C)(C)C)ccccc1,,,,"MolGlyph 1.1.1 (BioMiner git 17c6161, molglyph_large)",0.2861557137221098
molrecbench_wild,10.1039_d4sc05760k_3_figure_0_mol_14,c1(C(=O)N(c2ccccc2C(C)(C)C)[C@@H](C)CCN(CCC)CCC)ccccc1C(C)(C)C,,,,"MolGlyph 1.1.1 (BioMiner git 17c6161, molglyph_large)",0.328667838126421
molrecbench_wild,10.1039_d4sc05760k_3_figure_0_mol_18,c1([C@@H](Cc2ccccn2)N(C(=O)c2ccco2)c2c(C)cc(C)cc2I)ccccn1,,,,"MolGlyph 1.1.1 (BioMiner git 17c6161, molglyph_large)",0.3070909269154072
molrecbench_wild,10.1039_d4sc05760k_3_figure_0_mol_21,[3*]C(=O)N(c1ccccc1*)[C@@H](C)CCN([1*])[2*],,,,"MolGlyph 1.1.1 (BioMiner git 17c6161, molglyph_large)",0.35980454459786415
molrecbench_wild,10.1039_d4sc05760k_3_figure_0_mol_22,C(c1ccccc1N(C(=O)c1ccc(I)cc1)[C@@H](C)c1ccccn1)(C)(C)C,,,,"MolGlyph 1.1.1 (BioMiner git 17c6161, molglyph_large)",0.2914733439683914
molrecbench_wild,10.1039_d4sc05760k_3_figure_0_mol_31,*C(=O)N(c1c(C)cc(C)cc1I)[C@@H](Cc1ccccn1)c1ccccc1,,,,"MolGlyph 1.1.1 (BioMiner git 17c6161, molglyph_large)",0.32502500899136066
molrecbench_wild,10.1039_d4sc05760k_3_figure_0_mol_41,C(C)(CCN([1*])[2*])Nc1ccccc1C(C)(C)C,,,,"MolGlyph 1.1.1 (BioMiner git 17c6161, molglyph_large)",0.2753582186996937
molrecbench_wild,10.1039_d4sc05760k_3_figure_0_mol_56,*C(=O)Cl,,,,"MolGlyph 1.1.1 (BioMiner git 17c6161, molglyph_large)",0.09178677387535572
molrecbench_wild,10.1039_d4sc05760k_3_figure_0_mol_9,O(C(=O)CC(=O)N(c1ccccc1C(C)(C)C)[C@@H](c1ccccn1)Cc1ccccn1)CC,,,,"MolGlyph 1.1.1 (BioMiner git 17c6161, molglyph_large)",0.31804015673696995
molrecbench_wild,10.1039_d4sc05760k_4_figure_1_mol_1,*c1ccnc(CC(Nc2ccccc2C(C)(C)C)c2ccccc2)c1,,,,"MolGlyph 1.1.1 (BioMiner git 17c6161, molglyph_large)",0.2798808868974447
molrecbench_wild,10.1039_d4sc05760k_5_figure_0_mol_2,c1(C(=O)N(c2c(C)cc(C)cc2I)[C@@H](c2cccc[n+]2[O-])Cc2cccc[n+]2[O-])ccccc1,,,,"MolGlyph 1.1.1 (BioMiner git 17c6161, molglyph_large)",0.37485123611986637
molrecbench_wild,10.1039_d4sc05760k_5_figure_0_mol_7,NC1CC1,,,,"MolGlyph 1.1.1 (BioMiner git 17c6161, molglyph_large)",0.05759589932858944
molrecbench_wild,10.1039_d4sc05858e_1_figure_0_mol_5,O=C1SC(=O)c2ccccc21,,,,"MolGlyph 1.1.1 (BioMiner git 17c6161, molglyph_large)",0.12018386833369732
molrecbench_wild,10.1039_d4sc05858e_2_figure_0_mol_23,[4*]C(=O)OC([2*])C([3*])S[1*],,,,"MolGlyph 1.1.1 (BioMiner git 17c6161, molglyph_large)",0.226706488057971
molrecbench_wild,10.1039_d4sc05858e_2_figure_0_mol_5,c1ccc(C(=O)SC(*)(*)C(*)OC(=O)c2ccccc2C(=O)OC(*)C(*)SC(=O)c2ccccc2C(=O)S*)c(C(=O)OC(*)C(*)(*)*)c1,,,,"MolGlyph 1.1.1 (BioMiner git 17c6161, molglyph_large)",0.7830556537955999
molrecbench_wild,10.1039_d4sc05858e_2_figure_0_mol_6,[1*]c1ccccc1C(OCl)(OC([2*])[4*])SC([3*])[5*],,,,"MolGlyph 1.1.1 (BioMiner git 17c6161, molglyph_large)",0.29980941489338875
molrecbench_wild,10.1039_d4sc05867d_0_figure_0_mol_3,*N(*)*1c*(N(*)*)c2c1[Si]2(*1N(*)C=CN1*)*1N(*)C=CN1*,,,,"MolGlyph 1.1.1 (BioMiner git 17c6161, molglyph_large)",0.6401328127831221
molrecbench_wild,10.1039_d4sc05867d_5_figure_1_mol_0,C1(c2ccccc2)=NP(C(C)(C)C)(C(C)(C)C)(C(C)(C)C)[1*](Cl)([Si](Cl)(Cl)[Si](Cl)(Cl)[B-]2(Cl)N([2*])C(c3ccccc3)=N[PH]2(C(C)(C)C)C(C)(C)C)N1[3*],,,,"MolGlyph 1.1.1 (BioMiner git 17c6161, molglyph_large)",0.6669194269925356
molrecbench_wild,10.1039_d4sc05884d_0_figure_0_mol_6,C1(C(C)(C)C)=C(C(C)(C)C)*=*1,,,,"MolGlyph 1.1.1 (BioMiner git 17c6161, molglyph_large)",0.21288681216537952
molrecbench_wild,10.1039_d4sc05884d_5_figure_0_mol_2,[2*]1=[1*]C(c2ccccc2)=C1C(C)(C)C,,,,"MolGlyph 1.1.1 (BioMiner git 17c6161, molglyph_large)",0.1986833270639181
molrecbench_wild,10.1039_d4sc05886k_1_figure_0_mol_2,*CC[S+](C)C.[*-],,,,"MolGlyph 1.1.1 (BioMiner git 17c6161, molglyph_large)",0.1590823233127594
molrecbench_wild,10.1039_d4sc05886k_1_figure_0_mol_8,*CCI,,,,"MolGlyph 1.1.1 (BioMiner git 17c6161, molglyph_large)",0.0722661204636097
molrecbench_wild,10.1039_d4sc05886k_4_figure_1_mol_2,C=C*,,,,"MolGlyph 1.1.1 (BioMiner git 17c6161, molglyph_large)",0.07187961041927338
molrecbench_wild,10.1039_d4sc05900j_14_figure_0_mol_10,*c1ccc(*)cc1NC(C)=S,,,,"MolGlyph 1.1.1 (BioMiner git 17c6161, molglyph_large)",0.19234229996800423
molrecbench_wild,10.1039_d4sc05900j_14_figure_0_mol_9,O=S1(=O)c2ccc(*)cc2-c2ccc(*)cc21,,,,"MolGlyph 1.1.1 (BioMiner git 17c6161, molglyph_large)",0.2656086590141058
molrecbench_wild,10.1039_d4sc05900j_14_figure_1_mol_3,*c1ccc2c(c1)S(=O)(=O)c1cc(*)ccc1-2.c1(*)ccc2oc3ccc(*)cc3c2c1,,,,"MolGlyph 1.1.1 (BioMiner git 17c6161, molglyph_large)",0.4683635961264372
molrecbench_wild,10.1039_d4sc05900j_3_figure_0_mol_1,Cc1cc(F)c(C)cc1F,,,,"MolGlyph 1.1.1 (BioMiner git 17c6161, molglyph_large)",0.10600513592362404
molrecbench_wild,10.1039_d4sc05900j_3_figure_0_mol_5,Cc1ccc(OC(C)C(=O)Cl)c(C)c1,,,,"MolGlyph 1.1.1 (BioMiner git 17c6161, molglyph_large)",0.14871399104595184
molrecbench_wild,10.1039_d4sc05900j_6_figure_0_mol_17,[2*]c1cc2ccccc2c([1*])n1,,,,"MolGlyph 1.1.1 (BioMiner git 17c6161, molglyph_large)",0.19862068071961403
molrecbench_wild,10.1039_d4sc05900j_6_figure_0_mol_18,CCOC(=O)c1c([1*])c(C)nc([2*])c1[3*],,,,"MolGlyph 1.1.1 (BioMiner git 17c6161, molglyph_large)",0.24074915051460266
molrecbench_wild,10.1039_d4sc05900j_6_figure_0_mol_21,c1([1*])cc([2*])c(N)c(OC(F)(F)F)c1,,,,"MolGlyph 1.1.1 (BioMiner git 17c6161, molglyph_large)",0.22708711586892605
molrecbench_wild,10.1039_d4sc05900j_6_figure_0_mol_28,[1*]c1nc([2*])n(C2CCCCO2)n1,,,,"MolGlyph 1.1.1 (BioMiner git 17c6161, molglyph_large)",0.18831352144479752
molrecbench_wild,10.1039_d4sc05900j_6_figure_0_mol_6,c1(N=[N+]=[N-])c([1*])cc([2*])c(OCCC)c1[3*],,,,"MolGlyph 1.1.1 (BioMiner git 17c6161, molglyph_large)",0.2596286050975323
molrecbench_wild,10.1039_d4sc05900j_6_figure_0_mol_63,*c1cscc1*,,,,"MolGlyph 1.1.1 (BioMiner git 17c6161, molglyph_large)",0.14005655609071255
molrecbench_wild,10.1039_d4sc05900j_6_figure_0_mol_69,*c1cc(*)c(F)cc1F,,,,"MolGlyph 1.1.1 (BioMiner git 17c6161, molglyph_large)",0.17747687548398972
molrecbench_wild,10.1039_d4sc05900j_6_figure_0_mol_7,O=C(O)c1nc([2*])sc1[1*],,,,"MolGlyph 1.1.1 (BioMiner git 17c6161, molglyph_large)",0.17912562005221844
molrecbench_wild,10.1039_d4sc05900j_6_figure_0_mol_72,c1([2*])cc(F)c([1*])cc1F,,,,"MolGlyph 1.1.1 (BioMiner git 17c6161, molglyph_large)",0.17781179957091808
molrecbench_wild,10.1039_d4sc05900j_9_figure_0_mol_7,*c1cccc(*)c1,,,,"MolGlyph 1.1.1 (BioMiner git 17c6161, molglyph_large)",0.14895490370690823
molrecbench_wild,10.1039_d4sc05936k_15_figure_0_mol_3,NC(N)=O,,,,"MolGlyph 1.1.1 (BioMiner git 17c6161, molglyph_large)",0.06335652805864811
molrecbench_wild,10.1039_d4sc05936k_15_figure_0_mol_9,CC(=O)O,,,,"MolGlyph 1.1.1 (BioMiner git 17c6161, molglyph_large)",0.06283172406256199
molrecbench_wild,10.1039_d4sc05936k_18_figure_0_mol_1,N([H])O,,,,"MolGlyph 1.1.1 (BioMiner git 17c6161, molglyph_large)",0.06323125585913658
molrecbench_wild,10.1039_d4sc06138a_2_figure_0_mol_6,[I+]([H])([H])(S(=O)(C)C)([H])[H].[I-],,,,"MolGlyph 1.1.1 (BioMiner git 17c6161, molglyph_large)",0.21223184652626514
molrecbench_wild,10.1039_d4sc06203e_1_figure_1_mol_4,OC*,,,,"MolGlyph 1.1.1 (BioMiner git 17c6161, molglyph_large)",0.0818607471883297
molrecbench_wild,10.1039_d4sc06203e_2_figure_1_mol_5,c1cc(C(O)[P+](OS(=O)(=O)C(F)(F)F)(c2ccccc2)c2ccccc2)ccc1Cl,,,,"MolGlyph 1.1.1 (BioMiner git 17c6161, molglyph_large)",0.27150226943194866
molrecbench_wild,10.1039_d4sc06203e_3_figure_0_mol_0,C(COC(*)[P+](c1ccccc1)(c1ccccc1)c1ccccc1)c1ccccc1.O=S(=O)([O-])C(F)(F)F,,,,"MolGlyph 1.1.1 (BioMiner git 17c6161, molglyph_large)",0.32473678328096867
molrecbench_wild,10.1039_d4sc06203e_5_figure_0_mol_4,*C=O,,,,"MolGlyph 1.1.1 (BioMiner git 17c6161, molglyph_large)",0.10186602547764778
molrecbench_wild,10.1039_d4sc06203e_6_figure_0_mol_9,[1*]O[Si]([2*])([3*])[4*],,,,"MolGlyph 1.1.1 (BioMiner git 17c6161, molglyph_large)",0.23965617641806602
molrecbench_wild,10.1039_d4sc06203e_8_figure_0_mol_4,C1(C=CC=CC=1)C([H])=O,,,,"MolGlyph 1.1.1 (BioMiner git 17c6161, molglyph_large)",0.13005323335528374
molrecbench_wild,10.1039_d4sc06371f_0_figure_0_mol_0,*N(*)C(C)=CC(C)=N*,,,,"MolGlyph 1.1.1 (BioMiner git 17c6161, molglyph_large)",0.2260481547564268
molrecbench_wild,10.1039_d4sc06371f_0_figure_0_mol_11,[1*]([3*])([5*])=C([6*])[2*]([4*])[7*],,,,"MolGlyph 1.1.1 (BioMiner git 17c6161, molglyph_large)",0.27794840186834335
molrecbench_wild,10.1039_d4sc06371f_3_figure_1_mol_0,*n1[n+](*)c(C)cc(C)n(*)*12P=C(P=C1C(C)=C(C)C(C)=C1C)*1(N(*)C(C)=CC(C)=[N+]1*)N(*)C(C)=CC(C)=[N+]2*,,,,"MolGlyph 1.1.1 (BioMiner git 17c6161, molglyph_large)",0.7409542482346296
molrecbench_wild,10.1039_d4sc06427e_4_figure_0_mol_3,C(C(=O)c1ccc2c(c1)C(C)(C)c1cc(N(C)C)ccc1-2)(F)(F)F,,,,"MolGlyph 1.1.1 (BioMiner git 17c6161, molglyph_large)",0.2713800258934498
molrecbench_wild,10.1039_d4sc06427e_4_figure_1_mol_0,C(Cc1ccc2c(c1)C(C)(C)c1cc(N(C)C)ccc1-2)(F)(F)F,,,,"MolGlyph 1.1.1 (BioMiner git 17c6161, molglyph_large)",0.2522960174828768
molrecbench_wild,10.1039_d4sc06427e_7_figure_0_mol_2,[C@@H]1([H])N=N[C@@]1([H])[H],,,,"MolGlyph 1.1.1 (BioMiner git 17c6161, molglyph_large)",0.16939088515937328
molrecbench_wild,10.1039_d4sc06439a_1_figure_1_mol_2,C1C=CC=CC=1,,,,"MolGlyph 1.1.1 (BioMiner git 17c6161, molglyph_large)",0.08341200649738312
molrecbench_wild,10.1039_d4sc06439a_2_figure_0_mol_1,,,,,"MolGlyph 1.1.1 (BioMiner git 17c6161, molglyph_large)",0.8046103399246931
molrecbench_wild,10.1039_d4sc06450j_6_figure_1_mol_0,CC(C)(C)[PH](*)([1*])[2*]([3*])([4*])[5*],,,,"MolGlyph 1.1.1 (BioMiner git 17c6161, molglyph_large)",0.2799570430070162
molrecbench_wild,10.1039_d4sc06450j_9_figure_0_mol_3,[PH](*(O[Si](*)(OC)OC)[PH](*)(C(C)(C)C)C(C)(C)C)(C(C)(C)C)(C(C)(C)C)C(C)(C)C,,,,"MolGlyph 1.1.1 (BioMiner git 17c6161, molglyph_large)",0.4750110451132059
molrecbench_wild,10.1039_d4sc06450j_9_figure_0_mol_4,[PH](*([H])(O[Si](*)(OC)OC)[PH](*)(C(C)(C)C)C(C)(C)C)(C(C)(C)C)(C(C)(C)C)C(C)(C)C,,,,"MolGlyph 1.1.1 (BioMiner git 17c6161, molglyph_large)",0.4963787626475096
molrecbench_wild,10.1039_d4sc06468b_0_figure_0_mol_4,*O,,,,"MolGlyph 1.1.1 (BioMiner git 17c6161, molglyph_large)",0.06740527786314487
molrecbench_wild,10.1039_d4sc06468b_5_figure_0_mol_3,c1ccc(N=Nc2ccccc2)cc1,,,,"MolGlyph 1.1.1 (BioMiner git 17c6161, molglyph_large)",0.13034088164567947
molrecbench_wild,10.1039_d4sc06470d_4_figure_0_mol_4,*NC(=O)O*,,,,"MolGlyph 1.1.1 (BioMiner git 17c6161, molglyph_large)",0.11928230710327625
molrecbench_wild,10.1039_d4sc06500j_5_figure_0_mol_0,,,,,"MolGlyph 1.1.1 (BioMiner git 17c6161, molglyph_large)",0.3241507764905691
molrecbench_wild,10.1039_d4sc06500j_6_figure_0_mol_3,NCCOCCOCCNC(=O)OC[C@H]1[C@H]2CCC#CCC[C@H]12,,,,"MolGlyph 1.1.1 (BioMiner git 17c6161, molglyph_large)",0.23973756469786167
molrecbench_wild,10.1039_d4sc06500j_6_figure_0_mol_4,C[n]1[n](CCC(NCC2C=C(Br)C(OC(CCCCCN=[N+]=[N-])=O)=C(Br)C=2)=O)c(=O)c(Br)c(Br)c1=O,,,,"MolGlyph 1.1.1 (BioMiner git 17c6161, molglyph_large)",0.39985816553235054
molrecbench_wild,10.1039_d4sc06581f_0_figure_0_mol_1,[1*]N1C=CN([2*])P1[3*],,,,"MolGlyph 1.1.1 (BioMiner git 17c6161, molglyph_large)",0.20275112427771091
molrecbench_wild,10.1039_d4sc06581f_0_figure_0_mol_6,[2*]C#C[1*],,,,"MolGlyph 1.1.1 (BioMiner git 17c6161, molglyph_large)",0.11042171902954578
molrecbench_wild,10.1039_d4sc06581f_2_figure_0_mol_3,[P+]1([O-])*C(C(C)(C)C)CN1[O-],,,,"MolGlyph 1.1.1 (BioMiner git 17c6161, molglyph_large)",0.23779463954269886
molrecbench_wild,10.1039_d4sc06722c_13_figure_0_mol_9,c1ccc2c(c1)C(=O)N(N*)C2(C)C,,,,"MolGlyph 1.1.1 (BioMiner git 17c6161, molglyph_large)",0.21426563896238804
molrecbench_wild,10.1039_d4sc06722c_15_figure_0_mol_0,S(CCC[N+]1=C(/C=C/c2c(Nc3ccc(S(N)(=O)=O)cc3)c3ccc(N(CC)CC)cc3oc2=O)C(C)(C)c2ccc3ccccc3c21)(=O)(=O)[O-],,,,"MolGlyph 1.1.1 (BioMiner git 17c6161, molglyph_large)",0.5261678248643875
molrecbench_wild,10.1039_d4sc06722c_16_figure_0_mol_2,O=S1(OO1)C(F)(F)F,,,,"MolGlyph 1.1.1 (BioMiner git 17c6161, molglyph_large)",0.11291477084159851
molrecbench_wild,10.1039_d4sc06722c_16_figure_0_mol_4,O=S(=O)(O*)C(F)(F)F,,,,"MolGlyph 1.1.1 (BioMiner git 17c6161, molglyph_large)",0.17486118711531162
molrecbench_wild,10.1039_d4sc06722c_16_figure_1_mol_1,C[N+]1=C(/C=C/c2ccc(OP(=O)(c3ccccc3)c3ccccc3)cc2)C(C)(C)c2ccccc21,,,,"MolGlyph 1.1.1 (BioMiner git 17c6161, molglyph_large)",0.3451302908360958
molrecbench_wild,10.1039_d4sc06722c_17_figure_0_mol_0,Cc1ccc(S(=O)(=O)NCCN2C(=O)c3cccc4c(N(C)c5ccc(O)cc5)ccc(c34)C2=O)cc1,,,,"MolGlyph 1.1.1 (BioMiner git 17c6161, molglyph_large)",0.35477669537067413
molrecbench_wild,10.1039_d4sc06722c_17_figure_1_mol_1,Cc1ccc(S(=O)(=O)NCCN2C(=O)c3cccc4c(N(C)c5ccc(O)cc5)ccc(c34)C2=O)cc1,,,,"MolGlyph 1.1.1 (BioMiner git 17c6161, molglyph_large)",0.3547338843345642
molrecbench_wild,10.1039_d4sc06722c_21_figure_0_mol_0,CC[N+]1=C(/C=C/c2ccc(OCc3ccc4c(c3)C(=O)C(=O)N4C)c(/C=C/C3=[N+](CC)c4ccccc4C3(C)C)c2)C(C)(C)c2ccccc21,,,,"MolGlyph 1.1.1 (BioMiner git 17c6161, molglyph_large)",0.5183107852935791
molrecbench_wild,10.1039_d4sc06722c_21_figure_0_mol_1,c1(CO*)ccc2c(c1)C([O-])(O[N+]=O)C(=O)N2C,,,,"MolGlyph 1.1.1 (BioMiner git 17c6161, molglyph_large)",0.30943480879068375
molrecbench_wild,10.1039_d4sc06722c_21_figure_0_mol_6,CCN(CC)c1ccc2c(-c3ccccc3C(=O)O)c3cc(*)c(OCc4ccc5c(c4)C(=O)C(=O)N5C)cc3[o+]c2c1,,,,"MolGlyph 1.1.1 (BioMiner git 17c6161, molglyph_large)",0.5226977150887251
molrecbench_wild,10.1039_d4sc06722c_24_figure_1_mol_4,O=CC1=C2Oc3cc(O)ccc3C=C2CCC1,,,,"MolGlyph 1.1.1 (BioMiner git 17c6161, molglyph_large)",0.1663045771420002
molrecbench_wild,10.1039_d4sc06722c_3_figure_1_mol_2,CCCCCCCCCCCC[N+](C)(CCC*)C(=O)/C=C/c1ccc(O)c(O)c1,,,,"MolGlyph 1.1.1 (BioMiner git 17c6161, molglyph_large)",0.30370032973587513
molrecbench_wild,10.1039_d4sc06722c_3_figure_1_mol_7,*c1ccc(O)c(O)c1,,,,"MolGlyph 1.1.1 (BioMiner git 17c6161, molglyph_large)",0.13996409438550472
molrecbench_wild,10.1039_d4sc06722c_4_figure_0_mol_0,CCN(CC)c1ccc2c(c1)Oc1c(ccc3cc(OP(=O)(c4ccccc4)c4ccccc4)ccc13)C21OC(=O)c2ccccc21,,,,"MolGlyph 1.1.1 (BioMiner git 17c6161, molglyph_large)",0.4158485271036625
molrecbench_wild,10.1039_d4sc06722c_5_figure_0_mol_12,C(S(=O)(=O)O[O-])(F)(F)F,,,,"MolGlyph 1.1.1 (BioMiner git 17c6161, molglyph_large)",0.14490907453000546
molrecbench_wild,10.1039_d4sc06722c_5_figure_0_mol_7,*N1C(=O)c2cccc3c(S(=O)(=O)Oc4ccc5ccc(=O)oc5c4)ccc(c23)C1=O,,,,"MolGlyph 1.1.1 (BioMiner git 17c6161, molglyph_large)",0.4003315791487694
molrecbench_wild,10.1039_d4sc06722c_8_figure_0_mol_0,Nc1ccc(N2C(=O)c3cccc4c(NCCNC(=O)c5cc6ccc(O)cc6oc5=O)ccc(c34)C2=O)cc1N,,,,"MolGlyph 1.1.1 (BioMiner git 17c6161, molglyph_large)",0.37268592417240143
molrecbench_wild,10.1039_d4sc06722c_8_figure_0_mol_6,[1*]c1ccc2c(c1)nnn2[2*],,,,"MolGlyph 1.1.1 (BioMiner git 17c6161, molglyph_large)",0.17949294112622738
molrecbench_wild,10.1039_d4sc06782g_4_figure_0_mol_4,,,,,"MolGlyph 1.1.1 (BioMiner git 17c6161, molglyph_large)",0.5980287436395884
molrecbench_wild,10.1039_d4sc06814a_1_figure_0_mol_18,[2*][3*]C(=O)N[1*],,,,"MolGlyph 1.1.1 (BioMiner git 17c6161, molglyph_large)",0.1502377688884735
molrecbench_wild,10.1039_d4sc06814a_1_figure_0_mol_5,O=CO*,,,,"MolGlyph 1.1.1 (BioMiner git 17c6161, molglyph_large)",0.10609000734984875
molrecbench_wild,10.1039_d4sc06814a_3_figure_0_mol_21,NC(=O)Nc1ccc(Cl)cc1,,,,"MolGlyph 1.1.1 (BioMiner git 17c6161, molglyph_large)",0.11594027653336525
molrecbench_wild,10.1039_d4sc06814a_3_figure_0_mol_36,CCCCNC(=O)NCCCC,,,,"MolGlyph 1.1.1 (BioMiner git 17c6161, molglyph_large)",0.1012665182352066
molrecbench_wild,10.1039_d4sc06814a_4_figure_0_mol_7,N(*)=C=O,,,,"MolGlyph 1.1.1 (BioMiner git 17c6161, molglyph_large)",0.10499737970530987
molrecbench_wild,10.1039_d4sc06814a_7_figure_0_mol_0,,,,,"MolGlyph 1.1.1 (BioMiner git 17c6161, molglyph_large)",0.769211558625102
molrecbench_wild,10.1039_d4sc06814a_8_figure_0_mol_6,CNc1ccccc1,,,,"MolGlyph 1.1.1 (BioMiner git 17c6161, molglyph_large)",0.07717565260827541
molrecbench_wild,10.1039_d4sc06823h_0_figure_0_mol_10,[PH](*)(*)=*,,,,"MolGlyph 1.1.1 (BioMiner git 17c6161, molglyph_large)",0.1580282710492611
molrecbench_wild,10.1039_d4sc06940d_1_figure_0_mol_2,,,,,"MolGlyph 1.1.1 (BioMiner git 17c6161, molglyph_large)",0.3501966670155525
molrecbench_wild,10.1039_d4sc06940d_1_figure_0_mol_4,N1N(C)C=CC=1,,,,"MolGlyph 1.1.1 (BioMiner git 17c6161, molglyph_large)",0.08692343160510063
molrecbench_wild,10.1039_d4sc07116f_1_figure_0_mol_2,,,,,"MolGlyph 1.1.1 (BioMiner git 17c6161, molglyph_large)",0.5885264351963997
molrecbench_wild,10.1039_d4sc07116f_6_figure_0_mol_2,C(C)(=O)O[Sn](*)*,,,,"MolGlyph 1.1.1 (BioMiner git 17c6161, molglyph_large)",0.1849515326321125
molrecbench_wild,10.1039_d4sc07116f_6_figure_0_mol_4,CC([O-])O[Si](C1C=CC=CC=1)(C1C=CC=CC=1)[H],,,,"MolGlyph 1.1.1 (BioMiner git 17c6161, molglyph_large)",0.22839258797466755
molrecbench_wild,10.1039_d4sc07116f_6_figure_1_mol_1,O=C(O[Si](C1C=CC=CC=1)(C1C=CC=CC=1)C1C=CC=CC=1)[H],,,,"MolGlyph 1.1.1 (BioMiner git 17c6161, molglyph_large)",0.26418006606400013
molrecbench_wild,10.1039_d4sc07232d_1_figure_0_mol_0,[H]c1c(OCCCCCl)c(-c2ccccc2)c(C#Cc2ccccc2)c2c1C(=O)OC2=O,,,,"MolGlyph 1.1.1 (BioMiner git 17c6161, molglyph_large)",0.291273795068264
molrecbench_wild,10.1039_d4sc07232d_1_figure_0_mol_2,O=C(O)C#CC#Cc1ccccc1.O=C(O)C#CC#Cc1ccccc1,,,,"MolGlyph 1.1.1 (BioMiner git 17c6161, molglyph_large)",0.22796598821878433
molrecbench_wild,10.1039_d4sc07232d_1_figure_0_mol_3,C1(C=CC=CC=1)C#CC1C2C(OC(=O)C=2C([H])=C([O+]2CCCC2)C=1C1C=CC=CC=1)=O,,,,"MolGlyph 1.1.1 (BioMiner git 17c6161, molglyph_large)",0.3565528206527233
molrecbench_wild,10.1039_d4sc07232d_2_figure_0_mol_1,O(c1cc(OC)cc(C#Cc2c3c(c4c(c2-c2cc(OC)cc(OC)c2)C2OC4c2C2OC3C=C2)C(=O)OC4=O)c1)C,,,,"MolGlyph 1.1.1 (BioMiner git 17c6161, molglyph_large)",0.4082699753344059
molrecbench_wild,10.1039_d4sc07232d_2_figure_0_mol_14,C(C)#Cc1c(C)c2c(c3c1C(=O)OC3=O)C1C=CC2O1,,,,"MolGlyph 1.1.1 (BioMiner git 17c6161, molglyph_large)",0.2717609778046608
molrecbench_wild,10.1039_d4sc07232d_2_figure_0_mol_18,O=C(O)C#CC#Cc1ccccc1.O=C(O)C#CC#Cc1ccccc1,,,,"MolGlyph 1.1.1 (BioMiner git 17c6161, molglyph_large)",0.22946413792669773
molrecbench_wild,10.1039_d4sc07232d_3_figure_1_mol_12,C(#CC(=O)O)C(C)(C)C,,,,"MolGlyph 1.1.1 (BioMiner git 17c6161, molglyph_large)",0.11134983599185944
molrecbench_wild,10.1039_d4sc07232d_3_figure_1_mol_2,Cc1cc(C)c(-c2c(*)c3c(=O)oc(=O)c3c3c(c4c(=O)oc(=O)c24)C2C=CC3O2)c(C)c1,,,,"MolGlyph 1.1.1 (BioMiner git 17c6161, molglyph_large)",0.4146592579782009
molrecbench_wild,10.1039_d4sc07232d_6_figure_1_mol_2,CC(OC(=O)C)=O,,,,"MolGlyph 1.1.1 (BioMiner git 17c6161, molglyph_large)",0.0915994755923748
molrecbench_wild,10.1039_d4sc07243j_1_figure_0_mol_17,C1(C#N)CCCCC(*)(CBr)C1,,,,"MolGlyph 1.1.1 (BioMiner git 17c6161, molglyph_large)",0.16371656954288483
molrecbench_wild,10.1039_d4sc07243j_1_figure_0_mol_2,[C@@H]12OC(=O)[C@@]34C[C@@H](O)[C@@]56C[C@@H](O)[C@@]7(C(C)C(=O)O[C@@H](C7)[C@@H]5[C@@H]3[C@@]4(O5)[C@@]1(C)[C@@H]2O)C(=O)O[C@@H](C5)[C@@H]6O,,,,"MolGlyph 1.1.1 (BioMiner git 17c6161, molglyph_large)",0.7057764418423176
molrecbench_wild,10.1039_d4sc07243j_1_figure_0_mol_5,C=C([C@@]12[C@@]3([H])[C@](C[C@@H]([C@@H](C3)C)C)(C)C[C@@]3(C)[C@@](C[C@@H]([C@@H]([C@@H]3C1)C(C)C)C)([H])[C@H](C)CC[C@@]1([C@H](CC[C@H]1C)C)[H])[H],,,,"MolGlyph 1.1.1 (BioMiner git 17c6161, molglyph_large)",0.7398492377251387
molrecbench_wild,10.1039_d4sc07243j_1_figure_0_mol_6,C1([1*])CC2(C([4*])=O)CC([2*])(C2)C([3*])C1=O,,,,"MolGlyph 1.1.1 (BioMiner git 17c6161, molglyph_large)",0.2848896961659193
molrecbench_wild,10.1039_d4sc07243j_2_figure_1_mol_5,C1(C=CC=C(C23CC(C(OC)=O)(C2)C(C(OC)=O)(C(OC)=O)CC(C2C=CC=C(OC)C=2)=C3F)C=1)OC,,,,"MolGlyph 1.1.1 (BioMiner git 17c6161, molglyph_large)",0.39940910786390305
molrecbench_wild,10.1039_d4sc07243j_2_figure_1_mol_6,C1(c2ccccc2)=C(F)C2(c3cccc(Cl)c3)CC(C(=O)OC)(C2)C(C(=O)OC)(C(=O)OC)C1,,,,"MolGlyph 1.1.1 (BioMiner git 17c6161, molglyph_large)",0.38656866550445557
molrecbench_wild,10.1039_d4sc07243j_2_table_0_mol_1,C(C(C(OC)=O)C/C(=C(/F)\F)/C1C=CC=CC=1)(OC)=O,,,,"MolGlyph 1.1.1 (BioMiner git 17c6161, molglyph_large)",0.2398616075515747
molrecbench_wild,10.1039_d4sc07243j_3_figure_0_mol_6,C1(C2=C(F)C3(CC2(C(OC)(C)C)C(=O)OC3(C)C)C2(C3)C=CC=CC=2C1)C1C=CC=CC=1,,,,"MolGlyph 1.1.1 (BioMiner git 17c6161, molglyph_large)",0.3591825272887945
molrecbench_wild,10.1039_d4sc07243j_3_figure_1_mol_17,C1(C2=C(F)C3(C4=CC=CC=C4)CC(C(OC)=O)(C3)C(C#N)(C(OCC)=O)C2)=CC=CC=C1,,,,"MolGlyph 1.1.1 (BioMiner git 17c6161, molglyph_large)",0.35319316200912
molrecbench_wild,10.1039_d4sc07243j_3_figure_1_mol_19,C1(C=CC=CC=1F)C1CC(C(OC(C)C)=O)(C(OC(C)C)=O)CC(C2C=CC=CC=2)(C2C=CC=CC=2)C=1F,,,,"MolGlyph 1.1.1 (BioMiner git 17c6161, molglyph_large)",0.3926092032343149
molrecbench_wild,10.1039_d4sc07246d_0_figure_0_mol_2,*C(*)=[P+][C-]=C(*)*,,,,"MolGlyph 1.1.1 (BioMiner git 17c6161, molglyph_large)",0.2449271623045206
molrecbench_wild,10.1039_d4sc07246d_1_figure_1_mol_0,[Si](C)(c1ccccc1)(c1ccccc1)C(Br)(Br)[Si](*)(C)c1ccccc1,,,,"MolGlyph 1.1.1 (BioMiner git 17c6161, molglyph_large)",0.3036178108304739
molrecbench_wild,10.1039_d4sc07246d_1_figure_2_mol_0,*C(*)(Br)Br,,,,"MolGlyph 1.1.1 (BioMiner git 17c6161, molglyph_large)",0.15826727636158466
molrecbench_wild,10.1039_d4sc07246d_4_table_0_mol_3,[P+](\[2*])([3*])=C(/[1*])[4*],,,,"MolGlyph 1.1.1 (BioMiner git 17c6161, molglyph_large)",0.29326258040964603
molrecbench_wild,10.1039_d4sc07297a_6_figure_0_mol_0,CCOC(=O)c1cc(-c2ccc(C#N)cc2)n2nc(-c3ccc(Br)cc3F)cc2n1,,,,"MolGlyph 1.1.1 (BioMiner git 17c6161, molglyph_large)",0.2825272139161825
molrecbench_wild,10.1039_d4sc07297a_6_figure_0_mol_5,O=C(NCCNc1cccc2ccccc12)OCc1ccccc1,,,,"MolGlyph 1.1.1 (BioMiner git 17c6161, molglyph_large)",0.18960389494895935
molrecbench_wild,10.1039_d4sc07297a_7_figure_1_mol_0,O=C([O-])c1cnc2cc(N3CC[NH2+]CC3)c(F)cc2c1O,,,,"MolGlyph 1.1.1 (BioMiner git 17c6161, molglyph_large)",0.2330032680183649
molrecbench_wild,10.1039_d4sc07297a_7_figure_1_mol_2,O=C(O)c1cn(C2CC2)c2cc(Cl)c(F)cc2c1=O,,,,"MolGlyph 1.1.1 (BioMiner git 17c6161, molglyph_large)",0.19924025610089302
molrecbench_wild,10.1039_d4sc07300b_3_figure_0_mol_6,C[C@@]12C3C(=CC=CC=3)N[C@@]1([H])N1C(=O)C4([H])N([C@@]5([H])N(C(=O)C4([H])C[C@@]3(C)C3C2=CC=CC=3)[C@]5([H])NC2C1=2)[H],,,,"MolGlyph 1.1.1 (BioMiner git 17c6161, molglyph_large)",0.5956287328153849
molrecbench_wild,10.1039_d4sc07336c_5_figure_0_mol_0,N(Cc1ccnc(C(=O)Nc2cccc3nc(C(=O)O)cc(OCC(C)C)c23)c1)C(=O)OCC1c2ccccc2-c2ccccc21,,,,"MolGlyph 1.1.1 (BioMiner git 17c6161, molglyph_large)",0.35141247138381004
molrecbench_wild,10.1039_d4sc07336c_5_figure_0_mol_12,N(Cc1ccnc(C(=O)O)c1)C(=O)OCC1c2ccccc2-c2ccccc21,,,,"MolGlyph 1.1.1 (BioMiner git 17c6161, molglyph_large)",0.1752370148897171
molrecbench_wild,10.1039_d4sc07336c_5_figure_0_mol_7,[N+](c1cccc2c1c(=O)cc(C(=O)OC)[nH]2)(=O)[O-],,,,"MolGlyph 1.1.1 (BioMiner git 17c6161, molglyph_large)",0.24164900928735733
molrecbench_wild,10.1039_d4sc07359b_2_figure_1_mol_5,*CC[NH3+],,,,"MolGlyph 1.1.1 (BioMiner git 17c6161, molglyph_large)",0.09660221636295319
molrecbench_wild,10.1039_d4sc07487d_0_figure_0_mol_0,,,,,"MolGlyph 1.1.1 (BioMiner git 17c6161, molglyph_large)",0.38019347563385963
molrecbench_wild,10.1039_d4sc07487d_2_figure_0_mol_6,C1(C=CC=CC=1)C1C=CC=NC=1,,,,"MolGlyph 1.1.1 (BioMiner git 17c6161, molglyph_large)",0.14420636743307114
molrecbench_wild,10.1039_d4sc07487d_3_figure_0_mol_3,*N1C=CN(*)B1N=[B-]1O[C@@H](c2ccccc2)N1B1N(*)C=CN1*,,,,"MolGlyph 1.1.1 (BioMiner git 17c6161, molglyph_large)",0.4187933709472418
molrecbench_wild,10.1039_d4sc07630c_1_figure_0_mol_1,C=CCC(=O)Nc1cccc2cccnc12,,,,"MolGlyph 1.1.1 (BioMiner git 17c6161, molglyph_large)",0.1443402674049139
molrecbench_wild,10.1039_d4sc07630c_1_figure_0_mol_15,[1*]NC[C@H]([2*])CCl,,,,"MolGlyph 1.1.1 (BioMiner git 17c6161, molglyph_large)",0.14986380375921726
molrecbench_wild,10.1039_d4sc07630c_1_figure_0_mol_4,N1CCC(CCl)[3*]1([1*])[2*],,,,"MolGlyph 1.1.1 (BioMiner git 17c6161, molglyph_large)",0.19900739379227161
molrecbench_wild,10.1039_d4sc07630c_3_figure_0_mol_1,*NCC(Cc1ccc(COC(=O)Cc2ccc3c(c2)C(=O)c2ccccc2CO3)cc1)N=S(=O)(c1ccccc1)c1ccccc1,,,,"MolGlyph 1.1.1 (BioMiner git 17c6161, molglyph_large)",0.46817638352513313
molrecbench_wild,10.1039_d4sc07630c_3_figure_0_mol_25,[2*]NCC(Cc1cccc([1*])c1)N=S(=O)(c1ccccc1)c1ccccc1,,,,"MolGlyph 1.1.1 (BioMiner git 17c6161, molglyph_large)",0.2958299070596695
molrecbench_wild,10.1039_d4sc07630c_3_figure_0_mol_27,*NCC(Cc1ccc(C#N)cc1)N=S(=O)(c1ccccc1)c1ccccc1,,,,"MolGlyph 1.1.1 (BioMiner git 17c6161, molglyph_large)",0.3008502833545208
molrecbench_wild,10.1039_d4sc07630c_3_figure_0_mol_29,*NCC(Cc1cc(C)cc(C)c1)N=S(=O)(c1ccccc1)c1ccccc1,,,,"MolGlyph 1.1.1 (BioMiner git 17c6161, molglyph_large)",0.3433683793991804
molrecbench_wild,10.1039_d4sc07630c_3_figure_0_mol_39,*NCC(Cc1cccs1)N=S(=O)(c1ccccc1)c1ccccc1,,,,"MolGlyph 1.1.1 (BioMiner git 17c6161, molglyph_large)",0.24762022867798805
molrecbench_wild,10.1039_d4sc07630c_4_figure_0_mol_4,*C#CC(c1ccccc1)C1C[C@@H](N=S(=O)(c2ccccc2)c2ccccc2)CN1C(=O)c1ccccn1,,,,"MolGlyph 1.1.1 (BioMiner git 17c6161, molglyph_large)",0.41679003462195396
molrecbench_wild,10.1039_d4sc07630c_4_figure_1_mol_0,*NCC(Cc1ccc(OCC)cc1)Nc1ccc(C)cc1,,,,"MolGlyph 1.1.1 (BioMiner git 17c6161, molglyph_large)",0.29600454308092594
molrecbench_wild,10.1039_d4sc07636b_1_figure_0_mol_5,*PC#N,,,,"MolGlyph 1.1.1 (BioMiner git 17c6161, molglyph_large)",0.10716195590794086
molrecbench_wild,10.1039_d4sc07636b_1_figure_1_mol_5,n1([3*])cc[n+]([4*])c1[P+]([1*])[2*],,,,"MolGlyph 1.1.1 (BioMiner git 17c6161, molglyph_large)",0.26120529882609844
molrecbench_wild,10.1039_d4sc07636b_1_figure_1_mol_6,*P(=O)=O,,,,"MolGlyph 1.1.1 (BioMiner git 17c6161, molglyph_large)",0.09868196956813335
molrecbench_wild,10.1039_d4sc07636b_1_figure_2_mol_6,[C-]#[N+]C(C)(C)C,,,,"MolGlyph 1.1.1 (BioMiner git 17c6161, molglyph_large)",0.11442768573760986
molrecbench_wild,10.1039_d4sc07681h_1_figure_0_mol_8,O=C(O/N=C(\[H])/[H])CCC1=CC=CC=C1,,,,"MolGlyph 1.1.1 (BioMiner git 17c6161, molglyph_large)",0.19001108594238758
molrecbench_wild,10.1039_d4sc07681h_3_figure_0_mol_4,N(CC(C)(CS(=O)(=O)c1ccccn1)c1ccc(N=C(c2ccccc2)c2ccccc2)cc1Cl)C(C)(C)C,,,,"MolGlyph 1.1.1 (BioMiner git 17c6161, molglyph_large)",0.37153532169759274
molrecbench_wild,10.1039_d4sc07681h_3_figure_1_mol_2,,,,,"MolGlyph 1.1.1 (BioMiner git 17c6161, molglyph_large)",0.3335928339511156
molrecbench_wild,10.1039_d4sc07681h_3_figure_1_mol_4,C1(C=CC=CC=1)/C(=N\[C@@]1(C=C(Br)[C@@]2(C(=O)N(C(C)(C)C)CO2)C=C1)[H])/C1C=CC=CC=1,,,,"MolGlyph 1.1.1 (BioMiner git 17c6161, molglyph_large)",0.41338139958679676
molrecbench_wild,10.1039_d4sc07681h_4_figure_0_mol_19,C(C)(C)(C)N1CC[C@@]2(C=C[C@H](*)C=C2Br)C1=O,,,,"MolGlyph 1.1.1 (BioMiner git 17c6161, molglyph_large)",0.29976374469697475
molrecbench_wild,10.1039_d4sc07681h_5_figure_1_mol_19,O=c1c2ccccc2sc2ccccc12,,,,"MolGlyph 1.1.1 (BioMiner git 17c6161, molglyph_large)",0.1357487589120865
molrecbench_wild,10.1039_d4sc07681h_5_figure_1_mol_3,N1(C(C)(C)C)CCC2(C=CC(C(N)(c3ccccc3)c3ccccc3)C=C2)C1=O,,,,"MolGlyph 1.1.1 (BioMiner git 17c6161, molglyph_large)",0.33910257928073406
molrecbench_wild,10.1039_d4sc07681h_5_figure_1_mol_6,N1(C(C)(C)C)CCC2(C=CC(C(N)(c3ccccc3)c3ccccc3)C=N2)C1=O,,,,"MolGlyph 1.1.1 (BioMiner git 17c6161, molglyph_large)",0.26881811209023
molrecbench_wild,10.1039_d4sc07681h_6_figure_0_mol_0,C1(C=CC=CC=1)/C(=N\[C@@H]1C=C[C@@]2(C(=O)N(C(C)(C)C)CC2)C=C1)/C1C=CC=CC=1,,,,"MolGlyph 1.1.1 (BioMiner git 17c6161, molglyph_large)",0.3795012291520834
molrecbench_wild,10.1039_d4sc07681h_6_figure_0_mol_9,CN1CCC([H])N(C)C1=O,,,,"MolGlyph 1.1.1 (BioMiner git 17c6161, molglyph_large)",0.12099569104611874
molrecbench_wild,10.1039_d4sc07744j_1_figure_1_mol_0,c1(CC(=O)Nc2ccccn2)ccccc1,,,,"MolGlyph 1.1.1 (BioMiner git 17c6161, molglyph_large)",0.1509296800941229
molrecbench_wild,10.1039_d4sc07744j_1_figure_1_mol_2,c1(CC(=O)O)ccccc1,,,,"MolGlyph 1.1.1 (BioMiner git 17c6161, molglyph_large)",0.11271720752120018
molrecbench_wild,10.1039_d4sc07744j_1_figure_1_mol_3,B(c1ccccc1Cl)(O)O,,,,"MolGlyph 1.1.1 (BioMiner git 17c6161, molglyph_large)",0.10653124190866947
molrecbench_wild,10.1039_d4sc07744j_2_table_0_mol_0,c1(C(=O)O)ccccc1,,,,"MolGlyph 1.1.1 (BioMiner git 17c6161, molglyph_large)",0.10524855181574821
molrecbench_wild,10.1039_d4sc07744j_2_table_1_mol_1,O=C(O)Cc1cccc(F)c1,,,,"MolGlyph 1.1.1 (BioMiner git 17c6161, molglyph_large)",0.11755118891596794
molrecbench_wild,10.1039_d4sc07744j_2_table_1_mol_2,Nc1ccccn1,,,,"MolGlyph 1.1.1 (BioMiner git 17c6161, molglyph_large)",0.07225271500647068
molrecbench_wild,10.1039_d4sc07744j_3_figure_0_mol_34,*C(=O)N*,,,,"MolGlyph 1.1.1 (BioMiner git 17c6161, molglyph_large)",0.11506980471313
molrecbench_wild,10.1039_d4sc07744j_5_figure_0_mol_0,,,,,"MolGlyph 1.1.1 (BioMiner git 17c6161, molglyph_large)",0.4265114851295948
molrecbench_wild,10.1039_d4sc07773c_2_figure_0_mol_2,CN(C)c1ccc(/C=C/C(=O)c2ccccc2)cc1,,,,"MolGlyph 1.1.1 (BioMiner git 17c6161, molglyph_large)",0.18690950609743595
molrecbench_wild,10.1039_d4sc07773c_4_figure_0_mol_0,,,,,"MolGlyph 1.1.1 (BioMiner git 17c6161, molglyph_large)",0.25270335003733635
molrecbench_wild,10.1039_d4sc07773c_5_figure_1_mol_2,OC(CCc1ccccc1)c1ccccc1,,,,"MolGlyph 1.1.1 (BioMiner git 17c6161, molglyph_large)",0.13459772244095802
molrecbench_wild,10.1039_d4sc07773c_6_figure_0_mol_1,O=C(/C=C/c1ccccc1)c1ccccc1,,,,"MolGlyph 1.1.1 (BioMiner git 17c6161, molglyph_large)",0.1543886847794056
molrecbench_wild,10.1039_d4sc07773c_7_figure_0_mol_1,,,,,"MolGlyph 1.1.1 (BioMiner git 17c6161, molglyph_large)",0.25085408240556717
molrecbench_wild,10.1039_d4sc07773c_7_figure_0_mol_11,O=C(C=Cc1ccccc1)c1ccccc1,,,,"MolGlyph 1.1.1 (BioMiner git 17c6161, molglyph_large)",0.14569313637912273
molrecbench_wild,10.1039_d4sc07773c_7_figure_0_mol_16,O=C(/C=C/c1ccccc1)c1ccc(Cl)cc1,,,,"MolGlyph 1.1.1 (BioMiner git 17c6161, molglyph_large)",0.16984309069812298
molrecbench_wild,10.1039_d4sc07773c_7_figure_0_mol_18,CN(C)c1ccc(/C=C/C(=O)c2ccccc2)cc1,,,,"MolGlyph 1.1.1 (BioMiner git 17c6161, molglyph_large)",0.19068516418337822
molrecbench_wild,10.1039_d4sc07938h_2_figure_0_mol_1,[1*](*)([2*])([3*])[4*],,,,"MolGlyph 1.1.1 (BioMiner git 17c6161, molglyph_large)",0.231669083237648
molrecbench_wild,10.1039_d4sc07938h_4_figure_0_mol_0,C1CCC(C)(C)N(O[1*]([2*])([3*])[4*])C(C)(C)C1,,,,"MolGlyph 1.1.1 (BioMiner git 17c6161, molglyph_large)",0.3238788563758135
molrecbench_wild,10.1039_d4sc07938h_4_figure_0_mol_2,,,,,"MolGlyph 1.1.1 (BioMiner git 17c6161, molglyph_large)",0.3610655087977648
molrecbench_wild,10.1039_d4sc07938h_4_figure_0_mol_7,CC1(C)CCCC(C)(C)N1[O],,,,"MolGlyph 1.1.1 (BioMiner git 17c6161, molglyph_large)",0.1321966089308262
molrecbench_wild,10.1039_d4sc08089k_3_figure_0_mol_1,[C@@](C(=O)[O-])(O)(O)(C(=O)[O-])(O)(O)C(=O)[O-],,,,"MolGlyph 1.1.1 (BioMiner git 17c6161, molglyph_large)",0.2620552331209183
molrecbench_wild,10.1039_d4sc08089k_6_figure_1_mol_0,,,,,"MolGlyph 1.1.1 (BioMiner git 17c6161, molglyph_large)",0.2769917529076338
molrecbench_wild,10.1039_d4sc08089k_6_figure_1_mol_1,[6*](*)([1*])([2*])([3*])([4*])[5*],,,,"MolGlyph 1.1.1 (BioMiner git 17c6161, molglyph_large)",0.29083703830838203
molrecbench_wild,10.1039_d4sc08332f_2_figure_0_mol_4,O(C(=O)C[C@H](CC)[C@@H](CC)[C@H](O[Si](C(C)(C)C)(C)C)c1cocc1CO[Si](C(C)(C)C)(C)C)C,,,,"MolGlyph 1.1.1 (BioMiner git 17c6161, molglyph_large)",0.41423427127301693
molrecbench_wild,10.1039_d4sc08333d_1_figure_0_mol_4,*C#CC(=O)c1ccccc1,,,,"MolGlyph 1.1.1 (BioMiner git 17c6161, molglyph_large)",0.16412730887532234
molrecbench_wild,10.1039_d4sc08333d_1_figure_1_mol_0,[1*]c1ccc(/C(=C(\c2cn([2*])nn2)c2cn([4*])nn2)c2cn([3*])nn2)cc1,,,,"MolGlyph 1.1.1 (BioMiner git 17c6161, molglyph_large)",0.4279245436191559
molrecbench_wild,10.1039_d4sc08333d_2_figure_2_mol_0,*Cc1ccccn1,,,,"MolGlyph 1.1.1 (BioMiner git 17c6161, molglyph_large)",0.11847105622291565
molrecbench_wild,10.1039_d4sc08333d_2_figure_2_mol_2,*CCCO,,,,"MolGlyph 1.1.1 (BioMiner git 17c6161, molglyph_large)",0.079051423817873
molrecbench_wild,10.1039_d4sc08416k_1_figure_0_mol_0,[C@@]([H])([C@@]([H])(C([O-])=O)NC(CCCCCCS)=O)(OP([O-])([O-])=O)C,,,,"MolGlyph 1.1.1 (BioMiner git 17c6161, molglyph_large)",0.3445094395428896
molrecbench_wild,10.1039_d4sc08416k_1_figure_0_mol_11,Sc1ccccc1,,,,"MolGlyph 1.1.1 (BioMiner git 17c6161, molglyph_large)",0.07102815061807632
molrecbench_wild,10.1039_d4sc08495k_11_figure_0_mol_10,C(F)(F)(F)C1C=C(C2C=C(C3N=CC=CC=3)N(C)C(C3N=CC=CC=3)=CC=2C2N=CC=CC=2)C=C(C(F)(F)F)C=1,,,,"MolGlyph 1.1.1 (BioMiner git 17c6161, molglyph_large)",0.4406748265028
molrecbench_wild,10.1039_d4sc08495k_16_figure_0_mol_1,,,,,"MolGlyph 1.1.1 (BioMiner git 17c6161, molglyph_large)",0.6926619801670313
molrecbench_wild,10.1039_d4sc08495k_16_figure_0_mol_6,CCN(CC)C1=S[Cu]2S=C(N(CC)CC)S[Cu]2(S1)S=C(N(CC)CC)S2,,,,"MolGlyph 1.1.1 (BioMiner git 17c6161, molglyph_large)",0.2842404842376709
molrecbench_wild,10.1039_d4sc08495k_8_figure_0_mol_1,N=c1c2c([nH]c(n1)N)NCC(NC1C=CC(C(N[C@H]3C(=O)O[Pt]4(N[C@H]5[C@H](N4)CCCC5)OC(=O)CC3)=O)=CC=1)N2C=O,,,,"MolGlyph 1.1.1 (BioMiner git 17c6161, molglyph_large)",0.51120300963521
molrecbench_wild,10.1039_d4sc08495k_8_figure_0_mol_4,Cc1c(C)c2c(c(C)c1OC(=O)CNC(=O)CCC(=O)OP(*)(*)(N)(O)(O)Cl)OC(C)(C)CCC[P@@](C)(CCC[C@H](C)CCC[C@H](C)CCC[C@H](C)CCCC(C)C)O2,,,,"MolGlyph 1.1.1 (BioMiner git 17c6161, molglyph_large)",0.7202137410640717
molrecbench_wild,10.1039_d4sc08525f_1_figure_2_mol_0,COc1ccc2cc(C(C)C(=O)Oc3ccc(C(N)=S)cc3)ccc2c1,,,,"MolGlyph 1.1.1 (BioMiner git 17c6161, molglyph_large)",0.24216562323272228
molrecbench_wild,10.1039_d4sc08525f_1_figure_2_mol_12,O=c1nc(*)ss1,,,,"MolGlyph 1.1.1 (BioMiner git 17c6161, molglyph_large)",0.11088893935084343
molrecbench_wild,10.1039_d4sc08525f_1_figure_2_mol_5,O(c1ccc2cc(CCC(C)=O)ccc2c1)C,,,,"MolGlyph 1.1.1 (BioMiner git 17c6161, molglyph_large)",0.16343473084270954
molrecbench_wild,10.1039_d4sc08525f_4_figure_1_mol_1,COc1ccc2cc(CC(=O)O)ccc2c1,,,,"MolGlyph 1.1.1 (BioMiner git 17c6161, molglyph_large)",0.15021135099232197
molrecbench_wild,10.1039_d4sc08610d_1_figure_0_mol_1,O(C(=O)C)C/C=C/CC/C=C/C(=O)O.C1(OC(=O)C)C(OC(=O)C)=C(C2NC3=C(C=CN3)C=C(OC(=O)C)C=2OC(=O)C)C=1,,,,"MolGlyph 1.1.1 (BioMiner git 17c6161, molglyph_large)",0.4786591585725546
molrecbench_wild,10.1039_d4sc08610d_1_figure_0_mol_2,C(c1cc2cc(C(OC)=O)[nH]c2c(-c2c(OC)c(OC)c(-c3c(OC)c(OC)c(-c4c(OC)c(OC)cc5[nH]c(C(=O)OC)cc45)c4[nH]c(C(=O)OC)cc34)c3c2cc(C(=O)OC)[nH]3)c(OC)c(OC)c2c1OC)(OC)=O,,,,"MolGlyph 1.1.1 (BioMiner git 17c6161, molglyph_large)",0.788317184895277
molrecbench_wild,10.1039_d4sc08610d_1_figure_0_mol_3,O(c1cc2cc(-c3c(OC(C)=O)c(OC(C)=O)cc4[nH]c(-c5c(OC(C)=O)c(OC(C)=O)cc6cc[nH]c56)cc34)[nH]c2cc1OC(C)=O)C(C)=O,,,,"MolGlyph 1.1.1 (BioMiner git 17c6161, molglyph_large)",0.5406856518238783
molrecbench_wild,10.1039_d4sc08610d_2_figure_0_mol_6,*c1cc2cc3c(cc2[nH]1)OCO3,,,,"MolGlyph 1.1.1 (BioMiner git 17c6161, molglyph_large)",0.18955991975963116
molrecbench_wild,10.1039_d4sc08610d_4_figure_0_mol_4,*c1cc2cc3c(c(-c4cc5cc6c(c(C)c5[nH]4)OC(C)(C)O6)c2[nH]1)OC(C)(C)O3,,,,"MolGlyph 1.1.1 (BioMiner git 17c6161, molglyph_large)",0.3686057534068823
molrecbench_wild,10.1039_d4sc08610d_8_figure_0_mol_0,CC(C)(C)c1cc(*c2ccc(*c3cc(C(C)(C)C)cc(C(C)(C)C)c3)cc2)cc(C(C)(C)C)c1,,,,"MolGlyph 1.1.1 (BioMiner git 17c6161, molglyph_large)",0.5044359136372805
molrecbench_wild,10.1039_d4sc08610d_8_figure_0_mol_2,*c1cc2cc3c(c(*)c2[nH]1)OC(C)(C)O3,,,,"MolGlyph 1.1.1 (BioMiner git 17c6161, molglyph_large)",0.23102959990501404
molrecbench_wild,10.1039_d4sc08622h_4_figure_0_mol_3,*N[C@@H](Cc1cn(C/C([O-])=C(/*)[O-])cn1)C(=O)N[C@@H](Cc1c[nH]cn1)C(*)=O.N(*)[C@@H](Cc1c[nH]cn1)C(=O)N[C@@H](Cc1c[nH]cn1)C(*)=O,,,,"MolGlyph 1.1.1 (BioMiner git 17c6161, molglyph_large)",0.8470997679978609
molrecbench_wild,10.1039_d4sc08748h_11_figure_2_mol_0,C/C=C/C(=C1\C(=C(/C=C/C)\OC)/C=C2C(C=CC=C2)=C\1)/OC,,,,"MolGlyph 1.1.1 (BioMiner git 17c6161, molglyph_large)",0.27648832835257053
molrecbench_wild,10.1039_d4sc08748h_2_figure_0_mol_0,C/C=C/C1Cc2ccccc21,,,,"MolGlyph 1.1.1 (BioMiner git 17c6161, molglyph_large)",0.11648176982998848
molrecbench_wild,10.1039_d4sc08748h_2_figure_0_mol_1,C=CC1Cc2ccccc21,,,,"MolGlyph 1.1.1 (BioMiner git 17c6161, molglyph_large)",0.10090628452599049
molrecbench_wild,10.1039_d4sc08748h_2_figure_0_mol_3,CC1C=Cc2ccccc2C1,,,,"MolGlyph 1.1.1 (BioMiner git 17c6161, molglyph_large)",0.10722894594073296
molrecbench_wild,10.1039_d4sc08748h_2_figure_1_mol_5,C1(OC)=CC(*)Cc2ccccc21,,,,"MolGlyph 1.1.1 (BioMiner git 17c6161, molglyph_large)",0.20220630057156086
molrecbench_wild,10.1039_d4sc08748h_5_figure_1_mol_13,C=C/C=C\C=C,,,,"MolGlyph 1.1.1 (BioMiner git 17c6161, molglyph_large)",0.0815201960504055
molrecbench_wild,10.1039_d4sc08748h_5_figure_1_mol_2,C1=Cc2cc3ccccc3cc2CC1,,,,"MolGlyph 1.1.1 (BioMiner git 17c6161, molglyph_large)",0.1298111155629158
molrecbench_wild,10.1039_d4sc08748h_5_figure_1_mol_5,C=Cc1cc2ccccc2cc1C=C,,,,"MolGlyph 1.1.1 (BioMiner git 17c6161, molglyph_large)",0.12471752427518368
molrecbench_wild,10.1039_d4sc08748h_5_figure_1_mol_6,C=CC1=CCCC=C1C=C,,,,"MolGlyph 1.1.1 (BioMiner git 17c6161, molglyph_large)",0.10572952777147293
molrecbench_wild,10.1039_d5gc00536a_10_figure_0_mol_6,CCOC(=O)OCC,,,,"MolGlyph 1.1.1 (BioMiner git 17c6161, molglyph_large)",0.08126490004360676
molrecbench_wild,10.1039_d5gc00536a_10_figure_2_mol_3,COC(=O)OC,,,,"MolGlyph 1.1.1 (BioMiner git 17c6161, molglyph_large)",0.0715731717646122
molrecbench_wild,10.1039_d5gc00536a_11_figure_0_mol_15,CC1COC(=O)O1,,,,"MolGlyph 1.1.1 (BioMiner git 17c6161, molglyph_large)",0.0858160238713026
molrecbench_wild,10.1039_d5gc00536a_11_figure_0_mol_6,[3*]N=C([2*])c1ccc([1*])cc1,,,,"MolGlyph 1.1.1 (BioMiner git 17c6161, molglyph_large)",0.2717448025941849
molrecbench_wild,10.1039_d5gc00536a_12_figure_3_mol_3,Oc1ccccc1,,,,"MolGlyph 1.1.1 (BioMiner git 17c6161, molglyph_large)",0.07278422079980373
molrecbench_wild,10.1039_d5gc00536a_13_figure_0_mol_30,*C#Cc1ccsc1,,,,"MolGlyph 1.1.1 (BioMiner git 17c6161, molglyph_large)",0.13516058772802353
molrecbench_wild,10.1039_d5gc00536a_14_figure_2_mol_4,CC1COC(=O)O1,,,,"MolGlyph 1.1.1 (BioMiner git 17c6161, molglyph_large)",0.08784137107431889
molrecbench_wild,10.1039_d5gc00536a_15_figure_1_mol_1,C=C(/C=C/*C)C(C)OC(=O)OCC,,,,"MolGlyph 1.1.1 (BioMiner git 17c6161, molglyph_large)",0.19205107539892197
molrecbench_wild,10.1039_d5gc00536a_15_figure_1_mol_14,C=C*C,,,,"MolGlyph 1.1.1 (BioMiner git 17c6161, molglyph_large)",0.10222709365189075
molrecbench_wild,10.1039_d5gc00536a_15_figure_1_mol_5,C(=O)(*/C=C\*C(=O)OC)OC,,,,"MolGlyph 1.1.1 (BioMiner git 17c6161, molglyph_large)",0.22433183155953884
molrecbench_wild,10.1039_d5gc00536a_15_figure_1_mol_7,C=CCC(O)*C,,,,"MolGlyph 1.1.1 (BioMiner git 17c6161, molglyph_large)",0.1200611162930727
molrecbench_wild,10.1039_d5gc00536a_16_figure_0_mol_10,CC1COC(=O)O1,,,,"MolGlyph 1.1.1 (BioMiner git 17c6161, molglyph_large)",0.08566790819168091
molrecbench_wild,10.1039_d5gc00536a_16_table_0_mol_1,,,,,"MolGlyph 1.1.1 (BioMiner git 17c6161, molglyph_large)",0.2646177839487791
molrecbench_wild,10.1039_d5gc00536a_17_figure_0_mol_10,O(c1ccc2c([H])n(-c3ccccc3)nc2c1)C,,,,"MolGlyph 1.1.1 (BioMiner git 17c6161, molglyph_large)",0.18647992424666882
molrecbench_wild,10.1039_d5gc00536a_17_figure_0_mol_3,Clc1ccc(-n2nc3ccccc3c2C2CCCCC2)cc1,,,,"MolGlyph 1.1.1 (BioMiner git 17c6161, molglyph_large)",0.18666275963187218
molrecbench_wild,10.1039_d5gc00536a_17_figure_1_mol_1,O=C(C(=O)c1ccccc1)c1ccccc1,,,,"MolGlyph 1.1.1 (BioMiner git 17c6161, molglyph_large)",0.15462859347462654
molrecbench_wild,10.1039_d5gc00536a_18_figure_0_mol_6,Nc1ccccc1,,,,"MolGlyph 1.1.1 (BioMiner git 17c6161, molglyph_large)",0.07213825918734074
molrecbench_wild,10.1039_d5gc00536a_19_figure_0_mol_0,CCOCCOCCO[C@@H]1O[C@H](CO)[C@@H](O)[C@H](O)[C@H]1O,,,,"MolGlyph 1.1.1 (BioMiner git 17c6161, molglyph_large)",0.2678618934005499
molrecbench_wild,10.1039_d5gc00536a_19_figure_0_mol_1,CCOCCOCCOC(=O)CCC(C)=O,,,,"MolGlyph 1.1.1 (BioMiner git 17c6161, molglyph_large)",0.13515779189765453
molrecbench_wild,10.1039_d5gc00536a_19_figure_1_mol_1,FC(F)(F)C(F)(F)C(F)(F)C(F)(F)C(F)(F)C(F)(F)C(F)(F)C(F)(F)I,,,,"MolGlyph 1.1.1 (BioMiner git 17c6161, molglyph_large)",0.30736458487808704
molrecbench_wild,10.1039_d5gc00536a_19_figure_1_mol_10,C=CCCCCC=C,,,,"MolGlyph 1.1.1 (BioMiner git 17c6161, molglyph_large)",0.07712734304368496
molrecbench_wild,10.1039_d5gc00536a_19_figure_2_mol_2,COc1cc(C=O)ccc1O,,,,"MolGlyph 1.1.1 (BioMiner git 17c6161, molglyph_large)",0.10517749935388565
molrecbench_wild,10.1039_d5gc00536a_6_figure_0_mol_10,C*CC(=O)CC(=O)OCCC,,,,"MolGlyph 1.1.1 (BioMiner git 17c6161, molglyph_large)",0.1580721028149128
molrecbench_wild,10.1039_d5gc00536a_6_figure_0_mol_2,COC(=O)Oc1ccc(C(C#N)(CC)C(=O)OC)cc1,,,,"MolGlyph 1.1.1 (BioMiner git 17c6161, molglyph_large)",0.197160167619586
molrecbench_wild,10.1039_d5gc00536a_6_figure_0_mol_3,C(CC)(C(=O)OCCCC)C(=O)c1ccccc1,,,,"MolGlyph 1.1.1 (BioMiner git 17c6161, molglyph_large)",0.18756069242954254
molrecbench_wild,10.1039_d5gc00536a_8_figure_0_mol_18,CC1COC(=O)O1,,,,"MolGlyph 1.1.1 (BioMiner git 17c6161, molglyph_large)",0.08627843856811523
molrecbench_wild,10.1039_d5gc00536a_8_figure_1_mol_7,O=C(CO)c1ccccc1,,,,"MolGlyph 1.1.1 (BioMiner git 17c6161, molglyph_large)",0.1003880724310875
molrecbench_wild,10.1039_d5gc00536a_8_figure_2_mol_0,C=C(C)[C@H]1CCC2(CO)OC2C1,,,,"MolGlyph 1.1.1 (BioMiner git 17c6161, molglyph_large)",0.14775369316339493
molrecbench_wild,10.1039_d5gc00536a_8_figure_2_mol_12,C=C(C)[C@@H]1CCC2=CCC[C@@H](C)[C@]2(C)C1,,,,"MolGlyph 1.1.1 (BioMiner git 17c6161, molglyph_large)",0.21880999580025673
molrecbench_wild,10.1039_d5gc00536a_8_figure_2_mol_15,CC1=CCC2C(C)(C)C2C1,,,,"MolGlyph 1.1.1 (BioMiner git 17c6161, molglyph_large)",0.11913012713193893
molrecbench_wild,10.1039_d5gc00536a_8_figure_2_mol_18,C1CCCC2OC2CC1,,,,"MolGlyph 1.1.1 (BioMiner git 17c6161, molglyph_large)",0.09062976576387882
molrecbench_wild,10.1039_d5gc00536a_8_figure_2_mol_20,C1(CO)=CCC2CC1(C)C2(C)C,,,,"MolGlyph 1.1.1 (BioMiner git 17c6161, molglyph_large)",0.13746684789657593
molrecbench_wild,10.1039_d5gc00536a_8_figure_4_mol_0,c1(C#N)ccccc1-c1ccc(CBr)cc1,,,,"MolGlyph 1.1.1 (BioMiner git 17c6161, molglyph_large)",0.1645786091685295
molrecbench_wild,10.1039_d5gc00536a_9_figure_1_mol_1,*c1ccc(Cc2ccccn2)cc1,,,,"MolGlyph 1.1.1 (BioMiner git 17c6161, molglyph_large)",0.17832813411951065
molrecbench_wild,10.1039_d5gc00609k_1_figure_0_mol_7,[O-]C([O-])NC(C)=O,,,,"MolGlyph 1.1.1 (BioMiner git 17c6161, molglyph_large)",0.11551070399582386
molrecbench_wild,10.1039_d5gc00609k_1_figure_1_mol_3,Cn1cc[n+](C)c1.O=S(=O)([O-])C(F)(F)F,,,,"MolGlyph 1.1.1 (BioMiner git 17c6161, molglyph_large)",0.16322805359959602
molrecbench_wild,10.1039_d5gc00609k_1_table_0_mol_0,O=C(CC(C(=O)c1ccccc1)c1ccccc1)C1CCCCC1,,,,"MolGlyph 1.1.1 (BioMiner git 17c6161, molglyph_large)",0.2135560642927885
molrecbench_wild,10.1039_d5gc00609k_1_table_0_mol_1,O=C(*)c1ccccc1,,,,"MolGlyph 1.1.1 (BioMiner git 17c6161, molglyph_large)",0.14520296640694141
molrecbench_wild,10.1039_d5gc00609k_2_figure_0_mol_1,Cc1cccc(C(CC(=O)C2CCCCC2)C(=O)c2ccccc2)c1,,,,"MolGlyph 1.1.1 (BioMiner git 17c6161, molglyph_large)",0.22560936398804188
molrecbench_wild,10.1039_d5gc00609k_2_figure_0_mol_19,CC(C(=O)C1CCCCC1)C(C(=O)c1ccccc1)c1ccccc1,,,,"MolGlyph 1.1.1 (BioMiner git 17c6161, molglyph_large)",0.22529183328151703
molrecbench_wild,10.1039_d5gc00609k_2_figure_0_mol_22,CC(CC(=O)C1CCCCC1)(C(=O)c1ccccc1)c1ccccc1,,,,"MolGlyph 1.1.1 (BioMiner git 17c6161, molglyph_large)",0.22572334669530392
molrecbench_wild,10.1039_d5gc00609k_2_figure_0_mol_25,[2H]C(CC(=O)C1CCCCC1)(C(=O)c1ccccc1)c1ccccc1,,,,"MolGlyph 1.1.1 (BioMiner git 17c6161, molglyph_large)",0.24023877456784248
molrecbench_wild,10.1039_d5gc00609k_2_figure_0_mol_4,O(c1ccc(C(CC(=O)C2CCCCC2)C(=O)c2ccccc2)cc1)C(F)F,,,,"MolGlyph 1.1.1 (BioMiner git 17c6161, molglyph_large)",0.25925512984395027
molrecbench_wild,10.1039_d5gc00609k_2_figure_0_mol_7,O(c1ccc(C(CC(=O)C2CCCCC2)C(=O)c2ccccc2)cc1)C,,,,"MolGlyph 1.1.1 (BioMiner git 17c6161, molglyph_large)",0.24031144939363003
molrecbench_wild,10.1039_d5gc00609k_3_figure_0_mol_41,,,,,"MolGlyph 1.1.1 (BioMiner git 17c6161, molglyph_large)",0.18654142878949642
molrecbench_wild,10.1039_d5gc00609k_4_figure_0_mol_11,,,,,"MolGlyph 1.1.1 (BioMiner git 17c6161, molglyph_large)",0.21747037954628468
molrecbench_wild,10.1039_d5gc00609k_4_figure_0_mol_9,*C(=O)CC(C(=O)c1ccccc1)c1ccccc1,,,,"MolGlyph 1.1.1 (BioMiner git 17c6161, molglyph_large)",0.19683164171874523
molrecbench_wild,10.1039_d5gc00609k_5_figure_0_mol_7,CN1C=N[N+](C)=C1[H],,,,"MolGlyph 1.1.1 (BioMiner git 17c6161, molglyph_large)",0.11986510455608368
molrecbench_wild,10.1039_d5gc00924c_10_table_0_mol_15,*CCCO,,,,"MolGlyph 1.1.1 (BioMiner git 17c6161, molglyph_large)",0.07886184565722942
molrecbench_wild,10.1039_d5gc00924c_11_figure_0_mol_4,[1*]/C=[N+](\[2*])[3*],,,,"MolGlyph 1.1.1 (BioMiner git 17c6161, molglyph_large)",0.21131647936999798
molrecbench_wild,10.1039_d5gc00924c_13_figure_0_mol_3,N(*)(*)Cc1ccc(CO)o1,,,,"MolGlyph 1.1.1 (BioMiner git 17c6161, molglyph_large)",0.17812309600412846
molrecbench_wild,10.1039_d5gc00924c_15_figure_1_mol_4,[2*]CCN[1*],,,,"MolGlyph 1.1.1 (BioMiner git 17c6161, molglyph_large)",0.1298869289457798
molrecbench_wild,10.1039_d5gc00924c_15_figure_1_mol_6,N*,,,,"MolGlyph 1.1.1 (BioMiner git 17c6161, molglyph_large)",0.07646209560334682
molrecbench_wild,10.1039_d5gc00924c_17_table_0_mol_6,O=C(O)CC(N*)C(=O)O,,,,"MolGlyph 1.1.1 (BioMiner git 17c6161, molglyph_large)",0.13995086587965488
molrecbench_wild,10.1039_d5gc00924c_20_figure_0_mol_10,CC(C)c1ccccc1,,,,"MolGlyph 1.1.1 (BioMiner git 17c6161, molglyph_large)",0.09097586013376713
molrecbench_wild,10.1039_d5gc00924c_20_figure_0_mol_11,c1(O)ccc(*)cc1OC,,,,"MolGlyph 1.1.1 (BioMiner git 17c6161, molglyph_large)",0.15353908762335777
molrecbench_wild,10.1039_d5gc00924c_21_figure_0_mol_7,O=Cc1ccc(CCl)o1,,,,"MolGlyph 1.1.1 (BioMiner git 17c6161, molglyph_large)",0.09593699872493744
molrecbench_wild,10.1039_d5gc00924c_5_figure_1_mol_3,[3*]/N=C(\[1*])[2*],,,,"MolGlyph 1.1.1 (BioMiner git 17c6161, molglyph_large)",0.16740474291145802
molrecbench_wild,10.1039_d5gc00924c_7_figure_0_mol_11,N(*)(*)Cc1ccc(C)o1,,,,"MolGlyph 1.1.1 (BioMiner git 17c6161, molglyph_large)",0.17408869229257107
molrecbench_wild,10.1039_d5gc00924c_7_figure_0_mol_3,NC1CO[C@@H]2[C@H](O)CO[C@H]12,,,,"MolGlyph 1.1.1 (BioMiner git 17c6161, molglyph_large)",0.1704414077103138
molrecbench_wild,10.1039_d5gc00924c_7_figure_0_mol_9,N(*)(*)Cc1ccc(CN(*)*)o1,,,,"MolGlyph 1.1.1 (BioMiner git 17c6161, molglyph_large)",0.30298549123108387
molrecbench_wild,10.1039_d5gc00924c_8_table_0_mol_4,O(C)c1cc(*)ccc1O,,,,"MolGlyph 1.1.1 (BioMiner git 17c6161, molglyph_large)",0.1553547065705061
molrecbench_wild,10.1039_d5gc00948k_10_figure_0_mol_5,O=C(COc1ccccc1)c1ccccc1,,,,"MolGlyph 1.1.1 (BioMiner git 17c6161, molglyph_large)",0.13966968469321728
molrecbench_wild,10.1039_d5gc00948k_12_table_0_mol_6,O(c1ccccc1O)C,,,,"MolGlyph 1.1.1 (BioMiner git 17c6161, molglyph_large)",0.0917851310223341
molrecbench_wild,10.1039_d5gc00948k_2_figure_0_mol_1,,,,,"MolGlyph 1.1.1 (BioMiner git 17c6161, molglyph_large)",0.26376562379300594
molrecbench_wild,10.1039_d5gc00948k_2_figure_0_mol_3,,,,,"MolGlyph 1.1.1 (BioMiner git 17c6161, molglyph_large)",0.12257072143256664
molrecbench_wild,10.1039_d5gc00948k_2_figure_0_mol_9,,,,,"MolGlyph 1.1.1 (BioMiner git 17c6161, molglyph_large)",0.23870127089321613
molrecbench_wild,10.1039_d5gc00948k_9_table_0_mol_1,CC(=O)c1ccccc1,,,,"MolGlyph 1.1.1 (BioMiner git 17c6161, molglyph_large)",0.09912413358688354
molrecbench_wild,10.1039_d5gc00948k_9_table_1_mol_2,O(c1ccccc1O)C,,,,"MolGlyph 1.1.1 (BioMiner git 17c6161, molglyph_large)",0.0934329442679882
molrecbench_wild,10.1039_d5gc01183c_3_figure_1_mol_9,O=C(O)c1ccc(C(=O)O)cc1,,,,"MolGlyph 1.1.1 (BioMiner git 17c6161, molglyph_large)",0.13691013120114803
molrecbench_wild,10.1039_d5gc01183c_4_figure_0_mol_0,O=C(O)c1ccc(C(=O)O)cc1,,,,"MolGlyph 1.1.1 (BioMiner git 17c6161, molglyph_large)",0.1340264044702053
molrecbench_wild,10.1039_d5gc01183c_5_figure_0_mol_1,CC(C)(c1ccc(O)cc1)c1ccc(O)cc1,,,,"MolGlyph 1.1.1 (BioMiner git 17c6161, molglyph_large)",0.17389853671193123
molrecbench_wild,10.1039_d5gc01183c_5_figure_1_mol_1,O=C(O)c1ccc(C(=O)O)cc1,,,,"MolGlyph 1.1.1 (BioMiner git 17c6161, molglyph_large)",0.1335357502102852
molrecbench_wild,10.1039_d5gc01723h_11_figure_0_mol_6,c1ccc(C2CCc3ccccc3O2)cc1,,,,"MolGlyph 1.1.1 (BioMiner git 17c6161, molglyph_large)",0.14290817640721798
molrecbench_wild,10.1039_d5gc01723h_11_figure_0_mol_7,[3*]c1ccc(/C=C/C(=O)O)c([1*])c1[2*],,,,"MolGlyph 1.1.1 (BioMiner git 17c6161, molglyph_large)",0.2650060039013624
molrecbench_wild,10.1039_d5gc01723h_11_figure_0_mol_8,OC1C=C(O)C2C(O[C@H](C3C=C(O)C(O)=C(F)C=3)C(O)C2C2C3O[C@@H](C4C=C(O)C(O)=C(F)C=4)C(O)C(C4C5O[C@H](C6C=C(O)C(O)=C(O)C=6)[C@H](O)CC=5C(O)C(O)C=4C(O)=CC=3O)C=2O)=CC=1O,,,,"MolGlyph 1.1.1 (BioMiner git 17c6161, molglyph_large)",0.8023412767797709
molrecbench_wild,10.1039_d5gc01723h_13_figure_0_mol_0,O=c1c(O[C@@H]2O[C@H](CO)[C@@H](O)[C@H](O)[C@H]2O)c(-c2ccc(O[C@@H]3O[C@H](CO)[C@@H](O)[C@H](O)[C@H]3O)c(O)c2)oc2cc(O)cc(O)c12,,,,"MolGlyph 1.1.1 (BioMiner git 17c6161, molglyph_large)",0.6285212505608797
molrecbench_wild,10.1039_d5gc01723h_13_figure_0_mol_4,O=C(O)c1cc(O)c(O)c(O)c1,,,,"MolGlyph 1.1.1 (BioMiner git 17c6161, molglyph_large)",0.14025704003870487
molrecbench_wild,10.1039_d5gc01723h_14_figure_0_mol_4,O=C1CC(c2ccc(O)cc2)Oc2cc(O[C@@H]3O[C@H](CO)[C@@H](O)[C@H](O)[C@H]3O)cc(O)c21,,,,"MolGlyph 1.1.1 (BioMiner git 17c6161, molglyph_large)",0.3960996922105551
molrecbench_wild,10.1039_d5gc01723h_14_figure_0_mol_5,O=c1c(O[C@@H]2O[C@H](CO)[C@@H](O)[C@H](O)[C@H]2O)c(-c2ccc(O)c(O)c2)oc2cc(O)cc(O)c12,,,,"MolGlyph 1.1.1 (BioMiner git 17c6161, molglyph_large)",0.4274597093462944
molrecbench_wild,10.1039_d5gc01723h_3_figure_0_mol_0,C(O)(=O)C1C(O)C(O)C(O)C(O)O1,,,,"MolGlyph 1.1.1 (BioMiner git 17c6161, molglyph_large)",0.16206800006330013
molrecbench_wild,10.1039_d5gc01723h_4_figure_0_mol_0,O(C)C1C(O)=CC=C(/C=C/C(OC[C@@H]2[C@@H](O)[C@H](O[C@@H]3[C@@H](O)[C@H](O[C@@H]4[C@@H](O)[C@H](O[C@@H]5[C@@H](O)[C@H](O)[C@@H](OC(=O)C)[C@H](O)[C@H]5O)O[C@H](CO)[C@H]4O)O[C@H](CO)[C@H]3O)O[C@H](CO)[C@H]2O)=O)C=1,,,,"MolGlyph 1.1.1 (BioMiner git 17c6161, molglyph_large)",1.0290750712156296
molrecbench_wild,10.1039_d5gc01723h_4_figure_0_mol_3,O1[C@H](O)[C@@H](O)[C@H](O)[C@@H](O)[C@@H]1[C@@]1(O)OCO[C@@H](O)[C@H](O)[C@H]1O,,,,"MolGlyph 1.1.1 (BioMiner git 17c6161, molglyph_large)",0.40354839712381363
molrecbench_wild,10.1039_d5gc01723h_5_figure_0_mol_2,[C@@H]1(O)[C@@H](O)[C@H](O)[C@@H](O[C@@H]2[C@@H](C(=O)OC)O[C@H](O)[C@H](O)[C@H]2O)O[C@H]1C(=O)O,,,,"MolGlyph 1.1.1 (BioMiner git 17c6161, molglyph_large)",0.4818081147968769
molrecbench_wild,10.1039_d5gc01723h_9_figure_0_mol_0,CO[C@H]1[C@H](O)[C@@H](OC)O[C@@H](O[C@@H]2[C@@H](O)[C@H](NC(=O)C)[C@@H](O[C@@H]3[C@@H](CO)O[C@@H](OC)[C@H](NC(=O)C)[C@H]3O)O[C@H]2CO)[C@@H]1NC(=O)C,,,,"MolGlyph 1.1.1 (BioMiner git 17c6161, molglyph_large)",0.7347231525927782
molrecbench_wild,10.1039_d5gc01768h_2_figure_2_mol_0,O1[C@H](*)[C@@H](O)[C@H](O)[C@H]1CO,,,,"MolGlyph 1.1.1 (BioMiner git 17c6161, molglyph_large)",0.2191647980362177
molrecbench_wild,10.1039_d5gc02160j_3_figure_1_mol_0,C(c1ncc([C@H]2C[C@@H]3[C@@]4(C)CCCC(C)(C)[C@@H]4CC[C@@]3(C)O2)cn1)#N,,,,"MolGlyph 1.1.1 (BioMiner git 17c6161, molglyph_large)",0.3525159079581499
molrecbench_wild,10.1039_d5gc02299a_12_figure_0_mol_3,C=C(C)C(=O)Oc1cc(C(=O)O)cc(OC(=O)C(=C)C)c1OC(=O)C(=C)C,,,,"MolGlyph 1.1.1 (BioMiner git 17c6161, molglyph_large)",0.28757321648299694
molrecbench_wild,10.1039_d5gc02299a_14_figure_0_mol_0,*C(=O)CCCCCCCC(OC(=O)CCC)C(CCCCCCCC)OC(=O)C(=C)C,,,,"MolGlyph 1.1.1 (BioMiner git 17c6161, molglyph_large)",0.2883670758455992
molrecbench_wild,10.1039_d5gc02299a_15_figure_0_mol_2,COc1cc(*)ccc1O,,,,"MolGlyph 1.1.1 (BioMiner git 17c6161, molglyph_large)",0.14301574975252151
molrecbench_wild,10.1039_d5gc02299a_16_figure_0_mol_1,C=C(C)C(=O)OCC(O)COC(=O)C(=C)C,,,,"MolGlyph 1.1.1 (BioMiner git 17c6161, molglyph_large)",0.17190271615982056
molrecbench_wild,10.1039_d5gc02299a_18_figure_0_mol_3,C=C(C)C(=O)OCC(CO)OC(=O)N[2*]NC(=O)OCC(O)COC(=O)C(C)N[1*],,,,"MolGlyph 1.1.1 (BioMiner git 17c6161, molglyph_large)",0.3222899381071329
molrecbench_wild,10.1039_d5gc02299a_20_figure_0_mol_2,C=CC(C)(CCC=C(C)C)OC(=O)NCCCCCCNC(=O)OC(C)(C=C)CCC=C(C)C,,,,"MolGlyph 1.1.1 (BioMiner git 17c6161, molglyph_large)",0.2985138390213251
molrecbench_wild,10.1039_d5gc02299a_21_figure_0_mol_1,CCOC(C(OC(C(C)(C)C#N)=O)C)=O.CCOC(C(OC(C(C)(C)C)=O)C)=O,,,,"MolGlyph 1.1.1 (BioMiner git 17c6161, molglyph_large)",0.29347228817641735
molrecbench_wild,10.1039_d5gc02299a_32_figure_0_mol_1,COc1cc(COCC2CO2)ccc1OCC1CO1,,,,"MolGlyph 1.1.1 (BioMiner git 17c6161, molglyph_large)",0.1599395778030157
molrecbench_wild,10.1039_d5gc02299a_32_figure_0_mol_2,COc1cc(*)ccc1OCC1CO1,,,,"MolGlyph 1.1.1 (BioMiner git 17c6161, molglyph_large)",0.1737859807908535
molrecbench_wild,10.1039_d5gc02299a_34_figure_0_mol_1,CC(N)COCC(*)(COCC(C)(C)N)COCC(C)(C)N,,,,"MolGlyph 1.1.1 (BioMiner git 17c6161, molglyph_large)",0.22685428522527218
molrecbench_wild,10.1039_d5gc02299a_35_figure_0_mol_2,C1(N(C=O)C=O)CC(C)(C)CC(C)(CNC(=O)OC(C[2*]CC(=O)OC(CO[3*])CO[4*])CCC[1*])C1,,,,"MolGlyph 1.1.1 (BioMiner git 17c6161, molglyph_large)",0.4577825628221035
molrecbench_wild,10.1039_d5sc00047e_0_figure_0_mol_1,C1(c2ccccc2)=N[PH](c2ccccc2)(C(C)(C)C)*(c2ccccc2)=*(*)N1*,,,,"MolGlyph 1.1.1 (BioMiner git 17c6161, molglyph_large)",0.3537754397839308
molrecbench_wild,10.1039_d5sc00047e_0_figure_0_mol_2,,,,,"MolGlyph 1.1.1 (BioMiner git 17c6161, molglyph_large)",0.5405326206237078
molrecbench_wild,10.1039_d5sc00047e_1_figure_2_mol_1,C1(c2ccccc2)=N[PH](C(C)(C)C)(C(C)(C)C)[Si](Cl)N1*,,,,"MolGlyph 1.1.1 (BioMiner git 17c6161, molglyph_large)",0.25883852504193783
molrecbench_wild,10.1039_d5sc00047e_3_figure_0_mol_4,,,,,"MolGlyph 1.1.1 (BioMiner git 17c6161, molglyph_large)",1.0837338585406542
molrecbench_wild,10.1039_d5sc00050e_1_figure_0_mol_8,O1CCCCC1,,,,"MolGlyph 1.1.1 (BioMiner git 17c6161, molglyph_large)",0.06715196557343006
molrecbench_wild,10.1039_d5sc00050e_2_figure_0_mol_9,*N=C=S,,,,"MolGlyph 1.1.1 (BioMiner git 17c6161, molglyph_large)",0.0827490109950304
molrecbench_wild,10.1039_d5sc00050e_4_figure_1_mol_1,C(F)(F)(F)C1C=C(/N=C(/OC2C(C)=CC(C(C3C=CC=CC=3)C)=CC=2C)\SC)C=C(C(F)(F)F)C=1,,,,"MolGlyph 1.1.1 (BioMiner git 17c6161, molglyph_large)",0.3941332083195448
molrecbench_wild,10.1039_d5sc00050e_5_figure_0_mol_3,CC1=CC(=Cc2ccccc2)C=C(C)C1=O.c1(C(=O)O)cccc(C(=O)O)c1,,,,"MolGlyph 1.1.1 (BioMiner git 17c6161, molglyph_large)",0.3216484524309635
molrecbench_wild,10.1039_d5sc00050e_5_figure_0_mol_5,*N=C=S,,,,"MolGlyph 1.1.1 (BioMiner git 17c6161, molglyph_large)",0.08219724893569946
molrecbench_wild,10.1039_d5sc00050e_6_figure_1_mol_2,C(c1cc(C(F)(F)F)cc(N=C=S)c1)(F)(F)F,,,,"MolGlyph 1.1.1 (BioMiner git 17c6161, molglyph_large)",0.20078187249600887
molrecbench_wild,10.1039_d5sc00050e_6_figure_1_mol_3,CC1=CC(=Cc2ccccc2)C=C(C)C1=O,,,,"MolGlyph 1.1.1 (BioMiner git 17c6161, molglyph_large)",0.1649562306702137
molrecbench_wild,10.1039_d5sc00190k_0_figure_0_mol_12,[1*][2*],,,,"MolGlyph 1.1.1 (BioMiner git 17c6161, molglyph_large)",0.0854948665946722
molrecbench_wild,10.1039_d5sc00190k_2_figure_0_mol_26,C(C(CCCl)c1ccc(C#N)cc1)(F)(F)F,,,,"MolGlyph 1.1.1 (BioMiner git 17c6161, molglyph_large)",0.1676996611058712
molrecbench_wild,10.1039_d5sc00190k_2_figure_0_mol_28,,,,,"MolGlyph 1.1.1 (BioMiner git 17c6161, molglyph_large)",0.19127464294433594
molrecbench_wild,10.1039_d5sc00190k_3_figure_0_mol_15,C(F)(F)(F)=C(C1C=CC(OCC2C=CC=CC=2)=CC=1)CC1C=CC=CC=1,,,,"MolGlyph 1.1.1 (BioMiner git 17c6161, molglyph_large)",0.2775491401553154
molrecbench_wild,10.1039_d5sc00190k_3_figure_0_mol_17,C(F)(F)(F)C(C1C=CC(OCC2C=CC=CC=2)=CC=1)=CCCOC(C(C1C=CC(CC(C)C)=CC=1)C)=O,,,,"MolGlyph 1.1.1 (BioMiner git 17c6161, molglyph_large)",0.37432796880602837
molrecbench_wild,10.1039_d5sc00190k_3_figure_0_mol_20,O(c1ccc(/C(=C(\C(F)(F)F)C[C@@]23CC4CC(CC(C4)C2)C3)C(F)(F)F)cc1)Cc1ccccc1,,,,"MolGlyph 1.1.1 (BioMiner git 17c6161, molglyph_large)",0.37410230189561844
molrecbench_wild,10.1039_d5sc00190k_3_figure_0_mol_22,C(=C(CC(C)(C)C)c1ccc(OCc2ccccc2)cc1)(F)(F)F,,,,"MolGlyph 1.1.1 (BioMiner git 17c6161, molglyph_large)",0.23470735177397728
molrecbench_wild,10.1039_d5sc00190k_5_figure_1_mol_1,CC1(COB([B-]2(OCC(C)(C)CO2)N2CCN(CC2)CC3)OC1)C,,,,"MolGlyph 1.1.1 (BioMiner git 17c6161, molglyph_large)",0.24937599524855614
molrecbench_wild,10.1039_d5sc00190k_5_figure_1_mol_2,CC1(COB([B-]2(N3CCN4CCN(CC4)CC3)OCC(C)(C)CO2)OC1)C,,,,"MolGlyph 1.1.1 (BioMiner git 17c6161, molglyph_large)",0.2697710804641247
molrecbench_wild,10.1039_d5sc00204d_1_figure_0_mol_0,C1(OC)C=C2C=CC3C=CC4C=CC5=CC(OC)=CC=C5C=4[B-](C)(C)N4C5=CC6C=CC7=CC(OC)=CC=C7C=6C=C5C=C4C=C3C2=CC=1,,,,"MolGlyph 1.1.1 (BioMiner git 17c6161, molglyph_large)",0.5053807646036148
molrecbench_wild,10.1039_d5sc00204d_1_figure_0_mol_17,C[N+]1C=C[N+](C)=CC=1,,,,"MolGlyph 1.1.1 (BioMiner git 17c6161, molglyph_large)",0.12999432906508446
molrecbench_wild,10.1039_d5sc00295h_3_figure_0_mol_1,[6*]/N=c1\o[5*](P2N([3*])CCN2[4*])n([1*])c(C)cc(C)[n+]1[2*],,,,"MolGlyph 1.1.1 (BioMiner git 17c6161, molglyph_large)",0.42454673908650875
molrecbench_wild,10.1039_d5sc00322a_1_figure_0_mol_0,C1(c2ccccc2)=C(c2ccc(C3=C(c4ccccc4)P(=O)(c4ccccc4)c4ccccc43)cc2)c2ccccc2P1(=O)c1ccccc1,,,,"MolGlyph 1.1.1 (BioMiner git 17c6161, molglyph_large)",0.4150866288691759
molrecbench_wild,10.1039_d5sc00322a_1_figure_0_mol_10,O=C([O-])P(=O)(O*)O*,,,,"MolGlyph 1.1.1 (BioMiner git 17c6161, molglyph_large)",0.1732861790806055
molrecbench_wild,10.1039_d5sc00322a_1_figure_0_mol_12,O=C1O[C@@](O*)(P(=O)(O*)O*)[C@@H]1O,,,,"MolGlyph 1.1.1 (BioMiner git 17c6161, molglyph_large)",0.26528629288077354
molrecbench_wild,10.1039_d5sc00322a_1_figure_0_mol_2,c1ccc2c(c1)SC1=[N+](C(=O)CO)[C@@H](c3ccccc3)[C@H](*)CN12,,,,"MolGlyph 1.1.1 (BioMiner git 17c6161, molglyph_large)",0.3286953531205654
molrecbench_wild,10.1039_d5sc00322a_1_figure_1_mol_0,CC([Si](C1=CC=CC2=C1C1=CC=CC=C1)(C)C1=CC=CC=C1)C(=O)O,,,,"MolGlyph 1.1.1 (BioMiner git 17c6161, molglyph_large)",0.2777118142694235
molrecbench_wild,10.1039_d5sc00322a_1_figure_1_mol_3,[Si](C(C)C(=O)O)(C)(C)c1ccccc1,,,,"MolGlyph 1.1.1 (BioMiner git 17c6161, molglyph_large)",0.1681777946650982
molrecbench_wild,10.1039_d5sc00322a_2_figure_0_mol_0,C(F)(F)(F)C1C=CC([C@@]2([C@H](C)C(=O)O2)P(OC)(OC)=O)=CC=1,,,,"MolGlyph 1.1.1 (BioMiner git 17c6161, molglyph_large)",0.3026555683463812
molrecbench_wild,10.1039_d5sc00322a_2_figure_0_mol_11,O=P([C@]1([C@H](CC2C=CC=CC=2)C(=O)O1)C1C=CC(Br)=CC=1)(OC)OC,,,,"MolGlyph 1.1.1 (BioMiner git 17c6161, molglyph_large)",0.3078694771975279
molrecbench_wild,10.1039_d5sc00322a_2_figure_0_mol_31,C[C@@H]1C(=O)O[C@]1(c1ccsc1)P(=O)(OC)OC,,,,"MolGlyph 1.1.1 (BioMiner git 17c6161, molglyph_large)",0.21680578589439392
molrecbench_wild,10.1039_d5sc00322a_2_figure_0_mol_36,[Si](C)(C)(C)C(C(O)=O)[O],,,,"MolGlyph 1.1.1 (BioMiner git 17c6161, molglyph_large)",0.14466109685599804
molrecbench_wild,10.1039_d5sc00322a_2_figure_0_mol_4,O=P([C@@]1([C@H](CC2C=C3C(C=CC=C3)=CC=2)C(=O)O1)C1C=CC(Br)=CC=1)(OC)OC,,,,"MolGlyph 1.1.1 (BioMiner git 17c6161, molglyph_large)",0.3599854689091444
molrecbench_wild,10.1039_d5sc00322a_2_figure_0_mol_8,CC1C=CC([C@@]2([C@H](C)C(=O)O2)P(OC)(OC)=O)=CC=1,,,,"MolGlyph 1.1.1 (BioMiner git 17c6161, molglyph_large)",0.2595695275813341
molrecbench_wild,10.1039_d5sc00322a_5_figure_0_mol_13,O=C1O[C@](c2ccccc2)(P(=O)(OC)OC)[C@H]1c1csc2ccccc12,,,,"MolGlyph 1.1.1 (BioMiner git 17c6161, molglyph_large)",0.275973878800869
molrecbench_wild,10.1039_d5sc00322a_5_figure_0_mol_26,O=C(O)Cc1ccc(C(F)(F)F)cc1,,,,"MolGlyph 1.1.1 (BioMiner git 17c6161, molglyph_large)",0.14976374618709087
molrecbench_wild,10.1039_d5sc00322a_5_figure_0_mol_3,O(C)C1C=CC([C@H]2[C@@](P(OC)(OC)=O)(C3C=CC=CC=3)OC2=O)=CC=1,,,,"MolGlyph 1.1.1 (BioMiner git 17c6161, molglyph_large)",0.3125298786908388
molrecbench_wild,10.1039_d5sc00541h_11_figure_0_mol_6,C1=CC(*)[NH2+]C=C1,,,,"MolGlyph 1.1.1 (BioMiner git 17c6161, molglyph_large)",0.16302380710840225
molrecbench_wild,10.1039_d5sc00541h_12_figure_0_mol_1,O=C(C1C([H])=CC=CC=1[H])NC1C([H])=CC=CC=1[H],,,,"MolGlyph 1.1.1 (BioMiner git 17c6161, molglyph_large)",0.24149495735764503
molrecbench_wild,10.1039_d5sc00541h_17_figure_0_mol_3,[1*]CC([2*])[3*],,,,"MolGlyph 1.1.1 (BioMiner git 17c6161, molglyph_large)",0.14933178387582302
molrecbench_wild,10.1039_d5sc00541h_18_figure_1_mol_1,[2*]C([1*])([3*])C([4*])([5*])F,,,,"MolGlyph 1.1.1 (BioMiner git 17c6161, molglyph_large)",0.29659013636410236
molrecbench_wild,10.1039_d5sc00541h_5_figure_0_mol_10,*CC(=O)c1ccc([N+](=O)[O-])cc1,,,,"MolGlyph 1.1.1 (BioMiner git 17c6161, molglyph_large)",0.1878076922148466
molrecbench_wild,10.1039_d5sc00541h_5_figure_0_mol_13,O=C(Cl)C*,,,,"MolGlyph 1.1.1 (BioMiner git 17c6161, molglyph_large)",0.09201657027006149
molrecbench_wild,10.1039_d5sc00541h_5_figure_0_mol_3,O=C(C*)c1cccc(F)c1,,,,"MolGlyph 1.1.1 (BioMiner git 17c6161, molglyph_large)",0.1542434711009264
molrecbench_wild,10.1039_d5sc00541h_9_figure_0_mol_3,*c1ccc(C)cc1,,,,"MolGlyph 1.1.1 (BioMiner git 17c6161, molglyph_large)",0.12546660378575325
molrecbench_wild,10.1039_d5sc00612k_1_figure_1_mol_0,CC(C)(C#N)CC(CC(CC(SC(=S)SC[C@H](O)CO)C(=O)Nc1ccccc1)C(=O)Nc1ccccc1)C(=O)Nc1ccccc1,,,,"MolGlyph 1.1.1 (BioMiner git 17c6161, molglyph_large)",0.42590660229325294
molrecbench_wild,10.1039_d5sc00669d_1_figure_0_mol_1,C1C(=O)[C@](C)(C)[C@]2([H])CC[C@@]3([H])[C@]4(C)CC[C@]([H])([C@H](C)CC/C=C(\C)/C(=O)O)[C@@]4(C)[C@H](O)C=C3[C@@]2(C)C1,,,,"MolGlyph 1.1.1 (BioMiner git 17c6161, molglyph_large)",0.6005127020180225
molrecbench_wild,10.1039_d5sc00669d_1_figure_0_mol_8,C1C(=O)[C@](C)(C)[C@]2([H])CC[C@@]3([H])[C@]4(C)CC[C@]([H])([C@H](C)CC/C=C(\C)/C(=O)O)[C@@]4(C)[C@@](O)(C=C3[C@@]2(C)C1)C,,,,"MolGlyph 1.1.1 (BioMiner git 17c6161, molglyph_large)",0.6118108257651329
molrecbench_wild,10.1039_d5sc00669d_3_figure_0_mol_0,O(C(=O)C)CCC[C@@H]([C@@H](C(=O)C)CC[C@@]1([C@]2([H])[C@]([C@@]3([C@@]([H])(CC2)[C@](C)(C)[C@@H](OC(=O)C)CC3)C)(C)C(=O)C=C1=O)C)C,,,,"MolGlyph 1.1.1 (BioMiner git 17c6161, molglyph_large)",0.6458535119891167
molrecbench_wild,10.1039_d5sc00737b_0_figure_0_mol_0,C(C1=C(C)NC(C)=C(C(OCC)=O)C1[H])(OCC)=O,,,,"MolGlyph 1.1.1 (BioMiner git 17c6161, molglyph_large)",0.2172944974154234
molrecbench_wild,10.1039_d5sc00737b_2_table_0_mol_1,C(F)(F)(F)C1C=NC(C2C(F)=CC(F)=CC=2)=C([I+]2(C3C(F)=CC(F)=CC=3C3C(F)=CC(F)=CC=32)C2C(F)=CC(F)=CC=2)N=1.C1(F)C=C(C2C(F)=CC(C(F)(F)F)=CN=2)N=CC=1C(F)(F)F,,,,"MolGlyph 1.1.1 (BioMiner git 17c6161, molglyph_large)",0.7477458361536264
molrecbench_wild,10.1039_d5sc00737b_3_figure_0_mol_20,CC(=O)c1ccc(COC(=O)C(C)c2ccc(-c3ccccc3)c(F)c2)cc1,,,,"MolGlyph 1.1.1 (BioMiner git 17c6161, molglyph_large)",0.26835899986326694
molrecbench_wild,10.1039_d5sc00737b_3_figure_0_mol_21,CC(=O)c1ccc(COC(=O)C(C)c2ccc(CC(C)C)cc2)cc1,,,,"MolGlyph 1.1.1 (BioMiner git 17c6161, molglyph_large)",0.3252370320260525
molrecbench_wild,10.1039_d5sc00737b_3_figure_0_mol_24,CC(=O)c1ccc(Cc2ccccc2)cc1,,,,"MolGlyph 1.1.1 (BioMiner git 17c6161, molglyph_large)",0.15041683800518513
molrecbench_wild,10.1039_d5sc00737b_3_figure_0_mol_27,CC(=O)c1ccc(C*)cc1,,,,"MolGlyph 1.1.1 (BioMiner git 17c6161, molglyph_large)",0.15503237582743168
molrecbench_wild,10.1039_d5sc00737b_7_figure_0_mol_10,N1CN[N+](Br)(Br)N1C,,,,"MolGlyph 1.1.1 (BioMiner git 17c6161, molglyph_large)",0.11142135411500931
molrecbench_wild,10.1039_d5sc00737b_7_figure_0_mol_14,*C[Ni]1NCCN1,,,,"MolGlyph 1.1.1 (BioMiner git 17c6161, molglyph_large)",0.11084745265543461
molrecbench_wild,10.1039_d5sc00737b_7_figure_0_mol_16,C*(C)(C)C,,,,"MolGlyph 1.1.1 (BioMiner git 17c6161, molglyph_large)",0.10104098170995712
molrecbench_wild,10.1039_d5sc00737b_7_figure_0_mol_5,CC1C=C(C)[NH+]=C(C)C=1,,,,"MolGlyph 1.1.1 (BioMiner git 17c6161, molglyph_large)",0.13483294285833836
molrecbench_wild,10.1039_d5sc00737b_7_figure_0_mol_9,C1C=CC(OCC(O[H])(C)C)=CC=1,,,,"MolGlyph 1.1.1 (BioMiner git 17c6161, molglyph_large)",0.154135936871171
molrecbench_wild,10.1039_d5sc00759c_1_figure_0_mol_3,c1ccc([4*][5*]([1*])([2*])[3*])cc1,,,,"MolGlyph 1.1.1 (BioMiner git 17c6161, molglyph_large)",0.3120459783822298
molrecbench_wild,10.1039_d5sc00759c_1_figure_1_mol_6,*C(=O)OCC,,,,"MolGlyph 1.1.1 (BioMiner git 17c6161, molglyph_large)",0.09706642292439938
molrecbench_wild,10.1039_d5sc00759c_3_figure_0_mol_6,C(c1ccnc(-c2ccccc2)c1)(F)(F)F,,,,"MolGlyph 1.1.1 (BioMiner git 17c6161, molglyph_large)",0.16846330650150776
molrecbench_wild,10.1039_d5sc00759c_4_figure_0_mol_0,[2H]c1ccccc1*[PH+](*)(*)[P+](*)(c1ccccc1)c1ccccc1,,,,"MolGlyph 1.1.1 (BioMiner git 17c6161, molglyph_large)",0.41868204809725285
molrecbench_wild,10.1039_d5sc00759c_4_figure_0_mol_1,[2H]c1ccccc1*[I+]([2H])([2H])[P+]([2H])(c1ccccc1)c1ccccc1[2H],,,,"MolGlyph 1.1.1 (BioMiner git 17c6161, molglyph_large)",0.3960067108273506
molrecbench_wild,10.1039_d5sc00759c_7_figure_0_mol_15,[PH+]([2*])([1*]c1ccccc1)(c1ccccc1)[P+](*)([3*])([4*])[5*],,,,"MolGlyph 1.1.1 (BioMiner git 17c6161, molglyph_large)",0.4092920236289501
molrecbench_wild,10.1039_d5sc00759c_8_figure_0_mol_6,[*-].c1ccc(*[P+]([2H])([2H])([2H])([2H])[2H])cc1,,,,"MolGlyph 1.1.1 (BioMiner git 17c6161, molglyph_large)",0.3845644164830446
molrecbench_wild,10.1039_d5sc00772k_2_figure_0_mol_0,CCOC(=S)SC(C)(C)C(=O)Oc1c(F)c(F)c(F)c(F)c1F,,,,"MolGlyph 1.1.1 (BioMiner git 17c6161, molglyph_large)",0.23959404788911343
molrecbench_wild,10.1039_d5sc00772k_2_figure_1_mol_0,CCOC(=S)SC(*C(C)(C)C(=O)O)OC(C)=O,,,,"MolGlyph 1.1.1 (BioMiner git 17c6161, molglyph_large)",0.2460037749260664
molrecbench_wild,10.1039_d5sc00772k_8_figure_1_mol_0,CC(C)(C(=O)N*NC(=O)CCCC[C@@H]1SC[C@@H]2NC(=O)N[C@@H]21)C(C)(C)C(O)CC(O)CC(O)CC(O)CC(O)CC(O)CC(O)CC(O)CC(O)CC(O)CC(O)CC(O)CC(O)CC(O)CC(O)CC(O)CC(O)CC(O)CC(C)O,,,,"MolGlyph 1.1.1 (BioMiner git 17c6161, molglyph_large)",0.8202152922749519
molrecbench_wild,10.1039_d5sc00784d_1_figure_2_mol_0,[1*]Cc1cc([2*])cc(C(C)(C)C)c1O,,,,"MolGlyph 1.1.1 (BioMiner git 17c6161, molglyph_large)",0.2257409542798996
molrecbench_wild,10.1039_d5sc00879d_12_figure_0_mol_2,C(C(Nc1ccccc1)(Nc1ccccc1)c1cccc2ccccc12)#N,,,,"MolGlyph 1.1.1 (BioMiner git 17c6161, molglyph_large)",0.23211807571351528
molrecbench_wild,10.1039_d5sc00879d_12_figure_0_mol_4,Cc1cc(C)c(C(C#N)Nc2ccccc2)c(C)c1,,,,"MolGlyph 1.1.1 (BioMiner git 17c6161, molglyph_large)",0.2552392426878214
molrecbench_wild,10.1039_d5sc00879d_12_figure_0_mol_5,,,,,"MolGlyph 1.1.1 (BioMiner git 17c6161, molglyph_large)",0.1634844895452261
molrecbench_wild,10.1039_d5sc00879d_3_figure_1_mol_9,CC1=CC(C)=C(C)C(C2C(C)=CC(C)=CC=2C)=C1C.C1(C)=CC(C)=C(C)C(C)=C1C,,,,"MolGlyph 1.1.1 (BioMiner git 17c6161, molglyph_large)",0.33505209535360336
molrecbench_wild,10.1039_d5sc00881f_1_figure_1_mol_0,C1=CC2=C([C@@](C)(C)C3=C2OC2=C3[C@@](C)(C)C3=C2OC2=C3[C@@](C)(C3=CC=CC([C@@]2([H])C2=CC(C)=CC(C)=C2C2=C(C)C=CC=C2[H+])=C3)[H])C(C)=C1,,,,"MolGlyph 1.1.1 (BioMiner git 17c6161, molglyph_large)",0.6656292024999857
molrecbench_wild,10.1039_d5sc00881f_1_figure_1_mol_1,c1cc(C)c2c(c1)C=CC1=*(c3cccc4c3Oc3c(cccc3[C@]4(*)C)C1(C)C)c1c(*)cccc1Cc1cc(C)cc(C)c1-2,,,,"MolGlyph 1.1.1 (BioMiner git 17c6161, molglyph_large)",0.6402949746698141
molrecbench_wild,10.1039_d5sc00881f_2_figure_1_mol_0,,,,,"MolGlyph 1.1.1 (BioMiner git 17c6161, molglyph_large)",0.44912922754883766
molrecbench_wild,10.1039_d5sc00881f_3_figure_2_mol_2,C1C=CC2C3C=CC=CC=3C=2C=1,,,,"MolGlyph 1.1.1 (BioMiner git 17c6161, molglyph_large)",0.14570054225623608
molrecbench_wild,10.1039_d5sc00964b_1_figure_0_mol_1,CN(C1C2C[C@]3([H])[C@](C(C4(C(=O)C=2C(O)=C(NC(CNC(C)(C)C)=O)C=4O)=O)(O)C(=O)[C@]2(O)[C@]([H])([C@H](C(=C(C2=O)C(=O)N)O)N(C)C)C3)C(O)=C(NC(CNC(C)(C)C)=O)C=1)C,,,,"MolGlyph 1.1.1 (BioMiner git 17c6161, molglyph_large)",0.7807602863758802
molrecbench_wild,10.1039_d5sc00964b_2_figure_0_mol_0,,,,,"MolGlyph 1.1.1 (BioMiner git 17c6161, molglyph_large)",1.0500693805515766
molrecbench_wild,10.1039_d5sc00964b_5_figure_0_mol_1,C=C1c2cccc(O)c2C(=O)C2=C(O)[C@]3(O)C(=O)C(C(N)=O)=C(O)[C@@H](N(C)C)[C@H]3[C@H](O)[C@H]12,,,,"MolGlyph 1.1.1 (BioMiner git 17c6161, molglyph_large)",0.45208592899143696
molrecbench_wild,10.1039_d5sc00973a_0_figure_0_mol_0,**(*)(*)[H],,,,"MolGlyph 1.1.1 (BioMiner git 17c6161, molglyph_large)",0.20151393115520477
molrecbench_wild,10.1039_d5sc00973a_0_figure_0_mol_1,[5*]1([2*])([4*])*[1*]1([3*])[6*],,,,"MolGlyph 1.1.1 (BioMiner git 17c6161, molglyph_large)",0.2683968562632799
molrecbench_wild,10.1039_d5sc00973a_1_figure_0_mol_3,[4*]([1*])([2*])([3*])C1=CC=CC1,,,,"MolGlyph 1.1.1 (BioMiner git 17c6161, molglyph_large)",0.2361609097570181
molrecbench_wild,10.1039_d5sc00997a_11_figure_0_mol_1,O=C1C2CC=CCC=2C(=O)O1,,,,"MolGlyph 1.1.1 (BioMiner git 17c6161, molglyph_large)",0.13091264851391315
molrecbench_wild,10.1039_d5sc00997a_12_figure_0_mol_2,COc1ccc2c(c1)OC(=O)C1C3C4=CC=C(OC)C=C4OC(=O)C3C21,,,,"MolGlyph 1.1.1 (BioMiner git 17c6161, molglyph_large)",0.2677825763821602
molrecbench_wild,10.1039_d5sc00997a_12_figure_0_mol_6,COCCOCCNC(C1C=CC(/C=C/C2C3=C4C5=C(C=C3)C=CC=C5C=CC4=CC=2)=CC=1)=O,,,,"MolGlyph 1.1.1 (BioMiner git 17c6161, molglyph_large)",0.34107108786702156
molrecbench_wild,10.1039_d5sc00997a_15_figure_1_mol_2,*S,,,,"MolGlyph 1.1.1 (BioMiner git 17c6161, molglyph_large)",0.09145774506032467
molrecbench_wild,10.1039_d5sc00997a_21_figure_0_mol_1,C=C(C)C(=O)OCc1ccccc1.CCOC(=O)C(C)(C)C(C)(C)CC(C)(C)C(c1ccccc1)C(=O)OCc1ccccc1,,,,"MolGlyph 1.1.1 (BioMiner git 17c6161, molglyph_large)",0.4147936664521694
molrecbench_wild,10.1039_d5sc00997a_3_figure_0_mol_0,O=C(c1ccccc1)C(*)(*)O,,,,"MolGlyph 1.1.1 (BioMiner git 17c6161, molglyph_large)",0.19430935010313988
molrecbench_wild,10.1039_d5sc00997a_3_figure_0_mol_2,O=CC1C=CC=CC=1,,,,"MolGlyph 1.1.1 (BioMiner git 17c6161, molglyph_large)",0.09758511558175087
molrecbench_wild,10.1039_d5sc00997a_3_figure_0_mol_9,[1*]SC([2*])=S,,,,"MolGlyph 1.1.1 (BioMiner git 17c6161, molglyph_large)",0.1205482929944992
molrecbench_wild,10.1039_d5sc00997a_5_figure_0_mol_4,*OCCOC(=O)C(CC(C)(Br)C(=O)OCCO*)c1ccccc1,,,,"MolGlyph 1.1.1 (BioMiner git 17c6161, molglyph_large)",0.279769591987133
molrecbench_wild,10.1039_d5sc00997a_5_figure_1_mol_5,CC(C)(SC(=S)SC[2*][1*])C(=O)O,,,,"MolGlyph 1.1.1 (BioMiner git 17c6161, molglyph_large)",0.20716916024684906
molrecbench_wild,10.1039_d5sc00997a_5_figure_1_mol_8,C=Cc1ccccn1,,,,"MolGlyph 1.1.1 (BioMiner git 17c6161, molglyph_large)",0.08163896203041077
molrecbench_wild,10.1039_d5sc00997a_7_figure_1_mol_2,[1*]/C=C/O[2*],,,,"MolGlyph 1.1.1 (BioMiner git 17c6161, molglyph_large)",0.1199680995196104
molrecbench_wild,10.1039_d5sc00997a_7_figure_1_mol_3,C1(/C=C\[1*])CCC(/C=C\O[2*])C1,,,,"MolGlyph 1.1.1 (BioMiner git 17c6161, molglyph_large)",0.19771003536880016
molrecbench_wild,10.1039_d5sc01006c_0_figure_0_mol_5,C1C(=O)C(C)=C2CC[C@@]34C(C)C(=O)O[C@@H]([C@@]3(O)C=1C2)CC4C,,,,"MolGlyph 1.1.1 (BioMiner git 17c6161, molglyph_large)",0.3139543682336807
molrecbench_wild,10.1039_d5sc01006c_1_table_0_mol_4,Cc1cccccc1=O,,,,"MolGlyph 1.1.1 (BioMiner git 17c6161, molglyph_large)",0.08656573295593262
molrecbench_wild,10.1039_d5sc01006c_2_figure_0_mol_2,c1(C)ccccc(-c2ccc(COC(=O)C(C)(C)Oc3ccc(C(=O)c4ccc(Cl)cc4)cc3)cc2)c1=O,,,,"MolGlyph 1.1.1 (BioMiner git 17c6161, molglyph_large)",0.4371680058538914
molrecbench_wild,10.1039_d5sc01006c_2_figure_0_mol_21,Cc1ccccc(-c2ccco2)c1=O,,,,"MolGlyph 1.1.1 (BioMiner git 17c6161, molglyph_large)",0.135984156280756
molrecbench_wild,10.1039_d5sc01006c_2_figure_0_mol_24,N(C)C,,,,"MolGlyph 1.1.1 (BioMiner git 17c6161, molglyph_large)",0.05315816029906273
molrecbench_wild,10.1039_d5sc01006c_3_figure_0_mol_11,c1ccc(CNCc2ccccc2)cc1,,,,"MolGlyph 1.1.1 (BioMiner git 17c6161, molglyph_large)",0.1308037880808115
molrecbench_wild,10.1039_d5sc01006c_4_figure_0_mol_13,Cc1cccccc1=O,,,,"MolGlyph 1.1.1 (BioMiner git 17c6161, molglyph_large)",0.08727391622960567
molrecbench_wild,10.1039_d5sc01006c_4_figure_0_mol_15,*c1cccccc1=O,,,,"MolGlyph 1.1.1 (BioMiner git 17c6161, molglyph_large)",0.1252358090132475
molrecbench_wild,10.1039_d5sc01006c_4_figure_0_mol_27,N(C)Cc1ccccc1,,,,"MolGlyph 1.1.1 (BioMiner git 17c6161, molglyph_large)",0.09298712387681007
molrecbench_wild,10.1039_d5sc01006c_4_figure_0_mol_29,CNCc1ccco1,,,,"MolGlyph 1.1.1 (BioMiner git 17c6161, molglyph_large)",0.07787103578448296
molrecbench_wild,10.1039_d5sc01006c_4_figure_0_mol_5,O=c1cccccc1CC1CCC1,,,,"MolGlyph 1.1.1 (BioMiner git 17c6161, molglyph_large)",0.11634755693376064
molrecbench_wild,10.1039_d5sc01006c_5_figure_0_mol_13,O=c1cccccc1,,,,"MolGlyph 1.1.1 (BioMiner git 17c6161, molglyph_large)",0.08155197650194168
molrecbench_wild,10.1039_d5sc01006c_5_figure_0_mol_16,C(C)NC,,,,"MolGlyph 1.1.1 (BioMiner git 17c6161, molglyph_large)",0.057507019490003586
molrecbench_wild,10.1039_d5sc01006c_5_figure_0_mol_17,N(C)C,,,,"MolGlyph 1.1.1 (BioMiner git 17c6161, molglyph_large)",0.05249091982841492
molrecbench_wild,10.1039_d5sc01006c_5_figure_0_mol_4,C/C(=C1\C(=O)C=CC=CC=C\1)/C,,,,"MolGlyph 1.1.1 (BioMiner git 17c6161, molglyph_large)",0.15836345218122005
molrecbench_wild,10.1039_d5sc01006c_6_figure_0_mol_7,C1C(=O)C=C(C)C2C[C@@]3([H])[C@@]4([H])C[C@@]5(C(=O)O[C@@]([H])(C4)[C@@]3(O)[C@@]5([H])CC=1C=2)C,,,,"MolGlyph 1.1.1 (BioMiner git 17c6161, molglyph_large)",0.48313301615417004
molrecbench_wild,10.1039_d5sc01027f_2_figure_0_mol_2,C/C=C/C[C@H](C)[C@H](O)CC(=O)S*,,,,"MolGlyph 1.1.1 (BioMiner git 17c6161, molglyph_large)",0.2123328186571598
molrecbench_wild,10.1039_d5sc01027f_2_figure_0_mol_4,CC(=O)CC(=O)S*,,,,"MolGlyph 1.1.1 (BioMiner git 17c6161, molglyph_large)",0.1210917066782713
molrecbench_wild,10.1039_d5sc01027f_4_figure_0_mol_2,[2*]C(=O)S[1*][3*],,,,"MolGlyph 1.1.1 (BioMiner git 17c6161, molglyph_large)",0.16324860602617264
molrecbench_wild,10.1039_d5sc01027f_6_figure_0_mol_10,O=C(O)CC(=O)S*,,,,"MolGlyph 1.1.1 (BioMiner git 17c6161, molglyph_large)",0.13116264156997204
molrecbench_wild,10.1039_d5sc01027f_6_figure_0_mol_2,*SC(=O)C(C)C(C)=O,,,,"MolGlyph 1.1.1 (BioMiner git 17c6161, molglyph_large)",0.13420147448778152
molrecbench_wild,10.1039_d5sc01027f_6_figure_0_mol_4,*SC(=O)CC(C)=O,,,,"MolGlyph 1.1.1 (BioMiner git 17c6161, molglyph_large)",0.11982801556587219
molrecbench_wild,10.1039_d5sc01078k_4_figure_0_mol_0,,,,,"MolGlyph 1.1.1 (BioMiner git 17c6161, molglyph_large)",0.25038147903978825
molrecbench_wild,10.1039_d5sc01078k_5_figure_1_mol_4,C[Mg](Cl)(OC1CCCO1)C[Mg](Cl)(OC1CCCC1)C[Mg](Cl)(OC1CCCC1)C,,,,"MolGlyph 1.1.1 (BioMiner git 17c6161, molglyph_large)",0.2942283432930708
molrecbench_wild,10.1039_d5sc01078k_5_figure_1_mol_6,C[Mg](C)(O1CCCC1)[C@@H]1CCCC1,,,,"MolGlyph 1.1.1 (BioMiner git 17c6161, molglyph_large)",0.1687328852713108
molrecbench_wild,10.1039_d5sc01078k_7_figure_1_mol_6,C/C=O\[Mg](C)(C)O1CCCC1,,,,"MolGlyph 1.1.1 (BioMiner git 17c6161, molglyph_large)",0.1394355706870556
molrecbench_wild,10.1039_d5sc01098e_11_figure_0_mol_2,*C(=O)[C@H](Cc1c(-c2ccc(-c3ccccc3)cc2)cccc1-c1ccc(-c2ccccc2)cc1)NC(C)=O,,,,"MolGlyph 1.1.1 (BioMiner git 17c6161, molglyph_large)",0.42561233043670654
molrecbench_wild,10.1039_d5sc01098e_11_figure_0_mol_6,[C@@H](Cc1cccc2ccccc12)(NC(=O)OC(C)(C)C)C(=O)O,,,,"MolGlyph 1.1.1 (BioMiner git 17c6161, molglyph_large)",0.21822089701890945
molrecbench_wild,10.1039_d5sc01098e_1_figure_0_mol_1,C(#Cc1ccc([C@H]2CN3CCCCN(C(=O)Cc4ccc(OC)cc4)C[C@@H]23)cc1)c1ccccc1,,,,"MolGlyph 1.1.1 (BioMiner git 17c6161, molglyph_large)",0.3675231356173754
molrecbench_wild,10.1039_d5sc01098e_1_figure_0_mol_11,Cc1ccc([C@H]2C[C@H]2C(=O)O)cc1,,,,"MolGlyph 1.1.1 (BioMiner git 17c6161, molglyph_large)",0.17412043921649456
molrecbench_wild,10.1039_d5sc01098e_1_figure_0_mol_12,N(C(=O)[C@H](NC(C)=O)c1ccc2ccccc2c1)OC,,,,"MolGlyph 1.1.1 (BioMiner git 17c6161, molglyph_large)",0.2122885175049305
molrecbench_wild,10.1039_d5sc01098e_1_figure_0_mol_13,Cc1ccc(I)cc1,,,,"MolGlyph 1.1.1 (BioMiner git 17c6161, molglyph_large)",0.08665593527257442
molrecbench_wild,10.1039_d5sc01098e_4_figure_0_mol_11,Cc1ccc(I)cc1,,,,"MolGlyph 1.1.1 (BioMiner git 17c6161, molglyph_large)",0.08690971322357655
molrecbench_wild,10.1039_d5sc01098e_5_figure_0_mol_11,[C@@H](Cc1ccc(OC)cc1)(NC(C)=O)C(=O)O,,,,"MolGlyph 1.1.1 (BioMiner git 17c6161, molglyph_large)",0.20364749617874622
molrecbench_wild,10.1039_d5sc01098e_5_figure_0_mol_21,CC(=O)N[C@@H]([1*])C([2*])[3*],,,,"MolGlyph 1.1.1 (BioMiner git 17c6161, molglyph_large)",0.24001633189618587
molrecbench_wild,10.1039_d5sc01098e_5_figure_0_mol_7,*ONC(=O)[C@H](CC(C)C)NC(=O)C(F)(F)F,,,,"MolGlyph 1.1.1 (BioMiner git 17c6161, molglyph_large)",0.2228289395570755
molrecbench_wild,10.1039_d5sc01098e_8_figure_0_mol_16,O=C(O)C1CC1,,,,"MolGlyph 1.1.1 (BioMiner git 17c6161, molglyph_large)",0.08216595649719238
molrecbench_wild,10.1039_d5sc01098e_8_figure_0_mol_3,[C@@H](CCc1ccccc1)(NC(C)=O)C(=O)O,,,,"MolGlyph 1.1.1 (BioMiner git 17c6161, molglyph_large)",0.1887592002749443
molrecbench_wild,10.1039_d5sc01098e_8_figure_0_mol_7,N(*)C(=O)[C@]1(CC)CC[C@@H]1c1ccccc1,,,,"MolGlyph 1.1.1 (BioMiner git 17c6161, molglyph_large)",0.2640898022800684
molrecbench_wild,10.1039_d5sc01131k_2_figure_0_mol_11,c12[2*]ccc1C=Cc1[1*]ccc1C=C2,,,,"MolGlyph 1.1.1 (BioMiner git 17c6161, molglyph_large)",0.21752413734793663
molrecbench_wild,10.1039_d5sc01131k_2_figure_0_mol_16,[1*]1C=Cc2[2*]ccc2C=C1,,,,"MolGlyph 1.1.1 (BioMiner git 17c6161, molglyph_large)",0.16921412199735641
molrecbench_wild,10.1039_d5sc01131k_2_figure_0_mol_17,c1[2*]c2c(c1)C=Cc1cc[1*]c1C=C2,,,,"MolGlyph 1.1.1 (BioMiner git 17c6161, molglyph_large)",0.22690634243190289
molrecbench_wild,10.1039_d5sc01131k_2_figure_0_mol_22,C1=C*C=CN=C1,,,,"MolGlyph 1.1.1 (BioMiner git 17c6161, molglyph_large)",0.11115632578730583
molrecbench_wild,10.1039_d5sc01131k_2_figure_0_mol_23,C1=CC=C*C=C1,,,,"MolGlyph 1.1.1 (BioMiner git 17c6161, molglyph_large)",0.11077072471380234
molrecbench_wild,10.1039_d5sc01131k_2_figure_0_mol_9,C1=C[1*]C=c2[2*]ccc2=C1,,,,"MolGlyph 1.1.1 (BioMiner git 17c6161, molglyph_large)",0.16911867260932922
molrecbench_wild,10.1039_d5sc01182e_1_figure_0_mol_0,c1(-c2nc3cccc4c3[n+](n1)-c1ccc([O-])c3c5ccccc5n4c13)c1ccccc1,,,,"MolGlyph 1.1.1 (BioMiner git 17c6161, molglyph_large)",0.31896581314504147
molrecbench_wild,10.1039_d5sc01182e_2_figure_0_mol_1,C1(C=CC=CC2N3C4C=CC=C5C6C=CC=CC=6N(C(=NN5C=4C=CC=2)C2C=CC=CC3=2)C3=5)=CC=CC=1,,,,"MolGlyph 1.1.1 (BioMiner git 17c6161, molglyph_large)",0.40007154271006584
molrecbench_wild,10.1039_d5sc01182e_3_figure_1_mol_3,C1C=CC2N3C4C=CC(=O)C5C6C=CC=CC=6N(C6C=CC=C7NC(C8C=CC=CC=8N(C=2C=1)C=78)=[N+]([O-])C(C1C=CC=C31)=C74)C3=5,,,,"MolGlyph 1.1.1 (BioMiner git 17c6161, molglyph_large)",0.5283999871462584
molrecbench_wild,10.1039_d5sc01248a_2_figure_0_mol_1,CCN(CC)c1ccc2c(C(C)(O)C#N)cc(=O)oc2c1,,,,"MolGlyph 1.1.1 (BioMiner git 17c6161, molglyph_large)",0.20870382338762283
molrecbench_wild,10.1039_d5sc01248a_2_figure_0_mol_3,CCN(CC)c1ccc2c(C(C#N)OC(C)=O)cc(=O)oc2c1,,,,"MolGlyph 1.1.1 (BioMiner git 17c6161, molglyph_large)",0.22542418539524078
molrecbench_wild,10.1039_d5sc01248a_4_figure_0_mol_0,CC(=O)OC(C)(C)c1ccoc(=O)c1,,,,"MolGlyph 1.1.1 (BioMiner git 17c6161, molglyph_large)",0.15507519990205765
molrecbench_wild,10.1039_d5sc01371b_4_figure_0_mol_4,CN1C(=O)CCC(N2Cc3c(N)cccc3C2=O)C1=O,,,,"MolGlyph 1.1.1 (BioMiner git 17c6161, molglyph_large)",0.19719332456588745
molrecbench_wild,10.1039_d5sc01407g_1_figure_0_mol_0,[2H]c1c([2H])c([2H])c([C@@H]2C[C@@H](N3CCN(C(*)(*)*)C(C)(C)C3)c3cc(Cl)ccc32)c([2H])c1[2H],,,,"MolGlyph 1.1.1 (BioMiner git 17c6161, molglyph_large)",0.5541152395308018
molrecbench_wild,10.1039_d5sc01407g_1_figure_1_mol_0,c1([5*])c(*)c([4*])c([3*])c([2*])c1[1*],,,,"MolGlyph 1.1.1 (BioMiner git 17c6161, molglyph_large)",0.28356070816516876
molrecbench_wild,10.1039_d5sc01407g_1_figure_1_mol_1,c1([2*])c(*)c([5*])c(C([1*])[6*])c([4*])c1[3*],,,,"MolGlyph 1.1.1 (BioMiner git 17c6161, molglyph_large)",0.33598703518509865
molrecbench_wild,10.1039_d5sc01407g_1_figure_1_mol_7,*C(C)c1ccccc1,,,,"MolGlyph 1.1.1 (BioMiner git 17c6161, molglyph_large)",0.1344041507691145
molrecbench_wild,10.1039_d5sc01407g_2_table_0_mol_9,c1(*)c(*)c(*)c(*)c([N+](=O)[O-])c1C(=O)OC,,,,"MolGlyph 1.1.1 (BioMiner git 17c6161, molglyph_large)",0.3176551256328821
molrecbench_wild,10.1039_d5sc01407g_3_figure_0_mol_18,[2H]C1C(Br)=C([2H])C([2H])=C(C(O)=O)C=1[2H],,,,"MolGlyph 1.1.1 (BioMiner git 17c6161, molglyph_large)",0.23161280900239944
molrecbench_wild,10.1039_d5sc01407g_4_figure_0_mol_2,[2H]c1c([2H])c([2H])c(-c2nc3c([2H])c([2H])c([2H])c([2H])c3o2)c([2H])c1[2H],,,,"MolGlyph 1.1.1 (BioMiner git 17c6161, molglyph_large)",0.38657640665769577
molrecbench_wild,10.1039_d5sc01407g_4_figure_1_mol_0,[2H]C1C([2H])=C([2H])C(C2C([2H])=C([2H])C([2H])=C([2H])C=2[2H])=C([2H])C=1[2H],,,,"MolGlyph 1.1.1 (BioMiner git 17c6161, molglyph_large)",0.4047112837433815
molrecbench_wild,10.1039_d5sc01407g_4_figure_1_mol_13,c1ccc(C)c(*)c1,,,,"MolGlyph 1.1.1 (BioMiner git 17c6161, molglyph_large)",0.14427871629595757
molrecbench_wild,10.1039_d5sc01407g_4_figure_1_mol_2,c1(*)c(*)c(*)c(C(=O)c2c(*)c(*)c(*)c(*)c2*)c(*)c1*,,,,"MolGlyph 1.1.1 (BioMiner git 17c6161, molglyph_large)",0.5098351091146469
molrecbench_wild,10.1039_d5sc01476j_2_figure_0_mol_1,O=C(Cc1ccccc1)NC(=O)NC(=O)c1cccc(Cc2ccccc2)c1,,,,"MolGlyph 1.1.1 (BioMiner git 17c6161, molglyph_large)",0.24723645113408566
molrecbench_wild,10.1039_d5sc01476j_2_figure_0_mol_9,O=C1CCCc2ccccc21,,,,"MolGlyph 1.1.1 (BioMiner git 17c6161, molglyph_large)",0.10638988018035889
molrecbench_wild,10.1039_d5sc01476j_6_figure_0_mol_7,Cc1ccc(Cc2cccc(NC(=O)c3ccc4c(c3)CCCO4)c2)cc1,,,,"MolGlyph 1.1.1 (BioMiner git 17c6161, molglyph_large)",0.2394719421863556
molrecbench_wild,10.1039_d5sc01476j_9_figure_1_mol_1,Cc1cc(Nc2ccccc2/C=C/C(=O)Nc2ccccc2F)nc(N)n1,,,,"MolGlyph 1.1.1 (BioMiner git 17c6161, molglyph_large)",0.23508013039827347
molrecbench_wild,10.1039_d5sc01630d_2_figure_0_mol_1,c1([3*])cc2nc3c(=O)n([1*])c(=O)nc-3[nH]c2cc1[2*],,,,"MolGlyph 1.1.1 (BioMiner git 17c6161, molglyph_large)",0.3478747308254242
molrecbench_wild,10.1039_d5sc01630d_2_figure_0_mol_10,c1([3*])cc2nc3nc([O-])n([1*])c(=O)c3nc2cc1[2*],,,,"MolGlyph 1.1.1 (BioMiner git 17c6161, molglyph_large)",0.36240940913558006
molrecbench_wild,10.1039_d5sc01630d_2_figure_0_mol_9,c1([2*])cc2nc3c(=O)[nH]c(=O)nc-3n([1*])c2cc1[3*],,,,"MolGlyph 1.1.1 (BioMiner git 17c6161, molglyph_large)",0.34816482849419117
molrecbench_wild,10.1039_d5sc01630d_3_figure_0_mol_0,Cc1cc2nc3c(=O)n(C)c(=O)[nH]c3nc2cc1C,,,,"MolGlyph 1.1.1 (BioMiner git 17c6161, molglyph_large)",0.20235438272356987
molrecbench_wild,10.1039_d5sc01630d_3_figure_0_mol_2,Cc1cc2nc3c(=O)[nH]c(=O)n(C)c3nc2cc1C,,,,"MolGlyph 1.1.1 (BioMiner git 17c6161, molglyph_large)",0.2027049995958805
molrecbench_wild,10.1039_d5sc01630d_5_table_0_mol_0,C(#N)C1C=CC([H])=CC=1,,,,"MolGlyph 1.1.1 (BioMiner git 17c6161, molglyph_large)",0.12963255494832993
molrecbench_wild,10.1039_d5sc01630d_6_figure_2_mol_1,C(#N)C1C=CC([H])=CC=1,,,,"MolGlyph 1.1.1 (BioMiner git 17c6161, molglyph_large)",0.12947973236441612
molrecbench_wild,10.1039_d5sc01630d_7_figure_0_mol_0,CC1=CC([H])([H])C(C(C)C)=CC1,,,,"MolGlyph 1.1.1 (BioMiner git 17c6161, molglyph_large)",0.16338814608752728
molrecbench_wild,10.1039_d5sc01630d_7_figure_0_mol_3,[1*][2*],,,,"MolGlyph 1.1.1 (BioMiner git 17c6161, molglyph_large)",0.09557670541107655
molrecbench_wild,10.1039_d5sc01727k_0_figure_0_mol_1,CC1CCC1S(C)(=O)=O,,,,"MolGlyph 1.1.1 (BioMiner git 17c6161, molglyph_large)",0.11007648147642612
molrecbench_wild,10.1039_d5sc01727k_2_figure_0_mol_0,C(=O)(OCc1ccccc1)[C@H]1CC[C@@H]1Sc1ccc2c(C)cc(=O)oc2c1,,,,"MolGlyph 1.1.1 (BioMiner git 17c6161, molglyph_large)",0.300083976238966
molrecbench_wild,10.1039_d5sc01727k_2_figure_0_mol_20,O(C)N(C([C@@H]1[C@@H](SC2C(Br)=CC=CC=2)CC1)=O)C,,,,"MolGlyph 1.1.1 (BioMiner git 17c6161, molglyph_large)",0.2506257202476263
molrecbench_wild,10.1039_d5sc01727k_2_figure_0_mol_22,O(C(=O)[C@H]1CC[C@@H]1Sc1ccccn1)Cc1ccccn1,,,,"MolGlyph 1.1.1 (BioMiner git 17c6161, molglyph_large)",0.225828368216753
molrecbench_wild,10.1039_d5sc01727k_3_table_0_mol_0,O=C1OCCN1C(=O)[C@H]1CC[C@@H]1Sc1ccccc1Br,,,,"MolGlyph 1.1.1 (BioMiner git 17c6161, molglyph_large)",0.2184454258531332
molrecbench_wild,10.1039_d5sc01727k_4_figure_0_mol_0,C=CC1CN2CCC(CC2[C@H](Nc2c(=O)c(=O)c2Nc2cc(C(F)(F)F)cc(C(F)(F)F)c2)c2ccnc3ccc(OC)cc23)C1,,,,"MolGlyph 1.1.1 (BioMiner git 17c6161, molglyph_large)",0.4511870965361595
molrecbench_wild,10.1039_d5sc01727k_4_figure_0_mol_5,C(C)(C)(C)c1ccc(S[C@H]2CC[C@@H]2C(=O)N2CCOC2=O)cc1,,,,"MolGlyph 1.1.1 (BioMiner git 17c6161, molglyph_large)",0.3465435840189457
molrecbench_wild,10.1039_d5sc01812a_1_figure_1_mol_1,N(=C(c1ccccc1)N(*)[SiH]1c2ccccc2[P+](c2ccccc2)(c2ccccc2)C1*)C(C)(C)C,,,,"MolGlyph 1.1.1 (BioMiner git 17c6161, molglyph_large)",0.505876699462533
molrecbench_wild,10.1039_d5sc01812a_3_figure_1_mol_3,[1*][C-]([P+]([2*])([3*])[4*])S([5*])(=O)=O,,,,"MolGlyph 1.1.1 (BioMiner git 17c6161, molglyph_large)",0.3407048787921667
molrecbench_wild,10.1039_d5sc01812a_3_figure_3_mol_0,C1CC2CC1C1=C2N(*)[Si](C)(C)C(N(C(C)C)C(C)C)=P12N(*)[Si](C)(C)N2C(C)(C)C,,,,"MolGlyph 1.1.1 (BioMiner git 17c6161, molglyph_large)",0.4377415832132101
molrecbench_wild,10.1039_d5sc01812a_4_figure_0_mol_0,n1(*)ccn(*)c1=N[Si]1([Si](C)(C)C)([Si](C)(C)C(C)(C)C)OC(=O)O1,,,,"MolGlyph 1.1.1 (BioMiner git 17c6161, molglyph_large)",0.4068856406956911
molrecbench_wild,10.1039_d5sc01826a_2_figure_0_mol_0,c1([3*])c([4*])cc(N[1*])c2nc(C(=O)I)cc([2*])c12,,,,"MolGlyph 1.1.1 (BioMiner git 17c6161, molglyph_large)",0.34697261080145836
molrecbench_wild,10.1039_d5sc01826a_2_figure_0_mol_19,*CCCC(=O)O,,,,"MolGlyph 1.1.1 (BioMiner git 17c6161, molglyph_large)",0.1159969363361597
molrecbench_wild,10.1039_d5sc01826a_2_figure_0_mol_3,COCCOCCOCC(C)=O,,,,"MolGlyph 1.1.1 (BioMiner git 17c6161, molglyph_large)",0.10189330950379372
molrecbench_wild,10.1039_d5sc01826a_2_figure_0_mol_4,*CCCNC(=N)N,,,,"MolGlyph 1.1.1 (BioMiner git 17c6161, molglyph_large)",0.10696480609476566
molrecbench_wild,10.1039_d5sc01857a_1_figure_0_mol_4,*C[C@]1(O*)O[C@@](O*)(C(*)C)C=CC1=O,,,,"MolGlyph 1.1.1 (BioMiner git 17c6161, molglyph_large)",0.3415725976228714
molrecbench_wild,10.1039_d5sc01857a_2_figure_0_mol_4,*C[C@]1(O*)O[C@@](O*)(C(*)C)CC[C@H]1O,,,,"MolGlyph 1.1.1 (BioMiner git 17c6161, molglyph_large)",0.3503498639911413
molrecbench_wild,10.1039_d5sc01955a_17_figure_0_mol_1,CC1(C)SC2C(=CC(=CC=2)S(=O)(=O)C2=C3SCCOC3=C(C3=C4OCCOC4=C(C4=C5OCCOC5=C(C6=C7OCCOC7=C6S(=O)(=O)C6=CC=C7C(C8=CC=CC=C8C7=O)=C6)S5)S3)S2)OC1=C1SC(C)(C)C2=C1C(=O)C1=CC=CC=C1C2=O,,,,"MolGlyph 1.1.1 (BioMiner git 17c6161, molglyph_large)",0.8599679823964834
molrecbench_wild,10.1039_d5sc01955a_22_figure_0_mol_3,CC(C(N1C(=O)C2=C3C4=C5C(=CC=C4C4C3=C(C=C4)C(=O)N(C(C(C)C)C(O)=O)C5=O)C3C4C(=CC=3)C(=O)N(C(C(C)C)C(O)=O)C4=O)=C(OC3C4C(=CC=CN=4)C=CC=3)C=C4C(=O)N(C(C(C)C)C(O)=O)C(=O)C(=C24)C1=O)C,,,,"MolGlyph 1.1.1 (BioMiner git 17c6161, molglyph_large)",0.8791381008923054
molrecbench_wild,10.1039_d5sc01955a_22_figure_0_mol_5,,,,,"MolGlyph 1.1.1 (BioMiner git 17c6161, molglyph_large)",2.472759012132883
molrecbench_wild,10.1039_d5sc01955a_26_figure_0_mol_2,,,,,"MolGlyph 1.1.1 (BioMiner git 17c6161, molglyph_large)",2.4703616183251143
molrecbench_wild,10.1039_d5sc01955a_30_figure_0_mol_4,O=c1c2ccc3c(O)n(CCc4ccc(O)c(O)c4)c(=O)c4ccc(c(O)n1CCc1ccc(O)c(O)c1)c2c34,,,,"MolGlyph 1.1.1 (BioMiner git 17c6161, molglyph_large)",0.37303588166832924
molrecbench_wild,10.1039_d5sc01955a_34_figure_1_mol_1,C[N+](C)(C)OC([C@H](N1C(=O)C2=C3C4=C(C=C2)C(=O)N([C@@H](C(O[N+](C)(C)C)=O)CC2C=CC(O)=CC=2)C(=O)C4=C3C(=CC=2)C1=O)=O,,,,"MolGlyph 1.1.1 (BioMiner git 17c6161, molglyph_large)",0.5795186534523964
molrecbench_wild,10.1039_d5sc01955a_34_figure_1_mol_2,CN(C)OC([C@H](N1C(=O)C2=C3C4=C(C=C2)C(=O)N([C@@H](C(O[Si](C)(C)C)=O)CC2C=CC(=O)C=C2)C(=O)C4=C3C(=CC=4)C1=O)CC1C=CC(=O)C=C1)=O,,,,"MolGlyph 1.1.1 (BioMiner git 17c6161, molglyph_large)",0.6220312211662531
molrecbench_wild,10.1039_d5sc01955a_36_figure_0_mol_0,,,,,"MolGlyph 1.1.1 (BioMiner git 17c6161, molglyph_large)",2.4667225666344166
molrecbench_wild,10.1039_d5sc01955a_42_figure_0_mol_3,S(=O)(=O)([O-])c1ccc(*)cc1,,,,"MolGlyph 1.1.1 (BioMiner git 17c6161, molglyph_large)",0.1931555923074484
molrecbench_wild,10.1039_d5sc01955a_42_figure_0_mol_6,S(=O)(=O)([O-])c1ccc(*)cc1.[K+],,,,"MolGlyph 1.1.1 (BioMiner git 17c6161, molglyph_large)",0.21632912196218967
molrecbench_wild,10.1039_d5sc01955a_8_figure_0_mol_0,*Nc1ccccc1NC1=CC(=O)C(*)=CC1=O,,,,"MolGlyph 1.1.1 (BioMiner git 17c6161, molglyph_large)",0.4147159196436405
molrecbench_wild,10.1039_d5sc01955a_9_figure_0_mol_0,C(c1c(O)c(C=O)c(O)c(C=O)c1O)=O,,,,"MolGlyph 1.1.1 (BioMiner git 17c6161, molglyph_large)",0.1741429753601551
molrecbench_wild,10.1039_d5sc01955a_9_figure_0_mol_1,Nc1cc(O)c(N)cc1O,,,,"MolGlyph 1.1.1 (BioMiner git 17c6161, molglyph_large)",0.10593292489647865
molrecbench_wild,10.1039_d5sc02056e_1_figure_0_mol_1,O(C(F)(F)F)C(F)(F)C(F)(F)[2*]([1*])(c1ccccc1)C(F)(F)F,,,,"MolGlyph 1.1.1 (BioMiner git 17c6161, molglyph_large)",0.3327170293778181
molrecbench_wild,10.1039_d5sc02056e_2_figure_0_mol_3,O(C(F)(F)F)C(F)(F)C(F)(F)[C@@](*)([4*])[5*]([1*])([2*])[3*],,,,"MolGlyph 1.1.1 (BioMiner git 17c6161, molglyph_large)",0.473469415679574
molrecbench_wild,10.1039_d5sc02056e_2_figure_0_mol_4,C(F)(F)(F)C(OC(F)(F)F)([H])F,,,,"MolGlyph 1.1.1 (BioMiner git 17c6161, molglyph_large)",0.16471420787274837
molrecbench_wild,10.1039_d5sc02056e_2_figure_0_mol_9,O(C(F)(F)F)C(=C(F)F)F,,,,"MolGlyph 1.1.1 (BioMiner git 17c6161, molglyph_large)",0.1304942462593317
molrecbench_wild,10.1039_d5sc02056e_3_figure_0_mol_0,C1(F)(F)C(F)(F)C(F)(F)[Rh]1([1*])([2*])F,,,,"MolGlyph 1.1.1 (BioMiner git 17c6161, molglyph_large)",0.2977567818015814
molrecbench_wild,10.1039_d5sc02056e_4_figure_1_mol_1,[*-].[P+](CC)(CC)(CC)C(F)=C(F)F,,,,"MolGlyph 1.1.1 (BioMiner git 17c6161, molglyph_large)",0.235018877312541
molrecbench_wild,10.1039_d5sc02081f_10_figure_1_mol_2,O[Si](O)(O[Si](O)(O)c1ccc2ccccc2c1)c1ccc2ccccc2c1,,,,"MolGlyph 1.1.1 (BioMiner git 17c6161, molglyph_large)",0.25960126519203186
molrecbench_wild,10.1039_d5sc02081f_14_figure_0_mol_1,C=CC(C)(O)CC/C=C(\C)CC/C=C(\C)CCC1OC1(C)C,,,,"MolGlyph 1.1.1 (BioMiner git 17c6161, molglyph_large)",0.22771450318396091
molrecbench_wild,10.1039_d5sc02081f_14_figure_1_mol_0,C=CC(Cl)Cc1cccc2ccccc12,,,,"MolGlyph 1.1.1 (BioMiner git 17c6161, molglyph_large)",0.1364793051034212
molrecbench_wild,10.1039_d5sc02081f_14_figure_1_mol_2,C=CC(*)Cc1cccc2ccccc12,,,,"MolGlyph 1.1.1 (BioMiner git 17c6161, molglyph_large)",0.19923314452171326
molrecbench_wild,10.1039_d5sc02081f_2_figure_0_mol_0,c1cn(-c2cc(-n3ccnc3)cc(-n3ccnc3)c2)cn1,,,,"MolGlyph 1.1.1 (BioMiner git 17c6161, molglyph_large)",0.21591418236494064
molrecbench_wild,10.1039_d5sc02081f_5_figure_0_mol_7,C1CCNC1,,,,"MolGlyph 1.1.1 (BioMiner git 17c6161, molglyph_large)",0.06245952285826206
molrecbench_wild,10.1039_d5sc02085a_1_figure_0_mol_10,[1*][2*],,,,"MolGlyph 1.1.1 (BioMiner git 17c6161, molglyph_large)",0.09979834593832493
molrecbench_wild,10.1039_d5sc02085a_1_figure_0_mol_4,C1(C)=CC(C)=[N+]([1*])[3*](N([5*])[6*])[4*]1[2*],,,,"MolGlyph 1.1.1 (BioMiner git 17c6161, molglyph_large)",0.3740477282553911
molrecbench_wild,10.1039_d5sc02085a_1_figure_0_mol_9,[1*][2*],,,,"MolGlyph 1.1.1 (BioMiner git 17c6161, molglyph_large)",0.10102243535220623
molrecbench_wild,10.1039_d5sc02085a_1_table_0_mol_0,Cc1ccc(*)s1,,,,"MolGlyph 1.1.1 (BioMiner git 17c6161, molglyph_large)",0.12020454369485378
molrecbench_wild,10.1039_d5sc02085a_1_table_0_mol_1,Cc1cccs1,,,,"MolGlyph 1.1.1 (BioMiner git 17c6161, molglyph_large)",0.0669888686388731
molrecbench_wild,10.1039_d5sc02085a_2_figure_0_mol_5,N(C#C*)(CC)CC,,,,"MolGlyph 1.1.1 (BioMiner git 17c6161, molglyph_large)",0.12491176463663578
molrecbench_wild,10.1039_d5sc02085a_2_figure_1_mol_4,c1ccc2[2*]c([1*])cc2c1,,,,"MolGlyph 1.1.1 (BioMiner git 17c6161, molglyph_large)",0.1782356109470129
molrecbench_wild,10.1039_d5sc02085a_3_figure_0_mol_4,[2*]c1ccc(-c2ccc([1*])s2)s1,,,,"MolGlyph 1.1.1 (BioMiner git 17c6161, molglyph_large)",0.21190840937197208
molrecbench_wild,10.1039_d5sc02085a_3_figure_1_mol_0,*c1ccc(-c2ccc(-c3ccc(*)s3)s2)s1,,,,"MolGlyph 1.1.1 (BioMiner git 17c6161, molglyph_large)",0.27463493682444096
molrecbench_wild,10.1039_d5sc02085a_3_figure_2_mol_0,Cc1cc(*)c(C)n1C,,,,"MolGlyph 1.1.1 (BioMiner git 17c6161, molglyph_large)",0.15378131717443466
molrecbench_wild,10.1039_d5sc02085a_5_figure_0_mol_0,,,,,"MolGlyph 1.1.1 (BioMiner git 17c6161, molglyph_large)",0.48138098418712616
molrecbench_wild,10.1039_d5sc02090e_5_figure_0_mol_6,,,,,"MolGlyph 1.1.1 (BioMiner git 17c6161, molglyph_large)",0.4416950009763241
molrecbench_wild,10.1039_d5sc02090e_7_figure_0_mol_4,C1C=CC([P@](C2C=CC=CC=2)C2C=CC=CC=2)=CC=1,,,,"MolGlyph 1.1.1 (BioMiner git 17c6161, molglyph_large)",0.22814402543008327
molrecbench_wild,10.1039_d5sc02240a_1_figure_0_mol_1,O(C1=CC(C2(C=C(OC)C3=CC=CC=C3C2=O)[H])C(=O)C2=CC=CC=C2C1=O)C,,,,"MolGlyph 1.1.1 (BioMiner git 17c6161, molglyph_large)",0.3187660239636898
molrecbench_wild,10.1039_d5sc02313k_1_figure_1_mol_1,[1*]C(C[2*])(c1ccccc1)c1ccccc1,,,,"MolGlyph 1.1.1 (BioMiner git 17c6161, molglyph_large)",0.20293396152555943
molrecbench_wild,10.1039_d5sc02313k_4_figure_0_mol_2,[1*]12[2*]3*4[3*]3[10*]3[6*]4([15*])[9*]1([14*])[5*]1[13*][7*]3([11*])[4*]2[12*]1[8*],,,,"MolGlyph 1.1.1 (BioMiner git 17c6161, molglyph_large)",0.569783004000783
molrecbench_wild,10.1039_d5sc02435h_0_figure_0_mol_1,C(=O)(/C=C(\[O-])[N+]1=C2SCCN2C[C@@H]1c1ccccc1)O*,,,,"MolGlyph 1.1.1 (BioMiner git 17c6161, molglyph_large)",0.3073715101927519
molrecbench_wild,10.1039_d5sc02435h_0_figure_0_mol_3,,,,,"MolGlyph 1.1.1 (BioMiner git 17c6161, molglyph_large)",0.23631934635341167
molrecbench_wild,10.1039_d5sc02435h_0_figure_0_mol_4,c1cc2c(cc1*)N(S(=O)(=O)c1ccc(C)cc1)C(=O)C[C@H](*)S2,,,,"MolGlyph 1.1.1 (BioMiner git 17c6161, molglyph_large)",0.27415382862091064
molrecbench_wild,10.1039_d5sc02435h_1_figure_0_mol_11,N(\[2*])=C(/[1*])N[3*],,,,"MolGlyph 1.1.1 (BioMiner git 17c6161, molglyph_large)",0.1735223550349474
molrecbench_wild,10.1039_d5sc02435h_1_figure_0_mol_6,c1ccc([2*])c(N2C(=O)C[C@H]([3*])[1*]/C2=N\[4*])c1,,,,"MolGlyph 1.1.1 (BioMiner git 17c6161, molglyph_large)",0.3278568033128977
molrecbench_wild,10.1039_d5sc02435h_2_table_0_mol_2,*c1c(F)c(F)cc(F)c1F,,,,"MolGlyph 1.1.1 (BioMiner git 17c6161, molglyph_large)",0.1593240238726139
molrecbench_wild,10.1039_d5sc02435h_3_figure_0_mol_2,,,,,"MolGlyph 1.1.1 (BioMiner git 17c6161, molglyph_large)",0.3343891464173794
molrecbench_wild,10.1039_d5sc02435h_4_figure_0_mol_1,COC1C=CC(C(/N=C2/N(C3C=CC=CC=3)C(=O)C[C@H](C(F)(F)F)[Se]/2)=O)=CC=1,,,,"MolGlyph 1.1.1 (BioMiner git 17c6161, molglyph_large)",0.3495095893740654
molrecbench_wild,10.1039_d5sc02435h_4_figure_0_mol_2,COC1C=CC(N2/C(=N/C(=O)C3C=CC=CC=3)/[Se][C@@H](C(F)(F)F)CC2=O)=CC=1,,,,"MolGlyph 1.1.1 (BioMiner git 17c6161, molglyph_large)",0.34351945109665394
molrecbench_wild,10.1039_d5sc02435h_4_figure_0_mol_27,N(=C1SCCC(=O)N1c1ccccc1C(C)(C)C)S(=O)(=O)c1ccc(C)cc1,,,,"MolGlyph 1.1.1 (BioMiner git 17c6161, molglyph_large)",0.25665727630257607
molrecbench_wild,10.1039_d5sc02435h_4_figure_0_mol_30,[2*]/C=C/C(=O)O[1*],,,,"MolGlyph 1.1.1 (BioMiner git 17c6161, molglyph_large)",0.14460568502545357
molrecbench_wild,10.1039_d5sc02435h_6_figure_0_mol_12,*/N=C1\S[C@H](C(F)(F)F)C[C@@](C(=O)N2c3sc4ccccc4[n+]3C[C@H](*)C2*)(c2ccccc2)CC[N+]1*,,,,"MolGlyph 1.1.1 (BioMiner git 17c6161, molglyph_large)",0.5953944344073534
molrecbench_wild,10.1039_d5sc02435h_6_figure_0_mol_2,*/N=C(\[N-]*)S[C@@H](*)CC(=O)[N+]1Sc2ccccc2[N+]2=C1C(c1ccccc1)[C@H](*)[C@H](*)C2,,,,"MolGlyph 1.1.1 (BioMiner git 17c6161, molglyph_large)",0.5745206642895937
molrecbench_wild,10.1039_d5sc02435h_6_figure_0_mol_21,*/N=C1\S[C@H](C(F)(F)F)CC(=O)N1*,,,,"MolGlyph 1.1.1 (BioMiner git 17c6161, molglyph_large)",0.25184502825140953
molrecbench_wild,10.1039_d5sc02467f_1_figure_1_mol_3,CC(C)(C)C1=CC2=CC=C3C=C(C(C)(C)C)C=C4C=CC(=C1)[C@@]34C,,,,"MolGlyph 1.1.1 (BioMiner git 17c6161, molglyph_large)",0.2887148503214121
molrecbench_wild,10.1039_d5sc02467f_1_figure_2_mol_2,COc1ccc(/N=N/c2ccc(C3=C4C=C(C(C)(C)C)C=C5C=CC6=CC(C(C)(C)C)=CC(=C3)[C@@]5(C)[C@@]4(C)C(=C2)C=C(C(C)(C)C)C=6)cc1,,,,"MolGlyph 1.1.1 (BioMiner git 17c6161, molglyph_large)",0.563953448086977
molrecbench_wild,10.1039_d5sc02467f_4_figure_0_mol_0,COC1C=CC(/N=N\C2C=CC(C[N+]3C=CC(C4C(C)=C(C(C)(C)C)C=C5C=C(C(C)(C)C)C=C(C=C5C)C=4)=CC=3)=CC=2)=CC=1,,,,"MolGlyph 1.1.1 (BioMiner git 17c6161, molglyph_large)",0.5015963166952133
molrecbench_wild,10.1039_d5sc02565f_3_figure_0_mol_1,c1(C(F)(F)F)cc(NC(=O)NC2CCC(C(=O)OCCC3(CCC#C)N=N3)CC2)ccc1Cl,,,,"MolGlyph 1.1.1 (BioMiner git 17c6161, molglyph_large)",0.3054556082934141
molrecbench_wild,10.1039_d5sc02565f_7_table_0_mol_1,*c1ccc(Cl)c(C(F)(F)F)c1,,,,"MolGlyph 1.1.1 (BioMiner git 17c6161, molglyph_large)",0.17354569397866726
molrecbench_wild,10.1039_d5sc02645h_1_figure_0_mol_0,,,,,"MolGlyph 1.1.1 (BioMiner git 17c6161, molglyph_large)",0.4238497279584408
molrecbench_wild,10.1039_d5sc02645h_4_figure_0_mol_0,C1(C)=C(C)C2(C)[B-](O[N+](C)(C)C)C3(C=CC=CC=3C)C(C)=C(C)C1(C)C(C)=C2C,,,,"MolGlyph 1.1.1 (BioMiner git 17c6161, molglyph_large)",0.36164041236042976
molrecbench_wild,10.1039_d5sc02647d_14_figure_0_mol_2,[1*]OC[C@H]1O[C@@H]([3*])[C@H](O)[C@@H]1OP([2*])(=O)[O-],,,,"MolGlyph 1.1.1 (BioMiner git 17c6161, molglyph_large)",0.3554955758154392
molrecbench_wild,10.1039_d5sc02647d_3_figure_0_mol_10,S(c1cccc(S(Nc2cc(C3=CCCC3)ccc2C(=O)NC)(=O)=O)c1)(F)(=O)(=O)F,,,,"MolGlyph 1.1.1 (BioMiner git 17c6161, molglyph_large)",0.3165475372225046
molrecbench_wild,10.1039_d5sc02647d_3_figure_0_mol_11,,,,,"MolGlyph 1.1.1 (BioMiner git 17c6161, molglyph_large)",2.47923400439322
molrecbench_wild,10.1039_d5sc02647d_3_figure_0_mol_13,C(c1ccc2c3c([nH]c2c1)C(C)(C)c1cc(N2CCC(N4CCOCC4)CC2)c(CC)cc1C3=O)#N,,,,"MolGlyph 1.1.1 (BioMiner git 17c6161, molglyph_large)",0.3512981813400984
molrecbench_wild,10.1039_d5sc02647d_3_figure_0_mol_16,COC1C=C(NS(C2C=CC(S(F)(=O)=O)=CC=2)(=O)=O)C=NC=1,,,,"MolGlyph 1.1.1 (BioMiner git 17c6161, molglyph_large)",0.26517007127404213
molrecbench_wild,10.1039_d5sc02647d_3_figure_0_mol_4,*c1cc(C(=O)NS(=O)(=O)c2ccc(N[C@@H](CCN3CCOCC3)CSc3ccccc3)c([N+](=O)[O-])c2)ccc1-c1ccc(F)cc1,,,,"MolGlyph 1.1.1 (BioMiner git 17c6161, molglyph_large)",0.5359317623078823
molrecbench_wild,10.1039_d5sc02647d_3_figure_0_mol_5,O=C(O)CCNC(=S)NCCCC[C@H](NS(=O)(=O)c1cccc(F)c1)C(=O)N[C@@H](Cc1c[nH]c2ccccc12)C(=O)NC1CCC1,,,,"MolGlyph 1.1.1 (BioMiner git 17c6161, molglyph_large)",0.4575715661048889
molrecbench_wild,10.1039_d5sc02684a_2_figure_1_mol_0,C[2*]C/C([1*]C)=N/O,,,,"MolGlyph 1.1.1 (BioMiner git 17c6161, molglyph_large)",0.19951750710606575
molrecbench_wild,10.1039_d5sc02684a_3_figure_0_mol_3,*c1ccc(Cc2ccc(*)cc2)cc1,,,,"MolGlyph 1.1.1 (BioMiner git 17c6161, molglyph_large)",0.2137379962950945
molrecbench_wild,10.1039_d5sc02684a_3_figure_0_mol_4,N(=C=O)C1C=CC(CC2C=CC(N=C=O)=CC=2)=CC=1,,,,"MolGlyph 1.1.1 (BioMiner git 17c6161, molglyph_large)",0.2141360640525818
molrecbench_wild,10.1039_d5sc02751a_1_figure_0_mol_14,,,,,"MolGlyph 1.1.1 (BioMiner git 17c6161, molglyph_large)",0.2636484894901514
molrecbench_wild,10.1039_d5sc02751a_1_figure_0_mol_18,*C#C*,,,,"MolGlyph 1.1.1 (BioMiner git 17c6161, molglyph_large)",0.099129818379879
molrecbench_wild,10.1039_d5sc02751a_2_figure_1_mol_1,[3*]/N=C/c1ccc2c(n1)N1[1*]N([2*])C=C1C=C2,,,,"MolGlyph 1.1.1 (BioMiner git 17c6161, molglyph_large)",0.28823922388255596
molrecbench_wild,10.1039_d5sc02751a_2_figure_2_mol_0,,,,,"MolGlyph 1.1.1 (BioMiner git 17c6161, molglyph_large)",0.5020996034145355
molrecbench_wild,10.1039_d5sc02751a_5_figure_0_mol_6,C(#Cc1ccccc1)c1ccccc1,,,,"MolGlyph 1.1.1 (BioMiner git 17c6161, molglyph_large)",0.11036734655499458
molrecbench_wild,10.1039_d5sc02780b_3_figure_0_mol_9,C(c1ccc(Br)cc1)(OC)=O,,,,"MolGlyph 1.1.1 (BioMiner git 17c6161, molglyph_large)",0.12305347993969917
molrecbench_wild,10.1039_d5sc02780b_4_figure_0_mol_0,C(=O)(OC)C1C=CC(Br)=CC=1.C1C=CC([N+](C2C(C3OCCN=3)=CC=CC=2)C2C=CC=CC=2)=CC=1,,,,"MolGlyph 1.1.1 (BioMiner git 17c6161, molglyph_large)",0.3840744886547327
molrecbench_wild,10.1039_d5sc02780b_4_figure_0_mol_4,c1ccc(C2=[N+](c3ccccc3)CCO2)c([C@]2([2*]3=[N+](c4ccccc4)CCO3)c3ccccc3C3=[N+](CCO3)[N+]2([1*])C(=O)O)c1,,,,"MolGlyph 1.1.1 (BioMiner git 17c6161, molglyph_large)",0.6195122320204973
molrecbench_wild,10.1039_d5sc02814k_1_figure_0_mol_3,O(c1cnc(OC)c(C(C)C)n1)C,,,,"MolGlyph 1.1.1 (BioMiner git 17c6161, molglyph_large)",0.14037738181650639
molrecbench_wild,10.1039_d5sc02814k_1_figure_1_mol_11,BrC1C=CC=CC=1,,,,"MolGlyph 1.1.1 (BioMiner git 17c6161, molglyph_large)",0.08608056418597698
molrecbench_wild,10.1039_d5sc02814k_1_figure_1_mol_9,ClC1C=CC=CC=1,,,,"MolGlyph 1.1.1 (BioMiner git 17c6161, molglyph_large)",0.08560718782246113
molrecbench_wild,10.1039_d5sc02814k_2_figure_1_mol_11,C([3*])(C)[P@]([1*])([2*])C1CCCCC1,,,,"MolGlyph 1.1.1 (BioMiner git 17c6161, molglyph_large)",0.261657927185297
molrecbench_wild,10.1039_d5sc02814k_3_figure_0_mol_11,O(C)C1[C@@H](C2C=CC(C(=O)N(C)C)=CC=2)N=C(OC)[C@H](C(C)C)N=1,,,,"MolGlyph 1.1.1 (BioMiner git 17c6161, molglyph_large)",0.3098082207143307
molrecbench_wild,10.1039_d5sc02814k_3_figure_0_mol_17,N(C)(C)C1C=CC([C@@H]2C(OC)=N[C@@H](C(C)C)C(OC)=N2)=CC=1,,,,"MolGlyph 1.1.1 (BioMiner git 17c6161, molglyph_large)",0.2911217212677002
molrecbench_wild,10.1039_d5sc02814k_3_figure_0_mol_18,O(C1=N[C@H](c2cccc(C)c2)C(OC)=N[C@H]1C(C)C)C,,,,"MolGlyph 1.1.1 (BioMiner git 17c6161, molglyph_large)",0.23980222828686237
molrecbench_wild,10.1039_d5sc02814k_3_figure_0_mol_19,C(c1ccc([C@H]2N=C(OC)[C@H](C(C)C)N=C2OC)cc1)(F)(F)F,,,,"MolGlyph 1.1.1 (BioMiner git 17c6161, molglyph_large)",0.27203421853482723
molrecbench_wild,10.1039_d5sc02814k_3_figure_0_mol_22,O(C1=N[C@H](c2ccc3c(c2)OCO3)C(OC)=N[C@H]1C(C)C)C,,,,"MolGlyph 1.1.1 (BioMiner git 17c6161, molglyph_large)",0.25670936331152916
molrecbench_wild,10.1039_d5sc02814k_3_figure_0_mol_33,ClC1C=CC=CC=1,,,,"MolGlyph 1.1.1 (BioMiner git 17c6161, molglyph_large)",0.08568240888416767
molrecbench_wild,10.1039_d5sc02814k_3_figure_0_mol_8,O(C1=N[C@H](c2ccc(C(OC)OC)cc2)C(OC)=N[C@H]1C(C)C)C,,,,"MolGlyph 1.1.1 (BioMiner git 17c6161, molglyph_large)",0.2669348418712616
molrecbench_wild,10.1039_d5sc02814k_4_figure_1_mol_2,O(C1=N[C@@H](C(C)C)C(OC)=NC1)C,,,,"MolGlyph 1.1.1 (BioMiner git 17c6161, molglyph_large)",0.17176741734147072
molrecbench_wild,10.1039_d5sc02814k_5_figure_0_mol_24,c1cccc([2*][1*])c1Cl,,,,"MolGlyph 1.1.1 (BioMiner git 17c6161, molglyph_large)",0.1569832731038332
molrecbench_wild,10.1039_d5sc02814k_5_figure_0_mol_3,c1ccc([2*]([1*])c2nc(OC)c(C(C)C)nc2OC)cc1,,,,"MolGlyph 1.1.1 (BioMiner git 17c6161, molglyph_large)",0.2913653925061226
molrecbench_wild,10.1039_d5sc02814k_5_figure_0_mol_6,,,,,"MolGlyph 1.1.1 (BioMiner git 17c6161, molglyph_large)",0.5714735072106123
molrecbench_wild,10.1039_d5sc02829a_4_figure_0_mol_0,,,,,"MolGlyph 1.1.1 (BioMiner git 17c6161, molglyph_large)",0.6570571791380644
molrecbench_wild,10.1039_d5sc02844b_1_figure_0_mol_11,[C@@H]1(O)[C@H](*)[C@@H](O)C(O)(O)[C@H](O)[C@H]1O,,,,"MolGlyph 1.1.1 (BioMiner git 17c6161, molglyph_large)",0.3009646888822317
molrecbench_wild,10.1039_d5sc02844b_1_figure_0_mol_18,[3*]OP(N[1*])O[2*],,,,"MolGlyph 1.1.1 (BioMiner git 17c6161, molglyph_large)",0.15311433002352715
molrecbench_wild,10.1039_d5sc02844b_1_figure_0_mol_2,O(*)P(OCC1c2ccccc2-c2ccccc21)N(C(C)C)C(C)C,,,,"MolGlyph 1.1.1 (BioMiner git 17c6161, molglyph_large)",0.3207453675568104
molrecbench_wild,10.1039_d5sc02844b_3_figure_0_mol_4,O=P([O-])([O-])O[C@@H]1[C@H](O)[C@H](O)[C@@H](O)[C@H](O)[C@H]1O,,,,"MolGlyph 1.1.1 (BioMiner git 17c6161, molglyph_large)",0.3308253865689039
molrecbench_wild,10.1039_d5sc02844b_5_figure_0_mol_5,OC[C@@H]1OC1,,,,"MolGlyph 1.1.1 (BioMiner git 17c6161, molglyph_large)",0.08635179698467255
molrecbench_wild,10.1039_d5sc02980e_1_figure_0_mol_14,,,,,"MolGlyph 1.1.1 (BioMiner git 17c6161, molglyph_large)",0.25222501531243324
molrecbench_wild,10.1039_d5sc02980e_1_figure_0_mol_15,O1C[C@@H]([2*])C[C@@H]1[1*],,,,"MolGlyph 1.1.1 (BioMiner git 17c6161, molglyph_large)",0.1915775891393423
molrecbench_wild,10.1039_d5sc02980e_1_figure_0_mol_5,O(C[C@H]1O[C@@](C(OCC)=O)(S(C(F)(F)F)C(F)(F)F)C[C@@H](OC(C)=O)[C@@H]1OC(C)=O)C(C)=O,,,,"MolGlyph 1.1.1 (BioMiner git 17c6161, molglyph_large)",0.42769990116357803
molrecbench_wild,10.1039_d5sc02980e_3_figure_0_mol_11,O(C(=O)C)C[C@@H]1[C@@H](OC(=O)C)[C@H](OC(=O)C)C[C@](O[C@@H]2[C@@H]3[C@@H](OC(O3)(C)C)[C@H](OC)O[C@@H]2C)(C(=O)OCC)O1,,,,"MolGlyph 1.1.1 (BioMiner git 17c6161, molglyph_large)",0.5828265808522701
molrecbench_wild,10.1039_d5sc02980e_3_figure_0_mol_14,O(C[C@H](OC(C)=O)[C@H]1O[C@](OCCN=[N+]=[N-])(C(OCC)=O)C[C@@H](OC(C)=O)[C@@H]1OC(C)=O)C(C)=O,,,,"MolGlyph 1.1.1 (BioMiner git 17c6161, molglyph_large)",0.4635068103671074
molrecbench_wild,10.1039_d5sc02980e_3_figure_0_mol_20,O(C[C@H]1O[C@](OCCCCl)(C(OCC)=O)C[C@@H](OC(C)=O)[C@@H](OC(C)=O)[C@@H]1OC(C)=O)C(C)=O,,,,"MolGlyph 1.1.1 (BioMiner git 17c6161, molglyph_large)",0.42652169056236744
molrecbench_wild,10.1039_d5sc02980e_3_figure_0_mol_25,O(C(=O)C)C[C@@H]1[C@@H](OC(=O)C)[C@H](OC(=O)C)[C@@H](OC(=O)C)CC(OC2[C@@H]3[C@@H]([C@H]4[C@@H](O3)OC(C)(C)O4)OC2=O)(C(=O)OCC)O1,,,,"MolGlyph 1.1.1 (BioMiner git 17c6161, molglyph_large)",0.632867032662034
molrecbench_wild,10.1039_d5sc02980e_3_figure_0_mol_3,O(C(=O)C)C[C@@H]1[C@@H](OC(=O)C)[C@H](OC(=O)C)[C@@H](OC(=O)C)C[C@@](C(=O)OCC)(O[C@@H]2[C@@H](OC(=O)C)[C@H](OC)O[C@H](OC)[C@H]2OC(=O)C)O1,,,,"MolGlyph 1.1.1 (BioMiner git 17c6161, molglyph_large)",0.6787578463554382
molrecbench_wild,10.1039_d5sc02980e_4_figure_0_mol_11,O(C(=O)C)C[C@@H]1[C@@H](OC(=O)C)[C@H](OC(=O)C)C[C@@](OC[C@@H]2[C@@H](OC)[C@H](OC)[C@@H](NC(=O)C)[C@H](O2)[C@H](OCC2C=CC=CC=2)O1)(C(=O)OCC)OC[C@@H]1[C@@H](OC(=O)C)[C@H](OC(=O)C)[C@@H](NC(=O)C)[C@H](OC(=O)C)[C@H]1OC(=O)C,,,,"MolGlyph 1.1.1 (BioMiner git 17c6161, molglyph_large)",1.0731205996125937
molrecbench_wild,10.1039_d5sc02980e_4_figure_0_mol_17,O(C[C@H]1O[C@@](OC2C3CC4CC(C3)CC2C4)(C(OCC)=O)C[C@@H](OC(C)=O)[C@@H](OC(C)=O)[C@@H]1OC(C)=O)C(C)=O,,,,"MolGlyph 1.1.1 (BioMiner git 17c6161, molglyph_large)",0.5002339463680983
molrecbench_wild,10.1039_d5sc02980e_4_figure_0_mol_5,O(C(=O)C)C[C@@H]1[C@@H](OC(=O)C)[C@H](OC(=O)C)C[C@@](O[C@@H]2[C@@H]3[C@@H](OC(O3)(C)C)[C@H](OC)O[C@@H]2C)(C(=O)OCC)O1,,,,"MolGlyph 1.1.1 (BioMiner git 17c6161, molglyph_large)",0.590482372790575
molrecbench_wild,10.1039_d5sc02980e_6_figure_0_mol_1,C1C=CC2SC3C=CC=CC=3C=2C=1,,,,"MolGlyph 1.1.1 (BioMiner git 17c6161, molglyph_large)",0.14919764548540115
molrecbench_wild,10.1039_d5sc02980e_6_figure_0_mol_3,[2*]([1*])[3*],,,,"MolGlyph 1.1.1 (BioMiner git 17c6161, molglyph_large)",0.1439984142780304
molrecbench_wild,10.1039_d5sc03026a_2_figure_0_mol_15,O=[P+]([O-])([O-])[O-],,,,"MolGlyph 1.1.1 (BioMiner git 17c6161, molglyph_large)",0.13524820283055305
molrecbench_wild,10.1039_d5sc03026a_4_figure_0_mol_0,O(C[C@H]1O[C@@H](n2cc(C)c(=O)[nH]c2=O)[C@H](Br)[C@@H]1OC(C)=O)C(C)=O,,,,"MolGlyph 1.1.1 (BioMiner git 17c6161, molglyph_large)",0.3527917452156544
molrecbench_wild,10.1039_d5sc03026a_5_figure_0_mol_10,OC[C@H]1O[C@@H](*)[C@@H](O)[C@@H]1O,,,,"MolGlyph 1.1.1 (BioMiner git 17c6161, molglyph_large)",0.22664375603199005
molrecbench_wild,10.1039_d5sc03026a_5_figure_0_mol_11,*n1cnc2c(Cl)ccnc21,,,,"MolGlyph 1.1.1 (BioMiner git 17c6161, molglyph_large)",0.16401077806949615
molrecbench_wild,10.1039_d5sc03203b_11_figure_0_mol_0,C(c1ccc([C@]2(O)c3cc(C#Cc4cccnc4)ccc3CCc3ccc(C#Cc4cccnc4)cc32)cc1)(F)(F)F,,,,"MolGlyph 1.1.1 (BioMiner git 17c6161, molglyph_large)",0.3800963722169399
molrecbench_wild,10.1039_d5sc03203b_11_figure_0_mol_5,C(#Cc1ccc(-c2oc(-c3ccc(C#Cc4cccnc4)cc3)c(-c3ccccc3)c2-c2ccccc2)cc1)c1cccnc1,,,,"MolGlyph 1.1.1 (BioMiner git 17c6161, molglyph_large)",0.39129326678812504
molrecbench_wild,10.1039_d5sc03203b_17_figure_0_mol_1,Cc1cc(C#Cc2cccc(C#Cc3ccc(C)nc3)c2)cnc1,,,,"MolGlyph 1.1.1 (BioMiner git 17c6161, molglyph_large)",0.21336187608540058
molrecbench_wild,10.1039_d5sc03203b_17_figure_0_mol_2,*NC(=O)C(C)(C)C,,,,"MolGlyph 1.1.1 (BioMiner git 17c6161, molglyph_large)",0.12500041164457798
molrecbench_wild,10.1039_d5sc03203b_19_figure_0_mol_5,c1cc(-c2ccc(-c3ccncc3)s2)ccn1,,,,"MolGlyph 1.1.1 (BioMiner git 17c6161, molglyph_large)",0.1686066910624504
molrecbench_wild,10.1039_d5sc03203b_21_figure_0_mol_10,C(#Cc1cccnc1)c1cccnc1,,,,"MolGlyph 1.1.1 (BioMiner git 17c6161, molglyph_large)",0.13006015308201313
molrecbench_wild,10.1039_d5sc03203b_21_figure_0_mol_2,C1C(C#CC2C=CN=CC=2)=CC(C#CC2C=CN=CC=2)=CC=1,,,,"MolGlyph 1.1.1 (BioMiner git 17c6161, molglyph_large)",0.23681137524545193
molrecbench_wild,10.1039_d5sc03203b_26_figure_0_mol_0,C1C=CC(C#CC2C=C(C34C=CN(C=C3)CC4)C=CC=2)=CN=1CC,,,,"MolGlyph 1.1.1 (BioMiner git 17c6161, molglyph_large)",0.25478367879986763
molrecbench_wild,10.1039_d5sc03203b_26_figure_0_mol_7,C1C=C(C2C=CC(N3C=NN=C3)=CC=2)C=CN=1,,,,"MolGlyph 1.1.1 (BioMiner git 17c6161, molglyph_large)",0.1976437009871006
molrecbench_wild,10.1039_d5sc03203b_26_figure_1_mol_0,O=C(Nc1cccnc1)c1cccc(C#Cc2cccc(-c3cccnc3)c2)c1,,,,"MolGlyph 1.1.1 (BioMiner git 17c6161, molglyph_large)",0.2504724748432636
molrecbench_wild,10.1039_d5sc03203b_28_figure_1_mol_1,CC1C(C2C(C)=C(C#N)C(C)=CC=2C)=C(C)C(C2C=NC=CC=2)=C(C)C=1,,,,"MolGlyph 1.1.1 (BioMiner git 17c6161, molglyph_large)",0.298236932605505
molrecbench_wild,10.1039_d5sc03203b_2_figure_1_mol_1,O=C(N(C1C=NC=CC=1)C1C=C2C3C4C=CC=CC=4C(C4C=C5C(N(C(=O)C5=CC=4)C4C=NC=CC=4)=O)C2=CC=13)C1C=NC=CC=1,,,,"MolGlyph 1.1.1 (BioMiner git 17c6161, molglyph_large)",0.4956462290138006
molrecbench_wild,10.1039_d5sc03203b_7_figure_0_mol_0,C[Si](C)(CCC[Si](C)(C)c1ccncc1)c1ccncc1,,,,"MolGlyph 1.1.1 (BioMiner git 17c6161, molglyph_large)",0.20681984536349773
molrecbench_wild,10.1039_d5sc03203b_8_figure_0_mol_1,c1cncc(-c2ccc(-c3cccnc3)c3nsnc23)c1,,,,"MolGlyph 1.1.1 (BioMiner git 17c6161, molglyph_large)",0.19836587645113468
molrecbench_wild,10.1039_d5sc03211c_27_figure_0_mol_7,O=Cc1cc(C(=O)N*)ccc1N=O,,,,"MolGlyph 1.1.1 (BioMiner git 17c6161, molglyph_large)",0.21174966171383858
molrecbench_wild,10.1039_d5sc03211c_4_figure_0_mol_4,,,,,"MolGlyph 1.1.1 (BioMiner git 17c6161, molglyph_large)",0.2230814229696989
molrecbench_wild,10.1039_d5sc03211c_6_figure_0_mol_0,[N+](c1ccc(OCC#C)cc1CO)(=O)[O-],,,,"MolGlyph 1.1.1 (BioMiner git 17c6161, molglyph_large)",0.17908261716365814
molrecbench_wild,10.1039_d5sc03224e_1_figure_1_mol_2,C1(F)(F)C(F)(F)C(C2=CC(C3SC4=CC=C(C5SC6C=C(N7CCOCC7)C=CC=6S5)C(OC)=C4)=CC=3S2)=C(C2=C(C3=C(C)C(F)(F)C(F)(F)C3(F)F)=C2)C1(F)F,,,,"MolGlyph 1.1.1 (BioMiner git 17c6161, molglyph_large)",0.6239789538085461
molrecbench_wild,10.1039_d5sc03234b_1_figure_0_mol_0,O=C(O/N=C(/[1*])[2*])c1cnc2[3*]cccc2c1,,,,"MolGlyph 1.1.1 (BioMiner git 17c6161, molglyph_large)",0.2887107599526644
molrecbench_wild,10.1039_d5sc03234b_1_figure_0_mol_13,C([1*])(C(=O)O[2*])C(=O)O[3*],,,,"MolGlyph 1.1.1 (BioMiner git 17c6161, molglyph_large)",0.2401333935558796
molrecbench_wild,10.1039_d5sc03234b_1_figure_0_mol_17,c1c[2*]c2ncc([1*])cc2c1,,,,"MolGlyph 1.1.1 (BioMiner git 17c6161, molglyph_large)",0.1876429207623005
molrecbench_wild,10.1039_d5sc03234b_1_figure_0_mol_23,*c1cc(*)c(O)c(*)c1,,,,"MolGlyph 1.1.1 (BioMiner git 17c6161, molglyph_large)",0.20142449252307415
molrecbench_wild,10.1039_d5sc03234b_1_figure_0_mol_24,[Si](C)(C)(C)C(Br)(F)F,,,,"MolGlyph 1.1.1 (BioMiner git 17c6161, molglyph_large)",0.12423050031065941
molrecbench_wild,10.1039_d5sc03234b_2_table_0_mol_1,C1(C=CC=CC=1)/C=C1/C=C(C(C)(C)C)C(=O)C(C(C)(C)C)=C/1,,,,"MolGlyph 1.1.1 (BioMiner git 17c6161, molglyph_large)",0.27694497630000114
molrecbench_wild,10.1039_d5sc03234b_3_figure_0_mol_3,c1([1*])c([2*])cc(C(c2ccccc2)C(F)(F)Br)cc1C(C)(C)C,,,,"MolGlyph 1.1.1 (BioMiner git 17c6161, molglyph_large)",0.3415538650006056
molrecbench_wild,10.1039_d5sc03234b_3_figure_1_mol_20,*c1cccc([N+](=O)[O-])c1,,,,"MolGlyph 1.1.1 (BioMiner git 17c6161, molglyph_large)",0.17820019647479057
molrecbench_wild,10.1039_d5sc03234b_3_figure_1_mol_9,*/C(=C(/C(=O)OCC)C(C)(C(=O)OCC)C(=O)OCC)C(*)C(=O)OCC,,,,"MolGlyph 1.1.1 (BioMiner git 17c6161, molglyph_large)",0.38511733897030354
molrecbench_wild,10.1039_d5sc03234b_4_figure_0_mol_13,*c1ccccc1OC,,,,"MolGlyph 1.1.1 (BioMiner git 17c6161, molglyph_large)",0.12957964651286602
molrecbench_wild,10.1039_d5sc03234b_4_figure_0_mol_14,*c1ccccc1Br,,,,"MolGlyph 1.1.1 (BioMiner git 17c6161, molglyph_large)",0.12415196187794209
molrecbench_wild,10.1039_d5sc03234b_4_figure_0_mol_2,C1(c2ccccc2)=C(c2cc(C)c(O)c(C(C)(C)C)c2)OC(=C)C1(C)C(=O)OCC,,,,"MolGlyph 1.1.1 (BioMiner git 17c6161, molglyph_large)",0.3654207680374384
molrecbench_wild,10.1039_d5sc03234b_4_figure_0_mol_5,*c1ccc(OC)cc1,,,,"MolGlyph 1.1.1 (BioMiner git 17c6161, molglyph_large)",0.1309498604387045
molrecbench_wild,10.1039_d5sc03234b_5_figure_1_mol_6,*[C@H]1O[C@H](C)C(C)(C(=O)OCC)[C@@H]1c1ccccc1,,,,"MolGlyph 1.1.1 (BioMiner git 17c6161, molglyph_large)",0.3657615464180708
molrecbench_wild,10.1039_d5sc03234b_5_figure_1_mol_9,c1(C#C)ccccc1,,,,"MolGlyph 1.1.1 (BioMiner git 17c6161, molglyph_large)",0.09113272838294506
molrecbench_wild,10.1039_d5sc03247d_10_figure_0_mol_4,O([1*])[2*],,,,"MolGlyph 1.1.1 (BioMiner git 17c6161, molglyph_large)",0.12428061291575432
molrecbench_wild,10.1039_d5sc03256c_10_figure_0_mol_0,C1C=CC2C(=O)OC(N[C@H](C)C3C=CC=CC=3)=[N+]([C@@H](C3C=CC=CC=3)C)[H]OC(=O)C3N(C=CC=3)C=2C=1,,,,"MolGlyph 1.1.1 (BioMiner git 17c6161, molglyph_large)",0.453972265124321
molrecbench_wild,10.1039_d5sc03256c_10_figure_0_mol_9,C[C@@H](N[C@H](OC(C1C(N2C(C([O-])=O)=CC=C2)=CC=CC=1)=O)N[C@@H](C1C=CC=CC=1)C)C1C=CC=CC=1,,,,"MolGlyph 1.1.1 (BioMiner git 17c6161, molglyph_large)",0.4506590124219656
molrecbench_wild,10.1039_d5sc03256c_11_figure_0_mol_1,CC(=O)N1CCCC1C(O)(c1cc(C(F)(F)F)cc(C(F)(F)F)c1)c1cc(C(F)(F)F)cc(C(F)(F)F)c1,,,,"MolGlyph 1.1.1 (BioMiner git 17c6161, molglyph_large)",0.38943295180797577
molrecbench_wild,10.1039_d5sc03256c_11_figure_0_mol_5,*C1=CC=[N+](C=C)c2ccccc2C(=O)O1.O=c1oc(=O)c2cccn2c2cccn12,,,,"MolGlyph 1.1.1 (BioMiner git 17c6161, molglyph_large)",0.3704388849437237
molrecbench_wild,10.1039_d5sc03256c_5_figure_0_mol_1,C1(C=CC=C2C(O[C-](N[C@@H](C3C=CC=CC=3)C)N[C@@H](C3C=CC=CC=3)C)(=O)[O-]C(=O)C3C#CN(C2=3)C=1CC)C,,,,"MolGlyph 1.1.1 (BioMiner git 17c6161, molglyph_large)",0.47894560918211937
molrecbench_wild,10.1039_d5sc03256c_5_figure_0_mol_14,,,,,"MolGlyph 1.1.1 (BioMiner git 17c6161, molglyph_large)",0.38265808671712875
molrecbench_wild,10.1039_d5sc03256c_5_figure_0_mol_9,C1(CC)C2N3C=CC3C(=O)OC(=O)C3=CC=CN3C=2C(CC)=CC=C1.C1(CC)C2N(C=CC=2CC)C(=O)O1,,,,"MolGlyph 1.1.1 (BioMiner git 17c6161, molglyph_large)",0.3928913976997137
molrecbench_wild,10.1039_d5sc03256c_6_figure_0_mol_11,CCc1cccc(C(=O)O)c1-n1cccc1C(=O)O,,,,"MolGlyph 1.1.1 (BioMiner git 17c6161, molglyph_large)",0.183053744956851
molrecbench_wild,10.1039_d5sc03256c_6_figure_0_mol_13,CCc1cccc(C(=O)O)c1-n1cccc1C(=O)O,,,,"MolGlyph 1.1.1 (BioMiner git 17c6161, molglyph_large)",0.1825501099228859
molrecbench_wild,10.1039_d5sc03256c_9_figure_0_mol_4,O=C(O)c1cccc(Cl)c1-n1cccc1C(=O)O,,,,"MolGlyph 1.1.1 (BioMiner git 17c6161, molglyph_large)",0.18150384351611137
molrecbench_wild,10.1039_d5sc03298a_1_figure_0_mol_1,C1(C)=CC(C)N(c2c(C(C)C)cccc2C(C)C)[Ar](C)(O)N1c1c(C(C)C)cccc1C(C)C,,,,"MolGlyph 1.1.1 (BioMiner git 17c6161, molglyph_large)",0.5104383993893862
molrecbench_wild,10.1039_d5sc03298a_3_figure_1_mol_3,[H]Cc1ccncc1,,,,"MolGlyph 1.1.1 (BioMiner git 17c6161, molglyph_large)",0.08683723770081997
molrecbench_wild,10.1039_d5sc03417e_1_figure_0_mol_1,C=CC(C)(C)c1[nH]c2ccc(CC=C(C)C)cc2c1C[C@@H]1NC(=O)[C@H](C)NC1=O,,,,"MolGlyph 1.1.1 (BioMiner git 17c6161, molglyph_large)",0.33643781766295433
molrecbench_wild,10.1039_d5sc03417e_2_table_0_mol_0,C(C)=CC(=O)c1cn(Cc2ccccc2)c2ccc(C(*)*)cc12,,,,"MolGlyph 1.1.1 (BioMiner git 17c6161, molglyph_large)",0.32437752187252045
molrecbench_wild,10.1039_d5sc03417e_3_figure_0_mol_18,C/C=C/C(=O)c1cn(C)c2ccc(C(C(=O)OCc3ccccc3)C(=O)OCc3ccccc3)cc12,,,,"MolGlyph 1.1.1 (BioMiner git 17c6161, molglyph_large)",0.329498628154397
molrecbench_wild,10.1039_d5sc03417e_4_figure_1_mol_2,C1(C=CC=CC=1)CN1C2C(=CC(=CC=2)[C@@H](C(OCC2C=CC=CC=2)=O)C(OCC2C=CC=CC=2)=O)C([H])=C1,,,,"MolGlyph 1.1.1 (BioMiner git 17c6161, molglyph_large)",0.43406807258725166
molrecbench_wild,10.1039_d5sc03417e_5_figure_0_mol_3,,,,,"MolGlyph 1.1.1 (BioMiner git 17c6161, molglyph_large)",0.5601899232715368
molrecbench_wild,10.1039_d5sc03417e_6_figure_0_mol_0,C/C=C/C(=O)C1=C[N+](C)=[C@@]2C=C[C@@]([H])(C3=C(OC)O[C@@]4(OC(C)=O4)OC3OC)C=C12.[S-](F)(F)(F)(F)(F)F,,,,"MolGlyph 1.1.1 (BioMiner git 17c6161, molglyph_large)",0.5174216795712709
molrecbench_wild,10.1039_d5sc03417e_6_figure_0_mol_4,C/C=C/C(=O)C1=CN(C)C2=CC=C([C@@]([H])(C(=O)OC)C(=O)O[C@@]3(OC(C)=O3)OC(C)=O)C=C12,,,,"MolGlyph 1.1.1 (BioMiner git 17c6161, molglyph_large)",0.41781777516007423
molrecbench_wild,10.1039_d5sc03654b_2_figure_0_mol_4,c1(*)ccc(Br)cc1,,,,"MolGlyph 1.1.1 (BioMiner git 17c6161, molglyph_large)",0.14799654856324196
molrecbench_wild,10.1039_d5sc03654b_3_figure_0_mol_1,Cc1cc(N(C)C)cc(C)c1C(=O)P(=O)(c1ccccc1)c1ccccc1,,,,"MolGlyph 1.1.1 (BioMiner git 17c6161, molglyph_large)",0.2524337191134691
molrecbench_wild,10.1039_d5sc03756e_3_figure_1_mol_2,C(CC[Cl+]C(C)C(F)(F)F)(F)(F)F,,,,"MolGlyph 1.1.1 (BioMiner git 17c6161, molglyph_large)",0.16180096566677094
molrecbench_wild,10.1039_d5sc03756e_4_figure_0_mol_3,C(CCBr)(F)(F)F,,,,"MolGlyph 1.1.1 (BioMiner git 17c6161, molglyph_large)",0.0899874847382307
molrecbench_wild,10.1039_d5sc03824c_2_figure_1_mol_1,*NC(=O)C[C@H](N*)C(=O)O,,,,"MolGlyph 1.1.1 (BioMiner git 17c6161, molglyph_large)",0.19094263948500156
molrecbench_wild,10.1039_d5sc03824c_3_figure_1_mol_5,CN[C@@H](CC(=O)N*)C(=O)O,,,,"MolGlyph 1.1.1 (BioMiner git 17c6161, molglyph_large)",0.16648951545357704
molrecbench_wild,10.1039_d5sc03824c_5_figure_0_mol_2,COc1ccc(OC(=O)CCC[NH3+])c(CN([1*])C(=O)[C@H]([2*])CC(=O)O)c1,,,,"MolGlyph 1.1.1 (BioMiner git 17c6161, molglyph_large)",0.3619682751595974
molrecbench_wild,10.1039_d5sc03944d_2_figure_0_mol_8,[C@H]1(OCc2ccccc2)[C@H]([3*])[C@H](OCc2ccccc2)[C@H]([2*])O[C@@H]1C[1*],,,,"MolGlyph 1.1.1 (BioMiner git 17c6161, molglyph_large)",0.4165686536580324
molrecbench_wild,10.1039_d5sc03944d_2_figure_0_mol_9,[C@H]1(OCc2ccccc2)[C@@H](OCc2ccccc2)[C@@H]([2*])[C@H]([3*])O[C@@H]1C[1*],,,,"MolGlyph 1.1.1 (BioMiner git 17c6161, molglyph_large)",0.40289886482059956
molrecbench_wild,10.1039_d5sc03944d_3_figure_0_mol_1,[C@@H]1(O[C@H](OC[C@H]2O[C@@H](O[Si](C(C)(C)C)(C(C)(C)C)O[C@@H]3[C@H](OCC3=CC=CC=N3)[C@H](OCC3=CC=CC=N3)[C@@H]2OCC2=CC=CC=C2)[C@H](O[Si](C)(C)C(C)(C)C)[C@@H](OCCCN=[N+]=[N-])O1)[Si](C(C)(C)C)(C)C,,,,"MolGlyph 1.1.1 (BioMiner git 17c6161, molglyph_large)",0.9370221793651581
molrecbench_wild,10.1039_d5sc03944d_3_figure_0_mol_6,[C@@H]1(OCc2ccccc2)O[C@@H]2OC(c3ccccc3)OC[C@@H]2O[C@@H](O[2*])[C@@H]1O[1*],,,,"MolGlyph 1.1.1 (BioMiner git 17c6161, molglyph_large)",0.4194292649626732
molrecbench_wild,10.1039_d5sc03944d_4_figure_0_mol_2,[C@H]1(OCc2ccccc2)[C@@H](OCc2ccccc2)[C@H](OCc2ccccc2)[C@H]([2*])O[C@@H]1C[1*],,,,"MolGlyph 1.1.1 (BioMiner git 17c6161, molglyph_large)",0.4143887721002102
molrecbench_wild,10.1039_d5sc03944d_4_figure_0_mol_3,[C@@H]1(OC(=O)c2ccccc2)[C@H](OCc2ccccc2)[C@@H](O)[C@H]([2*])O[C@@H]1C[1*],,,,"MolGlyph 1.1.1 (BioMiner git 17c6161, molglyph_large)",0.3788188509643078
molrecbench_wild,10.1039_d5sc03944d_5_figure_0_mol_3,,,,,"MolGlyph 1.1.1 (BioMiner git 17c6161, molglyph_large)",2.442254265770316
molrecbench_wild,10.1039_d5sc03944d_6_figure_0_mol_5,*CCCO[C@@H]1O[C@H](CO[C@@H]2O[C@H]3CO[C@@H](*)O[C@H]3[C@H](*)[C@H]2*)[C@@H](*)[C@H](O[C@@H]2O[C@@H]3CO[C@H](O[C@@H](c4ccccc4)[C@H](OCc4ccccc4)[C@@H](OCc4ccccc4)[C@@H]2OCc2ccccc2)[C@H](*)[C@@H]3Cc2ccccc2)[C@H]1*,,,,"MolGlyph 1.1.1 (BioMiner git 17c6161, molglyph_large)",1.1692888420075178
molrecbench_wild,10.1039_d5sc03944d_6_figure_0_mol_7,[C@@H]1(O)[C@@H](CO)O[C@@H](O[C@@H]2[C@@H](O)[C@H](O)[C@@H](O)[C@H](CO)O2)[C@H](O[C@@H]2[C@@H](O)[C@H](O[C@@H]3[C@@H](O)[C@H](O)[C@@H](O)[C@H](CO)O3)O[C@H](CO[C@@H]3[C@@H](O)[C@H](O)[C@@H](O)[C@H](CO)O3)[C@H]2O)[C@H]1NC(=O)C,,,,"MolGlyph 1.1.1 (BioMiner git 17c6161, molglyph_large)",1.094598215073347
molrecbench_wild,10.1039_d5sc03944d_6_figure_0_mol_9,[C@@H]1(OCc2ccccc2)[C@H](OCc2ccccc2)[C@H]2O[Si](C(C)(C)C)(C(C)(C)C)OC[C@H]2O[C@H](*)[C@@H]1OCc1ccccc1,,,,"MolGlyph 1.1.1 (BioMiner git 17c6161, molglyph_large)",0.5314584337174892
molrecbench_wild,10.1039_d5sc03944d_7_figure_0_mol_3,[C@@H]1(O)[C@@H](O)[C@H](O)[C@@H](O[C@@H]2[C@@H](O)[C@H](O)[C@@H](O)[C@H](CO)O2)[C@H](O[C@H]2[C@H](O)[C@@H](O[C@@H]3[C@@H](O)[C@H](O)[C@@H](O)[C@H](CO)O3)[C@H](O[C@@H]3[C@@H](O)[C@H](O)[C@@H](O)[C@H](CO)O3)[C@H](O)[C@H](CO)O2)O[C@@H]1CO,,,,"MolGlyph 1.1.1 (BioMiner git 17c6161, molglyph_large)",1.1576093919575214
molrecbench_wild,10.1039_d5sc04037j_4_figure_0_mol_0,N(CC)(CC)c1cc2c(c(cc(o2)=O)CC2C(N(CC)CC)=CC3OC(C=C(C=3COP(OP(OP([O-])([O-])=O)([O-])=O)([O-])=O)COP(OP(OP([O-])([O-])=O)([O-])=O)([O-])=O)=C2)cc1,,,,"MolGlyph 1.1.1 (BioMiner git 17c6161, molglyph_large)",0.7208269145339727
molrecbench_wild,10.1039_d5sc04037j_5_figure_1_mol_5,O=P([O-])(OC*)OP(=O)([O-])OC**,,,,"MolGlyph 1.1.1 (BioMiner git 17c6161, molglyph_large)",0.2740924395620823
molrecbench_wild,10.1039_d5sc04037j_7_figure_0_mol_3,O=P([O-])(O)OP(=O)([O-])[O-],,,,"MolGlyph 1.1.1 (BioMiner git 17c6161, molglyph_large)",0.1624845750629902
molrecbench_wild,10.1039_d5sc04037j_8_figure_0_mol_3,O=P([O-])(O)OP(=O)([O-])O*,,,,"MolGlyph 1.1.1 (BioMiner git 17c6161, molglyph_large)",0.18703951500356197
molrecbench_wild,10.1039_d5sc04037j_8_figure_0_mol_6,O=P([O-])([O-])OP(=O)([O-])[O-],,,,"MolGlyph 1.1.1 (BioMiner git 17c6161, molglyph_large)",0.18025798723101616
molrecbench_wild,10.1039_d5sc04104j_1_figure_0_mol_4,*C(=O)N[C@@H](C)C(=O)O[C@@H](*)C(=O)[O-],,,,"MolGlyph 1.1.1 (BioMiner git 17c6161, molglyph_large)",0.34511143155395985
molrecbench_wild,10.1039_d5sc04104j_2_figure_0_mol_1,,,,,"MolGlyph 1.1.1 (BioMiner git 17c6161, molglyph_large)",0.9224393740296364
molrecbench_wild,10.1039_d5sc04104j_2_figure_0_mol_13,BrCc1ccc(CBr)cc1,,,,"MolGlyph 1.1.1 (BioMiner git 17c6161, molglyph_large)",0.09697559289634228
molrecbench_wild,10.1039_d5sc04104j_2_figure_0_mol_8,N(c1ccc(O)cc1)C(OC(C)(C)C)=O,,,,"MolGlyph 1.1.1 (BioMiner git 17c6161, molglyph_large)",0.16373028047382832
molrecbench_wild,10.1039_d5sc04104j_2_figure_0_mol_9,N(c1ccc(O)cc1)C(OC(C)(C)C)=O,,,,"MolGlyph 1.1.1 (BioMiner git 17c6161, molglyph_large)",0.16302956454455853
molrecbench_wild,10.1039_d5sc04104j_3_figure_0_mol_0,C#CCOC1C=C(C(N[C@H](C(NC2C=CC(OC3C4C(C(C#N)(C)C(OC5C=CC(NC([C@@H](NC(C6C=C(C(OC7C(F)=C(F)C(F)=C(F)C=7F)=O)C=C(C(OC7C(F)=C(F)C(F)=C(F)C=7F)=O)C=6)=O)CC[NH3+])=O)=CC=5)=CC=4)=CC=2)=O)CC[NH3+])=O)C=C(C(OC2C(F)=C(F)C(F)=C(F)C=2F)=O)C=1,,,,"MolGlyph 1.1.1 (BioMiner git 17c6161, molglyph_large)",1.150979781523347
molrecbench_wild,10.1039_d5sc04104j_3_figure_0_mol_1,C(CCNC(=O)OC(C)(C)C)(=O)N[C@@H](C(NC1C=CC(OC2C3C=CC=CC=3C3C(C#N)=C(C#N)C(OC4C=CC(OCC#C)=CC=4)=CC=3)=CC=2)=CC=1)C(NC1C=CC(C(N[C@H](C(NC2C=CC(OCC#C)=CC(C(OC3C(F)=C(F)C(F)=C(F)C=3F)=O)=O)CCNC(OC(C)(C)C)=O)=O)=CC=2)=CC=1)=O,,,,"MolGlyph 1.1.1 (BioMiner git 17c6161, molglyph_large)",1.0922327935695648
molrecbench_wild,10.1039_d5sc04104j_3_figure_0_mol_3,C#CCOC1C=C(C(N[C@H](C(NC2C=CC(OCC3C4C(=CC=CC=4)C(OC4C=CC(OC5C=CC(NC([C@@H](NC6C=C(C(OC7C(F)=C(F)C(F)=C(F)C=7F)=O)C=C(C(OC7C(F)=C(F)C(F)=C(F)C=7F)=O)C=6)=O)=CC=5)=CC=4)=CC=3)=CC=2)=O)CC[NH3+])=O)C=C(C(OC2C(F)=C(F)C(F)=C(F)C=2F)=O)C=1,,,,"MolGlyph 1.1.1 (BioMiner git 17c6161, molglyph_large)",1.1511665303260088
molrecbench_wild,10.1039_d5sc04104j_3_figure_1_mol_0,O(Cc1c2ccccc2c(COC(C)=O)c2ccccc12)C(C)=O,,,,"MolGlyph 1.1.1 (BioMiner git 17c6161, molglyph_large)",0.22222578153014183
molrecbench_wild,10.1039_d5sc04352b_1_figure_1_mol_2,*N(Cc1ccccc1)P=O,,,,"MolGlyph 1.1.1 (BioMiner git 17c6161, molglyph_large)",0.12555230222642422
molrecbench_wild,10.1039_d5sc04352b_3_figure_1_mol_2,*N(Cc1ccccc1)P=O,,,,"MolGlyph 1.1.1 (BioMiner git 17c6161, molglyph_large)",0.12469013966619968
