dataset,item_id,smiles,page,bbox,confidence,tool,seconds
uob,maybridge-0001-1032051861,Cc1cc(C)c(C=O)[nH]1,,,,"MolGlyph 1.1.1 (BioMiner git 17c6161, molglyph_large)",0.12845701724290848
uob,maybridge-0001-1049908415,N#Cc1cccc(-n2cccc2C=O)c1,,,,"MolGlyph 1.1.1 (BioMiner git 17c6161, molglyph_large)",0.14642581716179848
uob,maybridge-0001-110883269,O=Cc1cccn1-c1ccc(Cl)cc1,,,,"MolGlyph 1.1.1 (BioMiner git 17c6161, molglyph_large)",0.1363468188792467
uob,maybridge-0001-263948097,O=Cc1ccc[nH]1,,,,"MolGlyph 1.1.1 (BioMiner git 17c6161, molglyph_large)",0.09211676381528378
uob,maybridge-0001-309810939,CCOC(=O)c1[nH]c(C)c(C=O)c1C,,,,"MolGlyph 1.1.1 (BioMiner git 17c6161, molglyph_large)",0.1592013631016016
uob,maybridge-0001-31314370,COC(=O)c1c(C=O)c(C)n(C)c1C,,,,"MolGlyph 1.1.1 (BioMiner git 17c6161, molglyph_large)",0.1554952785372734
uob,maybridge-0001-635170404,COC(=O)c1c(C)[nH]c(C)c1C=O,,,,"MolGlyph 1.1.1 (BioMiner git 17c6161, molglyph_large)",0.15554001182317734
uob,maybridge-0001-715660248,CCOC(=O)c1c(C=O)c(C)n(C2CC2)c1C,,,,"MolGlyph 1.1.1 (BioMiner git 17c6161, molglyph_large)",0.17941060476005077
uob,maybridge-0001-722986859,COC(=O)c1cc(C=O)cn1C,,,,"MolGlyph 1.1.1 (BioMiner git 17c6161, molglyph_large)",0.1259651519358158
uob,maybridge-0001-764805251,N#CCCn1cccc1C=O,,,,"MolGlyph 1.1.1 (BioMiner git 17c6161, molglyph_large)",0.10282835178077221
uob,maybridge-0002-1066441225,Cn1ccc(C=O)n1,,,,"MolGlyph 1.1.1 (BioMiner git 17c6161, molglyph_large)",0.09266323409974575
uob,maybridge-0002-111144757,Cc1cc(C=O)n(C)n1,,,,"MolGlyph 1.1.1 (BioMiner git 17c6161, molglyph_large)",0.10653875209391117
uob,maybridge-0002-20741494,O=CC1N(C2C=CC(I)=CC=2)C(C=O)=CC=1,,,,"MolGlyph 1.1.1 (BioMiner git 17c6161, molglyph_large)",0.18779758550226688
uob,maybridge-0002-289005593,CCOC(=O)c1c(C=O)c(C)n(-c2ccccc2)c1C,,,,"MolGlyph 1.1.1 (BioMiner git 17c6161, molglyph_large)",0.19841225259006023
uob,maybridge-0002-449756707,Cn1ncc(C=O)c1N,,,,"MolGlyph 1.1.1 (BioMiner git 17c6161, molglyph_large)",0.09705132246017456
uob,maybridge-0002-53570695,O=Cc1cccn1-c1ccc(C(F)(F)F)cc1,,,,"MolGlyph 1.1.1 (BioMiner git 17c6161, molglyph_large)",0.17249193973839283
uob,maybridge-0002-549381716,Cc1cc(C=O)nn1C,,,,"MolGlyph 1.1.1 (BioMiner git 17c6161, molglyph_large)",0.09824505262076855
uob,maybridge-0002-604042052,Cn1cc(C=O)c(N)n1,,,,"MolGlyph 1.1.1 (BioMiner git 17c6161, molglyph_large)",0.10635847598314285
uob,maybridge-0002-732429981,O=Cc1cccn1-c1cc(Cl)cc(Cl)c1,,,,"MolGlyph 1.1.1 (BioMiner git 17c6161, molglyph_large)",0.14984984323382378
uob,maybridge-0003-1070034781,O=Cc1c[nH]nc1-c1cccs1,,,,"MolGlyph 1.1.1 (BioMiner git 17c6161, molglyph_large)",0.13015112653374672
uob,maybridge-0003-193768864,Cc1nn(C(C)(C)C)c(C)c1C=O,,,,"MolGlyph 1.1.1 (BioMiner git 17c6161, molglyph_large)",0.1452938560396433
uob,maybridge-0003-197451784,Cc1nn(C)c(C)c1C=O,,,,"MolGlyph 1.1.1 (BioMiner git 17c6161, molglyph_large)",0.11151316203176975
uob,maybridge-0003-375226068,O=Cc1c[nH]nc1-c1ccccc1,,,,"MolGlyph 1.1.1 (BioMiner git 17c6161, molglyph_large)",0.13561713881790638
uob,maybridge-0003-625260689,O=Cc1ccnn1-c1ccccc1,,,,"MolGlyph 1.1.1 (BioMiner git 17c6161, molglyph_large)",0.12121595069766045
uob,maybridge-0003-701940104,Cc1nn(C)c(Cl)c1C=O,,,,"MolGlyph 1.1.1 (BioMiner git 17c6161, molglyph_large)",0.11180470325052738
uob,maybridge-0003-832932927,O=Cc1[nH]ncc1Br,,,,"MolGlyph 1.1.1 (BioMiner git 17c6161, molglyph_large)",0.09675570018589497
uob,maybridge-0003-880275113,Cn1cc(Cl)c(C=O)n1,,,,"MolGlyph 1.1.1 (BioMiner git 17c6161, molglyph_large)",0.10626296326518059
uob,maybridge-0003-888341323,Cn1nc(C=O)cc1-c1ccco1,,,,"MolGlyph 1.1.1 (BioMiner git 17c6161, molglyph_large)",0.13124225102365017
uob,maybridge-0003-921236533,Cn1nc(-c2ccccc2)cc1C=O,,,,"MolGlyph 1.1.1 (BioMiner git 17c6161, molglyph_large)",0.13548345677554607
uob,maybridge-0004-269555700,Cn1ncc(C=O)c1-c1ccccc1,,,,"MolGlyph 1.1.1 (BioMiner git 17c6161, molglyph_large)",0.13583252765238285
uob,maybridge-0004-297286884,Cn1nc(-c2cccs2)cc1C=O,,,,"MolGlyph 1.1.1 (BioMiner git 17c6161, molglyph_large)",0.1312650479376316
uob,maybridge-0004-363642336,COc1ccc(-c2n[nH]cc2C=O)cc1,,,,"MolGlyph 1.1.1 (BioMiner git 17c6161, molglyph_large)",0.1551863718777895
uob,maybridge-0004-394368388,Cc1c(C=O)cnn1-c1ccccc1,,,,"MolGlyph 1.1.1 (BioMiner git 17c6161, molglyph_large)",0.1361472550779581
uob,maybridge-0004-399638852,Cc1ccccc1-n1ncc(C=O)c1C,,,,"MolGlyph 1.1.1 (BioMiner git 17c6161, molglyph_large)",0.14030037261545658
uob,maybridge-0004-523287202,O=Cc1c[nH]nc1-c1ccc(F)cc1,,,,"MolGlyph 1.1.1 (BioMiner git 17c6161, molglyph_large)",0.15038958378136158
uob,maybridge-0004-715318232,Cn1nc(C=O)cc1-c1ccccc1,,,,"MolGlyph 1.1.1 (BioMiner git 17c6161, molglyph_large)",0.1357604432851076
uob,maybridge-0004-781633036,Cn1cc(Br)c(C=O)n1,,,,"MolGlyph 1.1.1 (BioMiner git 17c6161, molglyph_large)",0.10674385726451874
uob,maybridge-0004-868527528,Cn1ncc(Br)c1C=O,,,,"MolGlyph 1.1.1 (BioMiner git 17c6161, molglyph_large)",0.10237988084554672
uob,maybridge-0005-356438784,Cc1nn(C(=O)OC(C)(C)C)c(C)c1C=O,,,,"MolGlyph 1.1.1 (BioMiner git 17c6161, molglyph_large)",0.17648136988282204
uob,maybridge-0005-468725529,O=Cc1c[nH]cn1,,,,"MolGlyph 1.1.1 (BioMiner git 17c6161, molglyph_large)",0.09249001555144787
uob,maybridge-0005-739915396,Cn1cnc(C=O)c1,,,,"MolGlyph 1.1.1 (BioMiner git 17c6161, molglyph_large)",0.09243028238415718
uob,maybridge-0005-758470697,O=Cc1ncc[nH]1,,,,"MolGlyph 1.1.1 (BioMiner git 17c6161, molglyph_large)",0.09230228140950203
uob,maybridge-0005-802730930,Cc1c(C=O)cnn1-c1ccc(F)cc1,,,,"MolGlyph 1.1.1 (BioMiner git 17c6161, molglyph_large)",0.15073327906429768
uob,maybridge-0005-897566014,O=Cc1c[nH]nc1-c1ccc(C(F)(F)F)cc1,,,,"MolGlyph 1.1.1 (BioMiner git 17c6161, molglyph_large)",0.18468420766294003
uob,maybridge-0005-92151286,Cn1nc(C(F)(F)F)c(C=O)c1Cl,,,,"MolGlyph 1.1.1 (BioMiner git 17c6161, molglyph_large)",0.14559823647141457
uob,maybridge-0005-921694927,Cc1nn(C)c(N2CCOCC2)c1C=O,,,,"MolGlyph 1.1.1 (BioMiner git 17c6161, molglyph_large)",0.1454634889960289
uob,maybridge-0005-935459379,COc1ccc(-n2ncc(C=O)c2C)cc1,,,,"MolGlyph 1.1.1 (BioMiner git 17c6161, molglyph_large)",0.15629800967872143
uob,maybridge-0006-145414490,O=Cc1ccc(B(O)O)o1,,,,"MolGlyph 1.1.1 (BioMiner git 17c6161, molglyph_large)",0.11208856664597988
uob,maybridge-0006-23562132,CSc1ncc(C=O)n1Cc1ccccc1,,,,"MolGlyph 1.1.1 (BioMiner git 17c6161, molglyph_large)",0.14133442007005215
uob,maybridge-0006-257490328,Cc1ncc(C=O)n1C,,,,"MolGlyph 1.1.1 (BioMiner git 17c6161, molglyph_large)",0.09747661463916302
uob,maybridge-0006-428660075,CCCCc1nc(C=O)c(Cl)[nH]1,,,,"MolGlyph 1.1.1 (BioMiner git 17c6161, molglyph_large)",0.13625718653202057
uob,maybridge-0006-436168193,Cn1cncc1C=O,,,,"MolGlyph 1.1.1 (BioMiner git 17c6161, molglyph_large)",0.0826479122042656
uob,maybridge-0006-610199923,Cc1nc[nH]c1C=O,,,,"MolGlyph 1.1.1 (BioMiner git 17c6161, molglyph_large)",0.09753932617604733
uob,maybridge-0006-627835855,CCCCc1nc(C=O)c[nH]1,,,,"MolGlyph 1.1.1 (BioMiner git 17c6161, molglyph_large)",0.12193012796342373
uob,maybridge-0006-789494731,O=Cc1ccoc1,,,,"MolGlyph 1.1.1 (BioMiner git 17c6161, molglyph_large)",0.07802673056721687
uob,maybridge-0006-830360115,CCc1nc(C)c(C=O)[nH]1,,,,"MolGlyph 1.1.1 (BioMiner git 17c6161, molglyph_large)",0.12618540041148663
uob,maybridge-0006-857072465,O=Cc1ccco1,,,,"MolGlyph 1.1.1 (BioMiner git 17c6161, molglyph_large)",0.07807888276875019
uob,maybridge-0006-92768713,Cc1nc(C=O)c[nH]1,,,,"MolGlyph 1.1.1 (BioMiner git 17c6161, molglyph_large)",0.10649358108639717
uob,maybridge-0006-979991098,[N+](c1ccc(C=O)o1)(=O)[O-],,,,"MolGlyph 1.1.1 (BioMiner git 17c6161, molglyph_large)",0.15476498752832413
uob,maybridge-0007-1000171633,O=Cc1ccc(Br)o1,,,,"MolGlyph 1.1.1 (BioMiner git 17c6161, molglyph_large)",0.09532547555863857
uob,maybridge-0007-215668734,Cc1cc(C=O)c(-c2ccccc2)o1,,,,"MolGlyph 1.1.1 (BioMiner git 17c6161, molglyph_large)",0.1453696433454752
uob,maybridge-0007-527646682,Cc1nnc(Sc2ccc(C=O)o2)n1C,,,,"MolGlyph 1.1.1 (BioMiner git 17c6161, molglyph_large)",0.14571460708975792
uob,maybridge-0007-527759649,O=Cc1ccc(C(F)(F)F)o1,,,,"MolGlyph 1.1.1 (BioMiner git 17c6161, molglyph_large)",0.12579595483839512
uob,maybridge-0007-65267313,Cc1oc(-c2ccccc2)cc1C=O,,,,"MolGlyph 1.1.1 (BioMiner git 17c6161, molglyph_large)",0.13661792129278183
uob,maybridge-0007-659329728,O=Cc1ccc(Oc2cccnc2)o1,,,,"MolGlyph 1.1.1 (BioMiner git 17c6161, molglyph_large)",0.13115518912672997
uob,maybridge-0007-752363562,O=Cc1ccc(Sc2ccccn2)o1,,,,"MolGlyph 1.1.1 (BioMiner git 17c6161, molglyph_large)",0.13082574680447578
uob,maybridge-0007-874528401,O=Cc1ccc(CN2C(=O)c3ccccc3C2=O)o1,,,,"MolGlyph 1.1.1 (BioMiner git 17c6161, molglyph_large)",0.18451981619000435
uob,maybridge-0007-891936742,NS(=O)(=O)c1ccc(-c2ccc(C=O)o2)cc1,,,,"MolGlyph 1.1.1 (BioMiner git 17c6161, molglyph_large)",0.18886946886777878
uob,maybridge-0007-914728550,COC(=O)c1cc(C=O)oc1C,,,,"MolGlyph 1.1.1 (BioMiner git 17c6161, molglyph_large)",0.12617585621774197
uob,maybridge-0007-964024908,COC(=O)c1sccc1-c1ccc(C=O)o1,,,,"MolGlyph 1.1.1 (BioMiner git 17c6161, molglyph_large)",0.15975038148462772
uob,maybridge-0008-1052247062,CCOC(=O)c1cc(-c2ccc(Cl)cc2)oc1C=O,,,,"MolGlyph 1.1.1 (BioMiner git 17c6161, molglyph_large)",0.18492802418768406
uob,maybridge-0008-1057253389,O=Cc1ccc(-c2ccc(C(F)(F)F)cc2Cl)o1,,,,"MolGlyph 1.1.1 (BioMiner git 17c6161, molglyph_large)",0.18382427841424942
uob,maybridge-0008-176979447,CCc1ccc(C=O)s1,,,,"MolGlyph 1.1.1 (BioMiner git 17c6161, molglyph_large)",0.09703765623271465
uob,maybridge-0008-41142559,O=Cc1ccc(-c2ccc(F)c(C(F)(F)F)c2)o1,,,,"MolGlyph 1.1.1 (BioMiner git 17c6161, molglyph_large)",0.19367095455527306
uob,maybridge-0008-524880020,O=Cc1ccc(-c2cc(C(F)(F)F)cc(C(F)(F)F)c2)o1,,,,"MolGlyph 1.1.1 (BioMiner git 17c6161, molglyph_large)",0.22851095534861088
uob,maybridge-0008-678510846,O=Cc1ccc(Cl)s1,,,,"MolGlyph 1.1.1 (BioMiner git 17c6161, molglyph_large)",0.0926263052970171
uob,maybridge-0008-807557087,O=Cc1ccc(-c2ccc(OC(F)(F)F)cc2)o1,,,,"MolGlyph 1.1.1 (BioMiner git 17c6161, molglyph_large)",0.18634641729295254
uob,maybridge-0008-845399475,Cc1csc(C=O)c1,,,,"MolGlyph 1.1.1 (BioMiner git 17c6161, molglyph_large)",0.09245847724378109
uob,maybridge-0008-971236867,O=Cc1ccc(-c2ccccc2OC(F)(F)F)o1,,,,"MolGlyph 1.1.1 (BioMiner git 17c6161, molglyph_large)",0.17560739442706108
uob,maybridge-0008-973322273,O=Cc1sccc1Cl,,,,"MolGlyph 1.1.1 (BioMiner git 17c6161, molglyph_large)",0.08285125158727169
uob,maybridge-0008-996095623,Cc1ccc(C=O)s1,,,,"MolGlyph 1.1.1 (BioMiner git 17c6161, molglyph_large)",0.09253066033124924
uob,maybridge-0009-123030958,O=Cc1ccc(-c2ccccc2)s1,,,,"MolGlyph 1.1.1 (BioMiner git 17c6161, molglyph_large)",0.1315528992563486
uob,maybridge-0009-172320571,CSc1ccc(C=O)s1,,,,"MolGlyph 1.1.1 (BioMiner git 17c6161, molglyph_large)",0.09731746092438698
uob,maybridge-0009-200340357,CC(=O)c1ccc(C=O)s1,,,,"MolGlyph 1.1.1 (BioMiner git 17c6161, molglyph_large)",0.1169303935021162
uob,maybridge-0009-389769516,O=Cc1ccc(-c2ccccn2)s1,,,,"MolGlyph 1.1.1 (BioMiner git 17c6161, molglyph_large)",0.13140223734080791
uob,maybridge-0009-539949066,O=Cc1ccc(-c2ccco2)s1,,,,"MolGlyph 1.1.1 (BioMiner git 17c6161, molglyph_large)",0.12674785032868385
uob,maybridge-0009-580355195,O=Cc1ccsc1Br,,,,"MolGlyph 1.1.1 (BioMiner git 17c6161, molglyph_large)",0.08270145207643509
uob,maybridge-0009-610553642,O=Cc1ccc(Br)s1,,,,"MolGlyph 1.1.1 (BioMiner git 17c6161, molglyph_large)",0.0925185140222311
uob,maybridge-0009-640640130,O=Cc1ccc(-c2cccs2)s1,,,,"MolGlyph 1.1.1 (BioMiner git 17c6161, molglyph_large)",0.12611187249422073
uob,maybridge-0009-817477328,O=Cc1ccc(N2CCOCC2)s1,,,,"MolGlyph 1.1.1 (BioMiner git 17c6161, molglyph_large)",0.12635067105293274
uob,maybridge-0009-905767877,O=Cc1sccc1-n1cccc1,,,,"MolGlyph 1.1.1 (BioMiner git 17c6161, molglyph_large)",0.11731316335499287
uob,maybridge-0009-952281617,O=Cc1cc(Br)cs1,,,,"MolGlyph 1.1.1 (BioMiner git 17c6161, molglyph_large)",0.09262003563344479
uob,maybridge-0009-988380419,O=Cc1sccc1Br,,,,"MolGlyph 1.1.1 (BioMiner git 17c6161, molglyph_large)",0.08283043466508389
uob,maybridge-0010-325438279,Cc1noc(C)c1C=O,,,,"MolGlyph 1.1.1 (BioMiner git 17c6161, molglyph_large)",0.09778010286390781
uob,maybridge-0010-368121303,O=Cc1cc(-c2cccs2)on1,,,,"MolGlyph 1.1.1 (BioMiner git 17c6161, molglyph_large)",0.12691152840852737
uob,maybridge-0010-380761131,Cc1nc(-c2ccc(C=O)s2)cs1,,,,"MolGlyph 1.1.1 (BioMiner git 17c6161, molglyph_large)",0.1409467700868845
uob,maybridge-0010-43973025,Cc1cc(C=O)no1,,,,"MolGlyph 1.1.1 (BioMiner git 17c6161, molglyph_large)",0.09250312112271786
uob,maybridge-0010-446438857,O=Cc1cc(-c2ccco2)on1,,,,"MolGlyph 1.1.1 (BioMiner git 17c6161, molglyph_large)",0.12710664235055447
uob,maybridge-0010-448403649,O=Cc1sccc1Oc1ccccc1,,,,"MolGlyph 1.1.1 (BioMiner git 17c6161, molglyph_large)",0.12202673964202404
uob,maybridge-0010-481945036,Cn1nc(-c2ccc(C=O)s2)cc1C(F)(F)F,,,,"MolGlyph 1.1.1 (BioMiner git 17c6161, molglyph_large)",0.1798174735158682
uob,maybridge-0010-547693915,O=Cc1ccc(C#Cc2ccccc2)s1,,,,"MolGlyph 1.1.1 (BioMiner git 17c6161, molglyph_large)",0.1410260833799839
uob,maybridge-0010-577638942,O=Cc1cc(-c2ccccc2)on1,,,,"MolGlyph 1.1.1 (BioMiner git 17c6161, molglyph_large)",0.13147022761404514
uob,maybridge-0010-698472571,COc1ccc(-c2ccc(C=O)s2)cc1,,,,"MolGlyph 1.1.1 (BioMiner git 17c6161, molglyph_large)",0.15124640241265297
uob,maybridge-0010-908946081,O=Cc1cc(C#Cc2ccccc2)cs1,,,,"MolGlyph 1.1.1 (BioMiner git 17c6161, molglyph_large)",0.14150572195649147
uob,maybridge-0011-141286342,O=Cc1csc(-c2ccccc2)n1,,,,"MolGlyph 1.1.1 (BioMiner git 17c6161, molglyph_large)",0.13135673105716705
uob,maybridge-0011-2114305,Cc1nc(C)c(C=O)s1,,,,"MolGlyph 1.1.1 (BioMiner git 17c6161, molglyph_large)",0.10773202404379845
uob,maybridge-0011-497934192,Cc1nc(C=O)cs1,,,,"MolGlyph 1.1.1 (BioMiner git 17c6161, molglyph_large)",0.09249194525182247
uob,maybridge-0011-5588874,Cc1noc(-c2ccccc2)c1C=O,,,,"MolGlyph 1.1.1 (BioMiner git 17c6161, molglyph_large)",0.13644389808177948
uob,maybridge-0011-676508865,Cc1nc(C=O)c(C)o1,,,,"MolGlyph 1.1.1 (BioMiner git 17c6161, molglyph_large)",0.1070534996688366
uob,maybridge-0011-677447266,O=Cc1csc(-c2cccc(Cl)c2)n1,,,,"MolGlyph 1.1.1 (BioMiner git 17c6161, molglyph_large)",0.14590628445148468
uob,maybridge-0011-742592288,Cc1nc(-c2ccccc2)c(C=O)s1,,,,"MolGlyph 1.1.1 (BioMiner git 17c6161, molglyph_large)",0.14622779935598373
uob,maybridge-0011-832137346,Cc1nc(-c2ccccc2)sc1C=O,,,,"MolGlyph 1.1.1 (BioMiner git 17c6161, molglyph_large)",0.1364566832780838
uob,maybridge-0011-854911220,Cc1oc(-c2ccccc2)nc1C=O,,,,"MolGlyph 1.1.1 (BioMiner git 17c6161, molglyph_large)",0.13644772954285145
uob,maybridge-0011-946299764,O=Cc1nccs1,,,,"MolGlyph 1.1.1 (BioMiner git 17c6161, molglyph_large)",0.07806023955345154
uob,maybridge-0011-983421880,Cc1onc(-c2ccccc2)c1C=O,,,,"MolGlyph 1.1.1 (BioMiner git 17c6161, molglyph_large)",0.13683872297406197
uob,maybridge-0012-1027165240,Cc1nc(C2CCN(C(=O)OC(C)(C)C)CC2)sc1C=O,,,,"MolGlyph 1.1.1 (BioMiner git 17c6161, molglyph_large)",0.20913651958107948
uob,maybridge-0012-1053729434,CC(C)(C)OC(=O)N1CCC(c2nc(C=O)cs2)CC1,,,,"MolGlyph 1.1.1 (BioMiner git 17c6161, molglyph_large)",0.204880578443408
uob,maybridge-0012-110811163,O=Cc1sc(-c2ccccc2)nc1-c1ccccc1,,,,"MolGlyph 1.1.1 (BioMiner git 17c6161, molglyph_large)",0.17545845173299313
uob,maybridge-0012-135890793,N#Cc1cccc(C=O)c1,,,,"MolGlyph 1.1.1 (BioMiner git 17c6161, molglyph_large)",0.10744308494031429
uob,maybridge-0012-154509645,Cc1nc(-c2ccc(C(F)(F)F)cc2)sc1C=O,,,,"MolGlyph 1.1.1 (BioMiner git 17c6161, molglyph_large)",0.18632889166474342
uob,maybridge-0012-322584304,O=Cc1csc(-c2ccc(C(F)(F)F)cc2)n1,,,,"MolGlyph 1.1.1 (BioMiner git 17c6161, molglyph_large)",0.18322784639894962
uob,maybridge-0012-423484584,O=Cc1ccc(F)c(F)c1,,,,"MolGlyph 1.1.1 (BioMiner git 17c6161, molglyph_large)",0.11416341550648212
uob,maybridge-0012-473091589,O=Cc1cc(F)cc(F)c1,,,,"MolGlyph 1.1.1 (BioMiner git 17c6161, molglyph_large)",0.11326489225029945
uob,maybridge-0012-848353251,O=Cc1csnn1,,,,"MolGlyph 1.1.1 (BioMiner git 17c6161, molglyph_large)",0.07821770384907722
uob,maybridge-0012-900005443,N#Cc1ccc(C=O)cc1,,,,"MolGlyph 1.1.1 (BioMiner git 17c6161, molglyph_large)",0.10698028653860092
uob,maybridge-0013-146386987,O=Cc1cc(Cl)ccc1O,,,,"MolGlyph 1.1.1 (BioMiner git 17c6161, molglyph_large)",0.10221473500132561
uob,maybridge-0013-267661299,O=Cc1cccc(B(O)O)c1,,,,"MolGlyph 1.1.1 (BioMiner git 17c6161, molglyph_large)",0.11718087457120419
uob,maybridge-0013-320882374,O=Cc1ccc(F)c([N+](=O)[O-])c1,,,,"MolGlyph 1.1.1 (BioMiner git 17c6161, molglyph_large)",0.1648197565227747
uob,maybridge-0013-424012161,O=Cc1ccccc1B(O)O,,,,"MolGlyph 1.1.1 (BioMiner git 17c6161, molglyph_large)",0.10722822323441505
uob,maybridge-0013-492908237,O=Cc1ccc(B(O)O)cc1,,,,"MolGlyph 1.1.1 (BioMiner git 17c6161, molglyph_large)",0.11737816408276558
uob,maybridge-0013-518145400,O=Cc1cc(C(=O)O)ccc1F,,,,"MolGlyph 1.1.1 (BioMiner git 17c6161, molglyph_large)",0.1270138192921877
uob,maybridge-0013-594202473,COC(=O)c1ccccc1C=O,,,,"MolGlyph 1.1.1 (BioMiner git 17c6161, molglyph_large)",0.11670847609639168
uob,maybridge-0013-605710457,Cc1cc(Cl)cc(C=O)c1O,,,,"MolGlyph 1.1.1 (BioMiner git 17c6161, molglyph_large)",0.11648304015398026
uob,maybridge-0013-821825341,C=CCc1c(O)cccc1C=O,,,,"MolGlyph 1.1.1 (BioMiner git 17c6161, molglyph_large)",0.11736157536506653
uob,maybridge-0013-822073182,[N+](c1ccc(C=O)cc1)(=O)[O-],,,,"MolGlyph 1.1.1 (BioMiner git 17c6161, molglyph_large)",0.16087811440229416
uob,maybridge-0013-856800204,O=Cc1ccc(F)c(C(=O)O)c1,,,,"MolGlyph 1.1.1 (BioMiner git 17c6161, molglyph_large)",0.1363200657069683
uob,maybridge-0013-898367489,O=Cc1ccc(F)c(Cl)c1,,,,"MolGlyph 1.1.1 (BioMiner git 17c6161, molglyph_large)",0.11190088465809822
uob,maybridge-0014-1048104985,O=Cc1ccc(-n2cccn2)cc1,,,,"MolGlyph 1.1.1 (BioMiner git 17c6161, molglyph_large)",0.1314437035471201
uob,maybridge-0014-252210558,O=Cc1ccccc1-n1cccn1,,,,"MolGlyph 1.1.1 (BioMiner git 17c6161, molglyph_large)",0.12192793563008308
uob,maybridge-0014-296928925,O=Cc1ccc(-n2cncn2)cc1,,,,"MolGlyph 1.1.1 (BioMiner git 17c6161, molglyph_large)",0.1312818694859743
uob,maybridge-0014-383077642,O=Cc1cccc(-c2ccco2)c1,,,,"MolGlyph 1.1.1 (BioMiner git 17c6161, molglyph_large)",0.13180654868483543
uob,maybridge-0014-4590482,O=Cc1cccc(-n2cccc2)c1,,,,"MolGlyph 1.1.1 (BioMiner git 17c6161, molglyph_large)",0.1315080989152193
uob,maybridge-0014-562214752,O=Cc1cccc(-n2cncn2)c1,,,,"MolGlyph 1.1.1 (BioMiner git 17c6161, molglyph_large)",0.13247228600084782
uob,maybridge-0014-606624606,O=Cc1ccc(-n2ccnc2)cc1,,,,"MolGlyph 1.1.1 (BioMiner git 17c6161, molglyph_large)",0.13129587657749653
uob,maybridge-0014-650277359,O=Cc1ccccc1-c1ccco1,,,,"MolGlyph 1.1.1 (BioMiner git 17c6161, molglyph_large)",0.1216151062399149
uob,maybridge-0014-721645441,O=Cc1ccc(-c2ccco2)cc1,,,,"MolGlyph 1.1.1 (BioMiner git 17c6161, molglyph_large)",0.13263580203056335
uob,maybridge-0014-809766134,O=Cc1ccc(-n2cccc2)cc1,,,,"MolGlyph 1.1.1 (BioMiner git 17c6161, molglyph_large)",0.13310460187494755
uob,maybridge-0014-930215794,O=Cc1cccc(-n2cccn2)c1,,,,"MolGlyph 1.1.1 (BioMiner git 17c6161, molglyph_large)",0.1315349079668522
uob,maybridge-0014-968618703,O=Cc1ccccc1-n1cccc1,,,,"MolGlyph 1.1.1 (BioMiner git 17c6161, molglyph_large)",0.12200093641877174
uob,maybridge-0015-1009552449,COc1ccc(B(O)O)c(C=O)c1,,,,"MolGlyph 1.1.1 (BioMiner git 17c6161, molglyph_large)",0.13617015071213245
uob,maybridge-0015-237738299,O=Cc1ccccc1-c1cccnc1,,,,"MolGlyph 1.1.1 (BioMiner git 17c6161, molglyph_large)",0.1262790821492672
uob,maybridge-0015-284082264,O=Cc1ccc(C(F)(F)F)cc1,,,,"MolGlyph 1.1.1 (BioMiner git 17c6161, molglyph_large)",0.13143467344343662
uob,maybridge-0015-323111643,O=Cc1ccccc1N1CCCC1,,,,"MolGlyph 1.1.1 (BioMiner git 17c6161, molglyph_large)",0.11751638911664486
uob,maybridge-0015-594693849,O=Cc1cccc(N2CCCC2)c1,,,,"MolGlyph 1.1.1 (BioMiner git 17c6161, molglyph_large)",0.1265103667974472
uob,maybridge-0015-64069296,O=Cc1cccc(C(F)(F)F)c1,,,,"MolGlyph 1.1.1 (BioMiner git 17c6161, molglyph_large)",0.1321944259107113
uob,maybridge-0015-894374161,O=Cc1c(Cl)cccc1Cl,,,,"MolGlyph 1.1.1 (BioMiner git 17c6161, molglyph_large)",0.10229776240885258
uob,maybridge-0015-899867503,O=Cc1ccc(N2CCCC2)cc1,,,,"MolGlyph 1.1.1 (BioMiner git 17c6161, molglyph_large)",0.12638983689248562
uob,maybridge-0015-937902080,O=Cc1ccc(-c2ccccn2)cc1,,,,"MolGlyph 1.1.1 (BioMiner git 17c6161, molglyph_large)",0.13568498939275742
uob,maybridge-0015-965114951,O=Cc1cc(Cl)cc(Cl)c1,,,,"MolGlyph 1.1.1 (BioMiner git 17c6161, molglyph_large)",0.11258187517523766
uob,maybridge-0015-969875430,COc1ccc(C=O)c(B(O)O)c1,,,,"MolGlyph 1.1.1 (BioMiner git 17c6161, molglyph_large)",0.1364712342619896
uob,maybridge-0015-97806667,COc1ccc(C=O)cc1B(O)O,,,,"MolGlyph 1.1.1 (BioMiner git 17c6161, molglyph_large)",0.1279836967587471
uob,maybridge-0016-1006457936,O=Cc1cccc(-c2cccnc2)c1,,,,"MolGlyph 1.1.1 (BioMiner git 17c6161, molglyph_large)",0.13605829700827599
uob,maybridge-0016-117430849,O=Cc1cccc(-c2ccncc2)c1,,,,"MolGlyph 1.1.1 (BioMiner git 17c6161, molglyph_large)",0.1363144014030695
uob,maybridge-0016-135994828,O=Cc1ccc(-c2ncccn2)cc1,,,,"MolGlyph 1.1.1 (BioMiner git 17c6161, molglyph_large)",0.13643068820238113
uob,maybridge-0016-136928771,O=Cc1cccc(-c2ncccn2)c1,,,,"MolGlyph 1.1.1 (BioMiner git 17c6161, molglyph_large)",0.1366341318935156
uob,maybridge-0016-158600225,O=Cc1cccc(-c2cncnc2)c1,,,,"MolGlyph 1.1.1 (BioMiner git 17c6161, molglyph_large)",0.13696588203310966
uob,maybridge-0016-188977971,O=Cc1ccc(-c2ccncc2)cc1,,,,"MolGlyph 1.1.1 (BioMiner git 17c6161, molglyph_large)",0.1366655845195055
uob,maybridge-0016-204169291,O=Cc1ccc(-c2cccnc2)cc1,,,,"MolGlyph 1.1.1 (BioMiner git 17c6161, molglyph_large)",0.13664057105779648
uob,maybridge-0016-251054510,O=Cc1cccc(-c2ccccn2)c1,,,,"MolGlyph 1.1.1 (BioMiner git 17c6161, molglyph_large)",0.13657131604850292
uob,maybridge-0016-292915631,O=Cc1cccc(Cn2ccnc2)c1,,,,"MolGlyph 1.1.1 (BioMiner git 17c6161, molglyph_large)",0.13114849478006363
uob,maybridge-0016-448917352,CN(C)c1ccc(C=O)c(Cl)c1,,,,"MolGlyph 1.1.1 (BioMiner git 17c6161, molglyph_large)",0.1315828561782837
uob,maybridge-0016-601260046,O=Cc1ccc(-c2cncnc2)cc1,,,,"MolGlyph 1.1.1 (BioMiner git 17c6161, molglyph_large)",0.13683528266847134
uob,maybridge-0016-740287392,O=Cc1ccc(Cn2ccnc2)cc1,,,,"MolGlyph 1.1.1 (BioMiner git 17c6161, molglyph_large)",0.13081474788486958
uob,maybridge-0017-167532150,O=Cc1ccccc1-c1cccs1,,,,"MolGlyph 1.1.1 (BioMiner git 17c6161, molglyph_large)",0.12108325399458408
uob,maybridge-0017-177726269,O=Cc1cccc(Cn2cccn2)c1,,,,"MolGlyph 1.1.1 (BioMiner git 17c6161, molglyph_large)",0.1310934480279684
uob,maybridge-0017-214349897,O=Cc1ccc(Cn2cccn2)cc1,,,,"MolGlyph 1.1.1 (BioMiner git 17c6161, molglyph_large)",0.1307804100215435
uob,maybridge-0017-268849954,Cc1nc(-c2cccc(C=O)c2)no1,,,,"MolGlyph 1.1.1 (BioMiner git 17c6161, molglyph_large)",0.1468549706041813
uob,maybridge-0017-319472828,CCCCC#Cc1ccc(C=O)cc1,,,,"MolGlyph 1.1.1 (BioMiner git 17c6161, molglyph_large)",0.12653417140245438
uob,maybridge-0017-362472555,O=Cc1cccc(Cn2cncn2)c1,,,,"MolGlyph 1.1.1 (BioMiner git 17c6161, molglyph_large)",0.13181576877832413
uob,maybridge-0017-369715910,O=Cc1ccc(Cn2cncn2)cc1,,,,"MolGlyph 1.1.1 (BioMiner git 17c6161, molglyph_large)",0.13104791566729546
uob,maybridge-0017-46888424,O=Cc1cccc(-c2ccsc2)c1,,,,"MolGlyph 1.1.1 (BioMiner git 17c6161, molglyph_large)",0.13204913586378098
uob,maybridge-0017-540408336,Cc1nc(-c2ccc(C=O)cc2)no1,,,,"MolGlyph 1.1.1 (BioMiner git 17c6161, molglyph_large)",0.14643844217061996
uob,maybridge-0017-634698451,Cc1noc(-c2ccc(C=O)cc2)n1,,,,"MolGlyph 1.1.1 (BioMiner git 17c6161, molglyph_large)",0.14576369151473045
uob,maybridge-0017-789385626,O=Cc1ccccc1Cn1cncn1,,,,"MolGlyph 1.1.1 (BioMiner git 17c6161, molglyph_large)",0.12186546996235847
uob,maybridge-0017-966246654,O=Cc1cccc(-c2cccs2)c1,,,,"MolGlyph 1.1.1 (BioMiner git 17c6161, molglyph_large)",0.13138693571090698
uob,maybridge-0018-1020021179,O=Cc1ccc(-c2ccsc2)cc1,,,,"MolGlyph 1.1.1 (BioMiner git 17c6161, molglyph_large)",0.13171772100031376
uob,maybridge-0018-140609022,O=Cc1cccc(CN2CCCC2)c1,,,,"MolGlyph 1.1.1 (BioMiner git 17c6161, molglyph_large)",0.13137789070606232
uob,maybridge-0018-304482408,O=Cc1cccc(N2CCCCC2)c1,,,,"MolGlyph 1.1.1 (BioMiner git 17c6161, molglyph_large)",0.13163491897284985
uob,maybridge-0018-317333348,O=Cc1ccc(OC(F)(F)F)cc1,,,,"MolGlyph 1.1.1 (BioMiner git 17c6161, molglyph_large)",0.1362792830914259
uob,maybridge-0018-510488981,O=Cc1ccc(-c2cccs2)cc1,,,,"MolGlyph 1.1.1 (BioMiner git 17c6161, molglyph_large)",0.1316539328545332
uob,maybridge-0018-545854233,O=Cc1ccc(B2OCCCO2)cc1,,,,"MolGlyph 1.1.1 (BioMiner git 17c6161, molglyph_large)",0.13193552568554878
uob,maybridge-0018-561940504,O=Cc1ccc(-c2csn[nH]2)cc1,,,,"MolGlyph 1.1.1 (BioMiner git 17c6161, molglyph_large)",0.1458421479910612
uob,maybridge-0018-562424523,O=Cc1ccc(N2CCCCC2)cc1,,,,"MolGlyph 1.1.1 (BioMiner git 17c6161, molglyph_large)",0.13223235681653023
uob,maybridge-0018-576018089,O=Cc1ccc(CN2CCCC2)cc1,,,,"MolGlyph 1.1.1 (BioMiner git 17c6161, molglyph_large)",0.1317286677658558
uob,maybridge-0018-719621192,O=Cc1ccc(N2CCCC2=O)cc1,,,,"MolGlyph 1.1.1 (BioMiner git 17c6161, molglyph_large)",0.13603954762220383
uob,maybridge-0018-784241472,O=Cc1ccc(-c2nccs2)cc1,,,,"MolGlyph 1.1.1 (BioMiner git 17c6161, molglyph_large)",0.1310904249548912
uob,maybridge-0018-977211378,O=Cc1cccc(-c2nccs2)c1,,,,"MolGlyph 1.1.1 (BioMiner git 17c6161, molglyph_large)",0.13139847293496132
uob,maybridge-0019-1000186923,O=Cc1cccc(N2CCOCC2)c1,,,,"MolGlyph 1.1.1 (BioMiner git 17c6161, molglyph_large)",0.13186221569776535
uob,maybridge-0019-176806044,O=Cc1cccc(CBr)c1,,,,"MolGlyph 1.1.1 (BioMiner git 17c6161, molglyph_large)",0.10180234163999557
uob,maybridge-0019-35864175,O=Cc1ccccc1N1CCOCC1,,,,"MolGlyph 1.1.1 (BioMiner git 17c6161, molglyph_large)",0.12112760357558727
uob,maybridge-0019-362080673,CN(C)c1ccc(C=O)c(F)c1C#N,,,,"MolGlyph 1.1.1 (BioMiner git 17c6161, molglyph_large)",0.14681323803961277
uob,maybridge-0019-4737843,O=Cc1ccc(CBr)cc1,,,,"MolGlyph 1.1.1 (BioMiner git 17c6161, molglyph_large)",0.10257826745510101
uob,maybridge-0019-741509041,O=Cc1ccc(N2CCOCC2)cc1,,,,"MolGlyph 1.1.1 (BioMiner git 17c6161, molglyph_large)",0.14425249211490154
uob,maybridge-0019-745569813,O=Cc1cc(Cl)c(O)c(Cl)c1,,,,"MolGlyph 1.1.1 (BioMiner git 17c6161, molglyph_large)",0.13842365890741348
uob,maybridge-0019-74665438,CN(C)CCOc1ccccc1C=O,,,,"MolGlyph 1.1.1 (BioMiner git 17c6161, molglyph_large)",0.12124536745250225
uob,maybridge-0019-828798206,CN(C)CCOc1ccc(C=O)cc1,,,,"MolGlyph 1.1.1 (BioMiner git 17c6161, molglyph_large)",0.13028744794428349
uob,maybridge-0019-88396830,O=Cc1ccccc1Oc1ccccn1,,,,"MolGlyph 1.1.1 (BioMiner git 17c6161, molglyph_large)",0.12625268660485744
uob,maybridge-0019-894531151,O=Cc1cccc(Oc2ccccn2)c1,,,,"MolGlyph 1.1.1 (BioMiner git 17c6161, molglyph_large)",0.1356403212994337
uob,maybridge-0019-998971625,O=Cc1ccccc1Oc1ccccc1,,,,"MolGlyph 1.1.1 (BioMiner git 17c6161, molglyph_large)",0.1265598200261593
uob,maybridge-0020-1042204686,Cc1nc(-c2cccc(C=O)c2)cs1,,,,"MolGlyph 1.1.1 (BioMiner git 17c6161, molglyph_large)",0.1460027601569891
uob,maybridge-0020-127030824,CN1CCN(c2ccc(C=O)cc2)CC1,,,,"MolGlyph 1.1.1 (BioMiner git 17c6161, molglyph_large)",0.14593282714486122
uob,maybridge-0020-366918320,O=Cc1ccc(CN2CCOCC2)cc1,,,,"MolGlyph 1.1.1 (BioMiner git 17c6161, molglyph_large)",0.13661256432533264
uob,maybridge-0020-395165554,CN1CCN(c2ccccc2C=O)CC1,,,,"MolGlyph 1.1.1 (BioMiner git 17c6161, molglyph_large)",0.13636495172977448
uob,maybridge-0020-396844892,O=Cc1cccc(CN2CCOCC2)c1,,,,"MolGlyph 1.1.1 (BioMiner git 17c6161, molglyph_large)",0.13556324504315853
uob,maybridge-0020-464292871,Cc1nc(-c2ccc(C=O)cc2)cs1,,,,"MolGlyph 1.1.1 (BioMiner git 17c6161, molglyph_large)",0.14596179872751236
uob,maybridge-0020-468303688,COc1ccc(C=O)c(Cl)c1OC,,,,"MolGlyph 1.1.1 (BioMiner git 17c6161, molglyph_large)",0.12673364393413067
uob,maybridge-0020-481946026,O=Cc1ccc(CN2CCCCC2)cc1,,,,"MolGlyph 1.1.1 (BioMiner git 17c6161, molglyph_large)",0.13590901345014572
uob,maybridge-0020-572491552,O=Cc1cccc(CN2CCCCC2)c1,,,,"MolGlyph 1.1.1 (BioMiner git 17c6161, molglyph_large)",0.1358103696256876
uob,maybridge-0020-623036472,O=Cc1ccc(Oc2ccccn2)cc1,,,,"MolGlyph 1.1.1 (BioMiner git 17c6161, molglyph_large)",0.13640041090548038
uob,maybridge-0020-780733807,O=Cc1ccccc1CN1CCOCC1,,,,"MolGlyph 1.1.1 (BioMiner git 17c6161, molglyph_large)",0.12687056325376034
uob,maybridge-0020-958271316,CS(=O)(=O)Nc1cccc(C=O)c1,,,,"MolGlyph 1.1.1 (BioMiner git 17c6161, molglyph_large)",0.14529121480882168
uob,maybridge-0021-1030826222,O=Cc1ccccc1COc1ccccc1,,,,"MolGlyph 1.1.1 (BioMiner git 17c6161, molglyph_large)",0.131675373762846
uob,maybridge-0021-267172506,O=Cc1ccccc1-c1ccccc1C(=O)O,,,,"MolGlyph 1.1.1 (BioMiner git 17c6161, molglyph_large)",0.15618683211505413
uob,maybridge-0021-323604436,COc1ccc(C=O)cc1OC1CCCC1,,,,"MolGlyph 1.1.1 (BioMiner git 17c6161, molglyph_large)",0.14298852160573006
uob,maybridge-0021-325003476,CN1CCN(Cc2ccc(C=O)cc2)CC1,,,,"MolGlyph 1.1.1 (BioMiner git 17c6161, molglyph_large)",0.15030281990766525
uob,maybridge-0021-366654314,O=Cc1ccc(OC2CCOCC2)cc1,,,,"MolGlyph 1.1.1 (BioMiner git 17c6161, molglyph_large)",0.13588503934442997
uob,maybridge-0021-417599400,O=Cc1cccc(-c2ccccc2C(=O)O)c1,,,,"MolGlyph 1.1.1 (BioMiner git 17c6161, molglyph_large)",0.16558950394392014
uob,maybridge-0021-492357063,CN1CCCN(c2ccccc2C=O)CC1,,,,"MolGlyph 1.1.1 (BioMiner git 17c6161, molglyph_large)",0.14099810644984245
uob,maybridge-0021-584934288,CN1CCN(Cc2cccc(C=O)c2)CC1,,,,"MolGlyph 1.1.1 (BioMiner git 17c6161, molglyph_large)",0.1515299193561077
uob,maybridge-0021-68987840,CN1CCCN(c2ccc(C=O)cc2)CC1,,,,"MolGlyph 1.1.1 (BioMiner git 17c6161, molglyph_large)",0.15078739076852798
uob,maybridge-0021-739759701,O=Cc1ccccc1OC1CCOCC1,,,,"MolGlyph 1.1.1 (BioMiner git 17c6161, molglyph_large)",0.12643996812403202
uob,maybridge-0021-772713541,O=Cc1cccc(COc2ccccc2)c1,,,,"MolGlyph 1.1.1 (BioMiner git 17c6161, molglyph_large)",0.14103258214890957
uob,maybridge-0022-1011218110,O=Cc1ccc(-c2ccccc2C(=O)O)cc1,,,,"MolGlyph 1.1.1 (BioMiner git 17c6161, molglyph_large)",0.16537328623235226
uob,maybridge-0022-12069088,O=Cc1cccc(OCCN2CCOCC2)c1,,,,"MolGlyph 1.1.1 (BioMiner git 17c6161, molglyph_large)",0.14557664841413498
uob,maybridge-0022-176610855,COc1cc(Br)cc(C=O)c1O,,,,"MolGlyph 1.1.1 (BioMiner git 17c6161, molglyph_large)",0.1218692809343338
uob,maybridge-0022-347480004,CC(C)(C)OC(=O)NCc1cccc(C=O)c1,,,,"MolGlyph 1.1.1 (BioMiner git 17c6161, molglyph_large)",0.16984454542398453
uob,maybridge-0022-353946344,O=Cc1cccc(-c2ccc(C(=O)O)cc2)c1,,,,"MolGlyph 1.1.1 (BioMiner git 17c6161, molglyph_large)",0.17523942328989506
uob,maybridge-0022-354610863,O=Cc1cccc(-c2cccc(C(=O)O)c2)c1,,,,"MolGlyph 1.1.1 (BioMiner git 17c6161, molglyph_large)",0.1747947447001934
uob,maybridge-0022-439834137,O=Cc1ccc(-c2cccc(C(=O)O)c2)cc1,,,,"MolGlyph 1.1.1 (BioMiner git 17c6161, molglyph_large)",0.17445607483386993
uob,maybridge-0022-546187915,O=Cc1ccc(-c2cncc(C(=O)O)c2)cc1,,,,"MolGlyph 1.1.1 (BioMiner git 17c6161, molglyph_large)",0.1746646910905838
uob,maybridge-0022-591111495,O=Cc1ccc(OCCN2CCOCC2)cc1,,,,"MolGlyph 1.1.1 (BioMiner git 17c6161, molglyph_large)",0.14624562114477158
uob,maybridge-0022-602054893,CC(C)(C)OC(=O)NCc1ccc(C=O)cc1,,,,"MolGlyph 1.1.1 (BioMiner git 17c6161, molglyph_large)",0.16986165195703506
uob,maybridge-0022-937409063,O=Cc1ccccc1OCCN1CCOCC1,,,,"MolGlyph 1.1.1 (BioMiner git 17c6161, molglyph_large)",0.13632811419665813
uob,maybridge-0022-976119145,O=Cc1ccc(-c2ccc(C(=O)O)cc2)cc1,,,,"MolGlyph 1.1.1 (BioMiner git 17c6161, molglyph_large)",0.1754111871123314
uob,maybridge-0023-166546481,[N+](c1cc(C=O)ccc1Sc1ccc(C)cc1)(=O)[O-],,,,"MolGlyph 1.1.1 (BioMiner git 17c6161, molglyph_large)",0.21785561554133892
uob,maybridge-0023-172899859,O=Cc1cccc(NS(=O)(=O)c2ccccc2)c1,,,,"MolGlyph 1.1.1 (BioMiner git 17c6161, molglyph_large)",0.17918393947184086
uob,maybridge-0023-343322713,[N+](c1ccc(N2CCOCC2)c(C=O)c1)(=O)[O-],,,,"MolGlyph 1.1.1 (BioMiner git 17c6161, molglyph_large)",0.20805653743445873
uob,maybridge-0023-438222536,CC(C)(C)c1csc(-c2ccc(C=O)cc2)n1,,,,"MolGlyph 1.1.1 (BioMiner git 17c6161, molglyph_large)",0.17979410104453564
uob,maybridge-0023-519484819,O=Cc1ccc(-c2ccc(C(F)(F)F)cn2)cc1,,,,"MolGlyph 1.1.1 (BioMiner git 17c6161, molglyph_large)",0.18506955727934837
uob,maybridge-0023-706051556,[N+](c1ccc(Sc2ccc(C)cc2)c(C=O)c1)(=O)[O-],,,,"MolGlyph 1.1.1 (BioMiner git 17c6161, molglyph_large)",0.22937348671257496
uob,maybridge-0023-708274164,O=Cc1ccc(OCc2ccccc2)c(Cl)c1,,,,"MolGlyph 1.1.1 (BioMiner git 17c6161, molglyph_large)",0.15656250715255737
uob,maybridge-0023-712869484,COc1cc(C=O)ccc1OCc1ccccc1,,,,"MolGlyph 1.1.1 (BioMiner git 17c6161, molglyph_large)",0.15074732899665833
uob,maybridge-0023-749563100,O=Cc1ccc(OCc2c(Cl)cccc2F)cc1,,,,"MolGlyph 1.1.1 (BioMiner git 17c6161, molglyph_large)",0.16003472171723843
uob,maybridge-0023-830576397,O=Cc1cc(O)ccc1I,,,,"MolGlyph 1.1.1 (BioMiner git 17c6161, molglyph_large)",0.1022266186773777
uob,maybridge-0023-870167930,O=Cc1cc(C(F)(F)F)ccc1N1CCOCC1,,,,"MolGlyph 1.1.1 (BioMiner git 17c6161, molglyph_large)",0.17029167897999287
uob,maybridge-0023-897036367,O=CC1C=C(O)C(I)=CC=1,,,,"MolGlyph 1.1.1 (BioMiner git 17c6161, molglyph_large)",0.1260275673121214
uob,maybridge-0024-12692643,N#CC(C=O)c1ccc(Cl)cc1,,,,"MolGlyph 1.1.1 (BioMiner git 17c6161, molglyph_large)",0.12672368623316288
uob,maybridge-0024-143363106,O=Cc1ccccc1N1CCN(c2ccc(C(F)(F)F)cn2)CC1,,,,"MolGlyph 1.1.1 (BioMiner git 17c6161, molglyph_large)",0.2201652880758047
uob,maybridge-0024-389424273,CC(C)(C)OC(=O)N1CCN(c2ccccc2C=O)CC1,,,,"MolGlyph 1.1.1 (BioMiner git 17c6161, molglyph_large)",0.19971355237066746
uob,maybridge-0024-678882078,CC(C)(C)OC(=O)N1CCN(Cc2cccc(C=O)c2)CC1,,,,"MolGlyph 1.1.1 (BioMiner git 17c6161, molglyph_large)",0.21418553590774536
uob,maybridge-0024-760712190,O=Cc1ccccn1,,,,"MolGlyph 1.1.1 (BioMiner git 17c6161, molglyph_large)",0.08306908421218395
uob,maybridge-0024-761654611,O=Cc1cc(Br)ccc1OC1C2CN(Cc3ccccc3)C1C2Br,,,,"MolGlyph 1.1.1 (BioMiner git 17c6161, molglyph_large)",0.20861468650400639
uob,maybridge-0024-864514934,CC(C)(C)OC(=O)N1CCN(c2ccc(C=O)cc2)CC1,,,,"MolGlyph 1.1.1 (BioMiner git 17c6161, molglyph_large)",0.2091956827789545
uob,maybridge-0024-867203624,O=Cc1ccccc1N1CCN(Cc2ccccc2)CC1,,,,"MolGlyph 1.1.1 (BioMiner git 17c6161, molglyph_large)",0.17485109716653824
uob,maybridge-0024-961701516,CC(C)(C)OC(=O)N1CCN(Cc2ccc(C=O)cc2)CC1,,,,"MolGlyph 1.1.1 (BioMiner git 17c6161, molglyph_large)",0.21401219815015793
uob,maybridge-0025-104156850,O=Cc1ccncc1,,,,"MolGlyph 1.1.1 (BioMiner git 17c6161, molglyph_large)",0.08554837852716446
uob,maybridge-0025-11435304,O=Cc1ccnc(Cl)c1,,,,"MolGlyph 1.1.1 (BioMiner git 17c6161, molglyph_large)",0.09768451191484928
uob,maybridge-0025-131836339,O=Cc1cccnc1N1CCCC1,,,,"MolGlyph 1.1.1 (BioMiner git 17c6161, molglyph_large)",0.11657664366066456
uob,maybridge-0025-180977208,CCN(CC)c1ccc(C=O)cn1,,,,"MolGlyph 1.1.1 (BioMiner git 17c6161, molglyph_large)",0.12701132893562317
uob,maybridge-0025-292118070,O=Cc1ccnc(N2CCCC2)c1,,,,"MolGlyph 1.1.1 (BioMiner git 17c6161, molglyph_large)",0.12712354958057404
uob,maybridge-0025-392308024,O=Cc1ccc(-c2ccccc2)nc1,,,,"MolGlyph 1.1.1 (BioMiner git 17c6161, molglyph_large)",0.13627084530889988
uob,maybridge-0025-394537414,CSc1nc(C=O)ccc1C#N,,,,"MolGlyph 1.1.1 (BioMiner git 17c6161, molglyph_large)",0.11661379411816597
uob,maybridge-0025-494531084,O=Cc1cccc(Br)n1,,,,"MolGlyph 1.1.1 (BioMiner git 17c6161, molglyph_large)",0.10413655638694763
uob,maybridge-0025-502025152,O=Cc1cccc(N2CCCC2)n1,,,,"MolGlyph 1.1.1 (BioMiner git 17c6161, molglyph_large)",0.1263314876705408
uob,maybridge-0025-811755145,O=Cc1ncccc1F,,,,"MolGlyph 1.1.1 (BioMiner git 17c6161, molglyph_large)",0.08812478557229042
uob,maybridge-0025-903926702,O=Cc1cccnc1,,,,"MolGlyph 1.1.1 (BioMiner git 17c6161, molglyph_large)",0.0828128308057785
uob,maybridge-0025-952537317,O=Cc1ccc(N2CCCC2)nc1,,,,"MolGlyph 1.1.1 (BioMiner git 17c6161, molglyph_large)",0.12638873979449272
uob,maybridge-0026-167969881,O=Cc1ccnc(N2CCCCC2)c1,,,,"MolGlyph 1.1.1 (BioMiner git 17c6161, molglyph_large)",0.13160442002117634
uob,maybridge-0026-287522378,O=Cc1ccc(N2CCOCC2)nc1,,,,"MolGlyph 1.1.1 (BioMiner git 17c6161, molglyph_large)",0.1312158964574337
uob,maybridge-0026-298722160,O=Cc1ccc(N2CCCCC2)nc1,,,,"MolGlyph 1.1.1 (BioMiner git 17c6161, molglyph_large)",0.13206031173467636
uob,maybridge-0026-300647699,O=Cc1ccc(Oc2ccccc2)nc1,,,,"MolGlyph 1.1.1 (BioMiner git 17c6161, molglyph_large)",0.13571943901479244
uob,maybridge-0026-353001500,O=Cc1cccnc1N1CCOCC1,,,,"MolGlyph 1.1.1 (BioMiner git 17c6161, molglyph_large)",0.12313980236649513
uob,maybridge-0026-465514910,O=Cc1cccc(N2CCOCC2)n1,,,,"MolGlyph 1.1.1 (BioMiner git 17c6161, molglyph_large)",0.13170909136533737
uob,maybridge-0026-469882220,O=Cc1cc(Br)cnc1Br,,,,"MolGlyph 1.1.1 (BioMiner git 17c6161, molglyph_large)",0.10213053412735462
uob,maybridge-0026-504404946,CC(C)(C)C(=O)Nc1ccncc1C=O,,,,"MolGlyph 1.1.1 (BioMiner git 17c6161, molglyph_large)",0.151344183832407
uob,maybridge-0026-579206894,O=Cc1ccnc(N2CCOCC2)c1,,,,"MolGlyph 1.1.1 (BioMiner git 17c6161, molglyph_large)",0.13105888292193413
uob,maybridge-0026-580208341,O=Cc1cccc(N2CCCCC2)n1,,,,"MolGlyph 1.1.1 (BioMiner git 17c6161, molglyph_large)",0.13118791207671165
uob,maybridge-0026-763085722,O=Cc1ccc(Br)cn1,,,,"MolGlyph 1.1.1 (BioMiner git 17c6161, molglyph_large)",0.09774542227387428
uob,maybridge-0026-989802847,CC(C)(C)C(=O)Nc1ncccc1C=O,,,,"MolGlyph 1.1.1 (BioMiner git 17c6161, molglyph_large)",0.15382546372711658
uob,maybridge-0027-108506470,O=CC1CCN(C(=O)OCc2ccccc2)CC1,,,,"MolGlyph 1.1.1 (BioMiner git 17c6161, molglyph_large)",0.16618552431464195
uob,maybridge-0027-112723827,O=CC1=COCCC1,,,,"MolGlyph 1.1.1 (BioMiner git 17c6161, molglyph_large)",0.08771888539195061
uob,maybridge-0027-172757872,Cc1cncc(N2CCC(C=O)CC2)n1,,,,"MolGlyph 1.1.1 (BioMiner git 17c6161, molglyph_large)",0.14614501222968102
uob,maybridge-0027-203369770,CC1CCN(CC(C)(C)C=O)CC1,,,,"MolGlyph 1.1.1 (BioMiner git 17c6161, molglyph_large)",0.1353309452533722
uob,maybridge-0027-390188669,Cn1c(C=O)cc2sccc21,,,,"MolGlyph 1.1.1 (BioMiner git 17c6161, molglyph_large)",0.1176775824278593
uob,maybridge-0027-596445342,O=Cc1cn2ccsc2n1,,,,"MolGlyph 1.1.1 (BioMiner git 17c6161, molglyph_large)",0.10214533470571041
uob,maybridge-0027-652497015,CC(C)(C)OC(=O)N1CCN(c2ccc(C=O)cn2)CC1,,,,"MolGlyph 1.1.1 (BioMiner git 17c6161, molglyph_large)",0.20860849134624004
uob,maybridge-0027-753608034,Cc1nc(-c2ccccc2)ncc1C=O,,,,"MolGlyph 1.1.1 (BioMiner git 17c6161, molglyph_large)",0.14109332859516144
uob,maybridge-0027-772821686,Cc1csc2sc(C=O)c(C)c12,,,,"MolGlyph 1.1.1 (BioMiner git 17c6161, molglyph_large)",0.13150187209248543
uob,maybridge-0027-903291824,COC(=O)c1cc2oc(C=O)cc2n1C,,,,"MolGlyph 1.1.1 (BioMiner git 17c6161, molglyph_large)",0.15039225853979588
uob,maybridge-0028-1022023043,O=Cc1c(-c2ccc(Cl)cc2)[nH]c2ccccc12,,,,"MolGlyph 1.1.1 (BioMiner git 17c6161, molglyph_large)",0.18926368467509747
uob,maybridge-0028-172062866,O=Cc1cn(Cc2ccccc2)c2ccccc12,,,,"MolGlyph 1.1.1 (BioMiner git 17c6161, molglyph_large)",0.1608688086271286
uob,maybridge-0028-260669313,O=Cc1c[nH]c2cc(Br)ccc12,,,,"MolGlyph 1.1.1 (BioMiner git 17c6161, molglyph_large)",0.1361086219549179
uob,maybridge-0028-263757204,O=Cc1c[nH]c2ccc(Br)cc12,,,,"MolGlyph 1.1.1 (BioMiner git 17c6161, molglyph_large)",0.13654249720275402
uob,maybridge-0028-311851133,O=Cc1c[nH]c2c(C(=O)O)cccc12,,,,"MolGlyph 1.1.1 (BioMiner git 17c6161, molglyph_large)",0.1604744028300047
uob,maybridge-0028-481660678,O=Cc1c[nH]c2ccc(Cl)cc12,,,,"MolGlyph 1.1.1 (BioMiner git 17c6161, molglyph_large)",0.1359199956059456
uob,maybridge-0028-600239597,[N+](c1ccc2[nH]c(C)c(C=O)c2c1)(=O)[O-],,,,"MolGlyph 1.1.1 (BioMiner git 17c6161, molglyph_large)",0.21298030950129032
uob,maybridge-0028-691241908,[N+](c1ccc2[nH]cc(C=O)c2c1)(=O)[O-],,,,"MolGlyph 1.1.1 (BioMiner git 17c6161, molglyph_large)",0.19928358308970928
uob,maybridge-0028-697897375,Cc1[nH]c2ccccc2c1C=O,,,,"MolGlyph 1.1.1 (BioMiner git 17c6161, molglyph_large)",0.126935463398695
uob,maybridge-0028-769788358,O=Cc1c(-c2ccccc2)nc2n1CCS2,,,,"MolGlyph 1.1.1 (BioMiner git 17c6161, molglyph_large)",0.15574599616229534
uob,maybridge-0028-83643773,O=Cc1c[nH]c2cccc(Br)c12,,,,"MolGlyph 1.1.1 (BioMiner git 17c6161, molglyph_large)",0.13649632222950459
uob,maybridge-0029-208975223,Cn1ccc2cc(C=O)ccc21,,,,"MolGlyph 1.1.1 (BioMiner git 17c6161, molglyph_large)",0.12182017974555492
uob,maybridge-0029-232168044,Cn1ccc2ccc(C=O)cc21,,,,"MolGlyph 1.1.1 (BioMiner git 17c6161, molglyph_large)",0.12165214866399765
uob,maybridge-0029-340353611,Cn1ccc2c(C=O)cccc21,,,,"MolGlyph 1.1.1 (BioMiner git 17c6161, molglyph_large)",0.12195658311247826
uob,maybridge-0029-41024032,COC(=O)c1ccc2c(C=O)cn(C(=O)OC(C)(C)C)c2c1,,,,"MolGlyph 1.1.1 (BioMiner git 17c6161, molglyph_large)",0.22768690437078476
uob,maybridge-0029-444572425,CCOC(=O)c1[nH]c2cc(Cl)cc(Cl)c2c1C=O,,,,"MolGlyph 1.1.1 (BioMiner git 17c6161, molglyph_large)",0.1896115094423294
uob,maybridge-0029-493255710,O=Cc1cccc2[nH]ccc12,,,,"MolGlyph 1.1.1 (BioMiner git 17c6161, molglyph_large)",0.12211123295128345
uob,maybridge-0029-495773016,Cc1ccc(S(=O)(=O)n2cc(C=O)c3ccccc32)cc1,,,,"MolGlyph 1.1.1 (BioMiner git 17c6161, molglyph_large)",0.21405989304184914
uob,maybridge-0029-645138162,Cn1nc2ccccc2c1C=O,,,,"MolGlyph 1.1.1 (BioMiner git 17c6161, molglyph_large)",0.1119398195296526
uob,maybridge-0029-757102356,O=Cc1cc2ccccc2n1S(=O)(=O)c1ccccc1,,,,"MolGlyph 1.1.1 (BioMiner git 17c6161, molglyph_large)",0.18934126570820808
uob,maybridge-0029-778346576,O=Cc1cn(S(=O)(=O)c2ccccc2)c2ccccc12,,,,"MolGlyph 1.1.1 (BioMiner git 17c6161, molglyph_large)",0.1991112008690834
uob,maybridge-0029-921977932,Cn1nc(C=O)c2ccccc21,,,,"MolGlyph 1.1.1 (BioMiner git 17c6161, molglyph_large)",0.12128931283950806
uob,maybridge-0030-1026693451,O=Cc1ccc2nccn2c1,,,,"MolGlyph 1.1.1 (BioMiner git 17c6161, molglyph_large)",0.10749385878443718
uob,maybridge-0030-334026676,O=Cc1ccc2occc2c1,,,,"MolGlyph 1.1.1 (BioMiner git 17c6161, molglyph_large)",0.1069879811257124
uob,maybridge-0030-462577237,O=Cc1cc2cc(Br)ccc2o1,,,,"MolGlyph 1.1.1 (BioMiner git 17c6161, molglyph_large)",0.12190168537199497
uob,maybridge-0030-525989349,Cc1nc2ccccn2c1C=O,,,,"MolGlyph 1.1.1 (BioMiner git 17c6161, molglyph_large)",0.11221314407885075
uob,maybridge-0030-57823781,O=CCc1coc2ccccc12,,,,"MolGlyph 1.1.1 (BioMiner git 17c6161, molglyph_large)",0.11254942417144775
uob,maybridge-0030-610371724,O=Cc1cc2ccccc2o1,,,,"MolGlyph 1.1.1 (BioMiner git 17c6161, molglyph_large)",0.10682242549955845
uob,maybridge-0030-650759429,Cn1c(C=O)nc2ccccc21,,,,"MolGlyph 1.1.1 (BioMiner git 17c6161, molglyph_large)",0.1211581788957119
uob,maybridge-0030-720507308,O=Cc1cn2ccccc2n1,,,,"MolGlyph 1.1.1 (BioMiner git 17c6161, molglyph_large)",0.10754279792308807
uob,maybridge-0030-722865632,O=Cc1cccc2c1OCC2,,,,"MolGlyph 1.1.1 (BioMiner git 17c6161, molglyph_large)",0.10746095143258572
uob,maybridge-0030-740091019,O=Cc1ccc2[nH]cnc2c1,,,,"MolGlyph 1.1.1 (BioMiner git 17c6161, molglyph_large)",0.12133357487618923
uob,maybridge-0030-837708938,Cn1nnc2cc(C=O)ccc21,,,,"MolGlyph 1.1.1 (BioMiner git 17c6161, molglyph_large)",0.12154870480298996
uob,maybridge-0030-845611576,O=Cc1ccc2c(c1)CCO2,,,,"MolGlyph 1.1.1 (BioMiner git 17c6161, molglyph_large)",0.11675496399402618
uob,maybridge-0031-1034221006,O=Cc1csc2ccc(Cl)cc12,,,,"MolGlyph 1.1.1 (BioMiner git 17c6161, molglyph_large)",0.1220804862678051
uob,maybridge-0031-1067587314,Cc1c(C=O)sc2ccccc12,,,,"MolGlyph 1.1.1 (BioMiner git 17c6161, molglyph_large)",0.12123149074614048
uob,maybridge-0031-161644794,O=Cc1csc2ccc(Br)cc12,,,,"MolGlyph 1.1.1 (BioMiner git 17c6161, molglyph_large)",0.12149890884757042
uob,maybridge-0031-183661644,Cc1ccc2sc(C=O)cc2c1,,,,"MolGlyph 1.1.1 (BioMiner git 17c6161, molglyph_large)",0.12172608636319637
uob,maybridge-0031-471594115,O=Cc1c(Br)sc2ccc(Cl)cc12,,,,"MolGlyph 1.1.1 (BioMiner git 17c6161, molglyph_large)",0.13575118966400623
uob,maybridge-0031-496272859,O=Cc1cc2c(cc1Br)OCO2,,,,"MolGlyph 1.1.1 (BioMiner git 17c6161, molglyph_large)",0.12472563795745373
uob,maybridge-0031-546732555,O=Cc1ccc2sccc2c1,,,,"MolGlyph 1.1.1 (BioMiner git 17c6161, molglyph_large)",0.10744299553334713
uob,maybridge-0031-719238041,O=Cc1cc2ccccc2s1,,,,"MolGlyph 1.1.1 (BioMiner git 17c6161, molglyph_large)",0.1077626533806324
uob,maybridge-0031-888855354,O=Cc1csc2ccccc12,,,,"MolGlyph 1.1.1 (BioMiner git 17c6161, molglyph_large)",0.10758252255618572
uob,maybridge-0031-949855781,O=Cc1cc(Br)cc2c1OCC2,,,,"MolGlyph 1.1.1 (BioMiner git 17c6161, molglyph_large)",0.1246380303055048
uob,maybridge-0031-976963945,CC1(C)Cc2cccc(C=O)c2O1,,,,"MolGlyph 1.1.1 (BioMiner git 17c6161, molglyph_large)",0.13720276206731796
uob,maybridge-0031-996481701,O=Cc1cccc2c1OCO2,,,,"MolGlyph 1.1.1 (BioMiner git 17c6161, molglyph_large)",0.10922607779502869
uob,maybridge-0032-1055154188,O=Cc1cc2nccnc2s1,,,,"MolGlyph 1.1.1 (BioMiner git 17c6161, molglyph_large)",0.1071514543145895
uob,maybridge-0032-263948909,CN(C)c1nc2ccccc2cc1C=O,,,,"MolGlyph 1.1.1 (BioMiner git 17c6161, molglyph_large)",0.13655206561088562
uob,maybridge-0032-266265990,O=Cc1cccc2cccnc12,,,,"MolGlyph 1.1.1 (BioMiner git 17c6161, molglyph_large)",0.11781860515475273
uob,maybridge-0032-326557089,O=Cc1sc(Br)c2c1OCCO2,,,,"MolGlyph 1.1.1 (BioMiner git 17c6161, molglyph_large)",0.1212473176419735
uob,maybridge-0032-340359928,O=Cc1ccc2nonc2c1,,,,"MolGlyph 1.1.1 (BioMiner git 17c6161, molglyph_large)",0.10959350503981113
uob,maybridge-0032-347173160,O=Cc1nc2ccccc2s1,,,,"MolGlyph 1.1.1 (BioMiner git 17c6161, molglyph_large)",0.10679678805172443
uob,maybridge-0032-395344128,O=Cc1cccc2nsnc12,,,,"MolGlyph 1.1.1 (BioMiner git 17c6161, molglyph_large)",0.10734796524047852
uob,maybridge-0032-516145029,O=Cc1cc2cccnc2s1,,,,"MolGlyph 1.1.1 (BioMiner git 17c6161, molglyph_large)",0.10701667331159115
uob,maybridge-0032-793597373,O=Cc1ccc2nsnc2c1,,,,"MolGlyph 1.1.1 (BioMiner git 17c6161, molglyph_large)",0.10999105125665665
uob,maybridge-0032-965423423,O=Cc1ccc2snnc2c1,,,,"MolGlyph 1.1.1 (BioMiner git 17c6161, molglyph_large)",0.10844377242028713
uob,maybridge-0032-972013081,O=Cc1scc2c1OCCO2,,,,"MolGlyph 1.1.1 (BioMiner git 17c6161, molglyph_large)",0.10668903589248657
uob,maybridge-0033-157002961,O=Cc1cccc2c1OCCO2,,,,"MolGlyph 1.1.1 (BioMiner git 17c6161, molglyph_large)",0.1115937028080225
uob,maybridge-0033-179673025,O=Cc1nc(-c2ccccc2Cl)c2cc(Cl)ccc2n1,,,,"MolGlyph 1.1.1 (BioMiner git 17c6161, molglyph_large)",0.18500277400016785
uob,maybridge-0033-262921028,O=CC1=C(Cl)c2cc(Cl)ccc2SC1,,,,"MolGlyph 1.1.1 (BioMiner git 17c6161, molglyph_large)",0.14623811282217503
uob,maybridge-0033-571342672,O=Cc1ccc2ncccc2c1,,,,"MolGlyph 1.1.1 (BioMiner git 17c6161, molglyph_large)",0.11257003992795944
uob,maybridge-0033-761224856,O=Cc1ccc2cccnc2n1,,,,"MolGlyph 1.1.1 (BioMiner git 17c6161, molglyph_large)",0.1115858443081379
uob,maybridge-0033-771046002,CC1(C)CCc2cc(C=O)ccc2O1,,,,"MolGlyph 1.1.1 (BioMiner git 17c6161, molglyph_large)",0.14095955714583397
uob,maybridge-0033-781821852,Cc1ccc2cc(C=O)ccc2n1,,,,"MolGlyph 1.1.1 (BioMiner git 17c6161, molglyph_large)",0.12664139829576015
uob,maybridge-0033-78195468,O=Cc1ccc2c(c1)OCCO2,,,,"MolGlyph 1.1.1 (BioMiner git 17c6161, molglyph_large)",0.1219656877219677
uob,maybridge-0033-865563773,O=Cc1cc(F)cc2c1OCOC2,,,,"MolGlyph 1.1.1 (BioMiner git 17c6161, molglyph_large)",0.12684397213160992
uob,maybridge-0033-882430545,O=CC1=Cc2ccccc2OC1,,,,"MolGlyph 1.1.1 (BioMiner git 17c6161, molglyph_large)",0.1176143679767847
uob,maybridge-0033-95463084,O=Cc1cnc2ccccc2n1,,,,"MolGlyph 1.1.1 (BioMiner git 17c6161, molglyph_large)",0.11231897957623005
uob,maybridge-0034-247422296,C/C(=C\N)C=O,,,,"MolGlyph 1.1.1 (BioMiner git 17c6161, molglyph_large)",0.08895940706133842
uob,maybridge-0034-285499597,CN1CCOc2cc(C=O)ccc21,,,,"MolGlyph 1.1.1 (BioMiner git 17c6161, molglyph_large)",0.12630955316126347
uob,maybridge-0034-33440082,O=Cc1cccc2c1OCCCO2,,,,"MolGlyph 1.1.1 (BioMiner git 17c6161, molglyph_large)",0.11659853719174862
uob,maybridge-0034-686414387,O=Cc1ccc2oc3ccccc3c2c1,,,,"MolGlyph 1.1.1 (BioMiner git 17c6161, molglyph_large)",0.13582485355436802
uob,maybridge-0034-705290245,O=Cc1ccc2c(c1)OCCCO2,,,,"MolGlyph 1.1.1 (BioMiner git 17c6161, molglyph_large)",0.1259580422192812
uob,maybridge-0034-916438308,O=Cc1nc2ccccc2c2ncccc12,,,,"MolGlyph 1.1.1 (BioMiner git 17c6161, molglyph_large)",0.1410840954631567
uob,maybridge-0035-191312652,O=S(=O)(Cl)c1sccc1C1OCCO1,,,,"MolGlyph 1.1.1 (BioMiner git 17c6161, molglyph_large)",0.1479714121669531
uob,maybridge-0035-205681197,COC(=O)c1cc(C#N)c(S)nc1C(OC)OC,,,,"MolGlyph 1.1.1 (BioMiner git 17c6161, molglyph_large)",0.17476488649845123
uob,maybridge-0035-217038974,O=S(=O)(Cl)c1ccc(C2OCCO2)s1,,,,"MolGlyph 1.1.1 (BioMiner git 17c6161, molglyph_large)",0.15530534274876118
uob,maybridge-0035-324744504,O=S(=O)(Cl)c1sccc1C1OCCO1,,,,"MolGlyph 1.1.1 (BioMiner git 17c6161, molglyph_large)",0.1456952914595604
uob,maybridge-0035-644366050,COC(OC)c1ccnc(C)n1,,,,"MolGlyph 1.1.1 (BioMiner git 17c6161, molglyph_large)",0.11643406189978123
uob,maybridge-0035-730025057,NC(=S)c1ccc(C2OCCO2)cc1,,,,"MolGlyph 1.1.1 (BioMiner git 17c6161, molglyph_large)",0.14045564457774162
uob,maybridge-0035-73346711,Nc1cccc(C2OCCCO2)c1,,,,"MolGlyph 1.1.1 (BioMiner git 17c6161, molglyph_large)",0.12184207141399384
uob,maybridge-0035-745125897,COC(OC)c1ccc(C#N)c(S)n1,,,,"MolGlyph 1.1.1 (BioMiner git 17c6161, molglyph_large)",0.14123284071683884
uob,maybridge-0035-812243508,O=S(=O)(Cl)c1ccc(C2OCCO2)o1,,,,"MolGlyph 1.1.1 (BioMiner git 17c6161, molglyph_large)",0.15553203225135803
uob,maybridge-0036-482198196,CCOC(OCC)C(N)=S,,,,"MolGlyph 1.1.1 (BioMiner git 17c6161, molglyph_large)",0.10173832438886166
uob,maybridge-0036-659036199,CCOC(=O)C(OCC)OCC,,,,"MolGlyph 1.1.1 (BioMiner git 17c6161, molglyph_large)",0.11156155914068222
uob,maybridge-0036-776357307,COC(OC)N(C)C,,,,"MolGlyph 1.1.1 (BioMiner git 17c6161, molglyph_large)",0.0879569873213768
uob,maybridge-0036-800569939,COC(OC)C(=O)C=CN(C)C,,,,"MolGlyph 1.1.1 (BioMiner git 17c6161, molglyph_large)",0.12737552635371685
uob,maybridge-0036-883731824,CCOC(OCC)c1cc(Cl)nc(SCc2ccccc2)n1,,,,"MolGlyph 1.1.1 (BioMiner git 17c6161, molglyph_large)",0.18460092321038246
uob,maybridge-0036-943591615,COC(CN)OC,,,,"MolGlyph 1.1.1 (BioMiner git 17c6161, molglyph_large)",0.07321996428072453
uob,maybridge-0036-97099060,CC1(C)COC(C2CCNCC2)OC1.O=C(O)C(=O)O,,,,"MolGlyph 1.1.1 (BioMiner git 17c6161, molglyph_large)",0.19915833324193954
uob,maybridge-0037-1025422801,C#Cc1cccs1,,,,"MolGlyph 1.1.1 (BioMiner git 17c6161, molglyph_large)",0.07802164368331432
uob,maybridge-0037-12437299,C#Cc1ccc(OCCC)cc1,,,,"MolGlyph 1.1.1 (BioMiner git 17c6161, molglyph_large)",0.11193092539906502
uob,maybridge-0037-139219285,C#Cc1ccc(-c2cnco2)cc1,,,,"MolGlyph 1.1.1 (BioMiner git 17c6161, molglyph_large)",0.13084986619651318
uob,maybridge-0037-215604916,C#Cc1ccc(-c2ccccc2)cc1,,,,"MolGlyph 1.1.1 (BioMiner git 17c6161, molglyph_large)",0.13778847828507423
uob,maybridge-0037-526785039,O=Cc1ccc(C#Cc2ccccc2)s1,,,,"MolGlyph 1.1.1 (BioMiner git 17c6161, molglyph_large)",0.14183720387518406
uob,maybridge-0037-593037080,C#Cc1ccc(CCCC)cc1,,,,"MolGlyph 1.1.1 (BioMiner git 17c6161, molglyph_large)",0.1117579210549593
uob,maybridge-0037-603313261,O=Cc1cc(C#Cc2ccccc2)cs1,,,,"MolGlyph 1.1.1 (BioMiner git 17c6161, molglyph_large)",0.14196975715458393
uob,maybridge-0037-646007165,C#Cc1ccc(CCC)cc1,,,,"MolGlyph 1.1.1 (BioMiner git 17c6161, molglyph_large)",0.10720675624907017
uob,maybridge-0037-66641664,C#Cc1ccc(-c2ccccn2)s1,,,,"MolGlyph 1.1.1 (BioMiner git 17c6161, molglyph_large)",0.13106448389589787
uob,maybridge-0037-890617298,O=C(O)c1ccc(C#Cc2ccccc2)o1,,,,"MolGlyph 1.1.1 (BioMiner git 17c6161, molglyph_large)",0.15552546083927155
uob,maybridge-0037-995192589,C#Cc1ccc(OC)cc1,,,,"MolGlyph 1.1.1 (BioMiner git 17c6161, molglyph_large)",0.10223721712827682
uob,maybridge-0038-103932498,C#CCNC(N)=O,,,,"MolGlyph 1.1.1 (BioMiner git 17c6161, molglyph_large)",0.08329180255532265
uob,maybridge-0038-237169443,C#Cc1ccc2nccnc2c1,,,,"MolGlyph 1.1.1 (BioMiner git 17c6161, molglyph_large)",0.11164898797869682
uob,maybridge-0038-252751866,CCCCC#Cc1cncc(C(=O)O)c1,,,,"MolGlyph 1.1.1 (BioMiner git 17c6161, molglyph_large)",0.1410249788314104
uob,maybridge-0038-49173393,C#CC(=O)OCC,,,,"MolGlyph 1.1.1 (BioMiner git 17c6161, molglyph_large)",0.08304657600820065
uob,maybridge-0038-73849383,C#CCN1CCS(=O)(=O)CC1,,,,"MolGlyph 1.1.1 (BioMiner git 17c6161, molglyph_large)",0.12620430998504162
uob,maybridge-0038-7388334,O=C(O)c1cncc(C#Cc2ccccc2)c1,,,,"MolGlyph 1.1.1 (BioMiner git 17c6161, molglyph_large)",0.16169904358685017
uob,maybridge-0038-785865813,C#Cc1ccc(CCCCCC)cc1,,,,"MolGlyph 1.1.1 (BioMiner git 17c6161, molglyph_large)",0.12205689027905464
uob,maybridge-0038-907975410,N#Cc1cncc(C#Cc2ccccc2)c1,,,,"MolGlyph 1.1.1 (BioMiner git 17c6161, molglyph_large)",0.1461486853659153
uob,maybridge-0038-964926829,CCCCC#Cc1ccc(C=O)cc1,,,,"MolGlyph 1.1.1 (BioMiner git 17c6161, molglyph_large)",0.12662222236394882
uob,maybridge-0038-98174404,C#CC(=O)OC,,,,"MolGlyph 1.1.1 (BioMiner git 17c6161, molglyph_large)",0.07814003713428974
uob,maybridge-0038-999118918,C#CCOc1c(Cl)cccc1Cl,,,,"MolGlyph 1.1.1 (BioMiner git 17c6161, molglyph_large)",0.11233416758477688
uob,maybridge-0039-1046563186,N=C(N)c1cc(Cl)cc(Cl)c1,,,,"MolGlyph 1.1.1 (BioMiner git 17c6161, molglyph_large)",0.12695629335939884
uob,maybridge-0039-1071716748,Cc1nc(C(=N)N)cs1,,,,"MolGlyph 1.1.1 (BioMiner git 17c6161, molglyph_large)",0.10733461007475853
uob,maybridge-0039-12916969,N=C(N)c1ccsc1,,,,"MolGlyph 1.1.1 (BioMiner git 17c6161, molglyph_large)",0.09271847270429134
uob,maybridge-0039-179999723,N=C(N)c1ccoc1,,,,"MolGlyph 1.1.1 (BioMiner git 17c6161, molglyph_large)",0.09244902804493904
uob,maybridge-0039-549187902,Cc1cccc(C(=N)N)c1,,,,"MolGlyph 1.1.1 (BioMiner git 17c6161, molglyph_large)",0.1164868026971817
uob,maybridge-0039-574869421,N=C(N)C1CC1,,,,"MolGlyph 1.1.1 (BioMiner git 17c6161, molglyph_large)",0.08360445685684681
uob,maybridge-0039-736291733,N=C(N)c1cccs1,,,,"MolGlyph 1.1.1 (BioMiner git 17c6161, molglyph_large)",0.09205933846533298
uob,maybridge-0039-769726657,Cc1ccc(C(=N)N)cc1,,,,"MolGlyph 1.1.1 (BioMiner git 17c6161, molglyph_large)",0.11175448819994926
uob,maybridge-0039-833721898,CCOC(=O)/C=C/c1ccc(C(=N)N)cc1,,,,"MolGlyph 1.1.1 (BioMiner git 17c6161, molglyph_large)",0.17053419910371304
uob,maybridge-0039-856630324,N=C(N)c1ccc(Cl)cc1,,,,"MolGlyph 1.1.1 (BioMiner git 17c6161, molglyph_large)",0.11248434893786907
uob,maybridge-0040-1028469667,N=C(N)COc1ccccc1,,,,"MolGlyph 1.1.1 (BioMiner git 17c6161, molglyph_large)",0.1072645541280508
uob,maybridge-0040-1041394377,N=C(N)c1ccccn1,,,,"MolGlyph 1.1.1 (BioMiner git 17c6161, molglyph_large)",0.09711326286196709
uob,maybridge-0040-1196965,N=C(N)c1ccc(C(F)(F)F)cc1,,,,"MolGlyph 1.1.1 (BioMiner git 17c6161, molglyph_large)",0.1456489861011505
uob,maybridge-0040-194822866,N=C(N)COc1ccccc1Cl,,,,"MolGlyph 1.1.1 (BioMiner git 17c6161, molglyph_large)",0.11202216520905495
uob,maybridge-0040-246731426,N=C(N)c1ccncc1,,,,"MolGlyph 1.1.1 (BioMiner git 17c6161, molglyph_large)",0.09734293632209301
uob,maybridge-0040-428323656,CC(C)(C)c1ccc(OCC(=N)N)cc1,,,,"MolGlyph 1.1.1 (BioMiner git 17c6161, molglyph_large)",0.15548841655254364
uob,maybridge-0040-522737043,N=C(C1C=NC=CC=1)N.Cl,,,,"MolGlyph 1.1.1 (BioMiner git 17c6161, molglyph_large)",0.12171332538127899
uob,maybridge-0040-78101074,N=C(N)c1cc(C(F)(F)F)cc(C(F)(F)F)c1,,,,"MolGlyph 1.1.1 (BioMiner git 17c6161, molglyph_large)",0.19441565312445164
uob,maybridge-0040-789715446,N=C(N)CSc1ccccc1,,,,"MolGlyph 1.1.1 (BioMiner git 17c6161, molglyph_large)",0.10721879079937935
uob,maybridge-0040-91071010,N=C(N)Cc1c(Cl)cccc1Cl,,,,"MolGlyph 1.1.1 (BioMiner git 17c6161, molglyph_large)",0.12082949839532375
uob,maybridge-0041-140481125,CC(C)C(=N)N,,,,"MolGlyph 1.1.1 (BioMiner git 17c6161, molglyph_large)",0.08284051157534122
uob,maybridge-0041-487015617,N=C(N)c1csc2ccccc12,,,,"MolGlyph 1.1.1 (BioMiner git 17c6161, molglyph_large)",0.12170066125690937
uob,maybridge-0041-920656176,CC(C)(C)C(=N)N.Cl,,,,"MolGlyph 1.1.1 (BioMiner git 17c6161, molglyph_large)",0.10683752410113811
uob,maybridge-0041-985735884,CC(=N)N,,,,"MolGlyph 1.1.1 (BioMiner git 17c6161, molglyph_large)",0.06345707923173904
uob,maybridge-0042-423725235,NC(=NO)c1ccccc1,,,,"MolGlyph 1.1.1 (BioMiner git 17c6161, molglyph_large)",0.10244953632354736
uob,maybridge-0042-489982083,Cn1c(SCC(N)=NO)nnc1-c1ccc(C(C)(C)C)cc1,,,,"MolGlyph 1.1.1 (BioMiner git 17c6161, molglyph_large)",0.21338255144655704
uob,maybridge-0042-497438073,NC(=NO)c1ccc(Cl)cc1,,,,"MolGlyph 1.1.1 (BioMiner git 17c6161, molglyph_large)",0.11694402992725372
uob,maybridge-0042-620903501,NC(CCN(Cc1ccco1)S(=O)(=O)c1ccc(Cl)cc1)=NO,,,,"MolGlyph 1.1.1 (BioMiner git 17c6161, molglyph_large)",0.22341986559331417
uob,maybridge-0042-74480719,Cc1cccc(C(N)=NO)c1,,,,"MolGlyph 1.1.1 (BioMiner git 17c6161, molglyph_large)",0.11676938086748123
uob,maybridge-0042-774102620,NC(=NO)c1cccc(C(=O)O)c1,,,,"MolGlyph 1.1.1 (BioMiner git 17c6161, molglyph_large)",0.14205524884164333
uob,maybridge-0042-8207524,NC(=NO)c1cc(F)c(F)cc1F,,,,"MolGlyph 1.1.1 (BioMiner git 17c6161, molglyph_large)",0.13683989271521568
uob,maybridge-0042-869158189,COc1ccc(C(N)=NO)cc1,,,,"MolGlyph 1.1.1 (BioMiner git 17c6161, molglyph_large)",0.12208424508571625
uob,maybridge-0042-90756505,NC(=NO)c1cccc(Cl)c1,,,,"MolGlyph 1.1.1 (BioMiner git 17c6161, molglyph_large)",0.11707190796732903
uob,maybridge-0042-908181538,NC(=NO)C1CC1,,,,"MolGlyph 1.1.1 (BioMiner git 17c6161, molglyph_large)",0.0883126650005579
uob,maybridge-0043-1047359313,Cc1nc(COc2ccc(C(N)=NO)cc2)cs1,,,,"MolGlyph 1.1.1 (BioMiner git 17c6161, molglyph_large)",0.1700634714215994
uob,maybridge-0043-557495036,N/C(Cc1ccccc1)=N\O,,,,"MolGlyph 1.1.1 (BioMiner git 17c6161, molglyph_large)",0.11774745583534241
uob,maybridge-0043-56360413,NC(Cc1ccc(F)cc1Cl)=NO,,,,"MolGlyph 1.1.1 (BioMiner git 17c6161, molglyph_large)",0.1267696749418974
uob,maybridge-0043-586287921,NC(=NO)c1ccccc1OC(F)(F)F,,,,"MolGlyph 1.1.1 (BioMiner git 17c6161, molglyph_large)",0.14631981775164604
uob,maybridge-0043-620617860,NC(=NO)c1cccc(Cl)c1Cl,,,,"MolGlyph 1.1.1 (BioMiner git 17c6161, molglyph_large)",0.12226207926869392
uob,maybridge-0043-782364734,COC(=O)c1ccc(C(N)=NO)cc1,,,,"MolGlyph 1.1.1 (BioMiner git 17c6161, molglyph_large)",0.1463888268917799
uob,maybridge-0043-788610000,NC(=NO)c1ccc(C(F)(F)F)cc1,,,,"MolGlyph 1.1.1 (BioMiner git 17c6161, molglyph_large)",0.15103472955524921
uob,maybridge-0043-824407927,CCCOc1ccc(C(N)=NO)cc1,,,,"MolGlyph 1.1.1 (BioMiner git 17c6161, molglyph_large)",0.13239607214927673
uob,maybridge-0043-891912070,NC(=NO)c1c(Cl)cccc1Cl,,,,"MolGlyph 1.1.1 (BioMiner git 17c6161, molglyph_large)",0.12172486446797848
uob,maybridge-0043-922050263,NC(=NO)c1ccc(OC(F)(F)F)cc1,,,,"MolGlyph 1.1.1 (BioMiner git 17c6161, molglyph_large)",0.1557678673416376
uob,maybridge-0044-231136902,NC(=NO)c1cnccc1C(F)(F)F,,,,"MolGlyph 1.1.1 (BioMiner git 17c6161, molglyph_large)",0.14139476604759693
uob,maybridge-0044-325340749,NC(=NO)c1cccnc1,,,,"MolGlyph 1.1.1 (BioMiner git 17c6161, molglyph_large)",0.10230174101889133
uob,maybridge-0044-585404311,NC(=NO)c1ccc2ccccc2c1,,,,"MolGlyph 1.1.1 (BioMiner git 17c6161, molglyph_large)",0.13424709998071194
uob,maybridge-0044-599687721,NC(=NO)c1ccccn1,,,,"MolGlyph 1.1.1 (BioMiner git 17c6161, molglyph_large)",0.10254162922501564
uob,maybridge-0044-800019073,NC(CS(=O)(=O)c1ccccc1)=NO,,,,"MolGlyph 1.1.1 (BioMiner git 17c6161, molglyph_large)",0.15039904043078423
uob,maybridge-0044-80246501,Cc1cccnc1C(N)=NO,,,,"MolGlyph 1.1.1 (BioMiner git 17c6161, molglyph_large)",0.10805819183588028
uob,maybridge-0044-83642658,NC(=NO)c1ccncc1,,,,"MolGlyph 1.1.1 (BioMiner git 17c6161, molglyph_large)",0.10234547220170498
uob,maybridge-0044-853606843,Cc1ccc(S(=O)(=O)CC(N)=NO)cc1,,,,"MolGlyph 1.1.1 (BioMiner git 17c6161, molglyph_large)",0.16532175615429878
uob,maybridge-0044-935991192,NC(COc1ccccc1)=NO,,,,"MolGlyph 1.1.1 (BioMiner git 17c6161, molglyph_large)",0.11215047724545002
uob,maybridge-0044-9680666,NC(CSc1ncccc1C(F)(F)F)=NO,,,,"MolGlyph 1.1.1 (BioMiner git 17c6161, molglyph_large)",0.15145619213581085
uob,maybridge-0044-983785475,Cn1c(=O)c(C(N)=NO)cn(-c2ccccc2)c1=O,,,,"MolGlyph 1.1.1 (BioMiner git 17c6161, molglyph_large)",0.19898653216660023
uob,maybridge-0045-200838276,CCCC(N)=NO,,,,"MolGlyph 1.1.1 (BioMiner git 17c6161, molglyph_large)",0.0780988521873951
uob,maybridge-0045-694126897,CC(C)C(N)=NO,,,,"MolGlyph 1.1.1 (BioMiner git 17c6161, molglyph_large)",0.08764350228011608
uob,maybridge-0045-731197154,COc1ccc(C(N)=NO)c2ccccc12,,,,"MolGlyph 1.1.1 (BioMiner git 17c6161, molglyph_large)",0.15037016198039055
uob,maybridge-0046-132210112,CNCc1cc(C)n(C)n1,,,,"MolGlyph 1.1.1 (BioMiner git 17c6161, molglyph_large)",0.10745357722043991
uob,maybridge-0046-242078694,Cn1cccc1CN,,,,"MolGlyph 1.1.1 (BioMiner git 17c6161, molglyph_large)",0.07829623483121395
uob,maybridge-0046-243178405,Cn1nc(-c2ccccc2)cc1CN,,,,"MolGlyph 1.1.1 (BioMiner git 17c6161, molglyph_large)",0.1318937111645937
uob,maybridge-0046-362266081,Cc1cc(CN)n(C)n1,,,,"MolGlyph 1.1.1 (BioMiner git 17c6161, molglyph_large)",0.10288837552070618
uob,maybridge-0046-390431342,Cc1nn(C)c(C)c1CN,,,,"MolGlyph 1.1.1 (BioMiner git 17c6161, molglyph_large)",0.10679115355014801
uob,maybridge-0046-406943964,Cc1cc(CN)nn1C,,,,"MolGlyph 1.1.1 (BioMiner git 17c6161, molglyph_large)",0.09270361065864563
uob,maybridge-0046-434419532,Cn1nc(-c2cccs2)cc1CN,,,,"MolGlyph 1.1.1 (BioMiner git 17c6161, molglyph_large)",0.12650356255471706
uob,maybridge-0046-520302160,Cn1nc(CN)cc1-c1ccccc1,,,,"MolGlyph 1.1.1 (BioMiner git 17c6161, molglyph_large)",0.1310618817806244
uob,maybridge-0046-626039269,Cc1ccc(CN)n1C,,,,"MolGlyph 1.1.1 (BioMiner git 17c6161, molglyph_large)",0.09252536110579967
uob,maybridge-0046-639744379,CNCc1cc(-c2ccccc2)nn1C,,,,"MolGlyph 1.1.1 (BioMiner git 17c6161, molglyph_large)",0.13537010736763477
uob,maybridge-0047-105669466,NCCCC1C=NNC1=O,,,,"MolGlyph 1.1.1 (BioMiner git 17c6161, molglyph_large)",0.09734944440424442
uob,maybridge-0047-177002733,CC1CCC(C)N1,,,,"MolGlyph 1.1.1 (BioMiner git 17c6161, molglyph_large)",0.08338460139930248
uob,maybridge-0047-388528606,Cn1cncc1CN,,,,"MolGlyph 1.1.1 (BioMiner git 17c6161, molglyph_large)",0.07837066054344177
uob,maybridge-0047-501356991,Cc1nn(-c2ccccc2)c(C)c1CN,,,,"MolGlyph 1.1.1 (BioMiner git 17c6161, molglyph_large)",0.14610310085117817
uob,maybridge-0047-559299154,CNCc1cncn1C,,,,"MolGlyph 1.1.1 (BioMiner git 17c6161, molglyph_large)",0.08271447569131851
uob,maybridge-0047-667207496,Cn1cnc(CN)c1,,,,"MolGlyph 1.1.1 (BioMiner git 17c6161, molglyph_large)",0.08765928819775581
uob,maybridge-0047-744595570,Cc1[nH]ncc1CCCN,,,,"MolGlyph 1.1.1 (BioMiner git 17c6161, molglyph_large)",0.10248273238539696
uob,maybridge-0047-810419856,CC1C=CC(C)N1,,,,"MolGlyph 1.1.1 (BioMiner git 17c6161, molglyph_large)",0.08754738233983517
uob,maybridge-0047-864102084,Cc1nn(-c2ccccc2)nc1CN,,,,"MolGlyph 1.1.1 (BioMiner git 17c6161, molglyph_large)",0.1317457277327776
uob,maybridge-0047-978940071,CC(C)(N)CN1CCCC1,,,,"MolGlyph 1.1.1 (BioMiner git 17c6161, molglyph_large)",0.10768346674740314
uob,maybridge-0048-139482877,NCCN1CCNC1=O,,,,"MolGlyph 1.1.1 (BioMiner git 17c6161, molglyph_large)",0.08804100938141346
uob,maybridge-0048-295320393,N#CCCNCc1ccco1,,,,"MolGlyph 1.1.1 (BioMiner git 17c6161, molglyph_large)",0.09818600304424763
uob,maybridge-0048-356601468,NCc1ccoc1,,,,"MolGlyph 1.1.1 (BioMiner git 17c6161, molglyph_large)",0.07342858426272869
uob,maybridge-0048-500755610,Cc1occc1CN,,,,"MolGlyph 1.1.1 (BioMiner git 17c6161, molglyph_large)",0.07800496369600296
uob,maybridge-0048-615430194,CC(N)c1ccco1,,,,"MolGlyph 1.1.1 (BioMiner git 17c6161, molglyph_large)",0.08735284581780434
uob,maybridge-0048-693053227,*C1NC(C)N(CC(=O)c2ccc(Cl)cc2)C1Br,,,,"MolGlyph 1.1.1 (BioMiner git 17c6161, molglyph_large)",0.18013791926205158
uob,maybridge-0048-721504844,NCc1ccc(C(F)(F)F)o1,,,,"MolGlyph 1.1.1 (BioMiner git 17c6161, molglyph_large)",0.12095886841416359
uob,maybridge-0048-739152891,NCc1ccoc1,,,,"MolGlyph 1.1.1 (BioMiner git 17c6161, molglyph_large)",0.07339951954782009
uob,maybridge-0048-879443514,Cc1cc(CN)c(C(F)(F)F)o1,,,,"MolGlyph 1.1.1 (BioMiner git 17c6161, molglyph_large)",0.13596040569245815
uob,maybridge-0048-905921203,NCc1ccco1,,,,"MolGlyph 1.1.1 (BioMiner git 17c6161, molglyph_large)",0.07279111258685589
uob,maybridge-0048-919816600,Cc1cc(CN)c(C)o1,,,,"MolGlyph 1.1.1 (BioMiner git 17c6161, molglyph_large)",0.10182328708469868
uob,maybridge-0049-178006866,Cc1ccsc1CN,,,,"MolGlyph 1.1.1 (BioMiner git 17c6161, molglyph_large)",0.07776457071304321
uob,maybridge-0049-247004755,Cc1cc(CN)c(-c2ccccc2)o1,,,,"MolGlyph 1.1.1 (BioMiner git 17c6161, molglyph_large)",0.14072638750076294
uob,maybridge-0049-274732536,CNCc1ccc(-c2ccco2)s1,,,,"MolGlyph 1.1.1 (BioMiner git 17c6161, molglyph_large)",0.12629402428865433
uob,maybridge-0049-286276251,N[C@H]1CCOC1=O,,,,"MolGlyph 1.1.1 (BioMiner git 17c6161, molglyph_large)",0.09759344533085823
uob,maybridge-0049-295547487,CNCc1ccc(Oc2cccnc2)o1,,,,"MolGlyph 1.1.1 (BioMiner git 17c6161, molglyph_large)",0.13139129057526588
uob,maybridge-0049-366815543,N#CCCNCC1CCCO1,,,,"MolGlyph 1.1.1 (BioMiner git 17c6161, molglyph_large)",0.09765234030783176
uob,maybridge-0049-442391989,CNCc1cc(C)oc1-c1ccccc1,,,,"MolGlyph 1.1.1 (BioMiner git 17c6161, molglyph_large)",0.13640092499554157
uob,maybridge-0049-538128716,CNCc1cc(C)cs1,,,,"MolGlyph 1.1.1 (BioMiner git 17c6161, molglyph_large)",0.09250497259199619
uob,maybridge-0049-700503719,CN(C)Cc1ccc(CSCCN)o1,,,,"MolGlyph 1.1.1 (BioMiner git 17c6161, molglyph_large)",0.1266577560454607
uob,maybridge-0049-770142687,NCc1cccs1,,,,"MolGlyph 1.1.1 (BioMiner git 17c6161, molglyph_large)",0.07339351624250412
uob,maybridge-0049-810120493,Cc1csc(CN)c1,,,,"MolGlyph 1.1.1 (BioMiner git 17c6161, molglyph_large)",0.08737635239958763
uob,maybridge-0049-907110571,NCc1ccsc1,,,,"MolGlyph 1.1.1 (BioMiner git 17c6161, molglyph_large)",0.07594051957130432
uob,maybridge-0050-212821144,Cc1cc(CN)no1,,,,"MolGlyph 1.1.1 (BioMiner git 17c6161, molglyph_large)",0.08685578033328056
uob,maybridge-0050-255212852,NCc1ccc(-c2cccs2)s1,,,,"MolGlyph 1.1.1 (BioMiner git 17c6161, molglyph_large)",0.12094158492982388
uob,maybridge-0050-327604654,CNCc1cc(C)on1,,,,"MolGlyph 1.1.1 (BioMiner git 17c6161, molglyph_large)",0.09244676493108273
uob,maybridge-0050-433177818,NCc1ccc(-c2ccccn2)s1,,,,"MolGlyph 1.1.1 (BioMiner git 17c6161, molglyph_large)",0.12728813104331493
uob,maybridge-0050-538951765,NC1CCS(=O)(=O)C1,,,,"MolGlyph 1.1.1 (BioMiner git 17c6161, molglyph_large)",0.10663546808063984
uob,maybridge-0050-566189695,NCc1cc(-c2ccccc2)on1,,,,"MolGlyph 1.1.1 (BioMiner git 17c6161, molglyph_large)",0.1268133595585823
uob,maybridge-0050-672577316,CNCc1ccc(N2CCOCC2)s1,,,,"MolGlyph 1.1.1 (BioMiner git 17c6161, molglyph_large)",0.12684329971671104
uob,maybridge-0050-711576037,NCc1ccsc1Br,,,,"MolGlyph 1.1.1 (BioMiner git 17c6161, molglyph_large)",0.07772315479815006
uob,maybridge-0050-867934191,NCCc1cccs1,,,,"MolGlyph 1.1.1 (BioMiner git 17c6161, molglyph_large)",0.07856971025466919
uob,maybridge-0050-899440332,CN(C)C1(CN)CCSC1,,,,"MolGlyph 1.1.1 (BioMiner git 17c6161, molglyph_large)",0.10748223215341568
uob,maybridge-0050-973201444,CNCc1ccsc1Br,,,,"MolGlyph 1.1.1 (BioMiner git 17c6161, molglyph_large)",0.08270150050520897
uob,maybridge-0050-982538828,NCc1cc(-c2ccco2)on1,,,,"MolGlyph 1.1.1 (BioMiner git 17c6161, molglyph_large)",0.12152289599180222
uob,maybridge-0051-129618643,CNCc1cc(-c2ccco2)on1,,,,"MolGlyph 1.1.1 (BioMiner git 17c6161, molglyph_large)",0.12725662253797054
uob,maybridge-0051-219038454,CNCc1nc(-c2ccccc2)oc1C,,,,"MolGlyph 1.1.1 (BioMiner git 17c6161, molglyph_large)",0.13637861236929893
uob,maybridge-0051-242831907,CNCc1cc(-c2ccccc2)on1,,,,"MolGlyph 1.1.1 (BioMiner git 17c6161, molglyph_large)",0.1315099112689495
uob,maybridge-0051-249689960,CNCc1c(-c2ccccc2)noc1C,,,,"MolGlyph 1.1.1 (BioMiner git 17c6161, molglyph_large)",0.13567867130041122
uob,maybridge-0051-280285632,CNCc1csc(C)n1,,,,"MolGlyph 1.1.1 (BioMiner git 17c6161, molglyph_large)",0.09301717765629292
uob,maybridge-0051-40470966,CNCc1nc(C)oc1C,,,,"MolGlyph 1.1.1 (BioMiner git 17c6161, molglyph_large)",0.09940054453909397
uob,maybridge-0051-475040453,Cc1onc(-c2ccccc2)c1CN,,,,"MolGlyph 1.1.1 (BioMiner git 17c6161, molglyph_large)",0.13143207132816315
uob,maybridge-0051-560444332,Cc1oc(-c2ccccc2)nc1CN,,,,"MolGlyph 1.1.1 (BioMiner git 17c6161, molglyph_large)",0.13155080005526543
uob,maybridge-0051-655512475,NCc1cc(-c2cccs2)on1,,,,"MolGlyph 1.1.1 (BioMiner git 17c6161, molglyph_large)",0.12154538743197918
uob,maybridge-0051-799020677,Cc1nc(CN)c(C)o1,,,,"MolGlyph 1.1.1 (BioMiner git 17c6161, molglyph_large)",0.10160737298429012
uob,maybridge-0051-83417298,NCc1csc(-c2ccccc2)n1,,,,"MolGlyph 1.1.1 (BioMiner git 17c6161, molglyph_large)",0.12696016021072865
uob,maybridge-0052-121230171,NCc1csc(-c2cccs2)n1,,,,"MolGlyph 1.1.1 (BioMiner git 17c6161, molglyph_large)",0.12204161286354065
uob,maybridge-0052-162474237,Cc1nc(-c2ccc(C(F)(F)F)cc2)sc1CN,,,,"MolGlyph 1.1.1 (BioMiner git 17c6161, molglyph_large)",0.1792681310325861
uob,maybridge-0052-170848108,CNCc1sc(-c2ccccc2)nc1-c1ccccc1,,,,"MolGlyph 1.1.1 (BioMiner git 17c6161, molglyph_large)",0.17565693333745003
uob,maybridge-0052-302408903,Cc1nc(-c2ccccc2)sc1CN,,,,"MolGlyph 1.1.1 (BioMiner git 17c6161, molglyph_large)",0.1315655503422022
uob,maybridge-0052-356871514,CNCc1csc(-c2ccc(C(F)(F)F)cc2)n1,,,,"MolGlyph 1.1.1 (BioMiner git 17c6161, molglyph_large)",0.18158777989447117
uob,maybridge-0052-431977754,NCc1csc(-c2cccc(Cl)c2)n1,,,,"MolGlyph 1.1.1 (BioMiner git 17c6161, molglyph_large)",0.14336877688765526
uob,maybridge-0052-471276158,NCc1csc(-c2ccc(Cl)cc2)n1,,,,"MolGlyph 1.1.1 (BioMiner git 17c6161, molglyph_large)",0.14170526713132858
uob,maybridge-0052-503764688,CNCc1csc(-c2cccc(Cl)c2)n1,,,,"MolGlyph 1.1.1 (BioMiner git 17c6161, molglyph_large)",0.1471375059336424
uob,maybridge-0052-801590898,NCc1csc(-c2ccc(C(F)(F)F)cc2)n1,,,,"MolGlyph 1.1.1 (BioMiner git 17c6161, molglyph_large)",0.17484061792492867
uob,maybridge-0052-926967404,CNCc1sc(-c2ccccc2)nc1C,,,,"MolGlyph 1.1.1 (BioMiner git 17c6161, molglyph_large)",0.1362602338194847
uob,maybridge-0053-116954493,NCc1sc(-c2ccccc2)nc1-c1ccccc1,,,,"MolGlyph 1.1.1 (BioMiner git 17c6161, molglyph_large)",0.17045696638524532
uob,maybridge-0053-241651099,CNCc1ccc(F)cc1,,,,"MolGlyph 1.1.1 (BioMiner git 17c6161, molglyph_large)",0.09753363952040672
uob,maybridge-0053-355836058,NCc1c(N)cccc1F,,,,"MolGlyph 1.1.1 (BioMiner git 17c6161, molglyph_large)",0.09916455112397671
uob,maybridge-0053-399581470,CCc1ccc(CNC)cc1,,,,"MolGlyph 1.1.1 (BioMiner git 17c6161, molglyph_large)",0.10180340148508549
uob,maybridge-0053-531045064,CNCc1csc(C2CCN(C(=O)OC(C)(C)C)CC2)n1,,,,"MolGlyph 1.1.1 (BioMiner git 17c6161, molglyph_large)",0.2030269280076027
uob,maybridge-0053-562134086,Cc1cccc(CN)c1C,,,,"MolGlyph 1.1.1 (BioMiner git 17c6161, molglyph_large)",0.09782169386744499
uob,maybridge-0053-589061184,NCc1cccc(F)c1,,,,"MolGlyph 1.1.1 (BioMiner git 17c6161, molglyph_large)",0.0925324596464634
uob,maybridge-0053-602951772,NCc1ccc(F)cc1,,,,"MolGlyph 1.1.1 (BioMiner git 17c6161, molglyph_large)",0.09220745600759983
uob,maybridge-0053-621055369,CNCc1ccc(C)cc1,,,,"MolGlyph 1.1.1 (BioMiner git 17c6161, molglyph_large)",0.09699053131043911
uob,maybridge-0053-694698212,Cc1nc(CCN)cs1,,,,"MolGlyph 1.1.1 (BioMiner git 17c6161, molglyph_large)",0.0929670725017786
uob,maybridge-0053-970705784,NCc1ccccc1,,,,"MolGlyph 1.1.1 (BioMiner git 17c6161, molglyph_large)",0.07795327343046665
uob,maybridge-0054-1029436143,CNCc1ccccc1Cl,,,,"MolGlyph 1.1.1 (BioMiner git 17c6161, molglyph_large)",0.08731979504227638
uob,maybridge-0054-216551042,COc1ccc(OC)c(CN)c1,,,,"MolGlyph 1.1.1 (BioMiner git 17c6161, molglyph_large)",0.1161140501499176
uob,maybridge-0054-283660318,[N+](c1cccc(CNC)c1)(=O)[O-],,,,"MolGlyph 1.1.1 (BioMiner git 17c6161, molglyph_large)",0.16031268425285816
uob,maybridge-0054-391066875,COc1cccc(OC)c1CN,,,,"MolGlyph 1.1.1 (BioMiner git 17c6161, molglyph_large)",0.1070290245115757
uob,maybridge-0054-412747701,CNCc1ccc(OC)cc1,,,,"MolGlyph 1.1.1 (BioMiner git 17c6161, molglyph_large)",0.10175965540111065
uob,maybridge-0054-435707714,CSc1ccccc1CN,,,,"MolGlyph 1.1.1 (BioMiner git 17c6161, molglyph_large)",0.08862728998064995
uob,maybridge-0054-551543764,NCc1ccc(-n2cccc2)cc1,,,,"MolGlyph 1.1.1 (BioMiner git 17c6161, molglyph_large)",0.1265197191387415
uob,maybridge-0054-640855386,Cc1ccc(CN)cc1Cl,,,,"MolGlyph 1.1.1 (BioMiner git 17c6161, molglyph_large)",0.09741450846195221
uob,maybridge-0054-696225990,CNCc1ccc(Cl)cc1,,,,"MolGlyph 1.1.1 (BioMiner git 17c6161, molglyph_large)",0.09712756797671318
uob,maybridge-0054-720034752,CNCc1cccc(Cl)c1,,,,"MolGlyph 1.1.1 (BioMiner git 17c6161, molglyph_large)",0.09738143160939217
uob,maybridge-0054-985950684,NCc1cccc(-n2cccc2)c1,,,,"MolGlyph 1.1.1 (BioMiner git 17c6161, molglyph_large)",0.12621801905333996
uob,maybridge-0054-997594765,NCc1ccc(F)c(Cl)c1,,,,"MolGlyph 1.1.1 (BioMiner git 17c6161, molglyph_large)",0.10698173940181732
uob,maybridge-0055-1071613750,NCc1ccccc1-n1cccn1,,,,"MolGlyph 1.1.1 (BioMiner git 17c6161, molglyph_large)",0.11668188124895096
uob,maybridge-0055-19048826,NCc1ccc(-c2ccco2)cc1,,,,"MolGlyph 1.1.1 (BioMiner git 17c6161, molglyph_large)",0.1262245737016201
uob,maybridge-0055-212675354,NCc1ccc(C(F)(F)F)cc1,,,,"MolGlyph 1.1.1 (BioMiner git 17c6161, molglyph_large)",0.12621178291738033
uob,maybridge-0055-223756716,NCc1cccc(-n2cccn2)c1,,,,"MolGlyph 1.1.1 (BioMiner git 17c6161, molglyph_large)",0.12644079886376858
uob,maybridge-0055-34751446,NCc1cc(Cl)cc(Cl)c1,,,,"MolGlyph 1.1.1 (BioMiner git 17c6161, molglyph_large)",0.10679258219897747
uob,maybridge-0055-392556255,NCc1cccc(-n2cncn2)c1,,,,"MolGlyph 1.1.1 (BioMiner git 17c6161, molglyph_large)",0.12587619200348854
uob,maybridge-0055-720854977,NCc1cc(Cl)ccc1Cl,,,,"MolGlyph 1.1.1 (BioMiner git 17c6161, molglyph_large)",0.09759260714054108
uob,maybridge-0055-788058964,NCc1ccccc1-c1ccco1,,,,"MolGlyph 1.1.1 (BioMiner git 17c6161, molglyph_large)",0.11653631366789341
uob,maybridge-0055-803333238,NCc1ccc(-n2cccn2)cc1,,,,"MolGlyph 1.1.1 (BioMiner git 17c6161, molglyph_large)",0.12700212746858597
uob,maybridge-0055-881794236,NCc1cccc(-c2ccco2)c1,,,,"MolGlyph 1.1.1 (BioMiner git 17c6161, molglyph_large)",0.12679113447666168
uob,maybridge-0055-932370610,NCc1ccc(N2CCCC2)cc1,,,,"MolGlyph 1.1.1 (BioMiner git 17c6161, molglyph_large)",0.12132281996309757
uob,maybridge-0055-957959891,NCc1ccccc1-n1cccc1,,,,"MolGlyph 1.1.1 (BioMiner git 17c6161, molglyph_large)",0.11641724035143852
uob,maybridge-0056-1057882567,Cn1ccc(-c2cccc(CN)c2)n1,,,,"MolGlyph 1.1.1 (BioMiner git 17c6161, molglyph_large)",0.1411170195788145
uob,maybridge-0056-160487463,CNCc1ccccc1-c1ccco1,,,,"MolGlyph 1.1.1 (BioMiner git 17c6161, molglyph_large)",0.12158849276602268
uob,maybridge-0056-170748531,NCc1ccc(-c2cccs2)cc1,,,,"MolGlyph 1.1.1 (BioMiner git 17c6161, molglyph_large)",0.12638908438384533
uob,maybridge-0056-1849377,CNCc1ccc(-c2ccco2)cc1,,,,"MolGlyph 1.1.1 (BioMiner git 17c6161, molglyph_large)",0.1344411764293909
uob,maybridge-0056-365503037,CNCc1ccc(C(F)(F)F)cc1,,,,"MolGlyph 1.1.1 (BioMiner git 17c6161, molglyph_large)",0.13312800228595734
uob,maybridge-0056-457249037,CNCc1cccc(-n2cncn2)c1,,,,"MolGlyph 1.1.1 (BioMiner git 17c6161, molglyph_large)",0.1314928773790598
uob,maybridge-0056-492280577,NCc1cccc(N2CCCC2)c1,,,,"MolGlyph 1.1.1 (BioMiner git 17c6161, molglyph_large)",0.12230819463729858
uob,maybridge-0056-640993275,CNCc1ccc(-n2ccnc2)cc1,,,,"MolGlyph 1.1.1 (BioMiner git 17c6161, molglyph_large)",0.13152264058589935
uob,maybridge-0056-683275823,CNCc1cccc(-c2ccco2)c1,,,,"MolGlyph 1.1.1 (BioMiner git 17c6161, molglyph_large)",0.1304373610764742
uob,maybridge-0056-726852523,CNCc1cccc(C(F)(F)F)c1,,,,"MolGlyph 1.1.1 (BioMiner git 17c6161, molglyph_large)",0.13161154836416245
uob,maybridge-0056-76246723,NCc1ccccc1N1CCCC1,,,,"MolGlyph 1.1.1 (BioMiner git 17c6161, molglyph_large)",0.11210874281823635
uob,maybridge-0056-904241499,NCc1cccc(Cn2cccn2)c1,,,,"MolGlyph 1.1.1 (BioMiner git 17c6161, molglyph_large)",0.12666383758187294
uob,maybridge-0057-1012820056,Cc1cc(Cl)cc(Cl)c1CN,,,,"MolGlyph 1.1.1 (BioMiner git 17c6161, molglyph_large)",0.11262364499270916
uob,maybridge-0057-169385925,NCc1ccc(-c2ccsc2)cc1,,,,"MolGlyph 1.1.1 (BioMiner git 17c6161, molglyph_large)",0.12673942185938358
uob,maybridge-0057-178255254,CNCc1ccc(N2CCCC2)cc1,,,,"MolGlyph 1.1.1 (BioMiner git 17c6161, molglyph_large)",0.12625934183597565
uob,maybridge-0057-318853436,NCc1cccc(-c2nccs2)c1,,,,"MolGlyph 1.1.1 (BioMiner git 17c6161, molglyph_large)",0.12649022229015827
uob,maybridge-0057-322822754,NCc1cccc(N2CCCCC2)c1,,,,"MolGlyph 1.1.1 (BioMiner git 17c6161, molglyph_large)",0.12690304405987263
uob,maybridge-0057-427260018,NCc1cccc(-c2ccsc2)c1,,,,"MolGlyph 1.1.1 (BioMiner git 17c6161, molglyph_large)",0.12652632221579552
uob,maybridge-0057-448269613,NCc1cccc(-c2cccs2)c1,,,,"MolGlyph 1.1.1 (BioMiner git 17c6161, molglyph_large)",0.12626425735652447
uob,maybridge-0057-499013567,CNCc1ccc(Cl)c(Cl)c1,,,,"MolGlyph 1.1.1 (BioMiner git 17c6161, molglyph_large)",0.11183255910873413
uob,maybridge-0057-582833491,NCc1ccccc1N1CCCCC1,,,,"MolGlyph 1.1.1 (BioMiner git 17c6161, molglyph_large)",0.11690718308091164
uob,maybridge-0057-75577173,CNCc1cccc(N2CCCC2)c1,,,,"MolGlyph 1.1.1 (BioMiner git 17c6161, molglyph_large)",0.12766478769481182
uob,maybridge-0057-900769145,NCc1ccc(-c2nccs2)cc1,,,,"MolGlyph 1.1.1 (BioMiner git 17c6161, molglyph_large)",0.12965211644768715
uob,maybridge-0057-910636984,CNCc1ccccc1N1CCCC1,,,,"MolGlyph 1.1.1 (BioMiner git 17c6161, molglyph_large)",0.11703080125153065
uob,maybridge-0058-178247609,CNCc1ccccc1-c1cccnc1,,,,"MolGlyph 1.1.1 (BioMiner git 17c6161, molglyph_large)",0.12622877396643162
uob,maybridge-0058-210737919,NCc1cccc(CN2CCCC2)c1,,,,"MolGlyph 1.1.1 (BioMiner git 17c6161, molglyph_large)",0.1263747438788414
uob,maybridge-0058-223282460,NCc1ccccc1OC(F)(F)F,,,,"MolGlyph 1.1.1 (BioMiner git 17c6161, molglyph_large)",0.12073913775384426
uob,maybridge-0058-236024754,CNCc1ccc(-c2ccncc2)cc1,,,,"MolGlyph 1.1.1 (BioMiner git 17c6161, molglyph_large)",0.1356236170977354
uob,maybridge-0058-254470861,CN(C)CCOc1ccc(CN)cc1,,,,"MolGlyph 1.1.1 (BioMiner git 17c6161, molglyph_large)",0.12644916027784348
uob,maybridge-0058-528638859,NCc1ccc(N2CCCCC2)cc1,,,,"MolGlyph 1.1.1 (BioMiner git 17c6161, molglyph_large)",0.1276583895087242
uob,maybridge-0058-57955845,CNCc1cccc(-c2cccnc2)c1,,,,"MolGlyph 1.1.1 (BioMiner git 17c6161, molglyph_large)",0.13551906682550907
uob,maybridge-0058-688847349,NCc1ccccc1N1CCOCC1,,,,"MolGlyph 1.1.1 (BioMiner git 17c6161, molglyph_large)",0.11672935076057911
uob,maybridge-0058-806066790,NCc1ccc(CN2CCCC2)cc1,,,,"MolGlyph 1.1.1 (BioMiner git 17c6161, molglyph_large)",0.12613784708082676
uob,maybridge-0058-837626712,NCc1ccc(N2CCOCC2)cc1,,,,"MolGlyph 1.1.1 (BioMiner git 17c6161, molglyph_large)",0.12619738653302193
uob,maybridge-0058-870159788,CN(C)CCOc1ccccc1CN,,,,"MolGlyph 1.1.1 (BioMiner git 17c6161, molglyph_large)",0.11742045544087887
uob,maybridge-0058-979167657,NCc1cccc(N2CCOCC2)c1,,,,"MolGlyph 1.1.1 (BioMiner git 17c6161, molglyph_large)",0.1262415125966072
uob,maybridge-0059-1038028026,CNCc1cccc(-c2ccncc2)c1,,,,"MolGlyph 1.1.1 (BioMiner git 17c6161, molglyph_large)",0.13682958483695984
uob,maybridge-0059-568407447,CNCc1cccc(Cn2cncn2)c1,,,,"MolGlyph 1.1.1 (BioMiner git 17c6161, molglyph_large)",0.13096906431019306
uob,maybridge-0059-592430181,CNCc1cccc(Cn2cccn2)c1,,,,"MolGlyph 1.1.1 (BioMiner git 17c6161, molglyph_large)",0.13090419210493565
uob,maybridge-0059-742285961,CNCc1cccc(-c2cncnc2)c1,,,,"MolGlyph 1.1.1 (BioMiner git 17c6161, molglyph_large)",0.13601773604750633
uob,maybridge-0059-751455540,CNCc1ccc(Cn2cccn2)cc1,,,,"MolGlyph 1.1.1 (BioMiner git 17c6161, molglyph_large)",0.13116221316158772
uob,maybridge-0059-753068831,COC(=O)c1cccc(CN)c1,,,,"MolGlyph 1.1.1 (BioMiner git 17c6161, molglyph_large)",0.12176617607474327
uob,maybridge-0059-761094454,[N+](c1ccc(CNC)cc1)(=O)[O-],,,,"MolGlyph 1.1.1 (BioMiner git 17c6161, molglyph_large)",0.16031360812485218
uob,maybridge-0059-823648759,CNCc1ccc(-c2ccccn2)cc1,,,,"MolGlyph 1.1.1 (BioMiner git 17c6161, molglyph_large)",0.13558723963797092
uob,maybridge-0059-921955354,CNCc1ccc(-c2cncnc2)cc1,,,,"MolGlyph 1.1.1 (BioMiner git 17c6161, molglyph_large)",0.1362979281693697
uob,maybridge-0059-965974064,CNCc1ccccc1Cn1cncn1,,,,"MolGlyph 1.1.1 (BioMiner git 17c6161, molglyph_large)",0.12181593291461468
uob,maybridge-0059-975517463,CNCc1cccc(-c2noc(C)n2)c1,,,,"MolGlyph 1.1.1 (BioMiner git 17c6161, molglyph_large)",0.14568197540938854
uob,maybridge-0060-1004992770,CNCc1ccc(-c2nccs2)cc1,,,,"MolGlyph 1.1.1 (BioMiner git 17c6161, molglyph_large)",0.13144459761679173
uob,maybridge-0060-1005266947,CNCc1ccc(-c2noc(C)n2)cc1,,,,"MolGlyph 1.1.1 (BioMiner git 17c6161, molglyph_large)",0.14548088610172272
uob,maybridge-0060-1016365091,CNCc1ccc(-c2nc(C)no2)cc1,,,,"MolGlyph 1.1.1 (BioMiner git 17c6161, molglyph_large)",0.145883833989501
uob,maybridge-0060-387272536,CNCc1ccc(N2CCCCC2)cc1,,,,"MolGlyph 1.1.1 (BioMiner git 17c6161, molglyph_large)",0.1313631795346737
uob,maybridge-0060-525163410,CNCc1cccc(-c2nccs2)c1,,,,"MolGlyph 1.1.1 (BioMiner git 17c6161, molglyph_large)",0.1331452988088131
uob,maybridge-0060-532872105,CNCc1cccc(-c2ccsc2)c1,,,,"MolGlyph 1.1.1 (BioMiner git 17c6161, molglyph_large)",0.13128090277314186
uob,maybridge-0060-605374826,CNCc1cccc(-c2cccs2)c1,,,,"MolGlyph 1.1.1 (BioMiner git 17c6161, molglyph_large)",0.1318773441016674
uob,maybridge-0060-749496584,CNCc1ccccc1-c1cccs1,,,,"MolGlyph 1.1.1 (BioMiner git 17c6161, molglyph_large)",0.12157131917774677
uob,maybridge-0060-846177069,CNCc1cccc(N2CCCCC2)c1,,,,"MolGlyph 1.1.1 (BioMiner git 17c6161, molglyph_large)",0.13124729692935944
uob,maybridge-0060-85767411,CNCc1cccc(CN2CCCC2)c1,,,,"MolGlyph 1.1.1 (BioMiner git 17c6161, molglyph_large)",0.1310041807591915
uob,maybridge-0060-875829240,CNCc1ccc(-c2ccsc2)cc1,,,,"MolGlyph 1.1.1 (BioMiner git 17c6161, molglyph_large)",0.13156039640307426
uob,maybridge-0060-886650665,CNCc1ccc(-c2cccs2)cc1,,,,"MolGlyph 1.1.1 (BioMiner git 17c6161, molglyph_large)",0.13122397661209106
uob,maybridge-0061-101617794,CNCc1cccc(N2CCOCC2)c1,,,,"MolGlyph 1.1.1 (BioMiner git 17c6161, molglyph_large)",0.1311086043715477
uob,maybridge-0061-1060783366,NCc1ccccc1OC1CCOCC1,,,,"MolGlyph 1.1.1 (BioMiner git 17c6161, molglyph_large)",0.12317969836294651
uob,maybridge-0061-225405833,NCc1cccc(CN2CCCCC2)c1,,,,"MolGlyph 1.1.1 (BioMiner git 17c6161, molglyph_large)",0.1315959468483925
uob,maybridge-0061-235690805,CNCc1ccc(CN2CCCC2)cc1,,,,"MolGlyph 1.1.1 (BioMiner git 17c6161, molglyph_large)",0.13090965896844864
uob,maybridge-0061-383080953,NCc1ccccc1CN1CCOCC1,,,,"MolGlyph 1.1.1 (BioMiner git 17c6161, molglyph_large)",0.12117514200508595
uob,maybridge-0061-425726456,CNCc1ccc(N2CCOCC2)cc1,,,,"MolGlyph 1.1.1 (BioMiner git 17c6161, molglyph_large)",0.13150599040091038
uob,maybridge-0061-472281031,CN1CCN(c2ccccc2CN)CC1,,,,"MolGlyph 1.1.1 (BioMiner git 17c6161, molglyph_large)",0.13150141574442387
uob,maybridge-0061-511047510,CN1CCN(c2cccc(CN)c2)CC1,,,,"MolGlyph 1.1.1 (BioMiner git 17c6161, molglyph_large)",0.1416696384549141
uob,maybridge-0061-681757939,CN1CCN(c2ccc(CN)cc2)CC1,,,,"MolGlyph 1.1.1 (BioMiner git 17c6161, molglyph_large)",0.1412022840231657
uob,maybridge-0061-694862726,NCc1ccc(CN2CCOCC2)cc1,,,,"MolGlyph 1.1.1 (BioMiner git 17c6161, molglyph_large)",0.13192053139209747
uob,maybridge-0061-932786717,NCc1cccc(CN2CCOCC2)c1,,,,"MolGlyph 1.1.1 (BioMiner git 17c6161, molglyph_large)",0.1309824325144291
uob,maybridge-0061-979367586,NCc1ccc(CN2CCCCC2)cc1,,,,"MolGlyph 1.1.1 (BioMiner git 17c6161, molglyph_large)",0.13194997236132622
uob,maybridge-0062-149991118,CNCc1ccc(Oc2ccccn2)cc1,,,,"MolGlyph 1.1.1 (BioMiner git 17c6161, molglyph_large)",0.1366764921694994
uob,maybridge-0062-152189942,CNCc1ccc(OCCN(C)C)cc1,,,,"MolGlyph 1.1.1 (BioMiner git 17c6161, molglyph_large)",0.13086050748825073
uob,maybridge-0062-198779763,CC1CCN(Cc2cccc(CN)c2)CC1,,,,"MolGlyph 1.1.1 (BioMiner git 17c6161, molglyph_large)",0.1462871115654707
uob,maybridge-0062-258959088,CNCc1cccc(CN2CCCCC2)c1,,,,"MolGlyph 1.1.1 (BioMiner git 17c6161, molglyph_large)",0.13909477181732655
uob,maybridge-0062-353336781,NCc1cccc(COc2ccccc2)c1,,,,"MolGlyph 1.1.1 (BioMiner git 17c6161, molglyph_large)",0.13650698587298393
uob,maybridge-0062-359703579,CNCc1ccccc1OCCN(C)C,,,,"MolGlyph 1.1.1 (BioMiner git 17c6161, molglyph_large)",0.12409907951951027
uob,maybridge-0062-462885159,NCc1ccccc1COc1ccccc1,,,,"MolGlyph 1.1.1 (BioMiner git 17c6161, molglyph_large)",0.1267190333455801
uob,maybridge-0062-580162103,CNCc1cccc(-c2csc(C)n2)c1,,,,"MolGlyph 1.1.1 (BioMiner git 17c6161, molglyph_large)",0.1476135104894638
uob,maybridge-0062-694667752,CNCc1cccc(Oc2ccccn2)c1,,,,"MolGlyph 1.1.1 (BioMiner git 17c6161, molglyph_large)",0.13630051910877228
uob,maybridge-0062-771899402,CNCc1ccccc1Oc1ccccc1,,,,"MolGlyph 1.1.1 (BioMiner git 17c6161, molglyph_large)",0.12710602022707462
uob,maybridge-0062-876732046,CNCc1cccc(Oc2ccccc2)c1,,,,"MolGlyph 1.1.1 (BioMiner git 17c6161, molglyph_large)",0.1363727729767561
uob,maybridge-0062-886189132,CNCc1ccc(Oc2ccccc2)cc1,,,,"MolGlyph 1.1.1 (BioMiner git 17c6161, molglyph_large)",0.13625053875148296
uob,maybridge-0063-1006617702,CNCc1cccc(CN2CCOCC2)c1,,,,"MolGlyph 1.1.1 (BioMiner git 17c6161, molglyph_large)",0.13748708553612232
uob,maybridge-0063-210480381,NCc1ccccc1-c1cccs1,,,,"MolGlyph 1.1.1 (BioMiner git 17c6161, molglyph_large)",0.1174783706665039
uob,maybridge-0063-222976238,CN1CCCN(c2ccc(CN)cc2)CC1,,,,"MolGlyph 1.1.1 (BioMiner git 17c6161, molglyph_large)",0.14718854799866676
uob,maybridge-0063-237782574,CN1CCCN(c2ccccc2CN)CC1,,,,"MolGlyph 1.1.1 (BioMiner git 17c6161, molglyph_large)",0.13734816946089268
uob,maybridge-0063-453246687,CN1CCN(Cc2ccc(CN)cc2)CC1,,,,"MolGlyph 1.1.1 (BioMiner git 17c6161, molglyph_large)",0.14623017981648445
uob,maybridge-0063-74533764,CNCc1ccccc1CN1CCOCC1,,,,"MolGlyph 1.1.1 (BioMiner git 17c6161, molglyph_large)",0.12676483765244484
uob,maybridge-0063-801936951,CN1CCN(Cc2ccccc2CN)CC1,,,,"MolGlyph 1.1.1 (BioMiner git 17c6161, molglyph_large)",0.13632487505674362
uob,maybridge-0063-831740107,CC(C)(C)OC(=O)Nc1ccc(CN)cc1,,,,"MolGlyph 1.1.1 (BioMiner git 17c6161, molglyph_large)",0.1603503469377756
uob,maybridge-0063-853333590,CNCc1ccccc1COc1ccccc1,,,,"MolGlyph 1.1.1 (BioMiner git 17c6161, molglyph_large)",0.13166019693017006
uob,maybridge-0063-929800610,NCc1ccc(Cn2cccn2)cc1,,,,"MolGlyph 1.1.1 (BioMiner git 17c6161, molglyph_large)",0.12658954411745071
uob,maybridge-0064-151896417,CN1CCCN(Cc2ccc(CN)cc2)CC1,,,,"MolGlyph 1.1.1 (BioMiner git 17c6161, molglyph_large)",0.1496954020112753
uob,maybridge-0064-204219582,CNCc1ccc(CN2CCN(C)CC2)cc1,,,,"MolGlyph 1.1.1 (BioMiner git 17c6161, molglyph_large)",0.1511426903307438
uob,maybridge-0064-220069769,CC(C)NCc1ccc(N2CCCCC2)cc1,,,,"MolGlyph 1.1.1 (BioMiner git 17c6161, molglyph_large)",0.150719178840518
uob,maybridge-0064-220525205,NCc1ccc(Oc2ccccc2)cc1,,,,"MolGlyph 1.1.1 (BioMiner git 17c6161, molglyph_large)",0.13180564902722836
uob,maybridge-0064-324327332,CCCNCc1ccc(N2CCCCC2)cc1,,,,"MolGlyph 1.1.1 (BioMiner git 17c6161, molglyph_large)",0.1408634763211012
uob,maybridge-0064-452053707,NCc1cccc(OCCN2CCOCC2)c1,,,,"MolGlyph 1.1.1 (BioMiner git 17c6161, molglyph_large)",0.14130385220050812
uob,maybridge-0064-505469861,NCc1ccccc1OCCN1CCOCC1,,,,"MolGlyph 1.1.1 (BioMiner git 17c6161, molglyph_large)",0.1332226637750864
uob,maybridge-0064-55597146,NCc1ccccc1Oc1ccccc1,,,,"MolGlyph 1.1.1 (BioMiner git 17c6161, molglyph_large)",0.12662054412066936
uob,maybridge-0064-68408342,NCc1c(Cl)cccc1Oc1ccccc1,,,,"MolGlyph 1.1.1 (BioMiner git 17c6161, molglyph_large)",0.13817368634045124
uob,maybridge-0064-710832710,CNCc1ccc(N2CCCN(C)CC2)cc1,,,,"MolGlyph 1.1.1 (BioMiner git 17c6161, molglyph_large)",0.151614585891366
uob,maybridge-0064-811832576,c1cc(N2CCCCC2)ccc1CNC1CC1,,,,"MolGlyph 1.1.1 (BioMiner git 17c6161, molglyph_large)",0.1507503129541874
uob,maybridge-0064-833622069,NCc1ccc(-c2csnn2)cc1,,,,"MolGlyph 1.1.1 (BioMiner git 17c6161, molglyph_large)",0.12695424258708954
uob,maybridge-0065-1057203743,NCc1ccccc1-c1cccnc1,,,,"MolGlyph 1.1.1 (BioMiner git 17c6161, molglyph_large)",0.12171634659171104
uob,maybridge-0065-431114461,NCc1ccc(OCCN2CCOCC2)cc1,,,,"MolGlyph 1.1.1 (BioMiner git 17c6161, molglyph_large)",0.14178816601634026
uob,maybridge-0065-593396984,CNCc1cc(C(F)(F)F)ccc1N1CCOCC1,,,,"MolGlyph 1.1.1 (BioMiner git 17c6161, molglyph_large)",0.1706016082316637
uob,maybridge-0065-663791141,CNCc1ccc(CN2CCCCC2)cc1,,,,"MolGlyph 1.1.1 (BioMiner git 17c6161, molglyph_large)",0.13646836206316948
uob,maybridge-0065-761572602,CC(C)(C)OC(=O)N1CCN(c2ccc(CN)cc2)CC1,,,,"MolGlyph 1.1.1 (BioMiner git 17c6161, molglyph_large)",0.2042262088507414
uob,maybridge-0065-77461313,CNCc1ccc(OCCN2CCOCC2)cc1,,,,"MolGlyph 1.1.1 (BioMiner git 17c6161, molglyph_large)",0.14592953957617283
uob,maybridge-0065-790739370,CNCc1cccc(OCCN2CCOCC2)c1,,,,"MolGlyph 1.1.1 (BioMiner git 17c6161, molglyph_large)",0.1457853801548481
uob,maybridge-0065-882853658,NCc1cc(C(F)(F)F)ccc1N1CCOCC1,,,,"MolGlyph 1.1.1 (BioMiner git 17c6161, molglyph_large)",0.16847139783203602
uob,maybridge-0065-93166127,CC(C)(C)OC(=O)N1CCN(c2ccccc2CN)CC1,,,,"MolGlyph 1.1.1 (BioMiner git 17c6161, molglyph_large)",0.19517344050109386
uob,maybridge-0066-1034265177,[N+](c1ccc(C[C@H](N)C(=O)O)cc1)(=O)[O-],,,,"MolGlyph 1.1.1 (BioMiner git 17c6161, molglyph_large)",0.218429172411561
uob,maybridge-0066-114151985,NCCOc1ccccc1,,,,"MolGlyph 1.1.1 (BioMiner git 17c6161, molglyph_large)",0.08758493885397911
uob,maybridge-0066-208034627,CNCc1ccc(N2CCN(C(=O)OC(C)(C)C)CC2)cc1,,,,"MolGlyph 1.1.1 (BioMiner git 17c6161, molglyph_large)",0.21054870449006557
uob,maybridge-0066-323151260,COc1ccc(CCNCCC#N)cc1OC,,,,"MolGlyph 1.1.1 (BioMiner git 17c6161, molglyph_large)",0.1362852118909359
uob,maybridge-0066-579464368,NC(Cc1ccc(B(O)O)cc1)C(=O)O,,,,"MolGlyph 1.1.1 (BioMiner git 17c6161, molglyph_large)",0.15567143447697163
uob,maybridge-0066-586553919,COc1cc(CC(N)C(=O)O)ccc1O,,,,"MolGlyph 1.1.1 (BioMiner git 17c6161, molglyph_large)",0.14645429886877537
uob,maybridge-0066-609484049,CNCc1cccc(CN2CCN(C(=O)OC(C)(C)C)CC2)c1,,,,"MolGlyph 1.1.1 (BioMiner git 17c6161, molglyph_large)",0.2151736505329609
uob,maybridge-0066-848035687,[N+](c1ccc(C(=O)CN)cc1)(=O)[O-],,,,"MolGlyph 1.1.1 (BioMiner git 17c6161, molglyph_large)",0.17963583208620548
uob,maybridge-0066-881191064,CNCc1ccc(Cn2ccnc2)cc1,,,,"MolGlyph 1.1.1 (BioMiner git 17c6161, molglyph_large)",0.13139268569648266
uob,maybridge-0066-967776758,[N+](c1ccc(C(O)CNCc2ccccc2)cc1)(=O)[O-],,,,"MolGlyph 1.1.1 (BioMiner git 17c6161, molglyph_large)",0.21805916726589203
uob,maybridge-0067-107419032,CNCc1ccncc1,,,,"MolGlyph 1.1.1 (BioMiner git 17c6161, molglyph_large)",0.08333911746740341
uob,maybridge-0067-366435948,NCc1ccncc1,,,,"MolGlyph 1.1.1 (BioMiner git 17c6161, molglyph_large)",0.07812254875898361
uob,maybridge-0067-509828369,NCCSCc1c(Cl)cccc1Cl,,,,"MolGlyph 1.1.1 (BioMiner git 17c6161, molglyph_large)",0.1116789486259222
uob,maybridge-0067-530666022,NCCSCc1c(F)cccc1Cl,,,,"MolGlyph 1.1.1 (BioMiner git 17c6161, molglyph_large)",0.11208143085241318
uob,maybridge-0067-540074259,NCCOc1ccccc1Cl,,,,"MolGlyph 1.1.1 (BioMiner git 17c6161, molglyph_large)",0.09258626028895378
uob,maybridge-0067-588221210,COC1C=CC(OCC[NH3+])=CC=1.[Cl-],,,,"MolGlyph 1.1.1 (BioMiner git 17c6161, molglyph_large)",0.16967025585472584
uob,maybridge-0067-753080778,COc1ccc(OCCN)cc1,,,,"MolGlyph 1.1.1 (BioMiner git 17c6161, molglyph_large)",0.1075248010456562
uob,maybridge-0067-808796333,N[C@@H](CC1CCCCC1)C(=O)O,,,,"MolGlyph 1.1.1 (BioMiner git 17c6161, molglyph_large)",0.14511269330978394
uob,maybridge-0067-918109070,NCCOCc1ccccc1,,,,"MolGlyph 1.1.1 (BioMiner git 17c6161, molglyph_large)",0.09306374192237854
uob,maybridge-0067-941989862,CCC1CCC(N)CC1,,,,"MolGlyph 1.1.1 (BioMiner git 17c6161, molglyph_large)",0.09243127703666687
uob,maybridge-0067-975554407,CNCc1cccnc1,,,,"MolGlyph 1.1.1 (BioMiner git 17c6161, molglyph_large)",0.08321985974907875
uob,maybridge-0067-984200458,NCCNCc1ccccc1,,,,"MolGlyph 1.1.1 (BioMiner git 17c6161, molglyph_large)",0.0922702457755804
uob,maybridge-0068-1062218047,NCc1cccnc1N1CCCC1,,,,"MolGlyph 1.1.1 (BioMiner git 17c6161, molglyph_large)",0.11182287707924843
uob,maybridge-0068-345469012,NCc1ccnc(N2CCCCC2)c1,,,,"MolGlyph 1.1.1 (BioMiner git 17c6161, molglyph_large)",0.1266610473394394
uob,maybridge-0068-428862464,CNCc1cccnc1N1CCCC1,,,,"MolGlyph 1.1.1 (BioMiner git 17c6161, molglyph_large)",0.1172308400273323
uob,maybridge-0068-46920870,NCc1ccc(-c2ccccc2)nc1,,,,"MolGlyph 1.1.1 (BioMiner git 17c6161, molglyph_large)",0.13125209882855415
uob,maybridge-0068-530422113,N#CCCNCc1ccncc1,,,,"MolGlyph 1.1.1 (BioMiner git 17c6161, molglyph_large)",0.10242198035120964
uob,maybridge-0068-533386302,CNCc1cccc(N2CCCC2)n1,,,,"MolGlyph 1.1.1 (BioMiner git 17c6161, molglyph_large)",0.12823153473436832
uob,maybridge-0068-575557946,CNCc1ccnc(N2CCCC2)c1,,,,"MolGlyph 1.1.1 (BioMiner git 17c6161, molglyph_large)",0.12704228796064854
uob,maybridge-0068-766366464,NCc1cccc(N2CCCC2)n1,,,,"MolGlyph 1.1.1 (BioMiner git 17c6161, molglyph_large)",0.125991802662611
uob,maybridge-0068-82446211,NCc1ccnc(N2CCCC2)c1,,,,"MolGlyph 1.1.1 (BioMiner git 17c6161, molglyph_large)",0.12188439816236496
uob,maybridge-0068-899073733,NCc1cccc(N2CCCCC2)n1,,,,"MolGlyph 1.1.1 (BioMiner git 17c6161, molglyph_large)",0.1266727652400732
uob,maybridge-0068-980703790,CNCc1ncccc1F,,,,"MolGlyph 1.1.1 (BioMiner git 17c6161, molglyph_large)",0.0880751870572567
uob,maybridge-0069-1034411978,NCc1cccc(N2CCOCC2)n1,,,,"MolGlyph 1.1.1 (BioMiner git 17c6161, molglyph_large)",0.1265659872442484
uob,maybridge-0069-203667832,CNCc1cccc(N2CCOCC2)n1,,,,"MolGlyph 1.1.1 (BioMiner git 17c6161, molglyph_large)",0.13134553469717503
uob,maybridge-0069-322613893,NCc1ccc(-c2cccs2)nc1,,,,"MolGlyph 1.1.1 (BioMiner git 17c6161, molglyph_large)",0.12628724798560143
uob,maybridge-0069-500954288,CNCc1cccc(Br)n1,,,,"MolGlyph 1.1.1 (BioMiner git 17c6161, molglyph_large)",0.09749027527868748
uob,maybridge-0069-682750138,NC(c1ccccn1)c1ccc(Cl)cc1,,,,"MolGlyph 1.1.1 (BioMiner git 17c6161, molglyph_large)",0.14249946549534798
uob,maybridge-0069-740349439,NCc1ccnc(N2CCOCC2)c1,,,,"MolGlyph 1.1.1 (BioMiner git 17c6161, molglyph_large)",0.12740622460842133
uob,maybridge-0069-835862224,CNCc1ccnc(N2CCCCC2)c1,,,,"MolGlyph 1.1.1 (BioMiner git 17c6161, molglyph_large)",0.13333340361714363
uob,maybridge-0069-892716141,NCc1ccnc(N2CCSCC2)c1,,,,"MolGlyph 1.1.1 (BioMiner git 17c6161, molglyph_large)",0.127304095774889
uob,maybridge-0069-970303173,CNCc1ccnc(N2CCOCC2)c1,,,,"MolGlyph 1.1.1 (BioMiner git 17c6161, molglyph_large)",0.13495458289980888
uob,maybridge-0069-982754212,NCc1ncc(C(F)(F)F)cc1Cl,,,,"MolGlyph 1.1.1 (BioMiner git 17c6161, molglyph_large)",0.131199287250638
uob,maybridge-0070-115042521,CC1(C)CC(=O)CC(C)(C)N1,,,,"MolGlyph 1.1.1 (BioMiner git 17c6161, molglyph_large)",0.13596104830503464
uob,maybridge-0070-166846755,O=C(C1CCCNC1)N1CCCC1,,,,"MolGlyph 1.1.1 (BioMiner git 17c6161, molglyph_large)",0.12599728256464005
uob,maybridge-0070-301853369,CCOC(=O)C1CCNCC1,,,,"MolGlyph 1.1.1 (BioMiner git 17c6161, molglyph_large)",0.10792757570743561
uob,maybridge-0070-366918320,O=C(O)C1CCCNC1,,,,"MolGlyph 1.1.1 (BioMiner git 17c6161, molglyph_large)",0.097594004124403
uob,maybridge-0070-396844892,OCC1CCNCC1,,,,"MolGlyph 1.1.1 (BioMiner git 17c6161, molglyph_large)",0.07782736048102379
uob,maybridge-0070-444288987,c1cncc(C2CCCCN2)c1,,,,"MolGlyph 1.1.1 (BioMiner git 17c6161, molglyph_large)",0.11639890447258949
uob,maybridge-0070-636165545,COc1ccccc1C1CCNCC1,,,,"MolGlyph 1.1.1 (BioMiner git 17c6161, molglyph_large)",0.11714814975857735
uob,maybridge-0070-687536391,O=C(C1CCNCC1)N1CCCC1,,,,"MolGlyph 1.1.1 (BioMiner git 17c6161, molglyph_large)",0.12683610059320927
uob,maybridge-0070-780733807,CNCCc1ccccn1,,,,"MolGlyph 1.1.1 (BioMiner git 17c6161, molglyph_large)",0.08812170289456844
uob,maybridge-0070-795363312,CC(C)(C)C1CCNCC1,,,,"MolGlyph 1.1.1 (BioMiner git 17c6161, molglyph_large)",0.10800760611891747
uob,maybridge-0071-165697485,O=C(c1ccccc1)C1CCNCC1,,,,"MolGlyph 1.1.1 (BioMiner git 17c6161, molglyph_large)",0.1314270105212927
uob,maybridge-0071-276931898,O=C(C1CCCCN1)N1CCCC1.Cl,,,,"MolGlyph 1.1.1 (BioMiner git 17c6161, molglyph_large)",0.13661225698888302
uob,maybridge-0071-291337919,OC1(c2ccc(Cl)cc2)CCNCC1,,,,"MolGlyph 1.1.1 (BioMiner git 17c6161, molglyph_large)",0.1368399988859892
uob,maybridge-0071-356402953,c1ccc2c(C3CCNCC3)c[nH]c2c1,,,,"MolGlyph 1.1.1 (BioMiner git 17c6161, molglyph_large)",0.15658660233020782
uob,maybridge-0071-425195893,O=C(C1CCNCC1)N1CCCCCC1,,,,"MolGlyph 1.1.1 (BioMiner git 17c6161, molglyph_large)",0.1366897001862526
uob,maybridge-0071-63234755,O=C(C1CCCNC1)N1CCCCCC1,,,,"MolGlyph 1.1.1 (BioMiner git 17c6161, molglyph_large)",0.13773681595921516
uob,maybridge-0071-700670801,O=C(C1CCNCC1)N1CCCCC1,,,,"MolGlyph 1.1.1 (BioMiner git 17c6161, molglyph_large)",0.13172828406095505
uob,maybridge-0071-71716389,Cc1ccc(C)n1CC1CCNCC1,,,,"MolGlyph 1.1.1 (BioMiner git 17c6161, molglyph_large)",0.1286369413137436
uob,maybridge-0071-878165078,OC1CC(c2ccccc2)NC2(CCCC2)C1,,,,"MolGlyph 1.1.1 (BioMiner git 17c6161, molglyph_large)",0.160987863317132
uob,maybridge-0071-981626850,CC(C)(C)OC(=O)NCC1CCNCC1,,,,"MolGlyph 1.1.1 (BioMiner git 17c6161, molglyph_large)",0.14628798328340054
uob,maybridge-0072-372193655,O=C(C1CCCCN1)N1CCCCC1.Cl,,,,"MolGlyph 1.1.1 (BioMiner git 17c6161, molglyph_large)",0.14078292064368725
uob,maybridge-0072-382017992,O=C(C1CCCNC1)N1CCCCC1.Cl,,,,"MolGlyph 1.1.1 (BioMiner git 17c6161, molglyph_large)",0.14107058756053448
uob,maybridge-0072-467328836,O=C(C1CCCCN1)N1CCOCC1.Cl,,,,"MolGlyph 1.1.1 (BioMiner git 17c6161, molglyph_large)",0.14055797643959522
uob,maybridge-0072-494170596,O=C(C1CCNCC1)N1CCOCC1,,,,"MolGlyph 1.1.1 (BioMiner git 17c6161, molglyph_large)",0.13280796259641647
uob,maybridge-0072-531009567,Cl.c1ccc2c(c1)nnn2C1CCNCC1,,,,"MolGlyph 1.1.1 (BioMiner git 17c6161, molglyph_large)",0.15059509687125683
uob,maybridge-0072-699004990,CC1CCN(C(=O)C2CCCCN2)CC1,,,,"MolGlyph 1.1.1 (BioMiner git 17c6161, molglyph_large)",0.14535345323383808
uob,maybridge-0072-795170324,O=C(c1ccc(F)cc1)C1CCNCC1,,,,"MolGlyph 1.1.1 (BioMiner git 17c6161, molglyph_large)",0.14650214463472366
uob,maybridge-0072-893374828,CC(=O)Nc1ccc(C(=O)C2CCNCC2)cc1,,,,"MolGlyph 1.1.1 (BioMiner git 17c6161, molglyph_large)",0.17520839907228947
uob,maybridge-0072-895100960,O=C(c1cccs1)C1CCNCC1,,,,"MolGlyph 1.1.1 (BioMiner git 17c6161, molglyph_large)",0.12704225443303585
uob,maybridge-0073-146825212,CC1CCN(C(=O)C2CCCNC2)CC1.Cl,,,,"MolGlyph 1.1.1 (BioMiner git 17c6161, molglyph_large)",0.1555391289293766
uob,maybridge-0073-299645146,Fc1ccc2onc(C3CCNCC3)c2c1,,,,"MolGlyph 1.1.1 (BioMiner git 17c6161, molglyph_large)",0.14584468491375446
uob,maybridge-0073-373410597,CC1CCN(C(=O)C2CCNCC2)CC1.Cl,,,,"MolGlyph 1.1.1 (BioMiner git 17c6161, molglyph_large)",0.15580923669040203
uob,maybridge-0073-417082122,CN1CCN(C(=O)C2CCCNC2)CC1,,,,"MolGlyph 1.1.1 (BioMiner git 17c6161, molglyph_large)",0.1467070933431387
uob,maybridge-0073-517736351,COc1ccc(C(=O)C2CCNCC2)cc1,,,,"MolGlyph 1.1.1 (BioMiner git 17c6161, molglyph_large)",0.152563339099288
uob,maybridge-0073-66491285,O=C(c1ccc(Cl)cc1)C1CCNCC1,,,,"MolGlyph 1.1.1 (BioMiner git 17c6161, molglyph_large)",0.1462264321744442
uob,maybridge-0073-729613864,CC1(C)COC(C2CCNCC2)OC1.O=C(O)C(=O)O,,,,"MolGlyph 1.1.1 (BioMiner git 17c6161, molglyph_large)",0.19939589500427246
uob,maybridge-0073-808331944,FC(F)(F)c1ccc2c(c1)nnn2C1CCNCC1,,,,"MolGlyph 1.1.1 (BioMiner git 17c6161, molglyph_large)",0.18046018294990063
uob,maybridge-0074-140081400,NCC1CCN(Cc2ccccc2)CC1,,,,"MolGlyph 1.1.1 (BioMiner git 17c6161, molglyph_large)",0.13230126351118088
uob,maybridge-0074-268943347,CCN1CCC(CN)CC1,,,,"MolGlyph 1.1.1 (BioMiner git 17c6161, molglyph_large)",0.0975943710654974
uob,maybridge-0074-394752780,CN1C(C)(C)CC(N)CC1(C)C,,,,"MolGlyph 1.1.1 (BioMiner git 17c6161, molglyph_large)",0.14080628752708435
uob,maybridge-0074-598971189,CNCC1CCN(c2cncc(C)n2)CC1,,,,"MolGlyph 1.1.1 (BioMiner git 17c6161, molglyph_large)",0.145306883379817
uob,maybridge-0074-637098794,CN1CCC(CN)CC1,,,,"MolGlyph 1.1.1 (BioMiner git 17c6161, molglyph_large)",0.09290470369160175
uob,maybridge-0074-656928714,FC(F)(F)c1cc(NCCC2CCCCN2)cc(C(F)(F)F)c1,,,,"MolGlyph 1.1.1 (BioMiner git 17c6161, molglyph_large)",0.21815123222768307
uob,maybridge-0074-731335194,CN1CCCCC1CN,,,,"MolGlyph 1.1.1 (BioMiner git 17c6161, molglyph_large)",0.08329317905008793
uob,maybridge-0074-779289548,CC(C)(C)OC(=O)N1CCC(CN)CC1,,,,"MolGlyph 1.1.1 (BioMiner git 17c6161, molglyph_large)",0.15596270374953747
uob,maybridge-0074-823808547,Cc1cncc(N2CCC(CN)CC2)n1,,,,"MolGlyph 1.1.1 (BioMiner git 17c6161, molglyph_large)",0.14082306437194347
uob,maybridge-0075-1065441200,NCC1CCN(C(=O)OCc2ccccc2)CC1,,,,"MolGlyph 1.1.1 (BioMiner git 17c6161, molglyph_large)",0.1612988319247961
uob,maybridge-0075-1067858078,CNCC1CCN(C(=O)OCc2ccccc2)CC1,,,,"MolGlyph 1.1.1 (BioMiner git 17c6161, molglyph_large)",0.16742520779371262
uob,maybridge-0075-208039923,c1ccc(N2CCNCC2)nc1,,,,"MolGlyph 1.1.1 (BioMiner git 17c6161, molglyph_large)",0.11746535636484623
uob,maybridge-0075-313466535,c1cnc(N2CCNCC2)nc1,,,,"MolGlyph 1.1.1 (BioMiner git 17c6161, molglyph_large)",0.11779949441552162
uob,maybridge-0075-429569171,CC(C)(N)CN1CCCCC1,,,,"MolGlyph 1.1.1 (BioMiner git 17c6161, molglyph_large)",0.11157291196286678
uob,maybridge-0075-464694745,NCCN1CCC(Cc2ccccc2)CC1,,,,"MolGlyph 1.1.1 (BioMiner git 17c6161, molglyph_large)",0.1370067596435547
uob,maybridge-0075-599534253,Nc1ccccc1N1CCNCC1,,,,"MolGlyph 1.1.1 (BioMiner git 17c6161, molglyph_large)",0.11248504929244518
uob,maybridge-0075-616271268,Cc1cncc(N2CCNCC2)n1,,,,"MolGlyph 1.1.1 (BioMiner git 17c6161, molglyph_large)",0.12170244380831718
uob,maybridge-0075-672167766,CC1CNC(C)CN1,,,,"MolGlyph 1.1.1 (BioMiner git 17c6161, molglyph_large)",0.08730045519769192
uob,maybridge-0075-781190225,CC1CCN(CC(C)(C)N)CC1,,,,"MolGlyph 1.1.1 (BioMiner git 17c6161, molglyph_large)",0.1260230652987957
uob,maybridge-0076-1036234941,c1cc2occc2c(N2CCNCC2)n1,,,,"MolGlyph 1.1.1 (BioMiner git 17c6161, molglyph_large)",0.14139731600880623
uob,maybridge-0076-1039688370,N#Cc1ccc(N2CCNCC2)nc1,,,,"MolGlyph 1.1.1 (BioMiner git 17c6161, molglyph_large)",0.13179430179297924
uob,maybridge-0076-170926376,Cc1cccc(N2CCNCC2)c1C,,,,"MolGlyph 1.1.1 (BioMiner git 17c6161, molglyph_large)",0.1265762448310852
uob,maybridge-0076-196487303,CC(C)(C)OC(=O)N1CCNCC1,,,,"MolGlyph 1.1.1 (BioMiner git 17c6161, molglyph_large)",0.13636816665530205
uob,maybridge-0076-247948576,CCOC(=O)CC1NCCNC1=O,,,,"MolGlyph 1.1.1 (BioMiner git 17c6161, molglyph_large)",0.12216744385659695
uob,maybridge-0076-323668651,Cc1ccc(C)n1CCN1CCNCC1,,,,"MolGlyph 1.1.1 (BioMiner git 17c6161, molglyph_large)",0.13187780044972897
uob,maybridge-0076-326159097,O=C(O)C1CNCCN1,,,,"MolGlyph 1.1.1 (BioMiner git 17c6161, molglyph_large)",0.09760122746229172
uob,maybridge-0076-630081187,Fc1ccc(N2CCNCC2)cc1,,,,"MolGlyph 1.1.1 (BioMiner git 17c6161, molglyph_large)",0.12158441357314587
uob,maybridge-0076-681429255,Cc1ccc(N2CCNCC2)cc1C,,,,"MolGlyph 1.1.1 (BioMiner git 17c6161, molglyph_large)",0.12635084800422192
uob,maybridge-0076-686324904,N#Cc1cccnc1N1CCNCC1,,,,"MolGlyph 1.1.1 (BioMiner git 17c6161, molglyph_large)",0.12195966765284538
uob,maybridge-0076-794776150,N#Cc1ccc(N2CCNCC2)cc1,,,,"MolGlyph 1.1.1 (BioMiner git 17c6161, molglyph_large)",0.13144935108721256
uob,maybridge-0077-121055644,FC(F)(F)c1cccnc1N1CCNCC1,,,,"MolGlyph 1.1.1 (BioMiner git 17c6161, molglyph_large)",0.14605692401528358
uob,maybridge-0077-138028968,Clc1cncc(Cl)c1N1CCNCC1,,,,"MolGlyph 1.1.1 (BioMiner git 17c6161, molglyph_large)",0.12711982615292072
uob,maybridge-0077-185450158,c1ccc(-c2nsc(N3CCNCC3)n2)cc1,,,,"MolGlyph 1.1.1 (BioMiner git 17c6161, molglyph_large)",0.16539918072521687
uob,maybridge-0077-481901952,Fc1cccc(Cl)c1CN1CCNCC1,,,,"MolGlyph 1.1.1 (BioMiner git 17c6161, molglyph_large)",0.13190342113375664
uob,maybridge-0077-488452661,Cc1ccc(Cl)cc1N1CCNCC1,,,,"MolGlyph 1.1.1 (BioMiner git 17c6161, molglyph_large)",0.12679177150130272
uob,maybridge-0077-53992644,Clc1ccc2c(N3CCNCC3)ccnc2c1,,,,"MolGlyph 1.1.1 (BioMiner git 17c6161, molglyph_large)",0.15081384405493736
uob,maybridge-0077-617782159,COc1cccc(N2CCNCC2)c1,,,,"MolGlyph 1.1.1 (BioMiner git 17c6161, molglyph_large)",0.12707260809838772
uob,maybridge-0077-719575864,Cc1ccccc1N1CCNCC1,,,,"MolGlyph 1.1.1 (BioMiner git 17c6161, molglyph_large)",0.11223144270479679
uob,maybridge-0077-726270699,Cc1cc(N2CCNCC2)c2ccccc2n1,,,,"MolGlyph 1.1.1 (BioMiner git 17c6161, molglyph_large)",0.15037945471704006
uob,maybridge-0077-79793101,FC(F)(F)c1ccc(N2CCNCC2)nc1,,,,"MolGlyph 1.1.1 (BioMiner git 17c6161, molglyph_large)",0.1561412438750267
uob,maybridge-0077-90967360,FC(F)(F)c1cccc(N2CCNCC2)n1,,,,"MolGlyph 1.1.1 (BioMiner git 17c6161, molglyph_large)",0.1547144614160061
uob,maybridge-0078-1005572931,NCC1CCCCO1,,,,"MolGlyph 1.1.1 (BioMiner git 17c6161, molglyph_large)",0.07821071706712246
uob,maybridge-0078-202413218,NCCCN1CCN(Cc2c(F)cccc2Cl)CC1,,,,"MolGlyph 1.1.1 (BioMiner git 17c6161, molglyph_large)",0.1608037631958723
uob,maybridge-0078-247169784,NCCN1CCN(Cc2ccccc2)CC1,,,,"MolGlyph 1.1.1 (BioMiner git 17c6161, molglyph_large)",0.13676954247057438
uob,maybridge-0078-270140056,FC(F)(F)c1cnc(N2CCNCC2)c(Cl)c1,,,,"MolGlyph 1.1.1 (BioMiner git 17c6161, molglyph_large)",0.16995921544730663
uob,maybridge-0078-285412367,Cc1ccc2nc(C(F)(F)F)cc(N3CCNCC3)c2c1,,,,"MolGlyph 1.1.1 (BioMiner git 17c6161, molglyph_large)",0.19948210380971432
uob,maybridge-0078-567516917,NCC1CCOCC1,,,,"MolGlyph 1.1.1 (BioMiner git 17c6161, molglyph_large)",0.07823914848268032
uob,maybridge-0078-569571857,Fc1ccc(C(c2ccc(F)cc2)N2CCNCC2)cc1,,,,"MolGlyph 1.1.1 (BioMiner git 17c6161, molglyph_large)",0.18956252560019493
uob,maybridge-0078-73982164,Oc1ccc(N2CCNCC2)cc1,,,,"MolGlyph 1.1.1 (BioMiner git 17c6161, molglyph_large)",0.12210581824183464
uob,maybridge-0078-846678309,c1([N+](=O)[O-])cc(S(N)(=O)=O)sc1N1CCNCC1,,,,"MolGlyph 1.1.1 (BioMiner git 17c6161, molglyph_large)",0.2011589501053095
uob,maybridge-0078-860391106,[N+](c1cc(C(F)(F)F)ccc1N1CCNCC1)(=O)[O-],,,,"MolGlyph 1.1.1 (BioMiner git 17c6161, molglyph_large)",0.22333036735653877
uob,maybridge-0079-1040849263,Cc1cncc(N2CCCNCC2)n1,,,,"MolGlyph 1.1.1 (BioMiner git 17c6161, molglyph_large)",0.12691873125731945
uob,maybridge-0079-11227393,c1ccc(CN2CCCNCC2)cc1,,,,"MolGlyph 1.1.1 (BioMiner git 17c6161, molglyph_large)",0.12730840034782887
uob,maybridge-0079-155927969,C1CNCCNC1,,,,"MolGlyph 1.1.1 (BioMiner git 17c6161, molglyph_large)",0.07347025536000729
uob,maybridge-0079-276359478,N#CCCNCCCN1CCOCC1,,,,"MolGlyph 1.1.1 (BioMiner git 17c6161, molglyph_large)",0.11179772391915321
uob,maybridge-0079-469129546,OCCN1CCCNCC1,,,,"MolGlyph 1.1.1 (BioMiner git 17c6161, molglyph_large)",0.08845720067620277
uob,maybridge-0079-557255913,O=C1c2ccccc2C(=O)N1CC1CNCCO1,,,,"MolGlyph 1.1.1 (BioMiner git 17c6161, molglyph_large)",0.16601688973605633
uob,maybridge-0079-692519382,CCOC(=O)C1CSCCN1,,,,"MolGlyph 1.1.1 (BioMiner git 17c6161, molglyph_large)",0.10730843618512154
uob,maybridge-0079-751833764,CC(C)(CN)CN1CCCCCC1,,,,"MolGlyph 1.1.1 (BioMiner git 17c6161, molglyph_large)",0.12185943312942982
uob,maybridge-0079-927786612,NCC1CN(Cc2ccccc2)CCO1,,,,"MolGlyph 1.1.1 (BioMiner git 17c6161, molglyph_large)",0.13223474472761154
uob,maybridge-0079-939714435,CC(C)(N)CN1CCOCC1,,,,"MolGlyph 1.1.1 (BioMiner git 17c6161, molglyph_large)",0.11221016570925713
uob,maybridge-0079-96133277,NC1CCSCC1,,,,"MolGlyph 1.1.1 (BioMiner git 17c6161, molglyph_large)",0.07348938100039959
uob,maybridge-0080-244767553,Fc1cccc(Cl)c1CN1CCCNCC1,,,,"MolGlyph 1.1.1 (BioMiner git 17c6161, molglyph_large)",0.13662302866578102
uob,maybridge-0080-254764860,CC(C)(C)OC(=O)N1CCCNCC1,,,,"MolGlyph 1.1.1 (BioMiner git 17c6161, molglyph_large)",0.14152664877474308
uob,maybridge-0080-269512110,N#Cc1cccnc1N1CCCNCC1,,,,"MolGlyph 1.1.1 (BioMiner git 17c6161, molglyph_large)",0.12737830355763435
uob,maybridge-0080-287643576,FC(F)(F)c1cnc(N2CCCNCC2)c(Cl)c1,,,,"MolGlyph 1.1.1 (BioMiner git 17c6161, molglyph_large)",0.17492996342480183
uob,maybridge-0080-324805973,N#Cc1ccc(N2CCCNCC2)nc1,,,,"MolGlyph 1.1.1 (BioMiner git 17c6161, molglyph_large)",0.13675140030682087
uob,maybridge-0080-441162773,c1ccc(-c2nsc(N3CCCNCC3)n2)cc1,,,,"MolGlyph 1.1.1 (BioMiner git 17c6161, molglyph_large)",0.17222381755709648
uob,maybridge-0080-51488685,Fc1ccc(CN2CCCNCC2)cc1,,,,"MolGlyph 1.1.1 (BioMiner git 17c6161, molglyph_large)",0.13307731971144676
uob,maybridge-0080-516608798,O=C(c1cccs1)N1CCCNCC1,,,,"MolGlyph 1.1.1 (BioMiner git 17c6161, molglyph_large)",0.1316202487796545
uob,maybridge-0080-536716538,Cc1cc(C)c(CN2CCCNCC2)c(C)c1,,,,"MolGlyph 1.1.1 (BioMiner git 17c6161, molglyph_large)",0.1604311466217041
uob,maybridge-0080-578245205,FC(F)(F)c1ccnc(N2CCCNCC2)n1,,,,"MolGlyph 1.1.1 (BioMiner git 17c6161, molglyph_large)",0.160273477435112
uob,maybridge-0080-641577569,[N+](c1ccc(N2CCCNCC2)nc1)(=O)[O-],,,,"MolGlyph 1.1.1 (BioMiner git 17c6161, molglyph_large)",0.1892568413168192
uob,maybridge-0080-794994934,Brc1ccc(CN2CCCNCC2)cc1,,,,"MolGlyph 1.1.1 (BioMiner git 17c6161, molglyph_large)",0.13189671374857426
uob,maybridge-0081-234710758,NC(Cc1c[nH]c2cc(F)ccc12)C(=O)O,,,,"MolGlyph 1.1.1 (BioMiner git 17c6161, molglyph_large)",0.1756476555019617
uob,maybridge-0081-354219329,NC(Cc1c[nH]c2ccc(O)cc12)C(=O)O,,,,"MolGlyph 1.1.1 (BioMiner git 17c6161, molglyph_large)",0.17552637495100498
uob,maybridge-0081-368499956,CNCc1cc2sccc2n1C,,,,"MolGlyph 1.1.1 (BioMiner git 17c6161, molglyph_large)",0.1071411594748497
uob,maybridge-0081-447386087,Cc1ccc2[nH]cc(CCN)c2c1,,,,"MolGlyph 1.1.1 (BioMiner git 17c6161, molglyph_large)",0.13649574294686317
uob,maybridge-0081-502231410,CC12CCC(CC1N)C2(C)C,,,,"MolGlyph 1.1.1 (BioMiner git 17c6161, molglyph_large)",0.12181533500552177
uob,maybridge-0081-548606364,NC1Cc2ccccc2C1,,,,"MolGlyph 1.1.1 (BioMiner git 17c6161, molglyph_large)",0.09737937338650227
uob,maybridge-0081-564798057,Fc1cc(Br)ccc1CN1CCCNCC1,,,,"MolGlyph 1.1.1 (BioMiner git 17c6161, molglyph_large)",0.13637556694447994
uob,maybridge-0081-61577741,NC(Cc1c[nH]c2ccc(F)cc12)C(=O)O,,,,"MolGlyph 1.1.1 (BioMiner git 17c6161, molglyph_large)",0.17500341311097145
uob,maybridge-0081-791370687,CC12CCC(C1)C(C)(C)C2N,,,,"MolGlyph 1.1.1 (BioMiner git 17c6161, molglyph_large)",0.13131693564355373
uob,maybridge-0081-938626746,NCc1c[nH]c2ccccc12,,,,"MolGlyph 1.1.1 (BioMiner git 17c6161, molglyph_large)",0.11735768429934978
uob,maybridge-0082-1040849263,CNCc1nn(C)c2ccccc12,,,,"MolGlyph 1.1.1 (BioMiner git 17c6161, molglyph_large)",0.12173440121114254
uob,maybridge-0082-11227393,Cn1nc(CN)c2ccccc21,,,,"MolGlyph 1.1.1 (BioMiner git 17c6161, molglyph_large)",0.11675183288753033
uob,maybridge-0082-155927969,CNCc1ccc2c(ccn2C)c1,,,,"MolGlyph 1.1.1 (BioMiner git 17c6161, molglyph_large)",0.12165973521769047
uob,maybridge-0082-276359478,Cn1ccc2cc(CN)ccc21,,,,"MolGlyph 1.1.1 (BioMiner git 17c6161, molglyph_large)",0.11684309132397175
uob,maybridge-0082-469129546,CNCc1ccc2ccn(C)c2c1,,,,"MolGlyph 1.1.1 (BioMiner git 17c6161, molglyph_large)",0.12216849252581596
uob,maybridge-0082-472041340,CNCc1nc2ccccc2n1C,,,,"MolGlyph 1.1.1 (BioMiner git 17c6161, molglyph_large)",0.11177454702556133
uob,maybridge-0082-555751857,CNCc1ccc2[nH]cnc2c1.O=C(O)C(=O)O.O=C(O)C(=O)O,,,,"MolGlyph 1.1.1 (BioMiner git 17c6161, molglyph_large)",0.24805656261742115
uob,maybridge-0082-692519382,Cn1ccc2c(CN)cccc21,,,,"MolGlyph 1.1.1 (BioMiner git 17c6161, molglyph_large)",0.11756510473787785
uob,maybridge-0082-751833764,Cn1ccc2ccc(CN)cc21,,,,"MolGlyph 1.1.1 (BioMiner git 17c6161, molglyph_large)",0.11719133146107197
uob,maybridge-0082-754768586,Cn1c(CN)nc2ccccc21,,,,"MolGlyph 1.1.1 (BioMiner git 17c6161, molglyph_large)",0.11684797890484333
uob,maybridge-0082-939714435,COC(=O)C(C)(N)Cc1c[nH]c2ccccc12,,,,"MolGlyph 1.1.1 (BioMiner git 17c6161, molglyph_large)",0.17995101399719715
uob,maybridge-0083-1035464002,NCC1OC2C(=CC=CC=2)C1.Cl,,,,"MolGlyph 1.1.1 (BioMiner git 17c6161, molglyph_large)",0.13622640632092953
uob,maybridge-0083-182597042,CNCc1c(C)nc2ccccn12,,,,"MolGlyph 1.1.1 (BioMiner git 17c6161, molglyph_large)",0.12148518674075603
uob,maybridge-0083-316853996,CCOC(=O)c1cn2c(n1)CNCC2,,,,"MolGlyph 1.1.1 (BioMiner git 17c6161, molglyph_large)",0.14191663265228271
uob,maybridge-0083-422549750,CNCc1ccc2nccn2c1,,,,"MolGlyph 1.1.1 (BioMiner git 17c6161, molglyph_large)",0.1070154719054699
uob,maybridge-0083-435744422,CN1C2CC(CC1CC2)N,,,,"MolGlyph 1.1.1 (BioMiner git 17c6161, molglyph_large)",0.10729005746543407
uob,maybridge-0083-473946836,CC1(C)Cc2cccc(CN)c2O1,,,,"MolGlyph 1.1.1 (BioMiner git 17c6161, molglyph_large)",0.13142269290983677
uob,maybridge-0083-554404333,NCCc1coc2ccccc12,,,,"MolGlyph 1.1.1 (BioMiner git 17c6161, molglyph_large)",0.1074043307453394
uob,maybridge-0083-808426854,NCc1cc2cc(Br)ccc2o1,,,,"MolGlyph 1.1.1 (BioMiner git 17c6161, molglyph_large)",0.11679947935044765
uob,maybridge-0083-863441682,NCc1ccc2occc2c1,,,,"MolGlyph 1.1.1 (BioMiner git 17c6161, molglyph_large)",0.10219907201826572
uob,maybridge-0083-933384530,NCc1ccc2nccn2c1,,,,"MolGlyph 1.1.1 (BioMiner git 17c6161, molglyph_large)",0.10233393125236034
uob,maybridge-0084-1002707619,CNCc1cccc2c1OC(C)(C)C2,,,,"MolGlyph 1.1.1 (BioMiner git 17c6161, molglyph_large)",0.13636336475610733
uob,maybridge-0084-177863871,NCc1csc2ccc(Br)cc12,,,,"MolGlyph 1.1.1 (BioMiner git 17c6161, molglyph_large)",0.11697674170136452
uob,maybridge-0084-18502609,NCc1ccc2c(c1)OCO2,,,,"MolGlyph 1.1.1 (BioMiner git 17c6161, molglyph_large)",0.11148643679916859
uob,maybridge-0084-247761613,CNCc1cc2ccccc2s1,,,,"MolGlyph 1.1.1 (BioMiner git 17c6161, molglyph_large)",0.10764643549919128
uob,maybridge-0084-280277242,NCCc1cccc2c1OCC2,,,,"MolGlyph 1.1.1 (BioMiner git 17c6161, molglyph_large)",0.10761495679616928
uob,maybridge-0084-368750820,NCc1csc2ccc(Cl)cc12,,,,"MolGlyph 1.1.1 (BioMiner git 17c6161, molglyph_large)",0.11659221537411213
uob,maybridge-0084-432736518,NCc1cc2ccccc2s1,,,,"MolGlyph 1.1.1 (BioMiner git 17c6161, molglyph_large)",0.10256381705403328
uob,maybridge-0084-453372216,NCc1csc2ccccc12,,,,"MolGlyph 1.1.1 (BioMiner git 17c6161, molglyph_large)",0.10204594768583775
uob,maybridge-0084-473068394,NCc1ccc2c(c1)CCO2,,,,"MolGlyph 1.1.1 (BioMiner git 17c6161, molglyph_large)",0.11309909075498581
uob,maybridge-0084-682467678,CNCc1ccc2c(c1)OCO2,,,,"MolGlyph 1.1.1 (BioMiner git 17c6161, molglyph_large)",0.11698640137910843
uob,maybridge-0084-764862724,NCc1ccc2sccc2c1,,,,"MolGlyph 1.1.1 (BioMiner git 17c6161, molglyph_large)",0.10281601548194885
uob,maybridge-0085-1017196127,CNCc1scc2c1OCCO2,,,,"MolGlyph 1.1.1 (BioMiner git 17c6161, molglyph_large)",0.10715115256607533
uob,maybridge-0085-1030815168,NCCSc1cc(C(F)(F)F)nc2ccccc12,,,,"MolGlyph 1.1.1 (BioMiner git 17c6161, molglyph_large)",0.16541356593370438
uob,maybridge-0085-119382315,CNCc1sc(Br)c2c1OCCO2,,,,"MolGlyph 1.1.1 (BioMiner git 17c6161, molglyph_large)",0.12175052054226398
uob,maybridge-0085-231380411,COc1ccc(C2NCCc3sccc32)cc1,,,,"MolGlyph 1.1.1 (BioMiner git 17c6161, molglyph_large)",0.15162530541419983
uob,maybridge-0085-57034753,CNCc1ccc2ncccc2c1,,,,"MolGlyph 1.1.1 (BioMiner git 17c6161, molglyph_large)",0.11195636168122292
uob,maybridge-0085-582274331,CNCc1cc2cccnc2s1,,,,"MolGlyph 1.1.1 (BioMiner git 17c6161, molglyph_large)",0.10775474458932877
uob,maybridge-0085-64839275,NCc1cccc2nsnc12,,,,"MolGlyph 1.1.1 (BioMiner git 17c6161, molglyph_large)",0.10267477668821812
uob,maybridge-0085-653161283,NCc1nc2ccccc2s1,,,,"MolGlyph 1.1.1 (BioMiner git 17c6161, molglyph_large)",0.10258725099265575
uob,maybridge-0085-725213792,O=C(O)C1Cc2cc(O)ccc2CN1,,,,"MolGlyph 1.1.1 (BioMiner git 17c6161, molglyph_large)",0.14169450849294662
uob,maybridge-0085-993263229,NCC1OCCc2sccc21,,,,"MolGlyph 1.1.1 (BioMiner git 17c6161, molglyph_large)",0.10220629163086414
uob,maybridge-0086-1006005922,NCc1ccc2c(c1)OCCCO2,,,,"MolGlyph 1.1.1 (BioMiner git 17c6161, molglyph_large)",0.12183418311178684
uob,maybridge-0086-1027645503,NCc1cccc2c1OCCO2,,,,"MolGlyph 1.1.1 (BioMiner git 17c6161, molglyph_large)",0.11088046245276928
uob,maybridge-0086-128498353,NCC1COc2ccccc2O1,,,,"MolGlyph 1.1.1 (BioMiner git 17c6161, molglyph_large)",0.10694126598536968
uob,maybridge-0086-300665739,NCc1ccc2c(c1)OCCO2,,,,"MolGlyph 1.1.1 (BioMiner git 17c6161, molglyph_large)",0.11676442250609398
uob,maybridge-0086-306868644,CC(C)NCC1COc2ccccc2O1,,,,"MolGlyph 1.1.1 (BioMiner git 17c6161, molglyph_large)",0.13340464420616627
uob,maybridge-0086-48293727,NCc1cc(F)cc2c1OCOC2,,,,"MolGlyph 1.1.1 (BioMiner git 17c6161, molglyph_large)",0.1221651379019022
uob,maybridge-0086-684608860,CN1CCN(C)c2cc(CN)ccc21,,,,"MolGlyph 1.1.1 (BioMiner git 17c6161, molglyph_large)",0.13571359030902386
uob,maybridge-0086-691303398,NCc1cccc2c1OCCCO2,,,,"MolGlyph 1.1.1 (BioMiner git 17c6161, molglyph_large)",0.11245848052203655
uob,maybridge-0086-895740908,CC(C)(C)NC(=O)[C@@H]1C[C@@H]2CCCC[C@@H]2CN1,,,,"MolGlyph 1.1.1 (BioMiner git 17c6161, molglyph_large)",0.23867744766175747
uob,maybridge-0087-1002951041,C=CCOC(=O)NCCN,,,,"MolGlyph 1.1.1 (BioMiner git 17c6161, molglyph_large)",0.09826844558119774
uob,maybridge-0087-192203438,C=CCOC(=O)NCCNC,,,,"MolGlyph 1.1.1 (BioMiner git 17c6161, molglyph_large)",0.10236234962940216
uob,maybridge-0087-362027015,CCOC(=O)CCN.Cl,,,,"MolGlyph 1.1.1 (BioMiner git 17c6161, molglyph_large)",0.0925398487597704
uob,maybridge-0087-652989294,CCC(CC)CN,,,,"MolGlyph 1.1.1 (BioMiner git 17c6161, molglyph_large)",0.07427482679486275
uob,maybridge-0087-675612649,CSCCN,,,,"MolGlyph 1.1.1 (BioMiner git 17c6161, molglyph_large)",0.053754016757011414
uob,maybridge-0087-690148462,COC(CN)OC,,,,"MolGlyph 1.1.1 (BioMiner git 17c6161, molglyph_large)",0.07262919843196869
uob,maybridge-0087-712106780,CCC(C)CN,,,,"MolGlyph 1.1.1 (BioMiner git 17c6161, molglyph_large)",0.06753899529576302
uob,maybridge-0087-781150442,CC(N)C12CC3CC(CC(C3)C1)C2,,,,"MolGlyph 1.1.1 (BioMiner git 17c6161, molglyph_large)",0.14970803819596767
uob,maybridge-0087-910361984,NCCSCCO,,,,"MolGlyph 1.1.1 (BioMiner git 17c6161, molglyph_large)",0.06353067979216576
uob,maybridge-0087-93310593,CC(C)(C)OC(=O)NCCN,,,,"MolGlyph 1.1.1 (BioMiner git 17c6161, molglyph_large)",0.1173108909279108
uob,maybridge-0088-1010028314,Cn1ncc(C=O)c1N,,,,"MolGlyph 1.1.1 (BioMiner git 17c6161, molglyph_large)",0.09738633967936039
uob,maybridge-0088-130223995,COC(=O)c1cc(N)cn1C,,,,"MolGlyph 1.1.1 (BioMiner git 17c6161, molglyph_large)",0.11803503334522247
uob,maybridge-0088-264888029,Cn1nccc1N,,,,"MolGlyph 1.1.1 (BioMiner git 17c6161, molglyph_large)",0.07360317558050156
uob,maybridge-0088-295092678,Cc1nn(C)c(C)c1N,,,,"MolGlyph 1.1.1 (BioMiner git 17c6161, molglyph_large)",0.10198432207107544
uob,maybridge-0088-402948878,Cc1cc(N)[nH]n1,,,,"MolGlyph 1.1.1 (BioMiner git 17c6161, molglyph_large)",0.09717491269111633
uob,maybridge-0088-491967457,Nc1n[nH]cc1C(=O)O,,,,"MolGlyph 1.1.1 (BioMiner git 17c6161, molglyph_large)",0.11206381395459175
uob,maybridge-0088-760124483,Cn1cc(C=O)c(N)n1,,,,"MolGlyph 1.1.1 (BioMiner git 17c6161, molglyph_large)",0.10778205096721649
uob,maybridge-0088-783185117,Cc1cc(N)n(C)n1,,,,"MolGlyph 1.1.1 (BioMiner git 17c6161, molglyph_large)",0.09862766042351723
uob,maybridge-0088-972749721,Nc1cc(O)[nH]n1,,,,"MolGlyph 1.1.1 (BioMiner git 17c6161, molglyph_large)",0.09758633375167847
uob,maybridge-0088-992206211,Cn1ccc(N)n1,,,,"MolGlyph 1.1.1 (BioMiner git 17c6161, molglyph_large)",0.08313066698610783
uob,maybridge-0089-1017400257,Nc1cc(-c2cccs2)[nH]n1,,,,"MolGlyph 1.1.1 (BioMiner git 17c6161, molglyph_large)",0.1306732427328825
uob,maybridge-0089-262305312,Cc1ccc(-c2cc(N)[nH]n2)cc1,,,,"MolGlyph 1.1.1 (BioMiner git 17c6161, molglyph_large)",0.15066969953477383
uob,maybridge-0089-294515705,Cn1nc(C(C)(C)C)cc1N,,,,"MolGlyph 1.1.1 (BioMiner git 17c6161, molglyph_large)",0.12744149006903172
uob,maybridge-0089-331152891,CC(C)(C)c1cc(N)[nH]n1,,,,"MolGlyph 1.1.1 (BioMiner git 17c6161, molglyph_large)",0.13189834728837013
uob,maybridge-0089-437392870,Cn1nc(C2CC2)cc1N,,,,"MolGlyph 1.1.1 (BioMiner git 17c6161, molglyph_large)",0.10830598138272762
uob,maybridge-0089-536645501,Nc1cc(-c2ccco2)n[nH]1,,,,"MolGlyph 1.1.1 (BioMiner git 17c6161, molglyph_large)",0.13199179247021675
uob,maybridge-0089-559673522,Nc1cc(-c2ccccc2)[nH]n1,,,,"MolGlyph 1.1.1 (BioMiner git 17c6161, molglyph_large)",0.13675489090383053
uob,maybridge-0089-56399327,Cc1cc(N)n(C)n1,,,,"MolGlyph 1.1.1 (BioMiner git 17c6161, molglyph_large)",0.09793351590633392
uob,maybridge-0089-621532520,Cn1nc(-c2ccccc2)cc1N,,,,"MolGlyph 1.1.1 (BioMiner git 17c6161, molglyph_large)",0.12746941484510899
uob,maybridge-0089-802177581,CCOC(=O)c1cnn(C)c1N,,,,"MolGlyph 1.1.1 (BioMiner git 17c6161, molglyph_large)",0.12229655496776104
uob,maybridge-0089-883598424,Cn1ncc(C(N)=O)c1N,,,,"MolGlyph 1.1.1 (BioMiner git 17c6161, molglyph_large)",0.11200574040412903
uob,maybridge-0090-1036206314,Nc1cc(-c2ccccc2)nn1-c1ccccc1,,,,"MolGlyph 1.1.1 (BioMiner git 17c6161, molglyph_large)",0.16644777171313763
uob,maybridge-0090-1040354805,Cc1nn(C)c(N2CCOCC2)c1N,,,,"MolGlyph 1.1.1 (BioMiner git 17c6161, molglyph_large)",0.13708529993891716
uob,maybridge-0090-255846400,Cn1ncc(Br)c1N,,,,"MolGlyph 1.1.1 (BioMiner git 17c6161, molglyph_large)",0.08789456821978092
uob,maybridge-0090-370270810,Nc1cc(-c2ccc(Cl)cc2)n[nH]1,,,,"MolGlyph 1.1.1 (BioMiner git 17c6161, molglyph_large)",0.15136591158807278
uob,maybridge-0090-457556032,Nc1[nH]nc(-c2ccccc2)c1Br,,,,"MolGlyph 1.1.1 (BioMiner git 17c6161, molglyph_large)",0.1419506724923849
uob,maybridge-0090-73857721,Cn1nc(C(F)(F)F)c(-c2ccccc2)c1N,,,,"MolGlyph 1.1.1 (BioMiner git 17c6161, molglyph_large)",0.17525126785039902
uob,maybridge-0090-895549112,Cn1nc(-c2ccc(Cl)cc2)cc1N,,,,"MolGlyph 1.1.1 (BioMiner git 17c6161, molglyph_large)",0.14240217208862305
uob,maybridge-0090-969786836,N#Cc1c(-c2ccc(Cl)cc2)n[nH]c1N,,,,"MolGlyph 1.1.1 (BioMiner git 17c6161, molglyph_large)",0.16621426306664944
uob,maybridge-0090-973816945,Cn1nc(-c2cccs2)cc1N,,,,"MolGlyph 1.1.1 (BioMiner git 17c6161, molglyph_large)",0.12245890125632286
uob,maybridge-0091-146386987,CC(C)(C)n1nc(-c2ccc(Cl)cc2)c(C#N)c1N,,,,"MolGlyph 1.1.1 (BioMiner git 17c6161, molglyph_large)",0.20041244477033615
uob,maybridge-0091-256920395,Cc1csc(N)c1C(N)=O,,,,"MolGlyph 1.1.1 (BioMiner git 17c6161, molglyph_large)",0.11334116756916046
uob,maybridge-0091-320882374,N#Cc1ccsc1N,,,,"MolGlyph 1.1.1 (BioMiner git 17c6161, molglyph_large)",0.08396659232676029
uob,maybridge-0091-518145400,N#Cc1cc(-c2ccccc2)oc1N,,,,"MolGlyph 1.1.1 (BioMiner git 17c6161, molglyph_large)",0.1368311531841755
uob,maybridge-0091-594202473,CSc1nc(N)n(C)n1,,,,"MolGlyph 1.1.1 (BioMiner git 17c6161, molglyph_large)",0.10277081839740276
uob,maybridge-0091-605710457,CC(=O)c1sccc1N,,,,"MolGlyph 1.1.1 (BioMiner git 17c6161, molglyph_large)",0.09876400604844093
uob,maybridge-0091-821825341,*c1c(C)nn(C)c1-n1ncc(C(=O)OCC)c1N,,,,"MolGlyph 1.1.1 (BioMiner git 17c6161, molglyph_large)",0.19016571156680584
uob,maybridge-0091-822073182,CCOC(=O)c1cnn(-c2ccc(F)cc2)c1N,,,,"MolGlyph 1.1.1 (BioMiner git 17c6161, molglyph_large)",0.17645186372101307
uob,maybridge-0091-856800204,Nc1nnc(S)[nH]1,,,,"MolGlyph 1.1.1 (BioMiner git 17c6161, molglyph_large)",0.09782103635370731
uob,maybridge-0091-898367489,[N+](c1ccc(-n2ncc(C(=O)OCC)c2N)cc1)(=O)[O-],,,,"MolGlyph 1.1.1 (BioMiner git 17c6161, molglyph_large)",0.23875270411372185
uob,maybridge-0092-1007127820,COC(=O)c1cscc1N,,,,"MolGlyph 1.1.1 (BioMiner git 17c6161, molglyph_large)",0.10276697017252445
uob,maybridge-0092-182635151,COC(=O)c1sc(C(C)(C)C)cc1N,,,,"MolGlyph 1.1.1 (BioMiner git 17c6161, molglyph_large)",0.15103226900100708
uob,maybridge-0092-187152619,CCOC(=O)c1c(N)sc(C)c1C,,,,"MolGlyph 1.1.1 (BioMiner git 17c6161, molglyph_large)",0.1365410704165697
uob,maybridge-0092-339990049,COC(=O)c1ccsc1N,,,,"MolGlyph 1.1.1 (BioMiner git 17c6161, molglyph_large)",0.1028920654207468
uob,maybridge-0092-350103751,COC(=O)c1scc(C)c1N,,,,"MolGlyph 1.1.1 (BioMiner git 17c6161, molglyph_large)",0.1171934399753809
uob,maybridge-0092-435877384,COC(=O)c1sccc1N,,,,"MolGlyph 1.1.1 (BioMiner git 17c6161, molglyph_large)",0.10242185182869434
uob,maybridge-0092-527558727,COC(=O)c1cscc1N,,,,"MolGlyph 1.1.1 (BioMiner git 17c6161, molglyph_large)",0.10253410041332245
uob,maybridge-0092-742696904,CC(C)(C)c1cc(N)c(C(N)=O)s1,,,,"MolGlyph 1.1.1 (BioMiner git 17c6161, molglyph_large)",0.1554905604571104
uob,maybridge-0092-879319175,COC(=O)c1scc(C#N)c1N,,,,"MolGlyph 1.1.1 (BioMiner git 17c6161, molglyph_large)",0.12767491303384304
uob,maybridge-0092-920531422,CCOC(=O)c1c(C)csc1N,,,,"MolGlyph 1.1.1 (BioMiner git 17c6161, molglyph_large)",0.1222716886550188
uob,maybridge-0093-1067000271,Cc1csc(N)c1-c1nc2ccccc2s1,,,,"MolGlyph 1.1.1 (BioMiner git 17c6161, molglyph_large)",0.15139495581388474
uob,maybridge-0093-337426212,CC(C)S(=O)(=O)c1csc(C(=O)O)c1N,,,,"MolGlyph 1.1.1 (BioMiner git 17c6161, molglyph_large)",0.1758908722549677
uob,maybridge-0093-353902073,CCOC(=O)c1c(-c2ccco2)csc1N,,,,"MolGlyph 1.1.1 (BioMiner git 17c6161, molglyph_large)",0.15627419017255306
uob,maybridge-0093-45693789,COC(=O)c1scc(S(C)(=O)=O)c1N,,,,"MolGlyph 1.1.1 (BioMiner git 17c6161, molglyph_large)",0.16120600886642933
uob,maybridge-0093-473719625,COC(=O)c1sc(-c2ccc(F)cc2)cc1N,,,,"MolGlyph 1.1.1 (BioMiner git 17c6161, molglyph_large)",0.17068498767912388
uob,maybridge-0093-526696883,Nc1cscc1S(=O)(=O)c1ccccc1,,,,"MolGlyph 1.1.1 (BioMiner git 17c6161, molglyph_large)",0.1519801914691925
uob,maybridge-0093-584771162,N#Cc1sc(-c2ccc(F)cc2)cc1N,,,,"MolGlyph 1.1.1 (BioMiner git 17c6161, molglyph_large)",0.15176366828382015
uob,maybridge-0093-586779236,COC(=O)c1sc(SC)c(C#N)c1N,,,,"MolGlyph 1.1.1 (BioMiner git 17c6161, molglyph_large)",0.14632775261998177
uob,maybridge-0093-743205636,COC(=O)c1sc(-c2ccccc2)cc1N,,,,"MolGlyph 1.1.1 (BioMiner git 17c6161, molglyph_large)",0.15624311938881874
uob,maybridge-0093-914536231,Nc1csc(C(F)(F)F)c1-c1ccccc1,,,,"MolGlyph 1.1.1 (BioMiner git 17c6161, molglyph_large)",0.16142302751541138
uob,maybridge-0094-1061649174,COC(=O)c1sc(N2CCCCC2)c(C#N)c1N,,,,"MolGlyph 1.1.1 (BioMiner git 17c6161, molglyph_large)",0.17585245333611965
uob,maybridge-0094-187287741,CCOC(=O)c1c(-c2ccc(OC)cc2)csc1N,,,,"MolGlyph 1.1.1 (BioMiner git 17c6161, molglyph_large)",0.18128129094839096
uob,maybridge-0094-356665438,CCOC(=O)c1c(-c2ccc(Cl)cc2)csc1N,,,,"MolGlyph 1.1.1 (BioMiner git 17c6161, molglyph_large)",0.17555175721645355
uob,maybridge-0094-421594354,CCOC(=O)c1c(-c2cccs2)csc1N,,,,"MolGlyph 1.1.1 (BioMiner git 17c6161, molglyph_large)",0.15705609694123268
uob,maybridge-0094-550337178,COC(=O)c1sc(-c2ccc(Cl)cc2)cc1N,,,,"MolGlyph 1.1.1 (BioMiner git 17c6161, molglyph_large)",0.170498076826334
uob,maybridge-0094-671131245,COC(=O)c1scc(S(=O)(=O)C(C)C)c1N,,,,"MolGlyph 1.1.1 (BioMiner git 17c6161, molglyph_large)",0.18051810003817081
uob,maybridge-0094-692789046,CC(=O)c1sc(-c2ccc(Cl)cc2)cc1N,,,,"MolGlyph 1.1.1 (BioMiner git 17c6161, molglyph_large)",0.16637964732944965
uob,maybridge-0094-717543408,CC(C)(C)c1ccc(-c2cc(N)c(C(N)=O)s2)cc1,,,,"MolGlyph 1.1.1 (BioMiner git 17c6161, molglyph_large)",0.2102915719151497
uob,maybridge-0094-826882130,CCOC(=O)c1c(N)sc(C)c1-c1ccccc1,,,,"MolGlyph 1.1.1 (BioMiner git 17c6161, molglyph_large)",0.175950575619936
uob,maybridge-0094-887148720,Nc1c(S(=O)(=O)c2ccccc2)csc1C(=O)O,,,,"MolGlyph 1.1.1 (BioMiner git 17c6161, molglyph_large)",0.19094323925673962
uob,maybridge-0095-200163973,CCOC(=O)c1c(-c2ccc(-c3ccccc3)cc2)csc1N,,,,"MolGlyph 1.1.1 (BioMiner git 17c6161, molglyph_large)",0.2153616826981306
uob,maybridge-0095-369278045,Nc1c(C(=O)O)sc(C(F)(F)F)c1-c1ccccc1,,,,"MolGlyph 1.1.1 (BioMiner git 17c6161, molglyph_large)",0.2007312886416912
uob,maybridge-0095-425127637,COC(=O)c1sc(SC)c(S(=O)(=O)C(C)C)c1N,,,,"MolGlyph 1.1.1 (BioMiner git 17c6161, molglyph_large)",0.20062504522502422
uob,maybridge-0095-506658264,Cc1cc(N)on1,,,,"MolGlyph 1.1.1 (BioMiner git 17c6161, molglyph_large)",0.0831200759857893
uob,maybridge-0095-526962569,COC(=O)c1sc(C(F)(F)F)c(-c2ccccc2)c1N,,,,"MolGlyph 1.1.1 (BioMiner git 17c6161, molglyph_large)",0.2050761915743351
uob,maybridge-0095-545468740,N#Cc1conc1N,,,,"MolGlyph 1.1.1 (BioMiner git 17c6161, molglyph_large)",0.08449748158454895
uob,maybridge-0095-557156644,CCOC(=O)c1c(-c2ccc(Br)cc2)csc1N,,,,"MolGlyph 1.1.1 (BioMiner git 17c6161, molglyph_large)",0.17617453821003437
uob,maybridge-0095-564620461,COC(=O)c1sc(-c2ccc(C(C)(C)C)cc2)cc1N,,,,"MolGlyph 1.1.1 (BioMiner git 17c6161, molglyph_large)",0.20559449307620525
uob,maybridge-0095-567174568,CCOC(=O)c1sc(SC)c(S(C)(=O)=O)c1N,,,,"MolGlyph 1.1.1 (BioMiner git 17c6161, molglyph_large)",0.18608421832323074
uob,maybridge-0095-625943738,COC(=O)c1scc(S(=O)(=O)Cc2ccco2)c1N,,,,"MolGlyph 1.1.1 (BioMiner git 17c6161, molglyph_large)",0.19599255919456482
uob,maybridge-0096-120241448,CCOC(=O)c1c(C)nsc1N,,,,"MolGlyph 1.1.1 (BioMiner git 17c6161, molglyph_large)",0.12268776074051857
uob,maybridge-0096-219361904,Cc1noc(C)c1N,,,,"MolGlyph 1.1.1 (BioMiner git 17c6161, molglyph_large)",0.08833523839712143
uob,maybridge-0096-266919872,Cc1onc(-c2ccccc2)c1N,,,,"MolGlyph 1.1.1 (BioMiner git 17c6161, molglyph_large)",0.12710090354084969
uob,maybridge-0096-426812539,CCOC(=O)c1sc(N)nc1C,,,,"MolGlyph 1.1.1 (BioMiner git 17c6161, molglyph_large)",0.12235312908887863
uob,maybridge-0096-570485418,[N+](c1c(C)noc1N)(=O)[O-],,,,"MolGlyph 1.1.1 (BioMiner git 17c6161, molglyph_large)",0.1514761671423912
uob,maybridge-0096-614976394,Nc1oncc1-c1ccccn1,,,,"MolGlyph 1.1.1 (BioMiner git 17c6161, molglyph_large)",0.11415160074830055
uob,maybridge-0096-790347487,CCOC(=O)c1csc(N)n1,,,,"MolGlyph 1.1.1 (BioMiner git 17c6161, molglyph_large)",0.11749238148331642
uob,maybridge-0096-824564764,Cc1onc(N)c1Br,,,,"MolGlyph 1.1.1 (BioMiner git 17c6161, molglyph_large)",0.08795540779829025
uob,maybridge-0096-902234690,Cc1coc(N)n1,,,,"MolGlyph 1.1.1 (BioMiner git 17c6161, molglyph_large)",0.08276262693107128
uob,maybridge-0096-929014287,CC1=C(C)SC(N)=N1.Br,,,,"MolGlyph 1.1.1 (BioMiner git 17c6161, molglyph_large)",0.11746176704764366
uob,maybridge-0096-952483461,Cc1noc(N)c1C,,,,"MolGlyph 1.1.1 (BioMiner git 17c6161, molglyph_large)",0.08886121772229671
uob,maybridge-0097-141125285,Nc1snnc1-c1ccccc1,,,,"MolGlyph 1.1.1 (BioMiner git 17c6161, molglyph_large)",0.11436441354453564
uob,maybridge-0097-16390945,Nc1nc(-c2ccc(F)c(F)c2)cs1,,,,"MolGlyph 1.1.1 (BioMiner git 17c6161, molglyph_large)",0.15138975530862808
uob,maybridge-0097-292482490,Nc1nc(-c2ccc(Br)s2)cs1,,,,"MolGlyph 1.1.1 (BioMiner git 17c6161, molglyph_large)",0.13268433511257172
uob,maybridge-0097-440254514,Nc1nsc(-c2ccc(Cl)cc2)n1,,,,"MolGlyph 1.1.1 (BioMiner git 17c6161, molglyph_large)",0.1369054652750492
uob,maybridge-0097-442062614,Nc1nsc(-c2ccccc2)n1,,,,"MolGlyph 1.1.1 (BioMiner git 17c6161, molglyph_large)",0.12533332407474518
uob,maybridge-0097-450704955,Nc1nncs1,,,,"MolGlyph 1.1.1 (BioMiner git 17c6161, molglyph_large)",0.06872318312525749
uob,maybridge-0097-733358028,CCOC(=O)c1cnc(NCc2ccccc2)s1,,,,"MolGlyph 1.1.1 (BioMiner git 17c6161, molglyph_large)",0.16229615546762943
uob,maybridge-0097-854816750,Nc1snnc1-c1ccc(Cl)cc1,,,,"MolGlyph 1.1.1 (BioMiner git 17c6161, molglyph_large)",0.12759224139153957
uob,maybridge-0097-863510047,CC(C1=C(Br)SC(N)=N1)(C)C.Br,,,,"MolGlyph 1.1.1 (BioMiner git 17c6161, molglyph_large)",0.15112451277673244
uob,maybridge-0097-943411288,Nc1snnc1-c1ccc(C(F)(F)F)cc1,,,,"MolGlyph 1.1.1 (BioMiner git 17c6161, molglyph_large)",0.16127026826143265
uob,maybridge-0097-996418342,O=C(O)c1cnc(NCc2ccccc2)s1,,,,"MolGlyph 1.1.1 (BioMiner git 17c6161, molglyph_large)",0.15114903077483177
uob,maybridge-0098-1010280986,CC(C)(C)OC(=O)C(C)(C)Sc1nnc(N)s1,,,,"MolGlyph 1.1.1 (BioMiner git 17c6161, molglyph_large)",0.1866063643246889
uob,maybridge-0098-128189836,COc1cccc(N)c1,,,,"MolGlyph 1.1.1 (BioMiner git 17c6161, molglyph_large)",0.09378432482481003
uob,maybridge-0098-247130828,Nc1nnc(Br)s1,,,,"MolGlyph 1.1.1 (BioMiner git 17c6161, molglyph_large)",0.08359751664102077
uob,maybridge-0098-304323097,Nc1ccc(N)cc1,,,,"MolGlyph 1.1.1 (BioMiner git 17c6161, molglyph_large)",0.08966557681560516
uob,maybridge-0098-327046756,Cc1nnc(N)s1,,,,"MolGlyph 1.1.1 (BioMiner git 17c6161, molglyph_large)",0.08352549374103546
uob,maybridge-0098-64806223,Cc1cc(Sc2nnc(N)s2)c2ccccc2n1,,,,"MolGlyph 1.1.1 (BioMiner git 17c6161, molglyph_large)",0.16820776835083961
uob,maybridge-0098-691911401,Nc1nnc(SCC(=O)Nc2ccc3c(c2)OCO3)s1,,,,"MolGlyph 1.1.1 (BioMiner git 17c6161, molglyph_large)",0.1912022102624178
uob,maybridge-0098-704366149,Cc1cccc(N)c1N,,,,"MolGlyph 1.1.1 (BioMiner git 17c6161, molglyph_large)",0.09280372224748135
uob,maybridge-0098-725242437,Cc1ccc(F)cc1N,,,,"MolGlyph 1.1.1 (BioMiner git 17c6161, molglyph_large)",0.0927224513143301
uob,maybridge-0098-757356783,CNc1nnc(C(F)(F)F)s1,,,,"MolGlyph 1.1.1 (BioMiner git 17c6161, molglyph_large)",0.12454311363399029
uob,maybridge-0098-877935404,[N+](c1cccnc1Sc1nnc(N)s1)(=O)[O-],,,,"MolGlyph 1.1.1 (BioMiner git 17c6161, molglyph_large)",0.19067149609327316
uob,maybridge-0099-1000095251,CC(=O)c1ccc(N)cc1O,,,,"MolGlyph 1.1.1 (BioMiner git 17c6161, molglyph_large)",0.11983037739992142
uob,maybridge-0099-106990991,NCc1c(N)cccc1F,,,,"MolGlyph 1.1.1 (BioMiner git 17c6161, molglyph_large)",0.09872760623693466
uob,maybridge-0099-178801099,CNc1ccc(C#N)cc1N,,,,"MolGlyph 1.1.1 (BioMiner git 17c6161, molglyph_large)",0.10921953804790974
uob,maybridge-0099-620340275,CNc1cccc(Cl)c1,,,,"MolGlyph 1.1.1 (BioMiner git 17c6161, molglyph_large)",0.09379624389111996
uob,maybridge-0099-622008451,Cc1ccc(C(=O)O)c(N)c1,,,,"MolGlyph 1.1.1 (BioMiner git 17c6161, molglyph_large)",0.12781160324811935
uob,maybridge-0099-638714906,N#Cc1c(N)cccc1Cl,,,,"MolGlyph 1.1.1 (BioMiner git 17c6161, molglyph_large)",0.10310658067464828
uob,maybridge-0099-643979570,Cc1ccc(C(N)=O)c(N)c1,,,,"MolGlyph 1.1.1 (BioMiner git 17c6161, molglyph_large)",0.13166911900043488
uob,maybridge-0099-656704521,Cc1ccc(C#N)c(N)c1,,,,"MolGlyph 1.1.1 (BioMiner git 17c6161, molglyph_large)",0.11593163758516312
uob,maybridge-0099-672862050,COC(=O)c1cccc(N)c1,,,,"MolGlyph 1.1.1 (BioMiner git 17c6161, molglyph_large)",0.11812464892864227
uob,maybridge-0099-863651602,N#Cc1ccc(N)c(N)c1,,,,"MolGlyph 1.1.1 (BioMiner git 17c6161, molglyph_large)",0.11366112343966961
uob,maybridge-0099-91185879,CC(C)(C)c1ccc(N)cc1,,,,"MolGlyph 1.1.1 (BioMiner git 17c6161, molglyph_large)",0.12300133518874645
uob,maybridge-0099-969894892,CC(C)(C)c1cccc(N)c1,,,,"MolGlyph 1.1.1 (BioMiner git 17c6161, molglyph_large)",0.12249333970248699
uob,maybridge-0100-133345658,Nc1ccc(-n2cccc2)cc1,,,,"MolGlyph 1.1.1 (BioMiner git 17c6161, molglyph_large)",0.12278355658054352
uob,maybridge-0100-15565642,Nc1cccc(-c2ccco2)c1,,,,"MolGlyph 1.1.1 (BioMiner git 17c6161, molglyph_large)",0.12283926643431187
uob,maybridge-0100-159133960,Nc1cccc(F)c1C(=O)O,,,,"MolGlyph 1.1.1 (BioMiner git 17c6161, molglyph_large)",0.11709783971309662
uob,maybridge-0100-406849684,N#Cc1ccc(N)c(Cl)c1,,,,"MolGlyph 1.1.1 (BioMiner git 17c6161, molglyph_large)",0.11471247673034668
uob,maybridge-0100-51240458,Nc1cccc(-n2cccc2)c1,,,,"MolGlyph 1.1.1 (BioMiner git 17c6161, molglyph_large)",0.12270511500537395
uob,maybridge-0100-5508107,COc1cc(N)cc(OC)c1,,,,"MolGlyph 1.1.1 (BioMiner git 17c6161, molglyph_large)",0.11204551160335541
uob,maybridge-0100-565503410,Cc1cc(N)c(N)cc1Cl,,,,"MolGlyph 1.1.1 (BioMiner git 17c6161, molglyph_large)",0.10833011567592621
uob,maybridge-0100-625161180,Nc1ccccc1-n1ccnc1,,,,"MolGlyph 1.1.1 (BioMiner git 17c6161, molglyph_large)",0.11651245132088661
uob,maybridge-0100-668247712,Nc1ccccc1-c1ccco1,,,,"MolGlyph 1.1.1 (BioMiner git 17c6161, molglyph_large)",0.11266800574958324
uob,maybridge-0100-712414028,[N+](c1cc(F)ccc1N)(=O)[O-],,,,"MolGlyph 1.1.1 (BioMiner git 17c6161, molglyph_large)",0.1560256201773882
uob,maybridge-0100-816939598,Nc1ccccc1-n1cccn1,,,,"MolGlyph 1.1.1 (BioMiner git 17c6161, molglyph_large)",0.11275305226445198
uob,maybridge-0100-853908413,Nc1ccc(-c2ccco2)cc1,,,,"MolGlyph 1.1.1 (BioMiner git 17c6161, molglyph_large)",0.12211913615465164
uob,maybridge-0101-133845522,Nc1ccc(-n2cccn2)cc1,,,,"MolGlyph 1.1.1 (BioMiner git 17c6161, molglyph_large)",0.12460267543792725
uob,maybridge-0101-176200720,Nc1ccc(-n2cncn2)cc1,,,,"MolGlyph 1.1.1 (BioMiner git 17c6161, molglyph_large)",0.12612802907824516
uob,maybridge-0101-277501233,Nc1cc(O)cc(O)c1,,,,"MolGlyph 1.1.1 (BioMiner git 17c6161, molglyph_large)",0.1067404206842184
uob,maybridge-0101-514953900,Nc1ccc(C(F)(F)F)cc1,,,,"MolGlyph 1.1.1 (BioMiner git 17c6161, molglyph_large)",0.1238406915217638
uob,maybridge-0101-631992304,Nc1cc(F)c(Cl)cc1N,,,,"MolGlyph 1.1.1 (BioMiner git 17c6161, molglyph_large)",0.108577411621809
uob,maybridge-0101-765914012,Nc1ccc(-c2cnco2)cc1,,,,"MolGlyph 1.1.1 (BioMiner git 17c6161, molglyph_large)",0.12214389815926552
uob,maybridge-0101-87364269,Nc1cccc(-c2cnco2)c1,,,,"MolGlyph 1.1.1 (BioMiner git 17c6161, molglyph_large)",0.12263729609549046
uob,maybridge-0101-908861275,Nc1ccccc1C(F)(F)F,,,,"MolGlyph 1.1.1 (BioMiner git 17c6161, molglyph_large)",0.11949280835688114
uob,maybridge-0101-92596921,Nc1cccc(-n2cncn2)c1,,,,"MolGlyph 1.1.1 (BioMiner git 17c6161, molglyph_large)",0.12338598445057869
uob,maybridge-0101-929396354,Nc1ccccc1-c1cnco1,,,,"MolGlyph 1.1.1 (BioMiner git 17c6161, molglyph_large)",0.11419015564024448
uob,maybridge-0101-943529324,Nc1ccccc1N1CCCC1,,,,"MolGlyph 1.1.1 (BioMiner git 17c6161, molglyph_large)",0.11196434125304222
uob,maybridge-0101-963521188,Nc1cccc(N2CCCC2)c1,,,,"MolGlyph 1.1.1 (BioMiner git 17c6161, molglyph_large)",0.11852171272039413
uob,maybridge-0102-1047073308,CC(=O)Nc1cc(N)ccc1C,,,,"MolGlyph 1.1.1 (BioMiner git 17c6161, molglyph_large)",0.1255359724164009
uob,maybridge-0102-1056545257,CNc1ccc(C(C)=O)cc1N,,,,"MolGlyph 1.1.1 (BioMiner git 17c6161, molglyph_large)",0.1224872786551714
uob,maybridge-0102-1065710465,Nc1ccccc1-c1cccnc1,,,,"MolGlyph 1.1.1 (BioMiner git 17c6161, molglyph_large)",0.13274098187685013
uob,maybridge-0102-13469027,Nc1cccc(-c2ccncc2)c1,,,,"MolGlyph 1.1.1 (BioMiner git 17c6161, molglyph_large)",0.14202799461781979
uob,maybridge-0102-179423801,CC(=O)N(C)c1ccc(N)cc1,,,,"MolGlyph 1.1.1 (BioMiner git 17c6161, molglyph_large)",0.13074379414319992
uob,maybridge-0102-200223080,CC(=O)Nc1ccc(N)cc1C,,,,"MolGlyph 1.1.1 (BioMiner git 17c6161, molglyph_large)",0.12336425669491291
uob,maybridge-0102-210952982,CCCCc1ccc(N)c(C)c1,,,,"MolGlyph 1.1.1 (BioMiner git 17c6161, molglyph_large)",0.11667905747890472
uob,maybridge-0102-551040592,COC(=O)c1ccc(N)c(C)c1,,,,"MolGlyph 1.1.1 (BioMiner git 17c6161, molglyph_large)",0.1311890371143818
uob,maybridge-0102-573539101,CCNc1ccc(C(=O)O)cc1,,,,"MolGlyph 1.1.1 (BioMiner git 17c6161, molglyph_large)",0.12210238166153431
uob,maybridge-0102-641517505,COC(=O)c1ccc(N)c(N)c1,,,,"MolGlyph 1.1.1 (BioMiner git 17c6161, molglyph_large)",0.13144642114639282
uob,maybridge-0102-689806343,Nc1cccc(-c2cccnc2)c1,,,,"MolGlyph 1.1.1 (BioMiner git 17c6161, molglyph_large)",0.12683496810495853
uob,maybridge-0102-896660177,CC(C)(C)c1ccc(N)c(N)c1,,,,"MolGlyph 1.1.1 (BioMiner git 17c6161, molglyph_large)",0.13625606894493103
uob,maybridge-0103-1068504796,Cn1cnnc1-c1cccc(N)c1,,,,"MolGlyph 1.1.1 (BioMiner git 17c6161, molglyph_large)",0.1271921657025814
uob,maybridge-0103-179821607,CSc1ccc(Cl)cc1N,,,,"MolGlyph 1.1.1 (BioMiner git 17c6161, molglyph_large)",0.09950856305658817
uob,maybridge-0103-191328473,Nc1ccc(Cn2cccn2)cc1,,,,"MolGlyph 1.1.1 (BioMiner git 17c6161, molglyph_large)",0.12194640003144741
uob,maybridge-0103-312917314,Nc1ccc(Cn2ccnc2)cc1,,,,"MolGlyph 1.1.1 (BioMiner git 17c6161, molglyph_large)",0.12181998044252396
uob,maybridge-0103-323292040,Nc1cccc(Cn2cccn2)c1,,,,"MolGlyph 1.1.1 (BioMiner git 17c6161, molglyph_large)",0.12164920754730701
uob,maybridge-0103-345529181,Nc1cccc(Cn2cncn2)c1,,,,"MolGlyph 1.1.1 (BioMiner git 17c6161, molglyph_large)",0.12262367270886898
uob,maybridge-0103-433909381,Nc1cccc(S(N)(=O)=O)c1,,,,"MolGlyph 1.1.1 (BioMiner git 17c6161, molglyph_large)",0.13183643482625484
uob,maybridge-0103-615420417,Nc1cccc(-c2cncnc2)c1,,,,"MolGlyph 1.1.1 (BioMiner git 17c6161, molglyph_large)",0.12745091691613197
uob,maybridge-0103-673919124,Nc1cccc(Cn2ccnc2)c1,,,,"MolGlyph 1.1.1 (BioMiner git 17c6161, molglyph_large)",0.12220905162394047
uob,maybridge-0103-6768367,[N+](c1cc(N)c(N)cc1F)(=O)[O-],,,,"MolGlyph 1.1.1 (BioMiner git 17c6161, molglyph_large)",0.1700467560440302
uob,maybridge-0103-696957755,Nc1ccc(-c2cccnc2)cc1,,,,"MolGlyph 1.1.1 (BioMiner git 17c6161, molglyph_large)",0.1275579258799553
uob,maybridge-0103-913473438,Cn1cnnc1-c1ccc(N)cc1,,,,"MolGlyph 1.1.1 (BioMiner git 17c6161, molglyph_large)",0.12771796062588692
uob,maybridge-0104-1047447947,Nc1ccc(Cn2cncn2)cc1,,,,"MolGlyph 1.1.1 (BioMiner git 17c6161, molglyph_large)",0.12326426059007645
uob,maybridge-0104-185866175,Cc1nc(-c2cccc(N)c2)no1,,,,"MolGlyph 1.1.1 (BioMiner git 17c6161, molglyph_large)",0.13680299930274487
uob,maybridge-0104-242498640,Nc1ccc(C(F)(F)F)cc1N,,,,"MolGlyph 1.1.1 (BioMiner git 17c6161, molglyph_large)",0.1271849200129509
uob,maybridge-0104-44349052,CNc1ccc(Cl)cc1Cl,,,,"MolGlyph 1.1.1 (BioMiner git 17c6161, molglyph_large)",0.09793478436768055
uob,maybridge-0104-463767617,CNc1ccc(Cl)c(Cl)c1,,,,"MolGlyph 1.1.1 (BioMiner git 17c6161, molglyph_large)",0.10837382823228836
uob,maybridge-0104-590513107,Nc1ccccc1-c1cccs1,,,,"MolGlyph 1.1.1 (BioMiner git 17c6161, molglyph_large)",0.11248445883393288
uob,maybridge-0104-639343763,Nc1cccc(N2CCCCC2)c1,,,,"MolGlyph 1.1.1 (BioMiner git 17c6161, molglyph_large)",0.12226740829646587
uob,maybridge-0104-668271661,Nc1ccccc1Cn1cncn1,,,,"MolGlyph 1.1.1 (BioMiner git 17c6161, molglyph_large)",0.11278091184794903
uob,maybridge-0104-686419233,Cc1nc(-c2ccc(N)cc2)no1,,,,"MolGlyph 1.1.1 (BioMiner git 17c6161, molglyph_large)",0.13713824935257435
uob,maybridge-0104-786786487,Nc1cccc(-c2cccs2)c1,,,,"MolGlyph 1.1.1 (BioMiner git 17c6161, molglyph_large)",0.12372222915291786
uob,maybridge-0104-861459301,Nc1cccc(-c2ccsc2)c1,,,,"MolGlyph 1.1.1 (BioMiner git 17c6161, molglyph_large)",0.12398234754800797
uob,maybridge-0104-861652663,Nc1ccc(N2CCCCC2)cc1,,,,"MolGlyph 1.1.1 (BioMiner git 17c6161, molglyph_large)",0.12241092510521412
uob,maybridge-0105-1057334047,Nc1cccc(OC(F)(F)F)c1,,,,"MolGlyph 1.1.1 (BioMiner git 17c6161, molglyph_large)",0.12693367153406143
uob,maybridge-0105-108282452,Nc1cc(Cl)cc(Cl)c1O,,,,"MolGlyph 1.1.1 (BioMiner git 17c6161, molglyph_large)",0.10781540162861347
uob,maybridge-0105-284645643,Nc1ccccc1N1CCOCC1,,,,"MolGlyph 1.1.1 (BioMiner git 17c6161, molglyph_large)",0.11306626163423061
uob,maybridge-0105-351037816,Nc1ccc(OC(F)(F)F)cc1,,,,"MolGlyph 1.1.1 (BioMiner git 17c6161, molglyph_large)",0.12860055826604366
uob,maybridge-0105-493166946,Nc1cc(F)ccc1-n1ccnc1,,,,"MolGlyph 1.1.1 (BioMiner git 17c6161, molglyph_large)",0.12913645431399345
uob,maybridge-0105-553687768,CCCCCCc1ccc(N)cc1,,,,"MolGlyph 1.1.1 (BioMiner git 17c6161, molglyph_large)",0.11300596781075001
uob,maybridge-0105-618280883,Nc1ccc(CN2CCCC2)cc1,,,,"MolGlyph 1.1.1 (BioMiner git 17c6161, molglyph_large)",0.12175683863461018
uob,maybridge-0105-680554710,Cc1cc(C(C)(C)C)cc(C)c1N,,,,"MolGlyph 1.1.1 (BioMiner git 17c6161, molglyph_large)",0.14134621992707253
uob,maybridge-0105-815100247,Nc1ccc(-c2csnn2)cc1,,,,"MolGlyph 1.1.1 (BioMiner git 17c6161, molglyph_large)",0.12245445139706135
uob,maybridge-0105-880448738,Nc1cccc(CN2CCCC2)c1,,,,"MolGlyph 1.1.1 (BioMiner git 17c6161, molglyph_large)",0.12119832448661327
uob,maybridge-0105-888425101,Nc1cc(Cl)c(Cl)cc1N,,,,"MolGlyph 1.1.1 (BioMiner git 17c6161, molglyph_large)",0.10733135789632797
uob,maybridge-0105-9181428,Nc1ccccc1N1CCNCC1,,,,"MolGlyph 1.1.1 (BioMiner git 17c6161, molglyph_large)",0.11228383146226406
uob,maybridge-0106-125657137,Nc1cccc(C2OCCCO2)c1,,,,"MolGlyph 1.1.1 (BioMiner git 17c6161, molglyph_large)",0.12175448052585125
uob,maybridge-0106-353593581,Cc1nccc(-c2cccc(N)c2)n1,,,,"MolGlyph 1.1.1 (BioMiner git 17c6161, molglyph_large)",0.14134845323860645
uob,maybridge-0106-396947729,CC(C)(C)c1ccc(N)c(Cl)c1,,,,"MolGlyph 1.1.1 (BioMiner git 17c6161, molglyph_large)",0.13681962341070175
uob,maybridge-0106-44759623,Nc1cccc(N2CCOCC2)c1,,,,"MolGlyph 1.1.1 (BioMiner git 17c6161, molglyph_large)",0.12191717512905598
uob,maybridge-0106-475774867,CN(C)CCOc1ccc(N)cc1,,,,"MolGlyph 1.1.1 (BioMiner git 17c6161, molglyph_large)",0.12158102355897427
uob,maybridge-0106-6194668,Cc1cc(C(=O)O)cc(Cl)c1N,,,,"MolGlyph 1.1.1 (BioMiner git 17c6161, molglyph_large)",0.1312694177031517
uob,maybridge-0106-623935478,Nc1ccc(N2CCOCC2)cc1,,,,"MolGlyph 1.1.1 (BioMiner git 17c6161, molglyph_large)",0.12262124754488468
uob,maybridge-0106-63712868,COc1cc(OC)c(N)c(OC)c1,,,,"MolGlyph 1.1.1 (BioMiner git 17c6161, molglyph_large)",0.1327464785426855
uob,maybridge-0106-649048583,Nc1ccc(Cc2ccncc2)cc1,,,,"MolGlyph 1.1.1 (BioMiner git 17c6161, molglyph_large)",0.12746047973632812
uob,maybridge-0106-756914298,CN(C)CCOc1ccccc1N,,,,"MolGlyph 1.1.1 (BioMiner git 17c6161, molglyph_large)",0.11299852281808853
uob,maybridge-0106-809030947,CCOC(=O)Cc1ccc(N)cc1,,,,"MolGlyph 1.1.1 (BioMiner git 17c6161, molglyph_large)",0.12785094790160656
uob,maybridge-0106-823642962,COC(=O)c1ccc(N)cc1OC,,,,"MolGlyph 1.1.1 (BioMiner git 17c6161, molglyph_large)",0.12864873558282852
uob,maybridge-0107-1036306848,Nc1ccc(Br)cc1N,,,,"MolGlyph 1.1.1 (BioMiner git 17c6161, molglyph_large)",0.0929751843214035
uob,maybridge-0107-202482294,N#Cc1ccc(N)cc1C(F)(F)F,,,,"MolGlyph 1.1.1 (BioMiner git 17c6161, molglyph_large)",0.1361022349447012
uob,maybridge-0107-253650370,COC(=O)c1ccc(N)cc1,,,,"MolGlyph 1.1.1 (BioMiner git 17c6161, molglyph_large)",0.11774617247283459
uob,maybridge-0107-271865356,Cc1cc(C)n(-c2ccc(N)cc2)n1,,,,"MolGlyph 1.1.1 (BioMiner git 17c6161, molglyph_large)",0.1518096998333931
uob,maybridge-0107-42475201,Nc1cccc(Oc2ccccn2)c1,,,,"MolGlyph 1.1.1 (BioMiner git 17c6161, molglyph_large)",0.12684810534119606
uob,maybridge-0107-502134623,Nc1cccc(CN2CCCCC2)c1,,,,"MolGlyph 1.1.1 (BioMiner git 17c6161, molglyph_large)",0.1271915528923273
uob,maybridge-0107-770676728,[N+](c1cc(F)c(Cl)cc1N)(=O)[O-],,,,"MolGlyph 1.1.1 (BioMiner git 17c6161, molglyph_large)",0.1705981120467186
uob,maybridge-0107-788733844,Nc1ccc(CN2CCCCC2)cc1,,,,"MolGlyph 1.1.1 (BioMiner git 17c6161, molglyph_large)",0.12712459452450275
uob,maybridge-0107-850309160,Cc1nc(-c2cccc(N)c2)cs1,,,,"MolGlyph 1.1.1 (BioMiner git 17c6161, molglyph_large)",0.1368395909667015
uob,maybridge-0107-912715856,Cc1cc(N)ccc1C(C)C,,,,"MolGlyph 1.1.1 (BioMiner git 17c6161, molglyph_large)",0.11345852352678776
uob,maybridge-0107-949151251,Nc1cccc(B(O)O)c1,,,,"MolGlyph 1.1.1 (BioMiner git 17c6161, molglyph_large)",0.10805998370051384
uob,maybridge-0107-989033962,Cc1nc(-c2ccc(N)cc2)cs1,,,,"MolGlyph 1.1.1 (BioMiner git 17c6161, molglyph_large)",0.13702950067818165
uob,maybridge-0108-1013741880,CC(C)(C)OC(=O)c1cccc(N)c1,,,,"MolGlyph 1.1.1 (BioMiner git 17c6161, molglyph_large)",0.15151733346283436
uob,maybridge-0108-123012509,CCOC(=O)c1ccc(NC)c(N)c1,,,,"MolGlyph 1.1.1 (BioMiner git 17c6161, molglyph_large)",0.141615342348814
uob,maybridge-0108-125864901,CN1CCN(c2cccc(N)c2)CC1,,,,"MolGlyph 1.1.1 (BioMiner git 17c6161, molglyph_large)",0.1377935204654932
uob,maybridge-0108-132556360,Nc1ccccc1OC1CCOCC1,,,,"MolGlyph 1.1.1 (BioMiner git 17c6161, molglyph_large)",0.11752967350184917
uob,maybridge-0108-141250361,Nc1ccccc1CN1CCOCC1,,,,"MolGlyph 1.1.1 (BioMiner git 17c6161, molglyph_large)",0.11974096484482288
uob,maybridge-0108-431864259,CN1CCN(c2ccc(N)cc2)CC1,,,,"MolGlyph 1.1.1 (BioMiner git 17c6161, molglyph_large)",0.1371515393257141
uob,maybridge-0108-448123597,Nc1ccc(CN2CCOCC2)cc1,,,,"MolGlyph 1.1.1 (BioMiner git 17c6161, molglyph_large)",0.1263550352305174
uob,maybridge-0108-57689004,CNc1ccc(OC(F)(F)F)cc1,,,,"MolGlyph 1.1.1 (BioMiner git 17c6161, molglyph_large)",0.13169674389064312
uob,maybridge-0108-579143159,Nc1cccc(CN2CCOCC2)c1,,,,"MolGlyph 1.1.1 (BioMiner git 17c6161, molglyph_large)",0.12768329493701458
uob,maybridge-0108-620494177,[N+](c1cc(F)c(F)c(F)c1N)(=O)[O-],,,,"MolGlyph 1.1.1 (BioMiner git 17c6161, molglyph_large)",0.18622292764484882
uob,maybridge-0108-946267284,CNc1ccccc1OC(F)(F)F,,,,"MolGlyph 1.1.1 (BioMiner git 17c6161, molglyph_large)",0.1233017910271883
uob,maybridge-0108-957264560,CN1CCN(c2ccccc2N)CC1,,,,"MolGlyph 1.1.1 (BioMiner git 17c6161, molglyph_large)",0.12778184562921524
uob,maybridge-0109-149872913,N#Cc1ccc(N)c(OC(F)(F)F)c1,,,,"MolGlyph 1.1.1 (BioMiner git 17c6161, molglyph_large)",0.15134787186980247
uob,maybridge-0109-24129417,Cc1ccc(N)cc1NS(C)(=O)=O,,,,"MolGlyph 1.1.1 (BioMiner git 17c6161, molglyph_large)",0.14338739961385727
uob,maybridge-0109-311167948,CN1CCN(Cc2ccccc2N)CC1,,,,"MolGlyph 1.1.1 (BioMiner git 17c6161, molglyph_large)",0.13266105018556118
uob,maybridge-0109-34129364,Cc1cc(Br)cc(N)c1N,,,,"MolGlyph 1.1.1 (BioMiner git 17c6161, molglyph_large)",0.10774551145732403
uob,maybridge-0109-494686281,CCNc1ccc(OC(F)(F)F)cc1,,,,"MolGlyph 1.1.1 (BioMiner git 17c6161, molglyph_large)",0.13592834770679474
uob,maybridge-0109-6156886,Nc1ccccc1-c1nc2ccccc2[nH]1,,,,"MolGlyph 1.1.1 (BioMiner git 17c6161, molglyph_large)",0.15698622725903988
uob,maybridge-0109-680518646,COC(=O)c1ccc(C(=O)OC)c(N)c1,,,,"MolGlyph 1.1.1 (BioMiner git 17c6161, molglyph_large)",0.16094590350985527
uob,maybridge-0109-684534243,Nc1cccc(COc2ccccc2)c1,,,,"MolGlyph 1.1.1 (BioMiner git 17c6161, molglyph_large)",0.13206348940730095
uob,maybridge-0109-692243577,Nc1ccccc1COc1ccccc1,,,,"MolGlyph 1.1.1 (BioMiner git 17c6161, molglyph_large)",0.12261723726987839
uob,maybridge-0109-721184950,Nc1cccc(C(=O)c2ccccc2)c1,,,,"MolGlyph 1.1.1 (BioMiner git 17c6161, molglyph_large)",0.15040933527052402
uob,maybridge-0109-851885009,COC(=O)c1cccc(C(=O)O)c1N,,,,"MolGlyph 1.1.1 (BioMiner git 17c6161, molglyph_large)",0.1464230678975582
uob,maybridge-0109-856400323,[N+](c1cc(Cl)c(Cl)cc1N)(=O)[O-],,,,"MolGlyph 1.1.1 (BioMiner git 17c6161, molglyph_large)",0.17149633169174194
uob,maybridge-0110-1055073702,Cc1c(Br)cc(N)c(N)c1C,,,,"MolGlyph 1.1.1 (BioMiner git 17c6161, molglyph_large)",0.12227393686771393
uob,maybridge-0110-154332817,[N+](c1cc(C(F)(F)F)ccc1NC)(=O)[O-],,,,"MolGlyph 1.1.1 (BioMiner git 17c6161, molglyph_large)",0.19509095139801502
uob,maybridge-0110-17039755,Nc1ccc(-c2cn3c(n2)SCC3)cc1,,,,"MolGlyph 1.1.1 (BioMiner git 17c6161, molglyph_large)",0.1561724953353405
uob,maybridge-0110-26285040,[N+](c1cc(Br)ccc1N)(=O)[O-],,,,"MolGlyph 1.1.1 (BioMiner git 17c6161, molglyph_large)",0.15582782216370106
uob,maybridge-0110-34181467,Nc1ccc(S(=O)(=O)NCCO)cc1,,,,"MolGlyph 1.1.1 (BioMiner git 17c6161, molglyph_large)",0.14673100598156452
uob,maybridge-0110-508646933,Nc1ccc(Br)cc1C(=O)O,,,,"MolGlyph 1.1.1 (BioMiner git 17c6161, molglyph_large)",0.1174166239798069
uob,maybridge-0110-593551860,Nc1cc(C(F)(F)F)cc(Cl)c1N,,,,"MolGlyph 1.1.1 (BioMiner git 17c6161, molglyph_large)",0.14199860580265522
uob,maybridge-0110-778266064,Cc1ccc(N)cc1OCc1ccccc1,,,,"MolGlyph 1.1.1 (BioMiner git 17c6161, molglyph_large)",0.13936000503599644
uob,maybridge-0110-784214825,CC(=O)Nc1ccc(C(F)(F)F)cc1N,,,,"MolGlyph 1.1.1 (BioMiner git 17c6161, molglyph_large)",0.15603668987751007
uob,maybridge-0110-903835678,Nc1c(Br)cccc1C(=O)O,,,,"MolGlyph 1.1.1 (BioMiner git 17c6161, molglyph_large)",0.11739004589617252
uob,maybridge-0110-983428161,Nc1ccc(Cl)cc1OC(F)(F)F,,,,"MolGlyph 1.1.1 (BioMiner git 17c6161, molglyph_large)",0.13169380836188793
uob,maybridge-0110-997323035,Nc1ccc(N2CCOCC2)c(Cl)c1,,,,"MolGlyph 1.1.1 (BioMiner git 17c6161, molglyph_large)",0.1397930383682251
uob,maybridge-0111-1069587735,Cc1cc(I)ccc1N,,,,"MolGlyph 1.1.1 (BioMiner git 17c6161, molglyph_large)",0.09328848496079445
uob,maybridge-0111-223904859,[N+](c1cc(C)cc(Br)c1N)(=O)[O-],,,,"MolGlyph 1.1.1 (BioMiner git 17c6161, molglyph_large)",0.16998453997075558
uob,maybridge-0111-369076952,Nc1ccc(C(=O)O)cc1OC(F)(F)F,,,,"MolGlyph 1.1.1 (BioMiner git 17c6161, molglyph_large)",0.1561034880578518
uob,maybridge-0111-430066354,Nc1ccc(C(F)(F)F)cc1Br,,,,"MolGlyph 1.1.1 (BioMiner git 17c6161, molglyph_large)",0.12733631022274494
uob,maybridge-0111-470621039,Nc1ccccc1OCCN1CCOCC1,,,,"MolGlyph 1.1.1 (BioMiner git 17c6161, molglyph_large)",0.1272211093455553
uob,maybridge-0111-480141170,Nc1cccc(OCCN2CCOCC2)c1,,,,"MolGlyph 1.1.1 (BioMiner git 17c6161, molglyph_large)",0.13636494241654873
uob,maybridge-0111-512233467,Nc1c(Cl)cc(C(F)(F)F)cc1Cl,,,,"MolGlyph 1.1.1 (BioMiner git 17c6161, molglyph_large)",0.14264130406081676
uob,maybridge-0111-617615078,Nc1ccc(OCCN2CCOCC2)cc1,,,,"MolGlyph 1.1.1 (BioMiner git 17c6161, molglyph_large)",0.13607431016862392
uob,maybridge-0111-669649663,Nc1cccc(S(=O)(=O)N2CCCC2)c1,,,,"MolGlyph 1.1.1 (BioMiner git 17c6161, molglyph_large)",0.1607122402638197
uob,maybridge-0111-845943338,Nc1ccc(-n2cnc(Cl)c2Cl)cc1,,,,"MolGlyph 1.1.1 (BioMiner git 17c6161, molglyph_large)",0.14184244722127914
uob,maybridge-0111-882209092,[N+](c1cc(OC(F)(F)F)ccc1N)(=O)[O-],,,,"MolGlyph 1.1.1 (BioMiner git 17c6161, molglyph_large)",0.19763235747814178
uob,maybridge-0111-891219463,Nc1ccc(CN2CCS(=O)(=O)CC2)cc1,,,,"MolGlyph 1.1.1 (BioMiner git 17c6161, molglyph_large)",0.16613692231476307
uob,maybridge-0112-1008614252,CCOC(=O)c1cnn(-c2ccc(N)cc2)c1C,,,,"MolGlyph 1.1.1 (BioMiner git 17c6161, molglyph_large)",0.1764297727495432
uob,maybridge-0112-154956296,Nc1cc(C(F)(F)F)ccc1N1CCOCC1,,,,"MolGlyph 1.1.1 (BioMiner git 17c6161, molglyph_large)",0.16273470409214497
uob,maybridge-0112-155496172,Nc1ccc(S(=O)(=O)N2CCOCC2)cc1,,,,"MolGlyph 1.1.1 (BioMiner git 17c6161, molglyph_large)",0.166661586612463
uob,maybridge-0112-258986885,Nc1ccc(S(=O)(=O)N2CCCCC2)cc1,,,,"MolGlyph 1.1.1 (BioMiner git 17c6161, molglyph_large)",0.1654069572687149
uob,maybridge-0112-474135608,Nc1ccc(I)cc1Cl,,,,"MolGlyph 1.1.1 (BioMiner git 17c6161, molglyph_large)",0.09264861792325974
uob,maybridge-0112-560654361,Nc1cccc(S(=O)(=O)N2CCCCC2)c1,,,,"MolGlyph 1.1.1 (BioMiner git 17c6161, molglyph_large)",0.16521268151700497
uob,maybridge-0112-6340114,Nc1cccc(S(=O)(=O)N2CCOCC2)c1,,,,"MolGlyph 1.1.1 (BioMiner git 17c6161, molglyph_large)",0.16559974290430546
uob,maybridge-0112-66871866,[N+](c1cc(C(F)(F)F)cc(Cl)c1N)(=O)[O-],,,,"MolGlyph 1.1.1 (BioMiner git 17c6161, molglyph_large)",0.20469513535499573
uob,maybridge-0112-707136851,[N+](c1cc(C(F)(F)F)c(Cl)cc1N)(=O)[O-],,,,"MolGlyph 1.1.1 (BioMiner git 17c6161, molglyph_large)",0.2039684932678938
uob,maybridge-0112-826173059,Cn1cc(Br)c(-c2cccc(N)c2)n1,,,,"MolGlyph 1.1.1 (BioMiner git 17c6161, molglyph_large)",0.15223888121545315
uob,maybridge-0112-922016884,Nc1ccc(Br)c(Cl)c1Cl,,,,"MolGlyph 1.1.1 (BioMiner git 17c6161, molglyph_large)",0.10788882337510586
uob,maybridge-0113-1037016745,N#Cc1ccc(Oc2ccc(C(F)(F)F)cc2N)cc1,,,,"MolGlyph 1.1.1 (BioMiner git 17c6161, molglyph_large)",0.1908873599022627
uob,maybridge-0113-246101170,CCOC(=O)C1CCN(Cc2cccc(N)c2)CC1,,,,"MolGlyph 1.1.1 (BioMiner git 17c6161, molglyph_large)",0.17587142810225487
uob,maybridge-0113-423736498,Nc1cc(C(F)(F)F)cc(Br)c1N,,,,"MolGlyph 1.1.1 (BioMiner git 17c6161, molglyph_large)",0.14710248447954655
uob,maybridge-0113-535628955,Nc1ccc(OC(F)(F)F)cc1Br,,,,"MolGlyph 1.1.1 (BioMiner git 17c6161, molglyph_large)",0.1320204921066761
uob,maybridge-0113-662442513,CC(C)(C)c1cc(C(C)(C)C)n(-c2ccc(N)cc2)n1,,,,"MolGlyph 1.1.1 (BioMiner git 17c6161, molglyph_large)",0.21998241543769836
uob,maybridge-0113-718251417,Nc1ccc(Cl)cc1C(=O)NCc1cccs1,,,,"MolGlyph 1.1.1 (BioMiner git 17c6161, molglyph_large)",0.1561384852975607
uob,maybridge-0113-832109094,Nc1ccc(Br)cc1OC(F)(F)F,,,,"MolGlyph 1.1.1 (BioMiner git 17c6161, molglyph_large)",0.13177841529250145
uob,maybridge-0113-841705286,CC(C)(C)OC(=O)N1CCN(c2ccccc2N)CC1,,,,"MolGlyph 1.1.1 (BioMiner git 17c6161, molglyph_large)",0.18969309329986572
uob,maybridge-0113-847728136,Nc1c(Cl)cc(C(F)(F)F)cc1Br,,,,"MolGlyph 1.1.1 (BioMiner git 17c6161, molglyph_large)",0.1434309333562851
uob,maybridge-0113-995846580,Cc1c(Br)cc(Br)c(N)c1C,,,,"MolGlyph 1.1.1 (BioMiner git 17c6161, molglyph_large)",0.12198304571211338
uob,maybridge-0114-101088316,[N+](c1cc(C(F)(F)F)cc(Br)c1N)(=O)[O-],,,,"MolGlyph 1.1.1 (BioMiner git 17c6161, molglyph_large)",0.20384466834366322
uob,maybridge-0114-1055122907,CC(C)(C)OC(=O)N1CCN(Cc2cccc(N)c2)CC1,,,,"MolGlyph 1.1.1 (BioMiner git 17c6161, molglyph_large)",0.2046788278967142
uob,maybridge-0114-325576822,CCOC(=O)CNc1ccc(I)cc1,,,,"MolGlyph 1.1.1 (BioMiner git 17c6161, molglyph_large)",0.13243363238871098
uob,maybridge-0114-533403235,COc1ccc(NC2CCN(C(=O)OC(C)(C)C)CC2)cc1,,,,"MolGlyph 1.1.1 (BioMiner git 17c6161, molglyph_large)",0.21058673784136772
uob,maybridge-0114-657585007,CC(C)(C)OC(=O)N1CCC(Oc2ccccc2N)CC1,,,,"MolGlyph 1.1.1 (BioMiner git 17c6161, molglyph_large)",0.19653061963617802
uob,maybridge-0114-69237736,Nc1ccccc1NC1CCN(Cc2ccccc2)CC1,,,,"MolGlyph 1.1.1 (BioMiner git 17c6161, molglyph_large)",0.17219759337604046
uob,maybridge-0114-872112621,Nc1c(Br)cc(Br)cc1C(=O)O,,,,"MolGlyph 1.1.1 (BioMiner git 17c6161, molglyph_large)",0.13206727243959904
uob,maybridge-0114-90223520,Cc1cc(Br)c(N)cc1OCc1ccccc1,,,,"MolGlyph 1.1.1 (BioMiner git 17c6161, molglyph_large)",0.15144341439008713
uob,maybridge-0115-1027846630,FC(F)(F)c1cc(NCCC2CCCCN2)cc(C(F)(F)F)c1,,,,"MolGlyph 1.1.1 (BioMiner git 17c6161, molglyph_large)",0.21948462538421154
uob,maybridge-0115-257882293,COc1ccccc1-c1nc(CSc2ccccc2N)no1,,,,"MolGlyph 1.1.1 (BioMiner git 17c6161, molglyph_large)",0.1806397009640932
uob,maybridge-0115-268176197,CN1CCCN(c2ccc(N)cc2)CC1,,,,"MolGlyph 1.1.1 (BioMiner git 17c6161, molglyph_large)",0.14160200767219067
uob,maybridge-0115-436555794,CCOC(=O)c1cc(I)c(N)c(I)c1,,,,"MolGlyph 1.1.1 (BioMiner git 17c6161, molglyph_large)",0.1508495006710291
uob,maybridge-0115-444565781,Cc1cc(S(=O)(=O)Cc2ccc(N)cc2)c(C)cc1Cl,,,,"MolGlyph 1.1.1 (BioMiner git 17c6161, molglyph_large)",0.2071437556296587
uob,maybridge-0115-599629407,CC(C)(C)OC(=O)NCCNc1ccc(C(F)(F)F)cc1N,,,,"MolGlyph 1.1.1 (BioMiner git 17c6161, molglyph_large)",0.20964724384248257
uob,maybridge-0115-613737475,Nc1cc(C(F)(F)F)c(C(F)(F)F)cc1Br,,,,"MolGlyph 1.1.1 (BioMiner git 17c6161, molglyph_large)",0.17701984755694866
uob,maybridge-0115-758911792,Nc1c(Br)cc(Br)cc1C(F)(F)F,,,,"MolGlyph 1.1.1 (BioMiner git 17c6161, molglyph_large)",0.14145244844257832
uob,maybridge-0115-916424230,Cc1ccc2nc(-c3ccc(N)cc3)sc2c1S(=O)(=O)O,,,,"MolGlyph 1.1.1 (BioMiner git 17c6161, molglyph_large)",0.21435625664889812
uob,maybridge-0115-953623461,Cc1ccc(N)nc1,,,,"MolGlyph 1.1.1 (BioMiner git 17c6161, molglyph_large)",0.08829264342784882
uob,maybridge-0116-1022850339,COC(=O)c1cccnc1N,,,,"MolGlyph 1.1.1 (BioMiner git 17c6161, molglyph_large)",0.107041971758008
uob,maybridge-0116-149163444,Nc1cc(Cl)nc(Cl)c1,,,,"MolGlyph 1.1.1 (BioMiner git 17c6161, molglyph_large)",0.10255052521824837
uob,maybridge-0116-163299728,Nc1cnccc1C(=O)O,,,,"MolGlyph 1.1.1 (BioMiner git 17c6161, molglyph_large)",0.10280227474868298
uob,maybridge-0116-170268528,Nc1ccc(Cl)nc1Cl,,,,"MolGlyph 1.1.1 (BioMiner git 17c6161, molglyph_large)",0.09280872158706188
uob,maybridge-0116-241939391,Nc1cc(Cl)cnc1Cl,,,,"MolGlyph 1.1.1 (BioMiner git 17c6161, molglyph_large)",0.09408523887395859
uob,maybridge-0116-499620070,Nc1ccc(C(F)(F)F)cn1,,,,"MolGlyph 1.1.1 (BioMiner git 17c6161, molglyph_large)",0.12236895598471165
uob,maybridge-0116-582657937,Nc1ccnc(Cl)c1,,,,"MolGlyph 1.1.1 (BioMiner git 17c6161, molglyph_large)",0.08836481720209122
uob,maybridge-0116-649310274,COC(=O)c1ccc(N)nc1,,,,"MolGlyph 1.1.1 (BioMiner git 17c6161, molglyph_large)",0.11732874624431133
uob,maybridge-0116-698607258,Nc1cnccc1C(F)(F)F,,,,"MolGlyph 1.1.1 (BioMiner git 17c6161, molglyph_large)",0.11301378719508648
uob,maybridge-0116-830403260,Nc1ccc(CO)cn1,,,,"MolGlyph 1.1.1 (BioMiner git 17c6161, molglyph_large)",0.09255069307982922
uob,maybridge-0116-90202230,Cc1nc(N)ccc1C#N,,,,"MolGlyph 1.1.1 (BioMiner git 17c6161, molglyph_large)",0.10213462635874748
uob,maybridge-0116-954264759,COc1ncccc1N,,,,"MolGlyph 1.1.1 (BioMiner git 17c6161, molglyph_large)",0.08328637108206749
uob,maybridge-0117-105650205,Nc1cccnc1Oc1ccc(F)cc1F,,,,"MolGlyph 1.1.1 (BioMiner git 17c6161, molglyph_large)",0.13781608827412128
uob,maybridge-0117-164364481,Nc1ccc(N2CCOCC2)nc1,,,,"MolGlyph 1.1.1 (BioMiner git 17c6161, molglyph_large)",0.12245745584368706
uob,maybridge-0117-16532891,Nc1ccc(-c2ccccc2)nc1,,,,"MolGlyph 1.1.1 (BioMiner git 17c6161, molglyph_large)",0.12660009413957596
uob,maybridge-0117-286025532,Cc1cc(Br)cnc1N,,,,"MolGlyph 1.1.1 (BioMiner git 17c6161, molglyph_large)",0.09267769008874893
uob,maybridge-0117-365507992,Nc1ccc(Oc2ccccc2)nc1,,,,"MolGlyph 1.1.1 (BioMiner git 17c6161, molglyph_large)",0.1257911790162325
uob,maybridge-0117-518264280,Cc1nc(N)ccc1Br,,,,"MolGlyph 1.1.1 (BioMiner git 17c6161, molglyph_large)",0.09266014024615288
uob,maybridge-0117-610585630,Nc1ncc(C(F)(F)F)cc1Cl,,,,"MolGlyph 1.1.1 (BioMiner git 17c6161, molglyph_large)",0.1267783958464861
uob,maybridge-0117-720134008,Cc1cnc(N)c(Br)c1,,,,"MolGlyph 1.1.1 (BioMiner git 17c6161, molglyph_large)",0.10192914679646492
uob,maybridge-0117-750658917,Nc1ccc(-c2cccs2)nc1,,,,"MolGlyph 1.1.1 (BioMiner git 17c6161, molglyph_large)",0.12161250971257687
uob,maybridge-0117-760545168,Nc1cccnc1N1CCOCC1,,,,"MolGlyph 1.1.1 (BioMiner git 17c6161, molglyph_large)",0.11246577091515064
uob,maybridge-0117-876471134,Nc1c(C(F)(F)F)cc(Cl)nc1Cl,,,,"MolGlyph 1.1.1 (BioMiner git 17c6161, molglyph_large)",0.1414408627897501
uob,maybridge-0118-1069035473,COc1cc(N)ncn1,,,,"MolGlyph 1.1.1 (BioMiner git 17c6161, molglyph_large)",0.09271769225597382
uob,maybridge-0118-400195185,Cc1nc(N)c(Br)cc1Br,,,,"MolGlyph 1.1.1 (BioMiner git 17c6161, molglyph_large)",0.10657092556357384
uob,maybridge-0118-433787694,COc1cc(OC)nc(N)n1,,,,"MolGlyph 1.1.1 (BioMiner git 17c6161, molglyph_large)",0.11278630420565605
uob,maybridge-0118-500765886,Cc1nc(Cl)nc(N)c1N,,,,"MolGlyph 1.1.1 (BioMiner git 17c6161, molglyph_large)",0.107117410749197
uob,maybridge-0118-54434599,Nc1ccc(Br)nn1,,,,"MolGlyph 1.1.1 (BioMiner git 17c6161, molglyph_large)",0.08826328255236149
uob,maybridge-0118-547154517,N#Cc1cnc(Cl)nc1N,,,,"MolGlyph 1.1.1 (BioMiner git 17c6161, molglyph_large)",0.10210543870925903
uob,maybridge-0118-549722698,Cc1ncc(C#N)c(N)n1,,,,"MolGlyph 1.1.1 (BioMiner git 17c6161, molglyph_large)",0.11163887567818165
uob,maybridge-0118-661022304,Nc1ccc(Sc2cc(Cl)ccc2Cl)nc1,,,,"MolGlyph 1.1.1 (BioMiner git 17c6161, molglyph_large)",0.1458158791065216
uob,maybridge-0118-801723825,CSc1ncc(C#N)c(N)n1,,,,"MolGlyph 1.1.1 (BioMiner git 17c6161, molglyph_large)",0.11729816347360611
uob,maybridge-0118-846411868,Nc1ncc(Br)cc1Br,,,,"MolGlyph 1.1.1 (BioMiner git 17c6161, molglyph_large)",0.09237329103052616
uob,maybridge-0118-941997635,Nc1ccc(Cl)nn1,,,,"MolGlyph 1.1.1 (BioMiner git 17c6161, molglyph_large)",0.08782259002327919
uob,maybridge-0118-955141148,Nc1ccnc(S)n1,,,,"MolGlyph 1.1.1 (BioMiner git 17c6161, molglyph_large)",0.08832470327615738
uob,maybridge-0119-132973406,CSc1nc(-c2ccc(C)cc2)nc(N)c1C#N,,,,"MolGlyph 1.1.1 (BioMiner git 17c6161, molglyph_large)",0.17609686963260174
uob,maybridge-0119-175665774,CCOC(=O)c1cnc(S)nc1N,,,,"MolGlyph 1.1.1 (BioMiner git 17c6161, molglyph_large)",0.12705122865736485
uob,maybridge-0119-29095669,N#Cc1cnc(Br)nc1N,,,,"MolGlyph 1.1.1 (BioMiner git 17c6161, molglyph_large)",0.10260786674916744
uob,maybridge-0119-495469240,COc1ccc(-c2cc(C(F)(F)F)nc(N)n2)cc1,,,,"MolGlyph 1.1.1 (BioMiner git 17c6161, molglyph_large)",0.19598117843270302
uob,maybridge-0119-504065841,CC(C)(C)S(=O)(=O)c1cnc(N)nc1N,,,,"MolGlyph 1.1.1 (BioMiner git 17c6161, molglyph_large)",0.17069794237613678
uob,maybridge-0119-575097047,CCOC(=O)c1cnc(N)nc1C,,,,"MolGlyph 1.1.1 (BioMiner git 17c6161, molglyph_large)",0.12742484919726849
uob,maybridge-0119-683857827,Nc1nccc(-c2cc(-c3cccc(C(F)(F)F)c3)no2)n1,,,,"MolGlyph 1.1.1 (BioMiner git 17c6161, molglyph_large)",0.22644197568297386
uob,maybridge-0119-725548355,Nc1nc(-c2ccccc2)cc(C(F)(F)F)n1,,,,"MolGlyph 1.1.1 (BioMiner git 17c6161, molglyph_large)",0.17697885259985924
uob,maybridge-0119-849758628,CC(C)S(=O)(=O)c1cnc(-c2cccnc2)nc1N,,,,"MolGlyph 1.1.1 (BioMiner git 17c6161, molglyph_large)",0.195588955655694
uob,maybridge-0119-950573207,CCSc1nc(O)c(Br)c(N)n1,,,,"MolGlyph 1.1.1 (BioMiner git 17c6161, molglyph_large)",0.12884298153221607
uob,maybridge-0120-143619142,CCOc1nc(N)nc(NC)n1,,,,"MolGlyph 1.1.1 (BioMiner git 17c6161, molglyph_large)",0.11873803287744522
uob,maybridge-0120-363235396,Nc1nnc(-c2ccccc2)c(-c2ccccc2)n1,,,,"MolGlyph 1.1.1 (BioMiner git 17c6161, molglyph_large)",0.18189025484025478
uob,maybridge-0120-477906048,Nc1nc(-c2ccc(Br)cc2)cc(C(F)(F)F)n1,,,,"MolGlyph 1.1.1 (BioMiner git 17c6161, molglyph_large)",0.19086039252579212
uob,maybridge-0120-566441527,Cc1nc(N)nc(O)n1,,,,"MolGlyph 1.1.1 (BioMiner git 17c6161, molglyph_large)",0.10355398431420326
uob,maybridge-0120-65108651,CSc1nc(N)nc(C(C)C)n1,,,,"MolGlyph 1.1.1 (BioMiner git 17c6161, molglyph_large)",0.12781687639653683
uob,maybridge-0120-665662295,Nc1cnc(Br)cn1,,,,"MolGlyph 1.1.1 (BioMiner git 17c6161, molglyph_large)",0.08810951001942158
uob,maybridge-0120-709960176,COc1nc(N)nc(SC)n1,,,,"MolGlyph 1.1.1 (BioMiner git 17c6161, molglyph_large)",0.11280425637960434
uob,maybridge-0120-812297298,Nc1nccnn1,,,,"MolGlyph 1.1.1 (BioMiner git 17c6161, molglyph_large)",0.07425825297832489
uob,maybridge-0120-822822140,COc1ccc2cc(-c3cc(C(F)(F)F)nc(N)n3)ccc2c1,,,,"MolGlyph 1.1.1 (BioMiner git 17c6161, molglyph_large)",0.22359426319599152
uob,maybridge-0120-844494069,CSc1nc(N)nc(C(C)(C)C)n1,,,,"MolGlyph 1.1.1 (BioMiner git 17c6161, molglyph_large)",0.14161209762096405
uob,maybridge-0120-87673148,Nc1nc(S)nc(S)n1,,,,"MolGlyph 1.1.1 (BioMiner git 17c6161, molglyph_large)",0.1026404369622469
uob,maybridge-0121-1014419417,Nc1ccc2c(c1)CCC2=O,,,,"MolGlyph 1.1.1 (BioMiner git 17c6161, molglyph_large)",0.1168705802410841
uob,maybridge-0121-271040750,Cc1cc2cc(N)ccc2[nH]1,,,,"MolGlyph 1.1.1 (BioMiner git 17c6161, molglyph_large)",0.12708930857479572
uob,maybridge-0121-414007445,Nc1ccc2c(ccn2Cc2ccccc2)c1,,,,"MolGlyph 1.1.1 (BioMiner git 17c6161, molglyph_large)",0.15146458335220814
uob,maybridge-0121-510017710,Cc1ccc(S(=O)(=O)n2ccc3cc(N)ccc32)cc1,,,,"MolGlyph 1.1.1 (BioMiner git 17c6161, molglyph_large)",0.20476578548550606
uob,maybridge-0121-541006079,Nc1nc(O)nc(C23CC4CC(CC(C4)C2)C3)n1,,,,"MolGlyph 1.1.1 (BioMiner git 17c6161, molglyph_large)",0.1952410824596882
uob,maybridge-0121-605968757,CCSc1nc(N)nc(C(C)C)n1,,,,"MolGlyph 1.1.1 (BioMiner git 17c6161, molglyph_large)",0.13252324610948563
uob,maybridge-0121-727759191,Cn1ccc2cc(N)ccc21,,,,"MolGlyph 1.1.1 (BioMiner git 17c6161, molglyph_large)",0.11205300129950047
uob,maybridge-0121-773282943,CSc1nc(N)nc(-c2cccs2)n1,,,,"MolGlyph 1.1.1 (BioMiner git 17c6161, molglyph_large)",0.14173956774175167
uob,maybridge-0121-830979879,NC(=O)c1c[nH]c2ccc(N)cc12,,,,"MolGlyph 1.1.1 (BioMiner git 17c6161, molglyph_large)",0.15173841640353203
uob,maybridge-0121-927752342,CSc1nc(N)nc(C23CC4CC(CC(C4)C2)C3)n1,,,,"MolGlyph 1.1.1 (BioMiner git 17c6161, molglyph_large)",0.1999247819185257
uob,maybridge-0122-103406911,Nc1ccc2[nH]ncc2c1,,,,"MolGlyph 1.1.1 (BioMiner git 17c6161, molglyph_large)",0.11229232139885426
uob,maybridge-0122-116493633,Nc1cccc2c1C(=O)NC2=O,,,,"MolGlyph 1.1.1 (BioMiner git 17c6161, molglyph_large)",0.12744176387786865
uob,maybridge-0122-152023266,CC1(C)Oc2ccc(N)cc2O1,,,,"MolGlyph 1.1.1 (BioMiner git 17c6161, molglyph_large)",0.12713119201362133
uob,maybridge-0122-207576512,NC(=O)c1cnn2c1NCC=C2c1cccc(C(F)(F)F)c1,,,,"MolGlyph 1.1.1 (BioMiner git 17c6161, molglyph_large)",0.21529159508645535
uob,maybridge-0122-271096461,COC(=O)C1Cc2ccccc2N1,,,,"MolGlyph 1.1.1 (BioMiner git 17c6161, molglyph_large)",0.12796675227582455
uob,maybridge-0122-322249342,Nc1ccc2occc2c1,,,,"MolGlyph 1.1.1 (BioMiner git 17c6161, molglyph_large)",0.09770756959915161
uob,maybridge-0122-497128787,Nc1ccc2c(c1)C(=O)OC2,,,,"MolGlyph 1.1.1 (BioMiner git 17c6161, molglyph_large)",0.12695898488163948
uob,maybridge-0122-502072489,OCC1Cc2ccccc2N1,,,,"MolGlyph 1.1.1 (BioMiner git 17c6161, molglyph_large)",0.10290320962667465
uob,maybridge-0122-578529170,CSc1nc(N)nc2nc[nH]c12,,,,"MolGlyph 1.1.1 (BioMiner git 17c6161, molglyph_large)",0.13167238608002663
uob,maybridge-0122-609502226,CC1(C)Cc2cccc(N)c2O1,,,,"MolGlyph 1.1.1 (BioMiner git 17c6161, molglyph_large)",0.12635896727442741
uob,maybridge-0122-674977805,Nc1ccc2[nH]c(S)nc2c1,,,,"MolGlyph 1.1.1 (BioMiner git 17c6161, molglyph_large)",0.12699506059288979
uob,maybridge-0122-6946358,Nc1ccc2sccc2c1,,,,"MolGlyph 1.1.1 (BioMiner git 17c6161, molglyph_large)",0.09801751561462879
uob,maybridge-0123-1048619367,Nc1cccc2nonc12,,,,"MolGlyph 1.1.1 (BioMiner git 17c6161, molglyph_large)",0.09787498973309994
uob,maybridge-0123-207835622,[N+](c1ccc2snc(N)c2c1)(=O)[O-],,,,"MolGlyph 1.1.1 (BioMiner git 17c6161, molglyph_large)",0.17513487674295902
uob,maybridge-0123-292557416,Nc1ccc2ncoc2c1,,,,"MolGlyph 1.1.1 (BioMiner git 17c6161, molglyph_large)",0.09780466929078102
uob,maybridge-0123-545161507,COc1cccc2onc(N)c12,,,,"MolGlyph 1.1.1 (BioMiner git 17c6161, molglyph_large)",0.11738616041839123
uob,maybridge-0123-551698804,Nc1ccc2c(c1)CS(=O)(=O)C2,,,,"MolGlyph 1.1.1 (BioMiner git 17c6161, molglyph_large)",0.14828982204198837
uob,maybridge-0123-552106680,c1([N+](=O)[O-])c(N)cc(Cl)c2nonc12,,,,"MolGlyph 1.1.1 (BioMiner git 17c6161, molglyph_large)",0.16077804751694202
uob,maybridge-0123-628802632,Nc1ccc2scnc2c1,,,,"MolGlyph 1.1.1 (BioMiner git 17c6161, molglyph_large)",0.09749602526426315
uob,maybridge-0123-681598386,Nc1noc2ccccc12,,,,"MolGlyph 1.1.1 (BioMiner git 17c6161, molglyph_large)",0.09770592302083969
uob,maybridge-0123-891158634,CCOC(=O)c1c(N)sc2c1CCCC2,,,,"MolGlyph 1.1.1 (BioMiner git 17c6161, molglyph_large)",0.14624453522264957
uob,maybridge-0123-968374406,COC(=O)c1cc2cc(N)ccc2s1,,,,"MolGlyph 1.1.1 (BioMiner git 17c6161, molglyph_large)",0.14106472581624985
uob,maybridge-0123-97853212,Nc1ccc2c(c1)S(=O)(=O)C=C2,,,,"MolGlyph 1.1.1 (BioMiner git 17c6161, molglyph_large)",0.1511514000594616
uob,maybridge-0124-1058482436,CN1CCc2c(sc(N)c2C#N)C1,,,,"MolGlyph 1.1.1 (BioMiner git 17c6161, molglyph_large)",0.1481489147990942
uob,maybridge-0124-274494307,CCOC(=O)c1sc2ncccc2c1N,,,,"MolGlyph 1.1.1 (BioMiner git 17c6161, molglyph_large)",0.13683121837675571
uob,maybridge-0124-288264864,CSc1nc2ccc(N)cc2s1,,,,"MolGlyph 1.1.1 (BioMiner git 17c6161, molglyph_large)",0.11663375422358513
uob,maybridge-0124-385286133,Nc1c(C(=O)O)sc2nccnc12,,,,"MolGlyph 1.1.1 (BioMiner git 17c6161, molglyph_large)",0.13694469444453716
uob,maybridge-0124-497265561,Cc1cc(C)c2c(N)c(C(N)=O)sc2n1,,,,"MolGlyph 1.1.1 (BioMiner git 17c6161, molglyph_large)",0.16566340066492558
uob,maybridge-0124-59048686,Nc1ccc2nsnc2c1,,,,"MolGlyph 1.1.1 (BioMiner git 17c6161, molglyph_large)",0.09913157299160957
uob,maybridge-0124-646494645,Nc1ccc2ncsc2c1,,,,"MolGlyph 1.1.1 (BioMiner git 17c6161, molglyph_large)",0.09751791134476662
uob,maybridge-0124-685331916,CC(=O)c1sc2nc(-c3cccs3)cc(C(F)(F)F)c2c1N,,,,"MolGlyph 1.1.1 (BioMiner git 17c6161, molglyph_large)",0.22359590232372284
uob,maybridge-0124-780059698,CC1=Nc2ccc(N)cc2S1,,,,"MolGlyph 1.1.1 (BioMiner git 17c6161, molglyph_large)",0.11730900034308434
uob,maybridge-0124-896900684,Nc1c(C(=O)O)sc2ncccc12,,,,"MolGlyph 1.1.1 (BioMiner git 17c6161, molglyph_large)",0.1362187173217535
uob,maybridge-0124-982610362,Nc1csc2nccnc12,,,,"MolGlyph 1.1.1 (BioMiner git 17c6161, molglyph_large)",0.09747879020869732
uob,maybridge-0125-1017382906,Nc1ccc2c(c1)CCCC2=O,,,,"MolGlyph 1.1.1 (BioMiner git 17c6161, molglyph_large)",0.12216023541986942
uob,maybridge-0125-257213741,Nc1ccc2ccccc2n1,,,,"MolGlyph 1.1.1 (BioMiner git 17c6161, molglyph_large)",0.10286665707826614
uob,maybridge-0125-347741128,Cc1ccc2cc(N)ccc2n1,,,,"MolGlyph 1.1.1 (BioMiner git 17c6161, molglyph_large)",0.1169942356646061
uob,maybridge-0125-363513951,Nc1cc2ccccc2cn1,,,,"MolGlyph 1.1.1 (BioMiner git 17c6161, molglyph_large)",0.10293066315352917
uob,maybridge-0125-375425314,Cc1cc2c(N)cccc2nn1,,,,"MolGlyph 1.1.1 (BioMiner git 17c6161, molglyph_large)",0.11697902716696262
uob,maybridge-0125-412383488,Nc1nc(Br)c2ccccc2c1Cc1ccccc1,,,,"MolGlyph 1.1.1 (BioMiner git 17c6161, molglyph_large)",0.16195989213883877
uob,maybridge-0125-41492278,Cc1nc2ccccc2c(C(=O)O)c1N,,,,"MolGlyph 1.1.1 (BioMiner git 17c6161, molglyph_large)",0.14608708210289478
uob,maybridge-0125-543284614,Nc1cc2ccccc2c(Br)n1,,,,"MolGlyph 1.1.1 (BioMiner git 17c6161, molglyph_large)",0.11772872880101204
uob,maybridge-0125-599876698,CCOC(=O)c1c(N)sc2c1CCN(C(=O)OC(C)(C)C)C2,,,,"MolGlyph 1.1.1 (BioMiner git 17c6161, molglyph_large)",0.22397228702902794
uob,maybridge-0125-635944389,CCOC(=O)c1c(N)sc2c1CCCCC2,,,,"MolGlyph 1.1.1 (BioMiner git 17c6161, molglyph_large)",0.15366433560848236
uob,maybridge-0126-199069868,OCC1CNc2ccccc2O1,,,,"MolGlyph 1.1.1 (BioMiner git 17c6161, molglyph_large)",0.10912600718438625
uob,maybridge-0126-213298490,COC(=O)C1CCc2ccccc2N1,,,,"MolGlyph 1.1.1 (BioMiner git 17c6161, molglyph_large)",0.13114949129521847
uob,maybridge-0126-340274919,N#CC1CNc2ccccc2O1,,,,"MolGlyph 1.1.1 (BioMiner git 17c6161, molglyph_large)",0.11378846317529678
uob,maybridge-0126-446758296,CCOC(=O)C1=C(N)Oc2ccc(Br)cc2C1C(C#N)C(=O)OCC,,,,"MolGlyph 1.1.1 (BioMiner git 17c6161, molglyph_large)",0.24124298430979252
uob,maybridge-0126-599037960,Nc1ccc2nccnc2c1,,,,"MolGlyph 1.1.1 (BioMiner git 17c6161, molglyph_large)",0.10330747440457344
uob,maybridge-0126-655837542,Nc1ccc2c(c1)OCCO2,,,,"MolGlyph 1.1.1 (BioMiner git 17c6161, molglyph_large)",0.1132979653775692
uob,maybridge-0126-71068270,O=C(O)C1CNc2ccccc2O1,,,,"MolGlyph 1.1.1 (BioMiner git 17c6161, molglyph_large)",0.12728064507246017
uob,maybridge-0126-718618661,Nc1nc(N)c2nc(CO)cnc2n1,,,,"MolGlyph 1.1.1 (BioMiner git 17c6161, molglyph_large)",0.1366406064480543
uob,maybridge-0126-766665448,CSc1nc(N)c2ccccc2n1,,,,"MolGlyph 1.1.1 (BioMiner git 17c6161, molglyph_large)",0.12264327332377434
uob,maybridge-0126-776907754,Cc1cccc2c1NCCC2,,,,"MolGlyph 1.1.1 (BioMiner git 17c6161, molglyph_large)",0.10299847461283207
uob,maybridge-0126-871550456,O=C(O)c1ccc2c(c1)CCCN2,,,,"MolGlyph 1.1.1 (BioMiner git 17c6161, molglyph_large)",0.1368059106171131
uob,maybridge-0126-889711397,Nc1ccc2c(c1)COCO2,,,,"MolGlyph 1.1.1 (BioMiner git 17c6161, molglyph_large)",0.11190532147884369
uob,maybridge-0127-14150246,Nc1ccc2oc3c(c2c1)CCCC3,,,,"MolGlyph 1.1.1 (BioMiner git 17c6161, molglyph_large)",0.13734081201255322
uob,maybridge-0127-164630678,Nc1ccc(O)c2c1C(=O)c1c(O)ccc(N)c1C2=O,,,,"MolGlyph 1.1.1 (BioMiner git 17c6161, molglyph_large)",0.20561478659510612
uob,maybridge-0127-29676604,Nc1ccc2c(c1)OCCCO2,,,,"MolGlyph 1.1.1 (BioMiner git 17c6161, molglyph_large)",0.11740362271666527
uob,maybridge-0127-382046635,NC1=Nc2cccc3cccc(c23)N1,,,,"MolGlyph 1.1.1 (BioMiner git 17c6161, molglyph_large)",0.1418572999536991
uob,maybridge-0127-532864415,c1cnc2c(c1)OCCN2,,,,"MolGlyph 1.1.1 (BioMiner git 17c6161, molglyph_large)",0.1080543864518404
uob,maybridge-0127-559279364,Brc1cnc2c(c1)OCCN2,,,,"MolGlyph 1.1.1 (BioMiner git 17c6161, molglyph_large)",0.1123825442045927
uob,maybridge-0127-818263241,COc1ccc2c(c1)CCc1sc(N)nc1-2,,,,"MolGlyph 1.1.1 (BioMiner git 17c6161, molglyph_large)",0.1610146053135395
uob,maybridge-0127-878900995,Nc1ccc2c(c1)N1CCN=C1S2,,,,"MolGlyph 1.1.1 (BioMiner git 17c6161, molglyph_large)",0.137469120323658
uob,maybridge-0127-961258703,CC1Sc2ccc(Cl)cc2-c2nc(N)ncc21,,,,"MolGlyph 1.1.1 (BioMiner git 17c6161, molglyph_large)",0.16632331535220146
uob,maybridge-0127-970378449,CC1CC(=O)Nc2ccccc2N1,,,,"MolGlyph 1.1.1 (BioMiner git 17c6161, molglyph_large)",0.12741747312247753
uob,maybridge-0128-166993882,CC(C)(C)OC(=O)Nc1cccs1,,,,"MolGlyph 1.1.1 (BioMiner git 17c6161, molglyph_large)",0.13650773651897907
uob,maybridge-0128-339751982,CC(C)(C)OC(=O)Nc1c[nH]c(C(=O)O)c1,,,,"MolGlyph 1.1.1 (BioMiner git 17c6161, molglyph_large)",0.1899158488959074
uob,maybridge-0128-410163450,Cn1c(S)nnc1CNC(=O)OC(C)(C)C,,,,"MolGlyph 1.1.1 (BioMiner git 17c6161, molglyph_large)",0.1611724328249693
uob,maybridge-0128-5153287,CC(C)(C)OC(=O)NC1(C(=O)O)CC1,,,,"MolGlyph 1.1.1 (BioMiner git 17c6161, molglyph_large)",0.16448616608977318
uob,maybridge-0128-569813104,CC(C)(C)OC(=O)Nc1ccsc1,,,,"MolGlyph 1.1.1 (BioMiner git 17c6161, molglyph_large)",0.1348532773554325
uob,maybridge-0128-688802272,CCOC(=O)[C@@H]1CC[C@@H](C(=O)OCC)N1Cc1ccccc1,,,,"MolGlyph 1.1.1 (BioMiner git 17c6161, molglyph_large)",0.24067744985222816
uob,maybridge-0128-76515673,CC(C)(C)OC(=O)Nc1ccco1,,,,"MolGlyph 1.1.1 (BioMiner git 17c6161, molglyph_large)",0.1367913968861103
uob,maybridge-0128-842642978,CC(C)(C)OC(=O)NCc1nnc(S)n1C1CC1,,,,"MolGlyph 1.1.1 (BioMiner git 17c6161, molglyph_large)",0.17794759199023247
uob,maybridge-0128-866832518,CC(C)(C)OC(=O)N1CC(=O)CC1C(=O)O,,,,"MolGlyph 1.1.1 (BioMiner git 17c6161, molglyph_large)",0.18123327940702438
uob,maybridge-0129-118317891,CC(C)(C)OC(=O)NCc1ccc(CO)cc1,,,,"MolGlyph 1.1.1 (BioMiner git 17c6161, molglyph_large)",0.16495179198682308
uob,maybridge-0129-147386681,CCOC(=O)c1cnc(NCc2ccccc2)s1,,,,"MolGlyph 1.1.1 (BioMiner git 17c6161, molglyph_large)",0.15919233113527298
uob,maybridge-0129-206778332,CC(C)(C)OC(=O)Nc1ccc(C(=O)O)cc1,,,,"MolGlyph 1.1.1 (BioMiner git 17c6161, molglyph_large)",0.17822610773146152
uob,maybridge-0129-426538714,CC(C)(C)OC(=O)NCc1cccc(CO)c1,,,,"MolGlyph 1.1.1 (BioMiner git 17c6161, molglyph_large)",0.16396985575556755
uob,maybridge-0129-43773604,CC(C)(C)OC(=O)NCc1ccc(C(=O)O)cc1,,,,"MolGlyph 1.1.1 (BioMiner git 17c6161, molglyph_large)",0.18436827324330807
uob,maybridge-0129-518343436,O=C(O)c1cnc(NCc2ccccc2)s1,,,,"MolGlyph 1.1.1 (BioMiner git 17c6161, molglyph_large)",0.14883561059832573
uob,maybridge-0129-612211223,CC(C)(C)OC(=O)NCc1ccsc1Br,,,,"MolGlyph 1.1.1 (BioMiner git 17c6161, molglyph_large)",0.14514954388141632
uob,maybridge-0129-721928833,CC(C)(C)OC(=O)NCc1ccc(C=O)cc1,,,,"MolGlyph 1.1.1 (BioMiner git 17c6161, molglyph_large)",0.16807748936116695
uob,maybridge-0129-766537648,CC(C)(C)OC(=O)NCc1cccc(C=O)c1,,,,"MolGlyph 1.1.1 (BioMiner git 17c6161, molglyph_large)",0.17069172114133835
uob,maybridge-0129-820735039,CC(C)(C)OC(=O)NCc1ccc(Br)s1,,,,"MolGlyph 1.1.1 (BioMiner git 17c6161, molglyph_large)",0.15514332801103592
uob,maybridge-0129-874748187,CC(C)(C)OC(=O)Nc1ccc(CN)cc1,,,,"MolGlyph 1.1.1 (BioMiner git 17c6161, molglyph_large)",0.1592162810266018
uob,maybridge-0130-11558150,CC(C)(C)OC(=O)NCc1ncccc1F,,,,"MolGlyph 1.1.1 (BioMiner git 17c6161, molglyph_large)",0.1525458861142397
uob,maybridge-0130-178108697,CC(C)(C)OC(=O)NCCNc1ccc(C(F)(F)F)cc1N,,,,"MolGlyph 1.1.1 (BioMiner git 17c6161, molglyph_large)",0.2073008194565773
uob,maybridge-0130-203248465,NCC1CCN(Cc2ccccc2)CC1,,,,"MolGlyph 1.1.1 (BioMiner git 17c6161, molglyph_large)",0.13085389137268066
uob,maybridge-0130-341129150,CC(C)(C)OC(=O)N[C@@H](Cc1cccc(F)c1)C(=O)O,,,,"MolGlyph 1.1.1 (BioMiner git 17c6161, molglyph_large)",0.22526893392205238
uob,maybridge-0130-465626203,O=C1CCN(Cc2ccccc2)CC1,,,,"MolGlyph 1.1.1 (BioMiner git 17c6161, molglyph_large)",0.13024997152388096
uob,maybridge-0130-743627328,OCC1CCN(Cc2ccccc2)CC1,,,,"MolGlyph 1.1.1 (BioMiner git 17c6161, molglyph_large)",0.13044745288789272
uob,maybridge-0130-79973804,CC(C)(C)OC(=O)N1CCC(=O)CC1,,,,"MolGlyph 1.1.1 (BioMiner git 17c6161, molglyph_large)",0.1539730653166771
uob,maybridge-0130-801456829,CC(C)(C)OC(=O)NCc1ccccc1Br,,,,"MolGlyph 1.1.1 (BioMiner git 17c6161, molglyph_large)",0.14942409098148346
uob,maybridge-0130-834747884,CC(C)(C)OC(=O)NC1(C(=O)O)CCCCC1,,,,"MolGlyph 1.1.1 (BioMiner git 17c6161, molglyph_large)",0.17766058258712292
uob,maybridge-0130-887791412,[N+](c1ccc(C(O)CNCc2ccccc2)cc1)(=O)[O-],,,,"MolGlyph 1.1.1 (BioMiner git 17c6161, molglyph_large)",0.2152969390153885
uob,maybridge-0131-208058919,O=C(OCc1ccccc1)N1CCCC(O)C1,,,,"MolGlyph 1.1.1 (BioMiner git 17c6161, molglyph_large)",0.1541343666613102
uob,maybridge-0131-233716581,CC(C)(C)OC(=O)N1CCC(CCCO)CC1,,,,"MolGlyph 1.1.1 (BioMiner git 17c6161, molglyph_large)",0.16458994522690773
uob,maybridge-0131-326617137,OC1CCCN(Cc2ccccc2)C1,,,,"MolGlyph 1.1.1 (BioMiner git 17c6161, molglyph_large)",0.12543516047298908
uob,maybridge-0131-405406465,CC(C)(C)OC(=O)N1CCC(C(N)=S)CC1,,,,"MolGlyph 1.1.1 (BioMiner git 17c6161, molglyph_large)",0.17306874133646488
uob,maybridge-0131-566659251,CC(C)(C)OC(=O)N1CCC(C(N)=O)CC1,,,,"MolGlyph 1.1.1 (BioMiner git 17c6161, molglyph_large)",0.17322528176009655
uob,maybridge-0131-630385006,O=C(OCc1ccccc1)N1CCC(O)CC1,,,,"MolGlyph 1.1.1 (BioMiner git 17c6161, molglyph_large)",0.15500282682478428
uob,maybridge-0131-744601223,CC(C)(C)OC(=O)N1CCCC(C(=O)O)C1,,,,"MolGlyph 1.1.1 (BioMiner git 17c6161, molglyph_large)",0.17331607453525066
uob,maybridge-0131-87864750,CC(C)(C)OC(=O)N1CCC(CN)CC1,,,,"MolGlyph 1.1.1 (BioMiner git 17c6161, molglyph_large)",0.15384694747626781
uob,maybridge-0132-128137422,O=C(OCc1ccccc1)N1CCC(CO)CC1,,,,"MolGlyph 1.1.1 (BioMiner git 17c6161, molglyph_large)",0.15960871428251266
uob,maybridge-0132-242840715,O=CC1CCN(C(=O)OCc2ccccc2)CC1,,,,"MolGlyph 1.1.1 (BioMiner git 17c6161, molglyph_large)",0.16408812813460827
uob,maybridge-0132-433719497,NCC1CCN(C(=O)OCc2ccccc2)CC1,,,,"MolGlyph 1.1.1 (BioMiner git 17c6161, molglyph_large)",0.15979690477252007
uob,maybridge-0132-443586273,O=C=NC1CCN(C(=O)OCc2ccccc2)CC1,,,,"MolGlyph 1.1.1 (BioMiner git 17c6161, molglyph_large)",0.1740371473133564
uob,maybridge-0132-696194183,NC(=O)C1CCN(C(=O)OCc2ccccc2)CC1,,,,"MolGlyph 1.1.1 (BioMiner git 17c6161, molglyph_large)",0.17813341692090034
uob,maybridge-0132-821265827,CCOC(=O)C1CCN(Cc2ccccc2)CC1,,,,"MolGlyph 1.1.1 (BioMiner git 17c6161, molglyph_large)",0.15946239419281483
uob,maybridge-0132-889461930,O=C(OCc1ccccc1)N1CCCC(CO)C1,,,,"MolGlyph 1.1.1 (BioMiner git 17c6161, molglyph_large)",0.15918874368071556
uob,maybridge-0133-118073832,O=C(O)C1CCN(C(=O)OCc2ccccc2)CC1,,,,"MolGlyph 1.1.1 (BioMiner git 17c6161, molglyph_large)",0.17861434258520603
uob,maybridge-0133-224303236,Nc1ccccc1NC1CCN(Cc2ccccc2)CC1,,,,"MolGlyph 1.1.1 (BioMiner git 17c6161, molglyph_large)",0.16881722956895828
uob,maybridge-0133-706111301,CNCC1CCN(C(=O)OCc2ccccc2)CC1,,,,"MolGlyph 1.1.1 (BioMiner git 17c6161, molglyph_large)",0.1643132884055376
uob,maybridge-0133-717743957,O=C(O)C1CCCN(C(=O)OCc2ccccc2)C1,,,,"MolGlyph 1.1.1 (BioMiner git 17c6161, molglyph_large)",0.17822579853236675
uob,maybridge-0133-735561899,O=C(Cl)C1CCN(C(=O)OCc2ccccc2)CC1,,,,"MolGlyph 1.1.1 (BioMiner git 17c6161, molglyph_large)",0.17816000431776047
uob,maybridge-0133-9354310,O=C(Cl)C1CCCN(C(=O)OCc2ccccc2)C1,,,,"MolGlyph 1.1.1 (BioMiner git 17c6161, molglyph_large)",0.17841262184083462
uob,maybridge-0134-230911240,CC(C)(C)OC(=O)N1CCC(Oc2ccccc2N)CC1,,,,"MolGlyph 1.1.1 (BioMiner git 17c6161, molglyph_large)",0.19361127354204655
uob,maybridge-0134-30949158,O=C(OCc1ccccc1)N1CCC(Br)CC1,,,,"MolGlyph 1.1.1 (BioMiner git 17c6161, molglyph_large)",0.15577201545238495
uob,maybridge-0134-351460707,CC(C)(C)OC(=O)N1CCC(c2nc(CO)cs2)CC1,,,,"MolGlyph 1.1.1 (BioMiner git 17c6161, molglyph_large)",0.19733749702572823
uob,maybridge-0134-428160821,CC(C)(C)OC(=O)N1CCC(c2nc(C=O)cs2)CC1,,,,"MolGlyph 1.1.1 (BioMiner git 17c6161, molglyph_large)",0.2033152710646391
uob,maybridge-0134-434633389,CC(C)(C)OC(=O)NCC1CCN(Cc2ccccc2)CC1,,,,"MolGlyph 1.1.1 (BioMiner git 17c6161, molglyph_large)",0.1986771784722805
uob,maybridge-0134-860252649,CC(C)(C)OC(=O)N1CCC(C(=O)c2ccc(F)cc2)CC1,,,,"MolGlyph 1.1.1 (BioMiner git 17c6161, molglyph_large)",0.22199616208672523
uob,maybridge-0134-938533430,COc1ccc(NC2CCN(C(=O)OC(C)(C)C)CC2)cc1,,,,"MolGlyph 1.1.1 (BioMiner git 17c6161, molglyph_large)",0.20688936114311218
uob,maybridge-0135-116413934,Cc1nc(C2CCN(C(=O)OC(C)(C)C)CC2)sc1C=O,,,,"MolGlyph 1.1.1 (BioMiner git 17c6161, molglyph_large)",0.20670642517507076
uob,maybridge-0135-276365145,CC(C)(C)OC(=O)N1CCC(c2nc(C(=O)O)cs2)CC1,,,,"MolGlyph 1.1.1 (BioMiner git 17c6161, molglyph_large)",0.21647803857922554
uob,maybridge-0135-447001906,CNCc1csc(C2CCN(C(=O)OC(C)(C)C)CC2)n1,,,,"MolGlyph 1.1.1 (BioMiner git 17c6161, molglyph_large)",0.20153473317623138
uob,maybridge-0135-56112675,Cc1nc(C2CCN(C(=O)OC(C)(C)C)CC2)sc1CO,,,,"MolGlyph 1.1.1 (BioMiner git 17c6161, molglyph_large)",0.2024306319653988
uob,maybridge-0135-756152435,[N+](c1ccccc1OC1CCCN(C(=O)OC(C)(C)C)C1)(=O)[O-],,,,"MolGlyph 1.1.1 (BioMiner git 17c6161, molglyph_large)",0.2538796756416559
uob,maybridge-0135-860901841,O=C(OCc1ccccc1)N1CCC(CBr)CC1,,,,"MolGlyph 1.1.1 (BioMiner git 17c6161, molglyph_large)",0.1620365735143423
uob,maybridge-0135-918786203,[N+](c1ccc(OC2CCCN(C(=O)OC(C)(C)C)C2)cc1)(=O)[O-],,,,"MolGlyph 1.1.1 (BioMiner git 17c6161, molglyph_large)",0.26724450662732124
uob,maybridge-0135-984327762,CC(C)(C)OC(=O)N1CCC(Oc2ccc(C(=O)O)cc2)CC1,,,,"MolGlyph 1.1.1 (BioMiner git 17c6161, molglyph_large)",0.23493795283138752
uob,maybridge-0136-1044109275,CCOC(=O)c1csc(C2CCN(C(=O)OC(C)(C)C)CC2)n1,,,,"MolGlyph 1.1.1 (BioMiner git 17c6161, molglyph_large)",0.22902760468423367
uob,maybridge-0136-111226916,[N+](c1ccccc1OC1CCN(C(=O)OC(C)(C)C)CC1)(=O)[O-],,,,"MolGlyph 1.1.1 (BioMiner git 17c6161, molglyph_large)",0.25996866449713707
uob,maybridge-0136-370425983,Cc1sc(C2CCN(C(=O)OC(C)(C)C)CC2)nc1CC(=O)O,,,,"MolGlyph 1.1.1 (BioMiner git 17c6161, molglyph_large)",0.23019622266292572
uob,maybridge-0136-577476398,CCOC(=O)c1sc(C2CCN(C(=O)OC(C)(C)C)CC2)nc1C,,,,"MolGlyph 1.1.1 (BioMiner git 17c6161, molglyph_large)",0.23380838707089424
uob,maybridge-0136-630948775,CC(C)(C)OC(=O)NC1CCN(c2ccc(C#N)cc2)CC1,,,,"MolGlyph 1.1.1 (BioMiner git 17c6161, molglyph_large)",0.2154641654342413
uob,maybridge-0136-64136598,Cc1nc(C2CCN(C(=O)OC(C)(C)C)CC2)sc1C(=O)O,,,,"MolGlyph 1.1.1 (BioMiner git 17c6161, molglyph_large)",0.22415713593363762
uob,maybridge-0136-7427233,[N+](c1ccc(OC2CCN(C(=O)OC(C)(C)C)CC2)cc1)(=O)[O-],,,,"MolGlyph 1.1.1 (BioMiner git 17c6161, molglyph_large)",0.26857299357652664
uob,maybridge-0136-87225683,CC(C)(C)[Si](C)(C)OCC1CN(Cc2ccccc2)CCC1=O,,,,"MolGlyph 1.1.1 (BioMiner git 17c6161, molglyph_large)",0.2248145081102848
uob,maybridge-0136-986387756,O=C(O)[C@H]1CCCCN1C(=O)OCC1c2ccccc2-c2ccccc21,,,,"MolGlyph 1.1.1 (BioMiner git 17c6161, molglyph_large)",0.24850084073841572
uob,maybridge-0137-1066170794,CC(C)(C)OC(=O)N1CCN(c2cc(C#N)ccn2)CC1,,,,"MolGlyph 1.1.1 (BioMiner git 17c6161, molglyph_large)",0.2100749183446169
uob,maybridge-0137-209715696,O=Cc1ccccc1N1CCN(Cc2ccccc2)CC1,,,,"MolGlyph 1.1.1 (BioMiner git 17c6161, molglyph_large)",0.1753847375512123
uob,maybridge-0137-239793765,O=C1CN(C(=O)OCc2ccccc2)CCN1,,,,"MolGlyph 1.1.1 (BioMiner git 17c6161, molglyph_large)",0.1616968959569931
uob,maybridge-0137-365120832,CC(C)(C)OC(=O)N1CCN(CCO)CC1,,,,"MolGlyph 1.1.1 (BioMiner git 17c6161, molglyph_large)",0.1612713672220707
uob,maybridge-0137-391798521,CC(C)(C)OC(=O)NCC1CCNCC1,,,,"MolGlyph 1.1.1 (BioMiner git 17c6161, molglyph_large)",0.14643756300210953
uob,maybridge-0137-574116560,CC(C)(C)OC(=O)N1CCNCC1,,,,"MolGlyph 1.1.1 (BioMiner git 17c6161, molglyph_large)",0.13719041272997856
uob,maybridge-0137-580287811,NCCN1CCN(Cc2ccccc2)CC1,,,,"MolGlyph 1.1.1 (BioMiner git 17c6161, molglyph_large)",0.13673110492527485
uob,maybridge-0137-739805975,CC(C)(C)OC(=O)N1CCN(c2ccccc2N)CC1,,,,"MolGlyph 1.1.1 (BioMiner git 17c6161, molglyph_large)",0.19027812220156193
uob,maybridge-0137-805385526,CC(C)(C)OC(=O)N1CCN(c2ccc(C#N)cc2)CC1,,,,"MolGlyph 1.1.1 (BioMiner git 17c6161, molglyph_large)",0.21094517223536968
uob,maybridge-0138-141171384,CC(C)(C)OC(=O)N1CCN(c2ccc(C=O)cn2)CC1,,,,"MolGlyph 1.1.1 (BioMiner git 17c6161, molglyph_large)",0.21395687200129032
uob,maybridge-0138-212125341,CC(C)(C)OC(=O)N1CCN(c2ccccc2CN)CC1,,,,"MolGlyph 1.1.1 (BioMiner git 17c6161, molglyph_large)",0.19486821629106998
uob,maybridge-0138-21374268,CC(C)(C)OC(=O)N1CCN(c2ccccc2C=O)CC1,,,,"MolGlyph 1.1.1 (BioMiner git 17c6161, molglyph_large)",0.20122075825929642
uob,maybridge-0138-255573056,CC(C)(C)OC(=O)N1CCN(c2ccc(CO)cc2)CC1,,,,"MolGlyph 1.1.1 (BioMiner git 17c6161, molglyph_large)",0.2050357535481453
uob,maybridge-0138-309483739,CC(C)(C)OC(=O)N1CCN(c2ccc(CO)cn2)CC1,,,,"MolGlyph 1.1.1 (BioMiner git 17c6161, molglyph_large)",0.20504015870392323
uob,maybridge-0138-472428623,CC(C)(C)OC(=O)N1CCN(c2ccc(C=O)cc2)CC1,,,,"MolGlyph 1.1.1 (BioMiner git 17c6161, molglyph_large)",0.2094911765307188
uob,maybridge-0138-671790656,CC(C)(C)OC(=O)N1CCN(c2ccccc2CO)CC1,,,,"MolGlyph 1.1.1 (BioMiner git 17c6161, molglyph_large)",0.19484092108905315
uob,maybridge-0138-759700636,CC(C)(C)OC(=O)N1CCN(Cc2cccc(N)c2)CC1,,,,"MolGlyph 1.1.1 (BioMiner git 17c6161, molglyph_large)",0.20933892764151096
uob,maybridge-0138-962620022,CC(C)(C)OC(=O)N1CCN(c2ccc(CN)cc2)CC1,,,,"MolGlyph 1.1.1 (BioMiner git 17c6161, molglyph_large)",0.20539509877562523
uob,maybridge-0139-176593477,CNCc1ccc(N2CCN(C(=O)OC(C)(C)C)CC2)cc1,,,,"MolGlyph 1.1.1 (BioMiner git 17c6161, molglyph_large)",0.21291977167129517
uob,maybridge-0139-302762149,CC(C)(C)OC(=O)N1CCN(c2ccccc2C(=O)O)CC1,,,,"MolGlyph 1.1.1 (BioMiner git 17c6161, molglyph_large)",0.217743132263422
uob,maybridge-0139-580917607,CC(C)(C)OC(=O)N1CCN(Cc2ccc(CO)cc2)CC1,,,,"MolGlyph 1.1.1 (BioMiner git 17c6161, molglyph_large)",0.21158161386847496
uob,maybridge-0139-592677007,CC(C)(C)OC(=O)N1CCN(Cc2ccc(C=O)cc2)CC1,,,,"MolGlyph 1.1.1 (BioMiner git 17c6161, molglyph_large)",0.21531393378973007
uob,maybridge-0139-684695631,CC(C)(C)OC(=O)N1CCN(Cc2cccc(CO)c2)CC1,,,,"MolGlyph 1.1.1 (BioMiner git 17c6161, molglyph_large)",0.21059872210025787
uob,maybridge-0139-708592450,CC(C)(C)OC(=O)N1CCN(Cc2cccc(C=O)c2)CC1,,,,"MolGlyph 1.1.1 (BioMiner git 17c6161, molglyph_large)",0.21550335735082626
uob,maybridge-0139-903240647,CC(C)(C)OC(=O)N1CCN(c2ccc(C(=O)O)cc2)CC1,,,,"MolGlyph 1.1.1 (BioMiner git 17c6161, molglyph_large)",0.22465295530855656
uob,maybridge-0140-142074920,CC(C)(C)OC(=O)N1CCN(Cc2ccc(C(=O)O)cc2)CC1,,,,"MolGlyph 1.1.1 (BioMiner git 17c6161, molglyph_large)",0.23058760911226273
uob,maybridge-0140-22309971,C*Cc1cccc(CN2CCN(C(=O)OC(C)(C)C)CC2)c1,,,,"MolGlyph 1.1.1 (BioMiner git 17c6161, molglyph_large)",0.2157217673957348
uob,maybridge-0140-70748387,CC(C)(C)OC(=O)N1CCN(c2ccc(C(=O)O)cn2)CC1,,,,"MolGlyph 1.1.1 (BioMiner git 17c6161, molglyph_large)",0.22454962134361267
uob,maybridge-0140-815524112,CC(C)(C)OC(=O)N1CCN(Cc2cccc(C(=O)O)c2)CC1,,,,"MolGlyph 1.1.1 (BioMiner git 17c6161, molglyph_large)",0.2298145517706871
uob,maybridge-0140-900788794,CC(C)(C)OC(=O)N1CCN(c2cc(C(=O)O)ccn2)CC1,,,,"MolGlyph 1.1.1 (BioMiner git 17c6161, molglyph_large)",0.22695160284638405
uob,maybridge-0140-995676043,COC(=O)c1ccc(N2CCN(C(=O)OC(C)(C)C)CC2)cc1,,,,"MolGlyph 1.1.1 (BioMiner git 17c6161, molglyph_large)",0.22931099869310856
uob,maybridge-0141-1016733118,CC(C)(C)OC(=O)N1CCN(Cc2ccc(Br)cc2)CC1,,,,"MolGlyph 1.1.1 (BioMiner git 17c6161, molglyph_large)",0.20521648041903973
uob,maybridge-0141-38188010,COC(=O)c1ccc(CN2CCN(C(=O)OC(C)(C)C)CC2)cc1,,,,"MolGlyph 1.1.1 (BioMiner git 17c6161, molglyph_large)",0.23503604531288147
uob,maybridge-0141-611291787,CCOC(=O)C1CN(Cc2ccccc2)CCN1Cc1ccccc1,,,,"MolGlyph 1.1.1 (BioMiner git 17c6161, molglyph_large)",0.20487862266600132
uob,maybridge-0141-700302014,N=C(N)N1CCN(Cc2ccccc2)CC1,,,,"MolGlyph 1.1.1 (BioMiner git 17c6161, molglyph_large)",0.15150961466133595
uob,maybridge-0141-712787784,*c1cccc(CN2CCN(C(=O)OC(C)(C)C)CC2)c1,,,,"MolGlyph 1.1.1 (BioMiner git 17c6161, molglyph_large)",0.2056636642664671
uob,maybridge-0141-8503415,c1ccc(CN2CCN(c3cccc4[nH]ccc34)CC2)cc1,,,,"MolGlyph 1.1.1 (BioMiner git 17c6161, molglyph_large)",0.2111814171075821
uob,maybridge-0141-989576621,C=CCC(=O)N1CCN(C(=O)OCC2c3ccccc3-c3ccccc32)CC1,,,,"MolGlyph 1.1.1 (BioMiner git 17c6161, molglyph_large)",0.25535439141094685
uob,maybridge-0142-1019593949,C=CCOC(=O)N1CCN(C(=O)OCC2c3ccccc3-c3ccccc32)C(C(=O)O)C1,,,,"MolGlyph 1.1.1 (BioMiner git 17c6161, molglyph_large)",0.3055298216640949
uob,maybridge-0142-144166687,CC1(C)OB(c2ccc(N3CCN(C(=O)OC(C)(C)C)CC3)cc2)OC1(C)C,,,,"MolGlyph 1.1.1 (BioMiner git 17c6161, molglyph_large)",0.278608713299036
uob,maybridge-0142-179236102,CC(C)(C)OC(=O)N1CCN(c2ccc(B3OC(C)(C)C(C)(C)O3)cn2)CC1,,,,"MolGlyph 1.1.1 (BioMiner git 17c6161, molglyph_large)",0.28742741234600544
uob,maybridge-0142-282820173,CC(C)(C)OC(=O)N1CCN(c2ccc(I)cc2)CC1,,,,"MolGlyph 1.1.1 (BioMiner git 17c6161, molglyph_large)",0.19992715679109097
uob,maybridge-0142-388932028,CC(C)(C)OC(=O)N1CCN(c2ccc(I)cn2)CC1,,,,"MolGlyph 1.1.1 (BioMiner git 17c6161, molglyph_large)",0.19987992383539677
uob,maybridge-0142-583585587,CC(C)(C)OC(=O)N1CCN(C(=O)OCC2c3ccccc3-c3ccccc32)CC1C(=O)O,,,,"MolGlyph 1.1.1 (BioMiner git 17c6161, molglyph_large)",0.30743197724223137
uob,maybridge-0142-847405087,CC(C)(C)OC(=O)N1CCN(Cc2cccc(I)c2)CC1,,,,"MolGlyph 1.1.1 (BioMiner git 17c6161, molglyph_large)",0.2054871041327715
uob,maybridge-0143-158767443,OCC1CN(Cc2ccccc2)CCO1,,,,"MolGlyph 1.1.1 (BioMiner git 17c6161, molglyph_large)",0.13248107582330704
uob,maybridge-0143-240625644,O=S1(=O)CCN(Cc2ccccc2)CC1,,,,"MolGlyph 1.1.1 (BioMiner git 17c6161, molglyph_large)",0.15207710303366184
uob,maybridge-0143-284729297,CC(C)(C)OC(=O)N1CCSCC1C(=O)O,,,,"MolGlyph 1.1.1 (BioMiner git 17c6161, molglyph_large)",0.1668381728231907
uob,maybridge-0143-50860845,CC(C)(C)OC(=O)N1CCN(C(=O)OCC2c3ccccc3-c3ccccc32)C(C(=O)O)C1,,,,"MolGlyph 1.1.1 (BioMiner git 17c6161, molglyph_large)",0.3219306040555239
uob,maybridge-0143-638177537,ClCC1CN(Cc2ccccc2)CCO1,,,,"MolGlyph 1.1.1 (BioMiner git 17c6161, molglyph_large)",0.13423781841993332
uob,maybridge-0143-779286976,O=C(O)C1CN(Cc2ccccc2)CCO1,,,,"MolGlyph 1.1.1 (BioMiner git 17c6161, molglyph_large)",0.15419434197247028
uob,maybridge-0143-80094580,NCC1CN(Cc2ccccc2)CCO1,,,,"MolGlyph 1.1.1 (BioMiner git 17c6161, molglyph_large)",0.13374792411923409
uob,maybridge-0143-956182035,c1ccc(CN2CCCNCC2)cc1,,,,"MolGlyph 1.1.1 (BioMiner git 17c6161, molglyph_large)",0.126896595582366
uob,maybridge-0144-1050789302,CC(C)(C)OC(=O)N1CCCN(c2cccc(O)c2)CC1,,,,"MolGlyph 1.1.1 (BioMiner git 17c6161, molglyph_large)",0.20597868226468563
uob,maybridge-0144-1050978266,NCCNCc1ccccc1,,,,"MolGlyph 1.1.1 (BioMiner git 17c6161, molglyph_large)",0.09424885921180248
uob,maybridge-0144-1056521218,O=Cc1cc(Br)ccc1OC1C2CN(Cc3ccccc3)C1C2Br,,,,"MolGlyph 1.1.1 (BioMiner git 17c6161, molglyph_large)",0.20937930420041084
uob,maybridge-0144-230702425,CCOC(=O)c1c(N)sc2c1CCN(C(=O)OC(C)(C)C)C2,,,,"MolGlyph 1.1.1 (BioMiner git 17c6161, molglyph_large)",0.22482488676905632
uob,maybridge-0144-236307494,CC(C)(C)OC(=O)N1CCC2(CC1)NC(=O)c1cc(Br)ccc1O2,,,,"MolGlyph 1.1.1 (BioMiner git 17c6161, molglyph_large)",0.2452917229384184
uob,maybridge-0144-339736934,O=C(OCc1ccccc1)N1c2ccccc2CC1CO,,,,"MolGlyph 1.1.1 (BioMiner git 17c6161, molglyph_large)",0.1771050151437521
uob,maybridge-0144-504993347,CC(C)(C)OC(=O)N1CCCNCC1,,,,"MolGlyph 1.1.1 (BioMiner git 17c6161, molglyph_large)",0.1421110164374113
uob,maybridge-0144-592937057,O=C1CC2CCC(C1)N2Cc1ccccc1,,,,"MolGlyph 1.1.1 (BioMiner git 17c6161, molglyph_large)",0.15377472899854183
uob,maybridge-0144-774585644,CC(C)(C)OC(=O)N1C2CCC1CC(=O)C2,,,,"MolGlyph 1.1.1 (BioMiner git 17c6161, molglyph_large)",0.17650430835783482
uob,maybridge-0145-230597201,CC(C)(C)OC(=O)NCCN,,,,"MolGlyph 1.1.1 (BioMiner git 17c6161, molglyph_large)",0.11891476809978485
uob,maybridge-0145-44806706,CC(C)(C)OC(=O)NCCC(N)=S,,,,"MolGlyph 1.1.1 (BioMiner git 17c6161, molglyph_large)",0.14435903541743755
uob,maybridge-0145-606493118,CC(C)(C)OC(=O)NCC(N)=S,,,,"MolGlyph 1.1.1 (BioMiner git 17c6161, molglyph_large)",0.13886068016290665
uob,maybridge-0145-608478785,CC(C)(C)OC(=O)NCCC#N,,,,"MolGlyph 1.1.1 (BioMiner git 17c6161, molglyph_large)",0.130282586440444
uob,maybridge-0146-1001748758,Cc1cc(C)c(C=O)[nH]1,,,,"MolGlyph 1.1.1 (BioMiner git 17c6161, molglyph_large)",0.124784916639328
uob,maybridge-0146-1051842559,COC(=O)c1c(C)[nH]c(C)c1C=O,,,,"MolGlyph 1.1.1 (BioMiner git 17c6161, molglyph_large)",0.15801486931741238
uob,maybridge-0146-168910552,CC(=O)c1cc[nH]c1,,,,"MolGlyph 1.1.1 (BioMiner git 17c6161, molglyph_large)",0.1098819263279438
uob,maybridge-0146-198812009,CCOC(=O)c1[nH]c(C)c(CO)c1C,,,,"MolGlyph 1.1.1 (BioMiner git 17c6161, molglyph_large)",0.15863368287682533
uob,maybridge-0146-322276804,NNC(=O)c1ccc[nH]1,,,,"MolGlyph 1.1.1 (BioMiner git 17c6161, molglyph_large)",0.1121164970099926
uob,maybridge-0146-334964556,Cc1cc(C(=O)O)c(C)[nH]1,,,,"MolGlyph 1.1.1 (BioMiner git 17c6161, molglyph_large)",0.13622452691197395
uob,maybridge-0146-358537844,O=Cc1ccc[nH]1,,,,"MolGlyph 1.1.1 (BioMiner git 17c6161, molglyph_large)",0.09344908036291599
uob,maybridge-0146-548299272,CCOC(=O)c1[nH]c(C)c(C=O)c1C,,,,"MolGlyph 1.1.1 (BioMiner git 17c6161, molglyph_large)",0.16107347793877125
uob,maybridge-0146-668208385,COC(=O)c1cc(C)[nH]c1C,,,,"MolGlyph 1.1.1 (BioMiner git 17c6161, molglyph_large)",0.13368993811309338
uob,maybridge-0146-939773242,CC(=O)c1[nH]c(C)cc1C,,,,"MolGlyph 1.1.1 (BioMiner git 17c6161, molglyph_large)",0.12871671468019485
uob,maybridge-0147-1002661500,[N+](c1ccn[nH]1)(=O)[O-],,,,"MolGlyph 1.1.1 (BioMiner git 17c6161, molglyph_large)",0.1482319999486208
uob,maybridge-0147-120689496,Cc1cc(N)[nH]n1,,,,"MolGlyph 1.1.1 (BioMiner git 17c6161, molglyph_large)",0.10032314248383045
uob,maybridge-0147-129780843,CCOC(=O)c1[nH]c(C)c(C(C)=O)c1C,,,,"MolGlyph 1.1.1 (BioMiner git 17c6161, molglyph_large)",0.17839541286230087
uob,maybridge-0147-243004862,Cc1[nH]ncc1CCCN,,,,"MolGlyph 1.1.1 (BioMiner git 17c6161, molglyph_large)",0.10686853155493736
uob,maybridge-0147-299031815,CC(C)(C)c1cc(N)[nH]n1,,,,"MolGlyph 1.1.1 (BioMiner git 17c6161, molglyph_large)",0.13640733435750008
uob,maybridge-0147-343738979,Nc1cc(O)[nH]n1,,,,"MolGlyph 1.1.1 (BioMiner git 17c6161, molglyph_large)",0.09797821380198002
uob,maybridge-0147-450443413,CCOC(=O)c1[nH]c(C)c(S(=O)(=O)Cl)c1C,,,,"MolGlyph 1.1.1 (BioMiner git 17c6161, molglyph_large)",0.19442536495625973
uob,maybridge-0147-515150703,FC(F)(F)c1cc[nH]n1,,,,"MolGlyph 1.1.1 (BioMiner git 17c6161, molglyph_large)",0.11778090707957745
uob,maybridge-0147-618970318,Nc1n[nH]cc1C(=O)O,,,,"MolGlyph 1.1.1 (BioMiner git 17c6161, molglyph_large)",0.1132313497364521
uob,maybridge-0147-7425798,Cc1cc(C(=O)O)n[nH]1,,,,"MolGlyph 1.1.1 (BioMiner git 17c6161, molglyph_large)",0.121944610029459
uob,maybridge-0147-74295229,CCOC(=O)c1[nH]c(C)c(Br)c1C,,,,"MolGlyph 1.1.1 (BioMiner git 17c6161, molglyph_large)",0.15065518766641617
uob,maybridge-0147-989277900,Cc1n[nH]c(C)c1C(=O)O,,,,"MolGlyph 1.1.1 (BioMiner git 17c6161, molglyph_large)",0.12683905847370625
uob,maybridge-0148-1035602821,c1ccc(-c2cc[nH]n2)cc1,,,,"MolGlyph 1.1.1 (BioMiner git 17c6161, molglyph_large)",0.1320344340056181
uob,maybridge-0148-260208142,CCOC(=O)c1cc(C)n[nH]1,,,,"MolGlyph 1.1.1 (BioMiner git 17c6161, molglyph_large)",0.131757490336895
uob,maybridge-0148-321893557,Nc1cc(-c2cccs2)[nH]n1,,,,"MolGlyph 1.1.1 (BioMiner git 17c6161, molglyph_large)",0.13249380514025688
uob,maybridge-0148-518478623,CC(=O)c1ccn[nH]1,,,,"MolGlyph 1.1.1 (BioMiner git 17c6161, molglyph_large)",0.10743746347725391
uob,maybridge-0148-615012432,N#Cc1n[nH]cc1Br,,,,"MolGlyph 1.1.1 (BioMiner git 17c6161, molglyph_large)",0.09795146062970161
uob,maybridge-0148-653792976,OCc1cc(-c2ccco2)[nH]n1,,,,"MolGlyph 1.1.1 (BioMiner git 17c6161, molglyph_large)",0.1368156559765339
uob,maybridge-0148-667704728,c1ccc(-c2cc[nH]n2)nc1,,,,"MolGlyph 1.1.1 (BioMiner git 17c6161, molglyph_large)",0.1315424107015133
uob,maybridge-0148-806453072,Nc1cc(-c2ccccc2)[nH]n1,,,,"MolGlyph 1.1.1 (BioMiner git 17c6161, molglyph_large)",0.1365820039063692
uob,maybridge-0148-874195856,Cc1cc(C(=O)NN)[nH]n1,,,,"MolGlyph 1.1.1 (BioMiner git 17c6161, molglyph_large)",0.12678653001785278
uob,maybridge-0148-887810912,Nc1cc(-c2ccco2)n[nH]1,,,,"MolGlyph 1.1.1 (BioMiner git 17c6161, molglyph_large)",0.13213182985782623
uob,maybridge-0148-894050277,Cc1n[nH]cc1Br,,,,"MolGlyph 1.1.1 (BioMiner git 17c6161, molglyph_large)",0.0878983736038208
uob,maybridge-0148-915543553,CCOC(=O)c1c(C)n[nH]c1C,,,,"MolGlyph 1.1.1 (BioMiner git 17c6161, molglyph_large)",0.13620268180966377
uob,maybridge-0149-131037747,O=C(O)c1cccc(-c2cc[nH]n2)c1,,,,"MolGlyph 1.1.1 (BioMiner git 17c6161, molglyph_large)",0.16106414422392845
uob,maybridge-0149-430702738,O=Cc1[nH]ncc1Br,,,,"MolGlyph 1.1.1 (BioMiner git 17c6161, molglyph_large)",0.09783084131777287
uob,maybridge-0149-464139468,Cc1ccc(-c2cc(N)[nH]n2)cc1,,,,"MolGlyph 1.1.1 (BioMiner git 17c6161, molglyph_large)",0.15148255974054337
uob,maybridge-0149-509938350,O=C(O)c1cc(-c2ccco2)[nH]n1,,,,"MolGlyph 1.1.1 (BioMiner git 17c6161, molglyph_large)",0.15597761049866676
uob,maybridge-0149-573807673,O=Cc1c[nH]nc1-c1cccs1,,,,"MolGlyph 1.1.1 (BioMiner git 17c6161, molglyph_large)",0.13262133859097958
uob,maybridge-0149-640470870,Clc1ccc(-c2cc[nH]n2)cc1,,,,"MolGlyph 1.1.1 (BioMiner git 17c6161, molglyph_large)",0.13800063729286194
uob,maybridge-0149-708761786,O=C(O)c1cc(-c2ccccc2)[nH]n1,,,,"MolGlyph 1.1.1 (BioMiner git 17c6161, molglyph_large)",0.1614394150674343
uob,maybridge-0149-855937887,OCc1cc(-c2cccs2)[nH]n1,,,,"MolGlyph 1.1.1 (BioMiner git 17c6161, molglyph_large)",0.13660124130547047
uob,maybridge-0149-873755979,O=Cc1c[nH]nc1-c1ccc(F)cc1,,,,"MolGlyph 1.1.1 (BioMiner git 17c6161, molglyph_large)",0.15178919024765491
uob,maybridge-0149-87818161,Cc1n[nH]c(C)c1Br,,,,"MolGlyph 1.1.1 (BioMiner git 17c6161, molglyph_large)",0.10253024660050869
uob,maybridge-0149-887331566,O=Cc1c[nH]nc1-c1ccccc1,,,,"MolGlyph 1.1.1 (BioMiner git 17c6161, molglyph_large)",0.13698607496917248
uob,maybridge-0150-267834526,Cc1n[nH]c(C)c1-c1ccccc1C(=O)O,,,,"MolGlyph 1.1.1 (BioMiner git 17c6161, molglyph_large)",0.1709338165819645
uob,maybridge-0150-280485792,O=C(O)c1cc(-c2cccs2)[nH]n1,,,,"MolGlyph 1.1.1 (BioMiner git 17c6161, molglyph_large)",0.1567281000316143
uob,maybridge-0150-281267569,CSc1cc(-c2ccc(F)cc2)n[nH]1,,,,"MolGlyph 1.1.1 (BioMiner git 17c6161, molglyph_large)",0.1566801555454731
uob,maybridge-0150-284090190,Nc1cc(-c2ccc(Cl)cc2)n[nH]1,,,,"MolGlyph 1.1.1 (BioMiner git 17c6161, molglyph_large)",0.15187563188374043
uob,maybridge-0150-348700595,Cc1n[nH]c(C)c1CCBr,,,,"MolGlyph 1.1.1 (BioMiner git 17c6161, molglyph_large)",0.11262707971036434
uob,maybridge-0150-416707896,O=C(O)c1cc(-c2cccc(O)c2)[nH]n1,,,,"MolGlyph 1.1.1 (BioMiner git 17c6161, molglyph_large)",0.17548597790300846
uob,maybridge-0150-559868617,CCOC(=O)c1cc(-c2ccco2)[nH]n1,,,,"MolGlyph 1.1.1 (BioMiner git 17c6161, molglyph_large)",0.16623978689312935
uob,maybridge-0150-57887412,FC(F)(F)c1cc(C(F)(F)F)[nH]n1,,,,"MolGlyph 1.1.1 (BioMiner git 17c6161, molglyph_large)",0.16575112380087376
uob,maybridge-0150-723770697,CCOC(=O)c1cc(C(C)(C)C)n[nH]1,,,,"MolGlyph 1.1.1 (BioMiner git 17c6161, molglyph_large)",0.16664141044020653
uob,maybridge-0150-802030069,COc1ccc(-c2n[nH]cc2C=O)cc1,,,,"MolGlyph 1.1.1 (BioMiner git 17c6161, molglyph_large)",0.15612628310918808
uob,maybridge-0151-101222904,O=Cc1c[nH]cn1,,,,"MolGlyph 1.1.1 (BioMiner git 17c6161, molglyph_large)",0.092975540086627
uob,maybridge-0151-1068206116,[N+](c1ccc(SC)c(-c2n[nH]cc2)c1)(=O)[O-],,,,"MolGlyph 1.1.1 (BioMiner git 17c6161, molglyph_large)",0.21816018782556057
uob,maybridge-0151-163937856,Cc1nc(C=O)c[nH]1,,,,"MolGlyph 1.1.1 (BioMiner git 17c6161, molglyph_large)",0.10752372443675995
uob,maybridge-0151-411181785,COc1ccc2cc(-c3ccn[nH]3)ccc2c1,,,,"MolGlyph 1.1.1 (BioMiner git 17c6161, molglyph_large)",0.17006786726415157
uob,maybridge-0151-461740013,Cc1n[nH]c(C)c1Oc1ccc(Cl)cc1,,,,"MolGlyph 1.1.1 (BioMiner git 17c6161, molglyph_large)",0.15657631121575832
uob,maybridge-0151-533019777,N#Cc1c(-c2ccc(Cl)cc2)n[nH]c1N,,,,"MolGlyph 1.1.1 (BioMiner git 17c6161, molglyph_large)",0.167172122746706
uob,maybridge-0151-687677389,O=Cc1c[nH]nc1-c1ccc(C(F)(F)F)cc1,,,,"MolGlyph 1.1.1 (BioMiner git 17c6161, molglyph_large)",0.18690071254968643
uob,maybridge-0151-780689562,Cc1nc[nH]c1C=O,,,,"MolGlyph 1.1.1 (BioMiner git 17c6161, molglyph_large)",0.09834932908415794
uob,maybridge-0151-826307195,O=Cc1ncc[nH]1,,,,"MolGlyph 1.1.1 (BioMiner git 17c6161, molglyph_large)",0.09239728190004826
uob,maybridge-0151-885928056,Nc1[nH]nc(-c2ccccc2)c1Br,,,,"MolGlyph 1.1.1 (BioMiner git 17c6161, molglyph_large)",0.14215700328350067
uob,maybridge-0151-934026618,CCOC(=O)c1cc(-c2cccs2)[nH]n1,,,,"MolGlyph 1.1.1 (BioMiner git 17c6161, molglyph_large)",0.16650137305259705
uob,maybridge-0152-1044510284,Cl.OCc1ncc[nH]1,,,,"MolGlyph 1.1.1 (BioMiner git 17c6161, molglyph_large)",0.09824148193001747
uob,maybridge-0152-11370823,CCOC(=O)c1c[nH]c(S)n1,,,,"MolGlyph 1.1.1 (BioMiner git 17c6161, molglyph_large)",0.1316086556762457
uob,maybridge-0152-337431527,CCc1nc(C)c[nH]1,,,,"MolGlyph 1.1.1 (BioMiner git 17c6161, molglyph_large)",0.10485362261533737
uob,maybridge-0152-353092046,NC(=S)c1c[nH]cn1,,,,"MolGlyph 1.1.1 (BioMiner git 17c6161, molglyph_large)",0.10764428786933422
uob,maybridge-0152-407439167,CCCCc1nc(C=O)c[nH]1,,,,"MolGlyph 1.1.1 (BioMiner git 17c6161, molglyph_large)",0.1219820398837328
uob,maybridge-0152-420347427,O=C(O)c1c[nH]cn1,,,,"MolGlyph 1.1.1 (BioMiner git 17c6161, molglyph_large)",0.10832911729812622
uob,maybridge-0152-450655379,CCCCc1nc(C=O)c(Cl)[nH]1,,,,"MolGlyph 1.1.1 (BioMiner git 17c6161, molglyph_large)",0.13709713518619537
uob,maybridge-0152-470605709,OCc1c[nH]cn1,,,,"MolGlyph 1.1.1 (BioMiner git 17c6161, molglyph_large)",0.08806162141263485
uob,maybridge-0152-622163638,CC(=O)NCCc1c[nH]cn1,,,,"MolGlyph 1.1.1 (BioMiner git 17c6161, molglyph_large)",0.12175924703478813
uob,maybridge-0152-628991045,Cc1nc(C(N)=S)c[nH]1,,,,"MolGlyph 1.1.1 (BioMiner git 17c6161, molglyph_large)",0.12195369973778725
uob,maybridge-0152-717811702,CCc1nc(C)c(C=O)[nH]1,,,,"MolGlyph 1.1.1 (BioMiner git 17c6161, molglyph_large)",0.1272964645177126
uob,maybridge-0152-946331447,O=C(O)c1ncc[nH]1,,,,"MolGlyph 1.1.1 (BioMiner git 17c6161, molglyph_large)",0.10768299736082554
uob,maybridge-0153-102772916,Cc1cccc2cc[nH]c12,,,,"MolGlyph 1.1.1 (BioMiner git 17c6161, molglyph_large)",0.11362696811556816
uob,maybridge-0153-342903099,COC(=O)c1cc2occc2[nH]1,,,,"MolGlyph 1.1.1 (BioMiner git 17c6161, molglyph_large)",0.13633571192622185
uob,maybridge-0153-399286203,CC(C)(C)C1=NNC(=O)C1,,,,"MolGlyph 1.1.1 (BioMiner git 17c6161, molglyph_large)",0.1279759779572487
uob,maybridge-0153-413667684,Brc1n[nH]c(Br)n1,,,,"MolGlyph 1.1.1 (BioMiner git 17c6161, molglyph_large)",0.09854847192764282
uob,maybridge-0153-51551230,Nc1nnc(S)[nH]1,,,,"MolGlyph 1.1.1 (BioMiner git 17c6161, molglyph_large)",0.0994996502995491
uob,maybridge-0153-637545166,CCCCc1nc(CO)c(Cl)[nH]1,,,,"MolGlyph 1.1.1 (BioMiner git 17c6161, molglyph_large)",0.13284676894545555
uob,maybridge-0153-762299788,O=C(Cl)c1cc2sccc2[nH]1,,,,"MolGlyph 1.1.1 (BioMiner git 17c6161, molglyph_large)",0.13300797529518604
uob,maybridge-0153-864920914,[N+](c1nc(C)[nH]c1Br)(=O)[O-],,,,"MolGlyph 1.1.1 (BioMiner git 17c6161, molglyph_large)",0.16636451333761215
uob,maybridge-0153-872645569,O=C(O)c1cc2sccc2[nH]1,,,,"MolGlyph 1.1.1 (BioMiner git 17c6161, molglyph_large)",0.13208961486816406
uob,maybridge-0153-890420777,Cc1nc(I)c[nH]1,,,,"MolGlyph 1.1.1 (BioMiner git 17c6161, molglyph_large)",0.09841028228402138
uob,maybridge-0153-946675580,O=C(O)c1c[nH]c(-c2ccccc2)n1,,,,"MolGlyph 1.1.1 (BioMiner git 17c6161, molglyph_large)",0.16055737994611263
uob,maybridge-0154-119146011,N#Cc1c[nH]c2ccccc12,,,,"MolGlyph 1.1.1 (BioMiner git 17c6161, molglyph_large)",0.122209208086133
uob,maybridge-0154-28219636,OCc1c[nH]c2ccccc12,,,,"MolGlyph 1.1.1 (BioMiner git 17c6161, molglyph_large)",0.11730138771235943
uob,maybridge-0154-394406578,O=C(O)c1cccc2cc[nH]c12,,,,"MolGlyph 1.1.1 (BioMiner git 17c6161, molglyph_large)",0.13645324110984802
uob,maybridge-0154-394709793,O=C(O)Cc1c[nH]c2ccccc12,,,,"MolGlyph 1.1.1 (BioMiner git 17c6161, molglyph_large)",0.14176450856029987
uob,maybridge-0154-462252465,OCc1cccc2[nH]ccc12,,,,"MolGlyph 1.1.1 (BioMiner git 17c6161, molglyph_large)",0.11754320561885834
uob,maybridge-0154-474303316,O=C(O)c1cccc2[nH]ccc12,,,,"MolGlyph 1.1.1 (BioMiner git 17c6161, molglyph_large)",0.13675176724791527
uob,maybridge-0154-624619823,O=C(O)c1c[nH]c2ccccc12,,,,"MolGlyph 1.1.1 (BioMiner git 17c6161, molglyph_large)",0.13642249070107937
uob,maybridge-0154-665471069,Cc1cc2cc(N)ccc2[nH]1,,,,"MolGlyph 1.1.1 (BioMiner git 17c6161, molglyph_large)",0.1268298253417015
uob,maybridge-0154-719136631,[N+](c1ccc2[nH]ccc2c1)(=O)[O-],,,,"MolGlyph 1.1.1 (BioMiner git 17c6161, molglyph_large)",0.17476903647184372
uob,maybridge-0154-803573843,O=Cc1cccc2[nH]ccc12,,,,"MolGlyph 1.1.1 (BioMiner git 17c6161, molglyph_large)",0.12239662371575832
uob,maybridge-0154-930307871,Cc1[nH]c2ccccc2c1C=O,,,,"MolGlyph 1.1.1 (BioMiner git 17c6161, molglyph_large)",0.12712504714727402
uob,maybridge-0154-991659677,NNC(=O)c1cccc2cc[nH]c12,,,,"MolGlyph 1.1.1 (BioMiner git 17c6161, molglyph_large)",0.14135122299194336
uob,maybridge-0155-110968340,COC(=O)c1cc2ccccc2[nH]1,,,,"MolGlyph 1.1.1 (BioMiner git 17c6161, molglyph_large)",0.14117226749658585
uob,maybridge-0155-163770849,Cc1[nH]c2ccc(C(=O)O)cc2c1C,,,,"MolGlyph 1.1.1 (BioMiner git 17c6161, molglyph_large)",0.15564990416169167
uob,maybridge-0155-276863674,c1ccc2c(C3CCNCC3)c[nH]c2c1,,,,"MolGlyph 1.1.1 (BioMiner git 17c6161, molglyph_large)",0.15689908154308796
uob,maybridge-0155-336758691,Brc1cccc2cc[nH]c12,,,,"MolGlyph 1.1.1 (BioMiner git 17c6161, molglyph_large)",0.11205422505736351
uob,maybridge-0155-409643856,O=Cc1c[nH]c2ccc(Cl)cc12,,,,"MolGlyph 1.1.1 (BioMiner git 17c6161, molglyph_large)",0.13663790002465248
uob,maybridge-0155-437088973,CC(=O)CCc1c[nH]c2ccccc12,,,,"MolGlyph 1.1.1 (BioMiner git 17c6161, molglyph_large)",0.1468689851462841
uob,maybridge-0155-471130880,Cc1[nH]c2cc(C(=O)O)ccc2c1C,,,,"MolGlyph 1.1.1 (BioMiner git 17c6161, molglyph_large)",0.15663118846714497
uob,maybridge-0155-560148281,COC(=O)c1c[nH]c2ccccc12,,,,"MolGlyph 1.1.1 (BioMiner git 17c6161, molglyph_large)",0.14161591976881027
uob,maybridge-0155-597502451,[N+](c1ccc2[nH]cc(C=O)c2c1)(=O)[O-],,,,"MolGlyph 1.1.1 (BioMiner git 17c6161, molglyph_large)",0.20084375329315662
uob,maybridge-0155-79368585,[N+](c1ccc2[nH]c(C)c(C=O)c2c1)(=O)[O-],,,,"MolGlyph 1.1.1 (BioMiner git 17c6161, molglyph_large)",0.21529999189078808
uob,maybridge-0155-835815330,O=Cc1c[nH]c2c(C(=O)O)cccc12,,,,"MolGlyph 1.1.1 (BioMiner git 17c6161, molglyph_large)",0.1613711677491665
uob,maybridge-0155-838309288,COC(=O)c1cccc2cc[nH]c12,,,,"MolGlyph 1.1.1 (BioMiner git 17c6161, molglyph_large)",0.14249570481479168
uob,maybridge-0156-1064000072,NC(Cc1c[nH]c2ccc(F)cc12)C(=O)O,,,,"MolGlyph 1.1.1 (BioMiner git 17c6161, molglyph_large)",0.17565366625785828
uob,maybridge-0156-142443494,[N+](c1cccc2cc(C(=O)O)[nH]c12)(=O)[O-],,,,"MolGlyph 1.1.1 (BioMiner git 17c6161, molglyph_large)",0.21436760760843754
uob,maybridge-0156-216176267,Cc1ccc2[nH]cc(CCN)c2c1,,,,"MolGlyph 1.1.1 (BioMiner git 17c6161, molglyph_large)",0.13844326324760914
uob,maybridge-0156-252607602,NC(Cc1c[nH]c2ccc(O)cc12)C(=O)O,,,,"MolGlyph 1.1.1 (BioMiner git 17c6161, molglyph_large)",0.1764509677886963
uob,maybridge-0156-292668129,COc1ccc2[nH]cc(CCN(C)C)c2c1,,,,"MolGlyph 1.1.1 (BioMiner git 17c6161, molglyph_large)",0.16220048069953918
uob,maybridge-0156-571266037,O=Cc1c[nH]c2ccc(Br)cc12,,,,"MolGlyph 1.1.1 (BioMiner git 17c6161, molglyph_large)",0.13726099580526352
uob,maybridge-0156-573658073,NC(Cc1c[nH]c2cc(F)ccc12)C(=O)O,,,,"MolGlyph 1.1.1 (BioMiner git 17c6161, molglyph_large)",0.17621005699038506
uob,maybridge-0156-612214220,COc1ccc2[nH]cc(CN(C)C)c2c1,,,,"MolGlyph 1.1.1 (BioMiner git 17c6161, molglyph_large)",0.15564796142280102
uob,maybridge-0156-68299287,O=Cc1c[nH]c2cccc(Br)c12,,,,"MolGlyph 1.1.1 (BioMiner git 17c6161, molglyph_large)",0.13694749772548676
uob,maybridge-0156-704499552,NC(=O)c1c[nH]c2ccc(N)cc12,,,,"MolGlyph 1.1.1 (BioMiner git 17c6161, molglyph_large)",0.15155574306845665
uob,maybridge-0157-1032051861,CCOC(=O)c1cc2cc(OC(F)(F)F)ccc2[nH]1,,,,"MolGlyph 1.1.1 (BioMiner git 17c6161, molglyph_large)",0.20026833564043045
uob,maybridge-0157-1033668463,NCc1c[nH]c2ccccc12,,,,"MolGlyph 1.1.1 (BioMiner git 17c6161, molglyph_large)",0.11784887127578259
uob,maybridge-0157-172268001,Clc1ccc(-c2cc3ccccc3[nH]2)cc1,,,,"MolGlyph 1.1.1 (BioMiner git 17c6161, molglyph_large)",0.16572477482259274
uob,maybridge-0157-263948097,O=C(O)c1cc2cc(OCc3ccccc3)ccc2[nH]1,,,,"MolGlyph 1.1.1 (BioMiner git 17c6161, molglyph_large)",0.19541224092245102
uob,maybridge-0157-278591624,COC(=O)C(C)(N)Cc1c[nH]c2ccccc12,,,,"MolGlyph 1.1.1 (BioMiner git 17c6161, molglyph_large)",0.18065913207828999
uob,maybridge-0157-416635633,O=Cc1c[nH]c2cc(Br)ccc12,,,,"MolGlyph 1.1.1 (BioMiner git 17c6161, molglyph_large)",0.1374883595854044
uob,maybridge-0157-557003490,O=Cc1c(-c2ccc(Cl)cc2)[nH]c2ccccc12,,,,"MolGlyph 1.1.1 (BioMiner git 17c6161, molglyph_large)",0.1900826208293438
uob,maybridge-0157-560591029,CCOC(=O)CSc1c(C)[nH]c2ccccc12,,,,"MolGlyph 1.1.1 (BioMiner git 17c6161, molglyph_large)",0.1714139562100172
uob,maybridge-0157-666657010,O=C(Cl)c1cc2c(Cl)cc(Cl)cc2[nH]1,,,,"MolGlyph 1.1.1 (BioMiner git 17c6161, molglyph_large)",0.1661143507808447
uob,maybridge-0157-757918008,O=C(O)c1cc2cc(OC(F)(F)F)ccc2[nH]1,,,,"MolGlyph 1.1.1 (BioMiner git 17c6161, molglyph_large)",0.1904294155538082
uob,maybridge-0157-87318830,O=S(=O)([O-])OC1=CNC2=CC=CC=C12.[K+],,,,"MolGlyph 1.1.1 (BioMiner git 17c6161, molglyph_large)",0.204356849193573
uob,maybridge-0158-160552035,[N+](c1ccc2[nH]c(C(=O)O)c(-c3ccccc3)c2c1)(=O)[O-],,,,"MolGlyph 1.1.1 (BioMiner git 17c6161, molglyph_large)",0.2687202673405409
uob,maybridge-0158-170144560,O=C(O)c1n[nH]c2ccccc12,,,,"MolGlyph 1.1.1 (BioMiner git 17c6161, molglyph_large)",0.13720465637743473
uob,maybridge-0158-250323063,Brc1ccc2[nH]ncc2c1,,,,"MolGlyph 1.1.1 (BioMiner git 17c6161, molglyph_large)",0.112094696611166
uob,maybridge-0158-336614938,COC(=O)c1ccc2c(I)c[nH]c2c1,,,,"MolGlyph 1.1.1 (BioMiner git 17c6161, molglyph_large)",0.15580951794981956
uob,maybridge-0158-342982510,c1ccc(CN2CCN(c3cccc4[nH]ccc34)CC2)cc1,,,,"MolGlyph 1.1.1 (BioMiner git 17c6161, molglyph_large)",0.21143675968050957
uob,maybridge-0158-434044458,CCOC(=O)c1cc2cc(OCc3ccccc3)ccc2[nH]1,,,,"MolGlyph 1.1.1 (BioMiner git 17c6161, molglyph_large)",0.20469790510833263
uob,maybridge-0158-497065796,CCOC(=O)c1[nH]c2cc(Cl)cc(Cl)c2c1C=O,,,,"MolGlyph 1.1.1 (BioMiner git 17c6161, molglyph_large)",0.19075940921902657
uob,maybridge-0158-758325746,CN(C)Cc1c[nH]c2ccc(OCc3ccccc3)cc12,,,,"MolGlyph 1.1.1 (BioMiner git 17c6161, molglyph_large)",0.19597146660089493
uob,maybridge-0158-957251216,Nc1ccc2[nH]ncc2c1,,,,"MolGlyph 1.1.1 (BioMiner git 17c6161, molglyph_large)",0.11194989457726479
uob,maybridge-0158-975276220,[N+](c1cccc2cn[nH]c12)(=O)[O-],,,,"MolGlyph 1.1.1 (BioMiner git 17c6161, molglyph_large)",0.17483915202319622
uob,maybridge-0159-1045965087,COC(=O)c1ccc2[nH]cnc2c1,,,,"MolGlyph 1.1.1 (BioMiner git 17c6161, molglyph_large)",0.14219288155436516
uob,maybridge-0159-151854548,Nc1ccc2[nH]c(S)nc2c1,,,,"MolGlyph 1.1.1 (BioMiner git 17c6161, molglyph_large)",0.1268395595252514
uob,maybridge-0159-163867487,COc1ccc2[nH]c(S)nc2c1,,,,"MolGlyph 1.1.1 (BioMiner git 17c6161, molglyph_large)",0.1386940311640501
uob,maybridge-0159-169427374,Oc1nc2ccccc2[nH]1,,,,"MolGlyph 1.1.1 (BioMiner git 17c6161, molglyph_large)",0.11270118318498135
uob,maybridge-0159-209581843,Sc1nc2ccccc2[nH]1,,,,"MolGlyph 1.1.1 (BioMiner git 17c6161, molglyph_large)",0.11234979145228863
uob,maybridge-0159-229497774,Brc1ccc2[nH]cnc2c1,,,,"MolGlyph 1.1.1 (BioMiner git 17c6161, molglyph_large)",0.11187853291630745
uob,maybridge-0159-473919712,Cc1nc2cc(C(=O)O)ccc2[nH]1,,,,"MolGlyph 1.1.1 (BioMiner git 17c6161, molglyph_large)",0.15104409493505955
uob,maybridge-0159-55742923,O=C(O)c1nc2ccccc2[nH]1,,,,"MolGlyph 1.1.1 (BioMiner git 17c6161, molglyph_large)",0.13644547387957573
uob,maybridge-0159-721946579,O=C(O)c1n[nH]c2ccc(Br)cc12,,,,"MolGlyph 1.1.1 (BioMiner git 17c6161, molglyph_large)",0.15108552388846874
uob,maybridge-0159-779395659,O=S(=O)(O)c1nc2ccccc2[nH]1,,,,"MolGlyph 1.1.1 (BioMiner git 17c6161, molglyph_large)",0.15640522353351116
uob,maybridge-0159-829607137,Clc1nc2ccccc2[nH]1,,,,"MolGlyph 1.1.1 (BioMiner git 17c6161, molglyph_large)",0.11327659524977207
uob,maybridge-0159-959983207,Brc1nc2ccccc2[nH]1,,,,"MolGlyph 1.1.1 (BioMiner git 17c6161, molglyph_large)",0.11230648681521416
uob,maybridge-0160-104723528,FC(F)(F)c1cc(Br)c2nc[nH]c2c1,,,,"MolGlyph 1.1.1 (BioMiner git 17c6161, molglyph_large)",0.16050180792808533
uob,maybridge-0160-1048089496,Clc1cc2nc(S)[nH]c2cc1Cl,,,,"MolGlyph 1.1.1 (BioMiner git 17c6161, molglyph_large)",0.13189173862338066
uob,maybridge-0160-326807098,O=Cc1ccc2[nH]cnc2c1,,,,"MolGlyph 1.1.1 (BioMiner git 17c6161, molglyph_large)",0.12174075655639172
uob,maybridge-0160-360813429,Nc1ccccc1-c1nc2ccccc2[nH]1,,,,"MolGlyph 1.1.1 (BioMiner git 17c6161, molglyph_large)",0.15602115355432034
uob,maybridge-0160-481549222,OCc1ccc2[nH]cnc2c1,,,,"MolGlyph 1.1.1 (BioMiner git 17c6161, molglyph_large)",0.11709790863096714
uob,maybridge-0160-537872869,c1ncc2nc[nH]c2n1,,,,"MolGlyph 1.1.1 (BioMiner git 17c6161, molglyph_large)",0.10752037912607193
uob,maybridge-0160-546429216,FC(F)(F)c1ccc2[nH]c(S)nc2c1,,,,"MolGlyph 1.1.1 (BioMiner git 17c6161, molglyph_large)",0.16092821955680847
uob,maybridge-0160-555611884,O=C(O)c1ccc2[nH]nnc2c1,,,,"MolGlyph 1.1.1 (BioMiner git 17c6161, molglyph_large)",0.13674751855432987
uob,maybridge-0160-57943738,CNCc1ccc2[nH]cnc2c1.O=C(O)C(=O)O.O=C(O)C(=O)O,,,,"MolGlyph 1.1.1 (BioMiner git 17c6161, molglyph_large)",0.24877748638391495
uob,maybridge-0160-898486458,OCCCc1nc2cc(C(F)(F)F)ccc2[nH]1,,,,"MolGlyph 1.1.1 (BioMiner git 17c6161, molglyph_large)",0.17529496550559998
uob,maybridge-0160-920229489,CC(C)(C)OC(=O)c1n[nH]c2nc(F)ccc12,,,,"MolGlyph 1.1.1 (BioMiner git 17c6161, molglyph_large)",0.18947320617735386
uob,maybridge-0161-246084679,CN(C)c1ncnc2[nH]cnc12,,,,"MolGlyph 1.1.1 (BioMiner git 17c6161, molglyph_large)",0.13229426182806492
uob,maybridge-0161-327850246,Sc1nc(S)c2nc[nH]c2n1,,,,"MolGlyph 1.1.1 (BioMiner git 17c6161, molglyph_large)",0.12639040127396584
uob,maybridge-0161-343810503,CCc1n[nH]c2c1C(c1ccccc1)C(C#N)=C(N)O2,,,,"MolGlyph 1.1.1 (BioMiner git 17c6161, molglyph_large)",0.21129696629941463
uob,maybridge-0161-438117816,Cc1c(CCO)c(=O)n2c([nH]c3ccccc32)c1C#N,,,,"MolGlyph 1.1.1 (BioMiner git 17c6161, molglyph_large)",0.20929748378694057
uob,maybridge-0161-500041970,COc1ncnc2[nH]cnc12,,,,"MolGlyph 1.1.1 (BioMiner git 17c6161, molglyph_large)",0.11921362020075321
uob,maybridge-0161-588735259,Oc1ncnc2[nH]ncc12,,,,"MolGlyph 1.1.1 (BioMiner git 17c6161, molglyph_large)",0.11324769631028175
uob,maybridge-0161-626229237,O=C(O)c1ccc2[nH]c3c(c2c1)CCCC3,,,,"MolGlyph 1.1.1 (BioMiner git 17c6161, molglyph_large)",0.17527875863015652
uob,maybridge-0161-674929435,Cc1cc(=O)oc2[nH]nc(C)c12,,,,"MolGlyph 1.1.1 (BioMiner git 17c6161, molglyph_large)",0.1463306974619627
uob,maybridge-0161-705993546,CSc1nc(N)nc2nc[nH]c12,,,,"MolGlyph 1.1.1 (BioMiner git 17c6161, molglyph_large)",0.13187654316425323
uob,maybridge-0161-894017624,Brc1ccc2[nH]c3ccccc3c2c1,,,,"MolGlyph 1.1.1 (BioMiner git 17c6161, molglyph_large)",0.1414197701960802
uob,maybridge-0161-960340356,c1ccc2c(c1)[nH]c1cnccc12,,,,"MolGlyph 1.1.1 (BioMiner git 17c6161, molglyph_large)",0.14564279653131962
uob,maybridge-0162-1029050392,CSc1ncc(C=O)n1Cc1ccccc1,,,,"MolGlyph 1.1.1 (BioMiner git 17c6161, molglyph_large)",0.14141005650162697
uob,maybridge-0162-318124214,Cc1nn(C(=O)OC(C)(C)C)c(C)c1I,,,,"MolGlyph 1.1.1 (BioMiner git 17c6161, molglyph_large)",0.16605104506015778
uob,maybridge-0162-338979714,Cc1nn(C(=O)OC(C)(C)C)c(C)c1C=O,,,,"MolGlyph 1.1.1 (BioMiner git 17c6161, molglyph_large)",0.17583350464701653
uob,maybridge-0162-432361581,CC(C)(C)c1cc(C(=O)O)n(Cc2ccccc2)n1,,,,"MolGlyph 1.1.1 (BioMiner git 17c6161, molglyph_large)",0.19554523564875126
uob,maybridge-0162-477117602,OCc1nccn1Cc1ccccc1,,,,"MolGlyph 1.1.1 (BioMiner git 17c6161, molglyph_large)",0.11791937611997128
uob,maybridge-0162-616251572,O=S(=O)(c1ccccc1)n1cccc1,,,,"MolGlyph 1.1.1 (BioMiner git 17c6161, molglyph_large)",0.14694874919950962
uob,maybridge-0162-877868049,CSc1ncc(CO)n1Cc1ccccc1,,,,"MolGlyph 1.1.1 (BioMiner git 17c6161, molglyph_large)",0.13695530034601688
uob,maybridge-0162-950304205,CC(C)(C)c1cc(C(=O)Cl)n(Cc2ccccc2)n1,,,,"MolGlyph 1.1.1 (BioMiner git 17c6161, molglyph_large)",0.19559750705957413
uob,maybridge-0162-950991623,Cl.ClCc1nccn1Cc1ccccc1,,,,"MolGlyph 1.1.1 (BioMiner git 17c6161, molglyph_large)",0.12735053338110447
uob,maybridge-0163-103004364,O=Cc1cn(Cc2ccccc2)c2ccccc12,,,,"MolGlyph 1.1.1 (BioMiner git 17c6161, molglyph_large)",0.16172590292990208
uob,maybridge-0163-1053442223,Brc1nc(Br)n(Cc2ccccc2)n1,,,,"MolGlyph 1.1.1 (BioMiner git 17c6161, molglyph_large)",0.1378519218415022
uob,maybridge-0163-292815497,CSc1ncc(C(=O)O)n1Cc1ccccc1,,,,"MolGlyph 1.1.1 (BioMiner git 17c6161, molglyph_large)",0.15663582272827625
uob,maybridge-0163-382358832,COC(=O)c1cc2ccccc2n1C(=O)OC(C)(C)C,,,,"MolGlyph 1.1.1 (BioMiner git 17c6161, molglyph_large)",0.19534065574407578
uob,maybridge-0163-403177319,Nc1ccc2c(ccn2Cc2ccccc2)c1,,,,"MolGlyph 1.1.1 (BioMiner git 17c6161, molglyph_large)",0.151668943464756
uob,maybridge-0163-644500554,Fc1nc(Br)nn1Cc1ccccc1,,,,"MolGlyph 1.1.1 (BioMiner git 17c6161, molglyph_large)",0.12765109725296497
uob,maybridge-0163-688610918,CC(C)(C)OC(=O)n1c(B(O)O)cc2ccccc21,,,,"MolGlyph 1.1.1 (BioMiner git 17c6161, molglyph_large)",0.19480399414896965
uob,maybridge-0163-732970012,O=Cc1cc2ccccc2n1S(=O)(=O)c1ccccc1,,,,"MolGlyph 1.1.1 (BioMiner git 17c6161, molglyph_large)",0.19419538788497448
uob,maybridge-0163-900207720,Cc1c(C(=O)O)nnn1Cc1ccccc1,,,,"MolGlyph 1.1.1 (BioMiner git 17c6161, molglyph_large)",0.15196451544761658
uob,maybridge-0163-96382066,CSc1ncc(C(=O)Cl)n1Cc1ccccc1,,,,"MolGlyph 1.1.1 (BioMiner git 17c6161, molglyph_large)",0.1563511360436678
uob,maybridge-0164-1010427190,Cc1ccc(S(=O)(=O)n2cc(C=O)c3ccccc32)cc1,,,,"MolGlyph 1.1.1 (BioMiner git 17c6161, molglyph_large)",0.2144288644194603
uob,maybridge-0164-1042956600,O=Cc1cn(S(=O)(=O)c2ccccc2)c2ccccc12,,,,"MolGlyph 1.1.1 (BioMiner git 17c6161, molglyph_large)",0.2001984938979149
uob,maybridge-0164-1628169,O=S(=O)(c1ccccc1)n1cc(CO)c2ccccc21,,,,"MolGlyph 1.1.1 (BioMiner git 17c6161, molglyph_large)",0.1950828582048416
uob,maybridge-0164-300618251,COc1ccc2c(c1)cc(B(O)O)n2C(=O)OC(C)(C)C,,,,"MolGlyph 1.1.1 (BioMiner git 17c6161, molglyph_large)",0.2143141683191061
uob,maybridge-0164-511035576,O=C(O)c1cc2ccccc2n1S(=O)(=O)c1ccccc1,,,,"MolGlyph 1.1.1 (BioMiner git 17c6161, molglyph_large)",0.20516895689070225
uob,maybridge-0164-872860901,O=S(=O)(c1ccccc1)n1cc(B(O)O)c2ccccc21,,,,"MolGlyph 1.1.1 (BioMiner git 17c6161, molglyph_large)",0.20993724465370178
uob,maybridge-0164-932051670,O=S(=O)(c1ccccc1)n1c(CO)cc2ccccc21,,,,"MolGlyph 1.1.1 (BioMiner git 17c6161, molglyph_large)",0.195531215518713
uob,maybridge-0164-985631614,O=S(=O)(c1ccccc1)n1c(B(O)O)cc2ccccc21,,,,"MolGlyph 1.1.1 (BioMiner git 17c6161, molglyph_large)",0.20928961969912052
uob,maybridge-0165-179410317,COC(=O)c1ccc2c(C=O)cn(C(=O)OC(C)(C)C)c2c1,,,,"MolGlyph 1.1.1 (BioMiner git 17c6161, molglyph_large)",0.22857574932277203
uob,maybridge-0165-284747550,CC(C)(C)OC(=O)n1c(B(O)O)cc2cc(Br)ccc21,,,,"MolGlyph 1.1.1 (BioMiner git 17c6161, molglyph_large)",0.20998673141002655
uob,maybridge-0165-393332238,O=C(Cl)c1cn(S(=O)(=O)c2ccccc2)c2ccccc12,,,,"MolGlyph 1.1.1 (BioMiner git 17c6161, molglyph_large)",0.21532307751476765
uob,maybridge-0165-409292138,O=S(=O)(c1ccccc1)n1cc(Br)c2ccccc21,,,,"MolGlyph 1.1.1 (BioMiner git 17c6161, molglyph_large)",0.19057800248265266
uob,maybridge-0165-622383459,CC(C)(C)OC(=O)n1cc(C(=O)O)c2c(Br)cccc21,,,,"MolGlyph 1.1.1 (BioMiner git 17c6161, molglyph_large)",0.21527025289833546
uob,maybridge-0165-755311581,O=C(Cl)c1cc2ccccc2n1S(=O)(=O)c1ccccc1,,,,"MolGlyph 1.1.1 (BioMiner git 17c6161, molglyph_large)",0.20568395406007767
uob,maybridge-0165-815295816,Cc1ccc(S(=O)(=O)n2ccc3cc(N)ccc32)cc1,,,,"MolGlyph 1.1.1 (BioMiner git 17c6161, molglyph_large)",0.2054244764149189
uob,maybridge-0165-889482707,O=C(O)c1cn(S(=O)(=O)c2ccccc2)c2ccccc12,,,,"MolGlyph 1.1.1 (BioMiner git 17c6161, molglyph_large)",0.21517684310674667
uob,maybridge-0166-1065810709,O=S(=O)(c1ccccc1)n1c(CBr)cc2ccccc21,,,,"MolGlyph 1.1.1 (BioMiner git 17c6161, molglyph_large)",0.19530299119651318
uob,maybridge-0166-307320677,CC1(C)OB(c2cccc3c2ccn3[Si](C(C)C)(C(C)C)C(C)C)OC1(C)C,,,,"MolGlyph 1.1.1 (BioMiner git 17c6161, molglyph_large)",0.28389282152056694
uob,maybridge-0166-310417297,CC(C)[Si](C(C)C)(C(C)C)n1ccc2cc(B3OC(C)(C)C(C)(C)O3)ccc21,,,,"MolGlyph 1.1.1 (BioMiner git 17c6161, molglyph_large)",0.3023225199431181
uob,maybridge-0166-319130543,COC(=O)c1ccc2c(I)cn(C(=O)OC(C)(C)C)c2c1,,,,"MolGlyph 1.1.1 (BioMiner git 17c6161, molglyph_large)",0.21942737139761448
uob,maybridge-0166-439357670,CC(C)[Si](C(C)C)(C(C)C)n1ccc2cc(Br)ccc21,,,,"MolGlyph 1.1.1 (BioMiner git 17c6161, molglyph_large)",0.2151989210397005
uob,maybridge-0166-443070334,Cc1ccc(S(=O)(=O)n2cc(C=CC(=O)O)c3ccccc32)cc1,,,,"MolGlyph 1.1.1 (BioMiner git 17c6161, molglyph_large)",0.24383766576647758
uob,maybridge-0166-873157069,CC(C)[Si](C(C)C)(C(C)C)n1ccc2c(Br)cccc21,,,,"MolGlyph 1.1.1 (BioMiner git 17c6161, molglyph_large)",0.21447647362947464
uob,maybridge-0166-903010593,CC(C)(C)OC(=O)n1cc(C(=O)O)c2cc(Br)ccc21,,,,"MolGlyph 1.1.1 (BioMiner git 17c6161, molglyph_large)",0.21492012217640877
uob,maybridge-0167-371393925,CC(C)(C)OC(=O)N1c2ccccc2CC1C(=O)O,,,,"MolGlyph 1.1.1 (BioMiner git 17c6161, molglyph_large)",0.1905191820114851
uob,maybridge-0167-475177714,O=S(=O)(c1ccccc1)n1ccc2cc(Br)ccc21,,,,"MolGlyph 1.1.1 (BioMiner git 17c6161, molglyph_large)",0.19055380672216415
uob,maybridge-0167-535740516,COC(=O)C1Cc2ccccc2N1C(=O)OC(C)(C)C,,,,"MolGlyph 1.1.1 (BioMiner git 17c6161, molglyph_large)",0.19540558941662312
uob,maybridge-0167-675000352,CC(C)(C)OC(=O)N1c2ccccc2CC1CO,,,,"MolGlyph 1.1.1 (BioMiner git 17c6161, molglyph_large)",0.17111216485500336
uob,maybridge-0167-706209257,CC(C)(C)OC(=O)n1ncc2cc(Br)ccc21,,,,"MolGlyph 1.1.1 (BioMiner git 17c6161, molglyph_large)",0.17522421292960644
uob,maybridge-0167-88955472,CC1(C)OB(c2ccc3c(cnn3C(=O)OC(C)(C)C)c2)OC1(C)C,,,,"MolGlyph 1.1.1 (BioMiner git 17c6161, molglyph_large)",0.2544955927878618
uob,maybridge-0168-1012464461,Cc1nn(C)c(C)c1B1OC(C)(C)C(C)(C)O1,,,,"MolGlyph 1.1.1 (BioMiner git 17c6161, molglyph_large)",0.19110966473817825
uob,maybridge-0168-103626709,Cc1c(B2OC(C)(C)C(C)(C)O2)cnn1-c1ccccc1,,,,"MolGlyph 1.1.1 (BioMiner git 17c6161, molglyph_large)",0.21530417911708355
uob,maybridge-0168-121184069,OB(O)c1cccs1,,,,"MolGlyph 1.1.1 (BioMiner git 17c6161, molglyph_large)",0.08781595155596733
uob,maybridge-0168-157100769,O=Cc1ccc(B(O)O)o1,,,,"MolGlyph 1.1.1 (BioMiner git 17c6161, molglyph_large)",0.11200722865760326
uob,maybridge-0168-407199559,OB(O)c1ccc(Cl)s1,,,,"MolGlyph 1.1.1 (BioMiner git 17c6161, molglyph_large)",0.102316003292799
uob,maybridge-0168-463291814,OB(O)c1ccoc1,,,,"MolGlyph 1.1.1 (BioMiner git 17c6161, molglyph_large)",0.08791482448577881
uob,maybridge-0168-600478695,Cc1csc(B(O)O)c1,,,,"MolGlyph 1.1.1 (BioMiner git 17c6161, molglyph_large)",0.1022352110594511
uob,maybridge-0168-662912220,O=C(O)c1ccsc1B(O)O,,,,"MolGlyph 1.1.1 (BioMiner git 17c6161, molglyph_large)",0.116954006254673
uob,maybridge-0168-87323748,Cc1ccc(B(O)O)s1,,,,"MolGlyph 1.1.1 (BioMiner git 17c6161, molglyph_large)",0.10241403058171272
uob,maybridge-0169-1034130261,Cc1onc(-c2ccccc2)c1B(O)O,,,,"MolGlyph 1.1.1 (BioMiner git 17c6161, molglyph_large)",0.14636768028140068
uob,maybridge-0169-166942656,Cc1nc(-c2ccccc2)sc1B1OC(C)(C)C(C)(C)O1,,,,"MolGlyph 1.1.1 (BioMiner git 17c6161, molglyph_large)",0.21398247592151165
uob,maybridge-0169-177233857,Cc1nc(-c2ccc(C(F)(F)F)cc2)sc1B1OC(C)(C)C(C)(C)O1,,,,"MolGlyph 1.1.1 (BioMiner git 17c6161, molglyph_large)",0.2630051374435425
uob,maybridge-0169-209721587,OB(O)c1ccc(Br)s1,,,,"MolGlyph 1.1.1 (BioMiner git 17c6161, molglyph_large)",0.10228596441447735
uob,maybridge-0169-301466034,O=C(O)c1ccc(B(O)O)s1,,,,"MolGlyph 1.1.1 (BioMiner git 17c6161, molglyph_large)",0.12608803622424603
uob,maybridge-0169-42354286,OB(O)c1ccccc1,,,,"MolGlyph 1.1.1 (BioMiner git 17c6161, molglyph_large)",0.09340744093060493
uob,maybridge-0169-436566846,Cc1nc(C)c(B2OC(C)(C)C(C)(C)O2)s1,,,,"MolGlyph 1.1.1 (BioMiner git 17c6161, molglyph_large)",0.1847811471670866
uob,maybridge-0169-750503183,Cc1noc(C)c1B(O)O,,,,"MolGlyph 1.1.1 (BioMiner git 17c6161, molglyph_large)",0.10783210210502148
uob,maybridge-0169-93741211,Cc1ccccc1B(O)O,,,,"MolGlyph 1.1.1 (BioMiner git 17c6161, molglyph_large)",0.09790785424411297
uob,maybridge-0169-951583718,OB(O)c1ccc(-c2ccccc2)s1,,,,"MolGlyph 1.1.1 (BioMiner git 17c6161, molglyph_large)",0.1411857306957245
uob,maybridge-0170-1049328439,O=Cc1ccccc1B(O)O,,,,"MolGlyph 1.1.1 (BioMiner git 17c6161, molglyph_large)",0.10762889869511127
uob,maybridge-0170-16319166,OB(O)c1ccc(F)cc1,,,,"MolGlyph 1.1.1 (BioMiner git 17c6161, molglyph_large)",0.10779404267668724
uob,maybridge-0170-17140079,OB(O)c1cccc(O)c1,,,,"MolGlyph 1.1.1 (BioMiner git 17c6161, molglyph_large)",0.10802741721272469
uob,maybridge-0170-193984768,OB(O)c1ccccc1F,,,,"MolGlyph 1.1.1 (BioMiner git 17c6161, molglyph_large)",0.09791943617165089
uob,maybridge-0170-198405803,OB(O)c1cccc(F)c1,,,,"MolGlyph 1.1.1 (BioMiner git 17c6161, molglyph_large)",0.10726655274629593
uob,maybridge-0170-215233855,O=Cc1ccc(B(O)O)cc1,,,,"MolGlyph 1.1.1 (BioMiner git 17c6161, molglyph_large)",0.11734121665358543
uob,maybridge-0170-242477788,O=Cc1cccc(B(O)O)c1,,,,"MolGlyph 1.1.1 (BioMiner git 17c6161, molglyph_large)",0.11801506765186787
uob,maybridge-0170-481073719,N#Cc1ccc(B(O)O)cc1,,,,"MolGlyph 1.1.1 (BioMiner git 17c6161, molglyph_large)",0.117422079667449
uob,maybridge-0170-519653056,Cc1ccc(B(O)O)cc1C,,,,"MolGlyph 1.1.1 (BioMiner git 17c6161, molglyph_large)",0.11271834746003151
uob,maybridge-0170-566523864,C=Cc1ccc(B(O)O)cc1,,,,"MolGlyph 1.1.1 (BioMiner git 17c6161, molglyph_large)",0.11810950934886932
uob,maybridge-0170-577667518,N#Cc1cccc(B(O)O)c1,,,,"MolGlyph 1.1.1 (BioMiner git 17c6161, molglyph_large)",0.11703089810907841
uob,maybridge-0170-716303005,Cc1ccc(B(O)O)cc1,,,,"MolGlyph 1.1.1 (BioMiner git 17c6161, molglyph_large)",0.10723782330751419
uob,maybridge-0171-148817082,OB(O)c1ccc(F)c(F)c1,,,,"MolGlyph 1.1.1 (BioMiner git 17c6161, molglyph_large)",0.12240701541304588
uob,maybridge-0171-326343866,OB(O)c1ccc(F)cc1F,,,,"MolGlyph 1.1.1 (BioMiner git 17c6161, molglyph_large)",0.11263551749289036
uob,maybridge-0171-427592029,COc1ccc(B(O)O)cc1,,,,"MolGlyph 1.1.1 (BioMiner git 17c6161, molglyph_large)",0.11258271522819996
uob,maybridge-0171-427870485,OB(O)c1cc(F)ccc1F,,,,"MolGlyph 1.1.1 (BioMiner git 17c6161, molglyph_large)",0.11210222728550434
uob,maybridge-0171-544556450,OB(O)c1ccccc1Cl,,,,"MolGlyph 1.1.1 (BioMiner git 17c6161, molglyph_large)",0.0978377889841795
uob,maybridge-0171-580405695,OB(O)c1cccc(Cl)c1,,,,"MolGlyph 1.1.1 (BioMiner git 17c6161, molglyph_large)",0.1080891564488411
uob,maybridge-0171-585148969,CCc1ccc(B(O)O)cc1,,,,"MolGlyph 1.1.1 (BioMiner git 17c6161, molglyph_large)",0.11257409676909447
uob,maybridge-0171-611559633,OB(O)c1c(F)cccc1F,,,,"MolGlyph 1.1.1 (BioMiner git 17c6161, molglyph_large)",0.11236369237303734
uob,maybridge-0171-657858269,Cc1cc(C)cc(B(O)O)c1,,,,"MolGlyph 1.1.1 (BioMiner git 17c6161, molglyph_large)",0.12192297540605068
uob,maybridge-0171-6815869,OB(O)c1ccc(Cl)cc1,,,,"MolGlyph 1.1.1 (BioMiner git 17c6161, molglyph_large)",0.10756200924515724
uob,maybridge-0171-995636970,OB(O)c1cccc(F)c1F,,,,"MolGlyph 1.1.1 (BioMiner git 17c6161, molglyph_large)",0.11198520287871361
uob,maybridge-0172-212053966,CCOc1ccc(B(O)O)cc1,,,,"MolGlyph 1.1.1 (BioMiner git 17c6161, molglyph_large)",0.1171059962362051
uob,maybridge-0172-35688920,COc1ccc(B(O)O)c(C=O)c1,,,,"MolGlyph 1.1.1 (BioMiner git 17c6161, molglyph_large)",0.13665429688990116
uob,maybridge-0172-400477676,Cc1cc(C)c(B(O)O)c(C)c1,,,,"MolGlyph 1.1.1 (BioMiner git 17c6161, molglyph_large)",0.13710564002394676
uob,maybridge-0172-448263066,COC(=O)c1ccc(B(O)O)cc1,,,,"MolGlyph 1.1.1 (BioMiner git 17c6161, molglyph_large)",0.13672312907874584
uob,maybridge-0172-510400853,CC(=O)c1cccc(B(O)O)c1,,,,"MolGlyph 1.1.1 (BioMiner git 17c6161, molglyph_large)",0.13198992423713207
uob,maybridge-0172-557050935,CSc1ccc(B(O)O)cc1,,,,"MolGlyph 1.1.1 (BioMiner git 17c6161, molglyph_large)",0.112369729205966
uob,maybridge-0172-661735858,COc1ccc(C=O)cc1B(O)O,,,,"MolGlyph 1.1.1 (BioMiner git 17c6161, molglyph_large)",0.12697317637503147
uob,maybridge-0172-709971191,CC(C)(C)c1ccc(B(O)O)cc1,,,,"MolGlyph 1.1.1 (BioMiner git 17c6161, molglyph_large)",0.14163612946867943
uob,maybridge-0172-734616994,OB(O)c1ccc(B(O)O)cc1,,,,"MolGlyph 1.1.1 (BioMiner git 17c6161, molglyph_large)",0.12735669501125813
uob,maybridge-0172-785529701,OB(O)c1cc(F)cc(F)c1,,,,"MolGlyph 1.1.1 (BioMiner git 17c6161, molglyph_large)",0.12231043912470341
uob,maybridge-0172-871145087,CC(=O)c1ccc(B(O)O)cc1,,,,"MolGlyph 1.1.1 (BioMiner git 17c6161, molglyph_large)",0.13167286664247513
uob,maybridge-0172-955896825,CSc1cccc(B(O)O)c1,,,,"MolGlyph 1.1.1 (BioMiner git 17c6161, molglyph_large)",0.11220166087150574
uob,maybridge-0173-1000911966,COc1ccc(B(O)O)c(OC)c1,,,,"MolGlyph 1.1.1 (BioMiner git 17c6161, molglyph_large)",0.13159450516104698
uob,maybridge-0173-135208475,OB(O)c1cccc(-c2ccccc2)c1,,,,"MolGlyph 1.1.1 (BioMiner git 17c6161, molglyph_large)",0.14673638716340065
uob,maybridge-0173-211527023,COc1ccc(C=O)c(B(O)O)c1,,,,"MolGlyph 1.1.1 (BioMiner git 17c6161, molglyph_large)",0.13635017350316048
uob,maybridge-0173-241250584,OB(O)c1cccc(C(F)(F)F)c1,,,,"MolGlyph 1.1.1 (BioMiner git 17c6161, molglyph_large)",0.14132780395448208
uob,maybridge-0173-386995663,OB(O)c1c(Cl)cccc1Cl,,,,"MolGlyph 1.1.1 (BioMiner git 17c6161, molglyph_large)",0.11327141523361206
uob,maybridge-0173-474463399,O=Cc1ccc(B2OCCCO2)cc1,,,,"MolGlyph 1.1.1 (BioMiner git 17c6161, molglyph_large)",0.13170350715517998
uob,maybridge-0173-500978523,CCOC(=O)c1cccc(B(O)O)c1,,,,"MolGlyph 1.1.1 (BioMiner git 17c6161, molglyph_large)",0.14134898409247398
uob,maybridge-0173-505869336,COc1cccc(OC)c1B(O)O,,,,"MolGlyph 1.1.1 (BioMiner git 17c6161, molglyph_large)",0.12243624776601791
uob,maybridge-0173-767199000,OB(O)c1ccccc1C(F)(F)F,,,,"MolGlyph 1.1.1 (BioMiner git 17c6161, molglyph_large)",0.13253268040716648
uob,maybridge-0173-794604063,OB(O)c1ccc(Cl)c(Cl)c1,,,,"MolGlyph 1.1.1 (BioMiner git 17c6161, molglyph_large)",0.12232303060591221
uob,maybridge-0173-862988584,COc1ccc(OC)c(B(O)O)c1,,,,"MolGlyph 1.1.1 (BioMiner git 17c6161, molglyph_large)",0.1318255215883255
uob,maybridge-0173-923558510,Nc1cccc(B(O)O)c1,,,,"MolGlyph 1.1.1 (BioMiner git 17c6161, molglyph_large)",0.10813310742378235
uob,maybridge-0174-197628517,OB(O)c1cccc(OC(F)(F)F)c1,,,,"MolGlyph 1.1.1 (BioMiner git 17c6161, molglyph_large)",0.14667264930903912
uob,maybridge-0174-214445705,CC(C)OC(=O)c1cccc(B(O)O)c1,,,,"MolGlyph 1.1.1 (BioMiner git 17c6161, molglyph_large)",0.157267514616251
uob,maybridge-0174-214794500,OB(O)c1ccc(OC2CCCCO2)cc1,,,,"MolGlyph 1.1.1 (BioMiner git 17c6161, molglyph_large)",0.14639277756214142
uob,maybridge-0174-260423857,OB(O)c1ccc(N2CCOCC2)cc1,,,,"MolGlyph 1.1.1 (BioMiner git 17c6161, molglyph_large)",0.14179939590394497
uob,maybridge-0174-32658327,CS(=O)(=O)c1ccc(B(O)O)cc1,,,,"MolGlyph 1.1.1 (BioMiner git 17c6161, molglyph_large)",0.1525597721338272
uob,maybridge-0174-441342552,OB(O)c1ccc(OC(F)(F)F)cc1,,,,"MolGlyph 1.1.1 (BioMiner git 17c6161, molglyph_large)",0.1461796797811985
uob,maybridge-0174-485319513,OB(O)c1ccc(-c2cccs2)cc1,,,,"MolGlyph 1.1.1 (BioMiner git 17c6161, molglyph_large)",0.14150183647871017
uob,maybridge-0174-486587309,OB(O)c1cccc(OCc2ccccc2)c1,,,,"MolGlyph 1.1.1 (BioMiner git 17c6161, molglyph_large)",0.15180200338363647
uob,maybridge-0174-627454327,OB(O)c1cccc(Br)c1,,,,"MolGlyph 1.1.1 (BioMiner git 17c6161, molglyph_large)",0.10787865146994591
uob,maybridge-0174-738379370,OB(O)c1ccc(Br)cc1,,,,"MolGlyph 1.1.1 (BioMiner git 17c6161, molglyph_large)",0.10752114281058311
uob,maybridge-0174-985950255,NC(Cc1ccc(B(O)O)cc1)C(=O)O,,,,"MolGlyph 1.1.1 (BioMiner git 17c6161, molglyph_large)",0.15717071667313576
uob,maybridge-0175-1320082,CC1(C)OB(c2cccc(-n3cccn3)c2)OC1(C)C,,,,"MolGlyph 1.1.1 (BioMiner git 17c6161, molglyph_large)",0.19983341731131077
uob,maybridge-0175-26987845,OB(O)c1ccc(OCc2ccccc2)c(F)c1,,,,"MolGlyph 1.1.1 (BioMiner git 17c6161, molglyph_large)",0.16618525236845016
uob,maybridge-0175-287112795,OB(O)c1ccc(OCc2ccccc2)cc1F,,,,"MolGlyph 1.1.1 (BioMiner git 17c6161, molglyph_large)",0.15672500804066658
uob,maybridge-0175-313160186,CC1(C)OB(c2ccc(N3CCCC3)cc2)OC1(C)C,,,,"MolGlyph 1.1.1 (BioMiner git 17c6161, molglyph_large)",0.19655293598771095
uob,maybridge-0175-439682122,CC1(C)OB(c2ccc(-c3ccco3)cc2)OC1(C)C,,,,"MolGlyph 1.1.1 (BioMiner git 17c6161, molglyph_large)",0.20030278898775578
uob,maybridge-0175-593332755,CC1(C)OB(c2cccc(N3CCCC3)c2)OC1(C)C,,,,"MolGlyph 1.1.1 (BioMiner git 17c6161, molglyph_large)",0.19520499557256699
uob,maybridge-0175-764029995,OB(O)c1cccc(I)c1,,,,"MolGlyph 1.1.1 (BioMiner git 17c6161, molglyph_large)",0.10739213973283768
uob,maybridge-0175-772923281,CC1(C)OB(c2ccccc2-c2ccco2)OC1(C)C,,,,"MolGlyph 1.1.1 (BioMiner git 17c6161, molglyph_large)",0.18954496271908283
uob,maybridge-0175-88261888,OB(O)c1ccc(I)cc1,,,,"MolGlyph 1.1.1 (BioMiner git 17c6161, molglyph_large)",0.107594670727849
uob,maybridge-0175-893720800,CC1(C)OB(c2cccc(-c3ccco3)c2)OC1(C)C,,,,"MolGlyph 1.1.1 (BioMiner git 17c6161, molglyph_large)",0.1994967833161354
uob,maybridge-0176-1001970030,CC1(C)OB(c2cccc(N3CCCCC3)c2)OC1(C)C,,,,"MolGlyph 1.1.1 (BioMiner git 17c6161, molglyph_large)",0.21035727858543396
uob,maybridge-0176-1063168715,CC1(C)COB(c2ccccc2CBr)OC1,,,,"MolGlyph 1.1.1 (BioMiner git 17c6161, molglyph_large)",0.15573295019567013
uob,maybridge-0176-133554977,CC1(C)OB(c2cccc(N3CCOCC3)c2)OC1(C)C,,,,"MolGlyph 1.1.1 (BioMiner git 17c6161, molglyph_large)",0.2004228923469782
uob,maybridge-0176-343332886,CC1(C)OB(c2ccc(CN3CCCCC3)cc2)OC1(C)C,,,,"MolGlyph 1.1.1 (BioMiner git 17c6161, molglyph_large)",0.2051747627556324
uob,maybridge-0176-359213278,CC1(C)OB(c2ccc(N3CCCCC3)cc2)OC1(C)C,,,,"MolGlyph 1.1.1 (BioMiner git 17c6161, molglyph_large)",0.2046693917363882
uob,maybridge-0176-755511793,C[N+](CC1C=CC(B(O)O)=CC=1)(C)C.[Br-],,,,"MolGlyph 1.1.1 (BioMiner git 17c6161, molglyph_large)",0.20043609663844109
uob,maybridge-0176-765839755,CC1(C)OB(c2ccc(CN3CCCC3)cc2)OC1(C)C,,,,"MolGlyph 1.1.1 (BioMiner git 17c6161, molglyph_large)",0.2000141181051731
uob,maybridge-0176-780121955,CC1(C)OB(c2cccc(CN3CCCC3)c2)OC1(C)C,,,,"MolGlyph 1.1.1 (BioMiner git 17c6161, molglyph_large)",0.1996928472071886
uob,maybridge-0176-797545221,CC1(C)OB(c2cccc(CN3CCCCC3)c2)OC1(C)C,,,,"MolGlyph 1.1.1 (BioMiner git 17c6161, molglyph_large)",0.2057286985218525
uob,maybridge-0176-904536113,Cc1nc(-c2ccc(B3OC(C)(C)C(C)(C)O3)cc2)cs1,,,,"MolGlyph 1.1.1 (BioMiner git 17c6161, molglyph_large)",0.2248185407370329
uob,maybridge-0177-319730222,OB(O)C=Cc1ccccc1,,,,"MolGlyph 1.1.1 (BioMiner git 17c6161, molglyph_large)",0.10765273496508598
uob,maybridge-0177-384816351,OB(O)c1cccnc1,,,,"MolGlyph 1.1.1 (BioMiner git 17c6161, molglyph_large)",0.0929713174700737
uob,maybridge-0177-460751338,CC1(C)OB(c2ccc(N3CCN(C(=O)OC(C)(C)C)CC3)cc2)OC1(C)C,,,,"MolGlyph 1.1.1 (BioMiner git 17c6161, molglyph_large)",0.27781352028250694
uob,maybridge-0177-760249651,CC1(C)OB(c2cccc(CN3CCOCC3)c2)OC1(C)C,,,,"MolGlyph 1.1.1 (BioMiner git 17c6161, molglyph_large)",0.20495428144931793
uob,maybridge-0177-791557409,CC1(C)OB(c2ccc(CN3CCOCC3)cc2)OC1(C)C,,,,"MolGlyph 1.1.1 (BioMiner git 17c6161, molglyph_large)",0.2049833331257105
uob,maybridge-0177-893648000,CC1(C)OB(c2ccccc2CN2CCOCC2)OC1(C)C,,,,"MolGlyph 1.1.1 (BioMiner git 17c6161, molglyph_large)",0.19544208981096745
uob,maybridge-0177-904889265,CC1(C)OB(c2cc(C(F)(F)F)ccc2N2CCOCC2)OC1(C)C,,,,"MolGlyph 1.1.1 (BioMiner git 17c6161, molglyph_large)",0.23946878127753735
uob,maybridge-0177-925546193,OB(O)c1ccncc1,,,,"MolGlyph 1.1.1 (BioMiner git 17c6161, molglyph_large)",0.09316850267350674
uob,maybridge-0178-1012949780,OB(O)c1cncnc1,,,,"MolGlyph 1.1.1 (BioMiner git 17c6161, molglyph_large)",0.09275613725185394
uob,maybridge-0178-130245227,CC(C)(C)OC(=O)N1CCN(c2ccc(B3OC(C)(C)C(C)(C)O3)cn2)CC1,,,,"MolGlyph 1.1.1 (BioMiner git 17c6161, molglyph_large)",0.2909555044025183
uob,maybridge-0178-538666577,CC(C)(C)Oc1ncc(B(O)O)c(OC(C)(C)C)n1,,,,"MolGlyph 1.1.1 (BioMiner git 17c6161, molglyph_large)",0.20496469177305698
uob,maybridge-0178-833474830,COc1ccc(B(O)O)cn1,,,,"MolGlyph 1.1.1 (BioMiner git 17c6161, molglyph_large)",0.11455276608467102
uob,maybridge-0178-835309902,CC1(C)OB(c2ccc(N3CCOCC3)nc2)OC1(C)C,,,,"MolGlyph 1.1.1 (BioMiner git 17c6161, molglyph_large)",0.2016743142157793
uob,maybridge-0178-893024220,CC1(C)COB(c2cccnc2)OC1,,,,"MolGlyph 1.1.1 (BioMiner git 17c6161, molglyph_large)",0.13762735016644
uob,maybridge-0178-914567895,CC1(C)OB(c2ccc(Cl)nc2)OC1(C)C,,,,"MolGlyph 1.1.1 (BioMiner git 17c6161, molglyph_large)",0.1660427786409855
uob,maybridge-0178-941417848,OB(O)c1cc(Br)cnc1Br,,,,"MolGlyph 1.1.1 (BioMiner git 17c6161, molglyph_large)",0.1128552258014679
uob,maybridge-0178-944676287,CC1(C)OB(c2ccc(Br)nc2)OC1(C)C,,,,"MolGlyph 1.1.1 (BioMiner git 17c6161, molglyph_large)",0.1663195751607418
uob,maybridge-0179-1035926528,CC(C)(C)OC(=O)n1c(B(O)O)cc2ccccc21,,,,"MolGlyph 1.1.1 (BioMiner git 17c6161, molglyph_large)",0.1959041953086853
uob,maybridge-0179-311670207,COc1ccc2c(c1)cc(B(O)O)n2C(=O)OC(C)(C)C,,,,"MolGlyph 1.1.1 (BioMiner git 17c6161, molglyph_large)",0.21592855639755726
uob,maybridge-0179-53374284,CC(C)(C)OC(=O)n1c(B(O)O)cc2cc(Br)ccc21,,,,"MolGlyph 1.1.1 (BioMiner git 17c6161, molglyph_large)",0.21027006953954697
uob,maybridge-0179-660727841,O=S(=O)(c1ccccc1)n1cc(B(O)O)c2ccccc21,,,,"MolGlyph 1.1.1 (BioMiner git 17c6161, molglyph_large)",0.21049766801297665
uob,maybridge-0179-829062970,Cn1ccc2c(B3OC(C)(C)C(C)(C)O3)cccc21,,,,"MolGlyph 1.1.1 (BioMiner git 17c6161, molglyph_large)",0.20073780417442322
uob,maybridge-0179-845858782,O=c1[nH]cc(B(O)O)c(=O)[nH]1,,,,"MolGlyph 1.1.1 (BioMiner git 17c6161, molglyph_large)",0.16122627444565296
uob,maybridge-0179-864647643,Cn1ccc2cc(B3OC(C)(C)C(C)(C)O3)ccc21,,,,"MolGlyph 1.1.1 (BioMiner git 17c6161, molglyph_large)",0.2001386433839798
uob,maybridge-0179-983792590,O=S(=O)(c1ccccc1)n1c(B(O)O)cc2ccccc21,,,,"MolGlyph 1.1.1 (BioMiner git 17c6161, molglyph_large)",0.21031979471445084
uob,maybridge-0180-1048019238,CC1(C)OB(c2ccc3c(cnn3C(=O)OC(C)(C)C)c2)OC1(C)C,,,,"MolGlyph 1.1.1 (BioMiner git 17c6161, molglyph_large)",0.25380231253802776
uob,maybridge-0180-1065529322,Cn1ccc2ccc(B3OC(C)(C)C(C)(C)O3)cc21,,,,"MolGlyph 1.1.1 (BioMiner git 17c6161, molglyph_large)",0.1994041632860899
uob,maybridge-0180-137533616,OB(O)c1ccc2c(c1)CCO2,,,,"MolGlyph 1.1.1 (BioMiner git 17c6161, molglyph_large)",0.12675142660737038
uob,maybridge-0180-360406116,CC1(C)OB(c2ccc3occc3c2)OC1(C)C,,,,"MolGlyph 1.1.1 (BioMiner git 17c6161, molglyph_large)",0.1761381644755602
uob,maybridge-0180-631971373,CC(C)[Si](C(C)C)(C(C)C)n1ccc2cc(B3OC(C)(C)C(C)(C)O3)ccc21,,,,"MolGlyph 1.1.1 (BioMiner git 17c6161, molglyph_large)",0.3022769093513489
uob,maybridge-0180-683697390,OB(O)c1csc2ccccc12,,,,"MolGlyph 1.1.1 (BioMiner git 17c6161, molglyph_large)",0.11798025853931904
uob,maybridge-0180-727454675,OB(O)c1cc2ccccc2s1,,,,"MolGlyph 1.1.1 (BioMiner git 17c6161, molglyph_large)",0.11750523373484612
uob,maybridge-0180-953434052,CC1(C)OB(c2cccc3c2ccn3[Si](C(C)C)(C(C)C)C(C)C)OC1(C)C,,,,"MolGlyph 1.1.1 (BioMiner git 17c6161, molglyph_large)",0.2824674751609564
uob,maybridge-0180-974271841,OB(O)c1cc(Br)cc2c1OCC2,,,,"MolGlyph 1.1.1 (BioMiner git 17c6161, molglyph_large)",0.13199712708592415
uob,maybridge-0181-1039011440,CC1(C)OB(c2ccc3sccc3c2)OC1(C)C,,,,"MolGlyph 1.1.1 (BioMiner git 17c6161, molglyph_large)",0.17559585720300674
uob,maybridge-0181-17041139,OB(O)c1cccc2ccccc12,,,,"MolGlyph 1.1.1 (BioMiner git 17c6161, molglyph_large)",0.12303463742136955
uob,maybridge-0181-202891458,OB(O)c1cnc2ccccc2c1,,,,"MolGlyph 1.1.1 (BioMiner git 17c6161, molglyph_large)",0.1237588319927454
uob,maybridge-0181-226375573,OB(O)c1ccc2ccccc2c1,,,,"MolGlyph 1.1.1 (BioMiner git 17c6161, molglyph_large)",0.12195033021271229
uob,maybridge-0181-307935955,Cc1ccc2sc(B(O)O)cc2c1,,,,"MolGlyph 1.1.1 (BioMiner git 17c6161, molglyph_large)",0.13230878114700317
uob,maybridge-0181-719151678,COC(=O)c1cc2cc(B3OC(C)(C)C(C)(C)O3)ccc2s1,,,,"MolGlyph 1.1.1 (BioMiner git 17c6161, molglyph_large)",0.22896727174520493
uob,maybridge-0181-853389824,CC1(C)OB(c2scc3c2OCCO3)OC1(C)C,,,,"MolGlyph 1.1.1 (BioMiner git 17c6161, molglyph_large)",0.17605993896722794
uob,maybridge-0181-915081774,OB(O)c1cccc2cccnc12,,,,"MolGlyph 1.1.1 (BioMiner git 17c6161, molglyph_large)",0.12251896038651466
uob,maybridge-0181-926778490,OB(O)c1ccc2cc(OCc3ccccc3)ccc2c1,,,,"MolGlyph 1.1.1 (BioMiner git 17c6161, molglyph_large)",0.18104218877851963
uob,maybridge-0181-967405898,CC1(C)COB(c2cncc3ccccc23)OC1,,,,"MolGlyph 1.1.1 (BioMiner git 17c6161, molglyph_large)",0.1654239483177662
uob,maybridge-0182-1057143445,CN1CCOc2cc(B3OC(C)(C)C(C)(C)O3)ccc21,,,,"MolGlyph 1.1.1 (BioMiner git 17c6161, molglyph_large)",0.2047731764614582
uob,maybridge-0182-342784917,CCCCCCCB(O)O,,,,"MolGlyph 1.1.1 (BioMiner git 17c6161, molglyph_large)",0.08823294937610626
uob,maybridge-0182-477374731,OB(O)c1ccc2sc3ccccc3c2c1,,,,"MolGlyph 1.1.1 (BioMiner git 17c6161, molglyph_large)",0.14653940312564373
uob,maybridge-0182-602269246,OB(O)c1cccc2c1oc1ccccc12,,,,"MolGlyph 1.1.1 (BioMiner git 17c6161, molglyph_large)",0.1465668398886919
uob,maybridge-0182-610150206,OB(O)c1ccc2c(c1)OCCO2,,,,"MolGlyph 1.1.1 (BioMiner git 17c6161, molglyph_large)",0.13204902410507202
uob,maybridge-0182-655925757,OB(O)c1cccc2c1sc1ccccc12,,,,"MolGlyph 1.1.1 (BioMiner git 17c6161, molglyph_large)",0.14709057286381721
uob,maybridge-0182-680716719,OB(O)c1cccc2c1Sc1ccccc1S2,,,,"MolGlyph 1.1.1 (BioMiner git 17c6161, molglyph_large)",0.1514794658869505
uob,maybridge-0182-892294568,OB(O)c1cccc2c1Oc1ccccc1S2,,,,"MolGlyph 1.1.1 (BioMiner git 17c6161, molglyph_large)",0.15091486647725105
uob,maybridge-0182-924370721,OB(O)c1ccc2c(c1)OCCCO2,,,,"MolGlyph 1.1.1 (BioMiner git 17c6161, molglyph_large)",0.13703944720327854
uob,maybridge-0183-1020167955,Cn1c(C(=O)O)ccc1S(N)(=O)=O,,,,"MolGlyph 1.1.1 (BioMiner git 17c6161, molglyph_large)",0.1558285839855671
uob,maybridge-0183-1026940131,CC(C)(C)OC(=O)NC1(C(=O)O)CC1,,,,"MolGlyph 1.1.1 (BioMiner git 17c6161, molglyph_large)",0.16561334021389484
uob,maybridge-0183-234927710,Cc1cc(C(=O)O)c(C)n1C1CC1,,,,"MolGlyph 1.1.1 (BioMiner git 17c6161, molglyph_large)",0.14633606374263763
uob,maybridge-0183-311498010,COC(=O)C1(C)CCC(C(=O)O)C1(C)C,,,,"MolGlyph 1.1.1 (BioMiner git 17c6161, molglyph_large)",0.17089145816862583
uob,maybridge-0183-319151766,O=C(O)C1CN(C(c2ccccc2)c2ccccc2)C1,,,,"MolGlyph 1.1.1 (BioMiner git 17c6161, molglyph_large)",0.1900011245161295
uob,maybridge-0183-483054114,Cc1cc(C(=O)O)c(C)[nH]1,,,,"MolGlyph 1.1.1 (BioMiner git 17c6161, molglyph_large)",0.13747183047235012
uob,maybridge-0183-574952018,Cc1cc(C(=O)O)c(C)n1Cc1cccs1,,,,"MolGlyph 1.1.1 (BioMiner git 17c6161, molglyph_large)",0.1618368048220873
uob,maybridge-0183-619276787,Cc1cc(C(=O)O)c(C)n1C,,,,"MolGlyph 1.1.1 (BioMiner git 17c6161, molglyph_large)",0.12674769945442677
uob,maybridge-0183-811899395,Cc1cc(C(=O)O)c(C)n1Cc1ccncc1,,,,"MolGlyph 1.1.1 (BioMiner git 17c6161, molglyph_large)",0.16668756492435932
uob,maybridge-0184-1051958815,Cn1nccc1C(=O)O,,,,"MolGlyph 1.1.1 (BioMiner git 17c6161, molglyph_large)",0.09864217974245548
uob,maybridge-0184-155356318,Cc1c(C(=O)O)cc(-c2ccccc2)n1CCCN1CCOCC1,,,,"MolGlyph 1.1.1 (BioMiner git 17c6161, molglyph_large)",0.2160637304186821
uob,maybridge-0184-413984158,Cc1cc(C(=O)O)nn1C,,,,"MolGlyph 1.1.1 (BioMiner git 17c6161, molglyph_large)",0.11275900341570377
uob,maybridge-0184-455325470,Cc1n[nH]c(C)c1C(=O)O,,,,"MolGlyph 1.1.1 (BioMiner git 17c6161, molglyph_large)",0.12697244249284267
uob,maybridge-0184-466866186,Cc1cc(C(=O)O)n[nH]1,,,,"MolGlyph 1.1.1 (BioMiner git 17c6161, molglyph_large)",0.12212304584681988
uob,maybridge-0184-613416985,Cn1ccc(C(=O)O)n1,,,,"MolGlyph 1.1.1 (BioMiner git 17c6161, molglyph_large)",0.10743655636906624
uob,maybridge-0184-7626934,Cc1c(C(=O)O)cc(-c2ccccc2)n1-c1ccccc1,,,,"MolGlyph 1.1.1 (BioMiner git 17c6161, molglyph_large)",0.205886023119092
uob,maybridge-0184-810325385,Nc1n[nH]cc1C(=O)O,,,,"MolGlyph 1.1.1 (BioMiner git 17c6161, molglyph_large)",0.11333584040403366
uob,maybridge-0184-834316788,Cn1cc(NC(=O)OC(C)(C)C)cc1C(=O)O,,,,"MolGlyph 1.1.1 (BioMiner git 17c6161, molglyph_large)",0.18027721717953682
uob,maybridge-0184-980725853,Cc1cc(C(=O)O)n(C)n1,,,,"MolGlyph 1.1.1 (BioMiner git 17c6161, molglyph_large)",0.12244301289319992
uob,maybridge-0185-190730326,O=C(O)c1ccnn1-c1ccccc1,,,,"MolGlyph 1.1.1 (BioMiner git 17c6161, molglyph_large)",0.13678736612200737
uob,maybridge-0185-230345535,O=C(O)c1cc(-c2ccccc2)[nH]n1,,,,"MolGlyph 1.1.1 (BioMiner git 17c6161, molglyph_large)",0.16168410517275333
uob,maybridge-0185-487672723,CCn1nc(C)cc1C(=O)O,,,,"MolGlyph 1.1.1 (BioMiner git 17c6161, molglyph_large)",0.11773425154387951
uob,maybridge-0185-586299602,O=C(O)c1cc(-c2ccco2)[nH]n1,,,,"MolGlyph 1.1.1 (BioMiner git 17c6161, molglyph_large)",0.15678823180496693
uob,maybridge-0185-631735283,Cc1nn(C)c(C)c1C(=O)O,,,,"MolGlyph 1.1.1 (BioMiner git 17c6161, molglyph_large)",0.12719212472438812
uob,maybridge-0185-719998818,Cn1nc(C(C)(C)C)cc1C(=O)O,,,,"MolGlyph 1.1.1 (BioMiner git 17c6161, molglyph_large)",0.14776436053216457
uob,maybridge-0185-726553774,Cn1nc(-c2ccco2)cc1C(=O)O,,,,"MolGlyph 1.1.1 (BioMiner git 17c6161, molglyph_large)",0.1467393934726715
uob,maybridge-0185-742082012,Cc1cc(C(=O)O)n(C(C)(C)C)n1,,,,"MolGlyph 1.1.1 (BioMiner git 17c6161, molglyph_large)",0.1561174113303423
uob,maybridge-0185-823184915,Cc1nn(C)c(Cl)c1C(=O)O,,,,"MolGlyph 1.1.1 (BioMiner git 17c6161, molglyph_large)",0.12662578374147415
uob,maybridge-0185-841744502,Cn1nc(C(=O)O)cc1-c1ccco1,,,,"MolGlyph 1.1.1 (BioMiner git 17c6161, molglyph_large)",0.14658340066671371
uob,maybridge-0186-151595856,Cn1nc(C(=O)O)cc1-c1cccs1,,,,"MolGlyph 1.1.1 (BioMiner git 17c6161, molglyph_large)",0.14697165042161942
uob,maybridge-0186-184032619,Cn1ncc(C(=O)O)c1-c1ccccc1,,,,"MolGlyph 1.1.1 (BioMiner git 17c6161, molglyph_large)",0.15684481523931026
uob,maybridge-0186-392837868,Cn1cc(Br)c(C(=O)O)n1,,,,"MolGlyph 1.1.1 (BioMiner git 17c6161, molglyph_large)",0.12471937388181686
uob,maybridge-0186-423099798,O=C(O)c1cc(-c2cccs2)[nH]n1,,,,"MolGlyph 1.1.1 (BioMiner git 17c6161, molglyph_large)",0.15646042861044407
uob,maybridge-0186-576681689,Cn1cc(C(=O)O)c(C(F)(F)F)n1,,,,"MolGlyph 1.1.1 (BioMiner git 17c6161, molglyph_large)",0.15625696443021297
uob,maybridge-0186-702423146,Cn1nc(C(=O)O)cc1-c1ccccc1,,,,"MolGlyph 1.1.1 (BioMiner git 17c6161, molglyph_large)",0.1521146483719349
uob,maybridge-0186-715457207,Cn1nc(-c2cccs2)cc1C(=O)O,,,,"MolGlyph 1.1.1 (BioMiner git 17c6161, molglyph_large)",0.14700007252395153
uob,maybridge-0186-857086332,Cn1nc(-c2ccccc2)cc1C(=O)O,,,,"MolGlyph 1.1.1 (BioMiner git 17c6161, molglyph_large)",0.15212397277355194
uob,maybridge-0186-880088001,Cc1c(C(=O)O)cnn1-c1ccccc1,,,,"MolGlyph 1.1.1 (BioMiner git 17c6161, molglyph_large)",0.15174932032823563
uob,maybridge-0186-977377900,O=C(O)c1cc(-c2cccc(O)c2)[nH]n1,,,,"MolGlyph 1.1.1 (BioMiner git 17c6161, molglyph_large)",0.17613022774457932
uob,maybridge-0187-229648792,COc1ccc(-n2ncc(C(=O)O)c2C)cc1,,,,"MolGlyph 1.1.1 (BioMiner git 17c6161, molglyph_large)",0.17228171415627003
uob,maybridge-0187-442873169,CCCc1c(C(=O)O)cnn1-c1ccccc1,,,,"MolGlyph 1.1.1 (BioMiner git 17c6161, molglyph_large)",0.16169437021017075
uob,maybridge-0187-606187868,Cn1nc(C(F)(F)F)c(C(=O)O)c1Cl,,,,"MolGlyph 1.1.1 (BioMiner git 17c6161, molglyph_large)",0.16122429259121418
uob,maybridge-0187-608974061,Cc1nn(-c2ccccc2)c(C)c1C(=O)O,,,,"MolGlyph 1.1.1 (BioMiner git 17c6161, molglyph_large)",0.16615593992173672
uob,maybridge-0187-654731680,Cc1nn(C)c(C(=O)O)c1Br,,,,"MolGlyph 1.1.1 (BioMiner git 17c6161, molglyph_large)",0.12762931920588017
uob,maybridge-0187-867546033,Cc1ccccc1-n1ncc(C(=O)O)c1C,,,,"MolGlyph 1.1.1 (BioMiner git 17c6161, molglyph_large)",0.1559967678040266
uob,maybridge-0187-934232824,CCn1nc(C)c(Br)c1C(=O)O,,,,"MolGlyph 1.1.1 (BioMiner git 17c6161, molglyph_large)",0.13258174248039722
uob,maybridge-0187-934910619,Cc1c(C(=O)O)cnn1-c1ccc(F)cc1,,,,"MolGlyph 1.1.1 (BioMiner git 17c6161, molglyph_large)",0.16675551980733871
uob,maybridge-0188-1025427586,CCCc1c(C(=O)O)cnn1-c1cc(Cl)cc(Cl)c1,,,,"MolGlyph 1.1.1 (BioMiner git 17c6161, molglyph_large)",0.19056318141520023
uob,maybridge-0188-244808540,O=C(O)c1cnn(-c2ccc(Cl)cc2)c1C(F)(F)F,,,,"MolGlyph 1.1.1 (BioMiner git 17c6161, molglyph_large)",0.20189755596220493
uob,maybridge-0188-250095510,O=C(O)c1c[nH]cn1,,,,"MolGlyph 1.1.1 (BioMiner git 17c6161, molglyph_large)",0.10927788726985455
uob,maybridge-0188-293331136,O=C(O)c1cnn(-c2ccccc2)c1C(F)(F)F,,,,"MolGlyph 1.1.1 (BioMiner git 17c6161, molglyph_large)",0.18717356398701668
uob,maybridge-0188-372523793,Cc1c(C(=O)O)cnn1-c1ccc(Cl)cc1,,,,"MolGlyph 1.1.1 (BioMiner git 17c6161, molglyph_large)",0.16748107224702835
uob,maybridge-0188-484626924,O=C(O)c1ncc[nH]1,,,,"MolGlyph 1.1.1 (BioMiner git 17c6161, molglyph_large)",0.1089936476200819
uob,maybridge-0188-738277107,Cn1cncc1C(=O)O,,,,"MolGlyph 1.1.1 (BioMiner git 17c6161, molglyph_large)",0.09793251194059849
uob,maybridge-0188-96705596,CC(C)(C)c1cc(C(=O)O)n(Cc2ccccc2)n1,,,,"MolGlyph 1.1.1 (BioMiner git 17c6161, molglyph_large)",0.19475377537310123
uob,maybridge-0188-989000760,CCCc1c(C(=O)O)cnn1-c1ccc(Cl)cc1,,,,"MolGlyph 1.1.1 (BioMiner git 17c6161, molglyph_large)",0.17714341916143894
uob,maybridge-0189-1065158744,O=C(O)CCn1ccnc1,,,,"MolGlyph 1.1.1 (BioMiner git 17c6161, molglyph_large)",0.1040368489921093
uob,maybridge-0189-192926406,Cc1c(C(=O)O)nnn1Cc1ccccc1,,,,"MolGlyph 1.1.1 (BioMiner git 17c6161, molglyph_large)",0.15164253674447536
uob,maybridge-0189-29586677,O=C(O)c1c[nH]c(-c2ccccc2)n1,,,,"MolGlyph 1.1.1 (BioMiner git 17c6161, molglyph_large)",0.16176041588187218
uob,maybridge-0189-318725260,Cn1c(Br)nc(C(=O)O)c1C(=O)O,,,,"MolGlyph 1.1.1 (BioMiner git 17c6161, molglyph_large)",0.15200467221438885
uob,maybridge-0189-464889409,Cn1ccnc1C(=O)O,,,,"MolGlyph 1.1.1 (BioMiner git 17c6161, molglyph_large)",0.09759142622351646
uob,maybridge-0189-676113473,O=C(O)Cn1ccnc1,,,,"MolGlyph 1.1.1 (BioMiner git 17c6161, molglyph_large)",0.09768836759030819
uob,maybridge-0189-771518421,Cc1nn(-c2ccccc2)nc1C(=O)O,,,,"MolGlyph 1.1.1 (BioMiner git 17c6161, molglyph_large)",0.15171312727034092
uob,maybridge-0189-809823030,Cn1cnc(C(=O)O)c1,,,,"MolGlyph 1.1.1 (BioMiner git 17c6161, molglyph_large)",0.10769679211080074
uob,maybridge-0189-834290991,Cc1c(C(=O)O)nnn1-c1cccc(C(F)(F)F)c1,,,,"MolGlyph 1.1.1 (BioMiner git 17c6161, molglyph_large)",0.20024573057889938
uob,maybridge-0189-985470394,CSc1ncc(C(=O)O)n1Cc1ccccc1,,,,"MolGlyph 1.1.1 (BioMiner git 17c6161, molglyph_large)",0.1562328301370144
uob,maybridge-0190-16207214,O=C(O)c1ccoc1,,,,"MolGlyph 1.1.1 (BioMiner git 17c6161, molglyph_large)",0.09744069166481495
uob,maybridge-0190-219463229,O=C(O)C1CC(=O)N(Cc2ccco2)C1,,,,"MolGlyph 1.1.1 (BioMiner git 17c6161, molglyph_large)",0.1611379273235798
uob,maybridge-0190-371371626,O=C(O)C1CC(=O)N(Cc2ccc(F)cc2)C1,,,,"MolGlyph 1.1.1 (BioMiner git 17c6161, molglyph_large)",0.18147416412830353
uob,maybridge-0190-392878545,O=C(O)CCn1cncn1,,,,"MolGlyph 1.1.1 (BioMiner git 17c6161, molglyph_large)",0.10300648771226406
uob,maybridge-0190-425057245,Cc1cc(C(=O)O)oc1C,,,,"MolGlyph 1.1.1 (BioMiner git 17c6161, molglyph_large)",0.11222926899790764
uob,maybridge-0190-821020402,Cc1c(C(=O)O)nnn1Cc1ccc(Br)cc1,,,,"MolGlyph 1.1.1 (BioMiner git 17c6161, molglyph_large)",0.16652472130954266
uob,maybridge-0190-828493079,O=C(O)C1CC(=O)N(Cc2cccs2)C1,,,,"MolGlyph 1.1.1 (BioMiner git 17c6161, molglyph_large)",0.1608006078749895
uob,maybridge-0190-922592012,CC(=O)N1CCCC1C(=O)O,,,,"MolGlyph 1.1.1 (BioMiner git 17c6161, molglyph_large)",0.12196900695562363
uob,maybridge-0190-944901015,Cc1occc1C(=O)O,,,,"MolGlyph 1.1.1 (BioMiner git 17c6161, molglyph_large)",0.09765688329935074
uob,maybridge-0190-961398484,CC(C)(C)OC(=O)N1CC(=O)CC1C(=O)O,,,,"MolGlyph 1.1.1 (BioMiner git 17c6161, molglyph_large)",0.18020445853471756
uob,maybridge-0191-177592753,Cc1ccc(-c2cc(C(=O)O)c(C)o2)cc1,,,,"MolGlyph 1.1.1 (BioMiner git 17c6161, molglyph_large)",0.17653845064342022
uob,maybridge-0191-190966754,O=C(O)c1ccc(Oc2ccccc2)o1,,,,"MolGlyph 1.1.1 (BioMiner git 17c6161, molglyph_large)",0.14738198183476925
uob,maybridge-0191-375658044,Cc1cc(C(=O)O)c(C(F)(F)F)o1,,,,"MolGlyph 1.1.1 (BioMiner git 17c6161, molglyph_large)",0.15670056827366352
uob,maybridge-0191-384627690,O=C(O)c1ccc(Oc2cccnc2)o1,,,,"MolGlyph 1.1.1 (BioMiner git 17c6161, molglyph_large)",0.1473508644849062
uob,maybridge-0191-442116940,Cc1oc(S(=O)(=O)N(C)C)cc1C(=O)O,,,,"MolGlyph 1.1.1 (BioMiner git 17c6161, molglyph_large)",0.17485291697084904
uob,maybridge-0191-523647092,COc1cccc(-c2ccc(C(=O)O)o2)c1,,,,"MolGlyph 1.1.1 (BioMiner git 17c6161, molglyph_large)",0.1658219862729311
uob,maybridge-0191-550725354,O=C(O)c1ccc(C#Cc2ccccc2)o1,,,,"MolGlyph 1.1.1 (BioMiner git 17c6161, molglyph_large)",0.15663213655352592
uob,maybridge-0191-604660103,O=C(O)c1ccc(Br)o1,,,,"MolGlyph 1.1.1 (BioMiner git 17c6161, molglyph_large)",0.11006893590092659
uob,maybridge-0191-725747440,Cc1oc(-c2ccc(Cl)cc2)cc1C(=O)O,,,,"MolGlyph 1.1.1 (BioMiner git 17c6161, molglyph_large)",0.16569671221077442
uob,maybridge-0191-886404246,Cc1cc(C(=O)O)c(-c2ccccc2)o1,,,,"MolGlyph 1.1.1 (BioMiner git 17c6161, molglyph_large)",0.1631141323596239
uob,maybridge-0191-930407079,Cc1oc(-c2ccccc2)cc1C(=O)O,,,,"MolGlyph 1.1.1 (BioMiner git 17c6161, molglyph_large)",0.15371746197342873
uob,maybridge-0191-977083383,COc1ccc(-c2ccc(C(=O)O)o2)cc1,,,,"MolGlyph 1.1.1 (BioMiner git 17c6161, molglyph_large)",0.16622118651866913
uob,maybridge-0192-104203990,O=C(O)c1cc(-c2ccc(Cl)cc2)oc1C(F)(F)F,,,,"MolGlyph 1.1.1 (BioMiner git 17c6161, molglyph_large)",0.2002807781100273
uob,maybridge-0192-109510881,Cc1ccc(C(=O)O)s1,,,,"MolGlyph 1.1.1 (BioMiner git 17c6161, molglyph_large)",0.10760052315890789
uob,maybridge-0192-271422107,O=C(O)c1ccsc1,,,,"MolGlyph 1.1.1 (BioMiner git 17c6161, molglyph_large)",0.0936413612216711
uob,maybridge-0192-291690556,Cc1csc(C(=O)O)c1,,,,"MolGlyph 1.1.1 (BioMiner git 17c6161, molglyph_large)",0.10727783665060997
uob,maybridge-0192-312260521,Cc1oc(S(=O)(=O)N2CCCCC2)cc1C(=O)O,,,,"MolGlyph 1.1.1 (BioMiner git 17c6161, molglyph_large)",0.1908656805753708
uob,maybridge-0192-578191340,Cc1oc(S(=O)(=O)N2CCOCC2)cc1C(=O)O,,,,"MolGlyph 1.1.1 (BioMiner git 17c6161, molglyph_large)",0.1909324713051319
uob,maybridge-0192-630631966,COc1cscc1C(=O)O,,,,"MolGlyph 1.1.1 (BioMiner git 17c6161, molglyph_large)",0.1030415277928114
uob,maybridge-0192-74621171,O=C(O)CCc1ccco1,,,,"MolGlyph 1.1.1 (BioMiner git 17c6161, molglyph_large)",0.10234487615525723
uob,maybridge-0192-801782703,O=C(O)C1CCCO1,,,,"MolGlyph 1.1.1 (BioMiner git 17c6161, molglyph_large)",0.09399261884391308
uob,maybridge-0192-819507286,Cc1ccsc1C(=O)O,,,,"MolGlyph 1.1.1 (BioMiner git 17c6161, molglyph_large)",0.10035155713558197
uob,maybridge-0192-867893244,O=C(O)c1cc(-c2ccc(Br)cc2)oc1C(F)(F)F,,,,"MolGlyph 1.1.1 (BioMiner git 17c6161, molglyph_large)",0.1990539561957121
uob,maybridge-0193-116493633,[N+](c1cc(C(=O)O)cs1)(=O)[O-],,,,"MolGlyph 1.1.1 (BioMiner git 17c6161, molglyph_large)",0.17035655863583088
uob,maybridge-0193-152023266,O=C(O)c1sccc1-n1cccc1,,,,"MolGlyph 1.1.1 (BioMiner git 17c6161, molglyph_large)",0.13177006132900715
uob,maybridge-0193-271096461,O=C(O)c1ccc(B(O)O)s1,,,,"MolGlyph 1.1.1 (BioMiner git 17c6161, molglyph_large)",0.12721423618495464
uob,maybridge-0193-322249342,CSc1ccc(C(=O)O)s1,,,,"MolGlyph 1.1.1 (BioMiner git 17c6161, molglyph_large)",0.1121646873652935
uob,maybridge-0193-497128787,COc1c(C(=O)O)csc1Cl,,,,"MolGlyph 1.1.1 (BioMiner git 17c6161, molglyph_large)",0.11680370010435581
uob,maybridge-0193-502072489,O=C(O)c1ccsc1B(O)O,,,,"MolGlyph 1.1.1 (BioMiner git 17c6161, molglyph_large)",0.11687230505049229
uob,maybridge-0193-507072394,O=C(O)c1ccc(-c2ccccc2)s1,,,,"MolGlyph 1.1.1 (BioMiner git 17c6161, molglyph_large)",0.14581810124218464
uob,maybridge-0193-578529170,O=C(O)c1sccc1Cl,,,,"MolGlyph 1.1.1 (BioMiner git 17c6161, molglyph_large)",0.09795707650482655
uob,maybridge-0193-609502226,CC(=O)Nc1ccsc1C(=O)O,,,,"MolGlyph 1.1.1 (BioMiner git 17c6161, molglyph_large)",0.12899277918040752
uob,maybridge-0193-645992035,CS(=O)(=O)c1ccc(C(=O)O)s1,,,,"MolGlyph 1.1.1 (BioMiner git 17c6161, molglyph_large)",0.1508455891162157
uob,maybridge-0193-6946358,O=C(O)c1ccc(-c2ccco2)s1,,,,"MolGlyph 1.1.1 (BioMiner git 17c6161, molglyph_large)",0.14132578112185
uob,maybridge-0193-854282747,O=C(O)c1ccc(-c2ccccn2)s1,,,,"MolGlyph 1.1.1 (BioMiner git 17c6161, molglyph_large)",0.1476906966418028
uob,maybridge-0194-1025519084,O=C(O)c1ccc(-c2cccs2)s1,,,,"MolGlyph 1.1.1 (BioMiner git 17c6161, molglyph_large)",0.14242827892303467
uob,maybridge-0194-1070549927,COc1c(C(=O)O)csc1Br,,,,"MolGlyph 1.1.1 (BioMiner git 17c6161, molglyph_large)",0.11732999607920647
uob,maybridge-0194-255822080,CC(C)S(=O)(=O)c1csc(C(=O)O)c1N,,,,"MolGlyph 1.1.1 (BioMiner git 17c6161, molglyph_large)",0.17544852383434772
uob,maybridge-0194-480831615,O=C(O)c1ccc(Br)s1,,,,"MolGlyph 1.1.1 (BioMiner git 17c6161, molglyph_large)",0.10683028772473335
uob,maybridge-0194-536624017,O=C(O)c1cc(Br)cs1,,,,"MolGlyph 1.1.1 (BioMiner git 17c6161, molglyph_large)",0.10753529891371727
uob,maybridge-0194-53668528,O=C(O)c1ccsc1Br,,,,"MolGlyph 1.1.1 (BioMiner git 17c6161, molglyph_large)",0.09789243713021278
uob,maybridge-0194-630811312,O=C(O)c1sccc1Br,,,,"MolGlyph 1.1.1 (BioMiner git 17c6161, molglyph_large)",0.09731401689350605
uob,maybridge-0194-696085772,Cc1nc(-c2ccc(C(=O)O)s2)cs1,,,,"MolGlyph 1.1.1 (BioMiner git 17c6161, molglyph_large)",0.15522392094135284
uob,maybridge-0194-895263069,O=C(O)c1ccc(N2CCOCC2)s1,,,,"MolGlyph 1.1.1 (BioMiner git 17c6161, molglyph_large)",0.14211214520037174
uob,maybridge-0194-967897877,CS(=O)(=O)c1csc(C(=O)O)c1Cl,,,,"MolGlyph 1.1.1 (BioMiner git 17c6161, molglyph_large)",0.15561354160308838
uob,maybridge-0194-969333779,O=C(O)c1cscc1Sc1ccc(Cl)cc1,,,,"MolGlyph 1.1.1 (BioMiner git 17c6161, molglyph_large)",0.1521658767014742
uob,maybridge-0195-1040266310,Nc1c(C(=O)O)sc(C(F)(F)F)c1-c1ccccc1,,,,"MolGlyph 1.1.1 (BioMiner git 17c6161, molglyph_large)",0.1996716856956482
uob,maybridge-0195-251968467,O=C(O)Cc1ccc(C(=O)CCl)s1,,,,"MolGlyph 1.1.1 (BioMiner git 17c6161, molglyph_large)",0.14152457937598228
uob,maybridge-0195-343781191,COc1ccc(-c2c(C(=O)O)sc(SC)c2C#N)cc1,,,,"MolGlyph 1.1.1 (BioMiner git 17c6161, molglyph_large)",0.20051299408078194
uob,maybridge-0195-372517557,O=C(O)c1ccno1,,,,"MolGlyph 1.1.1 (BioMiner git 17c6161, molglyph_large)",0.0925129596143961
uob,maybridge-0195-422822274,O=C(O)c1cc(-c2ccccc2)c(C(F)(F)F)s1,,,,"MolGlyph 1.1.1 (BioMiner git 17c6161, molglyph_large)",0.1942508015781641
uob,maybridge-0195-453507139,O=C(O)CCc1cccs1,,,,"MolGlyph 1.1.1 (BioMiner git 17c6161, molglyph_large)",0.10241663828492165
uob,maybridge-0195-519805941,Cc1nocc1C(=O)O,,,,"MolGlyph 1.1.1 (BioMiner git 17c6161, molglyph_large)",0.097268957644701
uob,maybridge-0195-69090040,Cc1c(S(=O)(=O)c2ccc(Cl)cc2)csc1C(=O)O,,,,"MolGlyph 1.1.1 (BioMiner git 17c6161, molglyph_large)",0.20439623296260834
uob,maybridge-0195-724741665,O=C(O)c1cscc1S(=O)(=O)c1ccc(Cl)cc1,,,,"MolGlyph 1.1.1 (BioMiner git 17c6161, molglyph_large)",0.18938535451889038
uob,maybridge-0195-737467535,Nc1c(S(=O)(=O)c2ccccc2)csc1C(=O)O,,,,"MolGlyph 1.1.1 (BioMiner git 17c6161, molglyph_large)",0.18960503302514553
uob,maybridge-0195-807525082,CSc1sc(C(=O)O)c(-c2ccc(Cl)cc2)c1C#N,,,,"MolGlyph 1.1.1 (BioMiner git 17c6161, molglyph_large)",0.19569941610097885
uob,maybridge-0196-1024050362,Cc1oncc1C(=O)O,,,,"MolGlyph 1.1.1 (BioMiner git 17c6161, molglyph_large)",0.0982134286314249
uob,maybridge-0196-1035844019,Cc1onc(-c2ccc(F)cc2)c1C(=O)O,,,,"MolGlyph 1.1.1 (BioMiner git 17c6161, molglyph_large)",0.16560085490345955
uob,maybridge-0196-169798055,Cc1noc(-c2ccccc2)c1C(=O)O,,,,"MolGlyph 1.1.1 (BioMiner git 17c6161, molglyph_large)",0.1517117228358984
uob,maybridge-0196-366778621,O=C(O)c1cc(-c2ccco2)on1,,,,"MolGlyph 1.1.1 (BioMiner git 17c6161, molglyph_large)",0.14168904908001423
uob,maybridge-0196-482500748,Cc1cc(C(=O)O)no1,,,,"MolGlyph 1.1.1 (BioMiner git 17c6161, molglyph_large)",0.10757410153746605
uob,maybridge-0196-486689474,Cc1cc(-c2onc(C)c2C(=O)O)no1,,,,"MolGlyph 1.1.1 (BioMiner git 17c6161, molglyph_large)",0.16157329268753529
uob,maybridge-0196-726617057,O=C(O)c1cc(-c2cccs2)on1,,,,"MolGlyph 1.1.1 (BioMiner git 17c6161, molglyph_large)",0.1413082256913185
uob,maybridge-0196-798835496,Cc1noc(C)c1C(=O)O,,,,"MolGlyph 1.1.1 (BioMiner git 17c6161, molglyph_large)",0.11258187144994736
uob,maybridge-0196-938814830,Cc1nc(-c2cc(C(=O)O)no2)cs1,,,,"MolGlyph 1.1.1 (BioMiner git 17c6161, molglyph_large)",0.1558509822934866
uob,maybridge-0196-953043795,Cc1onc(-c2ccccc2)c1C(=O)O,,,,"MolGlyph 1.1.1 (BioMiner git 17c6161, molglyph_large)",0.15151237323880196
uob,maybridge-0196-999825072,O=C(O)c1cc(-c2ccccc2)on1,,,,"MolGlyph 1.1.1 (BioMiner git 17c6161, molglyph_large)",0.14814396761357784
uob,maybridge-0197-1054598789,Cc1ncoc1C(=O)O,,,,"MolGlyph 1.1.1 (BioMiner git 17c6161, molglyph_large)",0.0970629621297121
uob,maybridge-0197-286709689,Cc1nc(C(=O)O)c(C)o1,,,,"MolGlyph 1.1.1 (BioMiner git 17c6161, molglyph_large)",0.12185920029878616
uob,maybridge-0197-327414577,Cc1onc(-c2c(Cl)cccc2F)c1C(=O)O,,,,"MolGlyph 1.1.1 (BioMiner git 17c6161, molglyph_large)",0.1701540481299162
uob,maybridge-0197-390955178,COc1ccc(-c2ocnc2C(=O)O)cc1,,,,"MolGlyph 1.1.1 (BioMiner git 17c6161, molglyph_large)",0.15632187202572823
uob,maybridge-0197-49874193,Cc1oc(-c2ccccc2)nc1C(=O)O,,,,"MolGlyph 1.1.1 (BioMiner git 17c6161, molglyph_large)",0.15081700310111046
uob,maybridge-0197-50934919,O=C(O)c1ncoc1-c1ccccc1,,,,"MolGlyph 1.1.1 (BioMiner git 17c6161, molglyph_large)",0.13670188002288342
uob,maybridge-0197-547578245,Cc1onc(-c2c(Cl)cccc2Cl)c1C(=O)O,,,,"MolGlyph 1.1.1 (BioMiner git 17c6161, molglyph_large)",0.17008049599826336
uob,maybridge-0197-646115893,COc1ccc(-c2noc(C)c2C(=O)O)cc1,,,,"MolGlyph 1.1.1 (BioMiner git 17c6161, molglyph_large)",0.17038793116807938
uob,maybridge-0197-761590108,Cc1oc(-c2ccccc2)nc1CC(=O)O,,,,"MolGlyph 1.1.1 (BioMiner git 17c6161, molglyph_large)",0.15591111034154892
uob,maybridge-0197-886864313,Cc1nnsc1-c1onc(C)c1C(=O)O,,,,"MolGlyph 1.1.1 (BioMiner git 17c6161, molglyph_large)",0.15181646682322025
uob,maybridge-0198-164960109,Cc1nc(C(=O)O)cs1,,,,"MolGlyph 1.1.1 (BioMiner git 17c6161, molglyph_large)",0.10755105875432491
uob,maybridge-0198-214981682,Cc1ncsc1C(=O)O,,,,"MolGlyph 1.1.1 (BioMiner git 17c6161, molglyph_large)",0.09764056093990803
uob,maybridge-0198-234046075,O=C(O)c1csc(-c2cccs2)n1,,,,"MolGlyph 1.1.1 (BioMiner git 17c6161, molglyph_large)",0.14193430542945862
uob,maybridge-0198-349728731,O=C(O)CCc1nc(-c2ccccc2)c(-c2ccccc2)o1,,,,"MolGlyph 1.1.1 (BioMiner git 17c6161, molglyph_large)",0.20929501205682755
uob,maybridge-0198-350842091,O=C(O)c1csc(-c2cccnc2)n1,,,,"MolGlyph 1.1.1 (BioMiner git 17c6161, molglyph_large)",0.14798600040376186
uob,maybridge-0198-358269992,O=C(O)c1cnon1,,,,"MolGlyph 1.1.1 (BioMiner git 17c6161, molglyph_large)",0.09306972287595272
uob,maybridge-0198-396572833,Cc1ccc(-c2nc(C(=O)O)cs2)cc1,,,,"MolGlyph 1.1.1 (BioMiner git 17c6161, molglyph_large)",0.1609316300600767
uob,maybridge-0198-673678928,Cc1nc(C)c(C(=O)O)s1,,,,"MolGlyph 1.1.1 (BioMiner git 17c6161, molglyph_large)",0.12161078676581383
uob,maybridge-0198-691945188,O=C(O)c1csc(-c2ccccc2)n1,,,,"MolGlyph 1.1.1 (BioMiner git 17c6161, molglyph_large)",0.1457830611616373
uob,maybridge-0198-812309559,O=C(O)c1csc(-c2ccncc2)n1,,,,"MolGlyph 1.1.1 (BioMiner git 17c6161, molglyph_large)",0.1468108631670475
uob,maybridge-0198-851129650,O=C(O)c1nsc(Cl)c1Cl,,,,"MolGlyph 1.1.1 (BioMiner git 17c6161, molglyph_large)",0.11204538494348526
uob,maybridge-0199-34044247,Cc1nc(-c2ccccc2)c(C(=O)O)s1,,,,"MolGlyph 1.1.1 (BioMiner git 17c6161, molglyph_large)",0.1605056133121252
uob,maybridge-0199-434623675,Cc1nc(-c2ccccc2)sc1C(=O)O,,,,"MolGlyph 1.1.1 (BioMiner git 17c6161, molglyph_large)",0.151353744789958
uob,maybridge-0199-469031298,Cc1nc(-c2cnccn2)sc1C(=O)O,,,,"MolGlyph 1.1.1 (BioMiner git 17c6161, molglyph_large)",0.1516108438372612
uob,maybridge-0199-477147341,O=C(O)c1cnc(NCc2ccccc2)s1,,,,"MolGlyph 1.1.1 (BioMiner git 17c6161, molglyph_large)",0.15086981654167175
uob,maybridge-0199-589256352,O=C(O)c1csc(-c2ccc3c(c2)CCO3)n1,,,,"MolGlyph 1.1.1 (BioMiner git 17c6161, molglyph_large)",0.17997337691485882
uob,maybridge-0199-602212255,Cc1nc(Br)sc1C(=O)O,,,,"MolGlyph 1.1.1 (BioMiner git 17c6161, molglyph_large)",0.11229878291487694
uob,maybridge-0199-65132884,Cc1nc(-c2ccc(Cl)cc2)sc1C(=O)O,,,,"MolGlyph 1.1.1 (BioMiner git 17c6161, molglyph_large)",0.1652080100029707
uob,maybridge-0199-680645122,O=C(O)c1csc(-c2cccc(Cl)c2)n1,,,,"MolGlyph 1.1.1 (BioMiner git 17c6161, molglyph_large)",0.161228246986866
uob,maybridge-0199-693681978,Cc1nc(-c2ccc3c(c2)CCO3)sc1C(=O)O,,,,"MolGlyph 1.1.1 (BioMiner git 17c6161, molglyph_large)",0.185544703155756
uob,maybridge-0199-816263651,O=C(O)c1csc(-c2ccc(C(F)(F)F)cc2)n1,,,,"MolGlyph 1.1.1 (BioMiner git 17c6161, molglyph_large)",0.19635829143226147
uob,maybridge-0200-1024995424,Cc1sc(C2CCN(C(=O)OC(C)(C)C)CC2)nc1CC(=O)O,,,,"MolGlyph 1.1.1 (BioMiner git 17c6161, molglyph_large)",0.22939803637564182
uob,maybridge-0200-1054380842,Cc1nnsc1C(=O)O,,,,"MolGlyph 1.1.1 (BioMiner git 17c6161, molglyph_large)",0.09766504727303982
uob,maybridge-0200-16805186,O=C(O)c1sc(-c2ccccc2)nc1-c1ccccc1,,,,"MolGlyph 1.1.1 (BioMiner git 17c6161, molglyph_large)",0.18982528522610664
uob,maybridge-0200-283590861,O=C(O)c1csnn1,,,,"MolGlyph 1.1.1 (BioMiner git 17c6161, molglyph_large)",0.09334355592727661
uob,maybridge-0200-423885403,Cc1nc(CC(=O)O)cs1,,,,"MolGlyph 1.1.1 (BioMiner git 17c6161, molglyph_large)",0.11383523233234882
uob,maybridge-0200-442966786,Cc1nc(-c2ccc(C(F)(F)F)cc2)sc1C(=O)O,,,,"MolGlyph 1.1.1 (BioMiner git 17c6161, molglyph_large)",0.19950217194855213
uob,maybridge-0200-455177756,Cc1nc(C2CCN(C(=O)OC(C)(C)C)CC2)sc1C(=O)O,,,,"MolGlyph 1.1.1 (BioMiner git 17c6161, molglyph_large)",0.2249088529497385
uob,maybridge-0200-47262058,CC(C)(C)OC(=O)N1CCC(c2nc(C(=O)O)cs2)CC1,,,,"MolGlyph 1.1.1 (BioMiner git 17c6161, molglyph_large)",0.21922609210014343
uob,maybridge-0200-568114041,O=C(O)c1csc(-c2cccc(Cl)c2Cl)n1,,,,"MolGlyph 1.1.1 (BioMiner git 17c6161, molglyph_large)",0.16611136496067047
uob,maybridge-0200-830444295,Cc1nc(CC(=O)O)c(C)s1,,,,"MolGlyph 1.1.1 (BioMiner git 17c6161, molglyph_large)",0.1269030813127756
uob,maybridge-0201-441757903,Cc1ccc(C(=O)O)cc1Cl,,,,"MolGlyph 1.1.1 (BioMiner git 17c6161, molglyph_large)",0.11744033358991146
uob,maybridge-0201-458422809,Cc1cc(Cl)ccc1C(=O)O,,,,"MolGlyph 1.1.1 (BioMiner git 17c6161, molglyph_large)",0.11788814328610897
uob,maybridge-0201-478498953,O=C(O)C1CSC(c2cccnc2)=N1,,,,"MolGlyph 1.1.1 (BioMiner git 17c6161, molglyph_large)",0.14708291552960873
uob,maybridge-0201-635635482,CN=C1SC(CC(=O)O)C(=O)N1C,,,,"MolGlyph 1.1.1 (BioMiner git 17c6161, molglyph_large)",0.14700337313115597
uob,maybridge-0201-640066942,O=C(O)c1snnc1-c1ccccc1,,,,"MolGlyph 1.1.1 (BioMiner git 17c6161, molglyph_large)",0.13730095326900482
uob,maybridge-0201-756670522,O=Cc1cc(C(=O)O)ccc1F,,,,"MolGlyph 1.1.1 (BioMiner git 17c6161, molglyph_large)",0.12710688635706902
uob,maybridge-0201-809577012,Nc1cccc(F)c1C(=O)O,,,,"MolGlyph 1.1.1 (BioMiner git 17c6161, molglyph_large)",0.1172459926456213
uob,maybridge-0201-814519556,O=C(O)CSc1nnc(S)s1,,,,"MolGlyph 1.1.1 (BioMiner git 17c6161, molglyph_large)",0.11672033928334713
uob,maybridge-0201-820093584,O=Cc1ccc(F)c(C(=O)O)c1,,,,"MolGlyph 1.1.1 (BioMiner git 17c6161, molglyph_large)",0.13687964342534542
uob,maybridge-0201-919028153,CCNc1ccc(C(=O)O)cc1,,,,"MolGlyph 1.1.1 (BioMiner git 17c6161, molglyph_large)",0.12214264646172523
uob,maybridge-0201-983617281,Cc1ccc(C(=O)O)c(N)c1,,,,"MolGlyph 1.1.1 (BioMiner git 17c6161, molglyph_large)",0.1270480640232563
uob,maybridge-0202-310556039,O=C(O)c1ccc(-n2cccc2)cc1,,,,"MolGlyph 1.1.1 (BioMiner git 17c6161, molglyph_large)",0.14657998830080032
uob,maybridge-0202-317694834,NC(=NO)c1cccc(C(=O)O)c1,,,,"MolGlyph 1.1.1 (BioMiner git 17c6161, molglyph_large)",0.14172668382525444
uob,maybridge-0202-405728036,COc1cc(OC)cc(C(=O)O)c1,,,,"MolGlyph 1.1.1 (BioMiner git 17c6161, molglyph_large)",0.13652079924941063
uob,maybridge-0202-42680325,O=C(O)c1cccc(-n2cccc2)c1,,,,"MolGlyph 1.1.1 (BioMiner git 17c6161, molglyph_large)",0.14631821028888226
uob,maybridge-0202-495536514,O=C(O)c1cccc(-c2ccco2)c1,,,,"MolGlyph 1.1.1 (BioMiner git 17c6161, molglyph_large)",0.1463584043085575
uob,maybridge-0202-551766383,O=C(O)c1ccc(F)c(F)c1F,,,,"MolGlyph 1.1.1 (BioMiner git 17c6161, molglyph_large)",0.13181795552372932
uob,maybridge-0202-613857599,[N+](c1ccc(C(=O)O)c(F)c1)(=O)[O-],,,,"MolGlyph 1.1.1 (BioMiner git 17c6161, molglyph_large)",0.18982816115021706
uob,maybridge-0202-685507786,[N+](c1ccc(O)cc1C(=O)O)(=O)[O-],,,,"MolGlyph 1.1.1 (BioMiner git 17c6161, molglyph_large)",0.18028400279581547
uob,maybridge-0202-865517136,O=C(O)c1ccccc1-c1ccco1,,,,"MolGlyph 1.1.1 (BioMiner git 17c6161, molglyph_large)",0.1368010826408863
uob,maybridge-0202-908776729,O=C(O)c1ccccc1-n1cccc1,,,,"MolGlyph 1.1.1 (BioMiner git 17c6161, molglyph_large)",0.13700379617512226
uob,maybridge-0202-956848151,Cc1cc(C(=O)O)cc(Cl)c1N,,,,"MolGlyph 1.1.1 (BioMiner git 17c6161, molglyph_large)",0.13188506104052067
uob,maybridge-0202-980601206,O=C(O)c1ccc(F)c(Cl)c1,,,,"MolGlyph 1.1.1 (BioMiner git 17c6161, molglyph_large)",0.12712723016738892
uob,maybridge-0203-1017526004,O=C(O)c1cccc(-n2cccn2)c1,,,,"MolGlyph 1.1.1 (BioMiner git 17c6161, molglyph_large)",0.14816872961819172
uob,maybridge-0203-124165833,O=C(O)c1ccccc1-n1cccn1,,,,"MolGlyph 1.1.1 (BioMiner git 17c6161, molglyph_large)",0.1371938493102789
uob,maybridge-0203-141485373,O=C(O)c1cccc(-c2cc[nH]n2)c1,,,,"MolGlyph 1.1.1 (BioMiner git 17c6161, molglyph_large)",0.16149498708546162
uob,maybridge-0203-259521061,O=C(O)c1ccc(-n2ccnc2)cc1,,,,"MolGlyph 1.1.1 (BioMiner git 17c6161, molglyph_large)",0.14675630815327168
uob,maybridge-0203-289503314,O=C(O)c1ccccc1-n1ccnc1,,,,"MolGlyph 1.1.1 (BioMiner git 17c6161, molglyph_large)",0.13713514059782028
uob,maybridge-0203-396426232,O=C(O)c1cccc(-n2ccnc2)c1,,,,"MolGlyph 1.1.1 (BioMiner git 17c6161, molglyph_large)",0.1463634129613638
uob,maybridge-0203-498917777,O=C(O)c1cccc(-c2cnco2)c1,,,,"MolGlyph 1.1.1 (BioMiner git 17c6161, molglyph_large)",0.14620700106024742
uob,maybridge-0203-535376317,O=C(O)c1ccc(-n2cccn2)cc1,,,,"MolGlyph 1.1.1 (BioMiner git 17c6161, molglyph_large)",0.14697322249412537
uob,maybridge-0203-612793137,O=C(O)c1ccc(-c2cnco2)cc1,,,,"MolGlyph 1.1.1 (BioMiner git 17c6161, molglyph_large)",0.1463751345872879
uob,maybridge-0203-724243465,O=C(O)c1ccc(-n2cncn2)cc1,,,,"MolGlyph 1.1.1 (BioMiner git 17c6161, molglyph_large)",0.14638369902968407
uob,maybridge-0203-774963140,O=C(O)c1cccc(-n2cncn2)c1,,,,"MolGlyph 1.1.1 (BioMiner git 17c6161, molglyph_large)",0.1464969739317894
uob,maybridge-0203-941185835,O=C(O)c1ccc(-c2ccco2)cc1,,,,"MolGlyph 1.1.1 (BioMiner git 17c6161, molglyph_large)",0.1468911562114954
uob,maybridge-0204-1032641497,O=C(O)c1cccc(-c2ccncc2)c1,,,,"MolGlyph 1.1.1 (BioMiner git 17c6161, molglyph_large)",0.15129333175718784
uob,maybridge-0204-141933690,O=C(O)c1cccc(N2CCCC2)c1,,,,"MolGlyph 1.1.1 (BioMiner git 17c6161, molglyph_large)",0.14141516387462616
uob,maybridge-0204-229962448,O=C(O)c1cc(Cl)cc(Cl)c1,,,,"MolGlyph 1.1.1 (BioMiner git 17c6161, molglyph_large)",0.12687015533447266
uob,maybridge-0204-309278222,O=C(O)c1ccc(-c2cccnc2)cc1,,,,"MolGlyph 1.1.1 (BioMiner git 17c6161, molglyph_large)",0.15086299180984497
uob,maybridge-0204-495078965,O=C(O)c1cccc(-c2cccnc2)c1,,,,"MolGlyph 1.1.1 (BioMiner git 17c6161, molglyph_large)",0.15085425972938538
uob,maybridge-0204-681756754,O=C(O)c1cc(F)c(F)c(F)c1F,,,,"MolGlyph 1.1.1 (BioMiner git 17c6161, molglyph_large)",0.1464076153934002
uob,maybridge-0204-68905304,CC(=O)Oc1c(C)cccc1C(=O)O,,,,"MolGlyph 1.1.1 (BioMiner git 17c6161, molglyph_large)",0.14692973718047142
uob,maybridge-0204-796160901,COC(=O)c1cccc(C(=O)O)c1N,,,,"MolGlyph 1.1.1 (BioMiner git 17c6161, molglyph_large)",0.14751911908388138
uob,maybridge-0204-922907568,O=C(O)c1cccc(-c2ccccn2)c1,,,,"MolGlyph 1.1.1 (BioMiner git 17c6161, molglyph_large)",0.15297888033092022
uob,maybridge-0204-924381274,O=C(O)c1ccc(-c2ccncc2)cc1,,,,"MolGlyph 1.1.1 (BioMiner git 17c6161, molglyph_large)",0.15221741795539856
uob,maybridge-0204-963333331,O=C(O)c1ccc(N2CCCC2)cc1,,,,"MolGlyph 1.1.1 (BioMiner git 17c6161, molglyph_large)",0.14193901792168617
uob,maybridge-0204-982605007,O=C(O)c1ccccc1-c1cccnc1,,,,"MolGlyph 1.1.1 (BioMiner git 17c6161, molglyph_large)",0.14214853569865227
uob,maybridge-0205-109740051,O=C(O)c1ccccc1Cn1cncn1,,,,"MolGlyph 1.1.1 (BioMiner git 17c6161, molglyph_large)",0.13707068376243114
uob,maybridge-0205-15359405,O=C(O)c1ccc(Cn2cncn2)cc1,,,,"MolGlyph 1.1.1 (BioMiner git 17c6161, molglyph_large)",0.1463180910795927
uob,maybridge-0205-173915134,Cc1nc(-c2cccc(C(=O)O)c2)no1,,,,"MolGlyph 1.1.1 (BioMiner git 17c6161, molglyph_large)",0.16035950928926468
uob,maybridge-0205-347195195,O=C(O)c1ccc(-c2cncnc2)cc1,,,,"MolGlyph 1.1.1 (BioMiner git 17c6161, molglyph_large)",0.1518241986632347
uob,maybridge-0205-490858104,O=C(O)c1cccc(Cn2cncn2)c1,,,,"MolGlyph 1.1.1 (BioMiner git 17c6161, molglyph_large)",0.14633560553193092
uob,maybridge-0205-526627807,O=C(O)c1cccc(-c2ncccn2)c1,,,,"MolGlyph 1.1.1 (BioMiner git 17c6161, molglyph_large)",0.1512860655784607
uob,maybridge-0205-545275685,O=C(O)c1cccc(-c2cncnc2)c1,,,,"MolGlyph 1.1.1 (BioMiner git 17c6161, molglyph_large)",0.1513779889792204
uob,maybridge-0205-641788020,O=C(O)c1ccc(Cn2cccn2)cc1,,,,"MolGlyph 1.1.1 (BioMiner git 17c6161, molglyph_large)",0.14686010032892227
uob,maybridge-0205-6496439,O=C(O)c1cccc(Cn2cccn2)c1,,,,"MolGlyph 1.1.1 (BioMiner git 17c6161, molglyph_large)",0.14606181718409061
uob,maybridge-0205-69029292,NS(=O)(=O)c1ccc(C(=O)O)cc1,,,,"MolGlyph 1.1.1 (BioMiner git 17c6161, molglyph_large)",0.15588681772351265
uob,maybridge-0205-834889767,Cn1ccc(-c2cccc(C(=O)O)c2)n1,,,,"MolGlyph 1.1.1 (BioMiner git 17c6161, molglyph_large)",0.16115801222622395
uob,maybridge-0206-174995646,O=C(O)c1cccc(-c2ccsc2)c1,,,,"MolGlyph 1.1.1 (BioMiner git 17c6161, molglyph_large)",0.14579984731972218
uob,maybridge-0206-265873584,Cc1noc(-c2ccccc2C(=O)O)n1,,,,"MolGlyph 1.1.1 (BioMiner git 17c6161, molglyph_large)",0.15185248292982578
uob,maybridge-0206-308887349,O=C(O)c1cccc(N2CCCCC2)c1,,,,"MolGlyph 1.1.1 (BioMiner git 17c6161, molglyph_large)",0.1463396307080984
uob,maybridge-0206-339509330,O=C(O)c1ccc(-c2ccsc2)cc1,,,,"MolGlyph 1.1.1 (BioMiner git 17c6161, molglyph_large)",0.14628538861870766
uob,maybridge-0206-3564600,O=C(O)c1ccc(CN2CCCC2)cc1,,,,"MolGlyph 1.1.1 (BioMiner git 17c6161, molglyph_large)",0.14735147356987
uob,maybridge-0206-390522102,O=C(O)c1ccc(N2CCCCC2)cc1,,,,"MolGlyph 1.1.1 (BioMiner git 17c6161, molglyph_large)",0.14632444456219673
uob,maybridge-0206-603197777,Cc1noc(-c2ccc(C(=O)O)cc2)n1,,,,"MolGlyph 1.1.1 (BioMiner git 17c6161, molglyph_large)",0.16092758253216743
uob,maybridge-0206-700599988,O=C(O)c1ccc(-c2cccs2)cc1,,,,"MolGlyph 1.1.1 (BioMiner git 17c6161, molglyph_large)",0.14670759066939354
uob,maybridge-0206-758077806,O=C(O)c1ccccc1-c1cccs1,,,,"MolGlyph 1.1.1 (BioMiner git 17c6161, molglyph_large)",0.13621662743389606
uob,maybridge-0206-970374795,O=C(O)c1ccc(-c2nccs2)cc1,,,,"MolGlyph 1.1.1 (BioMiner git 17c6161, molglyph_large)",0.14699086360633373
uob,maybridge-0206-98149745,Cc1nc(-c2ccc(C(=O)O)cc2)no1,,,,"MolGlyph 1.1.1 (BioMiner git 17c6161, molglyph_large)",0.16077373176813126
uob,maybridge-0206-991759577,O=C(O)c1ccccc1OC(F)(F)F,,,,"MolGlyph 1.1.1 (BioMiner git 17c6161, molglyph_large)",0.14265019819140434
uob,maybridge-0207-1028845717,Nc1c(Br)cccc1C(=O)O,,,,"MolGlyph 1.1.1 (BioMiner git 17c6161, molglyph_large)",0.11861640959978104
uob,maybridge-0207-111620513,O=C(O)c1cccc(Oc2ccccn2)c1,,,,"MolGlyph 1.1.1 (BioMiner git 17c6161, molglyph_large)",0.15450462885200977
uob,maybridge-0207-156645010,O=C(O)c1ccccc1N1CCOCC1,,,,"MolGlyph 1.1.1 (BioMiner git 17c6161, molglyph_large)",0.13741497695446014
uob,maybridge-0207-287566782,CC(=O)Nc1cc(Cl)ccc1C(=O)O,,,,"MolGlyph 1.1.1 (BioMiner git 17c6161, molglyph_large)",0.14755876176059246
uob,maybridge-0207-380588988,O=C(O)c1ccc(-c2csnn2)cc1,,,,"MolGlyph 1.1.1 (BioMiner git 17c6161, molglyph_large)",0.14815114438533783
uob,maybridge-0207-415502671,O=C(O)c1cc(C(F)(F)F)ccc1F,,,,"MolGlyph 1.1.1 (BioMiner git 17c6161, molglyph_large)",0.15156938694417477
uob,maybridge-0207-479390220,O=C(O)c1ccc(N2CCOCC2)cc1,,,,"MolGlyph 1.1.1 (BioMiner git 17c6161, molglyph_large)",0.1475546732544899
uob,maybridge-0207-483924699,O=C(O)c1ccc(Oc2ccccn2)cc1,,,,"MolGlyph 1.1.1 (BioMiner git 17c6161, molglyph_large)",0.15198692865669727
uob,maybridge-0207-491541740,Cc1ccc(C)n1-c1ccccc1C(=O)O,,,,"MolGlyph 1.1.1 (BioMiner git 17c6161, molglyph_large)",0.15625030361115932
uob,maybridge-0207-495576569,O=C(O)c1cccc(N2CCOCC2)c1,,,,"MolGlyph 1.1.1 (BioMiner git 17c6161, molglyph_large)",0.14682585559785366
uob,maybridge-0207-553422313,CN(C)CCOc1ccccc1C(=O)O,,,,"MolGlyph 1.1.1 (BioMiner git 17c6161, molglyph_large)",0.1366113591939211
uob,maybridge-0207-956868079,Nc1ccc(Br)cc1C(=O)O,,,,"MolGlyph 1.1.1 (BioMiner git 17c6161, molglyph_large)",0.11725323833525181
uob,maybridge-0208-104203990,Cc1cc(C)n(-c2ccc(C(=O)O)cc2)n1,,,,"MolGlyph 1.1.1 (BioMiner git 17c6161, molglyph_large)",0.17498492822051048
uob,maybridge-0208-109510881,CN1CCN(c2ccccc2C(=O)O)CC1,,,,"MolGlyph 1.1.1 (BioMiner git 17c6161, molglyph_large)",0.15197879634797573
uob,maybridge-0208-237680151,Nc1ccc(C(=O)O)cc1OC(F)(F)F,,,,"MolGlyph 1.1.1 (BioMiner git 17c6161, molglyph_large)",0.15577933192253113
uob,maybridge-0208-271422107,Cc1nc(-c2ccc(C(=O)O)cc2)cs1,,,,"MolGlyph 1.1.1 (BioMiner git 17c6161, molglyph_large)",0.16137465462088585
uob,maybridge-0208-291690556,O=C(O)c1ccc(CN2CCCCC2)cc1,,,,"MolGlyph 1.1.1 (BioMiner git 17c6161, molglyph_large)",0.15397785231471062
uob,maybridge-0208-312260521,O=C(O)c1ccc(-c2ccccc2F)cc1,,,,"MolGlyph 1.1.1 (BioMiner git 17c6161, molglyph_large)",0.15657459571957588
uob,maybridge-0208-578191340,Cc1n[nH]c(C)c1-c1ccccc1C(=O)O,,,,"MolGlyph 1.1.1 (BioMiner git 17c6161, molglyph_large)",0.17020873725414276
uob,maybridge-0208-630631966,CN1CCN(c2cccc(C(=O)O)c2)CC1,,,,"MolGlyph 1.1.1 (BioMiner git 17c6161, molglyph_large)",0.16131159290671349
uob,maybridge-0208-74621171,O=C(O)c1ccc(C(=O)C(F)(F)F)cc1,,,,"MolGlyph 1.1.1 (BioMiner git 17c6161, molglyph_large)",0.17133568413555622
uob,maybridge-0208-801782703,Cc1nc(-c2cccc(C(=O)O)c2)cs1,,,,"MolGlyph 1.1.1 (BioMiner git 17c6161, molglyph_large)",0.16175759956240654
uob,maybridge-0208-819507286,CN1CCN(c2ccc(C(=O)O)cc2)CC1,,,,"MolGlyph 1.1.1 (BioMiner git 17c6161, molglyph_large)",0.1627414207905531
uob,maybridge-0208-867893244,COc1ccc(C(=O)O)c(Cl)c1OC,,,,"MolGlyph 1.1.1 (BioMiner git 17c6161, molglyph_large)",0.14258702099323273
uob,maybridge-0209-258986885,O=C([O-])c1ccccc1CN1CCOCC1.[Li+],,,,"MolGlyph 1.1.1 (BioMiner git 17c6161, molglyph_large)",0.18044056370854378
uob,maybridge-0209-391085634,O=Cc1ccc(-c2ccccc2C(=O)O)cc1,,,,"MolGlyph 1.1.1 (BioMiner git 17c6161, molglyph_large)",0.1656519863754511
uob,maybridge-0209-452729979,O=C(O)c1ccccc1OC1CCOCC1,,,,"MolGlyph 1.1.1 (BioMiner git 17c6161, molglyph_large)",0.1416464578360319
uob,maybridge-0209-478833904,O=Cc1cccc(-c2cccc(C(=O)O)c2)c1,,,,"MolGlyph 1.1.1 (BioMiner git 17c6161, molglyph_large)",0.1750834546983242
uob,maybridge-0209-560654361,O=Cc1ccc(-c2ccc(C(=O)O)cc2)cc1,,,,"MolGlyph 1.1.1 (BioMiner git 17c6161, molglyph_large)",0.17611980065703392
uob,maybridge-0209-635658112,O=Cc1cccc(-c2ccc(C(=O)O)cc2)c1,,,,"MolGlyph 1.1.1 (BioMiner git 17c6161, molglyph_large)",0.17673560418188572
uob,maybridge-0209-66871866,O=C(O)c1cccc(COc2ccccc2)c1,,,,"MolGlyph 1.1.1 (BioMiner git 17c6161, molglyph_large)",0.15604795888066292
uob,maybridge-0209-739981547,O=C(O)c1ccc(CN2CCOCC2)cc1,,,,"MolGlyph 1.1.1 (BioMiner git 17c6161, molglyph_large)",0.15135853923857212
uob,maybridge-0209-945521675,O=Cc1ccc(-c2cccc(C(=O)O)c2)cc1,,,,"MolGlyph 1.1.1 (BioMiner git 17c6161, molglyph_large)",0.175547381862998
uob,maybridge-0209-951680626,O=Cc1cccc(-c2ccccc2C(=O)O)c1,,,,"MolGlyph 1.1.1 (BioMiner git 17c6161, molglyph_large)",0.1652728784829378
uob,maybridge-0209-95170525,O=C(O)c1ccc(OC2CCOCC2)cc1,,,,"MolGlyph 1.1.1 (BioMiner git 17c6161, molglyph_large)",0.15114361979067326
uob,maybridge-0209-959624246,O=Cc1ccccc1-c1ccccc1C(=O)O,,,,"MolGlyph 1.1.1 (BioMiner git 17c6161, molglyph_large)",0.15567227266728878
uob,maybridge-0210-1039553507,COc1ccc(C(=O)O)cc1OC1CCCC1,,,,"MolGlyph 1.1.1 (BioMiner git 17c6161, molglyph_large)",0.15756561793386936
uob,maybridge-0210-193762978,Cc1cccc(NC(=O)C(F)(F)F)c1C(=O)O,,,,"MolGlyph 1.1.1 (BioMiner git 17c6161, molglyph_large)",0.18007202073931694
uob,maybridge-0210-411370806,CC(C)(C)OC(=O)NCc1ccc(C(=O)O)cc1,,,,"MolGlyph 1.1.1 (BioMiner git 17c6161, molglyph_large)",0.18570378422737122
uob,maybridge-0210-430483158,O=C(O)c1cccc(CN2CCCC2)c1,,,,"MolGlyph 1.1.1 (BioMiner git 17c6161, molglyph_large)",0.14718848280608654
uob,maybridge-0210-45313479,O=C(O)c1ccccc1I,,,,"MolGlyph 1.1.1 (BioMiner git 17c6161, molglyph_large)",0.10271227918565273
uob,maybridge-0210-574568038,[N+](c1ccc(N2CCOCC2)c(C(=O)O)c1)(=O)[O-],,,,"MolGlyph 1.1.1 (BioMiner git 17c6161, molglyph_large)",0.22284315153956413
uob,maybridge-0210-586421963,O=C(O)c1ccc(Cn2ccnc2)cc1,,,,"MolGlyph 1.1.1 (BioMiner git 17c6161, molglyph_large)",0.14630294404923916
uob,maybridge-0210-721834003,CS(=O)(=O)c1ccc(C(=O)O)c(Cl)c1,,,,"MolGlyph 1.1.1 (BioMiner git 17c6161, molglyph_large)",0.1707241516560316
uob,maybridge-0210-878135550,O=C(O)c1cccc(Cn2ccnc2)c1,,,,"MolGlyph 1.1.1 (BioMiner git 17c6161, molglyph_large)",0.146260317414999
uob,maybridge-0210-944917038,CC(C)(C)OC(=O)Nc1ccc(C(=O)O)cc1,,,,"MolGlyph 1.1.1 (BioMiner git 17c6161, molglyph_large)",0.1802649348974228
uob,maybridge-0210-948884664,O=C(O)c1ccccc1C(=O)c1ccc(F)cc1,,,,"MolGlyph 1.1.1 (BioMiner git 17c6161, molglyph_large)",0.17546838335692883
uob,maybridge-0210-962705495,O=C(O)c1cc(S(=O)(=O)Cl)ccc1O,,,,"MolGlyph 1.1.1 (BioMiner git 17c6161, molglyph_large)",0.16111980006098747
uob,maybridge-0211-15189613,CCOc1c(Nc2ccc(C(=O)O)cc2)c(=O)c1=O,,,,"MolGlyph 1.1.1 (BioMiner git 17c6161, molglyph_large)",0.1944963000714779
uob,maybridge-0211-192657183,O=C(O)c1ccc(CN2CCS(=O)(=O)CC2)cc1,,,,"MolGlyph 1.1.1 (BioMiner git 17c6161, molglyph_large)",0.18961970508098602
uob,maybridge-0211-200872611,O=C(O)c1ccc(Cn2cnc3ccccc32)cc1,,,,"MolGlyph 1.1.1 (BioMiner git 17c6161, molglyph_large)",0.17639638110995293
uob,maybridge-0211-315463061,O=C(O)c1cc(C(F)(F)F)ccc1N1CCOCC1,,,,"MolGlyph 1.1.1 (BioMiner git 17c6161, molglyph_large)",0.18603473342955112
uob,maybridge-0211-464773695,CN1CCCN(c2ccc(C(=O)O)cc2)CC1,,,,"MolGlyph 1.1.1 (BioMiner git 17c6161, molglyph_large)",0.1661977544426918
uob,maybridge-0211-588498571,O=C(O)c1cccc(CN2CCOCC2)c1,,,,"MolGlyph 1.1.1 (BioMiner git 17c6161, molglyph_large)",0.1511360313743353
uob,maybridge-0211-678173263,O=C(O)c1cccc(CN2CCCCC2)c1,,,,"MolGlyph 1.1.1 (BioMiner git 17c6161, molglyph_large)",0.15221747010946274
uob,maybridge-0211-749712882,O=C(O)c1ccccc1CS(=O)c1ccccc1,,,,"MolGlyph 1.1.1 (BioMiner git 17c6161, molglyph_large)",0.16619938053190708
uob,maybridge-0211-975420274,O=C(O)c1ccc(I)c(O)c1,,,,"MolGlyph 1.1.1 (BioMiner git 17c6161, molglyph_large)",0.12684564106166363
uob,maybridge-0211-988163233,O=C(O)c1ccc(-n2ccc(C(F)(F)F)n2)cc1,,,,"MolGlyph 1.1.1 (BioMiner git 17c6161, molglyph_large)",0.19592765532433987
uob,maybridge-0212-261886723,CC(C)(C)OC(=O)N1CCN(c2ccccc2C(=O)O)CC1,,,,"MolGlyph 1.1.1 (BioMiner git 17c6161, molglyph_large)",0.21494492888450623
uob,maybridge-0212-288614462,[N+](c1cc(C(=O)O)ccc1Sc1ccc(C)cc1)(=O)[O-],,,,"MolGlyph 1.1.1 (BioMiner git 17c6161, molglyph_large)",0.23360717296600342
uob,maybridge-0212-454547143,Cc1nn(Cc2cccc(C(=O)O)c2)c(C)c1Br,,,,"MolGlyph 1.1.1 (BioMiner git 17c6161, molglyph_large)",0.18117987178266048
uob,maybridge-0212-482309694,CN1CCN(Cc2ccc(C(=O)O)cc2)CC1.Cl,,,,"MolGlyph 1.1.1 (BioMiner git 17c6161, molglyph_large)",0.1749699842184782
uob,maybridge-0212-544304965,CC(C)(C)OC(=O)N1CCN(Cc2ccc(C(=O)O)cc2)CC1,,,,"MolGlyph 1.1.1 (BioMiner git 17c6161, molglyph_large)",0.22981556877493858
uob,maybridge-0212-620703200,O=C(O)c1cccc(I)c1C(=O)O,,,,"MolGlyph 1.1.1 (BioMiner git 17c6161, molglyph_large)",0.14157831855118275
uob,maybridge-0212-644363184,CC(C)(C)OC(=O)N1CCN(c2ccc(C(=O)O)cc2)CC1,,,,"MolGlyph 1.1.1 (BioMiner git 17c6161, molglyph_large)",0.22600088454782963
uob,maybridge-0212-645623790,Cc1c(C)c(C)c(C(=O)c2ccccc2C(=O)O)c(C)c1C,,,,"MolGlyph 1.1.1 (BioMiner git 17c6161, molglyph_large)",0.22512568160891533
uob,maybridge-0212-903606424,Nc1c(Br)cc(Br)cc1C(=O)O,,,,"MolGlyph 1.1.1 (BioMiner git 17c6161, molglyph_large)",0.1344816293567419
uob,maybridge-0213-117743545,CC(C)(C)OC(=O)N1CCN(Cc2cccc(C(=O)O)c2)CC1,,,,"MolGlyph 1.1.1 (BioMiner git 17c6161, molglyph_large)",0.22860326617956161
uob,maybridge-0213-167491046,Cc1ccc(C)c(C(O)C(=O)O)c1,,,,"MolGlyph 1.1.1 (BioMiner git 17c6161, molglyph_large)",0.146060673519969
uob,maybridge-0213-258802980,c1([N+](=O)[O-])cc(C(=O)O)ccc1S(=O)(=O)c1cc(Cl)ccc1Cl,,,,"MolGlyph 1.1.1 (BioMiner git 17c6161, molglyph_large)",0.24798335321247578
uob,maybridge-0213-460297456,O=C(O)c1cc(Br)c(C(=O)O)cc1Br,,,,"MolGlyph 1.1.1 (BioMiner git 17c6161, molglyph_large)",0.15584552846848965
uob,maybridge-0213-517602785,CC(C)(C)OC(=O)N1CCC(Oc2ccc(C(=O)O)cc2)CC1,,,,"MolGlyph 1.1.1 (BioMiner git 17c6161, molglyph_large)",0.23072219640016556
uob,maybridge-0213-564878923,[N+](c1cc(C(=O)O)ccc1S(c1ccc(C)cc1)(=O)=O)(=O)[O-],,,,"MolGlyph 1.1.1 (BioMiner git 17c6161, molglyph_large)",0.27250251546502113
uob,maybridge-0213-628193581,CC(=NOCc1cccc(C(=O)O)c1)c1ccc(Cl)c(Cl)c1,,,,"MolGlyph 1.1.1 (BioMiner git 17c6161, molglyph_large)",0.21479555033147335
uob,maybridge-0213-701394251,O=C(O)Cc1ccc(F)cc1,,,,"MolGlyph 1.1.1 (BioMiner git 17c6161, molglyph_large)",0.1185963898897171
uob,maybridge-0213-779292729,O=C(O)C(O)c1ccccc1,,,,"MolGlyph 1.1.1 (BioMiner git 17c6161, molglyph_large)",0.1173755582422018
uob,maybridge-0213-838067384,O=C(O)Cc1cc(F)cc(F)c1,,,,"MolGlyph 1.1.1 (BioMiner git 17c6161, molglyph_large)",0.1339550781995058
uob,maybridge-0214-1000215599,O=C(O)C(c1ccccc1)(c1ccccc1)c1ccccc1,,,,"MolGlyph 1.1.1 (BioMiner git 17c6161, molglyph_large)",0.20076478831470013
uob,maybridge-0214-1015953626,COc1ccccc1CCC(=O)O,,,,"MolGlyph 1.1.1 (BioMiner git 17c6161, molglyph_large)",0.11749813705682755
uob,maybridge-0214-132144011,CC(C)(Oc1ccc(C#N)cc1)C(=O)O,,,,"MolGlyph 1.1.1 (BioMiner git 17c6161, molglyph_large)",0.16124499589204788
uob,maybridge-0214-223886268,[N+](c1ccc(CC(=O)O)cc1)(=O)[O-],,,,"MolGlyph 1.1.1 (BioMiner git 17c6161, molglyph_large)",0.1800376232713461
uob,maybridge-0214-271399097,O=C(O)Cc1ccc(Br)cc1,,,,"MolGlyph 1.1.1 (BioMiner git 17c6161, molglyph_large)",0.11657572351396084
uob,maybridge-0214-526836226,O=C(O)C(O)c1ccccc1Cl,,,,"MolGlyph 1.1.1 (BioMiner git 17c6161, molglyph_large)",0.12234464474022388
uob,maybridge-0214-536455230,O=C(O)CSc1ccc(F)cc1,,,,"MolGlyph 1.1.1 (BioMiner git 17c6161, molglyph_large)",0.12378857843577862
uob,maybridge-0214-601072665,O=C(O)Cc1ccc(OC(F)(F)F)cc1,,,,"MolGlyph 1.1.1 (BioMiner git 17c6161, molglyph_large)",0.15534437634050846
uob,maybridge-0214-632785953,[N+](c1cc(OC)c(OC)cc1CC(=O)O)(=O)[O-],,,,"MolGlyph 1.1.1 (BioMiner git 17c6161, molglyph_large)",0.209485886618495
uob,maybridge-0214-658406756,[N+](c1ccccc1CC(=O)O)(=O)[O-],,,,"MolGlyph 1.1.1 (BioMiner git 17c6161, molglyph_large)",0.17056663893163204
uob,maybridge-0214-659265833,O=C(O)Cc1cc(C(F)(F)F)cc(C(F)(F)F)c1,,,,"MolGlyph 1.1.1 (BioMiner git 17c6161, molglyph_large)",0.2002563811838627
uob,maybridge-0214-819417023,[N+](c1ccccc1/C=C/C(=O)O)(=O)[O-],,,,"MolGlyph 1.1.1 (BioMiner git 17c6161, molglyph_large)",0.19007484801113605
uob,maybridge-0215-12030990,N=C(N)N[C@@H](Cc1ccccc1)C(=O)O,,,,"MolGlyph 1.1.1 (BioMiner git 17c6161, molglyph_large)",0.1757354773581028
uob,maybridge-0215-122298759,O=C(O)CC(CC(=O)O)c1ccc(C(F)(F)F)cc1,,,,"MolGlyph 1.1.1 (BioMiner git 17c6161, molglyph_large)",0.20392045006155968
uob,maybridge-0215-430960729,CC(C)(Oc1ccc(C(C)(C)C)cc1)C(=O)O,,,,"MolGlyph 1.1.1 (BioMiner git 17c6161, molglyph_large)",0.18760287761688232
uob,maybridge-0215-484902425,O=C(O)COc1ccc(OC(F)(F)F)cc1,,,,"MolGlyph 1.1.1 (BioMiner git 17c6161, molglyph_large)",0.16100285947322845
uob,maybridge-0215-533762703,[N+](c1ccc(C[C@H](N)C(=O)O)cc1)(=O)[O-],,,,"MolGlyph 1.1.1 (BioMiner git 17c6161, molglyph_large)",0.21856140159070492
uob,maybridge-0215-647304980,O=C(O)/C=C/c1ccc(Cl)c([N+](=O)[O-])c1,,,,"MolGlyph 1.1.1 (BioMiner git 17c6161, molglyph_large)",0.20511098578572273
uob,maybridge-0215-652302505,O=C(O)CCc1ccc(Cl)cc1Cl,,,,"MolGlyph 1.1.1 (BioMiner git 17c6161, molglyph_large)",0.126971747726202
uob,maybridge-0215-682948833,CC(=O)N[C@@H](Cc1ccccc1)C(=O)O,,,,"MolGlyph 1.1.1 (BioMiner git 17c6161, molglyph_large)",0.17509697191417217
uob,maybridge-0215-734377063,CC(Oc1ccc(OC(F)(F)F)cc1)C(=O)O,,,,"MolGlyph 1.1.1 (BioMiner git 17c6161, molglyph_large)",0.17644148878753185
uob,maybridge-0215-781103923,COc1cc(CC(N)C(=O)O)ccc1O,,,,"MolGlyph 1.1.1 (BioMiner git 17c6161, molglyph_large)",0.14688797108829021
uob,maybridge-0215-829465317,O=C(O)/C=C/c1ccc(OC(F)(F)F)cc1,,,,"MolGlyph 1.1.1 (BioMiner git 17c6161, molglyph_large)",0.1761387698352337
uob,maybridge-0215-971046717,NC(Cc1ccc(B(O)O)cc1)C(=O)O,,,,"MolGlyph 1.1.1 (BioMiner git 17c6161, molglyph_large)",0.156243946403265
uob,maybridge-0216-1054472384,O=C(O)C1CCC(C(F)(F)F)CC1,,,,"MolGlyph 1.1.1 (BioMiner git 17c6161, molglyph_large)",0.14717206731438637
uob,maybridge-0216-223752481,O=C(O)CCCc1ccc(Br)cc1,,,,"MolGlyph 1.1.1 (BioMiner git 17c6161, molglyph_large)",0.12732604891061783
uob,maybridge-0216-250601854,O=C(O)CCOC(C(=O)c1ccccc1)c1ccccc1,,,,"MolGlyph 1.1.1 (BioMiner git 17c6161, molglyph_large)",0.19106530398130417
uob,maybridge-0216-358677381,CC(C)(C)OC(=O)N[C@@H](Cc1cccc(F)c1)C(=O)O,,,,"MolGlyph 1.1.1 (BioMiner git 17c6161, molglyph_large)",0.2288035973906517
uob,maybridge-0216-449351703,O=C(O)CCC(=O)c1ccc(Br)cc1,,,,"MolGlyph 1.1.1 (BioMiner git 17c6161, molglyph_large)",0.14593260549008846
uob,maybridge-0216-478532541,O=C(O)CSCCOc1ccccc1,,,,"MolGlyph 1.1.1 (BioMiner git 17c6161, molglyph_large)",0.12278224155306816
uob,maybridge-0216-496608975,O=C(O)CCOc1ccc(Cl)cc1,,,,"MolGlyph 1.1.1 (BioMiner git 17c6161, molglyph_large)",0.12739151157438755
uob,maybridge-0216-514747086,O=C(O)[C@H]1CC[C@H](c2ccc(Cl)cc2)CC1,,,,"MolGlyph 1.1.1 (BioMiner git 17c6161, molglyph_large)",0.19967778213322163
uob,maybridge-0216-618559946,CC1(C(=O)O)CCCCC1,,,,"MolGlyph 1.1.1 (BioMiner git 17c6161, molglyph_large)",0.11298093758523464
uob,maybridge-0216-763438950,CC(C)(C)OC(=O)NC1(C(=O)O)CCCCC1,,,,"MolGlyph 1.1.1 (BioMiner git 17c6161, molglyph_large)",0.18058349937200546
uob,maybridge-0216-887232327,Cc1ccc(C(=O)CCC(=O)O)cc1,,,,"MolGlyph 1.1.1 (BioMiner git 17c6161, molglyph_large)",0.14638607949018478
uob,maybridge-0217-120700705,O=C(O)c1ccnc(Cl)c1,,,,"MolGlyph 1.1.1 (BioMiner git 17c6161, molglyph_large)",0.11199192702770233
uob,maybridge-0217-179239481,CC1C(C(O)=O)=CN=CC=1.Cl,,,,"MolGlyph 1.1.1 (BioMiner git 17c6161, molglyph_large)",0.13723545521497726
uob,maybridge-0217-223655705,O=C(O)c1cccc(Cl)n1,,,,"MolGlyph 1.1.1 (BioMiner git 17c6161, molglyph_large)",0.1123922299593687
uob,maybridge-0217-348572601,O=C(O)c1ccc(Cl)nc1,,,,"MolGlyph 1.1.1 (BioMiner git 17c6161, molglyph_large)",0.11267261952161789
uob,maybridge-0217-372206807,Cc1cc(C(=O)O)cc(Cl)n1,,,,"MolGlyph 1.1.1 (BioMiner git 17c6161, molglyph_large)",0.1270364634692669
uob,maybridge-0217-413668315,O=C(O)c1cc(Cl)cnc1O,,,,"MolGlyph 1.1.1 (BioMiner git 17c6161, molglyph_large)",0.11751074157655239
uob,maybridge-0217-423470562,N[C@@H](CC1CCCCC1)C(=O)O,,,,"MolGlyph 1.1.1 (BioMiner git 17c6161, molglyph_large)",0.1462524328380823
uob,maybridge-0217-579805548,O=C(O)c1cccnc1,,,,"MolGlyph 1.1.1 (BioMiner git 17c6161, molglyph_large)",0.0979286227375269
uob,maybridge-0217-628703758,Cc1cc(C(=O)O)cc(O)n1,,,,"MolGlyph 1.1.1 (BioMiner git 17c6161, molglyph_large)",0.12722882814705372
uob,maybridge-0217-668284578,COC(=O)c1ccc(C(=O)O)nc1,,,,"MolGlyph 1.1.1 (BioMiner git 17c6161, molglyph_large)",0.14126424118876457
uob,maybridge-0217-913750721,COc1ncccc1C(=O)O,,,,"MolGlyph 1.1.1 (BioMiner git 17c6161, molglyph_large)",0.10821438394486904
uob,maybridge-0217-973620177,Nc1cnccc1C(=O)O,,,,"MolGlyph 1.1.1 (BioMiner git 17c6161, molglyph_large)",0.10374433174729347
uob,maybridge-0218-136465959,O=C(O)c1cccnc1N1CCCC1,,,,"MolGlyph 1.1.1 (BioMiner git 17c6161, molglyph_large)",0.13233399018645287
uob,maybridge-0218-178213629,O=C(O)c1cc(Cl)nc(Cl)c1,,,,"MolGlyph 1.1.1 (BioMiner git 17c6161, molglyph_large)",0.1265063751488924
uob,maybridge-0218-275203529,O=C(O)c1ccc(-c2ccco2)nc1,,,,"MolGlyph 1.1.1 (BioMiner git 17c6161, molglyph_large)",0.14864999800920486
uob,maybridge-0218-331854705,COc1cc(C(=O)O)cc(Cl)n1,,,,"MolGlyph 1.1.1 (BioMiner git 17c6161, molglyph_large)",0.13303403183817863
uob,maybridge-0218-399370298,O=C(O)c1cncc(-c2ccccc2)c1,,,,"MolGlyph 1.1.1 (BioMiner git 17c6161, molglyph_large)",0.15194161422550678
uob,maybridge-0218-469829542,O=C(O)c1ccc(Br)nc1,,,,"MolGlyph 1.1.1 (BioMiner git 17c6161, molglyph_large)",0.112520731985569
uob,maybridge-0218-603493910,O=C(O)c1cncc(-n2cccc2)c1,,,,"MolGlyph 1.1.1 (BioMiner git 17c6161, molglyph_large)",0.14730470441281796
uob,maybridge-0218-684662425,O=C(O)c1cncc(Br)c1,,,,"MolGlyph 1.1.1 (BioMiner git 17c6161, molglyph_large)",0.11225327290594578
uob,maybridge-0218-744321722,CCCSc1ncccc1C(=O)O,,,,"MolGlyph 1.1.1 (BioMiner git 17c6161, molglyph_large)",0.11696975864470005
uob,maybridge-0218-750498673,O=C(O)c1cnccc1C(F)(F)F,,,,"MolGlyph 1.1.1 (BioMiner git 17c6161, molglyph_large)",0.1373116374015808
uob,maybridge-0218-772707887,O=C(O)c1ccc(-c2ccccc2)nc1,,,,"MolGlyph 1.1.1 (BioMiner git 17c6161, molglyph_large)",0.15215237438678741
uob,maybridge-0218-9046145,O=C(O)c1cncc(-c2ccco2)c1,,,,"MolGlyph 1.1.1 (BioMiner git 17c6161, molglyph_large)",0.1465942170470953
uob,maybridge-0219-1042024145,O=C(O)c1cccc(N2CCCCC2)n1,,,,"MolGlyph 1.1.1 (BioMiner git 17c6161, molglyph_large)",0.14637283235788345
uob,maybridge-0219-11683780,Cc1nc(C(F)(F)F)ccc1C(=O)O,,,,"MolGlyph 1.1.1 (BioMiner git 17c6161, molglyph_large)",0.1512362826615572
uob,maybridge-0219-303619168,O=C(O)c1cccnc1N1CCOCC1,,,,"MolGlyph 1.1.1 (BioMiner git 17c6161, molglyph_large)",0.13673906959593296
uob,maybridge-0219-372771621,O=C(O)c1cncc(-c2cccs2)c1,,,,"MolGlyph 1.1.1 (BioMiner git 17c6161, molglyph_large)",0.14676891267299652
uob,maybridge-0219-4777479,O=C(O)c1ccnc(N2CCOCC2)c1,,,,"MolGlyph 1.1.1 (BioMiner git 17c6161, molglyph_large)",0.14698921330273151
uob,maybridge-0219-570386815,O=C(O)c1ncccc1N1CCCCC1,,,,"MolGlyph 1.1.1 (BioMiner git 17c6161, molglyph_large)",0.13804969191551208
uob,maybridge-0219-58230396,O=C(O)c1ccc(-c2cccs2)nc1,,,,"MolGlyph 1.1.1 (BioMiner git 17c6161, molglyph_large)",0.14668835140764713
uob,maybridge-0219-594276931,O=C(O)c1ccc(N2CCCCC2)nc1,,,,"MolGlyph 1.1.1 (BioMiner git 17c6161, molglyph_large)",0.1466373372823
uob,maybridge-0219-605455715,O=C(O)c1ccnc(N2CCCCC2)c1,,,,"MolGlyph 1.1.1 (BioMiner git 17c6161, molglyph_large)",0.14627775363624096
uob,maybridge-0219-690245374,CCCCC#Cc1cncc(C(=O)O)c1,,,,"MolGlyph 1.1.1 (BioMiner git 17c6161, molglyph_large)",0.14118527621030807
uob,maybridge-0219-868295674,O=C(O)c1cccc(N2CCOCC2)n1,,,,"MolGlyph 1.1.1 (BioMiner git 17c6161, molglyph_large)",0.14656749181449413
uob,maybridge-0219-87886902,O=C(O)c1ccc(N2CCOCC2)nc1,,,,"MolGlyph 1.1.1 (BioMiner git 17c6161, molglyph_large)",0.1468537487089634
uob,maybridge-0220-124764375,O=C(O)c1ccc(Oc2ccccc2)nc1,,,,"MolGlyph 1.1.1 (BioMiner git 17c6161, molglyph_large)",0.15156455524265766
uob,maybridge-0220-152533945,O=C(O)c1ccnc(N2CCCC2)c1,,,,"MolGlyph 1.1.1 (BioMiner git 17c6161, molglyph_large)",0.14159703627228737
uob,maybridge-0220-211921592,O=Cc1ccc(-c2cncc(C(=O)O)c2)cc1,,,,"MolGlyph 1.1.1 (BioMiner git 17c6161, molglyph_large)",0.1753624714910984
uob,maybridge-0220-326630828,CC(C)(C)C(=O)Nc1ncccc1C(=O)O,,,,"MolGlyph 1.1.1 (BioMiner git 17c6161, molglyph_large)",0.16623392514884472
uob,maybridge-0220-412291412,O=C(O)c1ccc(OCC(F)(F)F)nc1,,,,"MolGlyph 1.1.1 (BioMiner git 17c6161, molglyph_large)",0.15651299990713596
uob,maybridge-0220-482965229,O=C(O)c1cncc(C#Cc2ccccc2)c1,,,,"MolGlyph 1.1.1 (BioMiner git 17c6161, molglyph_large)",0.16089291870594025
uob,maybridge-0220-720734721,O=C(O)c1ccnc(N2CCSCC2)c1,,,,"MolGlyph 1.1.1 (BioMiner git 17c6161, molglyph_large)",0.14704063348472118
uob,maybridge-0220-770555786,CC(C)(C)C(=O)Nc1ccncc1C(=O)O,,,,"MolGlyph 1.1.1 (BioMiner git 17c6161, molglyph_large)",0.16637270525097847
uob,maybridge-0220-89524379,O=C(O)c1cccnc1Sc1ccccc1,,,,"MolGlyph 1.1.1 (BioMiner git 17c6161, molglyph_large)",0.1421293281018734
uob,maybridge-0220-980817196,O=C(O)c1cc(F)c(Cl)nc1Cl,,,,"MolGlyph 1.1.1 (BioMiner git 17c6161, molglyph_large)",0.1321236900985241
uob,maybridge-0221-1045531349,CC(C)(C)OC(=O)N1CCN(c2cc(C(=O)O)ccn2)CC1,,,,"MolGlyph 1.1.1 (BioMiner git 17c6161, molglyph_large)",0.2247161865234375
uob,maybridge-0221-218521976,O=C(O)c1ccc(O)nn1,,,,"MolGlyph 1.1.1 (BioMiner git 17c6161, molglyph_large)",0.11271869577467442
uob,maybridge-0221-403366554,CSc1ncc(Cl)c(C(=O)O)n1,,,,"MolGlyph 1.1.1 (BioMiner git 17c6161, molglyph_large)",0.13267596252262592
uob,maybridge-0221-490258538,CC(C)(C)OC(=O)N1CCN(c2ccc(C(=O)O)cn2)CC1,,,,"MolGlyph 1.1.1 (BioMiner git 17c6161, molglyph_large)",0.22480185143649578
uob,maybridge-0221-528068795,Cc1ncc(C(=O)O)c(-c2ccccc2)n1,,,,"MolGlyph 1.1.1 (BioMiner git 17c6161, molglyph_large)",0.16662693209946156
uob,maybridge-0221-541149979,Cc1nc(-c2ccccc2)ncc1C(=O)O,,,,"MolGlyph 1.1.1 (BioMiner git 17c6161, molglyph_large)",0.15625989064574242
uob,maybridge-0221-564636464,O=C(O)c1cccnc1Oc1ccc(F)cc1,,,,"MolGlyph 1.1.1 (BioMiner git 17c6161, molglyph_large)",0.15694346092641354
uob,maybridge-0221-759712176,O=C(O)Cc1cccnc1,,,,"MolGlyph 1.1.1 (BioMiner git 17c6161, molglyph_large)",0.10252467356622219
uob,maybridge-0221-809893147,O=C(O)c1cncnc1,,,,"MolGlyph 1.1.1 (BioMiner git 17c6161, molglyph_large)",0.0977251511067152
uob,maybridge-0221-962355223,O=C(O)c1cc(Br)cnc1Br,,,,"MolGlyph 1.1.1 (BioMiner git 17c6161, molglyph_large)",0.11756139062345028
uob,maybridge-0222-112380686,O=C1CCC(C(=O)O)=NN1,,,,"MolGlyph 1.1.1 (BioMiner git 17c6161, molglyph_large)",0.12205780483782291
uob,maybridge-0222-160022183,CSc1ncc(Br)c(C(=O)O)n1,,,,"MolGlyph 1.1.1 (BioMiner git 17c6161, molglyph_large)",0.13146044500172138
uob,maybridge-0222-239782217,O=C(O)C1CCCNC1,,,,"MolGlyph 1.1.1 (BioMiner git 17c6161, molglyph_large)",0.09844755567610264
uob,maybridge-0222-356839134,CC(=O)N1CCC(C(=O)O)CC1,,,,"MolGlyph 1.1.1 (BioMiner git 17c6161, molglyph_large)",0.13643248192965984
uob,maybridge-0222-477605976,Cc1cnc(C(=O)O)cn1,,,,"MolGlyph 1.1.1 (BioMiner git 17c6161, molglyph_large)",0.11217694915831089
uob,maybridge-0222-700280695,CC(C)(C)OC(=O)N1CCCC(C(=O)O)C1,,,,"MolGlyph 1.1.1 (BioMiner git 17c6161, molglyph_large)",0.1756584458053112
uob,maybridge-0222-796612650,Cc1cncc(N2CCC(C(=O)O)CC2)n1,,,,"MolGlyph 1.1.1 (BioMiner git 17c6161, molglyph_large)",0.16155602596700191
uob,maybridge-0222-954691633,O=C(O)c1cnc(O)nc1-c1ccncc1,,,,"MolGlyph 1.1.1 (BioMiner git 17c6161, molglyph_large)",0.15622112154960632
uob,maybridge-0222-97806199,O=C(O)C1CCCN(C(=O)OCc2ccccc2)C1,,,,"MolGlyph 1.1.1 (BioMiner git 17c6161, molglyph_large)",0.18098407424986362
uob,maybridge-0223-246620485,O=C(O)[C@H]1CCCCN1C(=O)OCC1c2ccccc2-c2ccccc21,,,,"MolGlyph 1.1.1 (BioMiner git 17c6161, molglyph_large)",0.24901053123176098
uob,maybridge-0223-367348066,CC(C)(C)OC(=O)N1CCN(C(=O)OCC2c3ccccc3-c3ccccc32)CC1C(=O)O,,,,"MolGlyph 1.1.1 (BioMiner git 17c6161, molglyph_large)",0.3081743661314249
uob,maybridge-0223-368614193,O=C(O)C1CCN(C(=O)OCc2ccccc2)CC1,,,,"MolGlyph 1.1.1 (BioMiner git 17c6161, molglyph_large)",0.1820506528019905
uob,maybridge-0223-375240692,O=C(O)C1CNCCN1,,,,"MolGlyph 1.1.1 (BioMiner git 17c6161, molglyph_large)",0.09879752434790134
uob,maybridge-0223-648780318,C=CCOC(=O)N1CCN(C(=O)OCC2c3ccccc3-c3ccccc32)C(C(=O)O)C1,,,,"MolGlyph 1.1.1 (BioMiner git 17c6161, molglyph_large)",0.29807573556900024
uob,maybridge-0223-71084306,O=C(O)C1CCN(c2ccc(C(F)(F)F)cn2)CC1,,,,"MolGlyph 1.1.1 (BioMiner git 17c6161, molglyph_large)",0.19514822401106358
uob,maybridge-0223-847798093,O=C(O)C1CCN(c2nccc(C(F)(F)F)n2)CC1,,,,"MolGlyph 1.1.1 (BioMiner git 17c6161, molglyph_large)",0.19517923146486282
uob,maybridge-0224-259781219,O=C(O)c1cc2ccsc2s1,,,,"MolGlyph 1.1.1 (BioMiner git 17c6161, molglyph_large)",0.11742707528173923
uob,maybridge-0224-275701182,CC(C)(C)OC(=O)N1CCSCC1C(=O)O,,,,"MolGlyph 1.1.1 (BioMiner git 17c6161, molglyph_large)",0.16628511995077133
uob,maybridge-0224-376756662,O=C(O)C1CCOCC1,,,,"MolGlyph 1.1.1 (BioMiner git 17c6161, molglyph_large)",0.09731360711157322
uob,maybridge-0224-521368898,O=C(O)C1CN(Cc2ccccc2)CCO1,,,,"MolGlyph 1.1.1 (BioMiner git 17c6161, molglyph_large)",0.15178114734590054
uob,maybridge-0224-593489528,O=C(O)c1cc2sccc2s1,,,,"MolGlyph 1.1.1 (BioMiner git 17c6161, molglyph_large)",0.11782318912446499
uob,maybridge-0224-622076165,CC(C)(C)OC(=O)N1CCN(C(=O)OCC2c3ccccc3-c3ccccc32)C(C(=O)O)C1,,,,"MolGlyph 1.1.1 (BioMiner git 17c6161, molglyph_large)",0.31669172272086143
uob,maybridge-0224-671128072,Cn1c(C(=O)O)cc2occc21,,,,"MolGlyph 1.1.1 (BioMiner git 17c6161, molglyph_large)",0.1323070153594017
uob,maybridge-0224-794387390,CC1(C(=O)O)CC2C=CC1C2,,,,"MolGlyph 1.1.1 (BioMiner git 17c6161, molglyph_large)",0.1373253222554922
uob,maybridge-0224-991653664,O=C(O)C1CCCCO1,,,,"MolGlyph 1.1.1 (BioMiner git 17c6161, molglyph_large)",0.09783978201448917
uob,maybridge-0225-1005037276,O=C(O)c1cn2ccsc2n1,,,,"MolGlyph 1.1.1 (BioMiner git 17c6161, molglyph_large)",0.11831161007285118
uob,maybridge-0225-1063595634,[N+](c1cccc2cc(C(=O)O)[nH]c12)(=O)[O-],,,,"MolGlyph 1.1.1 (BioMiner git 17c6161, molglyph_large)",0.21436757408082485
uob,maybridge-0225-141855792,O=C(O)C1CC2CC(C1)C(O)CC2,,,,"MolGlyph 1.1.1 (BioMiner git 17c6161, molglyph_large)",0.14644791558384895
uob,maybridge-0225-265670431,O=C(O)c1c[nH]c2ccccc12,,,,"MolGlyph 1.1.1 (BioMiner git 17c6161, molglyph_large)",0.13722334243357182
uob,maybridge-0225-311479922,Cn1c(C(=O)O)cc2sccc21,,,,"MolGlyph 1.1.1 (BioMiner git 17c6161, molglyph_large)",0.13126610405743122
uob,maybridge-0225-508214306,O=C(O)c1cc2cc(OCc3ccccc3)ccc2[nH]1,,,,"MolGlyph 1.1.1 (BioMiner git 17c6161, molglyph_large)",0.1949934083968401
uob,maybridge-0225-542351582,Cc1nn(C)c2sc(C(=O)O)cc12,,,,"MolGlyph 1.1.1 (BioMiner git 17c6161, molglyph_large)",0.1460403110831976
uob,maybridge-0225-709532243,O=C(O)c1cc2sccc2[nH]1,,,,"MolGlyph 1.1.1 (BioMiner git 17c6161, molglyph_large)",0.13227934576570988
uob,maybridge-0225-734186824,Cc1nc2sccn2c1C(=O)O,,,,"MolGlyph 1.1.1 (BioMiner git 17c6161, molglyph_large)",0.12236239016056061
uob,maybridge-0225-966445608,O=C(O)c1cc2cc(OC(F)(F)F)ccc2[nH]1,,,,"MolGlyph 1.1.1 (BioMiner git 17c6161, molglyph_large)",0.19026806391775608
uob,maybridge-0226-203566549,Cc1cn(CCC(=O)O)c2ccccc12,,,,"MolGlyph 1.1.1 (BioMiner git 17c6161, molglyph_large)",0.1466486006975174
uob,maybridge-0226-453601788,O=C(O)c1cc2ccccc2n1S(=O)(=O)c1ccccc1,,,,"MolGlyph 1.1.1 (BioMiner git 17c6161, molglyph_large)",0.20686925947666168
uob,maybridge-0226-48783474,NC(Cc1c[nH]c2ccc(F)cc12)C(=O)O,,,,"MolGlyph 1.1.1 (BioMiner git 17c6161, molglyph_large)",0.17580615542829037
uob,maybridge-0226-695528422,O=C(O)c1cn(S(=O)(=O)c2ccccc2)c2ccccc12,,,,"MolGlyph 1.1.1 (BioMiner git 17c6161, molglyph_large)",0.21494453586637974
uob,maybridge-0226-717200069,O=C(O)Cc1c[nH]c2ccccc12,,,,"MolGlyph 1.1.1 (BioMiner git 17c6161, molglyph_large)",0.14154607988893986
uob,maybridge-0226-763310821,NC(Cc1c[nH]c2ccc(O)cc12)C(=O)O,,,,"MolGlyph 1.1.1 (BioMiner git 17c6161, molglyph_large)",0.17618987150490284
uob,maybridge-0226-891851244,CC(C)(C)OC(=O)n1cc(C(=O)O)c2cc(Br)ccc21,,,,"MolGlyph 1.1.1 (BioMiner git 17c6161, molglyph_large)",0.21436962857842445
uob,maybridge-0226-921051026,[N+](c1ccc2[nH]c(C(=O)O)c(-c3ccccc3)c2c1)(=O)[O-],,,,"MolGlyph 1.1.1 (BioMiner git 17c6161, molglyph_large)",0.2682168185710907
uob,maybridge-0226-981855018,CC(C)(C)OC(=O)n1cc(C(=O)O)c2c(Br)cccc21,,,,"MolGlyph 1.1.1 (BioMiner git 17c6161, molglyph_large)",0.2156632486730814
uob,maybridge-0227-130854663,Cn1ccc2ccc(C(=O)O)cc21,,,,"MolGlyph 1.1.1 (BioMiner git 17c6161, molglyph_large)",0.13672825321555138
uob,maybridge-0227-185304625,Cc1ccc(S(=O)(=O)n2cc(C=CC(=O)O)c3ccccc32)cc1,,,,"MolGlyph 1.1.1 (BioMiner git 17c6161, molglyph_large)",0.24411844089627266
uob,maybridge-0227-267470928,O=Cc1c[nH]c2c(C(=O)O)cccc12,,,,"MolGlyph 1.1.1 (BioMiner git 17c6161, molglyph_large)",0.16115696355700493
uob,maybridge-0227-288658051,O=C(O)c1n[nH]c2ccccc12,,,,"MolGlyph 1.1.1 (BioMiner git 17c6161, molglyph_large)",0.1378518771380186
uob,maybridge-0227-380088387,Cc1[nH]c2cc(C(=O)O)ccc2c1C,,,,"MolGlyph 1.1.1 (BioMiner git 17c6161, molglyph_large)",0.15636219456791878
uob,maybridge-0227-420710330,Cn1ccc2c(C(=O)O)cccc21,,,,"MolGlyph 1.1.1 (BioMiner git 17c6161, molglyph_large)",0.13764363154768944
uob,maybridge-0227-429400467,O=C(O)c1cccc2cc[nH]c12,,,,"MolGlyph 1.1.1 (BioMiner git 17c6161, molglyph_large)",0.13855618424713612
uob,maybridge-0227-522980960,Cc1[nH]c2ccc(C(=O)O)cc2c1C,,,,"MolGlyph 1.1.1 (BioMiner git 17c6161, molglyph_large)",0.1559760607779026
uob,maybridge-0227-609016261,NC(Cc1c[nH]c2cc(F)ccc12)C(=O)O,,,,"MolGlyph 1.1.1 (BioMiner git 17c6161, molglyph_large)",0.17554684169590473
uob,maybridge-0227-631331202,O=C(O)c1cccc2[nH]ccc12,,,,"MolGlyph 1.1.1 (BioMiner git 17c6161, molglyph_large)",0.1372286882251501
uob,maybridge-0227-760527472,Cn1ccc2cc(C(=O)O)ccc21,,,,"MolGlyph 1.1.1 (BioMiner git 17c6161, molglyph_large)",0.13880220241844654
uob,maybridge-0228-1018381982,Cc1nc2ccccc2n1CC(=O)O,,,,"MolGlyph 1.1.1 (BioMiner git 17c6161, molglyph_large)",0.13433194905519485
uob,maybridge-0228-1040932732,Cn1nc2ccccc2c1C(=O)O,,,,"MolGlyph 1.1.1 (BioMiner git 17c6161, molglyph_large)",0.1298663504421711
uob,maybridge-0228-1059397723,Cn1nc(C(=O)O)c2ccccc21,,,,"MolGlyph 1.1.1 (BioMiner git 17c6161, molglyph_large)",0.13768569380044937
uob,maybridge-0228-141708092,O=C(O)Cn1c(CN2CCOCC2)nc2ccccc21,,,,"MolGlyph 1.1.1 (BioMiner git 17c6161, molglyph_large)",0.18200856819748878
uob,maybridge-0228-165174851,O=C(O)Cn1cnc2ccccc21,,,,"MolGlyph 1.1.1 (BioMiner git 17c6161, molglyph_large)",0.12860351987183094
uob,maybridge-0228-304530924,O=C(O)c1n[nH]c2ccc(Br)cc12,,,,"MolGlyph 1.1.1 (BioMiner git 17c6161, molglyph_large)",0.15397086553275585
uob,maybridge-0228-495087221,O=C(O)c1nc2ccccc2[nH]1,,,,"MolGlyph 1.1.1 (BioMiner git 17c6161, molglyph_large)",0.13711360096931458
uob,maybridge-0228-726514417,O=C(O)Cn1c(C(F)(F)F)nc2ccccc21,,,,"MolGlyph 1.1.1 (BioMiner git 17c6161, molglyph_large)",0.1756812147796154
uob,maybridge-0228-802407304,Cc1nc2ccccc2n1CCCC(=O)O,,,,"MolGlyph 1.1.1 (BioMiner git 17c6161, molglyph_large)",0.14156787656247616
uob,maybridge-0229-1018111118,O=C(O)c1cnn2ccccc12,,,,"MolGlyph 1.1.1 (BioMiner git 17c6161, molglyph_large)",0.12297610193490982
uob,maybridge-0229-102327857,O=C([O-])c1cn2ccccc2n1.[Na+],,,,"MolGlyph 1.1.1 (BioMiner git 17c6161, molglyph_large)",0.16052940115332603
uob,maybridge-0229-312155459,O=C(O)c1cnc2ccccn12,,,,"MolGlyph 1.1.1 (BioMiner git 17c6161, molglyph_large)",0.12189036794006824
uob,maybridge-0229-348710142,Cc1nc2ccccn2c1C(=O)O,,,,"MolGlyph 1.1.1 (BioMiner git 17c6161, molglyph_large)",0.12767950259149075
uob,maybridge-0229-390444431,O=C(O)c1cc2ccccn2n1,,,,"MolGlyph 1.1.1 (BioMiner git 17c6161, molglyph_large)",0.12347006425261497
uob,maybridge-0229-451684022,CC(C)n1c(C(F)(F)F)nc2cc(C(=O)O)ccc21,,,,"MolGlyph 1.1.1 (BioMiner git 17c6161, molglyph_large)",0.2046202328056097
uob,maybridge-0229-521698796,O=C(O)c1ccc2nccn2c1,,,,"MolGlyph 1.1.1 (BioMiner git 17c6161, molglyph_large)",0.12261241301894188
uob,maybridge-0229-616566813,Cc1nc2cc(C(=O)O)ccc2[nH]1,,,,"MolGlyph 1.1.1 (BioMiner git 17c6161, molglyph_large)",0.1515933871269226
uob,maybridge-0229-631265458,O=C(O)CCCn1c(C(F)(F)F)nc2ccccc21,,,,"MolGlyph 1.1.1 (BioMiner git 17c6161, molglyph_large)",0.1857170406728983
uob,maybridge-0229-914235085,O=C(O)c1nn2ccccc2c1C(=O)O,,,,"MolGlyph 1.1.1 (BioMiner git 17c6161, molglyph_large)",0.15114017389714718
uob,maybridge-0230-140573233,Cc1cc2ncc(C(=O)O)c(C)n2n1,,,,"MolGlyph 1.1.1 (BioMiner git 17c6161, molglyph_large)",0.15096396580338478
uob,maybridge-0230-161634645,Cn1nnc2cc(C(=O)O)ccc21,,,,"MolGlyph 1.1.1 (BioMiner git 17c6161, molglyph_large)",0.14448919333517551
uob,maybridge-0230-223539183,CC(C)(C)OC(=O)N1c2ccccc2CC1C(=O)O,,,,"MolGlyph 1.1.1 (BioMiner git 17c6161, molglyph_large)",0.19359949976205826
uob,maybridge-0230-362147393,CC(C)n1nnc2cc(C(=O)O)ccc21,,,,"MolGlyph 1.1.1 (BioMiner git 17c6161, molglyph_large)",0.15798807330429554
uob,maybridge-0230-456439471,Cc1nn(C)c2ncc(C(=O)O)c(Cl)c12,,,,"MolGlyph 1.1.1 (BioMiner git 17c6161, molglyph_large)",0.16647569835186005
uob,maybridge-0230-504987444,O=C(O)c1ccc2[nH]nnc2c1,,,,"MolGlyph 1.1.1 (BioMiner git 17c6161, molglyph_large)",0.13696708343923092
uob,maybridge-0230-566763368,O=C(O)c1cn2nc(Cl)ccc2n1,,,,"MolGlyph 1.1.1 (BioMiner git 17c6161, molglyph_large)",0.13734211586415768
uob,maybridge-0230-579794589,O=C1Nc2c(C(=O)O)cccc2C1=O,,,,"MolGlyph 1.1.1 (BioMiner git 17c6161, molglyph_large)",0.15138410404324532
uob,maybridge-0230-682096526,Cc1cc2nnc(C(=O)O)c(C)n2n1,,,,"MolGlyph 1.1.1 (BioMiner git 17c6161, molglyph_large)",0.15195990726351738
uob,maybridge-0230-786243915,O=C(O)CCN1C(=O)c2ccccc2C1=O,,,,"MolGlyph 1.1.1 (BioMiner git 17c6161, molglyph_large)",0.16137359105050564
uob,maybridge-0231-198123139,O=C(O)C1Cc2ccccc2O1,,,,"MolGlyph 1.1.1 (BioMiner git 17c6161, molglyph_large)",0.12209059484302998
uob,maybridge-0231-205072715,COc1ccc2c(CC(=O)O)coc2c1,,,,"MolGlyph 1.1.1 (BioMiner git 17c6161, molglyph_large)",0.14688045531511307
uob,maybridge-0231-254890467,CC1(C)Cc2cccc(C(=O)O)c2O1,,,,"MolGlyph 1.1.1 (BioMiner git 17c6161, molglyph_large)",0.15121370181441307
uob,maybridge-0231-561749615,O=C(O)c1ccc2occc2c1,,,,"MolGlyph 1.1.1 (BioMiner git 17c6161, molglyph_large)",0.12248820066452026
uob,maybridge-0231-569803412,O=C(O)Cc1coc2ccccc12,,,,"MolGlyph 1.1.1 (BioMiner git 17c6161, molglyph_large)",0.12727894634008408
uob,maybridge-0231-594405033,O=C(O)c1coc2c1C(=O)CCC2,,,,"MolGlyph 1.1.1 (BioMiner git 17c6161, molglyph_large)",0.14304397627711296
uob,maybridge-0231-66239917,O=C(O)c1ccc2c(c1)CCO2,,,,"MolGlyph 1.1.1 (BioMiner git 17c6161, molglyph_large)",0.1338120475411415
uob,maybridge-0231-814193697,O=C(O)c1cc2cc(Br)ccc2o1,,,,"MolGlyph 1.1.1 (BioMiner git 17c6161, molglyph_large)",0.13716301694512367
uob,maybridge-0231-910754364,O=C(O)c1cc(Br)cc2c1OCC2,,,,"MolGlyph 1.1.1 (BioMiner git 17c6161, molglyph_large)",0.13669773191213608
uob,maybridge-0231-966052645,O=C(O)c1cccc2c1OCC2,,,,"MolGlyph 1.1.1 (BioMiner git 17c6161, molglyph_large)",0.12186752818524837
uob,maybridge-0232-1049127247,O=C(O)c1csc2ccc(Cl)cc12,,,,"MolGlyph 1.1.1 (BioMiner git 17c6161, molglyph_large)",0.13740761019289494
uob,maybridge-0232-290596231,O=C(O)c1cc2cc(Br)ccc2s1,,,,"MolGlyph 1.1.1 (BioMiner git 17c6161, molglyph_large)",0.13761536218225956
uob,maybridge-0232-332278864,Cc1ccc2sc(C(=O)O)cc2c1,,,,"MolGlyph 1.1.1 (BioMiner git 17c6161, molglyph_large)",0.13715771585702896
uob,maybridge-0232-350063852,[N+](c1ccc2sc(C(=O)O)cc2c1)(=O)[O-],,,,"MolGlyph 1.1.1 (BioMiner git 17c6161, molglyph_large)",0.20014389976859093
uob,maybridge-0232-378939339,O=C(O)c1csc2ccc(Br)cc12,,,,"MolGlyph 1.1.1 (BioMiner git 17c6161, molglyph_large)",0.13739477284252644
uob,maybridge-0232-401963766,O=C(O)c1csc2ccccc12,,,,"MolGlyph 1.1.1 (BioMiner git 17c6161, molglyph_large)",0.12260829657316208
uob,maybridge-0232-405870525,O=C(O)c1cccc2c1OCO2,,,,"MolGlyph 1.1.1 (BioMiner git 17c6161, molglyph_large)",0.1219842191785574
uob,maybridge-0232-784458704,O=C(O)Cc1csc2ccccc12,,,,"MolGlyph 1.1.1 (BioMiner git 17c6161, molglyph_large)",0.1273017730563879
uob,maybridge-0232-863751586,Cc1c(CC(=O)O)sc2ccc(Cl)cc12,,,,"MolGlyph 1.1.1 (BioMiner git 17c6161, molglyph_large)",0.15670828521251678
uob,maybridge-0232-88107105,Cc1c(C(=O)O)sc2ccc(Cl)cc12,,,,"MolGlyph 1.1.1 (BioMiner git 17c6161, molglyph_large)",0.1523023322224617
uob,maybridge-0232-995974971,O=C(O)Cc1csc2ccc(Cl)cc12,,,,"MolGlyph 1.1.1 (BioMiner git 17c6161, molglyph_large)",0.1427726410329342
uob,maybridge-0233-1025065346,O=C(O)c1ccc2sccc2c1,,,,"MolGlyph 1.1.1 (BioMiner git 17c6161, molglyph_large)",0.121654799208045
uob,maybridge-0233-1031861194,O=C(O)c1ccc2snnc2c1,,,,"MolGlyph 1.1.1 (BioMiner git 17c6161, molglyph_large)",0.12224928848445415
uob,maybridge-0233-155408151,O=C(O)c1cc2cccnc2s1,,,,"MolGlyph 1.1.1 (BioMiner git 17c6161, molglyph_large)",0.12253567203879356
uob,maybridge-0233-334119845,O=C(O)c1onc2ccccc12,,,,"MolGlyph 1.1.1 (BioMiner git 17c6161, molglyph_large)",0.12231486104428768
uob,maybridge-0233-364613734,O=C(O)c1scc2c1CCCC2,,,,"MolGlyph 1.1.1 (BioMiner git 17c6161, molglyph_large)",0.12122100964188576
uob,maybridge-0233-384224949,O=C(O)c1ccc2nonc2c1,,,,"MolGlyph 1.1.1 (BioMiner git 17c6161, molglyph_large)",0.12133388593792915
uob,maybridge-0233-452565403,Nc1c(C(=O)O)sc2ncccc12,,,,"MolGlyph 1.1.1 (BioMiner git 17c6161, molglyph_large)",0.13470040261745453
uob,maybridge-0233-499938316,O=C(O)Cc1noc2ccccc12,,,,"MolGlyph 1.1.1 (BioMiner git 17c6161, molglyph_large)",0.12673566304147243
uob,maybridge-0233-584000699,O=C(O)CCn1c(=O)oc2ccccc21,,,,"MolGlyph 1.1.1 (BioMiner git 17c6161, molglyph_large)",0.15025282464921474
uob,maybridge-0233-658305357,O=C(O)c1ccc2ncsc2c1,,,,"MolGlyph 1.1.1 (BioMiner git 17c6161, molglyph_large)",0.12090902030467987
uob,maybridge-0233-931371411,O=C(O)c1cccc2nsnc12,,,,"MolGlyph 1.1.1 (BioMiner git 17c6161, molglyph_large)",0.12087291292846203
uob,maybridge-0234-175995544,O=C(O)c1scc2c1OCCO2,,,,"MolGlyph 1.1.1 (BioMiner git 17c6161, molglyph_large)",0.12065526470541954
uob,maybridge-0234-236576675,O=C(O)c1cc2nccnc2s1,,,,"MolGlyph 1.1.1 (BioMiner git 17c6161, molglyph_large)",0.12058069184422493
uob,maybridge-0234-293691673,O=C(O)c1ccc2ccccc2n1,,,,"MolGlyph 1.1.1 (BioMiner git 17c6161, molglyph_large)",0.1252780184149742
uob,maybridge-0234-37520186,O=C(O)c1cccc2cccc(Br)c12,,,,"MolGlyph 1.1.1 (BioMiner git 17c6161, molglyph_large)",0.14022739604115486
uob,maybridge-0234-434920917,CC1(C)CCC(C)(C)c2cc(C(=O)O)ccc21,,,,"MolGlyph 1.1.1 (BioMiner git 17c6161, molglyph_large)",0.18245335668325424
uob,maybridge-0234-526400802,CC(C)(Oc1ccc2ccccc2c1)C(=O)O,,,,"MolGlyph 1.1.1 (BioMiner git 17c6161, molglyph_large)",0.16354028694331646
uob,maybridge-0234-544266280,O=C(O)c1ccc2nsnc2c1,,,,"MolGlyph 1.1.1 (BioMiner git 17c6161, molglyph_large)",0.12088888324797153
uob,maybridge-0234-746893921,Nc1c(C(=O)O)sc2nccnc12,,,,"MolGlyph 1.1.1 (BioMiner git 17c6161, molglyph_large)",0.1339751835912466
uob,maybridge-0234-74935717,O=C(O)c1sc(Br)c2c1OCCO2,,,,"MolGlyph 1.1.1 (BioMiner git 17c6161, molglyph_large)",0.13498630747199059
uob,maybridge-0234-812032603,O=C(O)c1cnc2n(c1=O)CCS2,,,,"MolGlyph 1.1.1 (BioMiner git 17c6161, molglyph_large)",0.1393577940762043
uob,maybridge-0235-140985660,O=C(O)c1ccnc2ccccc12,,,,"MolGlyph 1.1.1 (BioMiner git 17c6161, molglyph_large)",0.1255081407725811
uob,maybridge-0235-21676170,O=C(O)c1cc2ccccc2nc1Cl,,,,"MolGlyph 1.1.1 (BioMiner git 17c6161, molglyph_large)",0.1300784032791853
uob,maybridge-0235-268135033,O=C(O)c1ccc2ncccc2c1,,,,"MolGlyph 1.1.1 (BioMiner git 17c6161, molglyph_large)",0.1263631321489811
uob,maybridge-0235-352010999,O=C(O)c1cnc2ccccc2n1,,,,"MolGlyph 1.1.1 (BioMiner git 17c6161, molglyph_large)",0.1263000424951315
uob,maybridge-0235-373160941,O=C(O)c1c(-c2ccccc2)nnc2ccccc12,,,,"MolGlyph 1.1.1 (BioMiner git 17c6161, molglyph_large)",0.17761258594691753
uob,maybridge-0235-384470357,Cc1nc2ccccc2c(C(=O)O)c1O,,,,"MolGlyph 1.1.1 (BioMiner git 17c6161, molglyph_large)",0.1446265261620283
uob,maybridge-0235-420077313,O=C(O)c1ccc2nccnc2c1,,,,"MolGlyph 1.1.1 (BioMiner git 17c6161, molglyph_large)",0.12502043694257736
uob,maybridge-0235-440491544,Cc1ccc2cc(C(=O)O)ccc2n1,,,,"MolGlyph 1.1.1 (BioMiner git 17c6161, molglyph_large)",0.13957609236240387
uob,maybridge-0235-518700151,O=C(O)c1cc2ccccc2cn1,,,,"MolGlyph 1.1.1 (BioMiner git 17c6161, molglyph_large)",0.1260060202330351
uob,maybridge-0235-635463778,Cc1nc2ccccc2c(C(=O)O)c1N,,,,"MolGlyph 1.1.1 (BioMiner git 17c6161, molglyph_large)",0.14458877593278885
uob,maybridge-0235-646093046,Cc1cc(C(=O)O)c2cc(F)ccc2n1,,,,"MolGlyph 1.1.1 (BioMiner git 17c6161, molglyph_large)",0.1535825077444315
uob,maybridge-0235-745389116,O=C(O)c1ccc2cccc(O)c2n1,,,,"MolGlyph 1.1.1 (BioMiner git 17c6161, molglyph_large)",0.13934429548680782
uob,maybridge-0236-1035796085,CC(C)(C)c1cc(C(C)(C)C)c2oc(C(=O)O)cc(=O)c2c1,,,,"MolGlyph 1.1.1 (BioMiner git 17c6161, molglyph_large)",0.23997482284903526
uob,maybridge-0236-197364773,COc1cc(Br)cc2cc(C(=O)O)c(=O)oc12,,,,"MolGlyph 1.1.1 (BioMiner git 17c6161, molglyph_large)",0.17774106189608574
uob,maybridge-0236-323173375,O=C(O)C1=Cc2ccccc2OC1,,,,"MolGlyph 1.1.1 (BioMiner git 17c6161, molglyph_large)",0.12963637709617615
uob,maybridge-0236-393200874,Cc1nc2ccc(C(=O)O)cc2nc1C,,,,"MolGlyph 1.1.1 (BioMiner git 17c6161, molglyph_large)",0.14377076923847198
uob,maybridge-0236-431194545,COc1ccc2cc(C(=O)O)c(=O)oc2c1,,,,"MolGlyph 1.1.1 (BioMiner git 17c6161, molglyph_large)",0.16430489346385002
uob,maybridge-0236-643250670,O=C(O)c1ccc2c(c1)CCCN2,,,,"MolGlyph 1.1.1 (BioMiner git 17c6161, molglyph_large)",0.13424860499799252
uob,maybridge-0236-690141752,O=C(O)C1Cc2cc(O)ccc2CN1,,,,"MolGlyph 1.1.1 (BioMiner git 17c6161, molglyph_large)",0.1405101716518402
uob,maybridge-0236-78930920,O=C(O)C1COc2ccccc2C1,,,,"MolGlyph 1.1.1 (BioMiner git 17c6161, molglyph_large)",0.1252515148371458
uob,maybridge-0236-863237438,O=C(O)Cc1n[nH]c(=O)c2ccccc12,,,,"MolGlyph 1.1.1 (BioMiner git 17c6161, molglyph_large)",0.16390879079699516
uob,maybridge-0236-979604265,O=C(O)C1=Cc2cc(Cl)ccc2OC1,,,,"MolGlyph 1.1.1 (BioMiner git 17c6161, molglyph_large)",0.14498072862625122
uob,maybridge-0236-999730399,O=C(O)c1cc2cc(Cl)cc(Br)c2oc1=O,,,,"MolGlyph 1.1.1 (BioMiner git 17c6161, molglyph_large)",0.1633613556623459
uob,maybridge-0237-1002661500,O=C(O)c1cccc2c1OCCO2,,,,"MolGlyph 1.1.1 (BioMiner git 17c6161, molglyph_large)",0.1257476545870304
uob,maybridge-0237-120689496,O=C(O)C1CCc2ccccc2O1,,,,"MolGlyph 1.1.1 (BioMiner git 17c6161, molglyph_large)",0.1254634279757738
uob,maybridge-0237-243004862,O=C(O)C1CNc2ccccc2O1,,,,"MolGlyph 1.1.1 (BioMiner git 17c6161, molglyph_large)",0.12610053457319736
uob,maybridge-0237-284680124,CN1CCOc2cc(C(=O)O)ccc21,,,,"MolGlyph 1.1.1 (BioMiner git 17c6161, molglyph_large)",0.1396171934902668
uob,maybridge-0237-299031815,CC(=O)N[C@@H]1[C@@H](OCc2ccccc2)O[C@@H]2COC(c3ccccc3)O[C@@H]2[C@@H]1O[C@H](C)C(=O)O,,,,"MolGlyph 1.1.1 (BioMiner git 17c6161, molglyph_large)",0.42838774621486664
uob,maybridge-0237-343738979,O=C(O)c1cc(F)cc2c1OCOC2,,,,"MolGlyph 1.1.1 (BioMiner git 17c6161, molglyph_large)",0.1394052430987358
uob,maybridge-0237-515150703,O=C(O)CCC(=O)c1ccc2c(c1)OCCO2,,,,"MolGlyph 1.1.1 (BioMiner git 17c6161, molglyph_large)",0.1679469421505928
uob,maybridge-0237-618970318,O=C(O)CCCc1ccc2c(c1)OCCO2,,,,"MolGlyph 1.1.1 (BioMiner git 17c6161, molglyph_large)",0.14937551505863667
uob,maybridge-0237-7425798,O=C(O)c1ccc2c(c1)OCCO2,,,,"MolGlyph 1.1.1 (BioMiner git 17c6161, molglyph_large)",0.1351524479687214
uob,maybridge-0237-989277900,O=C1COc2ccc(C(=O)O)cc2N1,,,,"MolGlyph 1.1.1 (BioMiner git 17c6161, molglyph_large)",0.1441899724304676
uob,maybridge-0238-12593652,CC12CC3(C)CC(C)(C1)CC(C(=O)O)(C3)C2,,,,"MolGlyph 1.1.1 (BioMiner git 17c6161, molglyph_large)",0.1990964189171791
uob,maybridge-0238-253499680,CC12CC3CC(C)(C1)CC(C(=O)O)(C3)C2,,,,"MolGlyph 1.1.1 (BioMiner git 17c6161, molglyph_large)",0.186090886592865
uob,maybridge-0238-31434341,O=C(O)C12CC3CC(CC(Cl)(C3)C1)C2,,,,"MolGlyph 1.1.1 (BioMiner git 17c6161, molglyph_large)",0.1702737044543028
uob,maybridge-0238-327906241,O=C(O)c1cccc2c1OCCCO2,,,,"MolGlyph 1.1.1 (BioMiner git 17c6161, molglyph_large)",0.13209493272006512
uob,maybridge-0238-468526636,O=C(O)C12CC3CC(CC(O)(C3)C1)C2,,,,"MolGlyph 1.1.1 (BioMiner git 17c6161, molglyph_large)",0.17118508368730545
uob,maybridge-0238-583613732,O=C(O)c1ccc2c(c1)OCCCO2,,,,"MolGlyph 1.1.1 (BioMiner git 17c6161, molglyph_large)",0.14209257252514362
uob,maybridge-0238-747978181,O=C(O)CC12CC3CC(CC(C3)C1)C2,,,,"MolGlyph 1.1.1 (BioMiner git 17c6161, molglyph_large)",0.1611015386879444
uob,maybridge-0238-819547316,O=C(O)c1ccc2[nH]c3c(c2c1)CCCC3,,,,"MolGlyph 1.1.1 (BioMiner git 17c6161, molglyph_large)",0.17554431594908237
uob,maybridge-0238-866694381,CCC12CC3CC(CC(C(=O)O)(C3)C1)C2,,,,"MolGlyph 1.1.1 (BioMiner git 17c6161, molglyph_large)",0.17535780929028988
uob,maybridge-0238-950238560,O=C(O)CCC(=O)c1ccc2c(c1)OCCCO2,,,,"MolGlyph 1.1.1 (BioMiner git 17c6161, molglyph_large)",0.17544670775532722
uob,maybridge-0238-988558644,O=C(O)c1c2ccccc2nc2ccccc12,,,,"MolGlyph 1.1.1 (BioMiner git 17c6161, molglyph_large)",0.1564945224672556
uob,maybridge-0239-283390897,O=C(O)C12CC3CC(CC(Br)(C3)C1)C2,,,,"MolGlyph 1.1.1 (BioMiner git 17c6161, molglyph_large)",0.170945568010211
uob,maybridge-0239-4484292,O=C(O)c1c2c(nc3ccc(F)cc13)CCCCC2,,,,"MolGlyph 1.1.1 (BioMiner git 17c6161, molglyph_large)",0.18575028330087662
uob,maybridge-0239-463873079,O=C(O)c1cn(C2CCCCC2)c2ccccc2c1=O,,,,"MolGlyph 1.1.1 (BioMiner git 17c6161, molglyph_large)",0.1857076808810234
uob,maybridge-0239-504188423,CCO/C=C/C(=O)O,,,,"MolGlyph 1.1.1 (BioMiner git 17c6161, molglyph_large)",0.09803477488458157
uob,maybridge-0239-670449980,CCOC(=O)C(CCC(=O)O)(CCC(=O)O)C(C)=O,,,,"MolGlyph 1.1.1 (BioMiner git 17c6161, molglyph_large)",0.19995135627686977
uob,maybridge-0239-699268829,CC(=O)N[C@@H](CC(C)C)C(=O)O,,,,"MolGlyph 1.1.1 (BioMiner git 17c6161, molglyph_large)",0.16112453117966652
uob,maybridge-0239-740251539,O=C(O)CCC12CC3CC(CC(C3)C1)C2,,,,"MolGlyph 1.1.1 (BioMiner git 17c6161, molglyph_large)",0.16545836441218853
uob,maybridge-0239-923900285,[N+](c1ccc(C23CC4CC(CC(C(=O)O)(C4)C2)C3)cc1)(=O)[O-],,,,"MolGlyph 1.1.1 (BioMiner git 17c6161, molglyph_large)",0.2816925700753927
uob,maybridge-0240-1041242040,Cn1ccc(C(=O)Cl)n1,,,,"MolGlyph 1.1.1 (BioMiner git 17c6161, molglyph_large)",0.10875372029840946
uob,maybridge-0240-155356318,Cn1nc(C(C)(C)C)cc1C(=O)Cl,,,,"MolGlyph 1.1.1 (BioMiner git 17c6161, molglyph_large)",0.14657988771796227
uob,maybridge-0240-376648612,Cc1cc(C(=O)Cl)nn1C,,,,"MolGlyph 1.1.1 (BioMiner git 17c6161, molglyph_large)",0.11288606375455856
uob,maybridge-0240-442662319,Cn1cccc1C(=O)Cl,,,,"MolGlyph 1.1.1 (BioMiner git 17c6161, molglyph_large)",0.09784584306180477
uob,maybridge-0240-442886020,Cn1nccc1C(=O)Cl,,,,"MolGlyph 1.1.1 (BioMiner git 17c6161, molglyph_large)",0.09826424904167652
uob,maybridge-0240-610036024,Cc1cc(C(=O)Cl)n(C)n1,,,,"MolGlyph 1.1.1 (BioMiner git 17c6161, molglyph_large)",0.12194545194506645
uob,maybridge-0240-613416985,O=C(Cl)c1ccnn1-c1ccccc1,,,,"MolGlyph 1.1.1 (BioMiner git 17c6161, molglyph_large)",0.1377715989947319
uob,maybridge-0240-753660250,Cn1ncc(C(=O)Cl)c1Cl,,,,"MolGlyph 1.1.1 (BioMiner git 17c6161, molglyph_large)",0.11302927508950233
uob,maybridge-0240-7626934,Cc1cc(C(=O)Cl)nn1C(C)(C)C,,,,"MolGlyph 1.1.1 (BioMiner git 17c6161, molglyph_large)",0.14671188034117222
uob,maybridge-0240-834316788,Cc1cc(C(=O)Cl)n(C(C)(C)C)n1,,,,"MolGlyph 1.1.1 (BioMiner git 17c6161, molglyph_large)",0.15578673221170902
uob,maybridge-0241-1071664735,Cc1ccccc1-n1ncc(C(=O)Cl)c1C,,,,"MolGlyph 1.1.1 (BioMiner git 17c6161, molglyph_large)",0.15694515593349934
uob,maybridge-0241-155663521,Cc1c(C(=O)Cl)cnn1-c1ccccc1,,,,"MolGlyph 1.1.1 (BioMiner git 17c6161, molglyph_large)",0.1517353691160679
uob,maybridge-0241-178186199,Cn1nc(-c2ccccc2)cc1C(=O)Cl,,,,"MolGlyph 1.1.1 (BioMiner git 17c6161, molglyph_large)",0.1520717479288578
uob,maybridge-0241-180790072,Cn1nc(C(=O)Cl)cc1-c1ccccc1,,,,"MolGlyph 1.1.1 (BioMiner git 17c6161, molglyph_large)",0.15192506462335587
uob,maybridge-0241-313496867,Cn1cc(Br)c(C(=O)Cl)n1,,,,"MolGlyph 1.1.1 (BioMiner git 17c6161, molglyph_large)",0.12205374613404274
uob,maybridge-0241-620500548,Cn1nc(C(=O)Cl)cc1-c1ccco1,,,,"MolGlyph 1.1.1 (BioMiner git 17c6161, molglyph_large)",0.14611735194921494
uob,maybridge-0241-688300839,Cn1nc(-c2cccs2)cc1C(=O)Cl,,,,"MolGlyph 1.1.1 (BioMiner git 17c6161, molglyph_large)",0.1468194294720888
uob,maybridge-0241-768969801,Cn1nc(C(=O)Cl)cc1-c1cccs1,,,,"MolGlyph 1.1.1 (BioMiner git 17c6161, molglyph_large)",0.14739398658275604
uob,maybridge-0241-84964408,Cc1nn(-c2ccccc2)c(C)c1C(=O)Cl,,,,"MolGlyph 1.1.1 (BioMiner git 17c6161, molglyph_large)",0.1672082543373108
uob,maybridge-0241-877152201,Cn1cc(C(=O)Cl)c(C(F)(F)F)n1,,,,"MolGlyph 1.1.1 (BioMiner git 17c6161, molglyph_large)",0.15678970888257027
uob,maybridge-0242-325462450,COc1ccc(-n2ncc(C(=O)Cl)c2C)cc1,,,,"MolGlyph 1.1.1 (BioMiner git 17c6161, molglyph_large)",0.1715614926069975
uob,maybridge-0242-455474908,O=C(Cl)c1cnn(-c2ccccc2)c1C(F)(F)F,,,,"MolGlyph 1.1.1 (BioMiner git 17c6161, molglyph_large)",0.18566560931503773
uob,maybridge-0242-50391444,CC(C)(C)c1cc(C(=O)Cl)n(Cc2ccccc2)n1,,,,"MolGlyph 1.1.1 (BioMiner git 17c6161, molglyph_large)",0.1952755954116583
uob,maybridge-0242-555822873,Cc1c(C(=O)Cl)cnn1-c1ccc(Cl)cc1,,,,"MolGlyph 1.1.1 (BioMiner git 17c6161, molglyph_large)",0.16677371598780155
uob,maybridge-0242-751677147,CCCc1c(C(=O)Cl)cnn1-c1ccc(Cl)cc1,,,,"MolGlyph 1.1.1 (BioMiner git 17c6161, molglyph_large)",0.17548386566340923
uob,maybridge-0242-773448911,CCn1nc(C)c(Br)c1C(=O)Cl,,,,"MolGlyph 1.1.1 (BioMiner git 17c6161, molglyph_large)",0.1325674131512642
uob,maybridge-0242-853083007,CCCc1c(C(=O)Cl)cnn1-c1ccccc1,,,,"MolGlyph 1.1.1 (BioMiner git 17c6161, molglyph_large)",0.16169170290231705
uob,maybridge-0242-91080652,Cc1c(C(=O)Cl)cnn1-c1ccc(F)cc1,,,,"MolGlyph 1.1.1 (BioMiner git 17c6161, molglyph_large)",0.16631978936493397
uob,maybridge-0243-14058205,Cc1ccoc1C(=O)Cl,,,,"MolGlyph 1.1.1 (BioMiner git 17c6161, molglyph_large)",0.09789253957569599
uob,maybridge-0243-190526020,Cc1nn(-c2ccccc2)nc1C(=O)Cl,,,,"MolGlyph 1.1.1 (BioMiner git 17c6161, molglyph_large)",0.15153332985937595
uob,maybridge-0243-39741114,Cc1oc(-c2ccccc2)cc1C(=O)Cl,,,,"MolGlyph 1.1.1 (BioMiner git 17c6161, molglyph_large)",0.1518190111964941
uob,maybridge-0243-43946211,Cc1cc(C(=O)Cl)c(C(F)(F)F)o1,,,,"MolGlyph 1.1.1 (BioMiner git 17c6161, molglyph_large)",0.1565591860562563
uob,maybridge-0243-458509740,Cn1cncc1C(=O)Cl,,,,"MolGlyph 1.1.1 (BioMiner git 17c6161, molglyph_large)",0.09744729660451412
uob,maybridge-0243-54443676,CSc1ncc(C(=O)Cl)n1Cc1ccccc1,,,,"MolGlyph 1.1.1 (BioMiner git 17c6161, molglyph_large)",0.1565513890236616
uob,maybridge-0243-724856818,Cc1cc(C(=O)Cl)c(C)o1,,,,"MolGlyph 1.1.1 (BioMiner git 17c6161, molglyph_large)",0.1222458053380251
uob,maybridge-0243-793103176,O=C(Cl)c1cnn(-c2ccc(Cl)cc2)c1C(F)(F)F,,,,"MolGlyph 1.1.1 (BioMiner git 17c6161, molglyph_large)",0.20007256977260113
uob,maybridge-0243-810337509,Cc1oc(C(C)(C)C)cc1C(=O)Cl,,,,"MolGlyph 1.1.1 (BioMiner git 17c6161, molglyph_large)",0.14642100408673286
uob,maybridge-0243-98559184,O=C(Cl)c1ccoc1,,,,"MolGlyph 1.1.1 (BioMiner git 17c6161, molglyph_large)",0.09246841818094254
uob,maybridge-0244-1059826477,Cc1cc(C(=O)Cl)c(-c2ccccc2)o1,,,,"MolGlyph 1.1.1 (BioMiner git 17c6161, molglyph_large)",0.16141808405518532
uob,maybridge-0244-11063909,O=C(Cl)c1ccsc1,,,,"MolGlyph 1.1.1 (BioMiner git 17c6161, molglyph_large)",0.09305773675441742
uob,maybridge-0244-124432827,O=C(Cl)c1cc(-c2ccc(Cl)cc2)oc1C(F)(F)F,,,,"MolGlyph 1.1.1 (BioMiner git 17c6161, molglyph_large)",0.19959266483783722
uob,maybridge-0244-245269261,Cc1oc(-c2ccc(Cl)cc2)cc1C(=O)Cl,,,,"MolGlyph 1.1.1 (BioMiner git 17c6161, molglyph_large)",0.1660617422312498
uob,maybridge-0244-267272666,O=C(Cl)c1ccc(Oc2cc(Cl)cc(Cl)c2)o1,,,,"MolGlyph 1.1.1 (BioMiner git 17c6161, molglyph_large)",0.17615461349487305
uob,maybridge-0244-356155546,COc1c(C(=O)Cl)csc1Cl,,,,"MolGlyph 1.1.1 (BioMiner git 17c6161, molglyph_large)",0.11781489662826061
uob,maybridge-0244-586686505,Cc1csc(C(=O)Cl)c1,,,,"MolGlyph 1.1.1 (BioMiner git 17c6161, molglyph_large)",0.1073761060833931
uob,maybridge-0244-685949630,Cc1csc(C(=O)Cl)c1Cl,,,,"MolGlyph 1.1.1 (BioMiner git 17c6161, molglyph_large)",0.11314909905195236
uob,maybridge-0244-866110305,O=C(Cl)c1sccc1Cl,,,,"MolGlyph 1.1.1 (BioMiner git 17c6161, molglyph_large)",0.09772535786032677
uob,maybridge-0244-913229759,O=C(Cl)c1cc(Cl)sc1Cl,,,,"MolGlyph 1.1.1 (BioMiner git 17c6161, molglyph_large)",0.11217713356018066
uob,maybridge-0244-965061199,O=C(Cl)c1ccc(-c2ccco2)s1,,,,"MolGlyph 1.1.1 (BioMiner git 17c6161, molglyph_large)",0.1427583135664463
uob,maybridge-0245-1036379902,CS(=O)(=O)c1csc(C(=O)Cl)c1Cl,,,,"MolGlyph 1.1.1 (BioMiner git 17c6161, molglyph_large)",0.1579985711723566
uob,maybridge-0245-267834526,O=C(Cl)c1ccc(-c2ccccc2)s1,,,,"MolGlyph 1.1.1 (BioMiner git 17c6161, molglyph_large)",0.14638512954115868
uob,maybridge-0245-425135953,O=C(Cl)c1ccc(-c2ccccn2)s1,,,,"MolGlyph 1.1.1 (BioMiner git 17c6161, molglyph_large)",0.14731698296964169
uob,maybridge-0245-466951400,O=C(Cl)c1cc(-c2ccccc2)c(C(F)(F)F)s1,,,,"MolGlyph 1.1.1 (BioMiner git 17c6161, molglyph_large)",0.1950216330587864
uob,maybridge-0245-546807960,Cc1c(S(=O)(=O)c2ccc(Cl)cc2)csc1C(=O)Cl,,,,"MolGlyph 1.1.1 (BioMiner git 17c6161, molglyph_large)",0.2054426670074463
uob,maybridge-0245-554685536,O=C(Cl)Cc1cccs1,,,,"MolGlyph 1.1.1 (BioMiner git 17c6161, molglyph_large)",0.09769339673221111
uob,maybridge-0245-616666962,O=C(Cl)c1sccc1Br,,,,"MolGlyph 1.1.1 (BioMiner git 17c6161, molglyph_large)",0.09807287529110909
uob,maybridge-0245-782182890,O=C(Cl)c1ccno1,,,,"MolGlyph 1.1.1 (BioMiner git 17c6161, molglyph_large)",0.09332970157265663
uob,maybridge-0245-887987137,O=C(Cl)c1cc(Br)cs1,,,,"MolGlyph 1.1.1 (BioMiner git 17c6161, molglyph_large)",0.10878093168139458
uob,maybridge-0245-936540778,CC(C)S(=O)(=O)c1csc(C(=O)Cl)c1Cl,,,,"MolGlyph 1.1.1 (BioMiner git 17c6161, molglyph_large)",0.1760517805814743
uob,maybridge-0245-967176756,COc1c(C(=O)Cl)csc1Br,,,,"MolGlyph 1.1.1 (BioMiner git 17c6161, molglyph_large)",0.11761748045682907
uob,maybridge-0246-1021219499,Cc1oncc1C(=O)Cl,,,,"MolGlyph 1.1.1 (BioMiner git 17c6161, molglyph_large)",0.09800184518098831
uob,maybridge-0246-191625994,Cc1onc(-c2ccc(F)cc2)c1C(=O)Cl,,,,"MolGlyph 1.1.1 (BioMiner git 17c6161, molglyph_large)",0.1659119762480259
uob,maybridge-0246-379239474,Cc1noc(C)c1C(=O)Cl,,,,"MolGlyph 1.1.1 (BioMiner git 17c6161, molglyph_large)",0.11305795982480049
uob,maybridge-0246-38908791,Cc1noc(-c2ccccc2)c1C(=O)Cl,,,,"MolGlyph 1.1.1 (BioMiner git 17c6161, molglyph_large)",0.15118417143821716
uob,maybridge-0246-403064260,Cc1nc(-c2cc(C(=O)Cl)no2)cs1,,,,"MolGlyph 1.1.1 (BioMiner git 17c6161, molglyph_large)",0.15638230182230473
uob,maybridge-0246-485206569,O=C(Cl)c1cc(-c2ccco2)on1,,,,"MolGlyph 1.1.1 (BioMiner git 17c6161, molglyph_large)",0.14169965870678425
uob,maybridge-0246-584179113,O=C(Cl)c1cc(-c2cccs2)on1,,,,"MolGlyph 1.1.1 (BioMiner git 17c6161, molglyph_large)",0.1415624786168337
uob,maybridge-0246-694394528,Cc1onc(-c2ccccc2)c1C(=O)Cl,,,,"MolGlyph 1.1.1 (BioMiner git 17c6161, molglyph_large)",0.15203169733285904
uob,maybridge-0246-835593032,Cc1cc(C(=O)Cl)no1,,,,"MolGlyph 1.1.1 (BioMiner git 17c6161, molglyph_large)",0.1082484982907772
uob,maybridge-0246-874362988,O=C(Cl)c1cc(-c2ccccc2)on1,,,,"MolGlyph 1.1.1 (BioMiner git 17c6161, molglyph_large)",0.14660848677158356
uob,maybridge-0246-919671119,Cc1cc(-c2onc(C)c2C(=O)Cl)no1,,,,"MolGlyph 1.1.1 (BioMiner git 17c6161, molglyph_large)",0.16109385155141354
uob,maybridge-0247-1050789302,Cc1onc(-c2c(Cl)cccc2F)c1C(=O)Cl,,,,"MolGlyph 1.1.1 (BioMiner git 17c6161, molglyph_large)",0.17072209529578686
uob,maybridge-0247-1050978266,O=C(Cl)c1nnc(-c2ccccc2)o1,,,,"MolGlyph 1.1.1 (BioMiner git 17c6161, molglyph_large)",0.14678777009248734
uob,maybridge-0247-1056521218,Cc1onc(-c2c(Cl)cccc2Cl)c1C(=O)Cl,,,,"MolGlyph 1.1.1 (BioMiner git 17c6161, molglyph_large)",0.17107307352125645
uob,maybridge-0247-230702425,Cc1oc(-c2ccccc2)nc1C(=O)Cl,,,,"MolGlyph 1.1.1 (BioMiner git 17c6161, molglyph_large)",0.15180791541934013
uob,maybridge-0247-236307494,COc1ccc(-c2ocnc2C(=O)Cl)cc1,,,,"MolGlyph 1.1.1 (BioMiner git 17c6161, molglyph_large)",0.1567007713019848
uob,maybridge-0247-339736934,Cc1ncoc1C(=O)Cl,,,,"MolGlyph 1.1.1 (BioMiner git 17c6161, molglyph_large)",0.09857936762273312
uob,maybridge-0247-504993347,COc1ccc(-c2noc(C)c2C(=O)Cl)cc1,,,,"MolGlyph 1.1.1 (BioMiner git 17c6161, molglyph_large)",0.1714881956577301
uob,maybridge-0247-592937057,Cc1nc(C(=O)Cl)c(C)o1,,,,"MolGlyph 1.1.1 (BioMiner git 17c6161, molglyph_large)",0.12180603854358196
uob,maybridge-0247-675804918,O=C(Cl)c1nccs1,,,,"MolGlyph 1.1.1 (BioMiner git 17c6161, molglyph_large)",0.09325950965285301
uob,maybridge-0247-774585644,O=C(Cl)c1ncoc1-c1ccccc1,,,,"MolGlyph 1.1.1 (BioMiner git 17c6161, molglyph_large)",0.1372802034020424
uob,maybridge-0248-110928015,O=C(Cl)c1csc(-c2ccc3c(c2)CCO3)n1,,,,"MolGlyph 1.1.1 (BioMiner git 17c6161, molglyph_large)",0.18074313364923
uob,maybridge-0248-206745271,Cc1nc(-c2cnccn2)sc1C(=O)Cl,,,,"MolGlyph 1.1.1 (BioMiner git 17c6161, molglyph_large)",0.15190010145306587
uob,maybridge-0248-269009699,O=C(Cl)c1csc(-c2ccccc2)n1,,,,"MolGlyph 1.1.1 (BioMiner git 17c6161, molglyph_large)",0.14655344560742378
uob,maybridge-0248-593739118,O=C(Cl)c1csc(-c2cccs2)n1,,,,"MolGlyph 1.1.1 (BioMiner git 17c6161, molglyph_large)",0.142616368830204
uob,maybridge-0248-620689250,Cc1nc(-c2ccc3c(c2)CCO3)sc1C(=O)Cl,,,,"MolGlyph 1.1.1 (BioMiner git 17c6161, molglyph_large)",0.18753685057163239
uob,maybridge-0248-622200056,Cc1nc(-c2ccc(Cl)cc2)sc1C(=O)Cl,,,,"MolGlyph 1.1.1 (BioMiner git 17c6161, molglyph_large)",0.16629336215555668
uob,maybridge-0248-675931180,O=C(Cl)c1csc(-c2ccc(C(F)(F)F)cc2)n1,,,,"MolGlyph 1.1.1 (BioMiner git 17c6161, molglyph_large)",0.20892426930367947
uob,maybridge-0248-719333974,Cc1nc(C(=O)Cl)cs1,,,,"MolGlyph 1.1.1 (BioMiner git 17c6161, molglyph_large)",0.133056303486228
uob,maybridge-0248-898097792,O=C(Cl)c1csc(-c2cccc(Cl)c2)n1,,,,"MolGlyph 1.1.1 (BioMiner git 17c6161, molglyph_large)",0.16169321350753307
uob,maybridge-0248-961158177,O=C(Cl)c1csc(-c2cccc(Cl)c2Cl)n1,,,,"MolGlyph 1.1.1 (BioMiner git 17c6161, molglyph_large)",0.16606514528393745
uob,maybridge-0249-113837712,O=C(Cl)c1ccc(-c2ccco2)cc1,,,,"MolGlyph 1.1.1 (BioMiner git 17c6161, molglyph_large)",0.14742492511868477
uob,maybridge-0249-220406506,O=C(Cl)c1c(F)cccc1Cl,,,,"MolGlyph 1.1.1 (BioMiner git 17c6161, molglyph_large)",0.11805968172848225
uob,maybridge-0249-24679012,O=C=Nc1ccc(C(=O)Cl)cc1,,,,"MolGlyph 1.1.1 (BioMiner git 17c6161, molglyph_large)",0.13235562853515148
uob,maybridge-0249-260724437,O=C(Cl)c1csc(Cc2c(Cl)cccc2Cl)n1,,,,"MolGlyph 1.1.1 (BioMiner git 17c6161, molglyph_large)",0.16751067154109478
uob,maybridge-0249-369432554,Cc1cccc(C(=O)Cl)c1C,,,,"MolGlyph 1.1.1 (BioMiner git 17c6161, molglyph_large)",0.11733204126358032
uob,maybridge-0249-374770239,Cc1ccc(C(=O)Cl)cc1C,,,,"MolGlyph 1.1.1 (BioMiner git 17c6161, molglyph_large)",0.11736696027219296
uob,maybridge-0249-673743004,Cc1nc(-c2ccc(C(F)(F)F)cc2)sc1C(=O)Cl,,,,"MolGlyph 1.1.1 (BioMiner git 17c6161, molglyph_large)",0.20039775222539902
uob,maybridge-0249-719963284,Cc1nnsc1C(=O)Cl,,,,"MolGlyph 1.1.1 (BioMiner git 17c6161, molglyph_large)",0.09807468019425869
uob,maybridge-0249-739169806,O=C(Cl)c1ccc(F)cc1F,,,,"MolGlyph 1.1.1 (BioMiner git 17c6161, molglyph_large)",0.11750091426074505
uob,maybridge-0249-911791803,O=C(Cl)c1sc(-c2ccccc2)nc1-c1ccccc1,,,,"MolGlyph 1.1.1 (BioMiner git 17c6161, molglyph_large)",0.19062663614749908
uob,maybridge-0249-951685213,O=C(Cl)c1ccc(F)cc1Cl,,,,"MolGlyph 1.1.1 (BioMiner git 17c6161, molglyph_large)",0.11721130087971687
uob,maybridge-0250-232604536,O=C(Cl)c1ccc(-c2ccsc2)cc1,,,,"MolGlyph 1.1.1 (BioMiner git 17c6161, molglyph_large)",0.14748025871813297
uob,maybridge-0250-264191253,Cc1noc(-c2ccccc2C(=O)Cl)n1,,,,"MolGlyph 1.1.1 (BioMiner git 17c6161, molglyph_large)",0.15132725425064564
uob,maybridge-0250-284092700,Cc1nc(-c2cccc(C(=O)Cl)c2)no1,,,,"MolGlyph 1.1.1 (BioMiner git 17c6161, molglyph_large)",0.1620494034141302
uob,maybridge-0250-357692893,Cc1noc(-c2ccc(C(=O)Cl)cc2)n1,,,,"MolGlyph 1.1.1 (BioMiner git 17c6161, molglyph_large)",0.16160923615098
uob,maybridge-0250-420371485,Cc1nc(-c2ccc(C(=O)Cl)cc2)no1,,,,"MolGlyph 1.1.1 (BioMiner git 17c6161, molglyph_large)",0.16172964125871658
uob,maybridge-0250-468453058,O=C(Cl)c1ccc(-n2cccn2)cc1,,,,"MolGlyph 1.1.1 (BioMiner git 17c6161, molglyph_large)",0.14670746214687824
uob,maybridge-0250-548544817,O=C(Cl)c1ccccc1-c1cccs1,,,,"MolGlyph 1.1.1 (BioMiner git 17c6161, molglyph_large)",0.13686479814350605
uob,maybridge-0250-564284025,O=C(Cl)c1ccc(-c2nccs2)cc1,,,,"MolGlyph 1.1.1 (BioMiner git 17c6161, molglyph_large)",0.14675446785986423
uob,maybridge-0250-650485009,O=C(Cl)c1ccc(-c2cccs2)cc1,,,,"MolGlyph 1.1.1 (BioMiner git 17c6161, molglyph_large)",0.14710832573473454
uob,maybridge-0250-72384215,O=C(Cl)c1cccc(-c2ccsc2)c1,,,,"MolGlyph 1.1.1 (BioMiner git 17c6161, molglyph_large)",0.14610540680587292
uob,maybridge-0250-799709892,O=C(Cl)c1cc(Cl)cc(Cl)c1,,,,"MolGlyph 1.1.1 (BioMiner git 17c6161, molglyph_large)",0.1274275854229927
uob,maybridge-0251-108978833,O=C(Cl)c1ccc(-c2csnn2)cc1,,,,"MolGlyph 1.1.1 (BioMiner git 17c6161, molglyph_large)",0.14698191545903683
uob,maybridge-0251-223747043,O=C(Cl)c1ccc(Oc2ccccn2)cc1,,,,"MolGlyph 1.1.1 (BioMiner git 17c6161, molglyph_large)",0.1529718916863203
uob,maybridge-0251-22965663,O=C(Cl)c1ccccc1COc1ccccc1,,,,"MolGlyph 1.1.1 (BioMiner git 17c6161, molglyph_large)",0.14660808071494102
uob,maybridge-0251-262612747,COc1ccc(Br)c(C(=O)Cl)c1,,,,"MolGlyph 1.1.1 (BioMiner git 17c6161, molglyph_large)",0.1318573635071516
uob,maybridge-0251-419143082,O=C(Cl)c1ccccc1OC1CCOCC1,,,,"MolGlyph 1.1.1 (BioMiner git 17c6161, molglyph_large)",0.14177305437624454
uob,maybridge-0251-438556059,O=C(Cl)c1ccccc1Oc1ccccc1,,,,"MolGlyph 1.1.1 (BioMiner git 17c6161, molglyph_large)",0.1419453900307417
uob,maybridge-0251-530368557,O=C(Cl)c1cccc(Oc2ccccc2)c1,,,,"MolGlyph 1.1.1 (BioMiner git 17c6161, molglyph_large)",0.15088693797588348
uob,maybridge-0251-561990257,O=C(Cl)c1cccc(COc2ccccc2)c1,,,,"MolGlyph 1.1.1 (BioMiner git 17c6161, molglyph_large)",0.15682758577167988
uob,maybridge-0251-608887817,Cc1nc(-c2ccc(C(=O)Cl)cc2)cs1,,,,"MolGlyph 1.1.1 (BioMiner git 17c6161, molglyph_large)",0.16160363145172596
uob,maybridge-0251-725907295,O=C(Cl)c1c(F)c(F)c(F)c(F)c1F,,,,"MolGlyph 1.1.1 (BioMiner git 17c6161, molglyph_large)",0.16113885678350925
uob,maybridge-0251-726203324,Cc1nc(-c2cccc(C(=O)Cl)c2)cs1,,,,"MolGlyph 1.1.1 (BioMiner git 17c6161, molglyph_large)",0.16074860468506813
uob,maybridge-0251-951930831,O=C(Cl)c1ccc(Oc2ccccc2)cc1,,,,"MolGlyph 1.1.1 (BioMiner git 17c6161, molglyph_large)",0.15137849934399128
uob,maybridge-0252-1037989349,Cc1c(Br)cc(C(=O)Cl)c(C)c1C,,,,"MolGlyph 1.1.1 (BioMiner git 17c6161, molglyph_large)",0.14622235484421253
uob,maybridge-0252-166516620,O=C(Cl)c1ccc(Cl)nc1,,,,"MolGlyph 1.1.1 (BioMiner git 17c6161, molglyph_large)",0.11208968423306942
uob,maybridge-0252-254357769,CCCN(CCC)S(=O)(=O)c1ccc(C(=O)Cl)cc1,,,,"MolGlyph 1.1.1 (BioMiner git 17c6161, molglyph_large)",0.1952333953231573
uob,maybridge-0252-268534954,COc1ccc(C(=O)Cl)cc1OC1CCCC1,,,,"MolGlyph 1.1.1 (BioMiner git 17c6161, molglyph_large)",0.15629735589027405
uob,maybridge-0252-271223807,O=C(Cl)Cc1cc(F)cc(F)c1,,,,"MolGlyph 1.1.1 (BioMiner git 17c6161, molglyph_large)",0.131614588201046
uob,maybridge-0252-40713479,O=C(Cl)c1ccnc(Cl)c1,,,,"MolGlyph 1.1.1 (BioMiner git 17c6161, molglyph_large)",0.11239661276340485
uob,maybridge-0252-586208998,O=C(Cl)/C=C/c1ccc(OC(F)(F)F)cc1,,,,"MolGlyph 1.1.1 (BioMiner git 17c6161, molglyph_large)",0.1754423938691616
uob,maybridge-0252-636297699,CC(C)(Oc1ccc(Cl)cc1)C(=O)Cl,,,,"MolGlyph 1.1.1 (BioMiner git 17c6161, molglyph_large)",0.1511882245540619
uob,maybridge-0252-948175075,C/C(=C\c1ccccc1)C(=O)Cl,,,,"MolGlyph 1.1.1 (BioMiner git 17c6161, molglyph_large)",0.13688879273831844
uob,maybridge-0252-95344405,O=C(Cl)c1ccc(-n2ccc(C(F)(F)F)n2)cc1,,,,"MolGlyph 1.1.1 (BioMiner git 17c6161, molglyph_large)",0.1944765392690897
uob,maybridge-0253-1023549242,O=C(Cl)c1cc(F)c(Cl)nc1Cl,,,,"MolGlyph 1.1.1 (BioMiner git 17c6161, molglyph_large)",0.13508672639727592
uob,maybridge-0253-1025888390,O=C(Cl)c1cccnc1Sc1ccccc1,,,,"MolGlyph 1.1.1 (BioMiner git 17c6161, molglyph_large)",0.14192821830511093
uob,maybridge-0253-179604263,O=C(Cl)c1cccnc1Oc1ccccc1,,,,"MolGlyph 1.1.1 (BioMiner git 17c6161, molglyph_large)",0.14259971864521503
uob,maybridge-0253-276826410,O=C(Cl)c1ccc(N2CCOCC2)nc1,,,,"MolGlyph 1.1.1 (BioMiner git 17c6161, molglyph_large)",0.14633540995419025
uob,maybridge-0253-304267783,O=C(Cl)c1ccc(Oc2ccccc2)nc1,,,,"MolGlyph 1.1.1 (BioMiner git 17c6161, molglyph_large)",0.15095389261841774
uob,maybridge-0253-305839550,COc1cc(C(=O)Cl)cc(Cl)n1,,,,"MolGlyph 1.1.1 (BioMiner git 17c6161, molglyph_large)",0.13202753849327564
uob,maybridge-0253-464897998,O=C(Cl)c1cc(Cl)nc(Cl)c1,,,,"MolGlyph 1.1.1 (BioMiner git 17c6161, molglyph_large)",0.12740178033709526
uob,maybridge-0253-524725073,O=C(Cl)c1ccc(-c2ccccc2)nc1,,,,"MolGlyph 1.1.1 (BioMiner git 17c6161, molglyph_large)",0.15137441642582417
uob,maybridge-0253-643022560,O=C(Cl)c1cc(Cl)cnc1Cl,,,,"MolGlyph 1.1.1 (BioMiner git 17c6161, molglyph_large)",0.1176510788500309
uob,maybridge-0253-871453335,O=C(Cl)c1cncc(Br)c1,,,,"MolGlyph 1.1.1 (BioMiner git 17c6161, molglyph_large)",0.11308074742555618
uob,maybridge-0253-990173319,Cc1cc(C(=O)Cl)cc(Cl)n1,,,,"MolGlyph 1.1.1 (BioMiner git 17c6161, molglyph_large)",0.1265354435890913
uob,maybridge-0254-1071927081,O=C(Cl)C1CCN(C(=O)OCc2ccccc2)CC1,,,,"MolGlyph 1.1.1 (BioMiner git 17c6161, molglyph_large)",0.1809582319110632
uob,maybridge-0254-264174974,O=C(Cl)C1CCN(c2nccc(C(F)(F)F)n2)CC1,,,,"MolGlyph 1.1.1 (BioMiner git 17c6161, molglyph_large)",0.19635186716914177
uob,maybridge-0254-414021892,O=C(Cl)c1cnc(Cl)nc1C(F)(F)F,,,,"MolGlyph 1.1.1 (BioMiner git 17c6161, molglyph_large)",0.15175054781138897
uob,maybridge-0254-447541372,O=C(Cl)c1cccnc1Oc1ccc(Cl)cc1,,,,"MolGlyph 1.1.1 (BioMiner git 17c6161, molglyph_large)",0.15729612112045288
uob,maybridge-0254-552751449,O=C(Cl)c1cnccn1,,,,"MolGlyph 1.1.1 (BioMiner git 17c6161, molglyph_large)",0.09826403483748436
uob,maybridge-0254-621669069,O=C(Cl)C1CCCN(C(=O)OCc2ccccc2)C1,,,,"MolGlyph 1.1.1 (BioMiner git 17c6161, molglyph_large)",0.18206286616623402
uob,maybridge-0254-822999649,O=C(Cl)c1cccnc1Sc1ccc(Cl)cc1,,,,"MolGlyph 1.1.1 (BioMiner git 17c6161, molglyph_large)",0.15679836086928844
uob,maybridge-0254-970917308,Cc1ccc(Sc2ncccc2C(=O)Cl)cc1,,,,"MolGlyph 1.1.1 (BioMiner git 17c6161, molglyph_large)",0.1569276824593544
uob,maybridge-0255-1000095251,O=C(Cl)c1sc2sccc2c1Cl,,,,"MolGlyph 1.1.1 (BioMiner git 17c6161, molglyph_large)",0.12260476313531399
uob,maybridge-0255-1067768426,Cn1nc(C(=O)Cl)c2ccccc21,,,,"MolGlyph 1.1.1 (BioMiner git 17c6161, molglyph_large)",0.13734008744359016
uob,maybridge-0255-430837409,Cn1nc2ccccc2c1C(=O)Cl,,,,"MolGlyph 1.1.1 (BioMiner git 17c6161, molglyph_large)",0.12923220731317997
uob,maybridge-0255-521797377,O=C(Cl)c1cn(S(=O)(=O)c2ccccc2)c2ccccc12,,,,"MolGlyph 1.1.1 (BioMiner git 17c6161, molglyph_large)",0.2156302984803915
uob,maybridge-0255-542955538,O=C(Cl)c1cc2ccccc2n1S(=O)(=O)c1ccccc1,,,,"MolGlyph 1.1.1 (BioMiner git 17c6161, molglyph_large)",0.20684687420725822
uob,maybridge-0255-622008451,O=C(Cl)c1cc2sccc2[nH]1,,,,"MolGlyph 1.1.1 (BioMiner git 17c6161, molglyph_large)",0.13203353993594646
uob,maybridge-0255-638714906,O=C(Cl)c1cc2c(Cl)cc(Cl)cc2[nH]1,,,,"MolGlyph 1.1.1 (BioMiner git 17c6161, molglyph_large)",0.16626163385808468
uob,maybridge-0255-643979570,O=C(Cl)C1CCCCO1,,,,"MolGlyph 1.1.1 (BioMiner git 17c6161, molglyph_large)",0.09833659417927265
uob,maybridge-0255-672862050,Cc1nn(C)c2sc(C(=O)Cl)cc12,,,,"MolGlyph 1.1.1 (BioMiner git 17c6161, molglyph_large)",0.14808326959609985
uob,maybridge-0255-91185879,O=C(Cl)C1CCOCC1,,,,"MolGlyph 1.1.1 (BioMiner git 17c6161, molglyph_large)",0.09830430336296558
uob,maybridge-0256-133120537,O=C(Cl)c1ccc2nccn2c1,,,,"MolGlyph 1.1.1 (BioMiner git 17c6161, molglyph_large)",0.12197647988796234
uob,maybridge-0256-146395075,O=C(Cl)c1cc2ccccc2o1,,,,"MolGlyph 1.1.1 (BioMiner git 17c6161, molglyph_large)",0.12254496663808823
uob,maybridge-0256-189150257,O=C(Cl)c1ccc2occc2c1,,,,"MolGlyph 1.1.1 (BioMiner git 17c6161, molglyph_large)",0.12341444380581379
uob,maybridge-0256-40934644,O=C(Cl)Cc1coc2ccccc12,,,,"MolGlyph 1.1.1 (BioMiner git 17c6161, molglyph_large)",0.12718996405601501
uob,maybridge-0256-47467029,O=C(Cl)c1cc2cc(Br)ccc2o1,,,,"MolGlyph 1.1.1 (BioMiner git 17c6161, molglyph_large)",0.1371525526046753
uob,maybridge-0256-50535184,CC(C)n1c(C(F)(F)F)nc2cc(C(=O)Cl)ccc21,,,,"MolGlyph 1.1.1 (BioMiner git 17c6161, molglyph_large)",0.20480858348309994
uob,maybridge-0256-546059985,O=C(Cl)c1cnn2ccccc12,,,,"MolGlyph 1.1.1 (BioMiner git 17c6161, molglyph_large)",0.12245442159473896
uob,maybridge-0256-57297807,CC(C)n1nnc2cc(C(=O)Cl)ccc21,,,,"MolGlyph 1.1.1 (BioMiner git 17c6161, molglyph_large)",0.1557423397898674
uob,maybridge-0256-854686524,Cc1nc2ccccn2c1C(=O)Cl,,,,"MolGlyph 1.1.1 (BioMiner git 17c6161, molglyph_large)",0.12742523849010468
uob,maybridge-0256-936515810,Cn1nnc2cc(C(=O)Cl)ccc21,,,,"MolGlyph 1.1.1 (BioMiner git 17c6161, molglyph_large)",0.13704519532620907
uob,maybridge-0256-964693469,O=C(Cl)C1Cc2ccccc2O1,,,,"MolGlyph 1.1.1 (BioMiner git 17c6161, molglyph_large)",0.12228634022176266
uob,maybridge-0257-145267544,CC1(C)Cc2cccc(C(=O)Cl)c2O1,,,,"MolGlyph 1.1.1 (BioMiner git 17c6161, molglyph_large)",0.15064327232539654
uob,maybridge-0257-148915227,O=C(Cl)Cc1ccc2c(c1)OCO2,,,,"MolGlyph 1.1.1 (BioMiner git 17c6161, molglyph_large)",0.13634113408625126
uob,maybridge-0257-200080862,Cc1ccc2sc(C(=O)Cl)cc2c1,,,,"MolGlyph 1.1.1 (BioMiner git 17c6161, molglyph_large)",0.13695382326841354
uob,maybridge-0257-257310615,O=C(Cl)c1cc2cc([N+](=O)[O-])ccc2s1,,,,"MolGlyph 1.1.1 (BioMiner git 17c6161, molglyph_large)",0.1901542916893959
uob,maybridge-0257-374568481,O=C(Cl)c1cccc2c1OCC2,,,,"MolGlyph 1.1.1 (BioMiner git 17c6161, molglyph_large)",0.12226593308150768
uob,maybridge-0257-443159561,O=C(Cl)c1cc(Br)cc2c1OCC2,,,,"MolGlyph 1.1.1 (BioMiner git 17c6161, molglyph_large)",0.13642175123095512
uob,maybridge-0257-624610063,O=C(Cl)c1csc2ccccc12,,,,"MolGlyph 1.1.1 (BioMiner git 17c6161, molglyph_large)",0.1223229244351387
uob,maybridge-0257-74004776,O=C(Cl)c1sc2ccccc2c1Cl,,,,"MolGlyph 1.1.1 (BioMiner git 17c6161, molglyph_large)",0.12721004895865917
uob,maybridge-0257-835116058,O=C(Cl)c1ccc2c(c1)CCO2,,,,"MolGlyph 1.1.1 (BioMiner git 17c6161, molglyph_large)",0.1313964668661356
uob,maybridge-0257-847591003,O=C(Cl)c1cc2ccccc2s1,,,,"MolGlyph 1.1.1 (BioMiner git 17c6161, molglyph_large)",0.1219811737537384
uob,maybridge-0257-942934547,O=C(Cl)c1ccc2c(c1)OCO2,,,,"MolGlyph 1.1.1 (BioMiner git 17c6161, molglyph_large)",0.13180530816316605
uob,maybridge-0258-1015543656,O=C(Cl)c1ccc2sccc2c1,,,,"MolGlyph 1.1.1 (BioMiner git 17c6161, molglyph_large)",0.1223252285271883
uob,maybridge-0258-1053374137,O=C(Cl)c1sc(Br)c2c1OCCO2,,,,"MolGlyph 1.1.1 (BioMiner git 17c6161, molglyph_large)",0.13656801730394363
uob,maybridge-0258-279319738,O=C(Cl)c1csc2ccc(Br)cc12,,,,"MolGlyph 1.1.1 (BioMiner git 17c6161, molglyph_large)",0.13851505145430565
uob,maybridge-0258-352237267,O=C(Cl)c1scc2c1OCCO2,,,,"MolGlyph 1.1.1 (BioMiner git 17c6161, molglyph_large)",0.12370127625763416
uob,maybridge-0258-425545200,O=C(Cl)Cc1ccc2ccccc2c1,,,,"MolGlyph 1.1.1 (BioMiner git 17c6161, molglyph_large)",0.1316192578524351
uob,maybridge-0258-463732373,O=C(Cl)c1cc2cc(Br)ccc2s1,,,,"MolGlyph 1.1.1 (BioMiner git 17c6161, molglyph_large)",0.13887914270162582
uob,maybridge-0258-517582405,O=C(Cl)c1nc2ccccc2s1,,,,"MolGlyph 1.1.1 (BioMiner git 17c6161, molglyph_large)",0.12233363837003708
uob,maybridge-0258-592269071,O=C(Cl)c1ccc2nsnc2c1,,,,"MolGlyph 1.1.1 (BioMiner git 17c6161, molglyph_large)",0.12245418317615986
uob,maybridge-0258-690333280,O=C(Cl)c1ccc2snnc2c1,,,,"MolGlyph 1.1.1 (BioMiner git 17c6161, molglyph_large)",0.12352762371301651
uob,maybridge-0258-724151387,O=C(Cl)c1cccc2nsnc12,,,,"MolGlyph 1.1.1 (BioMiner git 17c6161, molglyph_large)",0.12183049879968166
uob,maybridge-0258-909357762,O=C(Cl)c1ccc2nonc2c1,,,,"MolGlyph 1.1.1 (BioMiner git 17c6161, molglyph_large)",0.12200715579092503
uob,maybridge-0259-1061546157,O=C(Cl)c1cnc2ccccc2n1,,,,"MolGlyph 1.1.1 (BioMiner git 17c6161, molglyph_large)",0.12614828534424305
uob,maybridge-0259-106337096,O=C(Cl)c1cccc2c1OCCO2,,,,"MolGlyph 1.1.1 (BioMiner git 17c6161, molglyph_large)",0.12626189179718494
uob,maybridge-0259-134642530,CC1(C)CCC(C)(C)c2cc(C(=O)Cl)ccc21,,,,"MolGlyph 1.1.1 (BioMiner git 17c6161, molglyph_large)",0.18494147434830666
uob,maybridge-0259-171553671,O=C(Cl)C1=Cc2cc(Cl)ccc2OC1,,,,"MolGlyph 1.1.1 (BioMiner git 17c6161, molglyph_large)",0.1464572325348854
uob,maybridge-0259-196525980,O=C(Cl)c1ccc2nccnc2c1,,,,"MolGlyph 1.1.1 (BioMiner git 17c6161, molglyph_large)",0.12685174867510796
uob,maybridge-0259-197202074,O=C(Cl)Cc1cccc2ccccc12,,,,"MolGlyph 1.1.1 (BioMiner git 17c6161, molglyph_large)",0.13210833258926868
uob,maybridge-0259-302975068,O=C(Cl)c1ccc2c(c1)OCCO2,,,,"MolGlyph 1.1.1 (BioMiner git 17c6161, molglyph_large)",0.13647565990686417
uob,maybridge-0259-627248368,O=C(Cl)c1cc2ccccc2nc1Cl,,,,"MolGlyph 1.1.1 (BioMiner git 17c6161, molglyph_large)",0.13160420581698418
uob,maybridge-0259-668323320,O=C(Cl)c1cc(Cl)nc2ccc(Br)cc12,,,,"MolGlyph 1.1.1 (BioMiner git 17c6161, molglyph_large)",0.15580196678638458
uob,maybridge-0259-675731522,O=C(Cl)C1COc2ccccc2C1,,,,"MolGlyph 1.1.1 (BioMiner git 17c6161, molglyph_large)",0.12644322775304317
uob,maybridge-0259-903623484,O=C(Cl)C1COc2ccccc2O1,,,,"MolGlyph 1.1.1 (BioMiner git 17c6161, molglyph_large)",0.1265514101833105
uob,maybridge-0259-945917862,O=C(Cl)C1=Cc2ccccc2OC1,,,,"MolGlyph 1.1.1 (BioMiner git 17c6161, molglyph_large)",0.13108067959547043
uob,maybridge-0260-175839727,CN1CCOc2cc(C(=O)Cl)ccc21,,,,"MolGlyph 1.1.1 (BioMiner git 17c6161, molglyph_large)",0.14226280339062214
uob,maybridge-0260-253273200,O=C(Cl)c1cccc2c1-c1ccccc1-2,,,,"MolGlyph 1.1.1 (BioMiner git 17c6161, molglyph_large)",0.15561950951814651
uob,maybridge-0260-455205813,O=C(Cl)c1cccc2c1OCCCO2,,,,"MolGlyph 1.1.1 (BioMiner git 17c6161, molglyph_large)",0.13133860006928444
uob,maybridge-0261-254648839,O=C(Oc1c(F)c(F)c(F)c(F)c1F)c1ccccc1N1CCOCC1,,,,"MolGlyph 1.1.1 (BioMiner git 17c6161, molglyph_large)",0.23942432552576065
uob,maybridge-0261-38269464,Cn1cnc(C(=O)Oc2c(F)c(F)c(F)c(F)c2F)c1,,,,"MolGlyph 1.1.1 (BioMiner git 17c6161, molglyph_large)",0.20953145064413548
uob,maybridge-0261-623329111,Cc1cncc(N2CCC(C(=O)Oc3c(F)c(F)c(F)c(F)c3F)CC2)n1,,,,"MolGlyph 1.1.1 (BioMiner git 17c6161, molglyph_large)",0.2636505402624607
uob,maybridge-0261-802614463,O=C(Oc1c(F)c(F)c(F)c(F)c1F)c1csc(-c2cccnc2)n1,,,,"MolGlyph 1.1.1 (BioMiner git 17c6161, molglyph_large)",0.24993540905416012
uob,maybridge-0261-808428994,O=C(Oc1c(F)c(F)c(F)c(F)c1F)c1ccc(-c2cnco2)cc1,,,,"MolGlyph 1.1.1 (BioMiner git 17c6161, molglyph_large)",0.24830612167716026
uob,maybridge-0261-991172114,O=C(Oc1c(F)c(F)c(F)c(F)c1F)c1cc(C(F)(F)F)ccc1N1CCOCC1,,,,"MolGlyph 1.1.1 (BioMiner git 17c6161, molglyph_large)",0.2879396490752697
uob,maybridge-0262-1066572532,CCOC(=O)c1[nH]c(C)c(C=O)c1C,,,,"MolGlyph 1.1.1 (BioMiner git 17c6161, molglyph_large)",0.16019290871918201
uob,maybridge-0262-164155606,CCCC(=O)OC[C@H]1CO1,,,,"MolGlyph 1.1.1 (BioMiner git 17c6161, molglyph_large)",0.12220504879951477
uob,maybridge-0262-209566966,COC(=O)c1cc(C=O)cn1C,,,,"MolGlyph 1.1.1 (BioMiner git 17c6161, molglyph_large)",0.1270726677030325
uob,maybridge-0262-558412576,CCOC(=O)C1CC1C,,,,"MolGlyph 1.1.1 (BioMiner git 17c6161, molglyph_large)",0.09777583554387093
uob,maybridge-0262-606120762,COC(=O)c1cc(N)cn1C,,,,"MolGlyph 1.1.1 (BioMiner git 17c6161, molglyph_large)",0.11680834926664829
uob,maybridge-0262-797391972,COC(=O)C1(C)CCC(C(=O)O)C1(C)C,,,,"MolGlyph 1.1.1 (BioMiner git 17c6161, molglyph_large)",0.16947638429701328
uob,maybridge-0262-826828311,COC(=O)c1c(C=O)c(C)n(C)c1C,,,,"MolGlyph 1.1.1 (BioMiner git 17c6161, molglyph_large)",0.15575130842626095
uob,maybridge-0262-866046703,CCOC(=O)C1(C)CC1,,,,"MolGlyph 1.1.1 (BioMiner git 17c6161, molglyph_large)",0.10744147561490536
uob,maybridge-0262-892501466,COC(=O)c1cc(C)[nH]c1C,,,,"MolGlyph 1.1.1 (BioMiner git 17c6161, molglyph_large)",0.13188360258936882
uob,maybridge-0262-922948518,COC(=O)c1c(C)[nH]c(C)c1C=O,,,,"MolGlyph 1.1.1 (BioMiner git 17c6161, molglyph_large)",0.156072948127985
uob,maybridge-0263-1028753025,CCOC(=O)c1[nH]c(C)c(S(=O)(=O)Cl)c1C,,,,"MolGlyph 1.1.1 (BioMiner git 17c6161, molglyph_large)",0.19540738686919212
uob,maybridge-0263-261661859,CCOC(=O)c1[nH]c(C)c(C(C)=O)c1C,,,,"MolGlyph 1.1.1 (BioMiner git 17c6161, molglyph_large)",0.17560719326138496
uob,maybridge-0263-37702896,CCOC(=O)c1c(C=O)c(C)n(-c2ccccc2)c1C,,,,"MolGlyph 1.1.1 (BioMiner git 17c6161, molglyph_large)",0.20065895654261112
uob,maybridge-0263-448514201,CCOC(=O)c1[nH]c(C)c(CO)c1C,,,,"MolGlyph 1.1.1 (BioMiner git 17c6161, molglyph_large)",0.15600310824811459
uob,maybridge-0263-522112542,COC(=O)c1ccc(S(=O)(=O)Cl)n1C,,,,"MolGlyph 1.1.1 (BioMiner git 17c6161, molglyph_large)",0.1606440730392933
uob,maybridge-0263-557579004,COC(=O)c1cc(C)n(C)n1,,,,"MolGlyph 1.1.1 (BioMiner git 17c6161, molglyph_large)",0.12719744071364403
uob,maybridge-0263-714841753,CCOC(=O)c1[nH]c(C)c(Br)c1C,,,,"MolGlyph 1.1.1 (BioMiner git 17c6161, molglyph_large)",0.15133366733789444
uob,maybridge-0263-773361529,CCOC(=O)c1cc(C)n[nH]1,,,,"MolGlyph 1.1.1 (BioMiner git 17c6161, molglyph_large)",0.13211400248110294
uob,maybridge-0263-794456799,COC(=O)c1ccc(S(=O)(=O)NC(C)(C)C)n1C,,,,"MolGlyph 1.1.1 (BioMiner git 17c6161, molglyph_large)",0.19917341694235802
uob,maybridge-0263-823330514,CCOC(=O)c1c(C=O)c(C)n(C2CC2)c1C,,,,"MolGlyph 1.1.1 (BioMiner git 17c6161, molglyph_large)",0.18064945749938488
uob,maybridge-0264-1032023327,CCOC(=O)c1cnn(C)c1N,,,,"MolGlyph 1.1.1 (BioMiner git 17c6161, molglyph_large)",0.1223167572170496
uob,maybridge-0264-259030448,CCOC(=O)c1cc(-c2ccco2)nn1C,,,,"MolGlyph 1.1.1 (BioMiner git 17c6161, molglyph_large)",0.15657960437238216
uob,maybridge-0264-443905579,CCOC(=O)c1cc(-c2ccccc2)nn1C,,,,"MolGlyph 1.1.1 (BioMiner git 17c6161, molglyph_large)",0.16095052659511566
uob,maybridge-0264-447872535,CCOC(=O)c1cc(-c2ccco2)[nH]n1,,,,"MolGlyph 1.1.1 (BioMiner git 17c6161, molglyph_large)",0.1654359120875597
uob,maybridge-0264-519403766,CCOC(=O)c1c(C)n[nH]c1C,,,,"MolGlyph 1.1.1 (BioMiner git 17c6161, molglyph_large)",0.13670529797673225
uob,maybridge-0264-791301756,CCOC(=O)c1cc(C(C)(C)C)n[nH]1,,,,"MolGlyph 1.1.1 (BioMiner git 17c6161, molglyph_large)",0.16572083719074726
uob,maybridge-0264-887632290,CCOC(=O)c1cc(C)nn1C,,,,"MolGlyph 1.1.1 (BioMiner git 17c6161, molglyph_large)",0.12175244279205799
uob,maybridge-0264-92561731,CCOC(=O)c1cc(-c2ccco2)n(C)n1,,,,"MolGlyph 1.1.1 (BioMiner git 17c6161, molglyph_large)",0.16565589793026447
uob,maybridge-0264-954338933,CCOC(=O)c1cc(C)n(C(C)(C)C)n1,,,,"MolGlyph 1.1.1 (BioMiner git 17c6161, molglyph_large)",0.16672526858747005
uob,maybridge-0264-962565061,CCOC(=O)c1cc(-c2cccs2)[nH]n1,,,,"MolGlyph 1.1.1 (BioMiner git 17c6161, molglyph_large)",0.16598431579768658
uob,maybridge-0265-1035578103,CCOC(=O)c1cnn(-c2ccccc2)c1C(F)(F)F,,,,"MolGlyph 1.1.1 (BioMiner git 17c6161, molglyph_large)",0.1950654461979866
uob,maybridge-0265-1036294649,CCOC(=O)c1cc(-c2cccs2)nn1C,,,,"MolGlyph 1.1.1 (BioMiner git 17c6161, molglyph_large)",0.15577145107090473
uob,maybridge-0265-232383032,*c1c(C)nn(C)c1-n1ncc(C(=O)OCC)c1N,,,,"MolGlyph 1.1.1 (BioMiner git 17c6161, molglyph_large)",0.19049996696412563
uob,maybridge-0265-401397655,CCOC(=O)c1cc(-c2cccs2)n(C)n1,,,,"MolGlyph 1.1.1 (BioMiner git 17c6161, molglyph_large)",0.16566003300249577
uob,maybridge-0265-501024831,CCOC(=O)c1cnn(-c2ccc(F)cc2)c1N,,,,"MolGlyph 1.1.1 (BioMiner git 17c6161, molglyph_large)",0.17722058668732643
uob,maybridge-0265-825594574,[N+](c1ccc(-n2ncc(C(=O)OCC)c2N)cc1)(=O)[O-],,,,"MolGlyph 1.1.1 (BioMiner git 17c6161, molglyph_large)",0.23929889127612114
uob,maybridge-0265-844419279,CCOC(=O)c1cnn(-c2ccc(N)cc2)c1C,,,,"MolGlyph 1.1.1 (BioMiner git 17c6161, molglyph_large)",0.17602244392037392
uob,maybridge-0265-905664093,CCOC(=O)c1cc(-c2ccccc2)n(C)n1,,,,"MolGlyph 1.1.1 (BioMiner git 17c6161, molglyph_large)",0.17099762707948685
uob,maybridge-0266-1014579549,CCOC(=O)Cn1cnc(Cl)c1Cl,,,,"MolGlyph 1.1.1 (BioMiner git 17c6161, molglyph_large)",0.12730919942259789
uob,maybridge-0266-106384822,CCOC(=O)c1cnn(-c2ccc(Cl)cc2)c1C(F)(F)F,,,,"MolGlyph 1.1.1 (BioMiner git 17c6161, molglyph_large)",0.2098300065845251
uob,maybridge-0266-316800857,COC(=O)c1cncn1C,,,,"MolGlyph 1.1.1 (BioMiner git 17c6161, molglyph_large)",0.10274560004472733
uob,maybridge-0266-44254184,COC(=O)c1cn(C)cn1,,,,"MolGlyph 1.1.1 (BioMiner git 17c6161, molglyph_large)",0.11254574544727802
uob,maybridge-0266-591567539,CCOC(=O)[C@@H]1CC[C@@H](C(=O)OCC)N1Cc1ccccc1,,,,"MolGlyph 1.1.1 (BioMiner git 17c6161, molglyph_large)",0.24342261627316475
uob,maybridge-0266-834175596,COC(=O)c1cnc(S)n1C,,,,"MolGlyph 1.1.1 (BioMiner git 17c6161, molglyph_large)",0.11706325970590115
uob,maybridge-0266-858939326,CCOC(=O)C1CN(Cc2ccco2)C(=O)C1=O,,,,"MolGlyph 1.1.1 (BioMiner git 17c6161, molglyph_large)",0.1801960114389658
uob,maybridge-0266-879384827,CCOC(=O)c1c[nH]c(S)n1,,,,"MolGlyph 1.1.1 (BioMiner git 17c6161, molglyph_large)",0.132222643122077
uob,maybridge-0266-936693545,CCOC(=O)c1cnn(-c2ccc(Cl)c(Cl)c2)c1C,,,,"MolGlyph 1.1.1 (BioMiner git 17c6161, molglyph_large)",0.19020848721265793
uob,maybridge-0267-111294065,COC(=O)c1ccc(CCl)o1,,,,"MolGlyph 1.1.1 (BioMiner git 17c6161, molglyph_large)",0.11720767803490162
uob,maybridge-0267-237076790,CCOC(=O)c1cc(-c2ccc(Cl)cc2)oc1C=O,,,,"MolGlyph 1.1.1 (BioMiner git 17c6161, molglyph_large)",0.18547704629600048
uob,maybridge-0267-366353979,CCOC(=O)CC(=O)c1ccco1,,,,"MolGlyph 1.1.1 (BioMiner git 17c6161, molglyph_large)",0.1319982409477234
uob,maybridge-0267-572846432,CCOC(=O)c1ccoc1,,,,"MolGlyph 1.1.1 (BioMiner git 17c6161, molglyph_large)",0.1023119892925024
uob,maybridge-0267-597575038,COC(=O)c1cc(C)cs1,,,,"MolGlyph 1.1.1 (BioMiner git 17c6161, molglyph_large)",0.11271096207201481
uob,maybridge-0267-655230353,COC(=O)c1ccc(S(=O)(=O)Cl)o1,,,,"MolGlyph 1.1.1 (BioMiner git 17c6161, molglyph_large)",0.15539031103253365
uob,maybridge-0267-681917261,CCOC(=O)c1cc(-c2ccc(C)cc2)oc1C,,,,"MolGlyph 1.1.1 (BioMiner git 17c6161, molglyph_large)",0.17607018537819386
uob,maybridge-0267-702680857,COC(=O)c1c(C)oc(C)c1S(=O)(=O)Cl,,,,"MolGlyph 1.1.1 (BioMiner git 17c6161, molglyph_large)",0.17532661370933056
uob,maybridge-0267-754108534,COC(=O)c1cc(C=O)oc1C,,,,"MolGlyph 1.1.1 (BioMiner git 17c6161, molglyph_large)",0.12710297480225563
uob,maybridge-0267-764912361,CCOC(=O)c1cc(-c2ccc(F)cc2)oc1C,,,,"MolGlyph 1.1.1 (BioMiner git 17c6161, molglyph_large)",0.1757033746689558
uob,maybridge-0267-808294817,COC(=O)c1ccc(Oc2cccnc2)o1,,,,"MolGlyph 1.1.1 (BioMiner git 17c6161, molglyph_large)",0.1514790803194046
uob,maybridge-0267-829170996,COC(=O)c1cc(S(=O)(=O)Cl)oc1C,,,,"MolGlyph 1.1.1 (BioMiner git 17c6161, molglyph_large)",0.1608508750796318
uob,maybridge-0268-15710719,COC(=O)c1ccsc1N,,,,"MolGlyph 1.1.1 (BioMiner git 17c6161, molglyph_large)",0.10278094187378883
uob,maybridge-0268-200444825,COC(=O)c1cscc1N,,,,"MolGlyph 1.1.1 (BioMiner git 17c6161, molglyph_large)",0.10286095552146435
uob,maybridge-0268-244268376,COC(=O)c1sccc1N,,,,"MolGlyph 1.1.1 (BioMiner git 17c6161, molglyph_large)",0.10207998380064964
uob,maybridge-0268-267412029,COC(=O)c1sccc1NN,,,,"MolGlyph 1.1.1 (BioMiner git 17c6161, molglyph_large)",0.10740764066576958
uob,maybridge-0268-425651885,COC(=O)c1sccc1O,,,,"MolGlyph 1.1.1 (BioMiner git 17c6161, molglyph_large)",0.10258118435740471
uob,maybridge-0268-59099193,CCOC(=O)c1c(C)csc1N,,,,"MolGlyph 1.1.1 (BioMiner git 17c6161, molglyph_large)",0.12216329947113991
uob,maybridge-0268-609383177,COC(=O)c1sccc1Cl,,,,"MolGlyph 1.1.1 (BioMiner git 17c6161, molglyph_large)",0.10254743695259094
uob,maybridge-0268-653871350,COC(=O)c1scc(C)c1N,,,,"MolGlyph 1.1.1 (BioMiner git 17c6161, molglyph_large)",0.11678610555827618
uob,maybridge-0268-717759472,COC(=O)c1cscc1OC,,,,"MolGlyph 1.1.1 (BioMiner git 17c6161, molglyph_large)",0.10744265094399452
uob,maybridge-0268-808903102,COC(=O)c1scc(C#N)c1N,,,,"MolGlyph 1.1.1 (BioMiner git 17c6161, molglyph_large)",0.12711015902459621
uob,maybridge-0268-999181697,COC(=O)c1scc(C)c1Cl,,,,"MolGlyph 1.1.1 (BioMiner git 17c6161, molglyph_large)",0.11716177500784397
uob,maybridge-0269-1039159423,COC(=O)c1sccc1Br,,,,"MolGlyph 1.1.1 (BioMiner git 17c6161, molglyph_large)",0.10270178876817226
uob,maybridge-0269-1068463444,COC(=O)c1cscc1N,,,,"MolGlyph 1.1.1 (BioMiner git 17c6161, molglyph_large)",0.10239129140973091
uob,maybridge-0269-22244336,COC(=O)c1sc(C(C)(C)C)cc1N,,,,"MolGlyph 1.1.1 (BioMiner git 17c6161, molglyph_large)",0.15063821896910667
uob,maybridge-0269-229751669,COC(=O)c1sc(SC)c(C#N)c1N,,,,"MolGlyph 1.1.1 (BioMiner git 17c6161, molglyph_large)",0.14637776091694832
uob,maybridge-0269-26574672,CCOC(=O)c1c(N)sc(C)c1C,,,,"MolGlyph 1.1.1 (BioMiner git 17c6161, molglyph_large)",0.13666215352714062
uob,maybridge-0269-39845459,COC(=O)c1scc(S(C)(=O)=O)c1N,,,,"MolGlyph 1.1.1 (BioMiner git 17c6161, molglyph_large)",0.1611589975655079
uob,maybridge-0269-443893682,COC(=O)c1cc(C)c(Br)s1,,,,"MolGlyph 1.1.1 (BioMiner git 17c6161, molglyph_large)",0.12671566754579544
uob,maybridge-0269-612862411,COC(=O)c1sccc1N=C=S,,,,"MolGlyph 1.1.1 (BioMiner git 17c6161, molglyph_large)",0.12195826694369316
uob,maybridge-0269-813380918,COC(=O)c1scc(C)c1N=C=S,,,,"MolGlyph 1.1.1 (BioMiner git 17c6161, molglyph_large)",0.13683013804256916
uob,maybridge-0269-909693909,COC(=O)c1sc(-c2ccccc2)cc1N,,,,"MolGlyph 1.1.1 (BioMiner git 17c6161, molglyph_large)",0.1560471411794424
uob,maybridge-0270-1012007048,COC(=O)c1sccc1-c1ccc(C=O)o1,,,,"MolGlyph 1.1.1 (BioMiner git 17c6161, molglyph_large)",0.16129229962825775
uob,maybridge-0270-181399934,CCOC(=O)c1c(N)sc(C)c1-c1ccccc1,,,,"MolGlyph 1.1.1 (BioMiner git 17c6161, molglyph_large)",0.17522325366735458
uob,maybridge-0270-220936633,CCOC(=O)c1c(-c2ccco2)csc1N,,,,"MolGlyph 1.1.1 (BioMiner git 17c6161, molglyph_large)",0.1565607711672783
uob,maybridge-0270-25289288,CCOC(=O)c1c(-c2cccs2)csc1N,,,,"MolGlyph 1.1.1 (BioMiner git 17c6161, molglyph_large)",0.15590554475784302
uob,maybridge-0270-40939055,COC(=O)c1sc(-c2ccc(F)cc2)cc1N,,,,"MolGlyph 1.1.1 (BioMiner git 17c6161, molglyph_large)",0.17076517269015312
uob,maybridge-0270-540452329,COC(=O)c1sccc1S(=O)(=O)Cl,,,,"MolGlyph 1.1.1 (BioMiner git 17c6161, molglyph_large)",0.14666258543729782
uob,maybridge-0270-545149418,COC(=O)c1scc(Br)c1OC,,,,"MolGlyph 1.1.1 (BioMiner git 17c6161, molglyph_large)",0.12200524285435677
uob,maybridge-0270-590844208,COC(=O)c1scc(S(=O)(=O)C(C)C)c1N,,,,"MolGlyph 1.1.1 (BioMiner git 17c6161, molglyph_large)",0.18091015703976154
uob,maybridge-0270-629919115,COC(=O)c1cc(C)c(S(=O)(=O)Cl)s1,,,,"MolGlyph 1.1.1 (BioMiner git 17c6161, molglyph_large)",0.17112887278199196
uob,maybridge-0270-963151847,COC(=O)c1scc(Br)c1O,,,,"MolGlyph 1.1.1 (BioMiner git 17c6161, molglyph_large)",0.11694478243589401
uob,maybridge-0271-105416330,COC(=O)c1sc(N2CCCCC2)c(C#N)c1N,,,,"MolGlyph 1.1.1 (BioMiner git 17c6161, molglyph_large)",0.174704197794199
uob,maybridge-0271-269375483,COC(=O)c1sccc1NC(=O)CBr,,,,"MolGlyph 1.1.1 (BioMiner git 17c6161, molglyph_large)",0.13676310703158379
uob,maybridge-0271-301788362,COC(=O)c1csc(S(=O)(=O)Cl)c1OC,,,,"MolGlyph 1.1.1 (BioMiner git 17c6161, molglyph_large)",0.16599642299115658
uob,maybridge-0271-338104194,CCOC(=O)c1c(-c2ccc(OC)cc2)csc1N,,,,"MolGlyph 1.1.1 (BioMiner git 17c6161, molglyph_large)",0.18014220148324966
uob,maybridge-0271-578922955,COC(=O)c1sc(-c2ccc(Cl)cc2)cc1N,,,,"MolGlyph 1.1.1 (BioMiner git 17c6161, molglyph_large)",0.1707558110356331
uob,maybridge-0271-675213291,COC(=O)c1ccsc1NC(=O)c1cccs1,,,,"MolGlyph 1.1.1 (BioMiner git 17c6161, molglyph_large)",0.16122062504291534
uob,maybridge-0271-799974992,COC(=O)c1cscc1Sc1ccc(Cl)cc1,,,,"MolGlyph 1.1.1 (BioMiner git 17c6161, molglyph_large)",0.15646232850849628
uob,maybridge-0271-827839817,COC(=O)c1sc(-c2ccc(C(C)(C)C)cc2)cc1N,,,,"MolGlyph 1.1.1 (BioMiner git 17c6161, molglyph_large)",0.20574050582945347
uob,maybridge-0271-951290943,COC(=O)c1cc(-c2ccccc2)c(C(F)(F)F)s1,,,,"MolGlyph 1.1.1 (BioMiner git 17c6161, molglyph_large)",0.19979015737771988
uob,maybridge-0271-993997092,CCOC(=O)c1c(-c2ccc(Cl)cc2)csc1N,,,,"MolGlyph 1.1.1 (BioMiner git 17c6161, molglyph_large)",0.17554928734898567
uob,maybridge-0272-210589600,COC(=O)c1sc(C(F)(F)F)c(-c2ccccc2)c1N,,,,"MolGlyph 1.1.1 (BioMiner git 17c6161, molglyph_large)",0.2046743631362915
uob,maybridge-0272-290905515,CCOC(=O)c1sc(SC)c(S(C)(=O)=O)c1N,,,,"MolGlyph 1.1.1 (BioMiner git 17c6161, molglyph_large)",0.1844860576093197
uob,maybridge-0272-351616214,COC(=O)c1sc(Br)c(Br)c1O,,,,"MolGlyph 1.1.1 (BioMiner git 17c6161, molglyph_large)",0.13298075646162033
uob,maybridge-0272-448695196,CCOC(=O)c1c(-c2ccc(-c3ccccc3)cc2)csc1N,,,,"MolGlyph 1.1.1 (BioMiner git 17c6161, molglyph_large)",0.2143747080117464
uob,maybridge-0272-46537538,COC(=O)c1scc(S(=O)(=O)Cc2ccco2)c1N,,,,"MolGlyph 1.1.1 (BioMiner git 17c6161, molglyph_large)",0.19544381648302078
uob,maybridge-0272-542593683,CCOC(=O)C(=O)c1ccc(Br)s1,,,,"MolGlyph 1.1.1 (BioMiner git 17c6161, molglyph_large)",0.14173727668821812
uob,maybridge-0272-599119112,COC(=O)c1sc(SC)c(S(=O)(=O)C(C)C)c1N,,,,"MolGlyph 1.1.1 (BioMiner git 17c6161, molglyph_large)",0.19965065084397793
uob,maybridge-0272-662846860,CCOC(=O)c1c(-c2ccc(Br)cc2)csc1N,,,,"MolGlyph 1.1.1 (BioMiner git 17c6161, molglyph_large)",0.18072142079472542
uob,maybridge-0272-691494514,COC(=O)c1sc(C(F)(F)F)c(-c2ccccc2)c1S(=O)(=O)Cl,,,,"MolGlyph 1.1.1 (BioMiner git 17c6161, molglyph_large)",0.24802531115710735
uob,maybridge-0272-986472446,COC(=O)c1scc(S(=O)(=O)C(C)C)c1S(=O)(=O)Cl,,,,"MolGlyph 1.1.1 (BioMiner git 17c6161, molglyph_large)",0.22368935868144035
uob,maybridge-0273-115772403,CCOC(=O)c1cc(C(=O)CBr)on1,,,,"MolGlyph 1.1.1 (BioMiner git 17c6161, molglyph_large)",0.14727948047220707
uob,maybridge-0273-239548681,COC(=O)c1cc(O)no1,,,,"MolGlyph 1.1.1 (BioMiner git 17c6161, molglyph_large)",0.11230674386024475
uob,maybridge-0273-28297254,COC(=O)c1cc(C)on1,,,,"MolGlyph 1.1.1 (BioMiner git 17c6161, molglyph_large)",0.11220232024788857
uob,maybridge-0273-348617226,CCOC(=O)C(=O)CC(=O)c1cccs1,,,,"MolGlyph 1.1.1 (BioMiner git 17c6161, molglyph_large)",0.15746338665485382
uob,maybridge-0273-355409047,CCOC(=O)c1cc(-c2ccco2)on1,,,,"MolGlyph 1.1.1 (BioMiner git 17c6161, molglyph_large)",0.15170438215136528
uob,maybridge-0273-417566562,CCOC(=O)c1noc(C)c1C(C)=O,,,,"MolGlyph 1.1.1 (BioMiner git 17c6161, molglyph_large)",0.14626121893525124
uob,maybridge-0273-666736753,CCOC(=O)c1cc(-c2ccc(Br)s2)on1,,,,"MolGlyph 1.1.1 (BioMiner git 17c6161, molglyph_large)",0.16578801162540913
uob,maybridge-0273-708795227,COC(=O)C1CSCC1=O,,,,"MolGlyph 1.1.1 (BioMiner git 17c6161, molglyph_large)",0.10802174545824528
uob,maybridge-0273-785440577,COC(=O)c1coc(CCl)n1,,,,"MolGlyph 1.1.1 (BioMiner git 17c6161, molglyph_large)",0.11691554449498653
uob,maybridge-0273-807771894,CCOC(=O)c1nc(C)oc1C,,,,"MolGlyph 1.1.1 (BioMiner git 17c6161, molglyph_large)",0.1223700437694788
uob,maybridge-0273-827361524,CCOC(=O)c1cc(-c2cccs2)on1,,,,"MolGlyph 1.1.1 (BioMiner git 17c6161, molglyph_large)",0.15117238461971283
uob,maybridge-0274-145887472,CCOC(=O)c1csc(N)n1,,,,"MolGlyph 1.1.1 (BioMiner git 17c6161, molglyph_large)",0.11710912361741066
uob,maybridge-0274-224982073,CCOC(=O)c1c(C)nsc1N,,,,"MolGlyph 1.1.1 (BioMiner git 17c6161, molglyph_large)",0.12211959436535835
uob,maybridge-0274-25961567,CCOC(=O)c1sc(C)nc1-c1ccccc1,,,,"MolGlyph 1.1.1 (BioMiner git 17c6161, molglyph_large)",0.1612113043665886
uob,maybridge-0274-376363896,CCOC(=O)c1sc(Br)nc1C,,,,"MolGlyph 1.1.1 (BioMiner git 17c6161, molglyph_large)",0.12239926494657993
uob,maybridge-0274-428637621,CCOC(=O)c1nc(-c2cncc(Br)c2)no1,,,,"MolGlyph 1.1.1 (BioMiner git 17c6161, molglyph_large)",0.1717169303447008
uob,maybridge-0274-515984327,CCOC(=O)c1sc(N)nc1C,,,,"MolGlyph 1.1.1 (BioMiner git 17c6161, molglyph_large)",0.12220888398587704
uob,maybridge-0274-569989585,CCOC(=O)c1sc(Cl)nc1C,,,,"MolGlyph 1.1.1 (BioMiner git 17c6161, molglyph_large)",0.12201428972184658
uob,maybridge-0274-820625334,CCOC(=O)c1nc(-c2ccc(S(=O)(=O)Cl)s2)no1,,,,"MolGlyph 1.1.1 (BioMiner git 17c6161, molglyph_large)",0.20968982763588428
uob,maybridge-0274-943027430,CCOC(=O)c1csc(C)n1,,,,"MolGlyph 1.1.1 (BioMiner git 17c6161, molglyph_large)",0.11713380925357342
uob,maybridge-0274-997555449,CCOC(=O)c1sc(-c2ccccc2)nc1C,,,,"MolGlyph 1.1.1 (BioMiner git 17c6161, molglyph_large)",0.16103451699018478
uob,maybridge-0275-1055120992,COC(=O)Cc1nc(C)sc1C,,,,"MolGlyph 1.1.1 (BioMiner git 17c6161, molglyph_large)",0.12205341830849648
uob,maybridge-0275-217241098,CCOC(=O)c1sc(-c2cccc(C(F)(F)F)c2)nc1O,,,,"MolGlyph 1.1.1 (BioMiner git 17c6161, molglyph_large)",0.20939566008746624
uob,maybridge-0275-32247950,CCOC(=O)c1csc(-c2ccc(Br)s2)n1,,,,"MolGlyph 1.1.1 (BioMiner git 17c6161, molglyph_large)",0.1655784770846367
uob,maybridge-0275-455607811,CCOC(=O)c1sc(-c2ccc(Cl)cc2)nc1O,,,,"MolGlyph 1.1.1 (BioMiner git 17c6161, molglyph_large)",0.17585337720811367
uob,maybridge-0275-601476895,CCOC(=O)Cc1csc(C)n1,,,,"MolGlyph 1.1.1 (BioMiner git 17c6161, molglyph_large)",0.12227755784988403
uob,maybridge-0275-695315905,CCOC(=O)c1cnc(NCc2ccccc2)s1,,,,"MolGlyph 1.1.1 (BioMiner git 17c6161, molglyph_large)",0.16083632595837116
uob,maybridge-0275-854576577,CCOC(=O)c1csc(-c2cccc(Cl)c2Cl)n1,,,,"MolGlyph 1.1.1 (BioMiner git 17c6161, molglyph_large)",0.1755329016596079
uob,maybridge-0275-864143222,CCOC(=O)c1sc(-c2ccc(C(F)(F)F)cc2)nc1C,,,,"MolGlyph 1.1.1 (BioMiner git 17c6161, molglyph_large)",0.2093634307384491
uob,maybridge-0275-909134470,CCOC(=O)c1csc(C2CCN(C(=O)OC(C)(C)C)CC2)n1,,,,"MolGlyph 1.1.1 (BioMiner git 17c6161, molglyph_large)",0.22957364656031132
uob,maybridge-0275-955938469,CCOC(=O)c1sc(C2CCN(C(=O)OC(C)(C)C)CC2)nc1C,,,,"MolGlyph 1.1.1 (BioMiner git 17c6161, molglyph_large)",0.23537907376885414
uob,maybridge-0276-101522799,COC(=O)c1ccc(N)c(C)c1,,,,"MolGlyph 1.1.1 (BioMiner git 17c6161, molglyph_large)",0.13236569799482822
uob,maybridge-0276-132582856,COC(=O)c1cccc(C#N)c1,,,,"MolGlyph 1.1.1 (BioMiner git 17c6161, molglyph_large)",0.1267851870507002
uob,maybridge-0276-218839836,CCOC(=O)c1csnn1,,,,"MolGlyph 1.1.1 (BioMiner git 17c6161, molglyph_large)",0.10233078338205814
uob,maybridge-0276-285481645,COC(=O)c1cccc(N)c1,,,,"MolGlyph 1.1.1 (BioMiner git 17c6161, molglyph_large)",0.11707337200641632
uob,maybridge-0276-528372213,CCOC(=O)C(=O)c1csc(NC=O)n1,,,,"MolGlyph 1.1.1 (BioMiner git 17c6161, molglyph_large)",0.1564197726547718
uob,maybridge-0276-692767322,COC(=O)c1ccc(C)c(C)c1,,,,"MolGlyph 1.1.1 (BioMiner git 17c6161, molglyph_large)",0.13192876614630222
uob,maybridge-0276-733947181,COC(=O)c1ccccc1C=O,,,,"MolGlyph 1.1.1 (BioMiner git 17c6161, molglyph_large)",0.1170654334127903
uob,maybridge-0276-869444652,COC(=O)Cc1nc(-c2ccccc2)sc1C,,,,"MolGlyph 1.1.1 (BioMiner git 17c6161, molglyph_large)",0.16150343045592308
uob,maybridge-0276-924777586,CC(C)(C)OC(=O)C(C)(C)Sc1nnc(N)s1,,,,"MolGlyph 1.1.1 (BioMiner git 17c6161, molglyph_large)",0.18484200909733772
uob,maybridge-0276-928663408,COC(=O)c1ccccc1C#N,,,,"MolGlyph 1.1.1 (BioMiner git 17c6161, molglyph_large)",0.11786453239619732
uob,maybridge-0276-929086530,COC(=O)c1cccc(C)c1,,,,"MolGlyph 1.1.1 (BioMiner git 17c6161, molglyph_large)",0.1173301637172699
uob,maybridge-0277-1064163445,COC(=O)c1ccc(F)cc1Cl,,,,"MolGlyph 1.1.1 (BioMiner git 17c6161, molglyph_large)",0.12205970287322998
uob,maybridge-0277-161485657,COC(=O)c1ccc(N)cc1,,,,"MolGlyph 1.1.1 (BioMiner git 17c6161, molglyph_large)",0.11764222383499146
uob,maybridge-0277-244811505,COC(=O)c1cc(Cl)ccc1O,,,,"MolGlyph 1.1.1 (BioMiner git 17c6161, molglyph_large)",0.12231625616550446
uob,maybridge-0277-271136143,COC(=O)c1ccc(OC)c(C#N)c1,,,,"MolGlyph 1.1.1 (BioMiner git 17c6161, molglyph_large)",0.14632109552621841
uob,maybridge-0277-283896864,COC(=O)c1ccc(N)cc1OC,,,,"MolGlyph 1.1.1 (BioMiner git 17c6161, molglyph_large)",0.12754816748201847
uob,maybridge-0277-344054978,COC(=O)c1ccc(N)c(N)c1,,,,"MolGlyph 1.1.1 (BioMiner git 17c6161, molglyph_large)",0.132311150431633
uob,maybridge-0277-395811034,COC(=O)c1ccc(C)c(Cl)c1,,,,"MolGlyph 1.1.1 (BioMiner git 17c6161, molglyph_large)",0.13221759535372257
uob,maybridge-0277-595349350,COC(=O)c1cccc(N=CO)c1,,,,"MolGlyph 1.1.1 (BioMiner git 17c6161, molglyph_large)",0.13236277550458908
uob,maybridge-0277-627356691,COC(=O)c1ccccc1N=C=S,,,,"MolGlyph 1.1.1 (BioMiner git 17c6161, molglyph_large)",0.12713808938860893
uob,maybridge-0277-731977734,[N+](c1ccccc1C(=O)OC)(=O)[O-],,,,"MolGlyph 1.1.1 (BioMiner git 17c6161, molglyph_large)",0.17061755992472172
uob,maybridge-0277-829745572,COC(=O)c1ccc(B(O)O)cc1,,,,"MolGlyph 1.1.1 (BioMiner git 17c6161, molglyph_large)",0.13687772117555141
uob,maybridge-0277-942874765,CCOC(=O)c1ccc(N=C=O)cc1,,,,"MolGlyph 1.1.1 (BioMiner git 17c6161, molglyph_large)",0.14173365756869316
uob,maybridge-0278-213743567,CCOC(=O)c1cccc(B(O)O)c1,,,,"MolGlyph 1.1.1 (BioMiner git 17c6161, molglyph_large)",0.14128678292036057
uob,maybridge-0278-349697115,COC(=O)c1cc(Cl)cc(Cl)c1,,,,"MolGlyph 1.1.1 (BioMiner git 17c6161, molglyph_large)",0.1314831729978323
uob,maybridge-0278-363019173,CC(C)(C)OC(=O)c1cccc(N)c1,,,,"MolGlyph 1.1.1 (BioMiner git 17c6161, molglyph_large)",0.15158204920589924
uob,maybridge-0278-373821829,COC(=O)c1cccc(-c2cnco2)c1,,,,"MolGlyph 1.1.1 (BioMiner git 17c6161, molglyph_large)",0.15095260739326477
uob,maybridge-0278-436000342,COC(=O)c1cccc(C(F)(F)F)c1,,,,"MolGlyph 1.1.1 (BioMiner git 17c6161, molglyph_large)",0.15108797699213028
uob,maybridge-0278-517188069,CC(=O)Oc1c(C)cccc1C(=O)O,,,,"MolGlyph 1.1.1 (BioMiner git 17c6161, molglyph_large)",0.1466175839304924
uob,maybridge-0278-548827050,COC(=O)c1cccc(CN)c1,,,,"MolGlyph 1.1.1 (BioMiner git 17c6161, molglyph_large)",0.12152323126792908
uob,maybridge-0278-674910598,COC(=O)c1cccc(C(=O)O)c1N,,,,"MolGlyph 1.1.1 (BioMiner git 17c6161, molglyph_large)",0.1459153015166521
uob,maybridge-0278-714228924,CCOC(=O)c1ccc(NC)c(N)c1,,,,"MolGlyph 1.1.1 (BioMiner git 17c6161, molglyph_large)",0.14149290695786476
uob,maybridge-0278-731651075,[N+](c1ccc(C(=O)OC)cc1C)(=O)[O-],,,,"MolGlyph 1.1.1 (BioMiner git 17c6161, molglyph_large)",0.18515316396951675
uob,maybridge-0278-815730560,COC(=O)c1ccc(C(N)=NO)cc1,,,,"MolGlyph 1.1.1 (BioMiner git 17c6161, molglyph_large)",0.14696712791919708
uob,maybridge-0278-864047463,COC(=O)c1ccccc1-c1ccco1,,,,"MolGlyph 1.1.1 (BioMiner git 17c6161, molglyph_large)",0.14171523600816727
uob,maybridge-0279-135719878,CCOC(=O)c1ccc(C(F)(F)F)cc1,,,,"MolGlyph 1.1.1 (BioMiner git 17c6161, molglyph_large)",0.15658029541373253
uob,maybridge-0279-320256790,COC(=O)c1ccc(-c2nc(C)no2)cc1,,,,"MolGlyph 1.1.1 (BioMiner git 17c6161, molglyph_large)",0.16656635515391827
uob,maybridge-0279-328687985,CC(C)OC(=O)c1cccc(B(O)O)c1,,,,"MolGlyph 1.1.1 (BioMiner git 17c6161, molglyph_large)",0.15571066550910473
uob,maybridge-0279-34447958,COC(=O)c1ccccc1-c1nc(C)no1,,,,"MolGlyph 1.1.1 (BioMiner git 17c6161, molglyph_large)",0.15570617467164993
uob,maybridge-0279-468727691,CCOC(=O)c1cc(Cl)cc(Cl)c1,,,,"MolGlyph 1.1.1 (BioMiner git 17c6161, molglyph_large)",0.13727101124823093
uob,maybridge-0279-509732389,COC(=O)c1ccc(Cn2ccnc2)cc1,,,,"MolGlyph 1.1.1 (BioMiner git 17c6161, molglyph_large)",0.15145006403326988
uob,maybridge-0279-514838354,COC(=O)c1ccc(C(=O)OC)c(N)c1,,,,"MolGlyph 1.1.1 (BioMiner git 17c6161, molglyph_large)",0.16852927207946777
uob,maybridge-0279-592711186,COC(=O)c1cccc(Cn2cccn2)c1,,,,"MolGlyph 1.1.1 (BioMiner git 17c6161, molglyph_large)",0.15106845274567604
uob,maybridge-0279-663244937,COC(=O)c1ccc(N2CCCC2)cc1,,,,"MolGlyph 1.1.1 (BioMiner git 17c6161, molglyph_large)",0.14658010005950928
uob,maybridge-0279-676482419,[N+](c1ccc(C(=O)OC)c(Cl)c1)(=O)[O-],,,,"MolGlyph 1.1.1 (BioMiner git 17c6161, molglyph_large)",0.19464542903006077
uob,maybridge-0279-693624754,COC(=O)c1ccc(Cn2cccn2)cc1,,,,"MolGlyph 1.1.1 (BioMiner git 17c6161, molglyph_large)",0.15169929899275303
uob,maybridge-0279-856860832,COC(=O)c1cccc(Cn2cncn2)c1,,,,"MolGlyph 1.1.1 (BioMiner git 17c6161, molglyph_large)",0.1514540407806635
uob,maybridge-0280-1065591024,COC(=O)c1cccc(CN2CCCCC2)c1,,,,"MolGlyph 1.1.1 (BioMiner git 17c6161, molglyph_large)",0.15586407482624054
uob,maybridge-0280-120158323,CCOC(=O)c1ccccc1-c1cccs1,,,,"MolGlyph 1.1.1 (BioMiner git 17c6161, molglyph_large)",0.1463408414274454
uob,maybridge-0280-225188944,CCOC(=O)c1ccc(-c2noc(C)n2)cc1,,,,"MolGlyph 1.1.1 (BioMiner git 17c6161, molglyph_large)",0.1706906072795391
uob,maybridge-0280-306192512,COC(=O)c1cccc(-c2csc(C)n2)c1,,,,"MolGlyph 1.1.1 (BioMiner git 17c6161, molglyph_large)",0.1654780451208353
uob,maybridge-0280-380247794,COC(=O)c1ccc(CN2CCCC2)cc1,,,,"MolGlyph 1.1.1 (BioMiner git 17c6161, molglyph_large)",0.1515018194913864
uob,maybridge-0280-399363280,COC(=O)c1ccc(Oc2ccccn2)cc1,,,,"MolGlyph 1.1.1 (BioMiner git 17c6161, molglyph_large)",0.15594832599163055
uob,maybridge-0280-469428667,COC(=O)c1ccccc1SCC(C)=O,,,,"MolGlyph 1.1.1 (BioMiner git 17c6161, molglyph_large)",0.14158780686557293
uob,maybridge-0280-612549421,COC(=O)c1ccc(OC(F)(F)F)cc1,,,,"MolGlyph 1.1.1 (BioMiner git 17c6161, molglyph_large)",0.1559144426137209
uob,maybridge-0280-722875797,COC(=O)c1cccc(CBr)c1,,,,"MolGlyph 1.1.1 (BioMiner git 17c6161, molglyph_large)",0.1221491564065218
uob,maybridge-0280-829450480,COC(=O)c1ccccc1OC(F)(F)F,,,,"MolGlyph 1.1.1 (BioMiner git 17c6161, molglyph_large)",0.1465306580066681
uob,maybridge-0280-842763000,COC(=O)c1ccccc1OCCN(C)C,,,,"MolGlyph 1.1.1 (BioMiner git 17c6161, molglyph_large)",0.14227339066565037
uob,maybridge-0280-968406330,CCOC(=O)c1cccc(-c2nccs2)c1,,,,"MolGlyph 1.1.1 (BioMiner git 17c6161, molglyph_large)",0.15639803186058998
uob,maybridge-0281-249907132,COC(=O)c1cccc(CN2CCN(C)CC2)c1,,,,"MolGlyph 1.1.1 (BioMiner git 17c6161, molglyph_large)",0.17077012732625008
uob,maybridge-0281-265905692,COC(=O)c1cc(OC)ccc1Br,,,,"MolGlyph 1.1.1 (BioMiner git 17c6161, molglyph_large)",0.12703923135995865
uob,maybridge-0281-3643493,CCOC(=O)c1ccccc1N1CCCN(C)CC1,,,,"MolGlyph 1.1.1 (BioMiner git 17c6161, molglyph_large)",0.16608921997249126
uob,maybridge-0281-410120842,COC(=O)c1ccccc1S(=O)(=O)Cl,,,,"MolGlyph 1.1.1 (BioMiner git 17c6161, molglyph_large)",0.15151392482221127
uob,maybridge-0281-467876852,[N+](c1cccc(C(=O)OC)c1NC(C)=O)(=O)[O-],,,,"MolGlyph 1.1.1 (BioMiner git 17c6161, molglyph_large)",0.21386386081576347
uob,maybridge-0281-573268017,CCOC(=O)c1ccccc1N1CCOCC1,,,,"MolGlyph 1.1.1 (BioMiner git 17c6161, molglyph_large)",0.14624499157071114
uob,maybridge-0281-616502964,COC(=O)c1ccc(CS(=O)(=O)Cl)cc1,,,,"MolGlyph 1.1.1 (BioMiner git 17c6161, molglyph_large)",0.16509010829031467
uob,maybridge-0281-719055685,COC(=O)c1cccc(CN2CCOCC2)c1,,,,"MolGlyph 1.1.1 (BioMiner git 17c6161, molglyph_large)",0.15559355542063713
uob,maybridge-0281-727846095,CCOC(=O)c1ccc(N2CCCN(C)CC2)cc1,,,,"MolGlyph 1.1.1 (BioMiner git 17c6161, molglyph_large)",0.1753838248550892
uob,maybridge-0281-770983256,COC(=O)c1ccc(CN2CCCCC2)cc1,,,,"MolGlyph 1.1.1 (BioMiner git 17c6161, molglyph_large)",0.1561510805040598
uob,maybridge-0281-863300567,COC(=O)c1ccc(CSc2ccccc2)cc1,,,,"MolGlyph 1.1.1 (BioMiner git 17c6161, molglyph_large)",0.16138992458581924
uob,maybridge-0281-997331153,COC(=O)c1ccc(CN2CCN(C)CC2)cc1,,,,"MolGlyph 1.1.1 (BioMiner git 17c6161, molglyph_large)",0.17062495835125446
uob,maybridge-0282-1000846226,CCOC(=O)Cc1cccc(OC)c1,,,,"MolGlyph 1.1.1 (BioMiner git 17c6161, molglyph_large)",0.131816815584898
uob,maybridge-0282-1073628596,COC(=O)c1ccc(CN2CCN(C(=O)OC(C)(C)C)CC2)cc1,,,,"MolGlyph 1.1.1 (BioMiner git 17c6161, molglyph_large)",0.23531501553952694
uob,maybridge-0282-283237772,COC(=O)c1ccc(OC)c(S(=O)(=O)Cl)c1,,,,"MolGlyph 1.1.1 (BioMiner git 17c6161, molglyph_large)",0.180390739813447
uob,maybridge-0282-332406601,CCOC(=O)c1cc(I)c(N)c(I)c1,,,,"MolGlyph 1.1.1 (BioMiner git 17c6161, molglyph_large)",0.15075895376503468
uob,maybridge-0282-407234089,CCOC(=O)C(=O)c1ccc(C)cc1,,,,"MolGlyph 1.1.1 (BioMiner git 17c6161, molglyph_large)",0.1459968090057373
uob,maybridge-0282-467864696,CCOC(=O)Cc1ccc(N)cc1,,,,"MolGlyph 1.1.1 (BioMiner git 17c6161, molglyph_large)",0.12672492675483227
uob,maybridge-0282-66388452,COC(=O)C(C)c1ccc(CC(C)C)cc1,,,,"MolGlyph 1.1.1 (BioMiner git 17c6161, molglyph_large)",0.16111868061125278
uob,maybridge-0282-700162465,COC(=O)Cc1cccc(OC)c1,,,,"MolGlyph 1.1.1 (BioMiner git 17c6161, molglyph_large)",0.12672214768826962
uob,maybridge-0282-727479862,COC(=O)c1ccc(N2CCN(C(=O)OC(C)(C)C)CC2)cc1,,,,"MolGlyph 1.1.1 (BioMiner git 17c6161, molglyph_large)",0.23154106177389622
uob,maybridge-0282-791955982,COC(=O)c1cccc(OCCN2CCOCC2)c1,,,,"MolGlyph 1.1.1 (BioMiner git 17c6161, molglyph_large)",0.1656778734177351
uob,maybridge-0283-121279536,CCOC(=O)CC(=O)c1cccc([N+](=O)[O-])c1,,,,"MolGlyph 1.1.1 (BioMiner git 17c6161, molglyph_large)",0.20578395389020443
uob,maybridge-0283-277052317,CCOC(=O)/C=C/c1ccc(C(=N)N)cc1,,,,"MolGlyph 1.1.1 (BioMiner git 17c6161, molglyph_large)",0.17248540185391903
uob,maybridge-0283-511812221,COC(=O)CCc1ccccc1O,,,,"MolGlyph 1.1.1 (BioMiner git 17c6161, molglyph_large)",0.11749263852834702
uob,maybridge-0283-54300066,CCOC(=O)CCC(=O)OC(C(=O)c1ccccc1)c1ccccc1,,,,"MolGlyph 1.1.1 (BioMiner git 17c6161, molglyph_large)",0.22467788122594357
uob,maybridge-0283-549512937,CCOC(=O)CC(=O)c1cc(C(F)(F)F)cc(C(F)(F)F)c1,,,,"MolGlyph 1.1.1 (BioMiner git 17c6161, molglyph_large)",0.2346020955592394
uob,maybridge-0283-601597930,CCOC(=O)C=Cc1ccc(OC)c(OC)c1,,,,"MolGlyph 1.1.1 (BioMiner git 17c6161, molglyph_large)",0.16098910011351109
uob,maybridge-0283-624576603,CCOC(=O)C=C(C)Nc1ccccc1,,,,"MolGlyph 1.1.1 (BioMiner git 17c6161, molglyph_large)",0.14203680120408535
uob,maybridge-0283-6605243,CCOC(=O)CNc1ccc(I)cc1,,,,"MolGlyph 1.1.1 (BioMiner git 17c6161, molglyph_large)",0.13287240825593472
uob,maybridge-0283-903956596,CCOC(=O)CSc1ccc(Cl)cc1,,,,"MolGlyph 1.1.1 (BioMiner git 17c6161, molglyph_large)",0.13190565444529057
uob,maybridge-0283-919413756,CCOC(=O)C(=O)c1ccc(Cl)c(Cl)c1,,,,"MolGlyph 1.1.1 (BioMiner git 17c6161, molglyph_large)",0.16051976568996906
uob,maybridge-0283-948131376,CCOC(=O)CCc1ccc(O)cc1,,,,"MolGlyph 1.1.1 (BioMiner git 17c6161, molglyph_large)",0.13256265595555305
uob,maybridge-0284-1026693451,COC(=O)c1cccnc1N,,,,"MolGlyph 1.1.1 (BioMiner git 17c6161, molglyph_large)",0.10911239869892597
uob,maybridge-0284-334026676,CCOC(=O)c1cccnc1Cl,,,,"MolGlyph 1.1.1 (BioMiner git 17c6161, molglyph_large)",0.11232862994074821
uob,maybridge-0284-375063235,CCN(CC)c1ccc(C(=O)OC)cn1,,,,"MolGlyph 1.1.1 (BioMiner git 17c6161, molglyph_large)",0.14704513549804688
uob,maybridge-0284-431696166,COC(=O)c1ccc(-c2ccccc2)nc1,,,,"MolGlyph 1.1.1 (BioMiner git 17c6161, molglyph_large)",0.1560257077217102
uob,maybridge-0284-462577237,CCOC(=O)c1c(O)cc(C)nc1O,,,,"MolGlyph 1.1.1 (BioMiner git 17c6161, molglyph_large)",0.14169600047171116
uob,maybridge-0284-525989349,COC(=O)c1ccc(N)nc1,,,,"MolGlyph 1.1.1 (BioMiner git 17c6161, molglyph_large)",0.11751881428062916
uob,maybridge-0284-57823781,COC(=O)c1cnccc1C(F)(F)F,,,,"MolGlyph 1.1.1 (BioMiner git 17c6161, molglyph_large)",0.14183695055544376
uob,maybridge-0284-610371724,COC(=O)c1cccc(C(=O)OC)n1,,,,"MolGlyph 1.1.1 (BioMiner git 17c6161, molglyph_large)",0.1468244194984436
uob,maybridge-0284-722865632,COC(=O)c1ccc(N2CCCC2)nc1,,,,"MolGlyph 1.1.1 (BioMiner git 17c6161, molglyph_large)",0.14648867398500443
uob,maybridge-0284-837708938,COC(=O)c1ccc(C(=O)O)nc1,,,,"MolGlyph 1.1.1 (BioMiner git 17c6161, molglyph_large)",0.1417532805353403
uob,maybridge-0284-845611576,COC(=O)c1cc(Cl)nc(Cl)c1,,,,"MolGlyph 1.1.1 (BioMiner git 17c6161, molglyph_large)",0.1320990901440382
uob,maybridge-0284-983154923,COC(=O)c1cncc(Br)c1,,,,"MolGlyph 1.1.1 (BioMiner git 17c6161, molglyph_large)",0.11756266839802265
uob,maybridge-0285-144922246,CCOC(=O)c1ccncc1S(=O)(=O)Cl,,,,"MolGlyph 1.1.1 (BioMiner git 17c6161, molglyph_large)",0.15618966706097126
uob,maybridge-0285-178868001,CCOC(=O)c1cnc(N)nc1C,,,,"MolGlyph 1.1.1 (BioMiner git 17c6161, molglyph_large)",0.12691298313438892
uob,maybridge-0285-371412620,COC(=O)c1ccc(N2CCCCC2)nc1,,,,"MolGlyph 1.1.1 (BioMiner git 17c6161, molglyph_large)",0.1515293326228857
uob,maybridge-0285-480777886,COC(=O)c1ccnc(N2CCSCC2)c1,,,,"MolGlyph 1.1.1 (BioMiner git 17c6161, molglyph_large)",0.15136759541928768
uob,maybridge-0285-549589669,COC(=O)c1ccnc(N2CCCCC2)c1,,,,"MolGlyph 1.1.1 (BioMiner git 17c6161, molglyph_large)",0.15181446075439453
uob,maybridge-0285-561292758,CCOC(=O)c1c(Cl)cc(C)nc1Cl,,,,"MolGlyph 1.1.1 (BioMiner git 17c6161, molglyph_large)",0.14199822954833508
uob,maybridge-0285-626800003,COC(=O)c1ccc(N2CCOCC2)nc1,,,,"MolGlyph 1.1.1 (BioMiner git 17c6161, molglyph_large)",0.15164726041257381
uob,maybridge-0285-692682308,CCOC(=O)c1cc(C)nc(Cl)c1C#N,,,,"MolGlyph 1.1.1 (BioMiner git 17c6161, molglyph_large)",0.15109842829406261
uob,maybridge-0285-718472023,COC(=O)c1cc(F)c(Cl)nc1Cl,,,,"MolGlyph 1.1.1 (BioMiner git 17c6161, molglyph_large)",0.13649345934391022
uob,maybridge-0285-834125071,COC(=O)c1cc(C#N)c(S)nc1C(OC)OC,,,,"MolGlyph 1.1.1 (BioMiner git 17c6161, molglyph_large)",0.17532734759151936
uob,maybridge-0285-955770715,COC(=O)c1cnc(Cl)nc1,,,,"MolGlyph 1.1.1 (BioMiner git 17c6161, molglyph_large)",0.11709318310022354
uob,maybridge-0285-969188536,COC(=O)c1ccc(-c2cccs2)nc1,,,,"MolGlyph 1.1.1 (BioMiner git 17c6161, molglyph_large)",0.15080754086375237
uob,maybridge-0286-221890433,CCOC(=O)c1cnc(S)nc1N,,,,"MolGlyph 1.1.1 (BioMiner git 17c6161, molglyph_large)",0.12750172428786755
uob,maybridge-0286-396184805,COC(=O)c1cc(C)nc(Cl)n1,,,,"MolGlyph 1.1.1 (BioMiner git 17c6161, molglyph_large)",0.1323811560869217
uob,maybridge-0286-437950545,O=C(OCc1ccc(Cl)cc1)c1cnc(Cl)nc1C(F)(F)F,,,,"MolGlyph 1.1.1 (BioMiner git 17c6161, molglyph_large)",0.20943286269903183
uob,maybridge-0286-449502106,CCOC(=O)c1c(C)[nH]c(=O)[nH]c1=S,,,,"MolGlyph 1.1.1 (BioMiner git 17c6161, molglyph_large)",0.1804946530610323
uob,maybridge-0286-659091978,CCOC(=O)C1CCN(Cc2ccccc2)CC1,,,,"MolGlyph 1.1.1 (BioMiner git 17c6161, molglyph_large)",0.1626357138156891
uob,maybridge-0286-665852227,CCOC(=O)c1cnc(C(F)(F)F)nc1Cl,,,,"MolGlyph 1.1.1 (BioMiner git 17c6161, molglyph_large)",0.16120139509439468
uob,maybridge-0286-753107967,COC(=O)c1cnc(SC)nc1,,,,"MolGlyph 1.1.1 (BioMiner git 17c6161, molglyph_large)",0.12202753499150276
uob,maybridge-0286-902425098,COC(=O)c1cnc(Cl)nc1C(F)(F)F,,,,"MolGlyph 1.1.1 (BioMiner git 17c6161, molglyph_large)",0.15575590170919895
uob,maybridge-0286-915420856,CCOC(=O)C1CCNCC1,,,,"MolGlyph 1.1.1 (BioMiner git 17c6161, molglyph_large)",0.10793130099773407
uob,maybridge-0286-996425330,CCOC(=O)c1cnc(O)nc1C(F)(F)F,,,,"MolGlyph 1.1.1 (BioMiner git 17c6161, molglyph_large)",0.16050764545798302
uob,maybridge-0287-1037567705,CCOC(=O)C1CN(C)CCN1C,,,,"MolGlyph 1.1.1 (BioMiner git 17c6161, molglyph_large)",0.12640890665352345
uob,maybridge-0287-430875485,CCOC(=O)C1CCN(Cc2cccc(N)c2)CC1,,,,"MolGlyph 1.1.1 (BioMiner git 17c6161, molglyph_large)",0.17579145170748234
uob,maybridge-0287-53318640,CCOC(=O)C1CCN(c2ccc(C#N)cc2)CC1,,,,"MolGlyph 1.1.1 (BioMiner git 17c6161, molglyph_large)",0.1805878020823002
uob,maybridge-0287-706496515,CCOC(=O)C1CCN(c2cncc(C)n2)CC1,,,,"MolGlyph 1.1.1 (BioMiner git 17c6161, molglyph_large)",0.17056133970618248
uob,maybridge-0287-71871197,CCOC(=O)C1CN(Cc2ccccc2)CCN1Cc1ccccc1,,,,"MolGlyph 1.1.1 (BioMiner git 17c6161, molglyph_large)",0.2068685982376337
uob,maybridge-0287-72309005,CCOC(=O)C1CCN(c2cc(C#N)ccn2)CC1,,,,"MolGlyph 1.1.1 (BioMiner git 17c6161, molglyph_large)",0.180862570181489
uob,maybridge-0287-769171167,CCOC(=O)CC1NCCNC1=O,,,,"MolGlyph 1.1.1 (BioMiner git 17c6161, molglyph_large)",0.12218639068305492
uob,maybridge-0287-896214162,CCOC(=O)C1CCN(c2nccc(C(F)(F)F)n2)CC1,,,,"MolGlyph 1.1.1 (BioMiner git 17c6161, molglyph_large)",0.20562716014683247
uob,maybridge-0288-1479989,CCOC(=O)C1CSCCN1,,,,"MolGlyph 1.1.1 (BioMiner git 17c6161, molglyph_large)",0.10723623633384705
uob,maybridge-0288-171264340,O=C1COC(=O)CO1,,,,"MolGlyph 1.1.1 (BioMiner git 17c6161, molglyph_large)",0.09743114374577999
uob,maybridge-0288-21078371,COC(=O)c1cc2occc2[nH]1,,,,"MolGlyph 1.1.1 (BioMiner git 17c6161, molglyph_large)",0.13635711185634136
uob,maybridge-0288-235701847,COC(=O)c1cc2ccsc2[nH]1,,,,"MolGlyph 1.1.1 (BioMiner git 17c6161, molglyph_large)",0.135706240311265
uob,maybridge-0288-277590166,COC(=O)c1cc2occc2n1C,,,,"MolGlyph 1.1.1 (BioMiner git 17c6161, molglyph_large)",0.12686829082667828
uob,maybridge-0288-346700671,CCOC(=O)c1cn2ccsc2n1,,,,"MolGlyph 1.1.1 (BioMiner git 17c6161, molglyph_large)",0.12696450017392635
uob,maybridge-0288-488927296,COC(=O)c1cc2oc(C=O)cc2n1C,,,,"MolGlyph 1.1.1 (BioMiner git 17c6161, molglyph_large)",0.1514163836836815
uob,maybridge-0288-861873570,CCOC(=O)CCN1CCN(CCc2ccccc2)CC1,,,,"MolGlyph 1.1.1 (BioMiner git 17c6161, molglyph_large)",0.17721320129930973
uob,maybridge-0288-911678634,COC(=O)c1cc2ccccc2[nH]1,,,,"MolGlyph 1.1.1 (BioMiner git 17c6161, molglyph_large)",0.14152062311768532
uob,maybridge-0288-958898410,COC(=O)c1c[nH]c2ccccc12,,,,"MolGlyph 1.1.1 (BioMiner git 17c6161, molglyph_large)",0.14156226441264153
uob,maybridge-0289-1026493180,CCOC(=O)c1cc2cc(OCc3ccccc3)ccc2[nH]1,,,,"MolGlyph 1.1.1 (BioMiner git 17c6161, molglyph_large)",0.20504611916840076
uob,maybridge-0289-1039394463,CCOC(=O)c1cc2cc(OC(F)(F)F)ccc2[nH]1,,,,"MolGlyph 1.1.1 (BioMiner git 17c6161, molglyph_large)",0.2004113867878914
uob,maybridge-0289-121089624,COC(=O)c1cc2ccccc2n1C(=O)OC(C)(C)C,,,,"MolGlyph 1.1.1 (BioMiner git 17c6161, molglyph_large)",0.19536415301263332
uob,maybridge-0289-228275392,COC(=O)c1cccc2cc[nH]c12,,,,"MolGlyph 1.1.1 (BioMiner git 17c6161, molglyph_large)",0.14147906191647053
uob,maybridge-0289-346002775,COC(=O)c1ccc2c(I)cn(C(=O)OC(C)(C)C)c2c1,,,,"MolGlyph 1.1.1 (BioMiner git 17c6161, molglyph_large)",0.21945104375481606
uob,maybridge-0289-347788160,CCOC(=O)CSc1c(C)[nH]c2ccccc12,,,,"MolGlyph 1.1.1 (BioMiner git 17c6161, molglyph_large)",0.17107801884412766
uob,maybridge-0289-455398809,COC(=O)c1ccc2c(C=O)cn(C(=O)OC(C)(C)C)c2c1,,,,"MolGlyph 1.1.1 (BioMiner git 17c6161, molglyph_large)",0.2287917695939541
uob,maybridge-0289-555751293,COC(=O)c1ccc2c(I)c[nH]c2c1,,,,"MolGlyph 1.1.1 (BioMiner git 17c6161, molglyph_large)",0.1560015920549631
uob,maybridge-0289-570083015,CCOC(=O)c1[nH]c2cc(Cl)cc(Cl)c2c1C=O,,,,"MolGlyph 1.1.1 (BioMiner git 17c6161, molglyph_large)",0.1903991848230362
uob,maybridge-0289-769132983,COC(=O)C(C)(N)Cc1c[nH]c2ccccc12,,,,"MolGlyph 1.1.1 (BioMiner git 17c6161, molglyph_large)",0.18108845502138138
uob,maybridge-0290-267308484,COC(=O)C1Cc2ccccc2N1,,,,"MolGlyph 1.1.1 (BioMiner git 17c6161, molglyph_large)",0.1271327454596758
uob,maybridge-0290-274608720,CCOC(=O)c1cnc2c(c(C)nn2C)c1Cl,,,,"MolGlyph 1.1.1 (BioMiner git 17c6161, molglyph_large)",0.16551399044692516
uob,maybridge-0290-36669768,CCOC(=O)c1cnn2ccccc12,,,,"MolGlyph 1.1.1 (BioMiner git 17c6161, molglyph_large)",0.1320505402982235
uob,maybridge-0290-645612844,CCOC(=O)c1ccc2c(c1)nnn2C,,,,"MolGlyph 1.1.1 (BioMiner git 17c6161, molglyph_large)",0.1462234016507864
uob,maybridge-0290-712646087,COC(=O)c1ccc2[nH]cnc2c1,,,,"MolGlyph 1.1.1 (BioMiner git 17c6161, molglyph_large)",0.14334281347692013
uob,maybridge-0290-73315657,CC(C)(C)OC(=O)c1n[nH]c2nc(F)ccc12,,,,"MolGlyph 1.1.1 (BioMiner git 17c6161, molglyph_large)",0.19042530097067356
uob,maybridge-0290-736224738,CCOC(=O)c1cn2ccccc2n1,,,,"MolGlyph 1.1.1 (BioMiner git 17c6161, molglyph_large)",0.13183706998825073
uob,maybridge-0290-771147427,COC(=O)c1nn2ccccc2c1C(=O)OC,,,,"MolGlyph 1.1.1 (BioMiner git 17c6161, molglyph_large)",0.16066067479550838
uob,maybridge-0290-771781688,CCOC(=O)c1c2ccccc2nn1C,,,,"MolGlyph 1.1.1 (BioMiner git 17c6161, molglyph_large)",0.13766015693545341
uob,maybridge-0290-836848064,CCOC(=O)c1cn2nc(Cl)ccc2n1,,,,"MolGlyph 1.1.1 (BioMiner git 17c6161, molglyph_large)",0.14662937074899673
uob,maybridge-0290-937099832,CCOC(=O)c1nn(C)c2ccccc12,,,,"MolGlyph 1.1.1 (BioMiner git 17c6161, molglyph_large)",0.14707631431519985
uob,maybridge-0291-142433127,CCOC(=O)c1cn2c(n1)CNCC2,,,,"MolGlyph 1.1.1 (BioMiner git 17c6161, molglyph_large)",0.14174666069447994
uob,maybridge-0291-153978989,COC(=O)Cc1csc2ccc(Cl)cc12,,,,"MolGlyph 1.1.1 (BioMiner git 17c6161, molglyph_large)",0.14589740708470345
uob,maybridge-0291-328711918,CCOC(=O)Cc1coc2ccccc12,,,,"MolGlyph 1.1.1 (BioMiner git 17c6161, molglyph_large)",0.1366682667285204
uob,maybridge-0291-405637823,COC(=O)C1Cc2ccccc2N1C(=O)OC(C)(C)C,,,,"MolGlyph 1.1.1 (BioMiner git 17c6161, molglyph_large)",0.19524032808840275
uob,maybridge-0291-433661044,COC(=O)c1sc2ccccc2c1O,,,,"MolGlyph 1.1.1 (BioMiner git 17c6161, molglyph_large)",0.13152766041457653
uob,maybridge-0291-707660840,CCOC(=O)c1cc2cc(Br)ccc2o1,,,,"MolGlyph 1.1.1 (BioMiner git 17c6161, molglyph_large)",0.14672980830073357
uob,maybridge-0291-741250896,COC(=O)c1cc2cc(N)ccc2s1,,,,"MolGlyph 1.1.1 (BioMiner git 17c6161, molglyph_large)",0.14162303321063519
uob,maybridge-0291-935692940,COC(=O)c1cc2cc(B3OC(C)(C)C(C)(C)O3)ccc2s1,,,,"MolGlyph 1.1.1 (BioMiner git 17c6161, molglyph_large)",0.2287501934915781
uob,maybridge-0291-938012881,CCOC(=O)c1c(N)sc2c1CCCC2,,,,"MolGlyph 1.1.1 (BioMiner git 17c6161, molglyph_large)",0.14640739746391773
uob,maybridge-0291-994055024,COC(=O)c1cc2cc(Br)ccc2s1,,,,"MolGlyph 1.1.1 (BioMiner git 17c6161, molglyph_large)",0.14091889187693596
uob,maybridge-0292-1051480854,CCOC(=O)c1sc2ncccc2c1N,,,,"MolGlyph 1.1.1 (BioMiner git 17c6161, molglyph_large)",0.13667770475149155
uob,maybridge-0292-1056537468,CCOC(=O)c1c(N)sc2c1CCN(C(=O)OC(C)(C)C)C2,,,,"MolGlyph 1.1.1 (BioMiner git 17c6161, molglyph_large)",0.22397231124341488
uob,maybridge-0292-184051753,CCOC(=O)C1CC2C=CC1C2,,,,"MolGlyph 1.1.1 (BioMiner git 17c6161, molglyph_large)",0.12745758518576622
uob,maybridge-0292-23696516,CCOC(=O)c1c(N=C=S)sc2c1CCCC2,,,,"MolGlyph 1.1.1 (BioMiner git 17c6161, molglyph_large)",0.16598206385970116
uob,maybridge-0292-362957015,CCOC(=O)c1cnc2c(F)cccc2c1O,,,,"MolGlyph 1.1.1 (BioMiner git 17c6161, molglyph_large)",0.15654603578150272
uob,maybridge-0292-368527037,CCOC(=O)c1cc(C)nc2ccc(Br)cc12,,,,"MolGlyph 1.1.1 (BioMiner git 17c6161, molglyph_large)",0.16612863913178444
uob,maybridge-0292-576067551,CCOC(=O)c1cnc2ccc(OC(F)(F)F)cc2c1O,,,,"MolGlyph 1.1.1 (BioMiner git 17c6161, molglyph_large)",0.19531904719769955
uob,maybridge-0292-74675516,CCOC(=O)c1cc2cccnc2s1,,,,"MolGlyph 1.1.1 (BioMiner git 17c6161, molglyph_large)",0.13278000429272652
uob,maybridge-0292-771774152,CCOC(=O)c1c(N)sc2c1CCCCC2,,,,"MolGlyph 1.1.1 (BioMiner git 17c6161, molglyph_large)",0.152866430580616
uob,maybridge-0292-838779022,CCOC(=O)C12CC(=O)C(C(=O)OCC)(CC1=O)CC2=O,,,,"MolGlyph 1.1.1 (BioMiner git 17c6161, molglyph_large)",0.2249383796006441
uob,maybridge-0293-219714313,COC(=O)c1cc2ccccc2cn1,,,,"MolGlyph 1.1.1 (BioMiner git 17c6161, molglyph_large)",0.13252591155469418
uob,maybridge-0293-226922197,COC(=O)C1CCc2ccccc2N1,,,,"MolGlyph 1.1.1 (BioMiner git 17c6161, molglyph_large)",0.13221784122288227
uob,maybridge-0293-578982451,COC(=O)c1ccc2ncccc2c1,,,,"MolGlyph 1.1.1 (BioMiner git 17c6161, molglyph_large)",0.13168862648308277
uob,maybridge-0293-610549818,CCOC(=O)c1nnn2c3ccccc3c(=O)n(C)c12,,,,"MolGlyph 1.1.1 (BioMiner git 17c6161, molglyph_large)",0.19500439427793026
uob,maybridge-0293-715460539,COC(=O)c1cccc2c1-c1ccccc1C2=O,,,,"MolGlyph 1.1.1 (BioMiner git 17c6161, molglyph_large)",0.17084208689630032
uob,maybridge-0293-733482770,CCOC(=O)c1c(SC)nc2ccc(Cl)cc2c1Cl,,,,"MolGlyph 1.1.1 (BioMiner git 17c6161, molglyph_large)",0.17640086449682713
uob,maybridge-0293-830972483,CCOC(=O)c1cn2c(n1)sc1ccccc12,,,,"MolGlyph 1.1.1 (BioMiner git 17c6161, molglyph_large)",0.16615021973848343
uob,maybridge-0293-931935097,CCOC(=O)C1=C(N)Oc2ccc(Br)cc2C1C(C#N)C(=O)OCC,,,,"MolGlyph 1.1.1 (BioMiner git 17c6161, molglyph_large)",0.23943342827260494
uob,maybridge-0293-97692248,CCOC(=O)c1cc(=O)c2ccc(O)cc2o1,,,,"MolGlyph 1.1.1 (BioMiner git 17c6161, molglyph_large)",0.17107204720377922
uob,maybridge-0293-98886600,COC(=O)c1ccc2nccnc2c1,,,,"MolGlyph 1.1.1 (BioMiner git 17c6161, molglyph_large)",0.13210673071444035
uob,maybridge-0294-270987928,CCOC(=O)C(OCC)OCC,,,,"MolGlyph 1.1.1 (BioMiner git 17c6161, molglyph_large)",0.11212877184152603
uob,maybridge-0294-331308653,CCOC(=O)C(C)(C)CCl,,,,"MolGlyph 1.1.1 (BioMiner git 17c6161, molglyph_large)",0.11246411316096783
uob,maybridge-0294-407184519,C#CC(=O)OC,,,,"MolGlyph 1.1.1 (BioMiner git 17c6161, molglyph_large)",0.07835092023015022
uob,maybridge-0294-49635801,CCOC(=O)c1nnn2c1nc(S)c1ccccc12,,,,"MolGlyph 1.1.1 (BioMiner git 17c6161, molglyph_large)",0.1755305677652359
uob,maybridge-0294-658509693,CCOC(=O)C=C(N)C(F)(F)F,,,,"MolGlyph 1.1.1 (BioMiner git 17c6161, molglyph_large)",0.13731690123677254
uob,maybridge-0294-725775866,CCOC(=O)CCN,,,,"MolGlyph 1.1.1 (BioMiner git 17c6161, molglyph_large)",0.08318300358951092
uob,maybridge-0294-738219238,COC(=O)CC(=O)C(F)(F)F,,,,"MolGlyph 1.1.1 (BioMiner git 17c6161, molglyph_large)",0.13100134208798409
uob,maybridge-0294-778350089,COC(=O)c1cc2c(s1)-c1cc(Cl)ccc1SC2,,,,"MolGlyph 1.1.1 (BioMiner git 17c6161, molglyph_large)",0.18617641553282738
uob,maybridge-0294-882868314,C#CC(=O)OCC,,,,"MolGlyph 1.1.1 (BioMiner git 17c6161, molglyph_large)",0.0835436750203371
uob,maybridge-0294-888861586,COC(=O)CCC(C)[C@H]1CCC2C3C(C[C@H](O)[C@]12C)[C@@]1(C)CC[C@@H](C)CC1C[C@H]3O,,,,"MolGlyph 1.1.1 (BioMiner git 17c6161, molglyph_large)",0.39318785443902016
uob,maybridge-0295-138997383,COC(=O)CSCCC(N)=S,,,,"MolGlyph 1.1.1 (BioMiner git 17c6161, molglyph_large)",0.11259293928742409
uob,maybridge-0295-149991118,CCOC(=O)C(Br)CCC(Br)C(=O)OCC,,,,"MolGlyph 1.1.1 (BioMiner git 17c6161, molglyph_large)",0.15600819140672684
uob,maybridge-0295-152189942,CCOC(=O)C(=O)CBr,,,,"MolGlyph 1.1.1 (BioMiner git 17c6161, molglyph_large)",0.1022986751049757
uob,maybridge-0295-353336781,CC(C)(C)OC(=O)CCC(Cl)(Cl)Cl,,,,"MolGlyph 1.1.1 (BioMiner git 17c6161, molglyph_large)",0.14556477777659893
uob,maybridge-0295-359703579,CCOC(=O)C(=O)CC(=O)C(C)(C)C,,,,"MolGlyph 1.1.1 (BioMiner git 17c6161, molglyph_large)",0.16080962680280209
uob,maybridge-0295-462885159,C=CCC(CC=C)(C(=O)OCC)C(=O)OCC,,,,"MolGlyph 1.1.1 (BioMiner git 17c6161, molglyph_large)",0.17103026248514652
uob,maybridge-0295-694667752,CCOC(=O)C(CCC(=O)O)(CCC(=O)O)C(C)=O,,,,"MolGlyph 1.1.1 (BioMiner git 17c6161, molglyph_large)",0.20058836787939072
uob,maybridge-0295-771899402,CCOC=C(C(=O)OCC)C(=O)C(F)(F)F,,,,"MolGlyph 1.1.1 (BioMiner git 17c6161, molglyph_large)",0.1713820081204176
uob,maybridge-0295-801847198,CCOC(=O)/C(=C\N(C)C)C(C)=O,,,,"MolGlyph 1.1.1 (BioMiner git 17c6161, molglyph_large)",0.1562244277447462
uob,maybridge-0295-876732046,CC(C)OC(=O)C(C)(C)Br,,,,"MolGlyph 1.1.1 (BioMiner git 17c6161, molglyph_large)",0.12366542406380177
uob,maybridge-0295-886189132,COC(=O)C(C#N)=C(SC)SC,,,,"MolGlyph 1.1.1 (BioMiner git 17c6161, molglyph_large)",0.1318468414247036
uob,maybridge-0295-901289932,COC(=O)C(Cl)C(=O)C(C)(C)C,,,,"MolGlyph 1.1.1 (BioMiner git 17c6161, molglyph_large)",0.14580098912119865
uob,maybridge-0296-237589143,CN1CCN(C(=N)N)CC1,,,,"MolGlyph 1.1.1 (BioMiner git 17c6161, molglyph_large)",0.11352122016251087
uob,maybridge-0296-283320636,N=C(N)N1CCC(Cc2ccccc2)CC1,,,,"MolGlyph 1.1.1 (BioMiner git 17c6161, molglyph_large)",0.15127681382000446
uob,maybridge-0296-297816795,N=C(N)N1CCC(N2CCCCC2)CC1,,,,"MolGlyph 1.1.1 (BioMiner git 17c6161, molglyph_large)",0.14713577553629875
uob,maybridge-0296-313496048,N=C(N)N[C@@H](Cc1ccccc1)C(=O)O,,,,"MolGlyph 1.1.1 (BioMiner git 17c6161, molglyph_large)",0.17604567855596542
uob,maybridge-0296-459523932,CC(=O)N1CCN(C(=N)N)CC1,,,,"MolGlyph 1.1.1 (BioMiner git 17c6161, molglyph_large)",0.13743667118251324
uob,maybridge-0296-688215580,N=C(N)N1CCCC1,,,,"MolGlyph 1.1.1 (BioMiner git 17c6161, molglyph_large)",0.09300041943788528
uob,maybridge-0296-752625315,Cc1nc(NC(=N)N)sc1Br,,,,"MolGlyph 1.1.1 (BioMiner git 17c6161, molglyph_large)",0.11757698841392994
uob,maybridge-0296-958346666,N=C(N1CCCCC1)N.Br,,,,"MolGlyph 1.1.1 (BioMiner git 17c6161, molglyph_large)",0.10785976238548756
uob,maybridge-0297-1037202353,CN(C)CCN1CCN(C(=N)N)CC1,,,,"MolGlyph 1.1.1 (BioMiner git 17c6161, molglyph_large)",0.14174765907227993
uob,maybridge-0297-175702390,N=C(N)N1CCN(Cc2ccccc2)CC1,,,,"MolGlyph 1.1.1 (BioMiner git 17c6161, molglyph_large)",0.15106322802603245
uob,maybridge-0297-419725395,N=C(N)N1CCN(C2CCCCC2)CC1,,,,"MolGlyph 1.1.1 (BioMiner git 17c6161, molglyph_large)",0.14674977399408817
uob,maybridge-0297-559588353,N=C(N)N1CCN(c2ccccc2Cl)CC1,,,,"MolGlyph 1.1.1 (BioMiner git 17c6161, molglyph_large)",0.15168494917452335
uob,maybridge-0297-620571384,COc1cc2c(cc1OC)CN(C(=N)N)CC2,,,,"MolGlyph 1.1.1 (BioMiner git 17c6161, molglyph_large)",0.16660130210220814
uob,maybridge-0297-655037049,CN(C)CCN(C)C(=N)N,,,,"MolGlyph 1.1.1 (BioMiner git 17c6161, molglyph_large)",0.11307264119386673
uob,maybridge-0297-929987061,N=C(N)N1CCN(c2ccccn2)CC1,,,,"MolGlyph 1.1.1 (BioMiner git 17c6161, molglyph_large)",0.14657683111727238
uob,maybridge-0298-351682993,Cc1cc(CCl)nn1C,,,,"MolGlyph 1.1.1 (BioMiner git 17c6161, molglyph_large)",0.09259435907006264
uob,maybridge-0298-392172369,Cn1nc(-c2ccccc2)cc1CCl,,,,"MolGlyph 1.1.1 (BioMiner git 17c6161, molglyph_large)",0.1317225657403469
uob,maybridge-0298-435257593,BrCC1CC1,,,,"MolGlyph 1.1.1 (BioMiner git 17c6161, molglyph_large)",0.06474693864583969
uob,maybridge-0298-529600131,Cc1cc(CCl)n(C)n1,,,,"MolGlyph 1.1.1 (BioMiner git 17c6161, molglyph_large)",0.10231192782521248
uob,maybridge-0298-670523004,O=C(CCl)NC1CC1,,,,"MolGlyph 1.1.1 (BioMiner git 17c6161, molglyph_large)",0.09241043590009212
uob,maybridge-0298-689690158,Cn1ccc(CCl)n1,,,,"MolGlyph 1.1.1 (BioMiner git 17c6161, molglyph_large)",0.08801697567105293
uob,maybridge-0298-759624885,Cn1nc(CCl)cc1-c1ccccc1,,,,"MolGlyph 1.1.1 (BioMiner git 17c6161, molglyph_large)",0.13126422464847565
uob,maybridge-0298-762896362,CC1(CCl)CO1,,,,"MolGlyph 1.1.1 (BioMiner git 17c6161, molglyph_large)",0.07826891168951988
uob,maybridge-0298-766008055,Cn1nc(CCl)cc1-c1ccco1,,,,"MolGlyph 1.1.1 (BioMiner git 17c6161, molglyph_large)",0.12733303755521774
uob,maybridge-0298-784345584,ClCC1CS1,,,,"MolGlyph 1.1.1 (BioMiner git 17c6161, molglyph_large)",0.0634966529905796
uob,maybridge-0299-1048498516,COC(=O)c1ccc(CCl)o1,,,,"MolGlyph 1.1.1 (BioMiner git 17c6161, molglyph_large)",0.11756764352321625
uob,maybridge-0299-1062386196,FC(F)(F)c1ccc(CBr)o1,,,,"MolGlyph 1.1.1 (BioMiner git 17c6161, molglyph_large)",0.12207264266908169
uob,maybridge-0299-126507809,Cc1nn(-c2ccccc2)nc1CBr,,,,"MolGlyph 1.1.1 (BioMiner git 17c6161, molglyph_large)",0.1314260344952345
uob,maybridge-0299-291012819,Cn1nc(CCl)cc1-c1cccs1,,,,"MolGlyph 1.1.1 (BioMiner git 17c6161, molglyph_large)",0.1264399141073227
uob,maybridge-0299-355443774,*C1NC(C)N(CC(=O)c2ccc(Cl)cc2)C1Br,,,,"MolGlyph 1.1.1 (BioMiner git 17c6161, molglyph_large)",0.18086822889745235
uob,maybridge-0299-36751059,Cc1n[nH]c(C)c1CCBr,,,,"MolGlyph 1.1.1 (BioMiner git 17c6161, molglyph_large)",0.11333044804632664
uob,maybridge-0299-43690552,Cn1nc(-c2cccs2)cc1CCl,,,,"MolGlyph 1.1.1 (BioMiner git 17c6161, molglyph_large)",0.1274381373077631
uob,maybridge-0299-593427029,BrCC1CCCO1,,,,"MolGlyph 1.1.1 (BioMiner git 17c6161, molglyph_large)",0.0735661406069994
uob,maybridge-0299-726103590,Cn1ccnc1CCl,,,,"MolGlyph 1.1.1 (BioMiner git 17c6161, molglyph_large)",0.07888751663267612
uob,maybridge-0299-834616506,ClCc1nccn1Cc1ccccc1,,,,"MolGlyph 1.1.1 (BioMiner git 17c6161, molglyph_large)",0.1186713557690382
uob,maybridge-0300-1051015317,Cc1cc(CBr)no1,,,,"MolGlyph 1.1.1 (BioMiner git 17c6161, molglyph_large)",0.08844034932553768
uob,maybridge-0300-139653742,Cc1csc(NC(=O)CCl)c1C#N,,,,"MolGlyph 1.1.1 (BioMiner git 17c6161, molglyph_large)",0.1317571233958006
uob,maybridge-0300-242186090,ClCc1cc(-c2ccccc2)on1,,,,"MolGlyph 1.1.1 (BioMiner git 17c6161, molglyph_large)",0.12755819596350193
uob,maybridge-0300-389113696,Cc1onc(-c2ccccc2)c1CBr,,,,"MolGlyph 1.1.1 (BioMiner git 17c6161, molglyph_large)",0.13197216391563416
uob,maybridge-0300-428806310,COC(=O)c1sccc1NC(=O)CBr,,,,"MolGlyph 1.1.1 (BioMiner git 17c6161, molglyph_large)",0.1370997466146946
uob,maybridge-0300-613734317,ClCc1cc(-c2ccco2)on1,,,,"MolGlyph 1.1.1 (BioMiner git 17c6161, molglyph_large)",0.12219305522739887
uob,maybridge-0300-629022446,ClCc1cc(-c2cccs2)on1,,,,"MolGlyph 1.1.1 (BioMiner git 17c6161, molglyph_large)",0.12186214327812195
uob,maybridge-0300-69173646,CC1(C)OCC(CCl)O1,,,,"MolGlyph 1.1.1 (BioMiner git 17c6161, molglyph_large)",0.1024110484868288
uob,maybridge-0300-865407956,Cc1cc(CCl)no1,,,,"MolGlyph 1.1.1 (BioMiner git 17c6161, molglyph_large)",0.0883895717561245
uob,maybridge-0300-865666398,Cc1noc(-c2ccccc2)c1CBr,,,,"MolGlyph 1.1.1 (BioMiner git 17c6161, molglyph_large)",0.13176393881440163
uob,maybridge-0301-285514635,ClCc1noc(-c2ccccc2)n1,,,,"MolGlyph 1.1.1 (BioMiner git 17c6161, molglyph_large)",0.1273793037980795
uob,maybridge-0301-296318620,ClCc1noc(-c2ccsc2)n1,,,,"MolGlyph 1.1.1 (BioMiner git 17c6161, molglyph_large)",0.12260942906141281
uob,maybridge-0301-300272143,ClCc1ncon1,,,,"MolGlyph 1.1.1 (BioMiner git 17c6161, molglyph_large)",0.07340135052800179
uob,maybridge-0301-331989094,COC(=O)c1coc(CCl)n1,,,,"MolGlyph 1.1.1 (BioMiner git 17c6161, molglyph_large)",0.11848120763897896
uob,maybridge-0301-399344871,BrCc1ncoc1-c1ccccc1,,,,"MolGlyph 1.1.1 (BioMiner git 17c6161, molglyph_large)",0.1172823179513216
uob,maybridge-0301-403488675,Cc1nc(CCl)c(C)o1,,,,"MolGlyph 1.1.1 (BioMiner git 17c6161, molglyph_large)",0.10247697494924068
uob,maybridge-0301-48592159,ClCc1noc(-c2cccs2)n1,,,,"MolGlyph 1.1.1 (BioMiner git 17c6161, molglyph_large)",0.12246115691959858
uob,maybridge-0301-555343475,CC(C)(C)c1nc(CCl)no1,,,,"MolGlyph 1.1.1 (BioMiner git 17c6161, molglyph_large)",0.12301133014261723
uob,maybridge-0301-654135267,Cc1oc(-c2ccccc2)nc1CCl,,,,"MolGlyph 1.1.1 (BioMiner git 17c6161, molglyph_large)",0.1332974787801504
uob,maybridge-0301-687196391,ClCc1nc(-c2ccccc2)no1,,,,"MolGlyph 1.1.1 (BioMiner git 17c6161, molglyph_large)",0.12678205221891403
uob,maybridge-0302-128227640,Cc1ccc(OCc2noc(CCl)n2)cc1,,,,"MolGlyph 1.1.1 (BioMiner git 17c6161, molglyph_large)",0.1467776745557785
uob,maybridge-0302-171611318,ClCc1nc(-c2ccc(Cl)cc2)no1,,,,"MolGlyph 1.1.1 (BioMiner git 17c6161, molglyph_large)",0.14142592437565327
uob,maybridge-0302-22695831,COc1ccc(-c2noc(CCl)n2)cc1,,,,"MolGlyph 1.1.1 (BioMiner git 17c6161, molglyph_large)",0.14660108089447021
uob,maybridge-0302-371017460,COc1ccccc1-c1nc(CCl)no1,,,,"MolGlyph 1.1.1 (BioMiner git 17c6161, molglyph_large)",0.1372290477156639
uob,maybridge-0302-50494486,Cc1noc(C)c1-c1nc(CCl)no1,,,,"MolGlyph 1.1.1 (BioMiner git 17c6161, molglyph_large)",0.1411464884877205
uob,maybridge-0302-571118965,CC(C)(C)c1ccc(-c2noc(CCl)n2)cc1,,,,"MolGlyph 1.1.1 (BioMiner git 17c6161, molglyph_large)",0.17555532790720463
uob,maybridge-0302-675374791,COc1ccc(-c2nc(CCl)no2)cc1,,,,"MolGlyph 1.1.1 (BioMiner git 17c6161, molglyph_large)",0.14654669165611267
uob,maybridge-0302-717938167,CSc1ncccc1-c1nc(CCl)no1,,,,"MolGlyph 1.1.1 (BioMiner git 17c6161, molglyph_large)",0.13654200918972492
uob,maybridge-0302-741155109,ClCc1nc(-c2cccs2)no1,,,,"MolGlyph 1.1.1 (BioMiner git 17c6161, molglyph_large)",0.12195781618356705
uob,maybridge-0303-103110987,FC(F)(F)c1cccc(-c2nc(CCl)no2)c1,,,,"MolGlyph 1.1.1 (BioMiner git 17c6161, molglyph_large)",0.1763045508414507
uob,maybridge-0303-222365833,CC1SC=C(CCl)N=1.Cl,,,,"MolGlyph 1.1.1 (BioMiner git 17c6161, molglyph_large)",0.1077849492430687
uob,maybridge-0303-379693101,ClCc1csc(-c2ccccc2)n1,,,,"MolGlyph 1.1.1 (BioMiner git 17c6161, molglyph_large)",0.12715608812868595
uob,maybridge-0303-380702242,FC(F)(F)c1ccc(-c2nc(CCl)no2)cc1,,,,"MolGlyph 1.1.1 (BioMiner git 17c6161, molglyph_large)",0.17571936547756195
uob,maybridge-0303-41099918,Cc1nc(-c2ccccc2)sc1CBr,,,,"MolGlyph 1.1.1 (BioMiner git 17c6161, molglyph_large)",0.1325635351240635
uob,maybridge-0303-587127308,ClCc1csc(-c2ccc(Cl)cc2)n1,,,,"MolGlyph 1.1.1 (BioMiner git 17c6161, molglyph_large)",0.142164196819067
uob,maybridge-0303-673874272,Cc1nc(CCl)cs1,,,,"MolGlyph 1.1.1 (BioMiner git 17c6161, molglyph_large)",0.08812516182661057
uob,maybridge-0303-749402887,ClCc1csc(-c2cccs2)n1,,,,"MolGlyph 1.1.1 (BioMiner git 17c6161, molglyph_large)",0.12177117168903351
uob,maybridge-0303-830907923,ClCc1nc(-c2ccc(OCc3ccc(Cl)cc3)cc2)no1,,,,"MolGlyph 1.1.1 (BioMiner git 17c6161, molglyph_large)",0.20134363882243633
uob,maybridge-0303-832638425,Cc1ccc(-c2nnc(CCl)o2)cc1,,,,"MolGlyph 1.1.1 (BioMiner git 17c6161, molglyph_large)",0.1419129054993391
uob,maybridge-0304-103315995,ClCc1csc(-c2cccc(Cl)c2)n1,,,,"MolGlyph 1.1.1 (BioMiner git 17c6161, molglyph_large)",0.1418383438140154
uob,maybridge-0304-178102043,ClCc1nsc(Cl)n1,,,,"MolGlyph 1.1.1 (BioMiner git 17c6161, molglyph_large)",0.08809814974665642
uob,maybridge-0304-214147254,O=Cc1cccc(CBr)c1,,,,"MolGlyph 1.1.1 (BioMiner git 17c6161, molglyph_large)",0.10249258019030094
uob,maybridge-0304-256490520,ClCc1cc(Cl)cc(Cl)c1,,,,"MolGlyph 1.1.1 (BioMiner git 17c6161, molglyph_large)",0.10778656043112278
uob,maybridge-0304-339242097,CCCCCc1ccc(-c2nc(CCl)cs2)cc1,,,,"MolGlyph 1.1.1 (BioMiner git 17c6161, molglyph_large)",0.16136527992784977
uob,maybridge-0304-539564605,BrCc1sc(-c2ccccc2)nc1-c1ccccc1,,,,"MolGlyph 1.1.1 (BioMiner git 17c6161, molglyph_large)",0.1723790317773819
uob,maybridge-0304-569964923,FC(F)(F)c1ccc(-c2nc(CCl)cs2)cc1,,,,"MolGlyph 1.1.1 (BioMiner git 17c6161, molglyph_large)",0.17574866488575935
uob,maybridge-0304-593143973,COc1ccc(C(C)=O)cc1CCl,,,,"MolGlyph 1.1.1 (BioMiner git 17c6161, molglyph_large)",0.12738409079611301
uob,maybridge-0304-66170511,O=C=Nc1ccc(CCl)cc1,,,,"MolGlyph 1.1.1 (BioMiner git 17c6161, molglyph_large)",0.11292102374136448
uob,maybridge-0304-799391067,NC(=O)c1cccc(CCl)c1,,,,"MolGlyph 1.1.1 (BioMiner git 17c6161, molglyph_large)",0.11761832237243652
uob,maybridge-0304-839853074,Cc1nc(-c2ccc(C(F)(F)F)cc2)sc1CBr,,,,"MolGlyph 1.1.1 (BioMiner git 17c6161, molglyph_large)",0.18013397604227066
uob,maybridge-0305-161739639,FC(F)(F)Oc1ccc(CCl)cc1,,,,"MolGlyph 1.1.1 (BioMiner git 17c6161, molglyph_large)",0.13218091242015362
uob,maybridge-0305-186801470,BrCc1cccc(-n2cccc2)c1,,,,"MolGlyph 1.1.1 (BioMiner git 17c6161, molglyph_large)",0.12754542008042336
uob,maybridge-0305-200204355,BrCc1ccc(-n2cccc2)cc1,,,,"MolGlyph 1.1.1 (BioMiner git 17c6161, molglyph_large)",0.12750691547989845
uob,maybridge-0305-22765373,Cc1nc(-c2cccc(CBr)c2)no1,,,,"MolGlyph 1.1.1 (BioMiner git 17c6161, molglyph_large)",0.1416960135102272
uob,maybridge-0305-31934384,ClCc1ccccc1Cn1cncn1,,,,"MolGlyph 1.1.1 (BioMiner git 17c6161, molglyph_large)",0.11766139045357704
uob,maybridge-0305-325479863,Clc1ccc(CBr)cc1Cl,,,,"MolGlyph 1.1.1 (BioMiner git 17c6161, molglyph_large)",0.09806964360177517
uob,maybridge-0305-5506303,O=Cc1ccc(CBr)cc1,,,,"MolGlyph 1.1.1 (BioMiner git 17c6161, molglyph_large)",0.10249299183487892
uob,maybridge-0305-581638003,COC(=O)c1cccc(CBr)c1,,,,"MolGlyph 1.1.1 (BioMiner git 17c6161, molglyph_large)",0.12193788960576057
uob,maybridge-0305-746009062,Fc1cc(Cl)ccc1CBr,,,,"MolGlyph 1.1.1 (BioMiner git 17c6161, molglyph_large)",0.09851548075675964
uob,maybridge-0305-788088150,BrCc1ccc(-n2cccn2)cc1,,,,"MolGlyph 1.1.1 (BioMiner git 17c6161, molglyph_large)",0.1272819470614195
uob,maybridge-0305-85458324,ClCc1cccc(-c2nccs2)c1,,,,"MolGlyph 1.1.1 (BioMiner git 17c6161, molglyph_large)",0.12753791362047195
uob,maybridge-0305-905628691,Cc1cccc(CBr)c1F,,,,"MolGlyph 1.1.1 (BioMiner git 17c6161, molglyph_large)",0.09758459404110909
uob,maybridge-0306-1022979126,BrCc1ccc(-c2ccsc2)cc1,,,,"MolGlyph 1.1.1 (BioMiner git 17c6161, molglyph_large)",0.12683443166315556
uob,maybridge-0306-162974142,BrCc1ccc(-c2csnn2)cc1,,,,"MolGlyph 1.1.1 (BioMiner git 17c6161, molglyph_large)",0.12732565589249134
uob,maybridge-0306-410887467,BrCc1cccc(-c2ccsc2)c1,,,,"MolGlyph 1.1.1 (BioMiner git 17c6161, molglyph_large)",0.12694884464144707
uob,maybridge-0306-438094965,Cc1noc(-c2ccccc2CBr)n1,,,,"MolGlyph 1.1.1 (BioMiner git 17c6161, molglyph_large)",0.13214109279215336
uob,maybridge-0306-544913534,BrCc1ccccc1-c1cccs1,,,,"MolGlyph 1.1.1 (BioMiner git 17c6161, molglyph_large)",0.11799221113324165
uob,maybridge-0306-549457203,BrCc1cccc(-c2cccs2)c1,,,,"MolGlyph 1.1.1 (BioMiner git 17c6161, molglyph_large)",0.1275322288274765
uob,maybridge-0306-584397226,BrCc1ccc(-c2cccs2)cc1,,,,"MolGlyph 1.1.1 (BioMiner git 17c6161, molglyph_large)",0.12679352425038815
uob,maybridge-0306-651107882,Cc1nc(-c2ccc(CBr)cc2)no1,,,,"MolGlyph 1.1.1 (BioMiner git 17c6161, molglyph_large)",0.14154119417071342
uob,maybridge-0306-773189710,BrCc1cccc(Oc2ccccc2)c1,,,,"MolGlyph 1.1.1 (BioMiner git 17c6161, molglyph_large)",0.13187653571367264
uob,maybridge-0306-782392254,FC(F)(F)Oc1cccc(CBr)c1,,,,"MolGlyph 1.1.1 (BioMiner git 17c6161, molglyph_large)",0.13162638247013092
uob,maybridge-0306-941096562,Cc1noc(-c2ccc(CBr)cc2)n1,,,,"MolGlyph 1.1.1 (BioMiner git 17c6161, molglyph_large)",0.14185932092368603
uob,maybridge-0306-941324197,BrCc1ccccc1Oc1ccccc1,,,,"MolGlyph 1.1.1 (BioMiner git 17c6161, molglyph_large)",0.12258775904774666
uob,maybridge-0307-1029488312,CC1(C)COB(c2ccccc2CBr)OC1,,,,"MolGlyph 1.1.1 (BioMiner git 17c6161, molglyph_large)",0.1462282706052065
uob,maybridge-0307-106047000,O=C(CCl)Nc1ccc(F)c(Cl)c1,,,,"MolGlyph 1.1.1 (BioMiner git 17c6161, molglyph_large)",0.13730729185044765
uob,maybridge-0307-163839052,ON=C(CBr)c1ccccc1,,,,"MolGlyph 1.1.1 (BioMiner git 17c6161, molglyph_large)",0.10780062712728977
uob,maybridge-0307-20816728,BrCc1ccc(Oc2ccccc2)cc1,,,,"MolGlyph 1.1.1 (BioMiner git 17c6161, molglyph_large)",0.13176249340176582
uob,maybridge-0307-563342649,BrCc1ccccc1COc1ccccc1,,,,"MolGlyph 1.1.1 (BioMiner git 17c6161, molglyph_large)",0.12722294591367245
uob,maybridge-0307-670708042,Cc1nc(-c2ccc(CBr)cc2)cs1,,,,"MolGlyph 1.1.1 (BioMiner git 17c6161, molglyph_large)",0.14189086109399796
uob,maybridge-0307-769603519,Cc1nc(-c2cccc(CBr)c2)cs1,,,,"MolGlyph 1.1.1 (BioMiner git 17c6161, molglyph_large)",0.14265956170856953
uob,maybridge-0307-77455976,FC(F)(F)c1ccc(N2CCOCC2)c(CCl)c1,,,,"MolGlyph 1.1.1 (BioMiner git 17c6161, molglyph_large)",0.17603944800794125
uob,maybridge-0307-775746906,BrCc1cccc(COc2ccccc2)c1,,,,"MolGlyph 1.1.1 (BioMiner git 17c6161, molglyph_large)",0.13741003163158894
uob,maybridge-0307-936360040,BrCc1ccc(-n2cncn2)cc1,,,,"MolGlyph 1.1.1 (BioMiner git 17c6161, molglyph_large)",0.12671969644725323
uob,maybridge-0308-1060717192,O=C(CCl)N(c1ccccc1)C1CCCCC1,,,,"MolGlyph 1.1.1 (BioMiner git 17c6161, molglyph_large)",0.1559811346232891
uob,maybridge-0308-191083229,Cc1cncc(N2CCC(CCl)CC2)n1,,,,"MolGlyph 1.1.1 (BioMiner git 17c6161, molglyph_large)",0.14151063188910484
uob,maybridge-0308-217237235,O=C(CBr)Nc1ccccc1Cl,,,,"MolGlyph 1.1.1 (BioMiner git 17c6161, molglyph_large)",0.11313931457698345
uob,maybridge-0308-360208414,ClCc1cc(Cl)nc(Cl)c1,,,,"MolGlyph 1.1.1 (BioMiner git 17c6161, molglyph_large)",0.10783549584448338
uob,maybridge-0308-505619175,O=C(CCl)Nc1ccc(Cl)cc1Cl,,,,"MolGlyph 1.1.1 (BioMiner git 17c6161, molglyph_large)",0.1272442601621151
uob,maybridge-0308-526595466,O=c1c(CBr)cccn1Cc1c(F)cccc1Cl,,,,"MolGlyph 1.1.1 (BioMiner git 17c6161, molglyph_large)",0.1615921799093485
uob,maybridge-0308-769086583,O=C(OCc1ccccc1)N1CCC(Br)CC1,,,,"MolGlyph 1.1.1 (BioMiner git 17c6161, molglyph_large)",0.15672877617180347
uob,maybridge-0308-85291145,N#CC1(CCl)CCCCC1,,,,"MolGlyph 1.1.1 (BioMiner git 17c6161, molglyph_large)",0.1028516311198473
uob,maybridge-0308-933375951,FC(F)(F)c1cnc(CCl)c(Cl)c1,,,,"MolGlyph 1.1.1 (BioMiner git 17c6161, molglyph_large)",0.14223065227270126
uob,maybridge-0308-933855962,O=S(=O)(CCCl)c1ccc(F)cc1,,,,"MolGlyph 1.1.1 (BioMiner git 17c6161, molglyph_large)",0.14137584157288074
uob,maybridge-0309-242145425,O=C(OCc1ccccc1)N1CCC(CBr)CC1,,,,"MolGlyph 1.1.1 (BioMiner git 17c6161, molglyph_large)",0.1620655432343483
uob,maybridge-0309-3033603,O=C(CCl)N1CCOCC1,,,,"MolGlyph 1.1.1 (BioMiner git 17c6161, molglyph_large)",0.10283480398356915
uob,maybridge-0309-310908111,O=C(CCl)N1CCN(c2ccccc2)CC1,,,,"MolGlyph 1.1.1 (BioMiner git 17c6161, molglyph_large)",0.1513473279774189
uob,maybridge-0309-346778027,ICC1CCOCC1,,,,"MolGlyph 1.1.1 (BioMiner git 17c6161, molglyph_large)",0.07869708351790905
uob,maybridge-0309-437011475,ClCC1CCCCO1,,,,"MolGlyph 1.1.1 (BioMiner git 17c6161, molglyph_large)",0.07787290215492249
uob,maybridge-0309-508058569,BrCC1CCOCC1,,,,"MolGlyph 1.1.1 (BioMiner git 17c6161, molglyph_large)",0.07903026044368744
uob,maybridge-0309-744557336,IC1CCOCC1,,,,"MolGlyph 1.1.1 (BioMiner git 17c6161, molglyph_large)",0.07281516678631306
uob,maybridge-0309-878962864,ClCC1CN(Cc2ccccc2)CCO1,,,,"MolGlyph 1.1.1 (BioMiner git 17c6161, molglyph_large)",0.13157465495169163
uob,maybridge-0309-928609272,IC1CCSCC1,,,,"MolGlyph 1.1.1 (BioMiner git 17c6161, molglyph_large)",0.07368056289851665
uob,maybridge-0309-982047472,O=Cc1cc(Br)ccc1OC1C2CN(Cc3ccccc3)C1C2Br,,,,"MolGlyph 1.1.1 (BioMiner git 17c6161, molglyph_large)",0.20933569595217705
uob,maybridge-0310-117903895,Cc1ccc(S(=O)(=O)OCC2Cc3ccccc3O2)cc1,,,,"MolGlyph 1.1.1 (BioMiner git 17c6161, molglyph_large)",0.1999963391572237
uob,maybridge-0310-212100929,ClCc1cc2cc(Br)ccc2o1,,,,"MolGlyph 1.1.1 (BioMiner git 17c6161, molglyph_large)",0.11750662699341774
uob,maybridge-0310-229710870,O=S(=O)(c1ccccc1)n1c(CBr)cc2ccccc21,,,,"MolGlyph 1.1.1 (BioMiner git 17c6161, molglyph_large)",0.19568601436913013
uob,maybridge-0310-272635379,CC1(C)Cc2cccc(CCl)c2O1,,,,"MolGlyph 1.1.1 (BioMiner git 17c6161, molglyph_large)",0.13249354250729084
uob,maybridge-0310-278403176,ClCCc1ccc2c(c1)OCO2,,,,"MolGlyph 1.1.1 (BioMiner git 17c6161, molglyph_large)",0.11711800284683704
uob,maybridge-0310-404914364,Cc1ccc(S(=O)(=O)OCCc2coc3ccccc23)cc1,,,,"MolGlyph 1.1.1 (BioMiner git 17c6161, molglyph_large)",0.205695616081357
uob,maybridge-0310-497486848,O=C1c2ccccc2C(=O)N1CCOCCCl,,,,"MolGlyph 1.1.1 (BioMiner git 17c6161, molglyph_large)",0.15159224718809128
uob,maybridge-0310-552344531,Cn1c(CBr)nc2ccccc21,,,,"MolGlyph 1.1.1 (BioMiner git 17c6161, molglyph_large)",0.11755187250673771
uob,maybridge-0310-581362414,Cn1nc(CCl)c2ccccc21,,,,"MolGlyph 1.1.1 (BioMiner git 17c6161, molglyph_large)",0.11700056865811348
uob,maybridge-0310-986658792,Cn1nnc2cc(CBr)ccc21,,,,"MolGlyph 1.1.1 (BioMiner git 17c6161, molglyph_large)",0.1176430992782116
uob,maybridge-0311-1020871188,BrCc1nc2ccccc2s1,,,,"MolGlyph 1.1.1 (BioMiner git 17c6161, molglyph_large)",0.10277341678738594
uob,maybridge-0311-398103911,BrCc1ccc2snnc2c1,,,,"MolGlyph 1.1.1 (BioMiner git 17c6161, molglyph_large)",0.10300393961369991
uob,maybridge-0311-406261909,ClCc1csc2ccc(Br)cc12,,,,"MolGlyph 1.1.1 (BioMiner git 17c6161, molglyph_large)",0.11724579334259033
uob,maybridge-0311-491181216,CC1(C)CCC(C)(C)c2cc(CBr)ccc21,,,,"MolGlyph 1.1.1 (BioMiner git 17c6161, molglyph_large)",0.16537519730627537
uob,maybridge-0311-589967642,BrCc1ccc2nsnc2c1,,,,"MolGlyph 1.1.1 (BioMiner git 17c6161, molglyph_large)",0.10263247229158878
uob,maybridge-0311-676521625,BrCc1cccc2nonc12,,,,"MolGlyph 1.1.1 (BioMiner git 17c6161, molglyph_large)",0.10379297658801079
uob,maybridge-0311-741524850,BrCc1ccc2nonc2c1,,,,"MolGlyph 1.1.1 (BioMiner git 17c6161, molglyph_large)",0.1031405571848154
uob,maybridge-0311-784423423,COc1ccc2cc(Br)ccc2c1CCl,,,,"MolGlyph 1.1.1 (BioMiner git 17c6161, molglyph_large)",0.13220900110900402
uob,maybridge-0311-90349631,Clc1cc2nsnc2cc1CBr,,,,"MolGlyph 1.1.1 (BioMiner git 17c6161, molglyph_large)",0.10759717784821987
uob,maybridge-0311-923285439,Clc1ccc2scc(CBr)c2c1,,,,"MolGlyph 1.1.1 (BioMiner git 17c6161, molglyph_large)",0.11759852059185505
uob,maybridge-0311-924247410,BrCc1cccc2nsnc12,,,,"MolGlyph 1.1.1 (BioMiner git 17c6161, molglyph_large)",0.10300550237298012
uob,maybridge-0312-235053506,Cc1ccc2cc(CBr)ccc2n1,,,,"MolGlyph 1.1.1 (BioMiner git 17c6161, molglyph_large)",0.12257246859371662
uob,maybridge-0312-292654418,BrCc1cccc2cccnc12,,,,"MolGlyph 1.1.1 (BioMiner git 17c6161, molglyph_large)",0.10778886452317238
uob,maybridge-0312-318533501,ClCc1cc(Br)cc2c1OCOC2,,,,"MolGlyph 1.1.1 (BioMiner git 17c6161, molglyph_large)",0.12177853100001812
uob,maybridge-0312-584255011,FC(F)(F)c1cc(Cl)c2cc(CBr)ccc2n1,,,,"MolGlyph 1.1.1 (BioMiner git 17c6161, molglyph_large)",0.17121192067861557
uob,maybridge-0312-590306051,ClCc1cc(Cl)cc2c1OCOC2,,,,"MolGlyph 1.1.1 (BioMiner git 17c6161, molglyph_large)",0.12240141443908215
uob,maybridge-0312-642742765,BrCCOc1cccc2c1OCCO2,,,,"MolGlyph 1.1.1 (BioMiner git 17c6161, molglyph_large)",0.11892295815050602
uob,maybridge-0312-66286939,Fc1cc2c(c(CCl)c1)OCOC2,,,,"MolGlyph 1.1.1 (BioMiner git 17c6161, molglyph_large)",0.1335315741598606
uob,maybridge-0312-75569420,BrCc1cccc2c1OCCCO2,,,,"MolGlyph 1.1.1 (BioMiner git 17c6161, molglyph_large)",0.11235440894961357
uob,maybridge-0312-763712832,ClCc1ccc2c(c1)OCCCO2,,,,"MolGlyph 1.1.1 (BioMiner git 17c6161, molglyph_large)",0.1215919777750969
uob,maybridge-0312-944717037,BrCc1nccc2ccccc12,,,,"MolGlyph 1.1.1 (BioMiner git 17c6161, molglyph_large)",0.10818726755678654
uob,maybridge-0312-966554394,ClCc1cc2ccccc2nc1Cl,,,,"MolGlyph 1.1.1 (BioMiner git 17c6161, molglyph_large)",0.1123550534248352
uob,maybridge-0313-1016787246,CCOC(=O)C(C)(C)CCl,,,,"MolGlyph 1.1.1 (BioMiner git 17c6161, molglyph_large)",0.11225289665162563
uob,maybridge-0313-123830497,BrCC12CC3CC(CC(C3)C1)C2,,,,"MolGlyph 1.1.1 (BioMiner git 17c6161, molglyph_large)",0.13670599460601807
uob,maybridge-0313-197312003,O=C(O)C12CC3CC(CC(Br)(C3)C1)C2,,,,"MolGlyph 1.1.1 (BioMiner git 17c6161, molglyph_large)",0.17055881768465042
uob,maybridge-0313-250126815,C=CCNC(=O)CCl,,,,"MolGlyph 1.1.1 (BioMiner git 17c6161, molglyph_large)",0.08822447992861271
uob,maybridge-0313-576756772,O=C(O)C12CC3CC(CC(Cl)(C3)C1)C2,,,,"MolGlyph 1.1.1 (BioMiner git 17c6161, molglyph_large)",0.17069973424077034
uob,maybridge-0313-788349055,CC(C)OC(=O)C(C)(C)Br,,,,"MolGlyph 1.1.1 (BioMiner git 17c6161, molglyph_large)",0.12271997146308422
uob,maybridge-0313-856319018,CCOC(=O)C(Br)CCC(Br)C(=O)OCC,,,,"MolGlyph 1.1.1 (BioMiner git 17c6161, molglyph_large)",0.15571785531938076
uob,maybridge-0313-971792001,CC12CC3(C)CC(C)(C1)CC(Br)(C3)C2,,,,"MolGlyph 1.1.1 (BioMiner git 17c6161, molglyph_large)",0.1760262567549944
uob,maybridge-0314-102154459,O=Cc1[nH]ncc1Br,,,,"MolGlyph 1.1.1 (BioMiner git 17c6161, molglyph_large)",0.09833955392241478
uob,maybridge-0314-1059601686,Cn1ccc(I)n1,,,,"MolGlyph 1.1.1 (BioMiner git 17c6161, molglyph_large)",0.08346102386713028
uob,maybridge-0314-206640443,N#Cc1n[nH]cc1Br,,,,"MolGlyph 1.1.1 (BioMiner git 17c6161, molglyph_large)",0.09853427670896053
uob,maybridge-0314-211828651,Cn1cc(Br)c(C(=O)O)n1,,,,"MolGlyph 1.1.1 (BioMiner git 17c6161, molglyph_large)",0.12211224809288979
uob,maybridge-0314-222061876,Cc1n[nH]c(C)c1Br,,,,"MolGlyph 1.1.1 (BioMiner git 17c6161, molglyph_large)",0.10253298468887806
uob,maybridge-0314-393789264,CCOC(=O)c1[nH]c(C)c(Br)c1C,,,,"MolGlyph 1.1.1 (BioMiner git 17c6161, molglyph_large)",0.15130357444286346
uob,maybridge-0314-554604554,Cn1ncc(Br)c1N,,,,"MolGlyph 1.1.1 (BioMiner git 17c6161, molglyph_large)",0.08830108679831028
uob,maybridge-0314-659159794,Cn1cc(Br)c(C=O)n1,,,,"MolGlyph 1.1.1 (BioMiner git 17c6161, molglyph_large)",0.10813935846090317
uob,maybridge-0314-73800060,Cc1nn(C)c(C)c1Br,,,,"MolGlyph 1.1.1 (BioMiner git 17c6161, molglyph_large)",0.10218331217765808
uob,maybridge-0314-801022416,Cc1n[nH]cc1Br,,,,"MolGlyph 1.1.1 (BioMiner git 17c6161, molglyph_large)",0.08766057714819908
uob,maybridge-0314-822497567,Cn1ncc(Br)c1C=O,,,,"MolGlyph 1.1.1 (BioMiner git 17c6161, molglyph_large)",0.09716449677944183
uob,maybridge-0315-1055323031,Cc1nn(C)c(C)c1I,,,,"MolGlyph 1.1.1 (BioMiner git 17c6161, molglyph_large)",0.10291816852986813
uob,maybridge-0315-10919083,Cc1nn(-c2ccccc2)c(C)c1Br,,,,"MolGlyph 1.1.1 (BioMiner git 17c6161, molglyph_large)",0.1418204940855503
uob,maybridge-0315-20844478,Cn1cc(Br)c(C(F)(F)F)n1,,,,"MolGlyph 1.1.1 (BioMiner git 17c6161, molglyph_large)",0.13220941089093685
uob,maybridge-0315-32068366,Cc1nn(C)c(C(=O)O)c1Br,,,,"MolGlyph 1.1.1 (BioMiner git 17c6161, molglyph_large)",0.12713754922151566
uob,maybridge-0315-382277199,Cn1cc(Br)c(-c2cccc(N)c2)n1,,,,"MolGlyph 1.1.1 (BioMiner git 17c6161, molglyph_large)",0.1521111112087965
uob,maybridge-0315-471615702,CCn1nc(C)c(Br)c1C(=O)Cl,,,,"MolGlyph 1.1.1 (BioMiner git 17c6161, molglyph_large)",0.13203056529164314
uob,maybridge-0315-49084971,Cc1c(Br)cnn1-c1ccccc1,,,,"MolGlyph 1.1.1 (BioMiner git 17c6161, molglyph_large)",0.12781593576073647
uob,maybridge-0315-499614928,Cn1cc(Br)c(C(=O)Cl)n1,,,,"MolGlyph 1.1.1 (BioMiner git 17c6161, molglyph_large)",0.12151267379522324
uob,maybridge-0315-554019936,Nc1[nH]nc(-c2ccccc2)c1Br,,,,"MolGlyph 1.1.1 (BioMiner git 17c6161, molglyph_large)",0.14141310937702656
uob,maybridge-0315-964980290,CCn1nc(C)c(Br)c1C(=O)O,,,,"MolGlyph 1.1.1 (BioMiner git 17c6161, molglyph_large)",0.13149562291800976
uob,maybridge-0316-1005768280,Cc1nc(I)c[nH]1,,,,"MolGlyph 1.1.1 (BioMiner git 17c6161, molglyph_large)",0.09780354797840118
uob,maybridge-0316-105376909,Cc1nn(C(=O)OC(C)(C)C)c(C)c1I,,,,"MolGlyph 1.1.1 (BioMiner git 17c6161, molglyph_large)",0.16633587889373302
uob,maybridge-0316-122743482,[N+](c1nc(C)[nH]c1Br)(=O)[O-],,,,"MolGlyph 1.1.1 (BioMiner git 17c6161, molglyph_large)",0.16528270207345486
uob,maybridge-0316-147386629,Cc1nn(Cc2cccc(C(=O)O)c2)c(C)c1Br,,,,"MolGlyph 1.1.1 (BioMiner git 17c6161, molglyph_large)",0.1812230423092842
uob,maybridge-0316-444684716,Cn1ccnc1I,,,,"MolGlyph 1.1.1 (BioMiner git 17c6161, molglyph_large)",0.07330101542174816
uob,maybridge-0316-695537111,Brc1n[nH]c(Br)n1,,,,"MolGlyph 1.1.1 (BioMiner git 17c6161, molglyph_large)",0.09757660701870918
uob,maybridge-0316-731743963,Fc1nc(Br)nn1Cc1ccccc1,,,,"MolGlyph 1.1.1 (BioMiner git 17c6161, molglyph_large)",0.12799175269901752
uob,maybridge-0316-83898195,Cc1ncc(Br)n1C,,,,"MolGlyph 1.1.1 (BioMiner git 17c6161, molglyph_large)",0.08818109892308712
uob,maybridge-0316-912443372,Cn1c(Br)nc(C(=O)O)c1C(=O)O,,,,"MolGlyph 1.1.1 (BioMiner git 17c6161, molglyph_large)",0.1515018679201603
uob,maybridge-0316-971540064,Cc1c(I)cnn1-c1ccccc1,,,,"MolGlyph 1.1.1 (BioMiner git 17c6161, molglyph_large)",0.1271078996360302
uob,maybridge-0317-1001971375,O=Cc1sccc1Br,,,,"MolGlyph 1.1.1 (BioMiner git 17c6161, molglyph_large)",0.08321289159357548
uob,maybridge-0317-1041895164,O=C(O)c1ccc(Br)o1,,,,"MolGlyph 1.1.1 (BioMiner git 17c6161, molglyph_large)",0.10757371783256531
uob,maybridge-0317-332753062,Brc1ccco1,,,,"MolGlyph 1.1.1 (BioMiner git 17c6161, molglyph_large)",0.06844088062644005
uob,maybridge-0317-434092819,Clc1sccc1Br,,,,"MolGlyph 1.1.1 (BioMiner git 17c6161, molglyph_large)",0.0736688356846571
uob,maybridge-0317-523407270,OCc1ccsc1Br,,,,"MolGlyph 1.1.1 (BioMiner git 17c6161, molglyph_large)",0.07838795334100723
uob,maybridge-0317-554046964,OCc1cc(Br)cs1,,,,"MolGlyph 1.1.1 (BioMiner git 17c6161, molglyph_large)",0.08809674717485905
uob,maybridge-0317-601831776,Brc1ccoc1,,,,"MolGlyph 1.1.1 (BioMiner git 17c6161, molglyph_large)",0.0688017588108778
uob,maybridge-0317-666943946,O=Cc1cc(Br)cs1,,,,"MolGlyph 1.1.1 (BioMiner git 17c6161, molglyph_large)",0.09293555282056332
uob,maybridge-0317-721739693,Brc1nc(Br)n(Cc2ccccc2)n1,,,,"MolGlyph 1.1.1 (BioMiner git 17c6161, molglyph_large)",0.1372639611363411
uob,maybridge-0317-766202912,O=Cc1ccc(Br)s1,,,,"MolGlyph 1.1.1 (BioMiner git 17c6161, molglyph_large)",0.09369266778230667
uob,maybridge-0317-959625227,O=Cc1ccc(Br)o1,,,,"MolGlyph 1.1.1 (BioMiner git 17c6161, molglyph_large)",0.09340110793709755
uob,maybridge-0317-98849364,O=Cc1ccsc1Br,,,,"MolGlyph 1.1.1 (BioMiner git 17c6161, molglyph_large)",0.08358209207654
uob,maybridge-0318-110062472,O=C(Cl)c1sccc1Br,,,,"MolGlyph 1.1.1 (BioMiner git 17c6161, molglyph_large)",0.09779593907296658
uob,maybridge-0318-193782226,CNCc1ccsc1Br,,,,"MolGlyph 1.1.1 (BioMiner git 17c6161, molglyph_large)",0.08356935530900955
uob,maybridge-0318-289969620,O=C(O)c1ccc(Br)s1,,,,"MolGlyph 1.1.1 (BioMiner git 17c6161, molglyph_large)",0.10761584341526031
uob,maybridge-0318-344669135,OB(O)c1ccc(Br)s1,,,,"MolGlyph 1.1.1 (BioMiner git 17c6161, molglyph_large)",0.1028415635228157
uob,maybridge-0318-673953573,O=C(O)c1cc(Br)cs1,,,,"MolGlyph 1.1.1 (BioMiner git 17c6161, molglyph_large)",0.10800239630043507
uob,maybridge-0318-695669000,Brc1ccc(-c2ccno2)s1,,,,"MolGlyph 1.1.1 (BioMiner git 17c6161, molglyph_large)",0.11735300906002522
uob,maybridge-0318-773996186,O=C(O)c1sccc1Br,,,,"MolGlyph 1.1.1 (BioMiner git 17c6161, molglyph_large)",0.09849197417497635
uob,maybridge-0318-7779407,CC(=O)c1cc(Br)cs1,,,,"MolGlyph 1.1.1 (BioMiner git 17c6161, molglyph_large)",0.10766452737152576
uob,maybridge-0318-791770387,O=C(Cl)c1cc(Br)cs1,,,,"MolGlyph 1.1.1 (BioMiner git 17c6161, molglyph_large)",0.10790221020579338
uob,maybridge-0318-798863868,COC(=O)c1sccc1Br,,,,"MolGlyph 1.1.1 (BioMiner git 17c6161, molglyph_large)",0.10236955247819424
uob,maybridge-0318-947332586,NCc1ccsc1Br,,,,"MolGlyph 1.1.1 (BioMiner git 17c6161, molglyph_large)",0.07871479727327824
uob,maybridge-0318-950228145,O=C(O)c1ccsc1Br,,,,"MolGlyph 1.1.1 (BioMiner git 17c6161, molglyph_large)",0.0973907820880413
uob,maybridge-0319-165445564,Cc1nc(-c2ccc(Br)s2)cs1,,,,"MolGlyph 1.1.1 (BioMiner git 17c6161, molglyph_large)",0.13192029297351837
uob,maybridge-0319-230120230,COC(=O)c1scc(Br)c1O,,,,"MolGlyph 1.1.1 (BioMiner git 17c6161, molglyph_large)",0.11741141602396965
uob,maybridge-0319-282435158,COc1c(C(=O)O)csc1Br,,,,"MolGlyph 1.1.1 (BioMiner git 17c6161, molglyph_large)",0.11767762899398804
uob,maybridge-0319-322669984,COC(=O)c1scc(Br)c1OC,,,,"MolGlyph 1.1.1 (BioMiner git 17c6161, molglyph_large)",0.12196192517876625
uob,maybridge-0319-373126460,Brc1csc(Br)c1,,,,"MolGlyph 1.1.1 (BioMiner git 17c6161, molglyph_large)",0.08321017026901245
uob,maybridge-0319-389184890,Brc1ccc(-c2ccccc2)s1,,,,"MolGlyph 1.1.1 (BioMiner git 17c6161, molglyph_large)",0.1216767244040966
uob,maybridge-0319-565588829,Brc1ccc(-c2ccccn2)s1,,,,"MolGlyph 1.1.1 (BioMiner git 17c6161, molglyph_large)",0.12202220782637596
uob,maybridge-0319-772285360,NS(=O)(=O)c1ccc(Br)s1,,,,"MolGlyph 1.1.1 (BioMiner git 17c6161, molglyph_large)",0.1274169124662876
uob,maybridge-0319-916863915,COC(=O)c1cc(C)c(Br)s1,,,,"MolGlyph 1.1.1 (BioMiner git 17c6161, molglyph_large)",0.12747335247695446
uob,maybridge-0319-947702024,Cc1nc(-c2ccc(Br)s2)no1,,,,"MolGlyph 1.1.1 (BioMiner git 17c6161, molglyph_large)",0.1317987721413374
uob,maybridge-0319-947958771,COc1c(C(=O)Cl)csc1Br,,,,"MolGlyph 1.1.1 (BioMiner git 17c6161, molglyph_large)",0.11748995631933212
uob,maybridge-0320-174518114,O=S(=O)(Cl)c1cscc1Br,,,,"MolGlyph 1.1.1 (BioMiner git 17c6161, molglyph_large)",0.11723238229751587
uob,maybridge-0320-195259741,COC(=O)c1sc(Br)c(Br)c1O,,,,"MolGlyph 1.1.1 (BioMiner git 17c6161, molglyph_large)",0.13187311962246895
uob,maybridge-0320-285392539,CCOC(=O)c1csc(-c2ccc(Br)s2)n1,,,,"MolGlyph 1.1.1 (BioMiner git 17c6161, molglyph_large)",0.1657567210495472
uob,maybridge-0320-311224685,O=C(CCl)c1cc(Br)c(Cl)s1,,,,"MolGlyph 1.1.1 (BioMiner git 17c6161, molglyph_large)",0.1273021548986435
uob,maybridge-0320-357139125,O=S(=O)(Cl)c1cc(Br)c(Cl)s1,,,,"MolGlyph 1.1.1 (BioMiner git 17c6161, molglyph_large)",0.14151348546147346
uob,maybridge-0320-383298432,O=S(=O)(Cl)c1ccc(Br)s1,,,,"MolGlyph 1.1.1 (BioMiner git 17c6161, molglyph_large)",0.12640419974923134
uob,maybridge-0320-385793544,CC(C)(C)OC(=O)NCc1ccsc1Br,,,,"MolGlyph 1.1.1 (BioMiner git 17c6161, molglyph_large)",0.14707269333302975
uob,maybridge-0320-618408186,CCOC(=O)c1cc(-c2ccc(Br)s2)on1,,,,"MolGlyph 1.1.1 (BioMiner git 17c6161, molglyph_large)",0.16740205138921738
uob,maybridge-0320-669181338,CCOC(=O)C(=O)c1ccc(Br)s1,,,,"MolGlyph 1.1.1 (BioMiner git 17c6161, molglyph_large)",0.14262591861188412
uob,maybridge-0320-697438713,Nc1nc(-c2ccc(Br)s2)cs1,,,,"MolGlyph 1.1.1 (BioMiner git 17c6161, molglyph_large)",0.13245579972863197
uob,maybridge-0320-706483671,CC(C)(C)OC(=O)NCc1ccc(Br)s1,,,,"MolGlyph 1.1.1 (BioMiner git 17c6161, molglyph_large)",0.1563341747969389
uob,maybridge-0321-1052787504,Cc1noc(C)c1I,,,,"MolGlyph 1.1.1 (BioMiner git 17c6161, molglyph_large)",0.08834562078118324
uob,maybridge-0321-1057271825,Cc1oncc1I,,,,"MolGlyph 1.1.1 (BioMiner git 17c6161, molglyph_large)",0.07312918826937675
uob,maybridge-0321-166794868,Cc1nc(C)c(Br)s1,,,,"MolGlyph 1.1.1 (BioMiner git 17c6161, molglyph_large)",0.09792730025947094
uob,maybridge-0321-25193984,Cc1nc(Br)sc1C(=O)O,,,,"MolGlyph 1.1.1 (BioMiner git 17c6161, molglyph_large)",0.11317306384444237
uob,maybridge-0321-301389714,Cc1noc(-c2ccccc2)c1I,,,,"MolGlyph 1.1.1 (BioMiner git 17c6161, molglyph_large)",0.12720454670488834
uob,maybridge-0321-36204713,Cc1onc(N)c1Br,,,,"MolGlyph 1.1.1 (BioMiner git 17c6161, molglyph_large)",0.08866219408810139
uob,maybridge-0321-375073057,Cc1nc(NC(=N)N)sc1Br,,,,"MolGlyph 1.1.1 (BioMiner git 17c6161, molglyph_large)",0.11749820038676262
uob,maybridge-0321-584561673,O=S(=O)(Cl)c1c(Cl)sc(Cl)c1Br,,,,"MolGlyph 1.1.1 (BioMiner git 17c6161, molglyph_large)",0.147251158952713
uob,maybridge-0321-603591222,Cc1nc(-c2ccccc2)c(Br)s1,,,,"MolGlyph 1.1.1 (BioMiner git 17c6161, molglyph_large)",0.1371110137552023
uob,maybridge-0321-694325095,Brc1nccs1,,,,"MolGlyph 1.1.1 (BioMiner git 17c6161, molglyph_large)",0.06887845136225224
uob,maybridge-0321-837537578,CCOC(=O)c1sc(Br)nc1C,,,,"MolGlyph 1.1.1 (BioMiner git 17c6161, molglyph_large)",0.12332835234701633
uob,maybridge-0321-959939090,Cc1onc(-c2ccccc2)c1C,,,,"MolGlyph 1.1.1 (BioMiner git 17c6161, molglyph_large)",0.1274467669427395
uob,maybridge-0322-144624076,Brc1nncs1,,,,"MolGlyph 1.1.1 (BioMiner git 17c6161, molglyph_large)",0.06860298849642277
uob,maybridge-0322-175582061,CCc1cccc(Br)c1,,,,"MolGlyph 1.1.1 (BioMiner git 17c6161, molglyph_large)",0.09323081001639366
uob,maybridge-0322-523425304,CC(C1=C(Br)SC(N)=N1)(C)C.Br,,,,"MolGlyph 1.1.1 (BioMiner git 17c6161, molglyph_large)",0.15139552764594555
uob,maybridge-0322-531838664,NC(=O)c1ccccc1Br,,,,"MolGlyph 1.1.1 (BioMiner git 17c6161, molglyph_large)",0.10268528759479523
uob,maybridge-0322-675546518,N#Cc1ccccc1Br,,,,"MolGlyph 1.1.1 (BioMiner git 17c6161, molglyph_large)",0.08826443739235401
uob,maybridge-0322-834014150,Brc1sc(-c2ccccc2)nc1-c1ccccc1,,,,"MolGlyph 1.1.1 (BioMiner git 17c6161, molglyph_large)",0.16552203707396984
uob,maybridge-0322-835207384,Cc1ccc(O)c(Br)c1,,,,"MolGlyph 1.1.1 (BioMiner git 17c6161, molglyph_large)",0.10358848050236702
uob,maybridge-0322-86341473,Cc1nc(-c2ccc(C(F)(F)F)cc2)sc1Br,,,,"MolGlyph 1.1.1 (BioMiner git 17c6161, molglyph_large)",0.1759168617427349
uob,maybridge-0322-919371677,Nc1ccc(Br)cc1N,,,,"MolGlyph 1.1.1 (BioMiner git 17c6161, molglyph_large)",0.09293080866336823
uob,maybridge-0322-942906716,O=C=Nc1ccccc1Br,,,,"MolGlyph 1.1.1 (BioMiner git 17c6161, molglyph_large)",0.09734264388680458
uob,maybridge-0322-944283485,Cc1nc(-c2ccccc2)sc1Br,,,,"MolGlyph 1.1.1 (BioMiner git 17c6161, molglyph_large)",0.12633242458105087
uob,maybridge-0322-986711119,Nc1nnc(Br)s1,,,,"MolGlyph 1.1.1 (BioMiner git 17c6161, molglyph_large)",0.08460059203207493
uob,maybridge-0323-252389253,OB(O)c1ccc(Br)cc1,,,,"MolGlyph 1.1.1 (BioMiner git 17c6161, molglyph_large)",0.10833748057484627
uob,maybridge-0323-262515291,Nc1ccc(Br)cc1C(=O)O,,,,"MolGlyph 1.1.1 (BioMiner git 17c6161, molglyph_large)",0.11729450337588787
uob,maybridge-0323-319080260,Nc1c(Br)cccc1C(=O)O,,,,"MolGlyph 1.1.1 (BioMiner git 17c6161, molglyph_large)",0.11693604104220867
uob,maybridge-0323-329302251,[N+](c1cc(Br)ccc1N)(=O)[O-],,,,"MolGlyph 1.1.1 (BioMiner git 17c6161, molglyph_large)",0.15595800802111626
uob,maybridge-0323-435381276,S=C=Nc1ccccc1Br,,,,"MolGlyph 1.1.1 (BioMiner git 17c6161, molglyph_large)",0.09733005985617638
uob,maybridge-0323-465869319,O=C(CO)c1ccc(Br)cc1,,,,"MolGlyph 1.1.1 (BioMiner git 17c6161, molglyph_large)",0.11758817918598652
uob,maybridge-0323-629209659,OCCc1ccc(Br)cc1,,,,"MolGlyph 1.1.1 (BioMiner git 17c6161, molglyph_large)",0.09849708154797554
uob,maybridge-0323-723442438,OB(O)c1cccc(Br)c1,,,,"MolGlyph 1.1.1 (BioMiner git 17c6161, molglyph_large)",0.10767482407391071
uob,maybridge-0323-772208140,S=C=Nc1cccc(Br)c1,,,,"MolGlyph 1.1.1 (BioMiner git 17c6161, molglyph_large)",0.10792185179889202
uob,maybridge-0323-797240666,O=C(O)Cc1ccc(Br)cc1,,,,"MolGlyph 1.1.1 (BioMiner git 17c6161, molglyph_large)",0.11723603121936321
uob,maybridge-0323-888092016,Cc1cc(Br)cc(N)c1N,,,,"MolGlyph 1.1.1 (BioMiner git 17c6161, molglyph_large)",0.10786980018019676
uob,maybridge-0323-945494274,Cc1c(Br)cc(N)c(N)c1C,,,,"MolGlyph 1.1.1 (BioMiner git 17c6161, molglyph_large)",0.1225903369486332
uob,maybridge-0324-1037377689,FC(F)Oc1ccc(Br)cc1,,,,"MolGlyph 1.1.1 (BioMiner git 17c6161, molglyph_large)",0.11227974854409695
uob,maybridge-0324-10412441,Cc1cc(Br)cc(Cl)c1O,,,,"MolGlyph 1.1.1 (BioMiner git 17c6161, molglyph_large)",0.10776163637638092
uob,maybridge-0324-1051839262,Brc1cccc(-c2ccno2)c1,,,,"MolGlyph 1.1.1 (BioMiner git 17c6161, molglyph_large)",0.12218751944601536
uob,maybridge-0324-1072644583,Brc1cccc(-n2cccc2)c1,,,,"MolGlyph 1.1.1 (BioMiner git 17c6161, molglyph_large)",0.1218818724155426
uob,maybridge-0324-116719815,Brc1ccc(-c2ccco2)cc1,,,,"MolGlyph 1.1.1 (BioMiner git 17c6161, molglyph_large)",0.12398497574031353
uob,maybridge-0324-471198831,Brc1cccc(-n2cccn2)c1,,,,"MolGlyph 1.1.1 (BioMiner git 17c6161, molglyph_large)",0.12242498621344566
uob,maybridge-0324-497852363,Brc1ccccc1-n1cccc1,,,,"MolGlyph 1.1.1 (BioMiner git 17c6161, molglyph_large)",0.1120916549116373
uob,maybridge-0324-641363805,Brc1ccc(-c2ccno2)cc1,,,,"MolGlyph 1.1.1 (BioMiner git 17c6161, molglyph_large)",0.12208013609051704
uob,maybridge-0324-747891653,Brc1cccc(-c2cc[nH]n2)c1,,,,"MolGlyph 1.1.1 (BioMiner git 17c6161, molglyph_large)",0.14470261335372925
uob,maybridge-0324-758864680,Brc1ccccc1-n1cccn1,,,,"MolGlyph 1.1.1 (BioMiner git 17c6161, molglyph_large)",0.1124412752687931
uob,maybridge-0324-78202395,Brc1cccc(-c2ccco2)c1,,,,"MolGlyph 1.1.1 (BioMiner git 17c6161, molglyph_large)",0.12354794889688492
uob,maybridge-0324-830465159,Brc1ccccc1-c1ccco1,,,,"MolGlyph 1.1.1 (BioMiner git 17c6161, molglyph_large)",0.11240481026470661
uob,maybridge-0325-1000864137,Brc1ccc(N2CCCC2)cc1,,,,"MolGlyph 1.1.1 (BioMiner git 17c6161, molglyph_large)",0.11741408705711365
uob,maybridge-0325-106337158,[N+](c1cc(C)cc(Br)c1N)(=O)[O-],,,,"MolGlyph 1.1.1 (BioMiner git 17c6161, molglyph_large)",0.1705852672457695
uob,maybridge-0325-1071691034,CCCCCc1ccc(Br)cc1,,,,"MolGlyph 1.1.1 (BioMiner git 17c6161, molglyph_large)",0.1079590693116188
uob,maybridge-0325-142211098,NNc1ccc(I)cc1,,,,"MolGlyph 1.1.1 (BioMiner git 17c6161, molglyph_large)",0.09322175569832325
uob,maybridge-0325-224190062,Brc1cccc(N2CCCC2)c1,,,,"MolGlyph 1.1.1 (BioMiner git 17c6161, molglyph_large)",0.11776593886315823
uob,maybridge-0325-247831899,Brc1cccc(-c2cnco2)c1,,,,"MolGlyph 1.1.1 (BioMiner git 17c6161, molglyph_large)",0.12237045168876648
uob,maybridge-0325-304610043,Brc1ccc(-c2cnco2)cc1,,,,"MolGlyph 1.1.1 (BioMiner git 17c6161, molglyph_large)",0.1225719191133976
uob,maybridge-0325-645454291,NS(=O)(=O)c1ccccc1Br,,,,"MolGlyph 1.1.1 (BioMiner git 17c6161, molglyph_large)",0.12265458889305592
uob,maybridge-0325-679907946,NS(=O)(=O)c1cccc(Br)c1,,,,"MolGlyph 1.1.1 (BioMiner git 17c6161, molglyph_large)",0.13170433603227139
uob,maybridge-0325-719996608,Brc1ccccc1-c1cnco1,,,,"MolGlyph 1.1.1 (BioMiner git 17c6161, molglyph_large)",0.11225881986320019
uob,maybridge-0325-721645995,Cc1cc(I)ccc1N,,,,"MolGlyph 1.1.1 (BioMiner git 17c6161, molglyph_large)",0.09385934844613075
uob,maybridge-0325-869636205,COc1cc(Br)cc(C=O)c1O,,,,"MolGlyph 1.1.1 (BioMiner git 17c6161, molglyph_large)",0.1221763901412487
uob,maybridge-0326-106377056,Brc1cccc(Cn2ccnc2)c1,,,,"MolGlyph 1.1.1 (BioMiner git 17c6161, molglyph_large)",0.12198438867926598
uob,maybridge-0326-184642233,Cc1nc(-c2cccc(Br)c2)no1,,,,"MolGlyph 1.1.1 (BioMiner git 17c6161, molglyph_large)",0.1365384440869093
uob,maybridge-0326-406651339,Cc1noc(-c2cccc(Br)c2)n1,,,,"MolGlyph 1.1.1 (BioMiner git 17c6161, molglyph_large)",0.13729102909564972
uob,maybridge-0326-464760832,Brc1ccc(Cn2ccnc2)cc1,,,,"MolGlyph 1.1.1 (BioMiner git 17c6161, molglyph_large)",0.12369679473340511
uob,maybridge-0326-566290250,Brc1ccc(-c2cccs2)cc1,,,,"MolGlyph 1.1.1 (BioMiner git 17c6161, molglyph_large)",0.12202368676662445
uob,maybridge-0326-617131664,Cc1noc(-c2ccc(Br)cc2)n1,,,,"MolGlyph 1.1.1 (BioMiner git 17c6161, molglyph_large)",0.13730734772980213
uob,maybridge-0326-717166326,Cc1nc(-c2ccccc2Br)no1,,,,"MolGlyph 1.1.1 (BioMiner git 17c6161, molglyph_large)",0.1306857205927372
uob,maybridge-0326-778645636,Brc1ccccc1-c1cccs1,,,,"MolGlyph 1.1.1 (BioMiner git 17c6161, molglyph_large)",0.11292225681245327
uob,maybridge-0326-853191605,Nc1ccc(C(F)(F)F)cc1Br,,,,"MolGlyph 1.1.1 (BioMiner git 17c6161, molglyph_large)",0.12759606540203094
uob,maybridge-0326-890723510,Cc1noc(-c2ccccc2Br)n1,,,,"MolGlyph 1.1.1 (BioMiner git 17c6161, molglyph_large)",0.12777011469006538
uob,maybridge-0326-952023665,Cc1nc(-c2ccc(Br)cc2)no1,,,,"MolGlyph 1.1.1 (BioMiner git 17c6161, molglyph_large)",0.13837720081210136
uob,maybridge-0327-1036585426,COC(=O)c1cc(OC)ccc1Br,,,,"MolGlyph 1.1.1 (BioMiner git 17c6161, molglyph_large)",0.13048848882317543
uob,maybridge-0327-18415141,Nc1ccc(Br)c(Cl)c1Cl,,,,"MolGlyph 1.1.1 (BioMiner git 17c6161, molglyph_large)",0.13360039703547955
uob,maybridge-0327-269924742,CN(C)CCOc1ccc(Br)cc1,,,,"MolGlyph 1.1.1 (BioMiner git 17c6161, molglyph_large)",0.15037710219621658
uob,maybridge-0327-273240655,Brc1cccc(N2CCCCC2)c1,,,,"MolGlyph 1.1.1 (BioMiner git 17c6161, molglyph_large)",0.1398125533014536
uob,maybridge-0327-611438460,O=CNc1ccccc1I,,,,"MolGlyph 1.1.1 (BioMiner git 17c6161, molglyph_large)",0.09297733381390572
uob,maybridge-0327-670151471,O=C(O)CCCc1ccc(Br)cc1,,,,"MolGlyph 1.1.1 (BioMiner git 17c6161, molglyph_large)",0.12919536419212818
uob,maybridge-0327-78252488,CCCCCCc1ccc(Br)cc1,,,,"MolGlyph 1.1.1 (BioMiner git 17c6161, molglyph_large)",0.11321437172591686
uob,maybridge-0327-829711328,Brc1ccc(N2CCCCC2)cc1,,,,"MolGlyph 1.1.1 (BioMiner git 17c6161, molglyph_large)",0.12267639487981796
uob,maybridge-0327-891757172,Brc1cccc(N2CCOCC2)c1,,,,"MolGlyph 1.1.1 (BioMiner git 17c6161, molglyph_large)",0.1224302276968956
uob,maybridge-0327-929961509,Brc1ccc(-c2csnn2)cc1,,,,"MolGlyph 1.1.1 (BioMiner git 17c6161, molglyph_large)",0.12190983816981316
uob,maybridge-0327-984914189,FC(F)(F)Oc1ccc(Br)cc1,,,,"MolGlyph 1.1.1 (BioMiner git 17c6161, molglyph_large)",0.12824749760329723
uob,maybridge-0327-993110564,COc1ccc(Br)c(C(=O)NN)c1,,,,"MolGlyph 1.1.1 (BioMiner git 17c6161, molglyph_large)",0.13819837756454945
uob,maybridge-0328-24113526,OCc1cc(O)ccc1I,,,,"MolGlyph 1.1.1 (BioMiner git 17c6161, molglyph_large)",0.09947402030229568
uob,maybridge-0328-276430921,O=CC1C=C(O)C(I)=CC=1,,,,"MolGlyph 1.1.1 (BioMiner git 17c6161, molglyph_large)",0.12635968811810017
uob,maybridge-0328-28980093,O=C(O)c1ccccc1I,,,,"MolGlyph 1.1.1 (BioMiner git 17c6161, molglyph_large)",0.10293634794652462
uob,maybridge-0328-338732060,Cc1nccc(-c2cccc(Br)c2)n1,,,,"MolGlyph 1.1.1 (BioMiner git 17c6161, molglyph_large)",0.14202484674751759
uob,maybridge-0328-373544081,Brc1ccc(Oc2ccccn2)cc1,,,,"MolGlyph 1.1.1 (BioMiner git 17c6161, molglyph_large)",0.12712175399065018
uob,maybridge-0328-383945655,OB(O)c1ccc(I)cc1,,,,"MolGlyph 1.1.1 (BioMiner git 17c6161, molglyph_large)",0.10765189491212368
uob,maybridge-0328-454652823,OB(O)c1cccc(I)c1,,,,"MolGlyph 1.1.1 (BioMiner git 17c6161, molglyph_large)",0.10792105831205845
uob,maybridge-0328-529125519,COc1ccc(Br)c(C(=O)Cl)c1,,,,"MolGlyph 1.1.1 (BioMiner git 17c6161, molglyph_large)",0.13279868476092815
uob,maybridge-0328-635953536,Cc1cc(I)cc(C)c1O,,,,"MolGlyph 1.1.1 (BioMiner git 17c6161, molglyph_large)",0.10774067603051662
uob,maybridge-0328-647581740,OCc1ccc(I)c(O)c1,,,,"MolGlyph 1.1.1 (BioMiner git 17c6161, molglyph_large)",0.1089597437530756
uob,maybridge-0328-917168718,Brc1cccc(Oc2ccccn2)c1,,,,"MolGlyph 1.1.1 (BioMiner git 17c6161, molglyph_large)",0.12662612460553646
uob,maybridge-0328-91853377,O=Cc1cc(O)ccc1I,,,,"MolGlyph 1.1.1 (BioMiner git 17c6161, molglyph_large)",0.10192275233566761
uob,maybridge-0329-1003428538,O=S(=O)(Cl)c1ccccc1Br,,,,"MolGlyph 1.1.1 (BioMiner git 17c6161, molglyph_large)",0.12243636883795261
uob,maybridge-0329-1008004420,Nc1ccc(I)cc1Cl,,,,"MolGlyph 1.1.1 (BioMiner git 17c6161, molglyph_large)",0.09339859895408154
uob,maybridge-0329-121864356,Nc1cc(C(F)(F)F)cc(Br)c1N,,,,"MolGlyph 1.1.1 (BioMiner git 17c6161, molglyph_large)",0.14253884926438332
uob,maybridge-0329-169543561,Nc1ccc(Br)cc1OC(F)(F)F,,,,"MolGlyph 1.1.1 (BioMiner git 17c6161, molglyph_large)",0.13257654011249542
uob,maybridge-0329-310481102,Nc1ccc(OC(F)(F)F)cc1Br,,,,"MolGlyph 1.1.1 (BioMiner git 17c6161, molglyph_large)",0.13205499947071075
uob,maybridge-0329-345334381,CCCCCCCc1ccc(Br)cc1,,,,"MolGlyph 1.1.1 (BioMiner git 17c6161, molglyph_large)",0.11743341200053692
uob,maybridge-0329-508135493,Cc1nc(-c2cccc(Br)c2)cs1,,,,"MolGlyph 1.1.1 (BioMiner git 17c6161, molglyph_large)",0.13683580793440342
uob,maybridge-0329-523367834,O=S(=O)(Cl)c1cccc(Br)c1,,,,"MolGlyph 1.1.1 (BioMiner git 17c6161, molglyph_large)",0.13189102336764336
uob,maybridge-0329-589672821,O=C(O)CCC(=O)c1ccc(Br)cc1,,,,"MolGlyph 1.1.1 (BioMiner git 17c6161, molglyph_large)",0.14679679088294506
uob,maybridge-0329-622683376,COc1ccc(Br)c(C(=O)CC#N)c1,,,,"MolGlyph 1.1.1 (BioMiner git 17c6161, molglyph_large)",0.14658463560044765
uob,maybridge-0329-649077321,Fc1ccc(-c2ccccc2)cc1Br,,,,"MolGlyph 1.1.1 (BioMiner git 17c6161, molglyph_large)",0.13208374753594398
uob,maybridge-0329-803666269,Cc1nc(-c2ccc(Br)cc2)cs1,,,,"MolGlyph 1.1.1 (BioMiner git 17c6161, molglyph_large)",0.13721554912626743
uob,maybridge-0330-104073423,Brc1cccc(COc2ccccc2)c1,,,,"MolGlyph 1.1.1 (BioMiner git 17c6161, molglyph_large)",0.13189751282334328
uob,maybridge-0330-16799270,CCCCCCCCCc1ccc(Br)cc1,,,,"MolGlyph 1.1.1 (BioMiner git 17c6161, molglyph_large)",0.12730560265481472
uob,maybridge-0330-185809195,N#Cc1cc(Br)cc(Br)c1,,,,"MolGlyph 1.1.1 (BioMiner git 17c6161, molglyph_large)",0.11243448406457901
uob,maybridge-0330-209742724,O=S(=O)(Cl)Cc1cccc(Br)c1,,,,"MolGlyph 1.1.1 (BioMiner git 17c6161, molglyph_large)",0.1366276927292347
uob,maybridge-0330-299960104,Brc1ccc(CN2CCCNCC2)cc1,,,,"MolGlyph 1.1.1 (BioMiner git 17c6161, molglyph_large)",0.13181156292557716
uob,maybridge-0330-34554344,Cc1ccc(Oc2ccc(Br)cc2)nn1,,,,"MolGlyph 1.1.1 (BioMiner git 17c6161, molglyph_large)",0.14133824780583382
uob,maybridge-0330-346781856,O=S(=O)(Cl)Cc1ccccc1Br,,,,"MolGlyph 1.1.1 (BioMiner git 17c6161, molglyph_large)",0.12682155519723892
uob,maybridge-0330-5203650,Brc1ccccc1COc1ccccc1,,,,"MolGlyph 1.1.1 (BioMiner git 17c6161, molglyph_large)",0.12209663912653923
uob,maybridge-0330-569620462,Cc1c(Br)cc(C(=O)Cl)c(C)c1C,,,,"MolGlyph 1.1.1 (BioMiner git 17c6161, molglyph_large)",0.14813225343823433
uob,maybridge-0330-77068105,CCCCCCOc1ccc(Br)cc1,,,,"MolGlyph 1.1.1 (BioMiner git 17c6161, molglyph_large)",0.1171429269015789
uob,maybridge-0330-838952308,O=C(O)c1ccc(I)c(O)c1,,,,"MolGlyph 1.1.1 (BioMiner git 17c6161, molglyph_large)",0.12652337923645973
uob,maybridge-0330-953652033,CC(C)(C)c1ccc(I)cc1,,,,"MolGlyph 1.1.1 (BioMiner git 17c6161, molglyph_large)",0.12190059944987297
uob,maybridge-0331-18882029,Ic1ccc(-c2ccno2)cc1,,,,"MolGlyph 1.1.1 (BioMiner git 17c6161, molglyph_large)",0.12215331569314003
uob,maybridge-0331-207862167,O=S(=O)(Cl)Cc1ccc(Br)cc1,,,,"MolGlyph 1.1.1 (BioMiner git 17c6161, molglyph_large)",0.13612804375588894
uob,maybridge-0331-208594373,Ic1ccc(-n2cccn2)cc1,,,,"MolGlyph 1.1.1 (BioMiner git 17c6161, molglyph_large)",0.12462872639298439
uob,maybridge-0331-229125298,FC(F)(F)Oc1cc(Br)ccc1S,,,,"MolGlyph 1.1.1 (BioMiner git 17c6161, molglyph_large)",0.13156979344785213
uob,maybridge-0331-246464683,Cc1c(Br)cc(Br)c(N)c1C,,,,"MolGlyph 1.1.1 (BioMiner git 17c6161, molglyph_large)",0.1229341309517622
uob,maybridge-0331-469684410,Cc1cc(Br)ccc1S(=O)(=O)Cl,,,,"MolGlyph 1.1.1 (BioMiner git 17c6161, molglyph_large)",0.13646932318806648
uob,maybridge-0331-600294307,Nc1c(Cl)cc(C(F)(F)F)cc1Br,,,,"MolGlyph 1.1.1 (BioMiner git 17c6161, molglyph_large)",0.14168339408934116
uob,maybridge-0331-737007479,FC(F)(F)c1ccc(I)cc1,,,,"MolGlyph 1.1.1 (BioMiner git 17c6161, molglyph_large)",0.12196135707199574
uob,maybridge-0331-774777211,CN1CCCN(Cc2ccc(Br)cc2)CC1,,,,"MolGlyph 1.1.1 (BioMiner git 17c6161, molglyph_large)",0.146809758618474
uob,maybridge-0331-793084326,CCc1cc(Br)ccc1S(=O)(=O)Cl,,,,"MolGlyph 1.1.1 (BioMiner git 17c6161, molglyph_large)",0.14138159155845642
uob,maybridge-0331-886170971,CC(=O)Nc1ccc(C(F)(F)F)cc1Br,,,,"MolGlyph 1.1.1 (BioMiner git 17c6161, molglyph_large)",0.1559811346232891
uob,maybridge-0331-979692433,COc1cc(I)c(OC)cc1C,,,,"MolGlyph 1.1.1 (BioMiner git 17c6161, molglyph_large)",0.1177174523472786
uob,maybridge-0332-1021871651,Ic1ccc(Cn2cccn2)cc1,,,,"MolGlyph 1.1.1 (BioMiner git 17c6161, molglyph_large)",0.12196163274347782
uob,maybridge-0332-1033820399,Ic1ccc(Cn2cncn2)cc1,,,,"MolGlyph 1.1.1 (BioMiner git 17c6161, molglyph_large)",0.12173769809305668
uob,maybridge-0332-144731581,Brc1cccc(OCCN2CCOCC2)c1,,,,"MolGlyph 1.1.1 (BioMiner git 17c6161, molglyph_large)",0.13619135692715645
uob,maybridge-0332-156700983,CC(C)(C)OC(=O)NCc1ccccc1Br,,,,"MolGlyph 1.1.1 (BioMiner git 17c6161, molglyph_large)",0.1529180370271206
uob,maybridge-0332-339814619,[N+](c1cc(C(F)(F)F)cc(Br)c1N)(=O)[O-],,,,"MolGlyph 1.1.1 (BioMiner git 17c6161, molglyph_large)",0.20460924319922924
uob,maybridge-0332-6435594,COc1ccc(Br)cc1S(=O)(=O)Cl,,,,"MolGlyph 1.1.1 (BioMiner git 17c6161, molglyph_large)",0.14192797429859638
uob,maybridge-0332-685238474,Ic1cccc(Cn2cncn2)c1,,,,"MolGlyph 1.1.1 (BioMiner git 17c6161, molglyph_large)",0.122218431904912
uob,maybridge-0332-735969649,Ic1ccccc1Cn1cncn1,,,,"MolGlyph 1.1.1 (BioMiner git 17c6161, molglyph_large)",0.11273620836436749
uob,maybridge-0332-863281608,Brc1ccccc1OCCN1CCOCC1,,,,"MolGlyph 1.1.1 (BioMiner git 17c6161, molglyph_large)",0.12695720419287682
uob,maybridge-0332-957252805,Ic1cccc(CN2CCCC2)c1,,,,"MolGlyph 1.1.1 (BioMiner git 17c6161, molglyph_large)",0.12263756059110165
uob,maybridge-0332-983669270,Brc1ccc(OCCN2CCOCC2)cc1,,,,"MolGlyph 1.1.1 (BioMiner git 17c6161, molglyph_large)",0.13688862696290016
uob,maybridge-0332-994818721,Ic1cccc(Cn2cccn2)c1,,,,"MolGlyph 1.1.1 (BioMiner git 17c6161, molglyph_large)",0.12457559071481228
uob,maybridge-0333-1006312067,Cc1c(C(=O)O)nnn1Cc1ccc(Br)cc1,,,,"MolGlyph 1.1.1 (BioMiner git 17c6161, molglyph_large)",0.16668935678899288
uob,maybridge-0333-131385723,FC(F)(F)Oc1ccc(I)cc1,,,,"MolGlyph 1.1.1 (BioMiner git 17c6161, molglyph_large)",0.12729383073747158
uob,maybridge-0333-132163638,O=Cc1cccn1-c1ccc(I)cc1,,,,"MolGlyph 1.1.1 (BioMiner git 17c6161, molglyph_large)",0.14264948293566704
uob,maybridge-0333-316455076,Nc1c(Br)cc(Br)cc1C(=O)O,,,,"MolGlyph 1.1.1 (BioMiner git 17c6161, molglyph_large)",0.1327508520334959
uob,maybridge-0333-348873958,Ic1ccc(CN2CCCC2)cc1,,,,"MolGlyph 1.1.1 (BioMiner git 17c6161, molglyph_large)",0.1237207893282175
uob,maybridge-0333-610366605,CC(=O)Nc1ccc(Br)cc1OC(F)(F)F,,,,"MolGlyph 1.1.1 (BioMiner git 17c6161, molglyph_large)",0.16219431906938553
uob,maybridge-0333-77293688,Ic1ccc(N2CCOCC2)cc1,,,,"MolGlyph 1.1.1 (BioMiner git 17c6161, molglyph_large)",0.12604407966136932
uob,maybridge-0333-812072061,COc1cc(I)c(OC)cc1Cl,,,,"MolGlyph 1.1.1 (BioMiner git 17c6161, molglyph_large)",0.11708996817469597
uob,maybridge-0333-871662531,O=C(O)c1cccc(I)c1C(=O)O,,,,"MolGlyph 1.1.1 (BioMiner git 17c6161, molglyph_large)",0.1413581222295761
uob,maybridge-0333-897172590,Fc1cc(Br)ccc1CN1CCCNCC1,,,,"MolGlyph 1.1.1 (BioMiner git 17c6161, molglyph_large)",0.1370484959334135
uob,maybridge-0333-991347213,Cc1cc(Br)c(N)cc1OCc1ccccc1,,,,"MolGlyph 1.1.1 (BioMiner git 17c6161, molglyph_large)",0.15165609493851662
uob,maybridge-0334-275847391,Ic1ccc(CN2CCOCC2)cc1,,,,"MolGlyph 1.1.1 (BioMiner git 17c6161, molglyph_large)",0.1290725003927946
uob,maybridge-0334-333602680,CN1CCN(Cc2ccccc2I)CC1,,,,"MolGlyph 1.1.1 (BioMiner git 17c6161, molglyph_large)",0.13278623670339584
uob,maybridge-0334-403931774,CN1CCN(Cc2cccc(I)c2)CC1,,,,"MolGlyph 1.1.1 (BioMiner git 17c6161, molglyph_large)",0.14126012288033962
uob,maybridge-0334-433095864,FC(F)(F)c1ccc(N2CCOCC2)c(Br)c1,,,,"MolGlyph 1.1.1 (BioMiner git 17c6161, molglyph_large)",0.17150692269206047
uob,maybridge-0334-436899012,Ic1ccc(CN2CCCCC2)cc1,,,,"MolGlyph 1.1.1 (BioMiner git 17c6161, molglyph_large)",0.12792497128248215
uob,maybridge-0334-451684134,O=S(=O)(Cl)c1ccccc1I,,,,"MolGlyph 1.1.1 (BioMiner git 17c6161, molglyph_large)",0.1232741829007864
uob,maybridge-0334-473591275,Nc1cc(C(F)(F)F)c(C(F)(F)F)cc1Br,,,,"MolGlyph 1.1.1 (BioMiner git 17c6161, molglyph_large)",0.17622300796210766
uob,maybridge-0334-492851549,Ic1cccc(CN2CCCCC2)c1,,,,"MolGlyph 1.1.1 (BioMiner git 17c6161, molglyph_large)",0.1267793495208025
uob,maybridge-0334-870540493,CCOC(=O)CNc1ccc(I)cc1,,,,"MolGlyph 1.1.1 (BioMiner git 17c6161, molglyph_large)",0.13262354768812656
uob,maybridge-0334-960095236,Ic1cccc(CN2CCOCC2)c1,,,,"MolGlyph 1.1.1 (BioMiner git 17c6161, molglyph_large)",0.12691693753004074
uob,maybridge-0334-982130399,Ic1ccccc1CN1CCOCC1,,,,"MolGlyph 1.1.1 (BioMiner git 17c6161, molglyph_large)",0.11754268035292625
uob,maybridge-0335-1004254472,O=S(=O)(Cl)c1ccc(Br)cc1C(F)(F)F,,,,"MolGlyph 1.1.1 (BioMiner git 17c6161, molglyph_large)",0.16987250000238419
uob,maybridge-0335-1007659449,Nc1c(Br)cc(Br)cc1C(F)(F)F,,,,"MolGlyph 1.1.1 (BioMiner git 17c6161, molglyph_large)",0.14197823591530323
uob,maybridge-0335-1040133446,CCOC(=O)c1c(-c2ccc(Br)cc2)csc1N,,,,"MolGlyph 1.1.1 (BioMiner git 17c6161, molglyph_large)",0.1761977132409811
uob,maybridge-0335-1861539,O=S(=O)(Cl)c1ccc(Br)cc1OC(F)(F)F,,,,"MolGlyph 1.1.1 (BioMiner git 17c6161, molglyph_large)",0.17636124417185783
uob,maybridge-0335-209412412,Nc1nc(-c2ccc(Br)cc2)cc(C(F)(F)F)n1,,,,"MolGlyph 1.1.1 (BioMiner git 17c6161, molglyph_large)",0.191185487434268
uob,maybridge-0335-298880197,CN1CCN(Cc2ccc(I)cc2)CC1,,,,"MolGlyph 1.1.1 (BioMiner git 17c6161, molglyph_large)",0.14172069169580936
uob,maybridge-0335-604341752,CC(C)[S@]1(Oc2cc(Br)ccc2C1C)C(C)C,,,,"MolGlyph 1.1.1 (BioMiner git 17c6161, molglyph_large)",0.18639028817415237
uob,maybridge-0335-804861894,FC(F)(F)c1cc(Cl)c(I)c(Cl)c1,,,,"MolGlyph 1.1.1 (BioMiner git 17c6161, molglyph_large)",0.1522380616515875
uob,maybridge-0335-843917583,O=C(O)c1cc(-c2ccc(Br)cc2)oc1C(F)(F)F,,,,"MolGlyph 1.1.1 (BioMiner git 17c6161, molglyph_large)",0.2007244937121868
uob,maybridge-0335-865316697,O=C(O)c1cc(Br)c(C(=O)O)cc1Br,,,,"MolGlyph 1.1.1 (BioMiner git 17c6161, molglyph_large)",0.1567847803235054
uob,maybridge-0336-205463776,CC(C)(C)OC(=O)N1CCN(Cc2cccc(I)c2)CC1,,,,"MolGlyph 1.1.1 (BioMiner git 17c6161, molglyph_large)",0.20560675486922264
uob,maybridge-0336-232018004,Cc1cc(I)c(C)cc1I,,,,"MolGlyph 1.1.1 (BioMiner git 17c6161, molglyph_large)",0.10742566548287868
uob,maybridge-0336-251113851,Brc1ccccn1,,,,"MolGlyph 1.1.1 (BioMiner git 17c6161, molglyph_large)",0.07321415469050407
uob,maybridge-0336-329471491,CCOC(=O)c1cc(I)c(N)c(I)c1,,,,"MolGlyph 1.1.1 (BioMiner git 17c6161, molglyph_large)",0.15230698138475418
uob,maybridge-0336-343521913,CC(C)(C)OC(=O)N1CCN(c2ccc(I)cc2)CC1,,,,"MolGlyph 1.1.1 (BioMiner git 17c6161, molglyph_large)",0.20005438476800919
uob,maybridge-0336-500378938,N#Cc1cncc(Br)c1,,,,"MolGlyph 1.1.1 (BioMiner git 17c6161, molglyph_large)",0.09779869951307774
uob,maybridge-0336-706514476,CC(C)(C)OC(=O)N1CCN(Cc2ccc(Br)cc2)CC1,,,,"MolGlyph 1.1.1 (BioMiner git 17c6161, molglyph_large)",0.20495595410466194
uob,maybridge-0336-813747453,O=Cc1cc(Br)ccc1OC1C2C(CBr)C1N(Cc1ccccc1)C2,,,,"MolGlyph 1.1.1 (BioMiner git 17c6161, molglyph_large)",0.2247520312666893
uob,maybridge-0336-841966834,Cc1cccnc1Br,,,,"MolGlyph 1.1.1 (BioMiner git 17c6161, molglyph_large)",0.07808908633887768
uob,maybridge-0336-85572613,COc1cc(I)c(OC)cc1I,,,,"MolGlyph 1.1.1 (BioMiner git 17c6161, molglyph_large)",0.11669554747641087
uob,maybridge-0336-974027251,O=Cc1cccc(Br)n1,,,,"MolGlyph 1.1.1 (BioMiner git 17c6161, molglyph_large)",0.09798529744148254
uob,maybridge-0337-1018130452,Clc1ncccc1Br,,,,"MolGlyph 1.1.1 (BioMiner git 17c6161, molglyph_large)",0.07864778116345406
uob,maybridge-0337-1057217771,Cc1cnc(N)c(Br)c1,,,,"MolGlyph 1.1.1 (BioMiner git 17c6161, molglyph_large)",0.10295679420232773
uob,maybridge-0337-117211047,Cc1cc(Br)cnc1N,,,,"MolGlyph 1.1.1 (BioMiner git 17c6161, molglyph_large)",0.09322915598750114
uob,maybridge-0337-182627312,Cc1nc(N)ccc1Br,,,,"MolGlyph 1.1.1 (BioMiner git 17c6161, molglyph_large)",0.09313865005970001
uob,maybridge-0337-257844888,CNCc1cccc(Br)n1,,,,"MolGlyph 1.1.1 (BioMiner git 17c6161, molglyph_large)",0.09778237156569958
uob,maybridge-0337-500894699,O=C(O)c1cncc(Br)c1,,,,"MolGlyph 1.1.1 (BioMiner git 17c6161, molglyph_large)",0.11271604523062706
uob,maybridge-0337-633016668,OCc1ccc(Br)cn1,,,,"MolGlyph 1.1.1 (BioMiner git 17c6161, molglyph_large)",0.09458096511662006
uob,maybridge-0337-692995092,O=Cc1ccc(Br)cn1,,,,"MolGlyph 1.1.1 (BioMiner git 17c6161, molglyph_large)",0.09814334847033024
uob,maybridge-0337-759189131,Ic1ccncc1,,,,"MolGlyph 1.1.1 (BioMiner git 17c6161, molglyph_large)",0.07341680862009525
uob,maybridge-0337-842250386,O=C(O)c1ccc(Br)nc1,,,,"MolGlyph 1.1.1 (BioMiner git 17c6161, molglyph_large)",0.1122515331953764
uob,maybridge-0337-854392355,Cc1cnc(Cl)c(Br)c1,,,,"MolGlyph 1.1.1 (BioMiner git 17c6161, molglyph_large)",0.10278992541134357
uob,maybridge-0337-888260109,Cl.BrC1C=CN=CC=1,,,,"MolGlyph 1.1.1 (BioMiner git 17c6161, molglyph_large)",0.09833741746842861
uob,maybridge-0338-123331910,FC(F)(F)c1cccc(Br)n1,,,,"MolGlyph 1.1.1 (BioMiner git 17c6161, molglyph_large)",0.12298814952373505
uob,maybridge-0338-21093380,[N+](c1cc(Br)cnc1O)(=O)[O-],,,,"MolGlyph 1.1.1 (BioMiner git 17c6161, molglyph_large)",0.15711699053645134
uob,maybridge-0338-21276248,Fc1cc(I)ccn1,,,,"MolGlyph 1.1.1 (BioMiner git 17c6161, molglyph_large)",0.08855095691978931
uob,maybridge-0338-216324550,FC(F)(F)c1ccc(Br)nc1,,,,"MolGlyph 1.1.1 (BioMiner git 17c6161, molglyph_large)",0.12213930115103722
uob,maybridge-0338-264205778,O=C(Cl)c1cncc(Br)c1,,,,"MolGlyph 1.1.1 (BioMiner git 17c6161, molglyph_large)",0.112329863011837
uob,maybridge-0338-276804488,Brc1cccc(N2CCCC2)n1,,,,"MolGlyph 1.1.1 (BioMiner git 17c6161, molglyph_large)",0.11724475398659706
uob,maybridge-0338-420469512,Fc1ncccc1I,,,,"MolGlyph 1.1.1 (BioMiner git 17c6161, molglyph_large)",0.0778697244822979
uob,maybridge-0338-649654133,Brc1cccc(N2CCCCC2)n1,,,,"MolGlyph 1.1.1 (BioMiner git 17c6161, molglyph_large)",0.12199603021144867
uob,maybridge-0338-71955489,Brc1cccc(Br)n1,,,,"MolGlyph 1.1.1 (BioMiner git 17c6161, molglyph_large)",0.08815277554094791
uob,maybridge-0338-75659159,Brc1cccc(-n2cccn2)n1,,,,"MolGlyph 1.1.1 (BioMiner git 17c6161, molglyph_large)",0.12156766839325428
uob,maybridge-0338-833423085,COC(=O)c1cncc(Br)c1,,,,"MolGlyph 1.1.1 (BioMiner git 17c6161, molglyph_large)",0.11721055582165718
uob,maybridge-0338-851312087,NNC(=O)c1cncc(Br)c1,,,,"MolGlyph 1.1.1 (BioMiner git 17c6161, molglyph_large)",0.11704398319125175
uob,maybridge-0339-1032395006,Brc1cccc(N2CCOCC2)n1,,,,"MolGlyph 1.1.1 (BioMiner git 17c6161, molglyph_large)",0.12243927456438541
uob,maybridge-0339-1042742731,Nc1ncc(Br)cc1Br,,,,"MolGlyph 1.1.1 (BioMiner git 17c6161, molglyph_large)",0.09297275356948376
uob,maybridge-0339-1321898,O=Cc1cc(Br)cnc1Br,,,,"MolGlyph 1.1.1 (BioMiner git 17c6161, molglyph_large)",0.10301767289638519
uob,maybridge-0339-183007848,Ic1ccc(N2CCOCC2)nc1,,,,"MolGlyph 1.1.1 (BioMiner git 17c6161, molglyph_large)",0.12196909077465534
uob,maybridge-0339-296094172,CCOC(=O)c1nc(-c2cncc(Br)c2)no1,,,,"MolGlyph 1.1.1 (BioMiner git 17c6161, molglyph_large)",0.17045704647898674
uob,maybridge-0339-425754548,CC1(C)OB(c2ccc(Br)nc2)OC1(C)C,,,,"MolGlyph 1.1.1 (BioMiner git 17c6161, molglyph_large)",0.16585005074739456
uob,maybridge-0339-44092676,OB(O)c1cc(Br)cnc1Br,,,,"MolGlyph 1.1.1 (BioMiner git 17c6161, molglyph_large)",0.11283582262694836
uob,maybridge-0339-488209449,Ic1ccc(Oc2ccccc2)nc1,,,,"MolGlyph 1.1.1 (BioMiner git 17c6161, molglyph_large)",0.1270957924425602
uob,maybridge-0339-613908932,O=C(O)c1cc(Br)cnc1Br,,,,"MolGlyph 1.1.1 (BioMiner git 17c6161, molglyph_large)",0.11799769662320614
uob,maybridge-0339-667351865,Brc1ccc(OC2CCOCC2)nc1,,,,"MolGlyph 1.1.1 (BioMiner git 17c6161, molglyph_large)",0.12706405110657215
uob,maybridge-0339-739555398,FC(F)(F)c1cnc(Br)c(Cl)c1,,,,"MolGlyph 1.1.1 (BioMiner git 17c6161, molglyph_large)",0.1366207841783762
uob,maybridge-0339-98658958,Cc1nc(N)c(Br)cc1Br,,,,"MolGlyph 1.1.1 (BioMiner git 17c6161, molglyph_large)",0.10710463486611843
uob,maybridge-0340-156133393,CC(C)(C)OC(=O)N1CCN(c2ccc(I)cn2)CC1,,,,"MolGlyph 1.1.1 (BioMiner git 17c6161, molglyph_large)",0.20035973004996777
uob,maybridge-0340-211040256,N#Cc1cnc(Br)nc1N,,,,"MolGlyph 1.1.1 (BioMiner git 17c6161, molglyph_large)",0.10282811149954796
uob,maybridge-0340-243546293,CSc1ncc(Br)c(C(=O)O)n1,,,,"MolGlyph 1.1.1 (BioMiner git 17c6161, molglyph_large)",0.13120853900909424
uob,maybridge-0340-299085550,O=c1c(Br)c(Br)cnn1-c1ccccc1,,,,"MolGlyph 1.1.1 (BioMiner git 17c6161, molglyph_large)",0.15110853128135204
uob,maybridge-0340-303517002,Brc1ncccn1,,,,"MolGlyph 1.1.1 (BioMiner git 17c6161, molglyph_large)",0.07334413751959801
uob,maybridge-0340-498381595,Nc1cnc(Br)cn1,,,,"MolGlyph 1.1.1 (BioMiner git 17c6161, molglyph_large)",0.08782179281115532
uob,maybridge-0340-521562797,O=S(=O)(c1ccccc1)n1cc(Br)c2ccccc21,,,,"MolGlyph 1.1.1 (BioMiner git 17c6161, molglyph_large)",0.19058840908110142
uob,maybridge-0340-572705761,Brc1ccc(Br)nn1,,,,"MolGlyph 1.1.1 (BioMiner git 17c6161, molglyph_large)",0.0887883547693491
uob,maybridge-0340-923519209,COC(=O)c1ccc2c(I)c[nH]c2c1,,,,"MolGlyph 1.1.1 (BioMiner git 17c6161, molglyph_large)",0.15605134703218937
uob,maybridge-0340-978107627,Nc1ccc(Br)nn1,,,,"MolGlyph 1.1.1 (BioMiner git 17c6161, molglyph_large)",0.08848943188786507
uob,maybridge-0340-982484208,CCSc1nc(O)c(Br)c(N)n1,,,,"MolGlyph 1.1.1 (BioMiner git 17c6161, molglyph_large)",0.12755520641803741
uob,maybridge-0341-167660224,O=Cc1c[nH]c2ccc(Br)cc12,,,,"MolGlyph 1.1.1 (BioMiner git 17c6161, molglyph_large)",0.1377281341701746
uob,maybridge-0341-210040609,O=S(=O)(c1ccccc1)n1ccc2cc(Br)ccc21,,,,"MolGlyph 1.1.1 (BioMiner git 17c6161, molglyph_large)",0.19005447439849377
uob,maybridge-0341-270304958,Cn1ccc2c(Br)cccc21,,,,"MolGlyph 1.1.1 (BioMiner git 17c6161, molglyph_large)",0.11314716748893261
uob,maybridge-0341-321967695,O=Cc1c[nH]c2cc(Br)ccc12,,,,"MolGlyph 1.1.1 (BioMiner git 17c6161, molglyph_large)",0.13738279044628143
uob,maybridge-0341-419518267,Cn1ccc2cc(Br)ccc21,,,,"MolGlyph 1.1.1 (BioMiner git 17c6161, molglyph_large)",0.11347835324704647
uob,maybridge-0341-568634473,O=Cc1c[nH]c2cccc(Br)c12,,,,"MolGlyph 1.1.1 (BioMiner git 17c6161, molglyph_large)",0.13621314987540245
uob,maybridge-0341-647320782,CC(C)(C)OC(=O)n1c(B(O)O)cc2cc(Br)ccc21,,,,"MolGlyph 1.1.1 (BioMiner git 17c6161, molglyph_large)",0.20985295996069908
uob,maybridge-0341-698300868,Brc1cccc2cc[nH]c12,,,,"MolGlyph 1.1.1 (BioMiner git 17c6161, molglyph_large)",0.11290271021425724
uob,maybridge-0341-756672475,Cn1ccc2ccc(Br)cc21,,,,"MolGlyph 1.1.1 (BioMiner git 17c6161, molglyph_large)",0.11239680275321007
uob,maybridge-0341-842905739,CC(C)(C)OC(=O)n1cc(C(=O)O)c2c(Br)cccc21,,,,"MolGlyph 1.1.1 (BioMiner git 17c6161, molglyph_large)",0.2144026029855013
uob,maybridge-0341-937867578,COC(=O)c1ccc2c(I)cn(C(=O)OC(C)(C)C)c2c1,,,,"MolGlyph 1.1.1 (BioMiner git 17c6161, molglyph_large)",0.2194012962281704
uob,maybridge-0342-1038716086,FC(F)(F)c1cc(Br)c2nc[nH]c2c1,,,,"MolGlyph 1.1.1 (BioMiner git 17c6161, molglyph_large)",0.16098559834063053
uob,maybridge-0342-1068109849,CC(C)(C)OC(=O)n1ncc2cc(Br)ccc21,,,,"MolGlyph 1.1.1 (BioMiner git 17c6161, molglyph_large)",0.1758394744247198
uob,maybridge-0342-268801717,CC(C)[Si](C(C)C)(C(C)C)n1ccc2cc(Br)ccc21,,,,"MolGlyph 1.1.1 (BioMiner git 17c6161, molglyph_large)",0.21574730426073074
uob,maybridge-0342-295456069,Brc1ccc2[nH]ncc2c1,,,,"MolGlyph 1.1.1 (BioMiner git 17c6161, molglyph_large)",0.11259417980909348
uob,maybridge-0342-503302289,Brc1cnc2ccccn12,,,,"MolGlyph 1.1.1 (BioMiner git 17c6161, molglyph_large)",0.09839782118797302
uob,maybridge-0342-668707421,CC(C)(C)OC(=O)n1cc(C(=O)O)c2cc(Br)ccc21,,,,"MolGlyph 1.1.1 (BioMiner git 17c6161, molglyph_large)",0.21476629562675953
uob,maybridge-0342-678067638,CC(C)[Si](C(C)C)(C(C)C)n1ccc2c(Br)cccc21,,,,"MolGlyph 1.1.1 (BioMiner git 17c6161, molglyph_large)",0.21512354910373688
uob,maybridge-0342-683044370,Cc1nc2ccccn2c1Br,,,,"MolGlyph 1.1.1 (BioMiner git 17c6161, molglyph_large)",0.10277339071035385
uob,maybridge-0342-722036031,O=C(O)c1n[nH]c2ccc(Br)cc12,,,,"MolGlyph 1.1.1 (BioMiner git 17c6161, molglyph_large)",0.15143918432295322
uob,maybridge-0342-724533582,Brc1nc2ccccc2[nH]1,,,,"MolGlyph 1.1.1 (BioMiner git 17c6161, molglyph_large)",0.11336236633360386
uob,maybridge-0342-725302945,Brc1ccc2[nH]cnc2c1,,,,"MolGlyph 1.1.1 (BioMiner git 17c6161, molglyph_large)",0.11204452067613602
uob,maybridge-0343-1032665252,Brc1ccc2nccn2c1,,,,"MolGlyph 1.1.1 (BioMiner git 17c6161, molglyph_large)",0.09738011285662651
uob,maybridge-0343-434550641,Brc1coc2ccccc12,,,,"MolGlyph 1.1.1 (BioMiner git 17c6161, molglyph_large)",0.0977193582803011
uob,maybridge-0343-523245427,Brc1ccc2occc2c1,,,,"MolGlyph 1.1.1 (BioMiner git 17c6161, molglyph_large)",0.09731659106910229
uob,maybridge-0343-581911592,NCc1cc2cc(Br)ccc2o1,,,,"MolGlyph 1.1.1 (BioMiner git 17c6161, molglyph_large)",0.11682129837572575
uob,maybridge-0343-68197191,CC(=O)c1cc2cc(Br)ccc2o1,,,,"MolGlyph 1.1.1 (BioMiner git 17c6161, molglyph_large)",0.13715721294283867
uob,maybridge-0343-682952130,Brc1cc2ccccc2o1,,,,"MolGlyph 1.1.1 (BioMiner git 17c6161, molglyph_large)",0.09787620976567268
uob,maybridge-0343-683614800,O=C1Nc2c(Br)cccc2C1=O,,,,"MolGlyph 1.1.1 (BioMiner git 17c6161, molglyph_large)",0.1271994225680828
uob,maybridge-0343-691196921,O=Cc1cc2cc(Br)ccc2o1,,,,"MolGlyph 1.1.1 (BioMiner git 17c6161, molglyph_large)",0.1225731335580349
uob,maybridge-0343-700922258,OCc1cc2cc(Br)ccc2o1,,,,"MolGlyph 1.1.1 (BioMiner git 17c6161, molglyph_large)",0.1174099575728178
uob,maybridge-0343-823439987,CC(=O)N1CCc2cc(Br)ccc21,,,,"MolGlyph 1.1.1 (BioMiner git 17c6161, molglyph_large)",0.13644752092659473
uob,maybridge-0343-900065060,O=C1Cc2cc(Br)ccc2N1,,,,"MolGlyph 1.1.1 (BioMiner git 17c6161, molglyph_large)",0.11706522479653358
uob,maybridge-0343-959303545,CN1C(=O)Cc2cc(Br)ccc21,,,,"MolGlyph 1.1.1 (BioMiner git 17c6161, molglyph_large)",0.13196278363466263
uob,maybridge-0344-1000013994,O=C(Cl)c1cc2cc(Br)ccc2o1,,,,"MolGlyph 1.1.1 (BioMiner git 17c6161, molglyph_large)",0.13652710802853107
uob,maybridge-0344-109686051,O=Cc1cc(Br)cc2c1OCC2,,,,"MolGlyph 1.1.1 (BioMiner git 17c6161, molglyph_large)",0.12277530133724213
uob,maybridge-0344-178105105,Brc1ccc2occ(Br)c2c1,,,,"MolGlyph 1.1.1 (BioMiner git 17c6161, molglyph_large)",0.11254049092531204
uob,maybridge-0344-272628161,Brc1ccc2c(c1)CCO2,,,,"MolGlyph 1.1.1 (BioMiner git 17c6161, molglyph_large)",0.10723069496452808
uob,maybridge-0344-453251441,O=C(O)c1cc(Br)cc2c1OCC2,,,,"MolGlyph 1.1.1 (BioMiner git 17c6161, molglyph_large)",0.13679945282638073
uob,maybridge-0344-553283914,ClCc1cc2cc(Br)ccc2o1,,,,"MolGlyph 1.1.1 (BioMiner git 17c6161, molglyph_large)",0.11799348890781403
uob,maybridge-0344-563226346,O=C(CBr)c1cc2cc(Br)ccc2o1,,,,"MolGlyph 1.1.1 (BioMiner git 17c6161, molglyph_large)",0.14294437319040298
uob,maybridge-0344-63293642,OB(O)c1cc(Br)cc2c1OCC2,,,,"MolGlyph 1.1.1 (BioMiner git 17c6161, molglyph_large)",0.13177663832902908
uob,maybridge-0344-792389161,O=C(O)c1cc2cc(Br)ccc2o1,,,,"MolGlyph 1.1.1 (BioMiner git 17c6161, molglyph_large)",0.13681430369615555
uob,maybridge-0344-926370182,CCOC(=O)c1cc2cc(Br)ccc2o1,,,,"MolGlyph 1.1.1 (BioMiner git 17c6161, molglyph_large)",0.14718841388821602
uob,maybridge-0344-967165077,O=C(Cl)c1cc(Br)cc2c1OCC2,,,,"MolGlyph 1.1.1 (BioMiner git 17c6161, molglyph_large)",0.13727950491011143
uob,maybridge-0345-158698897,Brc1cccc2ccsc12,,,,"MolGlyph 1.1.1 (BioMiner git 17c6161, molglyph_large)",0.0976094976067543
uob,maybridge-0345-215914155,NCc1csc2ccc(Br)cc12,,,,"MolGlyph 1.1.1 (BioMiner git 17c6161, molglyph_large)",0.11733012646436691
uob,maybridge-0345-217530116,Brc1ccc2sccc2c1,,,,"MolGlyph 1.1.1 (BioMiner git 17c6161, molglyph_large)",0.09788192808628082
uob,maybridge-0345-245558895,Cc1ccc2sc(Br)cc2c1,,,,"MolGlyph 1.1.1 (BioMiner git 17c6161, molglyph_large)",0.11188957840204239
uob,maybridge-0345-386899638,CC(=O)c1csc2ccc(Br)cc12,,,,"MolGlyph 1.1.1 (BioMiner git 17c6161, molglyph_large)",0.1364241149276495
uob,maybridge-0345-391816594,O=S(=O)(Cl)c1cc(Br)cc2c1OCC2,,,,"MolGlyph 1.1.1 (BioMiner git 17c6161, molglyph_large)",0.1560297440737486
uob,maybridge-0345-534432381,Brc1csc2ccccc12,,,,"MolGlyph 1.1.1 (BioMiner git 17c6161, molglyph_large)",0.09791118651628494
uob,maybridge-0345-541559880,O=Cc1c(Br)sc2ccc(Cl)cc12,,,,"MolGlyph 1.1.1 (BioMiner git 17c6161, molglyph_large)",0.13632101193070412
uob,maybridge-0345-740169902,Brc1cc2ccccc2s1,,,,"MolGlyph 1.1.1 (BioMiner git 17c6161, molglyph_large)",0.09741947427392006
uob,maybridge-0345-77187658,O=C(CBr)c1cc(Br)cc2c1OCC2,,,,"MolGlyph 1.1.1 (BioMiner git 17c6161, molglyph_large)",0.14168036170303822
uob,maybridge-0345-841387038,O=Cc1cc2c(cc1Br)OCO2,,,,"MolGlyph 1.1.1 (BioMiner git 17c6161, molglyph_large)",0.12223539315164089
uob,maybridge-0345-855100222,Brc1cccc2c1OCO2,,,,"MolGlyph 1.1.1 (BioMiner git 17c6161, molglyph_large)",0.09756588190793991
uob,maybridge-0346-1014245456,Brc1ccc2nonc2c1,,,,"MolGlyph 1.1.1 (BioMiner git 17c6161, molglyph_large)",0.09798616543412209
uob,maybridge-0346-1065710465,O=C(O)c1cc2cc(Br)ccc2s1,,,,"MolGlyph 1.1.1 (BioMiner git 17c6161, molglyph_large)",0.13658431358635426
uob,maybridge-0346-13469027,ClCc1csc2ccc(Br)cc12,,,,"MolGlyph 1.1.1 (BioMiner git 17c6161, molglyph_large)",0.11721009574830532
uob,maybridge-0346-341462472,O=C(Cl)c1csc2ccc(Br)cc12,,,,"MolGlyph 1.1.1 (BioMiner git 17c6161, molglyph_large)",0.1366029568016529
uob,maybridge-0346-452066663,Brc1ccc2ncsc2c1,,,,"MolGlyph 1.1.1 (BioMiner git 17c6161, molglyph_large)",0.09773373045027256
uob,maybridge-0346-464932348,Cc1nc2ccc(I)cc2s1,,,,"MolGlyph 1.1.1 (BioMiner git 17c6161, molglyph_large)",0.1120125912129879
uob,maybridge-0346-575014512,Brc1nc2ccccc2s1,,,,"MolGlyph 1.1.1 (BioMiner git 17c6161, molglyph_large)",0.09789535589516163
uob,maybridge-0346-667435114,COC(=O)c1cc2cc(Br)ccc2s1,,,,"MolGlyph 1.1.1 (BioMiner git 17c6161, molglyph_large)",0.14162210375070572
uob,maybridge-0346-689806343,O=C(O)c1csc2ccc(Br)cc12,,,,"MolGlyph 1.1.1 (BioMiner git 17c6161, molglyph_large)",0.13677152432501316
uob,maybridge-0346-984225635,O=C(Cl)c1cc2cc(Br)ccc2s1,,,,"MolGlyph 1.1.1 (BioMiner git 17c6161, molglyph_large)",0.13668187521398067
uob,maybridge-0346-989872963,O=C(CBr)c1csc2ccc(Br)cc12,,,,"MolGlyph 1.1.1 (BioMiner git 17c6161, molglyph_large)",0.14229516126215458
uob,maybridge-0347-1003690931,O=C(Cl)c1sc(Br)c2c1OCCO2,,,,"MolGlyph 1.1.1 (BioMiner git 17c6161, molglyph_large)",0.13796577230095863
uob,maybridge-0347-154532913,Brc1ccc2nsnc2c1,,,,"MolGlyph 1.1.1 (BioMiner git 17c6161, molglyph_large)",0.09768787398934364
uob,maybridge-0347-178066206,N#Cc1sc(Br)c2c1OCCO2,,,,"MolGlyph 1.1.1 (BioMiner git 17c6161, molglyph_large)",0.12217095866799355
uob,maybridge-0347-234443950,Brc1cccc2nsnc12,,,,"MolGlyph 1.1.1 (BioMiner git 17c6161, molglyph_large)",0.09813005477190018
uob,maybridge-0347-374364242,O=C(O)c1sc(Br)c2c1OCCO2,,,,"MolGlyph 1.1.1 (BioMiner git 17c6161, molglyph_large)",0.13663551956415176
uob,maybridge-0347-484067354,Brc1sc(Br)c2c1OCCO2,,,,"MolGlyph 1.1.1 (BioMiner git 17c6161, molglyph_large)",0.11166773363947868
uob,maybridge-0347-600822101,O=Cc1sc(Br)c2c1OCCO2,,,,"MolGlyph 1.1.1 (BioMiner git 17c6161, molglyph_large)",0.12185858562588692
uob,maybridge-0347-612364248,OCc1cccc2cccc(Br)c12,,,,"MolGlyph 1.1.1 (BioMiner git 17c6161, molglyph_large)",0.12241942435503006
uob,maybridge-0347-711107516,Ic1cccc2nsnc12,,,,"MolGlyph 1.1.1 (BioMiner git 17c6161, molglyph_large)",0.09821118786931038
uob,maybridge-0347-712206443,CNCc1sc(Br)c2c1OCCO2,,,,"MolGlyph 1.1.1 (BioMiner git 17c6161, molglyph_large)",0.12250370159745216
uob,maybridge-0348-1005756389,O=C1CCCc2ccc(Br)cc21,,,,"MolGlyph 1.1.1 (BioMiner git 17c6161, molglyph_large)",0.12246410734951496
uob,maybridge-0348-1008437765,O=C(O)c1cccc2cccc(Br)c12,,,,"MolGlyph 1.1.1 (BioMiner git 17c6161, molglyph_large)",0.14196890592575073
uob,maybridge-0348-167595293,COc1ccc2cc(Br)ccc2c1CC#N,,,,"MolGlyph 1.1.1 (BioMiner git 17c6161, molglyph_large)",0.14216679148375988
uob,maybridge-0348-401024038,CC1(C)CCC(C)(C)c2cc(Br)ccc21,,,,"MolGlyph 1.1.1 (BioMiner git 17c6161, molglyph_large)",0.16257528774440289
uob,maybridge-0348-403559498,CCOC(=O)c1cc(C)nc2ccc(Br)cc12,,,,"MolGlyph 1.1.1 (BioMiner git 17c6161, molglyph_large)",0.16692828945815563
uob,maybridge-0348-441128841,Oc1cc(C(F)(F)F)nc2c(Br)cccc12,,,,"MolGlyph 1.1.1 (BioMiner git 17c6161, molglyph_large)",0.1669666077941656
uob,maybridge-0348-451462558,COc1ccc2cc(Br)ccc2c1CCl,,,,"MolGlyph 1.1.1 (BioMiner git 17c6161, molglyph_large)",0.13336216285824776
uob,maybridge-0348-487439979,Brc1cccc2cccnc12,,,,"MolGlyph 1.1.1 (BioMiner git 17c6161, molglyph_large)",0.10276601277291775
uob,maybridge-0348-86897281,Brc1ccc2ncccc2c1,,,,"MolGlyph 1.1.1 (BioMiner git 17c6161, molglyph_large)",0.1020216029137373
uob,maybridge-0348-894702218,Cc1ccc2cc(Br)ccc2n1,,,,"MolGlyph 1.1.1 (BioMiner git 17c6161, molglyph_large)",0.1182975322008133
uob,maybridge-0348-981884873,Brc1cnc2ccccc2c1,,,,"MolGlyph 1.1.1 (BioMiner git 17c6161, molglyph_large)",0.10331186093389988
uob,maybridge-0349-1022317309,COc1cc(Br)cc2cc(C(=O)O)c(=O)oc12,,,,"MolGlyph 1.1.1 (BioMiner git 17c6161, molglyph_large)",0.1805266086012125
uob,maybridge-0349-105557247,Brc1cccc2cnccc12,,,,"MolGlyph 1.1.1 (BioMiner git 17c6161, molglyph_large)",0.10298955254256725
uob,maybridge-0349-175664280,O=C(Cl)c1cc(Cl)nc2ccc(Br)cc12,,,,"MolGlyph 1.1.1 (BioMiner git 17c6161, molglyph_large)",0.15623210184276104
uob,maybridge-0349-264252319,Nc1nc(Br)c2ccccc2c1Cc1ccccc1,,,,"MolGlyph 1.1.1 (BioMiner git 17c6161, molglyph_large)",0.16143447160720825
uob,maybridge-0349-270656438,Oc1c(I)cc(Cl)c2cccnc12,,,,"MolGlyph 1.1.1 (BioMiner git 17c6161, molglyph_large)",0.13208495266735554
uob,maybridge-0349-501258447,Nc1cc2ccccc2c(Br)n1,,,,"MolGlyph 1.1.1 (BioMiner git 17c6161, molglyph_large)",0.11804619990289211
uob,maybridge-0349-527284550,FC(F)(F)c1cc(Cl)c2cccc(Br)c2n1,,,,"MolGlyph 1.1.1 (BioMiner git 17c6161, molglyph_large)",0.16554784588515759
uob,maybridge-0349-580560798,O=C(O)c1cc2cc(Cl)cc(Br)c2oc1=O,,,,"MolGlyph 1.1.1 (BioMiner git 17c6161, molglyph_large)",0.16630381904542446
uob,maybridge-0349-697046287,Brc1ccc2nccnc2c1,,,,"MolGlyph 1.1.1 (BioMiner git 17c6161, molglyph_large)",0.10338235087692738
uob,maybridge-0349-816797527,CN1CCN(C)c2cc(Br)ccc21,,,,"MolGlyph 1.1.1 (BioMiner git 17c6161, molglyph_large)",0.13157415948808193
uob,maybridge-0350-137827888,Brc1ccc2c(c1)OCOC2,,,,"MolGlyph 1.1.1 (BioMiner git 17c6161, molglyph_large)",0.11218978278338909
uob,maybridge-0350-189573570,Brc1cnc2c(c1)OCCN2,,,,"MolGlyph 1.1.1 (BioMiner git 17c6161, molglyph_large)",0.11199704185128212
uob,maybridge-0350-279526615,CN1CCOc2cc(Br)ccc21,,,,"MolGlyph 1.1.1 (BioMiner git 17c6161, molglyph_large)",0.11716956831514835
uob,maybridge-0350-483595577,CCOC(=O)C1=C(N)Oc2ccc(Br)cc2C1C(C#N)C(=O)OCC,,,,"MolGlyph 1.1.1 (BioMiner git 17c6161, molglyph_large)",0.23825136572122574
uob,maybridge-0350-489077378,Ic1ccc2c(c1)OCCCO2,,,,"MolGlyph 1.1.1 (BioMiner git 17c6161, molglyph_large)",0.11695096455514431
uob,maybridge-0350-604313788,Brc1ccc2c(c1)OCCCO2,,,,"MolGlyph 1.1.1 (BioMiner git 17c6161, molglyph_large)",0.11692717671394348
uob,maybridge-0350-730420817,Brc1ccc2[nH]c3ccccc3c2c1,,,,"MolGlyph 1.1.1 (BioMiner git 17c6161, molglyph_large)",0.140953216701746
uob,maybridge-0350-88422833,ClCc1cc(Br)cc2c1OCOC2,,,,"MolGlyph 1.1.1 (BioMiner git 17c6161, molglyph_large)",0.12091858312487602
uob,maybridge-0350-934784672,Ic1ccc2c(c1)OCCO2,,,,"MolGlyph 1.1.1 (BioMiner git 17c6161, molglyph_large)",0.11040748655796051
uob,maybridge-0350-936131636,CN1CCOc2cc(Br)cnc21,,,,"MolGlyph 1.1.1 (BioMiner git 17c6161, molglyph_large)",0.11586002074182034
uob,maybridge-0351-1071742128,CC(C)(C)OC(=O)N1CCC2(CC1)NC(=O)c1cc(Br)ccc1O2,,,,"MolGlyph 1.1.1 (BioMiner git 17c6161, molglyph_large)",0.2395520582795143
uob,maybridge-0351-253257515,CN(C)CC(O)Cn1c2ccc(Br)cc2c2cc(Br)ccc21,,,,"MolGlyph 1.1.1 (BioMiner git 17c6161, molglyph_large)",0.20181027241051197
uob,maybridge-0351-356710457,O=C1c2cc(Br)ccc2-c2ccc(Br)cc21,,,,"MolGlyph 1.1.1 (BioMiner git 17c6161, molglyph_large)",0.1639099158346653
uob,maybridge-0352-1033865922,Cn1nc(C(F)(F)F)c(C=O)c1Cl,,,,"MolGlyph 1.1.1 (BioMiner git 17c6161, molglyph_large)",0.14494381844997406
uob,maybridge-0352-1054116101,Cc1nn(C)c(Cl)c1S(=O)(=O)O,,,,"MolGlyph 1.1.1 (BioMiner git 17c6161, molglyph_large)",0.14464233815670013
uob,maybridge-0352-205221613,Cn1ncc(C(=O)Cl)c1Cl,,,,"MolGlyph 1.1.1 (BioMiner git 17c6161, molglyph_large)",0.1108848787844181
uob,maybridge-0352-430398044,Cc1cc(Cl)n(C)n1,,,,"MolGlyph 1.1.1 (BioMiner git 17c6161, molglyph_large)",0.09720647521317005
uob,maybridge-0352-44453537,Cn1nc(C(F)(F)F)c(C(=O)O)c1Cl,,,,"MolGlyph 1.1.1 (BioMiner git 17c6161, molglyph_large)",0.15865636058151722
uob,maybridge-0352-505599895,Cc1nn(C)c(Cl)c1C(=O)O,,,,"MolGlyph 1.1.1 (BioMiner git 17c6161, molglyph_large)",0.12555080093443394
uob,maybridge-0352-508958190,CCCCc1nc(C=O)c(Cl)[nH]1,,,,"MolGlyph 1.1.1 (BioMiner git 17c6161, molglyph_large)",0.1371236927807331
uob,maybridge-0352-648758724,[N+](c1c(C)nn(C)c1Cl)(=O)[O-],,,,"MolGlyph 1.1.1 (BioMiner git 17c6161, molglyph_large)",0.1629655323922634
uob,maybridge-0352-784694698,Cc1nn(C)c(Cl)c1S(=O)(=O)Cl,,,,"MolGlyph 1.1.1 (BioMiner git 17c6161, molglyph_large)",0.1436284203082323
uob,maybridge-0352-933243242,Cc1nn(C)c(Cl)c1C=O,,,,"MolGlyph 1.1.1 (BioMiner git 17c6161, molglyph_large)",0.11119762063026428
uob,maybridge-0353-1067251205,COC(=O)c1scc(C)c1Cl,,,,"MolGlyph 1.1.1 (BioMiner git 17c6161, molglyph_large)",0.11569107882678509
uob,maybridge-0353-192369254,Nc1ccc(-n2cnc(Cl)c2Cl)cc1,,,,"MolGlyph 1.1.1 (BioMiner git 17c6161, molglyph_large)",0.1416545007377863
uob,maybridge-0353-235287331,CCCCc1nc(CO)c(Cl)[nH]1,,,,"MolGlyph 1.1.1 (BioMiner git 17c6161, molglyph_large)",0.13007292710244656
uob,maybridge-0353-38021895,[N+](c1c(Cl)scc1)(=O)[O-],,,,"MolGlyph 1.1.1 (BioMiner git 17c6161, molglyph_large)",0.14484591968357563
uob,maybridge-0353-445203391,CCOC(=O)Cn1cnc(Cl)c1Cl,,,,"MolGlyph 1.1.1 (BioMiner git 17c6161, molglyph_large)",0.12600209936499596
uob,maybridge-0353-451928253,Clc1ccsc1,,,,"MolGlyph 1.1.1 (BioMiner git 17c6161, molglyph_large)",0.06775078177452087
uob,maybridge-0353-528199444,COc1c(C(=O)O)csc1Cl,,,,"MolGlyph 1.1.1 (BioMiner git 17c6161, molglyph_large)",0.11792143993079662
uob,maybridge-0353-7477709,O=C(O)c1sccc1Cl,,,,"MolGlyph 1.1.1 (BioMiner git 17c6161, molglyph_large)",0.09599536843597889
uob,maybridge-0353-752511368,Fc1nc(Br)nn1Cc1ccccc1,,,,"MolGlyph 1.1.1 (BioMiner git 17c6161, molglyph_large)",0.12545954808592796
uob,maybridge-0353-952344991,COC(=O)c1sccc1Cl,,,,"MolGlyph 1.1.1 (BioMiner git 17c6161, molglyph_large)",0.10174990631639957
uob,maybridge-0353-968381680,O=Cc1sccc1Cl,,,,"MolGlyph 1.1.1 (BioMiner git 17c6161, molglyph_large)",0.08192769810557365
uob,maybridge-0354-1000013994,N#Cc1ccc(O)cc1F,,,,"MolGlyph 1.1.1 (BioMiner git 17c6161, molglyph_large)",0.10114623792469501
uob,maybridge-0354-304743111,CS(=O)(=O)c1csc(C(=O)O)c1Cl,,,,"MolGlyph 1.1.1 (BioMiner git 17c6161, molglyph_large)",0.15366134978830814
uob,maybridge-0354-367538398,O=C(O)c1nsc(Cl)c1Cl,,,,"MolGlyph 1.1.1 (BioMiner git 17c6161, molglyph_large)",0.11108259297907352
uob,maybridge-0354-407492328,Cc1ccc(-c2snc(Cl)c2C#N)cc1,,,,"MolGlyph 1.1.1 (BioMiner git 17c6161, molglyph_large)",0.1496454868465662
uob,maybridge-0354-459380372,O=S(=O)(Cl)c1cc([N+](=O)[O-])c(Cl)s1,,,,"MolGlyph 1.1.1 (BioMiner git 17c6161, molglyph_large)",0.1918753981590271
uob,maybridge-0354-553283914,O=S(=O)(Cl)c1ccc(-c2nsc(Cl)n2)s1,,,,"MolGlyph 1.1.1 (BioMiner git 17c6161, molglyph_large)",0.1735878512263298
uob,maybridge-0354-719754229,Clc1nccs1,,,,"MolGlyph 1.1.1 (BioMiner git 17c6161, molglyph_large)",0.06803590804338455
uob,maybridge-0354-792389161,ClCc1nsc(Cl)n1,,,,"MolGlyph 1.1.1 (BioMiner git 17c6161, molglyph_large)",0.08836314640939236
uob,maybridge-0354-815309133,CCOC(=O)c1sc(Cl)nc1C,,,,"MolGlyph 1.1.1 (BioMiner git 17c6161, molglyph_large)",0.12294845655560493
uob,maybridge-0354-926370182,N#Cc1c(N)cccc1Cl,,,,"MolGlyph 1.1.1 (BioMiner git 17c6161, molglyph_large)",0.102080212906003
uob,maybridge-0355-236654225,[N+](c1ccc(F)c(C#N)c1)(=O)[O-],,,,"MolGlyph 1.1.1 (BioMiner git 17c6161, molglyph_large)",0.17282719910144806
uob,maybridge-0355-326267138,O=Cc1ccc(F)c([N+](=O)[O-])c1,,,,"MolGlyph 1.1.1 (BioMiner git 17c6161, molglyph_large)",0.1624549925327301
uob,maybridge-0355-367041057,CN(C)c1cccc(F)c1C#N,,,,"MolGlyph 1.1.1 (BioMiner git 17c6161, molglyph_large)",0.12336706928908825
uob,maybridge-0355-430297467,O=Cc1cc(C(=O)O)ccc1F,,,,"MolGlyph 1.1.1 (BioMiner git 17c6161, molglyph_large)",0.12538815662264824
uob,maybridge-0355-485396703,[N+](c1ccc(C#N)c(Cl)c1)(=O)[O-],,,,"MolGlyph 1.1.1 (BioMiner git 17c6161, molglyph_large)",0.17299733869731426
uob,maybridge-0355-5342489,[N+](c1ccc(F)cc1O)(=O)[O-],,,,"MolGlyph 1.1.1 (BioMiner git 17c6161, molglyph_large)",0.15352100878953934
uob,maybridge-0355-546201331,[N+](c1cc(F)ccc1C#N)(=O)[O-],,,,"MolGlyph 1.1.1 (BioMiner git 17c6161, molglyph_large)",0.16322808526456356
uob,maybridge-0355-558535467,O=Cc1ccc(F)c(C(=O)O)c1,,,,"MolGlyph 1.1.1 (BioMiner git 17c6161, molglyph_large)",0.13507902435958385
uob,maybridge-0355-567325296,[N+](c1cc(N)c(N)cc1F)(=O)[O-],,,,"MolGlyph 1.1.1 (BioMiner git 17c6161, molglyph_large)",0.16774456948041916
uob,maybridge-0355-589299656,COC(=O)c1ccc(F)cc1Cl,,,,"MolGlyph 1.1.1 (BioMiner git 17c6161, molglyph_large)",0.12061270512640476
uob,maybridge-0355-804953978,NC(=O)c1ccc(F)cc1Cl,,,,"MolGlyph 1.1.1 (BioMiner git 17c6161, molglyph_large)",0.11552152410149574
uob,maybridge-0355-988062734,N#Cc1cc(Cl)ccc1Cl,,,,"MolGlyph 1.1.1 (BioMiner git 17c6161, molglyph_large)",0.10112471133470535
uob,maybridge-0356-1014271413,[N+](c1cc(F)c(Cl)cc1N)(=O)[O-],,,,"MolGlyph 1.1.1 (BioMiner git 17c6161, molglyph_large)",0.16790391318500042
uob,maybridge-0356-1072245255,[N+](c1cc(Cl)c(Cl)cc1N)(=O)[O-],,,,"MolGlyph 1.1.1 (BioMiner git 17c6161, molglyph_large)",0.17046296782791615
uob,maybridge-0356-300977420,[N+](c1ccc(Cl)c(C(N)=O)c1)(=O)[O-],,,,"MolGlyph 1.1.1 (BioMiner git 17c6161, molglyph_large)",0.1901566945016384
uob,maybridge-0356-380147800,c1([N+](=O)[O-])ccc(Cl)cc1CC#N,,,,"MolGlyph 1.1.1 (BioMiner git 17c6161, molglyph_large)",0.1424950435757637
uob,maybridge-0356-400913770,CN(C)c1ccc(C=O)c(F)c1C#N,,,,"MolGlyph 1.1.1 (BioMiner git 17c6161, molglyph_large)",0.149429302662611
uob,maybridge-0356-472635552,N#Cc1ccc(C(F)(F)F)cc1Cl,,,,"MolGlyph 1.1.1 (BioMiner git 17c6161, molglyph_large)",0.13649105094373226
uob,maybridge-0356-487097392,N#Cc1c(F)cccc1Oc1ccccc1,,,,"MolGlyph 1.1.1 (BioMiner git 17c6161, molglyph_large)",0.1410440318286419
uob,maybridge-0356-560361143,O=C(O)/C=C/c1ccc(Cl)c([N+](=O)[O-])c1,,,,"MolGlyph 1.1.1 (BioMiner git 17c6161, molglyph_large)",0.20435570180416107
uob,maybridge-0356-616764340,N#Cc1c(Cl)cc(C(F)(F)F)cc1Cl,,,,"MolGlyph 1.1.1 (BioMiner git 17c6161, molglyph_large)",0.15128366835415363
uob,maybridge-0356-774299414,NNC(=O)c1ccc(Cl)c(Cl)c1,,,,"MolGlyph 1.1.1 (BioMiner git 17c6161, molglyph_large)",0.13196533545851707
uob,maybridge-0356-799020610,[N+](c1cc(F)c(F)c(F)c1N)(=O)[O-],,,,"MolGlyph 1.1.1 (BioMiner git 17c6161, molglyph_large)",0.18484044261276722
uob,maybridge-0356-862412684,[N+](c1ccc(C(=O)OC)c(Cl)c1)(=O)[O-],,,,"MolGlyph 1.1.1 (BioMiner git 17c6161, molglyph_large)",0.19451325573027134
uob,maybridge-0357-14058205,N#Cc1ncccc1F,,,,"MolGlyph 1.1.1 (BioMiner git 17c6161, molglyph_large)",0.08818509802222252
uob,maybridge-0357-172327174,[N+](c1cc(C(F)(F)F)c(Cl)cc1N)(=O)[O-],,,,"MolGlyph 1.1.1 (BioMiner git 17c6161, molglyph_large)",0.20368515886366367
uob,maybridge-0357-190526020,CC(C)(C)OC(=O)N1CCC(C(=O)c2ccc(F)cc2)CC1,,,,"MolGlyph 1.1.1 (BioMiner git 17c6161, molglyph_large)",0.22435078024864197
uob,maybridge-0357-458509740,N#Cc1c(F)cccc1OCc1ccc(Cl)cc1,,,,"MolGlyph 1.1.1 (BioMiner git 17c6161, molglyph_large)",0.16176686249673367
uob,maybridge-0357-54443676,O=C(CBr)c1ccc(Cl)c([N+](=O)[O-])c1,,,,"MolGlyph 1.1.1 (BioMiner git 17c6161, molglyph_large)",0.1852594967931509
uob,maybridge-0357-724856818,O=Cc1ncccc1F,,,,"MolGlyph 1.1.1 (BioMiner git 17c6161, molglyph_large)",0.08876369148492813
uob,maybridge-0357-793103176,[N+](c1cc(C(F)(F)F)c(Cl)cc1NN)(=O)[O-],,,,"MolGlyph 1.1.1 (BioMiner git 17c6161, molglyph_large)",0.20927803590893745
uob,maybridge-0357-810337509,OCc1ncccc1F,,,,"MolGlyph 1.1.1 (BioMiner git 17c6161, molglyph_large)",0.08367260359227657
uob,maybridge-0357-869013070,Cc1ccc(COc2cccc(F)c2C#N)cc1,,,,"MolGlyph 1.1.1 (BioMiner git 17c6161, molglyph_large)",0.16078385524451733
uob,maybridge-0357-954800139,[N+](c1cc(OCC)c(Cl)cc1OCC)(=O)[O-],,,,"MolGlyph 1.1.1 (BioMiner git 17c6161, molglyph_large)",0.18955269642174244
uob,maybridge-0357-98559184,N#Cc1c(Cl)cccc1Oc1ccc(S(=O)(=O)Cl)cc1,,,,"MolGlyph 1.1.1 (BioMiner git 17c6161, molglyph_large)",0.1995922066271305
uob,maybridge-0358-250538358,N#Cc1ccc(Cl)nc1,,,,"MolGlyph 1.1.1 (BioMiner git 17c6161, molglyph_large)",0.09782994352281094
uob,maybridge-0358-335383717,N#Cc1cccnc1Cl,,,,"MolGlyph 1.1.1 (BioMiner git 17c6161, molglyph_large)",0.08795531094074249
uob,maybridge-0358-389931702,O=CNc1ccc(Cl)nc1,,,,"MolGlyph 1.1.1 (BioMiner git 17c6161, molglyph_large)",0.10227688588202
uob,maybridge-0358-410829306,CC(=O)c1ccc(Cl)nc1,,,,"MolGlyph 1.1.1 (BioMiner git 17c6161, molglyph_large)",0.11245463415980339
uob,maybridge-0358-497659038,Oc1cncc(Cl)c1,,,,"MolGlyph 1.1.1 (BioMiner git 17c6161, molglyph_large)",0.0883347038179636
uob,maybridge-0358-503634994,N#Cc1ccnc(Cl)c1,,,,"MolGlyph 1.1.1 (BioMiner git 17c6161, molglyph_large)",0.09763448312878609
uob,maybridge-0358-548887153,Nc1ccnc(Cl)c1,,,,"MolGlyph 1.1.1 (BioMiner git 17c6161, molglyph_large)",0.0872677881270647
uob,maybridge-0358-598358150,CNCc1ncccc1F,,,,"MolGlyph 1.1.1 (BioMiner git 17c6161, molglyph_large)",0.08850931562483311
uob,maybridge-0358-741368760,NC(=O)c1ccnc(Cl)c1,,,,"MolGlyph 1.1.1 (BioMiner git 17c6161, molglyph_large)",0.11398553475737572
uob,maybridge-0358-794585720,OCc1cccnc1Cl,,,,"MolGlyph 1.1.1 (BioMiner git 17c6161, molglyph_large)",0.0835091881453991
uob,maybridge-0358-895151267,Cc1ccc(Cl)nc1,,,,"MolGlyph 1.1.1 (BioMiner git 17c6161, molglyph_large)",0.08807227201759815
uob,maybridge-0358-929685610,O=Cc1ccnc(Cl)c1,,,,"MolGlyph 1.1.1 (BioMiner git 17c6161, molglyph_large)",0.09816005080938339
uob,maybridge-0359-1006690113,O=C(O)c1ccc(Cl)nc1,,,,"MolGlyph 1.1.1 (BioMiner git 17c6161, molglyph_large)",0.11276865005493164
uob,maybridge-0359-19070006,O=C(O)c1cccc(Cl)n1,,,,"MolGlyph 1.1.1 (BioMiner git 17c6161, molglyph_large)",0.11316999047994614
uob,maybridge-0359-312414982,[N+](c1cnc(Cl)c(C)c1)(=O)[O-],,,,"MolGlyph 1.1.1 (BioMiner git 17c6161, molglyph_large)",0.1652359664440155
uob,maybridge-0359-318364599,O=C(O)c1cc(Cl)cnc1O,,,,"MolGlyph 1.1.1 (BioMiner git 17c6161, molglyph_large)",0.11730347201228142
uob,maybridge-0359-321511607,Cc1ccc(C(N)=O)c(Cl)n1,,,,"MolGlyph 1.1.1 (BioMiner git 17c6161, molglyph_large)",0.12701357156038284
uob,maybridge-0359-349498548,Nc1cc(Cl)nc(Cl)c1,,,,"MolGlyph 1.1.1 (BioMiner git 17c6161, molglyph_large)",0.10273438319563866
uob,maybridge-0359-489072815,Cc1cc(C(=O)O)cc(Cl)n1,,,,"MolGlyph 1.1.1 (BioMiner git 17c6161, molglyph_large)",0.1266629919409752
uob,maybridge-0359-490087350,[N+](c1ccc(Cl)nc1)(=O)[O-],,,,"MolGlyph 1.1.1 (BioMiner git 17c6161, molglyph_large)",0.15003334917128086
uob,maybridge-0359-577310003,NNC(=O)c1ccc(Cl)nc1,,,,"MolGlyph 1.1.1 (BioMiner git 17c6161, molglyph_large)",0.11744426004588604
uob,maybridge-0359-592288215,Nc1ccc(Cl)nc1Cl,,,,"MolGlyph 1.1.1 (BioMiner git 17c6161, molglyph_large)",0.09296884201467037
uob,maybridge-0359-777658863,Nc1cc(Cl)cnc1Cl,,,,"MolGlyph 1.1.1 (BioMiner git 17c6161, molglyph_large)",0.09268972277641296
uob,maybridge-0359-950072712,O=C(O)c1ccnc(Cl)c1,,,,"MolGlyph 1.1.1 (BioMiner git 17c6161, molglyph_large)",0.11158878542482853
uob,maybridge-0360-359508554,FC(F)(F)c1cccc(Cl)n1,,,,"MolGlyph 1.1.1 (BioMiner git 17c6161, molglyph_large)",0.12240743637084961
uob,maybridge-0360-370477807,Cc1cc(Cl)nc(Cl)c1C#N,,,,"MolGlyph 1.1.1 (BioMiner git 17c6161, molglyph_large)",0.11731348372995853
uob,maybridge-0360-399134008,COc1cc(C(=O)O)cc(Cl)n1,,,,"MolGlyph 1.1.1 (BioMiner git 17c6161, molglyph_large)",0.1313205063343048
uob,maybridge-0360-434411794,COc1cc(C(N)=O)cc(Cl)n1,,,,"MolGlyph 1.1.1 (BioMiner git 17c6161, molglyph_large)",0.13252233527600765
uob,maybridge-0360-505039204,O=C=Nc1cc(Cl)nc(Cl)c1,,,,"MolGlyph 1.1.1 (BioMiner git 17c6161, molglyph_large)",0.12207205593585968
uob,maybridge-0360-65963835,O=C(Cl)c1ccnc(Cl)c1,,,,"MolGlyph 1.1.1 (BioMiner git 17c6161, molglyph_large)",0.11238072253763676
uob,maybridge-0360-69478882,[N+](c1ccc(OC)nc1Cl)(=O)[O-],,,,"MolGlyph 1.1.1 (BioMiner git 17c6161, molglyph_large)",0.16511308401823044
uob,maybridge-0360-697896913,OCc1cc(Cl)nc(Cl)c1,,,,"MolGlyph 1.1.1 (BioMiner git 17c6161, molglyph_large)",0.10795914009213448
uob,maybridge-0360-708052980,[N+](c1cc(Cl)cnc1O)(=O)[O-],,,,"MolGlyph 1.1.1 (BioMiner git 17c6161, molglyph_large)",0.15522646717727184
uob,maybridge-0360-786519120,O=C(Cl)c1ccc(Cl)nc1,,,,"MolGlyph 1.1.1 (BioMiner git 17c6161, molglyph_large)",0.11436003632843494
uob,maybridge-0360-897456481,CCOC(=O)c1cccnc1Cl,,,,"MolGlyph 1.1.1 (BioMiner git 17c6161, molglyph_large)",0.11208502016961575
uob,maybridge-0360-96787001,Cc1cc(C(=O)Cl)cc(Cl)n1,,,,"MolGlyph 1.1.1 (BioMiner git 17c6161, molglyph_large)",0.12672177702188492
uob,maybridge-0361-10112534,O=C(O)c1cc(Cl)nc(Cl)c1,,,,"MolGlyph 1.1.1 (BioMiner git 17c6161, molglyph_large)",0.12659196555614471
uob,maybridge-0361-120397430,Nc1ncc(C(F)(F)F)cc1Cl,,,,"MolGlyph 1.1.1 (BioMiner git 17c6161, molglyph_large)",0.1272927112877369
uob,maybridge-0361-134676321,Cc1cnc(Cl)c(Br)c1,,,,"MolGlyph 1.1.1 (BioMiner git 17c6161, molglyph_large)",0.10239909589290619
uob,maybridge-0361-184330994,O=C(O)c1cc(F)c(Cl)nc1Cl,,,,"MolGlyph 1.1.1 (BioMiner git 17c6161, molglyph_large)",0.13248526491224766
uob,maybridge-0361-258217084,COC(=O)c1cc(Cl)nc(Cl)c1,,,,"MolGlyph 1.1.1 (BioMiner git 17c6161, molglyph_large)",0.13215352594852448
uob,maybridge-0361-394501953,ClCc1cc(Cl)nc(Cl)c1,,,,"MolGlyph 1.1.1 (BioMiner git 17c6161, molglyph_large)",0.10759788751602173
uob,maybridge-0361-529737951,Clc1ncccc1Br,,,,"MolGlyph 1.1.1 (BioMiner git 17c6161, molglyph_large)",0.07829458825290203
uob,maybridge-0361-556752286,COc1cc(C(=O)Cl)cc(Cl)n1,,,,"MolGlyph 1.1.1 (BioMiner git 17c6161, molglyph_large)",0.1308769565075636
uob,maybridge-0361-641161420,[N+](c1ccc(Cl)nc1Cl)(=O)[O-],,,,"MolGlyph 1.1.1 (BioMiner git 17c6161, molglyph_large)",0.15596784092485905
uob,maybridge-0361-800661494,Cc1cc(C(F)(F)F)cc(Cl)n1,,,,"MolGlyph 1.1.1 (BioMiner git 17c6161, molglyph_large)",0.1368431244045496
uob,maybridge-0361-919554717,Cc1nc(Cl)c(C#N)c(C)c1Cl,,,,"MolGlyph 1.1.1 (BioMiner git 17c6161, molglyph_large)",0.13226988911628723
uob,maybridge-0361-966011023,NC(=S)c1cc(Cl)nc(Cl)c1,,,,"MolGlyph 1.1.1 (BioMiner git 17c6161, molglyph_large)",0.1267298050224781
uob,maybridge-0362-1068446423,Fc1cc(I)ccn1,,,,"MolGlyph 1.1.1 (BioMiner git 17c6161, molglyph_large)",0.08798040822148323
uob,maybridge-0362-215930928,COc1ncc(C(F)(F)F)cc1Cl,,,,"MolGlyph 1.1.1 (BioMiner git 17c6161, molglyph_large)",0.13190271519124508
uob,maybridge-0362-225637356,NNc1ncc(Cl)cc1C(F)(F)F,,,,"MolGlyph 1.1.1 (BioMiner git 17c6161, molglyph_large)",0.1319097951054573
uob,maybridge-0362-291837715,CC(C)(C)OC(=O)NCc1ncccc1F,,,,"MolGlyph 1.1.1 (BioMiner git 17c6161, molglyph_large)",0.15163463912904263
uob,maybridge-0362-348244364,CCOC(=O)c1cc(C)nc(Cl)c1C#N,,,,"MolGlyph 1.1.1 (BioMiner git 17c6161, molglyph_large)",0.15156231820583344
uob,maybridge-0362-373841911,FC(F)(F)c1cnc(CCl)c(Cl)c1,,,,"MolGlyph 1.1.1 (BioMiner git 17c6161, molglyph_large)",0.1410593781620264
uob,maybridge-0362-458289009,FC(F)(F)c1cnc(S)c(Cl)c1,,,,"MolGlyph 1.1.1 (BioMiner git 17c6161, molglyph_large)",0.13661113753914833
uob,maybridge-0362-513793261,O=C(Cl)c1cc(Cl)nc(Cl)c1,,,,"MolGlyph 1.1.1 (BioMiner git 17c6161, molglyph_large)",0.12695102393627167
uob,maybridge-0362-531810600,COC(=O)c1cc(F)c(Cl)nc1Cl,,,,"MolGlyph 1.1.1 (BioMiner git 17c6161, molglyph_large)",0.13671494647860527
uob,maybridge-0362-660898862,O=C(Cl)c1cc(Cl)cnc1Cl,,,,"MolGlyph 1.1.1 (BioMiner git 17c6161, molglyph_large)",0.1173071600496769
uob,maybridge-0362-704873403,Fc1ncccc1I,,,,"MolGlyph 1.1.1 (BioMiner git 17c6161, molglyph_large)",0.07872046530246735
uob,maybridge-0362-882539320,O=C(Cl)c1cc(F)c(Cl)nc1Cl,,,,"MolGlyph 1.1.1 (BioMiner git 17c6161, molglyph_large)",0.13123873993754387
uob,maybridge-0363-1039728385,Clc1cncc(Cl)c1N1CCNCC1,,,,"MolGlyph 1.1.1 (BioMiner git 17c6161, molglyph_large)",0.1271456852555275
uob,maybridge-0363-212200574,CC1(C)OB(c2ccc(Cl)nc2)OC1(C)C,,,,"MolGlyph 1.1.1 (BioMiner git 17c6161, molglyph_large)",0.16544485092163086
uob,maybridge-0363-310777714,FC(F)(F)c1cnc(Br)c(Cl)c1,,,,"MolGlyph 1.1.1 (BioMiner git 17c6161, molglyph_large)",0.1362654846161604
uob,maybridge-0363-489017363,FC(F)(F)c1cnc(N2CCNCC2)c(Cl)c1,,,,"MolGlyph 1.1.1 (BioMiner git 17c6161, molglyph_large)",0.17095494642853737
uob,maybridge-0363-528414840,CCOC(=O)c1c(Cl)cc(C)nc1Cl,,,,"MolGlyph 1.1.1 (BioMiner git 17c6161, molglyph_large)",0.14156034030020237
uob,maybridge-0363-546058707,NCc1ncc(C(F)(F)F)cc1Cl,,,,"MolGlyph 1.1.1 (BioMiner git 17c6161, molglyph_large)",0.13250792399048805
uob,maybridge-0363-562810841,FC(F)(F)c1cnc(N2CCCNCC2)c(Cl)c1,,,,"MolGlyph 1.1.1 (BioMiner git 17c6161, molglyph_large)",0.17616338841617107
uob,maybridge-0363-57564611,N#Cc1c(C(F)(F)F)cc(Cl)nc1Cl,,,,"MolGlyph 1.1.1 (BioMiner git 17c6161, molglyph_large)",0.15188004449009895
uob,maybridge-0363-784902275,Nc1c(C(F)(F)F)cc(Cl)nc1Cl,,,,"MolGlyph 1.1.1 (BioMiner git 17c6161, molglyph_large)",0.14157418347895145
uob,maybridge-0363-99178953,NC(=S)c1ncc(C(F)(F)F)cc1Cl,,,,"MolGlyph 1.1.1 (BioMiner git 17c6161, molglyph_large)",0.15195109136402607
uob,maybridge-0364-1026493180,COC(=O)c1cnc(Cl)nc1,,,,"MolGlyph 1.1.1 (BioMiner git 17c6161, molglyph_large)",0.11695450730621815
uob,maybridge-0364-1039394463,N#Cc1cnc(Cl)nc1N,,,,"MolGlyph 1.1.1 (BioMiner git 17c6161, molglyph_large)",0.10432537272572517
uob,maybridge-0364-107456257,Clc1cncc(Oc2ccc(Cl)nn2)c1,,,,"MolGlyph 1.1.1 (BioMiner git 17c6161, molglyph_large)",0.14206097647547722
uob,maybridge-0364-121089624,CCCc1cnc(Cl)nc1,,,,"MolGlyph 1.1.1 (BioMiner git 17c6161, molglyph_large)",0.09790828824043274
uob,maybridge-0364-187919636,OCCN1CCN(c2ncc(Cl)cc2C(F)(F)F)CC1,,,,"MolGlyph 1.1.1 (BioMiner git 17c6161, molglyph_large)",0.1868866067379713
uob,maybridge-0364-46894831,OCCN1CCN(c2ncc(C(F)(F)F)cc2Cl)CC1,,,,"MolGlyph 1.1.1 (BioMiner git 17c6161, molglyph_large)",0.1859851609915495
uob,maybridge-0364-570083015,Cc1nc(Cl)nc(N)c1N,,,,"MolGlyph 1.1.1 (BioMiner git 17c6161, molglyph_large)",0.10799559205770493
uob,maybridge-0364-61285622,Nc1ccc(Cl)nn1,,,,"MolGlyph 1.1.1 (BioMiner git 17c6161, molglyph_large)",0.08872687071561813
uob,maybridge-0364-769132983,Cc1cc(C(=O)NN)nc(Cl)n1,,,,"MolGlyph 1.1.1 (BioMiner git 17c6161, molglyph_large)",0.13279367983341217
uob,maybridge-0364-847746012,Oc1cc(Cl)ncn1,,,,"MolGlyph 1.1.1 (BioMiner git 17c6161, molglyph_large)",0.08835697546601295
uob,maybridge-0364-866410578,Cc1ccc(Cl)nn1,,,,"MolGlyph 1.1.1 (BioMiner git 17c6161, molglyph_large)",0.09108495153486729
uob,maybridge-0365-1003513646,Cc1nc(C(F)(F)F)nc(Cl)c1C,,,,"MolGlyph 1.1.1 (BioMiner git 17c6161, molglyph_large)",0.14174100756645203
uob,maybridge-0365-1031353862,Clc1nccc(-c2ccccc2)n1,,,,"MolGlyph 1.1.1 (BioMiner git 17c6161, molglyph_large)",0.1271310057491064
uob,maybridge-0365-1056212887,O=C(Cl)c1cnc(Cl)nc1C(F)(F)F,,,,"MolGlyph 1.1.1 (BioMiner git 17c6161, molglyph_large)",0.15104388818144798
uob,maybridge-0365-153768544,CSc1ncc(Cl)c(C(=O)O)n1,,,,"MolGlyph 1.1.1 (BioMiner git 17c6161, molglyph_large)",0.13130495510995388
uob,maybridge-0365-179761471,Clc1cc(Cl)nc(Cc2ccccc2)n1,,,,"MolGlyph 1.1.1 (BioMiner git 17c6161, molglyph_large)",0.14245444349944592
uob,maybridge-0365-288124482,Cc1nc(-c2ccccn2)nc(Cl)c1Cl,,,,"MolGlyph 1.1.1 (BioMiner git 17c6161, molglyph_large)",0.1476762592792511
uob,maybridge-0365-291357719,Clc1nccc(-c2cccs2)n1,,,,"MolGlyph 1.1.1 (BioMiner git 17c6161, molglyph_large)",0.12209533713757992
uob,maybridge-0365-319382447,Cc1nc(-c2ccccn2)nc(O)c1Cl,,,,"MolGlyph 1.1.1 (BioMiner git 17c6161, molglyph_large)",0.14630728401243687
uob,maybridge-0365-36255951,COC(=O)c1cc(C)nc(Cl)n1,,,,"MolGlyph 1.1.1 (BioMiner git 17c6161, molglyph_large)",0.1319596078246832
uob,maybridge-0365-374540545,COC(=O)c1cnc(Cl)nc1C(F)(F)F,,,,"MolGlyph 1.1.1 (BioMiner git 17c6161, molglyph_large)",0.15619368851184845
uob,maybridge-0366-182701432,Clc1cn2ccsc2n1,,,,"MolGlyph 1.1.1 (BioMiner git 17c6161, molglyph_large)",0.09301294200122356
uob,maybridge-0366-244729175,O=C(Cl)c1sc2sccc2c1Cl,,,,"MolGlyph 1.1.1 (BioMiner git 17c6161, molglyph_large)",0.12157231755554676
uob,maybridge-0366-256354247,Cc1cncc(Cl)n1,,,,"MolGlyph 1.1.1 (BioMiner git 17c6161, molglyph_large)",0.0884224958717823
uob,maybridge-0366-275358160,O=C(OCc1ccc(Cl)cc1)c1cnc(Cl)nc1C(F)(F)F,,,,"MolGlyph 1.1.1 (BioMiner git 17c6161, molglyph_large)",0.2093930635601282
uob,maybridge-0366-503692590,Clc1cnccn1,,,,"MolGlyph 1.1.1 (BioMiner git 17c6161, molglyph_large)",0.07415973581373692
uob,maybridge-0366-510743766,NS(=O)(=O)c1c(Cl)nc2sccn12,,,,"MolGlyph 1.1.1 (BioMiner git 17c6161, molglyph_large)",0.15091001242399216
uob,maybridge-0366-603605081,COCc1cc(Cl)nc(-c2ccc(Cl)cc2)n1,,,,"MolGlyph 1.1.1 (BioMiner git 17c6161, molglyph_large)",0.1658243015408516
uob,maybridge-0366-672373440,CCOC(OCC)c1cc(Cl)nc(SCc2ccccc2)n1,,,,"MolGlyph 1.1.1 (BioMiner git 17c6161, molglyph_large)",0.18593436293303967
uob,maybridge-0366-808632039,Clc1cncc(Cl)n1,,,,"MolGlyph 1.1.1 (BioMiner git 17c6161, molglyph_large)",0.08802901953458786
uob,maybridge-0366-887537645,N#Cc1nccnc1Cl,,,,"MolGlyph 1.1.1 (BioMiner git 17c6161, molglyph_large)",0.08758779242634773
uob,maybridge-0366-899308076,CCOC(=O)c1cnc(C(F)(F)F)nc1Cl,,,,"MolGlyph 1.1.1 (BioMiner git 17c6161, molglyph_large)",0.16056803613901138
uob,maybridge-0367-195098201,Cn1ncc2c(Cl)ncnc21,,,,"MolGlyph 1.1.1 (BioMiner git 17c6161, molglyph_large)",0.11274116672575474
uob,maybridge-0367-411929059,CC(C)(C)OC(=O)c1n[nH]c2nc(F)ccc12,,,,"MolGlyph 1.1.1 (BioMiner git 17c6161, molglyph_large)",0.19126023538410664
uob,maybridge-0367-513763438,O=C(Cl)c1sc2ccccc2c1Cl,,,,"MolGlyph 1.1.1 (BioMiner git 17c6161, molglyph_large)",0.12700942158699036
uob,maybridge-0367-521444277,Clc1noc2ccccc12,,,,"MolGlyph 1.1.1 (BioMiner git 17c6161, molglyph_large)",0.09783464297652245
uob,maybridge-0367-678321406,[N+](c1cc2c(cc1Cl)C(=O)NC2=O)(=O)[O-],,,,"MolGlyph 1.1.1 (BioMiner git 17c6161, molglyph_large)",0.20431840792298317
uob,maybridge-0367-726247433,Clc1nc2ccccc2[nH]1,,,,"MolGlyph 1.1.1 (BioMiner git 17c6161, molglyph_large)",0.11247335933148861
uob,maybridge-0367-817079636,CCOC(=O)c1cnc2c(c(C)nn2C)c1Cl,,,,"MolGlyph 1.1.1 (BioMiner git 17c6161, molglyph_large)",0.16563454642891884
uob,maybridge-0367-92807765,Cc1nn(C)c2ncc(C(N)=O)c(Cl)c12,,,,"MolGlyph 1.1.1 (BioMiner git 17c6161, molglyph_large)",0.16589069366455078
uob,maybridge-0367-98809596,Cc1nn(C)c2ncc(C(=O)O)c(Cl)c12,,,,"MolGlyph 1.1.1 (BioMiner git 17c6161, molglyph_large)",0.1662819292396307
uob,maybridge-0367-990857961,O=S(=O)(Cl)c1c(Cl)nc2sccn12,,,,"MolGlyph 1.1.1 (BioMiner git 17c6161, molglyph_large)",0.15184340067207813
uob,maybridge-0368-221825225,Cc1sc2ncnc(Cl)c2c1C,,,,"MolGlyph 1.1.1 (BioMiner git 17c6161, molglyph_large)",0.11724759265780449
uob,maybridge-0368-269641577,Clc1ccc2nc(Cl)sc2c1,,,,"MolGlyph 1.1.1 (BioMiner git 17c6161, molglyph_large)",0.11222652904689312
uob,maybridge-0368-417381779,Cc1nc(Cl)c2c(C)c(C)sc2n1,,,,"MolGlyph 1.1.1 (BioMiner git 17c6161, molglyph_large)",0.14140459522604942
uob,maybridge-0368-456885395,Cc1csc2ncnc(Cl)c12,,,,"MolGlyph 1.1.1 (BioMiner git 17c6161, molglyph_large)",0.11209749989211559
uob,maybridge-0368-509825316,Clc1ncnc2sccc12,,,,"MolGlyph 1.1.1 (BioMiner git 17c6161, molglyph_large)",0.09803867153823376
uob,maybridge-0368-522722269,Clc1ncnc2sc(-c3ccccc3)cc12,,,,"MolGlyph 1.1.1 (BioMiner git 17c6161, molglyph_large)",0.15167364664375782
uob,maybridge-0368-632093947,Fc1nc2ccccc2s1,,,,"MolGlyph 1.1.1 (BioMiner git 17c6161, molglyph_large)",0.09816154651343822
uob,maybridge-0368-756179441,Clc1ncnc2scc(-c3cccs3)c12,,,,"MolGlyph 1.1.1 (BioMiner git 17c6161, molglyph_large)",0.14597872458398342
uob,maybridge-0368-776688274,Clc1ncnc2ccsc12,,,,"MolGlyph 1.1.1 (BioMiner git 17c6161, molglyph_large)",0.09771624952554703
uob,maybridge-0368-821085188,Cc1c(-c2ccccc2)sc2ncnc(Cl)c12,,,,"MolGlyph 1.1.1 (BioMiner git 17c6161, molglyph_large)",0.16621432453393936
uob,maybridge-0368-902829484,Clc1nc2ccccc2s1,,,,"MolGlyph 1.1.1 (BioMiner git 17c6161, molglyph_large)",0.09771848656237125
uob,maybridge-0368-906472738,Clc1nccc2occc12,,,,"MolGlyph 1.1.1 (BioMiner git 17c6161, molglyph_large)",0.09816762618720531
uob,maybridge-0369-1028469667,Fc1ccc2nc(C(F)(F)F)cc(Cl)c2c1,,,,"MolGlyph 1.1.1 (BioMiner git 17c6161, molglyph_large)",0.16543606854975224
uob,maybridge-0369-1041394377,O=C(Cl)c1cc(Cl)nc2ccc(Br)cc12,,,,"MolGlyph 1.1.1 (BioMiner git 17c6161, molglyph_large)",0.15625896118581295
uob,maybridge-0369-1196965,O=C(O)c1cc2ccccc2nc1Cl,,,,"MolGlyph 1.1.1 (BioMiner git 17c6161, molglyph_large)",0.1316133439540863
uob,maybridge-0369-156865475,Cc1csc2c(Cl)ncnc12,,,,"MolGlyph 1.1.1 (BioMiner git 17c6161, molglyph_large)",0.11231073178350925
uob,maybridge-0369-194822866,FC(F)(F)c1cc(Cl)c2ccccc2n1,,,,"MolGlyph 1.1.1 (BioMiner git 17c6161, molglyph_large)",0.15170623175799847
uob,maybridge-0369-246731426,FC(F)(F)c1cc(Cl)c2cccc(Br)c2n1,,,,"MolGlyph 1.1.1 (BioMiner git 17c6161, molglyph_large)",0.16566024161875248
uob,maybridge-0369-428323656,Fc1cccc2c(Cl)cc(C(F)(F)F)nc12,,,,"MolGlyph 1.1.1 (BioMiner git 17c6161, molglyph_large)",0.1671841535717249
uob,maybridge-0369-78101074,ClCc1cc2ccccc2nc1Cl,,,,"MolGlyph 1.1.1 (BioMiner git 17c6161, molglyph_large)",0.11378453485667706
uob,maybridge-0369-782115364,Cc1cc2ccccc2nc1Cl,,,,"MolGlyph 1.1.1 (BioMiner git 17c6161, molglyph_large)",0.10784499906003475
uob,maybridge-0369-789715446,O=C(Cl)c1cc2ccccc2nc1Cl,,,,"MolGlyph 1.1.1 (BioMiner git 17c6161, molglyph_large)",0.1318439207971096
uob,maybridge-0369-860681418,OCc1cc2ccccc2nc1Cl,,,,"MolGlyph 1.1.1 (BioMiner git 17c6161, molglyph_large)",0.1126457005739212
uob,maybridge-0369-91071010,COc1ccc2nc(Cl)c(CO)cc2c1,,,,"MolGlyph 1.1.1 (BioMiner git 17c6161, molglyph_large)",0.14114078134298325
uob,maybridge-0370-147543382,Clc1ncnc2sc3c(c12)CCCCC3,,,,"MolGlyph 1.1.1 (BioMiner git 17c6161, molglyph_large)",0.14128964953124523
uob,maybridge-0370-216934271,FC(F)(F)c1cc(Cl)c2cc(CBr)ccc2n1,,,,"MolGlyph 1.1.1 (BioMiner git 17c6161, molglyph_large)",0.1711300015449524
uob,maybridge-0370-594349710,CCOC(=O)c1c(SC)nc2ccc(Cl)cc2c1Cl,,,,"MolGlyph 1.1.1 (BioMiner git 17c6161, molglyph_large)",0.17534170858561993
uob,maybridge-0370-690107860,Clc1ncnc2sc3c(c12)CCC3,,,,"MolGlyph 1.1.1 (BioMiner git 17c6161, molglyph_large)",0.13185043260455132
uob,maybridge-0370-779006468,Cc1nc(Cl)c2c3c(sc2n1)CCCC3,,,,"MolGlyph 1.1.1 (BioMiner git 17c6161, molglyph_large)",0.15118953585624695
uob,maybridge-0371-129198308,Cc1cc(C(=O)CCl)c(C)n1-c1ccccc1,,,,"MolGlyph 1.1.1 (BioMiner git 17c6161, molglyph_large)",0.17092141322791576
uob,maybridge-0371-332476718,Cc1c(C(=O)CBr)cnn1-c1ccccc1,,,,"MolGlyph 1.1.1 (BioMiner git 17c6161, molglyph_large)",0.15652554482221603
uob,maybridge-0371-342323670,O=C(CBr)c1ccco1,,,,"MolGlyph 1.1.1 (BioMiner git 17c6161, molglyph_large)",0.09776282496750355
uob,maybridge-0371-367414616,Cc1cc(C(=O)CCl)c(C)n1-c1ccc(Cl)cc1,,,,"MolGlyph 1.1.1 (BioMiner git 17c6161, molglyph_large)",0.186389971524477
uob,maybridge-0371-444253956,O=C(CBr)c1cccs1,,,,"MolGlyph 1.1.1 (BioMiner git 17c6161, molglyph_large)",0.10103289596736431
uob,maybridge-0371-477156428,Cc1cc(C(=O)CCl)c(C)n1-c1ccc(F)cc1,,,,"MolGlyph 1.1.1 (BioMiner git 17c6161, molglyph_large)",0.18632794357836246
uob,maybridge-0371-611671320,Cc1ccc(-n2c(C)cc(C(=O)CCl)c2C)cc1,,,,"MolGlyph 1.1.1 (BioMiner git 17c6161, molglyph_large)",0.18667476624250412
uob,maybridge-0371-93794671,O=C(CBr)c1ccsc1,,,,"MolGlyph 1.1.1 (BioMiner git 17c6161, molglyph_large)",0.09877229481935501
uob,maybridge-0372-1019856539,O=C(CBr)c1cc(-c2ccc(Cl)c(Cl)c2)no1,,,,"MolGlyph 1.1.1 (BioMiner git 17c6161, molglyph_large)",0.18053815141320229
uob,maybridge-0372-22764499,O=C(CCl)c1cc(Br)c(Cl)s1,,,,"MolGlyph 1.1.1 (BioMiner git 17c6161, molglyph_large)",0.1267833188176155
uob,maybridge-0372-255835363,CCOC(=O)c1cc(C(=O)CBr)on1,,,,"MolGlyph 1.1.1 (BioMiner git 17c6161, molglyph_large)",0.14661150984466076
uob,maybridge-0372-352404267,O=C(CBr)c1ccc(-c2ccccc2)s1,,,,"MolGlyph 1.1.1 (BioMiner git 17c6161, molglyph_large)",0.15075062401592731
uob,maybridge-0372-363656598,O=C(O)Cc1ccc(C(=O)CCl)s1,,,,"MolGlyph 1.1.1 (BioMiner git 17c6161, molglyph_large)",0.14127321168780327
uob,maybridge-0372-381896571,O=C(CCl)c1cc(Cl)c(Cl)s1,,,,"MolGlyph 1.1.1 (BioMiner git 17c6161, molglyph_large)",0.12681351602077484
uob,maybridge-0372-422236044,O=C(CBr)c1cc(-c2ccc(Cl)cc2Cl)no1,,,,"MolGlyph 1.1.1 (BioMiner git 17c6161, molglyph_large)",0.1702442690730095
uob,maybridge-0372-449420014,Cc1onc(-c2ccccc2)c1C(=O)CBr,,,,"MolGlyph 1.1.1 (BioMiner git 17c6161, molglyph_large)",0.15624060109257698
uob,maybridge-0372-668724372,O=C(CBr)c1ccc(-c2ccccn2)s1,,,,"MolGlyph 1.1.1 (BioMiner git 17c6161, molglyph_large)",0.15122082270681858
uob,maybridge-0372-777602168,O=C(CBr)c1cc(-c2ccccc2)no1,,,,"MolGlyph 1.1.1 (BioMiner git 17c6161, molglyph_large)",0.15171012096107006
uob,maybridge-0372-932739271,O=C(CBr)c1cc(-c2ccc(Cl)cc2)no1,,,,"MolGlyph 1.1.1 (BioMiner git 17c6161, molglyph_large)",0.16615295968949795
uob,maybridge-0373-1070025809,Cc1nc(-c2ccc(C(F)(F)F)cc2)sc1C(=O)CBr,,,,"MolGlyph 1.1.1 (BioMiner git 17c6161, molglyph_large)",0.20796199142932892
uob,maybridge-0373-167678837,Cc1nc(-c2ccccc2)sc1C(=O)CBr,,,,"MolGlyph 1.1.1 (BioMiner git 17c6161, molglyph_large)",0.15619965642690659
uob,maybridge-0373-205409004,N#Cc1cccc(C(=O)CBr)c1,,,,"MolGlyph 1.1.1 (BioMiner git 17c6161, molglyph_large)",0.12687338143587112
uob,maybridge-0373-274900875,O=C(CBr)c1cccc(F)c1,,,,"MolGlyph 1.1.1 (BioMiner git 17c6161, molglyph_large)",0.11726787686347961
uob,maybridge-0373-337400562,Cc1ccc(C(=O)CBr)cc1,,,,"MolGlyph 1.1.1 (BioMiner git 17c6161, molglyph_large)",0.11634310707449913
uob,maybridge-0373-378274006,Cc1nc(-c2cnccn2)sc1C(=O)CBr,,,,"MolGlyph 1.1.1 (BioMiner git 17c6161, molglyph_large)",0.15597773157060146
uob,maybridge-0373-599137162,O=C(CBr)c1ccccc1Cl,,,,"MolGlyph 1.1.1 (BioMiner git 17c6161, molglyph_large)",0.1079116202890873
uob,maybridge-0373-682179949,Cc1ccc(C(=O)CBr)c(C)c1,,,,"MolGlyph 1.1.1 (BioMiner git 17c6161, molglyph_large)",0.1312825921922922
uob,maybridge-0373-780235005,O=C(CBr)c1nccs1,,,,"MolGlyph 1.1.1 (BioMiner git 17c6161, molglyph_large)",0.09737131558358669
uob,maybridge-0373-794278333,N#Cc1ccc(C(=O)CBr)cc1,,,,"MolGlyph 1.1.1 (BioMiner git 17c6161, molglyph_large)",0.12655403092503548
uob,maybridge-0373-84979405,Cc1nc(-c2ccc(Cl)cc2)sc1C(=O)CBr,,,,"MolGlyph 1.1.1 (BioMiner git 17c6161, molglyph_large)",0.1702669244259596
uob,maybridge-0374-1071119137,O=C(CBr)c1ccc(F)c(F)c1,,,,"MolGlyph 1.1.1 (BioMiner git 17c6161, molglyph_large)",0.13146592304110527
uob,maybridge-0374-22832647,O=C(CBr)c1cccc(C(F)(F)F)c1,,,,"MolGlyph 1.1.1 (BioMiner git 17c6161, molglyph_large)",0.15067941322922707
uob,maybridge-0374-230464572,O=C(CBr)c1cccc(Cl)c1,,,,"MolGlyph 1.1.1 (BioMiner git 17c6161, molglyph_large)",0.11785706877708435
uob,maybridge-0374-377459976,O=C(CBr)c1ccc(C(F)(F)F)cc1,,,,"MolGlyph 1.1.1 (BioMiner git 17c6161, molglyph_large)",0.15057569183409214
uob,maybridge-0374-392639015,CC(C)Cc1ccc(C(=O)C(C)Br)cc1,,,,"MolGlyph 1.1.1 (BioMiner git 17c6161, molglyph_large)",0.15608324855566025
uob,maybridge-0374-399246141,CCCCCc1ccc(C(=O)CBr)cc1,,,,"MolGlyph 1.1.1 (BioMiner git 17c6161, molglyph_large)",0.13669055700302124
uob,maybridge-0374-551887567,O=C(CBr)c1ccccc1C(F)(F)F,,,,"MolGlyph 1.1.1 (BioMiner git 17c6161, molglyph_large)",0.14228137582540512
uob,maybridge-0374-67695884,O=C(CBr)c1ccc(-c2ccco2)cc1,,,,"MolGlyph 1.1.1 (BioMiner git 17c6161, molglyph_large)",0.15181548334658146
uob,maybridge-0374-941914878,O=C(CBr)c1ccc(OC(F)F)cc1,,,,"MolGlyph 1.1.1 (BioMiner git 17c6161, molglyph_large)",0.14209998026490211
uob,maybridge-0374-982550196,Cc1cc(C(=O)CBr)ccc1Cl,,,,"MolGlyph 1.1.1 (BioMiner git 17c6161, molglyph_large)",0.12219350785017014
uob,maybridge-0375-1014743465,O=C(CBr)c1ccccc1Oc1ccccc1,,,,"MolGlyph 1.1.1 (BioMiner git 17c6161, molglyph_large)",0.14684305526316166
uob,maybridge-0375-110375711,O=C(CBr)c1ccc(Oc2ccccc2)cc1,,,,"MolGlyph 1.1.1 (BioMiner git 17c6161, molglyph_large)",0.15971729159355164
uob,maybridge-0375-214133597,CS(=O)(=O)c1ccc(C(=O)CBr)cc1,,,,"MolGlyph 1.1.1 (BioMiner git 17c6161, molglyph_large)",0.16084632463753223
uob,maybridge-0375-418774861,O=C(CBr)c1ccc(OC(F)(F)F)cc1,,,,"MolGlyph 1.1.1 (BioMiner git 17c6161, molglyph_large)",0.15613341517746449
uob,maybridge-0375-482231635,O=C(CBr)c1ccc(-c2ccsc2)cc1,,,,"MolGlyph 1.1.1 (BioMiner git 17c6161, molglyph_large)",0.15155149437487125
uob,maybridge-0375-696215992,O=C(CBr)c1ccc(-c2cccs2)cc1,,,,"MolGlyph 1.1.1 (BioMiner git 17c6161, molglyph_large)",0.1525968201458454
uob,maybridge-0375-700778708,O=C(CBr)c1ccc(Cl)c([N+](=O)[O-])c1,,,,"MolGlyph 1.1.1 (BioMiner git 17c6161, molglyph_large)",0.1846733521670103
uob,maybridge-0375-724471614,CC(C)(C)c1cc(C(=O)CBr)cc(C(C)(C)C)c1O,,,,"MolGlyph 1.1.1 (BioMiner git 17c6161, molglyph_large)",0.20511160232126713
uob,maybridge-0375-863503907,Cc1ccc(C(Br)C(=O)c2ccc(Cl)cc2)cc1,,,,"MolGlyph 1.1.1 (BioMiner git 17c6161, molglyph_large)",0.1807446125894785
uob,maybridge-0375-872114668,O=C(c1ccc(Cl)cc1)C(Br)c1ccccc1,,,,"MolGlyph 1.1.1 (BioMiner git 17c6161, molglyph_large)",0.16882482543587685
uob,maybridge-0375-976015029,O=C(CBr)c1ccc(N2CCOCC2)cc1,,,,"MolGlyph 1.1.1 (BioMiner git 17c6161, molglyph_large)",0.15219216980040073
uob,maybridge-0376-105416330,O=C(CBr)c1cc(C(F)(F)F)cc(C(F)(F)F)c1,,,,"MolGlyph 1.1.1 (BioMiner git 17c6161, molglyph_large)",0.2006546389311552
uob,maybridge-0376-269375483,O=C(CBr)c1ccncc1,,,,"MolGlyph 1.1.1 (BioMiner git 17c6161, molglyph_large)",0.10341282933950424
uob,maybridge-0376-301788362,O=C(CBr)c1ccccn1,,,,"MolGlyph 1.1.1 (BioMiner git 17c6161, molglyph_large)",0.1052215676754713
uob,maybridge-0376-338104194,O=C(CBr)c1cccnc1,,,,"MolGlyph 1.1.1 (BioMiner git 17c6161, molglyph_large)",0.10287946090102196
uob,maybridge-0376-578922955,O=C(CBr)C(c1ccccc1)c1ccccc1,,,,"MolGlyph 1.1.1 (BioMiner git 17c6161, molglyph_large)",0.15560840256512165
uob,maybridge-0376-675213291,O=C(CBr)c1c(Cl)cc(C(F)(F)F)cc1Cl,,,,"MolGlyph 1.1.1 (BioMiner git 17c6161, molglyph_large)",0.1711930688470602
uob,maybridge-0376-799974992,O=C1Cc2cc(C(=O)CBr)ccc2N1,,,,"MolGlyph 1.1.1 (BioMiner git 17c6161, molglyph_large)",0.14650366827845573
uob,maybridge-0376-827839817,O=C(CBr)c1coc2ccccc12,,,,"MolGlyph 1.1.1 (BioMiner git 17c6161, molglyph_large)",0.1286528166383505
uob,maybridge-0376-951290943,O=C(CBr)c1cc2ccccc2o1,,,,"MolGlyph 1.1.1 (BioMiner git 17c6161, molglyph_large)",0.12853251583874226
uob,maybridge-0376-993997092,Cn1c(C(=O)CBr)nc2ccccc21,,,,"MolGlyph 1.1.1 (BioMiner git 17c6161, molglyph_large)",0.14193079993128777
uob,maybridge-0377-200011683,Cc1c(C(=O)CBr)sc2ccccc12,,,,"MolGlyph 1.1.1 (BioMiner git 17c6161, molglyph_large)",0.14534448832273483
uob,maybridge-0377-40590070,Cc1c(C(=O)CBr)sc2ccc(Cl)cc12,,,,"MolGlyph 1.1.1 (BioMiner git 17c6161, molglyph_large)",0.15813587978482246
uob,maybridge-0377-541246706,O=C(CBr)c1ccc2occc2c1,,,,"MolGlyph 1.1.1 (BioMiner git 17c6161, molglyph_large)",0.1277660634368658
uob,maybridge-0377-629490064,Cc1ccc2sc(C(=O)CBr)c(C)c2c1,,,,"MolGlyph 1.1.1 (BioMiner git 17c6161, molglyph_large)",0.15636127814650536
uob,maybridge-0377-674339366,O=C(CBr)c1cc(Br)cc2c1OCC2,,,,"MolGlyph 1.1.1 (BioMiner git 17c6161, molglyph_large)",0.14193153381347656
uob,maybridge-0377-727314170,O=C(CBr)c1ccc2c(c1)OCO2,,,,"MolGlyph 1.1.1 (BioMiner git 17c6161, molglyph_large)",0.13717943243682384
uob,maybridge-0377-742436189,O=C(CBr)c1cc2ccccc2s1,,,,"MolGlyph 1.1.1 (BioMiner git 17c6161, molglyph_large)",0.12772756814956665
uob,maybridge-0377-836889159,Cc1c(C(=O)CCl)sc2ccc(Cl)cc12,,,,"MolGlyph 1.1.1 (BioMiner git 17c6161, molglyph_large)",0.15614716708660126
uob,maybridge-0377-891474793,O=C(CBr)c1cc2cc(Br)ccc2o1,,,,"MolGlyph 1.1.1 (BioMiner git 17c6161, molglyph_large)",0.1416249591857195
uob,maybridge-0377-971207393,O=C(CBr)c1csc2ccccc12,,,,"MolGlyph 1.1.1 (BioMiner git 17c6161, molglyph_large)",0.12710046209394932
uob,maybridge-0378-140945183,O=C(CBr)c1ccc2c(c1)OCCCO2,,,,"MolGlyph 1.1.1 (BioMiner git 17c6161, molglyph_large)",0.14659169130027294
uob,maybridge-0378-297246047,CCc1cc2c(cc1C(=O)CBr)C(C)(C)CCC2(C)C,,,,"MolGlyph 1.1.1 (BioMiner git 17c6161, molglyph_large)",0.19941068813204765
uob,maybridge-0378-48915704,O=C1c2nonc2CCC1Br,,,,"MolGlyph 1.1.1 (BioMiner git 17c6161, molglyph_large)",0.10773083753883839
uob,maybridge-0378-583128790,O=C(CBr)c1cccc2c1OCCO2,,,,"MolGlyph 1.1.1 (BioMiner git 17c6161, molglyph_large)",0.13212495297193527
uob,maybridge-0378-654662568,O=C(CBr)c1ccc2c(c1)OCCO2,,,,"MolGlyph 1.1.1 (BioMiner git 17c6161, molglyph_large)",0.14129618182778358
uob,maybridge-0378-661262152,O=C(CBr)c1nc2ccccc2s1,,,,"MolGlyph 1.1.1 (BioMiner git 17c6161, molglyph_large)",0.1268026176840067
uob,maybridge-0378-691947924,O=C(CBr)c1csc2ccc(Br)cc12,,,,"MolGlyph 1.1.1 (BioMiner git 17c6161, molglyph_large)",0.142152551561594
uob,maybridge-0378-753717944,CC1(C)CCC(C)(C)c2cc(C(=O)CBr)ccc21,,,,"MolGlyph 1.1.1 (BioMiner git 17c6161, molglyph_large)",0.18948453851044178
uob,maybridge-0378-803260148,O=C(CBr)c1cccc2c1OCCCO2,,,,"MolGlyph 1.1.1 (BioMiner git 17c6161, molglyph_large)",0.13738886266946793
uob,maybridge-0378-909442568,O=C(CBr)c1ccc2sccc2c1,,,,"MolGlyph 1.1.1 (BioMiner git 17c6161, molglyph_large)",0.1273887064307928
uob,maybridge-0379-176561251,O=C(CCl)CCl,,,,"MolGlyph 1.1.1 (BioMiner git 17c6161, molglyph_large)",0.07329871132969856
uob,maybridge-0379-370010940,CC(C)(C)C(=O)CBr,,,,"MolGlyph 1.1.1 (BioMiner git 17c6161, molglyph_large)",0.10227585583925247
uob,maybridge-0379-946093491,CCOC(=O)C(=O)CBr,,,,"MolGlyph 1.1.1 (BioMiner git 17c6161, molglyph_large)",0.10281670838594437
uob,maybridge-0379-973024812,COC(=O)C(Cl)C(=O)C(C)(C)C,,,,"MolGlyph 1.1.1 (BioMiner git 17c6161, molglyph_large)",0.1466851457953453
uob,maybridge-0380-112748934,OCc1cc(-c2ccco2)[nH]n1,,,,"MolGlyph 1.1.1 (BioMiner git 17c6161, molglyph_large)",0.13661042600870132
uob,maybridge-0380-403945534,CC(C)(CO)n1cccc1,,,,"MolGlyph 1.1.1 (BioMiner git 17c6161, molglyph_large)",0.10986164212226868
uob,maybridge-0380-452303754,OCc1cc(-c2cccs2)[nH]n1,,,,"MolGlyph 1.1.1 (BioMiner git 17c6161, molglyph_large)",0.13774861209094524
uob,maybridge-0380-822086798,CCOC(=O)c1[nH]c(C)c(CO)c1C,,,,"MolGlyph 1.1.1 (BioMiner git 17c6161, molglyph_large)",0.1562614757567644
uob,maybridge-0380-846688106,OC1CN(C(c2ccccc2)c2ccccc2)C1,,,,"MolGlyph 1.1.1 (BioMiner git 17c6161, molglyph_large)",0.1672430168837309
uob,maybridge-0380-85849794,Cn1ccc(CO)n1,,,,"MolGlyph 1.1.1 (BioMiner git 17c6161, molglyph_large)",0.08879636600613594
uob,maybridge-0380-90523519,Cc1cc(CO)n(C)n1,,,,"MolGlyph 1.1.1 (BioMiner git 17c6161, molglyph_large)",0.10301944427192211
uob,maybridge-0380-926957211,Cn1nc(-c2ccco2)cc1CO,,,,"MolGlyph 1.1.1 (BioMiner git 17c6161, molglyph_large)",0.12844772264361382
uob,maybridge-0380-929503466,Cc1cc(CO)nn1C,,,,"MolGlyph 1.1.1 (BioMiner git 17c6161, molglyph_large)",0.0940226148813963
uob,maybridge-0380-939077900,Cn1nc(CO)cc1-c1ccco1,,,,"MolGlyph 1.1.1 (BioMiner git 17c6161, molglyph_large)",0.12853719480335712
uob,maybridge-0381-1009180704,Cn1nc(CO)cc1-c1cccs1,,,,"MolGlyph 1.1.1 (BioMiner git 17c6161, molglyph_large)",0.127606563270092
uob,maybridge-0381-169874600,Cc1c(CO)cnn1-c1ccc(F)cc1,,,,"MolGlyph 1.1.1 (BioMiner git 17c6161, molglyph_large)",0.14713435247540474
uob,maybridge-0381-240979692,Cn1nc(CO)cc1-c1ccccc1,,,,"MolGlyph 1.1.1 (BioMiner git 17c6161, molglyph_large)",0.13293804787099361
uob,maybridge-0381-567991847,Cn1cnc(CO)c1,,,,"MolGlyph 1.1.1 (BioMiner git 17c6161, molglyph_large)",0.0885076206177473
uob,maybridge-0381-627004710,Cc1c(CO)cnn1-c1ccccc1,,,,"MolGlyph 1.1.1 (BioMiner git 17c6161, molglyph_large)",0.13217908702790737
uob,maybridge-0381-644052063,Cn1ncc(CO)c1-c1ccccc1,,,,"MolGlyph 1.1.1 (BioMiner git 17c6161, molglyph_large)",0.13173186406493187
uob,maybridge-0381-805627828,Cn1nc(-c2ccccc2)cc1CO,,,,"MolGlyph 1.1.1 (BioMiner git 17c6161, molglyph_large)",0.13275820948183537
uob,maybridge-0381-85356767,Cc1nn(-c2ccccc2)c(C)c1CO,,,,"MolGlyph 1.1.1 (BioMiner git 17c6161, molglyph_large)",0.14718343876302242
uob,maybridge-0381-890112006,Cn1nc(-c2cccs2)cc1CO,,,,"MolGlyph 1.1.1 (BioMiner git 17c6161, molglyph_large)",0.12743449211120605
uob,maybridge-0381-892167388,Cn1ccnc1CO,,,,"MolGlyph 1.1.1 (BioMiner git 17c6161, molglyph_large)",0.07885376177728176
uob,maybridge-0382-252561146,Cc1cc(CO)c(-c2ccccc2)o1,,,,"MolGlyph 1.1.1 (BioMiner git 17c6161, molglyph_large)",0.14224310591816902
uob,maybridge-0382-324671811,CCCCc1nc(CO)c(Cl)[nH]1,,,,"MolGlyph 1.1.1 (BioMiner git 17c6161, molglyph_large)",0.13361148349940777
uob,maybridge-0382-385346671,OCc1c[nH]cn1,,,,"MolGlyph 1.1.1 (BioMiner git 17c6161, molglyph_large)",0.09530813619494438
uob,maybridge-0382-413247542,OCc1ccc(C(F)(F)F)o1,,,,"MolGlyph 1.1.1 (BioMiner git 17c6161, molglyph_large)",0.12279744446277618
uob,maybridge-0382-439016590,CSc1ncc(CO)n1Cc1ccccc1,,,,"MolGlyph 1.1.1 (BioMiner git 17c6161, molglyph_large)",0.13778328709304333
uob,maybridge-0382-563815804,Cc1ccc(CO)o1,,,,"MolGlyph 1.1.1 (BioMiner git 17c6161, molglyph_large)",0.08858836442232132
uob,maybridge-0382-591905314,CC1(O)CNC(=O)C1,,,,"MolGlyph 1.1.1 (BioMiner git 17c6161, molglyph_large)",0.10287787020206451
uob,maybridge-0382-710575534,Cc1oc(-c2ccccc2)cc1CO,,,,"MolGlyph 1.1.1 (BioMiner git 17c6161, molglyph_large)",0.13225920870900154
uob,maybridge-0382-794356947,OCc1nccn1Cc1ccccc1,,,,"MolGlyph 1.1.1 (BioMiner git 17c6161, molglyph_large)",0.11784079857170582
uob,maybridge-0382-865805804,Cn1cncc1CO,,,,"MolGlyph 1.1.1 (BioMiner git 17c6161, molglyph_large)",0.0793428085744381
uob,maybridge-0382-952892500,Cl.OCc1ncc[nH]1,,,,"MolGlyph 1.1.1 (BioMiner git 17c6161, molglyph_large)",0.09848234057426453
uob,maybridge-0382-996510757,Cc1nn(-c2ccccc2)nc1CO,,,,"MolGlyph 1.1.1 (BioMiner git 17c6161, molglyph_large)",0.1324250642210245
uob,maybridge-0383-12915411,OCc1ccc(-c2ccccn2)s1,,,,"MolGlyph 1.1.1 (BioMiner git 17c6161, molglyph_large)",0.1274284441024065
uob,maybridge-0383-203274519,OCc1ccc(-c2cccs2)s1,,,,"MolGlyph 1.1.1 (BioMiner git 17c6161, molglyph_large)",0.12226065807044506
uob,maybridge-0383-383278465,OCc1ccc(-c2ccco2)s1,,,,"MolGlyph 1.1.1 (BioMiner git 17c6161, molglyph_large)",0.12268071062862873
uob,maybridge-0383-41455490,OCc1ccc(Oc2ccccc2)o1,,,,"MolGlyph 1.1.1 (BioMiner git 17c6161, molglyph_large)",0.12738391011953354
uob,maybridge-0383-490271544,OCc1ccc(-c2cc(C(F)(F)F)cc(C(F)(F)F)c2)o1,,,,"MolGlyph 1.1.1 (BioMiner git 17c6161, molglyph_large)",0.2251784633845091
uob,maybridge-0383-502619596,OCc1ccc(N2CCOCC2)s1,,,,"MolGlyph 1.1.1 (BioMiner git 17c6161, molglyph_large)",0.12278075143694878
uob,maybridge-0383-506255342,Cc1nc(-c2ccc(CO)s2)cs1,,,,"MolGlyph 1.1.1 (BioMiner git 17c6161, molglyph_large)",0.13792874105274677
uob,maybridge-0383-544189000,OCc1ccc(Oc2cccnc2)o1,,,,"MolGlyph 1.1.1 (BioMiner git 17c6161, molglyph_large)",0.127988176420331
uob,maybridge-0383-545144477,OCc1cc(Br)cs1,,,,"MolGlyph 1.1.1 (BioMiner git 17c6161, molglyph_large)",0.08865092322230339
uob,maybridge-0383-692577509,OCc1ccsc1Br,,,,"MolGlyph 1.1.1 (BioMiner git 17c6161, molglyph_large)",0.07803376391530037
uob,maybridge-0383-734834778,OCc1sccc1-n1cccc1,,,,"MolGlyph 1.1.1 (BioMiner git 17c6161, molglyph_large)",0.11270981840789318
uob,maybridge-0383-868163184,Cc1csc(CO)c1,,,,"MolGlyph 1.1.1 (BioMiner git 17c6161, molglyph_large)",0.08893097192049026
uob,maybridge-0384-165414024,OCc1ncoc1-c1ccccc1,,,,"MolGlyph 1.1.1 (BioMiner git 17c6161, molglyph_large)",0.1178226713091135
uob,maybridge-0384-247955767,OCc1cc(-c2ccco2)on1,,,,"MolGlyph 1.1.1 (BioMiner git 17c6161, molglyph_large)",0.12296554259955883
uob,maybridge-0384-352141199,Cc1onc(-c2ccccc2)c1CO,,,,"MolGlyph 1.1.1 (BioMiner git 17c6161, molglyph_large)",0.13239088840782642
uob,maybridge-0384-375073057,Cn1nc(-c2ccc(CO)s2)cc1C(F)(F)F,,,,"MolGlyph 1.1.1 (BioMiner git 17c6161, molglyph_large)",0.17577644996345043
uob,maybridge-0384-548599134,Cc1nc(-c2cc(CO)no2)cs1,,,,"MolGlyph 1.1.1 (BioMiner git 17c6161, molglyph_large)",0.13707966729998589
uob,maybridge-0384-559591837,OCc1cc(-c2cccs2)on1,,,,"MolGlyph 1.1.1 (BioMiner git 17c6161, molglyph_large)",0.12276315502822399
uob,maybridge-0384-603591222,Cc1noc(C)c1CO,,,,"MolGlyph 1.1.1 (BioMiner git 17c6161, molglyph_large)",0.09360463917255402
uob,maybridge-0384-710803003,Cc1onc(-c2c(Cl)cccc2Cl)c1CO,,,,"MolGlyph 1.1.1 (BioMiner git 17c6161, molglyph_large)",0.1515128556638956
uob,maybridge-0384-74338899,Cc1noc(-c2ccccc2)c1CO,,,,"MolGlyph 1.1.1 (BioMiner git 17c6161, molglyph_large)",0.13414911553263664
uob,maybridge-0384-779583438,Cc1nc(CO)c(C)o1,,,,"MolGlyph 1.1.1 (BioMiner git 17c6161, molglyph_large)",0.10296127945184708
uob,maybridge-0384-837537578,Cc1cc(CO)no1,,,,"MolGlyph 1.1.1 (BioMiner git 17c6161, molglyph_large)",0.08810157142579556
uob,maybridge-0384-848407541,OCc1cc(-c2ccccc2)on1,,,,"MolGlyph 1.1.1 (BioMiner git 17c6161, molglyph_large)",0.12802554108202457
uob,maybridge-0385-251471112,Cc1nc(C)c(CO)s1,,,,"MolGlyph 1.1.1 (BioMiner git 17c6161, molglyph_large)",0.10344051197171211
uob,maybridge-0385-278033901,OCc1csc(-c2ccccc2)n1,,,,"MolGlyph 1.1.1 (BioMiner git 17c6161, molglyph_large)",0.12692993506789207
uob,maybridge-0385-28798752,OCc1csc(-c2cccc(Cl)c2)n1,,,,"MolGlyph 1.1.1 (BioMiner git 17c6161, molglyph_large)",0.141480116173625
uob,maybridge-0385-538830926,Cc1oc(-c2ccccc2)nc1CO,,,,"MolGlyph 1.1.1 (BioMiner git 17c6161, molglyph_large)",0.13271717354655266
uob,maybridge-0385-561551416,Cc1nc(-c2ccccc2)c(CO)s1,,,,"MolGlyph 1.1.1 (BioMiner git 17c6161, molglyph_large)",0.14222102239727974
uob,maybridge-0385-80639619,Cc1oc(-c2ccccc2)nc1CCO,,,,"MolGlyph 1.1.1 (BioMiner git 17c6161, molglyph_large)",0.13731887005269527
uob,maybridge-0385-826165853,Cc1nc(-c2ccccc2)sc1CO,,,,"MolGlyph 1.1.1 (BioMiner git 17c6161, molglyph_large)",0.1322887148708105
uob,maybridge-0385-847652423,Cc1nc(CO)cs1,,,,"MolGlyph 1.1.1 (BioMiner git 17c6161, molglyph_large)",0.08834990672767162
uob,maybridge-0385-874817505,OCc1csc(-c2ccc(C(F)(F)F)cc2)n1,,,,"MolGlyph 1.1.1 (BioMiner git 17c6161, molglyph_large)",0.1750197522342205
uob,maybridge-0385-928840397,OCc1nccs1,,,,"MolGlyph 1.1.1 (BioMiner git 17c6161, molglyph_large)",0.07362566888332367
uob,maybridge-0385-956483029,OCc1csc(-c2cccnc2)n1,,,,"MolGlyph 1.1.1 (BioMiner git 17c6161, molglyph_large)",0.12670565955340862
uob,maybridge-0386-102390459,CC(C)(C)OC(=O)N1CCC(c2nc(CO)cs2)CC1,,,,"MolGlyph 1.1.1 (BioMiner git 17c6161, molglyph_large)",0.2061274964362383
uob,maybridge-0386-266910023,OCc1cc(F)cc(F)c1,,,,"MolGlyph 1.1.1 (BioMiner git 17c6161, molglyph_large)",0.10803727991878986
uob,maybridge-0386-533217681,OCc1cccc(-n2cccc2)c1,,,,"MolGlyph 1.1.1 (BioMiner git 17c6161, molglyph_large)",0.12727008946239948
uob,maybridge-0386-601293773,OCc1c(F)cccc1Cl,,,,"MolGlyph 1.1.1 (BioMiner git 17c6161, molglyph_large)",0.09743188507854939
uob,maybridge-0386-627540606,O=C(O)C(O)c1ccccc1,,,,"MolGlyph 1.1.1 (BioMiner git 17c6161, molglyph_large)",0.11702855303883553
uob,maybridge-0386-764451753,OCc1sc(-c2ccccc2)nc1-c1ccccc1,,,,"MolGlyph 1.1.1 (BioMiner git 17c6161, molglyph_large)",0.17044103518128395
uob,maybridge-0386-862805690,Cc1nc(C2CCN(C(=O)OC(C)(C)C)CC2)sc1CO,,,,"MolGlyph 1.1.1 (BioMiner git 17c6161, molglyph_large)",0.20577443577349186
uob,maybridge-0386-896344751,OCc1ccccc1-n1cccc1,,,,"MolGlyph 1.1.1 (BioMiner git 17c6161, molglyph_large)",0.11817490495741367
uob,maybridge-0386-896556208,OCc1snnc1-c1ccccc1,,,,"MolGlyph 1.1.1 (BioMiner git 17c6161, molglyph_large)",0.11775682866573334
uob,maybridge-0386-943942163,Cc1nc(CCO)cs1,,,,"MolGlyph 1.1.1 (BioMiner git 17c6161, molglyph_large)",0.0930599570274353
uob,maybridge-0386-970847227,Cc1nc(-c2ccc(C(F)(F)F)cc2)sc1CO,,,,"MolGlyph 1.1.1 (BioMiner git 17c6161, molglyph_large)",0.18124445527791977
uob,maybridge-0387-335914754,OCc1ccc(-n2cncn2)cc1,,,,"MolGlyph 1.1.1 (BioMiner git 17c6161, molglyph_large)",0.12690711952745914
uob,maybridge-0387-490580330,OCc1ccc(-n2cccc2)cc1,,,,"MolGlyph 1.1.1 (BioMiner git 17c6161, molglyph_large)",0.12723097205162048
uob,maybridge-0387-557306637,OCc1ccccc1-n1cccn1,,,,"MolGlyph 1.1.1 (BioMiner git 17c6161, molglyph_large)",0.11695035360753536
uob,maybridge-0387-592017777,OCc1cccc(-n2cncn2)c1,,,,"MolGlyph 1.1.1 (BioMiner git 17c6161, molglyph_large)",0.12679524905979633
uob,maybridge-0387-648707942,OCc1ccc(-n2ccnc2)cc1,,,,"MolGlyph 1.1.1 (BioMiner git 17c6161, molglyph_large)",0.12731868214905262
uob,maybridge-0387-670861709,OCc1cccc(-c2ccco2)c1,,,,"MolGlyph 1.1.1 (BioMiner git 17c6161, molglyph_large)",0.12722028605639935
uob,maybridge-0387-750096432,OCc1ccc(-c2ccco2)cc1,,,,"MolGlyph 1.1.1 (BioMiner git 17c6161, molglyph_large)",0.12702806666493416
uob,maybridge-0387-793196219,OCc1cccc(-n2cccn2)c1,,,,"MolGlyph 1.1.1 (BioMiner git 17c6161, molglyph_large)",0.12718099169433117
uob,maybridge-0387-89513,OCc1ccccc1-c1ccco1,,,,"MolGlyph 1.1.1 (BioMiner git 17c6161, molglyph_large)",0.1177958995103836
uob,maybridge-0387-927135498,OCc1ccccc1N1CCCC1,,,,"MolGlyph 1.1.1 (BioMiner git 17c6161, molglyph_large)",0.11240924522280693
uob,maybridge-0387-983136944,OCc1ccc(-n2cccn2)cc1,,,,"MolGlyph 1.1.1 (BioMiner git 17c6161, molglyph_large)",0.12721343897283077
uob,maybridge-0387-984531291,OCc1cccc(N2CCCC2)c1,,,,"MolGlyph 1.1.1 (BioMiner git 17c6161, molglyph_large)",0.12243173643946648
uob,maybridge-0388-1046498725,OCc1ccc(-c2ccncc2)cc1,,,,"MolGlyph 1.1.1 (BioMiner git 17c6161, molglyph_large)",0.13180936314165592
uob,maybridge-0388-192246668,O=C(O)C(O)c1ccccc1Cl,,,,"MolGlyph 1.1.1 (BioMiner git 17c6161, molglyph_large)",0.12212478555738926
uob,maybridge-0388-202433208,OCc1cccc(Cn2ccnc2)c1,,,,"MolGlyph 1.1.1 (BioMiner git 17c6161, molglyph_large)",0.12651605904102325
uob,maybridge-0388-230576419,OCc1ccc(N2CCCC2)cc1,,,,"MolGlyph 1.1.1 (BioMiner git 17c6161, molglyph_large)",0.12242683582007885
uob,maybridge-0388-258642166,OCc1ccc(-c2cncnc2)cc1,,,,"MolGlyph 1.1.1 (BioMiner git 17c6161, molglyph_large)",0.1319284439086914
uob,maybridge-0388-433807668,Cc1ccc(C)c(C(O)C(=O)O)c1,,,,"MolGlyph 1.1.1 (BioMiner git 17c6161, molglyph_large)",0.14609657041728497
uob,maybridge-0388-541390190,OCc1ccc(-c2ccccn2)cc1,,,,"MolGlyph 1.1.1 (BioMiner git 17c6161, molglyph_large)",0.13213461078703403
uob,maybridge-0388-645076867,OCc1ccc(-c2cccnc2)cc1,,,,"MolGlyph 1.1.1 (BioMiner git 17c6161, molglyph_large)",0.13177589140832424
uob,maybridge-0388-677388609,OCc1ccccc1-c1cccnc1,,,,"MolGlyph 1.1.1 (BioMiner git 17c6161, molglyph_large)",0.12201305478811264
uob,maybridge-0388-701503153,OCc1cccc(-c2cncnc2)c1,,,,"MolGlyph 1.1.1 (BioMiner git 17c6161, molglyph_large)",0.13225453160703182
uob,maybridge-0388-790581565,OCc1cccc(-c2ccncc2)c1,,,,"MolGlyph 1.1.1 (BioMiner git 17c6161, molglyph_large)",0.13181053288280964
uob,maybridge-0388-946274847,OCc1cccc(-c2cccnc2)c1,,,,"MolGlyph 1.1.1 (BioMiner git 17c6161, molglyph_large)",0.13169202394783497
uob,maybridge-0389-1061850861,OCc1ccc(Cn2cccn2)cc1,,,,"MolGlyph 1.1.1 (BioMiner git 17c6161, molglyph_large)",0.12712308764457703
uob,maybridge-0389-209880127,OCc1cccc(Cn2cccn2)c1,,,,"MolGlyph 1.1.1 (BioMiner git 17c6161, molglyph_large)",0.12771317176520824
uob,maybridge-0389-412988051,OCc1ccccc1Cn1cncn1,,,,"MolGlyph 1.1.1 (BioMiner git 17c6161, molglyph_large)",0.11739949695765972
uob,maybridge-0389-431489274,Cc1noc(-c2ccc(CO)cc2)n1,,,,"MolGlyph 1.1.1 (BioMiner git 17c6161, molglyph_large)",0.14166012406349182
uob,maybridge-0389-465732533,Cc1noc(-c2ccccc2CO)n1,,,,"MolGlyph 1.1.1 (BioMiner git 17c6161, molglyph_large)",0.1321339588612318
uob,maybridge-0389-501330862,Cc1nc(-c2cccc(CO)c2)no1,,,,"MolGlyph 1.1.1 (BioMiner git 17c6161, molglyph_large)",0.1412903293967247
uob,maybridge-0389-758843250,OCc1ccc(Cn2ccnc2)cc1,,,,"MolGlyph 1.1.1 (BioMiner git 17c6161, molglyph_large)",0.12784275226294994
uob,maybridge-0389-784583003,OCc1cccc(Cn2cncn2)c1,,,,"MolGlyph 1.1.1 (BioMiner git 17c6161, molglyph_large)",0.12673093751072884
uob,maybridge-0389-805878656,Cc1nc(-c2ccc(CO)cc2)no1,,,,"MolGlyph 1.1.1 (BioMiner git 17c6161, molglyph_large)",0.1417539082467556
uob,maybridge-0389-89426572,OCc1ccc(Cn2cncn2)cc1,,,,"MolGlyph 1.1.1 (BioMiner git 17c6161, molglyph_large)",0.126657173037529
uob,maybridge-0390-1013443601,OCc1ccccc1N1CCOCC1,,,,"MolGlyph 1.1.1 (BioMiner git 17c6161, molglyph_large)",0.11739472486078739
uob,maybridge-0390-1041338917,OCc1ccc(-c2ccsc2)cc1,,,,"MolGlyph 1.1.1 (BioMiner git 17c6161, molglyph_large)",0.12718752585351467
uob,maybridge-0390-1050519866,OCc1ccccc1-c1cccs1,,,,"MolGlyph 1.1.1 (BioMiner git 17c6161, molglyph_large)",0.11741806752979755
uob,maybridge-0390-173542653,OCc1ccc(N2CCCCC2)cc1,,,,"MolGlyph 1.1.1 (BioMiner git 17c6161, molglyph_large)",0.12730952724814415
uob,maybridge-0390-215490846,OCc1cccc(N2CCCCC2)c1,,,,"MolGlyph 1.1.1 (BioMiner git 17c6161, molglyph_large)",0.12785206735134125
uob,maybridge-0390-226536570,OCc1cccc(-c2cccs2)c1,,,,"MolGlyph 1.1.1 (BioMiner git 17c6161, molglyph_large)",0.12682722695171833
uob,maybridge-0390-233449857,OCc1cccc(-c2nccs2)c1,,,,"MolGlyph 1.1.1 (BioMiner git 17c6161, molglyph_large)",0.12715476751327515
uob,maybridge-0390-546380650,OCc1ccc(CN2CCCC2)cc1,,,,"MolGlyph 1.1.1 (BioMiner git 17c6161, molglyph_large)",0.12692645005881786
uob,maybridge-0390-636175745,OCc1ccc(-c2cccs2)cc1,,,,"MolGlyph 1.1.1 (BioMiner git 17c6161, molglyph_large)",0.12720383889973164
uob,maybridge-0390-806235801,OCc1ccc(-c2nccs2)cc1,,,,"MolGlyph 1.1.1 (BioMiner git 17c6161, molglyph_large)",0.12699919193983078
uob,maybridge-0390-985716734,OCc1cccc(-c2ccsc2)c1,,,,"MolGlyph 1.1.1 (BioMiner git 17c6161, molglyph_large)",0.1278106588870287
uob,maybridge-0390-997892703,OCc1cccc(CN2CCCC2)c1,,,,"MolGlyph 1.1.1 (BioMiner git 17c6161, molglyph_large)",0.12691852264106274
uob,maybridge-0391-1013687739,OCc1cccc(N2CCOCC2)c1,,,,"MolGlyph 1.1.1 (BioMiner git 17c6161, molglyph_large)",0.1285490281879902
uob,maybridge-0391-1056287084,OCc1cccc(Oc2ccccn2)c1,,,,"MolGlyph 1.1.1 (BioMiner git 17c6161, molglyph_large)",0.13149942830204964
uob,maybridge-0391-262017862,OCc1ccc(N2CCOCC2)cc1,,,,"MolGlyph 1.1.1 (BioMiner git 17c6161, molglyph_large)",0.1269607339054346
uob,maybridge-0391-328746827,Cc1nc(-c2ccc(CO)cc2)cs1,,,,"MolGlyph 1.1.1 (BioMiner git 17c6161, molglyph_large)",0.14172076806426048
uob,maybridge-0391-386476305,COc1ccc(CO)c(Cl)c1OC,,,,"MolGlyph 1.1.1 (BioMiner git 17c6161, molglyph_large)",0.12190791592001915
uob,maybridge-0391-393694049,CN(C)CCOc1ccccc1CO,,,,"MolGlyph 1.1.1 (BioMiner git 17c6161, molglyph_large)",0.11750568822026253
uob,maybridge-0391-402844346,OCc1ccccc1Oc1ccccc1,,,,"MolGlyph 1.1.1 (BioMiner git 17c6161, molglyph_large)",0.12290628254413605
uob,maybridge-0391-460484291,OCc1ccc(Oc2ccccn2)cc1,,,,"MolGlyph 1.1.1 (BioMiner git 17c6161, molglyph_large)",0.1321122609078884
uob,maybridge-0391-50522020,Cc1nc(-c2cccc(CO)c2)cs1,,,,"MolGlyph 1.1.1 (BioMiner git 17c6161, molglyph_large)",0.14171643741428852
uob,maybridge-0391-7074587,OCc1c(F)c(F)c(F)c(F)c1F,,,,"MolGlyph 1.1.1 (BioMiner git 17c6161, molglyph_large)",0.14177104271948338
uob,maybridge-0391-952789757,OCc1ccc(Oc2ccccc2)cc1,,,,"MolGlyph 1.1.1 (BioMiner git 17c6161, molglyph_large)",0.13178022019565105
uob,maybridge-0391-974488421,CN(C)CCOc1ccc(CO)cc1,,,,"MolGlyph 1.1.1 (BioMiner git 17c6161, molglyph_large)",0.12764349021017551
uob,maybridge-0392-1013687739,CN1CCN(c2ccccc2CO)CC1,,,,"MolGlyph 1.1.1 (BioMiner git 17c6161, molglyph_large)",0.13203098624944687
uob,maybridge-0392-1042256969,OCc1cccc(CN2CCCCC2)c1,,,,"MolGlyph 1.1.1 (BioMiner git 17c6161, molglyph_large)",0.13265439495444298
uob,maybridge-0392-1056287084,CN1CCN(Cc2cccc(CO)c2)CC1,,,,"MolGlyph 1.1.1 (BioMiner git 17c6161, molglyph_large)",0.1459797266870737
uob,maybridge-0392-262017862,OCc1ccccc1CN1CCOCC1,,,,"MolGlyph 1.1.1 (BioMiner git 17c6161, molglyph_large)",0.12469852901995182
uob,maybridge-0392-393694049,OCc1ccc(CN2CCOCC2)cc1,,,,"MolGlyph 1.1.1 (BioMiner git 17c6161, molglyph_large)",0.1316053308546543
uob,maybridge-0392-402844346,OCc1cccc(COc2ccccc2)c1,,,,"MolGlyph 1.1.1 (BioMiner git 17c6161, molglyph_large)",0.1369437612593174
uob,maybridge-0392-7074587,OCc1ccccc1COc1ccccc1,,,,"MolGlyph 1.1.1 (BioMiner git 17c6161, molglyph_large)",0.12692090682685375
uob,maybridge-0392-811005367,CN1CCN(c2ccc(CO)cc2)CC1,,,,"MolGlyph 1.1.1 (BioMiner git 17c6161, molglyph_large)",0.14220944605767727
uob,maybridge-0392-952789757,CN1CCCN(c2ccc(CO)cc2)CC1,,,,"MolGlyph 1.1.1 (BioMiner git 17c6161, molglyph_large)",0.1523321270942688
uob,maybridge-0392-95679130,OCc1ccc(CN2CCCCC2)cc1,,,,"MolGlyph 1.1.1 (BioMiner git 17c6161, molglyph_large)",0.13195817917585373
uob,maybridge-0392-974488421,OCc1cccc(CN2CCOCC2)c1,,,,"MolGlyph 1.1.1 (BioMiner git 17c6161, molglyph_large)",0.13185514509677887
uob,maybridge-0393-1001307775,CN1CCN(Cc2ccccc2CO)CC1,,,,"MolGlyph 1.1.1 (BioMiner git 17c6161, molglyph_large)",0.13691071793437004
uob,maybridge-0393-1016160499,CC(C)(C)OC(=O)NCc1ccc(CO)cc1,,,,"MolGlyph 1.1.1 (BioMiner git 17c6161, molglyph_large)",0.1660291589796543
uob,maybridge-0393-146409265,NNC(=O)C(O)(c1ccccc1)c1ccccc1,,,,"MolGlyph 1.1.1 (BioMiner git 17c6161, molglyph_large)",0.17074577324092388
uob,maybridge-0393-279308574,CN1CCCN(Cc2ccc(CO)cc2)CC1,,,,"MolGlyph 1.1.1 (BioMiner git 17c6161, molglyph_large)",0.15110595896840096
uob,maybridge-0393-318002702,OCc1cc(O)ccc1I,,,,"MolGlyph 1.1.1 (BioMiner git 17c6161, molglyph_large)",0.0981396846473217
uob,maybridge-0393-405740801,CC(C)(C)OC(=O)NCc1cccc(CO)c1,,,,"MolGlyph 1.1.1 (BioMiner git 17c6161, molglyph_large)",0.16600074619054794
uob,maybridge-0393-447064713,OCc1cccc(OCCN2CCOCC2)c1,,,,"MolGlyph 1.1.1 (BioMiner git 17c6161, molglyph_large)",0.14182469993829727
uob,maybridge-0393-741742085,NC(=O)C1CCN(CC(O)c2ccccc2)CC1,,,,"MolGlyph 1.1.1 (BioMiner git 17c6161, molglyph_large)",0.17139693163335323
uob,maybridge-0393-746974683,OCc1ccccc1OCCN1CCOCC1,,,,"MolGlyph 1.1.1 (BioMiner git 17c6161, molglyph_large)",0.13291547633707523
uob,maybridge-0393-911998718,CN1CCN(Cc2ccc(CO)cc2)CC1,,,,"MolGlyph 1.1.1 (BioMiner git 17c6161, molglyph_large)",0.14645817317068577
uob,maybridge-0393-983523342,OCc1ccc(OCCN2CCOCC2)cc1,,,,"MolGlyph 1.1.1 (BioMiner git 17c6161, molglyph_large)",0.14166724495589733
uob,maybridge-0394-1009083617,CC(C)(C)OC(=O)N1CCN(c2ccc(CO)cc2)CC1,,,,"MolGlyph 1.1.1 (BioMiner git 17c6161, molglyph_large)",0.20476873964071274
uob,maybridge-0394-242598031,CC(C)(C)OC(=O)N1CCN(Cc2cccc(CO)c2)CC1,,,,"MolGlyph 1.1.1 (BioMiner git 17c6161, molglyph_large)",0.210334163159132
uob,maybridge-0394-487907403,OCc1ccc(I)c(O)c1,,,,"MolGlyph 1.1.1 (BioMiner git 17c6161, molglyph_large)",0.10786318592727184
uob,maybridge-0394-518324776,CC(C)(C)OC(=O)N1CCN(Cc2ccc(CO)cc2)CC1,,,,"MolGlyph 1.1.1 (BioMiner git 17c6161, molglyph_large)",0.21149429492652416
uob,maybridge-0394-645886110,OCc1cc(C(F)(F)F)ccc1N1CCOCC1,,,,"MolGlyph 1.1.1 (BioMiner git 17c6161, molglyph_large)",0.16653793677687645
uob,maybridge-0394-713878886,OCCc1ccc(O)cc1,,,,"MolGlyph 1.1.1 (BioMiner git 17c6161, molglyph_large)",0.09829320199787617
uob,maybridge-0394-743211019,CC(C)(C)OC(=O)N1CCN(c2ccccc2CO)CC1,,,,"MolGlyph 1.1.1 (BioMiner git 17c6161, molglyph_large)",0.19560505263507366
uob,maybridge-0394-91489977,[N+](c1ccc(C(O)CNCc2ccccc2)cc1)(=O)[O-],,,,"MolGlyph 1.1.1 (BioMiner git 17c6161, molglyph_large)",0.21921566873788834
uob,maybridge-0394-966328504,[N+](c1cc(CO)ccc1N1CCOCC1)(=O)[O-],,,,"MolGlyph 1.1.1 (BioMiner git 17c6161, molglyph_large)",0.1950566004961729
uob,maybridge-0395-151138024,Cc1cccc(CO)n1,,,,"MolGlyph 1.1.1 (BioMiner git 17c6161, molglyph_large)",0.09287724643945694
uob,maybridge-0395-190410422,Nc1ccc(S(=O)(=O)NCCO)cc1,,,,"MolGlyph 1.1.1 (BioMiner git 17c6161, molglyph_large)",0.1464383415877819
uob,maybridge-0395-409586475,CC(=O)Nc1ccc(S(=O)(=O)NCCO)cc1,,,,"MolGlyph 1.1.1 (BioMiner git 17c6161, molglyph_large)",0.1762979608029127
uob,maybridge-0395-420694735,OC1CCC(C(F)(F)F)CC1,,,,"MolGlyph 1.1.1 (BioMiner git 17c6161, molglyph_large)",0.12263521365821362
uob,maybridge-0395-479458456,OCCCc1ccc(Cl)cc1,,,,"MolGlyph 1.1.1 (BioMiner git 17c6161, molglyph_large)",0.10282230377197266
uob,maybridge-0395-508821865,OCCc1ccc(Br)cc1,,,,"MolGlyph 1.1.1 (BioMiner git 17c6161, molglyph_large)",0.09769697673618793
uob,maybridge-0395-605071582,Nc1ccc(CO)cn1,,,,"MolGlyph 1.1.1 (BioMiner git 17c6161, molglyph_large)",0.09308009408414364
uob,maybridge-0395-673979974,N#Cc1ccc(CCO)cc1,,,,"MolGlyph 1.1.1 (BioMiner git 17c6161, molglyph_large)",0.1079875510185957
uob,maybridge-0395-820559784,OCc1ncccc1F,,,,"MolGlyph 1.1.1 (BioMiner git 17c6161, molglyph_large)",0.08329351805150509
uob,maybridge-0395-924207167,CC1(C)CCC(O)CC1,,,,"MolGlyph 1.1.1 (BioMiner git 17c6161, molglyph_large)",0.10293351672589779
uob,maybridge-0395-945210413,O=C(CO)c1ccc(Br)cc1,,,,"MolGlyph 1.1.1 (BioMiner git 17c6161, molglyph_large)",0.11752511188387871
uob,maybridge-0395-985748688,OCc1ccncc1,,,,"MolGlyph 1.1.1 (BioMiner git 17c6161, molglyph_large)",0.0784949790686369
uob,maybridge-0396-1031275971,OCc1ccc(-c2ccccc2)nc1,,,,"MolGlyph 1.1.1 (BioMiner git 17c6161, molglyph_large)",0.1319070030003786
uob,maybridge-0396-243738551,OCc1cccnc1N1CCCCC1,,,,"MolGlyph 1.1.1 (BioMiner git 17c6161, molglyph_large)",0.11727485805749893
uob,maybridge-0396-262963372,CCN(CC)c1ccc(CO)cn1,,,,"MolGlyph 1.1.1 (BioMiner git 17c6161, molglyph_large)",0.12237303890287876
uob,maybridge-0396-321610131,OCc1ccnc(N2CCCC2)c1,,,,"MolGlyph 1.1.1 (BioMiner git 17c6161, molglyph_large)",0.12235493399202824
uob,maybridge-0396-332061777,OCc1cc(Cl)nc(Cl)c1,,,,"MolGlyph 1.1.1 (BioMiner git 17c6161, molglyph_large)",0.10746297612786293
uob,maybridge-0396-421368604,OCc1ccc(N2CCCC2)nc1,,,,"MolGlyph 1.1.1 (BioMiner git 17c6161, molglyph_large)",0.12226772867143154
uob,maybridge-0396-610766996,OCc1ccc(N2CCCCC2)nc1,,,,"MolGlyph 1.1.1 (BioMiner git 17c6161, molglyph_large)",0.1273309290409088
uob,maybridge-0396-636578029,OCc1cccnc1Cl,,,,"MolGlyph 1.1.1 (BioMiner git 17c6161, molglyph_large)",0.08309500478208065
uob,maybridge-0396-678601898,OCc1ccc(Br)cn1,,,,"MolGlyph 1.1.1 (BioMiner git 17c6161, molglyph_large)",0.0921917762607336
uob,maybridge-0396-716752019,OCc1cccc(N2CCCCC2)n1,,,,"MolGlyph 1.1.1 (BioMiner git 17c6161, molglyph_large)",0.12672591023147106
uob,maybridge-0396-865697611,OCc1ccc(-c2cccs2)nc1,,,,"MolGlyph 1.1.1 (BioMiner git 17c6161, molglyph_large)",0.12705018371343613
uob,maybridge-0396-954394294,OCc1cccnc1N1CCCC1,,,,"MolGlyph 1.1.1 (BioMiner git 17c6161, molglyph_large)",0.11220989190042019
uob,maybridge-0397-1046022676,OCc1ccc(Oc2ccccc2)nc1,,,,"MolGlyph 1.1.1 (BioMiner git 17c6161, molglyph_large)",0.13174782693386078
uob,maybridge-0397-1066409651,[N+](c1ccc(OCCO)nc1)(=O)[O-],,,,"MolGlyph 1.1.1 (BioMiner git 17c6161, molglyph_large)",0.1654069758951664
uob,maybridge-0397-206871372,OCc1cnccn1,,,,"MolGlyph 1.1.1 (BioMiner git 17c6161, molglyph_large)",0.07860424369573593
uob,maybridge-0397-232936814,OCc1cccnc1N1CCOCC1,,,,"MolGlyph 1.1.1 (BioMiner git 17c6161, molglyph_large)",0.11787222698330879
uob,maybridge-0397-281809593,CC(C)(C)OC(=O)N1CCN(c2ccc(CO)cn2)CC1,,,,"MolGlyph 1.1.1 (BioMiner git 17c6161, molglyph_large)",0.20558934099972248
uob,maybridge-0397-29261136,OCc1ccnc(N2CCCCC2)c1,,,,"MolGlyph 1.1.1 (BioMiner git 17c6161, molglyph_large)",0.12741731479763985
uob,maybridge-0397-507334093,OCc1ccnc(N2CCOCC2)c1,,,,"MolGlyph 1.1.1 (BioMiner git 17c6161, molglyph_large)",0.12761511467397213
uob,maybridge-0397-512705722,OCCc1cccnc1,,,,"MolGlyph 1.1.1 (BioMiner git 17c6161, molglyph_large)",0.0835473146289587
uob,maybridge-0397-756328691,Cc1nc(-c2ccccc2)ncc1CO,,,,"MolGlyph 1.1.1 (BioMiner git 17c6161, molglyph_large)",0.13682429492473602
uob,maybridge-0397-949126637,OCc1ccc(N2CCOCC2)nc1,,,,"MolGlyph 1.1.1 (BioMiner git 17c6161, molglyph_large)",0.12768103182315826
uob,maybridge-0398-1043337195,OCC1CCNCC1,,,,"MolGlyph 1.1.1 (BioMiner git 17c6161, molglyph_large)",0.07907692156732082
uob,maybridge-0398-290630051,OC1CCCN(Cc2ccccc2)C1,,,,"MolGlyph 1.1.1 (BioMiner git 17c6161, molglyph_large)",0.1274926122277975
uob,maybridge-0398-366814048,OC1(c2ccc(Cl)cc2)CCNCC1,,,,"MolGlyph 1.1.1 (BioMiner git 17c6161, molglyph_large)",0.13713079318404198
uob,maybridge-0398-373147472,OC1CC(c2ccccc2)NC2(CCCC2)C1,,,,"MolGlyph 1.1.1 (BioMiner git 17c6161, molglyph_large)",0.1617856938391924
uob,maybridge-0398-588617672,OCC1CCN(Cc2ccccc2)CC1,,,,"MolGlyph 1.1.1 (BioMiner git 17c6161, molglyph_large)",0.13238075375556946
uob,maybridge-0398-679358552,O=C(OCc1ccccc1)N1CCCC(O)C1,,,,"MolGlyph 1.1.1 (BioMiner git 17c6161, molglyph_large)",0.15864450484514236
uob,maybridge-0398-843498134,Cc1cncc(N2CCC(CO)CC2)n1,,,,"MolGlyph 1.1.1 (BioMiner git 17c6161, molglyph_large)",0.14333553239703178
uob,maybridge-0398-917954349,OC1CCN(c2nccc(C(F)(F)F)n2)CC1,,,,"MolGlyph 1.1.1 (BioMiner git 17c6161, molglyph_large)",0.1707134135067463
uob,maybridge-0398-979051207,O=C(OCc1ccccc1)N1CCC(O)CC1,,,,"MolGlyph 1.1.1 (BioMiner git 17c6161, molglyph_large)",0.15678320452570915
uob,maybridge-0399-1040233662,OCCN1CCN(c2nccc(C(F)(F)F)n2)CC1,,,,"MolGlyph 1.1.1 (BioMiner git 17c6161, molglyph_large)",0.18068921193480492
uob,maybridge-0399-190713583,O=C(OCc1ccccc1)N1CCC(CO)CC1,,,,"MolGlyph 1.1.1 (BioMiner git 17c6161, molglyph_large)",0.16272590681910515
uob,maybridge-0399-243930583,CC(C)(C)OC(=O)N1CCN(CCO)CC1,,,,"MolGlyph 1.1.1 (BioMiner git 17c6161, molglyph_large)",0.16139342822134495
uob,maybridge-0399-263029288,CN1CCN(C)C(CO)C1,,,,"MolGlyph 1.1.1 (BioMiner git 17c6161, molglyph_large)",0.10812105238437653
uob,maybridge-0399-466561903,[N+](c1cccnc1N1CCN(CCO)CC1)(=O)[O-],,,,"MolGlyph 1.1.1 (BioMiner git 17c6161, molglyph_large)",0.19943745248019695
uob,maybridge-0399-729449839,O=C(OCc1ccccc1)N1CCCC(CO)C1,,,,"MolGlyph 1.1.1 (BioMiner git 17c6161, molglyph_large)",0.1624156404286623
uob,maybridge-0399-827277597,OCCN1CCN(c2ncc(Cl)cc2C(F)(F)F)CC1,,,,"MolGlyph 1.1.1 (BioMiner git 17c6161, molglyph_large)",0.18534707464277744
uob,maybridge-0399-913840312,OCCN1CCN(c2ncc(C(F)(F)F)cc2Cl)CC1,,,,"MolGlyph 1.1.1 (BioMiner git 17c6161, molglyph_large)",0.18611250258982182
uob,maybridge-0399-987934080,CC(C)(C)OC(=O)N1CCC(CCCO)CC1,,,,"MolGlyph 1.1.1 (BioMiner git 17c6161, molglyph_large)",0.1705076452344656
uob,maybridge-0400-21921812,Cn1c(CO)cc2sccc21,,,,"MolGlyph 1.1.1 (BioMiner git 17c6161, molglyph_large)",0.11385189928114414
uob,maybridge-0400-242912388,OC1CCSCC1,,,,"MolGlyph 1.1.1 (BioMiner git 17c6161, molglyph_large)",0.07356879860162735
uob,maybridge-0400-279782784,OCC1CN(Cc2ccccc2)CCO1,,,,"MolGlyph 1.1.1 (BioMiner git 17c6161, molglyph_large)",0.13222951628267765
uob,maybridge-0400-285540197,Cc1nn(C)c2sc(CO)cc12,,,,"MolGlyph 1.1.1 (BioMiner git 17c6161, molglyph_large)",0.12759283557534218
uob,maybridge-0400-579619690,OCC1CCOCC1,,,,"MolGlyph 1.1.1 (BioMiner git 17c6161, molglyph_large)",0.07869918085634708
uob,maybridge-0400-647147899,O=C(O)C1CC2CC1CCC2O,,,,"MolGlyph 1.1.1 (BioMiner git 17c6161, molglyph_large)",0.12209908664226532
uob,maybridge-0400-670822303,OCCN1CCCNCC1,,,,"MolGlyph 1.1.1 (BioMiner git 17c6161, molglyph_large)",0.0886316318064928
uob,maybridge-0400-919197803,Cn1c(CO)cc2occc21,,,,"MolGlyph 1.1.1 (BioMiner git 17c6161, molglyph_large)",0.1126751247793436
uob,maybridge-0400-955148007,OCc1cn2ccsc2n1,,,,"MolGlyph 1.1.1 (BioMiner git 17c6161, molglyph_large)",0.09796963445842266
uob,maybridge-0401-197628517,Cn1ccc2cc(CO)ccc21,,,,"MolGlyph 1.1.1 (BioMiner git 17c6161, molglyph_large)",0.11765795573592186
uob,maybridge-0401-214445705,Cn1nc(CO)c2ccccc21,,,,"MolGlyph 1.1.1 (BioMiner git 17c6161, molglyph_large)",0.11774764023721218
uob,maybridge-0401-214794500,OCCCc1nc2cc(C(F)(F)F)ccc2[nH]1,,,,"MolGlyph 1.1.1 (BioMiner git 17c6161, molglyph_large)",0.17631319165229797
uob,maybridge-0401-260423857,Cn1ccc2ccc(CO)cc21,,,,"MolGlyph 1.1.1 (BioMiner git 17c6161, molglyph_large)",0.117824612185359
uob,maybridge-0401-32658327,OCc1c[nH]c2ccccc12,,,,"MolGlyph 1.1.1 (BioMiner git 17c6161, molglyph_large)",0.11739712953567505
uob,maybridge-0401-441342552,Cn1ccc2c(CO)cccc21,,,,"MolGlyph 1.1.1 (BioMiner git 17c6161, molglyph_large)",0.11799580417573452
uob,maybridge-0401-485319513,OCc1cccc2[nH]ccc12,,,,"MolGlyph 1.1.1 (BioMiner git 17c6161, molglyph_large)",0.11760194599628448
uob,maybridge-0401-486587309,OCc1ccc2[nH]cnc2c1,,,,"MolGlyph 1.1.1 (BioMiner git 17c6161, molglyph_large)",0.11698710173368454
uob,maybridge-0401-627454327,O=S(=O)(c1ccccc1)n1cc(CO)c2ccccc21,,,,"MolGlyph 1.1.1 (BioMiner git 17c6161, molglyph_large)",0.19537021964788437
uob,maybridge-0401-738379370,O=S(=O)(c1ccccc1)n1c(CO)cc2ccccc21,,,,"MolGlyph 1.1.1 (BioMiner git 17c6161, molglyph_large)",0.1958696562796831
uob,maybridge-0401-946649085,OCc1cn2ccccc2n1,,,,"MolGlyph 1.1.1 (BioMiner git 17c6161, molglyph_large)",0.1026069838553667
uob,maybridge-0401-985950255,Cn1nc2ccccc2c1CO,,,,"MolGlyph 1.1.1 (BioMiner git 17c6161, molglyph_large)",0.10768159665167332
uob,maybridge-0402-1049042464,O=C(OCc1ccccc1)N1c2ccccc2CC1CO,,,,"MolGlyph 1.1.1 (BioMiner git 17c6161, molglyph_large)",0.17808307521045208
uob,maybridge-0402-137524814,CC(C)(C)OC(=O)N1c2ccccc2CC1CO,,,,"MolGlyph 1.1.1 (BioMiner git 17c6161, molglyph_large)",0.17434660159051418
uob,maybridge-0402-234160464,Cn1nnc2cc(CO)ccc21,,,,"MolGlyph 1.1.1 (BioMiner git 17c6161, molglyph_large)",0.12055832147598267
uob,maybridge-0402-287350448,OCc1ccc2occc2c1,,,,"MolGlyph 1.1.1 (BioMiner git 17c6161, molglyph_large)",0.10421805642545223
uob,maybridge-0402-345358189,Cc1nc2ccccn2c1CO,,,,"MolGlyph 1.1.1 (BioMiner git 17c6161, molglyph_large)",0.10857511684298515
uob,maybridge-0402-415993128,OCCc1coc2ccccc12,,,,"MolGlyph 1.1.1 (BioMiner git 17c6161, molglyph_large)",0.1081771682947874
uob,maybridge-0402-709706342,OCc1cc2cc(Br)ccc2o1,,,,"MolGlyph 1.1.1 (BioMiner git 17c6161, molglyph_large)",0.1179145835340023
uob,maybridge-0402-775359349,OCC1Cc2ccccc2N1,,,,"MolGlyph 1.1.1 (BioMiner git 17c6161, molglyph_large)",0.10334841534495354
uob,maybridge-0402-798064743,OCc1ccc2nccn2c1,,,,"MolGlyph 1.1.1 (BioMiner git 17c6161, molglyph_large)",0.10268165543675423
uob,maybridge-0402-921601015,OCc1cc2ccccc2o1,,,,"MolGlyph 1.1.1 (BioMiner git 17c6161, molglyph_large)",0.10532219521701336
uob,maybridge-0403-128033819,OCc1cccc2nonc12,,,,"MolGlyph 1.1.1 (BioMiner git 17c6161, molglyph_large)",0.1057235598564148
uob,maybridge-0403-318760376,Cc1ccc2sc(CO)cc2c1,,,,"MolGlyph 1.1.1 (BioMiner git 17c6161, molglyph_large)",0.11934786103665829
uob,maybridge-0403-3222940,OCc1csc2ccccc12,,,,"MolGlyph 1.1.1 (BioMiner git 17c6161, molglyph_large)",0.10441043972969055
uob,maybridge-0403-370457871,OCc1cccc2c1OCO2,,,,"MolGlyph 1.1.1 (BioMiner git 17c6161, molglyph_large)",0.10309488698840141
uob,maybridge-0403-471688862,OCc1ccc2sccc2c1,,,,"MolGlyph 1.1.1 (BioMiner git 17c6161, molglyph_large)",0.10250813700258732
uob,maybridge-0403-493711857,OCc1csc2ccc(Cl)cc12,,,,"MolGlyph 1.1.1 (BioMiner git 17c6161, molglyph_large)",0.11707388982176781
uob,maybridge-0403-582333309,OCc1cccc2c1OCC2,,,,"MolGlyph 1.1.1 (BioMiner git 17c6161, molglyph_large)",0.10318653099238873
uob,maybridge-0403-669839402,OCCc1ccc2c(c1)OCO2,,,,"MolGlyph 1.1.1 (BioMiner git 17c6161, molglyph_large)",0.11792862601578236
uob,maybridge-0403-716039308,CC1(C)Cc2cccc(CO)c2O1,,,,"MolGlyph 1.1.1 (BioMiner git 17c6161, molglyph_large)",0.13221802935004234
uob,maybridge-0403-760837338,OCc1cc2ccccc2s1,,,,"MolGlyph 1.1.1 (BioMiner git 17c6161, molglyph_large)",0.10296797938644886
uob,maybridge-0403-800338209,OCC1Cc2ccccc2O1,,,,"MolGlyph 1.1.1 (BioMiner git 17c6161, molglyph_large)",0.10291307419538498
uob,maybridge-0403-948030493,OCc1csc2ccc(Br)cc12,,,,"MolGlyph 1.1.1 (BioMiner git 17c6161, molglyph_large)",0.11756781488656998
uob,maybridge-0404-1003136981,OCc1ccc2nonc2c1,,,,"MolGlyph 1.1.1 (BioMiner git 17c6161, molglyph_large)",0.10266391932964325
uob,maybridge-0404-1070247608,OCc1cccc2cccc(Br)c12,,,,"MolGlyph 1.1.1 (BioMiner git 17c6161, molglyph_large)",0.12221118248999119
uob,maybridge-0404-378470770,CC12CCC(O)(CC1=O)C2,,,,"MolGlyph 1.1.1 (BioMiner git 17c6161, molglyph_large)",0.12274032272398472
uob,maybridge-0404-4141629,COc1ccc2nc(Cl)c(CO)cc2c1,,,,"MolGlyph 1.1.1 (BioMiner git 17c6161, molglyph_large)",0.14127966202795506
uob,maybridge-0404-628247432,OCc1cc2ccccc2nc1Cl,,,,"MolGlyph 1.1.1 (BioMiner git 17c6161, molglyph_large)",0.11254479736089706
uob,maybridge-0404-629884998,OCc1scc2c1OCCO2,,,,"MolGlyph 1.1.1 (BioMiner git 17c6161, molglyph_large)",0.10327009297907352
uob,maybridge-0404-809037721,OCc1cc2cccnc2s1,,,,"MolGlyph 1.1.1 (BioMiner git 17c6161, molglyph_large)",0.11058991216123104
uob,maybridge-0404-863149217,OCc1nc2ccccc2s1,,,,"MolGlyph 1.1.1 (BioMiner git 17c6161, molglyph_large)",0.11403229832649231
uob,maybridge-0404-884509145,OCc1ccc2ccccc2n1,,,,"MolGlyph 1.1.1 (BioMiner git 17c6161, molglyph_large)",0.11869972012937069
uob,maybridge-0404-999405397,OCc1ccc2nsnc2c1,,,,"MolGlyph 1.1.1 (BioMiner git 17c6161, molglyph_large)",0.10264024697244167
uob,maybridge-0405-120257093,OCC1COc2ccccc2C1,,,,"MolGlyph 1.1.1 (BioMiner git 17c6161, molglyph_large)",0.10763346776366234
uob,maybridge-0405-13943814,Nc1nc(N)c2nc(CO)cnc2n1,,,,"MolGlyph 1.1.1 (BioMiner git 17c6161, molglyph_large)",0.13717329315841198
uob,maybridge-0405-151937917,C=CC1CN2CCC1CC2C(O)c1ccnc2ccc(OC)cc12,,,,"MolGlyph 1.1.1 (BioMiner git 17c6161, molglyph_large)",0.2105828057974577
uob,maybridge-0405-209672397,OCC1CCCN2CCCCC12,,,,"MolGlyph 1.1.1 (BioMiner git 17c6161, molglyph_large)",0.1083252765238285
uob,maybridge-0405-253070536,CN(CCO)c1cc(C(F)(F)F)nc2ccccc12,,,,"MolGlyph 1.1.1 (BioMiner git 17c6161, molglyph_large)",0.18101806566119194
uob,maybridge-0405-465801134,Cc1ccc2cc(CO)ccc2n1,,,,"MolGlyph 1.1.1 (BioMiner git 17c6161, molglyph_large)",0.12205442227423191
uob,maybridge-0405-534977604,OCC1CCc2ccccc2O1,,,,"MolGlyph 1.1.1 (BioMiner git 17c6161, molglyph_large)",0.10792449116706848
uob,maybridge-0405-599061030,N#CC1(O)CN2CCC1CC2,,,,"MolGlyph 1.1.1 (BioMiner git 17c6161, molglyph_large)",0.11780650727450848
uob,maybridge-0405-627537250,OCc1ccc2c(c1)OCCO2,,,,"MolGlyph 1.1.1 (BioMiner git 17c6161, molglyph_large)",0.11697686836123466
uob,maybridge-0405-808011242,OCc1cccc2c1OCCO2,,,,"MolGlyph 1.1.1 (BioMiner git 17c6161, molglyph_large)",0.10777584463357925
uob,maybridge-0405-869523353,OCc1ccc2ncccc2c1,,,,"MolGlyph 1.1.1 (BioMiner git 17c6161, molglyph_large)",0.10807652398943901
uob,maybridge-0406-1017408781,O=C(O)C12CC3CC(CC(O)(C3)C1)C2,,,,"MolGlyph 1.1.1 (BioMiner git 17c6161, molglyph_large)",0.17040575109422207
uob,maybridge-0406-20098439,OCc1ccc2c(c1)OCCCO2,,,,"MolGlyph 1.1.1 (BioMiner git 17c6161, molglyph_large)",0.12220490723848343
uob,maybridge-0406-334721317,CN(C)CC(O)Cn1c2ccc(Br)cc2c2cc(Br)ccc21,,,,"MolGlyph 1.1.1 (BioMiner git 17c6161, molglyph_large)",0.2066670749336481
uob,maybridge-0406-617811532,NCCSCCO,,,,"MolGlyph 1.1.1 (BioMiner git 17c6161, molglyph_large)",0.06464936211705208
uob,maybridge-0406-632609531,Cc1c(CCO)c(=O)n2c([nH]c3ccccc32)c1C#N,,,,"MolGlyph 1.1.1 (BioMiner git 17c6161, molglyph_large)",0.20983130857348442
uob,maybridge-0406-69659251,COC(=O)CCC(C)[C@H]1CCC2C3C(C[C@H](O)[C@]12C)[C@@]1(C)CC[C@@H](C)CC1C[C@H]3O,,,,"MolGlyph 1.1.1 (BioMiner git 17c6161, molglyph_large)",0.3938228599727154
uob,maybridge-0406-714841859,OCc1cccc2c1OCCCO2,,,,"MolGlyph 1.1.1 (BioMiner git 17c6161, molglyph_large)",0.11268029920756817
uob,maybridge-0406-933460413,OCC1CNc2ccccc2O1,,,,"MolGlyph 1.1.1 (BioMiner git 17c6161, molglyph_large)",0.10784942470490932
uob,maybridge-0407-149575662,COC(=O)c1cc(O)no1,,,,"MolGlyph 1.1.1 (BioMiner git 17c6161, molglyph_large)",0.11270915903151035
uob,maybridge-0407-398277469,Nc1cc(O)[nH]n1,,,,"MolGlyph 1.1.1 (BioMiner git 17c6161, molglyph_large)",0.09821720980107784
uob,maybridge-0407-451424042,COC(=O)c1scc(Br)c1O,,,,"MolGlyph 1.1.1 (BioMiner git 17c6161, molglyph_large)",0.11761953681707382
uob,maybridge-0407-597392458,COC(=O)c1sc(Br)c(Br)c1O,,,,"MolGlyph 1.1.1 (BioMiner git 17c6161, molglyph_large)",0.1322991270571947
uob,maybridge-0407-630095735,CC(C)(C)C1=NNC(=O)C1,,,,"MolGlyph 1.1.1 (BioMiner git 17c6161, molglyph_large)",0.1281533669680357
uob,maybridge-0407-70047336,Cc1ccc(-n2nc(C)cc2O)cc1,,,,"MolGlyph 1.1.1 (BioMiner git 17c6161, molglyph_large)",0.14266219176352024
uob,maybridge-0407-725828838,NCCCC1C=NNC1=O,,,,"MolGlyph 1.1.1 (BioMiner git 17c6161, molglyph_large)",0.0986921638250351
uob,maybridge-0407-742077064,COC(=O)c1sccc1O,,,,"MolGlyph 1.1.1 (BioMiner git 17c6161, molglyph_large)",0.10258799232542515
uob,maybridge-0407-895692498,Oc1nnc(S)n1C1CCCCC1,,,,"MolGlyph 1.1.1 (BioMiner git 17c6161, molglyph_large)",0.12334886007010937
uob,maybridge-0407-964215061,Cn1nc(O)cc1C(F)(F)F,,,,"MolGlyph 1.1.1 (BioMiner git 17c6161, molglyph_large)",0.12252838164567947
uob,maybridge-0408-30990049,Oc1cccc(F)c1,,,,"MolGlyph 1.1.1 (BioMiner git 17c6161, molglyph_large)",0.08838752657175064
uob,maybridge-0408-370129391,Oc1nnc(C2c3ccccc3Oc3ccccc32)o1,,,,"MolGlyph 1.1.1 (BioMiner git 17c6161, molglyph_large)",0.17583070881664753
uob,maybridge-0408-489934050,COc1ccc(O)cc1,,,,"MolGlyph 1.1.1 (BioMiner git 17c6161, molglyph_large)",0.09314828924834728
uob,maybridge-0408-492149817,Oc1cccc(F)c1O,,,,"MolGlyph 1.1.1 (BioMiner git 17c6161, molglyph_large)",0.09291424602270126
uob,maybridge-0408-707265543,CCOC(=O)c1sc(-c2cccc(C(F)(F)F)c2)nc1O,,,,"MolGlyph 1.1.1 (BioMiner git 17c6161, molglyph_large)",0.20947233028709888
uob,maybridge-0408-742779442,Cc1cc(C#N)cc(C)c1O,,,,"MolGlyph 1.1.1 (BioMiner git 17c6161, molglyph_large)",0.11713828332722187
uob,maybridge-0408-791372558,CCOC(=O)c1sc(-c2ccc(Cl)cc2)nc1O,,,,"MolGlyph 1.1.1 (BioMiner git 17c6161, molglyph_large)",0.1755360458046198
uob,maybridge-0408-847999531,N#Cc1ccc(O)cc1F,,,,"MolGlyph 1.1.1 (BioMiner git 17c6161, molglyph_large)",0.1027675699442625
uob,maybridge-0408-869051701,OB(O)c1cccc(O)c1,,,,"MolGlyph 1.1.1 (BioMiner git 17c6161, molglyph_large)",0.10746100172400475
uob,maybridge-0408-91320336,Oc1ccc(F)cc1,,,,"MolGlyph 1.1.1 (BioMiner git 17c6161, molglyph_large)",0.08772367238998413
uob,maybridge-0408-98358343,OCCc1ccc(O)cc1,,,,"MolGlyph 1.1.1 (BioMiner git 17c6161, molglyph_large)",0.09773983806371689
uob,maybridge-0409-188062108,Cc1cc(O)cc(C)c1C#N,,,,"MolGlyph 1.1.1 (BioMiner git 17c6161, molglyph_large)",0.1174217015504837
uob,maybridge-0409-239165531,N#Cc1cc(Cl)ccc1O,,,,"MolGlyph 1.1.1 (BioMiner git 17c6161, molglyph_large)",0.10247709788382053
uob,maybridge-0409-245458641,CC(=O)c1ccc(N)cc1O,,,,"MolGlyph 1.1.1 (BioMiner git 17c6161, molglyph_large)",0.11733858287334442
uob,maybridge-0409-286276646,CC(=O)c1cc(C)ccc1O,,,,"MolGlyph 1.1.1 (BioMiner git 17c6161, molglyph_large)",0.11757305637001991
uob,maybridge-0409-374806417,CC(=O)c1ccc(C)cc1O,,,,"MolGlyph 1.1.1 (BioMiner git 17c6161, molglyph_large)",0.1169860940426588
uob,maybridge-0409-380644170,NNC(=O)c1ccccc1O,,,,"MolGlyph 1.1.1 (BioMiner git 17c6161, molglyph_large)",0.10718046128749847
uob,maybridge-0409-584274762,CC(=O)c1cc(F)ccc1O,,,,"MolGlyph 1.1.1 (BioMiner git 17c6161, molglyph_large)",0.11770476773381233
uob,maybridge-0409-592532844,[N+](c1ccc(C)c(O)c1)(=O)[O-],,,,"MolGlyph 1.1.1 (BioMiner git 17c6161, molglyph_large)",0.16538342088460922
uob,maybridge-0409-702716700,O=Cc1cc(Cl)ccc1O,,,,"MolGlyph 1.1.1 (BioMiner git 17c6161, molglyph_large)",0.10239056311547756
uob,maybridge-0409-938033538,CC(=O)c1ccc(O)c(C)c1,,,,"MolGlyph 1.1.1 (BioMiner git 17c6161, molglyph_large)",0.12802979908883572
uob,maybridge-0409-947060016,CC(=O)c1c(O)cccc1O,,,,"MolGlyph 1.1.1 (BioMiner git 17c6161, molglyph_large)",0.11709220334887505
uob,maybridge-0409-992577744,NC(=O)Cc1ccc(O)cc1,,,,"MolGlyph 1.1.1 (BioMiner git 17c6161, molglyph_large)",0.11699051037430763
uob,maybridge-0410-296107009,CC(=O)c1cc(F)cc(F)c1O,,,,"MolGlyph 1.1.1 (BioMiner git 17c6161, molglyph_large)",0.13188209757208824
uob,maybridge-0410-312468480,[N+](c1ccc(F)cc1O)(=O)[O-],,,,"MolGlyph 1.1.1 (BioMiner git 17c6161, molglyph_large)",0.15591311268508434
uob,maybridge-0410-451663343,Cc1cc(Cl)cc(C=O)c1O,,,,"MolGlyph 1.1.1 (BioMiner git 17c6161, molglyph_large)",0.11813163571059704
uob,maybridge-0410-541124236,C=CCc1c(O)cccc1C=O,,,,"MolGlyph 1.1.1 (BioMiner git 17c6161, molglyph_large)",0.1179841049015522
uob,maybridge-0410-561974055,CC(=O)c1cccc(Cl)c1O,,,,"MolGlyph 1.1.1 (BioMiner git 17c6161, molglyph_large)",0.11776607856154442
uob,maybridge-0410-564539904,Oc1ccccc1C(F)(F)F,,,,"MolGlyph 1.1.1 (BioMiner git 17c6161, molglyph_large)",0.11245332844555378
uob,maybridge-0410-57649500,Nc1cc(O)cc(O)c1,,,,"MolGlyph 1.1.1 (BioMiner git 17c6161, molglyph_large)",0.10262492299079895
uob,maybridge-0410-588760698,Oc1ccc(-n2cncn2)cc1,,,,"MolGlyph 1.1.1 (BioMiner git 17c6161, molglyph_large)",0.12194673530757427
uob,maybridge-0410-849214437,CC(=O)c1ccc(O)c(C)c1O,,,,"MolGlyph 1.1.1 (BioMiner git 17c6161, molglyph_large)",0.1321084201335907
uob,maybridge-0410-867686295,CC(=O)Nc1cc(C)ccc1O,,,,"MolGlyph 1.1.1 (BioMiner git 17c6161, molglyph_large)",0.12183319218456745
uob,maybridge-0410-88906008,Oc1ccc(-n2ccnc2)cc1,,,,"MolGlyph 1.1.1 (BioMiner git 17c6161, molglyph_large)",0.12195138446986675
uob,maybridge-0410-944480536,Oc1ccccc1-c1nnco1,,,,"MolGlyph 1.1.1 (BioMiner git 17c6161, molglyph_large)",0.11234527640044689
uob,maybridge-0411-1009639658,Cc1cc(C)c(O)c(C(C)(C)C)c1,,,,"MolGlyph 1.1.1 (BioMiner git 17c6161, molglyph_large)",0.15133500285446644
uob,maybridge-0411-152242025,Oc1ccccc1N1CCOCC1,,,,"MolGlyph 1.1.1 (BioMiner git 17c6161, molglyph_large)",0.11282937228679657
uob,maybridge-0411-233289477,Oc1cccc(N2CCOCC2)c1,,,,"MolGlyph 1.1.1 (BioMiner git 17c6161, molglyph_large)",0.12727712839841843
uob,maybridge-0411-234311028,Cc1ccc(O)c(Br)c1,,,,"MolGlyph 1.1.1 (BioMiner git 17c6161, molglyph_large)",0.10276367329061031
uob,maybridge-0411-36873016,[N+](c1ccc(O)c(C#N)c1O)(=O)[O-],,,,"MolGlyph 1.1.1 (BioMiner git 17c6161, molglyph_large)",0.18077820725739002
uob,maybridge-0411-389376715,COC(=O)CCc1ccccc1O,,,,"MolGlyph 1.1.1 (BioMiner git 17c6161, molglyph_large)",0.11851765401661396
uob,maybridge-0411-590849432,[N+](c1ccc(O)cc1C(=O)O)(=O)[O-],,,,"MolGlyph 1.1.1 (BioMiner git 17c6161, molglyph_large)",0.18036891892552376
uob,maybridge-0411-708007996,COc1cc(O)c(C(C)=O)c(O)c1,,,,"MolGlyph 1.1.1 (BioMiner git 17c6161, molglyph_large)",0.14684765599668026
uob,maybridge-0411-73820732,COC(=O)c1cc(Cl)ccc1O,,,,"MolGlyph 1.1.1 (BioMiner git 17c6161, molglyph_large)",0.12234294973313808
uob,maybridge-0411-74117572,Nc1cc(Cl)cc(Cl)c1O,,,,"MolGlyph 1.1.1 (BioMiner git 17c6161, molglyph_large)",0.10751691088080406
uob,maybridge-0411-899835856,Oc1ccc(F)c(C(F)(F)F)c1,,,,"MolGlyph 1.1.1 (BioMiner git 17c6161, molglyph_large)",0.1365482471883297
uob,maybridge-0411-953008040,Oc1ccc(Oc2ccccc2)cc1,,,,"MolGlyph 1.1.1 (BioMiner git 17c6161, molglyph_large)",0.12715931981801987
uob,maybridge-0412-1040354805,CCCC(=O)c1ccc(NC(C)=O)cc1O,,,,"MolGlyph 1.1.1 (BioMiner git 17c6161, molglyph_large)",0.1559782288968563
uob,maybridge-0412-209068700,CC(=O)Nc1ccc(C(C)=O)c(O)c1,,,,"MolGlyph 1.1.1 (BioMiner git 17c6161, molglyph_large)",0.15569711476564407
uob,maybridge-0412-255846400,O=C(O)c1cc(-c2cccc(O)c2)[nH]n1,,,,"MolGlyph 1.1.1 (BioMiner git 17c6161, molglyph_large)",0.17620130814611912
uob,maybridge-0412-280805865,Oc1ccc(OCc2ccccc2)cc1,,,,"MolGlyph 1.1.1 (BioMiner git 17c6161, molglyph_large)",0.13243317045271397
uob,maybridge-0412-370270810,N#CC(c1ccc(O)cc1)N1CCOCC1,,,,"MolGlyph 1.1.1 (BioMiner git 17c6161, molglyph_large)",0.15180207043886185
uob,maybridge-0412-400666754,CCCc1ccc(NC(C)=O)cc1O,,,,"MolGlyph 1.1.1 (BioMiner git 17c6161, molglyph_large)",0.131779745221138
uob,maybridge-0412-7242806,CCOC(=O)CCc1ccc(O)cc1,,,,"MolGlyph 1.1.1 (BioMiner git 17c6161, molglyph_large)",0.1321856640279293
uob,maybridge-0412-739287532,Oc1ccc(SC(F)(F)F)cc1,,,,"MolGlyph 1.1.1 (BioMiner git 17c6161, molglyph_large)",0.1272751372307539
uob,maybridge-0412-895549112,Cc1cc(Br)cc(Cl)c1O,,,,"MolGlyph 1.1.1 (BioMiner git 17c6161, molglyph_large)",0.10752317309379578
uob,maybridge-0412-967936906,O=Cc1cc(Cl)c(O)c(Cl)c1,,,,"MolGlyph 1.1.1 (BioMiner git 17c6161, molglyph_large)",0.12750203534960747
uob,maybridge-0412-973816945,COc1cc(CC(N)C(=O)O)ccc1O,,,,"MolGlyph 1.1.1 (BioMiner git 17c6161, molglyph_large)",0.14667755365371704
uob,maybridge-0413-1070404525,COc1cc(Br)cc(C=O)c1O,,,,"MolGlyph 1.1.1 (BioMiner git 17c6161, molglyph_large)",0.1227272730320692
uob,maybridge-0413-469580468,O=Cc1cc(O)ccc1I,,,,"MolGlyph 1.1.1 (BioMiner git 17c6161, molglyph_large)",0.10287093557417393
uob,maybridge-0413-50812800,CC(C)(C)c1cc(C#N)cc(C(C)(C)C)c1O,,,,"MolGlyph 1.1.1 (BioMiner git 17c6161, molglyph_large)",0.18554933182895184
uob,maybridge-0413-616821016,CCCc1c(O)c(C(C)=O)cc(C(C)=O)c1O,,,,"MolGlyph 1.1.1 (BioMiner git 17c6161, molglyph_large)",0.18090318329632282
uob,maybridge-0413-678996211,O=CC1C=C(O)C(I)=CC=1,,,,"MolGlyph 1.1.1 (BioMiner git 17c6161, molglyph_large)",0.12691035866737366
uob,maybridge-0413-690325573,O=C(O)c1cc(S(=O)(=O)Cl)ccc1O,,,,"MolGlyph 1.1.1 (BioMiner git 17c6161, molglyph_large)",0.1604752130806446
uob,maybridge-0413-704877272,O=C(O)c1ccc(I)c(O)c1,,,,"MolGlyph 1.1.1 (BioMiner git 17c6161, molglyph_large)",0.12711419723927975
uob,maybridge-0413-724618107,OCc1ccc(I)c(O)c1,,,,"MolGlyph 1.1.1 (BioMiner git 17c6161, molglyph_large)",0.10731844417750835
uob,maybridge-0413-756640811,Cc1cc(I)cc(C)c1O,,,,"MolGlyph 1.1.1 (BioMiner git 17c6161, molglyph_large)",0.1073427814990282
uob,maybridge-0413-792191315,OCc1cc(O)ccc1I,,,,"MolGlyph 1.1.1 (BioMiner git 17c6161, molglyph_large)",0.09826998226344585
uob,maybridge-0413-845633745,CC(C)(C)OC(=O)N1CCCN(c2cccc(O)c2)CC1,,,,"MolGlyph 1.1.1 (BioMiner git 17c6161, molglyph_large)",0.20516627840697765
uob,maybridge-0414-1046139581,CCc1ccc(C)nc1O,,,,"MolGlyph 1.1.1 (BioMiner git 17c6161, molglyph_large)",0.09778240509331226
uob,maybridge-0414-192097041,O=C(O)c1cc(Cl)cnc1O,,,,"MolGlyph 1.1.1 (BioMiner git 17c6161, molglyph_large)",0.1179505567997694
uob,maybridge-0414-200591320,[N+](c1cc(Cl)cnc1O)(=O)[O-],,,,"MolGlyph 1.1.1 (BioMiner git 17c6161, molglyph_large)",0.15564745292067528
uob,maybridge-0414-290682509,Cc1ccc(O)c(C)n1,,,,"MolGlyph 1.1.1 (BioMiner git 17c6161, molglyph_large)",0.1026618480682373
uob,maybridge-0414-465802516,CC(C)(C)c1cc(-c2cc(C(C)(C)C)c(O)c(C(C)(C)C)c2)cc(C(C)(C)C)c1O,,,,"MolGlyph 1.1.1 (BioMiner git 17c6161, molglyph_large)",0.32740360125899315
uob,maybridge-0414-56636671,CC(C)(C)c1cc(C(=O)CBr)cc(C(C)(C)C)c1O,,,,"MolGlyph 1.1.1 (BioMiner git 17c6161, molglyph_large)",0.20528528653085232
uob,maybridge-0414-580747516,[N+](c1cnccc1O)(=O)[O-],,,,"MolGlyph 1.1.1 (BioMiner git 17c6161, molglyph_large)",0.141679672524333
uob,maybridge-0414-702568979,Cc1cc(C(=O)O)cc(O)n1,,,,"MolGlyph 1.1.1 (BioMiner git 17c6161, molglyph_large)",0.1270612459629774
uob,maybridge-0414-818017166,Oc1ccc(N2CCNCC2)cc1,,,,"MolGlyph 1.1.1 (BioMiner git 17c6161, molglyph_large)",0.12242227606475353
uob,maybridge-0414-8869316,Oc1cncc(Cl)c1,,,,"MolGlyph 1.1.1 (BioMiner git 17c6161, molglyph_large)",0.088485611602664
uob,maybridge-0414-909517550,Cc1ccc(O)nc1,,,,"MolGlyph 1.1.1 (BioMiner git 17c6161, molglyph_large)",0.08856429159641266
uob,maybridge-0415-1019584495,N#Cc1c(C(F)(F)F)cc(-c2cccnc2)nc1O,,,,"MolGlyph 1.1.1 (BioMiner git 17c6161, molglyph_large)",0.1909158118069172
uob,maybridge-0415-1059078273,[N+](c1cc(Br)cnc1O)(=O)[O-],,,,"MolGlyph 1.1.1 (BioMiner git 17c6161, molglyph_large)",0.15669019147753716
uob,maybridge-0415-142676068,CC(=O)c1cc(C#N)c(O)nc1C,,,,"MolGlyph 1.1.1 (BioMiner git 17c6161, molglyph_large)",0.14190326817333698
uob,maybridge-0415-227097499,N#Cc1c(-c2cccs2)cc(-c2ccco2)nc1O,,,,"MolGlyph 1.1.1 (BioMiner git 17c6161, molglyph_large)",0.1861864235252142
uob,maybridge-0415-382052970,COCc1cc(O)nc(SC)n1,,,,"MolGlyph 1.1.1 (BioMiner git 17c6161, molglyph_large)",0.117514967918396
uob,maybridge-0415-539682728,[N+](c1cc(C(F)(F)F)cnc1O)(=O)[O-],,,,"MolGlyph 1.1.1 (BioMiner git 17c6161, molglyph_large)",0.1894256640225649
uob,maybridge-0415-603558834,O=C(O)c1ccc(O)nn1,,,,"MolGlyph 1.1.1 (BioMiner git 17c6161, molglyph_large)",0.11225459352135658
uob,maybridge-0415-66637732,N#Cc1c(C(F)(F)F)cc(-c2ccccc2)nc1O,,,,"MolGlyph 1.1.1 (BioMiner git 17c6161, molglyph_large)",0.19008171372115612
uob,maybridge-0415-890219510,Oc1cc(Cl)ncn1,,,,"MolGlyph 1.1.1 (BioMiner git 17c6161, molglyph_large)",0.08815445750951767
uob,maybridge-0415-967736943,CCOC(=O)c1c(O)cc(C)nc1O,,,,"MolGlyph 1.1.1 (BioMiner git 17c6161, molglyph_large)",0.1416535023599863
uob,maybridge-0415-989845836,Oc1nncc(Cl)c1Cl,,,,"MolGlyph 1.1.1 (BioMiner git 17c6161, molglyph_large)",0.09293284267187119
uob,maybridge-0416-1073381815,Oc1nc2ccccc2[nH]1,,,,"MolGlyph 1.1.1 (BioMiner git 17c6161, molglyph_large)",0.11214402504265308
uob,maybridge-0416-119325075,[N+](c1coc2ccc(O)cc12)(=O)[O-],,,,"MolGlyph 1.1.1 (BioMiner git 17c6161, molglyph_large)",0.1761615127325058
uob,maybridge-0416-176794809,Cc1nc(N)nc(O)n1,,,,"MolGlyph 1.1.1 (BioMiner git 17c6161, molglyph_large)",0.1033921018242836
uob,maybridge-0416-210240283,Cc1nc(-c2ccccn2)nc(O)c1Cl,,,,"MolGlyph 1.1.1 (BioMiner git 17c6161, molglyph_large)",0.1480104085057974
uob,maybridge-0416-558475133,NC(Cc1c[nH]c2ccc(O)cc12)C(=O)O,,,,"MolGlyph 1.1.1 (BioMiner git 17c6161, molglyph_large)",0.176533380523324
uob,maybridge-0416-723829788,Oc1ncnc2[nH]ncc12,,,,"MolGlyph 1.1.1 (BioMiner git 17c6161, molglyph_large)",0.1128180343657732
uob,maybridge-0416-742240043,CCOC(=O)c1cnc(O)nc1C(F)(F)F,,,,"MolGlyph 1.1.1 (BioMiner git 17c6161, molglyph_large)",0.16149464808404446
uob,maybridge-0416-815823274,Nc1nc(O)nc(C23CC4CC(CC(C4)C2)C3)n1,,,,"MolGlyph 1.1.1 (BioMiner git 17c6161, molglyph_large)",0.195355337113142
uob,maybridge-0416-86443299,O=C(O)c1cnc(O)nc1-c1ccncc1,,,,"MolGlyph 1.1.1 (BioMiner git 17c6161, molglyph_large)",0.1572752445936203
uob,maybridge-0416-891613190,Cc1ccc(O)c2c1CCC2,,,,"MolGlyph 1.1.1 (BioMiner git 17c6161, molglyph_large)",0.11233302764594555
uob,maybridge-0416-998972939,CCSc1nc(O)c(Br)c(N)n1,,,,"MolGlyph 1.1.1 (BioMiner git 17c6161, molglyph_large)",0.1275535598397255
uob,maybridge-0417-155777910,CC(=O)c1c(O)ccc2ccccc12,,,,"MolGlyph 1.1.1 (BioMiner git 17c6161, molglyph_large)",0.14237169735133648
uob,maybridge-0417-193031678,Oc1noc2cc(Cl)ccc12,,,,"MolGlyph 1.1.1 (BioMiner git 17c6161, molglyph_large)",0.11235273256897926
uob,maybridge-0417-389307269,Oc1nc2ccccc2s1,,,,"MolGlyph 1.1.1 (BioMiner git 17c6161, molglyph_large)",0.09801523201167583
uob,maybridge-0417-458831522,Oc1nc2ncccc2o1,,,,"MolGlyph 1.1.1 (BioMiner git 17c6161, molglyph_large)",0.09821011126041412
uob,maybridge-0417-557123254,Oc1nc2ccc(Cl)cc2o1,,,,"MolGlyph 1.1.1 (BioMiner git 17c6161, molglyph_large)",0.1127451229840517
uob,maybridge-0417-660354805,O=C1COc2cc(O)ccc21,,,,"MolGlyph 1.1.1 (BioMiner git 17c6161, molglyph_large)",0.11780345998704433
uob,maybridge-0417-709682369,Cc1cccc2c(O)noc12,,,,"MolGlyph 1.1.1 (BioMiner git 17c6161, molglyph_large)",0.11257811076939106
uob,maybridge-0417-735029388,O=C1CCc2cccc(O)c2C1,,,,"MolGlyph 1.1.1 (BioMiner git 17c6161, molglyph_large)",0.12235059589147568
uob,maybridge-0417-80497532,Oc1ccc2c(c1)CCCC2,,,,"MolGlyph 1.1.1 (BioMiner git 17c6161, molglyph_large)",0.11248916946351528
uob,maybridge-0417-886120615,Oc1ccc2nonc2c1,,,,"MolGlyph 1.1.1 (BioMiner git 17c6161, molglyph_large)",0.09812479838728905
uob,maybridge-0417-947930651,COC(=O)c1sc2ccccc2c1O,,,,"MolGlyph 1.1.1 (BioMiner git 17c6161, molglyph_large)",0.13238752260804176
uob,maybridge-0417-965353766,Oc1noc2ccccc12,,,,"MolGlyph 1.1.1 (BioMiner git 17c6161, molglyph_large)",0.09871467016637325
uob,maybridge-0418-380501479,Oc1cc(C(F)(F)F)nc2c(Br)cccc12,,,,"MolGlyph 1.1.1 (BioMiner git 17c6161, molglyph_large)",0.16586224175989628
uob,maybridge-0418-418099059,Oc1cc(C(F)(F)F)nc2ccc(C(F)(F)F)cc12,,,,"MolGlyph 1.1.1 (BioMiner git 17c6161, molglyph_large)",0.2002724353224039
uob,maybridge-0418-450107841,O=C(O)c1ccc2cccc(O)c2n1,,,,"MolGlyph 1.1.1 (BioMiner git 17c6161, molglyph_large)",0.14296203665435314
uob,maybridge-0418-486085112,CCOC(=O)c1cnc2c(F)cccc2c1O,,,,"MolGlyph 1.1.1 (BioMiner git 17c6161, molglyph_large)",0.15692661330103874
uob,maybridge-0418-499776851,Cc1nc2ccccc2c(C(=O)O)c1O,,,,"MolGlyph 1.1.1 (BioMiner git 17c6161, molglyph_large)",0.1468663476407528
uob,maybridge-0418-51797420,Oc1c(I)cc(Cl)c2cccnc12,,,,"MolGlyph 1.1.1 (BioMiner git 17c6161, molglyph_large)",0.13213659636676311
uob,maybridge-0418-799143962,Oc1ncnc2cccc(F)c12,,,,"MolGlyph 1.1.1 (BioMiner git 17c6161, molglyph_large)",0.11744300834834576
uob,maybridge-0418-80475824,Cc1cccc2c(O)cc(C(F)(F)F)nc12,,,,"MolGlyph 1.1.1 (BioMiner git 17c6161, molglyph_large)",0.1662559024989605
uob,maybridge-0418-806766676,CCOC(=O)c1cnc2ccc(OC(F)(F)F)cc2c1O,,,,"MolGlyph 1.1.1 (BioMiner git 17c6161, molglyph_large)",0.19562529772520065
uob,maybridge-0418-873812288,Oc1cc(O)c2ccccc2n1,,,,"MolGlyph 1.1.1 (BioMiner git 17c6161, molglyph_large)",0.11751104332506657
uob,maybridge-0418-874603139,Cc1cc(O)nc2ccccc12,,,,"MolGlyph 1.1.1 (BioMiner git 17c6161, molglyph_large)",0.117338752374053
uob,maybridge-0418-886924845,Oc1cc(C(F)(F)F)nc2c(F)cccc12,,,,"MolGlyph 1.1.1 (BioMiner git 17c6161, molglyph_large)",0.16581318899989128
uob,maybridge-0419-1070201388,O=c1cc(C(F)(F)F)c2ccc(O)cc2o1,,,,"MolGlyph 1.1.1 (BioMiner git 17c6161, molglyph_large)",0.17048616521060467
uob,maybridge-0419-143449795,Nc1ccc(O)c2c1C(=O)c1c(O)ccc(N)c1C2=O,,,,"MolGlyph 1.1.1 (BioMiner git 17c6161, molglyph_large)",0.20477528683841228
uob,maybridge-0419-160323249,Cn1c(=O)cc(O)c2ccccc21,,,,"MolGlyph 1.1.1 (BioMiner git 17c6161, molglyph_large)",0.1368930321186781
uob,maybridge-0419-341857788,O=c1ccoc2cccc(O)c12,,,,"MolGlyph 1.1.1 (BioMiner git 17c6161, molglyph_large)",0.12289190106093884
uob,maybridge-0419-371826289,Cc1c(O)ccc2c1OC(C)(C)CC2=O,,,,"MolGlyph 1.1.1 (BioMiner git 17c6161, molglyph_large)",0.15638392791152
uob,maybridge-0419-436816131,CCOC(=O)c1cc(=O)c2ccc(O)cc2o1,,,,"MolGlyph 1.1.1 (BioMiner git 17c6161, molglyph_large)",0.17092240415513515
uob,maybridge-0419-470208513,O=C(O)C1Cc2cc(O)ccc2CN1,,,,"MolGlyph 1.1.1 (BioMiner git 17c6161, molglyph_large)",0.14263660833239555
uob,maybridge-0419-978899662,O=C1c2cc(O)ccc2C(=O)c2cc(O)ccc21,,,,"MolGlyph 1.1.1 (BioMiner git 17c6161, molglyph_large)",0.18593570962548256
uob,maybridge-0420-1067017408,Cc1noc(C)c1N=C=O,,,,"MolGlyph 1.1.1 (BioMiner git 17c6161, molglyph_large)",0.10767691768705845
uob,maybridge-0420-176786571,Cc1oc(-c2ccccc2)cc1N=C=O,,,,"MolGlyph 1.1.1 (BioMiner git 17c6161, molglyph_large)",0.146545872092247
uob,maybridge-0420-281598398,Cc1noc(-c2ccccc2)c1N=C=O,,,,"MolGlyph 1.1.1 (BioMiner git 17c6161, molglyph_large)",0.1468514669686556
uob,maybridge-0420-533448438,Cc1csc(N=C=O)c1,,,,"MolGlyph 1.1.1 (BioMiner git 17c6161, molglyph_large)",0.10283837653696537
uob,maybridge-0420-598864547,Cc1cc(N=C=O)c(-c2ccccc2)o1,,,,"MolGlyph 1.1.1 (BioMiner git 17c6161, molglyph_large)",0.15627413988113403
uob,maybridge-0420-705619988,Cc1cc(N=C=O)c(C(F)(F)F)o1,,,,"MolGlyph 1.1.1 (BioMiner git 17c6161, molglyph_large)",0.15084021538496017
uob,maybridge-0420-729560926,O=CNCCc1cccs1,,,,"MolGlyph 1.1.1 (BioMiner git 17c6161, molglyph_large)",0.0933961495757103
uob,maybridge-0420-807447580,O=CNc1cccs1,,,,"MolGlyph 1.1.1 (BioMiner git 17c6161, molglyph_large)",0.08343240059912205
uob,maybridge-0420-815996235,Cc1nn(C)c(C)c1N=C=O,,,,"MolGlyph 1.1.1 (BioMiner git 17c6161, molglyph_large)",0.12228004820644855
uob,maybridge-0420-820046623,O=C=Nc1ccsc1,,,,"MolGlyph 1.1.1 (BioMiner git 17c6161, molglyph_large)",0.08834331296384335
uob,maybridge-0420-888726055,Cc1c(N=C=O)cnn1-c1ccccc1,,,,"MolGlyph 1.1.1 (BioMiner git 17c6161, molglyph_large)",0.14662858843803406
uob,maybridge-0421-1056409238,O=C=Nc1csc(-c2cccc(Cl)c2)n1,,,,"MolGlyph 1.1.1 (BioMiner git 17c6161, molglyph_large)",0.15670202858746052
uob,maybridge-0421-1069503858,CCc1ccccc1N=CO,,,,"MolGlyph 1.1.1 (BioMiner git 17c6161, molglyph_large)",0.09796408750116825
uob,maybridge-0421-122432161,Cc1onc(-c2ccccc2)c1N=C=O,,,,"MolGlyph 1.1.1 (BioMiner git 17c6161, molglyph_large)",0.14693668857216835
uob,maybridge-0421-130428845,CSc1ccc(N=C=O)cc1,,,,"MolGlyph 1.1.1 (BioMiner git 17c6161, molglyph_large)",0.11334309913218021
uob,maybridge-0421-22140985,N#Cc1ccc(N=C=O)cc1,,,,"MolGlyph 1.1.1 (BioMiner git 17c6161, molglyph_large)",0.11729350872337818
uob,maybridge-0421-356007914,O=C=Nc1csc(-c2ccc(C(F)(F)F)cc2)n1,,,,"MolGlyph 1.1.1 (BioMiner git 17c6161, molglyph_large)",0.1910963300615549
uob,maybridge-0421-532556110,Cc1nc(-c2ccccc2)sc1N=C=O,,,,"MolGlyph 1.1.1 (BioMiner git 17c6161, molglyph_large)",0.14708500355482101
uob,maybridge-0421-790888271,O=C=Nc1c(F)cccc1F,,,,"MolGlyph 1.1.1 (BioMiner git 17c6161, molglyph_large)",0.11276841722428799
uob,maybridge-0421-79630461,[N+](c1ccccc1N=C=O)(=O)[O-],,,,"MolGlyph 1.1.1 (BioMiner git 17c6161, molglyph_large)",0.16154718399047852
uob,maybridge-0421-881440127,O=CNc1cc(F)ccc1F,,,,"MolGlyph 1.1.1 (BioMiner git 17c6161, molglyph_large)",0.10740304924547672
uob,maybridge-0421-883128374,O=CNc1ccc([N+](=O)[O-])cc1,,,,"MolGlyph 1.1.1 (BioMiner git 17c6161, molglyph_large)",0.1559785194694996
uob,maybridge-0421-937531219,N#Cc1ccccc1N=C=O,,,,"MolGlyph 1.1.1 (BioMiner git 17c6161, molglyph_large)",0.10771349258720875
uob,maybridge-0422-12012431,CC(C)(C)c1ccc(N=C=O)cc1,,,,"MolGlyph 1.1.1 (BioMiner git 17c6161, molglyph_large)",0.14158830791711807
uob,maybridge-0422-125481310,Cc1c(Cl)cccc1N=CO,,,,"MolGlyph 1.1.1 (BioMiner git 17c6161, molglyph_large)",0.107527956366539
uob,maybridge-0422-315199987,O=CNc1ccc(Cl)cc1Cl,,,,"MolGlyph 1.1.1 (BioMiner git 17c6161, molglyph_large)",0.10776663571596146
uob,maybridge-0422-409789321,O=CNc1ccc(CCl)cc1,,,,"MolGlyph 1.1.1 (BioMiner git 17c6161, molglyph_large)",0.10746829211711884
uob,maybridge-0422-467317556,O=C=Nc1ccc(-n2cccc2)cc1,,,,"MolGlyph 1.1.1 (BioMiner git 17c6161, molglyph_large)",0.1422414369881153
uob,maybridge-0422-476677734,O=CNc1ccc(F)c(F)c1F,,,,"MolGlyph 1.1.1 (BioMiner git 17c6161, molglyph_large)",0.12291085720062256
uob,maybridge-0422-573536336,COC(=O)c1cccc(N=CO)c1,,,,"MolGlyph 1.1.1 (BioMiner git 17c6161, molglyph_large)",0.13167259097099304
uob,maybridge-0422-693170540,COc1cccc(OC)c1N=CO,,,,"MolGlyph 1.1.1 (BioMiner git 17c6161, molglyph_large)",0.11799731105566025
uob,maybridge-0422-768391342,[N+](c1cc(N=C=O)ccc1C)(=O)[O-],,,,"MolGlyph 1.1.1 (BioMiner git 17c6161, molglyph_large)",0.1754109375178814
uob,maybridge-0422-799976646,O=C=Nc1ccc(-c2ccco2)cc1,,,,"MolGlyph 1.1.1 (BioMiner git 17c6161, molglyph_large)",0.14226022362709045
uob,maybridge-0422-958900079,O=C=Nc1ccc(C(=O)Cl)cc1,,,,"MolGlyph 1.1.1 (BioMiner git 17c6161, molglyph_large)",0.13196450658142567
uob,maybridge-0422-971738256,O=CNc1cccc(-n2cccc2)c1,,,,"MolGlyph 1.1.1 (BioMiner git 17c6161, molglyph_large)",0.1376685183495283
uob,maybridge-0422-978129778,COc1ccc(N=CO)c(OC)c1,,,,"MolGlyph 1.1.1 (BioMiner git 17c6161, molglyph_large)",0.12686657533049583
uob,maybridge-0423-1008268946,O=C=Nc1ccc(OC(F)(F)F)cc1,,,,"MolGlyph 1.1.1 (BioMiner git 17c6161, molglyph_large)",0.14645273983478546
uob,maybridge-0423-1035148989,O=C=Nc1ccccc1N1CCCCC1,,,,"MolGlyph 1.1.1 (BioMiner git 17c6161, molglyph_large)",0.13250206224620342
uob,maybridge-0423-1041224723,CCOC(=O)c1ccc(N=C=O)cc1,,,,"MolGlyph 1.1.1 (BioMiner git 17c6161, molglyph_large)",0.14160533994436264
uob,maybridge-0423-237046953,O=C=Nc1ccc(-c2cccs2)cc1,,,,"MolGlyph 1.1.1 (BioMiner git 17c6161, molglyph_large)",0.14195317402482033
uob,maybridge-0423-525253472,O=C=Nc1ccc(N2CCCCC2)cc1,,,,"MolGlyph 1.1.1 (BioMiner git 17c6161, molglyph_large)",0.14230788871645927
uob,maybridge-0423-53812626,CCCCc1ccc(N=CO)c(C)c1,,,,"MolGlyph 1.1.1 (BioMiner git 17c6161, molglyph_large)",0.13215469755232334
uob,maybridge-0423-596748541,CC(C)c1cccc(C(C)C)c1N=C=O,,,,"MolGlyph 1.1.1 (BioMiner git 17c6161, molglyph_large)",0.15236068330705166
uob,maybridge-0423-664019282,O=C=Nc1c(Cl)cccc1Cl,,,,"MolGlyph 1.1.1 (BioMiner git 17c6161, molglyph_large)",0.11265972070395947
uob,maybridge-0423-785286766,O=C=Nc1ccccc1-c1ccccc1,,,,"MolGlyph 1.1.1 (BioMiner git 17c6161, molglyph_large)",0.13692269660532475
uob,maybridge-0423-786602000,Cc1nc(-c2cccc(N=C=O)c2)no1,,,,"MolGlyph 1.1.1 (BioMiner git 17c6161, molglyph_large)",0.1561466883867979
uob,maybridge-0423-795335556,O=C=Nc1ccccc1OC(F)(F)F,,,,"MolGlyph 1.1.1 (BioMiner git 17c6161, molglyph_large)",0.13743158802390099
uob,maybridge-0423-906961564,O=C=Nc1ccccc1Br,,,,"MolGlyph 1.1.1 (BioMiner git 17c6161, molglyph_large)",0.0978695061057806
uob,maybridge-0424-1046883446,O=CNc1ccccc1COc1ccccc1,,,,"MolGlyph 1.1.1 (BioMiner git 17c6161, molglyph_large)",0.13710100762546062
uob,maybridge-0424-1067732906,O=C=Nc1ccc(OCc2ccccc2)cc1,,,,"MolGlyph 1.1.1 (BioMiner git 17c6161, molglyph_large)",0.15215003304183483
uob,maybridge-0424-192895229,O=C=Nc1ccc(CN2CCCCC2)cc1,,,,"MolGlyph 1.1.1 (BioMiner git 17c6161, molglyph_large)",0.14691326767206192
uob,maybridge-0424-281837401,O=CNc1cccc(CN2CCOCC2)c1,,,,"MolGlyph 1.1.1 (BioMiner git 17c6161, molglyph_large)",0.14204851165413857
uob,maybridge-0424-34852255,Cc1nc(-c2ccc(N=C=O)cc2)cs1,,,,"MolGlyph 1.1.1 (BioMiner git 17c6161, molglyph_large)",0.15680675022304058
uob,maybridge-0424-358024997,O=CNc1c(Cl)cc(Cl)cc1Cl,,,,"MolGlyph 1.1.1 (BioMiner git 17c6161, molglyph_large)",0.12243564054369926
uob,maybridge-0424-469813340,CN1CCN(c2ccc(N=C=O)cc2)CC1,,,,"MolGlyph 1.1.1 (BioMiner git 17c6161, molglyph_large)",0.15687108412384987
uob,maybridge-0424-531091243,O=C=Nc1ccc(Cl)c(C(F)(F)F)c1,,,,"MolGlyph 1.1.1 (BioMiner git 17c6161, molglyph_large)",0.1563075203448534
uob,maybridge-0424-710767752,O=C=Nc1ccc(Cl)cc1C(F)(F)F,,,,"MolGlyph 1.1.1 (BioMiner git 17c6161, molglyph_large)",0.14635549671947956
uob,maybridge-0424-933008151,Cc1nc(-c2cccc(N=CO)c2)cs1,,,,"MolGlyph 1.1.1 (BioMiner git 17c6161, molglyph_large)",0.15105481073260307
uob,maybridge-0424-972129343,O=CNc1cccc(Oc2ccccn2)c1,,,,"MolGlyph 1.1.1 (BioMiner git 17c6161, molglyph_large)",0.14159495010972023
uob,maybridge-0425-1004928078,O=CNc1ccc(Cl)nc1,,,,"MolGlyph 1.1.1 (BioMiner git 17c6161, molglyph_large)",0.10958654433488846
uob,maybridge-0425-111847953,Cn1ccc2c(N=C=O)cccc21,,,,"MolGlyph 1.1.1 (BioMiner git 17c6161, molglyph_large)",0.13204156421124935
uob,maybridge-0425-199129844,O=CNc1ccc2occc2c1,,,,"MolGlyph 1.1.1 (BioMiner git 17c6161, molglyph_large)",0.11244780942797661
uob,maybridge-0425-265258582,COc1ccc(N=C=O)cc1OC1CCCC1,,,,"MolGlyph 1.1.1 (BioMiner git 17c6161, molglyph_large)",0.15204847790300846
uob,maybridge-0425-345959873,O=C=Nc1ccnc(N2CCOCC2)c1,,,,"MolGlyph 1.1.1 (BioMiner git 17c6161, molglyph_large)",0.1419162917882204
uob,maybridge-0425-503658401,Cn1ccc2ccc(N=C=O)cc21,,,,"MolGlyph 1.1.1 (BioMiner git 17c6161, molglyph_large)",0.13192870281636715
uob,maybridge-0425-608497470,O=C=NC1CCN(C(=O)OCc2ccccc2)CC1,,,,"MolGlyph 1.1.1 (BioMiner git 17c6161, molglyph_large)",0.1762808207422495
uob,maybridge-0425-79297143,O=C=Nc1cc(Cl)nc(Cl)c1,,,,"MolGlyph 1.1.1 (BioMiner git 17c6161, molglyph_large)",0.12253034673631191
uob,maybridge-0425-881298110,O=C=Nc1cccc(COc2ccccc2)c1,,,,"MolGlyph 1.1.1 (BioMiner git 17c6161, molglyph_large)",0.15102667920291424
uob,maybridge-0425-957214816,O=C=Nc1ccccc1I,,,,"MolGlyph 1.1.1 (BioMiner git 17c6161, molglyph_large)",0.09770724549889565
uob,maybridge-0425-984515734,O=C=Nc1cccc(N2CCOCC2)n1,,,,"MolGlyph 1.1.1 (BioMiner git 17c6161, molglyph_large)",0.14178062975406647
uob,maybridge-0426-165445564,O=C=Nc1cc(F)cc2c1OCOC2,,,,"MolGlyph 1.1.1 (BioMiner git 17c6161, molglyph_large)",0.13737650215625763
uob,maybridge-0426-322669984,O=CNc1cccc2ccccc12,,,,"MolGlyph 1.1.1 (BioMiner git 17c6161, molglyph_large)",0.11872787773609161
uob,maybridge-0426-373126460,O=C=NCc1ccc2c(c1)OCO2,,,,"MolGlyph 1.1.1 (BioMiner git 17c6161, molglyph_large)",0.13166268542408943
uob,maybridge-0426-389184890,O=CNc1ccc2c(c1)CCO2,,,,"MolGlyph 1.1.1 (BioMiner git 17c6161, molglyph_large)",0.12285615131258965
uob,maybridge-0426-392137605,O=CNc1ccc2c(c1)OCCO2,,,,"MolGlyph 1.1.1 (BioMiner git 17c6161, molglyph_large)",0.12885981425642967
uob,maybridge-0426-565588829,CC1(C)Cc2cccc(N=C=O)c2O1,,,,"MolGlyph 1.1.1 (BioMiner git 17c6161, molglyph_large)",0.1467107329517603
uob,maybridge-0426-772285360,O=C=Nc1ccc2sccc2c1,,,,"MolGlyph 1.1.1 (BioMiner git 17c6161, molglyph_large)",0.11783437430858612
uob,maybridge-0426-834957939,O=C=Nc1ccc2c(c1)OCCCO2,,,,"MolGlyph 1.1.1 (BioMiner git 17c6161, molglyph_large)",0.13696010783314705
uob,maybridge-0426-947702024,O=CNc1cccc2nsnc12,,,,"MolGlyph 1.1.1 (BioMiner git 17c6161, molglyph_large)",0.11304855160415173
uob,maybridge-0426-947958771,CC1(C)CCC(C)(C)c2cc(N=C=O)ccc21,,,,"MolGlyph 1.1.1 (BioMiner git 17c6161, molglyph_large)",0.18072789534926414
uob,maybridge-0427-123785312,S=C=NCC1CC1,,,,"MolGlyph 1.1.1 (BioMiner git 17c6161, molglyph_large)",0.0839744359254837
uob,maybridge-0427-193782187,N#Cc1ccc(N=C=S)cc1,,,,"MolGlyph 1.1.1 (BioMiner git 17c6161, molglyph_large)",0.1179044283926487
uob,maybridge-0427-470335404,Fc1cccc(N=C=S)c1,,,,"MolGlyph 1.1.1 (BioMiner git 17c6161, molglyph_large)",0.10789857618510723
uob,maybridge-0427-547710897,S=C=NC1CCCC1,,,,"MolGlyph 1.1.1 (BioMiner git 17c6161, molglyph_large)",0.08821113780140877
uob,maybridge-0427-552040035,COC(=O)c1sccc1N=C=S,,,,"MolGlyph 1.1.1 (BioMiner git 17c6161, molglyph_large)",0.12231573648750782
uob,maybridge-0427-583461482,Cc1noc(C)c1N=C=S,,,,"MolGlyph 1.1.1 (BioMiner git 17c6161, molglyph_large)",0.10762819834053516
uob,maybridge-0427-58434133,S=C=NC1CC1,,,,"MolGlyph 1.1.1 (BioMiner git 17c6161, molglyph_large)",0.07845467515289783
uob,maybridge-0427-752482745,Cc1onc(-c2ccccc2)c1N=C=S,,,,"MolGlyph 1.1.1 (BioMiner git 17c6161, molglyph_large)",0.14676344767212868
uob,maybridge-0427-816560955,S=C=NCC1CCCO1,,,,"MolGlyph 1.1.1 (BioMiner git 17c6161, molglyph_large)",0.09282544068992138
uob,maybridge-0427-940728721,COC(=O)c1scc(C)c1N=C=S,,,,"MolGlyph 1.1.1 (BioMiner git 17c6161, molglyph_large)",0.1374511532485485
uob,maybridge-0428-118565135,CC(C)(C)c1ccc(N=C=S)cc1,,,,"MolGlyph 1.1.1 (BioMiner git 17c6161, molglyph_large)",0.14202739112079144
uob,maybridge-0428-178533246,FC(F)(F)c1ccccc1N=C=S,,,,"MolGlyph 1.1.1 (BioMiner git 17c6161, molglyph_large)",0.13155541941523552
uob,maybridge-0428-266005310,Cc1cc(C)c(N=C=S)c(C)c1,,,,"MolGlyph 1.1.1 (BioMiner git 17c6161, molglyph_large)",0.13672075234353542
uob,maybridge-0428-30972715,Cc1ccc(F)cc1N=C=S,,,,"MolGlyph 1.1.1 (BioMiner git 17c6161, molglyph_large)",0.11279930360615253
uob,maybridge-0428-352508339,Cc1cccc(Cl)c1N=CS,,,,"MolGlyph 1.1.1 (BioMiner git 17c6161, molglyph_large)",0.10769237205386162
uob,maybridge-0428-389856930,COC(=O)c1ccccc1N=C=S,,,,"MolGlyph 1.1.1 (BioMiner git 17c6161, molglyph_large)",0.12693736515939236
uob,maybridge-0428-424676441,Cc1c(Cl)cccc1N=C=S,,,,"MolGlyph 1.1.1 (BioMiner git 17c6161, molglyph_large)",0.11297404021024704
uob,maybridge-0428-436987631,[N+](c1ccc(N=C=S)cc1)(=O)[O-],,,,"MolGlyph 1.1.1 (BioMiner git 17c6161, molglyph_large)",0.17086136899888515
uob,maybridge-0428-440417076,Cc1cc(C)cc(N=C=S)c1,,,,"MolGlyph 1.1.1 (BioMiner git 17c6161, molglyph_large)",0.12274278700351715
uob,maybridge-0428-465888986,CCOc1ccccc1N=C=S,,,,"MolGlyph 1.1.1 (BioMiner git 17c6161, molglyph_large)",0.10754588060081005
uob,maybridge-0428-653103202,CSc1ccc(N=C=S)cc1,,,,"MolGlyph 1.1.1 (BioMiner git 17c6161, molglyph_large)",0.11260543018579483
uob,maybridge-0428-840177217,COc1cc(N=C=S)cc(OC)c1,,,,"MolGlyph 1.1.1 (BioMiner git 17c6161, molglyph_large)",0.13206965662539005
uob,maybridge-0428-850136689,S=C=Nc1ccc(-n2cccn2)cc1,,,,"MolGlyph 1.1.1 (BioMiner git 17c6161, molglyph_large)",0.14187760278582573
uob,maybridge-0428-859131755,Fc1ccc(Cl)cc1N=C=S,,,,"MolGlyph 1.1.1 (BioMiner git 17c6161, molglyph_large)",0.11299806833267212
uob,maybridge-0429-1003153960,S=C=Nc1ccc(Oc2ccccc2)nc1,,,,"MolGlyph 1.1.1 (BioMiner git 17c6161, molglyph_large)",0.1464082170277834
uob,maybridge-0429-142878654,S=C=Nc1ccc2c(c1)OCO2,,,,"MolGlyph 1.1.1 (BioMiner git 17c6161, molglyph_large)",0.12705263681709766
uob,maybridge-0429-199683901,S=C=Nc1ccc(N2CCOCC2)cc1,,,,"MolGlyph 1.1.1 (BioMiner git 17c6161, molglyph_large)",0.14205051213502884
uob,maybridge-0429-215283947,S=C=NC(c1ccccc1)c1ccccc1,,,,"MolGlyph 1.1.1 (BioMiner git 17c6161, molglyph_large)",0.14736642874777317
uob,maybridge-0429-297784713,FC(F)(F)Oc1ccc(N=C=S)cc1,,,,"MolGlyph 1.1.1 (BioMiner git 17c6161, molglyph_large)",0.14706242084503174
uob,maybridge-0429-367287895,O=S(=O)(c1ccc(N=C=S)cc1)N1CCCCC1,,,,"MolGlyph 1.1.1 (BioMiner git 17c6161, molglyph_large)",0.18490191735327244
uob,maybridge-0429-416212772,COc1cc(Cl)c(OC)cc1N=C=S,,,,"MolGlyph 1.1.1 (BioMiner git 17c6161, molglyph_large)",0.13749459758400917
uob,maybridge-0429-458436491,S=C=Nc1ccccc1Br,,,,"MolGlyph 1.1.1 (BioMiner git 17c6161, molglyph_large)",0.09873148612678051
uob,maybridge-0429-682444962,S=C=Nc1cccc(Br)c1,,,,"MolGlyph 1.1.1 (BioMiner git 17c6161, molglyph_large)",0.10792866721749306
uob,maybridge-0429-804480154,S=C=Nc1ccc(OCc2ccccc2)cc1,,,,"MolGlyph 1.1.1 (BioMiner git 17c6161, molglyph_large)",0.152085667476058
uob,maybridge-0429-867006549,S=C=Nc1ccc(N2CCOCC2)nc1,,,,"MolGlyph 1.1.1 (BioMiner git 17c6161, molglyph_large)",0.14156266674399376
uob,maybridge-0429-87356159,S=C=Nc1cccnc1,,,,"MolGlyph 1.1.1 (BioMiner git 17c6161, molglyph_large)",0.09339870326220989
uob,maybridge-0430-1011914528,CCOC(=O)c1c(N=C=S)sc2c1CCCC2,,,,"MolGlyph 1.1.1 (BioMiner git 17c6161, molglyph_large)",0.1653435081243515
uob,maybridge-0430-1060885767,CC(C)N=C=S,,,,"MolGlyph 1.1.1 (BioMiner git 17c6161, molglyph_large)",0.0783205796033144
uob,maybridge-0430-140579382,CCCCCCN=CS,,,,"MolGlyph 1.1.1 (BioMiner git 17c6161, molglyph_large)",0.07829681597650051
uob,maybridge-0430-28590633,S=C=Nc1cccc2ccccc12,,,,"MolGlyph 1.1.1 (BioMiner git 17c6161, molglyph_large)",0.12272579781711102
uob,maybridge-0430-337983919,CC(C)CN=C=S,,,,"MolGlyph 1.1.1 (BioMiner git 17c6161, molglyph_large)",0.08251307904720306
uob,maybridge-0430-474146096,S=C=Nc1ccc2nsnc2c1,,,,"MolGlyph 1.1.1 (BioMiner git 17c6161, molglyph_large)",0.11774018406867981
uob,maybridge-0430-668668614,S=C=Nc1cccc2nsnc12,,,,"MolGlyph 1.1.1 (BioMiner git 17c6161, molglyph_large)",0.11758113466203213
uob,maybridge-0430-838185268,CCCCCN=C=S,,,,"MolGlyph 1.1.1 (BioMiner git 17c6161, molglyph_large)",0.07828138954937458
uob,maybridge-0430-86016385,S=C=NCc1ccc2c(c1)OCO2,,,,"MolGlyph 1.1.1 (BioMiner git 17c6161, molglyph_large)",0.13193800672888756
uob,maybridge-0430-890096372,S=C=Nc1ccc2c(c1)OCCO2,,,,"MolGlyph 1.1.1 (BioMiner git 17c6161, molglyph_large)",0.13220712170004845
uob,maybridge-0430-967328380,CN(C)c1ccc(N=C=S)c2ccccc12,,,,"MolGlyph 1.1.1 (BioMiner git 17c6161, molglyph_large)",0.15613910369575024
uob,maybridge-0431-1015762577,CC(=O)c1[nH]c(C)cc1C,,,,"MolGlyph 1.1.1 (BioMiner git 17c6161, molglyph_large)",0.1274583749473095
uob,maybridge-0431-1032267337,CCOC(=O)c1[nH]c(C)c(C(C)=O)c1C,,,,"MolGlyph 1.1.1 (BioMiner git 17c6161, molglyph_large)",0.17611184157431126
uob,maybridge-0431-175363346,CC(=O)c1ccn[nH]1,,,,"MolGlyph 1.1.1 (BioMiner git 17c6161, molglyph_large)",0.10808444954454899
uob,maybridge-0431-694132246,Cc1occc1C(=O)CC#N,,,,"MolGlyph 1.1.1 (BioMiner git 17c6161, molglyph_large)",0.11843647994101048
uob,maybridge-0431-707436014,CC(C)(C)OC(=O)N1CC(=O)CC1C(=O)O,,,,"MolGlyph 1.1.1 (BioMiner git 17c6161, molglyph_large)",0.18100405111908913
uob,maybridge-0431-742294691,CC(=O)c1nnn(-c2cc(Cl)cc(Cl)c2)c1C,,,,"MolGlyph 1.1.1 (BioMiner git 17c6161, molglyph_large)",0.18172876723110676
uob,maybridge-0431-79648094,CCOc1c(Nc2ccc(C(=O)O)cc2)c(=O)c1=O,,,,"MolGlyph 1.1.1 (BioMiner git 17c6161, molglyph_large)",0.1950359009206295
uob,maybridge-0431-841286520,CC(=O)c1cc[nH]c1,,,,"MolGlyph 1.1.1 (BioMiner git 17c6161, molglyph_large)",0.1079206820577383
uob,maybridge-0431-891141677,CCOC(=O)C1CN(Cc2ccco2)C(=O)C1=O,,,,"MolGlyph 1.1.1 (BioMiner git 17c6161, molglyph_large)",0.18080720491707325
uob,maybridge-0431-956454858,O=C1C(=O)C(c2ccccc2)C(=O)C1c1ccccc1,,,,"MolGlyph 1.1.1 (BioMiner git 17c6161, molglyph_large)",0.19984032586216927
uob,maybridge-0432-1023228931,CC(=O)c1cc(Br)cs1,,,,"MolGlyph 1.1.1 (BioMiner git 17c6161, molglyph_large)",0.10750634409487247
uob,maybridge-0432-150529421,Cc1cc(C(=O)CC#N)c(C(F)(F)F)o1,,,,"MolGlyph 1.1.1 (BioMiner git 17c6161, molglyph_large)",0.17111661098897457
uob,maybridge-0432-251641259,O=C(c1cccs1)C1CC1,,,,"MolGlyph 1.1.1 (BioMiner git 17c6161, molglyph_large)",0.11496370285749435
uob,maybridge-0432-363573609,CCOC(=O)C(=O)CC(=O)c1cccs1,,,,"MolGlyph 1.1.1 (BioMiner git 17c6161, molglyph_large)",0.15625716373324394
uob,maybridge-0432-38370167,CC(=O)c1sccc1N,,,,"MolGlyph 1.1.1 (BioMiner git 17c6161, molglyph_large)",0.09838109649717808
uob,maybridge-0432-48028606,CC(=O)c1ccc(C=O)s1,,,,"MolGlyph 1.1.1 (BioMiner git 17c6161, molglyph_large)",0.11737788282334805
uob,maybridge-0432-637219924,CC1=CC(=O)C(C)O1,,,,"MolGlyph 1.1.1 (BioMiner git 17c6161, molglyph_large)",0.10718183219432831
uob,maybridge-0432-804484801,CC(=O)c1cc(-c2ccc(Cl)cc2)oc1C,,,,"MolGlyph 1.1.1 (BioMiner git 17c6161, molglyph_large)",0.16644129529595375
uob,maybridge-0432-905125387,CCOC(=O)CC(=O)c1ccco1,,,,"MolGlyph 1.1.1 (BioMiner git 17c6161, molglyph_large)",0.1319285538047552
uob,maybridge-0432-931939119,CC(=O)c1ccc(C#N)s1,,,,"MolGlyph 1.1.1 (BioMiner git 17c6161, molglyph_large)",0.1173999086022377
uob,maybridge-0432-975585709,N#CCC(=O)c1cccs1,,,,"MolGlyph 1.1.1 (BioMiner git 17c6161, molglyph_large)",0.10748594999313354
uob,maybridge-0432-994641848,CC(=O)c1cc(Cl)sc1Cl,,,,"MolGlyph 1.1.1 (BioMiner git 17c6161, molglyph_large)",0.11270359717309475
uob,maybridge-0433-325135058,CC(=O)c1sc(-c2ccc(Cl)cc2)cc1N,,,,"MolGlyph 1.1.1 (BioMiner git 17c6161, molglyph_large)",0.16558902710676193
uob,maybridge-0433-508669765,COC(=O)C1CSCC1=O,,,,"MolGlyph 1.1.1 (BioMiner git 17c6161, molglyph_large)",0.10752839222550392
uob,maybridge-0433-619094260,CC(=O)c1cc(-c2c(Cl)cccc2Cl)no1,,,,"MolGlyph 1.1.1 (BioMiner git 17c6161, molglyph_large)",0.16818037070333958
uob,maybridge-0433-65357354,O=C1CSC(c2cccs2)C1,,,,"MolGlyph 1.1.1 (BioMiner git 17c6161, molglyph_large)",0.11991726793348789
uob,maybridge-0433-773337695,CC(=O)c1c(-c2c(Cl)cccc2Cl)noc1C,,,,"MolGlyph 1.1.1 (BioMiner git 17c6161, molglyph_large)",0.17108453065156937
uob,maybridge-0433-779702377,CC(=O)c1c(-c2ccc(Cl)cc2)noc1C,,,,"MolGlyph 1.1.1 (BioMiner git 17c6161, molglyph_large)",0.16661996766924858
uob,maybridge-0433-895384534,CC(=O)c1c(-c2ccccc2)noc1C,,,,"MolGlyph 1.1.1 (BioMiner git 17c6161, molglyph_large)",0.15152540802955627
uob,maybridge-0433-935544293,CC(=O)c1csc(-c2ccccc2)n1,,,,"MolGlyph 1.1.1 (BioMiner git 17c6161, molglyph_large)",0.14993208460509777
uob,maybridge-0433-949419557,CCOC(=O)c1noc(C)c1C(C)=O,,,,"MolGlyph 1.1.1 (BioMiner git 17c6161, molglyph_large)",0.14648263156414032
uob,maybridge-0433-955370709,CCOC(=O)C(=O)c1ccc(Br)s1,,,,"MolGlyph 1.1.1 (BioMiner git 17c6161, molglyph_large)",0.14188236743211746
uob,maybridge-0433-980714481,CC(=O)c1nccs1,,,,"MolGlyph 1.1.1 (BioMiner git 17c6161, molglyph_large)",0.09259789995849133
uob,maybridge-0434-1011398231,CC(=O)c1sc(-c2cccs2)nc1C,,,,"MolGlyph 1.1.1 (BioMiner git 17c6161, molglyph_large)",0.14659245871007442
uob,maybridge-0434-1071913178,CC(=O)c1csc(CS(=O)(=O)c2ccccn2)n1,,,,"MolGlyph 1.1.1 (BioMiner git 17c6161, molglyph_large)",0.19049814902245998
uob,maybridge-0434-181794251,CC(=O)c1ccc(O)c(C)c1,,,,"MolGlyph 1.1.1 (BioMiner git 17c6161, molglyph_large)",0.1270855888724327
uob,maybridge-0434-199740229,CCOC(=O)C(=O)c1csc(NC=O)n1,,,,"MolGlyph 1.1.1 (BioMiner git 17c6161, molglyph_large)",0.15617373026907444
uob,maybridge-0434-248902174,CCc1cccc(C(C)=O)c1,,,,"MolGlyph 1.1.1 (BioMiner git 17c6161, molglyph_large)",0.11748220026493073
uob,maybridge-0434-381100018,CC(=O)c1cc(C)ccc1O,,,,"MolGlyph 1.1.1 (BioMiner git 17c6161, molglyph_large)",0.1169374156743288
uob,maybridge-0434-450219327,CC(=O)c1csc(-c2csc(C)n2)n1,,,,"MolGlyph 1.1.1 (BioMiner git 17c6161, molglyph_large)",0.15609203279018402
uob,maybridge-0434-479059376,CC(=O)c1ccc(C)cc1O,,,,"MolGlyph 1.1.1 (BioMiner git 17c6161, molglyph_large)",0.11779484711587429
uob,maybridge-0434-586883646,CC(=O)c1csc(-c2ccc(C(F)(F)F)cc2)n1,,,,"MolGlyph 1.1.1 (BioMiner git 17c6161, molglyph_large)",0.19569548219442368
uob,maybridge-0434-782154060,CC(=O)c1cccc(F)c1,,,,"MolGlyph 1.1.1 (BioMiner git 17c6161, molglyph_large)",0.11236976087093353
uob,maybridge-0434-978863531,CC(=O)c1ccc(N)cc1O,,,,"MolGlyph 1.1.1 (BioMiner git 17c6161, molglyph_large)",0.11804205179214478
uob,maybridge-0435-130839280,COc1cc(O)c(C(C)=O)c(O)c1,,,,"MolGlyph 1.1.1 (BioMiner git 17c6161, molglyph_large)",0.14615991711616516
uob,maybridge-0435-157033574,CNc1ccc(C(C)=O)cc1N,,,,"MolGlyph 1.1.1 (BioMiner git 17c6161, molglyph_large)",0.12229268997907639
uob,maybridge-0435-1641628,CC(=O)c1ccc(B(O)O)cc1,,,,"MolGlyph 1.1.1 (BioMiner git 17c6161, molglyph_large)",0.13396829925477505
uob,maybridge-0435-192081135,CC(=O)c1cccc(B(O)O)c1,,,,"MolGlyph 1.1.1 (BioMiner git 17c6161, molglyph_large)",0.13240923173725605
uob,maybridge-0435-339766858,N#CCC(=O)c1cccc(Cl)c1,,,,"MolGlyph 1.1.1 (BioMiner git 17c6161, molglyph_large)",0.12726921029388905
uob,maybridge-0435-417157191,Cc1cccc(C(=O)CC#N)c1,,,,"MolGlyph 1.1.1 (BioMiner git 17c6161, molglyph_large)",0.12737991102039814
uob,maybridge-0435-472826279,CC(=O)c1cc(F)cc(F)c1O,,,,"MolGlyph 1.1.1 (BioMiner git 17c6161, molglyph_large)",0.13268583081662655
uob,maybridge-0435-612494493,CC(=O)c1ccc(F)c(Cl)c1,,,,"MolGlyph 1.1.1 (BioMiner git 17c6161, molglyph_large)",0.1270848922431469
uob,maybridge-0435-620036443,CC(=O)c1cc(F)ccc1O,,,,"MolGlyph 1.1.1 (BioMiner git 17c6161, molglyph_large)",0.11722440458834171
uob,maybridge-0435-878608633,CC(=O)c1cccc(Cl)c1O,,,,"MolGlyph 1.1.1 (BioMiner git 17c6161, molglyph_large)",0.11733620800077915
uob,maybridge-0435-989215229,CC(=O)c1c(O)cccc1O,,,,"MolGlyph 1.1.1 (BioMiner git 17c6161, molglyph_large)",0.11780758574604988
uob,maybridge-0435-998118788,CC(=O)c1ccc(O)c(C)c1O,,,,"MolGlyph 1.1.1 (BioMiner git 17c6161, molglyph_large)",0.131883192807436
uob,maybridge-0436-109228076,COc1ccc(C(C)=O)cc1CCl,,,,"MolGlyph 1.1.1 (BioMiner git 17c6161, molglyph_large)",0.12691618502140045
uob,maybridge-0436-205399862,Cc1ccc(C(=O)CCC(=O)O)cc1,,,,"MolGlyph 1.1.1 (BioMiner git 17c6161, molglyph_large)",0.14658218063414097
uob,maybridge-0436-297989782,CC(=O)c1ccccc1Oc1ccccc1,,,,"MolGlyph 1.1.1 (BioMiner git 17c6161, molglyph_large)",0.14229675382375717
uob,maybridge-0436-363136863,CCCC(=O)c1ccc(NC(C)=O)cc1O,,,,"MolGlyph 1.1.1 (BioMiner git 17c6161, molglyph_large)",0.1565693709999323
uob,maybridge-0436-440308308,Nc1cccc(C(=O)c2ccccc2)c1,,,,"MolGlyph 1.1.1 (BioMiner git 17c6161, molglyph_large)",0.15204075165092945
uob,maybridge-0436-443228356,O=C(O)c1ccc(C(=O)C(F)(F)F)cc1,,,,"MolGlyph 1.1.1 (BioMiner git 17c6161, molglyph_large)",0.1708759404718876
uob,maybridge-0436-477452380,CC(=O)c1cccc(Cl)c1Cl,,,,"MolGlyph 1.1.1 (BioMiner git 17c6161, molglyph_large)",0.11761781945824623
uob,maybridge-0436-665355358,CC(=O)Nc1ccc(C(C)=O)c(O)c1,,,,"MolGlyph 1.1.1 (BioMiner git 17c6161, molglyph_large)",0.15619820728898048
uob,maybridge-0436-723174157,CC(=O)c1ccc(S(C)(=O)=O)cc1,,,,"MolGlyph 1.1.1 (BioMiner git 17c6161, molglyph_large)",0.15595485270023346
uob,maybridge-0436-758808367,O=C(CO)c1ccc(Br)cc1,,,,"MolGlyph 1.1.1 (BioMiner git 17c6161, molglyph_large)",0.11783215217292309
uob,maybridge-0436-909003027,CC(=O)c1cccc(OC(F)(F)F)c1,,,,"MolGlyph 1.1.1 (BioMiner git 17c6161, molglyph_large)",0.15121114067733288
uob,maybridge-0436-999989758,CCOC(=O)C(=O)c1ccc(C)cc1,,,,"MolGlyph 1.1.1 (BioMiner git 17c6161, molglyph_large)",0.14649175107479095
uob,maybridge-0437-1003344113,[N+](c1ccc(C(=O)C(=O)c2ccccc2)cc1)(=O)[O-],,,,"MolGlyph 1.1.1 (BioMiner git 17c6161, molglyph_large)",0.2352143730968237
uob,maybridge-0437-1028059453,O=C(O)CCC(=O)c1ccc(Br)cc1,,,,"MolGlyph 1.1.1 (BioMiner git 17c6161, molglyph_large)",0.14715554751455784
uob,maybridge-0437-220886715,CCOC(=O)CC(=O)c1cccc([N+](=O)[O-])c1,,,,"MolGlyph 1.1.1 (BioMiner git 17c6161, molglyph_large)",0.2043905109167099
uob,maybridge-0437-293040948,N#CCC(=O)c1ccc(OC(F)(F)F)cc1,,,,"MolGlyph 1.1.1 (BioMiner git 17c6161, molglyph_large)",0.16648182831704617
uob,maybridge-0437-310011441,[N+](c1ccc(C(=O)CN)cc1)(=O)[O-],,,,"MolGlyph 1.1.1 (BioMiner git 17c6161, molglyph_large)",0.1807152796536684
uob,maybridge-0437-339795321,Cc1ccc(C(=O)C(=O)c2ccc(Cl)cc2)cc1,,,,"MolGlyph 1.1.1 (BioMiner git 17c6161, molglyph_large)",0.1854603812098503
uob,maybridge-0437-394433425,COc1ccc(C(=O)CC(=O)C(F)(F)F)cc1,,,,"MolGlyph 1.1.1 (BioMiner git 17c6161, molglyph_large)",0.18095452897250652
uob,maybridge-0437-485326615,O=C(O)c1ccccc1C(=O)c1ccc(F)cc1,,,,"MolGlyph 1.1.1 (BioMiner git 17c6161, molglyph_large)",0.17598886229097843
uob,maybridge-0437-592440827,COc1ccc(Br)c(C(=O)CC#N)c1,,,,"MolGlyph 1.1.1 (BioMiner git 17c6161, molglyph_large)",0.1465741991996765
uob,maybridge-0437-596304748,CCOC(=O)C(=O)c1ccc(Cl)c(Cl)c1,,,,"MolGlyph 1.1.1 (BioMiner git 17c6161, molglyph_large)",0.16072314605116844
uob,maybridge-0437-642020370,CCCc1c(O)c(C(C)=O)cc(C(C)=O)c1O,,,,"MolGlyph 1.1.1 (BioMiner git 17c6161, molglyph_large)",0.18062064796686172
uob,maybridge-0437-824600399,CCC(=O)c1ccc(-c2ccccc2F)cc1,,,,"MolGlyph 1.1.1 (BioMiner git 17c6161, molglyph_large)",0.1629402656108141
uob,maybridge-0438-1031638450,CC(=O)c1ccc(Oc2ccc(Cl)cc2)cc1Cl,,,,"MolGlyph 1.1.1 (BioMiner git 17c6161, molglyph_large)",0.17093109525740147
uob,maybridge-0438-300079510,Cc1c(C)c(C)c(C(=O)c2ccccc2C(=O)O)c(C)c1C,,,,"MolGlyph 1.1.1 (BioMiner git 17c6161, molglyph_large)",0.22506232373416424
uob,maybridge-0438-330644950,CC(C)(C)OC(=O)N1CCC(C(=O)c2ccc(F)cc2)CC1,,,,"MolGlyph 1.1.1 (BioMiner git 17c6161, molglyph_large)",0.22503088414669037
uob,maybridge-0438-531574440,COc1ccc(C(=O)C(C#N)=C(SC)SC)cc1,,,,"MolGlyph 1.1.1 (BioMiner git 17c6161, molglyph_large)",0.17970029823482037
uob,maybridge-0438-567715787,CCOC(=O)CCC(=O)OC(C(=O)c1ccccc1)c1ccccc1,,,,"MolGlyph 1.1.1 (BioMiner git 17c6161, molglyph_large)",0.22382181137800217
uob,maybridge-0438-642777116,CSC(SC)=C(C#N)C(=O)c1ccc(Cl)cc1,,,,"MolGlyph 1.1.1 (BioMiner git 17c6161, molglyph_large)",0.17585664428770542
uob,maybridge-0438-812201273,CCOC(=O)CC(=O)c1cc(C(F)(F)F)cc(C(F)(F)F)c1,,,,"MolGlyph 1.1.1 (BioMiner git 17c6161, molglyph_large)",0.2347725983709097
uob,maybridge-0438-874919565,O=C(O)CCOC(C(=O)c1ccccc1)c1ccccc1,,,,"MolGlyph 1.1.1 (BioMiner git 17c6161, molglyph_large)",0.19089803285896778
uob,maybridge-0438-942169679,*C1NC(C)N(CC(=O)c2ccc(Cl)cc2)C1Br,,,,"MolGlyph 1.1.1 (BioMiner git 17c6161, molglyph_large)",0.181531036272645
uob,maybridge-0439-191567892,O=C(Cc1ccccc1)C1CCCCC1,,,,"MolGlyph 1.1.1 (BioMiner git 17c6161, molglyph_large)",0.1369980201125145
uob,maybridge-0439-259329004,CC(=O)c1ccc(Cl)nc1,,,,"MolGlyph 1.1.1 (BioMiner git 17c6161, molglyph_large)",0.11359786242246628
uob,maybridge-0439-275556832,CC(=O)/C=C/c1ccccc1Cl,,,,"MolGlyph 1.1.1 (BioMiner git 17c6161, molglyph_large)",0.12743905186653137
uob,maybridge-0439-336332373,Cc1ccc(CC(=O)c2cccnc2)cc1,,,,"MolGlyph 1.1.1 (BioMiner git 17c6161, molglyph_large)",0.15262171253561974
uob,maybridge-0439-353844962,O=C1CCC(C(F)(F)F)CC1,,,,"MolGlyph 1.1.1 (BioMiner git 17c6161, molglyph_large)",0.12946520559489727
uob,maybridge-0439-489050163,O=C1CCC2(CC1)OCCO2,,,,"MolGlyph 1.1.1 (BioMiner git 17c6161, molglyph_large)",0.11784649267792702
uob,maybridge-0439-566319741,CC(=O)C(Oc1ccc(Cl)cc1)C(C)=O,,,,"MolGlyph 1.1.1 (BioMiner git 17c6161, molglyph_large)",0.16214204393327236
uob,maybridge-0439-598184013,CC(C)(C)C1=CC(=O)C=C(C(C)(C)C)C1=O,,,,"MolGlyph 1.1.1 (BioMiner git 17c6161, molglyph_large)",0.19554982893168926
uob,maybridge-0439-733449722,COC(=O)c1ccccc1SCC(C)=O,,,,"MolGlyph 1.1.1 (BioMiner git 17c6161, molglyph_large)",0.14310962334275246
uob,maybridge-0439-799802258,CC(=O)c1nccnc1C,,,,"MolGlyph 1.1.1 (BioMiner git 17c6161, molglyph_large)",0.1028751153498888
uob,maybridge-0439-812321232,O=C1CCCC(O)=C1Cl,,,,"MolGlyph 1.1.1 (BioMiner git 17c6161, molglyph_large)",0.10268918424844742
uob,maybridge-0439-873339973,CC(=O)c1cc(C#N)c(O)nc1C,,,,"MolGlyph 1.1.1 (BioMiner git 17c6161, molglyph_large)",0.1417775433510542
uob,maybridge-0440-383892487,CC(=O)C1CCN(C(C)=O)CC1,,,,"MolGlyph 1.1.1 (BioMiner git 17c6161, molglyph_large)",0.137117899954319
uob,maybridge-0440-430253269,O=C(c1ccccc1)C1CCNCC1,,,,"MolGlyph 1.1.1 (BioMiner git 17c6161, molglyph_large)",0.13308731652796268
uob,maybridge-0440-463766580,CC(C)(C)[Si](C)(C)OCC1CN(Cc2ccccc2)CCC1=O,,,,"MolGlyph 1.1.1 (BioMiner git 17c6161, molglyph_large)",0.22743281908333302
uob,maybridge-0440-502116586,O=C(c1ccc(Cl)cc1)C1CCNCC1,,,,"MolGlyph 1.1.1 (BioMiner git 17c6161, molglyph_large)",0.14731761999428272
uob,maybridge-0440-536407837,COc1ccc(C(=O)C2CCNCC2)cc1,,,,"MolGlyph 1.1.1 (BioMiner git 17c6161, molglyph_large)",0.15329735167324543
uob,maybridge-0440-775517952,CC1(C)CC(=O)CC(C)(C)N1,,,,"MolGlyph 1.1.1 (BioMiner git 17c6161, molglyph_large)",0.13885098323225975
uob,maybridge-0440-808253488,O=C1CCN(Cc2ccccc2)CC1,,,,"MolGlyph 1.1.1 (BioMiner git 17c6161, molglyph_large)",0.13424150086939335
uob,maybridge-0440-909381959,CC(C)(C)OC(=O)N1CCC(=O)CC1,,,,"MolGlyph 1.1.1 (BioMiner git 17c6161, molglyph_large)",0.15821170434355736
uob,maybridge-0440-992042913,O=C(c1ccc(F)cc1)C1CCNCC1,,,,"MolGlyph 1.1.1 (BioMiner git 17c6161, molglyph_large)",0.14857148379087448
uob,maybridge-0441-379715086,C[C@@]12CC(=O)C[C@]1(C)CC(=O)C2,,,,"MolGlyph 1.1.1 (BioMiner git 17c6161, molglyph_large)",0.18363075889647007
uob,maybridge-0441-38549361,O=C1CCSCC1,,,,"MolGlyph 1.1.1 (BioMiner git 17c6161, molglyph_large)",0.07865563780069351
uob,maybridge-0441-594230542,CC(=O)C1=CN=C(c2ccc(Cl)cc2)SC1,,,,"MolGlyph 1.1.1 (BioMiner git 17c6161, molglyph_large)",0.17133149690926075
uob,maybridge-0441-633143779,CC(=O)Nc1ccc2c(c1)CCC2=O,,,,"MolGlyph 1.1.1 (BioMiner git 17c6161, molglyph_large)",0.1468704789876938
uob,maybridge-0441-659549829,O=C1CCOCC1,,,,"MolGlyph 1.1.1 (BioMiner git 17c6161, molglyph_large)",0.07829542271792889
uob,maybridge-0441-726396920,CC(=O)c1ccc2c(c1)CCC2,,,,"MolGlyph 1.1.1 (BioMiner git 17c6161, molglyph_large)",0.13241545483469963
uob,maybridge-0441-751240662,O=C(Oc1cccc2c1CCC2=O)c1ccccc1,,,,"MolGlyph 1.1.1 (BioMiner git 17c6161, molglyph_large)",0.1713982168585062
uob,maybridge-0441-821012898,CC(=O)CCc1c[nH]c2ccccc12,,,,"MolGlyph 1.1.1 (BioMiner git 17c6161, molglyph_large)",0.14729702845215797
uob,maybridge-0441-867377000,Nc1ccc2c(c1)CCC2=O,,,,"MolGlyph 1.1.1 (BioMiner git 17c6161, molglyph_large)",0.11777019128203392
uob,maybridge-0441-880504752,CC1Cc2ccccc2C1=O,,,,"MolGlyph 1.1.1 (BioMiner git 17c6161, molglyph_large)",0.10727007314562798
uob,maybridge-0441-928480173,[N+](c1cccc2c1C(=O)C(C(C)=O)C2=O)(=O)[O-],,,,"MolGlyph 1.1.1 (BioMiner git 17c6161, molglyph_large)",0.22893060185015202
uob,maybridge-0442-1016762474,CC(=O)c1cc2cc(Br)ccc2o1,,,,"MolGlyph 1.1.1 (BioMiner git 17c6161, molglyph_large)",0.14709050953388214
uob,maybridge-0442-1067652674,O=C1COc2cc(O)ccc21,,,,"MolGlyph 1.1.1 (BioMiner git 17c6161, molglyph_large)",0.1175356674939394
uob,maybridge-0442-17311566,O=C1Nc2c(C(=O)O)cccc2C1=O,,,,"MolGlyph 1.1.1 (BioMiner git 17c6161, molglyph_large)",0.15160721726715565
uob,maybridge-0442-34520288,O=C1Nc2c(Br)cccc2C1=O,,,,"MolGlyph 1.1.1 (BioMiner git 17c6161, molglyph_large)",0.12706896290183067
uob,maybridge-0442-403106061,CC(=O)c1ccc2c(c1)CCO2,,,,"MolGlyph 1.1.1 (BioMiner git 17c6161, molglyph_large)",0.13191168941557407
uob,maybridge-0442-496485002,O=C1CC2CCC(C1)N2Cc1ccccc1,,,,"MolGlyph 1.1.1 (BioMiner git 17c6161, molglyph_large)",0.15077261067926884
uob,maybridge-0442-562594008,CC(=O)c1csc2ccc(Br)cc12,,,,"MolGlyph 1.1.1 (BioMiner git 17c6161, molglyph_large)",0.1370211411267519
uob,maybridge-0442-650762711,O=C(CC(=O)C(F)(F)F)c1ccc2c(c1)OCO2,,,,"MolGlyph 1.1.1 (BioMiner git 17c6161, molglyph_large)",0.19426316022872925
uob,maybridge-0442-792934011,CC(=O)c1cc2cc(Cl)ccc2o1,,,,"MolGlyph 1.1.1 (BioMiner git 17c6161, molglyph_large)",0.139033243060112
uob,maybridge-0442-833704008,O=C(O)c1coc2c1C(=O)CCC2,,,,"MolGlyph 1.1.1 (BioMiner git 17c6161, molglyph_large)",0.1421387493610382
uob,maybridge-0442-917040704,CC(C)(C)OC(=O)N1C2CCC1CC(=O)C2,,,,"MolGlyph 1.1.1 (BioMiner git 17c6161, molglyph_large)",0.175490140914917
uob,maybridge-0443-308508976,CC(=O)c1c(O)ccc2ccccc12,,,,"MolGlyph 1.1.1 (BioMiner git 17c6161, molglyph_large)",0.14209698140621185
uob,maybridge-0443-312350727,O=C1CCCc2ccc(Br)cc21,,,,"MolGlyph 1.1.1 (BioMiner git 17c6161, molglyph_large)",0.12313094176352024
uob,maybridge-0443-485500823,O=C1CCc2cccc(O)c2C1,,,,"MolGlyph 1.1.1 (BioMiner git 17c6161, molglyph_large)",0.12260324694216251
uob,maybridge-0443-585604850,COc1ccc2cc(C(C)=O)ccc2c1,,,,"MolGlyph 1.1.1 (BioMiner git 17c6161, molglyph_large)",0.1467906590551138
uob,maybridge-0443-652467954,CSc1sc(C(N)=S)c2c1C(=O)CCC2,,,,"MolGlyph 1.1.1 (BioMiner git 17c6161, molglyph_large)",0.16086610220372677
uob,maybridge-0443-65483922,CSc1sc(C#N)c2c1C(=O)CC(C)(C)C2,,,,"MolGlyph 1.1.1 (BioMiner git 17c6161, molglyph_large)",0.17644397914409637
uob,maybridge-0443-715899156,Nc1ccc2c(c1)CCCC2=O,,,,"MolGlyph 1.1.1 (BioMiner git 17c6161, molglyph_large)",0.12496853806078434
uob,maybridge-0443-788880922,CC(=O)c1sc2nc(-c3cccs3)cc(C(F)(F)F)c2c1N,,,,"MolGlyph 1.1.1 (BioMiner git 17c6161, molglyph_large)",0.22449592500925064
uob,maybridge-0443-886864313,CC(=O)c1ccc2c(c1)C(C)(C)CCC2(C)C,,,,"MolGlyph 1.1.1 (BioMiner git 17c6161, molglyph_large)",0.1848851777613163
uob,maybridge-0443-96345723,CC(=O)Nc1ccc2c(c1)CCCC2=O,,,,"MolGlyph 1.1.1 (BioMiner git 17c6161, molglyph_large)",0.15133903361856937
uob,maybridge-0444-1045838986,O=C1CCS(=O)(=O)c2ccc(Cl)cc21,,,,"MolGlyph 1.1.1 (BioMiner git 17c6161, molglyph_large)",0.16085133329033852
uob,maybridge-0444-342348541,CC12CCC(O)(CC1=O)C2,,,,"MolGlyph 1.1.1 (BioMiner git 17c6161, molglyph_large)",0.12190272472798824
uob,maybridge-0444-3967575,O=c1ccoc2cccc(O)c12,,,,"MolGlyph 1.1.1 (BioMiner git 17c6161, molglyph_large)",0.12230268493294716
uob,maybridge-0444-474724036,CCOC(=O)C12CC(=O)C(C(=O)OCC)(CC1=O)CC2=O,,,,"MolGlyph 1.1.1 (BioMiner git 17c6161, molglyph_large)",0.2241347823292017
uob,maybridge-0444-535119798,CCOC(=O)c1cc(=O)c2ccc(O)cc2o1,,,,"MolGlyph 1.1.1 (BioMiner git 17c6161, molglyph_large)",0.17191674374043941
uob,maybridge-0444-682750874,Cc1c(O)ccc2c1OC(C)(C)CC2=O,,,,"MolGlyph 1.1.1 (BioMiner git 17c6161, molglyph_large)",0.15596294961869717
uob,maybridge-0444-697980751,CC(C)(C)c1cc(C(C)(C)C)c2oc(C(=O)O)cc(=O)c2c1,,,,"MolGlyph 1.1.1 (BioMiner git 17c6161, molglyph_large)",0.2438978422433138
uob,maybridge-0444-764720539,O=C1CCSc2ccc(F)cc21,,,,"MolGlyph 1.1.1 (BioMiner git 17c6161, molglyph_large)",0.12228770554065704
uob,maybridge-0444-831486582,O=C(O)CCC(=O)c1ccc2c(c1)OCCO2,,,,"MolGlyph 1.1.1 (BioMiner git 17c6161, molglyph_large)",0.17035500705242157
uob,maybridge-0444-928237588,CC(=O)c1cc2cc(Cl)cc(Cl)c2oc1=O,,,,"MolGlyph 1.1.1 (BioMiner git 17c6161, molglyph_large)",0.1663710344582796
uob,maybridge-0444-962185154,O=C1CC2CC1C(=O)CC2,,,,"MolGlyph 1.1.1 (BioMiner git 17c6161, molglyph_large)",0.11722424626350403
uob,maybridge-0445-188047698,O=C1c2cc(Br)ccc2-c2ccc(Br)cc21,,,,"MolGlyph 1.1.1 (BioMiner git 17c6161, molglyph_large)",0.16535466350615025
uob,maybridge-0445-223205168,COC(=O)c1cccc2c1-c1ccccc1C2=O,,,,"MolGlyph 1.1.1 (BioMiner git 17c6161, molglyph_large)",0.17098728008568287
uob,maybridge-0445-306926404,CCOC=C(C(=O)OCC)C(=O)C(F)(F)F,,,,"MolGlyph 1.1.1 (BioMiner git 17c6161, molglyph_large)",0.17051678523421288
uob,maybridge-0445-455391615,Nc1ccc(O)c2c1C(=O)c1c(O)ccc(N)c1C2=O,,,,"MolGlyph 1.1.1 (BioMiner git 17c6161, molglyph_large)",0.20474879071116447
uob,maybridge-0445-488453826,CCOC(=O)C(=CN(C)C)C(C)=O,,,,"MolGlyph 1.1.1 (BioMiner git 17c6161, molglyph_large)",0.1468344908207655
uob,maybridge-0445-53251969,COC(=O)CC(=O)C(F)(F)F,,,,"MolGlyph 1.1.1 (BioMiner git 17c6161, molglyph_large)",0.13267715089023113
uob,maybridge-0445-597066503,O=C1c2cc(O)ccc2C(=O)c2cc(O)ccc21,,,,"MolGlyph 1.1.1 (BioMiner git 17c6161, molglyph_large)",0.18562469258904457
uob,maybridge-0445-626356568,O=C(O)CCC(=O)c1ccc2c(c1)OCCCO2,,,,"MolGlyph 1.1.1 (BioMiner git 17c6161, molglyph_large)",0.1760014034807682
uob,maybridge-0445-717366860,COC(OC)C(=O)C=CN(C)C,,,,"MolGlyph 1.1.1 (BioMiner git 17c6161, molglyph_large)",0.12825245410203934
uob,maybridge-0445-886045922,CCOC(=O)C(=O)CC(=O)C(C)(C)C,,,,"MolGlyph 1.1.1 (BioMiner git 17c6161, molglyph_large)",0.1608133651316166
uob,maybridge-0446-7657654,CCOC(=O)C(CCC(=O)O)(CCC(=O)O)C(C)=O,,,,"MolGlyph 1.1.1 (BioMiner git 17c6161, molglyph_large)",0.20035933144390583
uob,maybridge-0447-1059884135,N#Cc1c(-c2ccc(Cl)cc2)n[nH]c1N,,,,"MolGlyph 1.1.1 (BioMiner git 17c6161, molglyph_large)",0.16615542396903038
uob,maybridge-0447-16865035,Cc1nn(-c2ccccc2)c(C)c1C#N,,,,"MolGlyph 1.1.1 (BioMiner git 17c6161, molglyph_large)",0.15220502205193043
uob,maybridge-0447-341700944,CC(C)(C)n1nc(-c2ccc(Cl)cc2)c(C#N)c1N,,,,"MolGlyph 1.1.1 (BioMiner git 17c6161, molglyph_large)",0.20016516745090485
uob,maybridge-0447-352838525,C=C1CC(C#N)C1,,,,"MolGlyph 1.1.1 (BioMiner git 17c6161, molglyph_large)",0.0934540443122387
uob,maybridge-0447-491579483,Cn1cnc(C#N)c1,,,,"MolGlyph 1.1.1 (BioMiner git 17c6161, molglyph_large)",0.09314621984958649
uob,maybridge-0447-705257308,Cn1cncc1C#N,,,,"MolGlyph 1.1.1 (BioMiner git 17c6161, molglyph_large)",0.0828764121979475
uob,maybridge-0447-807879032,N#CC1CN(C(c2ccccc2)c2ccccc2)C1,,,,"MolGlyph 1.1.1 (BioMiner git 17c6161, molglyph_large)",0.17633824795484543
uob,maybridge-0447-855512527,N#CCCn1cccc1C=O,,,,"MolGlyph 1.1.1 (BioMiner git 17c6161, molglyph_large)",0.10373397171497345
uob,maybridge-0447-963879572,N#Cc1n[nH]cc1Br,,,,"MolGlyph 1.1.1 (BioMiner git 17c6161, molglyph_large)",0.09831098467111588
uob,maybridge-0448-121999259,N#Cc1ccsc1N,,,,"MolGlyph 1.1.1 (BioMiner git 17c6161, molglyph_large)",0.08317441120743752
uob,maybridge-0448-164153331,Cc1nccn1CCC#N,,,,"MolGlyph 1.1.1 (BioMiner git 17c6161, molglyph_large)",0.09412564896047115
uob,maybridge-0448-44611625,N#Cc1cc(-c2ccccc2)oc1N,,,,"MolGlyph 1.1.1 (BioMiner git 17c6161, molglyph_large)",0.1366803739219904
uob,maybridge-0448-477527843,CSc1ccc(C#N)s1,,,,"MolGlyph 1.1.1 (BioMiner git 17c6161, molglyph_large)",0.09763909317553043
uob,maybridge-0448-524788050,COC(=O)c1scc(C#N)c1N,,,,"MolGlyph 1.1.1 (BioMiner git 17c6161, molglyph_large)",0.12738646566867828
uob,maybridge-0448-543471674,N#CCCNCC1CCCO1,,,,"MolGlyph 1.1.1 (BioMiner git 17c6161, molglyph_large)",0.0980904046446085
uob,maybridge-0448-731352349,CC(=O)c1ccc(C#N)s1,,,,"MolGlyph 1.1.1 (BioMiner git 17c6161, molglyph_large)",0.11724716797471046
uob,maybridge-0448-778113193,[N+](c1cc(C#N)cs1)(=O)[O-],,,,"MolGlyph 1.1.1 (BioMiner git 17c6161, molglyph_large)",0.1556420847773552
uob,maybridge-0448-800693153,Cc1occc1C(=O)CC#N,,,,"MolGlyph 1.1.1 (BioMiner git 17c6161, molglyph_large)",0.11301662772893906
uob,maybridge-0448-830133664,N#CCCNCc1ccco1,,,,"MolGlyph 1.1.1 (BioMiner git 17c6161, molglyph_large)",0.09784708730876446
uob,maybridge-0448-882549569,[N+](c1ccc(C#N)s1)(=O)[O-],,,,"MolGlyph 1.1.1 (BioMiner git 17c6161, molglyph_large)",0.15529696457087994
uob,maybridge-0448-890121947,Cc1cc(C(=O)CC#N)c(C(F)(F)F)o1,,,,"MolGlyph 1.1.1 (BioMiner git 17c6161, molglyph_large)",0.17056597396731377
uob,maybridge-0449-1045053637,COC(=O)c1sc(N2CCCCC2)c(C#N)c1N,,,,"MolGlyph 1.1.1 (BioMiner git 17c6161, molglyph_large)",0.176143953576684
uob,maybridge-0449-1065329248,CSc1sc(C(=O)O)c(-c2ccc(Cl)cc2)c1C#N,,,,"MolGlyph 1.1.1 (BioMiner git 17c6161, molglyph_large)",0.19625921547412872
uob,maybridge-0449-166014115,N#Cc1conc1N,,,,"MolGlyph 1.1.1 (BioMiner git 17c6161, molglyph_large)",0.08368626050651073
uob,maybridge-0449-172645283,N#Cc1sc(-c2ccc(F)cc2)cc1N,,,,"MolGlyph 1.1.1 (BioMiner git 17c6161, molglyph_large)",0.15187598392367363
uob,maybridge-0449-17942666,COc1ccc(-c2c(C(=O)O)sc(SC)c2C#N)cc1,,,,"MolGlyph 1.1.1 (BioMiner git 17c6161, molglyph_large)",0.20016012527048588
uob,maybridge-0449-532982772,Cc1noc(C)c1C#N,,,,"MolGlyph 1.1.1 (BioMiner git 17c6161, molglyph_large)",0.09834659472107887
uob,maybridge-0449-681683849,Cc1csc(NC(=O)CCl)c1C#N,,,,"MolGlyph 1.1.1 (BioMiner git 17c6161, molglyph_large)",0.13234514370560646
uob,maybridge-0449-858771169,N#Cc1ccc(-c2cccs2)s1,,,,"MolGlyph 1.1.1 (BioMiner git 17c6161, molglyph_large)",0.12720280326902866
uob,maybridge-0449-939949501,COC(=O)c1sc(SC)c(C#N)c1N,,,,"MolGlyph 1.1.1 (BioMiner git 17c6161, molglyph_large)",0.14677951857447624
uob,maybridge-0449-96328374,N#CCC(=O)c1cccs1,,,,"MolGlyph 1.1.1 (BioMiner git 17c6161, molglyph_large)",0.10855896770954132
uob,maybridge-0450-143085762,Cc1ccc(-c2snc(Cl)c2C#N)cc1,,,,"MolGlyph 1.1.1 (BioMiner git 17c6161, molglyph_large)",0.1513804029673338
uob,maybridge-0450-160553210,Cc1nc(-c2ccc(C(F)(F)F)cc2)sc1C#N,,,,"MolGlyph 1.1.1 (BioMiner git 17c6161, molglyph_large)",0.18526066094636917
uob,maybridge-0450-211876167,[N+](c1ccc(-c2csc(CC#N)n2)cc1)(=O)[O-],,,,"MolGlyph 1.1.1 (BioMiner git 17c6161, molglyph_large)",0.21437064558267593
uob,maybridge-0450-252287512,N#CCc1nc(-c2ccc3c(c2)OCCO3)cs1,,,,"MolGlyph 1.1.1 (BioMiner git 17c6161, molglyph_large)",0.17537982389330864
uob,maybridge-0450-330264117,Cc1csc(CC#N)n1,,,,"MolGlyph 1.1.1 (BioMiner git 17c6161, molglyph_large)",0.09821570664644241
uob,maybridge-0450-425124611,Cc1nc(C#N)cs1,,,,"MolGlyph 1.1.1 (BioMiner git 17c6161, molglyph_large)",0.09299022145569324
uob,maybridge-0450-467401174,Cc1onc(-c2c(Cl)cccc2Cl)c1CC#N,,,,"MolGlyph 1.1.1 (BioMiner git 17c6161, molglyph_large)",0.1612723134458065
uob,maybridge-0450-605862918,Cc1onc(-c2c(F)cccc2Cl)c1C#N,,,,"MolGlyph 1.1.1 (BioMiner git 17c6161, molglyph_large)",0.1560202930122614
uob,maybridge-0450-74535539,Cc1nc(-c2ccccc2)sc1C#N,,,,"MolGlyph 1.1.1 (BioMiner git 17c6161, molglyph_large)",0.13719472475349903
uob,maybridge-0450-812823893,N#CCc1nc(-c2ccccc2)cs1,,,,"MolGlyph 1.1.1 (BioMiner git 17c6161, molglyph_large)",0.13725347444415092
uob,maybridge-0450-93188052,N#CCc1nc(-c2ccc(Cl)c(Cl)c2)cs1,,,,"MolGlyph 1.1.1 (BioMiner git 17c6161, molglyph_large)",0.16666231490671635
uob,maybridge-0451-1049509684,N#Cc1ccc(B(O)O)cc1,,,,"MolGlyph 1.1.1 (BioMiner git 17c6161, molglyph_large)",0.11928405612707138
uob,maybridge-0451-296945661,N#Cc1cccc(C=O)c1,,,,"MolGlyph 1.1.1 (BioMiner git 17c6161, molglyph_large)",0.10774635709822178
uob,maybridge-0451-311961730,N#Cc1ccccc1N=CO,,,,"MolGlyph 1.1.1 (BioMiner git 17c6161, molglyph_large)",0.10277657397091389
uob,maybridge-0451-348516694,Cc1ccc(C#N)c(N)c1,,,,"MolGlyph 1.1.1 (BioMiner git 17c6161, molglyph_large)",0.11293807439506054
uob,maybridge-0451-461173722,N#Cc1ccc(N)c(N)c1,,,,"MolGlyph 1.1.1 (BioMiner git 17c6161, molglyph_large)",0.1123348344117403
uob,maybridge-0451-462920912,CC(C)c1ccc(C#N)cc1,,,,"MolGlyph 1.1.1 (BioMiner git 17c6161, molglyph_large)",0.1178413350135088
uob,maybridge-0451-685763082,N#Cc1ccc(N=C=O)cc1,,,,"MolGlyph 1.1.1 (BioMiner git 17c6161, molglyph_large)",0.11771485581994057
uob,maybridge-0451-699409459,N#Cc1cccc(B(O)O)c1,,,,"MolGlyph 1.1.1 (BioMiner git 17c6161, molglyph_large)",0.11703923344612122
uob,maybridge-0451-716633215,N#Cc1ccc(C=O)cc1,,,,"MolGlyph 1.1.1 (BioMiner git 17c6161, molglyph_large)",0.10736728645861149
uob,maybridge-0451-721590492,CNc1ccc(C#N)cc1N,,,,"MolGlyph 1.1.1 (BioMiner git 17c6161, molglyph_large)",0.10733328200876713
uob,maybridge-0451-805497996,Cc1ccc(F)cc1C#N,,,,"MolGlyph 1.1.1 (BioMiner git 17c6161, molglyph_large)",0.1027007382363081
uob,maybridge-0451-980303507,N#Cc1ccc(O)cc1F,,,,"MolGlyph 1.1.1 (BioMiner git 17c6161, molglyph_large)",0.1023054663091898
uob,maybridge-0452-369026851,CN(C)c1cccc(F)c1C#N,,,,"MolGlyph 1.1.1 (BioMiner git 17c6161, molglyph_large)",0.12238039262592793
uob,maybridge-0452-411330989,N#Cc1ccc(N)c(Cl)c1,,,,"MolGlyph 1.1.1 (BioMiner git 17c6161, molglyph_large)",0.11252070032060146
uob,maybridge-0452-420543385,N#Cc1ccc(CCO)cc1,,,,"MolGlyph 1.1.1 (BioMiner git 17c6161, molglyph_large)",0.10714239440858364
uob,maybridge-0452-433735585,COC(=O)c1ccccc1C#N,,,,"MolGlyph 1.1.1 (BioMiner git 17c6161, molglyph_large)",0.11819473095238209
uob,maybridge-0452-456123210,Cc1cc(C#N)cc(C)c1O,,,,"MolGlyph 1.1.1 (BioMiner git 17c6161, molglyph_large)",0.11756196804344654
uob,maybridge-0452-469924724,N#Cc1c(N)cccc1Cl,,,,"MolGlyph 1.1.1 (BioMiner git 17c6161, molglyph_large)",0.10293237678706646
uob,maybridge-0452-472089522,N#Cc1cc(Cl)ccc1O,,,,"MolGlyph 1.1.1 (BioMiner git 17c6161, molglyph_large)",0.10220267809927464
uob,maybridge-0452-489747241,COC(=O)c1cccc(C#N)c1,,,,"MolGlyph 1.1.1 (BioMiner git 17c6161, molglyph_large)",0.12741650640964508
uob,maybridge-0452-53989338,Cc1cc(O)cc(C)c1C#N,,,,"MolGlyph 1.1.1 (BioMiner git 17c6161, molglyph_large)",0.11686202883720398
uob,maybridge-0452-612990482,CCCOc1ccc(C#N)cc1,,,,"MolGlyph 1.1.1 (BioMiner git 17c6161, molglyph_large)",0.11227326095104218
uob,maybridge-0452-745343627,[N+](c1cc(C)ccc1C#N)(=O)[O-],,,,"MolGlyph 1.1.1 (BioMiner git 17c6161, molglyph_large)",0.16517923772335052
uob,maybridge-0452-830955542,N#Cc1ccc(N=C=S)cc1,,,,"MolGlyph 1.1.1 (BioMiner git 17c6161, molglyph_large)",0.11702040396630764
uob,maybridge-0453-309971432,N#Cc1ccc(-n2cccc2)cc1,,,,"MolGlyph 1.1.1 (BioMiner git 17c6161, molglyph_large)",0.13257437944412231
uob,maybridge-0453-342984802,[N+](c1cc(F)ccc1C#N)(=O)[O-],,,,"MolGlyph 1.1.1 (BioMiner git 17c6161, molglyph_large)",0.16515475139021873
uob,maybridge-0453-411278661,N#Cc1ccc(-n2ccnc2)cc1,,,,"MolGlyph 1.1.1 (BioMiner git 17c6161, molglyph_large)",0.1324469018727541
uob,maybridge-0453-459345547,N#Cc1ccccc1-n1ccnc1,,,,"MolGlyph 1.1.1 (BioMiner git 17c6161, molglyph_large)",0.12327610142529011
uob,maybridge-0453-527534521,N#Cc1ccccc1-n1cccc1,,,,"MolGlyph 1.1.1 (BioMiner git 17c6161, molglyph_large)",0.1231016255915165
uob,maybridge-0453-557785761,N#Cc1ccc(-c2ccco2)cc1,,,,"MolGlyph 1.1.1 (BioMiner git 17c6161, molglyph_large)",0.1332387737929821
uob,maybridge-0453-712298350,N#Cc1cccc(-n2ccnc2)c1,,,,"MolGlyph 1.1.1 (BioMiner git 17c6161, molglyph_large)",0.13152096793055534
uob,maybridge-0453-867025281,[N+](c1ccc(F)c(C#N)c1)(=O)[O-],,,,"MolGlyph 1.1.1 (BioMiner git 17c6161, molglyph_large)",0.1754276491701603
uob,maybridge-0453-884677900,N#Cc1ccccc1-n1cccn1,,,,"MolGlyph 1.1.1 (BioMiner git 17c6161, molglyph_large)",0.12261389754712582
uob,maybridge-0453-938109611,N#Cc1ccccc1-c1ccco1,,,,"MolGlyph 1.1.1 (BioMiner git 17c6161, molglyph_large)",0.12268515303730965
uob,maybridge-0453-950827443,N#Cc1cccc(-c2ccco2)c1,,,,"MolGlyph 1.1.1 (BioMiner git 17c6161, molglyph_large)",0.13193493708968163
uob,maybridge-0453-976270401,N#Cc1ccc(NN)c(Cl)c1,,,,"MolGlyph 1.1.1 (BioMiner git 17c6161, molglyph_large)",0.11761910282075405
uob,maybridge-0454-146882282,N#Cc1cccc(N2CCCC2)c1,,,,"MolGlyph 1.1.1 (BioMiner git 17c6161, molglyph_large)",0.12732871063053608
uob,maybridge-0454-147495085,N#Cc1ccc(N2CCCC2)cc1,,,,"MolGlyph 1.1.1 (BioMiner git 17c6161, molglyph_large)",0.12692693248391151
uob,maybridge-0454-216192873,N#Cc1ccc(S(N)(=O)=O)cc1,,,,"MolGlyph 1.1.1 (BioMiner git 17c6161, molglyph_large)",0.14193132519721985
uob,maybridge-0454-231933617,N#Cc1ccc([N+](=O)[O-])cc1Cl,,,,"MolGlyph 1.1.1 (BioMiner git 17c6161, molglyph_large)",0.15675842761993408
uob,maybridge-0454-32210656,[N+](c1cc(C#N)ccc1OC)(=O)[O-],,,,"MolGlyph 1.1.1 (BioMiner git 17c6161, molglyph_large)",0.17082456685602665
uob,maybridge-0454-416611984,N#Cc1cc(Cl)ccc1Cl,,,,"MolGlyph 1.1.1 (BioMiner git 17c6161, molglyph_large)",0.10314620099961758
uob,maybridge-0454-492408422,N#Cc1ccc(C(F)(F)F)cc1,,,,"MolGlyph 1.1.1 (BioMiner git 17c6161, molglyph_large)",0.1368112489581108
uob,maybridge-0454-514966136,[N+](c1ccc(O)c(C#N)c1O)(=O)[O-],,,,"MolGlyph 1.1.1 (BioMiner git 17c6161, molglyph_large)",0.18043642863631248
uob,maybridge-0454-665135559,N#Cc1cccc(-n2cccn2)c1,,,,"MolGlyph 1.1.1 (BioMiner git 17c6161, molglyph_large)",0.13200890086591244
uob,maybridge-0454-667371014,N#Cc1ccc(Cn2ccnc2)cc1,,,,"MolGlyph 1.1.1 (BioMiner git 17c6161, molglyph_large)",0.13205335475504398
uob,maybridge-0454-711368174,N#Cc1ccccc1N1CCCC1,,,,"MolGlyph 1.1.1 (BioMiner git 17c6161, molglyph_large)",0.11745252273976803
uob,maybridge-0454-893677163,N#Cc1ccccc1Br,,,,"MolGlyph 1.1.1 (BioMiner git 17c6161, molglyph_large)",0.0882426705211401
uob,maybridge-0455-439651968,Cn1ccc(-c2cccc(C#N)c2)n1,,,,"MolGlyph 1.1.1 (BioMiner git 17c6161, molglyph_large)",0.1458360981196165
uob,maybridge-0455-449519889,N#Cc1ccc(Cn2cncn2)cc1,,,,"MolGlyph 1.1.1 (BioMiner git 17c6161, molglyph_large)",0.13177471235394478
uob,maybridge-0455-562027130,N#Cc1ccc(N2CCCCC2)cc1,,,,"MolGlyph 1.1.1 (BioMiner git 17c6161, molglyph_large)",0.13185386918485165
uob,maybridge-0455-566292841,N#Cc1cccc(N2CCCCC2)c1,,,,"MolGlyph 1.1.1 (BioMiner git 17c6161, molglyph_large)",0.1320688370615244
uob,maybridge-0455-682873217,N#Cc1ccc(-c2nccs2)cc1,,,,"MolGlyph 1.1.1 (BioMiner git 17c6161, molglyph_large)",0.13570110499858856
uob,maybridge-0455-68409481,N#Cc1cccc(-c2cccs2)c1,,,,"MolGlyph 1.1.1 (BioMiner git 17c6161, molglyph_large)",0.13171793520450592
uob,maybridge-0455-749476479,Cc1nccn1-c1ccc(C#N)cc1,,,,"MolGlyph 1.1.1 (BioMiner git 17c6161, molglyph_large)",0.13679321110248566
uob,maybridge-0455-762841615,N#Cc1ccccc1Cn1cncn1,,,,"MolGlyph 1.1.1 (BioMiner git 17c6161, molglyph_large)",0.12242806330323219
uob,maybridge-0455-814852914,N#Cc1ccc(Cn2cccn2)cc1,,,,"MolGlyph 1.1.1 (BioMiner git 17c6161, molglyph_large)",0.1317302044481039
uob,maybridge-0455-857319515,N#Cc1ccc(-c2ccsc2)cc1,,,,"MolGlyph 1.1.1 (BioMiner git 17c6161, molglyph_large)",0.13200422748923302
uob,maybridge-0455-924810522,N#Cc1ccc(N)cc1C(F)(F)F,,,,"MolGlyph 1.1.1 (BioMiner git 17c6161, molglyph_large)",0.1371936984360218
uob,maybridge-0455-939095248,N#Cc1cccc(Cn2cncn2)c1,,,,"MolGlyph 1.1.1 (BioMiner git 17c6161, molglyph_large)",0.13277621194720268
uob,maybridge-0456-1064109673,COC(=O)c1ccc(OC)c(C#N)c1,,,,"MolGlyph 1.1.1 (BioMiner git 17c6161, molglyph_large)",0.14621786773204803
uob,maybridge-0456-14683114,N#Cc1ccc(N2CCNCC2)cc1,,,,"MolGlyph 1.1.1 (BioMiner git 17c6161, molglyph_large)",0.13199061527848244
uob,maybridge-0456-149252664,N#Cc1cccc(N2CCOCC2)c1,,,,"MolGlyph 1.1.1 (BioMiner git 17c6161, molglyph_large)",0.13168622367084026
uob,maybridge-0456-157104778,CN(C)c1ccc(C=O)c(F)c1C#N,,,,"MolGlyph 1.1.1 (BioMiner git 17c6161, molglyph_large)",0.14609886705875397
uob,maybridge-0456-234878051,N#Cc1ccc(Oc2ccccn2)cc1,,,,"MolGlyph 1.1.1 (BioMiner git 17c6161, molglyph_large)",0.13656561262905598
uob,maybridge-0456-269511491,CN(C)CCOc1ccccc1C#N,,,,"MolGlyph 1.1.1 (BioMiner git 17c6161, molglyph_large)",0.12244363687932491
uob,maybridge-0456-294802596,N#Cc1cccc(-n2cccc2C=O)c1,,,,"MolGlyph 1.1.1 (BioMiner git 17c6161, molglyph_large)",0.14714285917580128
uob,maybridge-0456-384320879,CN(C)CCOc1ccc(C#N)cc1,,,,"MolGlyph 1.1.1 (BioMiner git 17c6161, molglyph_large)",0.13239223510026932
uob,maybridge-0456-386641454,N#Cc1cccc(Oc2ccccc2)c1,,,,"MolGlyph 1.1.1 (BioMiner git 17c6161, molglyph_large)",0.1370654497295618
uob,maybridge-0456-463552533,N#Cc1ccc(Oc2ccccc2)cc1,,,,"MolGlyph 1.1.1 (BioMiner git 17c6161, molglyph_large)",0.13651949353516102
uob,maybridge-0456-663716201,N#Cc1ccccc1Oc1ccccc1,,,,"MolGlyph 1.1.1 (BioMiner git 17c6161, molglyph_large)",0.12714009173214436
uob,maybridge-0456-907614598,N#Cc1ccc(OC(F)(F)F)cc1,,,,"MolGlyph 1.1.1 (BioMiner git 17c6161, molglyph_large)",0.13737452030181885
uob,maybridge-0457-1005756389,N#Cc1ccc(S(=O)(=O)Cl)cc1,,,,"MolGlyph 1.1.1 (BioMiner git 17c6161, molglyph_large)",0.14243591018021107
uob,maybridge-0457-1008437765,CN1CCN(c2cccc(C#N)c2)CC1,,,,"MolGlyph 1.1.1 (BioMiner git 17c6161, molglyph_large)",0.14702247269451618
uob,maybridge-0457-167595293,N#Cc1ccccc1S(=O)(=O)Cl,,,,"MolGlyph 1.1.1 (BioMiner git 17c6161, molglyph_large)",0.1318483091890812
uob,maybridge-0457-401024038,N#Cc1ccc(N)c(OC(F)(F)F)c1,,,,"MolGlyph 1.1.1 (BioMiner git 17c6161, molglyph_large)",0.15265261940658092
uob,maybridge-0457-451462558,N#Cc1cccc(S(=O)(=O)Cl)c1,,,,"MolGlyph 1.1.1 (BioMiner git 17c6161, molglyph_large)",0.14103499986231327
uob,maybridge-0457-487439979,N#Cc1cccc(CN2CCOCC2)c1,,,,"MolGlyph 1.1.1 (BioMiner git 17c6161, molglyph_large)",0.13659873232245445
uob,maybridge-0457-588340986,Cc1nc(-c2ccc(C#N)cc2)cs1,,,,"MolGlyph 1.1.1 (BioMiner git 17c6161, molglyph_large)",0.14673059433698654
uob,maybridge-0457-689726017,N#Cc1ccc(CN2CCCCC2)cc1,,,,"MolGlyph 1.1.1 (BioMiner git 17c6161, molglyph_large)",0.1366224903613329
uob,maybridge-0457-86897281,N#Cc1ccccc1CN1CCOCC1,,,,"MolGlyph 1.1.1 (BioMiner git 17c6161, molglyph_large)",0.12735187076032162
uob,maybridge-0457-894702218,N#Cc1ccccc1OC1CCOCC1,,,,"MolGlyph 1.1.1 (BioMiner git 17c6161, molglyph_large)",0.12789185345172882
uob,maybridge-0457-981884873,N#Cc1ccc(CN2CCOCC2)cc1,,,,"MolGlyph 1.1.1 (BioMiner git 17c6161, molglyph_large)",0.13696151785552502
uob,maybridge-0457-990507138,Cc1nc(-c2cccc(C#N)c2)cs1,,,,"MolGlyph 1.1.1 (BioMiner git 17c6161, molglyph_large)",0.14639034681022167
uob,maybridge-0458-112868382,CN1CCN(Cc2ccccc2C#N)CC1,,,,"MolGlyph 1.1.1 (BioMiner git 17c6161, molglyph_large)",0.14214308187365532
uob,maybridge-0458-264374907,CN1CCN(Cc2cccc(C#N)c2)CC1,,,,"MolGlyph 1.1.1 (BioMiner git 17c6161, molglyph_large)",0.15095613524317741
uob,maybridge-0458-335745732,CC(C)(Oc1ccc(C#N)cc1)C(=O)O,,,,"MolGlyph 1.1.1 (BioMiner git 17c6161, molglyph_large)",0.16146648861467838
uob,maybridge-0458-36265719,N#Cc1c(F)cccc1Oc1ccccc1,,,,"MolGlyph 1.1.1 (BioMiner git 17c6161, molglyph_large)",0.14226325787603855
uob,maybridge-0458-443576225,CN1CCCN(c2ccccc2C#N)CC1,,,,"MolGlyph 1.1.1 (BioMiner git 17c6161, molglyph_large)",0.14208044856786728
uob,maybridge-0458-453286936,N#Cc1cccc(COc2ccccc2)c1,,,,"MolGlyph 1.1.1 (BioMiner git 17c6161, molglyph_large)",0.1420171819627285
uob,maybridge-0458-50113935,N#Cc1ccc(C(F)(F)F)cc1Cl,,,,"MolGlyph 1.1.1 (BioMiner git 17c6161, molglyph_large)",0.13690986298024654
uob,maybridge-0458-516495784,CN1CCCN(c2ccc(C#N)cc2)CC1,,,,"MolGlyph 1.1.1 (BioMiner git 17c6161, molglyph_large)",0.15218287520110607
uob,maybridge-0458-558512774,N#Cc1ccccc1COc1ccccc1,,,,"MolGlyph 1.1.1 (BioMiner git 17c6161, molglyph_large)",0.13230106607079506
uob,maybridge-0458-859462839,CN(C)CCCOc1ccc(C#N)cc1,,,,"MolGlyph 1.1.1 (BioMiner git 17c6161, molglyph_large)",0.13717371225357056
uob,maybridge-0458-992446622,N#Cc1ccc(OC2CCOCC2)cc1,,,,"MolGlyph 1.1.1 (BioMiner git 17c6161, molglyph_large)",0.13698985613882542
uob,maybridge-0459-1009994536,Cc1ccc(C#N)c(S(=O)(=O)Cl)c1,,,,"MolGlyph 1.1.1 (BioMiner git 17c6161, molglyph_large)",0.15539248287677765
uob,maybridge-0459-133950071,CN1CCN(Cc2ccc(C#N)cc2)CC1,,,,"MolGlyph 1.1.1 (BioMiner git 17c6161, molglyph_large)",0.1514251958578825
uob,maybridge-0459-248619059,COc1cccc(OCc2ccccc2)c1C#N,,,,"MolGlyph 1.1.1 (BioMiner git 17c6161, molglyph_large)",0.15232627093791962
uob,maybridge-0459-260955147,N#Cc1ccccc1OCCN1CCOCC1,,,,"MolGlyph 1.1.1 (BioMiner git 17c6161, molglyph_large)",0.13744394108653069
uob,maybridge-0459-264902159,N#Cc1c(Cl)cc(C(F)(F)F)cc1Cl,,,,"MolGlyph 1.1.1 (BioMiner git 17c6161, molglyph_large)",0.1513434760272503
uob,maybridge-0459-433386358,N#Cc1ccc(S(=O)(=O)Cl)c(Cl)c1,,,,"MolGlyph 1.1.1 (BioMiner git 17c6161, molglyph_large)",0.1561367604881525
uob,maybridge-0459-541507624,N#Cc1cccc(C(=O)CBr)c1,,,,"MolGlyph 1.1.1 (BioMiner git 17c6161, molglyph_large)",0.1282545104622841
uob,maybridge-0459-547139470,N#Cc1ccc(OCCN2CCOCC2)cc1,,,,"MolGlyph 1.1.1 (BioMiner git 17c6161, molglyph_large)",0.1466981079429388
uob,maybridge-0459-672275709,N#Cc1cccc(CS(=O)(=O)Cl)c1,,,,"MolGlyph 1.1.1 (BioMiner git 17c6161, molglyph_large)",0.14600587636232376
uob,maybridge-0459-73930664,N#Cc1ccc(C(=O)CBr)cc1,,,,"MolGlyph 1.1.1 (BioMiner git 17c6161, molglyph_large)",0.12769512832164764
uob,maybridge-0459-967673564,CC(C)(C)c1cc(C#N)cc(C(C)(C)C)c1O,,,,"MolGlyph 1.1.1 (BioMiner git 17c6161, molglyph_large)",0.18595718406140804
uob,maybridge-0459-971652661,N#Cc1cccc(OCCN2CCOCC2)c1,,,,"MolGlyph 1.1.1 (BioMiner git 17c6161, molglyph_large)",0.14702385663986206
uob,maybridge-0460-1064836813,CCOC(=O)C1CCN(c2ccc(C#N)cc2)CC1,,,,"MolGlyph 1.1.1 (BioMiner git 17c6161, molglyph_large)",0.18116857670247555
uob,maybridge-0460-163312530,Cc1ccc(COc2cccc(F)c2C#N)cc1,,,,"MolGlyph 1.1.1 (BioMiner git 17c6161, molglyph_large)",0.1615440957248211
uob,maybridge-0460-322765936,N#Cc1c(F)cccc1OCc1ccc(Cl)cc1,,,,"MolGlyph 1.1.1 (BioMiner git 17c6161, molglyph_large)",0.16164624132215977
uob,maybridge-0460-410169781,N#Cc1cc(Br)cc(Br)c1,,,,"MolGlyph 1.1.1 (BioMiner git 17c6161, molglyph_large)",0.11312717944383621
uob,maybridge-0460-508743595,N#Cc1cc(C(F)(F)F)ccc1N1CCOCC1,,,,"MolGlyph 1.1.1 (BioMiner git 17c6161, molglyph_large)",0.17108913324773312
uob,maybridge-0460-538383628,N#Cc1ccc(Oc2ccc(C(F)(F)F)cc2N)cc1,,,,"MolGlyph 1.1.1 (BioMiner git 17c6161, molglyph_large)",0.19104520045220852
uob,maybridge-0460-614182779,N#Cc1ccc(-c2ccc(C(F)(F)F)cn2)cc1,,,,"MolGlyph 1.1.1 (BioMiner git 17c6161, molglyph_large)",0.18658469058573246
uob,maybridge-0460-616684949,N#Cc1ccc(N2CCC(C(=O)NN)CC2)cc1,,,,"MolGlyph 1.1.1 (BioMiner git 17c6161, molglyph_large)",0.17611714079976082
uob,maybridge-0460-766430843,N#Cc1ccc(Oc2ccc(C(F)(F)F)cn2)cc1,,,,"MolGlyph 1.1.1 (BioMiner git 17c6161, molglyph_large)",0.18550329841673374
uob,maybridge-0460-912913631,CC(C)(C)OC(=O)N1CCN(c2ccc(C#N)cc2)CC1,,,,"MolGlyph 1.1.1 (BioMiner git 17c6161, molglyph_large)",0.21051628328859806
uob,maybridge-0461-150664264,c1([N+](=O)[O-])ccc(Cl)cc1CC#N,,,,"MolGlyph 1.1.1 (BioMiner git 17c6161, molglyph_large)",0.1423630230128765
uob,maybridge-0461-151636031,N#CCc1cc(F)cc(F)c1,,,,"MolGlyph 1.1.1 (BioMiner git 17c6161, molglyph_large)",0.11832200549542904
uob,maybridge-0461-162838660,N#CC(c1ccccc1)N1CCOCC1,,,,"MolGlyph 1.1.1 (BioMiner git 17c6161, molglyph_large)",0.13695605471730232
uob,maybridge-0461-185383472,N#C/C(=C\O)c1ccccc1,,,,"MolGlyph 1.1.1 (BioMiner git 17c6161, molglyph_large)",0.12314559333026409
uob,maybridge-0461-19000713,N#CCc1ccc(F)cc1F,,,,"MolGlyph 1.1.1 (BioMiner git 17c6161, molglyph_large)",0.10909666121006012
uob,maybridge-0461-204854484,N#Cc1c(Cl)cccc1Oc1ccc(S(=O)(=O)Cl)cc1,,,,"MolGlyph 1.1.1 (BioMiner git 17c6161, molglyph_large)",0.20033110678195953
uob,maybridge-0461-316234476,CC(C)(C)OC(=O)NC1CCN(c2ccc(C#N)cc2)CC1,,,,"MolGlyph 1.1.1 (BioMiner git 17c6161, molglyph_large)",0.21550311148166656
uob,maybridge-0461-320841230,N#CC(c1ccc(Cl)cc1)N1CCOCC1,,,,"MolGlyph 1.1.1 (BioMiner git 17c6161, molglyph_large)",0.15166450291872025
uob,maybridge-0461-387278353,N#CC(C=O)c1ccc(Cl)cc1,,,,"MolGlyph 1.1.1 (BioMiner git 17c6161, molglyph_large)",0.12775560840964317
uob,maybridge-0461-471291181,N#CCc1ccc(Cl)cc1F,,,,"MolGlyph 1.1.1 (BioMiner git 17c6161, molglyph_large)",0.10730006359517574
uob,maybridge-0461-672182156,N#CC(c1ccccc1)N1CCCCC1,,,,"MolGlyph 1.1.1 (BioMiner git 17c6161, molglyph_large)",0.13692658208310604
uob,maybridge-0461-708366241,N#CC(c1ccc(O)cc1)N1CCOCC1,,,,"MolGlyph 1.1.1 (BioMiner git 17c6161, molglyph_large)",0.1519856434315443
uob,maybridge-0462-1032581534,N#CCS(=O)(=O)c1ccc(Cl)cc1Cl,,,,"MolGlyph 1.1.1 (BioMiner git 17c6161, molglyph_large)",0.15097644366323948
uob,maybridge-0462-1065825330,CSC(SC)=C(C#N)C(=O)c1ccc(Cl)cc1,,,,"MolGlyph 1.1.1 (BioMiner git 17c6161, molglyph_large)",0.17664151452481747
uob,maybridge-0462-124599858,N#CCC(=O)c1cccc(Cl)c1,,,,"MolGlyph 1.1.1 (BioMiner git 17c6161, molglyph_large)",0.12706643901765347
uob,maybridge-0462-185140048,Cc1cccc(C(=O)CC#N)c1,,,,"MolGlyph 1.1.1 (BioMiner git 17c6161, molglyph_large)",0.12694984674453735
uob,maybridge-0462-240121158,COc1ccc(C(=O)C(C#N)=C(SC)SC)cc1,,,,"MolGlyph 1.1.1 (BioMiner git 17c6161, molglyph_large)",0.18108749948441982
uob,maybridge-0462-243302267,N#C/C(=C\c1ccccc1)C(N)=O,,,,"MolGlyph 1.1.1 (BioMiner git 17c6161, molglyph_large)",0.14680251851677895
uob,maybridge-0462-381478138,N#CCC(=O)c1ccc(OC(F)(F)F)cc1,,,,"MolGlyph 1.1.1 (BioMiner git 17c6161, molglyph_large)",0.16566529124975204
uob,maybridge-0462-632597938,COc1ccc(Br)c(C(=O)CC#N)c1,,,,"MolGlyph 1.1.1 (BioMiner git 17c6161, molglyph_large)",0.1465196404606104
uob,maybridge-0462-70040003,N#CC=Cc1cc(C(F)(F)F)cc(C(F)(F)F)c1,,,,"MolGlyph 1.1.1 (BioMiner git 17c6161, molglyph_large)",0.19498616456985474
uob,maybridge-0462-846037206,N#CC(=CN)S(=O)(=O)c1ccc(Cl)cc1,,,,"MolGlyph 1.1.1 (BioMiner git 17c6161, molglyph_large)",0.17123695462942123
uob,maybridge-0462-937366824,COc1ccc(CCNCCC#N)cc1OC,,,,"MolGlyph 1.1.1 (BioMiner git 17c6161, molglyph_large)",0.13696851395070553
uob,maybridge-0462-976858016,N#CC1(CCl)CCCCC1,,,,"MolGlyph 1.1.1 (BioMiner git 17c6161, molglyph_large)",0.102853212505579
uob,maybridge-0463-1049334731,COc1ccc(C#N)cn1,,,,"MolGlyph 1.1.1 (BioMiner git 17c6161, molglyph_large)",0.10251438058912754
uob,maybridge-0463-112572766,N#Cc1ccc(-c2ccco2)nc1,,,,"MolGlyph 1.1.1 (BioMiner git 17c6161, molglyph_large)",0.1317680310457945
uob,maybridge-0463-149583076,N#Cc1cccc(N2CCCC2)n1,,,,"MolGlyph 1.1.1 (BioMiner git 17c6161, molglyph_large)",0.12713749893009663
uob,maybridge-0463-197395632,CSc1nc(C=O)ccc1C#N,,,,"MolGlyph 1.1.1 (BioMiner git 17c6161, molglyph_large)",0.11767213232815266
uob,maybridge-0463-242942604,N#Cc1ccnc(N2CCCC2)c1,,,,"MolGlyph 1.1.1 (BioMiner git 17c6161, molglyph_large)",0.1270790584385395
uob,maybridge-0463-290834324,N#Cc1cnccc1C(F)(F)F,,,,"MolGlyph 1.1.1 (BioMiner git 17c6161, molglyph_large)",0.12126355245709419
uob,maybridge-0463-29787924,N#Cc1cccnc1Cl,,,,"MolGlyph 1.1.1 (BioMiner git 17c6161, molglyph_large)",0.08705908432602882
uob,maybridge-0463-406824350,N#Cc1ccc(Cl)nc1,,,,"MolGlyph 1.1.1 (BioMiner git 17c6161, molglyph_large)",0.09700898453593254
uob,maybridge-0463-769692248,N#Cc1ncccc1F,,,,"MolGlyph 1.1.1 (BioMiner git 17c6161, molglyph_large)",0.08685635216534138
uob,maybridge-0463-841910013,N#Cc1ccnc(Cl)c1,,,,"MolGlyph 1.1.1 (BioMiner git 17c6161, molglyph_large)",0.09641096740961075
uob,maybridge-0463-883414889,CC(=O)c1cc(C#N)c(O)nc1C,,,,"MolGlyph 1.1.1 (BioMiner git 17c6161, molglyph_large)",0.139815928414464
uob,maybridge-0463-88381835,Cc1nc(N)ccc1C#N,,,,"MolGlyph 1.1.1 (BioMiner git 17c6161, molglyph_large)",0.10106903687119484
uob,maybridge-0464-1056280211,N#Cc1cccc(N2CCOCC2)n1,,,,"MolGlyph 1.1.1 (BioMiner git 17c6161, molglyph_large)",0.13026257418096066
uob,maybridge-0464-166781789,N#Cc1cccnc1N1CCNCC1,,,,"MolGlyph 1.1.1 (BioMiner git 17c6161, molglyph_large)",0.12065784819424152
uob,maybridge-0464-210206626,Cc1cc(Cl)nc(Cl)c1C#N,,,,"MolGlyph 1.1.1 (BioMiner git 17c6161, molglyph_large)",0.11571906693279743
uob,maybridge-0464-211276267,N#Cc1ccc(-c2ccccc2)nc1,,,,"MolGlyph 1.1.1 (BioMiner git 17c6161, molglyph_large)",0.1355577576905489
uob,maybridge-0464-326335503,N#Cc1cncc(Br)c1,,,,"MolGlyph 1.1.1 (BioMiner git 17c6161, molglyph_large)",0.098570941016078
uob,maybridge-0464-716426343,Cc1cc(C(F)(F)F)c(C#N)cn1,,,,"MolGlyph 1.1.1 (BioMiner git 17c6161, molglyph_large)",0.14435010589659214
uob,maybridge-0464-77534027,N#Cc1ncccc1N1CCCCC1,,,,"MolGlyph 1.1.1 (BioMiner git 17c6161, molglyph_large)",0.12030501663684845
uob,maybridge-0464-794143168,N#Cc1ccc(N2CCNCC2)nc1,,,,"MolGlyph 1.1.1 (BioMiner git 17c6161, molglyph_large)",0.1314332913607359
uob,maybridge-0464-832772573,Cc1nc(Cl)c(C#N)c(C)c1Cl,,,,"MolGlyph 1.1.1 (BioMiner git 17c6161, molglyph_large)",0.13050437159836292
uob,maybridge-0464-833677447,N#Cc1ccnc(N2CCCCC2)c1,,,,"MolGlyph 1.1.1 (BioMiner git 17c6161, molglyph_large)",0.13087410666048527
uob,maybridge-0464-850286244,N#Cc1ccc(-c2cccs2)nc1,,,,"MolGlyph 1.1.1 (BioMiner git 17c6161, molglyph_large)",0.13050099089741707
uob,maybridge-0464-904949830,N#Cc1cccnc1N1CCCNCC1,,,,"MolGlyph 1.1.1 (BioMiner git 17c6161, molglyph_large)",0.12509716302156448
uob,maybridge-0465-119378720,Cc1cc(C(F)(F)F)c(C#N)c(S)n1,,,,"MolGlyph 1.1.1 (BioMiner git 17c6161, molglyph_large)",0.15833985060453415
uob,maybridge-0465-182751820,N#Cc1cncc(C#Cc2ccccc2)c1,,,,"MolGlyph 1.1.1 (BioMiner git 17c6161, molglyph_large)",0.1453787051141262
uob,maybridge-0465-237369335,N#Cc1c(C(F)(F)F)cc(Cl)nc1Cl,,,,"MolGlyph 1.1.1 (BioMiner git 17c6161, molglyph_large)",0.14910013042390347
uob,maybridge-0465-31646665,CCOC(=O)c1cc(C)nc(Cl)c1C#N,,,,"MolGlyph 1.1.1 (BioMiner git 17c6161, molglyph_large)",0.14946289733052254
uob,maybridge-0465-345844554,N#Cc1ccc(N2CCCNCC2)nc1,,,,"MolGlyph 1.1.1 (BioMiner git 17c6161, molglyph_large)",0.13521922752261162
uob,maybridge-0465-394002478,N#Cc1ccnc(N2CCSCC2)c1,,,,"MolGlyph 1.1.1 (BioMiner git 17c6161, molglyph_large)",0.13103126361966133
uob,maybridge-0465-493756644,N#Cc1c(C(F)(F)F)cc(-c2cccnc2)nc1O,,,,"MolGlyph 1.1.1 (BioMiner git 17c6161, molglyph_large)",0.18686524033546448
uob,maybridge-0465-693840572,N#Cc1c(C(F)(F)F)cc(-c2ccccc2)nc1O,,,,"MolGlyph 1.1.1 (BioMiner git 17c6161, molglyph_large)",0.1918329931795597
uob,maybridge-0465-697987455,COC(OC)c1ccc(C#N)c(S)n1,,,,"MolGlyph 1.1.1 (BioMiner git 17c6161, molglyph_large)",0.1425510086119175
uob,maybridge-0465-766539627,CCOC(=O)C1CCN(c2cc(C#N)ccn2)CC1,,,,"MolGlyph 1.1.1 (BioMiner git 17c6161, molglyph_large)",0.18123368360102177
uob,maybridge-0465-957080764,COC(=O)c1cc(C#N)c(S)nc1C(OC)OC,,,,"MolGlyph 1.1.1 (BioMiner git 17c6161, molglyph_large)",0.17590168863534927
uob,maybridge-0466-1050555102,CN(C)c1nc(-c2cccs2)cc(C(F)(F)F)c1C#N,,,,"MolGlyph 1.1.1 (BioMiner git 17c6161, molglyph_large)",0.2048153094947338
uob,maybridge-0466-153541865,N#CCCNCc1ccncc1,,,,"MolGlyph 1.1.1 (BioMiner git 17c6161, molglyph_large)",0.10310954041779041
uob,maybridge-0466-231049890,N#Cc1c(-c2cccs2)cc(-c2ccco2)nc1O,,,,"MolGlyph 1.1.1 (BioMiner git 17c6161, molglyph_large)",0.18562998808920383
uob,maybridge-0466-453233607,Cc1ncc(C#N)c(N)n1,,,,"MolGlyph 1.1.1 (BioMiner git 17c6161, molglyph_large)",0.11341867968440056
uob,maybridge-0466-499100496,N#CCS(=O)(=O)c1ccc(C(F)(F)F)cn1,,,,"MolGlyph 1.1.1 (BioMiner git 17c6161, molglyph_large)",0.1834019087255001
uob,maybridge-0466-62399955,N#Cc1c(C(F)(F)F)cc(-c2ccccc2)nc1S,,,,"MolGlyph 1.1.1 (BioMiner git 17c6161, molglyph_large)",0.19131994433701038
uob,maybridge-0466-83233752,CNC(=S)N1CCCN(c2ccc(C#N)cn2)CC1,,,,"MolGlyph 1.1.1 (BioMiner git 17c6161, molglyph_large)",0.18085378780961037
uob,maybridge-0466-897867786,N#Cc1cnc(Cl)nc1N,,,,"MolGlyph 1.1.1 (BioMiner git 17c6161, molglyph_large)",0.10795600153505802
uob,maybridge-0466-934266042,CC(C)(C)OC(=O)N1CCN(c2cc(C#N)ccn2)CC1,,,,"MolGlyph 1.1.1 (BioMiner git 17c6161, molglyph_large)",0.2106259185820818
uob,maybridge-0467-1015222550,N#CC1CCSCC1,,,,"MolGlyph 1.1.1 (BioMiner git 17c6161, molglyph_large)",0.08429690822958946
uob,maybridge-0467-10386379,N#Cc1cn(C2CC2)c(=O)n(Cc2ccccc2)c1=O,,,,"MolGlyph 1.1.1 (BioMiner git 17c6161, molglyph_large)",0.2003694474697113
uob,maybridge-0467-267815233,CSc1nc(-c2ccc(C)cc2)nc(N)c1C#N,,,,"MolGlyph 1.1.1 (BioMiner git 17c6161, molglyph_large)",0.17716756835579872
uob,maybridge-0467-303550583,CSc1ncc(C#N)c(N)n1,,,,"MolGlyph 1.1.1 (BioMiner git 17c6161, molglyph_large)",0.11896927654743195
uob,maybridge-0467-313754619,N#Cc1c[nH]c2ccccc12,,,,"MolGlyph 1.1.1 (BioMiner git 17c6161, molglyph_large)",0.12477979250252247
uob,maybridge-0467-349254139,CC(=O)N1CCC(C#N)CC1,,,,"MolGlyph 1.1.1 (BioMiner git 17c6161, molglyph_large)",0.12270854786038399
uob,maybridge-0467-471670561,N#CCCNCCCN1CCOCC1,,,,"MolGlyph 1.1.1 (BioMiner git 17c6161, molglyph_large)",0.11223827861249447
uob,maybridge-0467-515059729,N#Cc1nccnc1N1CCN(C(c2ccccc2)c2ccccc2)CC1,,,,"MolGlyph 1.1.1 (BioMiner git 17c6161, molglyph_large)",0.22511316649615765
uob,maybridge-0467-686160149,N#Cc1cnc(Br)nc1N,,,,"MolGlyph 1.1.1 (BioMiner git 17c6161, molglyph_large)",0.10257645510137081
uob,maybridge-0467-83806469,N#Cc1nccnc1Cl,,,,"MolGlyph 1.1.1 (BioMiner git 17c6161, molglyph_large)",0.08889690600335598
uob,maybridge-0468-136881561,Cn1ccc2cc(C#N)ccc21,,,,"MolGlyph 1.1.1 (BioMiner git 17c6161, molglyph_large)",0.12366427481174469
uob,maybridge-0468-245879690,N#CCc1coc2ccccc12,,,,"MolGlyph 1.1.1 (BioMiner git 17c6161, molglyph_large)",0.11477196961641312
uob,maybridge-0468-383886651,N#Cc1ccc2nccn2c1,,,,"MolGlyph 1.1.1 (BioMiner git 17c6161, molglyph_large)",0.10922559164464474
uob,maybridge-0468-479954405,CCc1n[nH]c2c1C(c1ccccc1)C(C#N)=C(N)O2,,,,"MolGlyph 1.1.1 (BioMiner git 17c6161, molglyph_large)",0.21022562868893147
uob,maybridge-0468-505850780,Cn1ccc2c(C#N)cccc21,,,,"MolGlyph 1.1.1 (BioMiner git 17c6161, molglyph_large)",0.12283945828676224
uob,maybridge-0468-601327003,N#Cc1ccc2sccc2c1,,,,"MolGlyph 1.1.1 (BioMiner git 17c6161, molglyph_large)",0.10760255716741085
uob,maybridge-0468-677622823,Cn1ccc2ccc(C#N)cc21,,,,"MolGlyph 1.1.1 (BioMiner git 17c6161, molglyph_large)",0.1222736556082964
uob,maybridge-0468-705730467,CSc1sc(C#N)c2c1C(=O)CC(C)(C)C2,,,,"MolGlyph 1.1.1 (BioMiner git 17c6161, molglyph_large)",0.1760269869118929
uob,maybridge-0468-773733824,N#Cc1ccc2occc2c1,,,,"MolGlyph 1.1.1 (BioMiner git 17c6161, molglyph_large)",0.10715066455304623
uob,maybridge-0468-792158699,CN1CCc2c(sc(N)c2C#N)C1,,,,"MolGlyph 1.1.1 (BioMiner git 17c6161, molglyph_large)",0.1366022676229477
uob,maybridge-0468-939135318,N#CCc1nc2ccccc2s1,,,,"MolGlyph 1.1.1 (BioMiner git 17c6161, molglyph_large)",0.11248834803700447
uob,maybridge-0469-1046853750,CC1(C)C=Cc2cc(C#N)ccc2O1,,,,"MolGlyph 1.1.1 (BioMiner git 17c6161, molglyph_large)",0.1464695744216442
uob,maybridge-0469-141154304,N#CC1(O)CN2CCC1CC2,,,,"MolGlyph 1.1.1 (BioMiner git 17c6161, molglyph_large)",0.1178318802267313
uob,maybridge-0469-179208677,COc1ccc2cc(Br)ccc2c1CC#N,,,,"MolGlyph 1.1.1 (BioMiner git 17c6161, molglyph_large)",0.14430865459144115
uob,maybridge-0469-222982128,CCOC(=O)C1=C(N)Oc2ccc(Br)cc2C1C(C#N)C(=O)OCC,,,,"MolGlyph 1.1.1 (BioMiner git 17c6161, molglyph_large)",0.23857280798256397
uob,maybridge-0469-236069809,CN1CCOc2cc(C#N)cnc21,,,,"MolGlyph 1.1.1 (BioMiner git 17c6161, molglyph_large)",0.12714937701821327
uob,maybridge-0469-313239906,N#Cc1sc(Br)c2c1OCCO2,,,,"MolGlyph 1.1.1 (BioMiner git 17c6161, molglyph_large)",0.12204572185873985
uob,maybridge-0469-422445375,N#Cc1cccc2c1OCCO2,,,,"MolGlyph 1.1.1 (BioMiner git 17c6161, molglyph_large)",0.11269073933362961
uob,maybridge-0469-677351053,N#CC1CNc2ccccc2O1,,,,"MolGlyph 1.1.1 (BioMiner git 17c6161, molglyph_large)",0.11274259723722935
uob,maybridge-0469-698133786,N#Cc1scc2c1OCCO2,,,,"MolGlyph 1.1.1 (BioMiner git 17c6161, molglyph_large)",0.11048115231096745
uob,maybridge-0469-877306731,Cc1c(CCO)c(=O)n2c([nH]c3ccccc32)c1C#N,,,,"MolGlyph 1.1.1 (BioMiner git 17c6161, molglyph_large)",0.2098297793418169
uob,maybridge-0470-163379034,COC(=O)C(C#N)=C(SC)SC,,,,"MolGlyph 1.1.1 (BioMiner git 17c6161, molglyph_large)",0.13164579682052135
uob,maybridge-0470-297346193,CSC(SC)=C(C#N)C#N,,,,"MolGlyph 1.1.1 (BioMiner git 17c6161, molglyph_large)",0.11260331235826015
uob,maybridge-0470-349918970,CC(=O)SCC#N,,,,"MolGlyph 1.1.1 (BioMiner git 17c6161, molglyph_large)",0.08290026150643826
uob,maybridge-0470-437773418,CCC1C(C#N)=C(N)Oc2c1c(=O)oc1ccccc21,,,,"MolGlyph 1.1.1 (BioMiner git 17c6161, molglyph_large)",0.19965274073183537
uob,maybridge-0470-767908206,CC(C)(C)OC(=O)NCCC#N,,,,"MolGlyph 1.1.1 (BioMiner git 17c6161, molglyph_large)",0.12701499462127686
uob,maybridge-0471-117509026,[N+](c1ccn[nH]1)(=O)[O-],,,,"MolGlyph 1.1.1 (BioMiner git 17c6161, molglyph_large)",0.14709776267409325
uob,maybridge-0471-124790810,[N+](c1cc(C#N)cs1)(=O)[O-],,,,"MolGlyph 1.1.1 (BioMiner git 17c6161, molglyph_large)",0.15623186714947224
uob,maybridge-0471-207093767,[N+](c1nc(C)[nH]c1Br)(=O)[O-],,,,"MolGlyph 1.1.1 (BioMiner git 17c6161, molglyph_large)",0.1659727729856968
uob,maybridge-0471-290069595,*c1c(C)nn(C)c1-n1ncc(C(=O)OCC)c1N,,,,"MolGlyph 1.1.1 (BioMiner git 17c6161, molglyph_large)",0.19115783274173737
uob,maybridge-0471-514081115,[N+](c1c(C)nn(C)c1Cl)(=O)[O-],,,,"MolGlyph 1.1.1 (BioMiner git 17c6161, molglyph_large)",0.16558637656271458
uob,maybridge-0471-547791810,[N+](c1ccc(C=O)o1)(=O)[O-],,,,"MolGlyph 1.1.1 (BioMiner git 17c6161, molglyph_large)",0.15571790374815464
uob,maybridge-0471-605802291,*C1NC(C)N(CC(=O)c2ccc(Cl)cc2)C1Br,,,,"MolGlyph 1.1.1 (BioMiner git 17c6161, molglyph_large)",0.1815282441675663
uob,maybridge-0471-719204487,[N+](c1c(Cl)scc1)(=O)[O-],,,,"MolGlyph 1.1.1 (BioMiner git 17c6161, molglyph_large)",0.14627708680927753
uob,maybridge-0471-916109251,[N+](c1ccc(C#N)s1)(=O)[O-],,,,"MolGlyph 1.1.1 (BioMiner git 17c6161, molglyph_large)",0.15691155567765236
uob,maybridge-0472-104779253,[N+](c1ccc(C=O)cc1)(=O)[O-],,,,"MolGlyph 1.1.1 (BioMiner git 17c6161, molglyph_large)",0.16184597834944725
uob,maybridge-0472-134696645,O=CNc1ccc([N+](=O)[O-])cc1,,,,"MolGlyph 1.1.1 (BioMiner git 17c6161, molglyph_large)",0.15663295984268188
uob,maybridge-0472-169541361,[N+](c1ccc(F)cc1O)(=O)[O-],,,,"MolGlyph 1.1.1 (BioMiner git 17c6161, molglyph_large)",0.15732133947312832
uob,maybridge-0472-339678774,c1([N+](=O)[O-])cc(S(N)(=O)=O)sc1N1CCNCC1,,,,"MolGlyph 1.1.1 (BioMiner git 17c6161, molglyph_large)",0.20098698139190674
uob,maybridge-0472-409492910,[N+](c1cc(C)ccc1C#N)(=O)[O-],,,,"MolGlyph 1.1.1 (BioMiner git 17c6161, molglyph_large)",0.16621541418135166
uob,maybridge-0472-653790244,[N+](c1ccccc1N=CO)(=O)[O-],,,,"MolGlyph 1.1.1 (BioMiner git 17c6161, molglyph_large)",0.15753044374287128
uob,maybridge-0472-75310344,[N+](c1cc(F)ccc1N)(=O)[O-],,,,"MolGlyph 1.1.1 (BioMiner git 17c6161, molglyph_large)",0.15640119276940823
uob,maybridge-0472-803828906,O=S(=O)(Cl)c1cc([N+](=O)[O-])c(Cl)s1,,,,"MolGlyph 1.1.1 (BioMiner git 17c6161, molglyph_large)",0.1951331440359354
uob,maybridge-0472-841463879,[N+](c1cc(C(=O)O)cs1)(=O)[O-],,,,"MolGlyph 1.1.1 (BioMiner git 17c6161, molglyph_large)",0.17070099711418152
uob,maybridge-0472-932018230,[N+](c1c(C)noc1N)(=O)[O-],,,,"MolGlyph 1.1.1 (BioMiner git 17c6161, molglyph_large)",0.15188396163284779
uob,maybridge-0472-992878537,[N+](c1ccc(C)c(O)c1)(=O)[O-],,,,"MolGlyph 1.1.1 (BioMiner git 17c6161, molglyph_large)",0.25745271891355515
uob,maybridge-0473-10049156,[N+](c1cc(F)ccc1C#N)(=O)[O-],,,,"MolGlyph 1.1.1 (BioMiner git 17c6161, molglyph_large)",0.16604741849005222
uob,maybridge-0473-1010218131,[N+](c1ccccc1CC(=O)O)(=O)[O-],,,,"MolGlyph 1.1.1 (BioMiner git 17c6161, molglyph_large)",0.17071648687124252
uob,maybridge-0473-1045967436,[N+](c1cc(N)c(N)cc1F)(=O)[O-],,,,"MolGlyph 1.1.1 (BioMiner git 17c6161, molglyph_large)",0.17081673257052898
uob,maybridge-0473-194953107,[N+](c1ccc(F)c(C#N)c1)(=O)[O-],,,,"MolGlyph 1.1.1 (BioMiner git 17c6161, molglyph_large)",0.17535500973463058
uob,maybridge-0473-237104489,[N+](c1ccccc1C(=O)OC)(=O)[O-],,,,"MolGlyph 1.1.1 (BioMiner git 17c6161, molglyph_large)",0.17090731859207153
uob,maybridge-0473-299085159,O=Cc1ccc(F)c([N+](=O)[O-])c1,,,,"MolGlyph 1.1.1 (BioMiner git 17c6161, molglyph_large)",0.16541288048028946
uob,maybridge-0473-422648988,[N+](c1cc(C#N)ccc1OC)(=O)[O-],,,,"MolGlyph 1.1.1 (BioMiner git 17c6161, molglyph_large)",0.1707948688417673
uob,maybridge-0473-647254377,[N+](c1ccc(N=C=S)cc1)(=O)[O-],,,,"MolGlyph 1.1.1 (BioMiner git 17c6161, molglyph_large)",0.17208884842693806
uob,maybridge-0473-76719019,O=C(O)Cc1ccc([N+](=O)[O-])cc1,,,,"MolGlyph 1.1.1 (BioMiner git 17c6161, molglyph_large)",0.17164919711649418
uob,maybridge-0473-848327373,[N+](c1ccc(O)c(C#N)c1O)(=O)[O-],,,,"MolGlyph 1.1.1 (BioMiner git 17c6161, molglyph_large)",0.1809502076357603
uob,maybridge-0473-944094849,[N+](c1cc(N=C=O)ccc1C)(=O)[O-],,,,"MolGlyph 1.1.1 (BioMiner git 17c6161, molglyph_large)",0.1754650790244341
uob,maybridge-0473-984067995,[N+](c1cccc(CNC)c1)(=O)[O-],,,,"MolGlyph 1.1.1 (BioMiner git 17c6161, molglyph_large)",0.16140966303646564
uob,maybridge-0474-1007781783,[N+](c1ccc(S(C)(=O)=O)cc1)(=O)[O-],,,,"MolGlyph 1.1.1 (BioMiner git 17c6161, molglyph_large)",0.19430815801024437
uob,maybridge-0474-1052132486,[N+](c1ccc(C(=O)OC)cc1C)(=O)[O-],,,,"MolGlyph 1.1.1 (BioMiner git 17c6161, molglyph_large)",0.18452478758990765
uob,maybridge-0474-1066933754,[N+](c1ccc(O)cc1C(=O)O)(=O)[O-],,,,"MolGlyph 1.1.1 (BioMiner git 17c6161, molglyph_large)",0.18042910285294056
uob,maybridge-0474-190021999,[N+](c1ccc(Cl)c(C(N)=O)c1)(=O)[O-],,,,"MolGlyph 1.1.1 (BioMiner git 17c6161, molglyph_large)",0.18971882574260235
uob,maybridge-0474-19077520,[N+](c1ccc(C(=O)O)c(F)c1)(=O)[O-],,,,"MolGlyph 1.1.1 (BioMiner git 17c6161, molglyph_large)",0.1919456273317337
uob,maybridge-0474-273644740,[N+](c1ccc(OCC2CO2)cc1)(=O)[O-],,,,"MolGlyph 1.1.1 (BioMiner git 17c6161, molglyph_large)",0.1815167311578989
uob,maybridge-0474-292220959,c1([N+](=O)[O-])ccc(Cl)cc1CC#N,,,,"MolGlyph 1.1.1 (BioMiner git 17c6161, molglyph_large)",0.1438503209501505
uob,maybridge-0474-364533090,[N+](c1cc(F)c(F)c(F)c1N)(=O)[O-],,,,"MolGlyph 1.1.1 (BioMiner git 17c6161, molglyph_large)",0.18619761988520622
uob,maybridge-0474-583266877,[N+](c1cc(F)c(Cl)cc1N)(=O)[O-],,,,"MolGlyph 1.1.1 (BioMiner git 17c6161, molglyph_large)",0.17157603614032269
uob,maybridge-0474-742213860,CNCc1ccc([N+](=O)[O-])cc1,,,,"MolGlyph 1.1.1 (BioMiner git 17c6161, molglyph_large)",0.15371454879641533
uob,maybridge-0474-824952864,[N+](c1ccc(C#N)c(Cl)c1)(=O)[O-],,,,"MolGlyph 1.1.1 (BioMiner git 17c6161, molglyph_large)",0.17619824968278408
uob,maybridge-0474-888910840,[N+](c1ccccc1/C=C/C(=O)O)(=O)[O-],,,,"MolGlyph 1.1.1 (BioMiner git 17c6161, molglyph_large)",0.19059895910322666
uob,maybridge-0475-1056590161,[N+](c1ccc(C[C@H](N)C(=O)O)cc1)(=O)[O-],,,,"MolGlyph 1.1.1 (BioMiner git 17c6161, molglyph_large)",0.22106356918811798
uob,maybridge-0475-130990635,[N+](c1ccc(N2CCOCC2)cc1)(=O)[O-],,,,"MolGlyph 1.1.1 (BioMiner git 17c6161, molglyph_large)",0.18628771230578423
uob,maybridge-0475-232515361,[N+](c1cc(OC(F)(F)F)ccc1N)(=O)[O-],,,,"MolGlyph 1.1.1 (BioMiner git 17c6161, molglyph_large)",0.19581235572695732
uob,maybridge-0475-361612201,[N+](c1cc(Br)ccc1N)(=O)[O-],,,,"MolGlyph 1.1.1 (BioMiner git 17c6161, molglyph_large)",0.15704800747334957
uob,maybridge-0475-498814896,[N+](c1cccc(N2CCN(C)CC2)c1)(=O)[O-],,,,"MolGlyph 1.1.1 (BioMiner git 17c6161, molglyph_large)",0.1999373957514763
uob,maybridge-0475-650814053,Cc1c(Cl)cc([N+](=O)[O-])cc1Cl,,,,"MolGlyph 1.1.1 (BioMiner git 17c6161, molglyph_large)",0.1632707566022873
uob,maybridge-0475-718990777,[N+](c1cc(C(F)(F)F)ccc1NC)(=O)[O-],,,,"MolGlyph 1.1.1 (BioMiner git 17c6161, molglyph_large)",0.19654415920376778
uob,maybridge-0475-8020099,[N+](c1ccc(N2CCCC2)c(OC)c1)(=O)[O-],,,,"MolGlyph 1.1.1 (BioMiner git 17c6161, molglyph_large)",0.20062982849776745
uob,maybridge-0475-900300254,[N+](c1cccc(Oc2ccccn2)c1)(=O)[O-],,,,"MolGlyph 1.1.1 (BioMiner git 17c6161, molglyph_large)",0.19202816486358643
uob,maybridge-0475-941189003,[N+](c1ccc(C(=O)OC)c(Cl)c1)(=O)[O-],,,,"MolGlyph 1.1.1 (BioMiner git 17c6161, molglyph_large)",0.196966253221035
uob,maybridge-0475-944630807,[N+](c1cc(Cl)c(Cl)cc1N)(=O)[O-],,,,"MolGlyph 1.1.1 (BioMiner git 17c6161, molglyph_large)",0.17198032326996326
uob,maybridge-0475-947762197,[N+](c1cc(C(N)=S)ccc1OC)(=O)[O-],,,,"MolGlyph 1.1.1 (BioMiner git 17c6161, molglyph_large)",0.18793534114956856
uob,maybridge-0476-1069551701,[N+](c1ccc(SC)c(-c2cc[nH]n2)c1)(=O)[O-],,,,"MolGlyph 1.1.1 (BioMiner git 17c6161, molglyph_large)",0.2206421885639429
uob,maybridge-0476-236978783,[N+](c1cccc(CN2CCOCC2)c1)(=O)[O-],,,,"MolGlyph 1.1.1 (BioMiner git 17c6161, molglyph_large)",0.19034540094435215
uob,maybridge-0476-302425294,Cc1ccc(S(=O)(=O)Cl)cc1[N+](=O)[O-],,,,"MolGlyph 1.1.1 (BioMiner git 17c6161, molglyph_large)",0.19066008366644382
uob,maybridge-0476-375593931,O=C(O)/C=C/c1ccc(Cl)c([N+](=O)[O-])c1,,,,"MolGlyph 1.1.1 (BioMiner git 17c6161, molglyph_large)",0.20593847334384918
uob,maybridge-0476-397172877,CCOC(=O)CC(=O)c1cccc([N+](=O)[O-])c1,,,,"MolGlyph 1.1.1 (BioMiner git 17c6161, molglyph_large)",0.20793133415281773
uob,maybridge-0476-399091011,[N+](c1ccc(C(=O)CN)cc1)(=O)[O-],,,,"MolGlyph 1.1.1 (BioMiner git 17c6161, molglyph_large)",0.1813004519790411
uob,maybridge-0476-509798188,[N+](c1cccc(CN2CCN(C)CC2)c1)(=O)[O-],,,,"MolGlyph 1.1.1 (BioMiner git 17c6161, molglyph_large)",0.20708162151277065
uob,maybridge-0476-516376398,[N+](c1ccc(CS(NC)(=O)=O)cc1)(=O)[O-],,,,"MolGlyph 1.1.1 (BioMiner git 17c6161, molglyph_large)",0.20591318048536777
uob,maybridge-0476-58017448,O=S(Cc1ccc([N+](=O)[O-])cc1)(Cl)=O,,,,"MolGlyph 1.1.1 (BioMiner git 17c6161, molglyph_large)",0.19042335450649261
uob,maybridge-0476-60165172,[N+](c1cc(C)cc(Br)c1N)(=O)[O-],,,,"MolGlyph 1.1.1 (BioMiner git 17c6161, molglyph_large)",0.17092814482748508
uob,maybridge-0476-786979170,[N+](c1cccc(C(=O)OC)c1NC(C)=O)(=O)[O-],,,,"MolGlyph 1.1.1 (BioMiner git 17c6161, molglyph_large)",0.21422665193676949
uob,maybridge-0476-823602453,[N+](c1ccc(N2CCOCC2)c(C=O)c1)(=O)[O-],,,,"MolGlyph 1.1.1 (BioMiner git 17c6161, molglyph_large)",0.22493585012853146
uob,maybridge-0477-161836043,[N+](c1cccc(OCCN2CCOCC2)c1)(=O)[O-],,,,"MolGlyph 1.1.1 (BioMiner git 17c6161, molglyph_large)",0.20004466362297535
uob,maybridge-0477-185319479,[N+](c1ccc(N2CCOCC2)c(C(=O)O)c1)(=O)[O-],,,,"MolGlyph 1.1.1 (BioMiner git 17c6161, molglyph_large)",0.22480953857302666
uob,maybridge-0477-240489909,[N+](c1cc(C(F)(F)F)cc(Cl)c1N)(=O)[O-],,,,"MolGlyph 1.1.1 (BioMiner git 17c6161, molglyph_large)",0.22000179253518581
uob,maybridge-0477-436239139,[N+](c1cc(OCC)c(Cl)cc1OCC)(=O)[O-],,,,"MolGlyph 1.1.1 (BioMiner git 17c6161, molglyph_large)",0.189285758882761
uob,maybridge-0477-49076281,CC(C)(C)C(=O)NNC(=O)c1cccc([N+](=O)[O-])c1,,,,"MolGlyph 1.1.1 (BioMiner git 17c6161, molglyph_large)",0.2333115767687559
uob,maybridge-0477-521496755,[N+](c1ccc(-c2csc(CC#N)n2)cc1)(=O)[O-],,,,"MolGlyph 1.1.1 (BioMiner git 17c6161, molglyph_large)",0.21559128165245056
uob,maybridge-0477-543787803,[N+](c1cc(C(F)(F)F)c(Cl)cc1NN)(=O)[O-],,,,"MolGlyph 1.1.1 (BioMiner git 17c6161, molglyph_large)",0.2107967846095562
uob,maybridge-0477-688734108,[N+](c1ccc(OCCN2CCOCC2)cc1)(=O)[O-],,,,"MolGlyph 1.1.1 (BioMiner git 17c6161, molglyph_large)",0.199506351724267
uob,maybridge-0477-880038186,c1([N+](=O)[O-])ccccc1OCCN1CCOCC1,,,,"MolGlyph 1.1.1 (BioMiner git 17c6161, molglyph_large)",0.16266046091914177
uob,maybridge-0477-930577031,[N+](c1cc(OC)c(OC)cc1CC(=O)O)(=O)[O-],,,,"MolGlyph 1.1.1 (BioMiner git 17c6161, molglyph_large)",0.21047797426581383
uob,maybridge-0477-931664967,[N+](c1ccc(C(=O)C(=O)c2ccccc2)cc1)(=O)[O-],,,,"MolGlyph 1.1.1 (BioMiner git 17c6161, molglyph_large)",0.23435958288609982
uob,maybridge-0477-961298376,[N+](c1cc(C(F)(F)F)c(Cl)cc1N)(=O)[O-],,,,"MolGlyph 1.1.1 (BioMiner git 17c6161, molglyph_large)",0.2056584730744362
uob,maybridge-0478-1059844737,[N+](c1ccc(C(O)CNCc2ccccc2)cc1)(=O)[O-],,,,"MolGlyph 1.1.1 (BioMiner git 17c6161, molglyph_large)",0.2216403391212225
uob,maybridge-0478-364302346,[N+](c1cc(CO)ccc1N1CCOCC1)(=O)[O-],,,,"MolGlyph 1.1.1 (BioMiner git 17c6161, molglyph_large)",0.1968945972621441
uob,maybridge-0478-372624458,[N+](c1cccc(-c2noc(-c3cccs3)n2)c1)(=O)[O-],,,,"MolGlyph 1.1.1 (BioMiner git 17c6161, molglyph_large)",0.2347512748092413
uob,maybridge-0478-373015526,O=S(=O)(N1CCOCC1)c1ccc([N+](=O)[O-])cc1,,,,"MolGlyph 1.1.1 (BioMiner git 17c6161, molglyph_large)",0.21981965191662312
uob,maybridge-0478-46173798,[N+](c1cc(C(F)(F)F)cc(Br)c1N)(=O)[O-],,,,"MolGlyph 1.1.1 (BioMiner git 17c6161, molglyph_large)",0.20514708571135998
uob,maybridge-0478-571445767,[N+](c1cc(C=O)ccc1Sc1ccc(C)cc1)(=O)[O-],,,,"MolGlyph 1.1.1 (BioMiner git 17c6161, molglyph_large)",0.22434160858392715
uob,maybridge-0478-622639279,[N+](c1ccc(-n2ncc(C(=O)OCC)c2N)cc1)(=O)[O-],,,,"MolGlyph 1.1.1 (BioMiner git 17c6161, molglyph_large)",0.24307561852037907
uob,maybridge-0478-672838574,[N+](c1cc(C(F)(F)F)ccc1N1CCNCC1)(=O)[O-],,,,"MolGlyph 1.1.1 (BioMiner git 17c6161, molglyph_large)",0.22489819675683975
uob,maybridge-0478-698349523,[N+](c1cc(C(=O)O)ccc1Sc1ccc(C)cc1)(=O)[O-],,,,"MolGlyph 1.1.1 (BioMiner git 17c6161, molglyph_large)",0.23359435610473156
uob,maybridge-0478-991749807,[N+](c1ccc(Sc2ccc(C)cc2)c(C=O)c1)(=O)[O-],,,,"MolGlyph 1.1.1 (BioMiner git 17c6161, molglyph_large)",0.2301731165498495
uob,maybridge-0478-995258070,O=C(CBr)c1ccc(Cl)c([N+](=O)[O-])c1,,,,"MolGlyph 1.1.1 (BioMiner git 17c6161, molglyph_large)",0.1855658609420061
uob,maybridge-0479-117695284,[N+](c1ccc(OC2CCCN(C(=O)OC(C)(C)C)C2)cc1)(=O)[O-],,,,"MolGlyph 1.1.1 (BioMiner git 17c6161, molglyph_large)",0.2704695798456669
uob,maybridge-0479-122416807,[N+](c1ccccc1OC1CCN(C(=O)OC(C)(C)C)CC1)(=O)[O-],,,,"MolGlyph 1.1.1 (BioMiner git 17c6161, molglyph_large)",0.2578355595469475
uob,maybridge-0479-256566619,*c1cccc(CN2CCN(C(=O)OC(C)(C)C)CC2)c1,,,,"MolGlyph 1.1.1 (BioMiner git 17c6161, molglyph_large)",0.2068080361932516
uob,maybridge-0479-36421644,[N+](c1cc(C(=O)O)ccc1S(c1ccc(C)cc1)(=O)=O)(=O)[O-],,,,"MolGlyph 1.1.1 (BioMiner git 17c6161, molglyph_large)",0.27351793460547924
uob,maybridge-0479-739180671,[N+](c1ccc(OC2CCN(C(=O)OC(C)(C)C)CC2)cc1)(=O)[O-],,,,"MolGlyph 1.1.1 (BioMiner git 17c6161, molglyph_large)",0.26750459522008896
uob,maybridge-0479-769028990,c1([N+](=O)[O-])cc(C(=O)O)ccc1S(=O)(=O)c1cc(Cl)ccc1Cl,,,,"MolGlyph 1.1.1 (BioMiner git 17c6161, molglyph_large)",0.24841097928583622
uob,maybridge-0479-793195464,[N+](c1ccccc1OC1CCCN(C(=O)OC(C)(C)C)C1)(=O)[O-],,,,"MolGlyph 1.1.1 (BioMiner git 17c6161, molglyph_large)",0.2581189312040806
uob,maybridge-0479-869193324,[N+](c1ccc(C23CC4CC(CC(C(=O)O)(C4)C2)C3)cc1)(=O)[O-],,,,"MolGlyph 1.1.1 (BioMiner git 17c6161, molglyph_large)",0.2816991023719311
uob,maybridge-0479-908146759,[N+](c1cc(C=C2C(=O)OC(C)(C)OC2=O)ccc1N1CCOCC1)(=O)[O-],,,,"MolGlyph 1.1.1 (BioMiner git 17c6161, molglyph_large)",0.2925407998263836
uob,maybridge-0480-1009583609,[N+](c1cccnc1N1CCOCC1)(=O)[O-],,,,"MolGlyph 1.1.1 (BioMiner git 17c6161, molglyph_large)",0.17580154351890087
uob,maybridge-0480-156134069,[N+](c1ccc(OCCO)nc1)(=O)[O-],,,,"MolGlyph 1.1.1 (BioMiner git 17c6161, molglyph_large)",0.16830959171056747
uob,maybridge-0480-312164351,[N+](c1cc(C(F)(F)F)cnc1O)(=O)[O-],,,,"MolGlyph 1.1.1 (BioMiner git 17c6161, molglyph_large)",0.19109201803803444
uob,maybridge-0480-419090852,[N+](c1ccc(OC)nc1Cl)(=O)[O-],,,,"MolGlyph 1.1.1 (BioMiner git 17c6161, molglyph_large)",0.16167980059981346
uob,maybridge-0480-426449191,[N+](c1cc(Br)cnc1O)(=O)[O-],,,,"MolGlyph 1.1.1 (BioMiner git 17c6161, molglyph_large)",0.1562611199915409
uob,maybridge-0480-580252761,[N+](c1ccc(Cl)nc1)(=O)[O-],,,,"MolGlyph 1.1.1 (BioMiner git 17c6161, molglyph_large)",0.15074986033141613
uob,maybridge-0480-623483033,[N+](c1ccc(N2CCCNCC2)nc1)(=O)[O-],,,,"MolGlyph 1.1.1 (BioMiner git 17c6161, molglyph_large)",0.1902519091963768
uob,maybridge-0480-628637281,[N+](c1ccc(Cl)nc1Cl)(=O)[O-],,,,"MolGlyph 1.1.1 (BioMiner git 17c6161, molglyph_large)",0.15571328066289425
uob,maybridge-0480-770522085,[N+](c1cnccc1O)(=O)[O-],,,,"MolGlyph 1.1.1 (BioMiner git 17c6161, molglyph_large)",0.14171146973967552
uob,maybridge-0480-834644863,O=S(=O)(Cl)c1cc(Cl)c(Oc2ccc([N+](=O)[O-])cc2Cl)c(Cl)c1,,,,"MolGlyph 1.1.1 (BioMiner git 17c6161, molglyph_large)",0.27267378009855747
uob,maybridge-0480-923517809,[N+](c1cc(Cl)cnc1O)(=O)[O-],,,,"MolGlyph 1.1.1 (BioMiner git 17c6161, molglyph_large)",0.15742668695747852
uob,maybridge-0480-997857498,[N+](c1cnc(Cl)c(C)c1)(=O)[O-],,,,"MolGlyph 1.1.1 (BioMiner git 17c6161, molglyph_large)",0.17512942291796207
uob,maybridge-0481-1011674821,[N+](c1ccc2[nH]ccc2c1)(=O)[O-],,,,"MolGlyph 1.1.1 (BioMiner git 17c6161, molglyph_large)",0.17617540806531906
uob,maybridge-0481-1020147867,[N+](c1ccc2[nH]c(C)c(C=O)c2c1)(=O)[O-],,,,"MolGlyph 1.1.1 (BioMiner git 17c6161, molglyph_large)",0.2154698520898819
uob,maybridge-0481-1021927495,[N+](c1cccnc1Sc1nnc(N)s1)(=O)[O-],,,,"MolGlyph 1.1.1 (BioMiner git 17c6161, molglyph_large)",0.19043312594294548
uob,maybridge-0481-1847706,[N+](c1cccc2cc(C(=O)O)[nH]c12)(=O)[O-],,,,"MolGlyph 1.1.1 (BioMiner git 17c6161, molglyph_large)",0.21402067132294178
uob,maybridge-0481-212956386,[N+](c1cccc2c1C(=O)C(C(C)=O)C2=O)(=O)[O-],,,,"MolGlyph 1.1.1 (BioMiner git 17c6161, molglyph_large)",0.22906702011823654
uob,maybridge-0481-316201775,[N+](c1cccnc1N1CCN(CCO)CC1)(=O)[O-],,,,"MolGlyph 1.1.1 (BioMiner git 17c6161, molglyph_large)",0.19931478425860405
uob,maybridge-0481-340508658,[N+](c1cc2c(cc1Cl)C(=O)NC2=O)(=O)[O-],,,,"MolGlyph 1.1.1 (BioMiner git 17c6161, molglyph_large)",0.2047544289380312
uob,maybridge-0481-375648442,[N+](c1cccc2cn[nH]c12)(=O)[O-],,,,"MolGlyph 1.1.1 (BioMiner git 17c6161, molglyph_large)",0.17564935237169266
uob,maybridge-0481-455489678,[N+](c1ccc2c(c1)C(=O)NC2=O)(=O)[O-],,,,"MolGlyph 1.1.1 (BioMiner git 17c6161, molglyph_large)",0.2002281490713358
uob,maybridge-0481-470050240,[N+](c1ccc2[nH]cc(C=O)c2c1)(=O)[O-],,,,"MolGlyph 1.1.1 (BioMiner git 17c6161, molglyph_large)",0.20156166143715382
uob,maybridge-0481-722876921,[N+](c1ccc2[nH]c(C(=O)O)c(-c3ccccc3)c2c1)(=O)[O-],,,,"MolGlyph 1.1.1 (BioMiner git 17c6161, molglyph_large)",0.26924598403275013
uob,maybridge-0481-913282675,[N+](c1ccc2c(ccn2C)c1)(=O)[O-],,,,"MolGlyph 1.1.1 (BioMiner git 17c6161, molglyph_large)",0.17576535418629646
uob,maybridge-0482-1049127247,[N+](c1ccc2nc(C)ccc2c1)(=O)[O-],,,,"MolGlyph 1.1.1 (BioMiner git 17c6161, molglyph_large)",0.18031290359795094
uob,maybridge-0482-332278864,[N+](c1c(Cl)ccc2nsnc12)(=O)[O-],,,,"MolGlyph 1.1.1 (BioMiner git 17c6161, molglyph_large)",0.17587410099804401
uob,maybridge-0482-350063852,[N+](c1c(C)ccc2ncccc12)(=O)[O-],,,,"MolGlyph 1.1.1 (BioMiner git 17c6161, molglyph_large)",0.17966010980308056
uob,maybridge-0482-401963766,[N+](c1ccc2nc(SC)sc2c1)(=O)[O-],,,,"MolGlyph 1.1.1 (BioMiner git 17c6161, molglyph_large)",0.1811313834041357
uob,maybridge-0482-405870525,[N+](c1ccc2snc(N)c2c1)(=O)[O-],,,,"MolGlyph 1.1.1 (BioMiner git 17c6161, molglyph_large)",0.17532694339752197
uob,maybridge-0482-465711912,c1([N+](=O)[O-])c(N)cc(Cl)c2nonc12,,,,"MolGlyph 1.1.1 (BioMiner git 17c6161, molglyph_large)",0.16176099330186844
uob,maybridge-0482-513199877,[N+](c1coc2ccc(O)cc12)(=O)[O-],,,,"MolGlyph 1.1.1 (BioMiner git 17c6161, molglyph_large)",0.18082519434392452
uob,maybridge-0482-562628339,c1([N+](=O)[O-])ccc2c(c1)S(=O)(=O)CC2SCC(=O)NN,,,,"MolGlyph 1.1.1 (BioMiner git 17c6161, molglyph_large)",0.22573090344667435
uob,maybridge-0482-769343473,[N+](c1ccc2ncoc2c1)(=O)[O-],,,,"MolGlyph 1.1.1 (BioMiner git 17c6161, molglyph_large)",0.16124424152076244
uob,maybridge-0482-948469307,O=C(Cl)c1cc2cc([N+](=O)[O-])ccc2s1,,,,"MolGlyph 1.1.1 (BioMiner git 17c6161, molglyph_large)",0.19076143577694893
uob,maybridge-0482-976964412,[N+](c1ccc2sc(C(=O)O)cc2c1)(=O)[O-],,,,"MolGlyph 1.1.1 (BioMiner git 17c6161, molglyph_large)",0.20002495683729649
uob,maybridge-0483-671082166,[N+](C=C(SC)SC)(=O)[O-],,,,"MolGlyph 1.1.1 (BioMiner git 17c6161, molglyph_large)",0.1413806639611721
uob,maybridge-0484-1041145291,CCCC[Sn](CCCC)(CCCC)c1ccccn1,,,,"MolGlyph 1.1.1 (BioMiner git 17c6161, molglyph_large)",0.16169601492583752
uob,maybridge-0484-203507964,CCCC[Sn](CCCC)(CCCC)c1cccc(C(F)(F)F)c1,,,,"MolGlyph 1.1.1 (BioMiner git 17c6161, molglyph_large)",0.21022337675094604
uob,maybridge-0484-531838415,CCCC[Sn](CCCC)(CCCC)c1cccnc1,,,,"MolGlyph 1.1.1 (BioMiner git 17c6161, molglyph_large)",0.16141758859157562
uob,maybridge-0484-654789319,CCCC[Sn](CCCC)(CCCC)c1cccc(N2CCOCC2)n1,,,,"MolGlyph 1.1.1 (BioMiner git 17c6161, molglyph_large)",0.20911965519189835
uob,maybridge-0484-751844409,CCCC[Sn](CCCC)(CCCC)c1cncn1C,,,,"MolGlyph 1.1.1 (BioMiner git 17c6161, molglyph_large)",0.16150819137692451
uob,maybridge-0484-848093976,CCCC[Sn](CCCC)(CCCC)c1ccc(F)cc1,,,,"MolGlyph 1.1.1 (BioMiner git 17c6161, molglyph_large)",0.17634235695004463
uob,maybridge-0484-97077576,CCCC[Sn](CCCC)(CCCC)c1cc(C(F)(F)F)nn1C,,,,"MolGlyph 1.1.1 (BioMiner git 17c6161, molglyph_large)",0.21099123917520046
uob,maybridge-0485-250019773,Cn1cc(S(=O)(=O)Cl)c(C(F)(F)F)n1,,,,"MolGlyph 1.1.1 (BioMiner git 17c6161, molglyph_large)",0.1757448296993971
uob,maybridge-0485-252831134,CCOC(=O)c1[nH]c(C)c(S(=O)(=O)Cl)c1C,,,,"MolGlyph 1.1.1 (BioMiner git 17c6161, molglyph_large)",0.19500061683356762
uob,maybridge-0485-348935721,COC(=O)c1ccc(S(=O)(=O)Cl)n1C,,,,"MolGlyph 1.1.1 (BioMiner git 17c6161, molglyph_large)",0.16083544492721558
uob,maybridge-0485-382231377,Cc1nn(C)c(Cl)c1S(=O)(=O)Cl,,,,"MolGlyph 1.1.1 (BioMiner git 17c6161, molglyph_large)",0.14660874009132385
uob,maybridge-0485-392436152,Cc1nn(C)c(C)c1S(=O)(=O)Cl,,,,"MolGlyph 1.1.1 (BioMiner git 17c6161, molglyph_large)",0.14732452295720577
uob,maybridge-0485-471884880,Cn1cnc(S(=O)(=O)Cl)c1,,,,"MolGlyph 1.1.1 (BioMiner git 17c6161, molglyph_large)",0.1271276418119669
uob,maybridge-0485-48631327,Cc1c(S(=O)(=O)Cl)cnn1-c1ccccc1,,,,"MolGlyph 1.1.1 (BioMiner git 17c6161, molglyph_large)",0.1710011027753353
uob,maybridge-0485-609141591,Cc1nc(S(=O)(=O)Cl)cn1C,,,,"MolGlyph 1.1.1 (BioMiner git 17c6161, molglyph_large)",0.13220681622624397
uob,maybridge-0485-91484174,Cn1ccc(S(=O)(=O)Cl)n1,,,,"MolGlyph 1.1.1 (BioMiner git 17c6161, molglyph_large)",0.12662727572023869
uob,maybridge-0485-926815768,Cc1nn(-c2ccccc2)c(C)c1S(=O)(=O)Cl,,,,"MolGlyph 1.1.1 (BioMiner git 17c6161, molglyph_large)",0.18508567288517952
uob,maybridge-0486-195976363,COC(=O)c1ccc(S(=O)(=O)Cl)o1,,,,"MolGlyph 1.1.1 (BioMiner git 17c6161, molglyph_large)",0.1558168400079012
uob,maybridge-0486-351571526,O=S(=O)(Cl)c1ccco1,,,,"MolGlyph 1.1.1 (BioMiner git 17c6161, molglyph_large)",0.11212644167244434
uob,maybridge-0486-414275568,O=S(=O)(Cl)c1ccc(C2OCCO2)o1,,,,"MolGlyph 1.1.1 (BioMiner git 17c6161, molglyph_large)",0.15610727854073048
uob,maybridge-0486-494278248,COC(=O)c1cc(S(=O)(=O)Cl)oc1C,,,,"MolGlyph 1.1.1 (BioMiner git 17c6161, molglyph_large)",0.1605764888226986
uob,maybridge-0486-586900043,Cc1cc(S(=O)(=O)Cl)c(C)o1,,,,"MolGlyph 1.1.1 (BioMiner git 17c6161, molglyph_large)",0.14168492332100868
uob,maybridge-0486-596476605,O=S(=O)(Cl)c1occc1C1OCCO1,,,,"MolGlyph 1.1.1 (BioMiner git 17c6161, molglyph_large)",0.14641700312495232
uob,maybridge-0486-61742455,COC(=O)c1c(C)oc(C)c1S(=O)(=O)Cl,,,,"MolGlyph 1.1.1 (BioMiner git 17c6161, molglyph_large)",0.1757499910891056
uob,maybridge-0486-684432403,O=S(=O)(Cl)c1cccs1,,,,"MolGlyph 1.1.1 (BioMiner git 17c6161, molglyph_large)",0.11204995214939117
uob,maybridge-0486-805535479,O=S(=O)(Cl)c1ccsc1,,,,"MolGlyph 1.1.1 (BioMiner git 17c6161, molglyph_large)",0.11280610598623753
uob,maybridge-0486-93405169,O=S(=O)(Cl)c1ccoc1,,,,"MolGlyph 1.1.1 (BioMiner git 17c6161, molglyph_large)",0.11255650036036968
uob,maybridge-0486-949767454,Cc1cc(S(=O)(=O)Cl)c(C(F)(F)F)o1,,,,"MolGlyph 1.1.1 (BioMiner git 17c6161, molglyph_large)",0.1765447910875082
uob,maybridge-0487-136156866,COC(=O)c1cc(C)c(S(=O)(=O)Cl)s1,,,,"MolGlyph 1.1.1 (BioMiner git 17c6161, molglyph_large)",0.17210339568555355
uob,maybridge-0487-341089665,O=S(=O)(Cl)c1ccc(-c2cnco2)s1,,,,"MolGlyph 1.1.1 (BioMiner git 17c6161, molglyph_large)",0.16231215558946133
uob,maybridge-0487-562366131,COC(=O)c1sccc1S(=O)(=O)Cl,,,,"MolGlyph 1.1.1 (BioMiner git 17c6161, molglyph_large)",0.1465639192610979
uob,maybridge-0487-648738113,O=S(=O)(Cl)c1ccc(Cl)s1,,,,"MolGlyph 1.1.1 (BioMiner git 17c6161, molglyph_large)",0.12731407955288887
uob,maybridge-0487-656838331,O=S(=O)(Cl)c1ccc(-c2ccccn2)s1,,,,"MolGlyph 1.1.1 (BioMiner git 17c6161, molglyph_large)",0.1654789075255394
uob,maybridge-0487-681869651,Cc1cc(S(=O)(=O)Cl)c(C)s1,,,,"MolGlyph 1.1.1 (BioMiner git 17c6161, molglyph_large)",0.14154392294585705
uob,maybridge-0487-717169293,O=S(=O)(Cl)c1ccc(-c2ccno2)s1,,,,"MolGlyph 1.1.1 (BioMiner git 17c6161, molglyph_large)",0.16134064085781574
uob,maybridge-0487-733956463,O=S(=O)(Cl)c1ccc(-c2ccccc2)s1,,,,"MolGlyph 1.1.1 (BioMiner git 17c6161, molglyph_large)",0.1657542735338211
uob,maybridge-0487-821973051,O=S(=O)(Cl)c1sccc1C1OCCO1,,,,"MolGlyph 1.1.1 (BioMiner git 17c6161, molglyph_large)",0.14720366336405277
uob,maybridge-0487-822658347,O=S(=O)(Cl)c1ccc(C2OCCO2)s1,,,,"MolGlyph 1.1.1 (BioMiner git 17c6161, molglyph_large)",0.15657472051680088
uob,maybridge-0487-910018575,O=S(=O)(Cl)c1cc(Cl)sc1Cl,,,,"MolGlyph 1.1.1 (BioMiner git 17c6161, molglyph_large)",0.13232046365737915
uob,maybridge-0488-179361805,O=C(NCc1ccc(S(=O)(=O)Cl)s1)c1ccccc1,,,,"MolGlyph 1.1.1 (BioMiner git 17c6161, molglyph_large)",0.19468291476368904
uob,maybridge-0488-473463323,O=S(=O)(Cl)c1ccc(-c2cc(C(F)(F)F)on2)s1,,,,"MolGlyph 1.1.1 (BioMiner git 17c6161, molglyph_large)",0.20964870415627956
uob,maybridge-0488-503599029,O=S(=O)(Cl)c1cscc1Br,,,,"MolGlyph 1.1.1 (BioMiner git 17c6161, molglyph_large)",0.11782428063452244
uob,maybridge-0488-517104201,O=S(=O)(Cl)c1cc(Br)c(Cl)s1,,,,"MolGlyph 1.1.1 (BioMiner git 17c6161, molglyph_large)",0.14214605651795864
uob,maybridge-0488-548714223,Cc1nc(-c2ccc(S(=O)(=O)Cl)s2)cs1,,,,"MolGlyph 1.1.1 (BioMiner git 17c6161, molglyph_large)",0.17592127807438374
uob,maybridge-0488-627505155,O=S(=O)(Cl)c1ccc(-c2nsc(Cl)n2)s1,,,,"MolGlyph 1.1.1 (BioMiner git 17c6161, molglyph_large)",0.17462437972426414
uob,maybridge-0488-70564439,O=S(=O)(Cl)c1cc([N+](=O)[O-])c(Cl)s1,,,,"MolGlyph 1.1.1 (BioMiner git 17c6161, molglyph_large)",0.19574142433702946
uob,maybridge-0488-70982967,COC(=O)c1csc(S(=O)(=O)Cl)c1OC,,,,"MolGlyph 1.1.1 (BioMiner git 17c6161, molglyph_large)",0.16571274027228355
uob,maybridge-0488-712836360,O=S(=O)(Cl)c1ccc(Br)s1,,,,"MolGlyph 1.1.1 (BioMiner git 17c6161, molglyph_large)",0.12663068249821663
uob,maybridge-0488-771090165,CSc1nccc(-c2ccc(S(=O)(=O)Cl)s2)n1,,,,"MolGlyph 1.1.1 (BioMiner git 17c6161, molglyph_large)",0.18453893810510635
uob,maybridge-0489-247658913,O=S(=O)(Cl)c1c(Cl)sc(Cl)c1Br,,,,"MolGlyph 1.1.1 (BioMiner git 17c6161, molglyph_large)",0.145871227607131
uob,maybridge-0489-404038183,Cn1nc(-c2ccc(S(=O)(=O)Cl)s2)cc1C(F)(F)F,,,,"MolGlyph 1.1.1 (BioMiner git 17c6161, molglyph_large)",0.21387625858187675
uob,maybridge-0489-414658755,CCOC(=O)c1nc(-c2ccc(S(=O)(=O)Cl)s2)no1,,,,"MolGlyph 1.1.1 (BioMiner git 17c6161, molglyph_large)",0.21026477590203285
uob,maybridge-0489-556036782,O=S(=O)(Cl)c1csc(C(F)(F)F)c1-c1ccccc1,,,,"MolGlyph 1.1.1 (BioMiner git 17c6161, molglyph_large)",0.20419670827686787
uob,maybridge-0489-641162237,O=S(=O)(Cl)c1ccc(S(=O)(=O)c2ccccc2)s1,,,,"MolGlyph 1.1.1 (BioMiner git 17c6161, molglyph_large)",0.20481538400053978
uob,maybridge-0489-6968719,O=S(=O)(Cl)c1cc(S(=O)(=O)c2ccccc2)cs1,,,,"MolGlyph 1.1.1 (BioMiner git 17c6161, molglyph_large)",0.20402901619672775
uob,maybridge-0489-729670557,COC(=O)c1sc(C(F)(F)F)c(-c2ccccc2)c1S(=O)(=O)Cl,,,,"MolGlyph 1.1.1 (BioMiner git 17c6161, molglyph_large)",0.2532506659626961
uob,maybridge-0489-819438012,O=C(NCc1ccc(S(=O)(=O)Cl)s1)c1ccc(Cl)cc1,,,,"MolGlyph 1.1.1 (BioMiner git 17c6161, molglyph_large)",0.20941954292356968
uob,maybridge-0489-960221460,Cn1nc(C(F)(F)F)cc1-c1ccc(S(=O)(=O)Cl)s1,,,,"MolGlyph 1.1.1 (BioMiner git 17c6161, molglyph_large)",0.21541140973567963
uob,maybridge-0489-963518337,COC(=O)c1scc(S(=O)(=O)C(C)C)c1S(=O)(=O)Cl,,,,"MolGlyph 1.1.1 (BioMiner git 17c6161, molglyph_large)",0.22487007267773151
uob,maybridge-0490-427930360,Cc1onc(-c2ccccc2)c1S(=O)(=O)Cl,,,,"MolGlyph 1.1.1 (BioMiner git 17c6161, molglyph_large)",0.17103349976241589
uob,maybridge-0490-439581794,O=S(=O)(Cl)c1ccccc1F,,,,"MolGlyph 1.1.1 (BioMiner git 17c6161, molglyph_large)",0.1225880216807127
uob,maybridge-0490-480066398,Cc1nc(-c2ccc(C(F)(F)F)cc2)sc1S(=O)(=O)Cl,,,,"MolGlyph 1.1.1 (BioMiner git 17c6161, molglyph_large)",0.22012402303516865
uob,maybridge-0490-530451327,Cc1oncc1S(=O)(=O)Cl,,,,"MolGlyph 1.1.1 (BioMiner git 17c6161, molglyph_large)",0.11773699335753918
uob,maybridge-0490-612241859,Cc1nc(-c2ccccc2)sc1S(=O)(=O)Cl,,,,"MolGlyph 1.1.1 (BioMiner git 17c6161, molglyph_large)",0.17118989117443562
uob,maybridge-0490-757987161,O=S(=O)(Cl)c1sc(-c2ccccc2)nc1-c1ccccc1,,,,"MolGlyph 1.1.1 (BioMiner git 17c6161, molglyph_large)",0.2099000159651041
uob,maybridge-0490-851856689,Cc1noc(C)c1S(=O)(=O)Cl,,,,"MolGlyph 1.1.1 (BioMiner git 17c6161, molglyph_large)",0.13203404657542706
uob,maybridge-0490-940785076,N#Cc1ccccc1S(=O)(=O)Cl,,,,"MolGlyph 1.1.1 (BioMiner git 17c6161, molglyph_large)",0.1329749245196581
uob,maybridge-0490-955278892,Cc1nc(C)c(S(=O)(=O)Cl)s1,,,,"MolGlyph 1.1.1 (BioMiner git 17c6161, molglyph_large)",0.1421766560524702
uob,maybridge-0490-984402438,O=S(=O)(Cl)c1cccc(F)c1,,,,"MolGlyph 1.1.1 (BioMiner git 17c6161, molglyph_large)",0.13212570548057556
uob,maybridge-0491-379715086,O=S(=O)(Cl)c1ccccc1Cl,,,,"MolGlyph 1.1.1 (BioMiner git 17c6161, molglyph_large)",0.12232678569853306
uob,maybridge-0491-38549361,COc1ccc(S(=O)(=O)Cl)cc1,,,,"MolGlyph 1.1.1 (BioMiner git 17c6161, molglyph_large)",0.1370616015046835
uob,maybridge-0491-397375250,N#Cc1ccc(S(=O)(=O)Cl)cc1,,,,"MolGlyph 1.1.1 (BioMiner git 17c6161, molglyph_large)",0.14218846336007118
uob,maybridge-0491-499388006,Cc1ccc(C)c(S(=O)(=O)Cl)c1,,,,"MolGlyph 1.1.1 (BioMiner git 17c6161, molglyph_large)",0.14674962684512138
uob,maybridge-0491-594230542,Cc1ccc(F)cc1S(=O)(=O)Cl,,,,"MolGlyph 1.1.1 (BioMiner git 17c6161, molglyph_large)",0.1370021067559719
uob,maybridge-0491-633143779,O=S(=O)(Cl)c1ccc(F)cc1F,,,,"MolGlyph 1.1.1 (BioMiner git 17c6161, molglyph_large)",0.13744383864104748
uob,maybridge-0491-659549829,CCc1ccc(S(=O)(=O)Cl)cc1,,,,"MolGlyph 1.1.1 (BioMiner git 17c6161, molglyph_large)",0.13807308301329613
uob,maybridge-0491-726396920,O=S(=O)(Cl)c1ccc(F)c(F)c1,,,,"MolGlyph 1.1.1 (BioMiner git 17c6161, molglyph_large)",0.14689362794160843
uob,maybridge-0491-751240662,O=S(=O)(Cl)c1c(F)cccc1F,,,,"MolGlyph 1.1.1 (BioMiner git 17c6161, molglyph_large)",0.13720115832984447
uob,maybridge-0491-867377000,O=S(=O)(Cl)c1ccc(Cl)cc1,,,,"MolGlyph 1.1.1 (BioMiner git 17c6161, molglyph_large)",0.13132847100496292
uob,maybridge-0491-875594882,N#Cc1cccc(S(=O)(=O)Cl)c1,,,,"MolGlyph 1.1.1 (BioMiner git 17c6161, molglyph_large)",0.14169922284781933
uob,maybridge-0491-880504752,O=S(=O)(Cl)c1cccc(Cl)c1,,,,"MolGlyph 1.1.1 (BioMiner git 17c6161, molglyph_large)",0.13178147189319134
uob,maybridge-0492-1012475422,Cc1ccc(S(=O)(=O)Cl)cc1Cl,,,,"MolGlyph 1.1.1 (BioMiner git 17c6161, molglyph_large)",0.1367691531777382
uob,maybridge-0492-1031310038,O=S(=O)(Cl)c1ccc(F)c(F)c1F,,,,"MolGlyph 1.1.1 (BioMiner git 17c6161, molglyph_large)",0.15130908600986004
uob,maybridge-0492-1061080474,CCCCc1ccc(S(=O)(=O)Cl)cc1,,,,"MolGlyph 1.1.1 (BioMiner git 17c6161, molglyph_large)",0.14636437222361565
uob,maybridge-0492-31601928,Cc1ccc(C#N)c(S(=O)(=O)Cl)c1,,,,"MolGlyph 1.1.1 (BioMiner git 17c6161, molglyph_large)",0.15644733980298042
uob,maybridge-0492-319915069,O=C(O)c1cc(S(=O)(=O)Cl)ccc1O,,,,"MolGlyph 1.1.1 (BioMiner git 17c6161, molglyph_large)",0.1607369277626276
uob,maybridge-0492-347669465,Cc1c(Cl)cccc1S(=O)(=O)Cl,,,,"MolGlyph 1.1.1 (BioMiner git 17c6161, molglyph_large)",0.1368130687624216
uob,maybridge-0492-552750508,N#Cc1ccc(S(=O)(=O)Cl)c(Cl)c1,,,,"MolGlyph 1.1.1 (BioMiner git 17c6161, molglyph_large)",0.15610099025070667
uob,maybridge-0492-56226164,COc1ccc(OC)c(S(=O)(=O)Cl)c1,,,,"MolGlyph 1.1.1 (BioMiner git 17c6161, molglyph_large)",0.1570925172418356
uob,maybridge-0492-593974243,Cc1ccc(S(=O)(=O)Cl)cc1[N+](=O)[O-],,,,"MolGlyph 1.1.1 (BioMiner git 17c6161, molglyph_large)",0.19027670845389366
uob,maybridge-0492-639323478,O=S(=O)(Cl)c1ccc(F)cc1Cl,,,,"MolGlyph 1.1.1 (BioMiner git 17c6161, molglyph_large)",0.13690011948347092
uob,maybridge-0492-807266874,COC(=O)c1ccccc1S(=O)(=O)Cl,,,,"MolGlyph 1.1.1 (BioMiner git 17c6161, molglyph_large)",0.1518417950719595
uob,maybridge-0492-890191320,COc1ccc(S(=O)(=O)Cl)c(OC)c1,,,,"MolGlyph 1.1.1 (BioMiner git 17c6161, molglyph_large)",0.15604060888290405
uob,maybridge-0493-262281908,O=S(=O)(Cl)c1ccc(-n2cccn2)cc1,,,,"MolGlyph 1.1.1 (BioMiner git 17c6161, molglyph_large)",0.16628115251660347
uob,maybridge-0493-350393739,O=S(=O)(Cl)c1cccc(Cl)c1Cl,,,,"MolGlyph 1.1.1 (BioMiner git 17c6161, molglyph_large)",0.136556226760149
uob,maybridge-0493-477087732,O=S(=O)(Cl)c1ccc(-c2cnco2)cc1,,,,"MolGlyph 1.1.1 (BioMiner git 17c6161, molglyph_large)",0.1662533711642027
uob,maybridge-0493-567607664,Cc1cc(S(=O)(=O)Cl)c(F)cc1Cl,,,,"MolGlyph 1.1.1 (BioMiner git 17c6161, molglyph_large)",0.15148651413619518
uob,maybridge-0493-577790863,O=S(=O)(Cl)c1ccc(Cl)cc1Cl,,,,"MolGlyph 1.1.1 (BioMiner git 17c6161, molglyph_large)",0.1366315521299839
uob,maybridge-0493-635322435,O=S(=O)(Cl)c1cccc(C(F)(F)F)c1,,,,"MolGlyph 1.1.1 (BioMiner git 17c6161, molglyph_large)",0.16674493998289108
uob,maybridge-0493-66320807,O=S(=O)(Cl)c1ccc(C(F)(F)F)cc1,,,,"MolGlyph 1.1.1 (BioMiner git 17c6161, molglyph_large)",0.16564547829329967
uob,maybridge-0493-685017375,O=S(=O)(Cl)c1ccccc1C(F)(F)F,,,,"MolGlyph 1.1.1 (BioMiner git 17c6161, molglyph_large)",0.1563142016530037
uob,maybridge-0493-765552331,O=S(=O)(Cl)c1ccccc1Br,,,,"MolGlyph 1.1.1 (BioMiner git 17c6161, molglyph_large)",0.12245609052479267
uob,maybridge-0493-795514374,CCCCCc1ccc(S(=O)(=O)Cl)cc1,,,,"MolGlyph 1.1.1 (BioMiner git 17c6161, molglyph_large)",0.15134397521615028
uob,maybridge-0493-923246777,CCCCOc1ccc(S(=O)(=O)Cl)cc1,,,,"MolGlyph 1.1.1 (BioMiner git 17c6161, molglyph_large)",0.1515182927250862
uob,maybridge-0493-9311285,O=S(=O)(Cl)c1c(Cl)cccc1Cl,,,,"MolGlyph 1.1.1 (BioMiner git 17c6161, molglyph_large)",0.13709080033004284
uob,maybridge-0494-112642096,O=S(=O)(Cl)c1ccc(-c2csnn2)cc1,,,,"MolGlyph 1.1.1 (BioMiner git 17c6161, molglyph_large)",0.16657371073961258
uob,maybridge-0494-115363163,O=S(=O)(Cl)c1ccc(OC(F)(F)F)cc1,,,,"MolGlyph 1.1.1 (BioMiner git 17c6161, molglyph_large)",0.17146115563809872
uob,maybridge-0494-141165039,Cc1nc(-c2cccc(S(=O)(=O)Cl)c2)no1,,,,"MolGlyph 1.1.1 (BioMiner git 17c6161, molglyph_large)",0.18056430108845234
uob,maybridge-0494-194887467,Cc1ccc(-c2ccc(S(=O)(=O)Cl)cc2)cc1,,,,"MolGlyph 1.1.1 (BioMiner git 17c6161, molglyph_large)",0.18611262179911137
uob,maybridge-0494-373968742,O=C1CCCN1c1ccc(S(=O)(=O)Cl)cc1,,,,"MolGlyph 1.1.1 (BioMiner git 17c6161, molglyph_large)",0.17172078974545002
uob,maybridge-0494-565089234,COC(=O)c1ccc(OC)c(S(=O)(=O)Cl)c1,,,,"MolGlyph 1.1.1 (BioMiner git 17c6161, molglyph_large)",0.18072425574064255
uob,maybridge-0494-652154358,O=S(=O)(Cl)c1ccccc1OC(F)(F)F,,,,"MolGlyph 1.1.1 (BioMiner git 17c6161, molglyph_large)",0.16115794703364372
uob,maybridge-0494-660736567,O=S(=O)(Cl)c1c(F)c(F)c(F)c(F)c1F,,,,"MolGlyph 1.1.1 (BioMiner git 17c6161, molglyph_large)",0.18031207099556923
uob,maybridge-0494-711746477,Cc1nnc(-c2cccc(S(=O)(=O)Cl)c2)o1,,,,"MolGlyph 1.1.1 (BioMiner git 17c6161, molglyph_large)",0.1813527997583151
uob,maybridge-0494-907605530,O=S(=O)(Cl)c1cccc(Br)c1,,,,"MolGlyph 1.1.1 (BioMiner git 17c6161, molglyph_large)",0.13252311944961548
uob,maybridge-0495-160031695,O=S(=O)(Cl)c1ccc(Oc2ccccc2)cc1,,,,"MolGlyph 1.1.1 (BioMiner git 17c6161, molglyph_large)",0.17037366889417171
uob,maybridge-0495-226814379,Cc1nccc(-c2cccc(S(=O)(=O)Cl)c2)n1,,,,"MolGlyph 1.1.1 (BioMiner git 17c6161, molglyph_large)",0.18553639948368073
uob,maybridge-0495-346635450,Cc1nc(-c2cccc(S(=O)(=O)Cl)c2)cs1,,,,"MolGlyph 1.1.1 (BioMiner git 17c6161, molglyph_large)",0.1803931389003992
uob,maybridge-0495-565749883,Cc1nc(-c2ccc(S(=O)(=O)Cl)cc2)cs1,,,,"MolGlyph 1.1.1 (BioMiner git 17c6161, molglyph_large)",0.18195410259068012
uob,maybridge-0495-686925826,O=S(=O)(Cl)c1ccc(-c2ccc(F)cc2)cc1,,,,"MolGlyph 1.1.1 (BioMiner git 17c6161, molglyph_large)",0.1864816676825285
uob,maybridge-0495-697681951,O=S(=O)(Cl)c1ccc(Cl)c(C(F)(F)F)c1,,,,"MolGlyph 1.1.1 (BioMiner git 17c6161, molglyph_large)",0.1801590360701084
uob,maybridge-0495-737392035,CC(=O)Nc1ccc(S(=O)(=O)Cl)cc1Cl,,,,"MolGlyph 1.1.1 (BioMiner git 17c6161, molglyph_large)",0.1667277291417122
uob,maybridge-0495-792035491,O=S(=O)(Cl)c1ccc(C(F)(F)F)cc1Cl,,,,"MolGlyph 1.1.1 (BioMiner git 17c6161, molglyph_large)",0.17148153856396675
uob,maybridge-0495-898887066,O=S(=O)(Cl)c1cc(C(F)(F)F)ccc1Cl,,,,"MolGlyph 1.1.1 (BioMiner git 17c6161, molglyph_large)",0.170692915096879
uob,maybridge-0495-942719727,Cc1cc(Br)ccc1S(=O)(=O)Cl,,,,"MolGlyph 1.1.1 (BioMiner git 17c6161, molglyph_large)",0.13861539959907532
uob,maybridge-0496-144089867,CCc1cc(Br)ccc1S(=O)(=O)Cl,,,,"MolGlyph 1.1.1 (BioMiner git 17c6161, molglyph_large)",0.14343775995075703
uob,maybridge-0496-146068000,COc1ccccc1Oc1ccc(S(=O)(=O)Cl)cc1,,,,"MolGlyph 1.1.1 (BioMiner git 17c6161, molglyph_large)",0.18237337470054626
uob,maybridge-0496-252863233,COc1ccc(Br)cc1S(=O)(=O)Cl,,,,"MolGlyph 1.1.1 (BioMiner git 17c6161, molglyph_large)",0.14448201283812523
uob,maybridge-0496-44446654,O=S(=O)(Cl)c1ccc(Br)cc1C(F)(F)F,,,,"MolGlyph 1.1.1 (BioMiner git 17c6161, molglyph_large)",0.17319569550454617
uob,maybridge-0496-52194527,O=S(=O)(Cl)c1ccc(-c2ccc(Cl)cc2)cc1,,,,"MolGlyph 1.1.1 (BioMiner git 17c6161, molglyph_large)",0.18784069642424583
uob,maybridge-0496-547717067,O=S(=O)(Cl)c1ccc(Oc2ccccc2Cl)cc1,,,,"MolGlyph 1.1.1 (BioMiner git 17c6161, molglyph_large)",0.17895404994487762
uob,maybridge-0496-575029744,O=S(=O)(Cl)c1ccc(S(=O)(=O)N2CCOCC2)cc1,,,,"MolGlyph 1.1.1 (BioMiner git 17c6161, molglyph_large)",0.21269114315509796
uob,maybridge-0496-687110239,O=S(=O)(Cl)c1ccccc1I,,,,"MolGlyph 1.1.1 (BioMiner git 17c6161, molglyph_large)",0.12542091868817806
uob,maybridge-0496-701004669,COc1ccc(-c2ccc(S(=O)(=O)Cl)cc2)cc1,,,,"MolGlyph 1.1.1 (BioMiner git 17c6161, molglyph_large)",0.19256450980901718
uob,maybridge-0496-764113365,O=S(=O)(Cl)c1ccc(-c2ccc(Cl)c(Cl)c2)cc1,,,,"MolGlyph 1.1.1 (BioMiner git 17c6161, molglyph_large)",0.20219865627586842
uob,maybridge-0496-845911603,O=S(=O)(Cl)c1ccc(S(=O)(=O)N2CCCC2)cc1,,,,"MolGlyph 1.1.1 (BioMiner git 17c6161, molglyph_large)",0.20790070854127407
uob,maybridge-0496-996001500,O=S(=O)(Cl)c1c(Cl)cc(C(F)(F)F)cc1Cl,,,,"MolGlyph 1.1.1 (BioMiner git 17c6161, molglyph_large)",0.18889680691063404
uob,maybridge-0497-243874800,O=S(=O)(Cl)c1cc(Cl)c(Oc2ccc([N+](=O)[O-])cc2Cl)c(Cl)c1,,,,"MolGlyph 1.1.1 (BioMiner git 17c6161, molglyph_large)",0.27474071830511093
uob,maybridge-0497-3919457,O=S(=O)(Cl)Cc1ccccc1F,,,,"MolGlyph 1.1.1 (BioMiner git 17c6161, molglyph_large)",0.1284756027162075
uob,maybridge-0497-461223648,N#Cc1c(Cl)cccc1Oc1ccc(S(=O)(=O)Cl)cc1,,,,"MolGlyph 1.1.1 (BioMiner git 17c6161, molglyph_large)",0.20335950702428818
uob,maybridge-0497-492365308,O=S(=O)(Cl)c1ccc(Br)cc1OC(F)(F)F,,,,"MolGlyph 1.1.1 (BioMiner git 17c6161, molglyph_large)",0.17882036417722702
uob,maybridge-0497-504475492,O=S(=O)(Cl)c1cc(OCC(F)(F)F)ccc1OCC(F)(F)F,,,,"MolGlyph 1.1.1 (BioMiner git 17c6161, molglyph_large)",0.22706901654601097
uob,maybridge-0497-553035109,O=S(=O)(Cl)Cc1cccc(F)c1,,,,"MolGlyph 1.1.1 (BioMiner git 17c6161, molglyph_large)",0.14050868898630142
uob,maybridge-0497-776668901,O=S(=O)(Cl)Cc1ccc(Cl)cc1,,,,"MolGlyph 1.1.1 (BioMiner git 17c6161, molglyph_large)",0.139208871871233
uob,maybridge-0497-806485417,Cc1ccccc1CS(=O)(=O)Cl,,,,"MolGlyph 1.1.1 (BioMiner git 17c6161, molglyph_large)",0.1267120148986578
uob,maybridge-0497-857728674,Cc1ccc(CS(=O)(=O)Cl)cc1,,,,"MolGlyph 1.1.1 (BioMiner git 17c6161, molglyph_large)",0.1372331641614437
uob,maybridge-0497-891688923,O=S(=O)(Cl)Cc1ccc(F)cc1,,,,"MolGlyph 1.1.1 (BioMiner git 17c6161, molglyph_large)",0.13617241755127907
uob,maybridge-0497-90943832,Cc1cccc(CS(=O)(=O)Cl)c1,,,,"MolGlyph 1.1.1 (BioMiner git 17c6161, molglyph_large)",0.13654324039816856
uob,maybridge-0497-98433894,N#Cc1cccc(CS(=O)(=O)Cl)c1,,,,"MolGlyph 1.1.1 (BioMiner git 17c6161, molglyph_large)",0.14638402499258518
uob,maybridge-0498-328149357,O=S(=O)(Cl)Cc1ccc(Br)cc1,,,,"MolGlyph 1.1.1 (BioMiner git 17c6161, molglyph_large)",0.13656905107200146
uob,maybridge-0498-41006242,O=S(=O)(Cl)Cc1ccccc1Br,,,,"MolGlyph 1.1.1 (BioMiner git 17c6161, molglyph_large)",0.12694686278700829
uob,maybridge-0498-442283893,O=S(=O)(Cl)Cc1cccc(Br)c1,,,,"MolGlyph 1.1.1 (BioMiner git 17c6161, molglyph_large)",0.13662922009825706
uob,maybridge-0498-566734368,O=S(=O)(Cl)Cc1cccc(C(F)(F)F)c1,,,,"MolGlyph 1.1.1 (BioMiner git 17c6161, molglyph_large)",0.17036919854581356
uob,maybridge-0498-733606143,O=S(Cc1ccc([N+](=O)[O-])cc1)(Cl)=O,,,,"MolGlyph 1.1.1 (BioMiner git 17c6161, molglyph_large)",0.1895150076597929
uob,maybridge-0498-790271123,O=S(=O)(Cl)Cc1ccccc1Cl,,,,"MolGlyph 1.1.1 (BioMiner git 17c6161, molglyph_large)",0.12737595289945602
uob,maybridge-0498-806666224,O=S(=O)(Cl)c1cccnc1,,,,"MolGlyph 1.1.1 (BioMiner git 17c6161, molglyph_large)",0.11682555079460144
uob,maybridge-0498-888149301,COC(=O)c1ccc(CS(=O)(=O)Cl)cc1,,,,"MolGlyph 1.1.1 (BioMiner git 17c6161, molglyph_large)",0.16591495461761951
uob,maybridge-0498-895751542,CCOC(=O)c1ccncc1S(=O)(=O)Cl,,,,"MolGlyph 1.1.1 (BioMiner git 17c6161, molglyph_large)",0.15627184882760048
uob,maybridge-0498-898960171,O=S(=O)(Cl)Cc1ccc(Cl)c(Cl)c1,,,,"MolGlyph 1.1.1 (BioMiner git 17c6161, molglyph_large)",0.1504066400229931
uob,maybridge-0498-928465756,O=S(=O)(Cl)c1ccc(N2CCOCC2)nc1,,,,"MolGlyph 1.1.1 (BioMiner git 17c6161, molglyph_large)",0.16543357446789742
uob,maybridge-0498-972659790,CC(C)(C)c1ccc(CS(=O)(=O)Cl)cc1,,,,"MolGlyph 1.1.1 (BioMiner git 17c6161, molglyph_large)",0.1712104920297861
uob,maybridge-0499-206073676,Cn1ccc2c(S(=O)(=O)Cl)cccc21,,,,"MolGlyph 1.1.1 (BioMiner git 17c6161, molglyph_large)",0.15710056200623512
uob,maybridge-0499-213633184,O=S(=O)(Cl)c1ccc2c(c1)CCO2,,,,"MolGlyph 1.1.1 (BioMiner git 17c6161, molglyph_large)",0.15089932829141617
uob,maybridge-0499-328479146,O=S(=O)(Cl)c1cc2ccccc2o1,,,,"MolGlyph 1.1.1 (BioMiner git 17c6161, molglyph_large)",0.14183461852371693
uob,maybridge-0499-494899221,Cn1ccc2cc(S(=O)(=O)Cl)ccc21,,,,"MolGlyph 1.1.1 (BioMiner git 17c6161, molglyph_large)",0.15610531903803349
uob,maybridge-0499-5218733,O=S(=O)(Cl)c1ccc2c(c1)OCO2,,,,"MolGlyph 1.1.1 (BioMiner git 17c6161, molglyph_large)",0.1507952269166708
uob,maybridge-0499-548840316,CC(=O)N1CCc2cc(S(=O)(=O)Cl)ccc21,,,,"MolGlyph 1.1.1 (BioMiner git 17c6161, molglyph_large)",0.18101838417351246
uob,maybridge-0499-600130151,O=S(=O)(Cl)c1cc2ccccc2s1,,,,"MolGlyph 1.1.1 (BioMiner git 17c6161, molglyph_large)",0.14187938161194324
uob,maybridge-0499-618928080,O=S(=O)(Cl)c1c(Cl)nc2sccn12,,,,"MolGlyph 1.1.1 (BioMiner git 17c6161, molglyph_large)",0.1512047667056322
uob,maybridge-0499-82938928,O=S(=O)(Cl)c1ccc(Oc2ccccc2)nc1,,,,"MolGlyph 1.1.1 (BioMiner git 17c6161, molglyph_large)",0.1713504008948803
uob,maybridge-0499-843706053,O=C1Cc2cc(S(=O)(=O)Cl)ccc2N1,,,,"MolGlyph 1.1.1 (BioMiner git 17c6161, molglyph_large)",0.1631922535598278
uob,maybridge-0499-997739547,O=S(=O)(Cl)c1cc(Br)cc2c1OCC2,,,,"MolGlyph 1.1.1 (BioMiner git 17c6161, molglyph_large)",0.15839965268969536
uob,maybridge-0500-1055460554,O=S(=O)(Cl)c1csc2ccccc12,,,,"MolGlyph 1.1.1 (BioMiner git 17c6161, molglyph_large)",0.14223420806229115
uob,maybridge-0500-181408805,O=S(=O)(Cl)c1c(Cl)ccc2nonc12,,,,"MolGlyph 1.1.1 (BioMiner git 17c6161, molglyph_large)",0.15712862461805344
uob,maybridge-0500-338388946,O=S(=O)(Cl)c1ccc2nsnc2c1,,,,"MolGlyph 1.1.1 (BioMiner git 17c6161, molglyph_large)",0.14146065898239613
uob,maybridge-0500-341928491,O=S(=O)(Cl)c1cccc2ccccc12,,,,"MolGlyph 1.1.1 (BioMiner git 17c6161, molglyph_large)",0.1462596021592617
uob,maybridge-0500-438676328,Cc1nc2ccc(S(=O)(=O)Cl)cc2s1,,,,"MolGlyph 1.1.1 (BioMiner git 17c6161, molglyph_large)",0.15700882486999035
uob,maybridge-0500-458075438,O=S(=O)(Cl)c1ccc2ccccc2c1,,,,"MolGlyph 1.1.1 (BioMiner git 17c6161, molglyph_large)",0.14718911796808243
uob,maybridge-0500-65414477,Cc1ccc2sc(S(=O)(=O)Cl)cc2c1,,,,"MolGlyph 1.1.1 (BioMiner git 17c6161, molglyph_large)",0.1564471833407879
uob,maybridge-0500-680369143,O=S(=O)(Cl)c1ccc2ncsc2c1,,,,"MolGlyph 1.1.1 (BioMiner git 17c6161, molglyph_large)",0.14187795296311378
uob,maybridge-0500-719385263,Cc1c(S(=O)(=O)Cl)sc2ccc(Cl)cc12,,,,"MolGlyph 1.1.1 (BioMiner git 17c6161, molglyph_large)",0.17095034196972847
uob,maybridge-0500-806931223,O=S(=O)(Cl)c1cccc2nsnc12,,,,"MolGlyph 1.1.1 (BioMiner git 17c6161, molglyph_large)",0.1409774199128151
uob,maybridge-0500-840768113,O=S(=O)(Cl)c1cccc2nonc12,,,,"MolGlyph 1.1.1 (BioMiner git 17c6161, molglyph_large)",0.14164968393743038
uob,maybridge-0501-122852984,CN1CCOc2cc(S(=O)(=O)Cl)ccc21,,,,"MolGlyph 1.1.1 (BioMiner git 17c6161, molglyph_large)",0.16107380390167236
uob,maybridge-0501-124110774,CN1CCOc2cc(S(=O)(=O)Cl)cnc21,,,,"MolGlyph 1.1.1 (BioMiner git 17c6161, molglyph_large)",0.1608743816614151
uob,maybridge-0501-147755891,CC1(C)CCc2cc(S(=O)(=O)Cl)ccc2O1,,,,"MolGlyph 1.1.1 (BioMiner git 17c6161, molglyph_large)",0.1749920155853033
uob,maybridge-0501-200625960,CC1(C)CCC(C)(C)c2cc(S(=O)(=O)Cl)ccc21,,,,"MolGlyph 1.1.1 (BioMiner git 17c6161, molglyph_large)",0.2042563334107399
uob,maybridge-0501-285638740,O=C1COc2ccc(S(=O)(=O)Cl)cc2N1,,,,"MolGlyph 1.1.1 (BioMiner git 17c6161, molglyph_large)",0.16543574072420597
uob,maybridge-0501-313507065,Cc1ccc(S(=O)(=O)Cl)c2ccccc12,,,,"MolGlyph 1.1.1 (BioMiner git 17c6161, molglyph_large)",0.1610061265528202
uob,maybridge-0501-463677077,CS(=O)(=O)CS(=O)(=O)Cl,,,,"MolGlyph 1.1.1 (BioMiner git 17c6161, molglyph_large)",0.13182073459029198
uob,maybridge-0501-497806967,O=S(=O)(Cl)c1ccc2c(c1)OCCO2,,,,"MolGlyph 1.1.1 (BioMiner git 17c6161, molglyph_large)",0.1566541139036417
uob,maybridge-0501-539484297,O=S(=O)(Cl)c1ccc2c(c1)OCCCO2,,,,"MolGlyph 1.1.1 (BioMiner git 17c6161, molglyph_large)",0.16071557253599167
uob,maybridge-0502-125999575,NC(=S)c1ccc(F)cc1,,,,"MolGlyph 1.1.1 (BioMiner git 17c6161, molglyph_large)",0.11426521651446819
uob,maybridge-0502-153243577,NC(=S)c1cccs1,,,,"MolGlyph 1.1.1 (BioMiner git 17c6161, molglyph_large)",0.09312724694609642
uob,maybridge-0502-287766450,NC(=S)c1c[nH]cn1,,,,"MolGlyph 1.1.1 (BioMiner git 17c6161, molglyph_large)",0.10790818557143211
uob,maybridge-0502-291710077,NC(=S)c1ccc(Cl)cc1,,,,"MolGlyph 1.1.1 (BioMiner git 17c6161, molglyph_large)",0.11256739869713783
uob,maybridge-0502-422932991,NC(=S)c1ccno1,,,,"MolGlyph 1.1.1 (BioMiner git 17c6161, molglyph_large)",0.09431385807693005
uob,maybridge-0502-441058323,Cc1cc(C(N)=S)n(C)n1,,,,"MolGlyph 1.1.1 (BioMiner git 17c6161, molglyph_large)",0.12211990170180798
uob,maybridge-0502-476001764,NC(=S)c1ccc(-c2ccccn2)s1,,,,"MolGlyph 1.1.1 (BioMiner git 17c6161, molglyph_large)",0.14656947553157806
uob,maybridge-0502-511462243,Cc1nc(C(N)=S)cs1,,,,"MolGlyph 1.1.1 (BioMiner git 17c6161, molglyph_large)",0.10828048549592495
uob,maybridge-0502-664586939,NC(=S)c1ccsc1,,,,"MolGlyph 1.1.1 (BioMiner git 17c6161, molglyph_large)",0.09301512315869331
uob,maybridge-0502-769508184,Cc1cc(C(N)=S)no1,,,,"MolGlyph 1.1.1 (BioMiner git 17c6161, molglyph_large)",0.10859598219394684
uob,maybridge-0502-780764253,Cc1nc(C(N)=S)c[nH]1,,,,"MolGlyph 1.1.1 (BioMiner git 17c6161, molglyph_large)",0.12222910486161709
uob,maybridge-0502-803104971,NC(=S)c1ccoc1,,,,"MolGlyph 1.1.1 (BioMiner git 17c6161, molglyph_large)",0.09316501766443253
uob,maybridge-0503-174217409,NC(=S)c1ccc(-c2csnn2)cc1,,,,"MolGlyph 1.1.1 (BioMiner git 17c6161, molglyph_large)",0.1469746120274067
uob,maybridge-0503-414911382,NC(=S)c1ccc(C2OCCO2)cc1,,,,"MolGlyph 1.1.1 (BioMiner git 17c6161, molglyph_large)",0.14157909899950027
uob,maybridge-0503-56619287,NC(=S)c1ccc(F)cc1F,,,,"MolGlyph 1.1.1 (BioMiner git 17c6161, molglyph_large)",0.11811947636306286
uob,maybridge-0503-572485997,NC(=S)c1ccc(N2CCOCC2)cc1,,,,"MolGlyph 1.1.1 (BioMiner git 17c6161, molglyph_large)",0.14754212275147438
uob,maybridge-0503-638912597,NC(=S)c1cccc(Cl)c1Cl,,,,"MolGlyph 1.1.1 (BioMiner git 17c6161, molglyph_large)",0.11747944541275501
uob,maybridge-0503-676989219,NC(=S)c1ccc(-n2ccnc2)cc1,,,,"MolGlyph 1.1.1 (BioMiner git 17c6161, molglyph_large)",0.14680954441428185
uob,maybridge-0503-715229536,CC(C)(C)c1ccc(C(N)=S)cc1,,,,"MolGlyph 1.1.1 (BioMiner git 17c6161, molglyph_large)",0.14680442959070206
uob,maybridge-0503-803562245,[N+](c1cc(C(N)=S)ccc1OC)(=O)[O-],,,,"MolGlyph 1.1.1 (BioMiner git 17c6161, molglyph_large)",0.18513205088675022
uob,maybridge-0503-86335168,COc1ccc(OCC(N)=S)cc1,,,,"MolGlyph 1.1.1 (BioMiner git 17c6161, molglyph_large)",0.12761447951197624
uob,maybridge-0503-916702777,NC(=S)c1ccc(C(F)(F)F)cc1,,,,"MolGlyph 1.1.1 (BioMiner git 17c6161, molglyph_large)",0.1468954924494028
uob,maybridge-0503-92344619,NC(=S)Cc1ccc(Cl)cc1,,,,"MolGlyph 1.1.1 (BioMiner git 17c6161, molglyph_large)",0.11797686107456684
uob,maybridge-0503-923863440,NC(=S)Cc1ccc(-c2csnn2)cc1,,,,"MolGlyph 1.1.1 (BioMiner git 17c6161, molglyph_large)",0.15192338451743126
uob,maybridge-0504-249907132,NC(=S)c1cnccn1,,,,"MolGlyph 1.1.1 (BioMiner git 17c6161, molglyph_large)",0.09816190972924232
uob,maybridge-0504-265905692,NC(=S)c1ncc(C(F)(F)F)cc1Cl,,,,"MolGlyph 1.1.1 (BioMiner git 17c6161, molglyph_large)",0.15145100094377995
uob,maybridge-0504-3643493,NC(=S)c1ccc2c(c1)CCO2,,,,"MolGlyph 1.1.1 (BioMiner git 17c6161, molglyph_large)",0.13192889653146267
uob,maybridge-0504-410120842,NC(=S)CS(=O)(=O)c1ccc(Cl)cc1,,,,"MolGlyph 1.1.1 (BioMiner git 17c6161, molglyph_large)",0.16140641458332539
uob,maybridge-0504-467876852,NC(=S)c1cc(Cl)nc(Cl)c1,,,,"MolGlyph 1.1.1 (BioMiner git 17c6161, molglyph_large)",0.127768374979496
uob,maybridge-0504-573268017,COc1ccc(C(N)=S)cn1,,,,"MolGlyph 1.1.1 (BioMiner git 17c6161, molglyph_large)",0.11813086085021496
uob,maybridge-0504-616502964,Cn1c(=O)c(C(N)=S)cn(-c2ccccc2)c1=O,,,,"MolGlyph 1.1.1 (BioMiner git 17c6161, molglyph_large)",0.19499604403972626
uob,maybridge-0504-719055685,NC(=S)c1cnccc1C(F)(F)F,,,,"MolGlyph 1.1.1 (BioMiner git 17c6161, molglyph_large)",0.13689749874174595
uob,maybridge-0504-770983256,NC(=S)COc1ccccc1Cl,,,,"MolGlyph 1.1.1 (BioMiner git 17c6161, molglyph_large)",0.11301884427666664
uob,maybridge-0504-863300567,CC(C)(C)OC(=O)N1CCC(C(N)=S)CC1,,,,"MolGlyph 1.1.1 (BioMiner git 17c6161, molglyph_large)",0.1770603470504284
uob,maybridge-0504-997331153,CCOC(=O)c1c(C)[nH]c(=O)[nH]c1=S,,,,"MolGlyph 1.1.1 (BioMiner git 17c6161, molglyph_large)",0.1813561264425516
uob,maybridge-0505-12484904,S=C1NCCc2ccccc21,,,,"MolGlyph 1.1.1 (BioMiner git 17c6161, molglyph_large)",0.10970033891499043
uob,maybridge-0505-148466395,NC(=S)c1ccc2ccccc2c1,,,,"MolGlyph 1.1.1 (BioMiner git 17c6161, molglyph_large)",0.13077031262218952
uob,maybridge-0505-215259632,NC(=S)c1cccc2c1OCCO2,,,,"MolGlyph 1.1.1 (BioMiner git 17c6161, molglyph_large)",0.12745273672044277
uob,maybridge-0505-23491265,CC(C)(C)C(=O)OCC(N)=S,,,,"MolGlyph 1.1.1 (BioMiner git 17c6161, molglyph_large)",0.13188010267913342
uob,maybridge-0505-253444876,NC(=S)c1ccc2c(c1)OCO2,,,,"MolGlyph 1.1.1 (BioMiner git 17c6161, molglyph_large)",0.1368490494787693
uob,maybridge-0505-277690588,COC(=O)CSCCC(N)=S,,,,"MolGlyph 1.1.1 (BioMiner git 17c6161, molglyph_large)",0.1138253528624773
uob,maybridge-0505-302452338,CCOC(OCC)C(N)=S,,,,"MolGlyph 1.1.1 (BioMiner git 17c6161, molglyph_large)",0.10390940867364407
uob,maybridge-0505-432220059,NC(=S)c1csc2ccccc12,,,,"MolGlyph 1.1.1 (BioMiner git 17c6161, molglyph_large)",0.12271162308752537
uob,maybridge-0505-488464566,CSc1sc(C(N)=S)c2c1C(=O)CCC2,,,,"MolGlyph 1.1.1 (BioMiner git 17c6161, molglyph_large)",0.1617162972688675
uob,maybridge-0505-659937803,CC(C)(C)OC(=O)NCCC(N)=S,,,,"MolGlyph 1.1.1 (BioMiner git 17c6161, molglyph_large)",0.141741206869483
uob,maybridge-0505-798946927,CC(C)(C)OC(=O)NCC(N)=S,,,,"MolGlyph 1.1.1 (BioMiner git 17c6161, molglyph_large)",0.13676038570702076
uob,maybridge-0506-1017161721,Oc1nnc(S)n1C1CCCCC1,,,,"MolGlyph 1.1.1 (BioMiner git 17c6161, molglyph_large)",0.12263737805187702
uob,maybridge-0506-120799920,Nc1nnc(S)[nH]1,,,,"MolGlyph 1.1.1 (BioMiner git 17c6161, molglyph_large)",0.0983492061495781
uob,maybridge-0506-206636603,Sc1nccn1-c1cc(Cl)ccc1Cl,,,,"MolGlyph 1.1.1 (BioMiner git 17c6161, molglyph_large)",0.1321129221469164
uob,maybridge-0506-328852506,Cc1nnc(S)n1-c1ccc(OCc2ccccc2)cc1,,,,"MolGlyph 1.1.1 (BioMiner git 17c6161, molglyph_large)",0.1862825695425272
uob,maybridge-0506-423302354,Cn1c(-c2ccc(Cl)cc2)cnc1S,,,,"MolGlyph 1.1.1 (BioMiner git 17c6161, molglyph_large)",0.14341220818459988
uob,maybridge-0506-536190215,Cn1c(S)nnc1CNC(=O)OC(C)(C)C,,,,"MolGlyph 1.1.1 (BioMiner git 17c6161, molglyph_large)",0.16301274113357067
uob,maybridge-0506-571174095,CCOC(=O)c1c[nH]c(S)n1,,,,"MolGlyph 1.1.1 (BioMiner git 17c6161, molglyph_large)",0.13193134032189846
uob,maybridge-0506-572407647,Cn1c(S)nnc1Cc1nc(-c2cnccn2)no1,,,,"MolGlyph 1.1.1 (BioMiner git 17c6161, molglyph_large)",0.17570555210113525
uob,maybridge-0506-6592096,CC(C)(C)OC(=O)NCc1nnc(S)n1C1CC1,,,,"MolGlyph 1.1.1 (BioMiner git 17c6161, molglyph_large)",0.18107411079108715
uob,maybridge-0506-983612400,COC(=O)c1cnc(S)n1C,,,,"MolGlyph 1.1.1 (BioMiner git 17c6161, molglyph_large)",0.11711115948855877
uob,maybridge-0507-1013070639,Cn1c(C(F)(F)F)n[nH]c1=S,,,,"MolGlyph 1.1.1 (BioMiner git 17c6161, molglyph_large)",0.14159582182765007
uob,maybridge-0507-1040773630,O=C(O)CSc1nnc(S)s1,,,,"MolGlyph 1.1.1 (BioMiner git 17c6161, molglyph_large)",0.1173570565879345
uob,maybridge-0507-171129004,FC(F)(F)c1ccc(-c2nnc(S)o2)cc1,,,,"MolGlyph 1.1.1 (BioMiner git 17c6161, molglyph_large)",0.17066936008632183
uob,maybridge-0507-22151929,Fc1ccc(S)cc1,,,,"MolGlyph 1.1.1 (BioMiner git 17c6161, molglyph_large)",0.0881648138165474
uob,maybridge-0507-347299262,Sc1nnc(-c2cccc3ccccc23)n1Cc1ccco1,,,,"MolGlyph 1.1.1 (BioMiner git 17c6161, molglyph_large)",0.19041677005589008
uob,maybridge-0507-460539430,SC1=NC2(CCCCC2)NN1c1ccccc1,,,,"MolGlyph 1.1.1 (BioMiner git 17c6161, molglyph_large)",0.15694396384060383
uob,maybridge-0507-499448363,S=c1ssc(S)c1-c1ccccc1,,,,"MolGlyph 1.1.1 (BioMiner git 17c6161, molglyph_large)",0.13275793753564358
uob,maybridge-0507-778081126,Sc1nnc(SCC2CC2)s1,,,,"MolGlyph 1.1.1 (BioMiner git 17c6161, molglyph_large)",0.11221160367131233
uob,maybridge-0507-799872683,SC1=NNC(c2ccccn2)S1,,,,"MolGlyph 1.1.1 (BioMiner git 17c6161, molglyph_large)",0.1220225878059864
uob,maybridge-0507-896281631,Cn1c(S)nnc1CSc1ccnc2cc(Cl)ccc12,,,,"MolGlyph 1.1.1 (BioMiner git 17c6161, molglyph_large)",0.1758825797587633
uob,maybridge-0507-930934942,Cn1cccc1-c1nnc(S)n1-c1ccc(Cl)cc1Cl,,,,"MolGlyph 1.1.1 (BioMiner git 17c6161, molglyph_large)",0.18576153740286827
uob,maybridge-0508-291892320,FC(F)(F)Oc1cc(Br)ccc1S,,,,"MolGlyph 1.1.1 (BioMiner git 17c6161, molglyph_large)",0.1323445439338684
uob,maybridge-0508-35598847,Cc1cccc(CS)c1,,,,"MolGlyph 1.1.1 (BioMiner git 17c6161, molglyph_large)",0.09297189302742481
uob,maybridge-0508-368097246,Fc1ccc(S)c(F)c1,,,,"MolGlyph 1.1.1 (BioMiner git 17c6161, molglyph_large)",0.10308475978672504
uob,maybridge-0508-516894645,FC(F)(F)c1ccc(S)cc1,,,,"MolGlyph 1.1.1 (BioMiner git 17c6161, molglyph_large)",0.12912204302847385
uob,maybridge-0508-632711953,Cc1cc(C)c(S)c(C)c1,,,,"MolGlyph 1.1.1 (BioMiner git 17c6161, molglyph_large)",0.117042675614357
uob,maybridge-0508-684748006,Cc1cc(C)cc(S)c1,,,,"MolGlyph 1.1.1 (BioMiner git 17c6161, molglyph_large)",0.10385692119598389
uob,maybridge-0508-733180153,FC(F)(F)c1ccccc1S,,,,"MolGlyph 1.1.1 (BioMiner git 17c6161, molglyph_large)",0.11312361806631088
uob,maybridge-0508-765670531,CN(C(N)=S)c1ccccc1,,,,"MolGlyph 1.1.1 (BioMiner git 17c6161, molglyph_large)",0.1172287967056036
uob,maybridge-0508-810940167,Fc1ccc(S)cc1Cl,,,,"MolGlyph 1.1.1 (BioMiner git 17c6161, molglyph_large)",0.09239084087312222
uob,maybridge-0508-910782281,FC(F)(F)Oc1ccc(S)cc1,,,,"MolGlyph 1.1.1 (BioMiner git 17c6161, molglyph_large)",0.12693156488239765
uob,maybridge-0508-923779871,Fc1ccc(S)c(Cl)c1,,,,"MolGlyph 1.1.1 (BioMiner git 17c6161, molglyph_large)",0.10244669578969479
uob,maybridge-0508-977408463,Sc1cccc(Cl)c1,,,,"MolGlyph 1.1.1 (BioMiner git 17c6161, molglyph_large)",0.08852436393499374
uob,maybridge-0509-120230021,Cc1cc(C(F)(F)F)c(C#N)c(S)n1,,,,"MolGlyph 1.1.1 (BioMiner git 17c6161, molglyph_large)",0.1612494383007288
uob,maybridge-0509-144559913,FC(F)(F)Oc1ccc(CS)cc1,,,,"MolGlyph 1.1.1 (BioMiner git 17c6161, molglyph_large)",0.13153706677258015
uob,maybridge-0509-242171454,FC(F)(F)c1ccc(S)nc1,,,,"MolGlyph 1.1.1 (BioMiner git 17c6161, molglyph_large)",0.12222147174179554
uob,maybridge-0509-265129605,FC(F)(F)c1cnc(S)c(Cl)c1,,,,"MolGlyph 1.1.1 (BioMiner git 17c6161, molglyph_large)",0.1370421089231968
uob,maybridge-0509-387867740,NC(=S)Nc1ccncc1,,,,"MolGlyph 1.1.1 (BioMiner git 17c6161, molglyph_large)",0.10374761372804642
uob,maybridge-0509-422615088,Nc1ccnc(S)n1,,,,"MolGlyph 1.1.1 (BioMiner git 17c6161, molglyph_large)",0.08851567469537258
uob,maybridge-0509-434136059,N#Cc1c(C(F)(F)F)cc(-c2ccccc2)nc1S,,,,"MolGlyph 1.1.1 (BioMiner git 17c6161, molglyph_large)",0.1908320188522339
uob,maybridge-0509-496674240,Fc1cccc(Cl)c1CS,,,,"MolGlyph 1.1.1 (BioMiner git 17c6161, molglyph_large)",0.09800376929342747
uob,maybridge-0509-511184510,FC(F)(F)c1cccc(CS)c1,,,,"MolGlyph 1.1.1 (BioMiner git 17c6161, molglyph_large)",0.1295502856373787
uob,maybridge-0509-766261689,COC(=O)c1cc(C#N)c(S)nc1C(OC)OC,,,,"MolGlyph 1.1.1 (BioMiner git 17c6161, molglyph_large)",0.1756385024636984
uob,maybridge-0509-888242265,COC(OC)c1ccc(C#N)c(S)n1,,,,"MolGlyph 1.1.1 (BioMiner git 17c6161, molglyph_large)",0.14247096329927444
uob,maybridge-0509-988815063,Sc1nccc(-c2cccs2)n1,,,,"MolGlyph 1.1.1 (BioMiner git 17c6161, molglyph_large)",0.12218497321009636
uob,maybridge-0510-153157991,CCOC(=O)c1c(C)[nH]c(=O)[nH]c1=S,,,,"MolGlyph 1.1.1 (BioMiner git 17c6161, molglyph_large)",0.17987421341240406
uob,maybridge-0510-22743325,Sc1nccc(-c2ccc(Cl)cc2)n1,,,,"MolGlyph 1.1.1 (BioMiner git 17c6161, molglyph_large)",0.14146270975470543
uob,maybridge-0510-235762560,Sc1nc2ccccc2[nH]1,,,,"MolGlyph 1.1.1 (BioMiner git 17c6161, molglyph_large)",0.11188530176877975
uob,maybridge-0510-496996278,NC(=S)N1CCOCC1,,,,"MolGlyph 1.1.1 (BioMiner git 17c6161, molglyph_large)",0.09760101325809956
uob,maybridge-0510-49754327,COc1ccc(-c2ccnc(S)n2)cc1,,,,"MolGlyph 1.1.1 (BioMiner git 17c6161, molglyph_large)",0.1470243725925684
uob,maybridge-0510-556657957,Nc1ccc2[nH]c(S)nc2c1,,,,"MolGlyph 1.1.1 (BioMiner git 17c6161, molglyph_large)",0.127430884167552
uob,maybridge-0510-600294847,CCOC(=O)c1cnc(S)nc1N,,,,"MolGlyph 1.1.1 (BioMiner git 17c6161, molglyph_large)",0.12760012410581112
uob,maybridge-0510-663105843,S=C1NCNCN1,,,,"MolGlyph 1.1.1 (BioMiner git 17c6161, molglyph_large)",0.07860587351024151
uob,maybridge-0510-665979558,CNC(=S)N1CCCN(c2ccc(C#N)cn2)CC1,,,,"MolGlyph 1.1.1 (BioMiner git 17c6161, molglyph_large)",0.18130240216851234
uob,maybridge-0510-889254628,S=C1NCCCCN1,,,,"MolGlyph 1.1.1 (BioMiner git 17c6161, molglyph_large)",0.08337895013391972
uob,maybridge-0510-979594007,Nc1nc(S)nc(S)n1,,,,"MolGlyph 1.1.1 (BioMiner git 17c6161, molglyph_large)",0.10239533893764019
uob,maybridge-0511-1044416005,FC(F)(F)c1ccc2[nH]c(S)nc2c1,,,,"MolGlyph 1.1.1 (BioMiner git 17c6161, molglyph_large)",0.16132239066064358
uob,maybridge-0511-122768079,Sc1nc(S)c2nc[nH]c2n1,,,,"MolGlyph 1.1.1 (BioMiner git 17c6161, molglyph_large)",0.12700505927205086
uob,maybridge-0511-13721992,COc1ccc2[nH]c(S)nc2c1,,,,"MolGlyph 1.1.1 (BioMiner git 17c6161, molglyph_large)",0.13197076134383678
uob,maybridge-0511-288665751,NC(=O)CS,,,,"MolGlyph 1.1.1 (BioMiner git 17c6161, molglyph_large)",0.06879778578877449
uob,maybridge-0511-380538750,Cn1c(=S)[nH]c2cc(C(F)(F)F)ccc21,,,,"MolGlyph 1.1.1 (BioMiner git 17c6161, molglyph_large)",0.1801045574247837
uob,maybridge-0511-544519984,CCOC(=O)c1nnn2c1nc(S)c1ccccc12,,,,"MolGlyph 1.1.1 (BioMiner git 17c6161, molglyph_large)",0.17590639553964138
uob,maybridge-0511-604615293,Sc1nc2cccnc2s1,,,,"MolGlyph 1.1.1 (BioMiner git 17c6161, molglyph_large)",0.09821499697864056
uob,maybridge-0511-725530740,Sc1nnc2ccccn12,,,,"MolGlyph 1.1.1 (BioMiner git 17c6161, molglyph_large)",0.10252789966762066
uob,maybridge-0511-798844942,Clc1cc2nc(S)[nH]c2cc1Cl,,,,"MolGlyph 1.1.1 (BioMiner git 17c6161, molglyph_large)",0.13203594088554382
uob,maybridge-0512-1014290701,Cc1cc(C)n(C(N)=O)n1,,,,"MolGlyph 1.1.1 (BioMiner git 17c6161, molglyph_large)",0.12261573411524296
uob,maybridge-0512-297703016,O/N=C/c1ccco1,,,,"MolGlyph 1.1.1 (BioMiner git 17c6161, molglyph_large)",0.0933037344366312
uob,maybridge-0512-305241941,CC(C)(C)c1cc(C(=O)NN)n(Cc2ccc(Cl)cc2Cl)n1,,,,"MolGlyph 1.1.1 (BioMiner git 17c6161, molglyph_large)",0.220323346555233
uob,maybridge-0512-354763264,O=C1CCNN1.Cl,,,,"MolGlyph 1.1.1 (BioMiner git 17c6161, molglyph_large)",0.08942703157663345
uob,maybridge-0512-521111353,Cn1cnc(S(N)(=O)=O)c1,,,,"MolGlyph 1.1.1 (BioMiner git 17c6161, molglyph_large)",0.12824896164238453
uob,maybridge-0512-626426570,Cc1cc(C)n(C(C)(C)C)n1,,,,"MolGlyph 1.1.1 (BioMiner git 17c6161, molglyph_large)",0.1325671747326851
uob,maybridge-0512-727516327,O=S(=O)(c1ccccc1)n1cccc1,,,,"MolGlyph 1.1.1 (BioMiner git 17c6161, molglyph_large)",0.14734824001789093
uob,maybridge-0512-910605006,Cn1cncc1C(=O)NN,,,,"MolGlyph 1.1.1 (BioMiner git 17c6161, molglyph_large)",0.10299059376120567
uob,maybridge-0512-914453557,Cc1nnc(C)n1N,,,,"MolGlyph 1.1.1 (BioMiner git 17c6161, molglyph_large)",0.08816561289131641
uob,maybridge-0512-918444939,Cc1cc(C)n(C2=NCCN2)n1,,,,"MolGlyph 1.1.1 (BioMiner git 17c6161, molglyph_large)",0.13241455145180225
uob,maybridge-0512-938418127,Cn1ccc(C(F)(F)F)n1,,,,"MolGlyph 1.1.1 (BioMiner git 17c6161, molglyph_large)",0.11848468333482742
uob,maybridge-0513-23960427,COC1C=CC(C)(OC)O1,,,,"MolGlyph 1.1.1 (BioMiner git 17c6161, molglyph_large)",0.11238869279623032
uob,maybridge-0513-351196674,c1csc(-c2cnco2)c1,,,,"MolGlyph 1.1.1 (BioMiner git 17c6161, molglyph_large)",0.11247221007943153
uob,maybridge-0513-367762414,ON=C(c1cccs1)c1cccs1,,,,"MolGlyph 1.1.1 (BioMiner git 17c6161, molglyph_large)",0.1277451030910015
uob,maybridge-0513-495503379,Cc1ccc(C)n1-c1sccc1C(=O)NN,,,,"MolGlyph 1.1.1 (BioMiner git 17c6161, molglyph_large)",0.15611402690410614
uob,maybridge-0513-597832884,NNC(=O)Cc1ccsc1,,,,"MolGlyph 1.1.1 (BioMiner git 17c6161, molglyph_large)",0.10411666706204414
uob,maybridge-0513-672271392,CC(=NO)c1ccco1,,,,"MolGlyph 1.1.1 (BioMiner git 17c6161, molglyph_large)",0.09807831235229969
uob,maybridge-0513-708142593,CSc1cccs1,,,,"MolGlyph 1.1.1 (BioMiner git 17c6161, molglyph_large)",0.0735911950469017
uob,maybridge-0513-764210010,O=C1C=C(O)CO1,,,,"MolGlyph 1.1.1 (BioMiner git 17c6161, molglyph_large)",0.09390276484191418
uob,maybridge-0513-794521608,NC(=O)c1ccc(-c2ccccn2)s1,,,,"MolGlyph 1.1.1 (BioMiner git 17c6161, molglyph_large)",0.14702156372368336
uob,maybridge-0513-875170152,Cc1ccc(C)n1-c1ccsc1C(=O)NN,,,,"MolGlyph 1.1.1 (BioMiner git 17c6161, molglyph_large)",0.15736748278141022
uob,maybridge-0513-90668761,C[Si](C)(C)c1cccs1,,,,"MolGlyph 1.1.1 (BioMiner git 17c6161, molglyph_large)",0.11264130473136902
uob,maybridge-0513-924955524,Cc1csc(C(N)=O)c1,,,,"MolGlyph 1.1.1 (BioMiner git 17c6161, molglyph_large)",0.10777424462139606
uob,maybridge-0513-952820890,COc1cscc1C(N)=O,,,,"MolGlyph 1.1.1 (BioMiner git 17c6161, molglyph_large)",0.10314131155610085
uob,maybridge-0514-328739998,c1ccc(-c2cnco2)cc1,,,,"MolGlyph 1.1.1 (BioMiner git 17c6161, molglyph_large)",0.11913769133388996
uob,maybridge-0514-427242716,Cc1oc(C(=O)NN)nc1-c1ccccc1,,,,"MolGlyph 1.1.1 (BioMiner git 17c6161, molglyph_large)",0.15621653571724892
uob,maybridge-0514-491096060,Cc1c(S(=O)(=O)c2ccc(Cl)cc2)csc1C(=O)NN,,,,"MolGlyph 1.1.1 (BioMiner git 17c6161, molglyph_large)",0.2100441511720419
uob,maybridge-0514-779860438,Cc1cccc(C)c1F,,,,"MolGlyph 1.1.1 (BioMiner git 17c6161, molglyph_large)",0.09317803755402565
uob,maybridge-0514-851247715,FC(F)(F)c1cccc(-c2noc(-c3cc(-c4ccccc4)c(C(F)(F)F)s3)n2)c1,,,,"MolGlyph 1.1.1 (BioMiner git 17c6161, molglyph_large)",0.3072625808417797
uob,maybridge-0514-864090207,C[Si](C)(C)c1nccs1,,,,"MolGlyph 1.1.1 (BioMiner git 17c6161, molglyph_large)",0.11249259859323502
uob,maybridge-0514-888857196,Fc1ccc(-n2cccc2)cc1,,,,"MolGlyph 1.1.1 (BioMiner git 17c6161, molglyph_large)",0.12277467548847198
uob,maybridge-0514-891872969,Cc1ccc(-c2cnco2)cc1,,,,"MolGlyph 1.1.1 (BioMiner git 17c6161, molglyph_large)",0.12254589982330799
uob,maybridge-0514-926742604,Cc1noc(C)c1C(N)=O,,,,"MolGlyph 1.1.1 (BioMiner git 17c6161, molglyph_large)",0.11272654682397842
uob,maybridge-0514-941474128,c1cc(-c2cnco2)ccn1,,,,"MolGlyph 1.1.1 (BioMiner git 17c6161, molglyph_large)",0.11764104478061199
uob,maybridge-0514-994023662,c1ccc(-c2ccno2)cc1,,,,"MolGlyph 1.1.1 (BioMiner git 17c6161, molglyph_large)",0.1171236652880907
uob,maybridge-0515-1036858356,NNc1ccc(F)cc1,,,,"MolGlyph 1.1.1 (BioMiner git 17c6161, molglyph_large)",0.09292848967015743
uob,maybridge-0515-135261198,COc1cccc(CC(=O)NN)c1,,,,"MolGlyph 1.1.1 (BioMiner git 17c6161, molglyph_large)",0.12744064442813396
uob,maybridge-0515-186236018,CCc1ccccc1NN,,,,"MolGlyph 1.1.1 (BioMiner git 17c6161, molglyph_large)",0.08801093697547913
uob,maybridge-0515-228694092,CC1C=C(C)C(NN)=CC=1.Cl,,,,"MolGlyph 1.1.1 (BioMiner git 17c6161, molglyph_large)",0.13131306879222393
uob,maybridge-0515-243639772,Cc1ccccc1S(N)(=O)=O,,,,"MolGlyph 1.1.1 (BioMiner git 17c6161, molglyph_large)",0.12246575579047203
uob,maybridge-0515-258408854,COc1cccc(C(=O)NN)c1,,,,"MolGlyph 1.1.1 (BioMiner git 17c6161, molglyph_large)",0.12277402356266975
uob,maybridge-0515-351021060,NNc1ccccc1C(F)(F)F,,,,"MolGlyph 1.1.1 (BioMiner git 17c6161, molglyph_large)",0.11764348670840263
uob,maybridge-0515-387680244,CN(C)c1ccc(C(=O)NN)cc1,,,,"MolGlyph 1.1.1 (BioMiner git 17c6161, molglyph_large)",0.1372100878506899
uob,maybridge-0515-441671687,COc1ccc(C(=O)NN)cc1,,,,"MolGlyph 1.1.1 (BioMiner git 17c6161, molglyph_large)",0.12204439006745815
uob,maybridge-0515-635287815,COC1C=CC(NN)=CC=1.Cl,,,,"MolGlyph 1.1.1 (BioMiner git 17c6161, molglyph_large)",0.12253246270120144
uob,maybridge-0515-642559758,NNc1ccccc1F,,,,"MolGlyph 1.1.1 (BioMiner git 17c6161, molglyph_large)",0.0832716803997755
uob,maybridge-0515-928241458,FC(F)(F)c1cccc(-c2cnco2)c1,,,,"MolGlyph 1.1.1 (BioMiner git 17c6161, molglyph_large)",0.15593140199780464
uob,maybridge-0516-147518038,CC(=O)Nc1ccc(C(F)(F)F)cc1,,,,"MolGlyph 1.1.1 (BioMiner git 17c6161, molglyph_large)",0.15145621821284294
uob,maybridge-0516-154226779,[C-]#[N+]CS(=O)(=O)c1ccc(C)cc1,,,,"MolGlyph 1.1.1 (BioMiner git 17c6161, molglyph_large)",0.1755682174116373
uob,maybridge-0516-257192008,CC(C)(C)c1ccc(NN)cc1,,,,"MolGlyph 1.1.1 (BioMiner git 17c6161, molglyph_large)",0.12719408981502056
uob,maybridge-0516-68407118,COc1ccccc1CCNC(N)=O,,,,"MolGlyph 1.1.1 (BioMiner git 17c6161, molglyph_large)",0.12178561463952065
uob,maybridge-0516-695321532,CCCC1C=C(NN)C=CC=1.Cl,,,,"MolGlyph 1.1.1 (BioMiner git 17c6161, molglyph_large)",0.12815476208925247
uob,maybridge-0516-718658658,CC(C)(C)c1cccc(NN)c1,,,,"MolGlyph 1.1.1 (BioMiner git 17c6161, molglyph_large)",0.12689881213009357
uob,maybridge-0516-743847391,CC(C)c1ccc(NN)cc1,,,,"MolGlyph 1.1.1 (BioMiner git 17c6161, molglyph_large)",0.11251228861510754
uob,maybridge-0516-810173824,CC(=O)Nc1cccc(C(F)(F)F)c1,,,,"MolGlyph 1.1.1 (BioMiner git 17c6161, molglyph_large)",0.15116393379867077
uob,maybridge-0516-843732287,NNC(=O)c1ccccc1-n1cccc1,,,,"MolGlyph 1.1.1 (BioMiner git 17c6161, molglyph_large)",0.14183542132377625
uob,maybridge-0516-856957625,NS(=O)(=O)/C=C/c1ccccc1,,,,"MolGlyph 1.1.1 (BioMiner git 17c6161, molglyph_large)",0.1417375709861517
uob,maybridge-0516-91246817,Cc1ccc(NN)cc1Cl,,,,"MolGlyph 1.1.1 (BioMiner git 17c6161, molglyph_large)",0.09720565564930439
uob,maybridge-0516-924973758,Cc1cc(Cl)ccc1NN,,,,"MolGlyph 1.1.1 (BioMiner git 17c6161, molglyph_large)",0.09731350094079971
uob,maybridge-0517-1001952716,NNc1ccc(C(F)(F)F)cc1,,,,"MolGlyph 1.1.1 (BioMiner git 17c6161, molglyph_large)",0.12744366377592087
uob,maybridge-0517-1020883180,NNc1c(Cl)cccc1Cl,,,,"MolGlyph 1.1.1 (BioMiner git 17c6161, molglyph_large)",0.09792744927108288
uob,maybridge-0517-301079399,NNc1cc(C(F)(F)F)ccc1Cl,,,,"MolGlyph 1.1.1 (BioMiner git 17c6161, molglyph_large)",0.1315205805003643
uob,maybridge-0517-395720433,CCCCc1ccc(S(N)(=O)=O)cc1,,,,"MolGlyph 1.1.1 (BioMiner git 17c6161, molglyph_large)",0.1463029719889164
uob,maybridge-0517-396072366,NNC(=O)c1cccc(C(F)(F)F)c1,,,,"MolGlyph 1.1.1 (BioMiner git 17c6161, molglyph_large)",0.15127654746174812
uob,maybridge-0517-438783061,CC(C)Cc1ccc(C(C)C(=O)NN)cc1,,,,"MolGlyph 1.1.1 (BioMiner git 17c6161, molglyph_large)",0.16082656756043434
uob,maybridge-0517-487128094,NNc1cc(Cl)cc(Cl)c1,,,,"MolGlyph 1.1.1 (BioMiner git 17c6161, molglyph_large)",0.10843650810420513
uob,maybridge-0517-544356596,NNC(=O)c1ccc(C(F)(F)F)cc1,,,,"MolGlyph 1.1.1 (BioMiner git 17c6161, molglyph_large)",0.15192685648798943
uob,maybridge-0517-601627851,NNc1ccc(C(F)(F)F)cc1Cl,,,,"MolGlyph 1.1.1 (BioMiner git 17c6161, molglyph_large)",0.13209992833435535
uob,maybridge-0517-785934290,COc1ccc(OC)c(S(N)(=O)=O)c1,,,,"MolGlyph 1.1.1 (BioMiner git 17c6161, molglyph_large)",0.15602841973304749
uob,maybridge-0517-93401146,NNc1ccc(Cl)c(Cl)c1,,,,"MolGlyph 1.1.1 (BioMiner git 17c6161, molglyph_large)",0.10814088769257069
uob,maybridge-0518-115978132,ON=C(Cl)c1c(Cl)cccc1Cl,,,,"MolGlyph 1.1.1 (BioMiner git 17c6161, molglyph_large)",0.12236659973859787
uob,maybridge-0518-11987123,NNc1ccc(S(N)(=O)=O)cc1,,,,"MolGlyph 1.1.1 (BioMiner git 17c6161, molglyph_large)",0.1368283238261938
uob,maybridge-0518-351678528,CC(=O)N(C)c1cccc(-c2ccc3nnc(C)n3n2)c1,,,,"MolGlyph 1.1.1 (BioMiner git 17c6161, molglyph_large)",0.21013009920716286
uob,maybridge-0518-352285410,COc1cc(Cl)c(NC(C)=O)c(Cl)c1,,,,"MolGlyph 1.1.1 (BioMiner git 17c6161, molglyph_large)",0.15123859606683254
uob,maybridge-0518-436111744,ON=C(Cl)c1ccc(Cl)cc1Cl,,,,"MolGlyph 1.1.1 (BioMiner git 17c6161, molglyph_large)",0.12178920209407806
uob,maybridge-0518-719567810,NNc1c(Cl)cc(C(F)(F)F)cc1Cl,,,,"MolGlyph 1.1.1 (BioMiner git 17c6161, molglyph_large)",0.1470472291111946
uob,maybridge-0518-72006495,NNC(=O)c1ccncc1,,,,"MolGlyph 1.1.1 (BioMiner git 17c6161, molglyph_large)",0.10379953868687153
uob,maybridge-0518-832201794,C=CC[Si](c1ccc(OC)cc1)(C(C)C)C(C)C,,,,"MolGlyph 1.1.1 (BioMiner git 17c6161, molglyph_large)",0.19033562950789928
uob,maybridge-0518-83698662,N=C(N)SCc1ccc(-c2csnn2)cc1,,,,"MolGlyph 1.1.1 (BioMiner git 17c6161, molglyph_large)",0.15721475519239902
uob,maybridge-0518-925752641,CC1(C)COC(c2cccnc2)=N1,,,,"MolGlyph 1.1.1 (BioMiner git 17c6161, molglyph_large)",0.13724243827164173
uob,maybridge-0518-947104191,Cc1cc(Cl)cc(Cl)c1S(N)(=O)=O,,,,"MolGlyph 1.1.1 (BioMiner git 17c6161, molglyph_large)",0.15157758258283138
uob,maybridge-0519-1020360825,NNc1cnn(-c2ccccc2)c(=O)c1Cl,,,,"MolGlyph 1.1.1 (BioMiner git 17c6161, molglyph_large)",0.1562507450580597
uob,maybridge-0519-1024585843,CN(N)c1cc(C(F)(F)F)ccn1,,,,"MolGlyph 1.1.1 (BioMiner git 17c6161, molglyph_large)",0.1418684385716915
uob,maybridge-0519-1029466701,CC(C)(C)c1cccc(C(C)(C)C)n1,,,,"MolGlyph 1.1.1 (BioMiner git 17c6161, molglyph_large)",0.15605059638619423
uob,maybridge-0519-272214598,C=Cc1cnccn1,,,,"MolGlyph 1.1.1 (BioMiner git 17c6161, molglyph_large)",0.08338052779436111
uob,maybridge-0519-309561988,CCOC(=O)N1CC=CCN1C(=O)OCC,,,,"MolGlyph 1.1.1 (BioMiner git 17c6161, molglyph_large)",0.1515012364834547
uob,maybridge-0519-396920353,CC(C)(C)C(=O)Nc1ccncc1,,,,"MolGlyph 1.1.1 (BioMiner git 17c6161, molglyph_large)",0.13811995647847652
uob,maybridge-0519-499286335,COc1cc(C(N)=O)ccn1,,,,"MolGlyph 1.1.1 (BioMiner git 17c6161, molglyph_large)",0.11745094880461693
uob,maybridge-0519-733087398,Cc1cc(NN)nc(C)n1,,,,"MolGlyph 1.1.1 (BioMiner git 17c6161, molglyph_large)",0.10753816179931164
uob,maybridge-0519-816210263,NC(=O)c1cccnc1Oc1ccc(Cl)cc1,,,,"MolGlyph 1.1.1 (BioMiner git 17c6161, molglyph_large)",0.1565464399755001
uob,maybridge-0519-889070029,Cc1cc(C(F)(F)F)cc(NN)n1,,,,"MolGlyph 1.1.1 (BioMiner git 17c6161, molglyph_large)",0.1422159355133772
uob,maybridge-0520-268780352,CC(C)[C@H]1CO[C@]2(C)CCC(=O)N12,,,,"MolGlyph 1.1.1 (BioMiner git 17c6161, molglyph_large)",0.18053626455366611
uob,maybridge-0520-275960735,O=C1OC(=O)C2CCC12,,,,"MolGlyph 1.1.1 (BioMiner git 17c6161, molglyph_large)",0.11239824816584587
uob,maybridge-0520-328928159,CN1CCN(N)CC1,,,,"MolGlyph 1.1.1 (BioMiner git 17c6161, molglyph_large)",0.08817386627197266
uob,maybridge-0520-349504133,NC(=O)C1CCN(c2nccc(C(F)(F)F)n2)CC1,,,,"MolGlyph 1.1.1 (BioMiner git 17c6161, molglyph_large)",0.19584195502102375
uob,maybridge-0520-514479543,Cn1c(S(=O)(=O)O)nc2ccccc21,,,,"MolGlyph 1.1.1 (BioMiner git 17c6161, molglyph_large)",0.1562453955411911
uob,maybridge-0520-540826154,CN1CCN(C)C(C(=O)NN)C1,,,,"MolGlyph 1.1.1 (BioMiner git 17c6161, molglyph_large)",0.13190914876759052
uob,maybridge-0520-60316595,Cc1nn(C)c2nc(NN)cc(C)c12,,,,"MolGlyph 1.1.1 (BioMiner git 17c6161, molglyph_large)",0.14693021215498447
uob,maybridge-0520-835277898,Cc1nc2sccn2c1C(=O)NN,,,,"MolGlyph 1.1.1 (BioMiner git 17c6161, molglyph_large)",0.1276976503431797
uob,maybridge-0520-889162113,C1OCC2OC12,,,,"MolGlyph 1.1.1 (BioMiner git 17c6161, molglyph_large)",0.07860171794891357
uob,maybridge-0520-922542356,c1ccc(-c2cn3c(n2)SCC3)cc1,,,,"MolGlyph 1.1.1 (BioMiner git 17c6161, molglyph_large)",0.15200309827923775
uob,maybridge-0521-102594951,NNc1nc2ccc(Cl)cc2s1,,,,"MolGlyph 1.1.1 (BioMiner git 17c6161, molglyph_large)",0.11741399578750134
uob,maybridge-0521-209067133,Cc1csc2ccc(Cl)cc12,,,,"MolGlyph 1.1.1 (BioMiner git 17c6161, molglyph_large)",0.11221932992339134
uob,maybridge-0521-376473011,Cc1csc2ccc(F)cc12,,,,"MolGlyph 1.1.1 (BioMiner git 17c6161, molglyph_large)",0.11232267878949642
uob,maybridge-0521-450887137,NNC(=O)c1cc2ccccc2s1,,,,"MolGlyph 1.1.1 (BioMiner git 17c6161, molglyph_large)",0.12652838416397572
uob,maybridge-0521-488473325,c1ccc2nonc2c1,,,,"MolGlyph 1.1.1 (BioMiner git 17c6161, molglyph_large)",0.09281915985047817
uob,maybridge-0521-544404876,O=S(=O)([O-])c1ccc(Cl)c2nonc12,,,,"MolGlyph 1.1.1 (BioMiner git 17c6161, molglyph_large)",0.1715007070451975
uob,maybridge-0521-562640026,c1ccc2c(c1)CCO2,,,,"MolGlyph 1.1.1 (BioMiner git 17c6161, molglyph_large)",0.10236111469566822
uob,maybridge-0521-565311371,Cn1c(=S)oc2ccccc21,,,,"MolGlyph 1.1.1 (BioMiner git 17c6161, molglyph_large)",0.11751378327608109
uob,maybridge-0521-60226327,Cc1ccc2c(c1)OCO2,,,,"MolGlyph 1.1.1 (BioMiner git 17c6161, molglyph_large)",0.10743352584540844
uob,maybridge-0521-819771282,COc1ccc2nsnc2c1,,,,"MolGlyph 1.1.1 (BioMiner git 17c6161, molglyph_large)",0.10256338119506836
uob,maybridge-0521-885055810,Cc1ccc2sccc2c1,,,,"MolGlyph 1.1.1 (BioMiner git 17c6161, molglyph_large)",0.0978402178734541
uob,maybridge-0521-919710023,Clc1ccc2nonc2c1,,,,"MolGlyph 1.1.1 (BioMiner git 17c6161, molglyph_large)",0.09725371934473515
uob,maybridge-0522-1007844375,Cc1ccc(C(C)C)cc2c(C)ccc1-2,,,,"MolGlyph 1.1.1 (BioMiner git 17c6161, molglyph_large)",0.15600965172052383
uob,maybridge-0522-1007999647,CC1(C)CCC(C)(C)c2ccccc21,,,,"MolGlyph 1.1.1 (BioMiner git 17c6161, molglyph_large)",0.1462413053959608
uob,maybridge-0522-184686462,Cc1ccc2cccc(Cl)c2n1,,,,"MolGlyph 1.1.1 (BioMiner git 17c6161, molglyph_large)",0.11721180006861687
uob,maybridge-0522-325063901,NNc1cnc2ccccc2n1,,,,"MolGlyph 1.1.1 (BioMiner git 17c6161, molglyph_large)",0.10751199908554554
uob,maybridge-0522-383188744,C(=N\c1cccc2ccccc12)\c1ccccc1,,,,"MolGlyph 1.1.1 (BioMiner git 17c6161, molglyph_large)",0.17048134841024876
uob,maybridge-0522-554070631,ON=C1CCCc2ccccc21,,,,"MolGlyph 1.1.1 (BioMiner git 17c6161, molglyph_large)",0.11279594339430332
uob,maybridge-0522-617601149,O=S(=O)(O)c1ccc2ccccc2c1,,,,"MolGlyph 1.1.1 (BioMiner git 17c6161, molglyph_large)",0.14582094736397266
uob,maybridge-0522-710797285,NNc1cc(C(F)(F)F)nc2ccccc12,,,,"MolGlyph 1.1.1 (BioMiner git 17c6161, molglyph_large)",0.15631219372153282
uob,maybridge-0522-875425335,Cc1csc2ncnc(NN)c12,,,,"MolGlyph 1.1.1 (BioMiner git 17c6161, molglyph_large)",0.11755525134503841
uob,maybridge-0522-942989792,Clc1ccc2ncccc2c1,,,,"MolGlyph 1.1.1 (BioMiner git 17c6161, molglyph_large)",0.10294561460614204
uob,maybridge-0522-955170012,Cc1ccc2cc(F)ccc2c1,,,,"MolGlyph 1.1.1 (BioMiner git 17c6161, molglyph_large)",0.11757954023778439
uob,maybridge-0523-1025521380,O=c1[nH]nc(Cl)c2ccccc12,,,,"MolGlyph 1.1.1 (BioMiner git 17c6161, molglyph_large)",0.1367600690573454
uob,maybridge-0523-308047347,c1cnc2c(n1)CCCC2,,,,"MolGlyph 1.1.1 (BioMiner git 17c6161, molglyph_large)",0.10726206935942173
uob,maybridge-0523-55916241,O=P1(O)Oc2ccc3ccccc3c2-c2c(ccc3ccccc23)O1,,,,"MolGlyph 1.1.1 (BioMiner git 17c6161, molglyph_large)",0.22880233451724052
uob,maybridge-0523-732223107,NNC(=O)C12CC3CC(CC(C3)C1)C2,,,,"MolGlyph 1.1.1 (BioMiner git 17c6161, molglyph_large)",0.1611628383398056
uob,maybridge-0523-761128002,O=P1(O)Oc2ccc3ccccc3c2-c2c(ccc3ccccc23)O1,,,,"MolGlyph 1.1.1 (BioMiner git 17c6161, molglyph_large)",0.2290410678833723
uob,maybridge-0523-802850546,Cc1ccccc1P(c1ccccc1C)c1ccccc1C,,,,"MolGlyph 1.1.1 (BioMiner git 17c6161, molglyph_large)",0.1771596409380436
uob,maybridge-0523-931240409,Cc1cc(C)c2c(=O)[nH]cnc2n1,,,,"MolGlyph 1.1.1 (BioMiner git 17c6161, molglyph_large)",0.1508506704121828
uob,maybridge-0523-934847409,NNc1ncnc2sc3c(c12)CCCC3,,,,"MolGlyph 1.1.1 (BioMiner git 17c6161, molglyph_large)",0.14138834550976753
uob,maybridge-0523-936538252,C=CCn1c(=O)oc(=O)c2ccccc21,,,,"MolGlyph 1.1.1 (BioMiner git 17c6161, molglyph_large)",0.15683515556156635
uob,maybridge-0523-980163688,c1cc2c3c(ccc4c3c1CCC4)CCC2,,,,"MolGlyph 1.1.1 (BioMiner git 17c6161, molglyph_large)",0.15680860541760921
uob,maybridge-0524-157832592,C[P+](c1ccccc1)(c1ccccc1)c1ccccc1.[I-],,,,"MolGlyph 1.1.1 (BioMiner git 17c6161, molglyph_large)",0.21437799371778965
uob,maybridge-0524-25874319,NS(N)(=O)=O,,,,"MolGlyph 1.1.1 (BioMiner git 17c6161, molglyph_large)",0.08500060066580772
uob,maybridge-0524-296876707,CCCNC(N)=O,,,,"MolGlyph 1.1.1 (BioMiner git 17c6161, molglyph_large)",0.07918944954872131
uob,maybridge-0524-425968061,FC(F)(F)c1cc(C(F)(F)F)cc(P(c2cc(C(F)(F)F)cc(C(F)(F)F)c2)c2cc(C(F)(F)F)cc(C(F)(F)F)c2)c1,,,,"MolGlyph 1.1.1 (BioMiner git 17c6161, molglyph_large)",0.452587328851223
uob,maybridge-0524-552965633,CSC(=N)N,,,,"MolGlyph 1.1.1 (BioMiner git 17c6161, molglyph_large)",0.0687886942178011
uob,maybridge-0524-847412761,CCP(=S)(CC)CC,,,,"MolGlyph 1.1.1 (BioMiner git 17c6161, molglyph_large)",0.09257791191339493
uob,maybridge-0524-877397458,CC(C)CC(N)=O,,,,"MolGlyph 1.1.1 (BioMiner git 17c6161, molglyph_large)",0.09124162048101425
uob,maybridge-0525-136760839,COC(=O)c1ccc(S(=O)(=O)Cl)n1C,,,,"MolGlyph 1.1.1 (BioMiner git 17c6161, molglyph_large)",0.1625580471009016
uob,maybridge-0525-140389524,CC(C)(C)OC(=O)NC1(C(=O)O)CC1,,,,"MolGlyph 1.1.1 (BioMiner git 17c6161, molglyph_large)",0.16908827982842922
uob,maybridge-0525-249484337,COC(=O)c1cc(C=O)cn1C,,,,"MolGlyph 1.1.1 (BioMiner git 17c6161, molglyph_large)",0.12951827235519886
uob,maybridge-0525-352556140,Cn1ncc(C(=O)Cl)c1Cl,,,,"MolGlyph 1.1.1 (BioMiner git 17c6161, molglyph_large)",0.1121745053678751
uob,maybridge-0525-465210083,Cn1ncc(C=O)c1N,,,,"MolGlyph 1.1.1 (BioMiner git 17c6161, molglyph_large)",0.09816574119031429
uob,maybridge-0525-511639586,Cn1cc(C=O)c(N)n1,,,,"MolGlyph 1.1.1 (BioMiner git 17c6161, molglyph_large)",0.10778512991964817
uob,maybridge-0525-611957031,Cn1cc(NC(=O)OC(C)(C)C)cc1C(=O)O,,,,"MolGlyph 1.1.1 (BioMiner git 17c6161, molglyph_large)",0.180904658511281
uob,maybridge-0525-675486694,Cc1nn(C)c(Cl)c1C(=O)O,,,,"MolGlyph 1.1.1 (BioMiner git 17c6161, molglyph_large)",0.12739429622888565
uob,maybridge-0525-924434208,Cc1nn(C)c(Cl)c1C=O,,,,"MolGlyph 1.1.1 (BioMiner git 17c6161, molglyph_large)",0.11261853761970997
uob,maybridge-0526-1024378885,Brc1n[nH]c(Br)n1,,,,"MolGlyph 1.1.1 (BioMiner git 17c6161, molglyph_large)",0.09801553934812546
uob,maybridge-0526-235182682,Cc1nn(C)c(C(=O)O)c1Br,,,,"MolGlyph 1.1.1 (BioMiner git 17c6161, molglyph_large)",0.12720509804785252
uob,maybridge-0526-329314203,Cn1nc(C(F)(F)F)c(C(=O)O)c1Cl,,,,"MolGlyph 1.1.1 (BioMiner git 17c6161, molglyph_large)",0.16123105213046074
uob,maybridge-0526-427181184,Cn1cc(Br)c(C=O)n1,,,,"MolGlyph 1.1.1 (BioMiner git 17c6161, molglyph_large)",0.10735847242176533
uob,maybridge-0526-498226126,Cn1nc(C(F)(F)F)c(C=O)c1Cl,,,,"MolGlyph 1.1.1 (BioMiner git 17c6161, molglyph_large)",0.14595122449100018
uob,maybridge-0526-548127103,CCOC(=O)c1c[nH]c(S)n1,,,,"MolGlyph 1.1.1 (BioMiner git 17c6161, molglyph_large)",0.1318965796381235
uob,maybridge-0526-641745904,Cc1nn(C)c(Cl)c1S(=O)(=O)Cl,,,,"MolGlyph 1.1.1 (BioMiner git 17c6161, molglyph_large)",0.14637795090675354
uob,maybridge-0526-686411976,Cc1nn(C(=O)OC(C)(C)C)c(C)c1I,,,,"MolGlyph 1.1.1 (BioMiner git 17c6161, molglyph_large)",0.16652973927557468
uob,maybridge-0526-776944183,[N+](c1nc(C)[nH]c1Br)(=O)[O-],,,,"MolGlyph 1.1.1 (BioMiner git 17c6161, molglyph_large)",0.1653619520366192
uob,maybridge-0526-914592059,Cn1cc(Br)c(C(=O)O)n1,,,,"MolGlyph 1.1.1 (BioMiner git 17c6161, molglyph_large)",0.12251592800021172
uob,maybridge-0527-1032416417,COC(=O)c1ccsc1N,,,,"MolGlyph 1.1.1 (BioMiner git 17c6161, molglyph_large)",0.10331238433718681
uob,maybridge-0527-174750888,COC(=O)c1ccc(S(=O)(=O)Cl)o1,,,,"MolGlyph 1.1.1 (BioMiner git 17c6161, molglyph_large)",0.15519927255809307
uob,maybridge-0527-179238497,O=S(=O)(Cl)c1ccc(C2OCCO2)o1,,,,"MolGlyph 1.1.1 (BioMiner git 17c6161, molglyph_large)",0.15554740279912949
uob,maybridge-0527-310475488,Fc1nc(Br)nn1Cc1ccccc1,,,,"MolGlyph 1.1.1 (BioMiner git 17c6161, molglyph_large)",0.12800987996160984
uob,maybridge-0527-341476728,COC(=O)c1cc(S(=O)(=O)Cl)oc1C,,,,"MolGlyph 1.1.1 (BioMiner git 17c6161, molglyph_large)",0.1619724314659834
uob,maybridge-0527-411655539,O=S(=O)(Cl)c1occc1C1OCCO1,,,,"MolGlyph 1.1.1 (BioMiner git 17c6161, molglyph_large)",0.1463825460523367
uob,maybridge-0527-496064001,c1([N+](=O)[O-])ccsc1Cl,,,,"MolGlyph 1.1.1 (BioMiner git 17c6161, molglyph_large)",0.10789446160197258
uob,maybridge-0527-528105260,CC(C)(C)OC(=O)N1CC(=O)CC1C(=O)O,,,,"MolGlyph 1.1.1 (BioMiner git 17c6161, molglyph_large)",0.18237635120749474
uob,maybridge-0527-825784561,COC(=O)c1cc(C=O)oc1C,,,,"MolGlyph 1.1.1 (BioMiner git 17c6161, molglyph_large)",0.12878273613750935
uob,maybridge-0527-996419816,COC(=O)c1cscc1N,,,,"MolGlyph 1.1.1 (BioMiner git 17c6161, molglyph_large)",0.10306580923497677
uob,maybridge-0528-126965608,O=C(Cl)c1cc(Br)cs1,,,,"MolGlyph 1.1.1 (BioMiner git 17c6161, molglyph_large)",0.10758885368704796
uob,maybridge-0528-486275892,[N+](c1cc(C(=O)O)cs1)(=O)[O-],,,,"MolGlyph 1.1.1 (BioMiner git 17c6161, molglyph_large)",0.17087845504283905
uob,maybridge-0528-49178222,O=C(O)c1cc(Br)cs1,,,,"MolGlyph 1.1.1 (BioMiner git 17c6161, molglyph_large)",0.10817253030836582
uob,maybridge-0528-508220313,O=C(O)c1ccc(B(O)O)s1,,,,"MolGlyph 1.1.1 (BioMiner git 17c6161, molglyph_large)",0.1272155623883009
uob,maybridge-0528-551398918,O=Cc1ccsc1Br,,,,"MolGlyph 1.1.1 (BioMiner git 17c6161, molglyph_large)",0.08326995931565762
uob,maybridge-0528-612341934,O=C(O)c1ccc(Br)s1,,,,"MolGlyph 1.1.1 (BioMiner git 17c6161, molglyph_large)",0.10705246217548847
uob,maybridge-0528-61880908,OCc1cc(Br)cs1,,,,"MolGlyph 1.1.1 (BioMiner git 17c6161, molglyph_large)",0.08817360363900661
uob,maybridge-0528-755932212,COC(=O)c1sccc1Br,,,,"MolGlyph 1.1.1 (BioMiner git 17c6161, molglyph_large)",0.10313542000949383
uob,maybridge-0528-837964265,O=C(O)c1ccsc1B(O)O,,,,"MolGlyph 1.1.1 (BioMiner git 17c6161, molglyph_large)",0.11811882816255093
uob,maybridge-0528-89262636,O=S(=O)(Cl)c1ccc(C2OCCO2)s1,,,,"MolGlyph 1.1.1 (BioMiner git 17c6161, molglyph_large)",0.15704124607145786
uob,maybridge-0528-905008683,COC(=O)c1cc(C)c(Br)s1,,,,"MolGlyph 1.1.1 (BioMiner git 17c6161, molglyph_large)",0.1272912211716175
uob,maybridge-0528-924083689,O=C(O)c1ccsc1Br,,,,"MolGlyph 1.1.1 (BioMiner git 17c6161, molglyph_large)",0.09878027439117432
uob,maybridge-0529-1069439177,COC(=O)c1cc(C)c(S(=O)(=O)Cl)s1,,,,"MolGlyph 1.1.1 (BioMiner git 17c6161, molglyph_large)",0.17076149955391884
uob,maybridge-0529-133873175,NCc1ccsc1Br,,,,"MolGlyph 1.1.1 (BioMiner git 17c6161, molglyph_large)",0.07966039329767227
uob,maybridge-0529-238525930,CC(C)(C)OC(=O)NCc1ccc(Br)s1,,,,"MolGlyph 1.1.1 (BioMiner git 17c6161, molglyph_large)",0.15625234507024288
uob,maybridge-0529-242092728,CCOC(=O)c1c(C)nsc1N,,,,"MolGlyph 1.1.1 (BioMiner git 17c6161, molglyph_large)",0.12255218252539635
uob,maybridge-0529-3806002,CCOC(=O)c1c(-c2ccc(Br)cc2)csc1N,,,,"MolGlyph 1.1.1 (BioMiner git 17c6161, molglyph_large)",0.17637180723249912
uob,maybridge-0529-445132988,COC(=O)c1coc(CCl)n1,,,,"MolGlyph 1.1.1 (BioMiner git 17c6161, molglyph_large)",0.11759849637746811
uob,maybridge-0529-486724122,COC(=O)C1CSCC1=O,,,,"MolGlyph 1.1.1 (BioMiner git 17c6161, molglyph_large)",0.10838893614709377
uob,maybridge-0529-598058400,CCOC(=O)c1cc(C(=O)CBr)on1,,,,"MolGlyph 1.1.1 (BioMiner git 17c6161, molglyph_large)",0.14716297015547752
uob,maybridge-0529-661224649,O=S(=O)(Cl)c1sccc1C1OCCO1,,,,"MolGlyph 1.1.1 (BioMiner git 17c6161, molglyph_large)",0.14659522660076618
uob,maybridge-0529-918689503,CCOC(=O)c1csc(N)n1,,,,"MolGlyph 1.1.1 (BioMiner git 17c6161, molglyph_large)",0.11791458539664745
uob,maybridge-0530-192354005,Cc1nc(C2CCN(C(=O)OC(C)(C)C)CC2)sc1C(=O)O,,,,"MolGlyph 1.1.1 (BioMiner git 17c6161, molglyph_large)",0.2253332231193781
uob,maybridge-0530-199386905,CC(C)(C)OC(=O)N1CCC(c2nc(CO)cs2)CC1,,,,"MolGlyph 1.1.1 (BioMiner git 17c6161, molglyph_large)",0.20031964965164661
uob,maybridge-0530-260096362,Cc1nc(C2CCN(C(=O)OC(C)(C)C)CC2)sc1CO,,,,"MolGlyph 1.1.1 (BioMiner git 17c6161, molglyph_large)",0.2061713133007288
uob,maybridge-0530-290980575,CCOC(=O)c1sc(Cl)nc1C,,,,"MolGlyph 1.1.1 (BioMiner git 17c6161, molglyph_large)",0.12272588722407818
uob,maybridge-0530-307614626,Cc1nc(C2CCN(C(=O)OC(C)(C)C)CC2)sc1C=O,,,,"MolGlyph 1.1.1 (BioMiner git 17c6161, molglyph_large)",0.20962439104914665
uob,maybridge-0530-37518706,CCOC(=O)c1sc(Br)nc1C,,,,"MolGlyph 1.1.1 (BioMiner git 17c6161, molglyph_large)",0.1222289614379406
uob,maybridge-0530-419900000,CNCc1csc(C2CCN(C(=O)OC(C)(C)C)CC2)n1,,,,"MolGlyph 1.1.1 (BioMiner git 17c6161, molglyph_large)",0.20454778894782066
uob,maybridge-0530-758732717,CC(C)(C)OC(=O)N1CCC(c2nc(C=O)cs2)CC1,,,,"MolGlyph 1.1.1 (BioMiner git 17c6161, molglyph_large)",0.2052480112761259
uob,maybridge-0530-760333320,Cc1nc(Br)sc1C(=O)O,,,,"MolGlyph 1.1.1 (BioMiner git 17c6161, molglyph_large)",0.11303696781396866
uob,maybridge-0530-884415730,CC(C)(C)OC(=O)N1CCC(c2nc(C(=O)O)cs2)CC1,,,,"MolGlyph 1.1.1 (BioMiner git 17c6161, molglyph_large)",0.21990405581891537
uob,maybridge-0531-20026989,ClCc1nsc(Cl)n1,,,,"MolGlyph 1.1.1 (BioMiner git 17c6161, molglyph_large)",0.08834214694797993
uob,maybridge-0531-328033125,COC(=O)c1ccc(C(N)=NO)cc1,,,,"MolGlyph 1.1.1 (BioMiner git 17c6161, molglyph_large)",0.14692305587232113
uob,maybridge-0531-380617795,[N+](c1ccc(O)cc1C(=O)O)(=O)[O-],,,,"MolGlyph 1.1.1 (BioMiner git 17c6161, molglyph_large)",0.18109247274696827
uob,maybridge-0531-44499269,[N+](c1ccc(C(=O)O)c(F)c1)(=O)[O-],,,,"MolGlyph 1.1.1 (BioMiner git 17c6161, molglyph_large)",0.19052750431001186
uob,maybridge-0531-515538050,COC(=O)c1cccc(C(=O)O)c1N,,,,"MolGlyph 1.1.1 (BioMiner git 17c6161, molglyph_large)",0.14610490389168262
uob,maybridge-0531-52561277,Cc1ccc(C(=O)O)c(N)c1,,,,"MolGlyph 1.1.1 (BioMiner git 17c6161, molglyph_large)",0.127158148214221
uob,maybridge-0531-540357403,Cc1sc(C2CCN(C(=O)OC(C)(C)C)CC2)nc1CC(=O)O,,,,"MolGlyph 1.1.1 (BioMiner git 17c6161, molglyph_large)",0.23060296848416328
uob,maybridge-0531-596097007,COC(=O)c1ccc(N)c(C)c1,,,,"MolGlyph 1.1.1 (BioMiner git 17c6161, molglyph_large)",0.15122897922992706
uob,maybridge-0531-637677065,Nc1nnc(Br)s1,,,,"MolGlyph 1.1.1 (BioMiner git 17c6161, molglyph_large)",0.08378923498094082
uob,maybridge-0531-850270640,O=Cc1cc(C(=O)O)ccc1F,,,,"MolGlyph 1.1.1 (BioMiner git 17c6161, molglyph_large)",0.12818569131195545
uob,maybridge-0531-966515649,CCOC(=O)c1ccc(N=C=O)cc1,,,,"MolGlyph 1.1.1 (BioMiner git 17c6161, molglyph_large)",0.14209862425923347
uob,maybridge-0532-157933158,O=CC1C=C(O)C(I)=CC=1,,,,"MolGlyph 1.1.1 (BioMiner git 17c6161, molglyph_large)",0.12749322317540646
uob,maybridge-0532-234739488,NC(=S)c1ccc(C2OCCO2)cc1,,,,"MolGlyph 1.1.1 (BioMiner git 17c6161, molglyph_large)",0.14202257618308067
uob,maybridge-0532-47348454,CC(C)(C)OC(=O)NCc1cccc(C=O)c1,,,,"MolGlyph 1.1.1 (BioMiner git 17c6161, molglyph_large)",0.17140275985002518
uob,maybridge-0532-474390580,O=S(=O)(Cl)Cc1ccc([N+](=O)[O-])cc1,,,,"MolGlyph 1.1.1 (BioMiner git 17c6161, molglyph_large)",0.1897808164358139
uob,maybridge-0532-509217418,O=Cc1ccc(CBr)cc1,,,,"MolGlyph 1.1.1 (BioMiner git 17c6161, molglyph_large)",0.10278601199388504
uob,maybridge-0532-59994060,CC(C)(C)OC(=O)NCc1ccc(C=O)cc1,,,,"MolGlyph 1.1.1 (BioMiner git 17c6161, molglyph_large)",0.17061290331184864
uob,maybridge-0532-749588954,COC(=O)c1ccc(CS(=O)(=O)Cl)cc1,,,,"MolGlyph 1.1.1 (BioMiner git 17c6161, molglyph_large)",0.16641193442046642
uob,maybridge-0532-782816000,[N+](c1ccc(N2CCOCC2)c(C=O)c1)(=O)[O-],,,,"MolGlyph 1.1.1 (BioMiner git 17c6161, molglyph_large)",0.20931827649474144
uob,maybridge-0532-887738902,O=Cc1cccc(CBr)c1,,,,"MolGlyph 1.1.1 (BioMiner git 17c6161, molglyph_large)",0.1030120737850666
uob,maybridge-0532-898709107,O=C(O)c1ccc(I)c(O)c1,,,,"MolGlyph 1.1.1 (BioMiner git 17c6161, molglyph_large)",0.1271208766847849
uob,maybridge-0532-904436693,O=Cc1cc(O)ccc1I,,,,"MolGlyph 1.1.1 (BioMiner git 17c6161, molglyph_large)",0.10288328491151333
uob,maybridge-0532-938141214,[N+](c1cc(Br)ccc1N)(=O)[O-],,,,"MolGlyph 1.1.1 (BioMiner git 17c6161, molglyph_large)",0.1553784403949976
uob,maybridge-0533-134585745,CC(C)(C)OC(=O)N1CCN(Cc2cccc(C=O)c2)CC1,,,,"MolGlyph 1.1.1 (BioMiner git 17c6161, molglyph_large)",0.21542595699429512
uob,maybridge-0533-157221079,CC(C)(C)OC(=O)N1CCN(c2ccc(C(=O)O)cc2)CC1,,,,"MolGlyph 1.1.1 (BioMiner git 17c6161, molglyph_large)",0.22451292164623737
uob,maybridge-0533-289282817,CC(C)(C)OC(=O)N1CCCN(c2cccc(O)c2)CC1,,,,"MolGlyph 1.1.1 (BioMiner git 17c6161, molglyph_large)",0.20537157356739044
uob,maybridge-0533-293527151,O=S(=O)(Cl)Cc1ccc(Br)cc1,,,,"MolGlyph 1.1.1 (BioMiner git 17c6161, molglyph_large)",0.1368811596184969
uob,maybridge-0533-409418833,CC(C)(C)OC(=O)N1CCN(c2ccccc2N)CC1,,,,"MolGlyph 1.1.1 (BioMiner git 17c6161, molglyph_large)",0.19035162217915058
uob,maybridge-0533-411937452,Cc1cc(Br)ccc1S(=O)(=O)Cl,,,,"MolGlyph 1.1.1 (BioMiner git 17c6161, molglyph_large)",0.13691274635493755
uob,maybridge-0533-679080975,CC(C)(C)OC(=O)N1CCN(c2ccccc2C=O)CC1,,,,"MolGlyph 1.1.1 (BioMiner git 17c6161, molglyph_large)",0.20002487115561962
uob,maybridge-0533-838742420,CC(C)(C)OC(=O)N1CCN(Cc2cccc(C(=O)O)c2)CC1,,,,"MolGlyph 1.1.1 (BioMiner git 17c6161, molglyph_large)",0.23034502007067204
uob,maybridge-0533-95837129,CC(C)(C)OC(=O)N1CCN(c2ccccc2C(=O)O)CC1,,,,"MolGlyph 1.1.1 (BioMiner git 17c6161, molglyph_large)",0.21636632084846497
uob,maybridge-0534-1008471360,CC(C)(C)OC(=O)Nc1ccc(CN)cc1,,,,"MolGlyph 1.1.1 (BioMiner git 17c6161, molglyph_large)",0.1627854648977518
uob,maybridge-0534-445025900,CC(C)(C)OC(=O)NCc1cccc(CO)c1,,,,"MolGlyph 1.1.1 (BioMiner git 17c6161, molglyph_large)",0.16759523190557957
uob,maybridge-0534-559536168,CC1(C)OB(c2ccc(N3CCN(C(=O)OC(C)(C)C)CC3)cc2)OC1(C)C,,,,"MolGlyph 1.1.1 (BioMiner git 17c6161, molglyph_large)",0.2777843866497278
uob,maybridge-0534-646036944,CC(C)(C)OC(=O)NCc1ccc(CO)cc1,,,,"MolGlyph 1.1.1 (BioMiner git 17c6161, molglyph_large)",0.16631297022104263
uob,maybridge-0534-720135105,COC(=O)c1cccc(CN)c1,,,,"MolGlyph 1.1.1 (BioMiner git 17c6161, molglyph_large)",0.12231406010687351
uob,maybridge-0534-741144881,CC(C)(C)OC(=O)N1CCN(Cc2cccc(I)c2)CC1,,,,"MolGlyph 1.1.1 (BioMiner git 17c6161, molglyph_large)",0.20591780543327332
uob,maybridge-0534-894033632,CC(C)(C)OC(=O)N1CCC(Oc2ccc(C(=O)O)cc2)CC1,,,,"MolGlyph 1.1.1 (BioMiner git 17c6161, molglyph_large)",0.23047993145883083
uob,maybridge-0534-946748146,CC(C)(C)OC(=O)N1CCN(c2ccccc2CN)CC1,,,,"MolGlyph 1.1.1 (BioMiner git 17c6161, molglyph_large)",0.19520993158221245
uob,maybridge-0535-1008594054,O=Cc1ncccc1F,,,,"MolGlyph 1.1.1 (BioMiner git 17c6161, molglyph_large)",0.08845612779259682
uob,maybridge-0535-1052048227,Nc1ccc(CO)cn1,,,,"MolGlyph 1.1.1 (BioMiner git 17c6161, molglyph_large)",0.09346670098602772
uob,maybridge-0535-208823445,CNCc1ccc(N2CCN(C(=O)OC(C)(C)C)CC2)cc1,,,,"MolGlyph 1.1.1 (BioMiner git 17c6161, molglyph_large)",0.21068700402975082
uob,maybridge-0535-283390897,O=Cc1ccnc(Cl)c1,,,,"MolGlyph 1.1.1 (BioMiner git 17c6161, molglyph_large)",0.09764826856553555
uob,maybridge-0535-369447918,CNCc1cccc(CN2CCN(C(=O)OC(C)(C)C)CC2)c1,,,,"MolGlyph 1.1.1 (BioMiner git 17c6161, molglyph_large)",0.21534526906907558
uob,maybridge-0535-433104566,Nc1cnccc1C(=O)O,,,,"MolGlyph 1.1.1 (BioMiner git 17c6161, molglyph_large)",0.10308027639985085
uob,maybridge-0535-4484292,COC(=O)c1cccnc1N,,,,"MolGlyph 1.1.1 (BioMiner git 17c6161, molglyph_large)",0.10766642354428768
uob,maybridge-0535-463873079,O=CNc1ccc(Cl)nc1,,,,"MolGlyph 1.1.1 (BioMiner git 17c6161, molglyph_large)",0.1033046543598175
uob,maybridge-0535-639091132,CC(C)(C)OC(=O)N1CCN(c2ccc(CN)cc2)CC1,,,,"MolGlyph 1.1.1 (BioMiner git 17c6161, molglyph_large)",0.20509468205273151
uob,maybridge-0535-923900285,CC(=O)c1ccc(Cl)nc1,,,,"MolGlyph 1.1.1 (BioMiner git 17c6161, molglyph_large)",0.1128066387027502
uob,maybridge-0536-235220949,O=C(O)c1ccnc(Cl)c1,,,,"MolGlyph 1.1.1 (BioMiner git 17c6161, molglyph_large)",0.11295702867209911
uob,maybridge-0536-284147170,O=C(Cl)c1ccnc(Cl)c1,,,,"MolGlyph 1.1.1 (BioMiner git 17c6161, molglyph_large)",0.11329633928835392
uob,maybridge-0536-330413923,CCOC(=O)c1cccnc1Cl,,,,"MolGlyph 1.1.1 (BioMiner git 17c6161, molglyph_large)",0.11249845661222935
uob,maybridge-0536-334281085,Cc1cc(C(=O)O)cc(Cl)n1,,,,"MolGlyph 1.1.1 (BioMiner git 17c6161, molglyph_large)",0.12729591690003872
uob,maybridge-0536-400161787,O=Cc1cccc(Br)n1,,,,"MolGlyph 1.1.1 (BioMiner git 17c6161, molglyph_large)",0.09833353199064732
uob,maybridge-0536-51820156,O=C(O)c1cccc(Cl)n1,,,,"MolGlyph 1.1.1 (BioMiner git 17c6161, molglyph_large)",0.11268661171197891
uob,maybridge-0536-609634801,O=Cc1ccc(Br)cn1,,,,"MolGlyph 1.1.1 (BioMiner git 17c6161, molglyph_large)",0.09785373695194721
uob,maybridge-0536-664876270,COc1cc(C(=O)O)cc(Cl)n1,,,,"MolGlyph 1.1.1 (BioMiner git 17c6161, molglyph_large)",0.1317511796951294
uob,maybridge-0536-746605562,O=C(O)c1ccc(Br)nc1,,,,"MolGlyph 1.1.1 (BioMiner git 17c6161, molglyph_large)",0.11342810839414597
uob,maybridge-0536-790851000,COC(=O)c1ccc(C(=O)O)nc1,,,,"MolGlyph 1.1.1 (BioMiner git 17c6161, molglyph_large)",0.14271830394864082
uob,maybridge-0536-855476250,Cc1cnc(N)c(Br)c1,,,,"MolGlyph 1.1.1 (BioMiner git 17c6161, molglyph_large)",0.10301985032856464
uob,maybridge-0536-945327385,O=C=Nc1cc(Cl)nc(Cl)c1,,,,"MolGlyph 1.1.1 (BioMiner git 17c6161, molglyph_large)",0.12318077497184277
uob,maybridge-0537-1064507274,CCOC(=O)c1ccncc1S(=O)(=O)Cl,,,,"MolGlyph 1.1.1 (BioMiner git 17c6161, molglyph_large)",0.1564776413142681
uob,maybridge-0537-107946218,Cc1cnc(Cl)c(Br)c1,,,,"MolGlyph 1.1.1 (BioMiner git 17c6161, molglyph_large)",0.10268792696297169
uob,maybridge-0537-201224583,Fc1ncccc1I,,,,"MolGlyph 1.1.1 (BioMiner git 17c6161, molglyph_large)",0.07892781496047974
uob,maybridge-0537-482949398,CCOC(=O)c1c(Cl)cc(C)nc1Cl,,,,"MolGlyph 1.1.1 (BioMiner git 17c6161, molglyph_large)",0.14177455566823483
uob,maybridge-0537-554283149,CC(C)(C)OC(=O)N1CCN(c2ccc(C=O)cn2)CC1,,,,"MolGlyph 1.1.1 (BioMiner git 17c6161, molglyph_large)",0.21096432395279408
uob,maybridge-0537-745337959,O=C(O)c1cc(Br)cnc1Br,,,,"MolGlyph 1.1.1 (BioMiner git 17c6161, molglyph_large)",0.11889203451573849
uob,maybridge-0537-747913668,O=Cc1cc(Br)cnc1Br,,,,"MolGlyph 1.1.1 (BioMiner git 17c6161, molglyph_large)",0.10334198735654354
uob,maybridge-0537-845548423,COC(=O)c1cc(Cl)nc(Cl)c1,,,,"MolGlyph 1.1.1 (BioMiner git 17c6161, molglyph_large)",0.132310027256608
uob,maybridge-0537-895396466,CC(C)(C)OC(=O)N1CCN(c2ccc(C(=O)O)cn2)CC1,,,,"MolGlyph 1.1.1 (BioMiner git 17c6161, molglyph_large)",0.22482766956090927
uob,maybridge-0537-912545290,FC1N=CC=C(I)C=1,,,,"MolGlyph 1.1.1 (BioMiner git 17c6161, molglyph_large)",0.10278421081602573
uob,maybridge-0537-95002653,CC(C)(C)OC(=O)N1CCN(c2cc(C(=O)O)ccn2)CC1,,,,"MolGlyph 1.1.1 (BioMiner git 17c6161, molglyph_large)",0.22475156746804714
uob,maybridge-0538-1050470877,Nc1ccc(Br)nn1,,,,"MolGlyph 1.1.1 (BioMiner git 17c6161, molglyph_large)",0.08845094218850136
uob,maybridge-0538-116409065,CSc1ncc(Cl)c(C(=O)O)n1,,,,"MolGlyph 1.1.1 (BioMiner git 17c6161, molglyph_large)",0.13164629600942135
uob,maybridge-0538-237865790,CC(C)(C)OC(=O)N1CCN(c2ccc(I)cn2)CC1,,,,"MolGlyph 1.1.1 (BioMiner git 17c6161, molglyph_large)",0.20055188424885273
uob,maybridge-0538-56062758,CCOC(=O)c1cnc(N)nc1C,,,,"MolGlyph 1.1.1 (BioMiner git 17c6161, molglyph_large)",0.1335374042391777
uob,maybridge-0538-672463805,CC(C)(C)OC(=O)N1CCN(c2ccc(B3OC(C)(C)C(C)(C)O3)cn2)CC1,,,,"MolGlyph 1.1.1 (BioMiner git 17c6161, molglyph_large)",0.2876655347645283
uob,maybridge-0538-679555593,CNCc1cccc(Br)n1,,,,"MolGlyph 1.1.1 (BioMiner git 17c6161, molglyph_large)",0.09767437726259232
uob,maybridge-0538-717229427,COC(=O)c1cnc(Cl)nc1C(F)(F)F,,,,"MolGlyph 1.1.1 (BioMiner git 17c6161, molglyph_large)",0.1568075269460678
uob,maybridge-0538-813023856,COC(=O)c1cnc(Cl)nc1,,,,"MolGlyph 1.1.1 (BioMiner git 17c6161, molglyph_large)",0.1182840634137392
uob,maybridge-0538-935635539,COC(=O)c1cc(C)nc(Cl)n1,,,,"MolGlyph 1.1.1 (BioMiner git 17c6161, molglyph_large)",0.13225598819553852
uob,maybridge-0538-954180352,Nc1ccc(Cl)nn1,,,,"MolGlyph 1.1.1 (BioMiner git 17c6161, molglyph_large)",0.08881920762360096
uob,maybridge-0539-1050160608,N#Cc1nccnc1Cl,,,,"MolGlyph 1.1.1 (BioMiner git 17c6161, molglyph_large)",0.0889084730297327
uob,maybridge-0539-208849227,CC(C)(C)[Si](C)(C)OCC1CN(Cc2ccccc2)CCC1=O,,,,"MolGlyph 1.1.1 (BioMiner git 17c6161, molglyph_large)",0.2257076408714056
uob,maybridge-0539-29600113,O=C(Cl)c1cnc(Cl)nc1C(F)(F)F,,,,"MolGlyph 1.1.1 (BioMiner git 17c6161, molglyph_large)",0.15114907547831535
uob,maybridge-0539-46410213,CC(C)(C)OC(=O)N1CCC(C(N)=S)CC1,,,,"MolGlyph 1.1.1 (BioMiner git 17c6161, molglyph_large)",0.17593731544911861
uob,maybridge-0539-669984836,CCOC(=O)c1cnc(C(F)(F)F)nc1Cl,,,,"MolGlyph 1.1.1 (BioMiner git 17c6161, molglyph_large)",0.16105805709958076
uob,maybridge-0539-716118740,CC(C)(C)OC(=O)NCC1CCNCC1,,,,"MolGlyph 1.1.1 (BioMiner git 17c6161, molglyph_large)",0.1516762711107731
uob,maybridge-0539-747406405,CC(C)(C)OC(=O)N1CCC(CCCO)CC1,,,,"MolGlyph 1.1.1 (BioMiner git 17c6161, molglyph_large)",0.16688321344554424
uob,maybridge-0539-896608938,O=C(Cl)C1CCN(C(=O)OCc2ccccc2)CC1,,,,"MolGlyph 1.1.1 (BioMiner git 17c6161, molglyph_large)",0.18125815875828266
uob,maybridge-0539-938926076,Nc1cnc(Br)cn1,,,,"MolGlyph 1.1.1 (BioMiner git 17c6161, molglyph_large)",0.08810713328421116
uob,maybridge-0540-576746504,NCC1CCN(Cc2ccccc2)CC1,,,,"MolGlyph 1.1.1 (BioMiner git 17c6161, molglyph_large)",0.13190897181630135
uob,maybridge-0540-614544275,NCC1CCN(C(=O)OCc2ccccc2)CC1,,,,"MolGlyph 1.1.1 (BioMiner git 17c6161, molglyph_large)",0.16250809840857983
uob,maybridge-0540-622080441,O=CNC1CCN(C(=O)OCc2ccccc2)CC1,,,,"MolGlyph 1.1.1 (BioMiner git 17c6161, molglyph_large)",0.17211349308490753
uob,maybridge-0540-645553899,O=CC1CCN(C(=O)OCc2ccccc2)CC1,,,,"MolGlyph 1.1.1 (BioMiner git 17c6161, molglyph_large)",0.1669379584491253
uob,maybridge-0540-703304868,CC(C)(C)OC(=O)N1CCN(CCO)CC1,,,,"MolGlyph 1.1.1 (BioMiner git 17c6161, molglyph_large)",0.1633374895900488
uob,maybridge-0540-738293116,CNCC1CCN(C(=O)OCc2ccccc2)CC1,,,,"MolGlyph 1.1.1 (BioMiner git 17c6161, molglyph_large)",0.1680697277188301
uob,maybridge-0540-739216233,O=C(OCc1ccccc1)N1CCC(CBr)CC1,,,,"MolGlyph 1.1.1 (BioMiner git 17c6161, molglyph_large)",0.15950370952486992
uob,maybridge-0541-160032722,O=C(O)C1CN(Cc2ccccc2)CCO1,,,,"MolGlyph 1.1.1 (BioMiner git 17c6161, molglyph_large)",0.1513482891023159
uob,maybridge-0541-343469115,ClCC1CN(Cc2ccccc2)CCO1,,,,"MolGlyph 1.1.1 (BioMiner git 17c6161, molglyph_large)",0.1307693887501955
uob,maybridge-0541-408794300,CC(C)(C)OC(=O)N1CCN(C(=O)OCC2c3ccccc3-c3ccccc32)C(C(=O)O)C1,,,,"MolGlyph 1.1.1 (BioMiner git 17c6161, molglyph_large)",0.319481847807765
uob,maybridge-0541-41174042,N=C(N)N1CCN(Cc2ccccc2)CC1,,,,"MolGlyph 1.1.1 (BioMiner git 17c6161, molglyph_large)",0.1532217599451542
uob,maybridge-0541-443866440,CC(C)(C)OC(=O)N1CCN(C(=O)OCC2c3ccccc3-c3ccccc32)CC1C(=O)O,,,,"MolGlyph 1.1.1 (BioMiner git 17c6161, molglyph_large)",0.3094575311988592
uob,maybridge-0541-479751745,C=CCOC(=O)N1CCN(C(=O)OCC2c3ccccc3-c3ccccc32)C(C(=O)O)C1,,,,"MolGlyph 1.1.1 (BioMiner git 17c6161, molglyph_large)",0.299159137532115
uob,maybridge-0541-759275286,NCCN1CCN(Cc2ccccc2)CC1,,,,"MolGlyph 1.1.1 (BioMiner git 17c6161, molglyph_large)",0.14860474318265915
uob,maybridge-0542-158330763,O=S(=O)(Cl)c1c(Cl)nc2sccn12,,,,"MolGlyph 1.1.1 (BioMiner git 17c6161, molglyph_large)",0.15138493664562702
uob,maybridge-0542-179979373,COC(=O)c1cc2oc(C=O)cc2n1C,,,,"MolGlyph 1.1.1 (BioMiner git 17c6161, molglyph_large)",0.15231499448418617
uob,maybridge-0542-237060770,[N+](c1cccc2cc(C(=O)O)[nH]c12)(=O)[O-],,,,"MolGlyph 1.1.1 (BioMiner git 17c6161, molglyph_large)",0.21508766897022724
uob,maybridge-0542-266041021,CC(C)(C)OC(=O)N1CCSCC1C(=O)O,,,,"MolGlyph 1.1.1 (BioMiner git 17c6161, molglyph_large)",0.1667653750628233
uob,maybridge-0542-507191233,c1ccc2c(C3CCNCC3)c[nH]c2c1,,,,"MolGlyph 1.1.1 (BioMiner git 17c6161, molglyph_large)",0.15725417621433735
uob,maybridge-0542-690594620,Nc1ccc2c(c1)CCC2=O,,,,"MolGlyph 1.1.1 (BioMiner git 17c6161, molglyph_large)",0.11970485746860504
uob,maybridge-0542-793132774,CC(C)(C)OC(=O)N1CCCNCC1,,,,"MolGlyph 1.1.1 (BioMiner git 17c6161, molglyph_large)",0.14201030507683754
uob,maybridge-0542-906392317,COC(=O)c1ccc2c(I)c[nH]c2c1,,,,"MolGlyph 1.1.1 (BioMiner git 17c6161, molglyph_large)",0.1564145851880312
uob,maybridge-0542-908030989,NCC1CN(Cc2ccccc2)CCO1,,,,"MolGlyph 1.1.1 (BioMiner git 17c6161, molglyph_large)",0.13376488350331783
uob,maybridge-0543-10194638,CC(C)(C)OC(=O)n1cc(C(=O)O)c2c(Br)cccc21,,,,"MolGlyph 1.1.1 (BioMiner git 17c6161, molglyph_large)",0.2153061293065548
uob,maybridge-0543-167229969,O=Cc1cc2ccccc2n1S(=O)(=O)c1ccccc1,,,,"MolGlyph 1.1.1 (BioMiner git 17c6161, molglyph_large)",0.1908375434577465
uob,maybridge-0543-218292524,CC(C)(C)OC(=O)n1cc(C(=O)O)c2cc(Br)ccc21,,,,"MolGlyph 1.1.1 (BioMiner git 17c6161, molglyph_large)",0.2148703634738922
uob,maybridge-0543-250328615,COC(=O)c1ccc2c(I)cn(C(=O)OC(C)(C)C)c2c1,,,,"MolGlyph 1.1.1 (BioMiner git 17c6161, molglyph_large)",0.21997146494686604
uob,maybridge-0543-537525073,O=Cc1c[nH]c2cccc(Br)c12,,,,"MolGlyph 1.1.1 (BioMiner git 17c6161, molglyph_large)",0.13721545971930027
uob,maybridge-0543-813858234,[N+](c1ccc2[nH]cc(C=O)c2c1)(=O)[O-],,,,"MolGlyph 1.1.1 (BioMiner git 17c6161, molglyph_large)",0.20008528418838978
uob,maybridge-0543-831658353,COC(=O)c1ccc2c(C=O)cn(C(=O)OC(C)(C)C)c2c1,,,,"MolGlyph 1.1.1 (BioMiner git 17c6161, molglyph_large)",0.2291880138218403
uob,maybridge-0543-849156953,CC(C)(C)OC(=O)n1c(B(O)O)cc2ccccc21,,,,"MolGlyph 1.1.1 (BioMiner git 17c6161, molglyph_large)",0.1983591876924038
uob,maybridge-0543-989949165,O=Cc1c[nH]c2cc(Br)ccc12,,,,"MolGlyph 1.1.1 (BioMiner git 17c6161, molglyph_large)",0.13962100259959698
uob,maybridge-0544-293108714,O=C(O)c1n[nH]c2ccc(Br)cc12,,,,"MolGlyph 1.1.1 (BioMiner git 17c6161, molglyph_large)",0.15430290810763836
uob,maybridge-0544-388151210,CC(C)(C)OC(=O)c1n[nH]c2nc(F)ccc12,,,,"MolGlyph 1.1.1 (BioMiner git 17c6161, molglyph_large)",0.19318653643131256
uob,maybridge-0544-53845420,CC(C)(C)OC(=O)N1C2CCC1CC(=O)C2,,,,"MolGlyph 1.1.1 (BioMiner git 17c6161, molglyph_large)",0.17728940770030022
uob,maybridge-0544-5857709,CC(C)(C)OC(=O)N1c2ccccc2CC1C(=O)O,,,,"MolGlyph 1.1.1 (BioMiner git 17c6161, molglyph_large)",0.19428030215203762
uob,maybridge-0544-603810761,O=C1CC2CCC(C1)N2Cc1ccccc1,,,,"MolGlyph 1.1.1 (BioMiner git 17c6161, molglyph_large)",0.15307722799479961
uob,maybridge-0544-684500704,CCOC(=O)c1cn2c(n1)CNCC2,,,,"MolGlyph 1.1.1 (BioMiner git 17c6161, molglyph_large)",0.14482364431023598
uob,maybridge-0544-703311178,CCOC(=O)c1cnc2c(c(C)nn2C)c1Cl,,,,"MolGlyph 1.1.1 (BioMiner git 17c6161, molglyph_large)",0.1698637641966343
uob,maybridge-0544-751570078,O=C(O)c1cc2cc(Br)ccc2o1,,,,"MolGlyph 1.1.1 (BioMiner git 17c6161, molglyph_large)",0.13860156014561653
uob,maybridge-0544-931221457,O=S(=O)(c1ccccc1)n1c(CBr)cc2ccccc21,,,,"MolGlyph 1.1.1 (BioMiner git 17c6161, molglyph_large)",0.19707426242530346
uob,maybridge-0544-940818971,CC1(C)OB(c2cccc3c2ccn3[Si](C(C)C)(C(C)C)C(C)C)OC1(C)C,,,,"MolGlyph 1.1.1 (BioMiner git 17c6161, molglyph_large)",0.28474615328013897
uob,maybridge-0545-102246742,[N+](c1ccc2sc(C(=O)O)cc2c1)(=O)[O-],,,,"MolGlyph 1.1.1 (BioMiner git 17c6161, molglyph_large)",0.20418929681181908
uob,maybridge-0545-18707882,O=C(CBr)c1cc2cc(Br)ccc2o1,,,,"MolGlyph 1.1.1 (BioMiner git 17c6161, molglyph_large)",0.14660992473363876
uob,maybridge-0545-210630143,O=C(Cl)c1cc2cc(Br)ccc2o1,,,,"MolGlyph 1.1.1 (BioMiner git 17c6161, molglyph_large)",0.14005417190492153
uob,maybridge-0545-357745211,O=C(Cl)c1cc(Br)cc2c1OCC2,,,,"MolGlyph 1.1.1 (BioMiner git 17c6161, molglyph_large)",0.1394972875714302
uob,maybridge-0545-36164182,ClCc1cc2cc(Br)ccc2o1,,,,"MolGlyph 1.1.1 (BioMiner git 17c6161, molglyph_large)",0.11985781975090504
uob,maybridge-0545-453132627,NCc1cc2cc(Br)ccc2o1,,,,"MolGlyph 1.1.1 (BioMiner git 17c6161, molglyph_large)",0.11976970173418522
uob,maybridge-0545-484458406,O=Cc1cc(Br)cc2c1OCC2,,,,"MolGlyph 1.1.1 (BioMiner git 17c6161, molglyph_large)",0.1253529004752636
uob,maybridge-0545-649342987,O=C(O)c1csc2ccc(Br)cc12,,,,"MolGlyph 1.1.1 (BioMiner git 17c6161, molglyph_large)",0.14030089229345322
uob,maybridge-0545-706173939,O=C(O)c1cc2cc(Br)ccc2s1,,,,"MolGlyph 1.1.1 (BioMiner git 17c6161, molglyph_large)",0.13922692090272903
uob,maybridge-0545-96435737,O=S(=O)(Cl)c1cc(Br)cc2c1OCC2,,,,"MolGlyph 1.1.1 (BioMiner git 17c6161, molglyph_large)",0.16115338914096355
uob,maybridge-0546-1006677838,NCc1csc2ccc(Br)cc12,,,,"MolGlyph 1.1.1 (BioMiner git 17c6161, molglyph_large)",0.12069931626319885
uob,maybridge-0546-1031814757,O=Cc1sc(Br)c2c1OCCO2,,,,"MolGlyph 1.1.1 (BioMiner git 17c6161, molglyph_large)",0.12480036355555058
uob,maybridge-0546-165339780,O=C(O)c1sc(Br)c2c1OCCO2,,,,"MolGlyph 1.1.1 (BioMiner git 17c6161, molglyph_large)",0.1400866936892271
uob,maybridge-0546-215444826,CCOC(=O)c1c(N)sc2c1CCN(C(=O)OC(C)(C)C)C2,,,,"MolGlyph 1.1.1 (BioMiner git 17c6161, molglyph_large)",0.22709836065769196
uob,maybridge-0546-254486765,COC(=O)c1cc2cc(Br)ccc2s1,,,,"MolGlyph 1.1.1 (BioMiner git 17c6161, molglyph_large)",0.1421613898128271
uob,maybridge-0546-421659544,Nc1c(C(=O)O)sc2ncccc12,,,,"MolGlyph 1.1.1 (BioMiner git 17c6161, molglyph_large)",0.13987123779952526
uob,maybridge-0546-64992874,ClCc1csc2ccc(Br)cc12,,,,"MolGlyph 1.1.1 (BioMiner git 17c6161, molglyph_large)",0.11752590164542198
uob,maybridge-0546-6887004,Nc1c(C(=O)O)sc2nccnc12,,,,"MolGlyph 1.1.1 (BioMiner git 17c6161, molglyph_large)",0.1386973038315773
uob,maybridge-0546-702720848,COC(=O)c1cc2cc(B3OC(C)(C)C(C)(C)O3)ccc2s1,,,,"MolGlyph 1.1.1 (BioMiner git 17c6161, molglyph_large)",0.23560458794236183
uob,maybridge-0546-847688030,O=C(Cl)c1cc2cc(Br)ccc2s1,,,,"MolGlyph 1.1.1 (BioMiner git 17c6161, molglyph_large)",0.14427505619823933
uob,maybridge-0547-1000360113,O=C(O)c1cc2ccccc2nc1Cl,,,,"MolGlyph 1.1.1 (BioMiner git 17c6161, molglyph_large)",0.1355398129671812
uob,maybridge-0547-1051691618,O=C1CCCc2ccc(Br)cc21,,,,"MolGlyph 1.1.1 (BioMiner git 17c6161, molglyph_large)",0.12521935254335403
uob,maybridge-0547-251837682,O=C(Cl)c1cc2ccccc2nc1Cl,,,,"MolGlyph 1.1.1 (BioMiner git 17c6161, molglyph_large)",0.13610154576599598
uob,maybridge-0547-253224499,CC(C)(C)OC(=O)NCCC(N)=S,,,,"MolGlyph 1.1.1 (BioMiner git 17c6161, molglyph_large)",0.14291689731180668
uob,maybridge-0547-298506573,O=C(O)c1ccc2c(c1)CCCN2,,,,"MolGlyph 1.1.1 (BioMiner git 17c6161, molglyph_large)",0.17547432705760002
uob,maybridge-0547-397099605,CNCc1sc(Br)c2c1OCCO2,,,,"MolGlyph 1.1.1 (BioMiner git 17c6161, molglyph_large)",0.1639076229184866
uob,maybridge-0547-559766650,O=C(O)C12CC3CC(CC(O)(C3)C1)C2,,,,"MolGlyph 1.1.1 (BioMiner git 17c6161, molglyph_large)",0.21895859949290752
uob,maybridge-0547-663562639,O=C(Cl)c1cc(Cl)nc2ccc(Br)cc12,,,,"MolGlyph 1.1.1 (BioMiner git 17c6161, molglyph_large)",0.15729701332747936
uob,maybridge-0547-780416298,Nc1ccc2c(c1)CCCC2=O,,,,"MolGlyph 1.1.1 (BioMiner git 17c6161, molglyph_large)",0.12269284389913082
